run_id,emitted_at,stage,substage,event_kind,status,worker_id,record_key,stage_elapsed_ms,interval_ms,items_total,items_completed,items_failed,items_skipped,items_pending,queue_depth,inflight,rate_per_sec,avg_latency_ms,max_latency_ms,cpu_percent,process_cpu_percent,rss_mb,ram_percent,used_cpu_cores,available_cpu_cores,bottleneck,message,details_json
run_20260423T173127Z,2026-04-23T17:31:47+00:00,run,,run_start,running,,,,,,,,,,,,,,,,,,,,,,,{}
run_20260423T173127Z,2026-04-23T17:31:47+00:00,shortlist,shortlist,progress,,,,,,,,,,,,,,,,,,,,,,,,{}
run_20260423T173127Z,2026-04-23T17:31:52+00:00,stage0,,progress,filtered_lexical_miss,ray-stage0,58f973722ac9f3dfbe807a8dd073f5671e64269c,0,,,,,,,,,,,,,,,,,,,,{}
run_20260423T173127Z,2026-04-23T17:31:52+00:00,stage0,,progress,filtered_lexical_miss,ray-stage0,7db73c1c54beb7c440033aa702f193f941c86fee,0,,,,,,,,,,,,,,,,,,,,{}
run_20260423T173127Z,2026-04-23T17:31:52+00:00,stage0,,progress,lexical_hit,ray-stage0,36ed70408ee68c177a70848ad1bf06387c18dd4f,0,,,,,,,,,,,,,,,,,,,,{}
run_20260423T173127Z,2026-04-23T17:31:52+00:00,stage0,,progress,filtered_lexical_miss,ray-stage0,f4349477afdbab97149d3bb508425c0bb72f87ee,0,,,,,,,,,,,,,,,,,,,,{}
run_20260423T173127Z,2026-04-23T17:31:52+00:00,stage0,,progress,filtered_lexical_miss,ray-stage0,90c59a6e39cf04a7e14b0fc1831ff848b948bb94,0,,,,,,,,,,,,,,,,,,,,{}
run_20260423T173127Z,2026-04-23T17:31:52+00:00,stage0,,progress,lexical_hit,ray-stage0,4c309c7f42d3b592f0f47b7560e5c0b996578603,0,,,,,,,,,,,,,,,,,,,,{}
run_20260423T173127Z,2026-04-23T17:31:52+00:00,stage0,,progress,filtered_lexical_miss,ray-stage0,f96eaef8a4f9c8b869df0825913b8f5e2a52cf5f,0,,,,,,,,,,,,,,,,,,,,{}
run_20260423T173127Z,2026-04-23T17:31:52+00:00,stage0,,progress,filtered_lexical_miss,ray-stage0,05d8f4e7971b2965b9bbc272065fed91c4d0765c,0,,,,,,,,,,,,,,,,,,,,{}
run_20260423T173127Z,2026-04-23T17:31:52+00:00,stage0,,progress,filtered_lexical_miss,ray-stage0,a53a073432674628ee486926fd3453abf4bc1fd2,0,,,,,,,,,,,,,,,,,,,,{}
run_20260423T173127Z,2026-04-23T17:31:52+00:00,stage0,,progress,lexical_hit,ray-stage0,8568c1bf1f79d75cd82a36a123f0875263f0956a,0,,,,,,,,,,,,,,,,,,,,{}
run_20260423T173127Z,2026-04-23T17:31:52+00:00,stage0,,progress,filtered_lexical_miss,ray-stage0,8794e6112ab653bc52965995b6c526294a729997,0,,,,,,,,,,,,,,,,,,,,{}
run_20260423T173127Z,2026-04-23T17:31:52+00:00,stage0,,progress,lexical_hit,ray-stage0,0a92c0f7c382255d94dc1a797c4d82ccfd669cb6,0,,,,,,,,,,,,,,,,,,,,{}
run_20260423T173127Z,2026-04-23T17:31:52+00:00,stage0,,progress,lexical_hit,ray-stage0,97f1814655e5b3cfde11c83c2c59bc547492bb24,0,,,,,,,,,,,,,,,,,,,,{}
run_20260423T173127Z,2026-04-23T17:31:52+00:00,stage0,,progress,filtered_lexical_miss,ray-stage0,c9c5041a6302af57f40f77bd074e275e24748939,0,,,,,,,,,,,,,,,,,,,,{}
run_20260423T173127Z,2026-04-23T17:31:52+00:00,stage0,,progress,filtered_lexical_miss,ray-stage0,7ce544995896b135b18e660a90ba0ecf4ce56d0d,0,,,,,,,,,,,,,,,,,,,,{}
run_20260423T173127Z,2026-04-23T17:31:52+00:00,stage0,,progress,lexical_hit,ray-stage0,58d17ef0145d4003b8ca0e1fc14d5f40c67f1e31,0,,,,,,,,,,,,,,,,,,,,{}
run_20260423T173127Z,2026-04-23T17:31:52+00:00,stage0,,progress,filtered_lexical_miss,ray-stage0,bf5d00ebad7631f7532ca7482f19ae501b3ee8ba,0,,,,,,,,,,,,,,,,,,,,{}
run_20260423T173127Z,2026-04-23T17:31:52+00:00,stage0,,progress,lexical_hit,ray-stage0,bfa8879081a03b40348b225028437fb342034976,0,,,,,,,,,,,,,,,,,,,,{}
run_20260423T173127Z,2026-04-23T17:31:52+00:00,stage0,,progress,filtered_lexical_miss,ray-stage0,98ed2aeb25bd84e29c9bd2b157147c74164ff09d,0,,,,,,,,,,,,,,,,,,,,{}
run_20260423T173127Z,2026-04-23T17:31:52+00:00,stage0,,progress,filtered_lexical_miss,ray-stage0,68925940a81ddf48463e2049c40a78e9d60e8b3c,0,,,,,,,,,,,,,,,,,,,,{}
run_20260423T173127Z,2026-04-23T17:31:52+00:00,stage0,,progress,filtered_lexical_miss,ray-stage0,9ca0cea5a47cc0c0a58910ca9bf18cba203c2387,0,,,,,,,,,,,,,,,,,,,,{}
run_20260423T173127Z,2026-04-23T17:31:52+00:00,stage0,,progress,lexical_hit,ray-stage0,99d8f68aa0d351fb864ca76030e6376dc66e02bf,0,,,,,,,,,,,,,,,,,,,,{}
run_20260423T173127Z,2026-04-23T17:31:52+00:00,stage0,,progress,filtered_lexical_miss,ray-stage0,7dbe416385f19309af2433e026dbe85a7e5cf2f7,0,,,,,,,,,,,,,,,,,,,,{}
run_20260423T173127Z,2026-04-23T17:31:52+00:00,stage0,,progress,filtered_lexical_miss,ray-stage0,cb36bfd7d84c0410ba324327dcc780c275e43804,0,,,,,,,,,,,,,,,,,,,,{}
run_20260423T173127Z,2026-04-23T17:31:52+00:00,stage0,,progress,filtered_lexical_miss,ray-stage0,20a6669e5537fefe6a334cb661f268c87a24bfea,0,,,,,,,,,,,,,,,,,,,,{}
run_20260423T173127Z,2026-04-23T17:31:52+00:00,stage0,,progress,lexical_hit,ray-stage0,dbcb10bccb1936fa8b41a374df331bf92ccf370c,0,,,,,,,,,,,,,,,,,,,,{}
run_20260423T173127Z,2026-04-23T17:31:52+00:00,stage0,,progress,filtered_lexical_miss,ray-stage0,0af5277cf14039c49e69f6448bec0bcb93669bfd,0,,,,,,,,,,,,,,,,,,,,{}
run_20260423T173127Z,2026-04-23T17:31:52+00:00,stage0,,progress,lexical_hit,ray-stage0,8f581ff5e2bf4ad4caa2c72c5e21a8f8b470601c,0,,,,,,,,,,,,,,,,,,,,{}
run_20260423T173127Z,2026-04-23T17:31:52+00:00,stage0,,progress,lexical_hit,ray-stage0,f37feb9e87c0aa814d1cd6a3b7769169f0e46750,0,,,,,,,,,,,,,,,,,,,,{}
run_20260423T173127Z,2026-04-23T17:31:52+00:00,stage0,,progress,filtered_lexical_miss,ray-stage0,f4b778e68e21cc9bb84a69876355503254f44423,0,,,,,,,,,,,,,,,,,,,,{}
run_20260423T173127Z,2026-04-23T17:31:52+00:00,stage0,,progress,filtered_lexical_miss,ray-stage0,ca440acdbd567d82a1ec6f81ddfcf8deb37cd93c,0,,,,,,,,,,,,,,,,,,,,{}
run_20260423T173127Z,2026-04-23T17:31:52+00:00,stage0,,progress,lexical_hit,ray-stage0,93d48162dc2af85685f2bd707cacbc2bab90d96e,0,,,,,,,,,,,,,,,,,,,,{}
run_20260423T173127Z,2026-04-23T17:31:52+00:00,stage0,,progress,filtered_lexical_miss,ray-stage0,21f0db940efa4748297619bc023c9f72aec6f50d,0,,,,,,,,,,,,,,,,,,,,{}
run_20260423T173127Z,2026-04-23T17:31:52+00:00,stage0,,progress,filtered_lexical_miss,ray-stage0,ece1e3d4db6dfcd930fac86aca3a2979accb8515,0,,,,,,,,,,,,,,,,,,,,{}
run_20260423T173127Z,2026-04-23T17:31:52+00:00,stage0,,progress,lexical_hit,ray-stage0,8853b033ccca1a784b18e4ea033a50c555bd3d48,0,,,,,,,,,,,,,,,,,,,,{}
run_20260423T173127Z,2026-04-23T17:31:52+00:00,stage0,,progress,filtered_lexical_miss,ray-stage0,a4ac251cb26341d002ec8cf1e1dae5690fa8fb53,0,,,,,,,,,,,,,,,,,,,,{}
run_20260423T173127Z,2026-04-23T17:31:52+00:00,stage0,,progress,lexical_hit,ray-stage0,e7a6b8fc36e2bbfb518d6102e1f8ab46e1c8d287,0,,,,,,,,,,,,,,,,,,,,{}
run_20260423T173127Z,2026-04-23T17:31:52+00:00,stage0,,progress,lexical_hit,ray-stage0,0272617928ce4c79a806513d48ff2fe5a650d8d6,0,,,,,,,,,,,,,,,,,,,,{}
run_20260423T173127Z,2026-04-23T17:31:52+00:00,stage0,,progress,filtered_lexical_miss,ray-stage0,5c4ff54ba1b8104a9daa248440c9fff24b267d3e,0,,,,,,,,,,,,,,,,,,,,{}
run_20260423T173127Z,2026-04-23T17:31:52+00:00,stage0,,progress,lexical_hit,ray-stage0,104bd0669c0a122ced4c59fd48aaced1ef443055,0,,,,,,,,,,,,,,,,,,,,{}
run_20260423T173127Z,2026-04-23T17:31:52+00:00,stage0,,progress,lexical_hit,ray-stage0,10175c44a55bc4b6932f2a2281d3dcc49065c086,0,,,,,,,,,,,,,,,,,,,,{}
run_20260423T173127Z,2026-04-23T17:31:52+00:00,stage0,,progress,filtered_lexical_miss,ray-stage0,00dc3b27ddb5e52af60d12f2bca98bd58a56c799,0,,,,,,,,,,,,,,,,,,,,{}
run_20260423T173127Z,2026-04-23T17:31:52+00:00,stage0,,progress,filtered_lexical_miss,ray-stage0,b8790555bc84da89aaf0466cd71a0a55b8c73378,0,,,,,,,,,,,,,,,,,,,,{}
run_20260423T173127Z,2026-04-23T17:31:52+00:00,stage0,,progress,filtered_lexical_miss,ray-stage0,08c9f8bd84ebbf0c2a0cd149036db5fd3e677975,0,,,,,,,,,,,,,,,,,,,,{}
run_20260423T173127Z,2026-04-23T17:31:52+00:00,stage0,,progress,lexical_hit,ray-stage0,383ecb15bcccccd4919c3dc8e7277d7a0a61e6d1,0,,,,,,,,,,,,,,,,,,,,{}
run_20260423T173127Z,2026-04-23T17:31:52+00:00,stage0,,progress,filtered_lexical_miss,ray-stage0,a188629dffd3a61eee5552ec792bf7cf8e32b047,0,,,,,,,,,,,,,,,,,,,,{}
run_20260423T173127Z,2026-04-23T17:31:52+00:00,stage0,,progress,lexical_hit,ray-stage0,0fb7d44ab2b5dd2e72760634b4ffdc3270999bc6,0,,,,,,,,,,,,,,,,,,,,{}
run_20260423T173127Z,2026-04-23T17:31:52+00:00,stage0,,progress,filtered_lexical_miss,ray-stage0,31ba640f377d09743026d4083fc159bc6449c1d2,0,,,,,,,,,,,,,,,,,,,,{}
run_20260423T173127Z,2026-04-23T17:31:52+00:00,stage0,,progress,filtered_lexical_miss,ray-stage0,fffb55444ba20dd84b7f66c340173632cea3d47a,0,,,,,,,,,,,,,,,,,,,,{}
run_20260423T173127Z,2026-04-23T17:31:52+00:00,stage0,,progress,lexical_hit,ray-stage0,031fe84f54f8c093c42c4f3308892ffea70e7b82,0,,,,,,,,,,,,,,,,,,,,{}
run_20260423T173127Z,2026-04-23T17:31:52+00:00,stage0,,progress,lexical_hit,ray-stage0,4eeb93becb34beac697cafc111f91197deaf6cce,0,,,,,,,,,,,,,,,,,,,,{}
run_20260423T173127Z,2026-04-23T17:31:52+00:00,stage0,,progress,filtered_lexical_miss,ray-stage0,8dc7cac9e9dbb8052e3b1d5c186e137bb7a719a5,0,,,,,,,,,,,,,,,,,,,,{}
run_20260423T173127Z,2026-04-23T17:31:52+00:00,stage0,,progress,filtered_lexical_miss,ray-stage0,b0ece7929ed3881500ae982def01296c8ff1bd42,0,,,,,,,,,,,,,,,,,,,,{}
run_20260423T173127Z,2026-04-23T17:31:52+00:00,stage0,,progress,filtered_lexical_miss,ray-stage0,37e23a8053516f349e1140163c942773b064c126,0,,,,,,,,,,,,,,,,,,,,{}
run_20260423T173127Z,2026-04-23T17:31:52+00:00,stage0,,progress,filtered_lexical_miss,ray-stage0,59282acd50a91050f71b7445b6955e63417e80f0,0,,,,,,,,,,,,,,,,,,,,{}
run_20260423T173127Z,2026-04-23T17:31:52+00:00,stage0,,progress,lexical_hit,ray-stage0,1a7c6f3006dc3db8c8c9848ae00f92aab06896c9,0,,,,,,,,,,,,,,,,,,,,{}
run_20260423T173127Z,2026-04-23T17:31:52+00:00,stage0,,progress,lexical_hit,ray-stage0,edba102dc8ffd2be5ee540b82ba61121985f79fa,0,,,,,,,,,,,,,,,,,,,,{}
run_20260423T173127Z,2026-04-23T17:31:52+00:00,stage0,,progress,filtered_lexical_miss,ray-stage0,f825cde033090cff3ec96b96755a58faabd344c1,0,,,,,,,,,,,,,,,,,,,,{}
run_20260423T173127Z,2026-04-23T17:31:52+00:00,stage0,,progress,lexical_hit,ray-stage0,24467e26d9521936ddaa3ff06bae9d9332c4d17f,0,,,,,,,,,,,,,,,,,,,,{}
run_20260423T173127Z,2026-04-23T17:31:52+00:00,stage0,,progress,filtered_lexical_miss,ray-stage0,dadfd1d1ab6d4e48a8248ab78115ba6e3db6d330,0,,,,,,,,,,,,,,,,,,,,{}
run_20260423T173127Z,2026-04-23T17:31:52+00:00,stage0,,progress,filtered_lexical_miss,ray-stage0,cb56692f2034ea4f64d5a34faad321ca8414c20f,0,,,,,,,,,,,,,,,,,,,,{}
run_20260423T173127Z,2026-04-23T17:31:52+00:00,stage0,,progress,lexical_hit,ray-stage0,aa12b0f7c99aafea6e12f6417d6bae5edbff9626,0,,,,,,,,,,,,,,,,,,,,{}
run_20260423T173127Z,2026-04-23T17:31:52+00:00,stage0,,progress,filtered_lexical_miss,ray-stage0,be5e29b727b0e1908d52f59a9d3479dcaf183b28,0,,,,,,,,,,,,,,,,,,,,{}
run_20260423T173127Z,2026-04-23T17:31:52+00:00,stage0,,progress,lexical_hit,ray-stage0,53269ff045d950c298cec4ca4825c466a59803b4,0,,,,,,,,,,,,,,,,,,,,{}
run_20260423T173127Z,2026-04-23T17:31:52+00:00,stage0,,progress,filtered_lexical_miss,ray-stage0,e6b5e6a9235d61beb9b55d9e1a8376846e76eda2,0,,,,,,,,,,,,,,,,,,,,{}
run_20260423T173127Z,2026-04-23T17:31:52+00:00,stage0,,progress,lexical_hit,ray-stage0,5cffb1add8acf0b4fdd6233b79f8d6c7aef956de,0,,,,,,,,,,,,,,,,,,,,{}
run_20260423T173127Z,2026-04-23T17:31:52+00:00,stage0,,progress,filtered_lexical_miss,ray-stage0,05a2fe16b004e2af84717475f8a5b1d3a4124adb,0,,,,,,,,,,,,,,,,,,,,{}
run_20260423T173127Z,2026-04-23T17:31:52+00:00,stage0,,progress,filtered_lexical_miss,ray-stage0,fd00a08e6d273c980f2a63658e9ddb6914521e85,0,,,,,,,,,,,,,,,,,,,,{}
run_20260423T173127Z,2026-04-23T17:31:52+00:00,stage0,,progress,filtered_lexical_miss,ray-stage0,3a3b9cd05c22fb2164734ab88dbcce9b116b5831,0,,,,,,,,,,,,,,,,,,,,{}
run_20260423T173127Z,2026-04-23T17:31:52+00:00,stage0,,progress,filtered_lexical_miss,ray-stage0,af683ae42630d8856943165d9aa9842a76d4c364,0,,,,,,,,,,,,,,,,,,,,{}
run_20260423T173127Z,2026-04-23T17:31:52+00:00,stage0,,progress,lexical_hit,ray-stage0,db8c371e8d6d8b150843704c0640f2a03a3c31b2,0,,,,,,,,,,,,,,,,,,,,{}
run_20260423T173127Z,2026-04-23T17:31:52+00:00,stage0,,progress,lexical_hit,ray-stage0,6e670ca7a63e65651b69c66fd0b95667c6f28684,0,,,,,,,,,,,,,,,,,,,,{}
run_20260423T173127Z,2026-04-23T17:31:52+00:00,stage0,,progress,filtered_lexical_miss,ray-stage0,aeab2b820f11915772e0141daeba49a9c5eb3487,0,,,,,,,,,,,,,,,,,,,,{}
run_20260423T173127Z,2026-04-23T17:31:52+00:00,stage0,,progress,lexical_hit,ray-stage0,ff5eedf5e43dc12a686a47431027fa3794d0db68,0,,,,,,,,,,,,,,,,,,,,{}
run_20260423T173127Z,2026-04-23T17:31:52+00:00,stage0,,progress,lexical_hit,ray-stage0,9ac23d98f0abacc7ff055ad08d991c7515588dd6,0,,,,,,,,,,,,,,,,,,,,{}
run_20260423T173127Z,2026-04-23T17:31:52+00:00,stage0,,progress,filtered_lexical_miss,ray-stage0,cacb94a50d5cbd107d5dca280764b87a7934b27c,0,,,,,,,,,,,,,,,,,,,,{}
run_20260423T173127Z,2026-04-23T17:31:52+00:00,stage0,,progress,filtered_lexical_miss,ray-stage0,595bdbf6a0775cde593fc95e5bb77f0a11e38cbf,0,,,,,,,,,,,,,,,,,,,,{}
run_20260423T173127Z,2026-04-23T17:31:52+00:00,stage0,,progress,lexical_hit,ray-stage0,3304a6ee4e765b34cf86fb25b9ed657764930e4c,0,,,,,,,,,,,,,,,,,,,,{}
run_20260423T173127Z,2026-04-23T17:31:52+00:00,stage0,,progress,filtered_lexical_miss,ray-stage0,3fb0889e2bb5fc97ff23a0f28219f470d4a4de7c,0,,,,,,,,,,,,,,,,,,,,{}
run_20260423T173127Z,2026-04-23T17:31:52+00:00,stage0,,progress,lexical_hit,ray-stage0,37fb6de7ac0d578041a50c02aa837a1c8400a5b2,0,,,,,,,,,,,,,,,,,,,,{}
run_20260423T173127Z,2026-04-23T17:31:52+00:00,stage0,,progress,filtered_lexical_miss,ray-stage0,0ddd8a6a0435743182bd91085c241826134d709d,0,,,,,,,,,,,,,,,,,,,,{}
run_20260423T173127Z,2026-04-23T17:31:52+00:00,stage0,,progress,lexical_hit,ray-stage0,b1c4ef523e3a5b81153afd346e77eea249943e32,0,,,,,,,,,,,,,,,,,,,,{}
run_20260423T173127Z,2026-04-23T17:31:52+00:00,stage0,,progress,lexical_hit,ray-stage0,f3ab0d8a5c7772fd47895b7d74708fb58937b96c,0,,,,,,,,,,,,,,,,,,,,{}
run_20260423T173127Z,2026-04-23T17:31:52+00:00,stage0,,progress,lexical_hit,ray-stage0,d7c9751ce45dfdcf499727d10cbad1cdcff25016,0,,,,,,,,,,,,,,,,,,,,{}
run_20260423T173127Z,2026-04-23T17:31:52+00:00,stage0,,progress,lexical_hit,ray-stage0,64f90bc54eb4df90b6f89f1e5b7cfc5c93e965d4,0,,,,,,,,,,,,,,,,,,,,{}
run_20260423T173127Z,2026-04-23T17:31:52+00:00,stage0,,progress,lexical_hit,ray-stage0,6edfe5f601f0c37236307e01f6c9420ad2d13b81,0,,,,,,,,,,,,,,,,,,,,{}
run_20260423T173127Z,2026-04-23T17:31:52+00:00,stage0,,progress,filtered_lexical_miss,ray-stage0,5e18b89eeae0727acac70a0874eb3a282435d04a,0,,,,,,,,,,,,,,,,,,,,{}
run_20260423T173127Z,2026-04-23T17:31:52+00:00,stage0,,progress,filtered_lexical_miss,ray-stage0,19ac4d1512a8125219ce8b990760718679a6776e,0,,,,,,,,,,,,,,,,,,,,{}
run_20260423T173127Z,2026-04-23T17:31:52+00:00,stage0,,progress,filtered_lexical_miss,ray-stage0,32797c1be3145a09ca41719ae92d0665649f1b64,0,,,,,,,,,,,,,,,,,,,,{}
run_20260423T173127Z,2026-04-23T17:31:52+00:00,stage0,,progress,lexical_hit,ray-stage0,44ab20360307ae03d605d66af7ad7ae57ed5e0b1,0,,,,,,,,,,,,,,,,,,,,{}
run_20260423T173127Z,2026-04-23T17:31:52+00:00,stage0,,progress,filtered_lexical_miss,ray-stage0,5703f062a46afd56b961f428dfc90fe5254a6231,0,,,,,,,,,,,,,,,,,,,,{}
run_20260423T173127Z,2026-04-23T17:31:52+00:00,stage0,,progress,filtered_lexical_miss,ray-stage0,ec112211793016d0a898f529c2a52a5d311899c4,0,,,,,,,,,,,,,,,,,,,,{}
run_20260423T173127Z,2026-04-23T17:31:52+00:00,stage0,,progress,filtered_lexical_miss,ray-stage0,29fef017e5bb394513848715bc7e3204e6de9533,0,,,,,,,,,,,,,,,,,,,,{}
run_20260423T173127Z,2026-04-23T17:31:52+00:00,stage0,,progress,filtered_lexical_miss,ray-stage0,f753984527b8db8d8bd13b99aad63dad9a04e9b8,0,,,,,,,,,,,,,,,,,,,,{}
run_20260423T173127Z,2026-04-23T17:31:52+00:00,stage0,,progress,lexical_hit,ray-stage0,689f79460bfd819dbf176a1e90f9643c02110a71,0,,,,,,,,,,,,,,,,,,,,{}
run_20260423T173127Z,2026-04-23T17:31:52+00:00,stage0,,progress,filtered_lexical_miss,ray-stage0,e0bc98cedf1e17f36e99698cb56f17c73372a18d,0,,,,,,,,,,,,,,,,,,,,{}
run_20260423T173127Z,2026-04-23T17:31:52+00:00,stage0,,progress,filtered_lexical_miss,ray-stage0,5ff82ebfcd01e505b508c5900667ee186adc117a,0,,,,,,,,,,,,,,,,,,,,{}
run_20260423T173127Z,2026-04-23T17:31:52+00:00,stage0,,progress,lexical_hit,ray-stage0,e2df0dbf639923d470e7b3e79c0e9c82c1dbd6cc,0,,,,,,,,,,,,,,,,,,,,{}
run_20260423T173127Z,2026-04-23T17:31:52+00:00,stage0,,progress,filtered_lexical_miss,ray-stage0,aa07a53bbc339f119c863c2923aea03a92b070ad,0,,,,,,,,,,,,,,,,,,,,{}
run_20260423T173127Z,2026-04-23T17:31:52+00:00,stage0,,progress,filtered_lexical_miss,ray-stage0,6c4ec0c4f0c84775d7836d9a58a30996fba3b224,0,,,,,,,,,,,,,,,,,,,,{}
run_20260423T173127Z,2026-04-23T17:31:52+00:00,stage0,,progress,filtered_lexical_miss,ray-stage0,4a362d3e036469be72e07464e624e8956936aa54,0,,,,,,,,,,,,,,,,,,,,{}
run_20260423T173127Z,2026-04-23T17:31:52+00:00,stage0,,progress,filtered_lexical_miss,ray-stage0,0edf606c31e6375619ecf25ab543bffe9add0158,0,,,,,,,,,,,,,,,,,,,,{}
run_20260423T173127Z,2026-04-23T17:31:52+00:00,stage0,,progress,lexical_hit,ray-stage0,0ad9f081798cc0ebb48d2c1bc2e0ab50aaed3584,0,,,,,,,,,,,,,,,,,,,,{}
run_20260423T173127Z,2026-04-23T17:31:52+00:00,stage0,,progress,filtered_lexical_miss,ray-stage0,0210bf0afe42395823a4b46ef613baaf36bbed34,0,,,,,,,,,,,,,,,,,,,,{}
run_20260423T173127Z,2026-04-23T17:31:52+00:00,stage0,,progress,lexical_hit,ray-stage0,d4fc1c4983c7b5fe701cd0456fc78713778010ec,0,,,,,,,,,,,,,,,,,,,,{}
run_20260423T173127Z,2026-04-23T17:31:52+00:00,stage0,,progress,filtered_lexical_miss,ray-stage0,cda058e62765f80057889eae8feb059c09ca533e,0,,,,,,,,,,,,,,,,,,,,{}
run_20260423T173127Z,2026-04-23T17:31:52+00:00,stage0,,progress,lexical_hit,ray-stage0,cdfd11dda521d627bbfb7c05c0150556e7ea672e,0,,,,,,,,,,,,,,,,,,,,{}
run_20260423T173127Z,2026-04-23T17:31:52+00:00,stage0,,progress,filtered_lexical_miss,ray-stage0,5e99d969c9aacca7cd98ff36f82558461ea8bc3c,0,,,,,,,,,,,,,,,,,,,,{}
run_20260423T173127Z,2026-04-23T17:31:52+00:00,stage0,,progress,filtered_lexical_miss,ray-stage0,99e695c9842252a0cf28f2ac1828819e50f90ab5,0,,,,,,,,,,,,,,,,,,,,{}
run_20260423T173127Z,2026-04-23T17:31:52+00:00,stage0,,progress,lexical_hit,ray-stage0,bfd144382cf6dcd7d55ab847b8fea76e5bc466d4,0,,,,,,,,,,,,,,,,,,,,{}
run_20260423T173127Z,2026-04-23T17:31:52+00:00,stage0,,progress,filtered_lexical_miss,ray-stage0,4b5dfe71022e1711f9b5ab4b81286c51c6c3e580,0,,,,,,,,,,,,,,,,,,,,{}
run_20260423T173127Z,2026-04-23T17:31:52+00:00,stage0,,progress,filtered_lexical_miss,ray-stage0,6614ba80254beb4ba99cf831e88e322a3fa9fc9b,0,,,,,,,,,,,,,,,,,,,,{}
run_20260423T173127Z,2026-04-23T17:31:52+00:00,stage0,,progress,filtered_lexical_miss,ray-stage0,cd3bc715032d049c3ae3ce62193815969293371d,0,,,,,,,,,,,,,,,,,,,,{}
run_20260423T173127Z,2026-04-23T17:31:52+00:00,stage0,,progress,filtered_lexical_miss,ray-stage0,e0e8c30799c0230214e84daa9b360e43f81c1689,0,,,,,,,,,,,,,,,,,,,,{}
run_20260423T173127Z,2026-04-23T17:31:52+00:00,stage0,,progress,lexical_hit,ray-stage0,b6d8331c54bc2cb485df0b52845439314df9f871,0,,,,,,,,,,,,,,,,,,,,{}
run_20260423T173127Z,2026-04-23T17:31:52+00:00,stage0,,progress,lexical_hit,ray-stage0,2e2c3197413329840da55e6282161b12331ed897,0,,,,,,,,,,,,,,,,,,,,{}
run_20260423T173127Z,2026-04-23T17:31:52+00:00,stage0,,progress,lexical_hit,ray-stage0,511f9dea9d0230bb51f24c747fc65680d4cbbc1f,0,,,,,,,,,,,,,,,,,,,,{}
run_20260423T173127Z,2026-04-23T17:31:52+00:00,stage0,,progress,lexical_hit,ray-stage0,c348e2e7fa492e850036143d22bfa252aca72186,0,,,,,,,,,,,,,,,,,,,,{}
run_20260423T173127Z,2026-04-23T17:31:52+00:00,stage0,,progress,lexical_hit,ray-stage0,912697ae1b6c889b81947e2b7899cc10842b84a2,0,,,,,,,,,,,,,,,,,,,,{}
run_20260423T173127Z,2026-04-23T17:31:52+00:00,stage0,,progress,filtered_lexical_miss,ray-stage0,4eb149421f093c404ed2609ae88029ffdcbe1517,0,,,,,,,,,,,,,,,,,,,,{}
run_20260423T173127Z,2026-04-23T17:31:52+00:00,stage0,,progress,filtered_lexical_miss,ray-stage0,209f233a36d588ea93380a1a262079bbe3e6dbcd,0,,,,,,,,,,,,,,,,,,,,{}
run_20260423T173127Z,2026-04-23T17:31:52+00:00,stage0,,progress,filtered_lexical_miss,ray-stage0,3d6b97b427d9b4c8b4e1bd3e1bd2b922e917aef3,0,,,,,,,,,,,,,,,,,,,,{}
run_20260423T173127Z,2026-04-23T17:31:52+00:00,stage0,,progress,lexical_hit,ray-stage0,e06fe6618226439f92b5f73624f4f5a2074d01f4,0,,,,,,,,,,,,,,,,,,,,{}
run_20260423T173127Z,2026-04-23T17:31:52+00:00,stage0,,progress,filtered_lexical_miss,ray-stage0,c8623ebe504b2645a42d54f9fe87fd1e68e036f7,0,,,,,,,,,,,,,,,,,,,,{}
run_20260423T173127Z,2026-04-23T17:31:52+00:00,stage0,,progress,filtered_lexical_miss,ray-stage0,021626fdb8486f846ceac9e4e71803c487a461e1,0,,,,,,,,,,,,,,,,,,,,{}
run_20260423T173127Z,2026-04-23T17:31:52+00:00,stage0,,progress,filtered_lexical_miss,ray-stage0,79c0b8f89d953bd19878a5cb15e98936d65c7072,0,,,,,,,,,,,,,,,,,,,,{}
run_20260423T173127Z,2026-04-23T17:31:52+00:00,stage0,,progress,filtered_lexical_miss,ray-stage0,0dfeafba78f8e3b6b5412a6722a5da1a2b0684f5,0,,,,,,,,,,,,,,,,,,,,{}
run_20260423T173127Z,2026-04-23T17:31:52+00:00,stage0,,progress,lexical_hit,ray-stage0,b588000065a55b3cb96cc1da62e906d08ecddacd,0,,,,,,,,,,,,,,,,,,,,{}
run_20260423T173127Z,2026-04-23T17:31:52+00:00,stage0,,progress,filtered_lexical_miss,ray-stage0,ac6be388667bda63042de3058c0353959d669d22,0,,,,,,,,,,,,,,,,,,,,{}
run_20260423T173127Z,2026-04-23T17:31:52+00:00,stage0,,progress,lexical_hit,ray-stage0,c7d21f8e06e44ce64517de0fabf1ca435509c3ca,0,,,,,,,,,,,,,,,,,,,,{}
run_20260423T173127Z,2026-04-23T17:31:52+00:00,stage0,,progress,lexical_hit,ray-stage0,2ebec8c179f4314c80cda15d807b5286b92c3ead,0,,,,,,,,,,,,,,,,,,,,{}
run_20260423T173127Z,2026-04-23T17:31:52+00:00,stage0,,progress,filtered_lexical_miss,ray-stage0,fdc0fdb561dba2bdc878096d31e9d332c4a6a075,0,,,,,,,,,,,,,,,,,,,,{}
run_20260423T173127Z,2026-04-23T17:31:52+00:00,stage0,,progress,filtered_lexical_miss,ray-stage0,22354d2f2cff266977c177940d9726f0f32ddc8b,0,,,,,,,,,,,,,,,,,,,,{}
run_20260423T173127Z,2026-04-23T17:31:52+00:00,stage0,,progress,lexical_hit,ray-stage0,ae3b4bf6824620c9a579feb929a117166d45e6a7,0,,,,,,,,,,,,,,,,,,,,{}
run_20260423T173127Z,2026-04-23T17:31:52+00:00,stage0,,progress,filtered_lexical_miss,ray-stage0,6d5dc241696d7abb863baae55764e8d375abe746,0,,,,,,,,,,,,,,,,,,,,{}
run_20260423T173127Z,2026-04-23T17:31:52+00:00,stage0,,progress,filtered_lexical_miss,ray-stage0,f47ee796b3de5508846252e84af6d766c845cfd8,0,,,,,,,,,,,,,,,,,,,,{}
run_20260423T173127Z,2026-04-23T17:31:52+00:00,stage0,,progress,lexical_hit,ray-stage0,d9eee8ee767a5c6092f9f6852bcfc73a6bac9a7b,0,,,,,,,,,,,,,,,,,,,,{}
run_20260423T173127Z,2026-04-23T17:31:52+00:00,stage0,,progress,lexical_hit,ray-stage0,15ecc65ea1314e29c4ff0c0bad80310c1cce5ea1,0,,,,,,,,,,,,,,,,,,,,{}
run_20260423T173127Z,2026-04-23T17:31:52+00:00,stage0,,progress,lexical_hit,ray-stage0,be3da3844dd64dd797c9a178ebc17b82cb4da832,0,,,,,,,,,,,,,,,,,,,,{}
run_20260423T173127Z,2026-04-23T17:31:52+00:00,stage0,,progress,filtered_lexical_miss,ray-stage0,6a4a527b5a0b53c0806166f6d7b7bc0130f59e0b,0,,,,,,,,,,,,,,,,,,,,{}
run_20260423T173127Z,2026-04-23T17:31:52+00:00,stage0,,progress,filtered_lexical_miss,ray-stage0,97711080afc9f054a23a027998b0f2350ff99c20,0,,,,,,,,,,,,,,,,,,,,{}
run_20260423T173127Z,2026-04-23T17:31:52+00:00,stage0,,progress,filtered_lexical_miss,ray-stage0,69a4b3a065510063c4ceca0f9ab059d265f3e4d2,0,,,,,,,,,,,,,,,,,,,,{}
run_20260423T173127Z,2026-04-23T17:31:52+00:00,stage0,,progress,filtered_lexical_miss,ray-stage0,2631939602cafcf0331df4aa1ce91676ebf1bd4d,0,,,,,,,,,,,,,,,,,,,,{}
run_20260423T173127Z,2026-04-23T17:31:52+00:00,stage0,,progress,filtered_lexical_miss,ray-stage0,d9ed4d10ed4b4d8616f7ef172ee22748a09ae033,0,,,,,,,,,,,,,,,,,,,,{}
run_20260423T173127Z,2026-04-23T17:31:52+00:00,stage0,,progress,filtered_lexical_miss,ray-stage0,8a80512c1dda6b0c15134627a3932a79a07189d7,0,,,,,,,,,,,,,,,,,,,,{}
run_20260423T173127Z,2026-04-23T17:31:52+00:00,stage0,,progress,filtered_lexical_miss,ray-stage0,337182e35e7298126fbe33cf998fcf6d0c7f4b69,0,,,,,,,,,,,,,,,,,,,,{}
run_20260423T173127Z,2026-04-23T17:31:52+00:00,stage0,,progress,filtered_lexical_miss,ray-stage0,63d98353a439963459879daf41c174aa3e963b24,0,,,,,,,,,,,,,,,,,,,,{}
run_20260423T173127Z,2026-04-23T17:31:52+00:00,stage0,,progress,lexical_hit,ray-stage0,52f54e306da78c092771a496aaaf397f9779c7e5,0,,,,,,,,,,,,,,,,,,,,{}
run_20260423T173127Z,2026-04-23T17:31:52+00:00,stage0,,progress,filtered_lexical_miss,ray-stage0,bfa5453ea3c2c63b1e9f85d3cf001f09c1f487c6,0,,,,,,,,,,,,,,,,,,,,{}
run_20260423T173127Z,2026-04-23T17:31:52+00:00,stage0,,progress,filtered_lexical_miss,ray-stage0,b218a9f9e00fee33dee7b1b9fe8b99a978a27186,0,,,,,,,,,,,,,,,,,,,,{}
run_20260423T173127Z,2026-04-23T17:31:52+00:00,stage0,,progress,lexical_hit,ray-stage0,8532fedfce35baac98f4a16a92e7e7b59ba9eb45,0,,,,,,,,,,,,,,,,,,,,{}
run_20260423T173127Z,2026-04-23T17:31:52+00:00,stage0,,progress,lexical_hit,ray-stage0,d015ef5598bd8618a1c6d9bfb36aabc24b993561,0,,,,,,,,,,,,,,,,,,,,{}
run_20260423T173127Z,2026-04-23T17:31:52+00:00,stage0,,progress,filtered_lexical_miss,ray-stage0,3ca56a331b9a2dc0b8ccad38b8d88e413819023a,0,,,,,,,,,,,,,,,,,,,,{}
run_20260423T173127Z,2026-04-23T17:31:52+00:00,stage0,,progress,filtered_lexical_miss,ray-stage0,753d92fd0747808e9b3ebcb7e293a47977e50f1e,0,,,,,,,,,,,,,,,,,,,,{}
run_20260423T173127Z,2026-04-23T17:31:52+00:00,stage0,,progress,filtered_lexical_miss,ray-stage0,ca4cf1f42799c457f9e01a410f94615588589fd9,0,,,,,,,,,,,,,,,,,,,,{}
run_20260423T173127Z,2026-04-23T17:31:52+00:00,stage0,,progress,lexical_hit,ray-stage0,b09e32b8f2874524f6d68cf6949f264e62d80ea9,0,,,,,,,,,,,,,,,,,,,,{}
run_20260423T173127Z,2026-04-23T17:31:52+00:00,stage0,,progress,filtered_lexical_miss,ray-stage0,1559db8e1856832201bda9ae8284e72a2c679da7,0,,,,,,,,,,,,,,,,,,,,{}
run_20260423T173127Z,2026-04-23T17:31:52+00:00,stage0,,progress,lexical_hit,ray-stage0,172ac55b93d5530c31a3efb864bfa16de9f22433,0,,,,,,,,,,,,,,,,,,,,{}
run_20260423T173127Z,2026-04-23T17:31:52+00:00,stage0,,progress,lexical_hit,ray-stage0,91308882958873761e6310d0b7b18ac7bc17909b,0,,,,,,,,,,,,,,,,,,,,{}
run_20260423T173127Z,2026-04-23T17:31:52+00:00,stage0,,progress,filtered_lexical_miss,ray-stage0,28b61b7df6ebfe3ba062b8efc0b4144746aae45a,0,,,,,,,,,,,,,,,,,,,,{}
run_20260423T173127Z,2026-04-23T17:31:52+00:00,stage0,,progress,lexical_hit,ray-stage0,9e9dfbbfaca1aef120d26d1c1b30bd6b059e90c8,0,,,,,,,,,,,,,,,,,,,,{}
run_20260423T173127Z,2026-04-23T17:31:52+00:00,stage0,,progress,lexical_hit,ray-stage0,a63dad6b15ceea582d2f54bf502f4ebc36ae682e,0,,,,,,,,,,,,,,,,,,,,{}
run_20260423T173127Z,2026-04-23T17:31:52+00:00,stage0,,progress,lexical_hit,ray-stage0,442492450a12421f5bc63e661bc21bf7b4ce3a01,0,,,,,,,,,,,,,,,,,,,,{}
run_20260423T173127Z,2026-04-23T17:31:52+00:00,stage0,,progress,filtered_lexical_miss,ray-stage0,224724a71c0f8a465b16f3e6fb4db5f1f8bbee1e,0,,,,,,,,,,,,,,,,,,,,{}
run_20260423T173127Z,2026-04-23T17:31:52+00:00,stage0,,progress,lexical_hit,ray-stage0,556e34c0fd4599491319a9dfc687442f709b344b,0,,,,,,,,,,,,,,,,,,,,{}
run_20260423T173127Z,2026-04-23T17:31:52+00:00,stage0,,progress,filtered_lexical_miss,ray-stage0,12d70a50f96132cbd982d9349b5163c453eb689b,0,,,,,,,,,,,,,,,,,,,,{}
run_20260423T173127Z,2026-04-23T17:31:52+00:00,stage0,,progress,filtered_lexical_miss,ray-stage0,4a65a67181f73700a408351a7bbb1975ac21c1cc,0,,,,,,,,,,,,,,,,,,,,{}
run_20260423T173127Z,2026-04-23T17:31:52+00:00,stage0,,progress,lexical_hit,ray-stage0,22fbf62b2ea9162d66d9ef4c97184d787846266d,0,,,,,,,,,,,,,,,,,,,,{}
run_20260423T173127Z,2026-04-23T17:31:52+00:00,stage0,,progress,lexical_hit,ray-stage0,9202b10c57aa9605948ce6a6f8c62e27b6eb1254,0,,,,,,,,,,,,,,,,,,,,{}
run_20260423T173127Z,2026-04-23T17:31:52+00:00,stage0,,progress,lexical_hit,ray-stage0,189bb4a80b6a32301fb52210413e4aef9a065620,0,,,,,,,,,,,,,,,,,,,,{}
run_20260423T173127Z,2026-04-23T17:31:52+00:00,stage0,,progress,lexical_hit,ray-stage0,bac70f7cf8b47ae65ebc5d71d9d2b3a45890a80e,0,,,,,,,,,,,,,,,,,,,,{}
run_20260423T173127Z,2026-04-23T17:31:52+00:00,stage0,,progress,filtered_lexical_miss,ray-stage0,14e440c0756516a3bf0d4fb32e7b9a7d4c2c3212,0,,,,,,,,,,,,,,,,,,,,{}
run_20260423T173127Z,2026-04-23T17:31:52+00:00,stage0,,progress,filtered_lexical_miss,ray-stage0,1ae56d58a1a721f57ee5c9328243dede97941714,0,,,,,,,,,,,,,,,,,,,,{}
run_20260423T173127Z,2026-04-23T17:31:52+00:00,stage0,,progress,lexical_hit,ray-stage0,fd80251e8484a4b8c166f4ce912eb2ff9ab2dcd2,0,,,,,,,,,,,,,,,,,,,,{}
run_20260423T173127Z,2026-04-23T17:31:52+00:00,stage0,,progress,filtered_lexical_miss,ray-stage0,5f64f74144f06bbaaf887e68e3c7140fd323bf05,0,,,,,,,,,,,,,,,,,,,,{}
run_20260423T173127Z,2026-04-23T17:31:52+00:00,stage0,,progress,lexical_hit,ray-stage0,a9d35fbb27f65bc65f37b37f5a456c3ee485f9bd,0,,,,,,,,,,,,,,,,,,,,{}
run_20260423T173127Z,2026-04-23T17:31:52+00:00,stage0,,progress,filtered_lexical_miss,ray-stage0,381842e7743549756db412b0a551c5ebb6557948,0,,,,,,,,,,,,,,,,,,,,{}
run_20260423T173127Z,2026-04-23T17:31:52+00:00,stage0,,progress,filtered_lexical_miss,ray-stage0,6e7b95a675415e577744eca982da96eb3dcf8128,0,,,,,,,,,,,,,,,,,,,,{}
run_20260423T173127Z,2026-04-23T17:31:52+00:00,stage0,,progress,lexical_hit,ray-stage0,e9115fa6aa223e334ba58025680102fe90395e69,0,,,,,,,,,,,,,,,,,,,,{}
run_20260423T173127Z,2026-04-23T17:31:52+00:00,stage0,,progress,lexical_hit,ray-stage0,f8452674e8eb14b922c04cd7abbec5998f4afd97,0,,,,,,,,,,,,,,,,,,,,{}
run_20260423T173127Z,2026-04-23T17:31:52+00:00,stage0,,progress,lexical_hit,ray-stage0,a3aafc83ce9a2c898b1fafbbe295d03acd3cb4c3,0,,,,,,,,,,,,,,,,,,,,{}
run_20260423T173127Z,2026-04-23T17:31:52+00:00,stage0,,progress,lexical_hit,ray-stage0,06bdee77703e04d5de28a75cb04606d0d87e3307,0,,,,,,,,,,,,,,,,,,,,{}
run_20260423T173127Z,2026-04-23T17:31:52+00:00,stage0,,progress,lexical_hit,ray-stage0,ab499253553906b23a387157d0e2dc6a557c7d6a,0,,,,,,,,,,,,,,,,,,,,{}
run_20260423T173127Z,2026-04-23T17:31:52+00:00,stage0,,progress,filtered_lexical_miss,ray-stage0,c435f625ef43ee34dccc252a0e7f70e19035591e,0,,,,,,,,,,,,,,,,,,,,{}
run_20260423T173127Z,2026-04-23T17:31:52+00:00,stage0,,progress,filtered_lexical_miss,ray-stage0,6854fcd7f6f82c283de8e39eb848d9ea8db1a460,0,,,,,,,,,,,,,,,,,,,,{}
run_20260423T173127Z,2026-04-23T17:31:52+00:00,stage0,,progress,filtered_lexical_miss,ray-stage0,c4da7f6984a313d3e051d96a68d5f3bfb6d5911d,0,,,,,,,,,,,,,,,,,,,,{}
run_20260423T173127Z,2026-04-23T17:31:52+00:00,stage0,,progress,filtered_lexical_miss,ray-stage0,1c0e2b12486d55ef1e31f0dc7250d91a76ef01ad,0,,,,,,,,,,,,,,,,,,,,{}
run_20260423T173127Z,2026-04-23T17:31:52+00:00,stage0,,progress,lexical_hit,ray-stage0,8b20f77f04ef1d01367601b060cd8060d00906f1,0,,,,,,,,,,,,,,,,,,,,{}
run_20260423T173127Z,2026-04-23T17:31:52+00:00,stage0,,progress,filtered_lexical_miss,ray-stage0,54b9146971163241f750cb7dc5feb9ff43ace8dd,0,,,,,,,,,,,,,,,,,,,,{}
run_20260423T173127Z,2026-04-23T17:31:52+00:00,stage0,,progress,lexical_hit,ray-stage0,e13eb90fc120ea7f7dc9ecb3701ebe5ac2416a59,0,,,,,,,,,,,,,,,,,,,,{}
run_20260423T173127Z,2026-04-23T17:31:52+00:00,stage0,,progress,lexical_hit,ray-stage0,369729dbee6f62be22da06b411977991ab90e0bc,0,,,,,,,,,,,,,,,,,,,,{}
run_20260423T173127Z,2026-04-23T17:31:52+00:00,stage0,,progress,filtered_lexical_miss,ray-stage0,8dd9ba9a7bf0143814a4fb542761bee96e996de1,0,,,,,,,,,,,,,,,,,,,,{}
run_20260423T173127Z,2026-04-23T17:31:52+00:00,stage0,,progress,filtered_lexical_miss,ray-stage0,399366a3f28f6c1ff9660fa4eb49552271bfc7d2,0,,,,,,,,,,,,,,,,,,,,{}
run_20260423T173127Z,2026-04-23T17:31:52+00:00,stage0,,progress,filtered_lexical_miss,ray-stage0,d891db7f9fa813d750ac3d09a8185fd18e5854da,0,,,,,,,,,,,,,,,,,,,,{}
run_20260423T173127Z,2026-04-23T17:31:52+00:00,stage0,,progress,filtered_lexical_miss,ray-stage0,f76fd084083c11be739d1e7f3243c0606648e02c,0,,,,,,,,,,,,,,,,,,,,{}
run_20260423T173127Z,2026-04-23T17:31:52+00:00,stage0,,progress,filtered_lexical_miss,ray-stage0,a2b354701fbcb2e0d752e3bf861818c4b3890276,0,,,,,,,,,,,,,,,,,,,,{}
run_20260423T173127Z,2026-04-23T17:31:52+00:00,stage0,,progress,filtered_lexical_miss,ray-stage0,4b437afe897924c06ce6a550d8e43b8f56ad5f18,0,,,,,,,,,,,,,,,,,,,,{}
run_20260423T173127Z,2026-04-23T17:31:52+00:00,stage0,,progress,filtered_lexical_miss,ray-stage0,2323b8a22da22fa25be2e8177a9fb35c7520af94,0,,,,,,,,,,,,,,,,,,,,{}
run_20260423T173127Z,2026-04-23T17:31:52+00:00,stage0,,progress,filtered_lexical_miss,ray-stage0,f9588bfba5c64f2055a5640c7dde97a33745540e,0,,,,,,,,,,,,,,,,,,,,{}
run_20260423T173127Z,2026-04-23T17:31:52+00:00,stage0,,progress,lexical_hit,ray-stage0,b4f55b0cc3989d8dbca3418c103e79178859d6f4,0,,,,,,,,,,,,,,,,,,,,{}
run_20260423T173127Z,2026-04-23T17:31:52+00:00,stage0,,progress,filtered_lexical_miss,ray-stage0,3b0482d08b8637cc43036df3776d4752a5060b02,0,,,,,,,,,,,,,,,,,,,,{}
run_20260423T173127Z,2026-04-23T17:31:52+00:00,stage0,,progress,lexical_hit,ray-stage0,0f597185fe8b927eed49c0b88a0b1aefd5d22cbf,0,,,,,,,,,,,,,,,,,,,,{}
run_20260423T173127Z,2026-04-23T17:31:52+00:00,stage0,,progress,filtered_lexical_miss,ray-stage0,f2c0f4e11f8f77846515c41ab6045221700aba8c,0,,,,,,,,,,,,,,,,,,,,{}
run_20260423T173127Z,2026-04-23T17:31:52+00:00,stage0,,progress,filtered_lexical_miss,ray-stage0,daa9b725e3df74ef97a403f24f63405dbb05350f,0,,,,,,,,,,,,,,,,,,,,{}
run_20260423T173127Z,2026-04-23T17:31:52+00:00,stage0,,progress,lexical_hit,ray-stage0,679aba5ac86a2fff782886f2e68aebc69d1b6906,0,,,,,,,,,,,,,,,,,,,,{}
run_20260423T173127Z,2026-04-23T17:31:52+00:00,stage0,,progress,filtered_lexical_miss,ray-stage0,b45270586181f8e541bd303748e372a4c22636fd,0,,,,,,,,,,,,,,,,,,,,{}
run_20260423T173127Z,2026-04-23T17:31:52+00:00,stage0,,progress,filtered_lexical_miss,ray-stage0,f4100eaae93e0f38c938cad5f00a22d3ba3ee8ba,0,,,,,,,,,,,,,,,,,,,,{}
run_20260423T173127Z,2026-04-23T17:31:52+00:00,stage0,,progress,filtered_lexical_miss,ray-stage0,0a0122b8f99f0c73cecc745f92b4bfc716c0a86e,0,,,,,,,,,,,,,,,,,,,,{}
run_20260423T173127Z,2026-04-23T17:31:52+00:00,stage0,,progress,filtered_lexical_miss,ray-stage0,f2cd6c5cdb74ca85acc4d8a5bd8528dd4a9b5ee5,0,,,,,,,,,,,,,,,,,,,,{}
run_20260423T173127Z,2026-04-23T17:31:52+00:00,stage0,,progress,filtered_lexical_miss,ray-stage0,15394b90f26b84f03b95a3ced78ace0c40b28778,0,,,,,,,,,,,,,,,,,,,,{}
run_20260423T173127Z,2026-04-23T17:31:52+00:00,stage0,,progress,lexical_hit,ray-stage0,cb5c8568a5799ec6d53dbd32a093f89a46c6a187,0,,,,,,,,,,,,,,,,,,,,{}
run_20260423T173127Z,2026-04-23T17:31:52+00:00,stage0,,progress,filtered_lexical_miss,ray-stage0,484c121d3d479b9df2e56c2f875477ef5c60440c,0,,,,,,,,,,,,,,,,,,,,{}
run_20260423T173127Z,2026-04-23T17:31:52+00:00,stage0,,progress,filtered_lexical_miss,ray-stage0,bcd2c9b57bff8d4b9ad6d5a6ed1a536839cf66b2,0,,,,,,,,,,,,,,,,,,,,{}
run_20260423T173127Z,2026-04-23T17:31:52+00:00,stage0,,progress,filtered_lexical_miss,ray-stage0,49cd2aef7ec98e5a0958175e747bc167e8e96180,0,,,,,,,,,,,,,,,,,,,,{}
run_20260423T173127Z,2026-04-23T17:31:52+00:00,stage0,,progress,filtered_lexical_miss,ray-stage0,c212e7459f7e40b28e0ac8da469b74a9c0180229,0,,,,,,,,,,,,,,,,,,,,{}
run_20260423T173127Z,2026-04-23T17:31:52+00:00,stage0,,progress,filtered_lexical_miss,ray-stage0,5c36ec354dfa6b65522f087aaf51a9b1aae1a1f6,0,,,,,,,,,,,,,,,,,,,,{}
run_20260423T173127Z,2026-04-23T17:31:52+00:00,stage0,,progress,filtered_lexical_miss,ray-stage0,af71ab9131f926426defd640e616cfdb6a0fd646,0,,,,,,,,,,,,,,,,,,,,{}
run_20260423T173127Z,2026-04-23T17:31:52+00:00,stage0,,progress,lexical_hit,ray-stage0,a4d346c304d5c461d161fed456e092607a1dd0e7,0,,,,,,,,,,,,,,,,,,,,{}
run_20260423T173127Z,2026-04-23T17:31:52+00:00,stage0,,progress,filtered_lexical_miss,ray-stage0,61fa2d0a460f5ea21787e10061b98d6e18872f9e,0,,,,,,,,,,,,,,,,,,,,{}
run_20260423T173127Z,2026-04-23T17:31:52+00:00,stage0,,progress,lexical_hit,ray-stage0,98199757f1e7321b4eeee94f9eb95b3a6bc1abe6,0,,,,,,,,,,,,,,,,,,,,{}
run_20260423T173127Z,2026-04-23T17:31:52+00:00,stage0,,progress,filtered_lexical_miss,ray-stage0,4489687ce2fa9accea94bb2f62629d63f95cc7ab,0,,,,,,,,,,,,,,,,,,,,{}
run_20260423T173127Z,2026-04-23T17:31:52+00:00,stage0,,progress,lexical_hit,ray-stage0,ea7479d48a7f01762dd6a0f89390808ab84b3b90,0,,,,,,,,,,,,,,,,,,,,{}
run_20260423T173127Z,2026-04-23T17:31:52+00:00,stage0,,progress,filtered_lexical_miss,ray-stage0,545885717e76c24ee7ed045b126338818daa380f,0,,,,,,,,,,,,,,,,,,,,{}
run_20260423T173127Z,2026-04-23T17:31:52+00:00,stage0,,progress,filtered_lexical_miss,ray-stage0,ce862b04aae9c7363cec89292e0e322ac16e740a,0,,,,,,,,,,,,,,,,,,,,{}
run_20260423T173127Z,2026-04-23T17:31:52+00:00,stage0,,progress,filtered_lexical_miss,ray-stage0,27610a0d73abf4166ac66c809936b31257eac8e5,0,,,,,,,,,,,,,,,,,,,,{}
run_20260423T173127Z,2026-04-23T17:31:52+00:00,stage0,,progress,lexical_hit,ray-stage0,6a1d4f3e3fd712fe593e43180b0305aebeb01a64,0,,,,,,,,,,,,,,,,,,,,{}
run_20260423T173127Z,2026-04-23T17:31:52+00:00,stage0,,progress,lexical_hit,ray-stage0,9d8d763d8169e8d7abcc9ce3eab6fd99f417a428,0,,,,,,,,,,,,,,,,,,,,{}
run_20260423T173127Z,2026-04-23T17:31:52+00:00,stage0,,progress,lexical_hit,ray-stage0,afc46f10c7c755b5e452697ef3d9dba45f9a8b50,0,,,,,,,,,,,,,,,,,,,,{}
run_20260423T173127Z,2026-04-23T17:31:52+00:00,stage0,,progress,filtered_lexical_miss,ray-stage0,ea41ee82619a2c5c9e7f63bfca40415a468f516a,0,,,,,,,,,,,,,,,,,,,,{}
run_20260423T173127Z,2026-04-23T17:31:52+00:00,stage0,,progress,filtered_lexical_miss,ray-stage0,1315e4d81fbbef8c3700e44ca0d93ca488aa1362,0,,,,,,,,,,,,,,,,,,,,{}
run_20260423T173127Z,2026-04-23T17:31:52+00:00,stage0,,progress,filtered_lexical_miss,ray-stage0,f49e66a666a3c4e5f3fb10d0647561c2b7f97469,0,,,,,,,,,,,,,,,,,,,,{}
run_20260423T173127Z,2026-04-23T17:31:52+00:00,stage0,,progress,filtered_lexical_miss,ray-stage0,b28bfcf3f893518fe138ef9b412459d2c6ec596c,0,,,,,,,,,,,,,,,,,,,,{}
run_20260423T173127Z,2026-04-23T17:31:52+00:00,stage0,,progress,filtered_lexical_miss,ray-stage0,624917a6957cb8c25a8d5925e7f5d38af5cb9a83,0,,,,,,,,,,,,,,,,,,,,{}
run_20260423T173127Z,2026-04-23T17:31:52+00:00,stage0,,progress,filtered_lexical_miss,ray-stage0,15168e2a54888134d3b0139bab44c068203360dd,0,,,,,,,,,,,,,,,,,,,,{}
run_20260423T173127Z,2026-04-23T17:31:52+00:00,stage0,,progress,lexical_hit,ray-stage0,588017887245b21e25feaefb8f666eec1b53e203,0,,,,,,,,,,,,,,,,,,,,{}
run_20260423T173127Z,2026-04-23T17:31:52+00:00,stage0,,progress,filtered_lexical_miss,ray-stage0,b5ed28dd680cb5d3bfe039e87e85fd783961b8c9,0,,,,,,,,,,,,,,,,,,,,{}
run_20260423T173127Z,2026-04-23T17:31:52+00:00,stage0,,progress,filtered_lexical_miss,ray-stage0,7be5f68d1274e8b173af5e09fcd4d080268a542f,0,,,,,,,,,,,,,,,,,,,,{}
run_20260423T173127Z,2026-04-23T17:31:52+00:00,stage0,,progress,lexical_hit,ray-stage0,b02ef6ef9b4d54f6a51e4890073d405db4d48adc,0,,,,,,,,,,,,,,,,,,,,{}
run_20260423T173127Z,2026-04-23T17:31:52+00:00,stage0,,progress,filtered_lexical_miss,ray-stage0,29fbc982da38687288deee4f38f5453e9b2996a3,0,,,,,,,,,,,,,,,,,,,,{}
run_20260423T173127Z,2026-04-23T17:31:52+00:00,stage0,,progress,filtered_lexical_miss,ray-stage0,07eb6c7a5478970934ce175d1e5c285339b30d5f,0,,,,,,,,,,,,,,,,,,,,{}
run_20260423T173127Z,2026-04-23T17:31:52+00:00,stage0,,progress,filtered_lexical_miss,ray-stage0,5d70a8c517a65e460e626b94f81f7230c7585f49,0,,,,,,,,,,,,,,,,,,,,{}
run_20260423T173127Z,2026-04-23T17:31:52+00:00,stage0,,progress,lexical_hit,ray-stage0,f27c0fa1e16f51e0f748d1f16930a7bdb1c282eb,0,,,,,,,,,,,,,,,,,,,,{}
run_20260423T173127Z,2026-04-23T17:31:52+00:00,stage0,,progress,lexical_hit,ray-stage0,ac811c024b6240707afa3bd8ec318d42314fb7b3,0,,,,,,,,,,,,,,,,,,,,{}
run_20260423T173127Z,2026-04-23T17:31:52+00:00,stage0,,progress,lexical_hit,ray-stage0,9a3635f8393c9e2024015c620907b635a07d464a,0,,,,,,,,,,,,,,,,,,,,{}
run_20260423T173127Z,2026-04-23T17:31:52+00:00,stage0,,progress,filtered_lexical_miss,ray-stage0,b2b09333b64c137fb6b2be3241fb5254db67beec,0,,,,,,,,,,,,,,,,,,,,{}
run_20260423T173127Z,2026-04-23T17:31:52+00:00,stage0,,progress,filtered_lexical_miss,ray-stage0,845475a8df6cc0eb9a609c985502bbce94fb0306,0,,,,,,,,,,,,,,,,,,,,{}
run_20260423T173127Z,2026-04-23T17:31:52+00:00,stage0,,progress,filtered_lexical_miss,ray-stage0,c8a321627c7764b48898f0b3b931dcf166b33a9b,0,,,,,,,,,,,,,,,,,,,,{}
run_20260423T173127Z,2026-04-23T17:31:52+00:00,stage0,,progress,lexical_hit,ray-stage0,4a4aff8aab4044c29059c4462b820942f1960085,0,,,,,,,,,,,,,,,,,,,,{}
run_20260423T173127Z,2026-04-23T17:31:52+00:00,stage0,,progress,filtered_lexical_miss,ray-stage0,1a3f6b50907e6aa4ec4989c4ff428c36142bd3fc,0,,,,,,,,,,,,,,,,,,,,{}
run_20260423T173127Z,2026-04-23T17:31:52+00:00,stage0,,progress,filtered_lexical_miss,ray-stage0,50e396db42ab80e54e23199097ea69e4a00826ec,0,,,,,,,,,,,,,,,,,,,,{}
run_20260423T173127Z,2026-04-23T17:31:52+00:00,stage0,,progress,filtered_lexical_miss,ray-stage0,a07c19dd474540425de31fe2f1ca9fb2cec35e5c,0,,,,,,,,,,,,,,,,,,,,{}
run_20260423T173127Z,2026-04-23T17:31:52+00:00,stage0,,progress,lexical_hit,ray-stage0,1a29cb4969abcc0c0705cf9899b6ab73f59b9c09,0,,,,,,,,,,,,,,,,,,,,{}
run_20260423T173127Z,2026-04-23T17:31:52+00:00,stage0,,progress,filtered_lexical_miss,ray-stage0,43aef90bbb56d44bee8c1491b71ed98929625224,0,,,,,,,,,,,,,,,,,,,,{}
run_20260423T173127Z,2026-04-23T17:31:52+00:00,stage0,,progress,filtered_lexical_miss,ray-stage0,cda5ba2b4e094dbfc6b3c388aec80a2ab371d315,0,,,,,,,,,,,,,,,,,,,,{}
run_20260423T173127Z,2026-04-23T17:31:52+00:00,stage0,,progress,lexical_hit,ray-stage0,ee965701f7c8bc478f7e171f78b7dcfcb9e3258e,0,,,,,,,,,,,,,,,,,,,,{}
run_20260423T173127Z,2026-04-23T17:31:52+00:00,stage0,,progress,filtered_lexical_miss,ray-stage0,3caf6a9c0cbf42c109db12348fa66e0b137bfc64,0,,,,,,,,,,,,,,,,,,,,{}
run_20260423T173127Z,2026-04-23T17:31:52+00:00,shortlist,shortlist,progress,,,,,,,,,,,,,,,,,,,,,,,,{}
run_20260423T173127Z,2026-04-23T17:31:55+00:00,dns_gate,,progress,accepted,ray-dns-gate,58d17ef0145d4003b8ca0e1fc14d5f40c67f1e31,0,,,,,,,,,,,,,,,,,,,,{}
run_20260423T173127Z,2026-04-23T17:31:55+00:00,dns_gate,,progress,accepted,ray-dns-gate,4c309c7f42d3b592f0f47b7560e5c0b996578603,0,,,,,,,,,,,,,,,,,,,,{}
run_20260423T173127Z,2026-04-23T17:31:55+00:00,dns_gate,,progress,accepted,ray-dns-gate,0a92c0f7c382255d94dc1a797c4d82ccfd669cb6,0,,,,,,,,,,,,,,,,,,,,{}
run_20260423T173127Z,2026-04-23T17:31:55+00:00,dns_gate,,progress,accepted,ray-dns-gate,bfa8879081a03b40348b225028437fb342034976,0,,,,,,,,,,,,,,,,,,,,{}
run_20260423T173127Z,2026-04-23T17:31:55+00:00,dns_gate,,progress,accepted,ray-dns-gate,99d8f68aa0d351fb864ca76030e6376dc66e02bf,0,,,,,,,,,,,,,,,,,,,,{}
run_20260423T173127Z,2026-04-23T17:31:55+00:00,dns_gate,,progress,accepted,ray-dns-gate,dbcb10bccb1936fa8b41a374df331bf92ccf370c,0,,,,,,,,,,,,,,,,,,,,{}
run_20260423T173127Z,2026-04-23T17:31:55+00:00,dns_gate,,progress,accepted,ray-dns-gate,97f1814655e5b3cfde11c83c2c59bc547492bb24,0,,,,,,,,,,,,,,,,,,,,{}
run_20260423T173127Z,2026-04-23T17:31:55+00:00,dns_gate,,progress,accepted,ray-dns-gate,f37feb9e87c0aa814d1cd6a3b7769169f0e46750,0,,,,,,,,,,,,,,,,,,,,{}
run_20260423T173127Z,2026-04-23T17:31:55+00:00,dns_gate,,progress,accepted,ray-dns-gate,8853b033ccca1a784b18e4ea033a50c555bd3d48,0,,,,,,,,,,,,,,,,,,,,{}
run_20260423T173127Z,2026-04-23T17:31:55+00:00,dns_gate,,progress,accepted,ray-dns-gate,0272617928ce4c79a806513d48ff2fe5a650d8d6,0,,,,,,,,,,,,,,,,,,,,{}
run_20260423T173127Z,2026-04-23T17:31:55+00:00,dns_gate,,progress,accepted,ray-dns-gate,104bd0669c0a122ced4c59fd48aaced1ef443055,0,,,,,,,,,,,,,,,,,,,,{}
run_20260423T173127Z,2026-04-23T17:31:55+00:00,dns_gate,,progress,accepted,ray-dns-gate,10175c44a55bc4b6932f2a2281d3dcc49065c086,0,,,,,,,,,,,,,,,,,,,,{}
run_20260423T173127Z,2026-04-23T17:31:55+00:00,dns_gate,,progress,accepted,ray-dns-gate,0fb7d44ab2b5dd2e72760634b4ffdc3270999bc6,0,,,,,,,,,,,,,,,,,,,,{}
run_20260423T173127Z,2026-04-23T17:31:55+00:00,dns_gate,,progress,accepted,ray-dns-gate,93d48162dc2af85685f2bd707cacbc2bab90d96e,0,,,,,,,,,,,,,,,,,,,,{}
run_20260423T173127Z,2026-04-23T17:31:55+00:00,dns_gate,,progress,accepted,ray-dns-gate,031fe84f54f8c093c42c4f3308892ffea70e7b82,0,,,,,,,,,,,,,,,,,,,,{}
run_20260423T173127Z,2026-04-23T17:31:55+00:00,dns_gate,,progress,accepted,ray-dns-gate,4eeb93becb34beac697cafc111f91197deaf6cce,0,,,,,,,,,,,,,,,,,,,,{}
run_20260423T173127Z,2026-04-23T17:31:55+00:00,dns_gate,,progress,accepted,ray-dns-gate,edba102dc8ffd2be5ee540b82ba61121985f79fa,0,,,,,,,,,,,,,,,,,,,,{}
run_20260423T173127Z,2026-04-23T17:31:55+00:00,dns_gate,,progress,accepted,ray-dns-gate,24467e26d9521936ddaa3ff06bae9d9332c4d17f,0,,,,,,,,,,,,,,,,,,,,{}
run_20260423T173127Z,2026-04-23T17:31:55+00:00,dns_gate,,progress,accepted,ray-dns-gate,aa12b0f7c99aafea6e12f6417d6bae5edbff9626,0,,,,,,,,,,,,,,,,,,,,{}
run_20260423T173127Z,2026-04-23T17:31:55+00:00,dns_gate,,progress,accepted,ray-dns-gate,5cffb1add8acf0b4fdd6233b79f8d6c7aef956de,0,,,,,,,,,,,,,,,,,,,,{}
run_20260423T173127Z,2026-04-23T17:31:55+00:00,dns_gate,,progress,accepted,ray-dns-gate,53269ff045d950c298cec4ca4825c466a59803b4,0,,,,,,,,,,,,,,,,,,,,{}
run_20260423T173127Z,2026-04-23T17:31:55+00:00,dns_gate,,progress,accepted,ray-dns-gate,6e670ca7a63e65651b69c66fd0b95667c6f28684,0,,,,,,,,,,,,,,,,,,,,{}
run_20260423T173127Z,2026-04-23T17:31:55+00:00,dns_gate,,progress,accepted,ray-dns-gate,9ac23d98f0abacc7ff055ad08d991c7515588dd6,0,,,,,,,,,,,,,,,,,,,,{}
run_20260423T173127Z,2026-04-23T17:31:55+00:00,dns_gate,,progress,accepted,ray-dns-gate,ff5eedf5e43dc12a686a47431027fa3794d0db68,0,,,,,,,,,,,,,,,,,,,,{}
run_20260423T173127Z,2026-04-23T17:31:55+00:00,dns_gate,,progress,accepted,ray-dns-gate,3304a6ee4e765b34cf86fb25b9ed657764930e4c,0,,,,,,,,,,,,,,,,,,,,{}
run_20260423T173127Z,2026-04-23T17:31:55+00:00,dns_gate,,progress,accepted,ray-dns-gate,b1c4ef523e3a5b81153afd346e77eea249943e32,0,,,,,,,,,,,,,,,,,,,,{}
run_20260423T173127Z,2026-04-23T17:31:55+00:00,dns_gate,,progress,accepted,ray-dns-gate,44ab20360307ae03d605d66af7ad7ae57ed5e0b1,0,,,,,,,,,,,,,,,,,,,,{}
run_20260423T173127Z,2026-04-23T17:31:55+00:00,dns_gate,,progress,accepted,ray-dns-gate,f3ab0d8a5c7772fd47895b7d74708fb58937b96c,0,,,,,,,,,,,,,,,,,,,,{}
run_20260423T173127Z,2026-04-23T17:31:55+00:00,dns_gate,,progress,accepted,ray-dns-gate,d7c9751ce45dfdcf499727d10cbad1cdcff25016,0,,,,,,,,,,,,,,,,,,,,{}
run_20260423T173127Z,2026-04-23T17:31:55+00:00,dns_gate,,progress,accepted,ray-dns-gate,64f90bc54eb4df90b6f89f1e5b7cfc5c93e965d4,0,,,,,,,,,,,,,,,,,,,,{}
run_20260423T173127Z,2026-04-23T17:31:55+00:00,dns_gate,,progress,accepted,ray-dns-gate,6edfe5f601f0c37236307e01f6c9420ad2d13b81,0,,,,,,,,,,,,,,,,,,,,{}
run_20260423T173127Z,2026-04-23T17:31:55+00:00,dns_gate,,progress,accepted,ray-dns-gate,37fb6de7ac0d578041a50c02aa837a1c8400a5b2,0,,,,,,,,,,,,,,,,,,,,{}
run_20260423T173127Z,2026-04-23T17:31:55+00:00,dns_gate,,progress,accepted,ray-dns-gate,e2df0dbf639923d470e7b3e79c0e9c82c1dbd6cc,0,,,,,,,,,,,,,,,,,,,,{}
run_20260423T173127Z,2026-04-23T17:31:55+00:00,dns_gate,,progress,accepted,ray-dns-gate,bfd144382cf6dcd7d55ab847b8fea76e5bc466d4,0,,,,,,,,,,,,,,,,,,,,{}
run_20260423T173127Z,2026-04-23T17:31:55+00:00,dns_gate,,progress,accepted,ray-dns-gate,0ad9f081798cc0ebb48d2c1bc2e0ab50aaed3584,0,,,,,,,,,,,,,,,,,,,,{}
run_20260423T173127Z,2026-04-23T17:31:55+00:00,dns_gate,,progress,accepted,ray-dns-gate,d4fc1c4983c7b5fe701cd0456fc78713778010ec,0,,,,,,,,,,,,,,,,,,,,{}
run_20260423T173127Z,2026-04-23T17:31:55+00:00,dns_gate,,progress,accepted,ray-dns-gate,cdfd11dda521d627bbfb7c05c0150556e7ea672e,0,,,,,,,,,,,,,,,,,,,,{}
run_20260423T173127Z,2026-04-23T17:31:55+00:00,dns_gate,,progress,accepted,ray-dns-gate,b6d8331c54bc2cb485df0b52845439314df9f871,0,,,,,,,,,,,,,,,,,,,,{}
run_20260423T173127Z,2026-04-23T17:31:55+00:00,dns_gate,,progress,accepted,ray-dns-gate,689f79460bfd819dbf176a1e90f9643c02110a71,0,,,,,,,,,,,,,,,,,,,,{}
run_20260423T173127Z,2026-04-23T17:31:55+00:00,dns_gate,,progress,accepted,ray-dns-gate,2e2c3197413329840da55e6282161b12331ed897,0,,,,,,,,,,,,,,,,,,,,{}
run_20260423T173127Z,2026-04-23T17:31:55+00:00,dns_gate,,progress,accepted,ray-dns-gate,b588000065a55b3cb96cc1da62e906d08ecddacd,0,,,,,,,,,,,,,,,,,,,,{}
run_20260423T173127Z,2026-04-23T17:31:55+00:00,dns_gate,,progress,accepted,ray-dns-gate,511f9dea9d0230bb51f24c747fc65680d4cbbc1f,0,,,,,,,,,,,,,,,,,,,,{}
run_20260423T173127Z,2026-04-23T17:31:55+00:00,dns_gate,,progress,accepted,ray-dns-gate,912697ae1b6c889b81947e2b7899cc10842b84a2,0,,,,,,,,,,,,,,,,,,,,{}
run_20260423T173127Z,2026-04-23T17:31:55+00:00,dns_gate,,progress,accepted,ray-dns-gate,e06fe6618226439f92b5f73624f4f5a2074d01f4,0,,,,,,,,,,,,,,,,,,,,{}
run_20260423T173127Z,2026-04-23T17:31:55+00:00,dns_gate,,progress,accepted,ray-dns-gate,c7d21f8e06e44ce64517de0fabf1ca435509c3ca,0,,,,,,,,,,,,,,,,,,,,{}
run_20260423T173127Z,2026-04-23T17:31:55+00:00,dns_gate,,progress,accepted,ray-dns-gate,2ebec8c179f4314c80cda15d807b5286b92c3ead,0,,,,,,,,,,,,,,,,,,,,{}
run_20260423T173127Z,2026-04-23T17:31:55+00:00,dns_gate,,progress,accepted,ray-dns-gate,ae3b4bf6824620c9a579feb929a117166d45e6a7,0,,,,,,,,,,,,,,,,,,,,{}
run_20260423T173127Z,2026-04-23T17:31:55+00:00,dns_gate,,progress,accepted,ray-dns-gate,be3da3844dd64dd797c9a178ebc17b82cb4da832,0,,,,,,,,,,,,,,,,,,,,{}
run_20260423T173127Z,2026-04-23T17:31:55+00:00,dns_gate,,progress,accepted,ray-dns-gate,52f54e306da78c092771a496aaaf397f9779c7e5,0,,,,,,,,,,,,,,,,,,,,{}
run_20260423T173127Z,2026-04-23T17:31:55+00:00,dns_gate,,progress,accepted,ray-dns-gate,8532fedfce35baac98f4a16a92e7e7b59ba9eb45,0,,,,,,,,,,,,,,,,,,,,{}
run_20260423T173127Z,2026-04-23T17:31:55+00:00,dns_gate,,progress,accepted,ray-dns-gate,d015ef5598bd8618a1c6d9bfb36aabc24b993561,0,,,,,,,,,,,,,,,,,,,,{}
run_20260423T173127Z,2026-04-23T17:31:55+00:00,dns_gate,,progress,accepted,ray-dns-gate,9e9dfbbfaca1aef120d26d1c1b30bd6b059e90c8,0,,,,,,,,,,,,,,,,,,,,{}
run_20260423T173127Z,2026-04-23T17:31:55+00:00,dns_gate,,progress,accepted,ray-dns-gate,b09e32b8f2874524f6d68cf6949f264e62d80ea9,0,,,,,,,,,,,,,,,,,,,,{}
run_20260423T173127Z,2026-04-23T17:31:55+00:00,dns_gate,,progress,accepted,ray-dns-gate,91308882958873761e6310d0b7b18ac7bc17909b,0,,,,,,,,,,,,,,,,,,,,{}
run_20260423T173127Z,2026-04-23T17:31:55+00:00,dns_gate,,progress,accepted,ray-dns-gate,442492450a12421f5bc63e661bc21bf7b4ce3a01,0,,,,,,,,,,,,,,,,,,,,{}
run_20260423T173127Z,2026-04-23T17:31:55+00:00,dns_gate,,progress,accepted,ray-dns-gate,556e34c0fd4599491319a9dfc687442f709b344b,0,,,,,,,,,,,,,,,,,,,,{}
run_20260423T173127Z,2026-04-23T17:31:55+00:00,dns_gate,,progress,accepted,ray-dns-gate,9202b10c57aa9605948ce6a6f8c62e27b6eb1254,0,,,,,,,,,,,,,,,,,,,,{}
run_20260423T173127Z,2026-04-23T17:31:55+00:00,dns_gate,,progress,accepted,ray-dns-gate,189bb4a80b6a32301fb52210413e4aef9a065620,0,,,,,,,,,,,,,,,,,,,,{}
run_20260423T173127Z,2026-04-23T17:31:55+00:00,dns_gate,,progress,accepted,ray-dns-gate,a63dad6b15ceea582d2f54bf502f4ebc36ae682e,0,,,,,,,,,,,,,,,,,,,,{}
run_20260423T173127Z,2026-04-23T17:31:55+00:00,dns_gate,,progress,accepted,ray-dns-gate,bac70f7cf8b47ae65ebc5d71d9d2b3a45890a80e,0,,,,,,,,,,,,,,,,,,,,{}
run_20260423T173127Z,2026-04-23T17:31:55+00:00,dns_gate,,progress,accepted,ray-dns-gate,fd80251e8484a4b8c166f4ce912eb2ff9ab2dcd2,0,,,,,,,,,,,,,,,,,,,,{}
run_20260423T173127Z,2026-04-23T17:31:55+00:00,dns_gate,,progress,accepted,ray-dns-gate,a9d35fbb27f65bc65f37b37f5a456c3ee485f9bd,0,,,,,,,,,,,,,,,,,,,,{}
run_20260423T173127Z,2026-04-23T17:31:55+00:00,dns_gate,,progress,accepted,ray-dns-gate,f8452674e8eb14b922c04cd7abbec5998f4afd97,0,,,,,,,,,,,,,,,,,,,,{}
run_20260423T173127Z,2026-04-23T17:31:55+00:00,dns_gate,,progress,accepted,ray-dns-gate,a3aafc83ce9a2c898b1fafbbe295d03acd3cb4c3,0,,,,,,,,,,,,,,,,,,,,{}
run_20260423T173127Z,2026-04-23T17:31:55+00:00,dns_gate,,progress,accepted,ray-dns-gate,06bdee77703e04d5de28a75cb04606d0d87e3307,0,,,,,,,,,,,,,,,,,,,,{}
run_20260423T173127Z,2026-04-23T17:31:55+00:00,dns_gate,,progress,accepted,ray-dns-gate,ab499253553906b23a387157d0e2dc6a557c7d6a,0,,,,,,,,,,,,,,,,,,,,{}
run_20260423T173127Z,2026-04-23T17:31:55+00:00,dns_gate,,progress,accepted,ray-dns-gate,8b20f77f04ef1d01367601b060cd8060d00906f1,0,,,,,,,,,,,,,,,,,,,,{}
run_20260423T173127Z,2026-04-23T17:31:55+00:00,dns_gate,,progress,accepted,ray-dns-gate,e13eb90fc120ea7f7dc9ecb3701ebe5ac2416a59,0,,,,,,,,,,,,,,,,,,,,{}
run_20260423T173127Z,2026-04-23T17:31:55+00:00,dns_gate,,progress,accepted,ray-dns-gate,369729dbee6f62be22da06b411977991ab90e0bc,0,,,,,,,,,,,,,,,,,,,,{}
run_20260423T173127Z,2026-04-23T17:31:55+00:00,dns_gate,,progress,accepted,ray-dns-gate,c348e2e7fa492e850036143d22bfa252aca72186,0,,,,,,,,,,,,,,,,,,,,{}
run_20260423T173127Z,2026-04-23T17:31:55+00:00,dns_gate,,progress,accepted,ray-dns-gate,cb5c8568a5799ec6d53dbd32a093f89a46c6a187,0,,,,,,,,,,,,,,,,,,,,{}
run_20260423T173127Z,2026-04-23T17:31:55+00:00,dns_gate,,progress,accepted,ray-dns-gate,b4f55b0cc3989d8dbca3418c103e79178859d6f4,0,,,,,,,,,,,,,,,,,,,,{}
run_20260423T173127Z,2026-04-23T17:31:55+00:00,dns_gate,,progress,accepted,ray-dns-gate,679aba5ac86a2fff782886f2e68aebc69d1b6906,0,,,,,,,,,,,,,,,,,,,,{}
run_20260423T173127Z,2026-04-23T17:31:55+00:00,dns_gate,,progress,accepted,ray-dns-gate,98199757f1e7321b4eeee94f9eb95b3a6bc1abe6,0,,,,,,,,,,,,,,,,,,,,{}
run_20260423T173127Z,2026-04-23T17:31:55+00:00,dns_gate,,progress,accepted,ray-dns-gate,ea7479d48a7f01762dd6a0f89390808ab84b3b90,0,,,,,,,,,,,,,,,,,,,,{}
run_20260423T173127Z,2026-04-23T17:31:55+00:00,dns_gate,,progress,accepted,ray-dns-gate,a4d346c304d5c461d161fed456e092607a1dd0e7,0,,,,,,,,,,,,,,,,,,,,{}
run_20260423T173127Z,2026-04-23T17:31:55+00:00,dns_gate,,progress,accepted,ray-dns-gate,6a1d4f3e3fd712fe593e43180b0305aebeb01a64,0,,,,,,,,,,,,,,,,,,,,{}
run_20260423T173127Z,2026-04-23T17:31:55+00:00,dns_gate,,progress,accepted,ray-dns-gate,afc46f10c7c755b5e452697ef3d9dba45f9a8b50,0,,,,,,,,,,,,,,,,,,,,{}
run_20260423T173127Z,2026-04-23T17:31:55+00:00,dns_gate,,progress,accepted,ray-dns-gate,b02ef6ef9b4d54f6a51e4890073d405db4d48adc,0,,,,,,,,,,,,,,,,,,,,{}
run_20260423T173127Z,2026-04-23T17:31:55+00:00,dns_gate,,progress,accepted,ray-dns-gate,9a3635f8393c9e2024015c620907b635a07d464a,0,,,,,,,,,,,,,,,,,,,,{}
run_20260423T173127Z,2026-04-23T17:31:55+00:00,dns_gate,,progress,registration_passthrough,ray-dns-gate,36ed70408ee68c177a70848ad1bf06387c18dd4f,0,,,,,,,,,,,,,,,,,,,no A/AAAA answers for iciciydr.icu,{}
run_20260423T173127Z,2026-04-23T17:31:55+00:00,dns_gate,,progress,accepted,ray-dns-gate,ee965701f7c8bc478f7e171f78b7dcfcb9e3258e,0,,,,,,,,,,,,,,,,,,,,{}
run_20260423T173127Z,2026-04-23T17:31:55+00:00,dns_gate,,progress,accepted,ray-dns-gate,1a29cb4969abcc0c0705cf9899b6ab73f59b9c09,0,,,,,,,,,,,,,,,,,,,,{}
run_20260423T173127Z,2026-04-23T17:31:55+00:00,dns_gate,,progress,accepted,ray-dns-gate,f27c0fa1e16f51e0f748d1f16930a7bdb1c282eb,0,,,,,,,,,,,,,,,,,,,,{}
run_20260423T173127Z,2026-04-23T17:31:55+00:00,dns_gate,,progress,registration_passthrough,ray-dns-gate,8568c1bf1f79d75cd82a36a123f0875263f0956a,0,,,,,,,,,,,,,,,,,,,no A/AAAA answers for axiosy.com,{}
run_20260423T173127Z,2026-04-23T17:31:55+00:00,dns_gate,,progress,registration_passthrough,ray-dns-gate,e7a6b8fc36e2bbfb518d6102e1f8ab46e1c8d287,0,,,,,,,,,,,,,,,,,,,no A/AAAA answers for eci-2.com,{}
run_20260423T173127Z,2026-04-23T17:31:55+00:00,dns_gate,,progress,accepted,ray-dns-gate,ac811c024b6240707afa3bd8ec318d42314fb7b3,0,,,,,,,,,,,,,,,,,,,,{}
run_20260423T173127Z,2026-04-23T17:31:55+00:00,dns_gate,,progress,registration_passthrough,ray-dns-gate,8f581ff5e2bf4ad4caa2c72c5e21a8f8b470601c,0,,,,,,,,,,,,,,,,,,,no A/AAAA answers for icicivpe.icu,{}
run_20260423T173127Z,2026-04-23T17:31:55+00:00,dns_gate,,progress,registration_passthrough,ray-dns-gate,db8c371e8d6d8b150843704c0640f2a03a3c31b2,0,,,,,,,,,,,,,,,,,,,no A/AAAA answers for dasm-online.com,{}
run_20260423T173127Z,2026-04-23T17:31:55+00:00,dns_gate,,progress,registration_passthrough,ray-dns-gate,d9eee8ee767a5c6092f9f6852bcfc73a6bac9a7b,0,,,,,,,,,,,,,,,,,,,no A/AAAA answers for gubkintech.com,{}
run_20260423T173127Z,2026-04-23T17:31:55+00:00,dns_gate,,progress,registration_passthrough,ray-dns-gate,15ecc65ea1314e29c4ff0c0bad80310c1cce5ea1,0,,,,,,,,,,,,,,,,,,,no A/AAAA answers for pnboli.com,{}
run_20260423T173127Z,2026-04-23T17:31:55+00:00,dns_gate,,progress,registration_passthrough,ray-dns-gate,383ecb15bcccccd4919c3dc8e7277d7a0a61e6d1,0,,,,,,,,,,,,,,,,,,,no A/AAAA answers for kore-axis.com,{}
run_20260423T173127Z,2026-04-23T17:31:55+00:00,dns_gate,,progress,registration_passthrough,ray-dns-gate,1a7c6f3006dc3db8c8c9848ae00f92aab06896c9,0,,,,,,,,,,,,,,,,,,,no A/AAAA answers for mammoth-axis.com,{}
run_20260423T173127Z,2026-04-23T17:31:55+00:00,dns_gate,,progress,registration_passthrough,ray-dns-gate,172ac55b93d5530c31a3efb864bfa16de9f22433,0,,,,,,,,,,,,,,,,,,,no A/AAAA answers for hkfintech.org,{}
run_20260423T173127Z,2026-04-23T17:31:55+00:00,dns_gate,,progress,registration_passthrough,ray-dns-gate,0f597185fe8b927eed49c0b88a0b1aefd5d22cbf,0,,,,,,,,,,,,,,,,,,,no A/AAAA answers for kfmtech.com,{}
run_20260423T173127Z,2026-04-23T17:31:55+00:00,dns_gate,,progress,registration_passthrough,ray-dns-gate,9d8d763d8169e8d7abcc9ce3eab6fd99f417a428,0,,,,,,,,,,,,,,,,,,,no A/AAAA answers for cambalkonline.com,{}
run_20260423T173127Z,2026-04-23T17:31:55+00:00,dns_gate,,progress,registration_passthrough,ray-dns-gate,588017887245b21e25feaefb8f666eec1b53e203,0,,,,,,,,,,,,,,,,,,,no A/AAAA answers for icicibxsk.xyz,{}
run_20260423T173127Z,2026-04-23T17:31:55+00:00,dns_gate,,progress,registration_passthrough,ray-dns-gate,4a4aff8aab4044c29059c4462b820942f1960085,0,,,,,,,,,,,,,,,,,,,no A/AAAA answers for axis.red,{}
run_20260423T173127Z,2026-04-23T17:31:55+00:00,dns_gate,,progress,registration_passthrough,ray-dns-gate,e9115fa6aa223e334ba58025680102fe90395e69,0,,,,,,,,,,,,,,,,,,,no A/AAAA answers for uidai-gov.com,{}
run_20260423T173127Z,2026-04-23T17:31:55+00:00,dns_gate,,progress,registration_passthrough,ray-dns-gate,22fbf62b2ea9162d66d9ef4c97184d787846266d,0,,,,,,,,,,,,,,,,,,,no A/AAAA answers for uidaiuclsgov.com,{}
run_20260423T173127Z,2026-04-23T17:31:57+00:00,shortlist,shortlist,progress,,,,,,,,,,,,,,,,,,,,,,,,{}
run_20260423T173127Z,2026-04-23T17:31:58+00:00,dns_gate,,progress,accepted,ray-dns-gate,58f973722ac9f3dfbe807a8dd073f5671e64269c,0,,,,,,,,,,,,,,,,,,,,{}
run_20260423T173127Z,2026-04-23T17:31:58+00:00,dns_gate,,progress,accepted,ray-dns-gate,7db73c1c54beb7c440033aa702f193f941c86fee,0,,,,,,,,,,,,,,,,,,,,{}
run_20260423T173127Z,2026-04-23T17:31:58+00:00,dns_gate,,progress,accepted,ray-dns-gate,f4349477afdbab97149d3bb508425c0bb72f87ee,0,,,,,,,,,,,,,,,,,,,,{}
run_20260423T173127Z,2026-04-23T17:31:58+00:00,dns_gate,,progress,accepted,ray-dns-gate,f96eaef8a4f9c8b869df0825913b8f5e2a52cf5f,0,,,,,,,,,,,,,,,,,,,,{}
run_20260423T173127Z,2026-04-23T17:31:58+00:00,dns_gate,,progress,accepted,ray-dns-gate,a53a073432674628ee486926fd3453abf4bc1fd2,0,,,,,,,,,,,,,,,,,,,,{}
run_20260423T173127Z,2026-04-23T17:31:58+00:00,dns_gate,,progress,accepted,ray-dns-gate,c9c5041a6302af57f40f77bd074e275e24748939,0,,,,,,,,,,,,,,,,,,,,{}
run_20260423T173127Z,2026-04-23T17:31:58+00:00,dns_gate,,progress,accepted,ray-dns-gate,bf5d00ebad7631f7532ca7482f19ae501b3ee8ba,0,,,,,,,,,,,,,,,,,,,,{}
run_20260423T173127Z,2026-04-23T17:31:58+00:00,dns_gate,,progress,accepted,ray-dns-gate,98ed2aeb25bd84e29c9bd2b157147c74164ff09d,0,,,,,,,,,,,,,,,,,,,,{}
run_20260423T173127Z,2026-04-23T17:31:58+00:00,dns_gate,,progress,accepted,ray-dns-gate,05d8f4e7971b2965b9bbc272065fed91c4d0765c,0,,,,,,,,,,,,,,,,,,,,{}
run_20260423T173127Z,2026-04-23T17:31:58+00:00,dns_gate,,progress,accepted,ray-dns-gate,9ca0cea5a47cc0c0a58910ca9bf18cba203c2387,0,,,,,,,,,,,,,,,,,,,,{}
run_20260423T173127Z,2026-04-23T17:31:58+00:00,dns_gate,,progress,accepted,ray-dns-gate,cb36bfd7d84c0410ba324327dcc780c275e43804,0,,,,,,,,,,,,,,,,,,,,{}
run_20260423T173127Z,2026-04-23T17:31:58+00:00,dns_gate,,progress,accepted,ray-dns-gate,7dbe416385f19309af2433e026dbe85a7e5cf2f7,0,,,,,,,,,,,,,,,,,,,,{}
run_20260423T173127Z,2026-04-23T17:31:58+00:00,dns_gate,,progress,accepted,ray-dns-gate,20a6669e5537fefe6a334cb661f268c87a24bfea,0,,,,,,,,,,,,,,,,,,,,{}
run_20260423T173127Z,2026-04-23T17:31:58+00:00,dns_gate,,progress,accepted,ray-dns-gate,0af5277cf14039c49e69f6448bec0bcb93669bfd,0,,,,,,,,,,,,,,,,,,,,{}
run_20260423T173127Z,2026-04-23T17:31:58+00:00,dns_gate,,progress,accepted,ray-dns-gate,f4b778e68e21cc9bb84a69876355503254f44423,0,,,,,,,,,,,,,,,,,,,,{}
run_20260423T173127Z,2026-04-23T17:31:58+00:00,dns_gate,,progress,accepted,ray-dns-gate,ece1e3d4db6dfcd930fac86aca3a2979accb8515,0,,,,,,,,,,,,,,,,,,,,{}
run_20260423T173127Z,2026-04-23T17:31:58+00:00,dns_gate,,progress,accepted,ray-dns-gate,21f0db940efa4748297619bc023c9f72aec6f50d,0,,,,,,,,,,,,,,,,,,,,{}
run_20260423T173127Z,2026-04-23T17:31:58+00:00,dns_gate,,progress,accepted,ray-dns-gate,ca440acdbd567d82a1ec6f81ddfcf8deb37cd93c,0,,,,,,,,,,,,,,,,,,,,{}
run_20260423T173127Z,2026-04-23T17:31:58+00:00,dns_gate,,progress,accepted,ray-dns-gate,00dc3b27ddb5e52af60d12f2bca98bd58a56c799,0,,,,,,,,,,,,,,,,,,,,{}
run_20260423T173127Z,2026-04-23T17:31:58+00:00,dns_gate,,progress,accepted,ray-dns-gate,b8790555bc84da89aaf0466cd71a0a55b8c73378,0,,,,,,,,,,,,,,,,,,,,{}
run_20260423T173127Z,2026-04-23T17:31:58+00:00,dns_gate,,progress,accepted,ray-dns-gate,08c9f8bd84ebbf0c2a0cd149036db5fd3e677975,0,,,,,,,,,,,,,,,,,,,,{}
run_20260423T173127Z,2026-04-23T17:31:58+00:00,dns_gate,,progress,accepted,ray-dns-gate,5c4ff54ba1b8104a9daa248440c9fff24b267d3e,0,,,,,,,,,,,,,,,,,,,,{}
run_20260423T173127Z,2026-04-23T17:31:58+00:00,dns_gate,,progress,accepted,ray-dns-gate,31ba640f377d09743026d4083fc159bc6449c1d2,0,,,,,,,,,,,,,,,,,,,,{}
run_20260423T173127Z,2026-04-23T17:31:58+00:00,dns_gate,,progress,accepted,ray-dns-gate,b0ece7929ed3881500ae982def01296c8ff1bd42,0,,,,,,,,,,,,,,,,,,,,{}
run_20260423T173127Z,2026-04-23T17:31:58+00:00,dns_gate,,progress,accepted,ray-dns-gate,8dc7cac9e9dbb8052e3b1d5c186e137bb7a719a5,0,,,,,,,,,,,,,,,,,,,,{}
run_20260423T173127Z,2026-04-23T17:31:58+00:00,dns_gate,,progress,accepted,ray-dns-gate,37e23a8053516f349e1140163c942773b064c126,0,,,,,,,,,,,,,,,,,,,,{}
run_20260423T173127Z,2026-04-23T17:31:58+00:00,dns_gate,,progress,accepted,ray-dns-gate,f825cde033090cff3ec96b96755a58faabd344c1,0,,,,,,,,,,,,,,,,,,,,{}
run_20260423T173127Z,2026-04-23T17:31:58+00:00,dns_gate,,progress,accepted,ray-dns-gate,dadfd1d1ab6d4e48a8248ab78115ba6e3db6d330,0,,,,,,,,,,,,,,,,,,,,{}
run_20260423T173127Z,2026-04-23T17:31:58+00:00,dns_gate,,progress,accepted,ray-dns-gate,e6b5e6a9235d61beb9b55d9e1a8376846e76eda2,0,,,,,,,,,,,,,,,,,,,,{}
run_20260423T173127Z,2026-04-23T17:31:58+00:00,dns_gate,,progress,accepted,ray-dns-gate,59282acd50a91050f71b7445b6955e63417e80f0,0,,,,,,,,,,,,,,,,,,,,{}
run_20260423T173127Z,2026-04-23T17:31:58+00:00,dns_gate,,progress,accepted,ray-dns-gate,05a2fe16b004e2af84717475f8a5b1d3a4124adb,0,,,,,,,,,,,,,,,,,,,,{}
run_20260423T173127Z,2026-04-23T17:31:58+00:00,dns_gate,,progress,accepted,ray-dns-gate,3a3b9cd05c22fb2164734ab88dbcce9b116b5831,0,,,,,,,,,,,,,,,,,,,,{}
run_20260423T173127Z,2026-04-23T17:31:58+00:00,dns_gate,,progress,accepted,ray-dns-gate,af683ae42630d8856943165d9aa9842a76d4c364,0,,,,,,,,,,,,,,,,,,,,{}
run_20260423T173127Z,2026-04-23T17:31:58+00:00,dns_gate,,progress,accepted,ray-dns-gate,aeab2b820f11915772e0141daeba49a9c5eb3487,0,,,,,,,,,,,,,,,,,,,,{}
run_20260423T173127Z,2026-04-23T17:31:58+00:00,dns_gate,,progress,accepted,ray-dns-gate,3fb0889e2bb5fc97ff23a0f28219f470d4a4de7c,0,,,,,,,,,,,,,,,,,,,,{}
run_20260423T173127Z,2026-04-23T17:31:58+00:00,dns_gate,,progress,accepted,ray-dns-gate,fd00a08e6d273c980f2a63658e9ddb6914521e85,0,,,,,,,,,,,,,,,,,,,,{}
run_20260423T173127Z,2026-04-23T17:31:58+00:00,dns_gate,,progress,accepted,ray-dns-gate,0ddd8a6a0435743182bd91085c241826134d709d,0,,,,,,,,,,,,,,,,,,,,{}
run_20260423T173127Z,2026-04-23T17:31:58+00:00,dns_gate,,progress,accepted,ray-dns-gate,5703f062a46afd56b961f428dfc90fe5254a6231,0,,,,,,,,,,,,,,,,,,,,{}
run_20260423T173127Z,2026-04-23T17:31:58+00:00,dns_gate,,progress,accepted,ray-dns-gate,19ac4d1512a8125219ce8b990760718679a6776e,0,,,,,,,,,,,,,,,,,,,,{}
run_20260423T173127Z,2026-04-23T17:31:58+00:00,dns_gate,,progress,accepted,ray-dns-gate,32797c1be3145a09ca41719ae92d0665649f1b64,0,,,,,,,,,,,,,,,,,,,,{}
run_20260423T173127Z,2026-04-23T17:31:58+00:00,dns_gate,,progress,accepted,ray-dns-gate,ec112211793016d0a898f529c2a52a5d311899c4,0,,,,,,,,,,,,,,,,,,,,{}
run_20260423T173127Z,2026-04-23T17:31:58+00:00,dns_gate,,progress,accepted,ray-dns-gate,29fef017e5bb394513848715bc7e3204e6de9533,0,,,,,,,,,,,,,,,,,,,,{}
run_20260423T173127Z,2026-04-23T17:31:58+00:00,dns_gate,,progress,accepted,ray-dns-gate,5e18b89eeae0727acac70a0874eb3a282435d04a,0,,,,,,,,,,,,,,,,,,,,{}
run_20260423T173127Z,2026-04-23T17:31:58+00:00,dns_gate,,progress,accepted,ray-dns-gate,f753984527b8db8d8bd13b99aad63dad9a04e9b8,0,,,,,,,,,,,,,,,,,,,,{}
run_20260423T173127Z,2026-04-23T17:31:58+00:00,dns_gate,,progress,accepted,ray-dns-gate,e0bc98cedf1e17f36e99698cb56f17c73372a18d,0,,,,,,,,,,,,,,,,,,,,{}
run_20260423T173127Z,2026-04-23T17:31:58+00:00,dns_gate,,progress,accepted,ray-dns-gate,5ff82ebfcd01e505b508c5900667ee186adc117a,0,,,,,,,,,,,,,,,,,,,,{}
run_20260423T173127Z,2026-04-23T17:31:58+00:00,dns_gate,,progress,accepted,ray-dns-gate,aa07a53bbc339f119c863c2923aea03a92b070ad,0,,,,,,,,,,,,,,,,,,,,{}
run_20260423T173127Z,2026-04-23T17:31:58+00:00,dns_gate,,progress,accepted,ray-dns-gate,6c4ec0c4f0c84775d7836d9a58a30996fba3b224,0,,,,,,,,,,,,,,,,,,,,{}
run_20260423T173127Z,2026-04-23T17:31:58+00:00,dns_gate,,progress,accepted,ray-dns-gate,0edf606c31e6375619ecf25ab543bffe9add0158,0,,,,,,,,,,,,,,,,,,,,{}
run_20260423T173127Z,2026-04-23T17:31:58+00:00,dns_gate,,progress,accepted,ray-dns-gate,0210bf0afe42395823a4b46ef613baaf36bbed34,0,,,,,,,,,,,,,,,,,,,,{}
run_20260423T173127Z,2026-04-23T17:31:58+00:00,dns_gate,,progress,accepted,ray-dns-gate,cda058e62765f80057889eae8feb059c09ca533e,0,,,,,,,,,,,,,,,,,,,,{}
run_20260423T173127Z,2026-04-23T17:31:58+00:00,dns_gate,,progress,accepted,ray-dns-gate,6614ba80254beb4ba99cf831e88e322a3fa9fc9b,0,,,,,,,,,,,,,,,,,,,,{}
run_20260423T173127Z,2026-04-23T17:31:58+00:00,dns_gate,,progress,accepted,ray-dns-gate,cd3bc715032d049c3ae3ce62193815969293371d,0,,,,,,,,,,,,,,,,,,,,{}
run_20260423T173127Z,2026-04-23T17:31:58+00:00,dns_gate,,progress,accepted,ray-dns-gate,5e99d969c9aacca7cd98ff36f82558461ea8bc3c,0,,,,,,,,,,,,,,,,,,,,{}
run_20260423T173127Z,2026-04-23T17:31:58+00:00,dns_gate,,progress,accepted,ray-dns-gate,4b5dfe71022e1711f9b5ab4b81286c51c6c3e580,0,,,,,,,,,,,,,,,,,,,,{}
run_20260423T173127Z,2026-04-23T17:31:58+00:00,dns_gate,,progress,accepted,ray-dns-gate,209f233a36d588ea93380a1a262079bbe3e6dbcd,0,,,,,,,,,,,,,,,,,,,,{}
run_20260423T173127Z,2026-04-23T17:31:58+00:00,dns_gate,,progress,accepted,ray-dns-gate,e0e8c30799c0230214e84daa9b360e43f81c1689,0,,,,,,,,,,,,,,,,,,,,{}
run_20260423T173127Z,2026-04-23T17:31:58+00:00,dns_gate,,progress,accepted,ray-dns-gate,4eb149421f093c404ed2609ae88029ffdcbe1517,0,,,,,,,,,,,,,,,,,,,,{}
run_20260423T173127Z,2026-04-23T17:31:58+00:00,dns_gate,,progress,accepted,ray-dns-gate,3d6b97b427d9b4c8b4e1bd3e1bd2b922e917aef3,0,,,,,,,,,,,,,,,,,,,,{}
run_20260423T173127Z,2026-04-23T17:31:58+00:00,dns_gate,,progress,accepted,ray-dns-gate,c8623ebe504b2645a42d54f9fe87fd1e68e036f7,0,,,,,,,,,,,,,,,,,,,,{}
run_20260423T173127Z,2026-04-23T17:31:58+00:00,dns_gate,,progress,accepted,ray-dns-gate,021626fdb8486f846ceac9e4e71803c487a461e1,0,,,,,,,,,,,,,,,,,,,,{}
run_20260423T173127Z,2026-04-23T17:31:58+00:00,dns_gate,,progress,accepted,ray-dns-gate,0dfeafba78f8e3b6b5412a6722a5da1a2b0684f5,0,,,,,,,,,,,,,,,,,,,,{}
run_20260423T173127Z,2026-04-23T17:31:58+00:00,dns_gate,,progress,accepted,ray-dns-gate,ac6be388667bda63042de3058c0353959d669d22,0,,,,,,,,,,,,,,,,,,,,{}
run_20260423T173127Z,2026-04-23T17:31:58+00:00,dns_gate,,progress,accepted,ray-dns-gate,6d5dc241696d7abb863baae55764e8d375abe746,0,,,,,,,,,,,,,,,,,,,,{}
run_20260423T173127Z,2026-04-23T17:31:58+00:00,dns_gate,,progress,accepted,ray-dns-gate,79c0b8f89d953bd19878a5cb15e98936d65c7072,0,,,,,,,,,,,,,,,,,,,,{}
run_20260423T173127Z,2026-04-23T17:31:58+00:00,dns_gate,,progress,accepted,ray-dns-gate,6a4a527b5a0b53c0806166f6d7b7bc0130f59e0b,0,,,,,,,,,,,,,,,,,,,,{}
run_20260423T173127Z,2026-04-23T17:31:58+00:00,dns_gate,,progress,accepted,ray-dns-gate,97711080afc9f054a23a027998b0f2350ff99c20,0,,,,,,,,,,,,,,,,,,,,{}
run_20260423T173127Z,2026-04-23T17:31:58+00:00,dns_gate,,progress,accepted,ray-dns-gate,69a4b3a065510063c4ceca0f9ab059d265f3e4d2,0,,,,,,,,,,,,,,,,,,,,{}
run_20260423T173127Z,2026-04-23T17:31:58+00:00,dns_gate,,progress,accepted,ray-dns-gate,2631939602cafcf0331df4aa1ce91676ebf1bd4d,0,,,,,,,,,,,,,,,,,,,,{}
run_20260423T173127Z,2026-04-23T17:31:58+00:00,dns_gate,,progress,accepted,ray-dns-gate,d9ed4d10ed4b4d8616f7ef172ee22748a09ae033,0,,,,,,,,,,,,,,,,,,,,{}
run_20260423T173127Z,2026-04-23T17:31:58+00:00,dns_gate,,progress,accepted,ray-dns-gate,337182e35e7298126fbe33cf998fcf6d0c7f4b69,0,,,,,,,,,,,,,,,,,,,,{}
run_20260423T173127Z,2026-04-23T17:31:58+00:00,dns_gate,,progress,accepted,ray-dns-gate,63d98353a439963459879daf41c174aa3e963b24,0,,,,,,,,,,,,,,,,,,,,{}
run_20260423T173127Z,2026-04-23T17:31:58+00:00,dns_gate,,progress,accepted,ray-dns-gate,bfa5453ea3c2c63b1e9f85d3cf001f09c1f487c6,0,,,,,,,,,,,,,,,,,,,,{}
run_20260423T173127Z,2026-04-23T17:31:58+00:00,dns_gate,,progress,accepted,ray-dns-gate,b218a9f9e00fee33dee7b1b9fe8b99a978a27186,0,,,,,,,,,,,,,,,,,,,,{}
run_20260423T173127Z,2026-04-23T17:31:58+00:00,dns_gate,,progress,accepted,ray-dns-gate,753d92fd0747808e9b3ebcb7e293a47977e50f1e,0,,,,,,,,,,,,,,,,,,,,{}
run_20260423T173127Z,2026-04-23T17:31:58+00:00,dns_gate,,progress,accepted,ray-dns-gate,3ca56a331b9a2dc0b8ccad38b8d88e413819023a,0,,,,,,,,,,,,,,,,,,,,{}
run_20260423T173127Z,2026-04-23T17:31:58+00:00,dns_gate,,progress,accepted,ray-dns-gate,ca4cf1f42799c457f9e01a410f94615588589fd9,0,,,,,,,,,,,,,,,,,,,,{}
run_20260423T173127Z,2026-04-23T17:31:58+00:00,dns_gate,,progress,accepted,ray-dns-gate,1559db8e1856832201bda9ae8284e72a2c679da7,0,,,,,,,,,,,,,,,,,,,,{}
run_20260423T173127Z,2026-04-23T17:31:58+00:00,dns_gate,,progress,accepted,ray-dns-gate,1ae56d58a1a721f57ee5c9328243dede97941714,0,,,,,,,,,,,,,,,,,,,,{}
run_20260423T173127Z,2026-04-23T17:31:58+00:00,dns_gate,,progress,accepted,ray-dns-gate,12d70a50f96132cbd982d9349b5163c453eb689b,0,,,,,,,,,,,,,,,,,,,,{}
run_20260423T173127Z,2026-04-23T17:31:58+00:00,dns_gate,,progress,accepted,ray-dns-gate,14e440c0756516a3bf0d4fb32e7b9a7d4c2c3212,0,,,,,,,,,,,,,,,,,,,,{}
run_20260423T173127Z,2026-04-23T17:31:58+00:00,dns_gate,,progress,accepted,ray-dns-gate,d891db7f9fa813d750ac3d09a8185fd18e5854da,0,,,,,,,,,,,,,,,,,,,,{}
run_20260423T173127Z,2026-04-23T17:31:58+00:00,dns_gate,,progress,accepted,ray-dns-gate,5f64f74144f06bbaaf887e68e3c7140fd323bf05,0,,,,,,,,,,,,,,,,,,,,{}
run_20260423T173127Z,2026-04-23T17:31:58+00:00,dns_gate,,progress,accepted,ray-dns-gate,381842e7743549756db412b0a551c5ebb6557948,0,,,,,,,,,,,,,,,,,,,,{}
run_20260423T173127Z,2026-04-23T17:31:58+00:00,dns_gate,,progress,accepted,ray-dns-gate,6e7b95a675415e577744eca982da96eb3dcf8128,0,,,,,,,,,,,,,,,,,,,,{}
run_20260423T173127Z,2026-04-23T17:31:58+00:00,dns_gate,,progress,accepted,ray-dns-gate,4a65a67181f73700a408351a7bbb1975ac21c1cc,0,,,,,,,,,,,,,,,,,,,,{}
run_20260423T173127Z,2026-04-23T17:31:58+00:00,dns_gate,,progress,accepted,ray-dns-gate,f9588bfba5c64f2055a5640c7dde97a33745540e,0,,,,,,,,,,,,,,,,,,,,{}
run_20260423T173127Z,2026-04-23T17:31:58+00:00,dns_gate,,progress,accepted,ray-dns-gate,c435f625ef43ee34dccc252a0e7f70e19035591e,0,,,,,,,,,,,,,,,,,,,,{}
run_20260423T173127Z,2026-04-23T17:31:58+00:00,dns_gate,,progress,accepted,ray-dns-gate,c4da7f6984a313d3e051d96a68d5f3bfb6d5911d,0,,,,,,,,,,,,,,,,,,,,{}
run_20260423T173127Z,2026-04-23T17:31:58+00:00,dns_gate,,progress,accepted,ray-dns-gate,6854fcd7f6f82c283de8e39eb848d9ea8db1a460,0,,,,,,,,,,,,,,,,,,,,{}
run_20260423T173127Z,2026-04-23T17:31:58+00:00,dns_gate,,progress,accepted,ray-dns-gate,54b9146971163241f750cb7dc5feb9ff43ace8dd,0,,,,,,,,,,,,,,,,,,,,{}
run_20260423T173127Z,2026-04-23T17:31:58+00:00,dns_gate,,progress,accepted,ray-dns-gate,1c0e2b12486d55ef1e31f0dc7250d91a76ef01ad,0,,,,,,,,,,,,,,,,,,,,{}
run_20260423T173127Z,2026-04-23T17:31:58+00:00,dns_gate,,progress,accepted,ray-dns-gate,399366a3f28f6c1ff9660fa4eb49552271bfc7d2,0,,,,,,,,,,,,,,,,,,,,{}
run_20260423T173127Z,2026-04-23T17:31:58+00:00,dns_gate,,progress,accepted,ray-dns-gate,4b437afe897924c06ce6a550d8e43b8f56ad5f18,0,,,,,,,,,,,,,,,,,,,,{}
run_20260423T173127Z,2026-04-23T17:31:58+00:00,dns_gate,,progress,accepted,ray-dns-gate,2323b8a22da22fa25be2e8177a9fb35c7520af94,0,,,,,,,,,,,,,,,,,,,,{}
run_20260423T173127Z,2026-04-23T17:31:58+00:00,dns_gate,,progress,accepted,ray-dns-gate,f76fd084083c11be739d1e7f3243c0606648e02c,0,,,,,,,,,,,,,,,,,,,,{}
run_20260423T173127Z,2026-04-23T17:31:58+00:00,dns_gate,,progress,accepted,ray-dns-gate,b45270586181f8e541bd303748e372a4c22636fd,0,,,,,,,,,,,,,,,,,,,,{}
run_20260423T173127Z,2026-04-23T17:31:58+00:00,dns_gate,,progress,accepted,ray-dns-gate,3b0482d08b8637cc43036df3776d4752a5060b02,0,,,,,,,,,,,,,,,,,,,,{}
run_20260423T173127Z,2026-04-23T17:31:58+00:00,dns_gate,,progress,accepted,ray-dns-gate,f2c0f4e11f8f77846515c41ab6045221700aba8c,0,,,,,,,,,,,,,,,,,,,,{}
run_20260423T173127Z,2026-04-23T17:31:58+00:00,dns_gate,,progress,accepted,ray-dns-gate,f2cd6c5cdb74ca85acc4d8a5bd8528dd4a9b5ee5,0,,,,,,,,,,,,,,,,,,,,{}
run_20260423T173127Z,2026-04-23T17:31:58+00:00,dns_gate,,progress,accepted,ray-dns-gate,0a0122b8f99f0c73cecc745f92b4bfc716c0a86e,0,,,,,,,,,,,,,,,,,,,,{}
run_20260423T173127Z,2026-04-23T17:31:58+00:00,dns_gate,,progress,accepted,ray-dns-gate,61fa2d0a460f5ea21787e10061b98d6e18872f9e,0,,,,,,,,,,,,,,,,,,,,{}
run_20260423T173127Z,2026-04-23T17:31:58+00:00,dns_gate,,progress,accepted,ray-dns-gate,484c121d3d479b9df2e56c2f875477ef5c60440c,0,,,,,,,,,,,,,,,,,,,,{}
run_20260423T173127Z,2026-04-23T17:31:58+00:00,dns_gate,,progress,accepted,ray-dns-gate,daa9b725e3df74ef97a403f24f63405dbb05350f,0,,,,,,,,,,,,,,,,,,,,{}
run_20260423T173127Z,2026-04-23T17:31:58+00:00,dns_gate,,progress,accepted,ray-dns-gate,15394b90f26b84f03b95a3ced78ace0c40b28778,0,,,,,,,,,,,,,,,,,,,,{}
run_20260423T173127Z,2026-04-23T17:31:58+00:00,dns_gate,,progress,accepted,ray-dns-gate,bcd2c9b57bff8d4b9ad6d5a6ed1a536839cf66b2,0,,,,,,,,,,,,,,,,,,,,{}
run_20260423T173127Z,2026-04-23T17:31:58+00:00,dns_gate,,progress,accepted,ray-dns-gate,c212e7459f7e40b28e0ac8da469b74a9c0180229,0,,,,,,,,,,,,,,,,,,,,{}
run_20260423T173127Z,2026-04-23T17:31:58+00:00,dns_gate,,progress,accepted,ray-dns-gate,49cd2aef7ec98e5a0958175e747bc167e8e96180,0,,,,,,,,,,,,,,,,,,,,{}
run_20260423T173127Z,2026-04-23T17:31:58+00:00,dns_gate,,progress,accepted,ray-dns-gate,af71ab9131f926426defd640e616cfdb6a0fd646,0,,,,,,,,,,,,,,,,,,,,{}
run_20260423T173127Z,2026-04-23T17:31:58+00:00,dns_gate,,progress,accepted,ray-dns-gate,5c36ec354dfa6b65522f087aaf51a9b1aae1a1f6,0,,,,,,,,,,,,,,,,,,,,{}
run_20260423T173127Z,2026-04-23T17:31:58+00:00,dns_gate,,progress,accepted,ray-dns-gate,4489687ce2fa9accea94bb2f62629d63f95cc7ab,0,,,,,,,,,,,,,,,,,,,,{}
run_20260423T173127Z,2026-04-23T17:31:58+00:00,dns_gate,,progress,accepted,ray-dns-gate,545885717e76c24ee7ed045b126338818daa380f,0,,,,,,,,,,,,,,,,,,,,{}
run_20260423T173127Z,2026-04-23T17:31:58+00:00,dns_gate,,progress,accepted,ray-dns-gate,1315e4d81fbbef8c3700e44ca0d93ca488aa1362,0,,,,,,,,,,,,,,,,,,,,{}
run_20260423T173127Z,2026-04-23T17:31:58+00:00,dns_gate,,progress,accepted,ray-dns-gate,27610a0d73abf4166ac66c809936b31257eac8e5,0,,,,,,,,,,,,,,,,,,,,{}
run_20260423T173127Z,2026-04-23T17:31:58+00:00,dns_gate,,progress,accepted,ray-dns-gate,ea41ee82619a2c5c9e7f63bfca40415a468f516a,0,,,,,,,,,,,,,,,,,,,,{}
run_20260423T173127Z,2026-04-23T17:31:58+00:00,dns_gate,,progress,accepted,ray-dns-gate,f49e66a666a3c4e5f3fb10d0647561c2b7f97469,0,,,,,,,,,,,,,,,,,,,,{}
run_20260423T173127Z,2026-04-23T17:31:58+00:00,dns_gate,,progress,accepted,ray-dns-gate,b5ed28dd680cb5d3bfe039e87e85fd783961b8c9,0,,,,,,,,,,,,,,,,,,,,{}
run_20260423T173127Z,2026-04-23T17:31:58+00:00,dns_gate,,progress,accepted,ray-dns-gate,b28bfcf3f893518fe138ef9b412459d2c6ec596c,0,,,,,,,,,,,,,,,,,,,,{}
run_20260423T173127Z,2026-04-23T17:31:58+00:00,dns_gate,,progress,accepted,ray-dns-gate,624917a6957cb8c25a8d5925e7f5d38af5cb9a83,0,,,,,,,,,,,,,,,,,,,,{}
run_20260423T173127Z,2026-04-23T17:31:58+00:00,dns_gate,,progress,accepted,ray-dns-gate,15168e2a54888134d3b0139bab44c068203360dd,0,,,,,,,,,,,,,,,,,,,,{}
run_20260423T173127Z,2026-04-23T17:31:58+00:00,dns_gate,,progress,accepted,ray-dns-gate,7be5f68d1274e8b173af5e09fcd4d080268a542f,0,,,,,,,,,,,,,,,,,,,,{}
run_20260423T173127Z,2026-04-23T17:31:58+00:00,dns_gate,,progress,accepted,ray-dns-gate,07eb6c7a5478970934ce175d1e5c285339b30d5f,0,,,,,,,,,,,,,,,,,,,,{}
run_20260423T173127Z,2026-04-23T17:31:58+00:00,dns_gate,,progress,accepted,ray-dns-gate,c8a321627c7764b48898f0b3b931dcf166b33a9b,0,,,,,,,,,,,,,,,,,,,,{}
run_20260423T173127Z,2026-04-23T17:31:58+00:00,dns_gate,,progress,accepted,ray-dns-gate,845475a8df6cc0eb9a609c985502bbce94fb0306,0,,,,,,,,,,,,,,,,,,,,{}
run_20260423T173127Z,2026-04-23T17:31:58+00:00,dns_gate,,progress,accepted,ray-dns-gate,b2b09333b64c137fb6b2be3241fb5254db67beec,0,,,,,,,,,,,,,,,,,,,,{}
run_20260423T173127Z,2026-04-23T17:31:58+00:00,dns_gate,,progress,accepted,ray-dns-gate,1a3f6b50907e6aa4ec4989c4ff428c36142bd3fc,0,,,,,,,,,,,,,,,,,,,,{}
run_20260423T173127Z,2026-04-23T17:31:58+00:00,dns_gate,,progress,accepted,ray-dns-gate,50e396db42ab80e54e23199097ea69e4a00826ec,0,,,,,,,,,,,,,,,,,,,,{}
run_20260423T173127Z,2026-04-23T17:31:58+00:00,dns_gate,,progress,accepted,ray-dns-gate,a07c19dd474540425de31fe2f1ca9fb2cec35e5c,0,,,,,,,,,,,,,,,,,,,,{}
run_20260423T173127Z,2026-04-23T17:31:58+00:00,dns_gate,,progress,accepted,ray-dns-gate,5d70a8c517a65e460e626b94f81f7230c7585f49,0,,,,,,,,,,,,,,,,,,,,{}
run_20260423T173127Z,2026-04-23T17:31:58+00:00,dns_gate,,progress,accepted,ray-dns-gate,43aef90bbb56d44bee8c1491b71ed98929625224,0,,,,,,,,,,,,,,,,,,,,{}
run_20260423T173127Z,2026-04-23T17:31:58+00:00,dns_gate,,progress,accepted,ray-dns-gate,3caf6a9c0cbf42c109db12348fa66e0b137bfc64,0,,,,,,,,,,,,,,,,,,,,{}
run_20260423T173127Z,2026-04-23T17:31:58+00:00,dns_gate,,progress,accepted,ray-dns-gate,cda5ba2b4e094dbfc6b3c388aec80a2ab371d315,0,,,,,,,,,,,,,,,,,,,,{}
run_20260423T173127Z,2026-04-23T17:31:58+00:00,dns_gate,,progress,filtered_dns_inactive,ray-dns-gate,90c59a6e39cf04a7e14b0fc1831ff848b948bb94,0,,,,,,,,,,,,,,,,,,,no A/AAAA answers for airdma.com,{}
run_20260423T173127Z,2026-04-23T17:31:58+00:00,dns_gate,,progress,filtered_dns_inactive,ray-dns-gate,8794e6112ab653bc52965995b6c526294a729997,0,,,,,,,,,,,,,,,,,,,no A/AAAA answers for blackrockfintech.com,{}
run_20260423T173127Z,2026-04-23T17:31:58+00:00,dns_gate,,progress,filtered_dns_inactive,ray-dns-gate,68925940a81ddf48463e2049c40a78e9d60e8b3c,0,,,,,,,,,,,,,,,,,,,no A/AAAA answers for indicatorline.com,{}
run_20260423T173127Z,2026-04-23T17:31:58+00:00,dns_gate,,progress,filtered_dns_inactive,ray-dns-gate,a4ac251cb26341d002ec8cf1e1dae5690fa8fb53,0,,,,,,,,,,,,,,,,,,,no A/AAAA answers for medicaltourismintamilnadu.com,{}
run_20260423T173127Z,2026-04-23T17:31:58+00:00,dns_gate,,progress,filtered_dns_inactive,ray-dns-gate,a188629dffd3a61eee5552ec792bf7cf8e32b047,0,,,,,,,,,,,,,,,,,,,no A/AAAA answers for dr-raghib-jassam.com,{}
run_20260423T173127Z,2026-04-23T17:31:58+00:00,dns_gate,,progress,filtered_dns_inactive,ray-dns-gate,7ce544995896b135b18e660a90ba0ecf4ce56d0d,0,,,,,,,,,,,,,,,,,,,no A/AAAA answers for applejuiceorganisation.com,{}
run_20260423T173127Z,2026-04-23T17:31:58+00:00,dns_gate,,progress,filtered_dns_inactive,ray-dns-gate,fffb55444ba20dd84b7f66c340173632cea3d47a,0,,,,,,,,,,,,,,,,,,,no A/AAAA answers for idea-labs.in,{}
run_20260423T173127Z,2026-04-23T17:31:58+00:00,dns_gate,,progress,filtered_dns_inactive,ray-dns-gate,cb56692f2034ea4f64d5a34faad321ca8414c20f,0,,,,,,,,,,,,,,,,,,,no A/AAAA answers for cjino.com,{}
run_20260423T173127Z,2026-04-23T17:31:58+00:00,dns_gate,,progress,filtered_dns_inactive,ray-dns-gate,cacb94a50d5cbd107d5dca280764b87a7934b27c,0,,,,,,,,,,,,,,,,,,,no A/AAAA answers for sparrowunttrod.com,{}
run_20260423T173127Z,2026-04-23T17:31:58+00:00,dns_gate,,progress,filtered_dns_inactive,ray-dns-gate,595bdbf6a0775cde593fc95e5bb77f0a11e38cbf,0,,,,,,,,,,,,,,,,,,,no A/AAAA answers for hfdcap.com,{}
run_20260423T173127Z,2026-04-23T17:31:58+00:00,dns_gate,,progress,filtered_dns_inactive,ray-dns-gate,4a362d3e036469be72e07464e624e8956936aa54,0,,,,,,,,,,,,,,,,,,,no A/AAAA answers for axiify.com,{}
run_20260423T173127Z,2026-04-23T17:31:58+00:00,dns_gate,,progress,filtered_dns_inactive,ray-dns-gate,99e695c9842252a0cf28f2ac1828819e50f90ab5,0,,,,,,,,,,,,,,,,,,,no A/AAAA answers for cadhf.com,{}
run_20260423T173127Z,2026-04-23T17:31:58+00:00,dns_gate,,progress,filtered_dns_inactive,ray-dns-gate,be5e29b727b0e1908d52f59a9d3479dcaf183b28,0,,,,,,,,,,,,,,,,,,,no A/AAAA answers for ieijscjharkhand.org,{}
run_20260423T173127Z,2026-04-23T17:31:58+00:00,dns_gate,,progress,filtered_dns_inactive,ray-dns-gate,22354d2f2cff266977c177940d9726f0f32ddc8b,0,,,,,,,,,,,,,,,,,,,no A/AAAA answers for jixflow.com,{}
run_20260423T173127Z,2026-04-23T17:31:58+00:00,dns_gate,,progress,filtered_dns_inactive,ray-dns-gate,fdc0fdb561dba2bdc878096d31e9d332c4a6a075,0,,,,,,,,,,,,,,,,,,,no A/AAAA answers for aimfw.com,{}
run_20260423T173127Z,2026-04-23T17:31:58+00:00,dns_gate,,progress,filtered_dns_inactive,ray-dns-gate,f47ee796b3de5508846252e84af6d766c845cfd8,0,,,,,,,,,,,,,,,,,,,no A/AAAA answers for portalmebasa.online,{}
run_20260423T173127Z,2026-04-23T17:31:58+00:00,dns_gate,,progress,filtered_dns_inactive,ray-dns-gate,8a80512c1dda6b0c15134627a3932a79a07189d7,0,,,,,,,,,,,,,,,,,,,no A/AAAA answers for digitalhealthorganisation.com,{}
run_20260423T173127Z,2026-04-23T17:31:58+00:00,dns_gate,,progress,filtered_dns_inactive,ray-dns-gate,28b61b7df6ebfe3ba062b8efc0b4144746aae45a,0,,,,,,,,,,,,,,,,,,,no A/AAAA answers for sparrowtherapeutic.online,{}
run_20260423T173127Z,2026-04-23T17:31:58+00:00,dns_gate,,progress,filtered_dns_inactive,ray-dns-gate,224724a71c0f8a465b16f3e6fb4db5f1f8bbee1e,0,,,,,,,,,,,,,,,,,,,no A/AAAA answers for jiyugo.com,{}
run_20260423T173127Z,2026-04-23T17:31:58+00:00,dns_gate,,progress,filtered_dns_inactive,ray-dns-gate,8dd9ba9a7bf0143814a4fb542761bee96e996de1,0,,,,,,,,,,,,,,,,,,,no A/AAAA answers for rhinotrans-sac.com,{}
run_20260423T173127Z,2026-04-23T17:31:58+00:00,dns_gate,,progress,filtered_dns_inactive,ray-dns-gate,f4100eaae93e0f38c938cad5f00a22d3ba3ee8ba,0,,,,,,,,,,,,,,,,,,,no A/AAAA answers for indigoindia.com,{}
run_20260423T173127Z,2026-04-23T17:31:58+00:00,dns_gate,,progress,filtered_dns_inactive,ray-dns-gate,ce862b04aae9c7363cec89292e0e322ac16e740a,0,,,,,,,,,,,,,,,,,,,no A/AAAA answers for jiyou51.com,{}
run_20260423T173127Z,2026-04-23T17:31:58+00:00,dns_gate,,progress,filtered_dns_inactive,ray-dns-gate,29fbc982da38687288deee4f38f5453e9b2996a3,0,,,,,,,,,,,,,,,,,,,no A/AAAA answers for reikimissionodisha.com,{}
run_20260423T173127Z,2026-04-23T17:31:58+00:00,hash,,progress,admitted,ray-hash-admit,58d17ef0145d4003b8ca0e1fc14d5f40c67f1e31,0,,,,,,,,,,,,,,,,,,,,{}
run_20260423T173127Z,2026-04-23T17:31:58+00:00,dns_gate,,progress,filtered_dns_inactive,ray-dns-gate,a2b354701fbcb2e0d752e3bf861818c4b3890276,0,,,,,,,,,,,,,,,,,,,no A/AAAA answers for wearsparrow.com,{}
run_20260423T173127Z,2026-04-23T17:32:02+00:00,shortlist,shortlist,progress,,,,,,,,,,,,,,,,,,,,,,,,{}
run_20260423T173127Z,2026-04-23T17:32:07+00:00,shortlist,shortlist,progress,,,,,,,,,,,,,,,,,,,,,,,,{}
run_20260423T173127Z,2026-04-23T17:32:12+00:00,shortlist,shortlist,progress,,,,,,,,,,,,,,,,,,,,,,,,{}
run_20260423T173127Z,2026-04-23T17:32:12+00:00,hash,,progress,admitted,ray-hash-admit,4c309c7f42d3b592f0f47b7560e5c0b996578603,0,,,,,,,,,,,,,,,,,,,,{}
run_20260423T173127Z,2026-04-23T17:32:15+00:00,hash,,progress,admitted,ray-hash-admit,97f1814655e5b3cfde11c83c2c59bc547492bb24,0,,,,,,,,,,,,,,,,,,,,{}
run_20260423T173127Z,2026-04-23T17:32:16+00:00,stage1,,stage_end,failed,ray-stage1,58f973722ac9f3dfbe807a8dd073f5671e64269c,24776,,,,,,,,,,,,,,,,,,,,{}
run_20260423T173127Z,2026-04-23T17:32:17+00:00,shortlist,shortlist,progress,,,,,,,,,,,,,,,,,,,,,,,,{}
run_20260423T173127Z,2026-04-23T17:32:17+00:00,hash,,progress,admitted,ray-hash-admit,0a92c0f7c382255d94dc1a797c4d82ccfd669cb6,0,,,,,,,,,,,,,,,,,,,,{}
run_20260423T173127Z,2026-04-23T17:32:18+00:00,stage1,,stage_end,failed,ray-stage1,f96eaef8a4f9c8b869df0825913b8f5e2a52cf5f,26784,,,,,,,,,,,,,,,,,,,,{}
run_20260423T173127Z,2026-04-23T17:32:18+00:00,hash,,progress,admitted,ray-hash-admit,bfa8879081a03b40348b225028437fb342034976,0,,,,,,,,,,,,,,,,,,,,{}
run_20260423T173127Z,2026-04-23T17:32:19+00:00,hash,,progress,admitted,ray-hash-admit,99d8f68aa0d351fb864ca76030e6376dc66e02bf,0,,,,,,,,,,,,,,,,,,,,{}
run_20260423T173127Z,2026-04-23T17:32:20+00:00,hash,,progress,admitted,ray-hash-admit,dbcb10bccb1936fa8b41a374df331bf92ccf370c,0,,,,,,,,,,,,,,,,,,,,{}
run_20260423T173127Z,2026-04-23T17:32:21+00:00,hash,,progress,admitted,ray-hash-admit,f37feb9e87c0aa814d1cd6a3b7769169f0e46750,0,,,,,,,,,,,,,,,,,,,,{}
run_20260423T173127Z,2026-04-23T17:32:22+00:00,shortlist,shortlist,progress,,,,,,,,,,,,,,,,,,,,,,,,{}
run_20260423T173127Z,2026-04-23T17:32:22+00:00,stage1,,stage_end,failed,ray-stage1,7db73c1c54beb7c440033aa702f193f941c86fee,30817,,,,,,,,,,,,,,,,,,,,{}
run_20260423T173127Z,2026-04-23T17:32:22+00:00,stage1,,stage_end,failed,ray-stage1,f4349477afdbab97149d3bb508425c0bb72f87ee,30819,,,,,,,,,,,,,,,,,,,,{}
run_20260423T173127Z,2026-04-23T17:32:22+00:00,hash,,progress,admitted,ray-hash-admit,93d48162dc2af85685f2bd707cacbc2bab90d96e,0,,,,,,,,,,,,,,,,,,,,{}
run_20260423T173127Z,2026-04-23T17:32:23+00:00,stage1,,stage_end,failed,ray-stage1,05d8f4e7971b2965b9bbc272065fed91c4d0765c,31823,,,,,,,,,,,,,,,,,,,,{}
run_20260423T173127Z,2026-04-23T17:32:23+00:00,hash,,progress,admitted,ray-hash-admit,8853b033ccca1a784b18e4ea033a50c555bd3d48,0,,,,,,,,,,,,,,,,,,,,{}
run_20260423T173127Z,2026-04-23T17:32:24+00:00,stage1,,stage_end,failed,ray-stage1,c9c5041a6302af57f40f77bd074e275e24748939,32819,,,,,,,,,,,,,,,,,,,,{}
run_20260423T173127Z,2026-04-23T17:32:24+00:00,stage1,,stage_end,failed,ray-stage1,bf5d00ebad7631f7532ca7482f19ae501b3ee8ba,32821,,,,,,,,,,,,,,,,,,,,{}
run_20260423T173127Z,2026-04-23T17:32:24+00:00,hash,,progress,admitted,ray-hash-admit,0272617928ce4c79a806513d48ff2fe5a650d8d6,0,,,,,,,,,,,,,,,,,,,,{}
run_20260423T173127Z,2026-04-23T17:32:25+00:00,stage1,,stage_end,failed,ray-stage1,a53a073432674628ee486926fd3453abf4bc1fd2,33778,,,,,,,,,,,,,,,,,,,,{}
run_20260423T173127Z,2026-04-23T17:32:25+00:00,stage1,,stage_end,failed,ray-stage1,98ed2aeb25bd84e29c9bd2b157147c74164ff09d,33776,,,,,,,,,,,,,,,,,,,,{}
run_20260423T173127Z,2026-04-23T17:32:25+00:00,hash,,progress,admitted,ray-hash-admit,104bd0669c0a122ced4c59fd48aaced1ef443055,0,,,,,,,,,,,,,,,,,,,,{}
run_20260423T173127Z,2026-04-23T17:32:26+00:00,stage1,,stage_end,failed,ray-stage1,9ca0cea5a47cc0c0a58910ca9bf18cba203c2387,34788,,,,,,,,,,,,,,,,,,,,{}
run_20260423T173127Z,2026-04-23T17:32:26+00:00,stage1,,stage_end,failed,ray-stage1,20a6669e5537fefe6a334cb661f268c87a24bfea,34788,,,,,,,,,,,,,,,,,,,,{}
run_20260423T173127Z,2026-04-23T17:32:26+00:00,hash,,progress,admitted,ray-hash-admit,10175c44a55bc4b6932f2a2281d3dcc49065c086,0,,,,,,,,,,,,,,,,,,,,{}
run_20260423T173127Z,2026-04-23T17:32:27+00:00,shortlist,shortlist,progress,,,,,,,,,,,,,,,,,,,,,,,,{}
run_20260423T173127Z,2026-04-23T17:32:27+00:00,stage1,,stage_end,failed,ray-stage1,7dbe416385f19309af2433e026dbe85a7e5cf2f7,35625,,,,,,,,,,,,,,,,,,,,{}
run_20260423T173127Z,2026-04-23T17:32:27+00:00,hash,,progress,admitted,ray-hash-admit,0fb7d44ab2b5dd2e72760634b4ffdc3270999bc6,0,,,,,,,,,,,,,,,,,,,,{}
run_20260423T173127Z,2026-04-23T17:32:28+00:00,stage1,,stage_end,failed,ray-stage1,cb36bfd7d84c0410ba324327dcc780c275e43804,36435,,,,,,,,,,,,,,,,,,,,{}
run_20260423T173127Z,2026-04-23T17:32:28+00:00,stage1,,stage_end,failed,ray-stage1,0af5277cf14039c49e69f6448bec0bcb93669bfd,36435,,,,,,,,,,,,,,,,,,,,{}
run_20260423T173127Z,2026-04-23T17:32:28+00:00,stage1,,stage_end,failed,ray-stage1,f4b778e68e21cc9bb84a69876355503254f44423,36435,,,,,,,,,,,,,,,,,,,,{}
run_20260423T173127Z,2026-04-23T17:32:28+00:00,hash,,progress,admitted,ray-hash-admit,031fe84f54f8c093c42c4f3308892ffea70e7b82,0,,,,,,,,,,,,,,,,,,,,{}
run_20260423T173127Z,2026-04-23T17:32:29+00:00,stage1,,stage_end,failed,ray-stage1,ca440acdbd567d82a1ec6f81ddfcf8deb37cd93c,37441,,,,,,,,,,,,,,,,,,,,{}
run_20260423T173127Z,2026-04-23T17:32:29+00:00,hash,,progress,admitted,ray-hash-admit,4eeb93becb34beac697cafc111f91197deaf6cce,0,,,,,,,,,,,,,,,,,,,,{}
run_20260423T173127Z,2026-04-23T17:32:30+00:00,stage1,,stage_end,failed,ray-stage1,21f0db940efa4748297619bc023c9f72aec6f50d,38448,,,,,,,,,,,,,,,,,,,,{}
run_20260423T173127Z,2026-04-23T17:32:30+00:00,hash,,progress,admitted,ray-hash-admit,edba102dc8ffd2be5ee540b82ba61121985f79fa,0,,,,,,,,,,,,,,,,,,,,{}
run_20260423T173127Z,2026-04-23T17:32:31+00:00,stage1,,stage_end,failed,ray-stage1,ece1e3d4db6dfcd930fac86aca3a2979accb8515,39457,,,,,,,,,,,,,,,,,,,,{}
run_20260423T173127Z,2026-04-23T17:32:31+00:00,stage1,,stage_end,failed,ray-stage1,00dc3b27ddb5e52af60d12f2bca98bd58a56c799,39452,,,,,,,,,,,,,,,,,,,,{}
run_20260423T173127Z,2026-04-23T17:32:31+00:00,hash,,progress,admitted,ray-hash-admit,24467e26d9521936ddaa3ff06bae9d9332c4d17f,0,,,,,,,,,,,,,,,,,,,,{}
run_20260423T173127Z,2026-04-23T17:32:32+00:00,shortlist,shortlist,progress,,,,,,,,,,,,,,,,,,,,,,,,{}
run_20260423T173127Z,2026-04-23T17:32:32+00:00,stage1,,stage_end,failed,ray-stage1,b8790555bc84da89aaf0466cd71a0a55b8c73378,40459,,,,,,,,,,,,,,,,,,,,{}
run_20260423T173127Z,2026-04-23T17:32:32+00:00,hash,,progress,admitted,ray-hash-admit,aa12b0f7c99aafea6e12f6417d6bae5edbff9626,0,,,,,,,,,,,,,,,,,,,,{}
run_20260423T173127Z,2026-04-23T17:32:33+00:00,stage1,,stage_end,failed,ray-stage1,08c9f8bd84ebbf0c2a0cd149036db5fd3e677975,41468,,,,,,,,,,,,,,,,,,,,{}
run_20260423T173127Z,2026-04-23T17:32:33+00:00,hash,,progress,admitted,ray-hash-admit,53269ff045d950c298cec4ca4825c466a59803b4,0,,,,,,,,,,,,,,,,,,,,{}
run_20260423T173127Z,2026-04-23T17:32:34+00:00,stage1,,stage_end,failed,ray-stage1,8dc7cac9e9dbb8052e3b1d5c186e137bb7a719a5,42472,,,,,,,,,,,,,,,,,,,,{}
run_20260423T173127Z,2026-04-23T17:32:34+00:00,hash,,progress,admitted,ray-hash-admit,5cffb1add8acf0b4fdd6233b79f8d6c7aef956de,0,,,,,,,,,,,,,,,,,,,,{}
run_20260423T173127Z,2026-04-23T17:32:35+00:00,stage1,,stage_end,failed,ray-stage1,5c4ff54ba1b8104a9daa248440c9fff24b267d3e,43489,,,,,,,,,,,,,,,,,,,,{}
run_20260423T173127Z,2026-04-23T17:32:35+00:00,stage1,,stage_end,failed,ray-stage1,b0ece7929ed3881500ae982def01296c8ff1bd42,43484,,,,,,,,,,,,,,,,,,,,{}
run_20260423T173127Z,2026-04-23T17:32:35+00:00,hash,,progress,admitted,ray-hash-admit,6e670ca7a63e65651b69c66fd0b95667c6f28684,0,,,,,,,,,,,,,,,,,,,,{}
run_20260423T173127Z,2026-04-23T17:32:36+00:00,stage1,,stage_end,failed,ray-stage1,31ba640f377d09743026d4083fc159bc6449c1d2,44496,,,,,,,,,,,,,,,,,,,,{}
run_20260423T173127Z,2026-04-23T17:32:36+00:00,hash,,progress,admitted,ray-hash-admit,ff5eedf5e43dc12a686a47431027fa3794d0db68,0,,,,,,,,,,,,,,,,,,,,{}
run_20260423T173127Z,2026-04-23T17:32:37+00:00,shortlist,shortlist,progress,,,,,,,,,,,,,,,,,,,,,,,,{}
run_20260423T173127Z,2026-04-23T17:32:37+00:00,stage1,,stage_end,failed,ray-stage1,37e23a8053516f349e1140163c942773b064c126,45499,,,,,,,,,,,,,,,,,,,,{}
run_20260423T173127Z,2026-04-23T17:32:37+00:00,stage1,,stage_end,failed,ray-stage1,59282acd50a91050f71b7445b6955e63417e80f0,45500,,,,,,,,,,,,,,,,,,,,{}
run_20260423T173127Z,2026-04-23T17:32:37+00:00,hash,,progress,admitted,ray-hash-admit,9ac23d98f0abacc7ff055ad08d991c7515588dd6,0,,,,,,,,,,,,,,,,,,,,{}
run_20260423T173127Z,2026-04-23T17:32:38+00:00,stage1,,stage_end,failed,ray-stage1,dadfd1d1ab6d4e48a8248ab78115ba6e3db6d330,46504,,,,,,,,,,,,,,,,,,,,{}
run_20260423T173127Z,2026-04-23T17:32:38+00:00,hash,,progress,admitted,ray-hash-admit,3304a6ee4e765b34cf86fb25b9ed657764930e4c,0,,,,,,,,,,,,,,,,,,,,{}
run_20260423T173127Z,2026-04-23T17:32:39+00:00,stage1,,stage_end,failed,ray-stage1,e6b5e6a9235d61beb9b55d9e1a8376846e76eda2,47512,,,,,,,,,,,,,,,,,,,,{}
run_20260423T173127Z,2026-04-23T17:32:39+00:00,hash,,progress,admitted,ray-hash-admit,37fb6de7ac0d578041a50c02aa837a1c8400a5b2,0,,,,,,,,,,,,,,,,,,,,{}
run_20260423T173127Z,2026-04-23T17:32:40+00:00,stage1,,stage_end,failed,ray-stage1,05a2fe16b004e2af84717475f8a5b1d3a4124adb,48517,,,,,,,,,,,,,,,,,,,,{}
run_20260423T173127Z,2026-04-23T17:32:40+00:00,hash,,progress,admitted,ray-hash-admit,b1c4ef523e3a5b81153afd346e77eea249943e32,0,,,,,,,,,,,,,,,,,,,,{}
run_20260423T173127Z,2026-04-23T17:32:41+00:00,stage1,,stage_end,failed,ray-stage1,3a3b9cd05c22fb2164734ab88dbcce9b116b5831,49525,,,,,,,,,,,,,,,,,,,,{}
run_20260423T173127Z,2026-04-23T17:32:41+00:00,hash,,progress,admitted,ray-hash-admit,44ab20360307ae03d605d66af7ad7ae57ed5e0b1,0,,,,,,,,,,,,,,,,,,,,{}
run_20260423T173127Z,2026-04-23T17:32:42+00:00,shortlist,shortlist,progress,,,,,,,,,,,,,,,,,,,,,,,,{}
run_20260423T173127Z,2026-04-23T17:32:42+00:00,stage1,,stage_end,failed,ray-stage1,f825cde033090cff3ec96b96755a58faabd344c1,50539,,,,,,,,,,,,,,,,,,,,{}
run_20260423T173127Z,2026-04-23T17:32:42+00:00,stage1,,stage_end,failed,ray-stage1,af683ae42630d8856943165d9aa9842a76d4c364,50534,,,,,,,,,,,,,,,,,,,,{}
run_20260423T173127Z,2026-04-23T17:32:42+00:00,hash,,progress,admitted,ray-hash-admit,f3ab0d8a5c7772fd47895b7d74708fb58937b96c,0,,,,,,,,,,,,,,,,,,,,{}
run_20260423T173127Z,2026-04-23T17:32:43+00:00,hash,,progress,admitted,ray-hash-admit,d7c9751ce45dfdcf499727d10cbad1cdcff25016,0,,,,,,,,,,,,,,,,,,,,{}
run_20260423T173127Z,2026-04-23T17:32:44+00:00,stage1,,stage_end,failed,ray-stage1,fd00a08e6d273c980f2a63658e9ddb6914521e85,52560,,,,,,,,,,,,,,,,,,,,{}
run_20260423T173127Z,2026-04-23T17:32:44+00:00,stage1,,stage_end,failed,ray-stage1,3fb0889e2bb5fc97ff23a0f28219f470d4a4de7c,52556,,,,,,,,,,,,,,,,,,,,{}
run_20260423T173127Z,2026-04-23T17:32:44+00:00,stage1,,stage_end,failed,ray-stage1,0ddd8a6a0435743182bd91085c241826134d709d,52558,,,,,,,,,,,,,,,,,,,,{}
run_20260423T173127Z,2026-04-23T17:32:45+00:00,stage1,,stage_end,failed,ray-stage1,aeab2b820f11915772e0141daeba49a9c5eb3487,53571,,,,,,,,,,,,,,,,,,,,{}
run_20260423T173127Z,2026-04-23T17:32:45+00:00,hash,,progress,admitted,ray-hash-admit,64f90bc54eb4df90b6f89f1e5b7cfc5c93e965d4,0,,,,,,,,,,,,,,,,,,,,{}
run_20260423T173127Z,2026-04-23T17:32:46+00:00,stage1,,stage_end,failed,ray-stage1,19ac4d1512a8125219ce8b990760718679a6776e,54569,,,,,,,,,,,,,,,,,,,,{}
run_20260423T173127Z,2026-04-23T17:32:47+00:00,shortlist,shortlist,progress,,,,,,,,,,,,,,,,,,,,,,,,{}
run_20260423T173127Z,2026-04-23T17:32:47+00:00,stage1,,stage_end,failed,ray-stage1,32797c1be3145a09ca41719ae92d0665649f1b64,55581,,,,,,,,,,,,,,,,,,,,{}
run_20260423T173127Z,2026-04-23T17:32:47+00:00,hash,,progress,admitted,ray-hash-admit,6edfe5f601f0c37236307e01f6c9420ad2d13b81,0,,,,,,,,,,,,,,,,,,,,{}
run_20260423T173127Z,2026-04-23T17:32:48+00:00,hash,,progress,admitted,ray-hash-admit,689f79460bfd819dbf176a1e90f9643c02110a71,0,,,,,,,,,,,,,,,,,,,,{}
run_20260423T173127Z,2026-04-23T17:32:49+00:00,hash,,progress,admitted,ray-hash-admit,e2df0dbf639923d470e7b3e79c0e9c82c1dbd6cc,0,,,,,,,,,,,,,,,,,,,,{}
run_20260423T173127Z,2026-04-23T17:32:50+00:00,hash,,progress,admitted,ray-hash-admit,bfd144382cf6dcd7d55ab847b8fea76e5bc466d4,0,,,,,,,,,,,,,,,,,,,,{}
run_20260423T173127Z,2026-04-23T17:32:51+00:00,hash,,progress,admitted,ray-hash-admit,0ad9f081798cc0ebb48d2c1bc2e0ab50aaed3584,0,,,,,,,,,,,,,,,,,,,,{}
run_20260423T173127Z,2026-04-23T17:32:52+00:00,shortlist,shortlist,progress,,,,,,,,,,,,,,,,,,,,,,,,{}
run_20260423T173127Z,2026-04-23T17:32:52+00:00,stage1,,stage_end,failed,ray-stage1,5e18b89eeae0727acac70a0874eb3a282435d04a,60616,,,,,,,,,,,,,,,,,,,,{}
run_20260423T173127Z,2026-04-23T17:32:52+00:00,stage1,,stage_end,failed,ray-stage1,5703f062a46afd56b961f428dfc90fe5254a6231,60616,,,,,,,,,,,,,,,,,,,,{}
run_20260423T173127Z,2026-04-23T17:32:52+00:00,stage1,,stage_end,failed,ray-stage1,29fef017e5bb394513848715bc7e3204e6de9533,60618,,,,,,,,,,,,,,,,,,,,{}
run_20260423T173127Z,2026-04-23T17:32:53+00:00,hash,,progress,admitted,ray-hash-admit,d4fc1c4983c7b5fe701cd0456fc78713778010ec,0,,,,,,,,,,,,,,,,,,,,{}
run_20260423T173127Z,2026-04-23T17:32:54+00:00,stage1,,stage_end,failed,ray-stage1,f753984527b8db8d8bd13b99aad63dad9a04e9b8,62641,,,,,,,,,,,,,,,,,,,,{}
run_20260423T173127Z,2026-04-23T17:32:55+00:00,stage1,,stage_end,failed,ray-stage1,e0bc98cedf1e17f36e99698cb56f17c73372a18d,63645,,,,,,,,,,,,,,,,,,,,{}
run_20260423T173127Z,2026-04-23T17:32:55+00:00,hash,,progress,admitted,ray-hash-admit,cdfd11dda521d627bbfb7c05c0150556e7ea672e,0,,,,,,,,,,,,,,,,,,,,{}
run_20260423T173127Z,2026-04-23T17:32:56+00:00,stage1,,stage_end,failed,ray-stage1,aa07a53bbc339f119c863c2923aea03a92b070ad,64649,,,,,,,,,,,,,,,,,,,,{}
run_20260423T173127Z,2026-04-23T17:32:56+00:00,hash,,progress,admitted,ray-hash-admit,b6d8331c54bc2cb485df0b52845439314df9f871,0,,,,,,,,,,,,,,,,,,,,{}
run_20260423T173127Z,2026-04-23T17:32:57+00:00,shortlist,shortlist,progress,,,,,,,,,,,,,,,,,,,,,,,,{}
run_20260423T173127Z,2026-04-23T17:32:57+00:00,stage1,,stage_end,failed,ray-stage1,6c4ec0c4f0c84775d7836d9a58a30996fba3b224,65661,,,,,,,,,,,,,,,,,,,,{}
run_20260423T173127Z,2026-04-23T17:32:57+00:00,hash,,progress,admitted,ray-hash-admit,2e2c3197413329840da55e6282161b12331ed897,0,,,,,,,,,,,,,,,,,,,,{}
run_20260423T173127Z,2026-04-23T17:32:58+00:00,stage1,,stage_end,failed,ray-stage1,ec112211793016d0a898f529c2a52a5d311899c4,66329,,,,,,,,,,,,,,,,,,,,{}
run_20260423T173127Z,2026-04-23T17:32:58+00:00,stage1,,stage_end,failed,ray-stage1,5ff82ebfcd01e505b508c5900667ee186adc117a,66328,,,,,,,,,,,,,,,,,,,,{}
run_20260423T173127Z,2026-04-23T17:32:58+00:00,hash,,progress,admitted,ray-hash-admit,b588000065a55b3cb96cc1da62e906d08ecddacd,0,,,,,,,,,,,,,,,,,,,,{}
run_20260423T173127Z,2026-04-23T17:32:59+00:00,stage1,,stage_end,failed,ray-stage1,0edf606c31e6375619ecf25ab543bffe9add0158,67274,,,,,,,,,,,,,,,,,,,,{}
run_20260423T173127Z,2026-04-23T17:32:59+00:00,stage1,,stage_end,failed,ray-stage1,0210bf0afe42395823a4b46ef613baaf36bbed34,67275,,,,,,,,,,,,,,,,,,,,{}
run_20260423T173127Z,2026-04-23T17:32:59+00:00,hash,,progress,admitted,ray-hash-admit,511f9dea9d0230bb51f24c747fc65680d4cbbc1f,0,,,,,,,,,,,,,,,,,,,,{}
run_20260423T173127Z,2026-04-23T17:33:00+00:00,stage1,,stage_end,failed,ray-stage1,cda058e62765f80057889eae8feb059c09ca533e,67931,,,,,,,,,,,,,,,,,,,,{}
run_20260423T173127Z,2026-04-23T17:33:00+00:00,stage1,,stage_end,failed,ray-stage1,5e99d969c9aacca7cd98ff36f82558461ea8bc3c,67931,,,,,,,,,,,,,,,,,,,,{}
run_20260423T173127Z,2026-04-23T17:33:00+00:00,hash,,progress,admitted,ray-hash-admit,c348e2e7fa492e850036143d22bfa252aca72186,0,,,,,,,,,,,,,,,,,,,,{}
run_20260423T173127Z,2026-04-23T17:33:00+00:00,stage1,,stage_end,failed,ray-stage1,4b5dfe71022e1711f9b5ab4b81286c51c6c3e580,68596,,,,,,,,,,,,,,,,,,,,{}
run_20260423T173127Z,2026-04-23T17:33:00+00:00,stage1,,stage_end,failed,ray-stage1,6614ba80254beb4ba99cf831e88e322a3fa9fc9b,68597,,,,,,,,,,,,,,,,,,,,{}
run_20260423T173127Z,2026-04-23T17:33:00+00:00,hash,,progress,admitted,ray-hash-admit,912697ae1b6c889b81947e2b7899cc10842b84a2,0,,,,,,,,,,,,,,,,,,,,{}
run_20260423T173127Z,2026-04-23T17:33:01+00:00,stage1,,stage_end,failed,ray-stage1,cd3bc715032d049c3ae3ce62193815969293371d,69293,,,,,,,,,,,,,,,,,,,,{}
run_20260423T173127Z,2026-04-23T17:33:01+00:00,stage1,,stage_end,failed,ray-stage1,e0e8c30799c0230214e84daa9b360e43f81c1689,69294,,,,,,,,,,,,,,,,,,,,{}
run_20260423T173127Z,2026-04-23T17:33:01+00:00,hash,,progress,admitted,ray-hash-admit,e06fe6618226439f92b5f73624f4f5a2074d01f4,0,,,,,,,,,,,,,,,,,,,,{}
run_20260423T173127Z,2026-04-23T17:33:02+00:00,stage1,,stage_end,failed,ray-stage1,4eb149421f093c404ed2609ae88029ffdcbe1517,70144,,,,,,,,,,,,,,,,,,,,{}
run_20260423T173127Z,2026-04-23T17:33:02+00:00,stage1,,stage_end,failed,ray-stage1,209f233a36d588ea93380a1a262079bbe3e6dbcd,70145,,,,,,,,,,,,,,,,,,,,{}
run_20260423T173127Z,2026-04-23T17:33:02+00:00,hash,,progress,admitted,ray-hash-admit,c7d21f8e06e44ce64517de0fabf1ca435509c3ca,0,,,,,,,,,,,,,,,,,,,,{}
run_20260423T173127Z,2026-04-23T17:33:02+00:00,shortlist,shortlist,progress,,,,,,,,,,,,,,,,,,,,,,,,{}
run_20260423T173127Z,2026-04-23T17:33:03+00:00,stage1,,stage_end,failed,ray-stage1,3d6b97b427d9b4c8b4e1bd3e1bd2b922e917aef3,71153,,,,,,,,,,,,,,,,,,,,{}
run_20260423T173127Z,2026-04-23T17:33:03+00:00,stage1,,stage_end,failed,ray-stage1,c8623ebe504b2645a42d54f9fe87fd1e68e036f7,71153,,,,,,,,,,,,,,,,,,,,{}
run_20260423T173127Z,2026-04-23T17:33:03+00:00,hash,,progress,admitted,ray-hash-admit,2ebec8c179f4314c80cda15d807b5286b92c3ead,0,,,,,,,,,,,,,,,,,,,,{}
run_20260423T173127Z,2026-04-23T17:33:04+00:00,hash,,progress,admitted,ray-hash-admit,ae3b4bf6824620c9a579feb929a117166d45e6a7,0,,,,,,,,,,,,,,,,,,,,{}
run_20260423T173127Z,2026-04-23T17:33:05+00:00,stage1,,stage_end,failed,ray-stage1,79c0b8f89d953bd19878a5cb15e98936d65c7072,73171,,,,,,,,,,,,,,,,,,,,{}
run_20260423T173127Z,2026-04-23T17:33:05+00:00,stage1,,stage_end,failed,ray-stage1,0dfeafba78f8e3b6b5412a6722a5da1a2b0684f5,73172,,,,,,,,,,,,,,,,,,,,{}
run_20260423T173127Z,2026-04-23T17:33:05+00:00,stage1,,stage_end,failed,ray-stage1,021626fdb8486f846ceac9e4e71803c487a461e1,73168,,,,,,,,,,,,,,,,,,,,{}
run_20260423T173127Z,2026-04-23T17:33:06+00:00,hash,,progress,admitted,ray-hash-admit,be3da3844dd64dd797c9a178ebc17b82cb4da832,0,,,,,,,,,,,,,,,,,,,,{}
run_20260423T173127Z,2026-04-23T17:33:07+00:00,stage1,,stage_end,failed,ray-stage1,ac6be388667bda63042de3058c0353959d669d22,75197,,,,,,,,,,,,,,,,,,,,{}
run_20260423T173127Z,2026-04-23T17:33:07+00:00,stage1,,stage_end,failed,ray-stage1,97711080afc9f054a23a027998b0f2350ff99c20,75192,,,,,,,,,,,,,,,,,,,,{}
run_20260423T173127Z,2026-04-23T17:33:07+00:00,shortlist,shortlist,progress,,,,,,,,,,,,,,,,,,,,,,,,{}
run_20260423T173127Z,2026-04-23T17:33:08+00:00,stage1,,stage_end,failed,ray-stage1,6d5dc241696d7abb863baae55764e8d375abe746,76201,,,,,,,,,,,,,,,,,,,,{}
run_20260423T173127Z,2026-04-23T17:33:08+00:00,stage1,,stage_end,failed,ray-stage1,6a4a527b5a0b53c0806166f6d7b7bc0130f59e0b,76200,,,,,,,,,,,,,,,,,,,,{}
run_20260423T173127Z,2026-04-23T17:33:08+00:00,hash,,progress,admitted,ray-hash-admit,52f54e306da78c092771a496aaaf397f9779c7e5,0,,,,,,,,,,,,,,,,,,,,{}
run_20260423T173127Z,2026-04-23T17:33:09+00:00,hash,,progress,admitted,ray-hash-admit,8532fedfce35baac98f4a16a92e7e7b59ba9eb45,0,,,,,,,,,,,,,,,,,,,,{}
run_20260423T173127Z,2026-04-23T17:33:10+00:00,stage1,,stage_end,failed,ray-stage1,69a4b3a065510063c4ceca0f9ab059d265f3e4d2,78214,,,,,,,,,,,,,,,,,,,,{}
run_20260423T173127Z,2026-04-23T17:33:10+00:00,stage1,,stage_end,failed,ray-stage1,337182e35e7298126fbe33cf998fcf6d0c7f4b69,78216,,,,,,,,,,,,,,,,,,,,{}
run_20260423T173127Z,2026-04-23T17:33:10+00:00,stage1,,stage_end,failed,ray-stage1,d9ed4d10ed4b4d8616f7ef172ee22748a09ae033,78215,,,,,,,,,,,,,,,,,,,,{}
run_20260423T173127Z,2026-04-23T17:33:10+00:00,hash,,progress,admitted,ray-hash-admit,d015ef5598bd8618a1c6d9bfb36aabc24b993561,0,,,,,,,,,,,,,,,,,,,,{}
run_20260423T173127Z,2026-04-23T17:33:12+00:00,stage1,,stage_end,failed,ray-stage1,63d98353a439963459879daf41c174aa3e963b24,80238,,,,,,,,,,,,,,,,,,,,{}
run_20260423T173127Z,2026-04-23T17:33:12+00:00,stage1,,stage_end,failed,ray-stage1,b218a9f9e00fee33dee7b1b9fe8b99a978a27186,80238,,,,,,,,,,,,,,,,,,,,{}
run_20260423T173127Z,2026-04-23T17:33:12+00:00,hash,,progress,admitted,ray-hash-admit,9e9dfbbfaca1aef120d26d1c1b30bd6b059e90c8,0,,,,,,,,,,,,,,,,,,,,{}
run_20260423T173127Z,2026-04-23T17:33:12+00:00,shortlist,shortlist,progress,,,,,,,,,,,,,,,,,,,,,,,,{}
run_20260423T173127Z,2026-04-23T17:33:13+00:00,hash,,progress,admitted,ray-hash-admit,b09e32b8f2874524f6d68cf6949f264e62d80ea9,0,,,,,,,,,,,,,,,,,,,,{}
run_20260423T173127Z,2026-04-23T17:33:14+00:00,stage1,,stage_end,failed,ray-stage1,2631939602cafcf0331df4aa1ce91676ebf1bd4d,82258,,,,,,,,,,,,,,,,,,,,{}
run_20260423T173127Z,2026-04-23T17:33:14+00:00,hash,,progress,admitted,ray-hash-admit,91308882958873761e6310d0b7b18ac7bc17909b,0,,,,,,,,,,,,,,,,,,,,{}
run_20260423T173127Z,2026-04-23T17:33:15+00:00,stage1,,stage_end,failed,ray-stage1,753d92fd0747808e9b3ebcb7e293a47977e50f1e,83258,,,,,,,,,,,,,,,,,,,,{}
run_20260423T173127Z,2026-04-23T17:33:15+00:00,stage1,,stage_end,failed,ray-stage1,3ca56a331b9a2dc0b8ccad38b8d88e413819023a,83259,,,,,,,,,,,,,,,,,,,,{}
run_20260423T173127Z,2026-04-23T17:33:15+00:00,hash,,progress,admitted,ray-hash-admit,a63dad6b15ceea582d2f54bf502f4ebc36ae682e,0,,,,,,,,,,,,,,,,,,,,{}
run_20260423T173127Z,2026-04-23T17:33:16+00:00,hash,,progress,admitted,ray-hash-admit,442492450a12421f5bc63e661bc21bf7b4ce3a01,0,,,,,,,,,,,,,,,,,,,,{}
run_20260423T173127Z,2026-04-23T17:33:17+00:00,hash,,progress,admitted,ray-hash-admit,556e34c0fd4599491319a9dfc687442f709b344b,0,,,,,,,,,,,,,,,,,,,,{}
run_20260423T173127Z,2026-04-23T17:33:17+00:00,shortlist,shortlist,progress,,,,,,,,,,,,,,,,,,,,,,,,{}
run_20260423T173127Z,2026-04-23T17:33:18+00:00,stage1,,stage_end,failed,ray-stage1,bfa5453ea3c2c63b1e9f85d3cf001f09c1f487c6,86280,,,,,,,,,,,,,,,,,,,,{}
run_20260423T173127Z,2026-04-23T17:33:18+00:00,stage1,,stage_end,failed,ray-stage1,1559db8e1856832201bda9ae8284e72a2c679da7,86276,,,,,,,,,,,,,,,,,,,,{}
run_20260423T173127Z,2026-04-23T17:33:18+00:00,hash,,progress,admitted,ray-hash-admit,9202b10c57aa9605948ce6a6f8c62e27b6eb1254,0,,,,,,,,,,,,,,,,,,,,{}
run_20260423T173127Z,2026-04-23T17:33:19+00:00,stage1,,stage_end,failed,ray-stage1,ca4cf1f42799c457f9e01a410f94615588589fd9,87285,,,,,,,,,,,,,,,,,,,,{}
run_20260423T173127Z,2026-04-23T17:33:19+00:00,hash,,progress,admitted,ray-hash-admit,189bb4a80b6a32301fb52210413e4aef9a065620,0,,,,,,,,,,,,,,,,,,,,{}
run_20260423T173127Z,2026-04-23T17:33:20+00:00,stage1,,stage_end,failed,ray-stage1,4a65a67181f73700a408351a7bbb1975ac21c1cc,88285,,,,,,,,,,,,,,,,,,,,{}
run_20260423T173127Z,2026-04-23T17:33:20+00:00,hash,,progress,admitted,ray-hash-admit,bac70f7cf8b47ae65ebc5d71d9d2b3a45890a80e,0,,,,,,,,,,,,,,,,,,,,{}
run_20260423T173127Z,2026-04-23T17:33:21+00:00,stage1,,stage_end,failed,ray-stage1,1ae56d58a1a721f57ee5c9328243dede97941714,89293,,,,,,,,,,,,,,,,,,,,{}
run_20260423T173127Z,2026-04-23T17:33:21+00:00,hash,,progress,admitted,ray-hash-admit,fd80251e8484a4b8c166f4ce912eb2ff9ab2dcd2,0,,,,,,,,,,,,,,,,,,,,{}
run_20260423T173127Z,2026-04-23T17:33:22+00:00,stage1,,stage_end,failed,ray-stage1,d891db7f9fa813d750ac3d09a8185fd18e5854da,90297,,,,,,,,,,,,,,,,,,,,{}
run_20260423T173127Z,2026-04-23T17:33:22+00:00,hash,,progress,admitted,ray-hash-admit,a9d35fbb27f65bc65f37b37f5a456c3ee485f9bd,0,,,,,,,,,,,,,,,,,,,,{}
run_20260423T173127Z,2026-04-23T17:33:22+00:00,shortlist,shortlist,progress,,,,,,,,,,,,,,,,,,,,,,,,{}
run_20260423T173127Z,2026-04-23T17:33:23+00:00,stage1,,stage_end,failed,ray-stage1,12d70a50f96132cbd982d9349b5163c453eb689b,91311,,,,,,,,,,,,,,,,,,,,{}
run_20260423T173127Z,2026-04-23T17:33:23+00:00,hash,,progress,admitted,ray-hash-admit,f8452674e8eb14b922c04cd7abbec5998f4afd97,0,,,,,,,,,,,,,,,,,,,,{}
run_20260423T173127Z,2026-04-23T17:33:24+00:00,stage1,,stage_end,failed,ray-stage1,14e440c0756516a3bf0d4fb32e7b9a7d4c2c3212,92316,,,,,,,,,,,,,,,,,,,,{}
run_20260423T173127Z,2026-04-23T17:33:24+00:00,stage1,,stage_end,failed,ray-stage1,5f64f74144f06bbaaf887e68e3c7140fd323bf05,92316,,,,,,,,,,,,,,,,,,,,{}
run_20260423T173127Z,2026-04-23T17:33:24+00:00,hash,,progress,admitted,ray-hash-admit,a3aafc83ce9a2c898b1fafbbe295d03acd3cb4c3,0,,,,,,,,,,,,,,,,,,,,{}
run_20260423T173127Z,2026-04-23T17:33:25+00:00,hash,,progress,admitted,ray-hash-admit,06bdee77703e04d5de28a75cb04606d0d87e3307,0,,,,,,,,,,,,,,,,,,,,{}
run_20260423T173127Z,2026-04-23T17:33:26+00:00,stage1,,stage_end,failed,ray-stage1,f9588bfba5c64f2055a5640c7dde97a33745540e,94326,,,,,,,,,,,,,,,,,,,,{}
run_20260423T173127Z,2026-04-23T17:33:26+00:00,stage1,,stage_end,failed,ray-stage1,c435f625ef43ee34dccc252a0e7f70e19035591e,94325,,,,,,,,,,,,,,,,,,,,{}
run_20260423T173127Z,2026-04-23T17:33:26+00:00,hash,,progress,admitted,ray-hash-admit,ab499253553906b23a387157d0e2dc6a557c7d6a,0,,,,,,,,,,,,,,,,,,,,{}
run_20260423T173127Z,2026-04-23T17:33:27+00:00,stage1,,stage_end,failed,ray-stage1,6e7b95a675415e577744eca982da96eb3dcf8128,95336,,,,,,,,,,,,,,,,,,,,{}
run_20260423T173127Z,2026-04-23T17:33:27+00:00,hash,,progress,admitted,ray-hash-admit,8b20f77f04ef1d01367601b060cd8060d00906f1,0,,,,,,,,,,,,,,,,,,,,{}
run_20260423T173127Z,2026-04-23T17:33:27+00:00,shortlist,shortlist,progress,,,,,,,,,,,,,,,,,,,,,,,,{}
run_20260423T173127Z,2026-04-23T17:33:28+00:00,stage1,,stage_end,failed,ray-stage1,c4da7f6984a313d3e051d96a68d5f3bfb6d5911d,96339,,,,,,,,,,,,,,,,,,,,{}
run_20260423T173127Z,2026-04-23T17:33:28+00:00,hash,,progress,admitted,ray-hash-admit,e13eb90fc120ea7f7dc9ecb3701ebe5ac2416a59,0,,,,,,,,,,,,,,,,,,,,{}
run_20260423T173127Z,2026-04-23T17:33:29+00:00,stage1,,stage_end,failed,ray-stage1,381842e7743549756db412b0a551c5ebb6557948,97313,,,,,,,,,,,,,,,,,,,,{}
run_20260423T173127Z,2026-04-23T17:33:29+00:00,stage1,,stage_end,failed,ray-stage1,1c0e2b12486d55ef1e31f0dc7250d91a76ef01ad,97308,,,,,,,,,,,,,,,,,,,,{}
run_20260423T173127Z,2026-04-23T17:33:29+00:00,hash,,progress,admitted,ray-hash-admit,369729dbee6f62be22da06b411977991ab90e0bc,0,,,,,,,,,,,,,,,,,,,,{}
run_20260423T173127Z,2026-04-23T17:33:30+00:00,stage1,,stage_end,failed,ray-stage1,6854fcd7f6f82c283de8e39eb848d9ea8db1a460,98319,,,,,,,,,,,,,,,,,,,,{}
run_20260423T173127Z,2026-04-23T17:33:30+00:00,stage1,,stage_end,failed,ray-stage1,54b9146971163241f750cb7dc5feb9ff43ace8dd,98318,,,,,,,,,,,,,,,,,,,,{}
run_20260423T173127Z,2026-04-23T17:33:30+00:00,hash,,progress,admitted,ray-hash-admit,b4f55b0cc3989d8dbca3418c103e79178859d6f4,0,,,,,,,,,,,,,,,,,,,,{}
run_20260423T173127Z,2026-04-23T17:33:31+00:00,stage1,,stage_end,failed,ray-stage1,399366a3f28f6c1ff9660fa4eb49552271bfc7d2,99323,,,,,,,,,,,,,,,,,,,,{}
run_20260423T173127Z,2026-04-23T17:33:31+00:00,hash,,progress,admitted,ray-hash-admit,679aba5ac86a2fff782886f2e68aebc69d1b6906,0,,,,,,,,,,,,,,,,,,,,{}
run_20260423T173127Z,2026-04-23T17:33:32+00:00,stage1,,stage_end,failed,ray-stage1,4b437afe897924c06ce6a550d8e43b8f56ad5f18,100330,,,,,,,,,,,,,,,,,,,,{}
run_20260423T173127Z,2026-04-23T17:33:32+00:00,hash,,progress,admitted,ray-hash-admit,cb5c8568a5799ec6d53dbd32a093f89a46c6a187,0,,,,,,,,,,,,,,,,,,,,{}
run_20260423T173127Z,2026-04-23T17:33:32+00:00,shortlist,shortlist,progress,,,,,,,,,,,,,,,,,,,,,,,,{}
run_20260423T173127Z,2026-04-23T17:33:33+00:00,stage1,,stage_end,failed,ray-stage1,f76fd084083c11be739d1e7f3243c0606648e02c,101337,,,,,,,,,,,,,,,,,,,,{}
run_20260423T173127Z,2026-04-23T17:33:33+00:00,hash,,progress,admitted,ray-hash-admit,a4d346c304d5c461d161fed456e092607a1dd0e7,0,,,,,,,,,,,,,,,,,,,,{}
run_20260423T173127Z,2026-04-23T17:33:34+00:00,stage1,,stage_end,failed,ray-stage1,b45270586181f8e541bd303748e372a4c22636fd,102341,,,,,,,,,,,,,,,,,,,,{}
run_20260423T173127Z,2026-04-23T17:33:34+00:00,hash,,progress,admitted,ray-hash-admit,98199757f1e7321b4eeee94f9eb95b3a6bc1abe6,0,,,,,,,,,,,,,,,,,,,,{}
run_20260423T173127Z,2026-04-23T17:33:35+00:00,hash,,progress,admitted,ray-hash-admit,ea7479d48a7f01762dd6a0f89390808ab84b3b90,0,,,,,,,,,,,,,,,,,,,,{}
run_20260423T173127Z,2026-04-23T17:33:36+00:00,stage1,,stage_end,failed,ray-stage1,f2c0f4e11f8f77846515c41ab6045221700aba8c,104351,,,,,,,,,,,,,,,,,,,,{}
run_20260423T173127Z,2026-04-23T17:33:36+00:00,hash,,progress,admitted,ray-hash-admit,6a1d4f3e3fd712fe593e43180b0305aebeb01a64,0,,,,,,,,,,,,,,,,,,,,{}
run_20260423T173127Z,2026-04-23T17:33:37+00:00,hash,,progress,admitted,ray-hash-admit,afc46f10c7c755b5e452697ef3d9dba45f9a8b50,0,,,,,,,,,,,,,,,,,,,,{}
run_20260423T173127Z,2026-04-23T17:33:37+00:00,shortlist,shortlist,progress,,,,,,,,,,,,,,,,,,,,,,,,{}
run_20260423T173127Z,2026-04-23T17:33:38+00:00,hash,,progress,admitted,ray-hash-admit,b02ef6ef9b4d54f6a51e4890073d405db4d48adc,0,,,,,,,,,,,,,,,,,,,,{}
run_20260423T173127Z,2026-04-23T17:33:39+00:00,hash,,progress,admitted,ray-hash-admit,9a3635f8393c9e2024015c620907b635a07d464a,0,,,,,,,,,,,,,,,,,,,,{}
run_20260423T173127Z,2026-04-23T17:33:40+00:00,stage1,,stage_end,failed,ray-stage1,2323b8a22da22fa25be2e8177a9fb35c7520af94,108146,,,,,,,,,,,,,,,,,,,,{}
run_20260423T173127Z,2026-04-23T17:33:40+00:00,hash,,progress,admitted,ray-hash-admit,f27c0fa1e16f51e0f748d1f16930a7bdb1c282eb,0,,,,,,,,,,,,,,,,,,,,{}
run_20260423T173127Z,2026-04-23T17:33:41+00:00,stage1,,stage_end,failed,ray-stage1,3b0482d08b8637cc43036df3776d4752a5060b02,109153,,,,,,,,,,,,,,,,,,,,{}
run_20260423T173127Z,2026-04-23T17:33:41+00:00,stage1,,stage_end,failed,ray-stage1,daa9b725e3df74ef97a403f24f63405dbb05350f,109153,,,,,,,,,,,,,,,,,,,,{}
run_20260423T173127Z,2026-04-23T17:33:41+00:00,stage1,,stage_end,failed,ray-stage1,0a0122b8f99f0c73cecc745f92b4bfc716c0a86e,109151,,,,,,,,,,,,,,,,,,,,{}
run_20260423T173127Z,2026-04-23T17:33:41+00:00,hash,,progress,admitted,ray-hash-admit,ac811c024b6240707afa3bd8ec318d42314fb7b3,0,,,,,,,,,,,,,,,,,,,,{}
run_20260423T173127Z,2026-04-23T17:33:42+00:00,shortlist,shortlist,progress,,,,,,,,,,,,,,,,,,,,,,,,{}
run_20260423T173127Z,2026-04-23T17:33:43+00:00,stage1,,stage_end,failed,ray-stage1,f2cd6c5cdb74ca85acc4d8a5bd8528dd4a9b5ee5,111171,,,,,,,,,,,,,,,,,,,,{}
run_20260423T173127Z,2026-04-23T17:33:43+00:00,stage1,,stage_end,failed,ray-stage1,61fa2d0a460f5ea21787e10061b98d6e18872f9e,111171,,,,,,,,,,,,,,,,,,,,{}
run_20260423T173127Z,2026-04-23T17:33:43+00:00,stage1,,stage_end,failed,ray-stage1,484c121d3d479b9df2e56c2f875477ef5c60440c,111172,,,,,,,,,,,,,,,,,,,,{}
run_20260423T173127Z,2026-04-23T17:33:43+00:00,hash,,progress,admitted,ray-hash-admit,1a29cb4969abcc0c0705cf9899b6ab73f59b9c09,0,,,,,,,,,,,,,,,,,,,,{}
run_20260423T173127Z,2026-04-23T17:33:44+00:00,hash,,progress,admitted,ray-hash-admit,ee965701f7c8bc478f7e171f78b7dcfcb9e3258e,0,,,,,,,,,,,,,,,,,,,,{}
run_20260423T173127Z,2026-04-23T17:33:45+00:00,stage1,,stage_end,failed,ray-stage1,bcd2c9b57bff8d4b9ad6d5a6ed1a536839cf66b2,113185,,,,,,,,,,,,,,,,,,,,{}
run_20260423T173127Z,2026-04-23T17:33:45+00:00,stage1,,stage_end,failed,ray-stage1,c212e7459f7e40b28e0ac8da469b74a9c0180229,113186,,,,,,,,,,,,,,,,,,,,{}
run_20260423T173127Z,2026-04-23T17:33:47+00:00,shortlist,shortlist,progress,,,,,,,,,,,,,,,,,,,,,,,,{}
run_20260423T173127Z,2026-04-23T17:33:48+00:00,stage1,,stage_end,failed,ray-stage1,15394b90f26b84f03b95a3ced78ace0c40b28778,116198,,,,,,,,,,,,,,,,,,,,{}
run_20260423T173127Z,2026-04-23T17:33:48+00:00,stage1,,stage_end,failed,ray-stage1,af71ab9131f926426defd640e616cfdb6a0fd646,116195,,,,,,,,,,,,,,,,,,,,{}
run_20260423T173127Z,2026-04-23T17:33:51+00:00,stage1,,stage_end,failed,ray-stage1,545885717e76c24ee7ed045b126338818daa380f,119199,,,,,,,,,,,,,,,,,,,,{}
run_20260423T173127Z,2026-04-23T17:33:52+00:00,shortlist,shortlist,progress,,,,,,,,,,,,,,,,,,,,,,,,{}
run_20260423T173127Z,2026-04-23T17:33:55+00:00,stage1,,stage_end,failed,ray-stage1,49cd2aef7ec98e5a0958175e747bc167e8e96180,123157,,,,,,,,,,,,,,,,,,,,{}
run_20260423T173127Z,2026-04-23T17:33:55+00:00,stage1,,stage_end,failed,ray-stage1,5c36ec354dfa6b65522f087aaf51a9b1aae1a1f6,123160,,,,,,,,,,,,,,,,,,,,{}
run_20260423T173127Z,2026-04-23T17:33:56+00:00,stage1,,stage_end,failed,ray-stage1,4489687ce2fa9accea94bb2f62629d63f95cc7ab,124160,,,,,,,,,,,,,,,,,,,,{}
run_20260423T173127Z,2026-04-23T17:33:56+00:00,stage1,,stage_end,failed,ray-stage1,27610a0d73abf4166ac66c809936b31257eac8e5,124160,,,,,,,,,,,,,,,,,,,,{}
run_20260423T173127Z,2026-04-23T17:33:57+00:00,stage1,,stage_end,failed,ray-stage1,ea41ee82619a2c5c9e7f63bfca40415a468f516a,125160,,,,,,,,,,,,,,,,,,,,{}
run_20260423T173127Z,2026-04-23T17:33:57+00:00,shortlist,shortlist,progress,,,,,,,,,,,,,,,,,,,,,,,,{}
run_20260423T173127Z,2026-04-23T17:33:58+00:00,stage1,,stage_end,failed,ray-stage1,b5ed28dd680cb5d3bfe039e87e85fd783961b8c9,126165,,,,,,,,,,,,,,,,,,,,{}
run_20260423T173127Z,2026-04-23T17:33:58+00:00,stage1,,stage_end,failed,ray-stage1,f49e66a666a3c4e5f3fb10d0647561c2b7f97469,126167,,,,,,,,,,,,,,,,,,,,{}
run_20260423T173127Z,2026-04-23T17:34:00+00:00,stage1,,stage_end,failed,ray-stage1,15168e2a54888134d3b0139bab44c068203360dd,128173,,,,,,,,,,,,,,,,,,,,{}
run_20260423T173127Z,2026-04-23T17:34:01+00:00,stage1,,stage_end,failed,ray-stage1,624917a6957cb8c25a8d5925e7f5d38af5cb9a83,129178,,,,,,,,,,,,,,,,,,,,{}
run_20260423T173127Z,2026-04-23T17:34:02+00:00,stage1,,stage_end,failed,ray-stage1,1315e4d81fbbef8c3700e44ca0d93ca488aa1362,129992,,,,,,,,,,,,,,,,,,,,{}
run_20260423T173127Z,2026-04-23T17:34:02+00:00,stage1,,stage_end,failed,ray-stage1,7be5f68d1274e8b173af5e09fcd4d080268a542f,129987,,,,,,,,,,,,,,,,,,,,{}
run_20260423T173127Z,2026-04-23T17:34:02+00:00,shortlist,shortlist,progress,,,,,,,,,,,,,,,,,,,,,,,,{}
run_20260423T173127Z,2026-04-23T17:34:02+00:00,stage1,,stage_end,failed,ray-stage1,b28bfcf3f893518fe138ef9b412459d2c6ec596c,130573,,,,,,,,,,,,,,,,,,,,{}
run_20260423T173127Z,2026-04-23T17:34:02+00:00,stage1,,stage_end,failed,ray-stage1,07eb6c7a5478970934ce175d1e5c285339b30d5f,130570,,,,,,,,,,,,,,,,,,,,{}
run_20260423T173127Z,2026-04-23T17:34:03+00:00,stage1,,stage_end,failed,ray-stage1,5d70a8c517a65e460e626b94f81f7230c7585f49,131577,,,,,,,,,,,,,,,,,,,,{}
run_20260423T173127Z,2026-04-23T17:34:03+00:00,stage1,,stage_end,failed,ray-stage1,c8a321627c7764b48898f0b3b931dcf166b33a9b,131576,,,,,,,,,,,,,,,,,,,,{}
run_20260423T173127Z,2026-04-23T17:34:04+00:00,stage1,,stage_end,failed,ray-stage1,845475a8df6cc0eb9a609c985502bbce94fb0306,132581,,,,,,,,,,,,,,,,,,,,{}
run_20260423T173127Z,2026-04-23T17:34:05+00:00,stage1,,stage_end,failed,ray-stage1,b2b09333b64c137fb6b2be3241fb5254db67beec,133584,,,,,,,,,,,,,,,,,,,,{}
run_20260423T173127Z,2026-04-23T17:34:05+00:00,stage1,,stage_end,failed,ray-stage1,1a3f6b50907e6aa4ec4989c4ff428c36142bd3fc,133585,,,,,,,,,,,,,,,,,,,,{}
run_20260423T173127Z,2026-04-23T17:34:06+00:00,stage1,,stage_end,failed,ray-stage1,a07c19dd474540425de31fe2f1ca9fb2cec35e5c,134588,,,,,,,,,,,,,,,,,,,,{}
run_20260423T173127Z,2026-04-23T17:34:07+00:00,shortlist,shortlist,progress,,,,,,,,,,,,,,,,,,,,,,,,{}
run_20260423T173127Z,2026-04-23T17:34:07+00:00,stage1,,stage_end,failed,ray-stage1,43aef90bbb56d44bee8c1491b71ed98929625224,135593,,,,,,,,,,,,,,,,,,,,{}
run_20260423T173127Z,2026-04-23T17:34:07+00:00,stage1,,stage_end,failed,ray-stage1,cda5ba2b4e094dbfc6b3c388aec80a2ab371d315,135594,,,,,,,,,,,,,,,,,,,,{}
run_20260423T173127Z,2026-04-23T17:34:08+00:00,stage0,,progress,filtered_lexical_miss,ray-stage0,5e11592c51c895fad75cfdf50a527a6881fc7c85,0,,,,,,,,,,,,,,,,,,,,{}
run_20260423T173127Z,2026-04-23T17:34:08+00:00,stage0,,progress,filtered_lexical_miss,ray-stage0,5b1a63cfeea68e1407df1c0b73fbbe986c7bb98c,0,,,,,,,,,,,,,,,,,,,,{}
run_20260423T173127Z,2026-04-23T17:34:08+00:00,stage0,,progress,filtered_lexical_miss,ray-stage0,832c08281f37c8f5c069265ea2121f1200284fdc,0,,,,,,,,,,,,,,,,,,,,{}
run_20260423T173127Z,2026-04-23T17:34:08+00:00,stage0,,progress,filtered_lexical_miss,ray-stage0,f053a2ff4f20daa5face76e9db8aa2c02c1d73a5,0,,,,,,,,,,,,,,,,,,,,{}
run_20260423T173127Z,2026-04-23T17:34:08+00:00,stage0,,progress,lexical_hit,ray-stage0,e241b6b54617083d25ac9bb8143edb5a50a428c8,0,,,,,,,,,,,,,,,,,,,,{}
run_20260423T173127Z,2026-04-23T17:34:08+00:00,stage0,,progress,filtered_lexical_miss,ray-stage0,270c9c9213208dfcedefa1e3d3fa0517c51e5de9,0,,,,,,,,,,,,,,,,,,,,{}
run_20260423T173127Z,2026-04-23T17:34:08+00:00,stage0,,progress,lexical_hit,ray-stage0,4efc4c68bf9d6ed73003552c5e5bdff22aab5dd3,0,,,,,,,,,,,,,,,,,,,,{}
run_20260423T173127Z,2026-04-23T17:34:08+00:00,stage0,,progress,lexical_hit,ray-stage0,dd1ce44eb0fa477cb52c7a6235b96a1b40a58bee,0,,,,,,,,,,,,,,,,,,,,{}
run_20260423T173127Z,2026-04-23T17:34:08+00:00,stage0,,progress,filtered_lexical_miss,ray-stage0,360025bca138005fa46cd802661a9a22a15d386c,0,,,,,,,,,,,,,,,,,,,,{}
run_20260423T173127Z,2026-04-23T17:34:08+00:00,stage0,,progress,filtered_lexical_miss,ray-stage0,3ddb4a5f85acb75cca97ed26d779cce8f6f7800b,0,,,,,,,,,,,,,,,,,,,,{}
run_20260423T173127Z,2026-04-23T17:34:08+00:00,stage0,,progress,filtered_lexical_miss,ray-stage0,c1939b1497f820f12f6cd0d92d2718d1a92d211e,0,,,,,,,,,,,,,,,,,,,,{}
run_20260423T173127Z,2026-04-23T17:34:08+00:00,stage0,,progress,filtered_lexical_miss,ray-stage0,eb3285f8bcc6b7ec33ab8cc96785d0faad7b5bf8,0,,,,,,,,,,,,,,,,,,,,{}
run_20260423T173127Z,2026-04-23T17:34:08+00:00,stage0,,progress,filtered_lexical_miss,ray-stage0,fe4de6ff5518ab2e0c93ecc750ff0a0e48a3eef9,0,,,,,,,,,,,,,,,,,,,,{}
run_20260423T173127Z,2026-04-23T17:34:08+00:00,stage0,,progress,filtered_lexical_miss,ray-stage0,3ef123ed6287254bda0171715b79fab18aeb27b3,0,,,,,,,,,,,,,,,,,,,,{}
run_20260423T173127Z,2026-04-23T17:34:08+00:00,stage0,,progress,filtered_lexical_miss,ray-stage0,b327086ec0697e31daefac4aae300956b9044cf3,0,,,,,,,,,,,,,,,,,,,,{}
run_20260423T173127Z,2026-04-23T17:34:08+00:00,stage0,,progress,filtered_lexical_miss,ray-stage0,6b5d605719231eb2921e8e08af5481f4c521fe6b,0,,,,,,,,,,,,,,,,,,,,{}
run_20260423T173127Z,2026-04-23T17:34:08+00:00,stage0,,progress,lexical_hit,ray-stage0,5d3355c362b66caad65e3cd87b2d00c3b213a745,0,,,,,,,,,,,,,,,,,,,,{}
run_20260423T173127Z,2026-04-23T17:34:08+00:00,stage0,,progress,filtered_lexical_miss,ray-stage0,0807637708ac191810a5209979a9f9491d4de059,0,,,,,,,,,,,,,,,,,,,,{}
run_20260423T173127Z,2026-04-23T17:34:08+00:00,stage0,,progress,filtered_lexical_miss,ray-stage0,1a145ef9a4723c0663b76233e7b954aeffb59529,0,,,,,,,,,,,,,,,,,,,,{}
run_20260423T173127Z,2026-04-23T17:34:08+00:00,stage0,,progress,lexical_hit,ray-stage0,5ebd01ee44c5989feaf5ab7a97fa5300d8814e11,0,,,,,,,,,,,,,,,,,,,,{}
run_20260423T173127Z,2026-04-23T17:34:08+00:00,stage0,,progress,lexical_hit,ray-stage0,56e25d0472f402238e5f13042506dd5c084b148b,0,,,,,,,,,,,,,,,,,,,,{}
run_20260423T173127Z,2026-04-23T17:34:08+00:00,stage0,,progress,lexical_hit,ray-stage0,f52ffd904de33c11757651d91fe65c0d5a2688c1,0,,,,,,,,,,,,,,,,,,,,{}
run_20260423T173127Z,2026-04-23T17:34:08+00:00,stage0,,progress,filtered_lexical_miss,ray-stage0,594f4fa850d714e477edd35624c2974f3d2ed892,0,,,,,,,,,,,,,,,,,,,,{}
run_20260423T173127Z,2026-04-23T17:34:08+00:00,stage0,,progress,lexical_hit,ray-stage0,84f4c1fd1fccc4255681263a5ccc0e6d2d2af2f5,0,,,,,,,,,,,,,,,,,,,,{}
run_20260423T173127Z,2026-04-23T17:34:08+00:00,stage0,,progress,lexical_hit,ray-stage0,1fea6c12b8e86f2aafb64403643a8625d257c425,0,,,,,,,,,,,,,,,,,,,,{}
run_20260423T173127Z,2026-04-23T17:34:08+00:00,stage0,,progress,filtered_lexical_miss,ray-stage0,1553a9a0a1c42765a9f26300783d4a5d1ab3a9a3,0,,,,,,,,,,,,,,,,,,,,{}
run_20260423T173127Z,2026-04-23T17:34:08+00:00,stage0,,progress,lexical_hit,ray-stage0,baaf1a304c0d456f351e0f4f5c2a6eb3ee70dd98,0,,,,,,,,,,,,,,,,,,,,{}
run_20260423T173127Z,2026-04-23T17:34:08+00:00,stage0,,progress,lexical_hit,ray-stage0,f1143dd55503f67a53eeb9f61f743315ddefb96a,0,,,,,,,,,,,,,,,,,,,,{}
run_20260423T173127Z,2026-04-23T17:34:08+00:00,stage0,,progress,filtered_lexical_miss,ray-stage0,d0d9edc4d8a42f5da163ef2aa1284b66f0d200ae,0,,,,,,,,,,,,,,,,,,,,{}
run_20260423T173127Z,2026-04-23T17:34:08+00:00,stage0,,progress,lexical_hit,ray-stage0,f7abf250aed249c7328203689986b6af1322d2bc,0,,,,,,,,,,,,,,,,,,,,{}
run_20260423T173127Z,2026-04-23T17:34:08+00:00,stage0,,progress,lexical_hit,ray-stage0,82c9f51041d51e3cd53bf12bb02f236c7583449b,0,,,,,,,,,,,,,,,,,,,,{}
run_20260423T173127Z,2026-04-23T17:34:08+00:00,stage0,,progress,lexical_hit,ray-stage0,2d37e2383151ed3d3bd98709c79dcc4f7e9c7358,0,,,,,,,,,,,,,,,,,,,,{}
run_20260423T173127Z,2026-04-23T17:34:08+00:00,stage0,,progress,filtered_lexical_miss,ray-stage0,c62a1b692920db8e7275637da94ff7a168ec5f9f,0,,,,,,,,,,,,,,,,,,,,{}
run_20260423T173127Z,2026-04-23T17:34:08+00:00,stage0,,progress,filtered_lexical_miss,ray-stage0,7a165afec94e263933ad2899e428533cec550925,0,,,,,,,,,,,,,,,,,,,,{}
run_20260423T173127Z,2026-04-23T17:34:08+00:00,stage0,,progress,filtered_lexical_miss,ray-stage0,dc8a1b54b073534cb1f80e9a53f8ee37c98d8422,0,,,,,,,,,,,,,,,,,,,,{}
run_20260423T173127Z,2026-04-23T17:34:08+00:00,stage0,,progress,filtered_lexical_miss,ray-stage0,d30d53e7bd6a14260e2fb8d59f640716a8f4a863,0,,,,,,,,,,,,,,,,,,,,{}
run_20260423T173127Z,2026-04-23T17:34:08+00:00,stage0,,progress,filtered_lexical_miss,ray-stage0,0c5fab34cdd26df9c5f8f376c2d7a50515f8d4d9,0,,,,,,,,,,,,,,,,,,,,{}
run_20260423T173127Z,2026-04-23T17:34:08+00:00,stage0,,progress,filtered_lexical_miss,ray-stage0,39893bb2e88c92e60af0fbcfa46cd14c9def2674,0,,,,,,,,,,,,,,,,,,,,{}
run_20260423T173127Z,2026-04-23T17:34:08+00:00,stage0,,progress,filtered_lexical_miss,ray-stage0,5cee1009553a7a1f537666a3af75b63b18e4fe4a,0,,,,,,,,,,,,,,,,,,,,{}
run_20260423T173127Z,2026-04-23T17:34:08+00:00,stage0,,progress,filtered_lexical_miss,ray-stage0,05b8b810c246aea73097fb94bf2a517024b22b66,0,,,,,,,,,,,,,,,,,,,,{}
run_20260423T173127Z,2026-04-23T17:34:08+00:00,stage0,,progress,filtered_lexical_miss,ray-stage0,937a31e1b60768b591797c3dfc0b6bb5618cce40,0,,,,,,,,,,,,,,,,,,,,{}
run_20260423T173127Z,2026-04-23T17:34:08+00:00,stage0,,progress,lexical_hit,ray-stage0,0bc91acf41dc6b5fe7b4d700060bc65dac54115e,0,,,,,,,,,,,,,,,,,,,,{}
run_20260423T173127Z,2026-04-23T17:34:08+00:00,stage0,,progress,filtered_lexical_miss,ray-stage0,ba0d94b2288dd080ae1fc19e1e6d695b67962cd8,0,,,,,,,,,,,,,,,,,,,,{}
run_20260423T173127Z,2026-04-23T17:34:08+00:00,stage0,,progress,lexical_hit,ray-stage0,253354561f40b288a2246163e77db62596e6a0be,0,,,,,,,,,,,,,,,,,,,,{}
run_20260423T173127Z,2026-04-23T17:34:08+00:00,stage0,,progress,lexical_hit,ray-stage0,40a711a043b18d39a1f25e7e0b0eb2dc610e72e2,0,,,,,,,,,,,,,,,,,,,,{}
run_20260423T173127Z,2026-04-23T17:34:08+00:00,stage0,,progress,lexical_hit,ray-stage0,a69f986d8d0888c6d17acc788550685ef2eee9a4,0,,,,,,,,,,,,,,,,,,,,{}
run_20260423T173127Z,2026-04-23T17:34:08+00:00,stage0,,progress,lexical_hit,ray-stage0,f8e43f8ad8af7eba3c2cdc134448b7734de61297,0,,,,,,,,,,,,,,,,,,,,{}
run_20260423T173127Z,2026-04-23T17:34:08+00:00,stage0,,progress,filtered_lexical_miss,ray-stage0,4577adcab78d403098f3aa2e4cf99379995f6bfb,0,,,,,,,,,,,,,,,,,,,,{}
run_20260423T173127Z,2026-04-23T17:34:08+00:00,stage0,,progress,filtered_lexical_miss,ray-stage0,1c9fbfdd07fa78f1c022775f9b9a098b152a0385,0,,,,,,,,,,,,,,,,,,,,{}
run_20260423T173127Z,2026-04-23T17:34:08+00:00,stage0,,progress,filtered_lexical_miss,ray-stage0,d109df47a0226d0b1f7dfe7560f8ce613dc7fd33,0,,,,,,,,,,,,,,,,,,,,{}
run_20260423T173127Z,2026-04-23T17:34:08+00:00,stage0,,progress,filtered_lexical_miss,ray-stage0,3b77d7cb02f85c2652288fc19b8be93b24467458,0,,,,,,,,,,,,,,,,,,,,{}
run_20260423T173127Z,2026-04-23T17:34:08+00:00,stage0,,progress,lexical_hit,ray-stage0,111f81b0e9786da92667a37c586f2df142e981a5,0,,,,,,,,,,,,,,,,,,,,{}
run_20260423T173127Z,2026-04-23T17:34:08+00:00,stage0,,progress,filtered_lexical_miss,ray-stage0,3bc32e707041a593dbeaa1ecce0499b74be813bb,0,,,,,,,,,,,,,,,,,,,,{}
run_20260423T173127Z,2026-04-23T17:34:08+00:00,stage0,,progress,lexical_hit,ray-stage0,ec0321a0d6a72e869784596f9e1ac13f11e58eb5,0,,,,,,,,,,,,,,,,,,,,{}
run_20260423T173127Z,2026-04-23T17:34:08+00:00,stage0,,progress,filtered_lexical_miss,ray-stage0,80e268cab93e9f5931a7e73dbc254c43f0423b6f,0,,,,,,,,,,,,,,,,,,,,{}
run_20260423T173127Z,2026-04-23T17:34:08+00:00,stage0,,progress,filtered_lexical_miss,ray-stage0,a4c37a99e0c5e3fdfcf9136db20e92132640d14d,0,,,,,,,,,,,,,,,,,,,,{}
run_20260423T173127Z,2026-04-23T17:34:08+00:00,stage0,,progress,filtered_lexical_miss,ray-stage0,208246f72c9082bf923cf55e93b2ff33b92ee5e5,0,,,,,,,,,,,,,,,,,,,,{}
run_20260423T173127Z,2026-04-23T17:34:08+00:00,stage0,,progress,lexical_hit,ray-stage0,f62fd79bf50250719ce2cff05331edfea835c883,0,,,,,,,,,,,,,,,,,,,,{}
run_20260423T173127Z,2026-04-23T17:34:08+00:00,stage0,,progress,filtered_lexical_miss,ray-stage0,fa3bb74da71527110a14658b46b7de265b4205c1,0,,,,,,,,,,,,,,,,,,,,{}
run_20260423T173127Z,2026-04-23T17:34:08+00:00,stage0,,progress,lexical_hit,ray-stage0,8e26ce6e838e0d29df1e0f772e55e75b5e39ceeb,0,,,,,,,,,,,,,,,,,,,,{}
run_20260423T173127Z,2026-04-23T17:34:08+00:00,stage0,,progress,lexical_hit,ray-stage0,48bd6830923c09e4970cacd97c1998979a555ebd,0,,,,,,,,,,,,,,,,,,,,{}
run_20260423T173127Z,2026-04-23T17:34:08+00:00,stage0,,progress,filtered_lexical_miss,ray-stage0,e8fc4e629123e4cc23b07a9c0d32cac9306108a3,0,,,,,,,,,,,,,,,,,,,,{}
run_20260423T173127Z,2026-04-23T17:34:08+00:00,stage0,,progress,lexical_hit,ray-stage0,d29168832433a6b513aa5902306ff33e9c477767,0,,,,,,,,,,,,,,,,,,,,{}
run_20260423T173127Z,2026-04-23T17:34:08+00:00,stage0,,progress,filtered_lexical_miss,ray-stage0,c08d0726646af7c9f40b7894b58cfbb89df533e3,0,,,,,,,,,,,,,,,,,,,,{}
run_20260423T173127Z,2026-04-23T17:34:08+00:00,stage0,,progress,filtered_lexical_miss,ray-stage0,6a8daec05400ed75aea4fd00f11e362972f0a888,0,,,,,,,,,,,,,,,,,,,,{}
run_20260423T173127Z,2026-04-23T17:34:08+00:00,stage0,,progress,filtered_lexical_miss,ray-stage0,22c1b456ac91bab6852b0b242cda5d7c86a03b45,0,,,,,,,,,,,,,,,,,,,,{}
run_20260423T173127Z,2026-04-23T17:34:08+00:00,stage0,,progress,filtered_lexical_miss,ray-stage0,a7c8e1a237a146c38e584e89ab240371f8139822,0,,,,,,,,,,,,,,,,,,,,{}
run_20260423T173127Z,2026-04-23T17:34:08+00:00,stage0,,progress,lexical_hit,ray-stage0,4fd7227f7192d561775d3997fb1c15aabd7a43c3,0,,,,,,,,,,,,,,,,,,,,{}
run_20260423T173127Z,2026-04-23T17:34:08+00:00,stage0,,progress,lexical_hit,ray-stage0,5abf298d8dce1198c1e60796bcc2132b22eac9a5,0,,,,,,,,,,,,,,,,,,,,{}
run_20260423T173127Z,2026-04-23T17:34:08+00:00,stage0,,progress,filtered_lexical_miss,ray-stage0,b763bedc91206304cfe66a21e1250e4f58798a72,0,,,,,,,,,,,,,,,,,,,,{}
run_20260423T173127Z,2026-04-23T17:34:08+00:00,stage0,,progress,lexical_hit,ray-stage0,e118e5403d5b8622aa64574c6603f2e30d8b1bed,0,,,,,,,,,,,,,,,,,,,,{}
run_20260423T173127Z,2026-04-23T17:34:08+00:00,stage0,,progress,lexical_hit,ray-stage0,a09c4a9b5c3fe794901fd05404b55b21f028fdf5,0,,,,,,,,,,,,,,,,,,,,{}
run_20260423T173127Z,2026-04-23T17:34:08+00:00,stage0,,progress,filtered_lexical_miss,ray-stage0,66a4f9c78863fdd97201c18c7c5cb682dac1b0c3,0,,,,,,,,,,,,,,,,,,,,{}
run_20260423T173127Z,2026-04-23T17:34:08+00:00,stage0,,progress,lexical_hit,ray-stage0,50647d8f03840be33aeb945b1fa897a60a6a3553,0,,,,,,,,,,,,,,,,,,,,{}
run_20260423T173127Z,2026-04-23T17:34:08+00:00,stage0,,progress,filtered_lexical_miss,ray-stage0,dc4f0e15f2b0abe6f17412f136e69317fb555620,0,,,,,,,,,,,,,,,,,,,,{}
run_20260423T173127Z,2026-04-23T17:34:08+00:00,stage0,,progress,filtered_lexical_miss,ray-stage0,24f68c0bce3e2d7b7e1d9038ba6f609f789ee02e,0,,,,,,,,,,,,,,,,,,,,{}
run_20260423T173127Z,2026-04-23T17:34:08+00:00,stage0,,progress,filtered_lexical_miss,ray-stage0,f7af66388a6b51d9efcc5172424d806a797f2c5a,0,,,,,,,,,,,,,,,,,,,,{}
run_20260423T173127Z,2026-04-23T17:34:08+00:00,stage0,,progress,lexical_hit,ray-stage0,6704c103213c0a1359e5e299cbd8a5b0611007aa,0,,,,,,,,,,,,,,,,,,,,{}
run_20260423T173127Z,2026-04-23T17:34:08+00:00,stage0,,progress,filtered_lexical_miss,ray-stage0,0e4485355f8ff730723d757380ad58eba69a3fd6,0,,,,,,,,,,,,,,,,,,,,{}
run_20260423T173127Z,2026-04-23T17:34:08+00:00,stage0,,progress,lexical_hit,ray-stage0,01bd9a70682de5778b6296302ff4053c956afd61,0,,,,,,,,,,,,,,,,,,,,{}
run_20260423T173127Z,2026-04-23T17:34:08+00:00,stage0,,progress,lexical_hit,ray-stage0,8c8ebfbb8cc330f02c9af0af787f094b8b4fa51d,0,,,,,,,,,,,,,,,,,,,,{}
run_20260423T173127Z,2026-04-23T17:34:08+00:00,stage0,,progress,lexical_hit,ray-stage0,65ad11e3334f29520140a4e881f05638f5d4033b,0,,,,,,,,,,,,,,,,,,,,{}
run_20260423T173127Z,2026-04-23T17:34:08+00:00,stage0,,progress,filtered_lexical_miss,ray-stage0,e44d677838bca46fd45c0884f1a7a3fdc6f86c9b,0,,,,,,,,,,,,,,,,,,,,{}
run_20260423T173127Z,2026-04-23T17:34:08+00:00,stage0,,progress,lexical_hit,ray-stage0,455513491d16d94c9fe75e8269076b5dd158cbce,0,,,,,,,,,,,,,,,,,,,,{}
run_20260423T173127Z,2026-04-23T17:34:08+00:00,stage0,,progress,filtered_lexical_miss,ray-stage0,d01e09d3c411fcc2572fd78b22fd375ecd1e0dc7,0,,,,,,,,,,,,,,,,,,,,{}
run_20260423T173127Z,2026-04-23T17:34:08+00:00,stage0,,progress,filtered_lexical_miss,ray-stage0,279dcfb0b268b0521357cfb15f227380f69cebcf,0,,,,,,,,,,,,,,,,,,,,{}
run_20260423T173127Z,2026-04-23T17:34:08+00:00,stage0,,progress,filtered_lexical_miss,ray-stage0,ab0ae90d9b4206c26a91aa5144c50c1ae13c17f6,0,,,,,,,,,,,,,,,,,,,,{}
run_20260423T173127Z,2026-04-23T17:34:08+00:00,stage0,,progress,filtered_lexical_miss,ray-stage0,353279d544f5feee860e9549085d379b256d345c,0,,,,,,,,,,,,,,,,,,,,{}
run_20260423T173127Z,2026-04-23T17:34:08+00:00,stage0,,progress,filtered_lexical_miss,ray-stage0,6552559ac6114a3bf69391008a57beed53a42d9b,0,,,,,,,,,,,,,,,,,,,,{}
run_20260423T173127Z,2026-04-23T17:34:08+00:00,stage0,,progress,lexical_hit,ray-stage0,5dd3c0dfa733231f9c0b3ade545ff9df7178749a,0,,,,,,,,,,,,,,,,,,,,{}
run_20260423T173127Z,2026-04-23T17:34:08+00:00,stage0,,progress,filtered_lexical_miss,ray-stage0,fff9b8ee2b836f80822fe9c3e3be8b3836bfc4d7,0,,,,,,,,,,,,,,,,,,,,{}
run_20260423T173127Z,2026-04-23T17:34:08+00:00,stage0,,progress,lexical_hit,ray-stage0,199232f509f61476e50be05d200241da29a0387c,0,,,,,,,,,,,,,,,,,,,,{}
run_20260423T173127Z,2026-04-23T17:34:08+00:00,stage0,,progress,lexical_hit,ray-stage0,b350555928ce7fb17fa660704e5dd80e8257ee01,0,,,,,,,,,,,,,,,,,,,,{}
run_20260423T173127Z,2026-04-23T17:34:08+00:00,stage0,,progress,filtered_lexical_miss,ray-stage0,fa6476ef7c9e8197523816e7b3fb1c656e721a43,0,,,,,,,,,,,,,,,,,,,,{}
run_20260423T173127Z,2026-04-23T17:34:08+00:00,stage0,,progress,lexical_hit,ray-stage0,efabe27e5562021cd91785cea379e55b5306dfd9,0,,,,,,,,,,,,,,,,,,,,{}
run_20260423T173127Z,2026-04-23T17:34:08+00:00,stage0,,progress,lexical_hit,ray-stage0,094ac9343fa29c49aa8c16c78e488013fa07c47b,0,,,,,,,,,,,,,,,,,,,,{}
run_20260423T173127Z,2026-04-23T17:34:08+00:00,stage0,,progress,lexical_hit,ray-stage0,e5877ffdd1bf90fb1f45eecaf0a8554bfa35eaec,0,,,,,,,,,,,,,,,,,,,,{}
run_20260423T173127Z,2026-04-23T17:34:08+00:00,stage0,,progress,filtered_lexical_miss,ray-stage0,dfd16e894bdce4f948487188a9141763e7c5557c,0,,,,,,,,,,,,,,,,,,,,{}
run_20260423T173127Z,2026-04-23T17:34:08+00:00,stage0,,progress,filtered_lexical_miss,ray-stage0,35a62ff1475fe360221541ac1e1baf4ff921aa10,0,,,,,,,,,,,,,,,,,,,,{}
run_20260423T173127Z,2026-04-23T17:34:08+00:00,stage0,,progress,filtered_lexical_miss,ray-stage0,c4281d4e13cd1256328bff253d9389b134ed3e94,0,,,,,,,,,,,,,,,,,,,,{}
run_20260423T173127Z,2026-04-23T17:34:08+00:00,stage0,,progress,filtered_lexical_miss,ray-stage0,e484955149b0631529b2bcedcac591db5ab76916,0,,,,,,,,,,,,,,,,,,,,{}
run_20260423T173127Z,2026-04-23T17:34:08+00:00,stage0,,progress,filtered_lexical_miss,ray-stage0,b6fec5351d8aa80b8742f35c2bbe29176de34681,0,,,,,,,,,,,,,,,,,,,,{}
run_20260423T173127Z,2026-04-23T17:34:08+00:00,stage0,,progress,filtered_lexical_miss,ray-stage0,c923627da84e90a5759bb7821d8dc4a95356c06c,0,,,,,,,,,,,,,,,,,,,,{}
run_20260423T173127Z,2026-04-23T17:34:11+00:00,dns_gate,,progress,accepted,ray-dns-gate,4efc4c68bf9d6ed73003552c5e5bdff22aab5dd3,0,,,,,,,,,,,,,,,,,,,,{}
run_20260423T173127Z,2026-04-23T17:34:11+00:00,dns_gate,,progress,accepted,ray-dns-gate,e241b6b54617083d25ac9bb8143edb5a50a428c8,0,,,,,,,,,,,,,,,,,,,,{}
run_20260423T173127Z,2026-04-23T17:34:11+00:00,dns_gate,,progress,accepted,ray-dns-gate,dd1ce44eb0fa477cb52c7a6235b96a1b40a58bee,0,,,,,,,,,,,,,,,,,,,,{}
run_20260423T173127Z,2026-04-23T17:34:11+00:00,dns_gate,,progress,accepted,ray-dns-gate,5ebd01ee44c5989feaf5ab7a97fa5300d8814e11,0,,,,,,,,,,,,,,,,,,,,{}
run_20260423T173127Z,2026-04-23T17:34:11+00:00,dns_gate,,progress,accepted,ray-dns-gate,5d3355c362b66caad65e3cd87b2d00c3b213a745,0,,,,,,,,,,,,,,,,,,,,{}
run_20260423T173127Z,2026-04-23T17:34:11+00:00,dns_gate,,progress,accepted,ray-dns-gate,f7abf250aed249c7328203689986b6af1322d2bc,0,,,,,,,,,,,,,,,,,,,,{}
run_20260423T173127Z,2026-04-23T17:34:11+00:00,dns_gate,,progress,accepted,ray-dns-gate,56e25d0472f402238e5f13042506dd5c084b148b,0,,,,,,,,,,,,,,,,,,,,{}
run_20260423T173127Z,2026-04-23T17:34:11+00:00,dns_gate,,progress,accepted,ray-dns-gate,baaf1a304c0d456f351e0f4f5c2a6eb3ee70dd98,0,,,,,,,,,,,,,,,,,,,,{}
run_20260423T173127Z,2026-04-23T17:34:12+00:00,dns_gate,,progress,accepted,ray-dns-gate,f1143dd55503f67a53eeb9f61f743315ddefb96a,0,,,,,,,,,,,,,,,,,,,,{}
run_20260423T173127Z,2026-04-23T17:34:12+00:00,dns_gate,,progress,accepted,ray-dns-gate,0bc91acf41dc6b5fe7b4d700060bc65dac54115e,0,,,,,,,,,,,,,,,,,,,,{}
run_20260423T173127Z,2026-04-23T17:34:12+00:00,dns_gate,,progress,accepted,ray-dns-gate,253354561f40b288a2246163e77db62596e6a0be,0,,,,,,,,,,,,,,,,,,,,{}
run_20260423T173127Z,2026-04-23T17:34:12+00:00,dns_gate,,progress,accepted,ray-dns-gate,1fea6c12b8e86f2aafb64403643a8625d257c425,0,,,,,,,,,,,,,,,,,,,,{}
run_20260423T173127Z,2026-04-23T17:34:12+00:00,dns_gate,,progress,accepted,ray-dns-gate,84f4c1fd1fccc4255681263a5ccc0e6d2d2af2f5,0,,,,,,,,,,,,,,,,,,,,{}
run_20260423T173127Z,2026-04-23T17:34:12+00:00,dns_gate,,progress,accepted,ray-dns-gate,a69f986d8d0888c6d17acc788550685ef2eee9a4,0,,,,,,,,,,,,,,,,,,,,{}
run_20260423T173127Z,2026-04-23T17:34:12+00:00,dns_gate,,progress,accepted,ray-dns-gate,f8e43f8ad8af7eba3c2cdc134448b7734de61297,0,,,,,,,,,,,,,,,,,,,,{}
run_20260423T173127Z,2026-04-23T17:34:12+00:00,dns_gate,,progress,accepted,ray-dns-gate,111f81b0e9786da92667a37c586f2df142e981a5,0,,,,,,,,,,,,,,,,,,,,{}
run_20260423T173127Z,2026-04-23T17:34:12+00:00,dns_gate,,progress,accepted,ray-dns-gate,d29168832433a6b513aa5902306ff33e9c477767,0,,,,,,,,,,,,,,,,,,,,{}
run_20260423T173127Z,2026-04-23T17:34:12+00:00,dns_gate,,progress,accepted,ray-dns-gate,8e26ce6e838e0d29df1e0f772e55e75b5e39ceeb,0,,,,,,,,,,,,,,,,,,,,{}
run_20260423T173127Z,2026-04-23T17:34:12+00:00,dns_gate,,progress,accepted,ray-dns-gate,48bd6830923c09e4970cacd97c1998979a555ebd,0,,,,,,,,,,,,,,,,,,,,{}
run_20260423T173127Z,2026-04-23T17:34:12+00:00,dns_gate,,progress,accepted,ray-dns-gate,ec0321a0d6a72e869784596f9e1ac13f11e58eb5,0,,,,,,,,,,,,,,,,,,,,{}
run_20260423T173127Z,2026-04-23T17:34:12+00:00,dns_gate,,progress,accepted,ray-dns-gate,4fd7227f7192d561775d3997fb1c15aabd7a43c3,0,,,,,,,,,,,,,,,,,,,,{}
run_20260423T173127Z,2026-04-23T17:34:12+00:00,dns_gate,,progress,accepted,ray-dns-gate,e118e5403d5b8622aa64574c6603f2e30d8b1bed,0,,,,,,,,,,,,,,,,,,,,{}
run_20260423T173127Z,2026-04-23T17:34:12+00:00,dns_gate,,progress,accepted,ray-dns-gate,5abf298d8dce1198c1e60796bcc2132b22eac9a5,0,,,,,,,,,,,,,,,,,,,,{}
run_20260423T173127Z,2026-04-23T17:34:12+00:00,dns_gate,,progress,accepted,ray-dns-gate,a09c4a9b5c3fe794901fd05404b55b21f028fdf5,0,,,,,,,,,,,,,,,,,,,,{}
run_20260423T173127Z,2026-04-23T17:34:12+00:00,dns_gate,,progress,accepted,ray-dns-gate,6704c103213c0a1359e5e299cbd8a5b0611007aa,0,,,,,,,,,,,,,,,,,,,,{}
run_20260423T173127Z,2026-04-23T17:34:12+00:00,dns_gate,,progress,accepted,ray-dns-gate,01bd9a70682de5778b6296302ff4053c956afd61,0,,,,,,,,,,,,,,,,,,,,{}
run_20260423T173127Z,2026-04-23T17:34:12+00:00,dns_gate,,progress,accepted,ray-dns-gate,65ad11e3334f29520140a4e881f05638f5d4033b,0,,,,,,,,,,,,,,,,,,,,{}
run_20260423T173127Z,2026-04-23T17:34:12+00:00,dns_gate,,progress,accepted,ray-dns-gate,50647d8f03840be33aeb945b1fa897a60a6a3553,0,,,,,,,,,,,,,,,,,,,,{}
run_20260423T173127Z,2026-04-23T17:34:12+00:00,dns_gate,,progress,accepted,ray-dns-gate,455513491d16d94c9fe75e8269076b5dd158cbce,0,,,,,,,,,,,,,,,,,,,,{}
run_20260423T173127Z,2026-04-23T17:34:12+00:00,dns_gate,,progress,accepted,ray-dns-gate,5dd3c0dfa733231f9c0b3ade545ff9df7178749a,0,,,,,,,,,,,,,,,,,,,,{}
run_20260423T173127Z,2026-04-23T17:34:12+00:00,dns_gate,,progress,accepted,ray-dns-gate,efabe27e5562021cd91785cea379e55b5306dfd9,0,,,,,,,,,,,,,,,,,,,,{}
run_20260423T173127Z,2026-04-23T17:34:12+00:00,dns_gate,,progress,accepted,ray-dns-gate,199232f509f61476e50be05d200241da29a0387c,0,,,,,,,,,,,,,,,,,,,,{}
run_20260423T173127Z,2026-04-23T17:34:12+00:00,dns_gate,,progress,accepted,ray-dns-gate,b350555928ce7fb17fa660704e5dd80e8257ee01,0,,,,,,,,,,,,,,,,,,,,{}
run_20260423T173127Z,2026-04-23T17:34:12+00:00,dns_gate,,progress,accepted,ray-dns-gate,094ac9343fa29c49aa8c16c78e488013fa07c47b,0,,,,,,,,,,,,,,,,,,,,{}
run_20260423T173127Z,2026-04-23T17:34:12+00:00,dns_gate,,progress,accepted,ray-dns-gate,e5877ffdd1bf90fb1f45eecaf0a8554bfa35eaec,0,,,,,,,,,,,,,,,,,,,,{}
run_20260423T173127Z,2026-04-23T17:34:12+00:00,dns_gate,,progress,registration_passthrough,ray-dns-gate,f52ffd904de33c11757651d91fe65c0d5a2688c1,0,,,,,,,,,,,,,,,,,,,no A/AAAA answers for icicibxsk.icu,{}
run_20260423T173127Z,2026-04-23T17:34:12+00:00,dns_gate,,progress,registration_passthrough,ray-dns-gate,82c9f51041d51e3cd53bf12bb02f236c7583449b,0,,,,,,,,,,,,,,,,,,,no A/AAAA answers for fintecheye.com,{}
run_20260423T173127Z,2026-04-23T17:34:12+00:00,dns_gate,,progress,registration_passthrough,ray-dns-gate,2d37e2383151ed3d3bd98709c79dcc4f7e9c7358,0,,,,,,,,,,,,,,,,,,,no A/AAAA answers for kftchj.com,{}
run_20260423T173127Z,2026-04-23T17:34:12+00:00,dns_gate,,progress,registration_passthrough,ray-dns-gate,40a711a043b18d39a1f25e7e0b0eb2dc610e72e2,0,,,,,,,,,,,,,,,,,,,no A/AAAA answers for canarabankinfo.net,{}
run_20260423T173127Z,2026-04-23T17:34:12+00:00,dns_gate,,progress,registration_passthrough,ray-dns-gate,f62fd79bf50250719ce2cff05331edfea835c883,0,,,,,,,,,,,,,,,,,,,no A/AAAA answers for z-axis-tech.com,{}
run_20260423T173127Z,2026-04-23T17:34:12+00:00,dns_gate,,progress,registration_passthrough,ray-dns-gate,8c8ebfbb8cc330f02c9af0af787f094b8b4fa51d,0,,,,,,,,,,,,,,,,,,,no A/AAAA answers for uidaiuclservicegov.com,{}
run_20260423T173127Z,2026-04-23T17:34:12+00:00,shortlist,shortlist,progress,,,,,,,,,,,,,,,,,,,,,,,,{}
run_20260423T173127Z,2026-04-23T17:34:12+00:00,dns_gate,,progress,accepted,ray-dns-gate,f053a2ff4f20daa5face76e9db8aa2c02c1d73a5,0,,,,,,,,,,,,,,,,,,,,{}
run_20260423T173127Z,2026-04-23T17:34:12+00:00,dns_gate,,progress,accepted,ray-dns-gate,5b1a63cfeea68e1407df1c0b73fbbe986c7bb98c,0,,,,,,,,,,,,,,,,,,,,{}
run_20260423T173127Z,2026-04-23T17:34:12+00:00,dns_gate,,progress,accepted,ray-dns-gate,832c08281f37c8f5c069265ea2121f1200284fdc,0,,,,,,,,,,,,,,,,,,,,{}
run_20260423T173127Z,2026-04-23T17:34:12+00:00,dns_gate,,progress,accepted,ray-dns-gate,270c9c9213208dfcedefa1e3d3fa0517c51e5de9,0,,,,,,,,,,,,,,,,,,,,{}
run_20260423T173127Z,2026-04-23T17:34:12+00:00,dns_gate,,progress,accepted,ray-dns-gate,360025bca138005fa46cd802661a9a22a15d386c,0,,,,,,,,,,,,,,,,,,,,{}
run_20260423T173127Z,2026-04-23T17:34:12+00:00,dns_gate,,progress,accepted,ray-dns-gate,1a145ef9a4723c0663b76233e7b954aeffb59529,0,,,,,,,,,,,,,,,,,,,,{}
run_20260423T173127Z,2026-04-23T17:34:12+00:00,dns_gate,,progress,accepted,ray-dns-gate,3ddb4a5f85acb75cca97ed26d779cce8f6f7800b,0,,,,,,,,,,,,,,,,,,,,{}
run_20260423T173127Z,2026-04-23T17:34:12+00:00,dns_gate,,progress,accepted,ray-dns-gate,c1939b1497f820f12f6cd0d92d2718d1a92d211e,0,,,,,,,,,,,,,,,,,,,,{}
run_20260423T173127Z,2026-04-23T17:34:12+00:00,dns_gate,,progress,accepted,ray-dns-gate,eb3285f8bcc6b7ec33ab8cc96785d0faad7b5bf8,0,,,,,,,,,,,,,,,,,,,,{}
run_20260423T173127Z,2026-04-23T17:34:12+00:00,dns_gate,,progress,accepted,ray-dns-gate,fe4de6ff5518ab2e0c93ecc750ff0a0e48a3eef9,0,,,,,,,,,,,,,,,,,,,,{}
run_20260423T173127Z,2026-04-23T17:34:12+00:00,dns_gate,,progress,accepted,ray-dns-gate,3ef123ed6287254bda0171715b79fab18aeb27b3,0,,,,,,,,,,,,,,,,,,,,{}
run_20260423T173127Z,2026-04-23T17:34:12+00:00,dns_gate,,progress,accepted,ray-dns-gate,b327086ec0697e31daefac4aae300956b9044cf3,0,,,,,,,,,,,,,,,,,,,,{}
run_20260423T173127Z,2026-04-23T17:34:12+00:00,dns_gate,,progress,accepted,ray-dns-gate,6b5d605719231eb2921e8e08af5481f4c521fe6b,0,,,,,,,,,,,,,,,,,,,,{}
run_20260423T173127Z,2026-04-23T17:34:12+00:00,dns_gate,,progress,accepted,ray-dns-gate,d0d9edc4d8a42f5da163ef2aa1284b66f0d200ae,0,,,,,,,,,,,,,,,,,,,,{}
run_20260423T173127Z,2026-04-23T17:34:12+00:00,dns_gate,,progress,accepted,ray-dns-gate,594f4fa850d714e477edd35624c2974f3d2ed892,0,,,,,,,,,,,,,,,,,,,,{}
run_20260423T173127Z,2026-04-23T17:34:12+00:00,dns_gate,,progress,accepted,ray-dns-gate,1553a9a0a1c42765a9f26300783d4a5d1ab3a9a3,0,,,,,,,,,,,,,,,,,,,,{}
run_20260423T173127Z,2026-04-23T17:34:12+00:00,dns_gate,,progress,accepted,ray-dns-gate,c62a1b692920db8e7275637da94ff7a168ec5f9f,0,,,,,,,,,,,,,,,,,,,,{}
run_20260423T173127Z,2026-04-23T17:34:12+00:00,dns_gate,,progress,accepted,ray-dns-gate,dc8a1b54b073534cb1f80e9a53f8ee37c98d8422,0,,,,,,,,,,,,,,,,,,,,{}
run_20260423T173127Z,2026-04-23T17:34:12+00:00,dns_gate,,progress,accepted,ray-dns-gate,937a31e1b60768b591797c3dfc0b6bb5618cce40,0,,,,,,,,,,,,,,,,,,,,{}
run_20260423T173127Z,2026-04-23T17:34:12+00:00,dns_gate,,progress,accepted,ray-dns-gate,d30d53e7bd6a14260e2fb8d59f640716a8f4a863,0,,,,,,,,,,,,,,,,,,,,{}
run_20260423T173127Z,2026-04-23T17:34:12+00:00,dns_gate,,progress,accepted,ray-dns-gate,0c5fab34cdd26df9c5f8f376c2d7a50515f8d4d9,0,,,,,,,,,,,,,,,,,,,,{}
run_20260423T173127Z,2026-04-23T17:34:12+00:00,dns_gate,,progress,accepted,ray-dns-gate,7a165afec94e263933ad2899e428533cec550925,0,,,,,,,,,,,,,,,,,,,,{}
run_20260423T173127Z,2026-04-23T17:34:12+00:00,dns_gate,,progress,accepted,ray-dns-gate,39893bb2e88c92e60af0fbcfa46cd14c9def2674,0,,,,,,,,,,,,,,,,,,,,{}
run_20260423T173127Z,2026-04-23T17:34:12+00:00,dns_gate,,progress,accepted,ray-dns-gate,5cee1009553a7a1f537666a3af75b63b18e4fe4a,0,,,,,,,,,,,,,,,,,,,,{}
run_20260423T173127Z,2026-04-23T17:34:12+00:00,dns_gate,,progress,accepted,ray-dns-gate,ba0d94b2288dd080ae1fc19e1e6d695b67962cd8,0,,,,,,,,,,,,,,,,,,,,{}
run_20260423T173127Z,2026-04-23T17:34:12+00:00,dns_gate,,progress,accepted,ray-dns-gate,4577adcab78d403098f3aa2e4cf99379995f6bfb,0,,,,,,,,,,,,,,,,,,,,{}
run_20260423T173127Z,2026-04-23T17:34:12+00:00,dns_gate,,progress,accepted,ray-dns-gate,1c9fbfdd07fa78f1c022775f9b9a098b152a0385,0,,,,,,,,,,,,,,,,,,,,{}
run_20260423T173127Z,2026-04-23T17:34:12+00:00,dns_gate,,progress,accepted,ray-dns-gate,80e268cab93e9f5931a7e73dbc254c43f0423b6f,0,,,,,,,,,,,,,,,,,,,,{}
run_20260423T173127Z,2026-04-23T17:34:12+00:00,dns_gate,,progress,accepted,ray-dns-gate,208246f72c9082bf923cf55e93b2ff33b92ee5e5,0,,,,,,,,,,,,,,,,,,,,{}
run_20260423T173127Z,2026-04-23T17:34:12+00:00,dns_gate,,progress,accepted,ray-dns-gate,a4c37a99e0c5e3fdfcf9136db20e92132640d14d,0,,,,,,,,,,,,,,,,,,,,{}
run_20260423T173127Z,2026-04-23T17:34:12+00:00,dns_gate,,progress,accepted,ray-dns-gate,3bc32e707041a593dbeaa1ecce0499b74be813bb,0,,,,,,,,,,,,,,,,,,,,{}
run_20260423T173127Z,2026-04-23T17:34:12+00:00,dns_gate,,progress,accepted,ray-dns-gate,e8fc4e629123e4cc23b07a9c0d32cac9306108a3,0,,,,,,,,,,,,,,,,,,,,{}
run_20260423T173127Z,2026-04-23T17:34:12+00:00,dns_gate,,progress,accepted,ray-dns-gate,c08d0726646af7c9f40b7894b58cfbb89df533e3,0,,,,,,,,,,,,,,,,,,,,{}
run_20260423T173127Z,2026-04-23T17:34:12+00:00,dns_gate,,progress,accepted,ray-dns-gate,22c1b456ac91bab6852b0b242cda5d7c86a03b45,0,,,,,,,,,,,,,,,,,,,,{}
run_20260423T173127Z,2026-04-23T17:34:12+00:00,dns_gate,,progress,accepted,ray-dns-gate,fa3bb74da71527110a14658b46b7de265b4205c1,0,,,,,,,,,,,,,,,,,,,,{}
run_20260423T173127Z,2026-04-23T17:34:12+00:00,dns_gate,,progress,accepted,ray-dns-gate,6a8daec05400ed75aea4fd00f11e362972f0a888,0,,,,,,,,,,,,,,,,,,,,{}
run_20260423T173127Z,2026-04-23T17:34:12+00:00,dns_gate,,progress,accepted,ray-dns-gate,a7c8e1a237a146c38e584e89ab240371f8139822,0,,,,,,,,,,,,,,,,,,,,{}
run_20260423T173127Z,2026-04-23T17:34:12+00:00,dns_gate,,progress,accepted,ray-dns-gate,b763bedc91206304cfe66a21e1250e4f58798a72,0,,,,,,,,,,,,,,,,,,,,{}
run_20260423T173127Z,2026-04-23T17:34:12+00:00,dns_gate,,progress,accepted,ray-dns-gate,dc4f0e15f2b0abe6f17412f136e69317fb555620,0,,,,,,,,,,,,,,,,,,,,{}
run_20260423T173127Z,2026-04-23T17:34:12+00:00,dns_gate,,progress,accepted,ray-dns-gate,66a4f9c78863fdd97201c18c7c5cb682dac1b0c3,0,,,,,,,,,,,,,,,,,,,,{}
run_20260423T173127Z,2026-04-23T17:34:12+00:00,dns_gate,,progress,accepted,ray-dns-gate,f7af66388a6b51d9efcc5172424d806a797f2c5a,0,,,,,,,,,,,,,,,,,,,,{}
run_20260423T173127Z,2026-04-23T17:34:12+00:00,dns_gate,,progress,accepted,ray-dns-gate,d01e09d3c411fcc2572fd78b22fd375ecd1e0dc7,0,,,,,,,,,,,,,,,,,,,,{}
run_20260423T173127Z,2026-04-23T17:34:12+00:00,dns_gate,,progress,accepted,ray-dns-gate,ab0ae90d9b4206c26a91aa5144c50c1ae13c17f6,0,,,,,,,,,,,,,,,,,,,,{}
run_20260423T173127Z,2026-04-23T17:34:12+00:00,dns_gate,,progress,accepted,ray-dns-gate,0e4485355f8ff730723d757380ad58eba69a3fd6,0,,,,,,,,,,,,,,,,,,,,{}
run_20260423T173127Z,2026-04-23T17:34:12+00:00,dns_gate,,progress,accepted,ray-dns-gate,e44d677838bca46fd45c0884f1a7a3fdc6f86c9b,0,,,,,,,,,,,,,,,,,,,,{}
run_20260423T173127Z,2026-04-23T17:34:12+00:00,dns_gate,,progress,accepted,ray-dns-gate,353279d544f5feee860e9549085d379b256d345c,0,,,,,,,,,,,,,,,,,,,,{}
run_20260423T173127Z,2026-04-23T17:34:12+00:00,dns_gate,,progress,accepted,ray-dns-gate,fa6476ef7c9e8197523816e7b3fb1c656e721a43,0,,,,,,,,,,,,,,,,,,,,{}
run_20260423T173127Z,2026-04-23T17:34:12+00:00,dns_gate,,progress,accepted,ray-dns-gate,6552559ac6114a3bf69391008a57beed53a42d9b,0,,,,,,,,,,,,,,,,,,,,{}
run_20260423T173127Z,2026-04-23T17:34:12+00:00,dns_gate,,progress,accepted,ray-dns-gate,279dcfb0b268b0521357cfb15f227380f69cebcf,0,,,,,,,,,,,,,,,,,,,,{}
run_20260423T173127Z,2026-04-23T17:34:12+00:00,dns_gate,,progress,accepted,ray-dns-gate,dfd16e894bdce4f948487188a9141763e7c5557c,0,,,,,,,,,,,,,,,,,,,,{}
run_20260423T173127Z,2026-04-23T17:34:12+00:00,dns_gate,,progress,accepted,ray-dns-gate,35a62ff1475fe360221541ac1e1baf4ff921aa10,0,,,,,,,,,,,,,,,,,,,,{}
run_20260423T173127Z,2026-04-23T17:34:12+00:00,dns_gate,,progress,accepted,ray-dns-gate,c4281d4e13cd1256328bff253d9389b134ed3e94,0,,,,,,,,,,,,,,,,,,,,{}
run_20260423T173127Z,2026-04-23T17:34:12+00:00,dns_gate,,progress,accepted,ray-dns-gate,b6fec5351d8aa80b8742f35c2bbe29176de34681,0,,,,,,,,,,,,,,,,,,,,{}
run_20260423T173127Z,2026-04-23T17:34:12+00:00,dns_gate,,progress,accepted,ray-dns-gate,c923627da84e90a5759bb7821d8dc4a95356c06c,0,,,,,,,,,,,,,,,,,,,,{}
run_20260423T173127Z,2026-04-23T17:34:12+00:00,dns_gate,,progress,filtered_dns_inactive,ray-dns-gate,05b8b810c246aea73097fb94bf2a517024b22b66,0,,,,,,,,,,,,,,,,,,,no A/AAAA answers for assamblenetwork.com,{}
run_20260423T173127Z,2026-04-23T17:34:12+00:00,dns_gate,,progress,filtered_dns_inactive,ray-dns-gate,5e11592c51c895fad75cfdf50a527a6881fc7c85,0,,,,,,,,,,,,,,,,,,,no A/AAAA answers for sparrow99.xyz,{}
run_20260423T173127Z,2026-04-23T17:34:12+00:00,dns_gate,,progress,accepted,ray-dns-gate,e484955149b0631529b2bcedcac591db5ab76916,0,,,,,,,,,,,,,,,,,,,,{}
run_20260423T173127Z,2026-04-23T17:34:12+00:00,dns_gate,,progress,filtered_dns_inactive,ray-dns-gate,d109df47a0226d0b1f7dfe7560f8ce613dc7fd33,0,,,,,,,,,,,,,,,,,,,no A/AAAA answers for assamble.com,{}
run_20260423T173127Z,2026-04-23T17:34:12+00:00,dns_gate,,progress,filtered_dns_inactive,ray-dns-gate,3b77d7cb02f85c2652288fc19b8be93b24467458,0,,,,,,,,,,,,,,,,,,,no A/AAAA answers for whydfwc.com,{}
run_20260423T173127Z,2026-04-23T17:34:12+00:00,dns_gate,,progress,filtered_dns_inactive,ray-dns-gate,fff9b8ee2b836f80822fe9c3e3be8b3836bfc4d7,0,,,,,,,,,,,,,,,,,,,no A/AAAA answers for jiayuok.com,{}
run_20260423T173127Z,2026-04-23T17:34:12+00:00,dns_gate,,progress,filtered_dns_inactive,ray-dns-gate,0807637708ac191810a5209979a9f9491d4de059,0,,,,,,,,,,,,,,,,,,,no A/AAAA answers for jiaio.com,{}
run_20260423T173127Z,2026-04-23T17:34:12+00:00,dns_gate,,progress,filtered_dns_inactive,ray-dns-gate,24f68c0bce3e2d7b7e1d9038ba6f609f789ee02e,0,,,,,,,,,,,,,,,,,,,no A/AAAA answers for jiantop.com,{}
run_20260423T173127Z,2026-04-23T17:34:12+00:00,hash,,progress,admitted,ray-hash-admit,4efc4c68bf9d6ed73003552c5e5bdff22aab5dd3,0,,,,,,,,,,,,,,,,,,,,{}
run_20260423T173127Z,2026-04-23T17:34:14+00:00,hash,,progress,admitted,ray-hash-admit,e241b6b54617083d25ac9bb8143edb5a50a428c8,0,,,,,,,,,,,,,,,,,,,,{}
run_20260423T173127Z,2026-04-23T17:34:14+00:00,stage1,,stage_end,failed,ray-stage1,50e396db42ab80e54e23199097ea69e4a00826ec,142774,,,,,,,,,,,,,,,,,,,,{}
run_20260423T173127Z,2026-04-23T17:34:14+00:00,stage1,,stage_end,failed,ray-stage1,5b1a63cfeea68e1407df1c0b73fbbe986c7bb98c,6172,,,,,,,,,,,,,,,,,,,,{}
run_20260423T173127Z,2026-04-23T17:34:15+00:00,stage1,,stage_end,failed,ray-stage1,3caf6a9c0cbf42c109db12348fa66e0b137bfc64,142774,,,,,,,,,,,,,,,,,,,,{}
run_20260423T173127Z,2026-04-23T17:34:15+00:00,stage1,,stage_end,failed,ray-stage1,f053a2ff4f20daa5face76e9db8aa2c02c1d73a5,7179,,,,,,,,,,,,,,,,,,,,{}
run_20260423T173127Z,2026-04-23T17:34:15+00:00,hash,,progress,admitted,ray-hash-admit,dd1ce44eb0fa477cb52c7a6235b96a1b40a58bee,0,,,,,,,,,,,,,,,,,,,,{}
run_20260423T173127Z,2026-04-23T17:34:16+00:00,stage1,,stage_end,failed,ray-stage1,832c08281f37c8f5c069265ea2121f1200284fdc,8045,,,,,,,,,,,,,,,,,,,,{}
run_20260423T173127Z,2026-04-23T17:34:16+00:00,stage1,,stage_end,failed,ray-stage1,270c9c9213208dfcedefa1e3d3fa0517c51e5de9,8047,,,,,,,,,,,,,,,,,,,,{}
run_20260423T173127Z,2026-04-23T17:34:16+00:00,hash,,progress,admitted,ray-hash-admit,5d3355c362b66caad65e3cd87b2d00c3b213a745,0,,,,,,,,,,,,,,,,,,,,{}
run_20260423T173127Z,2026-04-23T17:34:17+00:00,shortlist,shortlist,progress,,,,,,,,,,,,,,,,,,,,,,,,{}
run_20260423T173127Z,2026-04-23T17:34:17+00:00,stage1,,stage_end,failed,ray-stage1,360025bca138005fa46cd802661a9a22a15d386c,9051,,,,,,,,,,,,,,,,,,,,{}
run_20260423T173127Z,2026-04-23T17:34:17+00:00,stage1,,stage_end,failed,ray-stage1,3ddb4a5f85acb75cca97ed26d779cce8f6f7800b,9052,,,,,,,,,,,,,,,,,,,,{}
run_20260423T173127Z,2026-04-23T17:34:17+00:00,hash,,progress,admitted,ray-hash-admit,5ebd01ee44c5989feaf5ab7a97fa5300d8814e11,0,,,,,,,,,,,,,,,,,,,,{}
run_20260423T173127Z,2026-04-23T17:34:18+00:00,stage1,,stage_end,failed,ray-stage1,1a145ef9a4723c0663b76233e7b954aeffb59529,10059,,,,,,,,,,,,,,,,,,,,{}
run_20260423T173127Z,2026-04-23T17:34:18+00:00,hash,,progress,admitted,ray-hash-admit,f7abf250aed249c7328203689986b6af1322d2bc,0,,,,,,,,,,,,,,,,,,,,{}
run_20260423T173127Z,2026-04-23T17:34:19+00:00,stage1,,stage_end,failed,ray-stage1,eb3285f8bcc6b7ec33ab8cc96785d0faad7b5bf8,11067,,,,,,,,,,,,,,,,,,,,{}
run_20260423T173127Z,2026-04-23T17:34:19+00:00,stage1,,stage_end,failed,ray-stage1,fe4de6ff5518ab2e0c93ecc750ff0a0e48a3eef9,11068,,,,,,,,,,,,,,,,,,,,{}
run_20260423T173127Z,2026-04-23T17:34:19+00:00,hash,,progress,admitted,ray-hash-admit,56e25d0472f402238e5f13042506dd5c084b148b,0,,,,,,,,,,,,,,,,,,,,{}
run_20260423T173127Z,2026-04-23T17:34:20+00:00,hash,,progress,admitted,ray-hash-admit,baaf1a304c0d456f351e0f4f5c2a6eb3ee70dd98,0,,,,,,,,,,,,,,,,,,,,{}
run_20260423T173127Z,2026-04-23T17:34:21+00:00,hash,,progress,admitted,ray-hash-admit,84f4c1fd1fccc4255681263a5ccc0e6d2d2af2f5,0,,,,,,,,,,,,,,,,,,,,{}
run_20260423T173127Z,2026-04-23T17:34:22+00:00,shortlist,shortlist,progress,,,,,,,,,,,,,,,,,,,,,,,,{}
run_20260423T173127Z,2026-04-23T17:34:22+00:00,stage1,,stage_end,failed,ray-stage1,3ef123ed6287254bda0171715b79fab18aeb27b3,14086,,,,,,,,,,,,,,,,,,,,{}
run_20260423T173127Z,2026-04-23T17:34:22+00:00,stage1,,stage_end,failed,ray-stage1,6b5d605719231eb2921e8e08af5481f4c521fe6b,14087,,,,,,,,,,,,,,,,,,,,{}
run_20260423T173127Z,2026-04-23T17:34:22+00:00,hash,,progress,admitted,ray-hash-admit,1fea6c12b8e86f2aafb64403643a8625d257c425,0,,,,,,,,,,,,,,,,,,,,{}
run_20260423T173127Z,2026-04-23T17:34:23+00:00,stage1,,stage_end,failed,ray-stage1,c1939b1497f820f12f6cd0d92d2718d1a92d211e,15096,,,,,,,,,,,,,,,,,,,,{}
run_20260423T173127Z,2026-04-23T17:34:23+00:00,hash,,progress,admitted,ray-hash-admit,f1143dd55503f67a53eeb9f61f743315ddefb96a,0,,,,,,,,,,,,,,,,,,,,{}
run_20260423T173127Z,2026-04-23T17:34:24+00:00,hash,,progress,admitted,ray-hash-admit,0bc91acf41dc6b5fe7b4d700060bc65dac54115e,0,,,,,,,,,,,,,,,,,,,,{}
run_20260423T173127Z,2026-04-23T17:34:25+00:00,stage1,,stage_end,failed,ray-stage1,594f4fa850d714e477edd35624c2974f3d2ed892,17111,,,,,,,,,,,,,,,,,,,,{}
run_20260423T173127Z,2026-04-23T17:34:25+00:00,stage1,,stage_end,failed,ray-stage1,1553a9a0a1c42765a9f26300783d4a5d1ab3a9a3,17111,,,,,,,,,,,,,,,,,,,,{}
run_20260423T173127Z,2026-04-23T17:34:25+00:00,stage1,,stage_end,failed,ray-stage1,b327086ec0697e31daefac4aae300956b9044cf3,17112,,,,,,,,,,,,,,,,,,,,{}
run_20260423T173127Z,2026-04-23T17:34:26+00:00,hash,,progress,admitted,ray-hash-admit,253354561f40b288a2246163e77db62596e6a0be,0,,,,,,,,,,,,,,,,,,,,{}
run_20260423T173127Z,2026-04-23T17:34:27+00:00,shortlist,shortlist,progress,,,,,,,,,,,,,,,,,,,,,,,,{}
run_20260423T173127Z,2026-04-23T17:34:27+00:00,stage1,,stage_end,failed,ray-stage1,c62a1b692920db8e7275637da94ff7a168ec5f9f,19128,,,,,,,,,,,,,,,,,,,,{}
run_20260423T173127Z,2026-04-23T17:34:27+00:00,stage1,,stage_end,failed,ray-stage1,dc8a1b54b073534cb1f80e9a53f8ee37c98d8422,19127,,,,,,,,,,,,,,,,,,,,{}
run_20260423T173127Z,2026-04-23T17:34:27+00:00,hash,,progress,admitted,ray-hash-admit,a69f986d8d0888c6d17acc788550685ef2eee9a4,0,,,,,,,,,,,,,,,,,,,,{}
run_20260423T173127Z,2026-04-23T17:34:28+00:00,hash,,progress,admitted,ray-hash-admit,f8e43f8ad8af7eba3c2cdc134448b7734de61297,0,,,,,,,,,,,,,,,,,,,,{}
run_20260423T173127Z,2026-04-23T17:34:29+00:00,stage1,,stage_end,failed,ray-stage1,937a31e1b60768b591797c3dfc0b6bb5618cce40,21141,,,,,,,,,,,,,,,,,,,,{}
run_20260423T173127Z,2026-04-23T17:34:29+00:00,stage1,,stage_end,failed,ray-stage1,d30d53e7bd6a14260e2fb8d59f640716a8f4a863,21142,,,,,,,,,,,,,,,,,,,,{}
run_20260423T173127Z,2026-04-23T17:34:29+00:00,hash,,progress,admitted,ray-hash-admit,111f81b0e9786da92667a37c586f2df142e981a5,0,,,,,,,,,,,,,,,,,,,,{}
run_20260423T173127Z,2026-04-23T17:34:30+00:00,stage1,,stage_end,failed,ray-stage1,d0d9edc4d8a42f5da163ef2aa1284b66f0d200ae,22160,,,,,,,,,,,,,,,,,,,,{}
run_20260423T173127Z,2026-04-23T17:34:30+00:00,hash,,progress,admitted,ray-hash-admit,ec0321a0d6a72e869784596f9e1ac13f11e58eb5,0,,,,,,,,,,,,,,,,,,,,{}
run_20260423T173127Z,2026-04-23T17:34:31+00:00,stage1,,stage_end,failed,ray-stage1,7a165afec94e263933ad2899e428533cec550925,22966,,,,,,,,,,,,,,,,,,,,{}
run_20260423T173127Z,2026-04-23T17:34:31+00:00,stage1,,stage_end,failed,ray-stage1,39893bb2e88c92e60af0fbcfa46cd14c9def2674,22966,,,,,,,,,,,,,,,,,,,,{}
run_20260423T173127Z,2026-04-23T17:34:31+00:00,hash,,progress,admitted,ray-hash-admit,d29168832433a6b513aa5902306ff33e9c477767,0,,,,,,,,,,,,,,,,,,,,{}
run_20260423T173127Z,2026-04-23T17:34:32+00:00,stage1,,stage_end,failed,ray-stage1,0c5fab34cdd26df9c5f8f376c2d7a50515f8d4d9,23610,,,,,,,,,,,,,,,,,,,,{}
run_20260423T173127Z,2026-04-23T17:34:32+00:00,stage1,,stage_end,failed,ray-stage1,5cee1009553a7a1f537666a3af75b63b18e4fe4a,23610,,,,,,,,,,,,,,,,,,,,{}
run_20260423T173127Z,2026-04-23T17:34:32+00:00,hash,,progress,admitted,ray-hash-admit,8e26ce6e838e0d29df1e0f772e55e75b5e39ceeb,0,,,,,,,,,,,,,,,,,,,,{}
run_20260423T173127Z,2026-04-23T17:34:32+00:00,shortlist,shortlist,progress,,,,,,,,,,,,,,,,,,,,,,,,{}
run_20260423T173127Z,2026-04-23T17:34:33+00:00,stage1,,stage_end,failed,ray-stage1,ba0d94b2288dd080ae1fc19e1e6d695b67962cd8,24270,,,,,,,,,,,,,,,,,,,,{}
run_20260423T173127Z,2026-04-23T17:34:33+00:00,stage1,,stage_end,failed,ray-stage1,4577adcab78d403098f3aa2e4cf99379995f6bfb,24268,,,,,,,,,,,,,,,,,,,,{}
run_20260423T173127Z,2026-04-23T17:34:33+00:00,hash,,progress,admitted,ray-hash-admit,48bd6830923c09e4970cacd97c1998979a555ebd,0,,,,,,,,,,,,,,,,,,,,{}
run_20260423T173127Z,2026-04-23T17:34:34+00:00,hash,,progress,admitted,ray-hash-admit,4fd7227f7192d561775d3997fb1c15aabd7a43c3,0,,,,,,,,,,,,,,,,,,,,{}
run_20260423T173127Z,2026-04-23T17:34:34+00:00,stage1,,stage_end,failed,ray-stage1,1c9fbfdd07fa78f1c022775f9b9a098b152a0385,25279,,,,,,,,,,,,,,,,,,,,{}
run_20260423T173127Z,2026-04-23T17:34:34+00:00,stage1,,stage_end,failed,ray-stage1,80e268cab93e9f5931a7e73dbc254c43f0423b6f,25278,,,,,,,,,,,,,,,,,,,,{}
run_20260423T173127Z,2026-04-23T17:34:35+00:00,stage1,,stage_end,failed,ray-stage1,208246f72c9082bf923cf55e93b2ff33b92ee5e5,26289,,,,,,,,,,,,,,,,,,,,{}
run_20260423T173127Z,2026-04-23T17:34:35+00:00,hash,,progress,admitted,ray-hash-admit,e118e5403d5b8622aa64574c6603f2e30d8b1bed,0,,,,,,,,,,,,,,,,,,,,{}
run_20260423T173127Z,2026-04-23T17:34:36+00:00,stage1,,stage_end,failed,ray-stage1,a4c37a99e0c5e3fdfcf9136db20e92132640d14d,27305,,,,,,,,,,,,,,,,,,,,{}
run_20260423T173127Z,2026-04-23T17:34:36+00:00,stage1,,stage_end,failed,ray-stage1,fa3bb74da71527110a14658b46b7de265b4205c1,27305,,,,,,,,,,,,,,,,,,,,{}
run_20260423T173127Z,2026-04-23T17:34:36+00:00,hash,,progress,admitted,ray-hash-admit,5abf298d8dce1198c1e60796bcc2132b22eac9a5,0,,,,,,,,,,,,,,,,,,,,{}
run_20260423T173127Z,2026-04-23T17:34:37+00:00,hash,,progress,admitted,ray-hash-admit,a09c4a9b5c3fe794901fd05404b55b21f028fdf5,0,,,,,,,,,,,,,,,,,,,,{}
run_20260423T173127Z,2026-04-23T17:34:37+00:00,shortlist,shortlist,progress,,,,,,,,,,,,,,,,,,,,,,,,{}
run_20260423T173127Z,2026-04-23T17:34:38+00:00,stage1,,stage_end,failed,ray-stage1,3bc32e707041a593dbeaa1ecce0499b74be813bb,29325,,,,,,,,,,,,,,,,,,,,{}
run_20260423T173127Z,2026-04-23T17:34:38+00:00,stage1,,stage_end,failed,ray-stage1,6a8daec05400ed75aea4fd00f11e362972f0a888,29319,,,,,,,,,,,,,,,,,,,,{}
run_20260423T173127Z,2026-04-23T17:34:38+00:00,hash,,progress,admitted,ray-hash-admit,50647d8f03840be33aeb945b1fa897a60a6a3553,0,,,,,,,,,,,,,,,,,,,,{}
run_20260423T173127Z,2026-04-23T17:34:39+00:00,stage1,,stage_end,failed,ray-stage1,e8fc4e629123e4cc23b07a9c0d32cac9306108a3,30327,,,,,,,,,,,,,,,,,,,,{}
run_20260423T173127Z,2026-04-23T17:34:39+00:00,hash,,progress,admitted,ray-hash-admit,6704c103213c0a1359e5e299cbd8a5b0611007aa,0,,,,,,,,,,,,,,,,,,,,{}
run_20260423T173127Z,2026-04-23T17:34:40+00:00,hash,,progress,admitted,ray-hash-admit,01bd9a70682de5778b6296302ff4053c956afd61,0,,,,,,,,,,,,,,,,,,,,{}
run_20260423T173127Z,2026-04-23T17:34:41+00:00,stage1,,stage_end,failed,ray-stage1,22c1b456ac91bab6852b0b242cda5d7c86a03b45,32339,,,,,,,,,,,,,,,,,,,,{}
run_20260423T173127Z,2026-04-23T17:34:41+00:00,hash,,progress,admitted,ray-hash-admit,65ad11e3334f29520140a4e881f05638f5d4033b,0,,,,,,,,,,,,,,,,,,,,{}
run_20260423T173127Z,2026-04-23T17:34:42+00:00,stage1,,stage_end,failed,ray-stage1,a7c8e1a237a146c38e584e89ab240371f8139822,33345,,,,,,,,,,,,,,,,,,,,{}
run_20260423T173127Z,2026-04-23T17:34:42+00:00,hash,,progress,admitted,ray-hash-admit,455513491d16d94c9fe75e8269076b5dd158cbce,0,,,,,,,,,,,,,,,,,,,,{}
run_20260423T173127Z,2026-04-23T17:34:42+00:00,shortlist,shortlist,progress,,,,,,,,,,,,,,,,,,,,,,,,{}
run_20260423T173127Z,2026-04-23T17:34:43+00:00,hash,,progress,admitted,ray-hash-admit,5dd3c0dfa733231f9c0b3ade545ff9df7178749a,0,,,,,,,,,,,,,,,,,,,,{}
run_20260423T173127Z,2026-04-23T17:34:44+00:00,hash,,progress,admitted,ray-hash-admit,199232f509f61476e50be05d200241da29a0387c,0,,,,,,,,,,,,,,,,,,,,{}
run_20260423T173127Z,2026-04-23T17:34:45+00:00,stage1,,stage_end,failed,ray-stage1,f7af66388a6b51d9efcc5172424d806a797f2c5a,36364,,,,,,,,,,,,,,,,,,,,{}
run_20260423T173127Z,2026-04-23T17:34:45+00:00,hash,,progress,admitted,ray-hash-admit,b350555928ce7fb17fa660704e5dd80e8257ee01,0,,,,,,,,,,,,,,,,,,,,{}
run_20260423T173127Z,2026-04-23T17:34:46+00:00,stage1,,stage_end,failed,ray-stage1,c08d0726646af7c9f40b7894b58cfbb89df533e3,37376,,,,,,,,,,,,,,,,,,,,{}
run_20260423T173127Z,2026-04-23T17:34:46+00:00,hash,,progress,admitted,ray-hash-admit,efabe27e5562021cd91785cea379e55b5306dfd9,0,,,,,,,,,,,,,,,,,,,,{}
run_20260423T173127Z,2026-04-23T17:34:47+00:00,stage1,,stage_end,failed,ray-stage1,66a4f9c78863fdd97201c18c7c5cb682dac1b0c3,38381,,,,,,,,,,,,,,,,,,,,{}
run_20260423T173127Z,2026-04-23T17:34:47+00:00,hash,,progress,admitted,ray-hash-admit,094ac9343fa29c49aa8c16c78e488013fa07c47b,0,,,,,,,,,,,,,,,,,,,,{}
run_20260423T173127Z,2026-04-23T17:34:47+00:00,shortlist,shortlist,progress,,,,,,,,,,,,,,,,,,,,,,,,{}
run_20260423T173127Z,2026-04-23T17:34:48+00:00,stage1,,stage_end,failed,ray-stage1,b763bedc91206304cfe66a21e1250e4f58798a72,39389,,,,,,,,,,,,,,,,,,,,{}
run_20260423T173127Z,2026-04-23T17:34:48+00:00,hash,,progress,admitted,ray-hash-admit,e5877ffdd1bf90fb1f45eecaf0a8554bfa35eaec,0,,,,,,,,,,,,,,,,,,,,{}
run_20260423T173127Z,2026-04-23T17:34:52+00:00,stage1,,stage_end,failed,ray-stage1,dc4f0e15f2b0abe6f17412f136e69317fb555620,43406,,,,,,,,,,,,,,,,,,,,{}
run_20260423T173127Z,2026-04-23T17:34:52+00:00,stage1,,stage_end,failed,ray-stage1,e44d677838bca46fd45c0884f1a7a3fdc6f86c9b,43397,,,,,,,,,,,,,,,,,,,,{}
run_20260423T173127Z,2026-04-23T17:34:52+00:00,shortlist,shortlist,progress,,,,,,,,,,,,,,,,,,,,,,,,{}
run_20260423T173127Z,2026-04-23T17:34:53+00:00,stage1,,stage_end,failed,ray-stage1,d01e09d3c411fcc2572fd78b22fd375ecd1e0dc7,44402,,,,,,,,,,,,,,,,,,,,{}
run_20260423T173127Z,2026-04-23T17:34:54+00:00,stage1,,stage_end,failed,ray-stage1,279dcfb0b268b0521357cfb15f227380f69cebcf,45405,,,,,,,,,,,,,,,,,,,,{}
run_20260423T173127Z,2026-04-23T17:34:54+00:00,stage1,,stage_end,failed,ray-stage1,353279d544f5feee860e9549085d379b256d345c,46131,,,,,,,,,,,,,,,,,,,,{}
run_20260423T173127Z,2026-04-23T17:34:56+00:00,stage1,,stage_end,failed,ray-stage1,0e4485355f8ff730723d757380ad58eba69a3fd6,47145,,,,,,,,,,,,,,,,,,,,{}
run_20260423T173127Z,2026-04-23T17:34:56+00:00,stage1,,stage_end,failed,ray-stage1,ab0ae90d9b4206c26a91aa5144c50c1ae13c17f6,47140,,,,,,,,,,,,,,,,,,,,{}
run_20260423T173127Z,2026-04-23T17:34:57+00:00,stage1,,stage_end,failed,ray-stage1,fa6476ef7c9e8197523816e7b3fb1c656e721a43,48144,,,,,,,,,,,,,,,,,,,,{}
run_20260423T173127Z,2026-04-23T17:34:57+00:00,shortlist,shortlist,progress,,,,,,,,,,,,,,,,,,,,,,,,{}
run_20260423T173127Z,2026-04-23T17:34:58+00:00,stage1,,stage_end,failed,ray-stage1,dfd16e894bdce4f948487188a9141763e7c5557c,49144,,,,,,,,,,,,,,,,,,,,{}
run_20260423T173127Z,2026-04-23T17:34:59+00:00,stage1,,stage_end,failed,ray-stage1,c923627da84e90a5759bb7821d8dc4a95356c06c,50151,,,,,,,,,,,,,,,,,,,,{}
run_20260423T173127Z,2026-04-23T17:34:59+00:00,stage1,,stage_end,failed,ray-stage1,6552559ac6114a3bf69391008a57beed53a42d9b,51024,,,,,,,,,,,,,,,,,,,,{}
run_20260423T173127Z,2026-04-23T17:34:59+00:00,stage1,,stage_end,failed,ray-stage1,35a62ff1475fe360221541ac1e1baf4ff921aa10,51025,,,,,,,,,,,,,,,,,,,,{}
run_20260423T173127Z,2026-04-23T17:35:00+00:00,stage1,,stage_end,failed,ray-stage1,c4281d4e13cd1256328bff253d9389b134ed3e94,52026,,,,,,,,,,,,,,,,,,,,{}
run_20260423T173127Z,2026-04-23T17:35:00+00:00,stage1,,stage_end,failed,ray-stage1,e484955149b0631529b2bcedcac591db5ab76916,52027,,,,,,,,,,,,,,,,,,,,{}
run_20260423T173127Z,2026-04-23T17:35:02+00:00,shortlist,shortlist,progress,,,,,,,,,,,,,,,,,,,,,,,,{}
run_20260423T173127Z,2026-04-23T17:35:05+00:00,stage1,,stage_end,failed,ray-stage1,b6fec5351d8aa80b8742f35c2bbe29176de34681,57099,,,,,,,,,,,,,,,,,,,,{}
run_20260423T173127Z,2026-04-23T17:35:13+00:00,run,,run_start,running,,,,,,,,,,,,,,,,,,,,,,,{}
run_20260423T173127Z,2026-04-23T17:35:13+00:00,classify,classify,progress,,,,,,,,,,,,,,,,,,,,,,,,{}
run_20260423T173127Z,2026-04-23T17:35:18+00:00,classify,classify,progress,,,,,,,,,,,,,,,,,,,,,,,,{}
run_20260423T173127Z,2026-04-23T17:35:19+00:00,classify,,progress,strict_lexical_fetch_evidence_unavailable_suspected,ray-classify,58d17ef0145d4003b8ca0e1fc14d5f40c67f1e31,1101,,,,,,,,,,,,,,,,,,,,{}
run_20260423T173127Z,2026-04-23T17:35:23+00:00,classify,,progress,strict_lexical_fetch_evidence_unavailable_suspected,ray-classify,4c309c7f42d3b592f0f47b7560e5c0b996578603,145,,,,,,,,,,,,,,,,,,,,{}
run_20260423T173127Z,2026-04-23T17:35:23+00:00,classify,,progress,strict_lexical_fetch_evidence_unavailable_suspected,ray-classify,97f1814655e5b3cfde11c83c2c59bc547492bb24,128,,,,,,,,,,,,,,,,,,,,{}
run_20260423T173127Z,2026-04-23T17:35:23+00:00,classify,,progress,not_registered_domain,ray-classify,0a92c0f7c382255d94dc1a797c4d82ccfd669cb6,128,,,,,,,,,,,,,,,,,,,,{}
run_20260423T173127Z,2026-04-23T17:35:23+00:00,classify,,progress,strict_lexical_fetch_evidence_unavailable_suspected,ray-classify,bfa8879081a03b40348b225028437fb342034976,148,,,,,,,,,,,,,,,,,,,,{}
run_20260423T173127Z,2026-04-23T17:35:23+00:00,classify,,progress,strict_lexical_fetch_evidence_unavailable_suspected,ray-classify,99d8f68aa0d351fb864ca76030e6376dc66e02bf,145,,,,,,,,,,,,,,,,,,,,{}
run_20260423T173127Z,2026-04-23T17:35:23+00:00,classify,classify,progress,,,,,,,,,,,,,,,,,,,,,,,,{}
run_20260423T173127Z,2026-04-23T17:35:24+00:00,classify,,progress,not_registered_domain,ray-classify,dbcb10bccb1936fa8b41a374df331bf92ccf370c,937,,,,,,,,,,,,,,,,,,,,{}
run_20260423T173127Z,2026-04-23T17:35:24+00:00,classify,,progress,strict_lexical_fetch_evidence_unavailable_suspected,ray-classify,f37feb9e87c0aa814d1cd6a3b7769169f0e46750,150,,,,,,,,,,,,,,,,,,,,{}
run_20260423T173127Z,2026-04-23T17:35:24+00:00,classify,,progress,strict_lexical_fetch_evidence_unavailable_suspected,ray-classify,93d48162dc2af85685f2bd707cacbc2bab90d96e,133,,,,,,,,,,,,,,,,,,,,{}
run_20260423T173127Z,2026-04-23T17:35:25+00:00,classify,,progress,strict_lexical_fetch_evidence_unavailable_suspected,ray-classify,8853b033ccca1a784b18e4ea033a50c555bd3d48,128,,,,,,,,,,,,,,,,,,,,{}
run_20260423T173127Z,2026-04-23T17:35:25+00:00,classify,,progress,strict_lexical_fetch_evidence_unavailable_suspected,ray-classify,104bd0669c0a122ced4c59fd48aaced1ef443055,109,,,,,,,,,,,,,,,,,,,,{}
run_20260423T173127Z,2026-04-23T17:35:25+00:00,classify,,progress,strict_lexical_fetch_evidence_unavailable_suspected,ray-classify,10175c44a55bc4b6932f2a2281d3dcc49065c086,109,,,,,,,,,,,,,,,,,,,,{}
run_20260423T173127Z,2026-04-23T17:35:25+00:00,classify,,progress,strict_lexical_fetch_evidence_unavailable_suspected,ray-classify,0fb7d44ab2b5dd2e72760634b4ffdc3270999bc6,247,,,,,,,,,,,,,,,,,,,,{}
run_20260423T173127Z,2026-04-23T17:35:25+00:00,classify,,progress,strict_lexical_fetch_evidence_unavailable_suspected,ray-classify,031fe84f54f8c093c42c4f3308892ffea70e7b82,129,,,,,,,,,,,,,,,,,,,,{}
run_20260423T173127Z,2026-04-23T17:35:25+00:00,classify,,progress,strict_lexical_fetch_evidence_unavailable_suspected,ray-classify,4eeb93becb34beac697cafc111f91197deaf6cce,108,,,,,,,,,,,,,,,,,,,,{}
run_20260423T173127Z,2026-04-23T17:35:28+00:00,classify,classify,progress,,,,,,,,,,,,,,,,,,,,,,,,{}
run_20260423T173127Z,2026-04-23T17:35:30+00:00,classify,,progress,strict_lexical_fetch_evidence_unavailable_suspected,ray-classify,edba102dc8ffd2be5ee540b82ba61121985f79fa,5152,,,,,,,,,,,,,,,,,,,,{}
run_20260423T173127Z,2026-04-23T17:35:31+00:00,classify,,progress,strict_lexical_fetch_evidence_unavailable_suspected,ray-classify,24467e26d9521936ddaa3ff06bae9d9332c4d17f,151,,,,,,,,,,,,,,,,,,,,{}
run_20260423T173127Z,2026-04-23T17:35:31+00:00,classify,,progress,strict_lexical_fetch_evidence_unavailable_suspected,ray-classify,aa12b0f7c99aafea6e12f6417d6bae5edbff9626,132,,,,,,,,,,,,,,,,,,,,{}
run_20260423T173127Z,2026-04-23T17:35:33+00:00,classify,classify,progress,,,,,,,,,,,,,,,,,,,,,,,,{}
run_20260423T173127Z,2026-04-23T17:35:36+00:00,classify,,progress,strict_lexical_fetch_evidence_unavailable_suspected,ray-classify,53269ff045d950c298cec4ca4825c466a59803b4,5464,,,,,,,,,,,,,,,,,,,,{}
run_20260423T173127Z,2026-04-23T17:35:38+00:00,classify,classify,progress,,,,,,,,,,,,,,,,,,,,,,,,{}
run_20260423T173127Z,2026-04-23T17:35:43+00:00,classify,classify,progress,,,,,,,,,,,,,,,,,,,,,,,,{}
run_20260423T173127Z,2026-04-23T17:35:46+00:00,classify,,progress,strict_lexical_fetch_evidence_unavailable_suspected,ray-classify,5cffb1add8acf0b4fdd6233b79f8d6c7aef956de,10086,,,,,,,,,,,,,,,,,,,,{}
run_20260423T173127Z,2026-04-23T17:35:46+00:00,classify,,progress,strict_lexical_fetch_evidence_unavailable_suspected,ray-classify,6e670ca7a63e65651b69c66fd0b95667c6f28684,133,,,,,,,,,,,,,,,,,,,,{}
run_20260423T173127Z,2026-04-23T17:35:47+00:00,classify,,progress,strict_lexical_fetch_evidence_unavailable_suspected,ray-classify,3304a6ee4e765b34cf86fb25b9ed657764930e4c,111,,,,,,,,,,,,,,,,,,,,{}
run_20260423T173127Z,2026-04-23T17:35:47+00:00,classify,,progress,strict_lexical_fetch_evidence_unavailable_suspected,ray-classify,37fb6de7ac0d578041a50c02aa837a1c8400a5b2,111,,,,,,,,,,,,,,,,,,,,{}
run_20260423T173127Z,2026-04-23T17:35:48+00:00,classify,classify,progress,,,,,,,,,,,,,,,,,,,,,,,,{}
run_20260423T173127Z,2026-04-23T17:35:53+00:00,classify,classify,progress,,,,,,,,,,,,,,,,,,,,,,,,{}
run_20260423T173127Z,2026-04-23T17:35:54+00:00,classify,,progress,strict_lexical_fetch_evidence_unavailable_suspected,ray-classify,b1c4ef523e3a5b81153afd346e77eea249943e32,7641,,,,,,,,,,,,,,,,,,,,{}
run_20260423T173127Z,2026-04-23T17:35:54+00:00,classify,,progress,strict_lexical_fetch_evidence_unavailable_suspected,ray-classify,44ab20360307ae03d605d66af7ad7ae57ed5e0b1,110,,,,,,,,,,,,,,,,,,,,{}
run_20260423T173127Z,2026-04-23T17:35:55+00:00,classify,,progress,strict_lexical_fetch_evidence_unavailable_suspected,ray-classify,f3ab0d8a5c7772fd47895b7d74708fb58937b96c,110,,,,,,,,,,,,,,,,,,,,{}
run_20260423T173127Z,2026-04-23T17:35:55+00:00,classify,,progress,strict_lexical_fetch_evidence_unavailable_suspected,ray-classify,d7c9751ce45dfdcf499727d10cbad1cdcff25016,165,,,,,,,,,,,,,,,,,,,,{}
run_20260423T173127Z,2026-04-23T17:35:56+00:00,classify,,progress,not_registered_domain,ray-classify,64f90bc54eb4df90b6f89f1e5b7cfc5c93e965d4,908,,,,,,,,,,,,,,,,,,,,{}
run_20260423T173127Z,2026-04-23T17:35:56+00:00,classify,,progress,strict_lexical_fetch_evidence_unavailable_suspected,ray-classify,6edfe5f601f0c37236307e01f6c9420ad2d13b81,132,,,,,,,,,,,,,,,,,,,,{}
run_20260423T173127Z,2026-04-23T17:35:58+00:00,classify,classify,progress,,,,,,,,,,,,,,,,,,,,,,,,{}
run_20260423T173127Z,2026-04-23T17:36:01+00:00,classify,,progress,not_registered_domain,ray-classify,689f79460bfd819dbf176a1e90f9643c02110a71,5598,,,,,,,,,,,,,,,,,,,,{}
run_20260423T173127Z,2026-04-23T17:36:02+00:00,classify,,progress,strict_lexical_fetch_evidence_unavailable_suspected,ray-classify,e2df0dbf639923d470e7b3e79c0e9c82c1dbd6cc,132,,,,,,,,,,,,,,,,,,,,{}
run_20260423T173127Z,2026-04-23T17:36:03+00:00,classify,classify,progress,,,,,,,,,,,,,,,,,,,,,,,,{}
run_20260423T173127Z,2026-04-23T17:36:07+00:00,classify,,progress,strict_lexical_fetch_evidence_unavailable_suspected,ray-classify,bfd144382cf6dcd7d55ab847b8fea76e5bc466d4,5068,,,,,,,,,,,,,,,,,,,,{}
run_20260423T173127Z,2026-04-23T17:36:07+00:00,classify,,progress,strict_lexical_fetch_evidence_unavailable_suspected,ray-classify,0ad9f081798cc0ebb48d2c1bc2e0ab50aaed3584,129,,,,,,,,,,,,,,,,,,,,{}
run_20260423T173127Z,2026-04-23T17:36:07+00:00,classify,,progress,strict_lexical_fetch_evidence_unavailable_suspected,ray-classify,d4fc1c4983c7b5fe701cd0456fc78713778010ec,598,,,,,,,,,,,,,,,,,,,,{}
run_20260423T173127Z,2026-04-23T17:36:08+00:00,classify,classify,progress,,,,,,,,,,,,,,,,,,,,,,,,{}
run_20260423T173127Z,2026-04-23T17:36:13+00:00,classify,classify,progress,,,,,,,,,,,,,,,,,,,,,,,,{}
run_20260423T173127Z,2026-04-23T17:36:18+00:00,classify,classify,progress,,,,,,,,,,,,,,,,,,,,,,,,{}
run_20260423T173127Z,2026-04-23T17:36:22+00:00,classify,,progress,strict_lexical_fetch_evidence_unavailable_suspected,ray-classify,cdfd11dda521d627bbfb7c05c0150556e7ea672e,15106,,,,,,,,,,,,,,,,,,,,{}
run_20260423T173127Z,2026-04-23T17:36:23+00:00,classify,,progress,strict_lexical_fetch_evidence_unavailable_suspected,ray-classify,b6d8331c54bc2cb485df0b52845439314df9f871,131,,,,,,,,,,,,,,,,,,,,{}
run_20260423T173127Z,2026-04-23T17:36:23+00:00,classify,classify,progress,,,,,,,,,,,,,,,,,,,,,,,,{}
run_20260423T173127Z,2026-04-23T17:36:24+00:00,classify,,progress,strict_lexical_fetch_evidence_unavailable_suspected,ray-classify,2e2c3197413329840da55e6282161b12331ed897,1338,,,,,,,,,,,,,,,,,,,,{}
run_20260423T173127Z,2026-04-23T17:36:24+00:00,classify,,progress,strict_lexical_fetch_evidence_unavailable_suspected,ray-classify,b588000065a55b3cb96cc1da62e906d08ecddacd,110,,,,,,,,,,,,,,,,,,,,{}
run_20260423T173127Z,2026-04-23T17:36:24+00:00,classify,,progress,strict_lexical_fetch_evidence_unavailable_suspected,ray-classify,511f9dea9d0230bb51f24c747fc65680d4cbbc1f,133,,,,,,,,,,,,,,,,,,,,{}
run_20260423T173127Z,2026-04-23T17:36:25+00:00,classify,,progress,not_registered_domain,ray-classify,c348e2e7fa492e850036143d22bfa252aca72186,953,,,,,,,,,,,,,,,,,,,,{}
run_20260423T173127Z,2026-04-23T17:36:25+00:00,classify,,progress,strict_lexical_fetch_evidence_unavailable_suspected,ray-classify,912697ae1b6c889b81947e2b7899cc10842b84a2,109,,,,,,,,,,,,,,,,,,,,{}
run_20260423T173127Z,2026-04-23T17:36:25+00:00,classify,,progress,strict_lexical_fetch_evidence_unavailable_suspected,ray-classify,e06fe6618226439f92b5f73624f4f5a2074d01f4,128,,,,,,,,,,,,,,,,,,,,{}
run_20260423T173127Z,2026-04-23T17:36:26+00:00,classify,,progress,strict_lexical_fetch_evidence_unavailable_suspected,ray-classify,c7d21f8e06e44ce64517de0fabf1ca435509c3ca,108,,,,,,,,,,,,,,,,,,,,{}
run_20260423T173127Z,2026-04-23T17:36:26+00:00,classify,,progress,strict_lexical_fetch_evidence_unavailable_suspected,ray-classify,2ebec8c179f4314c80cda15d807b5286b92c3ead,131,,,,,,,,,,,,,,,,,,,,{}
run_20260423T173127Z,2026-04-23T17:36:26+00:00,classify,,progress,strict_lexical_fetch_evidence_unavailable_suspected,ray-classify,ae3b4bf6824620c9a579feb929a117166d45e6a7,678,,,,,,,,,,,,,,,,,,,,{}
run_20260423T173127Z,2026-04-23T17:36:26+00:00,classify,,progress,strict_lexical_fetch_evidence_unavailable_suspected,ray-classify,be3da3844dd64dd797c9a178ebc17b82cb4da832,127,,,,,,,,,,,,,,,,,,,,{}
run_20260423T173127Z,2026-04-23T17:36:27+00:00,classify,,progress,strict_lexical_fetch_evidence_unavailable_suspected,ray-classify,52f54e306da78c092771a496aaaf397f9779c7e5,108,,,,,,,,,,,,,,,,,,,,{}
run_20260423T173127Z,2026-04-23T17:36:27+00:00,classify,,progress,strict_lexical_fetch_evidence_unavailable_suspected,ray-classify,d015ef5598bd8618a1c6d9bfb36aabc24b993561,127,,,,,,,,,,,,,,,,,,,,{}
run_20260423T173127Z,2026-04-23T17:36:27+00:00,classify,,progress,strict_lexical_fetch_evidence_unavailable_suspected,ray-classify,9e9dfbbfaca1aef120d26d1c1b30bd6b059e90c8,131,,,,,,,,,,,,,,,,,,,,{}
run_20260423T173127Z,2026-04-23T17:36:27+00:00,classify,,progress,strict_lexical_fetch_evidence_unavailable_suspected,ray-classify,b09e32b8f2874524f6d68cf6949f264e62d80ea9,148,,,,,,,,,,,,,,,,,,,,{}
run_20260423T173127Z,2026-04-23T17:36:27+00:00,classify,,progress,strict_lexical_fetch_evidence_unavailable_suspected,ray-classify,91308882958873761e6310d0b7b18ac7bc17909b,109,,,,,,,,,,,,,,,,,,,,{}
run_20260423T173127Z,2026-04-23T17:36:27+00:00,classify,,progress,strict_lexical_fetch_evidence_unavailable_suspected,ray-classify,442492450a12421f5bc63e661bc21bf7b4ce3a01,147,,,,,,,,,,,,,,,,,,,,{}
run_20260423T173127Z,2026-04-23T17:36:27+00:00,classify,,progress,strict_lexical_fetch_evidence_unavailable_suspected,ray-classify,556e34c0fd4599491319a9dfc687442f709b344b,112,,,,,,,,,,,,,,,,,,,,{}
run_20260423T173127Z,2026-04-23T17:36:28+00:00,classify,,progress,strict_lexical_fetch_evidence_unavailable_suspected,ray-classify,9202b10c57aa9605948ce6a6f8c62e27b6eb1254,127,,,,,,,,,,,,,,,,,,,,{}
run_20260423T173127Z,2026-04-23T17:36:28+00:00,classify,,progress,strict_lexical_fetch_evidence_unavailable_suspected,ray-classify,189bb4a80b6a32301fb52210413e4aef9a065620,130,,,,,,,,,,,,,,,,,,,,{}
run_20260423T173127Z,2026-04-23T17:36:28+00:00,classify,,progress,strict_lexical_fetch_evidence_unavailable_suspected,ray-classify,bac70f7cf8b47ae65ebc5d71d9d2b3a45890a80e,109,,,,,,,,,,,,,,,,,,,,{}
run_20260423T173127Z,2026-04-23T17:36:28+00:00,classify,classify,progress,,,,,,,,,,,,,,,,,,,,,,,,{}
run_20260423T173127Z,2026-04-23T17:36:29+00:00,classify,,progress,strict_lexical_fetch_evidence_unavailable_suspected,ray-classify,fd80251e8484a4b8c166f4ce912eb2ff9ab2dcd2,972,,,,,,,,,,,,,,,,,,,,{}
run_20260423T173127Z,2026-04-23T17:36:29+00:00,classify,,progress,strict_lexical_fetch_evidence_unavailable_suspected,ray-classify,a9d35fbb27f65bc65f37b37f5a456c3ee485f9bd,111,,,,,,,,,,,,,,,,,,,,{}
run_20260423T173127Z,2026-04-23T17:36:29+00:00,classify,,progress,strict_lexical_fetch_evidence_unavailable_suspected,ray-classify,f8452674e8eb14b922c04cd7abbec5998f4afd97,147,,,,,,,,,,,,,,,,,,,,{}
run_20260423T173127Z,2026-04-23T17:36:29+00:00,classify,,progress,strict_lexical_fetch_evidence_unavailable_suspected,ray-classify,06bdee77703e04d5de28a75cb04606d0d87e3307,109,,,,,,,,,,,,,,,,,,,,{}
run_20260423T173127Z,2026-04-23T17:36:29+00:00,classify,,progress,strict_lexical_fetch_evidence_unavailable_suspected,ray-classify,ab499253553906b23a387157d0e2dc6a557c7d6a,109,,,,,,,,,,,,,,,,,,,,{}
run_20260423T173127Z,2026-04-23T17:36:29+00:00,classify,,progress,strict_lexical_fetch_evidence_unavailable_suspected,ray-classify,8b20f77f04ef1d01367601b060cd8060d00906f1,109,,,,,,,,,,,,,,,,,,,,{}
run_20260423T173127Z,2026-04-23T17:36:29+00:00,classify,,progress,strict_lexical_fetch_evidence_unavailable_suspected,ray-classify,e13eb90fc120ea7f7dc9ecb3701ebe5ac2416a59,108,,,,,,,,,,,,,,,,,,,,{}
run_20260423T173127Z,2026-04-23T17:36:30+00:00,classify,,progress,strict_lexical_fetch_evidence_unavailable_suspected,ray-classify,369729dbee6f62be22da06b411977991ab90e0bc,108,,,,,,,,,,,,,,,,,,,,{}
run_20260423T173127Z,2026-04-23T17:36:30+00:00,classify,,progress,strict_lexical_fetch_evidence_unavailable_suspected,ray-classify,b4f55b0cc3989d8dbca3418c103e79178859d6f4,128,,,,,,,,,,,,,,,,,,,,{}
run_20260423T173127Z,2026-04-23T17:36:30+00:00,classify,,progress,strict_lexical_fetch_evidence_unavailable_suspected,ray-classify,679aba5ac86a2fff782886f2e68aebc69d1b6906,110,,,,,,,,,,,,,,,,,,,,{}
run_20260423T173127Z,2026-04-23T17:36:30+00:00,classify,,progress,strict_lexical_fetch_evidence_unavailable_suspected,ray-classify,cb5c8568a5799ec6d53dbd32a093f89a46c6a187,129,,,,,,,,,,,,,,,,,,,,{}
run_20260423T173127Z,2026-04-23T17:36:30+00:00,classify,,progress,strict_lexical_fetch_evidence_unavailable_suspected,ray-classify,a4d346c304d5c461d161fed456e092607a1dd0e7,145,,,,,,,,,,,,,,,,,,,,{}
run_20260423T173127Z,2026-04-23T17:36:30+00:00,classify,,progress,strict_lexical_fetch_evidence_unavailable_suspected,ray-classify,98199757f1e7321b4eeee94f9eb95b3a6bc1abe6,109,,,,,,,,,,,,,,,,,,,,{}
run_20260423T173127Z,2026-04-23T17:36:30+00:00,classify,,progress,strict_lexical_fetch_evidence_unavailable_suspected,ray-classify,ea7479d48a7f01762dd6a0f89390808ab84b3b90,137,,,,,,,,,,,,,,,,,,,,{}
run_20260423T173127Z,2026-04-23T17:36:30+00:00,classify,,progress,strict_lexical_fetch_evidence_unavailable_suspected,ray-classify,6a1d4f3e3fd712fe593e43180b0305aebeb01a64,109,,,,,,,,,,,,,,,,,,,,{}
run_20260423T173127Z,2026-04-23T17:36:31+00:00,classify,,progress,strict_lexical_fetch_evidence_unavailable_suspected,ray-classify,afc46f10c7c755b5e452697ef3d9dba45f9a8b50,108,,,,,,,,,,,,,,,,,,,,{}
run_20260423T173127Z,2026-04-23T17:36:31+00:00,classify,,progress,strict_lexical_fetch_evidence_unavailable_suspected,ray-classify,b02ef6ef9b4d54f6a51e4890073d405db4d48adc,109,,,,,,,,,,,,,,,,,,,,{}
run_20260423T173127Z,2026-04-23T17:36:31+00:00,classify,,progress,strict_lexical_fetch_evidence_unavailable_suspected,ray-classify,9a3635f8393c9e2024015c620907b635a07d464a,109,,,,,,,,,,,,,,,,,,,,{}
run_20260423T173127Z,2026-04-23T17:36:31+00:00,classify,,progress,strict_lexical_fetch_evidence_unavailable_suspected,ray-classify,f27c0fa1e16f51e0f748d1f16930a7bdb1c282eb,152,,,,,,,,,,,,,,,,,,,,{}
run_20260423T173127Z,2026-04-23T17:36:31+00:00,classify,,progress,strict_lexical_fetch_evidence_unavailable_suspected,ray-classify,ee965701f7c8bc478f7e171f78b7dcfcb9e3258e,109,,,,,,,,,,,,,,,,,,,,{}
run_20260423T173127Z,2026-04-23T17:36:33+00:00,classify,classify,progress,,,,,,,,,,,,,,,,,,,,,,,,{}
run_20260423T173127Z,2026-04-23T17:36:36+00:00,classify,,progress,strict_lexical_fetch_evidence_unavailable_suspected,ray-classify,4efc4c68bf9d6ed73003552c5e5bdff22aab5dd3,4568,,,,,,,,,,,,,,,,,,,,{}
run_20260423T173127Z,2026-04-23T17:36:36+00:00,classify,,progress,strict_lexical_fetch_evidence_unavailable_suspected,ray-classify,e241b6b54617083d25ac9bb8143edb5a50a428c8,114,,,,,,,,,,,,,,,,,,,,{}
run_20260423T173127Z,2026-04-23T17:36:36+00:00,classify,,progress,strict_lexical_fetch_evidence_unavailable_suspected,ray-classify,dd1ce44eb0fa477cb52c7a6235b96a1b40a58bee,109,,,,,,,,,,,,,,,,,,,,{}
run_20260423T173127Z,2026-04-23T17:36:38+00:00,classify,classify,progress,,,,,,,,,,,,,,,,,,,,,,,,{}
run_20260423T173127Z,2026-04-23T17:36:43+00:00,classify,classify,progress,,,,,,,,,,,,,,,,,,,,,,,,{}
run_20260423T173127Z,2026-04-23T17:36:44+00:00,classify,,progress,strict_lexical_fetch_evidence_unavailable_suspected,ray-classify,5d3355c362b66caad65e3cd87b2d00c3b213a745,7993,,,,,,,,,,,,,,,,,,,,{}
run_20260423T173127Z,2026-04-23T17:36:44+00:00,classify,,progress,strict_lexical_fetch_evidence_unavailable_suspected,ray-classify,5ebd01ee44c5989feaf5ab7a97fa5300d8814e11,150,,,,,,,,,,,,,,,,,,,,{}
run_20260423T173127Z,2026-04-23T17:36:44+00:00,classify,,progress,strict_lexical_fetch_evidence_unavailable_suspected,ray-classify,f7abf250aed249c7328203689986b6af1322d2bc,136,,,,,,,,,,,,,,,,,,,,{}
run_20260423T173127Z,2026-04-23T17:36:44+00:00,classify,,progress,strict_lexical_fetch_evidence_unavailable_suspected,ray-classify,56e25d0472f402238e5f13042506dd5c084b148b,128,,,,,,,,,,,,,,,,,,,,{}
run_20260423T173127Z,2026-04-23T17:36:45+00:00,classify,,progress,strict_lexical_fetch_evidence_unavailable_suspected,ray-classify,baaf1a304c0d456f351e0f4f5c2a6eb3ee70dd98,150,,,,,,,,,,,,,,,,,,,,{}
run_20260423T173127Z,2026-04-23T17:36:45+00:00,classify,,progress,strict_lexical_fetch_evidence_unavailable_suspected,ray-classify,1fea6c12b8e86f2aafb64403643a8625d257c425,128,,,,,,,,,,,,,,,,,,,,{}
run_20260423T173127Z,2026-04-23T17:36:46+00:00,classify,,progress,strict_lexical_fetch_evidence_unavailable_suspected,ray-classify,f1143dd55503f67a53eeb9f61f743315ddefb96a,879,,,,,,,,,,,,,,,,,,,,{}
run_20260423T173127Z,2026-04-23T17:36:46+00:00,classify,,progress,strict_lexical_fetch_evidence_unavailable_suspected,ray-classify,0bc91acf41dc6b5fe7b4d700060bc65dac54115e,134,,,,,,,,,,,,,,,,,,,,{}
run_20260423T173127Z,2026-04-23T17:36:46+00:00,classify,,progress,strict_lexical_fetch_evidence_unavailable_suspected,ray-classify,253354561f40b288a2246163e77db62596e6a0be,109,,,,,,,,,,,,,,,,,,,,{}
run_20260423T173127Z,2026-04-23T17:36:46+00:00,classify,,progress,strict_lexical_fetch_evidence_unavailable_suspected,ray-classify,a69f986d8d0888c6d17acc788550685ef2eee9a4,132,,,,,,,,,,,,,,,,,,,,{}
run_20260423T173127Z,2026-04-23T17:36:46+00:00,classify,,progress,strict_lexical_fetch_evidence_unavailable_suspected,ray-classify,f8e43f8ad8af7eba3c2cdc134448b7734de61297,110,,,,,,,,,,,,,,,,,,,,{}
run_20260423T173127Z,2026-04-23T17:36:46+00:00,classify,,progress,strict_lexical_fetch_evidence_unavailable_suspected,ray-classify,111f81b0e9786da92667a37c586f2df142e981a5,131,,,,,,,,,,,,,,,,,,,,{}
run_20260423T173127Z,2026-04-23T17:36:46+00:00,classify,,progress,strict_lexical_fetch_evidence_unavailable_suspected,ray-classify,ec0321a0d6a72e869784596f9e1ac13f11e58eb5,110,,,,,,,,,,,,,,,,,,,,{}
run_20260423T173127Z,2026-04-23T17:36:46+00:00,classify,,progress,strict_lexical_fetch_evidence_unavailable_suspected,ray-classify,d29168832433a6b513aa5902306ff33e9c477767,110,,,,,,,,,,,,,,,,,,,,{}
run_20260423T173127Z,2026-04-23T17:36:47+00:00,classify,,progress,strict_lexical_fetch_evidence_unavailable_suspected,ray-classify,8e26ce6e838e0d29df1e0f772e55e75b5e39ceeb,150,,,,,,,,,,,,,,,,,,,,{}
run_20260423T173127Z,2026-04-23T17:36:47+00:00,classify,,progress,strict_lexical_fetch_evidence_unavailable_suspected,ray-classify,4fd7227f7192d561775d3997fb1c15aabd7a43c3,113,,,,,,,,,,,,,,,,,,,,{}
run_20260423T173127Z,2026-04-23T17:36:47+00:00,classify,,progress,strict_lexical_fetch_evidence_unavailable_suspected,ray-classify,e118e5403d5b8622aa64574c6603f2e30d8b1bed,110,,,,,,,,,,,,,,,,,,,,{}
run_20260423T173127Z,2026-04-23T17:36:47+00:00,classify,,progress,strict_lexical_fetch_evidence_unavailable_suspected,ray-classify,5abf298d8dce1198c1e60796bcc2132b22eac9a5,136,,,,,,,,,,,,,,,,,,,,{}
run_20260423T173127Z,2026-04-23T17:36:47+00:00,classify,,progress,strict_lexical_fetch_evidence_unavailable_suspected,ray-classify,a09c4a9b5c3fe794901fd05404b55b21f028fdf5,128,,,,,,,,,,,,,,,,,,,,{}
run_20260423T173127Z,2026-04-23T17:36:47+00:00,classify,,progress,strict_lexical_fetch_evidence_unavailable_suspected,ray-classify,50647d8f03840be33aeb945b1fa897a60a6a3553,164,,,,,,,,,,,,,,,,,,,,{}
run_20260423T173127Z,2026-04-23T17:36:47+00:00,classify,,progress,strict_lexical_fetch_evidence_unavailable_suspected,ray-classify,6704c103213c0a1359e5e299cbd8a5b0611007aa,110,,,,,,,,,,,,,,,,,,,,{}
run_20260423T173127Z,2026-04-23T17:36:47+00:00,classify,,progress,strict_lexical_fetch_evidence_unavailable_suspected,ray-classify,01bd9a70682de5778b6296302ff4053c956afd61,126,,,,,,,,,,,,,,,,,,,,{}
run_20260423T173127Z,2026-04-23T17:36:48+00:00,classify,,progress,strict_lexical_fetch_evidence_unavailable_suspected,ray-classify,65ad11e3334f29520140a4e881f05638f5d4033b,132,,,,,,,,,,,,,,,,,,,,{}
run_20260423T173127Z,2026-04-23T17:36:48+00:00,classify,,progress,strict_lexical_fetch_evidence_unavailable_suspected,ray-classify,455513491d16d94c9fe75e8269076b5dd158cbce,151,,,,,,,,,,,,,,,,,,,,{}
run_20260423T173127Z,2026-04-23T17:36:48+00:00,classify,,progress,strict_lexical_fetch_evidence_unavailable_suspected,ray-classify,5dd3c0dfa733231f9c0b3ade545ff9df7178749a,152,,,,,,,,,,,,,,,,,,,,{}
run_20260423T173127Z,2026-04-23T17:36:48+00:00,classify,,progress,strict_lexical_fetch_evidence_unavailable_suspected,ray-classify,199232f509f61476e50be05d200241da29a0387c,129,,,,,,,,,,,,,,,,,,,,{}
run_20260423T173127Z,2026-04-23T17:36:48+00:00,classify,,progress,strict_lexical_fetch_evidence_unavailable_suspected,ray-classify,b350555928ce7fb17fa660704e5dd80e8257ee01,133,,,,,,,,,,,,,,,,,,,,{}
run_20260423T173127Z,2026-04-23T17:36:48+00:00,classify,,progress,strict_lexical_fetch_evidence_unavailable_suspected,ray-classify,efabe27e5562021cd91785cea379e55b5306dfd9,109,,,,,,,,,,,,,,,,,,,,{}
run_20260423T173127Z,2026-04-23T17:36:48+00:00,classify,,progress,strict_lexical_fetch_evidence_unavailable_suspected,ray-classify,094ac9343fa29c49aa8c16c78e488013fa07c47b,109,,,,,,,,,,,,,,,,,,,,{}
run_20260423T173127Z,2026-04-23T17:36:48+00:00,classify,classify,progress,,,,,,,,,,,,,,,,,,,,,,,,{}
run_20260423T173127Z,2026-04-23T17:36:49+00:00,classify,,progress,strict_lexical_fetch_evidence_unavailable_suspected,ray-classify,e5877ffdd1bf90fb1f45eecaf0a8554bfa35eaec,127,,,,,,,,,,,,,,,,,,,,{}
run_20260423T173127Z,2026-04-23T17:36:50+00:00,classify,,progress,strict_lexical_fetch_evidence_unavailable_suspected,ray-classify,36ed70408ee68c177a70848ad1bf06387c18dd4f,1386,,,,,,,,,,,,,,,,,,,,{}
run_20260423T173127Z,2026-04-23T17:36:50+00:00,classify,,progress,strict_lexical_fetch_evidence_unavailable_suspected,ray-classify,8568c1bf1f79d75cd82a36a123f0875263f0956a,111,,,,,,,,,,,,,,,,,,,,{}
run_20260423T173127Z,2026-04-23T17:36:51+00:00,classify,,progress,strict_lexical_fetch_evidence_unavailable_suspected,ray-classify,8f581ff5e2bf4ad4caa2c72c5e21a8f8b470601c,719,,,,,,,,,,,,,,,,,,,,{}
run_20260423T173127Z,2026-04-23T17:36:51+00:00,classify,,progress,strict_lexical_fetch_evidence_unavailable_suspected,ray-classify,e7a6b8fc36e2bbfb518d6102e1f8ab46e1c8d287,132,,,,,,,,,,,,,,,,,,,,{}
run_20260423T173127Z,2026-04-23T17:36:51+00:00,classify,,progress,strict_lexical_fetch_evidence_unavailable_suspected,ray-classify,383ecb15bcccccd4919c3dc8e7277d7a0a61e6d1,111,,,,,,,,,,,,,,,,,,,,{}
run_20260423T173127Z,2026-04-23T17:36:51+00:00,classify,,progress,strict_lexical_fetch_evidence_unavailable_suspected,ray-classify,1a7c6f3006dc3db8c8c9848ae00f92aab06896c9,112,,,,,,,,,,,,,,,,,,,,{}
run_20260423T173127Z,2026-04-23T17:36:51+00:00,classify,,progress,strict_lexical_fetch_evidence_unavailable_suspected,ray-classify,db8c371e8d6d8b150843704c0640f2a03a3c31b2,170,,,,,,,,,,,,,,,,,,,,{}
run_20260423T173127Z,2026-04-23T17:36:52+00:00,classify,,progress,strict_lexical_fetch_evidence_unavailable_suspected,ray-classify,d9eee8ee767a5c6092f9f6852bcfc73a6bac9a7b,146,,,,,,,,,,,,,,,,,,,,{}
run_20260423T173127Z,2026-04-23T17:36:53+00:00,classify,classify,progress,,,,,,,,,,,,,,,,,,,,,,,,{}
run_20260423T173127Z,2026-04-23T17:36:58+00:00,classify,classify,progress,,,,,,,,,,,,,,,,,,,,,,,,{}
run_20260423T173127Z,2026-04-23T17:37:02+00:00,classify,,progress,strict_lexical_fetch_evidence_unavailable_suspected,ray-classify,172ac55b93d5530c31a3efb864bfa16de9f22433,10947,,,,,,,,,,,,,,,,,,,,{}
run_20260423T173127Z,2026-04-23T17:37:03+00:00,classify,,progress,strict_lexical_fetch_evidence_unavailable_suspected,ray-classify,22fbf62b2ea9162d66d9ef4c97184d787846266d,144,,,,,,,,,,,,,,,,,,,,{}
run_20260423T173127Z,2026-04-23T17:37:03+00:00,classify,,progress,strict_lexical_fetch_evidence_unavailable_suspected,ray-classify,e9115fa6aa223e334ba58025680102fe90395e69,131,,,,,,,,,,,,,,,,,,,,{}
run_20260423T173127Z,2026-04-23T17:37:03+00:00,classify,,progress,strict_lexical_fetch_evidence_unavailable_suspected,ray-classify,0f597185fe8b927eed49c0b88a0b1aefd5d22cbf,149,,,,,,,,,,,,,,,,,,,,{}
run_20260423T173127Z,2026-04-23T17:37:03+00:00,classify,,progress,strict_lexical_fetch_evidence_unavailable_suspected,ray-classify,9d8d763d8169e8d7abcc9ce3eab6fd99f417a428,109,,,,,,,,,,,,,,,,,,,,{}
run_20260423T173127Z,2026-04-23T17:37:03+00:00,classify,classify,progress,,,,,,,,,,,,,,,,,,,,,,,,{}
run_20260423T173127Z,2026-04-23T17:37:04+00:00,classify,,progress,strict_lexical_fetch_evidence_unavailable_suspected,ray-classify,588017887245b21e25feaefb8f666eec1b53e203,893,,,,,,,,,,,,,,,,,,,,{}
run_20260423T173127Z,2026-04-23T17:37:08+00:00,classify,classify,progress,,,,,,,,,,,,,,,,,,,,,,,,{}
run_20260423T173127Z,2026-04-23T17:37:13+00:00,classify,classify,progress,,,,,,,,,,,,,,,,,,,,,,,,{}
run_20260423T173127Z,2026-04-23T17:37:14+00:00,classify,,progress,strict_lexical_fetch_evidence_unavailable_suspected,ray-classify,4a4aff8aab4044c29059c4462b820942f1960085,10496,,,,,,,,,,,,,,,,,,,,{}
run_20260423T173127Z,2026-04-23T17:37:18+00:00,classify,classify,progress,,,,,,,,,,,,,,,,,,,,,,,,{}
run_20260423T173127Z,2026-04-23T17:37:23+00:00,classify,classify,progress,,,,,,,,,,,,,,,,,,,,,,,,{}
run_20260423T173127Z,2026-04-23T17:37:26+00:00,classify,,progress,strict_lexical_fetch_evidence_unavailable_suspected,ray-classify,f52ffd904de33c11757651d91fe65c0d5a2688c1,11534,,,,,,,,,,,,,,,,,,,,{}
run_20260423T173127Z,2026-04-23T17:37:26+00:00,classify,,progress,strict_lexical_fetch_evidence_unavailable_suspected,ray-classify,82c9f51041d51e3cd53bf12bb02f236c7583449b,109,,,,,,,,,,,,,,,,,,,,{}
run_20260423T173127Z,2026-04-23T17:37:26+00:00,classify,,progress,strict_lexical_fetch_evidence_unavailable_suspected,ray-classify,2d37e2383151ed3d3bd98709c79dcc4f7e9c7358,108,,,,,,,,,,,,,,,,,,,,{}
run_20260423T173127Z,2026-04-23T17:37:26+00:00,classify,,progress,strict_lexical_fetch_evidence_unavailable_suspected,ray-classify,40a711a043b18d39a1f25e7e0b0eb2dc610e72e2,109,,,,,,,,,,,,,,,,,,,,{}
run_20260423T173127Z,2026-04-23T17:37:26+00:00,classify,,progress,strict_lexical_fetch_evidence_unavailable_suspected,ray-classify,f62fd79bf50250719ce2cff05331edfea835c883,146,,,,,,,,,,,,,,,,,,,,{}
run_20260423T173127Z,2026-04-23T17:37:27+00:00,classify,,progress,strict_lexical_fetch_evidence_unavailable_suspected,ray-classify,8c8ebfbb8cc330f02c9af0af787f094b8b4fa51d,135,,,,,,,,,,,,,,,,,,,,{}
run_20260423T173127Z,2026-04-23T17:31:27+00:00,run,,run_start,running,,,,,,,,,,,,,,,,,,,,,,,{}
run_20260423T173127Z,2026-04-23T17:37:27+00:00,run,,run_end,completed,,,,,,,,,,,,,,,,,,,,,,,{}
