input_position,input_url,normalized_url,source_workbook,best_entity,best_matching_domain,lexical_score,lexical_hit,strict_lexical_hit,lexical_score_pass,fallback_rank_only,brand_score,credential_score,infra_score,evasion_score,total_stage1_score,hard_trigger_hit,stage1_reasons,page_has_password_field,page_has_login_form,form_action_mismatch,csc_mention_count,redirect_count,final_domain,favicon_domain,html_bytes_read,escalate_to_hashing,escalate_reason,deep_analysis_candidate,deep_analysis_dns_accepted,deep_analysis_attempted,dns_status,dns_decision,fetch_status,visual_status,fetch_error_type,fetch_error_detail,final_landing_url,parking_provider,parking_reason,confidence_band,best_score,admitted,admitted_to_holdout,kept_for_review_only,review_only_reason,survival_path,drop_path,reason,exclusion_stage
1,j1icoy.makeup,https://j1icoy.makeup,PS-02_AIGR-S66270_NCIIPC_24_02_2026.xlsx,Jio,jio.com,0.85,True,True,True,False,0,0,0,0,0,False,lexical_hit,False,False,False,0,0,j1icoy.makeup,,0,True,lexical_hit,True,False,False,no_records,rejected,,not_attempted,,,,,,,0.0,False,False,False,,,dns_rejected,dns_rejected,dns_gate
2,https://mrbim.ca,https://mrbim.ca,PS-02_AIGR-S66270_NCIIPC_24_02_2026.xlsx,Reserve Bank of India (RBI),rbi.org.in,0.8667,True,True,True,False,0,0,0,0,0,False,lexical_hit,False,False,False,0,0,mrbim.ca,,0,True,lexical_hit,True,True,True,resolved,accepted,failed,not_attempted,navigation_transient_browser_error,Page.content: Unable to retrieve content because the page is navigating and changing the content.,,,,Low,0.0,False,False,False,,,fetch_timeout_or_fetch_failed,fetch_timeout_or_fetch_failed,hashing_shortlist
6,onlinestore.click,https://onlinestore.click,PS-02_AIGR-S66270_NCIIPC_24_02_2026.xlsx,State Bank of India (SBI),corp.onlinesbi.sbi,0.8828,True,True,True,False,0,0,0,0,0,False,lexical_hit,False,False,False,0,0,onlinestore.click,,0,True,lexical_hit,True,False,False,no_records,rejected,,not_attempted,,,,,,,0.0,False,False,False,,,dns_rejected,dns_rejected,dns_gate
7,https://aiindia.info,https://aiindia.info,PS-02_AIGR-S66270_NCIIPC_24_02_2026.xlsx,Air India,airindiaexpress.com,0.8578,True,True,True,False,0,0,0,0,0,False,lexical_hit,False,False,False,0,0,aiindia.info,,0,True,lexical_hit,True,True,True,resolved,accepted,fetched,available,,,https://aiindia.info/,,,Low,45.9524,False,False,True,strict_lexical_below_holdout_threshold,strict_lexical_below_holdout_threshold,,strict_lexical_below_holdout_threshold,hashing_shortlist
10,http://particularhands.com,http://particularhands.com,PS-02_AIGR-S66270_NCIIPC_24_02_2026.xlsx,parivahan sewa,parivahan.gov.in,0.8652,True,True,True,False,0,0,0,0,0,False,lexical_hit,False,False,False,0,0,particularhands.com,,0,True,lexical_hit,True,True,True,resolved,accepted,fetched,available,,,http://particularhands.com/,,,Low,58.9899,True,True,False,,score_threshold,,,
11,ptntbq.makeup,https://ptntbq.makeup,PS-02_AIGR-S66270_NCIIPC_24_02_2026.xlsx,Punjab National Bank (PNB),pnb.bank.in,0.85,True,True,True,False,0,0,0,0,0,False,lexical_hit,False,False,False,0,0,ptntbq.makeup,,0,True,lexical_hit,True,False,False,dns_error,rejected,,not_attempted,,,,,,,0.0,False,False,False,,,dns_rejected,dns_rejected,dns_gate
15,idol.pink,https://idol.pink,PS-02_AIGR-S66270_NCIIPC_24_02_2026.xlsx,Indian Oil Corporation Limited (IOCL),iocl.com,0.85,True,True,True,False,0,0,0,0,0,False,lexical_hit,False,False,False,0,0,idol.pink,,0,True,lexical_hit,True,False,False,no_records,rejected,,not_attempted,,,,,,,0.0,False,False,False,,,dns_rejected,dns_rejected,dns_gate
16,brissylife.com,https://brissylife.com,PS-02_AIGR-S66270_NCIIPC_24_02_2026.xlsx,State Bank of India (SBI),sbilife.co.in,0.8524,True,True,True,False,0,0,0,0,0,False,lexical_hit,False,False,False,0,0,brissylife.com,,0,True,lexical_hit,True,True,True,resolved,accepted,fetched,available,,,https://brissylife-com.l.ink/,,,Low,36.5306,False,False,True,strict_lexical_below_holdout_threshold,strict_lexical_below_holdout_threshold,,strict_lexical_below_holdout_threshold,hashing_shortlist
17,duedates.sa.com,https://duedates.sa.com,PS-02_AIGR-S66270_NCIIPC_24_02_2026.xlsx,State Bank of India (SBI),sbi.co.in,0.6111,False,False,False,True,0,0,0,0,0,False,stage1_fetch_failed,False,False,False,0,0,,,0,True,route_to_dns_after_stage1_failure,True,True,True,resolved,accepted,timeout,not_attempted,navigation_timeout,"Page.goto: Timeout 15000ms exceeded. | Call log: - navigating to ""https://duedates.sa.com/"", waiting until ""domcontentloaded""",,,,Low,0.0,False,False,False,,,fetch_timeout_or_fetch_failed,fetch_timeout_or_fetch_failed,hashing_shortlist
18,ciic.uno,https://ciic.uno,PS-02_AIGR-S66270_NCIIPC_24_02_2026.xlsx,ICICI Bank,icici.bank.in,0.85,True,True,True,False,0,0,0,0,0,False,lexical_hit,False,False,False,0,0,ciic.uno,,0,True,lexical_hit,True,True,True,resolved,accepted,timeout,not_attempted,navigation_timeout,"Page.goto: Timeout 15000ms exceeded. | Call log: - navigating to ""https://ciic.uno/"", waiting until ""domcontentloaded""",,,,Low,0.0,False,False,False,,,fetch_timeout_or_fetch_failed,fetch_timeout_or_fetch_failed,hashing_shortlist
20,homenestai.live,https://homenestai.live,PS-02_AIGR-S66270_NCIIPC_24_02_2026.xlsx,State Bank of India (SBI),homeloans.sbi,0.867,True,True,True,False,0,0,0,0,0,False,lexical_hit,False,False,False,0,0,homenestai.live,,0,True,lexical_hit,True,True,True,resolved,accepted,fetched,available,,,https://homenestai.live/,,,Low,46.4456,False,False,True,strict_lexical_below_holdout_threshold,strict_lexical_below_holdout_threshold,,strict_lexical_below_holdout_threshold,hashing_shortlist
21,guide-ai.ru,https://guide-ai.ru,PS-02_AIGR-S66270_NCIIPC_24_02_2026.xlsx,"Unique Identification Authority of India (UIDAI)
",uidai.gov.in,0.875,True,True,True,False,0,0,0,0,0,False,lexical_hit,False,False,False,0,0,guide-ai.ru,,0,True,lexical_hit,True,True,True,resolved,accepted,fetched,available,,,https://guide-ai.ru/,,,Low,59.6591,True,True,False,,score_threshold,,,
24,netxpend.net,https://netxpend.net,PS-02_AIGR-S66270_NCIIPC_24_02_2026.xlsx,Punjab National Bank (PNB),netpnb.com,0.8736,True,True,True,False,0,0,0,0,0,False,lexical_hit,False,False,False,0,0,netxpend.net,,0,True,lexical_hit,True,False,False,no_records,rejected,,not_attempted,,,,,,,0.0,False,False,False,,,dns_rejected,dns_rejected,dns_gate
28,incomeinsider.tv,https://incomeinsider.tv,PS-02_AIGR-S66270_NCIIPC_24_02_2026.xlsx,Income Tax Department,incometaxindia.gov.in,0.8767,True,True,True,False,0,0,0,0,0,False,lexical_hit,False,False,False,0,0,incomeinsider.tv,,0,True,lexical_hit,True,True,True,resolved,accepted,timeout,not_attempted,navigation_timeout,"Page.goto: Timeout 15000ms exceeded. | Call log: - navigating to ""https://incomeinsider.tv/"", waiting until ""domcontentloaded""",,,,Low,0.0,False,False,False,,,fetch_timeout_or_fetch_failed,fetch_timeout_or_fetch_failed,hashing_shortlist
29,ec1yiu.makeup,https://ec1yiu.makeup,PS-02_AIGR-S66270_NCIIPC_24_02_2026.xlsx,Election Commision of India (ECI),eci.gov.in,0.8667,True,True,True,False,0,0,0,0,0,False,lexical_hit,False,False,False,0,0,ec1yiu.makeup,,0,True,lexical_hit,True,False,False,no_records,rejected,,not_attempted,,,,,,,0.0,False,False,False,,,dns_rejected,dns_rejected,dns_gate
30,abjadman.com,https://abjadman.com,PS-02_AIGR-S66270_NCIIPC_24_02_2026.xlsx,National Health Authority (NHA),abdm.gov.in,0.8667,True,True,True,False,0,0,0,0,0,False,lexical_hit,False,False,False,0,0,abjadman.com,,0,True,lexical_hit,True,False,False,dns_error,rejected,,not_attempted,,,,,,,0.0,False,False,False,,,dns_rejected,dns_rejected,dns_gate
31,cloudcost.store,https://cloudcost.store,PS-02_AIGR-S66270_NCIIPC_24_02_2026.xlsx,National Informatics Centre (NIC),cloud.gov.in,0.9111,False,False,False,True,0,0,0,0,0,False,stage1_fetch_failed,False,False,False,0,0,,,0,True,route_to_dns_after_stage1_failure,True,True,True,resolved,accepted,timeout,not_attempted,navigation_timeout,"Page.goto: Timeout 15000ms exceeded. | Call log: - navigating to ""https://cloudcost.store/"", waiting until ""domcontentloaded""",,,,Low,0.0,False,False,False,,,fetch_timeout_or_fetch_failed,fetch_timeout_or_fetch_failed,hashing_shortlist
34,nrsu.pro,https://nrsu.pro,PS-02_AIGR-S66270_NCIIPC_24_02_2026.xlsx,Canara Bank,canarahsbclife.com,0.6548,False,False,False,True,0,0,0,0,0,False,stage1_fetch_failed,False,False,False,0,0,,,0,True,route_to_dns_after_stage1_failure,True,True,True,resolved,accepted,failed,not_attempted,navigation_error,"Page.goto: net::ERR_CONNECTION_TIMED_OUT at https://nrsu.pro/ | Call log: - navigating to ""https://nrsu.pro/"", waiting until ""domcontentloaded""",,,,Low,0.0,False,False,False,,,fetch_timeout_or_fetch_failed,fetch_timeout_or_fetch_failed,hashing_shortlist
36,sbic.online,https://sbic.online,PS-02_AIGR-S66270_NCIIPC_24_02_2026.xlsx,State Bank of India (SBI),sbi.co.in,0.9417,True,True,True,False,0,0,0,0,0,False,lexical_hit,False,False,False,0,0,sbic.online,,0,True,lexical_hit,True,True,True,resolved,accepted,fetched,available,,,https://sbic.online/,,,Low,40.3571,False,False,True,strict_lexical_below_holdout_threshold,strict_lexical_below_holdout_threshold,,strict_lexical_below_holdout_threshold,hashing_shortlist
38,airparcel.xyz,https://airparcel.xyz,PS-02_AIGR-S66270_NCIIPC_24_02_2026.xlsx,Airtel,airtel.in,0.8574,True,True,True,False,0,0,0,0,0,False,lexical_hit,False,False,False,0,0,airparcel.xyz,,0,True,lexical_hit,True,True,True,resolved,accepted,fetched,available,,,https://airparcel.xyz/,,,Low,45.9325,False,False,True,strict_lexical_below_holdout_threshold,strict_lexical_below_holdout_threshold,,strict_lexical_below_holdout_threshold,hashing_shortlist
39,abdlzldmer.cc,https://abdlzldmer.cc,PS-02_AIGR-S66270_NCIIPC_24_02_2026.xlsx,National Health Authority (NHA),abdm.gov.in,0.86,True,True,True,False,0,0,0,0,0,False,lexical_hit,False,False,False,0,0,abdlzldmer.cc,,0,True,lexical_hit,True,True,True,resolved,accepted,timeout,not_attempted,navigation_timeout,"Page.goto: Timeout 15000ms exceeded. | Call log: - navigating to ""https://abdlzldmer.cc/"", waiting until ""domcontentloaded""",,,,Low,0.0,False,False,False,,,fetch_timeout_or_fetch_failed,fetch_timeout_or_fetch_failed,hashing_shortlist
40,indusinspection360.co.uk,https://indusinspection360.co.uk,PS-02_AIGR-S66270_NCIIPC_24_02_2026.xlsx,IndusInd Bank,indusind.bank.in,0.8528,True,True,True,False,0,0,0,0,0,False,lexical_hit,False,False,False,0,0,indusinspection360.co.uk,,0,True,lexical_hit,True,True,True,resolved,accepted,fetched,available,,,https://indusinspection360.co.uk/,,,Low,58.1439,True,True,False,,score_threshold,,,
42,5g.net.ru,https://5g.net.ru,PS-02_AIGR-S66270_NCIIPC_24_02_2026.xlsx,Airtel,airtel.in,0.5,True,True,True,False,0,0,0,0,0,False,lexical_hit,False,False,False,0,0,5g.net.ru,,0,True,lexical_hit,True,True,True,resolved,accepted,fetched,available,,,https://5g.net.ru/,,,Low,0.0,False,False,True,strict_lexical_below_holdout_threshold,strict_lexical_below_holdout_threshold,,strict_lexical_below_holdout_threshold,hashing_shortlist
43,https://air38.net,https://air38.net,PS-02_AIGR-S66270_NCIIPC_24_02_2026.xlsx,Airtel,airtel.in,0.8756,True,True,True,False,0,0,0,0,0,False,lexical_hit,False,False,False,0,0,air38.net,,0,True,lexical_hit,True,True,True,resolved,accepted,timeout,not_attempted,navigation_timeout,TimeoutError,,,,Low,0.0,False,False,False,,,fetch_timeout_or_fetch_failed,fetch_timeout_or_fetch_failed,hashing_shortlist
46,industrialink.store,https://industrialink.store,PS-02_AIGR-S66270_NCIIPC_24_02_2026.xlsx,IndusInd Bank,indusind.bank.in,0.8827,True,True,True,False,0,0,0,0,0,False,lexical_hit,False,False,False,0,0,industrialink.store,,0,True,lexical_hit,True,False,False,no_records,rejected,,not_attempted,,,,,,,0.0,False,False,False,,,dns_rejected,dns_rejected,dns_gate
48,https://parkia.app,https://parkia.app,PS-02_AIGR-S66270_NCIIPC_24_02_2026.xlsx,parivahan sewa,parivahan.gov.in,0.8574,True,True,True,False,0,0,0,0,0,False,lexical_hit,False,False,False,0,0,parkia.app,,0,True,lexical_hit,True,True,True,resolved,accepted,fetched,available,,,https://parkia.app/,,,Low,45.9325,False,False,True,strict_lexical_below_holdout_threshold,strict_lexical_below_holdout_threshold,,strict_lexical_below_holdout_threshold,hashing_shortlist
49,https://seinmedia.com,https://seinmedia.com,PS-02_AIGR-S66270_NCIIPC_24_02_2026.xlsx,BSE Ltd.,bseindia.com,0.8843,True,True,True,False,0,0,0,0,0,False,lexical_hit,False,False,False,0,0,seinmedia.com,,0,True,lexical_hit,True,True,True,resolved,accepted,fetched,available,,,https://seinmedia.com/,,,Low,47.371,False,False,True,strict_lexical_below_holdout_threshold,strict_lexical_below_holdout_threshold,,strict_lexical_below_holdout_threshold,hashing_shortlist
50,https://online-melbet.cyou,https://online-melbet.cyou,PS-02_AIGR-S66270_NCIIPC_24_02_2026.xlsx,State Bank of India (SBI),corp.onlinesbi.sbi,0.8632,True,True,True,False,0,0,0,0,0,False,lexical_hit,False,False,False,0,0,online-melbet.cyou,,0,True,lexical_hit,True,True,True,resolved,accepted,fetched,available,,,https://online-melbet.cyou/,,,Low,46.2454,False,False,True,strict_lexical_below_holdout_threshold,strict_lexical_below_holdout_threshold,,strict_lexical_below_holdout_threshold,hashing_shortlist
55,https://homelandpeptides.com,https://homelandpeptides.com,PS-02_AIGR-S66270_NCIIPC_24_02_2026.xlsx,State Bank of India (SBI),homeloans.sbi,0.8778,True,True,True,False,0,0,0,0,0,False,lexical_hit,False,False,False,0,0,homelandpeptides.com,,0,True,lexical_hit,True,True,True,resolved,accepted,fetched,available,,,https://homelandpeptides.com/,,,Low,47.0238,False,False,True,strict_lexical_below_holdout_threshold,strict_lexical_below_holdout_threshold,,strict_lexical_below_holdout_threshold,hashing_shortlist
56,https://hoploans.com,https://hoploans.com,PS-02_AIGR-S66270_NCIIPC_24_02_2026.xlsx,State Bank of India (SBI),homeloans.sbi,0.9074,True,True,True,False,0,0,0,0,0,False,lexical_hit,False,False,False,0,0,hoploans.com,,0,True,lexical_hit,True,True,True,resolved,accepted,parked,not_attempted,,,https://forsale.ddot.in/hoploans.com?drefid=2071,GenericParking,generic_parking_text_signals,Low,0.0,False,False,False,,,parking_or_placeholder_excluded,parking_or_placeholder_excluded,hashing_shortlist
57,ecqis.co,https://ecqis.co,PS-02_AIGR-S66270_NCIIPC_24_02_2026.xlsx,Election Commision of India (ECI),eci.gov.in,0.8933,True,True,True,False,0,0,0,0,0,False,lexical_hit,False,False,False,0,0,ecqis.co,,0,True,lexical_hit,True,True,True,resolved,accepted,fetched,available,,,https://107.149.110.92:25005/tzjhl.zg,,,Low,60.9091,True,True,False,,score_threshold,,,
58,https://carshlife.ru,https://carshlife.ru,PS-02_AIGR-S66270_NCIIPC_24_02_2026.xlsx,Canara Bank,canarahsbclife.com,0.8751,True,True,True,False,0,0,0,0,0,False,lexical_hit,False,False,False,0,0,carshlife.ru,,0,True,lexical_hit,True,True,True,resolved,accepted,timeout,not_attempted,navigation_timeout,TimeoutError,,,,Low,0.0,False,False,False,,,fetch_timeout_or_fetch_failed,fetch_timeout_or_fetch_failed,hashing_shortlist
59,acloudai.icu,https://acloudai.icu,PS-02_AIGR-S66270_NCIIPC_24_02_2026.xlsx,National Informatics Centre (NIC),cloud.gov.in,0.875,False,False,False,True,0,0,0,0,0,False,stage1_fetch_failed,False,False,False,0,0,,,0,True,route_to_dns_after_stage1_failure,True,True,True,resolved,accepted,timeout,not_attempted,navigation_timeout,"Page.goto: Timeout 15000ms exceeded. | Call log: - navigating to ""https://acloudai.icu/"", waiting until ""domcontentloaded""",,,,Low,0.0,False,False,False,,,fetch_timeout_or_fetch_failed,fetch_timeout_or_fetch_failed,hashing_shortlist
60,vasc.info,https://vasc.info,PS-02_AIGR-S66270_NCIIPC_24_02_2026.xlsx,Indian Space Research Organisation (ISRO),vssc.gov.in,0.85,True,True,True,False,0,0,0,0,0,False,lexical_hit,False,False,False,0,0,vasc.info,,0,True,lexical_hit,True,True,True,resolved,accepted,fetched,available,,,https://vasc.info/,,,Low,57.9545,False,False,True,strict_lexical_below_holdout_threshold,strict_lexical_below_holdout_threshold,,strict_lexical_below_holdout_threshold,hashing_shortlist
61,j2ti0d.makeup,https://j2ti0d.makeup,PS-02_AIGR-S66270_NCIIPC_24_02_2026.xlsx,Jio,jio.com,0.85,True,True,True,False,0,0,0,0,0,False,lexical_hit,False,False,False,0,0,j2ti0d.makeup,,0,True,lexical_hit,True,False,False,no_records,rejected,,not_attempted,,,,,,,0.0,False,False,False,,,dns_rejected,dns_rejected,dns_gate
65,cloundxi.click,https://cloundxi.click,PS-02_AIGR-S66270_NCIIPC_24_02_2026.xlsx,National Informatics Centre (NIC),cloud.gov.in,0.925,False,False,False,True,0,0,0,0,0,False,stage1_fetch_failed,False,False,False,0,0,,,0,True,route_to_dns_after_stage1_failure,True,True,True,resolved,accepted,timeout,not_attempted,navigation_timeout,"Page.goto: Timeout 15000ms exceeded. | Call log: - navigating to ""https://cloundxi.click/"", waiting until ""domcontentloaded""",,,,Low,0.0,False,False,False,,,fetch_timeout_or_fetch_failed,fetch_timeout_or_fetch_failed,hashing_shortlist
67,https://axistrade.nl,https://axistrade.nl,PS-02_AIGR-S66270_NCIIPC_24_02_2026.xlsx,Axis Bank,axis.bank.in,0.8889,True,True,True,False,0,0,0,0,0,False,lexical_hit,False,False,False,0,0,axistrade.nl,,0,True,lexical_hit,True,True,True,resolved,accepted,timeout,not_attempted,navigation_timeout,TimeoutError,,,,Low,0.0,False,False,False,,,fetch_timeout_or_fetch_failed,fetch_timeout_or_fetch_failed,hashing_shortlist
70,industrialincidentanalysis.com,https://industrialincidentanalysis.com,PS-02_AIGR-S66270_NCIIPC_24_02_2026.xlsx,IndusInd Bank,indusind.bank.in,0.8615,True,True,True,False,0,0,0,0,0,False,lexical_hit,False,False,False,0,0,industrialincidentanalysis.com,,0,True,lexical_hit,True,True,True,resolved,accepted,timeout,not_attempted,navigation_timeout,TimeoutError,,,,Low,0.0,False,False,False,,,fetch_timeout_or_fetch_failed,fetch_timeout_or_fetch_failed,hashing_shortlist
71,carshlife.store,https://carshlife.store,PS-02_AIGR-S66270_NCIIPC_24_02_2026.xlsx,Canara Bank,canarahsbclife.com,0.8751,True,True,True,False,0,0,0,0,0,False,lexical_hit,False,False,False,0,0,carshlife.store,,0,True,lexical_hit,True,True,True,resolved,accepted,fetched,available,,,https://carshlife.store/,,,Low,59.6681,True,True,False,,score_threshold,,,
72,jiulou.xyz,https://jiulou.xyz,PS-02_AIGR-S66270_NCIIPC_24_02_2026.xlsx,Jio,jio.com,0.8667,True,True,True,False,0,0,0,0,0,False,lexical_hit,False,False,False,0,0,jiulou.xyz,,0,True,lexical_hit,True,False,False,no_records,rejected,,not_attempted,,,,,,,0.0,False,False,False,,,dns_rejected,dns_rejected,dns_gate
74,erecia.net,https://erecia.net,PS-02_AIGR-S66270_NCIIPC_24_02_2026.xlsx,Election Commision of India (ECI),eci.gov.in,0.85,True,True,True,False,0,0,0,0,0,False,lexical_hit,False,False,False,0,0,erecia.net,,0,True,lexical_hit,True,True,True,resolved,accepted,fetched,available,,,https://minewind.com/,,,Low,57.9545,False,False,True,strict_lexical_below_holdout_threshold,strict_lexical_below_holdout_threshold,,strict_lexical_below_holdout_threshold,hashing_shortlist
75,https://onlineshop.group,https://onlineshop.group,PS-02_AIGR-S66270_NCIIPC_24_02_2026.xlsx,State Bank of India (SBI),corp.onlinesbi.sbi,0.8956,True,True,True,False,0,0,0,0,0,False,lexical_hit,False,False,False,0,0,onlineshop.group,,0,True,lexical_hit,True,True,True,resolved,accepted,fetched,available,,,https://onlineshop.group/,,,Low,47.9762,False,False,True,strict_lexical_below_holdout_threshold,strict_lexical_below_holdout_threshold,,strict_lexical_below_holdout_threshold,hashing_shortlist
76,arte.auction,https://arte.auction,PS-02_AIGR-S66270_NCIIPC_24_02_2026.xlsx,Airtel,airtel.in,0.9,True,True,True,False,0,0,0,0,0,False,lexical_hit,False,False,False,0,0,arte.auction,,0,True,lexical_hit,True,True,True,resolved,accepted,fetched,available,,,https://arte.auction/,,,Low,48.2143,False,False,True,strict_lexical_below_holdout_threshold,strict_lexical_below_holdout_threshold,,strict_lexical_below_holdout_threshold,hashing_shortlist
78,https://abm.enterprises,https://abm.enterprises,PS-02_AIGR-S66270_NCIIPC_24_02_2026.xlsx,National Health Authority (NHA),abdm.gov.in,0.9333,True,True,True,False,0,0,0,0,0,False,lexical_hit,False,False,False,0,0,abm.enterprises,,0,True,lexical_hit,True,True,True,resolved,accepted,fetched,available,,,https://abm.enterprises/,,,Low,50.0,False,False,True,strict_lexical_below_holdout_threshold,strict_lexical_below_holdout_threshold,,strict_lexical_below_holdout_threshold,hashing_shortlist
79,homelandhome.org,https://homelandhome.org,PS-02_AIGR-S66270_NCIIPC_24_02_2026.xlsx,State Bank of India (SBI),homeloans.sbi,0.8861,True,True,True,False,0,0,0,0,0,False,lexical_hit,False,False,False,0,0,homelandhome.org,,0,True,lexical_hit,True,False,False,no_records,rejected,,not_attempted,,,,,,,0.0,False,False,False,,,dns_rejected,dns_rejected,dns_gate
82,rehbi4.makeup,https://rehbi4.makeup,PS-02_AIGR-S66270_NCIIPC_24_02_2026.xlsx,Reserve Bank of India (RBI),rbi.org.in,0.85,True,True,True,False,0,0,0,0,0,False,lexical_hit,False,False,False,0,0,rehbi4.makeup,,0,True,lexical_hit,True,False,False,no_records,rejected,,not_attempted,,,,,,,0.0,False,False,False,,,dns_rejected,dns_rejected,dns_gate
83,spycloud.tech,https://spycloud.tech,PS-02_AIGR-S66270_NCIIPC_24_02_2026.xlsx,National Informatics Centre (NIC),cloud.gov.in,0.875,False,False,False,True,0,0,0,0,0,False,stage1_fetch_failed,False,False,False,0,0,,,0,True,route_to_dns_after_stage1_failure,True,True,True,resolved,accepted,timeout,not_attempted,navigation_timeout,"Page.goto: Timeout 15000ms exceeded. | Call log: - navigating to ""https://spycloud.tech/"", waiting until ""domcontentloaded""",,,,Low,0.0,False,False,False,,,fetch_timeout_or_fetch_failed,fetch_timeout_or_fetch_failed,hashing_shortlist
85,nrstack.com,https://nrstack.com,PS-02_AIGR-S66270_NCIIPC_24_02_2026.xlsx,National Health Authority (NHA),nha.gov.in,0.6508,False,False,False,True,0,0,0,0,0,False,stage1_fetch_failed,False,False,False,0,0,,,0,True,route_to_dns_after_stage1_failure,True,True,True,resolved,accepted,timeout,not_attempted,navigation_timeout,"Page.goto: Timeout 15000ms exceeded. | Call log: - navigating to ""https://nrstack.com/"", waiting until ""domcontentloaded""",,,,Low,0.0,False,False,False,,,fetch_timeout_or_fetch_failed,fetch_timeout_or_fetch_failed,hashing_shortlist
86,rbiiilv.com,https://rbiiilv.com,PS-02_AIGR-S66270_NCIIPC_24_02_2026.xlsx,Reserve Bank of India (RBI),rbi.org.in,0.8667,True,True,True,False,0,0,0,0,0,False,lexical_hit,False,False,False,0,0,rbiiilv.com,,0,True,lexical_hit,True,True,True,resolved,accepted,timeout,not_attempted,navigation_timeout,"Page.goto: Timeout 15000ms exceeded. | Call log: - navigating to ""https://rbiiilv.com/"", waiting until ""domcontentloaded""",,,,Low,0.0,False,False,False,,,fetch_timeout_or_fetch_failed,fetch_timeout_or_fetch_failed,hashing_shortlist
88,homeworkagents.com,https://homeworkagents.com,PS-02_AIGR-S66270_NCIIPC_24_02_2026.xlsx,State Bank of India (SBI),homeloans.sbi,0.8921,True,True,True,False,0,0,0,0,0,False,lexical_hit,False,False,False,0,0,homeworkagents.com,,0,True,lexical_hit,True,True,True,resolved,accepted,parked,not_attempted,,,https://homeworkagents.com/,GenericParking,generic_parking_text_signals,Low,0.0,False,False,False,,,parking_or_placeholder_excluded,parking_or_placeholder_excluded,hashing_shortlist
91,home-npo.org,https://home-npo.org,PS-02_AIGR-S66270_NCIIPC_24_02_2026.xlsx,State Bank of India (SBI),homeloans.sbi,0.85,True,True,True,False,0,0,0,0,0,False,lexical_hit,False,False,False,0,0,home-npo.org,,0,True,lexical_hit,True,True,True,resolved,accepted,fetched,available,,,https://home-npo.org/,,,Low,45.5357,False,False,True,strict_lexical_below_holdout_threshold,strict_lexical_below_holdout_threshold,,strict_lexical_below_holdout_threshold,hashing_shortlist
92,homeschoolandyou.org,https://homeschoolandyou.org,PS-02_AIGR-S66270_NCIIPC_24_02_2026.xlsx,State Bank of India (SBI),homeloans.sbi,0.8681,True,True,True,False,0,0,0,0,0,False,lexical_hit,False,False,False,0,0,homeschoolandyou.org,,0,True,lexical_hit,True,True,True,resolved,accepted,timeout,not_attempted,navigation_timeout,"Page.goto: Timeout 15000ms exceeded. | Call log: - navigating to ""https://homeschoolandyou.org/"", waiting until ""domcontentloaded""",,,,Low,0.0,False,False,False,,,fetch_timeout_or_fetch_failed,fetch_timeout_or_fetch_failed,hashing_shortlist
93,ivcl.co.in,https://ivcl.co.in,PS-02_AIGR-S66270_NCIIPC_24_02_2026.xlsx,Indian Oil Corporation Limited (IOCL),iocl.com,0.85,True,True,True,False,0,0,0,0,0,False,lexical_hit,False,False,False,0,0,ivcl.co.in,,0,True,lexical_hit,True,True,True,resolved,accepted,fetched,available,,,https://ivcl.co.in/,,,Low,45.5357,False,False,True,strict_lexical_below_holdout_threshold,strict_lexical_below_holdout_threshold,,strict_lexical_below_holdout_threshold,hashing_shortlist
94,airspell.app,https://airspell.app,PS-02_AIGR-S66270_NCIIPC_24_02_2026.xlsx,Airtel,airtel.in,0.8736,True,True,True,False,0,0,0,0,0,False,lexical_hit,False,False,False,0,0,airspell.app,,0,True,lexical_hit,True,True,True,resolved,accepted,fetched,available,,,https://airspell.app/,,,Low,37.4405,False,False,True,strict_lexical_below_holdout_threshold,strict_lexical_below_holdout_threshold,,strict_lexical_below_holdout_threshold,hashing_shortlist
95,pnkab8.shop,https://pnkab8.shop,PS-02_AIGR-S66270_NCIIPC_24_02_2026.xlsx,Coal India,coalindiatenders.nic.in,0.3194,True,True,True,False,0,0,0,0,0,False,lexical_hit,False,False,False,0,0,pnkab8.shop,,0,True,lexical_hit,True,True,True,resolved,accepted,fetched,available,,,https://pnkab8.shop/,,,Low,50.0,True,True,False,,hash_bypass_hit,,,
97,onlineserverr3.top,https://onlineserverr3.top,PS-02_AIGR-S66270_NCIIPC_24_02_2026.xlsx,State Bank of India (SBI),corp.onlinesbi.sbi,0.8556,True,True,True,False,0,0,0,0,0,False,lexical_hit,False,False,False,0,0,onlineserverr3.top,,0,True,lexical_hit,True,False,False,no_records,rejected,,not_attempted,,,,,,,0.0,False,False,False,,,dns_rejected,dns_rejected,dns_gate
98,ms-cloud.info,https://ms-cloud.info,PS-02_AIGR-S66270_NCIIPC_24_02_2026.xlsx,National Informatics Centre (NIC),cloud.gov.in,0.875,False,False,False,True,0,0,0,0,0,False,stage1_fetch_failed,False,False,False,0,0,,,0,True,route_to_dns_after_stage1_failure,True,True,True,resolved,accepted,failed,not_attempted,ssl_error,"Page.goto: net::ERR_SSL_PROTOCOL_ERROR at https://ms-cloud.info/ | Call log: - navigating to ""https://ms-cloud.info/"", waiting until ""domcontentloaded""",,,,Low,0.0,False,False,False,,,fetch_timeout_or_fetch_failed,fetch_timeout_or_fetch_failed,hashing_shortlist
99,nhacai88.online,https://nhacai88.online,PS-02_AIGR-S66270_NCIIPC_24_02_2026.xlsx,National Health Authority (NHA),nha.gov.in,0.8542,True,True,True,False,0,0,0,0,0,False,lexical_hit,False,False,False,0,0,nhacai88.online,,0,True,lexical_hit,True,True,True,resolved,accepted,timeout,not_attempted,navigation_timeout,TimeoutError,,,,Low,0.0,False,False,False,,,fetch_timeout_or_fetch_failed,fetch_timeout_or_fetch_failed,hashing_shortlist
100,http://homeschoolmakers.com,http://homeschoolmakers.com,PS-02_AIGR-S66270_NCIIPC_24_02_2026.xlsx,State Bank of India (SBI),homeloans.sbi,0.8528,True,True,True,False,0,0,0,0,0,False,lexical_hit,False,False,False,0,0,homeschoolmakers.com,,0,True,lexical_hit,True,True,True,resolved,accepted,failed,not_attempted,navigation_transient_browser_error,Page.content: Unable to retrieve content because the page is navigating and changing the content.,,,,Low,0.0,False,False,False,,,fetch_timeout_or_fetch_failed,fetch_timeout_or_fetch_failed,hashing_shortlist
103,incomeopedia.com,https://incomeopedia.com,PS-02_AIGR-S66270_NCIIPC_24_02_2026.xlsx,Income Tax Department,incometaxindia.gov.in,0.8563,True,True,True,False,0,0,0,0,0,False,lexical_hit,False,False,False,0,0,incomeopedia.com,,0,True,lexical_hit,True,False,False,dns_error,rejected,,not_attempted,,,,,,,0.0,False,False,False,,,dns_rejected,dns_rejected,dns_gate
104,axisroav.com,https://axisroav.com,PS-02_AIGR-S66270_NCIIPC_24_02_2026.xlsx,Axis Bank,axis.bank.in,0.9,True,True,True,False,0,0,0,0,0,False,lexical_hit,False,False,False,0,0,axisroav.com,,0,True,lexical_hit,True,False,False,no_records,rejected,,not_attempted,,,,,,,0.0,False,False,False,,,dns_rejected,dns_rejected,dns_gate
106,5biytm.makeup,https://5biytm.makeup,PS-02_AIGR-S66270_NCIIPC_24_02_2026.xlsx,State Bank of India (SBI),sbi.co.in,0.8833,True,True,True,False,0,0,0,0,0,False,lexical_hit,False,False,False,0,0,5biytm.makeup,,0,True,lexical_hit,True,False,False,no_records,rejected,,not_attempted,,,,,,,0.0,False,False,False,,,dns_rejected,dns_rejected,dns_gate
108,iconicinspo.online,https://iconicinspo.online,PS-02_AIGR-S66270_NCIIPC_24_02_2026.xlsx,ICICI Bank,icici.bank.in,0.8545,True,True,True,False,0,0,0,0,0,False,lexical_hit,False,False,False,0,0,iconicinspo.online,,0,True,lexical_hit,True,True,True,resolved,accepted,timeout,not_attempted,navigation_timeout,"Page.goto: Timeout 15000ms exceeded. | Call log: - navigating to ""https://iconicinspo.online/"", waiting until ""domcontentloaded""",,,,Low,0.0,False,False,False,,,fetch_timeout_or_fetch_failed,fetch_timeout_or_fetch_failed,hashing_shortlist
109,keacloud.tech,https://keacloud.tech,PS-02_AIGR-S66270_NCIIPC_24_02_2026.xlsx,National Informatics Centre (NIC),cloud.gov.in,0.875,False,False,False,True,0,0,0,0,0,False,stage1_fetch_failed,False,False,False,0,0,,,0,True,route_to_dns_after_stage1_failure,True,True,True,resolved,accepted,failed,not_attempted,ssl_error,"Page.goto: net::ERR_SSL_PROTOCOL_ERROR at https://keacloud.tech/ | Call log: - navigating to ""https://keacloud.tech/"", waiting until ""domcontentloaded""",,,,Low,0.0,False,False,False,,,fetch_timeout_or_fetch_failed,fetch_timeout_or_fetch_failed,hashing_shortlist
111,http://marconiteindia.co,http://marconiteindia.co,PS-02_AIGR-S66270_NCIIPC_24_02_2026.xlsx,Income Tax Department,incometaxindia.gov.in,0.9011,True,True,True,False,0,0,0,0,0,False,lexical_hit,False,False,False,0,0,marconiteindia.co,,0,True,lexical_hit,True,True,True,resolved,accepted,failed,not_attempted,navigation_transient_browser_error,Page.content: Unable to retrieve content because the page is navigating and changing the content.,,,,Low,0.0,False,False,False,,,fetch_timeout_or_fetch_failed,fetch_timeout_or_fetch_failed,hashing_shortlist
112,arte.run,https://arte.run,PS-02_AIGR-S66270_NCIIPC_24_02_2026.xlsx,Airtel,airtel.in,0.9,True,True,True,False,0,0,0,0,0,False,lexical_hit,False,False,False,0,0,arte.run,,0,True,lexical_hit,True,False,False,no_records,rejected,,not_attempted,,,,,,,0.0,False,False,False,,,dns_rejected,dns_rejected,dns_gate
113,https://axisvtu.com,https://axisvtu.com,PS-02_AIGR-S66270_NCIIPC_24_02_2026.xlsx,Axis Bank,axis.bank.in,0.9143,True,True,True,False,0,0,0,0,0,False,lexical_hit,False,False,False,0,0,axisvtu.com,,0,True,lexical_hit,True,True,True,resolved,accepted,fetched,available,,,https://axisvtu.com/landing/,,,Low,48.9796,False,False,True,strict_lexical_below_holdout_threshold,strict_lexical_below_holdout_threshold,,strict_lexical_below_holdout_threshold,hashing_shortlist
114,ai5.tech,https://ai5.tech,PS-02_AIGR-S66270_NCIIPC_24_02_2026.xlsx,Axis Bank,axis.bank.in,0.925,True,True,True,False,0,0,0,0,0,False,lexical_hit,False,False,False,0,0,ai5.tech,,0,True,lexical_hit,True,True,True,resolved,accepted,failed,not_attempted,navigation_transient_browser_error,Page.content: Unable to retrieve content because the page is navigating and changing the content.,,,,Low,0.0,False,False,False,,,fetch_timeout_or_fetch_failed,fetch_timeout_or_fetch_failed,hashing_shortlist
115,hdfchire.online,https://hdfchire.online,PS-02_AIGR-S66270_NCIIPC_24_02_2026.xlsx,HDFC Bank,hdfc.bank.in,0.9,True,True,True,False,0,0,0,0,0,False,lexical_hit,False,False,False,0,0,hdfchire.online,,0,True,lexical_hit,True,True,True,resolved,accepted,fetched,available,,,https://hdfchire.online/,,,Low,48.2143,False,False,True,strict_lexical_below_holdout_threshold,strict_lexical_below_holdout_threshold,,strict_lexical_below_holdout_threshold,hashing_shortlist
116,online-casino-7sultans.com,https://online-casino-7sultans.com,PS-02_AIGR-S66270_NCIIPC_24_02_2026.xlsx,State Bank of India (SBI),corp.onlinesbi.sbi,0.8505,True,True,True,False,0,0,0,0,0,False,lexical_hit,False,False,False,0,0,online-casino-7sultans.com,,0,True,lexical_hit,True,True,True,resolved,accepted,fetched,available,,,https://taose.com.tw/,,,Low,36.4502,False,False,True,strict_lexical_below_holdout_threshold,strict_lexical_below_holdout_threshold,,strict_lexical_below_holdout_threshold,hashing_shortlist
119,onlineschool.kg,https://onlineschool.kg,PS-02_AIGR-S66270_NCIIPC_24_02_2026.xlsx,State Bank of India (SBI),corp.onlinesbi.sbi,0.8722,True,True,True,False,0,0,0,0,0,False,lexical_hit,False,False,False,0,0,onlineschool.kg,,0,True,lexical_hit,True,True,True,resolved,accepted,fetched,available,,,https://onlineschool.kg/,,,Low,37.381,False,False,True,strict_lexical_below_holdout_threshold,strict_lexical_below_holdout_threshold,,strict_lexical_below_holdout_threshold,hashing_shortlist
120,homesali.com,https://homesali.com,PS-02_AIGR-S66270_NCIIPC_24_02_2026.xlsx,State Bank of India (SBI),homeloans.sbi,0.85,True,True,True,False,0,0,0,0,0,False,lexical_hit,False,False,False,0,0,homesali.com,,0,True,lexical_hit,True,True,True,resolved,accepted,timeout,not_attempted,navigation_timeout,"Page.goto: Timeout 15000ms exceeded. | Call log: - navigating to ""https://homesali.com/"", waiting until ""domcontentloaded""",,,,Low,0.0,False,False,False,,,fetch_timeout_or_fetch_failed,fetch_timeout_or_fetch_failed,hashing_shortlist
121,vairel.com,https://vairel.com,PS-02_AIGR-S66270_NCIIPC_24_02_2026.xlsx,Airtel,airtel.in,0.8889,True,True,True,False,0,0,0,0,0,False,lexical_hit,False,False,False,0,0,vairel.com,,0,True,lexical_hit,True,True,True,resolved,accepted,fetched,available,,,https://vairel.com/,,,Low,47.619,False,False,True,strict_lexical_below_holdout_threshold,strict_lexical_below_holdout_threshold,,strict_lexical_below_holdout_threshold,hashing_shortlist
122,online-pin-up.site,https://online-pin-up.site,PS-02_AIGR-S66270_NCIIPC_24_02_2026.xlsx,State Bank of India (SBI),corp.onlinesbi.sbi,0.8632,True,True,True,False,0,0,0,0,0,False,lexical_hit,False,False,False,0,0,online-pin-up.site,,0,True,lexical_hit,True,True,True,resolved,accepted,timeout,not_attempted,navigation_timeout,"Page.goto: Timeout 15000ms exceeded. | Call log: - navigating to ""https://online-pin-up.site/"", waiting until ""domcontentloaded""",,,,Low,0.0,False,False,False,,,fetch_timeout_or_fetch_failed,fetch_timeout_or_fetch_failed,hashing_shortlist
124,onlinesahabet-casino.top,https://onlinesahabet-casino.top,PS-02_AIGR-S66270_NCIIPC_24_02_2026.xlsx,State Bank of India (SBI),corp.onlinesbi.sbi,0.89,True,True,True,False,0,0,0,0,0,False,lexical_hit,False,False,False,0,0,onlinesahabet-casino.top,,0,True,lexical_hit,True,False,False,dns_error,rejected,,not_attempted,,,,,,,0.0,False,False,False,,,dns_rejected,dns_rejected,dns_gate
128,b5y1.vip,https://b5y1.vip,PS-02_AIGR-S66270_NCIIPC_24_02_2026.xlsx,Bharat Sanchar Nigam Limited (BSNL),bsnl.co.in,0.8667,True,True,True,False,0,0,0,0,0,False,lexical_hit,False,False,False,0,0,b5y1.vip,,0,True,lexical_hit,True,True,True,resolved,accepted,failed,not_attempted,ssl_error,"Page.goto: net::ERR_SSL_PROTOCOL_ERROR at https://b5y1.vip/ | Call log: - navigating to ""https://b5y1.vip/"", waiting until ""domcontentloaded""",,,,Low,0.0,False,False,False,,,fetch_timeout_or_fetch_failed,fetch_timeout_or_fetch_failed,hashing_shortlist
129,onlineshop24h.com,https://onlineshop24h.com,PS-02_AIGR-S66270_NCIIPC_24_02_2026.xlsx,State Bank of India (SBI),corp.onlinesbi.sbi,0.8632,True,True,True,False,0,0,0,0,0,False,lexical_hit,False,False,False,0,0,onlineshop24h.com,,0,True,lexical_hit,True,True,True,resolved,accepted,fetched,available,,,https://expireddomains.com/domain/onlineshop24h.com,,,Low,46.2454,False,False,True,strict_lexical_below_holdout_threshold,strict_lexical_below_holdout_threshold,,strict_lexical_below_holdout_threshold,hashing_shortlist
131,camino.how,https://camino.how,PS-02_AIGR-S66270_NCIIPC_24_02_2026.xlsx,Computer Age Management Services Ltd. (CAMS),camsonline.com,0.8678,True,True,True,False,0,0,0,0,0,False,lexical_hit,False,False,False,0,0,camino.how,,0,True,lexical_hit,True,True,True,resolved,accepted,failed,not_attempted,navigation_error,"Page.goto: net::ERR_SSL_UNRECOGNIZED_NAME_ALERT at https://camino.how/ | Call log: - navigating to ""https://camino.how/"", waiting until ""domcontentloaded""",,,,Low,0.0,False,False,False,,,fetch_timeout_or_fetch_failed,fetch_timeout_or_fetch_failed,hashing_shortlist
132,aris.builders,https://aris.builders,PS-02_AIGR-S66270_NCIIPC_24_02_2026.xlsx,Axis Bank,axis.bank.in,0.85,True,True,True,False,0,0,0,0,0,False,lexical_hit,False,False,False,0,0,aris.builders,,0,True,lexical_hit,True,False,False,no_records,rejected,,not_attempted,,,,,,,0.0,False,False,False,,,dns_rejected,dns_rejected,dns_gate
133,airtsh.asia,https://airtsh.asia,PS-02_AIGR-S66270_NCIIPC_24_02_2026.xlsx,Airtel,airtel.in,0.8667,True,True,True,False,0,0,0,0,0,False,lexical_hit,False,False,False,0,0,airtsh.asia,,0,True,lexical_hit,True,True,True,resolved,accepted,timeout,not_attempted,navigation_timeout,"Page.goto: Timeout 15000ms exceeded. | Call log: - navigating to ""https://airtsh.asia/"", waiting until ""domcontentloaded""",,,,Low,0.0,False,False,False,,,fetch_timeout_or_fetch_failed,fetch_timeout_or_fetch_failed,hashing_shortlist
134,homebasket.online,https://homebasket.online,PS-02_AIGR-S66270_NCIIPC_24_02_2026.xlsx,State Bank of India (SBI),homeloans.sbi,0.8533,True,True,True,False,0,0,0,0,0,False,lexical_hit,False,False,False,0,0,homebasket.online,,0,True,lexical_hit,True,True,True,resolved,accepted,timeout,not_attempted,navigation_timeout,"Page.goto: Timeout 15000ms exceeded. | Call log: - navigating to ""https://homebasket.online/"", waiting until ""domcontentloaded""",,,,Low,0.0,False,False,False,,,fetch_timeout_or_fetch_failed,fetch_timeout_or_fetch_failed,hashing_shortlist
137,jiasoo.club,https://jiasoo.club,PS-02_AIGR-S66270_NCIIPC_24_02_2026.xlsx,Jio,jio.com,0.8667,True,True,True,False,0,0,0,0,0,False,lexical_hit,False,False,False,0,0,jiasoo.club,,0,True,lexical_hit,True,False,False,dns_error,rejected,,not_attempted,,,,,,,0.0,False,False,False,,,dns_rejected,dns_rejected,dns_gate
138,homelab4125.org,https://homelab4125.org,PS-02_AIGR-S66270_NCIIPC_24_02_2026.xlsx,State Bank of India (SBI),homeloans.sbi,0.8828,True,True,True,False,0,0,0,0,0,False,lexical_hit,False,False,False,0,0,homelab4125.org,,0,True,lexical_hit,True,False,False,no_records,rejected,,not_attempted,,,,,,,0.0,False,False,False,,,dns_rejected,dns_rejected,dns_gate
140,isur.org,https://isur.org,PS-02_AIGR-S66270_NCIIPC_24_02_2026.xlsx,ICICI Bank,icicisecurities.com,0.78,False,False,False,True,0,0,0,0,0,False,stage1_fetch_failed,False,False,False,0,0,,,0,True,route_to_dns_after_stage1_failure,True,True,True,resolved,accepted,timeout,not_attempted,navigation_timeout,"Page.goto: Timeout 15000ms exceeded. | Call log: - navigating to ""https://isur.org/"", waiting until ""domcontentloaded""",,,,Low,0.0,False,False,False,,,fetch_timeout_or_fetch_failed,fetch_timeout_or_fetch_failed,hashing_shortlist
141,pnsnb0.makeup,https://pnsnb0.makeup,PS-02_AIGR-S66270_NCIIPC_24_02_2026.xlsx,Punjab National Bank (PNB),pnb.bank.in,0.8667,True,True,True,False,0,0,0,0,0,False,lexical_hit,False,False,False,0,0,pnsnb0.makeup,,0,True,lexical_hit,True,False,False,no_records,rejected,,not_attempted,,,,,,,0.0,False,False,False,,,dns_rejected,dns_rejected,dns_gate
143,sabid.dev,https://sabid.dev,PS-02_AIGR-S66270_NCIIPC_24_02_2026.xlsx,State Bank of India (SBI),sbi.co.in,0.88,True,True,True,False,0,0,0,0,0,False,lexical_hit,False,False,False,0,0,sabid.dev,,0,True,lexical_hit,True,True,True,resolved,accepted,fetched,available,,,https://sabid.dev/,,,Low,47.1429,False,False,True,strict_lexical_below_holdout_threshold,strict_lexical_below_holdout_threshold,,strict_lexical_below_holdout_threshold,hashing_shortlist
144,sexobilie.ru,https://sexobilie.ru,PS-02_AIGR-S66270_NCIIPC_24_02_2026.xlsx,State Bank of India (SBI),sbilife.co.in,0.8571,True,True,True,False,0,0,0,0,0,False,lexical_hit,False,False,False,0,0,sexobilie.ru,,0,True,lexical_hit,True,True,True,resolved,accepted,fetched,available,,,https://sexobilie.ru/,,,Low,45.9184,False,False,True,strict_lexical_below_holdout_threshold,strict_lexical_below_holdout_threshold,,strict_lexical_below_holdout_threshold,hashing_shortlist
146,h0mea8.makeup,https://h0mea8.makeup,PS-02_AIGR-S66270_NCIIPC_24_02_2026.xlsx,State Bank of India (SBI),homeloans.sbi,0.8778,True,True,True,False,0,0,0,0,0,False,lexical_hit,False,False,False,0,0,h0mea8.makeup,,0,True,lexical_hit,True,False,False,no_records,rejected,,not_attempted,,,,,,,0.0,False,False,False,,,dns_rejected,dns_rejected,dns_gate
147,airtoeu2.website,https://airtoeu2.website,PS-02_AIGR-S66270_NCIIPC_24_02_2026.xlsx,Airtel,airtel.in,0.8917,True,True,True,False,0,0,0,0,0,False,lexical_hit,False,False,False,0,0,airtoeu2.website,,0,True,lexical_hit,True,False,False,no_records,rejected,,not_attempted,,,,,,,0.0,False,False,False,,,dns_rejected,dns_rejected,dns_gate
148,senda.exchange,https://senda.exchange,PS-02_AIGR-S66270_NCIIPC_24_02_2026.xlsx,BSE Ltd.,bseindia.com,0.875,True,True,True,False,0,0,0,0,0,False,lexical_hit,False,False,False,0,0,senda.exchange,,0,True,lexical_hit,True,True,True,resolved,accepted,fetched,available,,,https://expireddomains.com/domain/senda.exchange,,,Low,46.875,False,False,True,strict_lexical_below_holdout_threshold,strict_lexical_below_holdout_threshold,,strict_lexical_below_holdout_threshold,hashing_shortlist
150,onlinefinancer.com,https://onlinefinancer.com,PS-02_AIGR-S66270_NCIIPC_24_02_2026.xlsx,State Bank of India (SBI),corp.onlinesbi.sbi,0.8556,True,True,True,False,0,0,0,0,0,False,lexical_hit,False,False,False,0,0,onlinefinancer.com,,0,True,lexical_hit,True,False,False,no_records,rejected,,not_attempted,,,,,,,0.0,False,False,False,,,dns_rejected,dns_rejected,dns_gate
154,boaindia.org,https://boaindia.org,PS-02_AIGR-S66270_NCIIPC_24_02_2026.xlsx,BSE Ltd.,bseindia.com,0.85,True,True,True,False,0,0,0,0,0,False,lexical_hit,False,False,False,0,0,boaindia.org,,0,True,lexical_hit,True,False,False,dns_error,rejected,,not_attempted,,,,,,,0.0,False,False,False,,,dns_rejected,dns_rejected,dns_gate
155,fiech.org,https://fiech.org,PS-02_AIGR-S66270_NCIIPC_24_02_2026.xlsx,Kfintech,kfintech.com,0.875,True,True,True,False,0,0,0,0,0,False,lexical_hit,False,False,False,0,0,fiech.org,,0,True,lexical_hit,True,True,True,resolved,accepted,failed,not_attempted,ssl_error,"Page.goto: net::ERR_SSL_PROTOCOL_ERROR at https://fiech.org/ | Call log: - navigating to ""https://fiech.org/"", waiting until ""domcontentloaded""",,,,Low,0.0,False,False,False,,,fetch_timeout_or_fetch_failed,fetch_timeout_or_fetch_failed,hashing_shortlist
156,https://myverivino.com,https://myverivino.com,PS-02_AIGR-S66270_NCIIPC_24_02_2026.xlsx,Vodafone Idea (VI),myvi.in,0.86,True,True,True,False,0,0,0,0,0,False,lexical_hit,False,False,False,0,0,myverivino.com,,0,True,lexical_hit,True,True,True,resolved,accepted,failed,not_attempted,navigation_transient_browser_error,Page.content: Unable to retrieve content because the page is navigating and changing the content.,,,,Low,0.0,False,False,False,,,fetch_timeout_or_fetch_failed,fetch_timeout_or_fetch_failed,hashing_shortlist
157,abonline.shop,https://abonline.shop,PS-02_AIGR-S66270_NCIIPC_24_02_2026.xlsx,Computer Age Management Services Ltd. (CAMS),camsonline.com,0.8583,True,True,True,False,0,0,0,0,0,False,lexical_hit,False,False,False,0,0,abonline.shop,,0,True,lexical_hit,True,True,True,resolved,accepted,fetched,available,,,https://abonline.shop/,,,Low,44.3966,False,False,True,strict_lexical_below_holdout_threshold,strict_lexical_below_holdout_threshold,,strict_lexical_below_holdout_threshold,hashing_shortlist
159,https://canadaradonss.com,https://canadaradonss.com,PS-02_AIGR-S66270_NCIIPC_24_02_2026.xlsx,Canara Bank,canarabank.bank.in,0.8581,True,True,True,False,0,0,0,0,0,False,lexical_hit,False,False,False,0,0,canadaradonss.com,,0,True,lexical_hit,True,True,True,resolved,accepted,fetched,available,,,https://canadaradonss.com/,,,Low,45.9684,False,False,True,strict_lexical_below_holdout_threshold,strict_lexical_below_holdout_threshold,,strict_lexical_below_holdout_threshold,hashing_shortlist
161,https://finfetch.cloud,https://finfetch.cloud,PS-02_AIGR-S66270_NCIIPC_24_02_2026.xlsx,Kfintech,kfintech.com,0.869,True,True,True,False,0,0,0,0,0,False,lexical_hit,False,False,False,0,0,finfetch.cloud,,0,True,lexical_hit,True,True,True,resolved,accepted,fetched,available,,,https://finfetch.cloud/,,,Low,46.5561,False,False,True,strict_lexical_below_holdout_threshold,strict_lexical_below_holdout_threshold,,strict_lexical_below_holdout_threshold,hashing_shortlist
162,http://parimatch.store,http://parimatch.store,PS-02_AIGR-S66270_NCIIPC_24_02_2026.xlsx,parivahan sewa,parivahan.gov.in,0.8667,True,True,True,False,0,0,0,0,0,False,lexical_hit,False,False,False,0,0,parimatch.store,,0,True,lexical_hit,True,True,True,resolved,accepted,failed,not_attempted,navigation_transient_browser_error,Page.content: Unable to retrieve content because the page is navigating and changing the content.,,,,Low,0.0,False,False,False,,,fetch_timeout_or_fetch_failed,fetch_timeout_or_fetch_failed,hashing_shortlist
164,pardia.io,https://pardia.io,PS-02_AIGR-S66270_NCIIPC_24_02_2026.xlsx,parivahan sewa,parivahan.gov.in,0.8574,True,True,True,False,0,0,0,0,0,False,lexical_hit,False,False,False,0,0,pardia.io,,0,True,lexical_hit,True,True,True,resolved,accepted,fetched,available,,,https://pardia.io/,,,Low,45.9325,False,False,True,strict_lexical_below_holdout_threshold,strict_lexical_below_holdout_threshold,,strict_lexical_below_holdout_threshold,hashing_shortlist
165,https://csmonline.pics,https://csmonline.pics,PS-02_AIGR-S66270_NCIIPC_24_02_2026.xlsx,Computer Age Management Services Ltd. (CAMS),camsonline.com,0.9367,True,True,True,False,0,0,0,0,0,False,lexical_hit,False,False,False,0,0,csmonline.pics,,0,True,lexical_hit,True,True,True,resolved,accepted,fetched,available,,,https://csmonline.pics/,,,Low,48.4483,False,False,True,strict_lexical_below_holdout_threshold,strict_lexical_below_holdout_threshold,,strict_lexical_below_holdout_threshold,hashing_shortlist
166,homeholdingsgib.com,https://homeholdingsgib.com,PS-02_AIGR-S66270_NCIIPC_24_02_2026.xlsx,State Bank of India (SBI),homeloans.sbi,0.8594,True,True,True,False,0,0,0,0,0,False,lexical_hit,False,False,False,0,0,homeholdingsgib.com,,0,True,lexical_hit,True,True,True,resolved,accepted,fetched,available,,,https://homeholdingsgib.com/,,,Low,46.0417,False,False,True,strict_lexical_below_holdout_threshold,strict_lexical_below_holdout_threshold,,strict_lexical_below_holdout_threshold,hashing_shortlist
167,netprobio.com,https://netprobio.com,PS-02_AIGR-S66270_NCIIPC_24_02_2026.xlsx,Punjab National Bank (PNB),netpnb.com,0.8778,True,True,True,False,0,0,0,0,0,False,lexical_hit,False,False,False,0,0,netprobio.com,,0,True,lexical_hit,True,True,True,resolved,accepted,fetched,available,,,https://netprobio.com/,,,Low,59.8485,True,True,False,,score_threshold,,,
168,krd.net.ru,https://krd.net.ru,PS-02_AIGR-S66270_NCIIPC_24_02_2026.xlsx,Airtel,airtel.in,0.5,True,True,True,False,0,0,0,0,0,False,lexical_hit,False,False,False,0,0,krd.net.ru,,0,True,lexical_hit,True,True,True,resolved,accepted,fetched,available,,,https://net.ru/,,,Low,0.0,False,False,True,strict_lexical_below_holdout_threshold,strict_lexical_below_holdout_threshold,,strict_lexical_below_holdout_threshold,hashing_shortlist
172,parthan.in,https://parthan.in,PS-02_AIGR-S66270_NCIIPC_24_02_2026.xlsx,parivahan sewa,parivahan.gov.in,0.85,True,True,True,False,0,0,0,0,0,False,lexical_hit,False,False,False,0,0,parthan.in,,0,True,lexical_hit,True,False,False,timeout,rejected,,not_attempted,,,,,,,0.0,False,False,False,,,dns_rejected,dns_rejected,dns_gate
173,homelan.fun,https://homelan.fun,PS-02_AIGR-S66270_NCIIPC_24_02_2026.xlsx,State Bank of India (SBI),homeloans.sbi,0.9556,True,True,True,False,0,0,0,0,0,False,lexical_hit,False,False,False,0,0,homelan.fun,,0,True,lexical_hit,True,False,False,timeout,rejected,,not_attempted,,,,,,,0.0,False,False,False,,,dns_rejected,dns_rejected,dns_gate
174,aimdos.com,https://aimdos.com,PS-02_AIGR-S66270_NCIIPC_24_02_2026.xlsx,All India Institute of Medical Sciences (AIIMS),aiims.edu,0.8578,True,True,True,False,0,0,0,0,0,False,lexical_hit,False,False,False,0,0,aimdos.com,,0,True,lexical_hit,True,False,False,timeout,rejected,,not_attempted,,,,,,,0.0,False,False,False,,,dns_rejected,dns_rejected,dns_gate
176,onlinebiztonsag.online,https://onlinebiztonsag.online,PS-02_AIGR-S66270_NCIIPC_24_02_2026.xlsx,State Bank of India (SBI),corp.onlinesbi.sbi,0.8978,True,True,True,False,0,0,0,0,0,False,lexical_hit,False,False,False,0,0,onlinebiztonsag.online,,0,True,lexical_hit,True,False,False,timeout,rejected,,not_attempted,,,,,,,0.0,False,False,False,,,dns_rejected,dns_rejected,dns_gate
177,kevitech.in,https://kevitech.in,PS-02_AIGR-S66270_NCIIPC_24_02_2026.xlsx,Kfintech,kfintech.com,0.85,True,True,True,False,0,0,0,0,0,False,lexical_hit,False,False,False,0,0,kevitech.in,,0,True,lexical_hit,True,False,False,timeout,rejected,,not_attempted,,,,,,,0.0,False,False,False,,,dns_rejected,dns_rejected,dns_gate
179,https://eclify.com,https://eclify.com,PS-02_AIGR-S66270_NCIIPC_24_02_2026.xlsx,Election Commision of India (ECI),eci.gov.in,0.8667,True,True,True,False,0,0,0,0,0,False,lexical_hit,False,False,False,0,0,eclify.com,,0,True,lexical_hit,True,False,False,timeout,rejected,,not_attempted,,,,,,,0.0,False,False,False,,,dns_rejected,dns_rejected,dns_gate
180,jiofm.biz,https://jiofm.biz,PS-02_AIGR-S66270_NCIIPC_24_02_2026.xlsx,Jio,jio.com,0.9067,True,True,True,False,0,0,0,0,0,False,lexical_hit,False,False,False,0,0,jiofm.biz,,0,True,lexical_hit,True,False,False,timeout,rejected,,not_attempted,,,,,,,0.0,False,False,False,,,dns_rejected,dns_rejected,dns_gate
184,urbis.digital,https://urbis.digital,PS-02_AIGR-S66270_NCIIPC_24_02_2026.xlsx,Reserve Bank of India (RBI),rbi.org.in,0.8667,True,True,True,False,0,0,0,0,0,False,lexical_hit,False,False,False,0,0,urbis.digital,,0,True,lexical_hit,True,False,False,timeout,rejected,,not_attempted,,,,,,,0.0,False,False,False,,,dns_rejected,dns_rejected,dns_gate
187,online-fizetes.com,https://online-fizetes.com,PS-02_AIGR-S66270_NCIIPC_24_02_2026.xlsx,State Bank of India (SBI),corp.onlinesbi.sbi,0.8556,True,True,True,False,0,0,0,0,0,False,lexical_hit,False,False,False,0,0,online-fizetes.com,,0,True,lexical_hit,True,False,False,timeout,rejected,,not_attempted,,,,,,,0.0,False,False,False,,,dns_rejected,dns_rejected,dns_gate
188,onlinecrusader.link,https://onlinecrusader.link,PS-02_AIGR-S66270_NCIIPC_24_02_2026.xlsx,State Bank of India (SBI),corp.onlinesbi.sbi,0.8556,True,True,True,False,0,0,0,0,0,False,lexical_hit,False,False,False,0,0,onlinecrusader.link,,0,True,lexical_hit,True,False,False,timeout,rejected,,not_attempted,,,,,,,0.0,False,False,False,,,dns_rejected,dns_rejected,dns_gate
189,ecirb.com,https://ecirb.com,PS-02_AIGR-S66270_NCIIPC_24_02_2026.xlsx,Election Commision of India (ECI),eci.gov.in,0.9067,True,True,True,False,0,0,0,0,0,False,lexical_hit,False,False,False,0,0,ecirb.com,,0,True,lexical_hit,True,False,False,timeout,rejected,,not_attempted,,,,,,,0.0,False,False,False,,,dns_rejected,dns_rejected,dns_gate
190,hotelos.dev,https://hotelos.dev,PS-02_AIGR-S66270_NCIIPC_24_02_2026.xlsx,State Bank of India (SBI),homeloans.sbi,0.873,True,True,True,False,0,0,0,0,0,False,lexical_hit,False,False,False,0,0,hotelos.dev,,0,True,lexical_hit,True,False,False,timeout,rejected,,not_attempted,,,,,,,0.0,False,False,False,,,dns_rejected,dns_rejected,dns_gate
191,sbai09.makeup,https://sbai09.makeup,PS-02_AIGR-S66270_NCIIPC_24_02_2026.xlsx,State Bank of India (SBI),sbi.co.in,0.8667,True,True,True,False,0,0,0,0,0,False,lexical_hit,False,False,False,0,0,sbai09.makeup,,0,True,lexical_hit,True,False,False,timeout,rejected,,not_attempted,,,,,,,0.0,False,False,False,,,dns_rejected,dns_rejected,dns_gate
193,hometownscoops.com,https://hometownscoops.com,PS-02_AIGR-S66270_NCIIPC_24_02_2026.xlsx,State Bank of India (SBI),homeloans.sbi,0.8556,True,True,True,False,0,0,0,0,0,False,lexical_hit,False,False,False,0,0,hometownscoops.com,,0,True,lexical_hit,True,True,True,resolved,accepted,fetched,available,,,https://www.facebook.com/people/Hometown-Scoops/61588548573683/,,,Low,45.8333,False,False,True,strict_lexical_below_holdout_threshold,strict_lexical_below_holdout_threshold,,strict_lexical_below_holdout_threshold,hashing_shortlist
195,homoreason.com,https://homoreason.com,PS-02_AIGR-S66270_NCIIPC_24_02_2026.xlsx,State Bank of India (SBI),homeloans.sbi,0.8691,True,True,True,False,0,0,0,0,0,False,lexical_hit,False,False,False,0,0,homoreason.com,,0,True,lexical_hit,True,True,True,resolved,accepted,timeout,not_attempted,navigation_timeout,"Page.goto: Timeout 15000ms exceeded. | Call log: - navigating to ""https://homoreason.com/"", waiting until ""domcontentloaded""",,,,Low,0.0,False,False,False,,,fetch_timeout_or_fetch_failed,fetch_timeout_or_fetch_failed,hashing_shortlist
196,coalidar.com,https://coalidar.com,PS-02_AIGR-S66270_NCIIPC_24_02_2026.xlsx,Coal India,coalindiatenders.nic.in,0.9,True,True,True,False,0,0,0,0,0,False,lexical_hit,False,False,False,0,0,coalidar.com,,0,True,lexical_hit,True,True,True,resolved,accepted,fetched,available,,,https://coalidar.com/,,,Low,48.2143,False,False,True,strict_lexical_below_holdout_threshold,strict_lexical_below_holdout_threshold,,strict_lexical_below_holdout_threshold,hashing_shortlist
197,panbe.shop,https://panbe.shop,PS-02_AIGR-S66270_NCIIPC_24_02_2026.xlsx,Punjab National Bank (PNB),pnb.bank.in,0.88,True,True,True,False,0,0,0,0,0,False,lexical_hit,False,False,False,0,0,panbe.shop,,0,True,lexical_hit,True,False,False,no_records,rejected,,not_attempted,,,,,,,0.0,False,False,False,,,dns_rejected,dns_rejected,dns_gate
198,meshtastic.net.ru,https://meshtastic.net.ru,PS-02_AIGR-S66270_NCIIPC_24_02_2026.xlsx,Airtel,airtel.in,0.5,True,True,True,False,0,0,0,0,0,False,lexical_hit,False,False,False,0,0,meshtastic.net.ru,,0,True,lexical_hit,True,True,True,resolved,accepted,fetched,available,,,https://net.ru/,,,Low,0.0,False,False,True,strict_lexical_below_holdout_threshold,strict_lexical_below_holdout_threshold,,strict_lexical_below_holdout_threshold,hashing_shortlist
199,nhaven.store,https://nhaven.store,PS-02_AIGR-S66270_NCIIPC_24_02_2026.xlsx,National Health Authority (NHA),nha.gov.in,0.8833,True,True,True,False,0,0,0,0,0,False,lexical_hit,False,False,False,0,0,nhaven.store,,0,True,lexical_hit,True,True,True,resolved,accepted,fetched,available,,,https://nhaven.store/,,,Low,47.3214,False,False,True,strict_lexical_below_holdout_threshold,strict_lexical_below_holdout_threshold,,strict_lexical_below_holdout_threshold,hashing_shortlist
200,icibvi.makeup,https://icibvi.makeup,PS-02_AIGR-S66270_NCIIPC_24_02_2026.xlsx,ICICI Bank,icici.bank.in,0.8756,True,True,True,False,0,0,0,0,0,False,lexical_hit,False,False,False,0,0,icibvi.makeup,,0,True,lexical_hit,True,False,False,no_records,rejected,,not_attempted,,,,,,,0.0,False,False,False,,,dns_rejected,dns_rejected,dns_gate
201,canalprices.co.uk,https://canalprices.co.uk,PS-02_AIGR-S66270_NCIIPC_24_02_2026.xlsx,Canara Bank,canarahsbclife.com,0.8647,True,True,True,False,0,0,0,0,0,False,lexical_hit,False,False,False,0,0,canalprices.co.uk,,0,True,lexical_hit,True,True,True,resolved,accepted,fetched,available,,,https://canalprices.co.uk/?i=1,,,Low,44.7246,False,False,True,strict_lexical_below_holdout_threshold,strict_lexical_below_holdout_threshold,,strict_lexical_below_holdout_threshold,hashing_shortlist
203,canonmail.com,https://canonmail.com,PS-02_AIGR-S66270_NCIIPC_24_02_2026.xlsx,Computer Age Management Services Ltd. (CAMS),camsonline.com,0.8837,True,True,True,False,0,0,0,0,0,False,lexical_hit,False,False,False,0,0,canonmail.com,,0,True,lexical_hit,True,False,False,no_records,rejected,,not_attempted,,,,,,,0.0,False,False,False,,,dns_rejected,dns_rejected,dns_gate
205,https://axisrenovations.ca,https://axisrenovations.ca,PS-02_AIGR-S66270_NCIIPC_24_02_2026.xlsx,Axis Bank,axis.bank.in,0.8533,True,True,True,False,0,0,0,0,0,False,lexical_hit,False,False,False,0,0,axisrenovations.ca,,0,True,lexical_hit,True,True,True,resolved,accepted,fetched,available,,,https://www.axisrenovations.ca/,,,Low,45.7143,False,False,True,strict_lexical_below_holdout_threshold,strict_lexical_below_holdout_threshold,,strict_lexical_below_holdout_threshold,hashing_shortlist
206,incaion.us,https://incaion.us,PS-02_AIGR-S66270_NCIIPC_24_02_2026.xlsx,Income Tax Department,incometaxindia.gov.in,0.85,True,True,True,False,0,0,0,0,0,False,lexical_hit,False,False,False,0,0,incaion.us,,0,True,lexical_hit,True,True,True,resolved,accepted,fetched,available,,,https://aion.xyz/,,,Low,36.4286,False,False,True,strict_lexical_below_holdout_threshold,strict_lexical_below_holdout_threshold,,strict_lexical_below_holdout_threshold,hashing_shortlist
207,aidi5.makeup,https://aidi5.makeup,PS-02_AIGR-S66270_NCIIPC_24_02_2026.xlsx,All India Institute of Medical Sciences (AIIMS),aiims.edu,0.8933,True,True,True,False,0,0,0,0,0,False,lexical_hit,False,False,False,0,0,aidi5.makeup,,0,True,lexical_hit,True,False,False,dns_error,rejected,,not_attempted,,,,,,,0.0,False,False,False,,,dns_rejected,dns_rejected,dns_gate
208,onlinesaatern.store,https://onlinesaatern.store,PS-02_AIGR-S66270_NCIIPC_24_02_2026.xlsx,State Bank of India (SBI),corp.onlinesbi.sbi,0.8632,True,True,True,False,0,0,0,0,0,False,lexical_hit,False,False,False,0,0,onlinesaatern.store,,0,True,lexical_hit,True,True,True,resolved,accepted,fetched,available,,,https://onlinesaatern.store/,,,Low,46.2454,False,False,True,strict_lexical_below_holdout_threshold,strict_lexical_below_holdout_threshold,,strict_lexical_below_holdout_threshold,hashing_shortlist
211,clode.app,https://clode.app,PS-02_AIGR-S66270_NCIIPC_24_02_2026.xlsx,National Informatics Centre (NIC),cloud.gov.in,0.9067,False,False,False,True,0,0,0,0,0,False,stage1_fetch_failed,False,False,False,0,0,,,0,True,route_to_dns_after_stage1_failure,True,True,True,resolved,accepted,timeout,not_attempted,navigation_timeout,"Page.goto: Timeout 15000ms exceeded. | Call log: - navigating to ""https://clode.app/"", waiting until ""domcontentloaded""",,,,Low,0.0,False,False,False,,,fetch_timeout_or_fetch_failed,fetch_timeout_or_fetch_failed,hashing_shortlist
212,homelabserver.dev.br,https://homelabserver.dev.br,PS-02_AIGR-S66270_NCIIPC_24_02_2026.xlsx,State Bank of India (SBI),homeloans.sbi,0.8632,True,True,True,False,0,0,0,0,0,False,lexical_hit,False,False,False,0,0,homelabserver.dev.br,,0,True,lexical_hit,True,False,False,no_records,rejected,,not_attempted,,,,,,,0.0,False,False,False,,,dns_rejected,dns_rejected,dns_gate
214,emciay.makeup,https://emciay.makeup,PS-02_AIGR-S66270_NCIIPC_24_02_2026.xlsx,Election Commision of India (ECI),eci.gov.in,0.85,True,True,True,False,0,0,0,0,0,False,lexical_hit,False,False,False,0,0,emciay.makeup,,0,True,lexical_hit,True,False,False,no_records,rejected,,not_attempted,,,,,,,0.0,False,False,False,,,dns_rejected,dns_rejected,dns_gate
215,induvibe.org,https://induvibe.org,PS-02_AIGR-S66270_NCIIPC_24_02_2026.xlsx,IndusInd Bank,indusind.bank.in,0.85,True,True,True,False,0,0,0,0,0,False,lexical_hit,False,False,False,0,0,induvibe.org,,0,True,lexical_hit,True,True,True,resolved,accepted,fetched,available,,,https://induvibe.org/,,,Low,43.9655,False,False,True,strict_lexical_below_holdout_threshold,strict_lexical_below_holdout_threshold,,strict_lexical_below_holdout_threshold,hashing_shortlist
216,lis-skinz.net.ru,https://lis-skinz.net.ru,PS-02_AIGR-S66270_NCIIPC_24_02_2026.xlsx,Punjab National Bank (PNB),netpnb.com,0.8833,True,True,True,False,0,0,0,0,0,False,lexical_hit,False,False,False,0,0,lis-skinz.net.ru,,0,True,lexical_hit,True,False,False,dns_error,rejected,,not_attempted,,,,,,,0.0,False,False,False,,,dns_rejected,dns_rejected,dns_gate
217,aiwise.app,https://aiwise.app,PS-02_AIGR-S66270_NCIIPC_24_02_2026.xlsx,All India Institute of Medical Sciences (AIIMS),aiims.edu,0.8578,True,True,True,False,0,0,0,0,0,False,lexical_hit,False,False,False,0,0,aiwise.app,,0,True,lexical_hit,True,True,True,resolved,accepted,failed,not_attempted,navigation_transient_browser_error,Page.content: Unable to retrieve content because the page is navigating and changing the content.,,,,Low,0.0,False,False,False,,,fetch_timeout_or_fetch_failed,fetch_timeout_or_fetch_failed,hashing_shortlist
221,subvip.io,https://subvip.io,PS-02_AIGR-S66270_NCIIPC_24_02_2026.xlsx,State Bank of India (SBI),sbi.co.in,0.85,True,True,True,False,0,0,0,0,0,False,lexical_hit,False,False,False,0,0,subvip.io,,0,True,lexical_hit,True,True,True,resolved,accepted,fetched,available,,,https://subvip.io/,,,Low,36.4286,False,False,True,strict_lexical_below_holdout_threshold,strict_lexical_below_holdout_threshold,,strict_lexical_below_holdout_threshold,hashing_shortlist
225,homebelavista.com,https://homebelavista.com,PS-02_AIGR-S66270_NCIIPC_24_02_2026.xlsx,State Bank of India (SBI),homeloans.sbi,0.8632,True,True,True,False,0,0,0,0,0,False,lexical_hit,False,False,False,0,0,homebelavista.com,,0,True,lexical_hit,True,True,True,resolved,accepted,fetched,available,,,https://www.homebelavista.com/,,,Low,36.9963,False,False,True,strict_lexical_below_holdout_threshold,strict_lexical_below_holdout_threshold,,strict_lexical_below_holdout_threshold,hashing_shortlist
227,https://inocul.us,https://inocul.us,PS-02_AIGR-S66270_NCIIPC_24_02_2026.xlsx,Indian Oil Corporation Limited (IOCL),iocl.com,0.9,True,True,True,False,0,0,0,0,0,False,lexical_hit,False,False,False,0,0,inocul.us,,0,True,lexical_hit,True,True,True,resolved,accepted,fetched,available,,,https://inocul.us/,,,Low,48.2143,False,False,True,strict_lexical_below_holdout_threshold,strict_lexical_below_holdout_threshold,,strict_lexical_below_holdout_threshold,hashing_shortlist
228,ecithi.com,https://ecithi.com,PS-02_AIGR-S66270_NCIIPC_24_02_2026.xlsx,Election Commision of India (ECI),eci.gov.in,0.8833,True,True,True,False,0,0,0,0,0,False,lexical_hit,False,False,False,0,0,ecithi.com,,0,True,lexical_hit,True,True,True,resolved,accepted,fetched,available,,,https://ecithi.com/,,,Low,60.2273,True,True,False,,score_threshold,,,
229,ai5c.makeup,https://ai5c.makeup,PS-02_AIGR-S66270_NCIIPC_24_02_2026.xlsx,Axis Bank,axis.bank.in,0.85,True,True,True,False,0,0,0,0,0,False,lexical_hit,False,False,False,0,0,ai5c.makeup,,0,True,lexical_hit,True,False,False,dns_error,rejected,,not_attempted,,,,,,,0.0,False,False,False,,,dns_rejected,dns_rejected,dns_gate
231,axisupi.com,https://axisupi.com,PS-02_AIGR-S66270_NCIIPC_24_02_2026.xlsx,Axis Bank,axis.bank.in,0.9143,True,True,True,False,0,0,0,0,0,False,lexical_hit,False,False,False,0,0,axisupi.com,,0,True,lexical_hit,True,True,True,resolved,accepted,timeout,not_attempted,navigation_timeout,"Page.goto: Timeout 15000ms exceeded. | Call log: - navigating to ""https://axisupi.com/"", waiting until ""domcontentloaded""",,,,Low,0.0,False,False,False,,,fetch_timeout_or_fetch_failed,fetch_timeout_or_fetch_failed,hashing_shortlist
232,industrali.ai,https://industrali.ai,PS-02_AIGR-S66270_NCIIPC_24_02_2026.xlsx,IndusInd Bank,indusind.bank.in,0.87,True,True,True,False,0,0,0,0,0,False,lexical_hit,False,False,False,0,0,industrali.ai,,0,True,lexical_hit,True,True,True,resolved,accepted,failed,not_attempted,navigation_transient_browser_error,Page.content: Unable to retrieve content because the page is navigating and changing the content.,,,,Low,0.0,False,False,False,,,fetch_timeout_or_fetch_failed,fetch_timeout_or_fetch_failed,hashing_shortlist
233,incomehubthai.com,https://incomehubthai.com,PS-02_AIGR-S66270_NCIIPC_24_02_2026.xlsx,Income Tax Department,incometaxindia.gov.in,0.867,True,True,True,False,0,0,0,0,0,False,lexical_hit,False,False,False,0,0,incomehubthai.com,,0,True,lexical_hit,True,True,True,resolved,accepted,fetched,available,,,https://incomehubthai.com/,,,Low,37.1586,False,False,True,strict_lexical_below_holdout_threshold,strict_lexical_below_holdout_threshold,,strict_lexical_below_holdout_threshold,hashing_shortlist
234,homeschoolandu.org,https://homeschoolandu.org,PS-02_AIGR-S66270_NCIIPC_24_02_2026.xlsx,State Bank of India (SBI),homeloans.sbi,0.8841,True,True,True,False,0,0,0,0,0,False,lexical_hit,False,False,False,0,0,homeschoolandu.org,,0,True,lexical_hit,True,True,True,resolved,accepted,timeout,not_attempted,navigation_timeout,"Page.goto: Timeout 15000ms exceeded. | Call log: - navigating to ""https://homeschoolandu.org/"", waiting until ""domcontentloaded""",,,,Low,0.0,False,False,False,,,fetch_timeout_or_fetch_failed,fetch_timeout_or_fetch_failed,hashing_shortlist
236,aiart.bar,https://aiart.bar,PS-02_AIGR-S66270_NCIIPC_24_02_2026.xlsx,Airtel,airtel.in,0.8578,True,True,True,False,0,0,0,0,0,False,lexical_hit,False,False,False,0,0,aiart.bar,,0,True,lexical_hit,True,True,True,resolved,accepted,fetched,available,,,https://aiart.bar/,,,Low,45.9524,False,False,True,strict_lexical_below_holdout_threshold,strict_lexical_below_holdout_threshold,,strict_lexical_below_holdout_threshold,hashing_shortlist
237,aies.makeup,https://aies.makeup,PS-02_AIGR-S66270_NCIIPC_24_02_2026.xlsx,Axis Bank,axis.bank.in,0.85,True,True,True,False,0,0,0,0,0,False,lexical_hit,False,False,False,0,0,aies.makeup,,0,True,lexical_hit,True,True,True,resolved,accepted,timeout,not_attempted,navigation_timeout,"Page.goto: Timeout 15000ms exceeded. | Call log: - navigating to ""https://aies.makeup/"", waiting until ""domcontentloaded""",,,,Low,0.0,False,False,False,,,fetch_timeout_or_fetch_failed,fetch_timeout_or_fetch_failed,hashing_shortlist
238,epcxi7.makeup,https://epcxi7.makeup,PS-02_AIGR-S66270_NCIIPC_24_02_2026.xlsx,Election Commision of India (ECI),eci.gov.in,0.85,True,True,True,False,0,0,0,0,0,False,lexical_hit,False,False,False,0,0,epcxi7.makeup,,0,True,lexical_hit,True,False,False,no_records,rejected,,not_attempted,,,,,,,0.0,False,False,False,,,dns_rejected,dns_rejected,dns_gate
239,netxpand.app,https://netxpand.app,PS-02_AIGR-S66270_NCIIPC_24_02_2026.xlsx,Punjab National Bank (PNB),netpnb.com,0.8736,True,True,True,False,0,0,0,0,0,False,lexical_hit,False,False,False,0,0,netxpand.app,,0,True,lexical_hit,True,False,False,no_records,rejected,,not_attempted,,,,,,,0.0,False,False,False,,,dns_rejected,dns_rejected,dns_gate
241,homeclaw.net,https://homeclaw.net,PS-02_AIGR-S66270_NCIIPC_24_02_2026.xlsx,State Bank of India (SBI),homeloans.sbi,0.8833,True,True,True,False,0,0,0,0,0,False,lexical_hit,False,False,False,0,0,homeclaw.net,,0,True,lexical_hit,True,False,False,no_records,rejected,,not_attempted,,,,,,,0.0,False,False,False,,,dns_rejected,dns_rejected,dns_gate
242,vsmc.am,https://vsmc.am,PS-02_AIGR-S66270_NCIIPC_24_02_2026.xlsx,Indian Space Research Organisation (ISRO),vssc.gov.in,0.8667,True,True,True,False,0,0,0,0,0,False,lexical_hit,False,False,False,0,0,vsmc.am,,0,True,lexical_hit,True,True,True,resolved,accepted,fetched,available,,,https://vsmc.am/,,,Low,46.4286,False,False,True,strict_lexical_below_holdout_threshold,strict_lexical_below_holdout_threshold,,strict_lexical_below_holdout_threshold,hashing_shortlist
244,homlinks.com,https://homlinks.com,PS-02_AIGR-S66270_NCIIPC_24_02_2026.xlsx,State Bank of India (SBI),homeloans.sbi,0.8639,True,True,True,False,0,0,0,0,0,False,lexical_hit,False,False,False,0,0,homlinks.com,,0,True,lexical_hit,True,False,False,dns_error,rejected,,not_attempted,,,,,,,0.0,False,False,False,,,dns_rejected,dns_rejected,dns_gate
246,axiumsystem.com,https://axiumsystem.com,PS-02_AIGR-S66270_NCIIPC_24_02_2026.xlsx,Axis Bank,axis.bank.in,0.8515,True,True,True,False,0,0,0,0,0,False,lexical_hit,False,False,False,0,0,axiumsystem.com,,0,True,lexical_hit,True,False,False,no_records,rejected,,not_attempted,,,,,,,0.0,False,False,False,,,dns_rejected,dns_rejected,dns_gate
247,clouduclab.store,https://clouduclab.store,PS-02_AIGR-S66270_NCIIPC_24_02_2026.xlsx,National Informatics Centre (NIC),cloud.gov.in,0.9,False,False,False,True,0,0,0,0,0,False,stage1_fetch_failed,False,False,False,0,0,,,0,True,route_to_dns_after_stage1_failure,True,True,True,resolved,accepted,failed,not_attempted,navigation_error,"Page.goto: net::ERR_CONNECTION_REFUSED at https://clouduclab.store/ | Call log: - navigating to ""https://clouduclab.store/"", waiting until ""domcontentloaded""",,,,Low,0.0,False,False,False,,,fetch_timeout_or_fetch_failed,fetch_timeout_or_fetch_failed,hashing_shortlist
248,airc1.makeup,https://airc1.makeup,PS-02_AIGR-S66270_NCIIPC_24_02_2026.xlsx,Airtel,airtel.in,0.8756,True,True,True,False,0,0,0,0,0,False,lexical_hit,False,False,False,0,0,airc1.makeup,,0,True,lexical_hit,True,False,False,dns_error,rejected,,not_attempted,,,,,,,0.0,False,False,False,,,dns_rejected,dns_rejected,dns_gate
249,homeboard.pro,https://homeboard.pro,PS-02_AIGR-S66270_NCIIPC_24_02_2026.xlsx,State Bank of India (SBI),homeloans.sbi,0.8667,True,True,True,False,0,0,0,0,0,False,lexical_hit,False,False,False,0,0,homeboard.pro,,0,True,lexical_hit,True,True,True,resolved,accepted,timeout,not_attempted,navigation_timeout,"Page.goto: Timeout 15000ms exceeded. | Call log: - navigating to ""https://homeboard.pro/"", waiting until ""domcontentloaded""",,,,Low,0.0,False,False,False,,,fetch_timeout_or_fetch_failed,fetch_timeout_or_fetch_failed,hashing_shortlist
250,myvitarenew.shop,https://myvitarenew.shop,PS-02_AIGR-S66270_NCIIPC_24_02_2026.xlsx,Vodafone Idea (VI),myvi.in,0.8727,True,True,True,False,0,0,0,0,0,False,lexical_hit,False,False,False,0,0,myvitarenew.shop,,0,True,lexical_hit,True,True,True,resolved,accepted,fetched,available,,,https://myvitarenew.shop/,,,Low,46.7532,False,False,True,strict_lexical_below_holdout_threshold,strict_lexical_below_holdout_threshold,,strict_lexical_below_holdout_threshold,hashing_shortlist
251,arabexpress.info,https://arabexpress.info,PS-02_AIGR-S66270_NCIIPC_24_02_2026.xlsx,Air India,airindiaexpress.com,0.8727,True,True,True,False,0,0,0,0,0,False,lexical_hit,False,False,False,0,0,arabexpress.info,,0,True,lexical_hit,True,False,False,dns_error,rejected,,not_attempted,,,,,,,0.0,False,False,False,,,dns_rejected,dns_rejected,dns_gate
253,silifu.com,https://silifu.com,PS-02_AIGR-S66270_NCIIPC_24_02_2026.xlsx,State Bank of India (SBI),sbilife.co.in,0.8643,True,True,True,False,0,0,0,0,0,False,lexical_hit,False,False,False,0,0,silifu.com,,0,True,lexical_hit,True,False,False,no_records,rejected,,not_attempted,,,,,,,0.0,False,False,False,,,dns_rejected,dns_rejected,dns_gate
255,meowcloud.co,https://meowcloud.co,PS-02_AIGR-S66270_NCIIPC_24_02_2026.xlsx,National Informatics Centre (NIC),accounts.mgovcloud.in,0.8667,True,True,True,False,0,0,0,0,0,False,lexical_hit,False,False,False,0,0,meowcloud.co,,0,True,lexical_hit,True,True,True,resolved,accepted,failed,not_attempted,navigation_transient_browser_error,Page.content: Unable to retrieve content because the page is navigating and changing the content.,,,,Low,0.0,False,False,False,,,fetch_timeout_or_fetch_failed,fetch_timeout_or_fetch_failed,hashing_shortlist
256,online-sofi.icu,https://online-sofi.icu,PS-02_AIGR-S66270_NCIIPC_24_02_2026.xlsx,State Bank of India (SBI),corp.onlinesbi.sbi,0.9232,True,True,True,False,0,0,0,0,0,False,lexical_hit,False,False,False,0,0,online-sofi.icu,,0,True,lexical_hit,True,False,False,dns_error,rejected,,not_attempted,,,,,,,0.0,False,False,False,,,dns_rejected,dns_rejected,dns_gate
260,ait.works,https://ait.works,PS-02_AIGR-S66270_NCIIPC_24_02_2026.xlsx,Airtel,airtel.in,0.8667,True,True,True,False,0,0,0,0,0,False,lexical_hit,False,False,False,0,0,ait.works,,0,True,lexical_hit,True,True,True,resolved,accepted,timeout,not_attempted,navigation_timeout,"Page.goto: Timeout 15000ms exceeded. | Call log: - navigating to ""https://ait.works/"", waiting until ""domcontentloaded""",,,,Low,0.0,False,False,False,,,fetch_timeout_or_fetch_failed,fetch_timeout_or_fetch_failed,hashing_shortlist
261,pnbpunx.ch,https://pnbpunx.ch,PS-02_AIGR-S66270_NCIIPC_24_02_2026.xlsx,Punjab National Bank (PNB),pnb.bank.in,0.8667,True,True,True,False,0,0,0,0,0,False,lexical_hit,False,False,False,0,0,pnbpunx.ch,,0,True,lexical_hit,True,True,True,resolved,accepted,fetched,available,,,https://www.pnbpunx.ch/,,,Low,37.1429,False,False,True,strict_lexical_below_holdout_threshold,strict_lexical_below_holdout_threshold,,strict_lexical_below_holdout_threshold,hashing_shortlist
262,http://fintechpal.com,http://fintechpal.com,PS-02_AIGR-S66270_NCIIPC_24_02_2026.xlsx,Kfintech,kfintech.com,0.8583,True,True,True,False,0,0,0,0,0,False,lexical_hit,False,False,False,0,0,fintechpal.com,,0,True,lexical_hit,True,True,True,resolved,accepted,parked,not_attempted,,,https://www.hugedomains.com/domain_profile.cfm?d=fintechpal.com,HugeDomains,provider_host_redirect,Low,0.0,False,False,False,,,parking_or_placeholder_excluded,parking_or_placeholder_excluded,hashing_shortlist
263,hairintel.co,https://hairintel.co,PS-02_AIGR-S66270_NCIIPC_24_02_2026.xlsx,Airtel,airtel.in,0.8889,True,True,True,False,0,0,0,0,0,False,lexical_hit,False,False,False,0,0,hairintel.co,,0,True,lexical_hit,True,True,True,resolved,accepted,fetched,available,,,https://hairintel.co/,,,Low,47.619,False,False,True,strict_lexical_below_holdout_threshold,strict_lexical_below_holdout_threshold,,strict_lexical_below_holdout_threshold,hashing_shortlist
265,aitalent.tech,https://aitalent.tech,PS-02_AIGR-S66270_NCIIPC_24_02_2026.xlsx,Airtel,airtelpayments.bank.in,0.8524,True,True,True,False,0,0,0,0,0,False,lexical_hit,False,False,False,0,0,aitalent.tech,,0,True,lexical_hit,True,True,True,resolved,accepted,failed,not_attempted,navigation_transient_browser_error,Page.content: Unable to retrieve content because the page is navigating and changing the content.,,,,Low,0.0,False,False,False,,,fetch_timeout_or_fetch_failed,fetch_timeout_or_fetch_failed,hashing_shortlist
268,digiibank.com,https://digiibank.com,PS-02_AIGR-S66270_NCIIPC_24_02_2026.xlsx,HDFC Bank,netbanking.hdfcbank.com,0.7269,False,False,False,True,0,0,0,0,0,False,stage1_fetch_failed,False,False,False,0,0,,,0,True,route_to_dns_after_stage1_failure,True,True,True,resolved,accepted,timeout,not_attempted,navigation_timeout,"Page.goto: Timeout 15000ms exceeded. | Call log: - navigating to ""https://digiibank.com/"", waiting until ""domcontentloaded""",,,,Low,0.0,False,False,False,,,fetch_timeout_or_fetch_failed,fetch_timeout_or_fetch_failed,hashing_shortlist
269,rabii.in,https://rabii.in,PS-02_AIGR-S66270_NCIIPC_24_02_2026.xlsx,Reserve Bank of India (RBI),rbi.org.in,0.88,True,True,True,False,0,0,0,0,0,False,lexical_hit,False,False,False,0,0,rabii.in,,0,True,lexical_hit,True,False,False,no_records,rejected,,not_attempted,,,,,,,0.0,False,False,False,,,dns_rejected,dns_rejected,dns_gate
272,online-melbet.click,https://online-melbet.click,PS-02_AIGR-S66270_NCIIPC_24_02_2026.xlsx,State Bank of India (SBI),corp.onlinesbi.sbi,0.8632,True,True,True,False,0,0,0,0,0,False,lexical_hit,False,False,False,0,0,online-melbet.click,,0,True,lexical_hit,True,True,True,resolved,accepted,fetched,available,,,https://online-melbet.click/,,,Low,46.2454,False,False,True,strict_lexical_below_holdout_threshold,strict_lexical_below_holdout_threshold,,strict_lexical_below_holdout_threshold,hashing_shortlist
273,nihaix.makeup,https://nihaix.makeup,PS-02_AIGR-S66270_NCIIPC_24_02_2026.xlsx,National Health Authority (NHA),nha.gov.in,0.85,True,True,True,False,0,0,0,0,0,False,lexical_hit,False,False,False,0,0,nihaix.makeup,,0,True,lexical_hit,True,False,False,no_records,rejected,,not_attempted,,,,,,,0.0,False,False,False,,,dns_rejected,dns_rejected,dns_gate
274,online-vinetat.digital,https://online-vinetat.digital,PS-02_AIGR-S66270_NCIIPC_24_02_2026.xlsx,State Bank of India (SBI),corp.onlinesbi.sbi,0.8556,True,True,True,False,0,0,0,0,0,False,lexical_hit,False,False,False,0,0,online-vinetat.digital,,0,True,lexical_hit,True,True,True,resolved,accepted,fetched,available,,,https://online-vinetat.digital/,,,Low,36.6667,False,False,True,strict_lexical_below_holdout_threshold,strict_lexical_below_holdout_threshold,,strict_lexical_below_holdout_threshold,hashing_shortlist
276,aifyindia.com,https://aifyindia.com,PS-02_AIGR-S66270_NCIIPC_24_02_2026.xlsx,Air India,airindiaexpress.com,0.7985,False,False,False,True,0,0,0,0,0,False,stage1_fetch_failed,False,False,False,0,0,,,0,True,route_to_dns_after_stage1_failure,True,True,True,resolved,accepted,timeout,not_attempted,navigation_timeout,"Page.goto: Timeout 15000ms exceeded. | Call log: - navigating to ""https://aifyindia.com/"", waiting until ""domcontentloaded""",,,,Low,0.0,False,False,False,,,fetch_timeout_or_fetch_failed,fetch_timeout_or_fetch_failed,hashing_shortlist
277,ai0img.makeup,https://ai0img.makeup,PS-02_AIGR-S66270_NCIIPC_24_02_2026.xlsx,All India Institute of Medical Sciences (AIIMS),aiims.edu,0.8578,True,True,True,False,0,0,0,0,0,False,lexical_hit,False,False,False,0,0,ai0img.makeup,,0,True,lexical_hit,True,False,False,dns_error,rejected,,not_attempted,,,,,,,0.0,False,False,False,,,dns_rejected,dns_rejected,dns_gate
278,aiart.loan,https://aiart.loan,PS-02_AIGR-S66270_NCIIPC_24_02_2026.xlsx,Airtel,airtel.in,0.8578,True,True,True,False,0,0,0,0,0,False,lexical_hit,False,False,False,0,0,aiart.loan,,0,True,lexical_hit,True,True,True,resolved,accepted,fetched,available,,,https://aiart.loan/,,,Low,45.9524,False,False,True,strict_lexical_below_holdout_threshold,strict_lexical_below_holdout_threshold,,strict_lexical_below_holdout_threshold,hashing_shortlist
279,breakinto.sa.com,https://breakinto.sa.com,PS-02_AIGR-S66270_NCIIPC_24_02_2026.xlsx,State Bank of India (SBI),sbi.co.in,0.6111,False,False,False,True,0,0,0,0,0,False,stage1_fetch_failed,False,False,False,0,0,,,0,True,route_to_dns_after_stage1_failure,True,True,True,resolved,accepted,timeout,not_attempted,navigation_timeout,"Page.goto: Timeout 15000ms exceeded. | Call log: - navigating to ""https://breakinto.sa.com/"", waiting until ""domcontentloaded""",,,,Low,0.0,False,False,False,,,fetch_timeout_or_fetch_failed,fetch_timeout_or_fetch_failed,hashing_shortlist
282,pariah.chat,https://pariah.chat,PS-02_AIGR-S66270_NCIIPC_24_02_2026.xlsx,parivahan sewa,parivahan.gov.in,0.9333,True,True,True,False,0,0,0,0,0,False,lexical_hit,False,False,False,0,0,pariah.chat,,0,True,lexical_hit,True,True,True,resolved,accepted,fetched,available,,,https://pariah.chat/,,,Low,50.0,False,False,True,strict_lexical_below_holdout_threshold,strict_lexical_below_holdout_threshold,,strict_lexical_below_holdout_threshold,hashing_shortlist
284,sbrdit.com,https://sbrdit.com,PS-02_AIGR-S66270_NCIIPC_24_02_2026.xlsx,State Bank of India (SBI),sbi.co.in,0.8667,True,True,True,False,0,0,0,0,0,False,lexical_hit,False,False,False,0,0,sbrdit.com,,0,True,lexical_hit,True,True,True,resolved,accepted,fetched,available,,,https://sbrdit.com/,,,Low,37.1429,False,False,True,strict_lexical_below_holdout_threshold,strict_lexical_below_holdout_threshold,,strict_lexical_below_holdout_threshold,hashing_shortlist
285,homehealing.in,https://homehealing.in,PS-02_AIGR-S66270_NCIIPC_24_02_2026.xlsx,State Bank of India (SBI),homeloans.sbi,0.8543,True,True,True,False,0,0,0,0,0,False,lexical_hit,False,False,False,0,0,homehealing.in,,0,True,lexical_hit,True,True,True,resolved,accepted,fetched,available,,,https://www.homehealing.in/,,,Low,36.611,False,False,True,strict_lexical_below_holdout_threshold,strict_lexical_below_holdout_threshold,,strict_lexical_below_holdout_threshold,hashing_shortlist
286,puunbx.asia,https://puunbx.asia,PS-02_AIGR-S66270_NCIIPC_24_02_2026.xlsx,Punjab National Bank (PNB),pnb.bank.in,0.85,True,True,True,False,0,0,0,0,0,False,lexical_hit,False,False,False,0,0,puunbx.asia,,0,True,lexical_hit,True,True,True,resolved,accepted,timeout,not_attempted,navigation_timeout,"Page.goto: Timeout 15000ms exceeded. | Call log: - navigating to ""https://puunbx.asia/"", waiting until ""domcontentloaded""",,,,Low,0.0,False,False,False,,,fetch_timeout_or_fetch_failed,fetch_timeout_or_fetch_failed,hashing_shortlist
287,https://onlinecrusader.com,https://onlinecrusader.com,PS-02_AIGR-S66270_NCIIPC_24_02_2026.xlsx,State Bank of India (SBI),corp.onlinesbi.sbi,0.8556,True,True,True,False,0,0,0,0,0,False,lexical_hit,False,False,False,0,0,onlinecrusader.com,,0,True,lexical_hit,True,True,True,resolved,accepted,parked,not_attempted,,,https://domains.atom.com/lpd/name/onlinecrusader,Squadhelp/Atom,provider_branded_parking_template,Low,0.0,False,False,False,,,parking_or_placeholder_excluded,parking_or_placeholder_excluded,hashing_shortlist
288,http://my-vibe.events,http://my-vibe.events,PS-02_AIGR-S66270_NCIIPC_24_02_2026.xlsx,Vodafone Idea (VI),myvi.in,0.8857,True,True,True,False,0,0,0,0,0,False,lexical_hit,False,False,False,0,0,my-vibe.events,,0,True,lexical_hit,True,True,True,resolved,accepted,fetched,available,,,http://my-vibe.events/,,,Low,47.449,False,False,True,strict_lexical_below_holdout_threshold,strict_lexical_below_holdout_threshold,,strict_lexical_below_holdout_threshold,hashing_shortlist
290,myvitaminstrips.com,https://myvitaminstrips.com,PS-02_AIGR-S66270_NCIIPC_24_02_2026.xlsx,Vodafone Idea (VI),myvi.in,0.8533,True,True,True,False,0,0,0,0,0,False,lexical_hit,False,False,False,0,0,myvitaminstrips.com,,0,True,lexical_hit,True,True,True,resolved,accepted,fetched,available,,,https://myvitaminstrips.com/,,,Low,58.1818,True,True,False,,score_threshold,,,
293,pardisanwash.com,https://pardisanwash.com,PS-02_AIGR-S66270_NCIIPC_24_02_2026.xlsx,parivahan sewa,parivahan.gov.in,0.8671,True,True,True,False,0,0,0,0,0,False,lexical_hit,False,False,False,0,0,pardisanwash.com,,0,True,lexical_hit,True,False,False,timeout,rejected,,not_attempted,,,,,,,0.0,False,False,False,,,dns_rejected,dns_rejected,dns_gate
294,https://onlineblogs.info,https://onlineblogs.info,PS-02_AIGR-S66270_NCIIPC_24_02_2026.xlsx,State Bank of India (SBI),corp.onlinesbi.sbi,0.8982,True,True,True,False,0,0,0,0,0,False,lexical_hit,False,False,False,0,0,onlineblogs.info,,0,True,lexical_hit,True,True,True,resolved,accepted,fetched,available,,,https://onlineblogs.info/,,,Low,48.1196,False,False,True,strict_lexical_below_holdout_threshold,strict_lexical_below_holdout_threshold,,strict_lexical_below_holdout_threshold,hashing_shortlist
295,cloudrealm.life,https://cloudrealm.life,PS-02_AIGR-S66270_NCIIPC_24_02_2026.xlsx,National Informatics Centre (NIC),cloud.gov.in,0.9,False,False,False,True,0,0,0,0,0,False,stage1_fetch_failed,False,False,False,0,0,,,0,True,route_to_dns_after_stage1_failure,True,True,True,resolved,accepted,failed,not_attempted,navigation_error,"Page.goto: net::ERR_CONNECTION_REFUSED at https://cloudrealm.life/ | Call log: - navigating to ""https://cloudrealm.life/"", waiting until ""domcontentloaded""",,,,Low,0.0,False,False,False,,,fetch_timeout_or_fetch_failed,fetch_timeout_or_fetch_failed,hashing_shortlist
296,idol.shopping,https://idol.shopping,PS-02_AIGR-S66270_NCIIPC_24_02_2026.xlsx,Indian Oil Corporation Limited (IOCL),iocl.com,0.85,True,True,True,False,0,0,0,0,0,False,lexical_hit,False,False,False,0,0,idol.shopping,,0,True,lexical_hit,True,False,False,no_records,rejected,,not_attempted,,,,,,,0.0,False,False,False,,,dns_rejected,dns_rejected,dns_gate
299,buildaion.us,https://buildaion.us,PS-02_AIGR-S66270_NCIIPC_24_02_2026.xlsx,"Unique Identification Authority of India (UIDAI)
",uidai.gov.in,0.8519,True,True,True,False,0,0,0,0,0,False,lexical_hit,False,False,False,0,0,buildaion.us,,0,True,lexical_hit,True,True,True,resolved,accepted,fetched,available,,,https://aion.xyz/,,,Low,58.0808,True,True,False,,score_threshold,,,
301,jiqo.jp,https://jiqo.jp,PS-02_AIGR-S66270_NCIIPC_24_02_2026.xlsx,Jio,jio.com,0.9333,True,True,True,False,0,0,0,0,0,False,lexical_hit,False,False,False,0,0,jiqo.jp,,0,True,lexical_hit,True,True,True,resolved,accepted,fetched,available,,,https://jiqo.jp/,,,Low,63.6364,True,True,False,,score_threshold,,,
303,pnlbot.com.br,https://pnlbot.com.br,PS-02_AIGR-S66270_NCIIPC_24_02_2026.xlsx,Punjab National Bank (PNB),pnb.bank.in,0.8667,True,True,True,False,0,0,0,0,0,False,lexical_hit,False,False,False,0,0,pnlbot.com.br,,0,True,lexical_hit,True,True,True,resolved,accepted,fetched,available,,,https://pnlbot.com.br/,,,Low,46.4286,False,False,True,strict_lexical_below_holdout_threshold,strict_lexical_below_holdout_threshold,,strict_lexical_below_holdout_threshold,hashing_shortlist
304,axioms.win,https://axioms.win,PS-02_AIGR-S66270_NCIIPC_24_02_2026.xlsx,Axis Bank,axis.bank.in,0.9222,True,True,True,False,0,0,0,0,0,False,lexical_hit,False,False,False,0,0,axioms.win,,0,True,lexical_hit,True,True,True,resolved,accepted,fetched,available,,,https://axioms.win/,,,Low,49.4048,False,False,True,strict_lexical_below_holdout_threshold,strict_lexical_below_holdout_threshold,,strict_lexical_below_holdout_threshold,hashing_shortlist
305,starco.fit,https://starco.fit,PS-02_AIGR-S66270_NCIIPC_24_02_2026.xlsx,BSE Ltd.,bsestarmf.in,0.7037,False,False,False,True,0,0,0,0,0,False,stage1_fetch_failed,False,False,False,0,0,,,0,True,route_to_dns_after_stage1_failure,True,True,True,resolved,accepted,failed,not_attempted,navigation_error,"Page.goto: net::ERR_CONNECTION_REFUSED at https://starco.fit/ | Call log: - navigating to ""https://starco.fit/"", waiting until ""domcontentloaded""",,,,Low,0.0,False,False,False,,,fetch_timeout_or_fetch_failed,fetch_timeout_or_fetch_failed,hashing_shortlist
306,homeat.cyou,https://homeat.cyou,PS-02_AIGR-S66270_NCIIPC_24_02_2026.xlsx,State Bank of India (SBI),homeloans.sbi,0.8778,True,True,True,False,0,0,0,0,0,False,lexical_hit,False,False,False,0,0,homeat.cyou,,0,True,lexical_hit,True,True,True,resolved,accepted,fetched,available,,,https://homeat.cyou/,,,Low,47.0238,False,False,True,strict_lexical_below_holdout_threshold,strict_lexical_below_holdout_threshold,,strict_lexical_below_holdout_threshold,hashing_shortlist
307,myzenvio.com,https://myzenvio.com,PS-02_AIGR-S66270_NCIIPC_24_02_2026.xlsx,Vodafone Idea (VI),myvi.in,0.8667,True,True,True,False,0,0,0,0,0,False,lexical_hit,False,False,False,0,0,myzenvio.com,,0,True,lexical_hit,True,True,True,resolved,accepted,fetched,available,,,https://myzenvio.com/,,,Low,46.4286,False,False,True,strict_lexical_below_holdout_threshold,strict_lexical_below_holdout_threshold,,strict_lexical_below_holdout_threshold,hashing_shortlist
308,airtoolspro.com,https://airtoolspro.com,PS-02_AIGR-S66270_NCIIPC_24_02_2026.xlsx,Airtel,airtel.in,0.8576,True,True,True,False,0,0,0,0,0,False,lexical_hit,False,False,False,0,0,airtoolspro.com,,0,True,lexical_hit,True,True,True,resolved,accepted,failed,not_attempted,navigation_error,"Page.goto: net::ERR_CONNECTION_REFUSED at https://airtoolspro.com/ | Call log: - navigating to ""https://airtoolspro.com/"", waiting until ""domcontentloaded""",,,,Low,0.0,False,False,False,,,fetch_timeout_or_fetch_failed,fetch_timeout_or_fetch_failed,hashing_shortlist
310,wonxqn.sa.com,https://wonxqn.sa.com,PS-02_AIGR-S66270_NCIIPC_24_02_2026.xlsx,State Bank of India (SBI),sbi.co.in,0.6111,False,False,False,True,0,0,0,0,0,False,stage1_fetch_failed,False,False,False,0,0,,,0,True,route_to_dns_after_stage1_failure,True,True,True,resolved,accepted,failed,not_attempted,navigation_error,"Page.goto: net::ERR_NAME_NOT_RESOLVED at https://wonxqn.sa.com/ | Call log: - navigating to ""https://wonxqn.sa.com/"", waiting until ""domcontentloaded""",,,,Low,0.0,False,False,False,,,fetch_timeout_or_fetch_failed,fetch_timeout_or_fetch_failed,hashing_shortlist
311,homeschoolandu.com,https://homeschoolandu.com,PS-02_AIGR-S66270_NCIIPC_24_02_2026.xlsx,State Bank of India (SBI),homeloans.sbi,0.8841,True,True,True,False,0,0,0,0,0,False,lexical_hit,False,False,False,0,0,homeschoolandu.com,,0,True,lexical_hit,True,True,True,resolved,accepted,timeout,not_attempted,navigation_timeout,"Page.goto: Timeout 15000ms exceeded. | Call log: - navigating to ""https://homeschoolandu.com/"", waiting until ""domcontentloaded""",,,,Low,0.0,False,False,False,,,fetch_timeout_or_fetch_failed,fetch_timeout_or_fetch_failed,hashing_shortlist
312,bksindia.org,https://bksindia.org,PS-02_AIGR-S66270_NCIIPC_24_02_2026.xlsx,BSE Ltd.,bseindia.com,0.925,True,True,True,False,0,0,0,0,0,False,lexical_hit,False,False,False,0,0,bksindia.org,,0,True,lexical_hit,True,True,True,resolved,accepted,fetched,available,,,https://bksindia.org/,,,Low,49.5536,False,False,True,strict_lexical_below_holdout_threshold,strict_lexical_below_holdout_threshold,,strict_lexical_below_holdout_threshold,hashing_shortlist
314,cloudpricingtool.com,https://cloudpricingtool.com,PS-02_AIGR-S66270_NCIIPC_24_02_2026.xlsx,National Informatics Centre (NIC),cloud.gov.in,0.8625,False,False,False,True,0,0,0,0,0,False,stage1_fetch_failed,False,False,False,0,0,,,0,True,route_to_dns_after_stage1_failure,True,True,True,resolved,accepted,timeout,not_attempted,navigation_timeout,TimeoutError,,,,Low,0.0,False,False,False,,,fetch_timeout_or_fetch_failed,fetch_timeout_or_fetch_failed,hashing_shortlist
316,onlineubi.com,https://onlineubi.com,PS-02_AIGR-S66270_NCIIPC_24_02_2026.xlsx,State Bank of India (SBI),corp.onlinesbi.sbi,0.9556,True,True,True,False,0,0,0,0,0,False,lexical_hit,False,False,False,0,0,onlineubi.com,,0,True,lexical_hit,True,True,True,resolved,accepted,fetched,available,,,https://onlineubi.com/,,,Low,51.1905,False,False,True,strict_lexical_below_holdout_threshold,strict_lexical_below_holdout_threshold,,strict_lexical_below_holdout_threshold,hashing_shortlist
317,tdnsp.org,https://tdnsp.org,PS-02_AIGR-S66270_NCIIPC_24_02_2026.xlsx,Income Tax Department,contents.tdscpc.gov.in,0.8578,True,True,True,False,0,0,0,0,0,False,lexical_hit,False,False,False,0,0,tdnsp.org,,0,True,lexical_hit,True,True,True,resolved,accepted,failed,not_attempted,navigation_error,"Page.goto: net::ERR_CONNECTION_REFUSED at https://tdnsp.org/ | Call log: - navigating to ""https://tdnsp.org/"", waiting until ""domcontentloaded""",,,,Low,0.0,False,False,False,,,fetch_timeout_or_fetch_failed,fetch_timeout_or_fetch_failed,hashing_shortlist
318,coindiya.com,https://coindiya.com,PS-02_AIGR-S66270_NCIIPC_24_02_2026.xlsx,BSE Ltd.,bseindia.com,0.75,False,False,False,True,0,0,0,0,0,False,stage1_fetch_failed,False,False,False,0,0,,,0,True,route_to_dns_after_stage1_failure,True,True,True,resolved,accepted,timeout,not_attempted,navigation_timeout,TimeoutError,,,,Low,0.0,False,False,False,,,fetch_timeout_or_fetch_failed,fetch_timeout_or_fetch_failed,hashing_shortlist
322,canaries.onl,https://canaries.onl,PS-02_AIGR-S66270_NCIIPC_24_02_2026.xlsx,Canara Bank,canararobeco.com,0.85,True,True,True,False,0,0,0,0,0,False,lexical_hit,False,False,False,0,0,canaries.onl,,0,True,lexical_hit,True,True,True,resolved,accepted,fetched,available,,,https://canaries.onl/,,,Low,45.5357,False,False,True,strict_lexical_below_holdout_threshold,strict_lexical_below_holdout_threshold,,strict_lexical_below_holdout_threshold,hashing_shortlist
323,cloudflick.ru,https://cloudflick.ru,PS-02_AIGR-S66270_NCIIPC_24_02_2026.xlsx,National Informatics Centre (NIC),cloud.gov.in,0.9,False,False,False,True,0,0,0,0,0,False,stage1_fetch_failed,False,False,False,0,0,,,0,True,route_to_dns_after_stage1_failure,True,True,True,resolved,accepted,timeout,not_attempted,navigation_timeout,"Page.goto: Timeout 15000ms exceeded. | Call log: - navigating to ""https://cloudflick.ru/"", waiting until ""domcontentloaded""",,,,Low,0.0,False,False,False,,,fetch_timeout_or_fetch_failed,fetch_timeout_or_fetch_failed,hashing_shortlist
326,audm.me,https://audm.me,PS-02_AIGR-S66270_NCIIPC_24_02_2026.xlsx,National Health Authority (NHA),abdm.gov.in,0.85,True,True,True,False,0,0,0,0,0,False,lexical_hit,False,False,False,0,0,audm.me,,0,True,lexical_hit,True,True,True,resolved,accepted,failed,not_attempted,navigation_error,"Page.goto: net::ERR_CONNECTION_REFUSED at https://audm.me/ | Call log: - navigating to ""https://audm.me/"", waiting until ""domcontentloaded""",,,,Low,0.0,False,False,False,,,fetch_timeout_or_fetch_failed,fetch_timeout_or_fetch_failed,hashing_shortlist
327,iiol.info,https://iiol.info,PS-02_AIGR-S66270_NCIIPC_24_02_2026.xlsx,Indian Oil Corporation Limited (IOCL),iocl.com,0.85,True,True,True,False,0,0,0,0,0,False,lexical_hit,False,False,False,0,0,iiol.info,,0,True,lexical_hit,True,True,True,resolved,accepted,failed,not_attempted,navigation_transient_browser_error,Page.content: Unable to retrieve content because the page is navigating and changing the content.,,,,Low,0.0,False,False,False,,,fetch_timeout_or_fetch_failed,fetch_timeout_or_fetch_failed,hashing_shortlist
328,onlinecrfshipmrkt.cfd,https://onlinecrfshipmrkt.cfd,PS-02_AIGR-S66270_NCIIPC_24_02_2026.xlsx,State Bank of India (SBI),corp.onlinesbi.sbi,0.8719,True,True,True,False,0,0,0,0,0,False,lexical_hit,False,False,False,0,0,onlinecrfshipmrkt.cfd,,0,True,lexical_hit,True,True,True,resolved,accepted,failed,not_attempted,navigation_error,"Page.goto: net::ERR_CONNECTION_REFUSED at https://onlinecrfshipmrkt.cfd/ | Call log: - navigating to ""https://onlinecrfshipmrkt.cfd/"", waiting until ""domcontentloaded""",,,,Low,0.0,False,False,False,,,fetch_timeout_or_fetch_failed,fetch_timeout_or_fetch_failed,hashing_shortlist
329,https://homelyapp.ai,https://homelyapp.ai,PS-02_AIGR-S66270_NCIIPC_24_02_2026.xlsx,State Bank of India (SBI),homeloans.sbi,0.8667,True,True,True,False,0,0,0,0,0,False,lexical_hit,False,False,False,0,0,homelyapp.ai,,0,True,lexical_hit,True,True,True,resolved,accepted,fetched,available,,,https://homelyapp.ai/,,,Low,46.4286,False,False,True,strict_lexical_below_holdout_threshold,strict_lexical_below_holdout_threshold,,strict_lexical_below_holdout_threshold,hashing_shortlist
331,airtv.app,https://airtv.app,PS-02_AIGR-S66270_NCIIPC_24_02_2026.xlsx,Airtel,airtel.in,0.8933,True,True,True,False,0,0,0,0,0,False,lexical_hit,False,False,False,0,0,airtv.app,,0,True,lexical_hit,True,True,True,resolved,accepted,failed,not_attempted,navigation_transient_browser_error,Page.content: Unable to retrieve content because the page is navigating and changing the content.,,,,Low,0.0,False,False,False,,,fetch_timeout_or_fetch_failed,fetch_timeout_or_fetch_failed,hashing_shortlist
332,https://kcf-tech.com,https://kcf-tech.com,PS-02_AIGR-S66270_NCIIPC_24_02_2026.xlsx,Kfintech,kfintech.com,0.85,True,True,True,False,0,0,0,0,0,False,lexical_hit,False,False,False,0,0,kcf-tech.com,,0,True,lexical_hit,True,True,True,resolved,accepted,fetched,available,,,https://kcf-tech.com/,,,Low,45.5357,False,False,True,strict_lexical_below_holdout_threshold,strict_lexical_below_holdout_threshold,,strict_lexical_below_holdout_threshold,hashing_shortlist
334,ironclaw.cloud,https://ironclaw.cloud,PS-02_AIGR-S66270_NCIIPC_24_02_2026.xlsx,Indian Oil Corporation Limited (IOCL),iocl.com,0.85,True,True,True,False,0,0,0,0,0,False,lexical_hit,False,False,False,0,0,ironclaw.cloud,,0,True,lexical_hit,True,True,True,resolved,accepted,timeout,not_attempted,navigation_timeout,"Page.goto: Timeout 15000ms exceeded. | Call log: - navigating to ""https://ironclaw.cloud/"", waiting until ""domcontentloaded""",,,,Low,0.0,False,False,False,,,fetch_timeout_or_fetch_failed,fetch_timeout_or_fetch_failed,hashing_shortlist
335,5bfi66.makeup,https://5bfi66.makeup,PS-02_AIGR-S66270_NCIIPC_24_02_2026.xlsx,State Bank of India (SBI),sbi.co.in,0.8667,True,True,True,False,0,0,0,0,0,False,lexical_hit,False,False,False,0,0,5bfi66.makeup,,0,True,lexical_hit,True,False,False,no_records,rejected,,not_attempted,,,,,,,0.0,False,False,False,,,dns_rejected,dns_rejected,dns_gate
336,airsoftreload.ca,https://airsoftreload.ca,PS-02_AIGR-S66270_NCIIPC_24_02_2026.xlsx,Airtel,airtel.in,0.8744,True,True,True,False,0,0,0,0,0,False,lexical_hit,False,False,False,0,0,airsoftreload.ca,,0,True,lexical_hit,True,True,True,resolved,accepted,fetched,available,,,https://airsoftreload.ca/,,,Low,37.4725,False,False,True,strict_lexical_below_holdout_threshold,strict_lexical_below_holdout_threshold,,strict_lexical_below_holdout_threshold,hashing_shortlist
337,https://myvooxia.com,https://myvooxia.com,PS-02_AIGR-S66270_NCIIPC_24_02_2026.xlsx,Vodafone Idea (VI),myvi.in,0.8833,True,True,True,False,0,0,0,0,0,False,lexical_hit,False,False,False,0,0,myvooxia.com,,0,True,lexical_hit,True,True,True,resolved,accepted,fetched,available,,,https://myvooxia.com/,,,Low,47.3214,False,False,True,strict_lexical_below_holdout_threshold,strict_lexical_below_holdout_threshold,,strict_lexical_below_holdout_threshold,hashing_shortlist
339,onlinegabru.com,https://onlinegabru.com,PS-02_AIGR-S66270_NCIIPC_24_02_2026.xlsx,State Bank of India (SBI),corp.onlinesbi.sbi,0.8828,True,True,True,False,0,0,0,0,0,False,lexical_hit,False,False,False,0,0,onlinegabru.com,,0,True,lexical_hit,True,True,True,resolved,accepted,timeout,not_attempted,navigation_timeout,"Page.goto: Timeout 15000ms exceeded. | Call log: - navigating to ""https://onlinegabru.com/"", waiting until ""domcontentloaded""",,,,Low,0.0,False,False,False,,,fetch_timeout_or_fetch_failed,fetch_timeout_or_fetch_failed,hashing_shortlist
342,casinonye.com,https://casinonye.com,PS-02_AIGR-S66270_NCIIPC_24_02_2026.xlsx,Computer Age Management Services Ltd. (CAMS),camsonline.com,0.8837,True,True,True,False,0,0,0,0,0,False,lexical_hit,False,False,False,0,0,casinonye.com,,0,True,lexical_hit,True,True,True,resolved,accepted,fetched,available,,,https://casinonye.com/,,,Low,60.2525,True,True,False,,score_threshold,,,
343,axisedge.tech,https://axisedge.tech,PS-02_AIGR-S66270_NCIIPC_24_02_2026.xlsx,Axis Bank,axis.bank.in,0.9,True,True,True,False,0,0,0,0,0,False,lexical_hit,False,False,False,0,0,axisedge.tech,,0,True,lexical_hit,True,True,True,resolved,accepted,fetched,available,,,https://www.axisedge.tech/,,,Low,38.5714,False,False,True,strict_lexical_below_holdout_threshold,strict_lexical_below_holdout_threshold,,strict_lexical_below_holdout_threshold,hashing_shortlist
344,bancada.app,https://bancada.app,PS-02_AIGR-S66270_NCIIPC_24_02_2026.xlsx,Bank of Baroda,bankofbaroda.bank.in,0.85,True,True,True,False,0,0,0,0,0,False,lexical_hit,False,False,False,0,0,bancada.app,,0,True,lexical_hit,True,True,True,resolved,accepted,fetched,available,,,https://bancada.app/,,,Low,45.5357,False,False,True,strict_lexical_below_holdout_threshold,strict_lexical_below_holdout_threshold,,strict_lexical_below_holdout_threshold,hashing_shortlist
345,robi.bot,https://robi.bot,PS-02_AIGR-S66270_NCIIPC_24_02_2026.xlsx,Reserve Bank of India (RBI),rbi.org.in,0.925,True,True,True,False,0,0,0,0,0,False,lexical_hit,False,False,False,0,0,robi.bot,,0,True,lexical_hit,True,True,True,resolved,accepted,parked,not_attempted,,,https://forsale.ddot.in/robi.bot?drefid=2071,GenericParking,generic_parking_text_signals,Low,0.0,False,False,False,,,parking_or_placeholder_excluded,parking_or_placeholder_excluded,hashing_shortlist
347,j4iro8.makeup,https://j4iro8.makeup,PS-02_AIGR-S66270_NCIIPC_24_02_2026.xlsx,Jio,jio.com,0.85,True,True,True,False,0,0,0,0,0,False,lexical_hit,False,False,False,0,0,j4iro8.makeup,,0,True,lexical_hit,True,False,False,no_records,rejected,,not_attempted,,,,,,,0.0,False,False,False,,,dns_rejected,dns_rejected,dns_gate
348,jiso88.org,https://jiso88.org,PS-02_AIGR-S66270_NCIIPC_24_02_2026.xlsx,Jio,jio.com,0.8667,True,True,True,False,0,0,0,0,0,False,lexical_hit,False,False,False,0,0,jiso88.org,,0,True,lexical_hit,True,True,True,resolved,accepted,fetched,available,,,https://jiso88.org/,,,Low,59.0909,True,True,False,,score_threshold,,,
352,teci.nl,https://teci.nl,PS-02_AIGR-S66270_NCIIPC_24_02_2026.xlsx,Election Commision of India (ECI),eci.gov.in,0.9167,True,True,True,False,0,0,0,0,0,False,lexical_hit,False,False,False,0,0,teci.nl,,0,True,lexical_hit,True,True,True,resolved,accepted,fetched,available,,,https://teci.nl/,,,Low,62.5,True,True,False,,score_threshold,,,
353,https://airia.studio,https://airia.studio,PS-02_AIGR-S66270_NCIIPC_24_02_2026.xlsx,Air India,airindiaexpress.com,0.8667,True,True,True,False,0,0,0,0,0,False,lexical_hit,False,False,False,0,0,airia.studio,,0,True,lexical_hit,True,True,True,resolved,accepted,fetched,available,,,https://airia.studio/,,,Low,46.4286,False,False,True,strict_lexical_below_holdout_threshold,strict_lexical_below_holdout_threshold,,strict_lexical_below_holdout_threshold,hashing_shortlist
354,kidai.tech,https://kidai.tech,PS-02_AIGR-S66270_NCIIPC_24_02_2026.xlsx,"Unique Identification Authority of India (UIDAI)
",uidai.gov.in,0.8667,True,True,True,False,0,0,0,0,0,False,lexical_hit,False,False,False,0,0,kidai.tech,,0,True,lexical_hit,True,True,True,resolved,accepted,failed,not_attempted,navigation_error,"Page.goto: net::ERR_CONNECTION_REFUSED at https://kidai.tech/ | Call log: - navigating to ""https://kidai.tech/"", waiting until ""domcontentloaded""",,,,Low,0.0,False,False,False,,,fetch_timeout_or_fetch_failed,fetch_timeout_or_fetch_failed,hashing_shortlist
356,robica.ai,https://robica.ai,PS-02_AIGR-S66270_NCIIPC_24_02_2026.xlsx,Reserve Bank of India (RBI),rbi.org.in,0.85,True,True,True,False,0,0,0,0,0,False,lexical_hit,False,False,False,0,0,robica.ai,,0,True,lexical_hit,True,True,True,resolved,accepted,fetched,available,,,https://robica.ai/,,,Low,45.5357,False,False,True,strict_lexical_below_holdout_threshold,strict_lexical_below_holdout_threshold,,strict_lexical_below_holdout_threshold,hashing_shortlist
359,https://aimex.ltd,https://aimex.ltd,PS-02_AIGR-S66270_NCIIPC_24_02_2026.xlsx,All India Institute of Medical Sciences (AIIMS),aiimsexams.ac.in,0.8667,True,True,True,False,0,0,0,0,0,False,lexical_hit,False,False,False,0,0,aimex.ltd,,0,True,lexical_hit,True,True,True,resolved,accepted,fetched,available,,,https://aimex.ltd/,,,Low,37.1429,False,False,True,strict_lexical_below_holdout_threshold,strict_lexical_below_holdout_threshold,,strict_lexical_below_holdout_threshold,hashing_shortlist
360,ji98ou.makeup,https://ji98ou.makeup,PS-02_AIGR-S66270_NCIIPC_24_02_2026.xlsx,Jio,jio.com,0.8667,True,True,True,False,0,0,0,0,0,False,lexical_hit,False,False,False,0,0,ji98ou.makeup,,0,True,lexical_hit,True,False,False,no_records,rejected,,not_attempted,,,,,,,0.0,False,False,False,,,dns_rejected,dns_rejected,dns_gate
361,penbm4.makeup,https://penbm4.makeup,PS-02_AIGR-S66270_NCIIPC_24_02_2026.xlsx,Punjab National Bank (PNB),pnb.bank.in,0.85,True,True,True,False,0,0,0,0,0,False,lexical_hit,False,False,False,0,0,penbm4.makeup,,0,True,lexical_hit,True,False,False,no_records,rejected,,not_attempted,,,,,,,0.0,False,False,False,,,dns_rejected,dns_rejected,dns_gate
364,homeysoleco.com,https://homeysoleco.com,PS-02_AIGR-S66270_NCIIPC_24_02_2026.xlsx,State Bank of India (SBI),homeloans.sbi,0.8543,True,True,True,False,0,0,0,0,0,False,lexical_hit,False,False,False,0,0,homeysoleco.com,,0,True,lexical_hit,True,True,True,resolved,accepted,fetched,available,,,https://homeysoleco.com/,,,Low,45.7638,False,False,True,strict_lexical_below_holdout_threshold,strict_lexical_below_holdout_threshold,,strict_lexical_below_holdout_threshold,hashing_shortlist
365,i2ol.info,https://i2ol.info,PS-02_AIGR-S66270_NCIIPC_24_02_2026.xlsx,Indian Oil Corporation Limited (IOCL),iocl.com,0.85,True,True,True,False,0,0,0,0,0,False,lexical_hit,False,False,False,0,0,i2ol.info,,0,True,lexical_hit,True,True,True,resolved,accepted,fetched,available,,,https://oral-longevity.com/,,,Low,45.5357,False,False,True,strict_lexical_below_holdout_threshold,strict_lexical_below_holdout_threshold,,strict_lexical_below_holdout_threshold,hashing_shortlist
370,cloudcitycollective.org,https://cloudcitycollective.org,PS-02_AIGR-S66270_NCIIPC_24_02_2026.xlsx,National Informatics Centre (NIC),cloud.gov.in,0.8526,False,False,False,True,0,0,0,0,0,False,stage1_fetch_failed,False,False,False,0,0,,,0,True,route_to_dns_after_stage1_failure,True,True,True,resolved,accepted,failed,not_attempted,navigation_error,"Page.goto: net::ERR_CONNECTION_REFUSED at https://cloudcitycollective.org/ | Call log: - navigating to ""https://cloudcitycollective.org/"", waiting until ""domcontentloaded""",,,,Low,0.0,False,False,False,,,fetch_timeout_or_fetch_failed,fetch_timeout_or_fetch_failed,hashing_shortlist
371,axiasolar.ai,https://axiasolar.ai,PS-02_AIGR-S66270_NCIIPC_24_02_2026.xlsx,Axis Bank,axis.bank.in,0.8704,True,True,True,False,0,0,0,0,0,False,lexical_hit,False,False,False,0,0,axiasolar.ai,,0,True,lexical_hit,True,True,True,resolved,accepted,fetched,available,,,https://axiasolar.ai/us-power/,,,Low,37.3016,False,False,True,strict_lexical_below_holdout_threshold,strict_lexical_below_holdout_threshold,,strict_lexical_below_holdout_threshold,hashing_shortlist
372,aisp.moe,https://aisp.moe,PS-02_AIGR-S66270_NCIIPC_24_02_2026.xlsx,Axis Bank,axis.bank.in,0.85,True,True,True,False,0,0,0,0,0,False,lexical_hit,False,False,False,0,0,aisp.moe,,0,True,lexical_hit,True,True,True,resolved,accepted,timeout,not_attempted,navigation_timeout,"Page.goto: Timeout 15000ms exceeded. | Call log: - navigating to ""https://aisp.moe/"", waiting until ""domcontentloaded""",,,,Low,0.0,False,False,False,,,fetch_timeout_or_fetch_failed,fetch_timeout_or_fetch_failed,hashing_shortlist
375,online-melbet.cfd,https://online-melbet.cfd,PS-02_AIGR-S66270_NCIIPC_24_02_2026.xlsx,State Bank of India (SBI),corp.onlinesbi.sbi,0.8632,True,True,True,False,0,0,0,0,0,False,lexical_hit,False,False,False,0,0,online-melbet.cfd,,0,True,lexical_hit,True,True,True,resolved,accepted,fetched,available,,,https://online-melbet.cfd/,,,Low,46.2454,False,False,True,strict_lexical_below_holdout_threshold,strict_lexical_below_holdout_threshold,,strict_lexical_below_holdout_threshold,hashing_shortlist
376,http://absindikat.fit,http://absindikat.fit,PS-02_AIGR-S66270_NCIIPC_24_02_2026.xlsx,BSE Ltd.,bseindia.com,0.8583,True,True,True,False,0,0,0,0,0,False,lexical_hit,False,False,False,0,0,absindikat.fit,,0,True,lexical_hit,True,True,True,resolved,accepted,fetched,available,,,http://absindikat.fit/,,,Low,45.9821,False,False,True,strict_lexical_below_holdout_threshold,strict_lexical_below_holdout_threshold,,strict_lexical_below_holdout_threshold,hashing_shortlist
377,givingyour.sa.com,https://givingyour.sa.com,PS-02_AIGR-S66270_NCIIPC_24_02_2026.xlsx,State Bank of India (SBI),sbi.co.in,0.6111,False,False,False,True,0,0,0,0,0,False,stage1_fetch_failed,False,False,False,0,0,,,0,True,route_to_dns_after_stage1_failure,True,True,True,resolved,accepted,timeout,not_attempted,navigation_timeout,TimeoutError,,,,Low,0.0,False,False,False,,,fetch_timeout_or_fetch_failed,fetch_timeout_or_fetch_failed,hashing_shortlist
379,onlnecrfship.cfd,https://onlnecrfship.cfd,PS-02_AIGR-S66270_NCIIPC_24_02_2026.xlsx,State Bank of India (SBI),corp.onlinesbi.sbi,0.8509,True,True,True,False,0,0,0,0,0,False,lexical_hit,False,False,False,0,0,onlnecrfship.cfd,,0,True,lexical_hit,True,True,True,resolved,accepted,failed,not_attempted,navigation_error,"Page.goto: net::ERR_CONNECTION_REFUSED at https://onlnecrfship.cfd/ | Call log: - navigating to ""https://onlnecrfship.cfd/"", waiting until ""domcontentloaded""",,,,Low,0.0,False,False,False,,,fetch_timeout_or_fetch_failed,fetch_timeout_or_fetch_failed,hashing_shortlist
381,onlinecasino0011.com,https://onlinecasino0011.com,PS-02_AIGR-S66270_NCIIPC_24_02_2026.xlsx,State Bank of India (SBI),corp.onlinesbi.sbi,0.8778,True,True,True,False,0,0,0,0,0,False,lexical_hit,False,False,False,0,0,onlinecasino0011.com,,0,True,lexical_hit,True,True,True,resolved,accepted,fetched,available,,,https://skunkworks-labs.io/,,,Low,37.619,False,False,True,strict_lexical_below_holdout_threshold,strict_lexical_below_holdout_threshold,,strict_lexical_below_holdout_threshold,hashing_shortlist
382,cloud2.buzz,https://cloud2.buzz,PS-02_AIGR-S66270_NCIIPC_24_02_2026.xlsx,National Informatics Centre (NIC),cloud.gov.in,0.9667,True,True,True,False,0,0,0,0,0,False,lexical_hit,False,False,False,0,0,cloud2.buzz,,0,True,lexical_hit,True,False,False,no_records,rejected,,not_attempted,,,,,,,0.0,False,False,False,,,dns_rejected,dns_rejected,dns_gate
384,aisert.org,https://aisert.org,PS-02_AIGR-S66270_NCIIPC_24_02_2026.xlsx,Airtel,airtel.in,0.8578,True,True,True,False,0,0,0,0,0,False,lexical_hit,False,False,False,0,0,aisert.org,,0,True,lexical_hit,True,False,False,no_records,rejected,,not_attempted,,,,,,,0.0,False,False,False,,,dns_rejected,dns_rejected,dns_gate
386,canarysafeport.vu,https://canarysafeport.vu,PS-02_AIGR-S66270_NCIIPC_24_02_2026.xlsx,Canara Bank,canararobeco.com,0.8563,True,True,True,False,0,0,0,0,0,False,lexical_hit,False,False,False,0,0,canarysafeport.vu,,0,True,lexical_hit,True,True,True,resolved,accepted,fetched,available,,,https://canarysafeport.vu/,,,Low,36.7007,False,False,True,strict_lexical_below_holdout_threshold,strict_lexical_below_holdout_threshold,,strict_lexical_below_holdout_threshold,hashing_shortlist
387,onlineserverr4.top,https://onlineserverr4.top,PS-02_AIGR-S66270_NCIIPC_24_02_2026.xlsx,State Bank of India (SBI),corp.onlinesbi.sbi,0.8556,True,True,True,False,0,0,0,0,0,False,lexical_hit,False,False,False,0,0,onlineserverr4.top,,0,True,lexical_hit,True,False,False,no_records,rejected,,not_attempted,,,,,,,0.0,False,False,False,,,dns_rejected,dns_rejected,dns_gate
388,https://hometools.fun,https://hometools.fun,PS-02_AIGR-S66270_NCIIPC_24_02_2026.xlsx,State Bank of India (SBI),homeloans.sbi,0.8825,True,True,True,False,0,0,0,0,0,False,lexical_hit,False,False,False,0,0,hometools.fun,,0,True,lexical_hit,True,True,True,resolved,accepted,fetched,available,,,https://hometools.fun/,,,Low,47.2789,False,False,True,strict_lexical_below_holdout_threshold,strict_lexical_below_holdout_threshold,,strict_lexical_below_holdout_threshold,hashing_shortlist
389,nuyhad.sbs,https://nuyhad.sbs,PS-02_AIGR-S66270_NCIIPC_24_02_2026.xlsx,National Health Authority (NHA),nha.gov.in,0.85,True,True,True,False,0,0,0,0,0,False,lexical_hit,False,False,False,0,0,nuyhad.sbs,,0,True,lexical_hit,True,True,True,resolved,accepted,fetched,available,,,https://nuyhad.sbs/,,,Low,36.4286,False,False,True,strict_lexical_below_holdout_threshold,strict_lexical_below_holdout_threshold,,strict_lexical_below_holdout_threshold,hashing_shortlist
390,onlineresell.in,https://onlineresell.in,PS-02_AIGR-S66270_NCIIPC_24_02_2026.xlsx,State Bank of India (SBI),corp.onlinesbi.sbi,0.8722,True,True,True,False,0,0,0,0,0,False,lexical_hit,False,False,False,0,0,onlineresell.in,,0,True,lexical_hit,True,True,True,resolved,accepted,failed,not_attempted,navigation_transient_browser_error,Page.content: Unable to retrieve content because the page is navigating and changing the content.,,,,Low,0.0,False,False,False,,,fetch_timeout_or_fetch_failed,fetch_timeout_or_fetch_failed,hashing_shortlist
391,https://axioscope.com,https://axioscope.com,PS-02_AIGR-S66270_NCIIPC_24_02_2026.xlsx,Axis Bank,axis.bank.in,0.8704,True,True,True,False,0,0,0,0,0,False,lexical_hit,False,False,False,0,0,axioscope.com,,0,True,lexical_hit,True,True,True,resolved,accepted,fetched,available,,,https://axioscope.com/,,,Low,46.627,False,False,True,strict_lexical_below_holdout_threshold,strict_lexical_below_holdout_threshold,,strict_lexical_below_holdout_threshold,hashing_shortlist
392,sobiup.asia,https://sobiup.asia,PS-02_AIGR-S66270_NCIIPC_24_02_2026.xlsx,State Bank of India (SBI),sbi.co.in,0.85,True,True,True,False,0,0,0,0,0,False,lexical_hit,False,False,False,0,0,sobiup.asia,,0,True,lexical_hit,True,True,True,resolved,accepted,timeout,not_attempted,navigation_timeout,"Page.goto: Timeout 15000ms exceeded. | Call log: - navigating to ""https://sobiup.asia/"", waiting until ""domcontentloaded""",,,,Low,0.0,False,False,False,,,fetch_timeout_or_fetch_failed,fetch_timeout_or_fetch_failed,hashing_shortlist
393,online-sponsor-bilgi-tr.com,https://online-sponsor-bilgi-tr.com,PS-02_AIGR-S66270_NCIIPC_24_02_2026.xlsx,State Bank of India (SBI),corp.onlinesbi.sbi,0.8783,True,True,True,False,0,0,0,0,0,False,lexical_hit,False,False,False,0,0,online-sponsor-bilgi-tr.com,,0,True,lexical_hit,True,False,False,dns_error,rejected,,not_attempted,,,,,,,0.0,False,False,False,,,dns_rejected,dns_rejected,dns_gate
395,idol.baby,https://idol.baby,PS-02_AIGR-S66270_NCIIPC_24_02_2026.xlsx,Indian Oil Corporation Limited (IOCL),iocl.com,0.85,True,True,True,False,0,0,0,0,0,False,lexical_hit,False,False,False,0,0,idol.baby,,0,True,lexical_hit,True,False,False,no_records,rejected,,not_attempted,,,,,,,0.0,False,False,False,,,dns_rejected,dns_rejected,dns_gate
396,itcl.website,https://itcl.website,PS-02_AIGR-S66270_NCIIPC_24_02_2026.xlsx,Indian Oil Corporation Limited (IOCL),iocl.com,0.85,True,True,True,False,0,0,0,0,0,False,lexical_hit,False,False,False,0,0,itcl.website,,0,True,lexical_hit,True,True,True,resolved,accepted,timeout,not_attempted,navigation_timeout,"Page.goto: Timeout 15000ms exceeded. | Call log: - navigating to ""https://itcl.website/"", waiting until ""domcontentloaded""",,,,Low,0.0,False,False,False,,,fetch_timeout_or_fetch_failed,fetch_timeout_or_fetch_failed,hashing_shortlist
397,idol.college,https://idol.college,PS-02_AIGR-S66270_NCIIPC_24_02_2026.xlsx,Indian Oil Corporation Limited (IOCL),iocl.com,0.85,True,True,True,False,0,0,0,0,0,False,lexical_hit,False,False,False,0,0,idol.college,,0,True,lexical_hit,True,False,False,no_records,rejected,,not_attempted,,,,,,,0.0,False,False,False,,,dns_rejected,dns_rejected,dns_gate
398,hiocl.biz,https://hiocl.biz,PS-02_AIGR-S66270_NCIIPC_24_02_2026.xlsx,Indian Oil Corporation Limited (IOCL),iocl.com,0.9333,True,True,True,False,0,0,0,0,0,False,lexical_hit,False,False,False,0,0,hiocl.biz,,0,True,lexical_hit,True,True,True,resolved,accepted,fetched,available,,,https://hiocl.biz/,,,Low,40.0,False,False,True,strict_lexical_below_holdout_threshold,strict_lexical_below_holdout_threshold,,strict_lexical_below_holdout_threshold,hashing_shortlist
399,http://coalitionservice.com,http://coalitionservice.com,PS-02_AIGR-S66270_NCIIPC_24_02_2026.xlsx,Coal India,coalindiatenders.nic.in,0.8667,True,True,True,False,0,0,0,0,0,False,lexical_hit,False,False,False,0,0,coalitionservice.com,,0,True,lexical_hit,True,True,True,resolved,accepted,fetched,available,,,http://coalitionservice.com/?__cf_chl_rt_tk=TvB_lhBeSPYN13Aai.4Ol46hKHxxSL7Fab.4Uso_k7w-1775504374-1.0.1.1-y8e8.2gpo1wIxy.zaun6sZTxqhxXUTV6geEPTcxEmCU,,,Low,46.4286,False,False,True,strict_lexical_below_holdout_threshold,strict_lexical_below_holdout_threshold,,strict_lexical_below_holdout_threshold,hashing_shortlist
400,onlinenewspaperbd24.com,https://onlinenewspaperbd24.com,PS-02_AIGR-S66270_NCIIPC_24_02_2026.xlsx,State Bank of India (SBI),corp.onlinesbi.sbi,0.862,True,True,True,False,0,0,0,0,0,False,lexical_hit,False,False,False,0,0,onlinenewspaperbd24.com,,0,True,lexical_hit,True,False,False,dns_error,rejected,,not_attempted,,,,,,,0.0,False,False,False,,,dns_rejected,dns_rejected,dns_gate
401,homeairconsolutions.com,https://homeairconsolutions.com,PS-02_AIGR-S66270_NCIIPC_24_02_2026.xlsx,State Bank of India (SBI),homeloans.sbi,0.8503,True,True,True,False,0,0,0,0,0,False,lexical_hit,False,False,False,0,0,homeairconsolutions.com,,0,True,lexical_hit,True,True,True,resolved,accepted,fetched,available,,,https://homeairconsolutions.com/,,,Low,36.4411,False,False,True,strict_lexical_below_holdout_threshold,strict_lexical_below_holdout_threshold,,strict_lexical_below_holdout_threshold,hashing_shortlist
402,airtrade.site,https://airtrade.site,PS-02_AIGR-S66270_NCIIPC_24_02_2026.xlsx,Airtel,airtel.in,0.8917,True,True,True,False,0,0,0,0,0,False,lexical_hit,False,False,False,0,0,airtrade.site,,0,True,lexical_hit,True,True,True,resolved,accepted,timeout,not_attempted,navigation_timeout,"Page.goto: Timeout 15000ms exceeded. | Call log: - navigating to ""https://airtrade.site/"", waiting until ""domcontentloaded""",,,,Low,0.0,False,False,False,,,fetch_timeout_or_fetch_failed,fetch_timeout_or_fetch_failed,hashing_shortlist
404,onlinedaniel.blog,https://onlinedaniel.blog,PS-02_AIGR-S66270_NCIIPC_24_02_2026.xlsx,State Bank of India (SBI),corp.onlinesbi.sbi,0.8722,True,True,True,False,0,0,0,0,0,False,lexical_hit,False,False,False,0,0,onlinedaniel.blog,,0,True,lexical_hit,True,True,True,resolved,accepted,fetched,available,,,https://onlinedaniel.blog/,,,Low,46.7262,False,False,True,strict_lexical_below_holdout_threshold,strict_lexical_below_holdout_threshold,,strict_lexical_below_holdout_threshold,hashing_shortlist
405,rebios.net,https://rebios.net,PS-02_AIGR-S66270_NCIIPC_24_02_2026.xlsx,Reserve Bank of India (RBI),rbi.org.in,0.85,True,True,True,False,0,0,0,0,0,False,lexical_hit,False,False,False,0,0,rebios.net,,0,True,lexical_hit,True,True,True,resolved,accepted,fetched,available,,,https://www.rebios.net/,,,Low,45.5357,False,False,True,strict_lexical_below_holdout_threshold,strict_lexical_below_holdout_threshold,,strict_lexical_below_holdout_threshold,hashing_shortlist
407,3c8izd.makeup,https://3c8izd.makeup,PS-02_AIGR-S66270_NCIIPC_24_02_2026.xlsx,Election Commision of India (ECI),eci.gov.in,0.8667,True,True,True,False,0,0,0,0,0,False,lexical_hit,False,False,False,0,0,3c8izd.makeup,,0,True,lexical_hit,True,False,False,no_records,rejected,,not_attempted,,,,,,,0.0,False,False,False,,,dns_rejected,dns_rejected,dns_gate
408,aionreal.us,https://aionreal.us,PS-02_AIGR-S66270_NCIIPC_24_02_2026.xlsx,Airtel,airtel.in,0.8556,True,True,True,False,0,0,0,0,0,False,lexical_hit,False,False,False,0,0,aionreal.us,,0,True,lexical_hit,True,True,True,resolved,accepted,fetched,available,,,https://aion.xyz/,,,Low,36.6667,False,False,True,strict_lexical_below_holdout_threshold,strict_lexical_below_holdout_threshold,,strict_lexical_below_holdout_threshold,hashing_shortlist
409,idol.band,https://idol.band,PS-02_AIGR-S66270_NCIIPC_24_02_2026.xlsx,Indian Oil Corporation Limited (IOCL),iocl.com,0.85,True,True,True,False,0,0,0,0,0,False,lexical_hit,False,False,False,0,0,idol.band,,0,True,lexical_hit,True,False,False,no_records,rejected,,not_attempted,,,,,,,0.0,False,False,False,,,dns_rejected,dns_rejected,dns_gate
410,axisagency.info,https://axisagency.info,PS-02_AIGR-S66270_NCIIPC_24_02_2026.xlsx,Axis Bank,axis.bank.in,0.88,True,True,True,False,0,0,0,0,0,False,lexical_hit,False,False,False,0,0,axisagency.info,,0,True,lexical_hit,True,True,True,resolved,accepted,fetched,available,,,https://axisagency.info/,,,Low,47.1429,False,False,True,strict_lexical_below_holdout_threshold,strict_lexical_below_holdout_threshold,,strict_lexical_below_holdout_threshold,hashing_shortlist
412,jilo.digital,https://jilo.digital,PS-02_AIGR-S66270_NCIIPC_24_02_2026.xlsx,Jio,jio.com,0.9333,True,True,True,False,0,0,0,0,0,False,lexical_hit,False,False,False,0,0,jilo.digital,,0,True,lexical_hit,True,True,True,resolved,accepted,fetched,available,,,https://jilo.digital/,,,Low,48.2759,False,False,True,strict_lexical_below_holdout_threshold,strict_lexical_below_holdout_threshold,,strict_lexical_below_holdout_threshold,hashing_shortlist
414,https://aii.live,https://aii.live,PS-02_AIGR-S66270_NCIIPC_24_02_2026.xlsx,All India Institute of Medical Sciences (AIIMS),aiims.edu,0.9067,True,True,True,False,0,0,0,0,0,False,lexical_hit,False,False,False,0,0,aii.live,,0,True,lexical_hit,True,True,True,resolved,accepted,fetched,available,,,https://aii.live/,,,Low,48.5714,False,False,True,strict_lexical_below_holdout_threshold,strict_lexical_below_holdout_threshold,,strict_lexical_below_holdout_threshold,hashing_shortlist
417,arifjahan.com,https://arifjahan.com,PS-02_AIGR-S66270_NCIIPC_24_02_2026.xlsx,parivahan sewa,parivahan.gov.in,0.8519,True,True,True,False,0,0,0,0,0,False,lexical_hit,False,False,False,0,0,arifjahan.com,,0,True,lexical_hit,True,True,True,resolved,accepted,fetched,available,,,https://www.arifjahan.com/,,,Low,45.6349,False,False,True,strict_lexical_below_holdout_threshold,strict_lexical_below_holdout_threshold,,strict_lexical_below_holdout_threshold,hashing_shortlist
418,aisy.makeup,https://aisy.makeup,PS-02_AIGR-S66270_NCIIPC_24_02_2026.xlsx,Axis Bank,axis.bank.in,0.85,True,True,True,False,0,0,0,0,0,False,lexical_hit,False,False,False,0,0,aisy.makeup,,0,True,lexical_hit,True,True,True,resolved,accepted,timeout,not_attempted,navigation_timeout,"Page.goto: Timeout 15000ms exceeded. | Call log: - navigating to ""https://aisy.makeup/"", waiting until ""domcontentloaded""",,,,Low,0.0,False,False,False,,,fetch_timeout_or_fetch_failed,fetch_timeout_or_fetch_failed,hashing_shortlist
420,onlinehisab.com,https://onlinehisab.com,PS-02_AIGR-S66270_NCIIPC_24_02_2026.xlsx,State Bank of India (SBI),corp.onlinesbi.sbi,0.9414,True,True,True,False,0,0,0,0,0,False,lexical_hit,False,False,False,0,0,onlinehisab.com,,0,True,lexical_hit,True,True,True,resolved,accepted,timeout,not_attempted,navigation_timeout,"Page.goto: Timeout 15000ms exceeded. | Call log: - navigating to ""https://onlinehisab.com/"", waiting until ""domcontentloaded""",,,,Low,0.0,False,False,False,,,fetch_timeout_or_fetch_failed,fetch_timeout_or_fetch_failed,hashing_shortlist
421,netvpn.online,https://netvpn.online,PS-02_AIGR-S66270_NCIIPC_24_02_2026.xlsx,Punjab National Bank (PNB),netpnb.com,0.9222,True,True,True,False,0,0,0,0,0,False,lexical_hit,False,False,False,0,0,netvpn.online,,0,True,lexical_hit,True,False,False,no_records,rejected,,not_attempted,,,,,,,0.0,False,False,False,,,dns_rejected,dns_rejected,dns_gate
423,homesalonservice.com,https://homesalonservice.com,PS-02_AIGR-S66270_NCIIPC_24_02_2026.xlsx,State Bank of India (SBI),homeloans.sbi,0.8681,True,True,True,False,0,0,0,0,0,False,lexical_hit,False,False,False,0,0,homesalonservice.com,,0,True,lexical_hit,True,True,True,resolved,accepted,fetched,available,,,https://homesalonservice.com/,,,Low,46.503,False,False,True,strict_lexical_below_holdout_threshold,strict_lexical_below_holdout_threshold,,strict_lexical_below_holdout_threshold,hashing_shortlist
425,axisvest.com.br,https://axisvest.com.br,PS-02_AIGR-S66270_NCIIPC_24_02_2026.xlsx,Axis Bank,axis.bank.in,0.9,True,True,True,False,0,0,0,0,0,False,lexical_hit,False,False,False,0,0,axisvest.com.br,,0,True,lexical_hit,True,True,True,resolved,accepted,fetched,available,,,https://www.axisvest.com.br/,,,Low,38.5714,False,False,True,strict_lexical_below_holdout_threshold,strict_lexical_below_holdout_threshold,,strict_lexical_below_holdout_threshold,hashing_shortlist
429,myvinover.com,https://myvinover.com,PS-02_AIGR-S66270_NCIIPC_24_02_2026.xlsx,Vodafone Idea (VI),myvi.in,0.8889,True,True,True,False,0,0,0,0,0,False,lexical_hit,False,False,False,0,0,myvinover.com,,0,True,lexical_hit,True,False,False,no_records,rejected,,not_attempted,,,,,,,0.0,False,False,False,,,dns_rejected,dns_rejected,dns_gate
435,https://iopenclaw.app,https://iopenclaw.app,PS-02_AIGR-S66270_NCIIPC_24_02_2026.xlsx,Indian Oil Corporation Limited (IOCL),iocl.com,0.8519,True,True,True,False,0,0,0,0,0,False,lexical_hit,False,False,False,0,0,iopenclaw.app,,0,True,lexical_hit,True,True,True,resolved,accepted,fetched,available,,,https://iopenclaw.app/,,,Low,45.6349,False,False,True,strict_lexical_below_holdout_threshold,strict_lexical_below_holdout_threshold,,strict_lexical_below_holdout_threshold,hashing_shortlist
436,ai-te.app,https://ai-te.app,PS-02_AIGR-S66270_NCIIPC_24_02_2026.xlsx,Airtel,airtel.in,0.8578,True,True,True,False,0,0,0,0,0,False,lexical_hit,False,False,False,0,0,ai-te.app,,0,True,lexical_hit,True,True,True,resolved,accepted,fetched,available,,,https://ai-te.app/,,,Low,36.7619,False,False,True,strict_lexical_below_holdout_threshold,strict_lexical_below_holdout_threshold,,strict_lexical_below_holdout_threshold,hashing_shortlist
437,iroris.jp,https://iroris.jp,PS-02_AIGR-S66270_NCIIPC_24_02_2026.xlsx,Indian Railway Catering and Tourism Corporation (IRCTC),irctctourism.com,0.8667,True,True,True,False,0,0,0,0,0,False,lexical_hit,False,False,False,0,0,iroris.jp,,0,True,lexical_hit,True,True,True,resolved,accepted,fetched,available,,,https://iroris.jp/,,,Low,59.0909,True,True,False,,score_threshold,,,
439,https://holdenmahomes.com,https://holdenmahomes.com,PS-02_AIGR-S66270_NCIIPC_24_02_2026.xlsx,State Bank of India (SBI),homeloans.sbi,0.8587,True,True,True,False,0,0,0,0,0,False,lexical_hit,False,False,False,0,0,holdenmahomes.com,,0,True,lexical_hit,True,True,True,resolved,accepted,fetched,available,,,https://holdenmahomes.com/,,,Low,46.0012,False,False,True,strict_lexical_below_holdout_threshold,strict_lexical_below_holdout_threshold,,strict_lexical_below_holdout_threshold,hashing_shortlist
441,https://tether-base.ec.cc,https://tether-base.ec.cc,PS-02_AIGR-S66270_NCIIPC_24_02_2026.xlsx,Election Commision of India (ECI),eci.gov.in,0.9111,True,True,True,False,0,0,0,0,0,False,lexical_hit,False,False,False,0,0,tether-base.ec.cc,,0,True,lexical_hit,True,True,True,resolved,accepted,timeout,not_attempted,navigation_timeout,"Page.goto: Timeout 15000ms exceeded. | Call log: - navigating to ""https://tether-base.ec.cc/"", waiting until ""domcontentloaded""",,,,Low,0.0,False,False,False,,,fetch_timeout_or_fetch_failed,fetch_timeout_or_fetch_failed,hashing_shortlist
442,axeris.io,https://axeris.io,PS-02_AIGR-S66270_NCIIPC_24_02_2026.xlsx,Axis Bank,axis.bank.in,0.9111,True,True,True,False,0,0,0,0,0,False,lexical_hit,False,False,False,0,0,axeris.io,,0,True,lexical_hit,True,True,True,resolved,accepted,fetched,available,,,https://axeris.io/,,,Low,48.8095,False,False,True,strict_lexical_below_holdout_threshold,strict_lexical_below_holdout_threshold,,strict_lexical_below_holdout_threshold,hashing_shortlist
443,canada4ai.ca,https://canada4ai.ca,PS-02_AIGR-S66270_NCIIPC_24_02_2026.xlsx,Canara Bank,canarabank.bank.in,0.8533,True,True,True,False,0,0,0,0,0,False,lexical_hit,False,False,False,0,0,canada4ai.ca,,0,True,lexical_hit,True,True,True,resolved,accepted,fetched,available,,,https://canada4ai.ca/,,,Low,45.7143,False,False,True,strict_lexical_below_holdout_threshold,strict_lexical_below_holdout_threshold,,strict_lexical_below_holdout_threshold,hashing_shortlist
444,caoni.horse,https://caoni.horse,PS-02_AIGR-S66270_NCIIPC_24_02_2026.xlsx,Computer Age Management Services Ltd. (CAMS),camsonline.com,0.8667,True,True,True,False,0,0,0,0,0,False,lexical_hit,False,False,False,0,0,caoni.horse,,0,True,lexical_hit,True,True,True,resolved,accepted,fetched,available,,,https://caoni.horse/,,,Low,59.0909,True,True,False,,score_threshold,,,
445,nhanlike.pro,https://nhanlike.pro,PS-02_AIGR-S66270_NCIIPC_24_02_2026.xlsx,National Health Authority (NHA),nha.gov.in,0.8542,True,True,True,False,0,0,0,0,0,False,lexical_hit,False,False,False,0,0,nhanlike.pro,,0,True,lexical_hit,True,True,True,resolved,accepted,fetched,available,,,https://nhanlike.pro/?__cf_chl_rt_tk=UKz_PCHx_rWiy70iZZg1j4VFn3GbWKAhHPzQYWE.77o-1775504381-1.0.1.1-wXEVMtISgYo2V._iAK_y5URpiBI1AAqP6NennuTrlUc,,,Low,45.7589,False,False,True,strict_lexical_below_holdout_threshold,strict_lexical_below_holdout_threshold,,strict_lexical_below_holdout_threshold,hashing_shortlist
446,https://incomegap.org,https://incomegap.org,PS-02_AIGR-S66270_NCIIPC_24_02_2026.xlsx,Income Tax Department,incometaxindia.gov.in,0.8556,True,True,True,False,0,0,0,0,0,False,lexical_hit,False,False,False,0,0,incomegap.org,,0,True,lexical_hit,True,True,True,resolved,accepted,timeout,not_attempted,navigation_timeout,"Page.goto: Timeout 15000ms exceeded. | Call log: - navigating to ""https://incomegap.org/"", waiting until ""domcontentloaded""",,,,Low,0.0,False,False,False,,,fetch_timeout_or_fetch_failed,fetch_timeout_or_fetch_failed,hashing_shortlist
447,aivirtuel.com,https://aivirtuel.com,PS-02_AIGR-S66270_NCIIPC_24_02_2026.xlsx,Airtel,airtel.in,0.9111,True,True,True,False,0,0,0,0,0,False,lexical_hit,False,False,False,0,0,aivirtuel.com,,0,True,lexical_hit,True,True,True,resolved,accepted,fetched,available,,,https://unstoppabledomains.com/d/aivirtuel.com,,,Low,39.0476,False,False,True,strict_lexical_below_holdout_threshold,strict_lexical_below_holdout_threshold,,strict_lexical_below_holdout_threshold,hashing_shortlist
448,jiso99.com,https://jiso99.com,PS-02_AIGR-S66270_NCIIPC_24_02_2026.xlsx,Jio,jio.com,0.8667,True,True,True,False,0,0,0,0,0,False,lexical_hit,False,False,False,0,0,jiso99.com,,0,True,lexical_hit,True,True,True,resolved,accepted,fetched,available,,,https://jiso99.com/,,,Low,59.0909,True,True,False,,score_threshold,,,
449,keacloud.org,https://keacloud.org,PS-02_AIGR-S66270_NCIIPC_24_02_2026.xlsx,National Informatics Centre (NIC),cloud.gov.in,0.875,False,False,False,True,0,0,0,0,0,False,stage1_fetch_failed,False,False,False,0,0,,,0,True,route_to_dns_after_stage1_failure,True,True,True,resolved,accepted,failed,not_attempted,ssl_error,"Page.goto: net::ERR_SSL_PROTOCOL_ERROR at https://keacloud.org/ | Call log: - navigating to ""https://keacloud.org/"", waiting until ""domcontentloaded""",,,,Low,0.0,False,False,False,,,fetch_timeout_or_fetch_failed,fetch_timeout_or_fetch_failed,hashing_shortlist
450,atis.best,https://atis.best,PS-02_AIGR-S66270_NCIIPC_24_02_2026.xlsx,Axis Bank,axis.bank.in,0.85,True,True,True,False,0,0,0,0,0,False,lexical_hit,False,False,False,0,0,atis.best,,0,True,lexical_hit,True,True,True,resolved,accepted,timeout,not_attempted,navigation_timeout,"Page.goto: Timeout 15000ms exceeded. | Call log: - navigating to ""https://atis.best/"", waiting until ""domcontentloaded""",,,,Low,0.0,False,False,False,,,fetch_timeout_or_fetch_failed,fetch_timeout_or_fetch_failed,hashing_shortlist
451,isoceles.ai,https://isoceles.ai,PS-02_AIGR-S66270_NCIIPC_24_02_2026.xlsx,Indian Oil Corporation Limited (IOCL),iocl.com,0.85,True,True,True,False,0,0,0,0,0,False,lexical_hit,False,False,False,0,0,isoceles.ai,,0,True,lexical_hit,True,False,False,no_records,rejected,,not_attempted,,,,,,,0.0,False,False,False,,,dns_rejected,dns_rejected,dns_gate
452,aiart.news,https://aiart.news,PS-02_AIGR-S66270_NCIIPC_24_02_2026.xlsx,Airtel,airtel.in,0.8578,True,True,True,False,0,0,0,0,0,False,lexical_hit,False,False,False,0,0,aiart.news,,0,True,lexical_hit,True,True,True,resolved,accepted,fetched,available,,,https://aiart.news/,,,Low,45.9524,False,False,True,strict_lexical_below_holdout_threshold,strict_lexical_below_holdout_threshold,,strict_lexical_below_holdout_threshold,hashing_shortlist
454,http://i2ol.xyz,http://i2ol.xyz,PS-02_AIGR-S66270_NCIIPC_24_02_2026.xlsx,Indian Oil Corporation Limited (IOCL),iocl.com,0.85,True,True,True,False,0,0,0,0,0,False,lexical_hit,False,False,False,0,0,i2ol.xyz,,0,True,lexical_hit,True,True,True,resolved,accepted,failed,not_attempted,navigation_transient_browser_error,Page.content: Unable to retrieve content because the page is navigating and changing the content.,,,,Low,0.0,False,False,False,,,fetch_timeout_or_fetch_failed,fetch_timeout_or_fetch_failed,hashing_shortlist
455,axispalletmodify.shop,https://axispalletmodify.shop,PS-02_AIGR-S66270_NCIIPC_24_02_2026.xlsx,Axis Bank,axis.bank.in,0.85,True,True,True,False,0,0,0,0,0,False,lexical_hit,False,False,False,0,0,axispalletmodify.shop,,0,True,lexical_hit,True,True,True,resolved,accepted,fetched,available,,,https://axispalletmodify.shop/,,,Low,45.5357,False,False,True,strict_lexical_below_holdout_threshold,strict_lexical_below_holdout_threshold,,strict_lexical_below_holdout_threshold,hashing_shortlist
456,https://canary.work,https://canary.work,PS-02_AIGR-S66270_NCIIPC_24_02_2026.xlsx,Canara Bank,canarabank.bank.in,0.8667,True,True,True,False,0,0,0,0,0,False,lexical_hit,False,False,False,0,0,canary.work,,0,True,lexical_hit,True,True,True,resolved,accepted,fetched,available,,,https://canary.work/,,,Low,37.1429,False,False,True,strict_lexical_below_holdout_threshold,strict_lexical_below_holdout_threshold,,strict_lexical_below_holdout_threshold,hashing_shortlist
458,almsonline.in,https://almsonline.in,PS-02_AIGR-S66270_NCIIPC_24_02_2026.xlsx,Computer Age Management Services Ltd. (CAMS),camsonline.com,0.9333,True,True,True,False,0,0,0,0,0,False,lexical_hit,False,False,False,0,0,almsonline.in,,0,True,lexical_hit,True,True,True,resolved,accepted,timeout,not_attempted,navigation_timeout,"Page.goto: Timeout 15000ms exceeded. | Call log: - navigating to ""https://almsonline.in/"", waiting until ""domcontentloaded""",,,,Low,0.0,False,False,False,,,fetch_timeout_or_fetch_failed,fetch_timeout_or_fetch_failed,hashing_shortlist
460,https://axisrx.io,https://axisrx.io,PS-02_AIGR-S66270_NCIIPC_24_02_2026.xlsx,Axis Bank,axis.bank.in,0.9333,True,True,True,False,0,0,0,0,0,False,lexical_hit,False,False,False,0,0,axisrx.io,,0,True,lexical_hit,True,True,True,resolved,accepted,failed,not_attempted,navigation_transient_browser_error,Page.content: Unable to retrieve content because the page is navigating and changing the content.,,,,Low,0.0,False,False,False,,,fetch_timeout_or_fetch_failed,fetch_timeout_or_fetch_failed,hashing_shortlist
462,https://homesbyhaleymn.com,https://homesbyhaleymn.com,PS-02_AIGR-S66270_NCIIPC_24_02_2026.xlsx,State Bank of India (SBI),homeloans.sbi,0.8671,True,True,True,False,0,0,0,0,0,False,lexical_hit,False,False,False,0,0,homesbyhaleymn.com,,0,True,lexical_hit,True,True,True,resolved,accepted,fetched,available,,,https://homesbyhaleymn.com/,,,Low,46.4498,False,False,True,strict_lexical_below_holdout_threshold,strict_lexical_below_holdout_threshold,,strict_lexical_below_holdout_threshold,hashing_shortlist
463,onlinecurling.com,https://onlinecurling.com,PS-02_AIGR-S66270_NCIIPC_24_02_2026.xlsx,State Bank of India (SBI),corp.onlinesbi.sbi,0.8632,True,True,True,False,0,0,0,0,0,False,lexical_hit,False,False,False,0,0,onlinecurling.com,,0,True,lexical_hit,True,True,True,resolved,accepted,timeout,not_attempted,navigation_timeout,"Page.goto: Timeout 15000ms exceeded. | Call log: - navigating to ""https://onlinecurling.com/"", waiting until ""domcontentloaded""",,,,Low,0.0,False,False,False,,,fetch_timeout_or_fetch_failed,fetch_timeout_or_fetch_failed,hashing_shortlist
464,http://vsts-ca.online,http://vsts-ca.online,PS-02_AIGR-S66270_NCIIPC_24_02_2026.xlsx,Indian Space Research Organisation (ISRO),vssc.gov.in,0.8857,True,True,True,False,0,0,0,0,0,False,lexical_hit,False,False,False,0,0,vsts-ca.online,,0,True,lexical_hit,True,True,True,resolved,accepted,failed,not_attempted,navigation_transient_browser_error,Page.content: Unable to retrieve content because the page is navigating and changing the content.,,,,Low,0.0,False,False,False,,,fetch_timeout_or_fetch_failed,fetch_timeout_or_fetch_failed,hashing_shortlist
465,uidaiaadhardownload.com,https://uidaiaadhardownload.com,PS-02_AIGR-S66270_NCIIPC_24_02_2026.xlsx,"Unique Identification Authority of India (UIDAI)
",uidai.gov.in,0.8526,True,True,True,False,0,0,0,0,0,False,lexical_hit,False,False,False,0,0,uidaiaadhardownload.com,,0,True,lexical_hit,True,True,True,resolved,accepted,fetched,available,,,https://uidaiaadhardownload.com/,,,Low,58.134,True,True,False,,score_threshold,,,
466,canaryfun.art,https://canaryfun.art,PS-02_AIGR-S66270_NCIIPC_24_02_2026.xlsx,Canara Bank,canarabank.bank.in,0.8533,True,True,True,False,0,0,0,0,0,False,lexical_hit,False,False,False,0,0,canaryfun.art,,0,True,lexical_hit,True,True,True,resolved,accepted,fetched,available,,,https://canaryfun.art/,,,Low,45.7143,False,False,True,strict_lexical_below_holdout_threshold,strict_lexical_below_holdout_threshold,,strict_lexical_below_holdout_threshold,hashing_shortlist
467,onlinecasinosuk.io,https://onlinecasinosuk.io,PS-02_AIGR-S66270_NCIIPC_24_02_2026.xlsx,State Bank of India (SBI),corp.onlinesbi.sbi,0.8844,True,True,True,False,0,0,0,0,0,False,lexical_hit,False,False,False,0,0,onlinecasinosuk.io,,0,True,lexical_hit,True,True,True,resolved,accepted,fetched,available,,,https://onlinecasinosuk.io/,,,Low,47.381,False,False,True,strict_lexical_below_holdout_threshold,strict_lexical_below_holdout_threshold,,strict_lexical_below_holdout_threshold,hashing_shortlist
468,tsc.studio,https://tsc.studio,PS-02_AIGR-S66270_NCIIPC_24_02_2026.xlsx,Income Tax Department,contents.tdscpc.gov.in,0.85,True,True,True,False,0,0,0,0,0,False,lexical_hit,False,False,False,0,0,tsc.studio,,0,True,lexical_hit,True,True,True,resolved,accepted,timeout,not_attempted,navigation_timeout,"Page.goto: Timeout 15000ms exceeded. | Call log: - navigating to ""https://tsc.studio/"", waiting until ""domcontentloaded""",,,,Low,0.0,False,False,False,,,fetch_timeout_or_fetch_failed,fetch_timeout_or_fetch_failed,hashing_shortlist
470,panbb.top,https://panbb.top,PS-02_AIGR-S66270_NCIIPC_24_02_2026.xlsx,Punjab National Bank (PNB),pnb.bank.in,0.88,True,True,True,False,0,0,0,0,0,False,lexical_hit,False,False,False,0,0,panbb.top,,0,True,lexical_hit,True,True,True,resolved,accepted,fetched,available,,,https://panbb.top/,,,Low,47.1429,False,False,True,strict_lexical_below_holdout_threshold,strict_lexical_below_holdout_threshold,,strict_lexical_below_holdout_threshold,hashing_shortlist
471,https://onlineresale.in,https://onlineresale.in,PS-02_AIGR-S66270_NCIIPC_24_02_2026.xlsx,State Bank of India (SBI),corp.onlinesbi.sbi,0.8722,True,True,True,False,0,0,0,0,0,False,lexical_hit,False,False,False,0,0,onlineresale.in,,0,True,lexical_hit,True,True,True,resolved,accepted,failed,not_attempted,navigation_transient_browser_error,Page.content: Unable to retrieve content because the page is navigating and changing the content.,,,,Low,0.0,False,False,False,,,fetch_timeout_or_fetch_failed,fetch_timeout_or_fetch_failed,hashing_shortlist
472,cloudservicern.info,https://cloudservicern.info,PS-02_AIGR-S66270_NCIIPC_24_02_2026.xlsx,National Informatics Centre (NIC),cloud.gov.in,0.8714,False,False,False,True,0,0,0,0,0,False,stage1_fetch_failed,False,False,False,0,0,,,0,True,route_to_dns_after_stage1_failure,True,True,True,resolved,accepted,failed,not_attempted,ssl_error,"Page.goto: net::ERR_SSL_PROTOCOL_ERROR at https://cloudservicern.info/ | Call log: - navigating to ""https://cloudservicern.info/"", waiting until ""domcontentloaded""",,,,Low,0.0,False,False,False,,,fetch_timeout_or_fetch_failed,fetch_timeout_or_fetch_failed,hashing_shortlist
473,campersonline.online,https://campersonline.online,PS-02_AIGR-S66270_NCIIPC_24_02_2026.xlsx,Computer Age Management Services Ltd. (CAMS),camsonline.com,0.8762,True,True,True,False,0,0,0,0,0,False,lexical_hit,False,False,False,0,0,campersonline.online,,0,True,lexical_hit,True,False,False,no_records,rejected,,not_attempted,,,,,,,0.0,False,False,False,,,dns_rejected,dns_rejected,dns_gate
474,onlineslots777.online,https://onlineslots777.online,PS-02_AIGR-S66270_NCIIPC_24_02_2026.xlsx,State Bank of India (SBI),corp.onlinesbi.sbi,0.8556,True,True,True,False,0,0,0,0,0,False,lexical_hit,False,False,False,0,0,onlineslots777.online,,0,True,lexical_hit,True,True,True,resolved,accepted,timeout,not_attempted,navigation_timeout,"Page.goto: Timeout 15000ms exceeded. | Call log: - navigating to ""https://onlineslots777.online/"", waiting until ""domcontentloaded""",,,,Low,0.0,False,False,False,,,fetch_timeout_or_fetch_failed,fetch_timeout_or_fetch_failed,hashing_shortlist
475,meowcloud.ai,https://meowcloud.ai,PS-02_AIGR-S66270_NCIIPC_24_02_2026.xlsx,National Informatics Centre (NIC),accounts.mgovcloud.in,0.8667,True,True,True,False,0,0,0,0,0,False,lexical_hit,False,False,False,0,0,meowcloud.ai,,0,True,lexical_hit,True,True,True,resolved,accepted,fetched,available,,,https://meowcloud.ai/,,,Low,46.4286,False,False,True,strict_lexical_below_holdout_threshold,strict_lexical_below_holdout_threshold,,strict_lexical_below_holdout_threshold,hashing_shortlist
476,vix0c1.makeup,https://vix0c1.makeup,PS-02_AIGR-S66270_NCIIPC_24_02_2026.xlsx,Indian Oil Corporation Limited (IOCL),iocl.com,0.8889,True,True,True,False,0,0,0,0,0,False,lexical_hit,False,False,False,0,0,vix0c1.makeup,,0,True,lexical_hit,True,False,False,no_records,rejected,,not_attempted,,,,,,,0.0,False,False,False,,,dns_rejected,dns_rejected,dns_gate
477,maxxis.fit,https://maxxis.fit,PS-02_AIGR-S66270_NCIIPC_24_02_2026.xlsx,Axis Bank,axis.bank.in,0.8889,True,True,True,False,0,0,0,0,0,False,lexical_hit,False,False,False,0,0,maxxis.fit,,0,True,lexical_hit,True,False,False,dns_error,rejected,,not_attempted,,,,,,,0.0,False,False,False,,,dns_rejected,dns_rejected,dns_gate
478,aipins.ru,https://aipins.ru,PS-02_AIGR-S66270_NCIIPC_24_02_2026.xlsx,All India Institute of Medical Sciences (AIIMS),aiims.edu,0.8578,True,True,True,False,0,0,0,0,0,False,lexical_hit,False,False,False,0,0,aipins.ru,,0,True,lexical_hit,True,True,True,resolved,accepted,fetched,available,,,https://aipins.ru/,,,Low,45.9524,False,False,True,strict_lexical_below_holdout_threshold,strict_lexical_below_holdout_threshold,,strict_lexical_below_holdout_threshold,hashing_shortlist
479,axismaxlife.org,https://axismaxlife.org,PS-02_AIGR-S66270_NCIIPC_24_02_2026.xlsx,Axis Bank,axismaxlife.com,1.0,True,True,True,False,0,0,0,0,0,False,lexical_hit,False,False,False,0,0,axismaxlife.org,,0,True,lexical_hit,True,False,False,dns_error,rejected,,not_attempted,,,,,,,0.0,False,False,False,,,dns_rejected,dns_rejected,dns_gate
480,cloud9.com.ng,https://cloud9.com.ng,PS-02_AIGR-S66270_NCIIPC_24_02_2026.xlsx,National Informatics Centre (NIC),cloud.gov.in,0.9667,True,True,True,False,0,0,0,0,0,False,lexical_hit,False,False,False,0,0,cloud9.com.ng,,0,True,lexical_hit,True,True,True,resolved,accepted,timeout,not_attempted,navigation_timeout,"Page.goto: Timeout 15000ms exceeded. | Call log: - navigating to ""https://cloud9.com.ng/"", waiting until ""domcontentloaded""",,,,Low,0.0,False,False,False,,,fetch_timeout_or_fetch_failed,fetch_timeout_or_fetch_failed,hashing_shortlist
481,http://airplanequest.com,http://airplanequest.com,PS-02_AIGR-S66270_NCIIPC_24_02_2026.xlsx,Airtel,airtelpayments.bank.in,0.8505,True,True,True,False,0,0,0,0,0,False,lexical_hit,False,False,False,0,0,airplanequest.com,,0,True,lexical_hit,True,True,True,resolved,accepted,parked,not_attempted,,,https://www.hugedomains.com/domain_profile.cfm?d=airplanequest.com,HugeDomains,provider_host_redirect,Low,0.0,False,False,False,,,parking_or_placeholder_excluded,parking_or_placeholder_excluded,hashing_shortlist
483,https://apis.network,https://apis.network,PS-02_AIGR-S66270_NCIIPC_24_02_2026.xlsx,Axis Bank,axis.bank.in,0.85,True,True,True,False,0,0,0,0,0,False,lexical_hit,False,False,False,0,0,apis.network,,0,True,lexical_hit,True,True,True,resolved,accepted,fetched,available,,,https://apis.network/,,,Low,45.5357,False,False,True,strict_lexical_below_holdout_threshold,strict_lexical_below_holdout_threshold,,strict_lexical_below_holdout_threshold,hashing_shortlist
485,jinqor.com,https://jinqor.com,PS-02_AIGR-S66270_NCIIPC_24_02_2026.xlsx,Jio,jio.com,0.8667,True,True,True,False,0,0,0,0,0,False,lexical_hit,False,False,False,0,0,jinqor.com,,0,True,lexical_hit,True,True,True,resolved,accepted,timeout,not_attempted,navigation_timeout,"Page.goto: Timeout 15000ms exceeded. | Call log: - navigating to ""https://jinqor.com/"", waiting until ""domcontentloaded""",,,,Low,0.0,False,False,False,,,fetch_timeout_or_fetch_failed,fetch_timeout_or_fetch_failed,hashing_shortlist
490,https://home1exteriors.com,https://home1exteriors.com,PS-02_AIGR-S66270_NCIIPC_24_02_2026.xlsx,State Bank of India (SBI),homeloans.sbi,0.8556,True,True,True,False,0,0,0,0,0,False,lexical_hit,False,False,False,0,0,home1exteriors.com,,0,True,lexical_hit,True,True,True,resolved,accepted,fetched,available,,,https://home1exteriors.com/,,,Low,45.8333,False,False,True,strict_lexical_below_holdout_threshold,strict_lexical_below_holdout_threshold,,strict_lexical_below_holdout_threshold,hashing_shortlist
491,https://aimaas.ch,https://aimaas.ch,PS-02_AIGR-S66270_NCIIPC_24_02_2026.xlsx,All India Institute of Medical Sciences (AIIMS),aiims.edu,0.8578,True,True,True,False,0,0,0,0,0,False,lexical_hit,False,False,False,0,0,aimaas.ch,,0,True,lexical_hit,True,True,True,resolved,accepted,failed,not_attempted,navigation_transient_browser_error,Page.content: Unable to retrieve content because the page is navigating and changing the content.,,,,Low,0.0,False,False,False,,,fetch_timeout_or_fetch_failed,fetch_timeout_or_fetch_failed,hashing_shortlist
492,cloudtissimo.com,https://cloudtissimo.com,PS-02_AIGR-S66270_NCIIPC_24_02_2026.xlsx,National Informatics Centre (NIC),cloud.gov.in,0.8833,False,False,False,True,0,0,0,0,0,False,stage1_fetch_failed,False,False,False,0,0,,,0,True,route_to_dns_after_stage1_failure,True,True,True,resolved,accepted,timeout,not_attempted,navigation_timeout,TimeoutError,,,,Low,0.0,False,False,False,,,fetch_timeout_or_fetch_failed,fetch_timeout_or_fetch_failed,hashing_shortlist
493,cloud-portal.net,https://cloud-portal.net,PS-02_AIGR-S66270_NCIIPC_24_02_2026.xlsx,National Informatics Centre (NIC),cloud.gov.in,0.8833,False,False,False,True,0,0,0,0,0,False,stage1_fetch_failed,False,False,False,0,0,,,0,True,route_to_dns_after_stage1_failure,True,True,True,resolved,accepted,timeout,not_attempted,navigation_timeout,TimeoutError,,,,Low,0.0,False,False,False,,,fetch_timeout_or_fetch_failed,fetch_timeout_or_fetch_failed,hashing_shortlist
494,jiorenew.co.in,https://jiorenew.co.in,PS-02_AIGR-S66270_NCIIPC_24_02_2026.xlsx,Jio,jio.com,0.8542,True,True,True,False,0,0,0,0,0,False,lexical_hit,False,False,False,0,0,jiorenew.co.in,,0,True,lexical_hit,True,True,True,resolved,accepted,failed,not_attempted,navigation_transient_browser_error,Page.content: Unable to retrieve content because the page is navigating and changing the content.,,,,Low,0.0,False,False,False,,,fetch_timeout_or_fetch_failed,fetch_timeout_or_fetch_failed,hashing_shortlist
495,https://canerobot.com,https://canerobot.com,PS-02_AIGR-S66270_NCIIPC_24_02_2026.xlsx,Canara Bank,canararobeco.com,0.8509,True,True,True,False,0,0,0,0,0,False,lexical_hit,False,False,False,0,0,canerobot.com,,0,True,lexical_hit,True,True,True,resolved,accepted,failed,not_attempted,navigation_transient_browser_error,Page.content: Unable to retrieve content because the page is navigating and changing the content.,,,,Low,0.0,False,False,False,,,fetch_timeout_or_fetch_failed,fetch_timeout_or_fetch_failed,hashing_shortlist
497,parvareshyar.com,https://parvareshyar.com,PS-02_AIGR-S66270_NCIIPC_24_02_2026.xlsx,parivahan sewa,parivahan.gov.in,0.8509,True,True,True,False,0,0,0,0,0,False,lexical_hit,False,False,False,0,0,parvareshyar.com,,0,True,lexical_hit,True,True,True,resolved,accepted,fetched,available,,,https://parvareshyar.com/,,,Low,45.5853,False,False,True,strict_lexical_below_holdout_threshold,strict_lexical_below_holdout_threshold,,strict_lexical_below_holdout_threshold,hashing_shortlist
498,bankboard.ai,https://bankboard.ai,PS-02_AIGR-S66270_NCIIPC_24_02_2026.xlsx,Bank of Baroda,bankofbaroda.bank.in,0.9278,True,True,True,False,0,0,0,0,0,False,lexical_hit,False,False,False,0,0,bankboard.ai,,0,True,lexical_hit,True,False,False,no_records,rejected,,not_attempted,,,,,,,0.0,False,False,False,,,dns_rejected,dns_rejected,dns_gate
499,nsha.info,https://nsha.info,PS-02_AIGR-S66270_NCIIPC_24_02_2026.xlsx,National Health Authority (NHA),nha.gov.in,0.925,True,True,True,False,0,0,0,0,0,False,lexical_hit,False,False,False,0,0,nsha.info,,0,True,lexical_hit,True,False,False,no_records,rejected,,not_attempted,,,,,,,0.0,False,False,False,,,dns_rejected,dns_rejected,dns_gate
500,aiemse.com,https://aiemse.com,PS-02_AIGR-S66270_NCIIPC_24_02_2026.xlsx,All India Institute of Medical Sciences (AIIMS),aiims.edu,0.8578,True,True,True,False,0,0,0,0,0,False,lexical_hit,False,False,False,0,0,aiemse.com,,0,True,lexical_hit,True,False,False,dns_error,rejected,,not_attempted,,,,,,,0.0,False,False,False,,,dns_rejected,dns_rejected,dns_gate
502,ecibogut.link,https://ecibogut.link,PS-02_AIGR-S66270_NCIIPC_24_02_2026.xlsx,Election Commision of India (ECI),eci.gov.in,0.8542,True,True,True,False,0,0,0,0,0,False,lexical_hit,False,False,False,0,0,ecibogut.link,,0,True,lexical_hit,True,True,True,resolved,accepted,fetched,available,,,https://ecibogut.link/opt/out,,,Low,58.2386,True,True,False,,score_threshold,,,
507,https://axisin.com.br,https://axisin.com.br,PS-02_AIGR-S66270_NCIIPC_24_02_2026.xlsx,Axis Bank,axis.bank.in,0.9333,True,True,True,False,0,0,0,0,0,False,lexical_hit,False,False,False,0,0,axisin.com.br,,0,True,lexical_hit,True,True,True,resolved,accepted,fetched,available,,,https://axisin.com.br/,,,Low,50.0,False,False,True,strict_lexical_below_holdout_threshold,strict_lexical_below_holdout_threshold,,strict_lexical_below_holdout_threshold,hashing_shortlist
508,icicle.lol,https://icicle.lol,PS-02_AIGR-S66270_NCIIPC_24_02_2026.xlsx,ICICI Bank,icici.bank.in,0.8933,True,True,True,False,0,0,0,0,0,False,lexical_hit,False,False,False,0,0,icicle.lol,,0,True,lexical_hit,True,True,True,resolved,accepted,fetched,available,,,https://s0cial.com/?utm_source=icicle.lol&utm_medium=referral&utm_campaign=lol_network,,,Low,38.2857,False,False,True,strict_lexical_below_holdout_threshold,strict_lexical_below_holdout_threshold,,strict_lexical_below_holdout_threshold,hashing_shortlist
509,rabie2.makeup,https://rabie2.makeup,PS-02_AIGR-S66270_NCIIPC_24_02_2026.xlsx,Reserve Bank of India (RBI),rbi.org.in,0.85,True,True,True,False,0,0,0,0,0,False,lexical_hit,False,False,False,0,0,rabie2.makeup,,0,True,lexical_hit,True,False,False,no_records,rejected,,not_attempted,,,,,,,0.0,False,False,False,,,dns_rejected,dns_rejected,dns_gate
510,https://jdgi00.com,https://jdgi00.com,PS-02_AIGR-S66270_NCIIPC_24_02_2026.xlsx,Jio,jio.com,0.85,True,True,True,False,0,0,0,0,0,False,lexical_hit,False,False,False,0,0,jdgi00.com,,0,True,lexical_hit,True,True,True,resolved,accepted,fetched,available,,,https://jdgi00.com/,,,Low,57.9545,False,False,True,strict_lexical_below_holdout_threshold,strict_lexical_below_holdout_threshold,,strict_lexical_below_holdout_threshold,hashing_shortlist
511,sbireward.com,https://sbireward.com,PS-02_AIGR-S66270_NCIIPC_24_02_2026.xlsx,State Bank of India (SBI),sbicard.com,0.85,True,True,True,False,0,0,0,0,0,False,lexical_hit,False,False,False,0,0,sbireward.com,,0,True,lexical_hit,True,False,False,dns_error,rejected,,not_attempted,,,,,,,0.0,False,False,False,,,dns_rejected,dns_rejected,dns_gate
512,canadaskies.com,https://canadaskies.com,PS-02_AIGR-S66270_NCIIPC_24_02_2026.xlsx,Canara Bank,canarahsbclife.com,0.8597,True,True,True,False,0,0,0,0,0,False,lexical_hit,False,False,False,0,0,canadaskies.com,,0,True,lexical_hit,True,True,True,resolved,accepted,fetched,available,,,https://www.canadaskies.com/,,,Low,36.846,False,False,True,strict_lexical_below_holdout_threshold,strict_lexical_below_holdout_threshold,,strict_lexical_below_holdout_threshold,hashing_shortlist
515,sbm.life,https://sbm.life,PS-02_AIGR-S66270_NCIIPC_24_02_2026.xlsx,State Bank of India (SBI),sbimf.com,0.8933,True,True,True,False,0,0,0,0,0,False,lexical_hit,False,False,False,0,0,sbm.life,,0,True,lexical_hit,True,False,False,no_records,rejected,,not_attempted,,,,,,,0.0,False,False,False,,,dns_rejected,dns_rejected,dns_gate
516,aiart.markets,https://aiart.markets,PS-02_AIGR-S66270_NCIIPC_24_02_2026.xlsx,Airtel,airtel.in,0.8578,True,True,True,False,0,0,0,0,0,False,lexical_hit,False,False,False,0,0,aiart.markets,,0,True,lexical_hit,True,True,True,resolved,accepted,fetched,available,,,https://aiart.markets/,,,Low,45.9524,False,False,True,strict_lexical_below_holdout_threshold,strict_lexical_below_holdout_threshold,,strict_lexical_below_holdout_threshold,hashing_shortlist
517,onlinediskret.org,https://onlinediskret.org,PS-02_AIGR-S66270_NCIIPC_24_02_2026.xlsx,State Bank of India (SBI),corp.onlinesbi.sbi,0.8759,True,True,True,False,0,0,0,0,0,False,lexical_hit,False,False,False,0,0,onlinediskret.org,,0,True,lexical_hit,True,True,True,resolved,accepted,fetched,available,,,https://www.vitalesvolk.de/?__cf_chl_rt_tk=iqs954wgHqOzKf2MXM9WcQH6rTXptvN4VjoAl_Lalhk-1775504393-1.0.1.1-lhxHRbEM7.4zHdF81.1rjgiyyHHPGpQodn0vXJwHbsY,,,Low,46.9208,False,False,True,strict_lexical_below_holdout_threshold,strict_lexical_below_holdout_threshold,,strict_lexical_below_holdout_threshold,hashing_shortlist
518,onlinecasinoph.net,https://onlinecasinoph.net,PS-02_AIGR-S66270_NCIIPC_24_02_2026.xlsx,State Bank of India (SBI),corp.onlinesbi.sbi,0.8921,True,True,True,False,0,0,0,0,0,False,lexical_hit,False,False,False,0,0,onlinecasinoph.net,,0,True,lexical_hit,True,True,True,resolved,accepted,timeout,not_attempted,navigation_timeout,"Page.goto: Timeout 15000ms exceeded. | Call log: - navigating to ""https://onlinecasinoph.net/"", waiting until ""domcontentloaded""",,,,Low,0.0,False,False,False,,,fetch_timeout_or_fetch_failed,fetch_timeout_or_fetch_failed,hashing_shortlist
519,abcdmens.com,https://abcdmens.com,PS-02_AIGR-S66270_NCIIPC_24_02_2026.xlsx,National Health Authority (NHA),abdm.gov.in,0.8667,True,True,True,False,0,0,0,0,0,False,lexical_hit,False,False,False,0,0,abcdmens.com,,0,True,lexical_hit,True,True,True,resolved,accepted,fetched,available,,,https://abcdmens.com/,,,Low,37.1429,False,False,True,strict_lexical_below_holdout_threshold,strict_lexical_below_holdout_threshold,,strict_lexical_below_holdout_threshold,hashing_shortlist
521,cloudportal.dev,https://cloudportal.dev,PS-02_AIGR-S66270_NCIIPC_24_02_2026.xlsx,National Informatics Centre (NIC),cloud.gov.in,0.8909,False,False,False,True,0,0,0,0,0,False,stage1_fetch_failed,False,False,False,0,0,,,0,True,route_to_dns_after_stage1_failure,True,True,True,resolved,accepted,timeout,not_attempted,navigation_timeout,TimeoutError,,,,Low,0.0,False,False,False,,,fetch_timeout_or_fetch_failed,fetch_timeout_or_fetch_failed,hashing_shortlist
522,https://sbidr.com,https://sbidr.com,PS-02_AIGR-S66270_NCIIPC_24_02_2026.xlsx,State Bank of India (SBI),sbi.co.in,0.9067,True,True,True,False,0,0,0,0,0,False,lexical_hit,False,False,False,0,0,sbidr.com,,0,True,lexical_hit,True,True,True,resolved,accepted,fetched,available,,,https://sbidr.com/,,,Low,48.5714,False,False,True,strict_lexical_below_holdout_threshold,strict_lexical_below_holdout_threshold,,strict_lexical_below_holdout_threshold,hashing_shortlist
523,rupamsonline.com,https://rupamsonline.com,PS-02_AIGR-S66270_NCIIPC_24_02_2026.xlsx,Computer Age Management Services Ltd. (CAMS),camsonline.com,0.8833,True,True,True,False,0,0,0,0,0,False,lexical_hit,False,False,False,0,0,rupamsonline.com,,0,True,lexical_hit,True,True,True,resolved,accepted,fetched,available,,,https://rupamsonline.com/,,,Low,60.2273,True,True,False,,score_threshold,,,
524,compraonline.shop,https://compraonline.shop,PS-02_AIGR-S66270_NCIIPC_24_02_2026.xlsx,Computer Age Management Services Ltd. (CAMS),camsonline.com,0.8617,True,True,True,False,0,0,0,0,0,False,lexical_hit,False,False,False,0,0,compraonline.shop,,0,True,lexical_hit,True,True,True,resolved,accepted,fetched,available,,,https://compraonline.shop/,,,Low,44.569,False,False,True,strict_lexical_below_holdout_threshold,strict_lexical_below_holdout_threshold,,strict_lexical_below_holdout_threshold,hashing_shortlist
525,cloudbeet.com,https://cloudbeet.com,PS-02_AIGR-S66270_NCIIPC_24_02_2026.xlsx,National Informatics Centre (NIC),cloud.gov.in,0.9111,False,False,False,True,0,0,0,0,0,False,stage1_fetch_failed,False,False,False,0,0,,,0,True,route_to_dns_after_stage1_failure,True,True,True,resolved,accepted,timeout,not_attempted,navigation_timeout,"Page.goto: Timeout 15000ms exceeded. | Call log: - navigating to ""https://cloudbeet.com/"", waiting until ""domcontentloaded""",,,,Low,0.0,False,False,False,,,fetch_timeout_or_fetch_failed,fetch_timeout_or_fetch_failed,hashing_shortlist
526,aipins.online,https://aipins.online,PS-02_AIGR-S66270_NCIIPC_24_02_2026.xlsx,All India Institute of Medical Sciences (AIIMS),aiims.edu,0.8578,True,True,True,False,0,0,0,0,0,False,lexical_hit,False,False,False,0,0,aipins.online,,0,True,lexical_hit,True,True,True,resolved,accepted,timeout,not_attempted,navigation_timeout,"Page.goto: Timeout 15000ms exceeded. | Call log: - navigating to ""https://aipins.online/"", waiting until ""domcontentloaded""",,,,Low,0.0,False,False,False,,,fetch_timeout_or_fetch_failed,fetch_timeout_or_fetch_failed,hashing_shortlist
527,5baiin.makeup,https://5baiin.makeup,PS-02_AIGR-S66270_NCIIPC_24_02_2026.xlsx,State Bank of India (SBI),sbi.co.in,0.8667,True,True,True,False,0,0,0,0,0,False,lexical_hit,False,False,False,0,0,5baiin.makeup,,0,True,lexical_hit,True,False,False,no_records,rejected,,not_attempted,,,,,,,0.0,False,False,False,,,dns_rejected,dns_rejected,dns_gate
529,kuidavida.com,https://kuidavida.com,PS-02_AIGR-S66270_NCIIPC_24_02_2026.xlsx,"Unique Identification Authority of India (UIDAI)
",uidai.gov.in,0.8519,True,True,True,False,0,0,0,0,0,False,lexical_hit,False,False,False,0,0,kuidavida.com,,0,True,lexical_hit,True,False,False,no_records,rejected,,not_attempted,,,,,,,0.0,False,False,False,,,dns_rejected,dns_rejected,dns_gate
530,homeplusra.shop,https://homeplusra.shop,PS-02_AIGR-S66270_NCIIPC_24_02_2026.xlsx,State Bank of India (SBI),homeloans.sbi,0.867,True,True,True,False,0,0,0,0,0,False,lexical_hit,False,False,False,0,0,homeplusra.shop,,0,True,lexical_hit,True,True,True,resolved,accepted,fetched,available,,,https://homeplusra.shop/,,,Low,37.1565,False,False,True,strict_lexical_below_holdout_threshold,strict_lexical_below_holdout_threshold,,strict_lexical_below_holdout_threshold,hashing_shortlist
531,https://homesteadlaundry.com,https://homesteadlaundry.com,PS-02_AIGR-S66270_NCIIPC_24_02_2026.xlsx,State Bank of India (SBI),homeloans.sbi,0.8528,True,True,True,False,0,0,0,0,0,False,lexical_hit,False,False,False,0,0,homesteadlaundry.com,,0,True,lexical_hit,True,True,True,resolved,accepted,fetched,available,,,https://homesteadlaundry.com/,,,Low,45.6845,False,False,True,strict_lexical_below_holdout_threshold,strict_lexical_below_holdout_threshold,,strict_lexical_below_holdout_threshold,hashing_shortlist
532,http://airtowater.asia,http://airtowater.asia,PS-02_AIGR-S66270_NCIIPC_24_02_2026.xlsx,Airtel,airtel.in,0.8667,True,True,True,False,0,0,0,0,0,False,lexical_hit,False,False,False,0,0,airtowater.asia,,0,True,lexical_hit,True,True,True,resolved,accepted,failed,not_attempted,navigation_transient_browser_error,Page.content: Unable to retrieve content because the page is navigating and changing the content.,,,,Low,0.0,False,False,False,,,fetch_timeout_or_fetch_failed,fetch_timeout_or_fetch_failed,hashing_shortlist
534,onlineapks.pk,https://onlineapks.pk,PS-02_AIGR-S66270_NCIIPC_24_02_2026.xlsx,State Bank of India (SBI),corp.onlinesbi.sbi,0.8956,True,True,True,False,0,0,0,0,0,False,lexical_hit,False,False,False,0,0,onlineapks.pk,,0,True,lexical_hit,True,True,True,resolved,accepted,fetched,available,,,https://onlineapks.pk/,,,Low,47.9762,False,False,True,strict_lexical_below_holdout_threshold,strict_lexical_below_holdout_threshold,,strict_lexical_below_holdout_threshold,hashing_shortlist
536,https://homesbalance.store,https://homesbalance.store,PS-02_AIGR-S66270_NCIIPC_24_02_2026.xlsx,State Bank of India (SBI),homeloans.sbi,0.8861,True,True,True,False,0,0,0,0,0,False,lexical_hit,False,False,False,0,0,homesbalance.store,,0,True,lexical_hit,True,True,True,resolved,accepted,fetched,available,,,https://homesbalance.store/,,,Low,47.4702,False,False,True,strict_lexical_below_holdout_threshold,strict_lexical_below_holdout_threshold,,strict_lexical_below_holdout_threshold,hashing_shortlist
537,v7s5.vip,https://v7s5.vip,PS-02_AIGR-S66270_NCIIPC_24_02_2026.xlsx,Indian Space Research Organisation (ISRO),vssc.gov.in,0.85,True,True,True,False,0,0,0,0,0,False,lexical_hit,False,False,False,0,0,v7s5.vip,,0,True,lexical_hit,True,True,True,resolved,accepted,fetched,available,,,https://v7s5.vip/,,,Low,57.9545,False,False,True,strict_lexical_below_holdout_threshold,strict_lexical_below_holdout_threshold,,strict_lexical_below_holdout_threshold,hashing_shortlist
538,jwaion.us,https://jwaion.us,PS-02_AIGR-S66270_NCIIPC_24_02_2026.xlsx,Jio,jio.com,0.85,True,True,True,False,0,0,0,0,0,False,lexical_hit,False,False,False,0,0,jwaion.us,,0,True,lexical_hit,True,True,True,resolved,accepted,fetched,available,,,https://aion.xyz/,,,Low,43.9655,False,False,True,strict_lexical_below_holdout_threshold,strict_lexical_below_holdout_threshold,,strict_lexical_below_holdout_threshold,hashing_shortlist
540,https://canadacables.com,https://canadacables.com,PS-02_AIGR-S66270_NCIIPC_24_02_2026.xlsx,Canara Bank,canarahsbclife.com,0.8695,True,True,True,False,0,0,0,0,0,False,lexical_hit,False,False,False,0,0,canadacables.com,,0,True,lexical_hit,True,True,True,resolved,accepted,fetched,available,,,https://canadacables.com/,,,Low,46.5816,False,False,True,strict_lexical_below_holdout_threshold,strict_lexical_below_holdout_threshold,,strict_lexical_below_holdout_threshold,hashing_shortlist
543,netpad.app,https://netpad.app,PS-02_AIGR-S66270_NCIIPC_24_02_2026.xlsx,Punjab National Bank (PNB),netpnb.com,0.8667,True,True,True,False,0,0,0,0,0,False,lexical_hit,False,False,False,0,0,netpad.app,,0,True,lexical_hit,True,True,True,resolved,accepted,parked,not_attempted,,,https://domains.atom.com/lpd/name/NetPad.app,Squadhelp/Atom,provider_branded_parking_template,Low,0.0,False,False,False,,,parking_or_placeholder_excluded,parking_or_placeholder_excluded,hashing_shortlist
544,http://onlineastrotv.live,http://onlineastrotv.live,PS-02_AIGR-S66270_NCIIPC_24_02_2026.xlsx,State Bank of India (SBI),corp.onlinesbi.sbi,0.8632,True,True,True,False,0,0,0,0,0,False,lexical_hit,False,False,False,0,0,onlineastrotv.live,,0,True,lexical_hit,True,True,True,resolved,accepted,failed,not_attempted,navigation_transient_browser_error,Page.content: Unable to retrieve content because the page is navigating and changing the content.,,,,Low,0.0,False,False,False,,,fetch_timeout_or_fetch_failed,fetch_timeout_or_fetch_failed,hashing_shortlist
545,srbija.casino,https://srbija.casino,PS-02_AIGR-S66270_NCIIPC_24_02_2026.xlsx,State Bank of India (SBI),sbi.co.in,0.85,True,True,True,False,0,0,0,0,0,False,lexical_hit,False,False,False,0,0,srbija.casino,,0,True,lexical_hit,True,True,True,resolved,accepted,timeout,not_attempted,navigation_timeout,"Page.goto: Timeout 15000ms exceeded. | Call log: - navigating to ""https://srbija.casino/"", waiting until ""domcontentloaded""",,,,Low,0.0,False,False,False,,,fetch_timeout_or_fetch_failed,fetch_timeout_or_fetch_failed,hashing_shortlist
549,netpayinc.com,https://netpayinc.com,PS-02_AIGR-S66270_NCIIPC_24_02_2026.xlsx,Punjab National Bank (PNB),netpnb.com,0.8778,True,True,True,False,0,0,0,0,0,False,lexical_hit,False,False,False,0,0,netpayinc.com,,0,True,lexical_hit,True,True,True,resolved,accepted,failed,not_attempted,navigation_transient_browser_error,Page.content: Unable to retrieve content because the page is navigating and changing the content.,,,,Low,0.0,False,False,False,,,fetch_timeout_or_fetch_failed,fetch_timeout_or_fetch_failed,hashing_shortlist
556,parash.org,https://parash.org,PS-02_AIGR-S66270_NCIIPC_24_02_2026.xlsx,parivahan sewa,parivahan.gov.in,0.8574,True,True,True,False,0,0,0,0,0,False,lexical_hit,False,False,False,0,0,parash.org,,0,True,lexical_hit,True,False,False,dns_error,rejected,,not_attempted,,,,,,,0.0,False,False,False,,,dns_rejected,dns_rejected,dns_gate
558,appsonline.my.id,https://appsonline.my.id,PS-02_AIGR-S66270_NCIIPC_24_02_2026.xlsx,Computer Age Management Services Ltd. (CAMS),camsonline.com,0.8667,True,True,True,False,0,0,0,0,0,False,lexical_hit,False,False,False,0,0,appsonline.my.id,,0,True,lexical_hit,True,True,True,resolved,accepted,fetched,available,,,https://appsonline.my.id/,,,Low,59.0909,True,True,False,,score_threshold,,,
560,bankia.finance,https://bankia.finance,PS-02_AIGR-S66270_NCIIPC_24_02_2026.xlsx,Bank of Baroda,bankofbaroda.bank.in,0.85,True,True,True,False,0,0,0,0,0,False,lexical_hit,False,False,False,0,0,bankia.finance,,0,True,lexical_hit,True,True,True,resolved,accepted,fetched,available,,,https://bankia.finance/,,,Low,36.4286,False,False,True,strict_lexical_below_holdout_threshold,strict_lexical_below_holdout_threshold,,strict_lexical_below_holdout_threshold,hashing_shortlist
562,homeclaw.xyz,https://homeclaw.xyz,PS-02_AIGR-S66270_NCIIPC_24_02_2026.xlsx,State Bank of India (SBI),homeloans.sbi,0.8833,True,True,True,False,0,0,0,0,0,False,lexical_hit,False,False,False,0,0,homeclaw.xyz,,0,True,lexical_hit,True,False,False,no_records,rejected,,not_attempted,,,,,,,0.0,False,False,False,,,dns_rejected,dns_rejected,dns_gate
564,aire.black,https://aire.black,PS-02_AIGR-S66270_NCIIPC_24_02_2026.xlsx,Airtel,airtel.in,0.9222,True,True,True,False,0,0,0,0,0,False,lexical_hit,False,False,False,0,0,aire.black,,0,True,lexical_hit,True,True,True,resolved,accepted,failed,not_attempted,ssl_error,"Page.goto: net::ERR_SSL_VERSION_OR_CIPHER_MISMATCH at https://aire.black/ | Call log: - navigating to ""https://aire.black/"", waiting until ""domcontentloaded""",,,,Low,0.0,False,False,False,,,fetch_timeout_or_fetch_failed,fetch_timeout_or_fetch_failed,hashing_shortlist
566,onlinestore.ink,https://onlinestore.ink,PS-02_AIGR-S66270_NCIIPC_24_02_2026.xlsx,State Bank of India (SBI),corp.onlinesbi.sbi,0.8828,True,True,True,False,0,0,0,0,0,False,lexical_hit,False,False,False,0,0,onlinestore.ink,,0,True,lexical_hit,True,False,False,no_records,rejected,,not_attempted,,,,,,,0.0,False,False,False,,,dns_rejected,dns_rejected,dns_gate
568,homesolar.pl,https://homesolar.pl,PS-02_AIGR-S66270_NCIIPC_24_02_2026.xlsx,State Bank of India (SBI),homeloans.sbi,0.8825,True,True,True,False,0,0,0,0,0,False,lexical_hit,False,False,False,0,0,homesolar.pl,,0,True,lexical_hit,True,False,False,no_records,rejected,,not_attempted,,,,,,,0.0,False,False,False,,,dns_rejected,dns_rejected,dns_gate
569,onlinecsalas.online,https://onlinecsalas.online,PS-02_AIGR-S66270_NCIIPC_24_02_2026.xlsx,State Bank of India (SBI),corp.onlinesbi.sbi,0.8722,True,True,True,False,0,0,0,0,0,False,lexical_hit,False,False,False,0,0,onlinecsalas.online,,0,True,lexical_hit,True,True,True,resolved,accepted,failed,not_attempted,navigation_error,"Page.goto: net::ERR_CONNECTION_REFUSED at https://onlinecsalas.online/ | Call log: - navigating to ""https://onlinecsalas.online/"", waiting until ""domcontentloaded""",,,,Low,0.0,False,False,False,,,fetch_timeout_or_fetch_failed,fetch_timeout_or_fetch_failed,hashing_shortlist
574,axissystems.io,https://axissystems.io,PS-02_AIGR-S66270_NCIIPC_24_02_2026.xlsx,Axis Bank,axis.bank.in,0.8727,True,True,True,False,0,0,0,0,0,False,lexical_hit,False,False,False,0,0,axissystems.io,,0,True,lexical_hit,True,True,True,resolved,accepted,fetched,available,,,https://www.axissystems.io/,,,Low,37.4026,False,False,True,strict_lexical_below_holdout_threshold,strict_lexical_below_holdout_threshold,,strict_lexical_below_holdout_threshold,hashing_shortlist
576,onlineserverr2.top,https://onlineserverr2.top,PS-02_AIGR-S66270_NCIIPC_24_02_2026.xlsx,State Bank of India (SBI),corp.onlinesbi.sbi,0.8556,True,True,True,False,0,0,0,0,0,False,lexical_hit,False,False,False,0,0,onlineserverr2.top,,0,True,lexical_hit,True,False,False,no_records,rejected,,not_attempted,,,,,,,0.0,False,False,False,,,dns_rejected,dns_rejected,dns_gate
578,aibre.ai,https://aibre.ai,PS-02_AIGR-S66270_NCIIPC_24_02_2026.xlsx,Airtel,airtel.in,0.8578,True,True,True,False,0,0,0,0,0,False,lexical_hit,False,False,False,0,0,aibre.ai,,0,True,lexical_hit,True,True,True,resolved,accepted,fetched,available,,,https://aibre.ai/,,,Low,45.9524,False,False,True,strict_lexical_below_holdout_threshold,strict_lexical_below_holdout_threshold,,strict_lexical_below_holdout_threshold,hashing_shortlist
581,canary.onl,https://canary.onl,PS-02_AIGR-S66270_NCIIPC_24_02_2026.xlsx,Canara Bank,canarabank.bank.in,0.8667,True,True,True,False,0,0,0,0,0,False,lexical_hit,False,False,False,0,0,canary.onl,,0,True,lexical_hit,True,True,True,resolved,accepted,fetched,available,,,https://canary.onl/,,,Low,46.4286,False,False,True,strict_lexical_below_holdout_threshold,strict_lexical_below_holdout_threshold,,strict_lexical_below_holdout_threshold,hashing_shortlist
582,onlinestore.solar,https://onlinestore.solar,PS-02_AIGR-S66270_NCIIPC_24_02_2026.xlsx,State Bank of India (SBI),corp.onlinesbi.sbi,0.8828,True,True,True,False,0,0,0,0,0,False,lexical_hit,False,False,False,0,0,onlinestore.solar,,0,True,lexical_hit,True,True,True,resolved,accepted,timeout,not_attempted,navigation_timeout,"Page.goto: Timeout 15000ms exceeded. | Call log: - navigating to ""https://onlinestore.solar/"", waiting until ""domcontentloaded""",,,,Low,0.0,False,False,False,,,fetch_timeout_or_fetch_failed,fetch_timeout_or_fetch_failed,hashing_shortlist
583,homegrown.live,https://homegrown.live,PS-02_AIGR-S66270_NCIIPC_24_02_2026.xlsx,State Bank of India (SBI),homeloans.sbi,0.8667,True,True,True,False,0,0,0,0,0,False,lexical_hit,False,False,False,0,0,homegrown.live,,0,True,lexical_hit,True,True,True,resolved,accepted,fetched,available,,,https://homegrown.live/,,,Low,46.4286,False,False,True,strict_lexical_below_holdout_threshold,strict_lexical_below_holdout_threshold,,strict_lexical_below_holdout_threshold,hashing_shortlist
584,onlinelove.net,https://onlinelove.net,PS-02_AIGR-S66270_NCIIPC_24_02_2026.xlsx,State Bank of India (SBI),corp.onlinesbi.sbi,0.8533,True,True,True,False,0,0,0,0,0,False,lexical_hit,False,False,False,0,0,onlinelove.net,,0,True,lexical_hit,True,True,True,resolved,accepted,failed,not_attempted,navigation_transient_browser_error,Page.content: Unable to retrieve content because the page is navigating and changing the content.,,,,Low,0.0,False,False,False,,,fetch_timeout_or_fetch_failed,fetch_timeout_or_fetch_failed,hashing_shortlist
585,https://homenfc.com,https://homenfc.com,PS-02_AIGR-S66270_NCIIPC_24_02_2026.xlsx,State Bank of India (SBI),homeloans.sbi,0.854,True,True,True,False,0,0,0,0,0,False,lexical_hit,False,False,False,0,0,homenfc.com,,0,True,lexical_hit,True,True,True,resolved,accepted,failed,not_attempted,navigation_transient_browser_error,Page.content: Unable to retrieve content because the page is navigating and changing the content.,,,,Low,0.0,False,False,False,,,fetch_timeout_or_fetch_failed,fetch_timeout_or_fetch_failed,hashing_shortlist
587,ains.makeup,https://ains.makeup,PS-02_AIGR-S66270_NCIIPC_24_02_2026.xlsx,Axis Bank,axis.bank.in,0.85,True,True,True,False,0,0,0,0,0,False,lexical_hit,False,False,False,0,0,ains.makeup,,0,True,lexical_hit,True,True,True,resolved,accepted,timeout,not_attempted,navigation_timeout,"Page.goto: Timeout 15000ms exceeded. | Call log: - navigating to ""https://ains.makeup/"", waiting until ""domcontentloaded""",,,,Low,0.0,False,False,False,,,fetch_timeout_or_fetch_failed,fetch_timeout_or_fetch_failed,hashing_shortlist
592,vsscopny.com,https://vsscopny.com,PS-02_AIGR-S66270_NCIIPC_24_02_2026.xlsx,Indian Space Research Organisation (ISRO),vssc.gov.in,0.9,True,True,True,False,0,0,0,0,0,False,lexical_hit,False,False,False,0,0,vsscopny.com,,0,True,lexical_hit,True,True,True,resolved,accepted,fetched,available,,,https://2026-04-07.sqllq.com/en/?vsscopny.com#nolanguage,,,Low,48.2143,False,False,True,strict_lexical_below_holdout_threshold,strict_lexical_below_holdout_threshold,,strict_lexical_below_holdout_threshold,hashing_shortlist
593,hometoollab.shop,https://hometoollab.shop,PS-02_AIGR-S66270_NCIIPC_24_02_2026.xlsx,State Bank of India (SBI),homeloans.sbi,0.8543,True,True,True,False,0,0,0,0,0,False,lexical_hit,False,False,False,0,0,hometoollab.shop,,0,True,lexical_hit,True,True,True,resolved,accepted,timeout,not_attempted,navigation_timeout,"Page.goto: Timeout 15000ms exceeded. | Call log: - navigating to ""https://hometoollab.shop/"", waiting until ""domcontentloaded""",,,,Low,0.0,False,False,False,,,fetch_timeout_or_fetch_failed,fetch_timeout_or_fetch_failed,hashing_shortlist
594,umbilife.xyz,https://umbilife.xyz,PS-02_AIGR-S66270_NCIIPC_24_02_2026.xlsx,State Bank of India (SBI),sbilife.co.in,0.869,True,True,True,False,0,0,0,0,0,False,lexical_hit,False,False,False,0,0,umbilife.xyz,,0,True,lexical_hit,True,True,True,resolved,accepted,fetched,available,,,https://www.finestdomainer.com/name/UmbiLife.xyz,,,Low,46.5561,False,False,True,strict_lexical_below_holdout_threshold,strict_lexical_below_holdout_threshold,,strict_lexical_below_holdout_threshold,hashing_shortlist
595,onlinecrfship.cfd,https://onlinecrfship.cfd,PS-02_AIGR-S66270_NCIIPC_24_02_2026.xlsx,State Bank of India (SBI),corp.onlinesbi.sbi,0.9009,True,True,True,False,0,0,0,0,0,False,lexical_hit,False,False,False,0,0,onlinecrfship.cfd,,0,True,lexical_hit,True,True,True,resolved,accepted,failed,not_attempted,navigation_error,"Page.goto: net::ERR_CONNECTION_REFUSED at https://onlinecrfship.cfd/ | Call log: - navigating to ""https://onlinecrfship.cfd/"", waiting until ""domcontentloaded""",,,,Low,0.0,False,False,False,,,fetch_timeout_or_fetch_failed,fetch_timeout_or_fetch_failed,hashing_shortlist
596,https://i2ol.world,https://i2ol.world,PS-02_AIGR-S66270_NCIIPC_24_02_2026.xlsx,Indian Oil Corporation Limited (IOCL),iocl.com,0.85,True,True,True,False,0,0,0,0,0,False,lexical_hit,False,False,False,0,0,i2ol.world,,0,True,lexical_hit,True,True,True,resolved,accepted,failed,not_attempted,navigation_transient_browser_error,Page.content: Unable to retrieve content because the page is navigating and changing the content.,,,,Low,0.0,False,False,False,,,fetch_timeout_or_fetch_failed,fetch_timeout_or_fetch_failed,hashing_shortlist
597,myvilla.info,https://myvilla.info,PS-02_AIGR-S66270_NCIIPC_24_02_2026.xlsx,Vodafone Idea (VI),myvi.in,0.9143,True,True,True,False,0,0,0,0,0,False,lexical_hit,False,False,False,0,0,myvilla.info,,0,True,lexical_hit,True,True,True,resolved,accepted,fetched,available,,,https://myvilla.info/,,,Low,39.1837,False,False,True,strict_lexical_below_holdout_threshold,strict_lexical_below_holdout_threshold,,strict_lexical_below_holdout_threshold,hashing_shortlist
598,https://mgsonline.org,https://mgsonline.org,PS-02_AIGR-S66270_NCIIPC_24_02_2026.xlsx,Computer Age Management Services Ltd. (CAMS),camsonline.com,0.8963,True,True,True,False,0,0,0,0,0,False,lexical_hit,False,False,False,0,0,mgsonline.org,,0,True,lexical_hit,True,True,True,resolved,accepted,fetched,available,,,https://mgsonline.org/,,,Low,61.1111,True,True,False,,score_threshold,,,
601,https://online-melbet.xyz,https://online-melbet.xyz,PS-02_AIGR-S66270_NCIIPC_24_02_2026.xlsx,State Bank of India (SBI),corp.onlinesbi.sbi,0.8632,True,True,True,False,0,0,0,0,0,False,lexical_hit,False,False,False,0,0,online-melbet.xyz,,0,True,lexical_hit,True,True,True,resolved,accepted,fetched,available,,,https://online-melbet.xyz/,,,Low,46.2454,False,False,True,strict_lexical_below_holdout_threshold,strict_lexical_below_holdout_threshold,,strict_lexical_below_holdout_threshold,hashing_shortlist
602,https://vssmedicare.com,https://vssmedicare.com,PS-02_AIGR-S66270_NCIIPC_24_02_2026.xlsx,Indian Space Research Organisation (ISRO),vssc.gov.in,0.8515,True,True,True,False,0,0,0,0,0,False,lexical_hit,False,False,False,0,0,vssmedicare.com,,0,True,lexical_hit,True,True,True,resolved,accepted,fetched,available,,,https://vssmedicare.com/,,,Low,45.6169,False,False,True,strict_lexical_below_holdout_threshold,strict_lexical_below_holdout_threshold,,strict_lexical_below_holdout_threshold,hashing_shortlist
604,axisbuildersinc.com,https://axisbuildersinc.com,PS-02_AIGR-S66270_NCIIPC_24_02_2026.xlsx,Axis Bank,axis.bank.in,0.8533,True,True,True,False,0,0,0,0,0,False,lexical_hit,False,False,False,0,0,axisbuildersinc.com,,0,True,lexical_hit,True,True,True,resolved,accepted,failed,not_attempted,navigation_error,"Page.goto: net::ERR_CONNECTION_REFUSED at https://axisbuildersinc.com/ | Call log: - navigating to ""https://axisbuildersinc.com/"", waiting until ""domcontentloaded""",,,,Low,0.0,False,False,False,,,fetch_timeout_or_fetch_failed,fetch_timeout_or_fetch_failed,hashing_shortlist
605,aioncli.us,https://aioncli.us,PS-02_AIGR-S66270_NCIIPC_24_02_2026.xlsx,Indian Oil Corporation Limited (IOCL),iocl.com,0.8571,True,True,True,False,0,0,0,0,0,False,lexical_hit,False,False,False,0,0,aioncli.us,,0,True,lexical_hit,True,True,True,resolved,accepted,fetched,available,,,https://aion.xyz/,,,Low,36.7347,False,False,True,strict_lexical_below_holdout_threshold,strict_lexical_below_holdout_threshold,,strict_lexical_below_holdout_threshold,hashing_shortlist
607,homelensais.com,https://homelensais.com,PS-02_AIGR-S66270_NCIIPC_24_02_2026.xlsx,State Bank of India (SBI),homeloans.sbi,0.8982,True,True,True,False,0,0,0,0,0,False,lexical_hit,False,False,False,0,0,homelensais.com,,0,True,lexical_hit,True,True,True,resolved,accepted,fetched,available,,,https://homelensais.com/,,,Low,48.1196,False,False,True,strict_lexical_below_holdout_threshold,strict_lexical_below_holdout_threshold,,strict_lexical_below_holdout_threshold,hashing_shortlist
609,axispointestates.com,https://axispointestates.com,PS-02_AIGR-S66270_NCIIPC_24_02_2026.xlsx,Axis Bank,axis.bank.in,0.85,True,True,True,False,0,0,0,0,0,False,lexical_hit,False,False,False,0,0,axispointestates.com,,0,True,lexical_hit,True,True,True,resolved,accepted,fetched,available,,,https://axispointestates.com/,,,Low,45.5357,False,False,True,strict_lexical_below_holdout_threshold,strict_lexical_below_holdout_threshold,,strict_lexical_below_holdout_threshold,hashing_shortlist
610,axiomreset.com,https://axiomreset.com,PS-02_AIGR-S66270_NCIIPC_24_02_2026.xlsx,Axis Bank,axis.bank.in,0.86,True,True,True,False,0,0,0,0,0,False,lexical_hit,False,False,False,0,0,axiomreset.com,,0,True,lexical_hit,True,True,True,resolved,accepted,fetched,available,,,https://axiomreset.com/,,,Low,46.0714,False,False,True,strict_lexical_below_holdout_threshold,strict_lexical_below_holdout_threshold,,strict_lexical_below_holdout_threshold,hashing_shortlist
611,onlinestreamtv.com,https://onlinestreamtv.com,PS-02_AIGR-S66270_NCIIPC_24_02_2026.xlsx,State Bank of India (SBI),corp.onlinesbi.sbi,0.8556,True,True,True,False,0,0,0,0,0,False,lexical_hit,False,False,False,0,0,onlinestreamtv.com,,0,True,lexical_hit,True,True,True,resolved,accepted,fetched,available,,,https://onlinestreamtv.com/,,,Low,45.8333,False,False,True,strict_lexical_below_holdout_threshold,strict_lexical_below_holdout_threshold,,strict_lexical_below_holdout_threshold,hashing_shortlist
612,https://homeplate.law,https://homeplate.law,PS-02_AIGR-S66270_NCIIPC_24_02_2026.xlsx,State Bank of India (SBI),homeloans.sbi,0.8667,True,True,True,False,0,0,0,0,0,False,lexical_hit,False,False,False,0,0,homeplate.law,,0,True,lexical_hit,True,True,True,resolved,accepted,failed,not_attempted,navigation_transient_browser_error,Page.content: Unable to retrieve content because the page is navigating and changing the content.,,,,Low,0.0,False,False,False,,,fetch_timeout_or_fetch_failed,fetch_timeout_or_fetch_failed,hashing_shortlist
614,netpi.ru,https://netpi.ru,PS-02_AIGR-S66270_NCIIPC_24_02_2026.xlsx,Punjab National Bank (PNB),netpnb.com,0.8933,True,True,True,False,0,0,0,0,0,False,lexical_hit,False,False,False,0,0,netpi.ru,,0,True,lexical_hit,True,False,False,no_records,rejected,,not_attempted,,,,,,,0.0,False,False,False,,,dns_rejected,dns_rejected,dns_gate
615,myvirtualtours.org,https://myvirtualtours.org,PS-02_AIGR-S66270_NCIIPC_24_02_2026.xlsx,Vodafone Idea (VI),myvi.in,0.8571,True,True,True,False,0,0,0,0,0,False,lexical_hit,False,False,False,0,0,myvirtualtours.org,,0,True,lexical_hit,True,False,False,no_records,rejected,,not_attempted,,,,,,,0.0,False,False,False,,,dns_rejected,dns_rejected,dns_gate
616,https://ecimai.com,https://ecimai.com,PS-02_AIGR-S66270_NCIIPC_24_02_2026.xlsx,Election Commision of India (ECI),eci.gov.in,0.8833,True,True,True,False,0,0,0,0,0,False,lexical_hit,False,False,False,0,0,ecimai.com,,0,True,lexical_hit,True,True,True,resolved,accepted,fetched,available,,,https://ecimai.com/,,,Low,60.2273,True,True,False,,score_threshold,,,
617,https://myvinera.com,https://myvinera.com,PS-02_AIGR-S66270_NCIIPC_24_02_2026.xlsx,Vodafone Idea (VI),myvi.in,0.9,True,True,True,False,0,0,0,0,0,False,lexical_hit,False,False,False,0,0,myvinera.com,,0,True,lexical_hit,True,True,True,resolved,accepted,failed,not_attempted,navigation_transient_browser_error,Page.content: Unable to retrieve content because the page is navigating and changing the content.,,,,Low,0.0,False,False,False,,,fetch_timeout_or_fetch_failed,fetch_timeout_or_fetch_failed,hashing_shortlist
618,bksindia.com,https://bksindia.com,PS-02_AIGR-S66270_NCIIPC_24_02_2026.xlsx,BSE Ltd.,bseindia.com,0.925,True,True,True,False,0,0,0,0,0,False,lexical_hit,False,False,False,0,0,bksindia.com,,0,True,lexical_hit,True,True,True,resolved,accepted,failed,not_attempted,navigation_transient_browser_error,Page.content: Unable to retrieve content because the page is navigating and changing the content.,,,,Low,0.0,False,False,False,,,fetch_timeout_or_fetch_failed,fetch_timeout_or_fetch_failed,hashing_shortlist
622,payfintech.com.br,https://payfintech.com.br,PS-02_AIGR-S66270_NCIIPC_24_02_2026.xlsx,Kfintech,kfintech.com,0.8583,True,True,True,False,0,0,0,0,0,False,lexical_hit,False,False,False,0,0,payfintech.com.br,,0,True,lexical_hit,True,False,False,dns_error,rejected,,not_attempted,,,,,,,0.0,False,False,False,,,dns_rejected,dns_rejected,dns_gate
623,banksa.mobile,https://banksa.mobile,PS-02_AIGR-S66270_NCIIPC_24_02_2026.xlsx,Bank of Baroda,bankofbaroda.bank.in,0.85,True,True,True,False,0,0,0,0,0,False,lexical_hit,False,False,False,0,0,banksa.mobile,,0,True,lexical_hit,True,False,False,no_records,rejected,,not_attempted,,,,,,,0.0,False,False,False,,,dns_rejected,dns_rejected,dns_gate
626,homeagentlabs.com,https://homeagentlabs.com,PS-02_AIGR-S66270_NCIIPC_24_02_2026.xlsx,State Bank of India (SBI),homeloans.sbi,0.8759,True,True,True,False,0,0,0,0,0,False,lexical_hit,False,False,False,0,0,homeagentlabs.com,,0,True,lexical_hit,True,False,False,no_records,rejected,,not_attempted,,,,,,,0.0,False,False,False,,,dns_rejected,dns_rejected,dns_gate
627,aibd.makeup,https://aibd.makeup,PS-02_AIGR-S66270_NCIIPC_24_02_2026.xlsx,National Health Authority (NHA),abdm.gov.in,0.85,True,True,True,False,0,0,0,0,0,False,lexical_hit,False,False,False,0,0,aibd.makeup,,0,True,lexical_hit,True,True,True,resolved,accepted,timeout,not_attempted,navigation_timeout,"Page.goto: Timeout 15000ms exceeded. | Call log: - navigating to ""https://aibd.makeup/"", waiting until ""domcontentloaded""",,,,Low,0.0,False,False,False,,,fetch_timeout_or_fetch_failed,fetch_timeout_or_fetch_failed,hashing_shortlist
628,https://artuvel.com,https://artuvel.com,PS-02_AIGR-S66270_NCIIPC_24_02_2026.xlsx,Airtel,airtel.in,0.8643,True,True,True,False,0,0,0,0,0,False,lexical_hit,False,False,False,0,0,artuvel.com,,0,True,lexical_hit,True,True,True,resolved,accepted,fetched,available,,,https://artuvel.com/,,,Low,46.301,False,False,True,strict_lexical_below_holdout_threshold,strict_lexical_below_holdout_threshold,,strict_lexical_below_holdout_threshold,hashing_shortlist
629,nrstack.online,https://nrstack.online,PS-02_AIGR-S66270_NCIIPC_24_02_2026.xlsx,National Health Authority (NHA),nha.gov.in,0.6508,False,False,False,True,0,0,0,0,0,False,stage1_fetch_failed,False,False,False,0,0,,,0,True,route_to_dns_after_stage1_failure,True,True,True,resolved,accepted,timeout,not_attempted,navigation_timeout,TimeoutError,,,,Low,0.0,False,False,False,,,fetch_timeout_or_fetch_failed,fetch_timeout_or_fetch_failed,hashing_shortlist
630,homeoasisjax.com,https://homeoasisjax.com,PS-02_AIGR-S66270_NCIIPC_24_02_2026.xlsx,State Bank of India (SBI),homeloans.sbi,0.8722,True,True,True,False,0,0,0,0,0,False,lexical_hit,False,False,False,0,0,homeoasisjax.com,,0,True,lexical_hit,True,True,True,resolved,accepted,fetched,available,,,https://homeoasisjax.com/,,,Low,46.7262,False,False,True,strict_lexical_below_holdout_threshold,strict_lexical_below_holdout_threshold,,strict_lexical_below_holdout_threshold,hashing_shortlist
632,mkfintechlabs.com,https://mkfintechlabs.com,PS-02_AIGR-S66270_NCIIPC_24_02_2026.xlsx,Kfintech,kfintech.com,0.8718,True,True,True,False,0,0,0,0,0,False,lexical_hit,False,False,False,0,0,mkfintechlabs.com,,0,True,lexical_hit,True,True,True,resolved,accepted,failed,not_attempted,navigation_transient_browser_error,Page.content: Unable to retrieve content because the page is navigating and changing the content.,,,,Low,0.0,False,False,False,,,fetch_timeout_or_fetch_failed,fetch_timeout_or_fetch_failed,hashing_shortlist
633,ai-jim.com,https://ai-jim.com,PS-02_AIGR-S66270_NCIIPC_24_02_2026.xlsx,All India Institute of Medical Sciences (AIIMS),aiims.edu,0.8578,True,True,True,False,0,0,0,0,0,False,lexical_hit,False,False,False,0,0,ai-jim.com,,0,True,lexical_hit,True,True,True,resolved,accepted,failed,not_attempted,ssl_error,"Page.goto: net::ERR_SSL_PROTOCOL_ERROR at https://ai-jim.com/ | Call log: - navigating to ""https://ai-jim.com/"", waiting until ""domcontentloaded""",,,,Low,0.0,False,False,False,,,fetch_timeout_or_fetch_failed,fetch_timeout_or_fetch_failed,hashing_shortlist
634,kuhni.net.ru,https://kuhni.net.ru,PS-02_AIGR-S66270_NCIIPC_24_02_2026.xlsx,Airtel,airtel.in,0.5,True,True,True,False,0,0,0,0,0,False,lexical_hit,False,False,False,0,0,kuhni.net.ru,,0,True,lexical_hit,True,True,True,resolved,accepted,fetched,available,,,https://kuhni.net.ru/,,,Low,0.0,False,False,True,strict_lexical_below_holdout_threshold,strict_lexical_below_holdout_threshold,,strict_lexical_below_holdout_threshold,hashing_shortlist
636,bimft.com,https://bimft.com,PS-02_AIGR-S66270_NCIIPC_24_02_2026.xlsx,State Bank of India (SBI),sbimf.com,0.8667,True,True,True,False,0,0,0,0,0,False,lexical_hit,False,False,False,0,0,bimft.com,,0,True,lexical_hit,True,True,True,resolved,accepted,fetched,available,,,https://bimft.com/,,,Low,46.4286,False,False,True,strict_lexical_below_holdout_threshold,strict_lexical_below_holdout_threshold,,strict_lexical_below_holdout_threshold,hashing_shortlist
639,nehhar.com,https://nehhar.com,PS-02_AIGR-S66270_NCIIPC_24_02_2026.xlsx,National Health Authority (NHA),nha.gov.in,0.85,True,True,True,False,0,0,0,0,0,False,lexical_hit,False,False,False,0,0,nehhar.com,,0,True,lexical_hit,True,True,True,resolved,accepted,fetched,available,,,https://www.nehhar.com/,,,Low,36.4286,False,False,True,strict_lexical_below_holdout_threshold,strict_lexical_below_holdout_threshold,,strict_lexical_below_holdout_threshold,hashing_shortlist
640,aims.makeup,https://aims.makeup,PS-02_AIGR-S66270_NCIIPC_24_02_2026.xlsx,All India Institute of Medical Sciences (AIIMS),aiims.edu,0.9467,True,True,True,False,0,0,0,0,0,False,lexical_hit,False,False,False,0,0,aims.makeup,,0,True,lexical_hit,True,True,True,resolved,accepted,timeout,not_attempted,navigation_timeout,"Page.goto: Timeout 15000ms exceeded. | Call log: - navigating to ""https://aims.makeup/"", waiting until ""domcontentloaded""",,,,Low,0.0,False,False,False,,,fetch_timeout_or_fetch_failed,fetch_timeout_or_fetch_failed,hashing_shortlist
642,https://umbilife.com,https://umbilife.com,PS-02_AIGR-S66270_NCIIPC_24_02_2026.xlsx,State Bank of India (SBI),sbilife.co.in,0.869,True,True,True,False,0,0,0,0,0,False,lexical_hit,False,False,False,0,0,umbilife.com,,0,True,lexical_hit,True,True,True,resolved,accepted,failed,not_attempted,navigation_transient_browser_error,Page.content: Unable to retrieve content because the page is navigating and changing the content.,,,,Low,0.0,False,False,False,,,fetch_timeout_or_fetch_failed,fetch_timeout_or_fetch_failed,hashing_shortlist
643,i2ol.com,https://i2ol.com,PS-02_AIGR-S66270_NCIIPC_24_02_2026.xlsx,Indian Oil Corporation Limited (IOCL),iocl.com,0.85,True,True,True,False,0,0,0,0,0,False,lexical_hit,False,False,False,0,0,i2ol.com,,0,True,lexical_hit,True,True,True,resolved,accepted,fetched,available,,,https://i2ol.com/,,,Low,45.5357,False,False,True,strict_lexical_below_holdout_threshold,strict_lexical_below_holdout_threshold,,strict_lexical_below_holdout_threshold,hashing_shortlist
644,incoexni.com,https://incoexni.com,PS-02_AIGR-S66270_NCIIPC_24_02_2026.xlsx,Income Tax Department,incometaxindia.gov.in,0.8893,True,True,True,False,0,0,0,0,0,False,lexical_hit,False,False,False,0,0,incoexni.com,,0,True,lexical_hit,True,True,True,resolved,accepted,fetched,available,,,https://incoexni.com/,,,Low,47.6403,False,False,True,strict_lexical_below_holdout_threshold,strict_lexical_below_holdout_threshold,,strict_lexical_below_holdout_threshold,hashing_shortlist
647,rubiq.space,https://rubiq.space,PS-02_AIGR-S66270_NCIIPC_24_02_2026.xlsx,Reserve Bank of India (RBI),rbi.org.in,0.88,True,True,True,False,0,0,0,0,0,False,lexical_hit,False,False,False,0,0,rubiq.space,,0,True,lexical_hit,True,True,True,resolved,accepted,timeout,not_attempted,navigation_timeout,"Page.goto: Timeout 15000ms exceeded. | Call log: - navigating to ""https://rubiq.space/"", waiting until ""domcontentloaded""",,,,Low,0.0,False,False,False,,,fetch_timeout_or_fetch_failed,fetch_timeout_or_fetch_failed,hashing_shortlist
650,aireen.my.id,https://aireen.my.id,PS-02_AIGR-S66270_NCIIPC_24_02_2026.xlsx,Airtel,airtelpayments.bank.in,0.8667,True,True,True,False,0,0,0,0,0,False,lexical_hit,False,False,False,0,0,aireen.my.id,,0,True,lexical_hit,True,False,False,no_records,rejected,,not_attempted,,,,,,,0.0,False,False,False,,,dns_rejected,dns_rejected,dns_gate
651,ji0a690.asia,https://ji0a690.asia,PS-02_AIGR-S66270_NCIIPC_24_02_2026.xlsx,Jio,jio.com,0.8667,True,True,True,False,0,0,0,0,0,False,lexical_hit,False,False,False,0,0,ji0a690.asia,,0,True,lexical_hit,True,True,True,resolved,accepted,failed,not_attempted,navigation_error,"Page.goto: net::ERR_HTTP2_PROTOCOL_ERROR at https://ji0a690.asia/ | Call log: - navigating to ""https://ji0a690.asia/"", waiting until ""domcontentloaded""",,,,Low,0.0,False,False,False,,,fetch_timeout_or_fetch_failed,fetch_timeout_or_fetch_failed,hashing_shortlist
653,parianlabel.com,https://parianlabel.com,PS-02_AIGR-S66270_NCIIPC_24_02_2026.xlsx,parivahan sewa,parivahan.gov.in,0.8543,True,True,True,False,0,0,0,0,0,False,lexical_hit,False,False,False,0,0,parianlabel.com,,0,True,lexical_hit,True,False,False,timeout,rejected,,not_attempted,,,,,,,0.0,False,False,False,,,dns_rejected,dns_rejected,dns_gate
655,https://homedesklab.com,https://homedesklab.com,PS-02_AIGR-S66270_NCIIPC_24_02_2026.xlsx,State Bank of India (SBI),homeloans.sbi,0.8543,True,True,True,False,0,0,0,0,0,False,lexical_hit,False,False,False,0,0,homedesklab.com,,0,True,lexical_hit,True,True,True,resolved,accepted,fetched,available,,,https://homedesklab.com/,,,Low,36.611,False,False,True,strict_lexical_below_holdout_threshold,strict_lexical_below_holdout_threshold,,strict_lexical_below_holdout_threshold,hashing_shortlist
656,https://homerow.email,https://homerow.email,PS-02_AIGR-S66270_NCIIPC_24_02_2026.xlsx,State Bank of India (SBI),homeloans.sbi,0.854,True,True,True,False,0,0,0,0,0,False,lexical_hit,False,False,False,0,0,homerow.email,,0,True,lexical_hit,True,True,True,resolved,accepted,fetched,available,,,https://homerow.email/,,,Low,36.5986,False,False,True,strict_lexical_below_holdout_threshold,strict_lexical_below_holdout_threshold,,strict_lexical_below_holdout_threshold,hashing_shortlist
657,http://camon.store,http://camon.store,PS-02_AIGR-S66270_NCIIPC_24_02_2026.xlsx,Computer Age Management Services Ltd. (CAMS),camsonline.com,0.8833,True,True,True,False,0,0,0,0,0,False,lexical_hit,False,False,False,0,0,camon.store,,0,True,lexical_hit,True,True,True,resolved,accepted,failed,not_attempted,navigation_transient_browser_error,Page.content: Unable to retrieve content because the page is navigating and changing the content.,,,,Low,0.0,False,False,False,,,fetch_timeout_or_fetch_failed,fetch_timeout_or_fetch_failed,hashing_shortlist
658,http://canalsc.com,http://canalsc.com,PS-02_AIGR-S66270_NCIIPC_24_02_2026.xlsx,Canara Bank,canarahsbclife.com,0.8714,True,True,True,False,0,0,0,0,0,False,lexical_hit,False,False,False,0,0,canalsc.com,,0,True,lexical_hit,True,True,True,resolved,accepted,timeout,not_attempted,navigation_timeout,"Page.goto: Timeout 15000ms exceeded. | Call log: - navigating to ""http://canalsc.com/"", waiting until ""domcontentloaded""",,,,Low,0.0,False,False,False,,,fetch_timeout_or_fetch_failed,fetch_timeout_or_fetch_failed,hashing_shortlist
659,https://online-melbet.sbs,https://online-melbet.sbs,PS-02_AIGR-S66270_NCIIPC_24_02_2026.xlsx,State Bank of India (SBI),corp.onlinesbi.sbi,0.8632,True,True,True,False,0,0,0,0,0,False,lexical_hit,False,False,False,0,0,online-melbet.sbs,,0,True,lexical_hit,True,True,True,resolved,accepted,fetched,available,,,https://online-melbet.sbs/,,,Low,46.2454,False,False,True,strict_lexical_below_holdout_threshold,strict_lexical_below_holdout_threshold,,strict_lexical_below_holdout_threshold,hashing_shortlist
660,https://mycashonline.com,https://mycashonline.com,PS-02_AIGR-S66270_NCIIPC_24_02_2026.xlsx,Computer Age Management Services Ltd. (CAMS),camsonline.com,0.9111,True,True,True,False,0,0,0,0,0,False,lexical_hit,False,False,False,0,0,mycashonline.com,,0,True,lexical_hit,True,True,True,resolved,accepted,parked,not_attempted,,,https://mycashonline.com/,Dan,provider_branded_parking_template,Low,0.0,False,False,False,,,parking_or_placeholder_excluded,parking_or_placeholder_excluded,hashing_shortlist
661,http://bank.construction,http://bank.construction,PS-02_AIGR-S66270_NCIIPC_24_02_2026.xlsx,Air India,airindiaexpress.com,0.5444,True,True,True,False,0,0,0,0,0,False,lexical_hit,False,False,False,0,0,bank.construction,,0,True,lexical_hit,True,True,True,resolved,accepted,fetched,available,,,http://bank.construction/,,,Low,0.0,False,False,True,strict_lexical_below_holdout_threshold,strict_lexical_below_holdout_threshold,,strict_lexical_below_holdout_threshold,hashing_shortlist
665,http://hlfbank.com,http://hlfbank.com,PS-02_AIGR-S66270_NCIIPC_24_02_2026.xlsx,HDFC Bank,netbanking.hdfcbank.com,0.8821,True,True,True,False,0,0,0,0,0,False,lexical_hit,False,False,False,0,0,hlfbank.com,,0,True,lexical_hit,True,True,True,resolved,accepted,parked,not_attempted,,,https://www.hugedomains.com/domain_profile.cfm?d=hlfbank.com,HugeDomains,provider_host_redirect,Low,0.0,False,False,False,,,parking_or_placeholder_excluded,parking_or_placeholder_excluded,hashing_shortlist
666,efcoin.live,https://efcoin.live,PS-02_AIGR-S66270_NCIIPC_24_02_2026.xlsx,Election Commision of India (ECI),eci.gov.in,0.85,True,True,True,False,0,0,0,0,0,False,lexical_hit,False,False,False,0,0,efcoin.live,,0,True,lexical_hit,True,True,True,resolved,accepted,failed,not_attempted,navigation_transient_browser_error,Page.content: Unable to retrieve content because the page is navigating and changing the content.,,,,Low,0.0,False,False,False,,,fetch_timeout_or_fetch_failed,fetch_timeout_or_fetch_failed,hashing_shortlist
