run_id,emitted_at,label,stage_name,worker_id,metric_kind,counters_json,gauges_json,latency_json,resource_snapshot_json,details_json
run_20260413T113749Z,2026-04-13T11:38:12+00:00,shortlist,shortlist,,snapshot,{},{},{},"{""available_cpu"": 11.0, ""available_memory_gb"": 0.25, ""available_object_store_gb"": 0.13, ""cluster_cpu"": 12.0, ""cluster_memory_gb"": 0.25, ""cluster_object_store_gb"": 0.13, ""used_cpu"": 1.0}","{""controller"": {""action"": ""init"", ""available_cpu"": 0.0, ""checkpoint_pending_rows"": 0, ""completed"": 0, ""cpu_headroom_cores"": 6, ""cpu_utilization"": 0.0, ""enabled"": true, ""event_loop_lag_ms"": 0.0, ""hash_active_pages_cap"": 1, ""hash_live_active_pages"": 1, ""hash_pressure_ratio"": 0.0, ""healthy_streak"": 0, ""reason"": ""startup"", ""stage0_inflight_cap"": 1, ""stage0_live_inflight"": 1, ""stage1_fetch_limit_cap"": 1, ""stage1_live_fetch_limit"": 1, ""stage1_pressure_ratio"": 0.0, ""target_cpu_utilization"": 0.82, ""timeout_ratio"": 0.0}, ""hash"": {""aux_queue_depth"": 0, ""backlog"": 0, ""browser_actors"": 0, ""finalize_queue_depth"": 0, ""pending"": 0, ""render_queue_depth"": 0, ""render_trace_rows"": 0}, ""matches"": 0, ""stage0"": {""hits"": 0, ""misses"": 0, ""remaining"": 1715, ""skipped"": 0}, ""stage1"": {""backlog"": 0, ""enrich_actors"": 0, ""fetch_actors"": 0, ""pending"": 0, ""progress"": {""dns_gate_accepted"": 0, ""dns_gate_filtered"": 0, ""dns_hit_gate_accepted"": 0, ""dns_hit_gate_passthrough"": 0, ""escalated"": 0, ""failed"": 0, ""fallback_dns"": 0, ""fetched"": 0, ""head_only"": 0, ""timeout"": 0}}}"
run_20260413T113749Z,2026-04-13T11:38:17+00:00,shortlist,shortlist,,snapshot,{},{},{},"{""available_cpu"": 11.0, ""available_memory_gb"": 0.25, ""available_object_store_gb"": 0.13, ""cluster_cpu"": 12.0, ""cluster_memory_gb"": 0.25, ""cluster_object_store_gb"": 0.13, ""used_cpu"": 1.0}","{""controller"": {""action"": ""hold"", ""available_cpu"": 11.0, ""checkpoint_pending_rows"": 3, ""completed"": 0, ""cpu_headroom_cores"": 6, ""cpu_utilization"": 0.083, ""enabled"": true, ""event_loop_lag_ms"": 0.0, ""hash_active_pages_cap"": 1, ""hash_live_active_pages"": 1, ""hash_pressure_ratio"": 0.0, ""healthy_streak"": 0, ""reason"": ""healthy_window"", ""stage0_inflight_cap"": 1, ""stage0_live_inflight"": 1, ""stage1_fetch_limit_cap"": 1, ""stage1_live_fetch_limit"": 1, ""stage1_pressure_ratio"": 0.0, ""target_cpu_utilization"": 0.82, ""timeout_ratio"": 0.0}, ""hash"": {""aux_queue_depth"": 0, ""backlog"": 0, ""browser_actors"": 0, ""finalize_queue_depth"": 0, ""pending"": 0, ""render_queue_depth"": 0, ""render_trace_rows"": 0}, ""matches"": 0, ""stage0"": {""hits"": 0, ""misses"": 0, ""remaining"": 1715, ""skipped"": 0}, ""stage1"": {""backlog"": 0, ""enrich_actors"": 0, ""fetch_actors"": 0, ""pending"": 0, ""progress"": {""dns_gate_accepted"": 0, ""dns_gate_filtered"": 0, ""dns_hit_gate_accepted"": 0, ""dns_hit_gate_passthrough"": 0, ""escalated"": 0, ""failed"": 0, ""fallback_dns"": 0, ""fetched"": 0, ""head_only"": 0, ""timeout"": 0}}}"
run_20260413T113749Z,2026-04-13T11:38:27+00:00,shortlist,shortlist,,snapshot,{},{},{},"{""available_cpu"": 12.0, ""available_memory_gb"": 0.25, ""available_object_store_gb"": 0.13, ""cluster_cpu"": 12.0, ""cluster_memory_gb"": 0.25, ""cluster_object_store_gb"": 0.13, ""used_cpu"": 0.0}","{""controller"": {""action"": ""hold"", ""available_cpu"": 12.0, ""checkpoint_pending_rows"": 397, ""completed"": 16, ""cpu_headroom_cores"": 6, ""cpu_utilization"": 0.0, ""enabled"": true, ""event_loop_lag_ms"": 14.185, ""hash_active_pages_cap"": 1, ""hash_live_active_pages"": 1, ""hash_pressure_ratio"": 6.333, ""healthy_streak"": 0, ""reason"": ""steady"", ""stage0_inflight_cap"": 1, ""stage0_live_inflight"": 1, ""stage1_fetch_limit_cap"": 1, ""stage1_live_fetch_limit"": 1, ""stage1_pressure_ratio"": 0.0, ""target_cpu_utilization"": 0.82, ""timeout_ratio"": 0.0}, ""hash"": {""aux_queue_depth"": 0, ""backlog"": 19, ""browser_actors"": 0, ""finalize_queue_depth"": 0, ""pending"": 0, ""render_queue_depth"": 0, ""render_trace_rows"": 0}, ""matches"": 0, ""stage0"": {""hits"": 35, ""misses"": 29, ""remaining"": 1715, ""skipped"": 0}, ""stage1"": {""backlog"": 0, ""enrich_actors"": 0, ""fetch_actors"": 0, ""pending"": 0, ""progress"": {""dns_gate_accepted"": 0, ""dns_gate_filtered"": 0, ""dns_hit_gate_accepted"": 19, ""dns_hit_gate_passthrough"": 16, ""escalated"": 0, ""failed"": 0, ""fallback_dns"": 0, ""fetched"": 0, ""head_only"": 0, ""timeout"": 0}}}"
run_20260413T113749Z,2026-04-13T11:38:32+00:00,shortlist,shortlist,,snapshot,{},{},{},"{""available_cpu"": 11.25, ""available_memory_gb"": 0.25, ""available_object_store_gb"": 0.13, ""cluster_cpu"": 12.0, ""cluster_memory_gb"": 0.25, ""cluster_object_store_gb"": 0.13, ""used_cpu"": 0.75}","{""controller"": {""action"": ""hold"", ""available_cpu"": 11.25, ""checkpoint_pending_rows"": 521, ""completed"": 26, ""cpu_headroom_cores"": 6, ""cpu_utilization"": 0.062, ""enabled"": true, ""event_loop_lag_ms"": 16.811, ""hash_active_pages_cap"": 1, ""hash_live_active_pages"": 1, ""hash_pressure_ratio"": 6.0, ""healthy_streak"": 0, ""reason"": ""stage1_pressure"", ""stage0_inflight_cap"": 1, ""stage0_live_inflight"": 1, ""stage1_fetch_limit_cap"": 1, ""stage1_live_fetch_limit"": 1, ""stage1_pressure_ratio"": 3.0, ""target_cpu_utilization"": 0.82, ""timeout_ratio"": 0.0}, ""hash"": {""aux_queue_depth"": 0, ""backlog"": 18, ""browser_actors"": 1, ""finalize_queue_depth"": 0, ""pending"": 1, ""render_queue_depth"": 19, ""render_trace_rows"": 0}, ""matches"": 0, ""stage0"": {""hits"": 35, ""misses"": 29, ""remaining"": 1715, ""skipped"": 0}, ""stage1"": {""backlog"": 18, ""enrich_actors"": 0, ""fetch_actors"": 1, ""pending"": 1, ""progress"": {""dns_gate_accepted"": 19, ""dns_gate_filtered"": 10, ""dns_hit_gate_accepted"": 19, ""dns_hit_gate_passthrough"": 16, ""escalated"": 0, ""failed"": 0, ""fallback_dns"": 0, ""fetched"": 0, ""head_only"": 0, ""timeout"": 0}}}"
run_20260413T113749Z,2026-04-13T11:38:37+00:00,shortlist,shortlist,,snapshot,{},{},{},"{""available_cpu"": 11.25, ""available_memory_gb"": 0.25, ""available_object_store_gb"": 0.13, ""cluster_cpu"": 12.0, ""cluster_memory_gb"": 0.25, ""cluster_object_store_gb"": 0.13, ""used_cpu"": 0.75}","{""controller"": {""action"": ""hold"", ""available_cpu"": 11.25, ""checkpoint_pending_rows"": 0, ""completed"": 26, ""cpu_headroom_cores"": 6, ""cpu_utilization"": 0.062, ""enabled"": true, ""event_loop_lag_ms"": 18.139, ""hash_active_pages_cap"": 1, ""hash_live_active_pages"": 1, ""hash_pressure_ratio"": 6.0, ""healthy_streak"": 0, ""reason"": ""stage1_pressure"", ""stage0_inflight_cap"": 1, ""stage0_live_inflight"": 1, ""stage1_fetch_limit_cap"": 1, ""stage1_live_fetch_limit"": 1, ""stage1_pressure_ratio"": 3.0, ""target_cpu_utilization"": 0.82, ""timeout_ratio"": 0.0}, ""hash"": {""aux_queue_depth"": 0, ""backlog"": 18, ""browser_actors"": 1, ""finalize_queue_depth"": 0, ""pending"": 1, ""render_queue_depth"": 19, ""render_trace_rows"": 0}, ""matches"": 0, ""stage0"": {""hits"": 35, ""misses"": 29, ""remaining"": 1715, ""skipped"": 0}, ""stage1"": {""backlog"": 18, ""enrich_actors"": 0, ""fetch_actors"": 1, ""pending"": 1, ""progress"": {""dns_gate_accepted"": 19, ""dns_gate_filtered"": 10, ""dns_hit_gate_accepted"": 19, ""dns_hit_gate_passthrough"": 16, ""escalated"": 0, ""failed"": 0, ""fallback_dns"": 0, ""fetched"": 0, ""head_only"": 0, ""timeout"": 0}}}"
run_20260413T113749Z,2026-04-13T11:38:42+00:00,shortlist,shortlist,,snapshot,{},{},{},"{""available_cpu"": 11.25, ""available_memory_gb"": 0.25, ""available_object_store_gb"": 0.13, ""cluster_cpu"": 12.0, ""cluster_memory_gb"": 0.25, ""cluster_object_store_gb"": 0.13, ""used_cpu"": 0.75}","{""controller"": {""action"": ""hold"", ""available_cpu"": 11.25, ""checkpoint_pending_rows"": 8, ""completed"": 28, ""cpu_headroom_cores"": 6, ""cpu_utilization"": 0.062, ""enabled"": true, ""event_loop_lag_ms"": 8.693, ""hash_active_pages_cap"": 1, ""hash_live_active_pages"": 1, ""hash_pressure_ratio"": 6.0, ""healthy_streak"": 0, ""reason"": ""stage1_pressure"", ""stage0_inflight_cap"": 1, ""stage0_live_inflight"": 1, ""stage1_fetch_limit_cap"": 1, ""stage1_live_fetch_limit"": 1, ""stage1_pressure_ratio"": 2.667, ""target_cpu_utilization"": 0.82, ""timeout_ratio"": 0.0}, ""hash"": {""aux_queue_depth"": 0, ""backlog"": 18, ""browser_actors"": 1, ""finalize_queue_depth"": 0, ""pending"": 1, ""render_queue_depth"": 19, ""render_trace_rows"": 0}, ""matches"": 0, ""stage0"": {""hits"": 35, ""misses"": 29, ""remaining"": 1715, ""skipped"": 0}, ""stage1"": {""backlog"": 16, ""enrich_actors"": 0, ""fetch_actors"": 1, ""pending"": 1, ""progress"": {""dns_gate_accepted"": 19, ""dns_gate_filtered"": 10, ""dns_hit_gate_accepted"": 19, ""dns_hit_gate_passthrough"": 16, ""escalated"": 0, ""failed"": 0, ""fallback_dns"": 0, ""fetched"": 0, ""head_only"": 0, ""timeout"": 0}}}"
run_20260413T113749Z,2026-04-13T11:38:47+00:00,shortlist,shortlist,,snapshot,{},{},{},"{""available_cpu"": 11.25, ""available_memory_gb"": 0.25, ""available_object_store_gb"": 0.13, ""cluster_cpu"": 12.0, ""cluster_memory_gb"": 0.25, ""cluster_object_store_gb"": 0.13, ""used_cpu"": 0.75}","{""controller"": {""action"": ""hold"", ""available_cpu"": 11.25, ""checkpoint_pending_rows"": 1, ""completed"": 29, ""cpu_headroom_cores"": 6, ""cpu_utilization"": 0.062, ""enabled"": true, ""event_loop_lag_ms"": 13.551, ""hash_active_pages_cap"": 1, ""hash_live_active_pages"": 1, ""hash_pressure_ratio"": 6.0, ""healthy_streak"": 0, ""reason"": ""stage1_pressure"", ""stage0_inflight_cap"": 1, ""stage0_live_inflight"": 1, ""stage1_fetch_limit_cap"": 1, ""stage1_live_fetch_limit"": 1, ""stage1_pressure_ratio"": 2.5, ""target_cpu_utilization"": 0.82, ""timeout_ratio"": 0.0}, ""hash"": {""aux_queue_depth"": 0, ""backlog"": 18, ""browser_actors"": 1, ""finalize_queue_depth"": 0, ""pending"": 1, ""render_queue_depth"": 19, ""render_trace_rows"": 0}, ""matches"": 0, ""stage0"": {""hits"": 35, ""misses"": 29, ""remaining"": 1715, ""skipped"": 0}, ""stage1"": {""backlog"": 14, ""enrich_actors"": 0, ""fetch_actors"": 1, ""pending"": 2, ""progress"": {""dns_gate_accepted"": 19, ""dns_gate_filtered"": 10, ""dns_hit_gate_accepted"": 19, ""dns_hit_gate_passthrough"": 16, ""escalated"": 0, ""failed"": 0, ""fallback_dns"": 0, ""fetched"": 0, ""head_only"": 0, ""timeout"": 0}}}"
run_20260413T113749Z,2026-04-13T11:38:52+00:00,shortlist,shortlist,,snapshot,{},{},{},"{""available_cpu"": 11.25, ""available_memory_gb"": 0.25, ""available_object_store_gb"": 0.13, ""cluster_cpu"": 12.0, ""cluster_memory_gb"": 0.25, ""cluster_object_store_gb"": 0.13, ""used_cpu"": 0.75}","{""controller"": {""action"": ""hold"", ""available_cpu"": 11.25, ""checkpoint_pending_rows"": 25, ""completed"": 32, ""cpu_headroom_cores"": 6, ""cpu_utilization"": 0.062, ""enabled"": true, ""event_loop_lag_ms"": 15.184, ""hash_active_pages_cap"": 1, ""hash_live_active_pages"": 1, ""hash_pressure_ratio"": 6.0, ""healthy_streak"": 0, ""reason"": ""stage1_pressure"", ""stage0_inflight_cap"": 1, ""stage0_live_inflight"": 1, ""stage1_fetch_limit_cap"": 1, ""stage1_live_fetch_limit"": 1, ""stage1_pressure_ratio"": 2.0, ""target_cpu_utilization"": 0.82, ""timeout_ratio"": 0.0}, ""hash"": {""aux_queue_depth"": 0, ""backlog"": 18, ""browser_actors"": 1, ""finalize_queue_depth"": 0, ""pending"": 1, ""render_queue_depth"": 19, ""render_trace_rows"": 0}, ""matches"": 0, ""stage0"": {""hits"": 35, ""misses"": 29, ""remaining"": 1715, ""skipped"": 0}, ""stage1"": {""backlog"": 12, ""enrich_actors"": 0, ""fetch_actors"": 1, ""pending"": 1, ""progress"": {""dns_gate_accepted"": 19, ""dns_gate_filtered"": 10, ""dns_hit_gate_accepted"": 19, ""dns_hit_gate_passthrough"": 16, ""escalated"": 0, ""failed"": 0, ""fallback_dns"": 0, ""fetched"": 0, ""head_only"": 0, ""timeout"": 0}}}"
run_20260413T113749Z,2026-04-13T11:38:57+00:00,shortlist,shortlist,,snapshot,{},{},{},"{""available_cpu"": 11.25, ""available_memory_gb"": 0.25, ""available_object_store_gb"": 0.13, ""cluster_cpu"": 12.0, ""cluster_memory_gb"": 0.25, ""cluster_object_store_gb"": 0.13, ""used_cpu"": 0.75}","{""controller"": {""action"": ""hold"", ""available_cpu"": 11.25, ""checkpoint_pending_rows"": 6, ""completed"": 33, ""cpu_headroom_cores"": 6, ""cpu_utilization"": 0.062, ""enabled"": true, ""event_loop_lag_ms"": 11.657, ""hash_active_pages_cap"": 1, ""hash_live_active_pages"": 1, ""hash_pressure_ratio"": 6.0, ""healthy_streak"": 0, ""reason"": ""stage1_pressure"", ""stage0_inflight_cap"": 1, ""stage0_live_inflight"": 1, ""stage1_fetch_limit_cap"": 1, ""stage1_live_fetch_limit"": 1, ""stage1_pressure_ratio"": 1.833, ""target_cpu_utilization"": 0.82, ""timeout_ratio"": 0.0}, ""hash"": {""aux_queue_depth"": 0, ""backlog"": 18, ""browser_actors"": 1, ""finalize_queue_depth"": 0, ""pending"": 1, ""render_queue_depth"": 19, ""render_trace_rows"": 0}, ""matches"": 0, ""stage0"": {""hits"": 35, ""misses"": 29, ""remaining"": 1715, ""skipped"": 0}, ""stage1"": {""backlog"": 11, ""enrich_actors"": 0, ""fetch_actors"": 1, ""pending"": 1, ""progress"": {""dns_gate_accepted"": 19, ""dns_gate_filtered"": 10, ""dns_hit_gate_accepted"": 19, ""dns_hit_gate_passthrough"": 16, ""escalated"": 0, ""failed"": 0, ""fallback_dns"": 0, ""fetched"": 0, ""head_only"": 0, ""timeout"": 0}}}"
run_20260413T113749Z,2026-04-13T11:39:02+00:00,shortlist,shortlist,,snapshot,{},{},{},"{""available_cpu"": 11.25, ""available_memory_gb"": 0.25, ""available_object_store_gb"": 0.13, ""cluster_cpu"": 12.0, ""cluster_memory_gb"": 0.25, ""cluster_object_store_gb"": 0.13, ""used_cpu"": 0.75}","{""controller"": {""action"": ""hold"", ""available_cpu"": 11.25, ""checkpoint_pending_rows"": 7, ""completed"": 34, ""cpu_headroom_cores"": 6, ""cpu_utilization"": 0.062, ""enabled"": true, ""event_loop_lag_ms"": 0.0, ""hash_active_pages_cap"": 1, ""hash_live_active_pages"": 1, ""hash_pressure_ratio"": 6.0, ""healthy_streak"": 0, ""reason"": ""stage1_pressure"", ""stage0_inflight_cap"": 1, ""stage0_live_inflight"": 1, ""stage1_fetch_limit_cap"": 1, ""stage1_live_fetch_limit"": 1, ""stage1_pressure_ratio"": 1.833, ""target_cpu_utilization"": 0.82, ""timeout_ratio"": 0.0}, ""hash"": {""aux_queue_depth"": 0, ""backlog"": 18, ""browser_actors"": 1, ""finalize_queue_depth"": 0, ""pending"": 1, ""render_queue_depth"": 19, ""render_trace_rows"": 0}, ""matches"": 0, ""stage0"": {""hits"": 35, ""misses"": 29, ""remaining"": 1715, ""skipped"": 0}, ""stage1"": {""backlog"": 10, ""enrich_actors"": 0, ""fetch_actors"": 1, ""pending"": 1, ""progress"": {""dns_gate_accepted"": 19, ""dns_gate_filtered"": 10, ""dns_hit_gate_accepted"": 19, ""dns_hit_gate_passthrough"": 16, ""escalated"": 0, ""failed"": 0, ""fallback_dns"": 0, ""fetched"": 0, ""head_only"": 0, ""timeout"": 0}}}"
run_20260413T113749Z,2026-04-13T11:39:07+00:00,shortlist,shortlist,,snapshot,{},{},{},"{""available_cpu"": 11.25, ""available_memory_gb"": 0.25, ""available_object_store_gb"": 0.13, ""cluster_cpu"": 12.0, ""cluster_memory_gb"": 0.25, ""cluster_object_store_gb"": 0.13, ""used_cpu"": 0.75}","{""controller"": {""action"": ""hold"", ""available_cpu"": 11.25, ""checkpoint_pending_rows"": 6, ""completed"": 35, ""cpu_headroom_cores"": 6, ""cpu_utilization"": 0.062, ""enabled"": true, ""event_loop_lag_ms"": 20.691, ""hash_active_pages_cap"": 1, ""hash_live_active_pages"": 1, ""hash_pressure_ratio"": 6.0, ""healthy_streak"": 0, ""reason"": ""stage1_pressure"", ""stage0_inflight_cap"": 1, ""stage0_live_inflight"": 1, ""stage1_fetch_limit_cap"": 1, ""stage1_live_fetch_limit"": 1, ""stage1_pressure_ratio"": 1.5, ""target_cpu_utilization"": 0.82, ""timeout_ratio"": 0.0}, ""hash"": {""aux_queue_depth"": 0, ""backlog"": 18, ""browser_actors"": 1, ""finalize_queue_depth"": 0, ""pending"": 1, ""render_queue_depth"": 19, ""render_trace_rows"": 0}, ""matches"": 0, ""stage0"": {""hits"": 35, ""misses"": 29, ""remaining"": 1715, ""skipped"": 0}, ""stage1"": {""backlog"": 9, ""enrich_actors"": 0, ""fetch_actors"": 1, ""pending"": 1, ""progress"": {""dns_gate_accepted"": 19, ""dns_gate_filtered"": 10, ""dns_hit_gate_accepted"": 19, ""dns_hit_gate_passthrough"": 16, ""escalated"": 0, ""failed"": 0, ""fallback_dns"": 0, ""fetched"": 0, ""head_only"": 0, ""timeout"": 0}}}"
run_20260413T113749Z,2026-04-13T11:39:12+00:00,shortlist,shortlist,,snapshot,{},{},{},"{""available_cpu"": 11.25, ""available_memory_gb"": 0.25, ""available_object_store_gb"": 0.13, ""cluster_cpu"": 12.0, ""cluster_memory_gb"": 0.25, ""cluster_object_store_gb"": 0.13, ""used_cpu"": 0.75}","{""controller"": {""action"": ""hold"", ""available_cpu"": 11.25, ""checkpoint_pending_rows"": 13, ""completed"": 37, ""cpu_headroom_cores"": 6, ""cpu_utilization"": 0.062, ""enabled"": true, ""event_loop_lag_ms"": 0.0, ""hash_active_pages_cap"": 1, ""hash_live_active_pages"": 1, ""hash_pressure_ratio"": 6.0, ""healthy_streak"": 0, ""reason"": ""stage1_pressure"", ""stage0_inflight_cap"": 1, ""stage0_live_inflight"": 1, ""stage1_fetch_limit_cap"": 1, ""stage1_live_fetch_limit"": 1, ""stage1_pressure_ratio"": 1.333, ""target_cpu_utilization"": 0.82, ""timeout_ratio"": 0.0}, ""hash"": {""aux_queue_depth"": 0, ""backlog"": 18, ""browser_actors"": 1, ""finalize_queue_depth"": 0, ""pending"": 1, ""render_queue_depth"": 19, ""render_trace_rows"": 0}, ""matches"": 0, ""stage0"": {""hits"": 35, ""misses"": 29, ""remaining"": 1715, ""skipped"": 0}, ""stage1"": {""backlog"": 7, ""enrich_actors"": 0, ""fetch_actors"": 1, ""pending"": 1, ""progress"": {""dns_gate_accepted"": 19, ""dns_gate_filtered"": 10, ""dns_hit_gate_accepted"": 19, ""dns_hit_gate_passthrough"": 16, ""escalated"": 0, ""failed"": 0, ""fallback_dns"": 0, ""fetched"": 0, ""head_only"": 0, ""timeout"": 0}}}"
run_20260413T113749Z,2026-04-13T11:39:17+00:00,shortlist,shortlist,,snapshot,{},{},{},"{""available_cpu"": 11.25, ""available_memory_gb"": 0.25, ""available_object_store_gb"": 0.13, ""cluster_cpu"": 12.0, ""cluster_memory_gb"": 0.25, ""cluster_object_store_gb"": 0.13, ""used_cpu"": 0.75}","{""controller"": {""action"": ""hold"", ""available_cpu"": 11.25, ""checkpoint_pending_rows"": 5, ""completed"": 38, ""cpu_headroom_cores"": 6, ""cpu_utilization"": 0.062, ""enabled"": true, ""event_loop_lag_ms"": 5.564, ""hash_active_pages_cap"": 1, ""hash_live_active_pages"": 1, ""hash_pressure_ratio"": 5.667, ""healthy_streak"": 0, ""reason"": ""stage1_pressure"", ""stage0_inflight_cap"": 1, ""stage0_live_inflight"": 1, ""stage1_fetch_limit_cap"": 1, ""stage1_live_fetch_limit"": 1, ""stage1_pressure_ratio"": 1.167, ""target_cpu_utilization"": 0.82, ""timeout_ratio"": 1.0}, ""hash"": {""aux_queue_depth"": 0, ""backlog"": 17, ""browser_actors"": 1, ""finalize_queue_depth"": 0, ""pending"": 1, ""render_queue_depth"": 18, ""render_trace_rows"": 0}, ""matches"": 1, ""stage0"": {""hits"": 35, ""misses"": 29, ""remaining"": 1715, ""skipped"": 0}, ""stage1"": {""backlog"": 7, ""enrich_actors"": 0, ""fetch_actors"": 1, ""pending"": 1, ""progress"": {""dns_gate_accepted"": 19, ""dns_gate_filtered"": 10, ""dns_hit_gate_accepted"": 19, ""dns_hit_gate_passthrough"": 16, ""escalated"": 0, ""failed"": 0, ""fallback_dns"": 0, ""fetched"": 0, ""head_only"": 0, ""timeout"": 0}}}"
run_20260413T113749Z,2026-04-13T11:39:22+00:00,shortlist,shortlist,,snapshot,{},{},{},"{""available_cpu"": 11.25, ""available_memory_gb"": 0.25, ""available_object_store_gb"": 0.13, ""cluster_cpu"": 12.0, ""cluster_memory_gb"": 0.25, ""cluster_object_store_gb"": 0.13, ""used_cpu"": 0.75}","{""controller"": {""action"": ""hold"", ""available_cpu"": 11.25, ""checkpoint_pending_rows"": 0, ""completed"": 39, ""cpu_headroom_cores"": 6, ""cpu_utilization"": 0.062, ""enabled"": true, ""event_loop_lag_ms"": 9.569, ""hash_active_pages_cap"": 1, ""hash_live_active_pages"": 1, ""hash_pressure_ratio"": 5.667, ""healthy_streak"": 0, ""reason"": ""stage1_pressure"", ""stage0_inflight_cap"": 1, ""stage0_live_inflight"": 1, ""stage1_fetch_limit_cap"": 1, ""stage1_live_fetch_limit"": 1, ""stage1_pressure_ratio"": 1.0, ""target_cpu_utilization"": 0.82, ""timeout_ratio"": 0.0}, ""hash"": {""aux_queue_depth"": 0, ""backlog"": 17, ""browser_actors"": 1, ""finalize_queue_depth"": 0, ""pending"": 1, ""render_queue_depth"": 18, ""render_trace_rows"": 0}, ""matches"": 1, ""stage0"": {""hits"": 35, ""misses"": 29, ""remaining"": 1715, ""skipped"": 0}, ""stage1"": {""backlog"": 6, ""enrich_actors"": 0, ""fetch_actors"": 1, ""pending"": 1, ""progress"": {""dns_gate_accepted"": 19, ""dns_gate_filtered"": 10, ""dns_hit_gate_accepted"": 19, ""dns_hit_gate_passthrough"": 16, ""escalated"": 0, ""failed"": 0, ""fallback_dns"": 0, ""fetched"": 0, ""head_only"": 0, ""timeout"": 0}}}"
run_20260413T113749Z,2026-04-13T11:39:27+00:00,shortlist,shortlist,,snapshot,{},{},{},"{""available_cpu"": 11.25, ""available_memory_gb"": 0.25, ""available_object_store_gb"": 0.13, ""cluster_cpu"": 12.0, ""cluster_memory_gb"": 0.25, ""cluster_object_store_gb"": 0.13, ""used_cpu"": 0.75}","{""controller"": {""action"": ""hold"", ""available_cpu"": 11.25, ""checkpoint_pending_rows"": 13, ""completed"": 42, ""cpu_headroom_cores"": 6, ""cpu_utilization"": 0.062, ""enabled"": true, ""event_loop_lag_ms"": 0.0, ""hash_active_pages_cap"": 1, ""hash_live_active_pages"": 1, ""hash_pressure_ratio"": 5.667, ""healthy_streak"": 0, ""reason"": ""render_backlog"", ""stage0_inflight_cap"": 1, ""stage0_live_inflight"": 1, ""stage1_fetch_limit_cap"": 1, ""stage1_live_fetch_limit"": 1, ""stage1_pressure_ratio"": 0.5, ""target_cpu_utilization"": 0.82, ""timeout_ratio"": 0.0}, ""hash"": {""aux_queue_depth"": 1, ""backlog"": 16, ""browser_actors"": 1, ""finalize_queue_depth"": 0, ""pending"": 2, ""render_queue_depth"": 17, ""render_trace_rows"": 0}, ""matches"": 1, ""stage0"": {""hits"": 35, ""misses"": 29, ""remaining"": 1715, ""skipped"": 0}, ""stage1"": {""backlog"": 2, ""enrich_actors"": 0, ""fetch_actors"": 1, ""pending"": 2, ""progress"": {""dns_gate_accepted"": 19, ""dns_gate_filtered"": 10, ""dns_hit_gate_accepted"": 19, ""dns_hit_gate_passthrough"": 16, ""escalated"": 0, ""failed"": 0, ""fallback_dns"": 0, ""fetched"": 0, ""head_only"": 0, ""timeout"": 0}}}"
run_20260413T113749Z,2026-04-13T11:39:27+00:00,shortlist,shortlist,,snapshot,{},{},{},"{""available_cpu"": 11.25, ""available_memory_gb"": 0.25, ""available_object_store_gb"": 0.13, ""cluster_cpu"": 12.0, ""cluster_memory_gb"": 0.25, ""cluster_object_store_gb"": 0.13, ""used_cpu"": 0.75}","{""controller"": {""action"": ""hold"", ""available_cpu"": 11.25, ""checkpoint_pending_rows"": 13, ""completed"": 42, ""cpu_headroom_cores"": 6, ""cpu_utilization"": 0.062, ""enabled"": true, ""event_loop_lag_ms"": 0.0, ""hash_active_pages_cap"": 1, ""hash_live_active_pages"": 1, ""hash_pressure_ratio"": 5.667, ""healthy_streak"": 0, ""reason"": ""render_backlog"", ""stage0_inflight_cap"": 1, ""stage0_live_inflight"": 1, ""stage1_fetch_limit_cap"": 1, ""stage1_live_fetch_limit"": 1, ""stage1_pressure_ratio"": 0.5, ""target_cpu_utilization"": 0.82, ""timeout_ratio"": 0.0}, ""hash"": {""aux_queue_depth"": 1, ""backlog"": 16, ""browser_actors"": 1, ""finalize_queue_depth"": 0, ""pending"": 2, ""render_queue_depth"": 17, ""render_trace_rows"": 0}, ""matches"": 1, ""stage0"": {""hits"": 35, ""misses"": 29, ""remaining"": 1715, ""skipped"": 0}, ""stage1"": {""backlog"": 2, ""enrich_actors"": 0, ""fetch_actors"": 1, ""pending"": 2, ""progress"": {""dns_gate_accepted"": 19, ""dns_gate_filtered"": 10, ""dns_hit_gate_accepted"": 19, ""dns_hit_gate_passthrough"": 16, ""escalated"": 0, ""failed"": 0, ""fallback_dns"": 0, ""fetched"": 0, ""head_only"": 0, ""timeout"": 0}}}"
run_20260413T113749Z,2026-04-13T11:40:19+00:00,shortlist,shortlist,,snapshot,{},{},{},"{""available_cpu"": 11.25, ""available_memory_gb"": 0.25, ""available_object_store_gb"": 0.13, ""cluster_cpu"": 12.0, ""cluster_memory_gb"": 0.25, ""cluster_object_store_gb"": 0.13, ""used_cpu"": 0.75}","{""controller"": {""action"": ""hold"", ""available_cpu"": 10.75, ""checkpoint_pending_rows"": 11, ""completed"": 47, ""cpu_headroom_cores"": 6, ""cpu_utilization"": 0.104, ""enabled"": true, ""event_loop_lag_ms"": 24719.387, ""hash_active_pages_cap"": 1, ""hash_live_active_pages"": 1, ""hash_pressure_ratio"": 5.0, ""healthy_streak"": 0, ""reason"": ""event_loop_lag"", ""stage0_inflight_cap"": 1, ""stage0_live_inflight"": 1, ""stage1_fetch_limit_cap"": 1, ""stage1_live_fetch_limit"": 1, ""stage1_pressure_ratio"": 0.167, ""target_cpu_utilization"": 0.82, ""timeout_ratio"": 0.0}, ""hash"": {""aux_queue_depth"": 0, ""backlog"": 15, ""browser_actors"": 1, ""finalize_queue_depth"": 0, ""pending"": 1, ""render_queue_depth"": 16, ""render_trace_rows"": 0}, ""matches"": 3, ""stage0"": {""hits"": 35, ""misses"": 29, ""remaining"": 1715, ""skipped"": 0}, ""stage1"": {""backlog"": 0, ""enrich_actors"": 0, ""fetch_actors"": 1, ""pending"": 1, ""progress"": {""dns_gate_accepted"": 19, ""dns_gate_filtered"": 10, ""dns_hit_gate_accepted"": 19, ""dns_hit_gate_passthrough"": 16, ""escalated"": 0, ""failed"": 3, ""fallback_dns"": 0, ""fetched"": 0, ""head_only"": 0, ""timeout"": 0}}}"
run_20260413T113749Z,2026-04-13T11:40:24+00:00,shortlist,shortlist,,snapshot,{},{},{},"{""available_cpu"": 11.25, ""available_memory_gb"": 0.25, ""available_object_store_gb"": 0.13, ""cluster_cpu"": 12.0, ""cluster_memory_gb"": 0.25, ""cluster_object_store_gb"": 0.13, ""used_cpu"": 0.75}","{""controller"": {""action"": ""hold"", ""available_cpu"": 11.25, ""checkpoint_pending_rows"": 10, ""completed"": 48, ""cpu_headroom_cores"": 6, ""cpu_utilization"": 0.062, ""enabled"": true, ""event_loop_lag_ms"": 24.664, ""hash_active_pages_cap"": 1, ""hash_live_active_pages"": 1, ""hash_pressure_ratio"": 5.0, ""healthy_streak"": 0, ""reason"": ""render_backlog"", ""stage0_inflight_cap"": 1, ""stage0_live_inflight"": 1, ""stage1_fetch_limit_cap"": 1, ""stage1_live_fetch_limit"": 1, ""stage1_pressure_ratio"": 0.0, ""target_cpu_utilization"": 0.82, ""timeout_ratio"": 0.0}, ""hash"": {""aux_queue_depth"": 0, ""backlog"": 15, ""browser_actors"": 1, ""finalize_queue_depth"": 0, ""pending"": 1, ""render_queue_depth"": 16, ""render_trace_rows"": 0}, ""matches"": 3, ""stage0"": {""hits"": 35, ""misses"": 29, ""remaining"": 1715, ""skipped"": 0}, ""stage1"": {""backlog"": 0, ""enrich_actors"": 0, ""fetch_actors"": 1, ""pending"": 0, ""progress"": {""dns_gate_accepted"": 19, ""dns_gate_filtered"": 10, ""dns_hit_gate_accepted"": 19, ""dns_hit_gate_passthrough"": 16, ""escalated"": 0, ""failed"": 4, ""fallback_dns"": 0, ""fetched"": 0, ""head_only"": 0, ""timeout"": 0}}}"
run_20260413T113749Z,2026-04-13T11:40:29+00:00,shortlist,shortlist,,snapshot,{},{},{},"{""available_cpu"": 11.25, ""available_memory_gb"": 0.25, ""available_object_store_gb"": 0.13, ""cluster_cpu"": 12.0, ""cluster_memory_gb"": 0.25, ""cluster_object_store_gb"": 0.13, ""used_cpu"": 0.75}","{""controller"": {""action"": ""hold"", ""available_cpu"": 11.25, ""checkpoint_pending_rows"": 11, ""completed"": 48, ""cpu_headroom_cores"": 6, ""cpu_utilization"": 0.062, ""enabled"": true, ""event_loop_lag_ms"": 14.567, ""hash_active_pages_cap"": 1, ""hash_live_active_pages"": 1, ""hash_pressure_ratio"": 5.0, ""healthy_streak"": 0, ""reason"": ""render_backlog"", ""stage0_inflight_cap"": 1, ""stage0_live_inflight"": 1, ""stage1_fetch_limit_cap"": 1, ""stage1_live_fetch_limit"": 1, ""stage1_pressure_ratio"": 0.0, ""target_cpu_utilization"": 0.82, ""timeout_ratio"": 0.0}, ""hash"": {""aux_queue_depth"": 0, ""backlog"": 15, ""browser_actors"": 1, ""finalize_queue_depth"": 0, ""pending"": 1, ""render_queue_depth"": 16, ""render_trace_rows"": 0}, ""matches"": 3, ""stage0"": {""hits"": 35, ""misses"": 29, ""remaining"": 1715, ""skipped"": 0}, ""stage1"": {""backlog"": 0, ""enrich_actors"": 0, ""fetch_actors"": 1, ""pending"": 0, ""progress"": {""dns_gate_accepted"": 19, ""dns_gate_filtered"": 10, ""dns_hit_gate_accepted"": 19, ""dns_hit_gate_passthrough"": 16, ""escalated"": 0, ""failed"": 4, ""fallback_dns"": 0, ""fetched"": 0, ""head_only"": 0, ""timeout"": 0}}}"
run_20260413T113749Z,2026-04-13T11:40:34+00:00,shortlist,shortlist,,snapshot,{},{},{},"{""available_cpu"": 11.25, ""available_memory_gb"": 0.25, ""available_object_store_gb"": 0.13, ""cluster_cpu"": 12.0, ""cluster_memory_gb"": 0.25, ""cluster_object_store_gb"": 0.13, ""used_cpu"": 0.75}","{""controller"": {""action"": ""hold"", ""available_cpu"": 11.25, ""checkpoint_pending_rows"": 2, ""completed"": 48, ""cpu_headroom_cores"": 6, ""cpu_utilization"": 0.062, ""enabled"": true, ""event_loop_lag_ms"": 17.941, ""hash_active_pages_cap"": 1, ""hash_live_active_pages"": 1, ""hash_pressure_ratio"": 5.0, ""healthy_streak"": 0, ""reason"": ""render_backlog"", ""stage0_inflight_cap"": 1, ""stage0_live_inflight"": 1, ""stage1_fetch_limit_cap"": 1, ""stage1_live_fetch_limit"": 1, ""stage1_pressure_ratio"": 0.0, ""target_cpu_utilization"": 0.82, ""timeout_ratio"": 0.0}, ""hash"": {""aux_queue_depth"": 0, ""backlog"": 15, ""browser_actors"": 1, ""finalize_queue_depth"": 0, ""pending"": 1, ""render_queue_depth"": 16, ""render_trace_rows"": 0}, ""matches"": 3, ""stage0"": {""hits"": 35, ""misses"": 29, ""remaining"": 1715, ""skipped"": 0}, ""stage1"": {""backlog"": 0, ""enrich_actors"": 0, ""fetch_actors"": 1, ""pending"": 0, ""progress"": {""dns_gate_accepted"": 19, ""dns_gate_filtered"": 10, ""dns_hit_gate_accepted"": 19, ""dns_hit_gate_passthrough"": 16, ""escalated"": 0, ""failed"": 4, ""fallback_dns"": 0, ""fetched"": 0, ""head_only"": 0, ""timeout"": 0}}}"
run_20260413T113749Z,2026-04-13T11:40:39+00:00,shortlist,shortlist,,snapshot,{},{},{},"{""available_cpu"": 11.25, ""available_memory_gb"": 0.25, ""available_object_store_gb"": 0.13, ""cluster_cpu"": 12.0, ""cluster_memory_gb"": 0.25, ""cluster_object_store_gb"": 0.13, ""used_cpu"": 0.75}","{""controller"": {""action"": ""hold"", ""available_cpu"": 11.25, ""checkpoint_pending_rows"": 3, ""completed"": 48, ""cpu_headroom_cores"": 6, ""cpu_utilization"": 0.062, ""enabled"": true, ""event_loop_lag_ms"": 0.0, ""hash_active_pages_cap"": 1, ""hash_live_active_pages"": 1, ""hash_pressure_ratio"": 5.0, ""healthy_streak"": 0, ""reason"": ""render_backlog"", ""stage0_inflight_cap"": 1, ""stage0_live_inflight"": 1, ""stage1_fetch_limit_cap"": 1, ""stage1_live_fetch_limit"": 1, ""stage1_pressure_ratio"": 0.0, ""target_cpu_utilization"": 0.82, ""timeout_ratio"": 0.0}, ""hash"": {""aux_queue_depth"": 0, ""backlog"": 15, ""browser_actors"": 1, ""finalize_queue_depth"": 0, ""pending"": 1, ""render_queue_depth"": 16, ""render_trace_rows"": 0}, ""matches"": 3, ""stage0"": {""hits"": 35, ""misses"": 29, ""remaining"": 1715, ""skipped"": 0}, ""stage1"": {""backlog"": 0, ""enrich_actors"": 0, ""fetch_actors"": 1, ""pending"": 0, ""progress"": {""dns_gate_accepted"": 19, ""dns_gate_filtered"": 10, ""dns_hit_gate_accepted"": 19, ""dns_hit_gate_passthrough"": 16, ""escalated"": 0, ""failed"": 4, ""fallback_dns"": 0, ""fetched"": 0, ""head_only"": 0, ""timeout"": 0}}}"
run_20260413T113749Z,2026-04-13T11:40:44+00:00,shortlist,shortlist,,snapshot,{},{},{},"{""available_cpu"": 11.25, ""available_memory_gb"": 0.25, ""available_object_store_gb"": 0.13, ""cluster_cpu"": 12.0, ""cluster_memory_gb"": 0.25, ""cluster_object_store_gb"": 0.13, ""used_cpu"": 0.75}","{""controller"": {""action"": ""hold"", ""available_cpu"": 11.25, ""checkpoint_pending_rows"": 2, ""completed"": 48, ""cpu_headroom_cores"": 6, ""cpu_utilization"": 0.062, ""enabled"": true, ""event_loop_lag_ms"": 0.0, ""hash_active_pages_cap"": 1, ""hash_live_active_pages"": 1, ""hash_pressure_ratio"": 5.0, ""healthy_streak"": 0, ""reason"": ""render_backlog"", ""stage0_inflight_cap"": 1, ""stage0_live_inflight"": 1, ""stage1_fetch_limit_cap"": 1, ""stage1_live_fetch_limit"": 1, ""stage1_pressure_ratio"": 0.0, ""target_cpu_utilization"": 0.82, ""timeout_ratio"": 0.0}, ""hash"": {""aux_queue_depth"": 0, ""backlog"": 15, ""browser_actors"": 1, ""finalize_queue_depth"": 0, ""pending"": 1, ""render_queue_depth"": 16, ""render_trace_rows"": 0}, ""matches"": 3, ""stage0"": {""hits"": 35, ""misses"": 29, ""remaining"": 1715, ""skipped"": 0}, ""stage1"": {""backlog"": 0, ""enrich_actors"": 0, ""fetch_actors"": 1, ""pending"": 0, ""progress"": {""dns_gate_accepted"": 19, ""dns_gate_filtered"": 10, ""dns_hit_gate_accepted"": 19, ""dns_hit_gate_passthrough"": 16, ""escalated"": 0, ""failed"": 4, ""fallback_dns"": 0, ""fetched"": 0, ""head_only"": 0, ""timeout"": 0}}}"
run_20260413T113749Z,2026-04-13T11:40:49+00:00,shortlist,shortlist,,snapshot,{},{},{},"{""available_cpu"": 11.25, ""available_memory_gb"": 0.25, ""available_object_store_gb"": 0.13, ""cluster_cpu"": 12.0, ""cluster_memory_gb"": 0.25, ""cluster_object_store_gb"": 0.13, ""used_cpu"": 0.75}","{""controller"": {""action"": ""hold"", ""available_cpu"": 11.25, ""checkpoint_pending_rows"": 8, ""completed"": 49, ""cpu_headroom_cores"": 6, ""cpu_utilization"": 0.062, ""enabled"": true, ""event_loop_lag_ms"": 12.144, ""hash_active_pages_cap"": 1, ""hash_live_active_pages"": 1, ""hash_pressure_ratio"": 4.667, ""healthy_streak"": 0, ""reason"": ""render_backlog"", ""stage0_inflight_cap"": 1, ""stage0_live_inflight"": 1, ""stage1_fetch_limit_cap"": 1, ""stage1_live_fetch_limit"": 1, ""stage1_pressure_ratio"": 0.0, ""target_cpu_utilization"": 0.82, ""timeout_ratio"": 1.0}, ""hash"": {""aux_queue_depth"": 0, ""backlog"": 14, ""browser_actors"": 1, ""finalize_queue_depth"": 0, ""pending"": 1, ""render_queue_depth"": 15, ""render_trace_rows"": 0}, ""matches"": 4, ""stage0"": {""hits"": 35, ""misses"": 29, ""remaining"": 1715, ""skipped"": 0}, ""stage1"": {""backlog"": 0, ""enrich_actors"": 0, ""fetch_actors"": 1, ""pending"": 0, ""progress"": {""dns_gate_accepted"": 19, ""dns_gate_filtered"": 10, ""dns_hit_gate_accepted"": 19, ""dns_hit_gate_passthrough"": 16, ""escalated"": 0, ""failed"": 4, ""fallback_dns"": 0, ""fetched"": 0, ""head_only"": 0, ""timeout"": 0}}}"
run_20260413T113749Z,2026-04-13T11:41:08+00:00,shortlist,shortlist,,snapshot,{},{},{},"{""available_cpu"": 11.25, ""available_memory_gb"": 0.25, ""available_object_store_gb"": 0.13, ""cluster_cpu"": 12.0, ""cluster_memory_gb"": 0.25, ""cluster_object_store_gb"": 0.13, ""used_cpu"": 0.75}","{""controller"": {""action"": ""hold"", ""available_cpu"": 11.25, ""checkpoint_pending_rows"": 10, ""completed"": 51, ""cpu_headroom_cores"": 6, ""cpu_utilization"": 0.062, ""enabled"": true, ""event_loop_lag_ms"": 2011.976, ""hash_active_pages_cap"": 1, ""hash_live_active_pages"": 1, ""hash_pressure_ratio"": 4.0, ""healthy_streak"": 0, ""reason"": ""event_loop_lag"", ""stage0_inflight_cap"": 1, ""stage0_live_inflight"": 1, ""stage1_fetch_limit_cap"": 1, ""stage1_live_fetch_limit"": 1, ""stage1_pressure_ratio"": 0.0, ""target_cpu_utilization"": 0.82, ""timeout_ratio"": 0.0}, ""hash"": {""aux_queue_depth"": 0, ""backlog"": 12, ""browser_actors"": 1, ""finalize_queue_depth"": 0, ""pending"": 1, ""render_queue_depth"": 13, ""render_trace_rows"": 0}, ""matches"": 6, ""stage0"": {""hits"": 35, ""misses"": 29, ""remaining"": 1715, ""skipped"": 0}, ""stage1"": {""backlog"": 0, ""enrich_actors"": 0, ""fetch_actors"": 1, ""pending"": 0, ""progress"": {""dns_gate_accepted"": 19, ""dns_gate_filtered"": 10, ""dns_hit_gate_accepted"": 19, ""dns_hit_gate_passthrough"": 16, ""escalated"": 0, ""failed"": 4, ""fallback_dns"": 0, ""fetched"": 0, ""head_only"": 0, ""timeout"": 0}}}"
run_20260413T113749Z,2026-04-13T11:41:32+00:00,shortlist,shortlist,,snapshot,{},{},{},"{""available_cpu"": 11.25, ""available_memory_gb"": 0.25, ""available_object_store_gb"": 0.13, ""cluster_cpu"": 12.0, ""cluster_memory_gb"": 0.25, ""cluster_object_store_gb"": 0.13, ""used_cpu"": 0.75}","{""controller"": {""action"": ""hold"", ""available_cpu"": 11.25, ""checkpoint_pending_rows"": 0, ""completed"": 51, ""cpu_headroom_cores"": 6, ""cpu_utilization"": 0.062, ""enabled"": true, ""event_loop_lag_ms"": 6.787, ""hash_active_pages_cap"": 1, ""hash_live_active_pages"": 1, ""hash_pressure_ratio"": 4.0, ""healthy_streak"": 0, ""reason"": ""render_backlog"", ""stage0_inflight_cap"": 1, ""stage0_live_inflight"": 1, ""stage1_fetch_limit_cap"": 1, ""stage1_live_fetch_limit"": 1, ""stage1_pressure_ratio"": 0.0, ""target_cpu_utilization"": 0.82, ""timeout_ratio"": 0.0}, ""hash"": {""aux_queue_depth"": 0, ""backlog"": 12, ""browser_actors"": 1, ""finalize_queue_depth"": 0, ""pending"": 1, ""render_queue_depth"": 13, ""render_trace_rows"": 0}, ""matches"": 6, ""stage0"": {""hits"": 35, ""misses"": 29, ""remaining"": 1715, ""skipped"": 0}, ""stage1"": {""backlog"": 0, ""enrich_actors"": 0, ""fetch_actors"": 1, ""pending"": 0, ""progress"": {""dns_gate_accepted"": 19, ""dns_gate_filtered"": 10, ""dns_hit_gate_accepted"": 19, ""dns_hit_gate_passthrough"": 16, ""escalated"": 0, ""failed"": 4, ""fallback_dns"": 0, ""fetched"": 0, ""head_only"": 0, ""timeout"": 0}}}"
run_20260413T113749Z,2026-04-13T11:41:45+00:00,shortlist,shortlist,,snapshot,{},{},{},"{""available_cpu"": 11.25, ""available_memory_gb"": 0.25, ""available_object_store_gb"": 0.13, ""cluster_cpu"": 12.0, ""cluster_memory_gb"": 0.25, ""cluster_object_store_gb"": 0.13, ""used_cpu"": 0.75}","{""controller"": {""action"": ""hold"", ""available_cpu"": 11.25, ""checkpoint_pending_rows"": 0, ""completed"": 51, ""cpu_headroom_cores"": 6, ""cpu_utilization"": 0.062, ""enabled"": true, ""event_loop_lag_ms"": 23.192, ""hash_active_pages_cap"": 1, ""hash_live_active_pages"": 1, ""hash_pressure_ratio"": 4.0, ""healthy_streak"": 0, ""reason"": ""steady"", ""stage0_inflight_cap"": 1, ""stage0_live_inflight"": 1, ""stage1_fetch_limit_cap"": 1, ""stage1_live_fetch_limit"": 1, ""stage1_pressure_ratio"": 0.0, ""target_cpu_utilization"": 0.82, ""timeout_ratio"": 0.0}, ""hash"": {""aux_queue_depth"": 0, ""backlog"": 12, ""browser_actors"": 1, ""finalize_queue_depth"": 0, ""pending"": 1, ""render_queue_depth"": 13, ""render_trace_rows"": 0}, ""matches"": 6, ""stage0"": {""hits"": 35, ""misses"": 29, ""remaining"": 1715, ""skipped"": 0}, ""stage1"": {""backlog"": 0, ""enrich_actors"": 0, ""fetch_actors"": 1, ""pending"": 0, ""progress"": {""dns_gate_accepted"": 19, ""dns_gate_filtered"": 10, ""dns_hit_gate_accepted"": 19, ""dns_hit_gate_passthrough"": 16, ""escalated"": 0, ""failed"": 4, ""fallback_dns"": 0, ""fetched"": 0, ""head_only"": 0, ""timeout"": 0}}}"
run_20260413T113749Z,2026-04-13T11:41:50+00:00,shortlist,shortlist,,snapshot,{},{},{},"{""available_cpu"": 11.25, ""available_memory_gb"": 0.25, ""available_object_store_gb"": 0.13, ""cluster_cpu"": 12.0, ""cluster_memory_gb"": 0.25, ""cluster_object_store_gb"": 0.13, ""used_cpu"": 0.75}","{""controller"": {""action"": ""hold"", ""available_cpu"": 11.25, ""checkpoint_pending_rows"": 1, ""completed"": 51, ""cpu_headroom_cores"": 6, ""cpu_utilization"": 0.062, ""enabled"": true, ""event_loop_lag_ms"": 9.037, ""hash_active_pages_cap"": 1, ""hash_live_active_pages"": 1, ""hash_pressure_ratio"": 4.0, ""healthy_streak"": 0, ""reason"": ""steady"", ""stage0_inflight_cap"": 1, ""stage0_live_inflight"": 1, ""stage1_fetch_limit_cap"": 1, ""stage1_live_fetch_limit"": 1, ""stage1_pressure_ratio"": 0.0, ""target_cpu_utilization"": 0.82, ""timeout_ratio"": 0.0}, ""hash"": {""aux_queue_depth"": 0, ""backlog"": 12, ""browser_actors"": 1, ""finalize_queue_depth"": 0, ""pending"": 1, ""render_queue_depth"": 13, ""render_trace_rows"": 0}, ""matches"": 6, ""stage0"": {""hits"": 35, ""misses"": 29, ""remaining"": 1715, ""skipped"": 0}, ""stage1"": {""backlog"": 0, ""enrich_actors"": 0, ""fetch_actors"": 1, ""pending"": 0, ""progress"": {""dns_gate_accepted"": 19, ""dns_gate_filtered"": 10, ""dns_hit_gate_accepted"": 19, ""dns_hit_gate_passthrough"": 16, ""escalated"": 0, ""failed"": 4, ""fallback_dns"": 0, ""fetched"": 0, ""head_only"": 0, ""timeout"": 0}}}"
run_20260413T113749Z,2026-04-13T11:41:55+00:00,shortlist,shortlist,,snapshot,{},{},{},"{""available_cpu"": 11.25, ""available_memory_gb"": 0.25, ""available_object_store_gb"": 0.13, ""cluster_cpu"": 12.0, ""cluster_memory_gb"": 0.25, ""cluster_object_store_gb"": 0.13, ""used_cpu"": 0.75}","{""controller"": {""action"": ""hold"", ""available_cpu"": 11.25, ""checkpoint_pending_rows"": 3, ""completed"": 51, ""cpu_headroom_cores"": 6, ""cpu_utilization"": 0.062, ""enabled"": true, ""event_loop_lag_ms"": 25.96, ""hash_active_pages_cap"": 1, ""hash_live_active_pages"": 1, ""hash_pressure_ratio"": 4.0, ""healthy_streak"": 0, ""reason"": ""render_backlog"", ""stage0_inflight_cap"": 1, ""stage0_live_inflight"": 1, ""stage1_fetch_limit_cap"": 1, ""stage1_live_fetch_limit"": 1, ""stage1_pressure_ratio"": 0.0, ""target_cpu_utilization"": 0.82, ""timeout_ratio"": 0.0}, ""hash"": {""aux_queue_depth"": 0, ""backlog"": 12, ""browser_actors"": 1, ""finalize_queue_depth"": 0, ""pending"": 1, ""render_queue_depth"": 13, ""render_trace_rows"": 0}, ""matches"": 6, ""stage0"": {""hits"": 35, ""misses"": 29, ""remaining"": 1715, ""skipped"": 0}, ""stage1"": {""backlog"": 0, ""enrich_actors"": 0, ""fetch_actors"": 1, ""pending"": 0, ""progress"": {""dns_gate_accepted"": 19, ""dns_gate_filtered"": 10, ""dns_hit_gate_accepted"": 19, ""dns_hit_gate_passthrough"": 16, ""escalated"": 0, ""failed"": 4, ""fallback_dns"": 0, ""fetched"": 0, ""head_only"": 0, ""timeout"": 0}}}"
run_20260413T113749Z,2026-04-13T11:42:00+00:00,shortlist,shortlist,,snapshot,{},{},{},"{""available_cpu"": 11.25, ""available_memory_gb"": 0.25, ""available_object_store_gb"": 0.13, ""cluster_cpu"": 12.0, ""cluster_memory_gb"": 0.25, ""cluster_object_store_gb"": 0.13, ""used_cpu"": 0.75}","{""controller"": {""action"": ""hold"", ""available_cpu"": 11.25, ""checkpoint_pending_rows"": 1, ""completed"": 51, ""cpu_headroom_cores"": 6, ""cpu_utilization"": 0.062, ""enabled"": true, ""event_loop_lag_ms"": 20.48, ""hash_active_pages_cap"": 1, ""hash_live_active_pages"": 1, ""hash_pressure_ratio"": 4.0, ""healthy_streak"": 0, ""reason"": ""render_backlog"", ""stage0_inflight_cap"": 1, ""stage0_live_inflight"": 1, ""stage1_fetch_limit_cap"": 1, ""stage1_live_fetch_limit"": 1, ""stage1_pressure_ratio"": 0.0, ""target_cpu_utilization"": 0.82, ""timeout_ratio"": 0.0}, ""hash"": {""aux_queue_depth"": 0, ""backlog"": 12, ""browser_actors"": 1, ""finalize_queue_depth"": 0, ""pending"": 1, ""render_queue_depth"": 13, ""render_trace_rows"": 0}, ""matches"": 6, ""stage0"": {""hits"": 35, ""misses"": 29, ""remaining"": 1715, ""skipped"": 0}, ""stage1"": {""backlog"": 0, ""enrich_actors"": 0, ""fetch_actors"": 1, ""pending"": 0, ""progress"": {""dns_gate_accepted"": 19, ""dns_gate_filtered"": 10, ""dns_hit_gate_accepted"": 19, ""dns_hit_gate_passthrough"": 16, ""escalated"": 0, ""failed"": 4, ""fallback_dns"": 0, ""fetched"": 0, ""head_only"": 0, ""timeout"": 0}}}"
run_20260413T113749Z,2026-04-13T11:42:05+00:00,shortlist,shortlist,,snapshot,{},{},{},"{""available_cpu"": 11.25, ""available_memory_gb"": 0.25, ""available_object_store_gb"": 0.13, ""cluster_cpu"": 12.0, ""cluster_memory_gb"": 0.25, ""cluster_object_store_gb"": 0.13, ""used_cpu"": 0.75}","{""controller"": {""action"": ""hold"", ""available_cpu"": 11.25, ""checkpoint_pending_rows"": 3, ""completed"": 51, ""cpu_headroom_cores"": 6, ""cpu_utilization"": 0.062, ""enabled"": true, ""event_loop_lag_ms"": 20.33, ""hash_active_pages_cap"": 1, ""hash_live_active_pages"": 1, ""hash_pressure_ratio"": 4.0, ""healthy_streak"": 0, ""reason"": ""render_backlog"", ""stage0_inflight_cap"": 1, ""stage0_live_inflight"": 1, ""stage1_fetch_limit_cap"": 1, ""stage1_live_fetch_limit"": 1, ""stage1_pressure_ratio"": 0.0, ""target_cpu_utilization"": 0.82, ""timeout_ratio"": 0.0}, ""hash"": {""aux_queue_depth"": 0, ""backlog"": 12, ""browser_actors"": 1, ""finalize_queue_depth"": 0, ""pending"": 1, ""render_queue_depth"": 13, ""render_trace_rows"": 0}, ""matches"": 6, ""stage0"": {""hits"": 35, ""misses"": 29, ""remaining"": 1715, ""skipped"": 0}, ""stage1"": {""backlog"": 0, ""enrich_actors"": 0, ""fetch_actors"": 1, ""pending"": 0, ""progress"": {""dns_gate_accepted"": 19, ""dns_gate_filtered"": 10, ""dns_hit_gate_accepted"": 19, ""dns_hit_gate_passthrough"": 16, ""escalated"": 0, ""failed"": 4, ""fallback_dns"": 0, ""fetched"": 0, ""head_only"": 0, ""timeout"": 0}}}"
run_20260413T113749Z,2026-04-13T11:42:10+00:00,shortlist,shortlist,,snapshot,{},{},{},"{""available_cpu"": 11.25, ""available_memory_gb"": 0.25, ""available_object_store_gb"": 0.13, ""cluster_cpu"": 12.0, ""cluster_memory_gb"": 0.25, ""cluster_object_store_gb"": 0.13, ""used_cpu"": 0.75}","{""controller"": {""action"": ""hold"", ""available_cpu"": 11.25, ""checkpoint_pending_rows"": 1, ""completed"": 51, ""cpu_headroom_cores"": 6, ""cpu_utilization"": 0.062, ""enabled"": true, ""event_loop_lag_ms"": 0.0, ""hash_active_pages_cap"": 1, ""hash_live_active_pages"": 1, ""hash_pressure_ratio"": 4.0, ""healthy_streak"": 0, ""reason"": ""render_backlog"", ""stage0_inflight_cap"": 1, ""stage0_live_inflight"": 1, ""stage1_fetch_limit_cap"": 1, ""stage1_live_fetch_limit"": 1, ""stage1_pressure_ratio"": 0.0, ""target_cpu_utilization"": 0.82, ""timeout_ratio"": 0.0}, ""hash"": {""aux_queue_depth"": 0, ""backlog"": 12, ""browser_actors"": 1, ""finalize_queue_depth"": 0, ""pending"": 1, ""render_queue_depth"": 13, ""render_trace_rows"": 0}, ""matches"": 6, ""stage0"": {""hits"": 35, ""misses"": 29, ""remaining"": 1715, ""skipped"": 0}, ""stage1"": {""backlog"": 0, ""enrich_actors"": 0, ""fetch_actors"": 1, ""pending"": 0, ""progress"": {""dns_gate_accepted"": 19, ""dns_gate_filtered"": 10, ""dns_hit_gate_accepted"": 19, ""dns_hit_gate_passthrough"": 16, ""escalated"": 0, ""failed"": 4, ""fallback_dns"": 0, ""fetched"": 0, ""head_only"": 0, ""timeout"": 0}}}"
run_20260413T113749Z,2026-04-13T11:42:15+00:00,shortlist,shortlist,,snapshot,{},{},{},"{""available_cpu"": 11.25, ""available_memory_gb"": 0.25, ""available_object_store_gb"": 0.13, ""cluster_cpu"": 12.0, ""cluster_memory_gb"": 0.25, ""cluster_object_store_gb"": 0.13, ""used_cpu"": 0.75}","{""controller"": {""action"": ""hold"", ""available_cpu"": 11.25, ""checkpoint_pending_rows"": 3, ""completed"": 51, ""cpu_headroom_cores"": 6, ""cpu_utilization"": 0.062, ""enabled"": true, ""event_loop_lag_ms"": 17.793, ""hash_active_pages_cap"": 1, ""hash_live_active_pages"": 1, ""hash_pressure_ratio"": 4.0, ""healthy_streak"": 0, ""reason"": ""render_backlog"", ""stage0_inflight_cap"": 1, ""stage0_live_inflight"": 1, ""stage1_fetch_limit_cap"": 1, ""stage1_live_fetch_limit"": 1, ""stage1_pressure_ratio"": 0.0, ""target_cpu_utilization"": 0.82, ""timeout_ratio"": 0.0}, ""hash"": {""aux_queue_depth"": 0, ""backlog"": 12, ""browser_actors"": 1, ""finalize_queue_depth"": 0, ""pending"": 1, ""render_queue_depth"": 13, ""render_trace_rows"": 0}, ""matches"": 6, ""stage0"": {""hits"": 35, ""misses"": 29, ""remaining"": 1715, ""skipped"": 0}, ""stage1"": {""backlog"": 0, ""enrich_actors"": 0, ""fetch_actors"": 1, ""pending"": 0, ""progress"": {""dns_gate_accepted"": 19, ""dns_gate_filtered"": 10, ""dns_hit_gate_accepted"": 19, ""dns_hit_gate_passthrough"": 16, ""escalated"": 0, ""failed"": 4, ""fallback_dns"": 0, ""fetched"": 0, ""head_only"": 0, ""timeout"": 0}}}"
run_20260413T113749Z,2026-04-13T11:42:20+00:00,shortlist,shortlist,,snapshot,{},{},{},"{""available_cpu"": 11.25, ""available_memory_gb"": 0.25, ""available_object_store_gb"": 0.13, ""cluster_cpu"": 12.0, ""cluster_memory_gb"": 0.25, ""cluster_object_store_gb"": 0.13, ""used_cpu"": 0.75}","{""controller"": {""action"": ""hold"", ""available_cpu"": 11.25, ""checkpoint_pending_rows"": 1, ""completed"": 51, ""cpu_headroom_cores"": 6, ""cpu_utilization"": 0.062, ""enabled"": true, ""event_loop_lag_ms"": 16.028, ""hash_active_pages_cap"": 1, ""hash_live_active_pages"": 1, ""hash_pressure_ratio"": 4.0, ""healthy_streak"": 0, ""reason"": ""render_backlog"", ""stage0_inflight_cap"": 1, ""stage0_live_inflight"": 1, ""stage1_fetch_limit_cap"": 1, ""stage1_live_fetch_limit"": 1, ""stage1_pressure_ratio"": 0.0, ""target_cpu_utilization"": 0.82, ""timeout_ratio"": 0.0}, ""hash"": {""aux_queue_depth"": 0, ""backlog"": 12, ""browser_actors"": 1, ""finalize_queue_depth"": 0, ""pending"": 1, ""render_queue_depth"": 13, ""render_trace_rows"": 0}, ""matches"": 6, ""stage0"": {""hits"": 35, ""misses"": 29, ""remaining"": 1715, ""skipped"": 0}, ""stage1"": {""backlog"": 0, ""enrich_actors"": 0, ""fetch_actors"": 1, ""pending"": 0, ""progress"": {""dns_gate_accepted"": 19, ""dns_gate_filtered"": 10, ""dns_hit_gate_accepted"": 19, ""dns_hit_gate_passthrough"": 16, ""escalated"": 0, ""failed"": 4, ""fallback_dns"": 0, ""fetched"": 0, ""head_only"": 0, ""timeout"": 0}}}"
run_20260413T113749Z,2026-04-13T11:42:25+00:00,shortlist,shortlist,,snapshot,{},{},{},"{""available_cpu"": 11.25, ""available_memory_gb"": 0.25, ""available_object_store_gb"": 0.13, ""cluster_cpu"": 12.0, ""cluster_memory_gb"": 0.25, ""cluster_object_store_gb"": 0.13, ""used_cpu"": 0.75}","{""controller"": {""action"": ""hold"", ""available_cpu"": 11.25, ""checkpoint_pending_rows"": 3, ""completed"": 51, ""cpu_headroom_cores"": 6, ""cpu_utilization"": 0.062, ""enabled"": true, ""event_loop_lag_ms"": 10.378, ""hash_active_pages_cap"": 1, ""hash_live_active_pages"": 1, ""hash_pressure_ratio"": 4.0, ""healthy_streak"": 0, ""reason"": ""render_backlog"", ""stage0_inflight_cap"": 1, ""stage0_live_inflight"": 1, ""stage1_fetch_limit_cap"": 1, ""stage1_live_fetch_limit"": 1, ""stage1_pressure_ratio"": 0.0, ""target_cpu_utilization"": 0.82, ""timeout_ratio"": 0.0}, ""hash"": {""aux_queue_depth"": 0, ""backlog"": 12, ""browser_actors"": 1, ""finalize_queue_depth"": 0, ""pending"": 1, ""render_queue_depth"": 13, ""render_trace_rows"": 0}, ""matches"": 6, ""stage0"": {""hits"": 35, ""misses"": 29, ""remaining"": 1715, ""skipped"": 0}, ""stage1"": {""backlog"": 0, ""enrich_actors"": 0, ""fetch_actors"": 1, ""pending"": 0, ""progress"": {""dns_gate_accepted"": 19, ""dns_gate_filtered"": 10, ""dns_hit_gate_accepted"": 19, ""dns_hit_gate_passthrough"": 16, ""escalated"": 0, ""failed"": 4, ""fallback_dns"": 0, ""fetched"": 0, ""head_only"": 0, ""timeout"": 0}}}"
run_20260413T113749Z,2026-04-13T11:42:30+00:00,shortlist,shortlist,,snapshot,{},{},{},"{""available_cpu"": 11.25, ""available_memory_gb"": 0.25, ""available_object_store_gb"": 0.13, ""cluster_cpu"": 12.0, ""cluster_memory_gb"": 0.25, ""cluster_object_store_gb"": 0.13, ""used_cpu"": 0.75}","{""controller"": {""action"": ""hold"", ""available_cpu"": 11.25, ""checkpoint_pending_rows"": 2, ""completed"": 51, ""cpu_headroom_cores"": 6, ""cpu_utilization"": 0.062, ""enabled"": true, ""event_loop_lag_ms"": 6.763, ""hash_active_pages_cap"": 1, ""hash_live_active_pages"": 1, ""hash_pressure_ratio"": 4.0, ""healthy_streak"": 0, ""reason"": ""render_backlog"", ""stage0_inflight_cap"": 1, ""stage0_live_inflight"": 1, ""stage1_fetch_limit_cap"": 1, ""stage1_live_fetch_limit"": 1, ""stage1_pressure_ratio"": 0.0, ""target_cpu_utilization"": 0.82, ""timeout_ratio"": 0.0}, ""hash"": {""aux_queue_depth"": 0, ""backlog"": 12, ""browser_actors"": 1, ""finalize_queue_depth"": 0, ""pending"": 1, ""render_queue_depth"": 13, ""render_trace_rows"": 0}, ""matches"": 6, ""stage0"": {""hits"": 35, ""misses"": 29, ""remaining"": 1715, ""skipped"": 0}, ""stage1"": {""backlog"": 0, ""enrich_actors"": 0, ""fetch_actors"": 1, ""pending"": 0, ""progress"": {""dns_gate_accepted"": 19, ""dns_gate_filtered"": 10, ""dns_hit_gate_accepted"": 19, ""dns_hit_gate_passthrough"": 16, ""escalated"": 0, ""failed"": 4, ""fallback_dns"": 0, ""fetched"": 0, ""head_only"": 0, ""timeout"": 0}}}"
run_20260413T113749Z,2026-04-13T11:42:35+00:00,shortlist,shortlist,,snapshot,{},{},{},"{""available_cpu"": 11.25, ""available_memory_gb"": 0.25, ""available_object_store_gb"": 0.13, ""cluster_cpu"": 12.0, ""cluster_memory_gb"": 0.25, ""cluster_object_store_gb"": 0.13, ""used_cpu"": 0.75}","{""controller"": {""action"": ""hold"", ""available_cpu"": 11.25, ""checkpoint_pending_rows"": 4, ""completed"": 51, ""cpu_headroom_cores"": 6, ""cpu_utilization"": 0.062, ""enabled"": true, ""event_loop_lag_ms"": 8.059, ""hash_active_pages_cap"": 1, ""hash_live_active_pages"": 1, ""hash_pressure_ratio"": 4.0, ""healthy_streak"": 0, ""reason"": ""render_backlog"", ""stage0_inflight_cap"": 1, ""stage0_live_inflight"": 1, ""stage1_fetch_limit_cap"": 1, ""stage1_live_fetch_limit"": 1, ""stage1_pressure_ratio"": 0.0, ""target_cpu_utilization"": 0.82, ""timeout_ratio"": 0.0}, ""hash"": {""aux_queue_depth"": 0, ""backlog"": 12, ""browser_actors"": 1, ""finalize_queue_depth"": 0, ""pending"": 1, ""render_queue_depth"": 13, ""render_trace_rows"": 0}, ""matches"": 6, ""stage0"": {""hits"": 35, ""misses"": 29, ""remaining"": 1715, ""skipped"": 0}, ""stage1"": {""backlog"": 0, ""enrich_actors"": 0, ""fetch_actors"": 1, ""pending"": 0, ""progress"": {""dns_gate_accepted"": 19, ""dns_gate_filtered"": 10, ""dns_hit_gate_accepted"": 19, ""dns_hit_gate_passthrough"": 16, ""escalated"": 0, ""failed"": 4, ""fallback_dns"": 0, ""fetched"": 0, ""head_only"": 0, ""timeout"": 0}}}"
run_20260413T113749Z,2026-04-13T11:42:40+00:00,shortlist,shortlist,,snapshot,{},{},{},"{""available_cpu"": 11.25, ""available_memory_gb"": 0.25, ""available_object_store_gb"": 0.13, ""cluster_cpu"": 12.0, ""cluster_memory_gb"": 0.25, ""cluster_object_store_gb"": 0.13, ""used_cpu"": 0.75}","{""controller"": {""action"": ""hold"", ""available_cpu"": 11.25, ""checkpoint_pending_rows"": 1, ""completed"": 51, ""cpu_headroom_cores"": 6, ""cpu_utilization"": 0.062, ""enabled"": true, ""event_loop_lag_ms"": 0.0, ""hash_active_pages_cap"": 1, ""hash_live_active_pages"": 1, ""hash_pressure_ratio"": 4.0, ""healthy_streak"": 0, ""reason"": ""render_backlog"", ""stage0_inflight_cap"": 1, ""stage0_live_inflight"": 1, ""stage1_fetch_limit_cap"": 1, ""stage1_live_fetch_limit"": 1, ""stage1_pressure_ratio"": 0.0, ""target_cpu_utilization"": 0.82, ""timeout_ratio"": 0.0}, ""hash"": {""aux_queue_depth"": 0, ""backlog"": 12, ""browser_actors"": 1, ""finalize_queue_depth"": 0, ""pending"": 1, ""render_queue_depth"": 13, ""render_trace_rows"": 0}, ""matches"": 6, ""stage0"": {""hits"": 35, ""misses"": 29, ""remaining"": 1715, ""skipped"": 0}, ""stage1"": {""backlog"": 0, ""enrich_actors"": 0, ""fetch_actors"": 1, ""pending"": 0, ""progress"": {""dns_gate_accepted"": 19, ""dns_gate_filtered"": 10, ""dns_hit_gate_accepted"": 19, ""dns_hit_gate_passthrough"": 16, ""escalated"": 0, ""failed"": 4, ""fallback_dns"": 0, ""fetched"": 0, ""head_only"": 0, ""timeout"": 0}}}"
run_20260413T113749Z,2026-04-13T11:42:45+00:00,shortlist,shortlist,,snapshot,{},{},{},"{""available_cpu"": 11.25, ""available_memory_gb"": 0.25, ""available_object_store_gb"": 0.13, ""cluster_cpu"": 12.0, ""cluster_memory_gb"": 0.25, ""cluster_object_store_gb"": 0.13, ""used_cpu"": 0.75}","{""controller"": {""action"": ""hold"", ""available_cpu"": 11.25, ""checkpoint_pending_rows"": 3, ""completed"": 51, ""cpu_headroom_cores"": 6, ""cpu_utilization"": 0.062, ""enabled"": true, ""event_loop_lag_ms"": 16.164, ""hash_active_pages_cap"": 1, ""hash_live_active_pages"": 1, ""hash_pressure_ratio"": 4.0, ""healthy_streak"": 0, ""reason"": ""render_backlog"", ""stage0_inflight_cap"": 1, ""stage0_live_inflight"": 1, ""stage1_fetch_limit_cap"": 1, ""stage1_live_fetch_limit"": 1, ""stage1_pressure_ratio"": 0.0, ""target_cpu_utilization"": 0.82, ""timeout_ratio"": 0.0}, ""hash"": {""aux_queue_depth"": 0, ""backlog"": 12, ""browser_actors"": 1, ""finalize_queue_depth"": 0, ""pending"": 1, ""render_queue_depth"": 13, ""render_trace_rows"": 0}, ""matches"": 6, ""stage0"": {""hits"": 35, ""misses"": 29, ""remaining"": 1715, ""skipped"": 0}, ""stage1"": {""backlog"": 0, ""enrich_actors"": 0, ""fetch_actors"": 1, ""pending"": 0, ""progress"": {""dns_gate_accepted"": 19, ""dns_gate_filtered"": 10, ""dns_hit_gate_accepted"": 19, ""dns_hit_gate_passthrough"": 16, ""escalated"": 0, ""failed"": 4, ""fallback_dns"": 0, ""fetched"": 0, ""head_only"": 0, ""timeout"": 0}}}"
run_20260413T113749Z,2026-04-13T11:42:50+00:00,shortlist,shortlist,,snapshot,{},{},{},"{""available_cpu"": 11.25, ""available_memory_gb"": 0.25, ""available_object_store_gb"": 0.13, ""cluster_cpu"": 12.0, ""cluster_memory_gb"": 0.25, ""cluster_object_store_gb"": 0.13, ""used_cpu"": 0.75}","{""controller"": {""action"": ""hold"", ""available_cpu"": 11.25, ""checkpoint_pending_rows"": 1, ""completed"": 51, ""cpu_headroom_cores"": 6, ""cpu_utilization"": 0.062, ""enabled"": true, ""event_loop_lag_ms"": 13.005, ""hash_active_pages_cap"": 1, ""hash_live_active_pages"": 1, ""hash_pressure_ratio"": 4.0, ""healthy_streak"": 0, ""reason"": ""render_backlog"", ""stage0_inflight_cap"": 1, ""stage0_live_inflight"": 1, ""stage1_fetch_limit_cap"": 1, ""stage1_live_fetch_limit"": 1, ""stage1_pressure_ratio"": 0.0, ""target_cpu_utilization"": 0.82, ""timeout_ratio"": 0.0}, ""hash"": {""aux_queue_depth"": 0, ""backlog"": 12, ""browser_actors"": 1, ""finalize_queue_depth"": 0, ""pending"": 1, ""render_queue_depth"": 13, ""render_trace_rows"": 0}, ""matches"": 6, ""stage0"": {""hits"": 35, ""misses"": 29, ""remaining"": 1715, ""skipped"": 0}, ""stage1"": {""backlog"": 0, ""enrich_actors"": 0, ""fetch_actors"": 1, ""pending"": 0, ""progress"": {""dns_gate_accepted"": 19, ""dns_gate_filtered"": 10, ""dns_hit_gate_accepted"": 19, ""dns_hit_gate_passthrough"": 16, ""escalated"": 0, ""failed"": 4, ""fallback_dns"": 0, ""fetched"": 0, ""head_only"": 0, ""timeout"": 0}}}"
run_20260413T113749Z,2026-04-13T11:42:55+00:00,shortlist,shortlist,,snapshot,{},{},{},"{""available_cpu"": 11.25, ""available_memory_gb"": 0.25, ""available_object_store_gb"": 0.13, ""cluster_cpu"": 12.0, ""cluster_memory_gb"": 0.25, ""cluster_object_store_gb"": 0.13, ""used_cpu"": 0.75}","{""controller"": {""action"": ""hold"", ""available_cpu"": 11.25, ""checkpoint_pending_rows"": 3, ""completed"": 51, ""cpu_headroom_cores"": 6, ""cpu_utilization"": 0.062, ""enabled"": true, ""event_loop_lag_ms"": 24.776, ""hash_active_pages_cap"": 1, ""hash_live_active_pages"": 1, ""hash_pressure_ratio"": 4.0, ""healthy_streak"": 0, ""reason"": ""render_backlog"", ""stage0_inflight_cap"": 1, ""stage0_live_inflight"": 1, ""stage1_fetch_limit_cap"": 1, ""stage1_live_fetch_limit"": 1, ""stage1_pressure_ratio"": 0.0, ""target_cpu_utilization"": 0.82, ""timeout_ratio"": 0.0}, ""hash"": {""aux_queue_depth"": 0, ""backlog"": 12, ""browser_actors"": 1, ""finalize_queue_depth"": 0, ""pending"": 1, ""render_queue_depth"": 13, ""render_trace_rows"": 0}, ""matches"": 6, ""stage0"": {""hits"": 35, ""misses"": 29, ""remaining"": 1715, ""skipped"": 0}, ""stage1"": {""backlog"": 0, ""enrich_actors"": 0, ""fetch_actors"": 1, ""pending"": 0, ""progress"": {""dns_gate_accepted"": 19, ""dns_gate_filtered"": 10, ""dns_hit_gate_accepted"": 19, ""dns_hit_gate_passthrough"": 16, ""escalated"": 0, ""failed"": 4, ""fallback_dns"": 0, ""fetched"": 0, ""head_only"": 0, ""timeout"": 0}}}"
run_20260413T113749Z,2026-04-13T11:43:00+00:00,shortlist,shortlist,,snapshot,{},{},{},"{""available_cpu"": 11.25, ""available_memory_gb"": 0.25, ""available_object_store_gb"": 0.13, ""cluster_cpu"": 12.0, ""cluster_memory_gb"": 0.25, ""cluster_object_store_gb"": 0.13, ""used_cpu"": 0.75}","{""controller"": {""action"": ""hold"", ""available_cpu"": 11.25, ""checkpoint_pending_rows"": 1, ""completed"": 51, ""cpu_headroom_cores"": 6, ""cpu_utilization"": 0.062, ""enabled"": true, ""event_loop_lag_ms"": 6.578, ""hash_active_pages_cap"": 1, ""hash_live_active_pages"": 1, ""hash_pressure_ratio"": 4.0, ""healthy_streak"": 0, ""reason"": ""render_backlog"", ""stage0_inflight_cap"": 1, ""stage0_live_inflight"": 1, ""stage1_fetch_limit_cap"": 1, ""stage1_live_fetch_limit"": 1, ""stage1_pressure_ratio"": 0.0, ""target_cpu_utilization"": 0.82, ""timeout_ratio"": 0.0}, ""hash"": {""aux_queue_depth"": 0, ""backlog"": 12, ""browser_actors"": 1, ""finalize_queue_depth"": 0, ""pending"": 1, ""render_queue_depth"": 13, ""render_trace_rows"": 0}, ""matches"": 6, ""stage0"": {""hits"": 35, ""misses"": 29, ""remaining"": 1715, ""skipped"": 0}, ""stage1"": {""backlog"": 0, ""enrich_actors"": 0, ""fetch_actors"": 1, ""pending"": 0, ""progress"": {""dns_gate_accepted"": 19, ""dns_gate_filtered"": 10, ""dns_hit_gate_accepted"": 19, ""dns_hit_gate_passthrough"": 16, ""escalated"": 0, ""failed"": 4, ""fallback_dns"": 0, ""fetched"": 0, ""head_only"": 0, ""timeout"": 0}}}"
run_20260413T113749Z,2026-04-13T11:43:05+00:00,shortlist,shortlist,,snapshot,{},{},{},"{""available_cpu"": 11.25, ""available_memory_gb"": 0.25, ""available_object_store_gb"": 0.13, ""cluster_cpu"": 12.0, ""cluster_memory_gb"": 0.25, ""cluster_object_store_gb"": 0.13, ""used_cpu"": 0.75}","{""controller"": {""action"": ""hold"", ""available_cpu"": 11.25, ""checkpoint_pending_rows"": 3, ""completed"": 51, ""cpu_headroom_cores"": 6, ""cpu_utilization"": 0.062, ""enabled"": true, ""event_loop_lag_ms"": 13.336, ""hash_active_pages_cap"": 1, ""hash_live_active_pages"": 1, ""hash_pressure_ratio"": 4.0, ""healthy_streak"": 0, ""reason"": ""render_backlog"", ""stage0_inflight_cap"": 1, ""stage0_live_inflight"": 1, ""stage1_fetch_limit_cap"": 1, ""stage1_live_fetch_limit"": 1, ""stage1_pressure_ratio"": 0.0, ""target_cpu_utilization"": 0.82, ""timeout_ratio"": 0.0}, ""hash"": {""aux_queue_depth"": 0, ""backlog"": 12, ""browser_actors"": 1, ""finalize_queue_depth"": 0, ""pending"": 1, ""render_queue_depth"": 13, ""render_trace_rows"": 0}, ""matches"": 6, ""stage0"": {""hits"": 35, ""misses"": 29, ""remaining"": 1715, ""skipped"": 0}, ""stage1"": {""backlog"": 0, ""enrich_actors"": 0, ""fetch_actors"": 1, ""pending"": 0, ""progress"": {""dns_gate_accepted"": 19, ""dns_gate_filtered"": 10, ""dns_hit_gate_accepted"": 19, ""dns_hit_gate_passthrough"": 16, ""escalated"": 0, ""failed"": 4, ""fallback_dns"": 0, ""fetched"": 0, ""head_only"": 0, ""timeout"": 0}}}"
run_20260413T113749Z,2026-04-13T11:43:10+00:00,shortlist,shortlist,,snapshot,{},{},{},"{""available_cpu"": 11.25, ""available_memory_gb"": 0.25, ""available_object_store_gb"": 0.13, ""cluster_cpu"": 12.0, ""cluster_memory_gb"": 0.25, ""cluster_object_store_gb"": 0.13, ""used_cpu"": 0.75}","{""controller"": {""action"": ""hold"", ""available_cpu"": 11.25, ""checkpoint_pending_rows"": 1, ""completed"": 51, ""cpu_headroom_cores"": 6, ""cpu_utilization"": 0.062, ""enabled"": true, ""event_loop_lag_ms"": 13.972, ""hash_active_pages_cap"": 1, ""hash_live_active_pages"": 1, ""hash_pressure_ratio"": 4.0, ""healthy_streak"": 0, ""reason"": ""render_backlog"", ""stage0_inflight_cap"": 1, ""stage0_live_inflight"": 1, ""stage1_fetch_limit_cap"": 1, ""stage1_live_fetch_limit"": 1, ""stage1_pressure_ratio"": 0.0, ""target_cpu_utilization"": 0.82, ""timeout_ratio"": 0.0}, ""hash"": {""aux_queue_depth"": 0, ""backlog"": 12, ""browser_actors"": 1, ""finalize_queue_depth"": 0, ""pending"": 1, ""render_queue_depth"": 13, ""render_trace_rows"": 0}, ""matches"": 6, ""stage0"": {""hits"": 35, ""misses"": 29, ""remaining"": 1715, ""skipped"": 0}, ""stage1"": {""backlog"": 0, ""enrich_actors"": 0, ""fetch_actors"": 1, ""pending"": 0, ""progress"": {""dns_gate_accepted"": 19, ""dns_gate_filtered"": 10, ""dns_hit_gate_accepted"": 19, ""dns_hit_gate_passthrough"": 16, ""escalated"": 0, ""failed"": 4, ""fallback_dns"": 0, ""fetched"": 0, ""head_only"": 0, ""timeout"": 0}}}"
run_20260413T113749Z,2026-04-13T11:43:15+00:00,shortlist,shortlist,,snapshot,{},{},{},"{""available_cpu"": 11.25, ""available_memory_gb"": 0.25, ""available_object_store_gb"": 0.13, ""cluster_cpu"": 12.0, ""cluster_memory_gb"": 0.25, ""cluster_object_store_gb"": 0.13, ""used_cpu"": 0.75}","{""controller"": {""action"": ""hold"", ""available_cpu"": 11.25, ""checkpoint_pending_rows"": 3, ""completed"": 51, ""cpu_headroom_cores"": 6, ""cpu_utilization"": 0.062, ""enabled"": true, ""event_loop_lag_ms"": 18.528, ""hash_active_pages_cap"": 1, ""hash_live_active_pages"": 1, ""hash_pressure_ratio"": 4.0, ""healthy_streak"": 0, ""reason"": ""render_backlog"", ""stage0_inflight_cap"": 1, ""stage0_live_inflight"": 1, ""stage1_fetch_limit_cap"": 1, ""stage1_live_fetch_limit"": 1, ""stage1_pressure_ratio"": 0.0, ""target_cpu_utilization"": 0.82, ""timeout_ratio"": 0.0}, ""hash"": {""aux_queue_depth"": 0, ""backlog"": 12, ""browser_actors"": 1, ""finalize_queue_depth"": 0, ""pending"": 1, ""render_queue_depth"": 13, ""render_trace_rows"": 0}, ""matches"": 6, ""stage0"": {""hits"": 35, ""misses"": 29, ""remaining"": 1715, ""skipped"": 0}, ""stage1"": {""backlog"": 0, ""enrich_actors"": 0, ""fetch_actors"": 1, ""pending"": 0, ""progress"": {""dns_gate_accepted"": 19, ""dns_gate_filtered"": 10, ""dns_hit_gate_accepted"": 19, ""dns_hit_gate_passthrough"": 16, ""escalated"": 0, ""failed"": 4, ""fallback_dns"": 0, ""fetched"": 0, ""head_only"": 0, ""timeout"": 0}}}"
run_20260413T113749Z,2026-04-13T11:43:20+00:00,shortlist,shortlist,,snapshot,{},{},{},"{""available_cpu"": 11.25, ""available_memory_gb"": 0.25, ""available_object_store_gb"": 0.13, ""cluster_cpu"": 12.0, ""cluster_memory_gb"": 0.25, ""cluster_object_store_gb"": 0.13, ""used_cpu"": 0.75}","{""controller"": {""action"": ""hold"", ""available_cpu"": 11.25, ""checkpoint_pending_rows"": 1, ""completed"": 51, ""cpu_headroom_cores"": 6, ""cpu_utilization"": 0.062, ""enabled"": true, ""event_loop_lag_ms"": 17.984, ""hash_active_pages_cap"": 1, ""hash_live_active_pages"": 1, ""hash_pressure_ratio"": 4.0, ""healthy_streak"": 0, ""reason"": ""render_backlog"", ""stage0_inflight_cap"": 1, ""stage0_live_inflight"": 1, ""stage1_fetch_limit_cap"": 1, ""stage1_live_fetch_limit"": 1, ""stage1_pressure_ratio"": 0.0, ""target_cpu_utilization"": 0.82, ""timeout_ratio"": 0.0}, ""hash"": {""aux_queue_depth"": 0, ""backlog"": 12, ""browser_actors"": 1, ""finalize_queue_depth"": 0, ""pending"": 1, ""render_queue_depth"": 13, ""render_trace_rows"": 0}, ""matches"": 6, ""stage0"": {""hits"": 35, ""misses"": 29, ""remaining"": 1715, ""skipped"": 0}, ""stage1"": {""backlog"": 0, ""enrich_actors"": 0, ""fetch_actors"": 1, ""pending"": 0, ""progress"": {""dns_gate_accepted"": 19, ""dns_gate_filtered"": 10, ""dns_hit_gate_accepted"": 19, ""dns_hit_gate_passthrough"": 16, ""escalated"": 0, ""failed"": 4, ""fallback_dns"": 0, ""fetched"": 0, ""head_only"": 0, ""timeout"": 0}}}"
run_20260413T113749Z,2026-04-13T11:43:25+00:00,shortlist,shortlist,,snapshot,{},{},{},"{""available_cpu"": 11.25, ""available_memory_gb"": 0.25, ""available_object_store_gb"": 0.13, ""cluster_cpu"": 12.0, ""cluster_memory_gb"": 0.25, ""cluster_object_store_gb"": 0.13, ""used_cpu"": 0.75}","{""controller"": {""action"": ""hold"", ""available_cpu"": 11.25, ""checkpoint_pending_rows"": 3, ""completed"": 51, ""cpu_headroom_cores"": 6, ""cpu_utilization"": 0.062, ""enabled"": true, ""event_loop_lag_ms"": 1.483, ""hash_active_pages_cap"": 1, ""hash_live_active_pages"": 1, ""hash_pressure_ratio"": 4.0, ""healthy_streak"": 0, ""reason"": ""render_backlog"", ""stage0_inflight_cap"": 1, ""stage0_live_inflight"": 1, ""stage1_fetch_limit_cap"": 1, ""stage1_live_fetch_limit"": 1, ""stage1_pressure_ratio"": 0.0, ""target_cpu_utilization"": 0.82, ""timeout_ratio"": 0.0}, ""hash"": {""aux_queue_depth"": 0, ""backlog"": 12, ""browser_actors"": 1, ""finalize_queue_depth"": 0, ""pending"": 1, ""render_queue_depth"": 13, ""render_trace_rows"": 0}, ""matches"": 6, ""stage0"": {""hits"": 35, ""misses"": 29, ""remaining"": 1715, ""skipped"": 0}, ""stage1"": {""backlog"": 0, ""enrich_actors"": 0, ""fetch_actors"": 1, ""pending"": 0, ""progress"": {""dns_gate_accepted"": 19, ""dns_gate_filtered"": 10, ""dns_hit_gate_accepted"": 19, ""dns_hit_gate_passthrough"": 16, ""escalated"": 0, ""failed"": 4, ""fallback_dns"": 0, ""fetched"": 0, ""head_only"": 0, ""timeout"": 0}}}"
run_20260413T113749Z,2026-04-13T11:43:30+00:00,shortlist,shortlist,,snapshot,{},{},{},"{""available_cpu"": 11.25, ""available_memory_gb"": 0.25, ""available_object_store_gb"": 0.13, ""cluster_cpu"": 12.0, ""cluster_memory_gb"": 0.25, ""cluster_object_store_gb"": 0.13, ""used_cpu"": 0.75}","{""controller"": {""action"": ""hold"", ""available_cpu"": 11.25, ""checkpoint_pending_rows"": 1, ""completed"": 51, ""cpu_headroom_cores"": 6, ""cpu_utilization"": 0.062, ""enabled"": true, ""event_loop_lag_ms"": 19.486, ""hash_active_pages_cap"": 1, ""hash_live_active_pages"": 1, ""hash_pressure_ratio"": 4.0, ""healthy_streak"": 0, ""reason"": ""render_backlog"", ""stage0_inflight_cap"": 1, ""stage0_live_inflight"": 1, ""stage1_fetch_limit_cap"": 1, ""stage1_live_fetch_limit"": 1, ""stage1_pressure_ratio"": 0.0, ""target_cpu_utilization"": 0.82, ""timeout_ratio"": 0.0}, ""hash"": {""aux_queue_depth"": 0, ""backlog"": 12, ""browser_actors"": 1, ""finalize_queue_depth"": 0, ""pending"": 1, ""render_queue_depth"": 13, ""render_trace_rows"": 0}, ""matches"": 6, ""stage0"": {""hits"": 35, ""misses"": 29, ""remaining"": 1715, ""skipped"": 0}, ""stage1"": {""backlog"": 0, ""enrich_actors"": 0, ""fetch_actors"": 1, ""pending"": 0, ""progress"": {""dns_gate_accepted"": 19, ""dns_gate_filtered"": 10, ""dns_hit_gate_accepted"": 19, ""dns_hit_gate_passthrough"": 16, ""escalated"": 0, ""failed"": 4, ""fallback_dns"": 0, ""fetched"": 0, ""head_only"": 0, ""timeout"": 0}}}"
run_20260413T113749Z,2026-04-13T11:43:35+00:00,shortlist,shortlist,,snapshot,{},{},{},"{""available_cpu"": 11.25, ""available_memory_gb"": 0.25, ""available_object_store_gb"": 0.13, ""cluster_cpu"": 12.0, ""cluster_memory_gb"": 0.25, ""cluster_object_store_gb"": 0.13, ""used_cpu"": 0.75}","{""controller"": {""action"": ""hold"", ""available_cpu"": 11.25, ""checkpoint_pending_rows"": 3, ""completed"": 51, ""cpu_headroom_cores"": 6, ""cpu_utilization"": 0.062, ""enabled"": true, ""event_loop_lag_ms"": 1.772, ""hash_active_pages_cap"": 1, ""hash_live_active_pages"": 1, ""hash_pressure_ratio"": 4.0, ""healthy_streak"": 0, ""reason"": ""render_backlog"", ""stage0_inflight_cap"": 1, ""stage0_live_inflight"": 1, ""stage1_fetch_limit_cap"": 1, ""stage1_live_fetch_limit"": 1, ""stage1_pressure_ratio"": 0.0, ""target_cpu_utilization"": 0.82, ""timeout_ratio"": 0.0}, ""hash"": {""aux_queue_depth"": 0, ""backlog"": 12, ""browser_actors"": 1, ""finalize_queue_depth"": 0, ""pending"": 1, ""render_queue_depth"": 13, ""render_trace_rows"": 0}, ""matches"": 6, ""stage0"": {""hits"": 35, ""misses"": 29, ""remaining"": 1715, ""skipped"": 0}, ""stage1"": {""backlog"": 0, ""enrich_actors"": 0, ""fetch_actors"": 1, ""pending"": 0, ""progress"": {""dns_gate_accepted"": 19, ""dns_gate_filtered"": 10, ""dns_hit_gate_accepted"": 19, ""dns_hit_gate_passthrough"": 16, ""escalated"": 0, ""failed"": 4, ""fallback_dns"": 0, ""fetched"": 0, ""head_only"": 0, ""timeout"": 0}}}"
run_20260413T113749Z,2026-04-13T11:43:40+00:00,shortlist,shortlist,,snapshot,{},{},{},"{""available_cpu"": 11.25, ""available_memory_gb"": 0.25, ""available_object_store_gb"": 0.13, ""cluster_cpu"": 12.0, ""cluster_memory_gb"": 0.25, ""cluster_object_store_gb"": 0.13, ""used_cpu"": 0.75}","{""controller"": {""action"": ""hold"", ""available_cpu"": 11.25, ""checkpoint_pending_rows"": 1, ""completed"": 51, ""cpu_headroom_cores"": 6, ""cpu_utilization"": 0.062, ""enabled"": true, ""event_loop_lag_ms"": 13.856, ""hash_active_pages_cap"": 1, ""hash_live_active_pages"": 1, ""hash_pressure_ratio"": 4.0, ""healthy_streak"": 0, ""reason"": ""render_backlog"", ""stage0_inflight_cap"": 1, ""stage0_live_inflight"": 1, ""stage1_fetch_limit_cap"": 1, ""stage1_live_fetch_limit"": 1, ""stage1_pressure_ratio"": 0.0, ""target_cpu_utilization"": 0.82, ""timeout_ratio"": 0.0}, ""hash"": {""aux_queue_depth"": 0, ""backlog"": 12, ""browser_actors"": 1, ""finalize_queue_depth"": 0, ""pending"": 1, ""render_queue_depth"": 13, ""render_trace_rows"": 0}, ""matches"": 6, ""stage0"": {""hits"": 35, ""misses"": 29, ""remaining"": 1715, ""skipped"": 0}, ""stage1"": {""backlog"": 0, ""enrich_actors"": 0, ""fetch_actors"": 1, ""pending"": 0, ""progress"": {""dns_gate_accepted"": 19, ""dns_gate_filtered"": 10, ""dns_hit_gate_accepted"": 19, ""dns_hit_gate_passthrough"": 16, ""escalated"": 0, ""failed"": 4, ""fallback_dns"": 0, ""fetched"": 0, ""head_only"": 0, ""timeout"": 0}}}"
run_20260413T113749Z,2026-04-13T11:43:45+00:00,shortlist,shortlist,,snapshot,{},{},{},"{""available_cpu"": 11.25, ""available_memory_gb"": 0.25, ""available_object_store_gb"": 0.13, ""cluster_cpu"": 12.0, ""cluster_memory_gb"": 0.25, ""cluster_object_store_gb"": 0.13, ""used_cpu"": 0.75}","{""controller"": {""action"": ""hold"", ""available_cpu"": 11.25, ""checkpoint_pending_rows"": 3, ""completed"": 51, ""cpu_headroom_cores"": 6, ""cpu_utilization"": 0.062, ""enabled"": true, ""event_loop_lag_ms"": 15.49, ""hash_active_pages_cap"": 1, ""hash_live_active_pages"": 1, ""hash_pressure_ratio"": 4.0, ""healthy_streak"": 0, ""reason"": ""render_backlog"", ""stage0_inflight_cap"": 1, ""stage0_live_inflight"": 1, ""stage1_fetch_limit_cap"": 1, ""stage1_live_fetch_limit"": 1, ""stage1_pressure_ratio"": 0.0, ""target_cpu_utilization"": 0.82, ""timeout_ratio"": 0.0}, ""hash"": {""aux_queue_depth"": 0, ""backlog"": 12, ""browser_actors"": 1, ""finalize_queue_depth"": 0, ""pending"": 1, ""render_queue_depth"": 13, ""render_trace_rows"": 0}, ""matches"": 6, ""stage0"": {""hits"": 35, ""misses"": 29, ""remaining"": 1715, ""skipped"": 0}, ""stage1"": {""backlog"": 0, ""enrich_actors"": 0, ""fetch_actors"": 1, ""pending"": 0, ""progress"": {""dns_gate_accepted"": 19, ""dns_gate_filtered"": 10, ""dns_hit_gate_accepted"": 19, ""dns_hit_gate_passthrough"": 16, ""escalated"": 0, ""failed"": 4, ""fallback_dns"": 0, ""fetched"": 0, ""head_only"": 0, ""timeout"": 0}}}"
run_20260413T113749Z,2026-04-13T11:43:50+00:00,shortlist,shortlist,,snapshot,{},{},{},"{""available_cpu"": 11.25, ""available_memory_gb"": 0.25, ""available_object_store_gb"": 0.13, ""cluster_cpu"": 12.0, ""cluster_memory_gb"": 0.25, ""cluster_object_store_gb"": 0.13, ""used_cpu"": 0.75}","{""controller"": {""action"": ""hold"", ""available_cpu"": 11.25, ""checkpoint_pending_rows"": 1, ""completed"": 51, ""cpu_headroom_cores"": 6, ""cpu_utilization"": 0.062, ""enabled"": true, ""event_loop_lag_ms"": 18.068, ""hash_active_pages_cap"": 1, ""hash_live_active_pages"": 1, ""hash_pressure_ratio"": 4.0, ""healthy_streak"": 0, ""reason"": ""render_backlog"", ""stage0_inflight_cap"": 1, ""stage0_live_inflight"": 1, ""stage1_fetch_limit_cap"": 1, ""stage1_live_fetch_limit"": 1, ""stage1_pressure_ratio"": 0.0, ""target_cpu_utilization"": 0.82, ""timeout_ratio"": 0.0}, ""hash"": {""aux_queue_depth"": 0, ""backlog"": 12, ""browser_actors"": 1, ""finalize_queue_depth"": 0, ""pending"": 1, ""render_queue_depth"": 13, ""render_trace_rows"": 0}, ""matches"": 6, ""stage0"": {""hits"": 35, ""misses"": 29, ""remaining"": 1715, ""skipped"": 0}, ""stage1"": {""backlog"": 0, ""enrich_actors"": 0, ""fetch_actors"": 1, ""pending"": 0, ""progress"": {""dns_gate_accepted"": 19, ""dns_gate_filtered"": 10, ""dns_hit_gate_accepted"": 19, ""dns_hit_gate_passthrough"": 16, ""escalated"": 0, ""failed"": 4, ""fallback_dns"": 0, ""fetched"": 0, ""head_only"": 0, ""timeout"": 0}}}"
run_20260413T113749Z,2026-04-13T11:43:55+00:00,shortlist,shortlist,,snapshot,{},{},{},"{""available_cpu"": 11.25, ""available_memory_gb"": 0.25, ""available_object_store_gb"": 0.13, ""cluster_cpu"": 12.0, ""cluster_memory_gb"": 0.25, ""cluster_object_store_gb"": 0.13, ""used_cpu"": 0.75}","{""controller"": {""action"": ""hold"", ""available_cpu"": 11.25, ""checkpoint_pending_rows"": 3, ""completed"": 52, ""cpu_headroom_cores"": 6, ""cpu_utilization"": 0.062, ""enabled"": true, ""event_loop_lag_ms"": 6.355, ""hash_active_pages_cap"": 1, ""hash_live_active_pages"": 1, ""hash_pressure_ratio"": 4.0, ""healthy_streak"": 0, ""reason"": ""render_backlog"", ""stage0_inflight_cap"": 1, ""stage0_live_inflight"": 1, ""stage1_fetch_limit_cap"": 1, ""stage1_live_fetch_limit"": 1, ""stage1_pressure_ratio"": 0.0, ""target_cpu_utilization"": 0.82, ""timeout_ratio"": 0.0}, ""hash"": {""aux_queue_depth"": 0, ""backlog"": 11, ""browser_actors"": 1, ""finalize_queue_depth"": 0, ""pending"": 1, ""render_queue_depth"": 13, ""render_trace_rows"": 0}, ""matches"": 7, ""stage0"": {""hits"": 35, ""misses"": 29, ""remaining"": 1715, ""skipped"": 0}, ""stage1"": {""backlog"": 0, ""enrich_actors"": 0, ""fetch_actors"": 1, ""pending"": 0, ""progress"": {""dns_gate_accepted"": 19, ""dns_gate_filtered"": 10, ""dns_hit_gate_accepted"": 19, ""dns_hit_gate_passthrough"": 16, ""escalated"": 0, ""failed"": 4, ""fallback_dns"": 0, ""fetched"": 0, ""head_only"": 0, ""timeout"": 0}}}"
run_20260413T113749Z,2026-04-13T11:44:00+00:00,shortlist,shortlist,,snapshot,{},{},{},"{""available_cpu"": 11.25, ""available_memory_gb"": 0.25, ""available_object_store_gb"": 0.13, ""cluster_cpu"": 12.0, ""cluster_memory_gb"": 0.25, ""cluster_object_store_gb"": 0.13, ""used_cpu"": 0.75}","{""controller"": {""action"": ""hold"", ""available_cpu"": 11.25, ""checkpoint_pending_rows"": 6, ""completed"": 52, ""cpu_headroom_cores"": 6, ""cpu_utilization"": 0.062, ""enabled"": true, ""event_loop_lag_ms"": 10.705, ""hash_active_pages_cap"": 1, ""hash_live_active_pages"": 1, ""hash_pressure_ratio"": 3.667, ""healthy_streak"": 0, ""reason"": ""render_backlog"", ""stage0_inflight_cap"": 1, ""stage0_live_inflight"": 1, ""stage1_fetch_limit_cap"": 1, ""stage1_live_fetch_limit"": 1, ""stage1_pressure_ratio"": 0.0, ""target_cpu_utilization"": 0.82, ""timeout_ratio"": 0.0}, ""hash"": {""aux_queue_depth"": 0, ""backlog"": 11, ""browser_actors"": 1, ""finalize_queue_depth"": 0, ""pending"": 1, ""render_queue_depth"": 13, ""render_trace_rows"": 0}, ""matches"": 7, ""stage0"": {""hits"": 35, ""misses"": 29, ""remaining"": 1715, ""skipped"": 0}, ""stage1"": {""backlog"": 0, ""enrich_actors"": 0, ""fetch_actors"": 1, ""pending"": 0, ""progress"": {""dns_gate_accepted"": 19, ""dns_gate_filtered"": 10, ""dns_hit_gate_accepted"": 19, ""dns_hit_gate_passthrough"": 16, ""escalated"": 0, ""failed"": 4, ""fallback_dns"": 0, ""fetched"": 0, ""head_only"": 0, ""timeout"": 0}}}"
run_20260413T113749Z,2026-04-13T11:44:05+00:00,shortlist,shortlist,,snapshot,{},{},{},"{""available_cpu"": 11.25, ""available_memory_gb"": 0.25, ""available_object_store_gb"": 0.13, ""cluster_cpu"": 12.0, ""cluster_memory_gb"": 0.25, ""cluster_object_store_gb"": 0.13, ""used_cpu"": 0.75}","{""controller"": {""action"": ""hold"", ""available_cpu"": 11.25, ""checkpoint_pending_rows"": 9, ""completed"": 52, ""cpu_headroom_cores"": 6, ""cpu_utilization"": 0.062, ""enabled"": true, ""event_loop_lag_ms"": 7.23, ""hash_active_pages_cap"": 1, ""hash_live_active_pages"": 1, ""hash_pressure_ratio"": 3.667, ""healthy_streak"": 0, ""reason"": ""render_backlog"", ""stage0_inflight_cap"": 1, ""stage0_live_inflight"": 1, ""stage1_fetch_limit_cap"": 1, ""stage1_live_fetch_limit"": 1, ""stage1_pressure_ratio"": 0.0, ""target_cpu_utilization"": 0.82, ""timeout_ratio"": 0.0}, ""hash"": {""aux_queue_depth"": 0, ""backlog"": 11, ""browser_actors"": 1, ""finalize_queue_depth"": 0, ""pending"": 1, ""render_queue_depth"": 13, ""render_trace_rows"": 0}, ""matches"": 7, ""stage0"": {""hits"": 35, ""misses"": 29, ""remaining"": 1715, ""skipped"": 0}, ""stage1"": {""backlog"": 0, ""enrich_actors"": 0, ""fetch_actors"": 1, ""pending"": 0, ""progress"": {""dns_gate_accepted"": 19, ""dns_gate_filtered"": 10, ""dns_hit_gate_accepted"": 19, ""dns_hit_gate_passthrough"": 16, ""escalated"": 0, ""failed"": 4, ""fallback_dns"": 0, ""fetched"": 0, ""head_only"": 0, ""timeout"": 0}}}"
run_20260413T113749Z,2026-04-13T11:44:11+00:00,shortlist,shortlist,,snapshot,{},{},{},"{""available_cpu"": 11.25, ""available_memory_gb"": 0.25, ""available_object_store_gb"": 0.13, ""cluster_cpu"": 12.0, ""cluster_memory_gb"": 0.25, ""cluster_object_store_gb"": 0.13, ""used_cpu"": 0.75}","{""controller"": {""action"": ""hold"", ""available_cpu"": 11.25, ""checkpoint_pending_rows"": 1, ""completed"": 52, ""cpu_headroom_cores"": 6, ""cpu_utilization"": 0.062, ""enabled"": true, ""event_loop_lag_ms"": 13.795, ""hash_active_pages_cap"": 1, ""hash_live_active_pages"": 1, ""hash_pressure_ratio"": 3.667, ""healthy_streak"": 0, ""reason"": ""render_backlog"", ""stage0_inflight_cap"": 1, ""stage0_live_inflight"": 1, ""stage1_fetch_limit_cap"": 1, ""stage1_live_fetch_limit"": 1, ""stage1_pressure_ratio"": 0.0, ""target_cpu_utilization"": 0.82, ""timeout_ratio"": 0.0}, ""hash"": {""aux_queue_depth"": 0, ""backlog"": 11, ""browser_actors"": 1, ""finalize_queue_depth"": 0, ""pending"": 1, ""render_queue_depth"": 13, ""render_trace_rows"": 0}, ""matches"": 7, ""stage0"": {""hits"": 35, ""misses"": 29, ""remaining"": 1715, ""skipped"": 0}, ""stage1"": {""backlog"": 0, ""enrich_actors"": 0, ""fetch_actors"": 1, ""pending"": 0, ""progress"": {""dns_gate_accepted"": 19, ""dns_gate_filtered"": 10, ""dns_hit_gate_accepted"": 19, ""dns_hit_gate_passthrough"": 16, ""escalated"": 0, ""failed"": 4, ""fallback_dns"": 0, ""fetched"": 0, ""head_only"": 0, ""timeout"": 0}}}"
run_20260413T113749Z,2026-04-13T11:44:16+00:00,shortlist,shortlist,,snapshot,{},{},{},"{""available_cpu"": 11.25, ""available_memory_gb"": 0.25, ""available_object_store_gb"": 0.13, ""cluster_cpu"": 12.0, ""cluster_memory_gb"": 0.25, ""cluster_object_store_gb"": 0.13, ""used_cpu"": 0.75}","{""controller"": {""action"": ""hold"", ""available_cpu"": 11.25, ""checkpoint_pending_rows"": 3, ""completed"": 52, ""cpu_headroom_cores"": 6, ""cpu_utilization"": 0.062, ""enabled"": true, ""event_loop_lag_ms"": 9.297, ""hash_active_pages_cap"": 1, ""hash_live_active_pages"": 1, ""hash_pressure_ratio"": 3.667, ""healthy_streak"": 0, ""reason"": ""render_backlog"", ""stage0_inflight_cap"": 1, ""stage0_live_inflight"": 1, ""stage1_fetch_limit_cap"": 1, ""stage1_live_fetch_limit"": 1, ""stage1_pressure_ratio"": 0.0, ""target_cpu_utilization"": 0.82, ""timeout_ratio"": 0.0}, ""hash"": {""aux_queue_depth"": 0, ""backlog"": 11, ""browser_actors"": 1, ""finalize_queue_depth"": 0, ""pending"": 1, ""render_queue_depth"": 13, ""render_trace_rows"": 0}, ""matches"": 7, ""stage0"": {""hits"": 35, ""misses"": 29, ""remaining"": 1715, ""skipped"": 0}, ""stage1"": {""backlog"": 0, ""enrich_actors"": 0, ""fetch_actors"": 1, ""pending"": 0, ""progress"": {""dns_gate_accepted"": 19, ""dns_gate_filtered"": 10, ""dns_hit_gate_accepted"": 19, ""dns_hit_gate_passthrough"": 16, ""escalated"": 0, ""failed"": 4, ""fallback_dns"": 0, ""fetched"": 0, ""head_only"": 0, ""timeout"": 0}}}"
run_20260413T113749Z,2026-04-13T11:44:21+00:00,shortlist,shortlist,,snapshot,{},{},{},"{""available_cpu"": 11.25, ""available_memory_gb"": 0.25, ""available_object_store_gb"": 0.13, ""cluster_cpu"": 12.0, ""cluster_memory_gb"": 0.25, ""cluster_object_store_gb"": 0.13, ""used_cpu"": 0.75}","{""controller"": {""action"": ""hold"", ""available_cpu"": 11.25, ""checkpoint_pending_rows"": 1, ""completed"": 52, ""cpu_headroom_cores"": 6, ""cpu_utilization"": 0.062, ""enabled"": true, ""event_loop_lag_ms"": 13.976, ""hash_active_pages_cap"": 1, ""hash_live_active_pages"": 1, ""hash_pressure_ratio"": 3.667, ""healthy_streak"": 0, ""reason"": ""render_backlog"", ""stage0_inflight_cap"": 1, ""stage0_live_inflight"": 1, ""stage1_fetch_limit_cap"": 1, ""stage1_live_fetch_limit"": 1, ""stage1_pressure_ratio"": 0.0, ""target_cpu_utilization"": 0.82, ""timeout_ratio"": 0.0}, ""hash"": {""aux_queue_depth"": 0, ""backlog"": 11, ""browser_actors"": 1, ""finalize_queue_depth"": 0, ""pending"": 1, ""render_queue_depth"": 13, ""render_trace_rows"": 0}, ""matches"": 7, ""stage0"": {""hits"": 35, ""misses"": 29, ""remaining"": 1715, ""skipped"": 0}, ""stage1"": {""backlog"": 0, ""enrich_actors"": 0, ""fetch_actors"": 1, ""pending"": 0, ""progress"": {""dns_gate_accepted"": 19, ""dns_gate_filtered"": 10, ""dns_hit_gate_accepted"": 19, ""dns_hit_gate_passthrough"": 16, ""escalated"": 0, ""failed"": 4, ""fallback_dns"": 0, ""fetched"": 0, ""head_only"": 0, ""timeout"": 0}}}"
run_20260413T113749Z,2026-04-13T11:44:26+00:00,shortlist,shortlist,,snapshot,{},{},{},"{""available_cpu"": 11.25, ""available_memory_gb"": 0.25, ""available_object_store_gb"": 0.13, ""cluster_cpu"": 12.0, ""cluster_memory_gb"": 0.25, ""cluster_object_store_gb"": 0.13, ""used_cpu"": 0.75}","{""controller"": {""action"": ""hold"", ""available_cpu"": 11.25, ""checkpoint_pending_rows"": 3, ""completed"": 52, ""cpu_headroom_cores"": 6, ""cpu_utilization"": 0.062, ""enabled"": true, ""event_loop_lag_ms"": 4.771, ""hash_active_pages_cap"": 1, ""hash_live_active_pages"": 1, ""hash_pressure_ratio"": 3.667, ""healthy_streak"": 0, ""reason"": ""render_backlog"", ""stage0_inflight_cap"": 1, ""stage0_live_inflight"": 1, ""stage1_fetch_limit_cap"": 1, ""stage1_live_fetch_limit"": 1, ""stage1_pressure_ratio"": 0.0, ""target_cpu_utilization"": 0.82, ""timeout_ratio"": 0.0}, ""hash"": {""aux_queue_depth"": 0, ""backlog"": 11, ""browser_actors"": 1, ""finalize_queue_depth"": 0, ""pending"": 1, ""render_queue_depth"": 13, ""render_trace_rows"": 0}, ""matches"": 7, ""stage0"": {""hits"": 35, ""misses"": 29, ""remaining"": 1715, ""skipped"": 0}, ""stage1"": {""backlog"": 0, ""enrich_actors"": 0, ""fetch_actors"": 1, ""pending"": 0, ""progress"": {""dns_gate_accepted"": 19, ""dns_gate_filtered"": 10, ""dns_hit_gate_accepted"": 19, ""dns_hit_gate_passthrough"": 16, ""escalated"": 0, ""failed"": 4, ""fallback_dns"": 0, ""fetched"": 0, ""head_only"": 0, ""timeout"": 0}}}"
run_20260413T113749Z,2026-04-13T11:44:31+00:00,shortlist,shortlist,,snapshot,{},{},{},"{""available_cpu"": 11.25, ""available_memory_gb"": 0.25, ""available_object_store_gb"": 0.13, ""cluster_cpu"": 12.0, ""cluster_memory_gb"": 0.25, ""cluster_object_store_gb"": 0.13, ""used_cpu"": 0.75}","{""controller"": {""action"": ""hold"", ""available_cpu"": 11.25, ""checkpoint_pending_rows"": 1, ""completed"": 52, ""cpu_headroom_cores"": 6, ""cpu_utilization"": 0.062, ""enabled"": true, ""event_loop_lag_ms"": 14.054, ""hash_active_pages_cap"": 1, ""hash_live_active_pages"": 1, ""hash_pressure_ratio"": 3.667, ""healthy_streak"": 0, ""reason"": ""render_backlog"", ""stage0_inflight_cap"": 1, ""stage0_live_inflight"": 1, ""stage1_fetch_limit_cap"": 1, ""stage1_live_fetch_limit"": 1, ""stage1_pressure_ratio"": 0.0, ""target_cpu_utilization"": 0.82, ""timeout_ratio"": 0.0}, ""hash"": {""aux_queue_depth"": 0, ""backlog"": 11, ""browser_actors"": 1, ""finalize_queue_depth"": 0, ""pending"": 1, ""render_queue_depth"": 13, ""render_trace_rows"": 0}, ""matches"": 7, ""stage0"": {""hits"": 35, ""misses"": 29, ""remaining"": 1715, ""skipped"": 0}, ""stage1"": {""backlog"": 0, ""enrich_actors"": 0, ""fetch_actors"": 1, ""pending"": 0, ""progress"": {""dns_gate_accepted"": 19, ""dns_gate_filtered"": 10, ""dns_hit_gate_accepted"": 19, ""dns_hit_gate_passthrough"": 16, ""escalated"": 0, ""failed"": 4, ""fallback_dns"": 0, ""fetched"": 0, ""head_only"": 0, ""timeout"": 0}}}"
run_20260413T113749Z,2026-04-13T11:44:36+00:00,shortlist,shortlist,,snapshot,{},{},{},"{""available_cpu"": 11.25, ""available_memory_gb"": 0.25, ""available_object_store_gb"": 0.13, ""cluster_cpu"": 12.0, ""cluster_memory_gb"": 0.25, ""cluster_object_store_gb"": 0.13, ""used_cpu"": 0.75}","{""controller"": {""action"": ""hold"", ""available_cpu"": 11.25, ""checkpoint_pending_rows"": 3, ""completed"": 52, ""cpu_headroom_cores"": 6, ""cpu_utilization"": 0.062, ""enabled"": true, ""event_loop_lag_ms"": 10.227, ""hash_active_pages_cap"": 1, ""hash_live_active_pages"": 1, ""hash_pressure_ratio"": 3.667, ""healthy_streak"": 0, ""reason"": ""render_backlog"", ""stage0_inflight_cap"": 1, ""stage0_live_inflight"": 1, ""stage1_fetch_limit_cap"": 1, ""stage1_live_fetch_limit"": 1, ""stage1_pressure_ratio"": 0.0, ""target_cpu_utilization"": 0.82, ""timeout_ratio"": 0.0}, ""hash"": {""aux_queue_depth"": 0, ""backlog"": 11, ""browser_actors"": 1, ""finalize_queue_depth"": 0, ""pending"": 1, ""render_queue_depth"": 13, ""render_trace_rows"": 0}, ""matches"": 7, ""stage0"": {""hits"": 35, ""misses"": 29, ""remaining"": 1715, ""skipped"": 0}, ""stage1"": {""backlog"": 0, ""enrich_actors"": 0, ""fetch_actors"": 1, ""pending"": 0, ""progress"": {""dns_gate_accepted"": 19, ""dns_gate_filtered"": 10, ""dns_hit_gate_accepted"": 19, ""dns_hit_gate_passthrough"": 16, ""escalated"": 0, ""failed"": 4, ""fallback_dns"": 0, ""fetched"": 0, ""head_only"": 0, ""timeout"": 0}}}"
run_20260413T113749Z,2026-04-13T11:44:41+00:00,shortlist,shortlist,,snapshot,{},{},{},"{""available_cpu"": 11.25, ""available_memory_gb"": 0.25, ""available_object_store_gb"": 0.13, ""cluster_cpu"": 12.0, ""cluster_memory_gb"": 0.25, ""cluster_object_store_gb"": 0.13, ""used_cpu"": 0.75}","{""controller"": {""action"": ""hold"", ""available_cpu"": 11.25, ""checkpoint_pending_rows"": 1, ""completed"": 52, ""cpu_headroom_cores"": 6, ""cpu_utilization"": 0.062, ""enabled"": true, ""event_loop_lag_ms"": 8.833, ""hash_active_pages_cap"": 1, ""hash_live_active_pages"": 1, ""hash_pressure_ratio"": 3.667, ""healthy_streak"": 0, ""reason"": ""render_backlog"", ""stage0_inflight_cap"": 1, ""stage0_live_inflight"": 1, ""stage1_fetch_limit_cap"": 1, ""stage1_live_fetch_limit"": 1, ""stage1_pressure_ratio"": 0.0, ""target_cpu_utilization"": 0.82, ""timeout_ratio"": 0.0}, ""hash"": {""aux_queue_depth"": 0, ""backlog"": 11, ""browser_actors"": 1, ""finalize_queue_depth"": 0, ""pending"": 1, ""render_queue_depth"": 13, ""render_trace_rows"": 0}, ""matches"": 7, ""stage0"": {""hits"": 35, ""misses"": 29, ""remaining"": 1715, ""skipped"": 0}, ""stage1"": {""backlog"": 0, ""enrich_actors"": 0, ""fetch_actors"": 1, ""pending"": 0, ""progress"": {""dns_gate_accepted"": 19, ""dns_gate_filtered"": 10, ""dns_hit_gate_accepted"": 19, ""dns_hit_gate_passthrough"": 16, ""escalated"": 0, ""failed"": 4, ""fallback_dns"": 0, ""fetched"": 0, ""head_only"": 0, ""timeout"": 0}}}"
run_20260413T113749Z,2026-04-13T11:44:46+00:00,shortlist,shortlist,,snapshot,{},{},{},"{""available_cpu"": 11.25, ""available_memory_gb"": 0.25, ""available_object_store_gb"": 0.13, ""cluster_cpu"": 12.0, ""cluster_memory_gb"": 0.25, ""cluster_object_store_gb"": 0.13, ""used_cpu"": 0.75}","{""controller"": {""action"": ""hold"", ""available_cpu"": 11.25, ""checkpoint_pending_rows"": 3, ""completed"": 52, ""cpu_headroom_cores"": 6, ""cpu_utilization"": 0.062, ""enabled"": true, ""event_loop_lag_ms"": 6.341, ""hash_active_pages_cap"": 1, ""hash_live_active_pages"": 1, ""hash_pressure_ratio"": 3.667, ""healthy_streak"": 0, ""reason"": ""render_backlog"", ""stage0_inflight_cap"": 1, ""stage0_live_inflight"": 1, ""stage1_fetch_limit_cap"": 1, ""stage1_live_fetch_limit"": 1, ""stage1_pressure_ratio"": 0.0, ""target_cpu_utilization"": 0.82, ""timeout_ratio"": 0.0}, ""hash"": {""aux_queue_depth"": 0, ""backlog"": 11, ""browser_actors"": 1, ""finalize_queue_depth"": 0, ""pending"": 1, ""render_queue_depth"": 13, ""render_trace_rows"": 0}, ""matches"": 7, ""stage0"": {""hits"": 35, ""misses"": 29, ""remaining"": 1715, ""skipped"": 0}, ""stage1"": {""backlog"": 0, ""enrich_actors"": 0, ""fetch_actors"": 1, ""pending"": 0, ""progress"": {""dns_gate_accepted"": 19, ""dns_gate_filtered"": 10, ""dns_hit_gate_accepted"": 19, ""dns_hit_gate_passthrough"": 16, ""escalated"": 0, ""failed"": 4, ""fallback_dns"": 0, ""fetched"": 0, ""head_only"": 0, ""timeout"": 0}}}"
run_20260413T113749Z,2026-04-13T11:44:51+00:00,shortlist,shortlist,,snapshot,{},{},{},"{""available_cpu"": 11.25, ""available_memory_gb"": 0.25, ""available_object_store_gb"": 0.13, ""cluster_cpu"": 12.0, ""cluster_memory_gb"": 0.25, ""cluster_object_store_gb"": 0.13, ""used_cpu"": 0.75}","{""controller"": {""action"": ""hold"", ""available_cpu"": 11.25, ""checkpoint_pending_rows"": 1, ""completed"": 52, ""cpu_headroom_cores"": 6, ""cpu_utilization"": 0.062, ""enabled"": true, ""event_loop_lag_ms"": 13.054, ""hash_active_pages_cap"": 1, ""hash_live_active_pages"": 1, ""hash_pressure_ratio"": 3.667, ""healthy_streak"": 0, ""reason"": ""render_backlog"", ""stage0_inflight_cap"": 1, ""stage0_live_inflight"": 1, ""stage1_fetch_limit_cap"": 1, ""stage1_live_fetch_limit"": 1, ""stage1_pressure_ratio"": 0.0, ""target_cpu_utilization"": 0.82, ""timeout_ratio"": 0.0}, ""hash"": {""aux_queue_depth"": 0, ""backlog"": 11, ""browser_actors"": 1, ""finalize_queue_depth"": 0, ""pending"": 1, ""render_queue_depth"": 13, ""render_trace_rows"": 0}, ""matches"": 7, ""stage0"": {""hits"": 35, ""misses"": 29, ""remaining"": 1715, ""skipped"": 0}, ""stage1"": {""backlog"": 0, ""enrich_actors"": 0, ""fetch_actors"": 1, ""pending"": 0, ""progress"": {""dns_gate_accepted"": 19, ""dns_gate_filtered"": 10, ""dns_hit_gate_accepted"": 19, ""dns_hit_gate_passthrough"": 16, ""escalated"": 0, ""failed"": 4, ""fallback_dns"": 0, ""fetched"": 0, ""head_only"": 0, ""timeout"": 0}}}"
run_20260413T113749Z,2026-04-13T11:44:56+00:00,shortlist,shortlist,,snapshot,{},{},{},"{""available_cpu"": 11.25, ""available_memory_gb"": 0.25, ""available_object_store_gb"": 0.13, ""cluster_cpu"": 12.0, ""cluster_memory_gb"": 0.25, ""cluster_object_store_gb"": 0.13, ""used_cpu"": 0.75}","{""controller"": {""action"": ""hold"", ""available_cpu"": 11.25, ""checkpoint_pending_rows"": 3, ""completed"": 52, ""cpu_headroom_cores"": 6, ""cpu_utilization"": 0.062, ""enabled"": true, ""event_loop_lag_ms"": 15.28, ""hash_active_pages_cap"": 1, ""hash_live_active_pages"": 1, ""hash_pressure_ratio"": 3.667, ""healthy_streak"": 0, ""reason"": ""render_backlog"", ""stage0_inflight_cap"": 1, ""stage0_live_inflight"": 1, ""stage1_fetch_limit_cap"": 1, ""stage1_live_fetch_limit"": 1, ""stage1_pressure_ratio"": 0.0, ""target_cpu_utilization"": 0.82, ""timeout_ratio"": 0.0}, ""hash"": {""aux_queue_depth"": 0, ""backlog"": 11, ""browser_actors"": 1, ""finalize_queue_depth"": 0, ""pending"": 1, ""render_queue_depth"": 13, ""render_trace_rows"": 0}, ""matches"": 7, ""stage0"": {""hits"": 35, ""misses"": 29, ""remaining"": 1715, ""skipped"": 0}, ""stage1"": {""backlog"": 0, ""enrich_actors"": 0, ""fetch_actors"": 1, ""pending"": 0, ""progress"": {""dns_gate_accepted"": 19, ""dns_gate_filtered"": 10, ""dns_hit_gate_accepted"": 19, ""dns_hit_gate_passthrough"": 16, ""escalated"": 0, ""failed"": 4, ""fallback_dns"": 0, ""fetched"": 0, ""head_only"": 0, ""timeout"": 0}}}"
run_20260413T113749Z,2026-04-13T11:45:01+00:00,shortlist,shortlist,,snapshot,{},{},{},"{""available_cpu"": 11.25, ""available_memory_gb"": 0.25, ""available_object_store_gb"": 0.13, ""cluster_cpu"": 12.0, ""cluster_memory_gb"": 0.25, ""cluster_object_store_gb"": 0.13, ""used_cpu"": 0.75}","{""controller"": {""action"": ""hold"", ""available_cpu"": 11.25, ""checkpoint_pending_rows"": 1, ""completed"": 52, ""cpu_headroom_cores"": 6, ""cpu_utilization"": 0.062, ""enabled"": true, ""event_loop_lag_ms"": 8.497, ""hash_active_pages_cap"": 1, ""hash_live_active_pages"": 1, ""hash_pressure_ratio"": 3.667, ""healthy_streak"": 0, ""reason"": ""render_backlog"", ""stage0_inflight_cap"": 1, ""stage0_live_inflight"": 1, ""stage1_fetch_limit_cap"": 1, ""stage1_live_fetch_limit"": 1, ""stage1_pressure_ratio"": 0.0, ""target_cpu_utilization"": 0.82, ""timeout_ratio"": 0.0}, ""hash"": {""aux_queue_depth"": 0, ""backlog"": 11, ""browser_actors"": 1, ""finalize_queue_depth"": 0, ""pending"": 1, ""render_queue_depth"": 13, ""render_trace_rows"": 0}, ""matches"": 7, ""stage0"": {""hits"": 35, ""misses"": 29, ""remaining"": 1715, ""skipped"": 0}, ""stage1"": {""backlog"": 0, ""enrich_actors"": 0, ""fetch_actors"": 1, ""pending"": 0, ""progress"": {""dns_gate_accepted"": 19, ""dns_gate_filtered"": 10, ""dns_hit_gate_accepted"": 19, ""dns_hit_gate_passthrough"": 16, ""escalated"": 0, ""failed"": 4, ""fallback_dns"": 0, ""fetched"": 0, ""head_only"": 0, ""timeout"": 0}}}"
run_20260413T113749Z,2026-04-13T11:45:06+00:00,shortlist,shortlist,,snapshot,{},{},{},"{""available_cpu"": 11.25, ""available_memory_gb"": 0.25, ""available_object_store_gb"": 0.13, ""cluster_cpu"": 12.0, ""cluster_memory_gb"": 0.25, ""cluster_object_store_gb"": 0.13, ""used_cpu"": 0.75}","{""controller"": {""action"": ""hold"", ""available_cpu"": 11.25, ""checkpoint_pending_rows"": 3, ""completed"": 52, ""cpu_headroom_cores"": 6, ""cpu_utilization"": 0.062, ""enabled"": true, ""event_loop_lag_ms"": 0.0, ""hash_active_pages_cap"": 1, ""hash_live_active_pages"": 1, ""hash_pressure_ratio"": 3.667, ""healthy_streak"": 0, ""reason"": ""render_backlog"", ""stage0_inflight_cap"": 1, ""stage0_live_inflight"": 1, ""stage1_fetch_limit_cap"": 1, ""stage1_live_fetch_limit"": 1, ""stage1_pressure_ratio"": 0.0, ""target_cpu_utilization"": 0.82, ""timeout_ratio"": 0.0}, ""hash"": {""aux_queue_depth"": 0, ""backlog"": 11, ""browser_actors"": 1, ""finalize_queue_depth"": 0, ""pending"": 1, ""render_queue_depth"": 13, ""render_trace_rows"": 0}, ""matches"": 7, ""stage0"": {""hits"": 35, ""misses"": 29, ""remaining"": 1715, ""skipped"": 0}, ""stage1"": {""backlog"": 0, ""enrich_actors"": 0, ""fetch_actors"": 1, ""pending"": 0, ""progress"": {""dns_gate_accepted"": 19, ""dns_gate_filtered"": 10, ""dns_hit_gate_accepted"": 19, ""dns_hit_gate_passthrough"": 16, ""escalated"": 0, ""failed"": 4, ""fallback_dns"": 0, ""fetched"": 0, ""head_only"": 0, ""timeout"": 0}}}"
run_20260413T113749Z,2026-04-13T11:45:11+00:00,shortlist,shortlist,,snapshot,{},{},{},"{""available_cpu"": 11.25, ""available_memory_gb"": 0.25, ""available_object_store_gb"": 0.13, ""cluster_cpu"": 12.0, ""cluster_memory_gb"": 0.25, ""cluster_object_store_gb"": 0.13, ""used_cpu"": 0.75}","{""controller"": {""action"": ""hold"", ""available_cpu"": 11.25, ""checkpoint_pending_rows"": 1, ""completed"": 52, ""cpu_headroom_cores"": 6, ""cpu_utilization"": 0.062, ""enabled"": true, ""event_loop_lag_ms"": 21.592, ""hash_active_pages_cap"": 1, ""hash_live_active_pages"": 1, ""hash_pressure_ratio"": 3.667, ""healthy_streak"": 0, ""reason"": ""render_backlog"", ""stage0_inflight_cap"": 1, ""stage0_live_inflight"": 1, ""stage1_fetch_limit_cap"": 1, ""stage1_live_fetch_limit"": 1, ""stage1_pressure_ratio"": 0.0, ""target_cpu_utilization"": 0.82, ""timeout_ratio"": 0.0}, ""hash"": {""aux_queue_depth"": 0, ""backlog"": 11, ""browser_actors"": 1, ""finalize_queue_depth"": 0, ""pending"": 1, ""render_queue_depth"": 13, ""render_trace_rows"": 0}, ""matches"": 7, ""stage0"": {""hits"": 35, ""misses"": 29, ""remaining"": 1715, ""skipped"": 0}, ""stage1"": {""backlog"": 0, ""enrich_actors"": 0, ""fetch_actors"": 1, ""pending"": 0, ""progress"": {""dns_gate_accepted"": 19, ""dns_gate_filtered"": 10, ""dns_hit_gate_accepted"": 19, ""dns_hit_gate_passthrough"": 16, ""escalated"": 0, ""failed"": 4, ""fallback_dns"": 0, ""fetched"": 0, ""head_only"": 0, ""timeout"": 0}}}"
run_20260413T113749Z,2026-04-13T11:45:16+00:00,shortlist,shortlist,,snapshot,{},{},{},"{""available_cpu"": 11.25, ""available_memory_gb"": 0.25, ""available_object_store_gb"": 0.13, ""cluster_cpu"": 12.0, ""cluster_memory_gb"": 0.25, ""cluster_object_store_gb"": 0.13, ""used_cpu"": 0.75}","{""controller"": {""action"": ""hold"", ""available_cpu"": 11.25, ""checkpoint_pending_rows"": 3, ""completed"": 52, ""cpu_headroom_cores"": 6, ""cpu_utilization"": 0.062, ""enabled"": true, ""event_loop_lag_ms"": 11.039, ""hash_active_pages_cap"": 1, ""hash_live_active_pages"": 1, ""hash_pressure_ratio"": 3.667, ""healthy_streak"": 0, ""reason"": ""render_backlog"", ""stage0_inflight_cap"": 1, ""stage0_live_inflight"": 1, ""stage1_fetch_limit_cap"": 1, ""stage1_live_fetch_limit"": 1, ""stage1_pressure_ratio"": 0.0, ""target_cpu_utilization"": 0.82, ""timeout_ratio"": 0.0}, ""hash"": {""aux_queue_depth"": 0, ""backlog"": 11, ""browser_actors"": 1, ""finalize_queue_depth"": 0, ""pending"": 1, ""render_queue_depth"": 13, ""render_trace_rows"": 0}, ""matches"": 7, ""stage0"": {""hits"": 35, ""misses"": 29, ""remaining"": 1715, ""skipped"": 0}, ""stage1"": {""backlog"": 0, ""enrich_actors"": 0, ""fetch_actors"": 1, ""pending"": 0, ""progress"": {""dns_gate_accepted"": 19, ""dns_gate_filtered"": 10, ""dns_hit_gate_accepted"": 19, ""dns_hit_gate_passthrough"": 16, ""escalated"": 0, ""failed"": 4, ""fallback_dns"": 0, ""fetched"": 0, ""head_only"": 0, ""timeout"": 0}}}"
run_20260413T113749Z,2026-04-13T11:45:21+00:00,shortlist,shortlist,,snapshot,{},{},{},"{""available_cpu"": 11.25, ""available_memory_gb"": 0.25, ""available_object_store_gb"": 0.13, ""cluster_cpu"": 12.0, ""cluster_memory_gb"": 0.25, ""cluster_object_store_gb"": 0.13, ""used_cpu"": 0.75}","{""controller"": {""action"": ""hold"", ""available_cpu"": 11.25, ""checkpoint_pending_rows"": 1, ""completed"": 52, ""cpu_headroom_cores"": 6, ""cpu_utilization"": 0.062, ""enabled"": true, ""event_loop_lag_ms"": 5.419, ""hash_active_pages_cap"": 1, ""hash_live_active_pages"": 1, ""hash_pressure_ratio"": 3.667, ""healthy_streak"": 0, ""reason"": ""render_backlog"", ""stage0_inflight_cap"": 1, ""stage0_live_inflight"": 1, ""stage1_fetch_limit_cap"": 1, ""stage1_live_fetch_limit"": 1, ""stage1_pressure_ratio"": 0.0, ""target_cpu_utilization"": 0.82, ""timeout_ratio"": 0.0}, ""hash"": {""aux_queue_depth"": 0, ""backlog"": 11, ""browser_actors"": 1, ""finalize_queue_depth"": 0, ""pending"": 1, ""render_queue_depth"": 13, ""render_trace_rows"": 0}, ""matches"": 7, ""stage0"": {""hits"": 35, ""misses"": 29, ""remaining"": 1715, ""skipped"": 0}, ""stage1"": {""backlog"": 0, ""enrich_actors"": 0, ""fetch_actors"": 1, ""pending"": 0, ""progress"": {""dns_gate_accepted"": 19, ""dns_gate_filtered"": 10, ""dns_hit_gate_accepted"": 19, ""dns_hit_gate_passthrough"": 16, ""escalated"": 0, ""failed"": 4, ""fallback_dns"": 0, ""fetched"": 0, ""head_only"": 0, ""timeout"": 0}}}"
run_20260413T113749Z,2026-04-13T11:45:26+00:00,shortlist,shortlist,,snapshot,{},{},{},"{""available_cpu"": 11.25, ""available_memory_gb"": 0.25, ""available_object_store_gb"": 0.13, ""cluster_cpu"": 12.0, ""cluster_memory_gb"": 0.25, ""cluster_object_store_gb"": 0.13, ""used_cpu"": 0.75}","{""controller"": {""action"": ""hold"", ""available_cpu"": 11.25, ""checkpoint_pending_rows"": 3, ""completed"": 52, ""cpu_headroom_cores"": 6, ""cpu_utilization"": 0.062, ""enabled"": true, ""event_loop_lag_ms"": 10.553, ""hash_active_pages_cap"": 1, ""hash_live_active_pages"": 1, ""hash_pressure_ratio"": 3.667, ""healthy_streak"": 0, ""reason"": ""render_backlog"", ""stage0_inflight_cap"": 1, ""stage0_live_inflight"": 1, ""stage1_fetch_limit_cap"": 1, ""stage1_live_fetch_limit"": 1, ""stage1_pressure_ratio"": 0.0, ""target_cpu_utilization"": 0.82, ""timeout_ratio"": 0.0}, ""hash"": {""aux_queue_depth"": 0, ""backlog"": 11, ""browser_actors"": 1, ""finalize_queue_depth"": 0, ""pending"": 1, ""render_queue_depth"": 13, ""render_trace_rows"": 0}, ""matches"": 7, ""stage0"": {""hits"": 35, ""misses"": 29, ""remaining"": 1715, ""skipped"": 0}, ""stage1"": {""backlog"": 0, ""enrich_actors"": 0, ""fetch_actors"": 1, ""pending"": 0, ""progress"": {""dns_gate_accepted"": 19, ""dns_gate_filtered"": 10, ""dns_hit_gate_accepted"": 19, ""dns_hit_gate_passthrough"": 16, ""escalated"": 0, ""failed"": 4, ""fallback_dns"": 0, ""fetched"": 0, ""head_only"": 0, ""timeout"": 0}}}"
run_20260413T113749Z,2026-04-13T11:45:31+00:00,shortlist,shortlist,,snapshot,{},{},{},"{""available_cpu"": 11.25, ""available_memory_gb"": 0.25, ""available_object_store_gb"": 0.13, ""cluster_cpu"": 12.0, ""cluster_memory_gb"": 0.25, ""cluster_object_store_gb"": 0.13, ""used_cpu"": 0.75}","{""controller"": {""action"": ""hold"", ""available_cpu"": 11.25, ""checkpoint_pending_rows"": 2, ""completed"": 52, ""cpu_headroom_cores"": 6, ""cpu_utilization"": 0.062, ""enabled"": true, ""event_loop_lag_ms"": 8.427, ""hash_active_pages_cap"": 1, ""hash_live_active_pages"": 1, ""hash_pressure_ratio"": 3.667, ""healthy_streak"": 0, ""reason"": ""render_backlog"", ""stage0_inflight_cap"": 1, ""stage0_live_inflight"": 1, ""stage1_fetch_limit_cap"": 1, ""stage1_live_fetch_limit"": 1, ""stage1_pressure_ratio"": 0.0, ""target_cpu_utilization"": 0.82, ""timeout_ratio"": 0.0}, ""hash"": {""aux_queue_depth"": 0, ""backlog"": 11, ""browser_actors"": 1, ""finalize_queue_depth"": 0, ""pending"": 1, ""render_queue_depth"": 13, ""render_trace_rows"": 0}, ""matches"": 7, ""stage0"": {""hits"": 35, ""misses"": 29, ""remaining"": 1715, ""skipped"": 0}, ""stage1"": {""backlog"": 0, ""enrich_actors"": 0, ""fetch_actors"": 1, ""pending"": 0, ""progress"": {""dns_gate_accepted"": 19, ""dns_gate_filtered"": 10, ""dns_hit_gate_accepted"": 19, ""dns_hit_gate_passthrough"": 16, ""escalated"": 0, ""failed"": 4, ""fallback_dns"": 0, ""fetched"": 0, ""head_only"": 0, ""timeout"": 0}}}"
run_20260413T113749Z,2026-04-13T11:45:36+00:00,shortlist,shortlist,,snapshot,{},{},{},"{""available_cpu"": 11.25, ""available_memory_gb"": 0.25, ""available_object_store_gb"": 0.13, ""cluster_cpu"": 12.0, ""cluster_memory_gb"": 0.25, ""cluster_object_store_gb"": 0.13, ""used_cpu"": 0.75}","{""controller"": {""action"": ""hold"", ""available_cpu"": 11.25, ""checkpoint_pending_rows"": 4, ""completed"": 52, ""cpu_headroom_cores"": 6, ""cpu_utilization"": 0.062, ""enabled"": true, ""event_loop_lag_ms"": 0.0, ""hash_active_pages_cap"": 1, ""hash_live_active_pages"": 1, ""hash_pressure_ratio"": 3.667, ""healthy_streak"": 0, ""reason"": ""render_backlog"", ""stage0_inflight_cap"": 1, ""stage0_live_inflight"": 1, ""stage1_fetch_limit_cap"": 1, ""stage1_live_fetch_limit"": 1, ""stage1_pressure_ratio"": 0.0, ""target_cpu_utilization"": 0.82, ""timeout_ratio"": 0.0}, ""hash"": {""aux_queue_depth"": 0, ""backlog"": 11, ""browser_actors"": 1, ""finalize_queue_depth"": 0, ""pending"": 1, ""render_queue_depth"": 13, ""render_trace_rows"": 0}, ""matches"": 7, ""stage0"": {""hits"": 35, ""misses"": 29, ""remaining"": 1715, ""skipped"": 0}, ""stage1"": {""backlog"": 0, ""enrich_actors"": 0, ""fetch_actors"": 1, ""pending"": 0, ""progress"": {""dns_gate_accepted"": 19, ""dns_gate_filtered"": 10, ""dns_hit_gate_accepted"": 19, ""dns_hit_gate_passthrough"": 16, ""escalated"": 0, ""failed"": 4, ""fallback_dns"": 0, ""fetched"": 0, ""head_only"": 0, ""timeout"": 0}}}"
run_20260413T113749Z,2026-04-13T11:45:41+00:00,shortlist,shortlist,,snapshot,{},{},{},"{""available_cpu"": 11.25, ""available_memory_gb"": 0.25, ""available_object_store_gb"": 0.13, ""cluster_cpu"": 12.0, ""cluster_memory_gb"": 0.25, ""cluster_object_store_gb"": 0.13, ""used_cpu"": 0.75}","{""controller"": {""action"": ""hold"", ""available_cpu"": 11.25, ""checkpoint_pending_rows"": 1, ""completed"": 52, ""cpu_headroom_cores"": 6, ""cpu_utilization"": 0.062, ""enabled"": true, ""event_loop_lag_ms"": 11.046, ""hash_active_pages_cap"": 1, ""hash_live_active_pages"": 1, ""hash_pressure_ratio"": 3.667, ""healthy_streak"": 0, ""reason"": ""render_backlog"", ""stage0_inflight_cap"": 1, ""stage0_live_inflight"": 1, ""stage1_fetch_limit_cap"": 1, ""stage1_live_fetch_limit"": 1, ""stage1_pressure_ratio"": 0.0, ""target_cpu_utilization"": 0.82, ""timeout_ratio"": 0.0}, ""hash"": {""aux_queue_depth"": 0, ""backlog"": 11, ""browser_actors"": 1, ""finalize_queue_depth"": 0, ""pending"": 1, ""render_queue_depth"": 13, ""render_trace_rows"": 0}, ""matches"": 7, ""stage0"": {""hits"": 35, ""misses"": 29, ""remaining"": 1715, ""skipped"": 0}, ""stage1"": {""backlog"": 0, ""enrich_actors"": 0, ""fetch_actors"": 1, ""pending"": 0, ""progress"": {""dns_gate_accepted"": 19, ""dns_gate_filtered"": 10, ""dns_hit_gate_accepted"": 19, ""dns_hit_gate_passthrough"": 16, ""escalated"": 0, ""failed"": 4, ""fallback_dns"": 0, ""fetched"": 0, ""head_only"": 0, ""timeout"": 0}}}"
run_20260413T113749Z,2026-04-13T11:45:46+00:00,shortlist,shortlist,,snapshot,{},{},{},"{""available_cpu"": 11.25, ""available_memory_gb"": 0.25, ""available_object_store_gb"": 0.13, ""cluster_cpu"": 12.0, ""cluster_memory_gb"": 0.25, ""cluster_object_store_gb"": 0.13, ""used_cpu"": 0.75}","{""controller"": {""action"": ""hold"", ""available_cpu"": 11.25, ""checkpoint_pending_rows"": 3, ""completed"": 52, ""cpu_headroom_cores"": 6, ""cpu_utilization"": 0.062, ""enabled"": true, ""event_loop_lag_ms"": 11.418, ""hash_active_pages_cap"": 1, ""hash_live_active_pages"": 1, ""hash_pressure_ratio"": 3.667, ""healthy_streak"": 0, ""reason"": ""render_backlog"", ""stage0_inflight_cap"": 1, ""stage0_live_inflight"": 1, ""stage1_fetch_limit_cap"": 1, ""stage1_live_fetch_limit"": 1, ""stage1_pressure_ratio"": 0.0, ""target_cpu_utilization"": 0.82, ""timeout_ratio"": 0.0}, ""hash"": {""aux_queue_depth"": 0, ""backlog"": 11, ""browser_actors"": 1, ""finalize_queue_depth"": 0, ""pending"": 1, ""render_queue_depth"": 13, ""render_trace_rows"": 0}, ""matches"": 7, ""stage0"": {""hits"": 35, ""misses"": 29, ""remaining"": 1715, ""skipped"": 0}, ""stage1"": {""backlog"": 0, ""enrich_actors"": 0, ""fetch_actors"": 1, ""pending"": 0, ""progress"": {""dns_gate_accepted"": 19, ""dns_gate_filtered"": 10, ""dns_hit_gate_accepted"": 19, ""dns_hit_gate_passthrough"": 16, ""escalated"": 0, ""failed"": 4, ""fallback_dns"": 0, ""fetched"": 0, ""head_only"": 0, ""timeout"": 0}}}"
run_20260413T113749Z,2026-04-13T11:45:51+00:00,shortlist,shortlist,,snapshot,{},{},{},"{""available_cpu"": 11.25, ""available_memory_gb"": 0.25, ""available_object_store_gb"": 0.13, ""cluster_cpu"": 12.0, ""cluster_memory_gb"": 0.25, ""cluster_object_store_gb"": 0.13, ""used_cpu"": 0.75}","{""controller"": {""action"": ""hold"", ""available_cpu"": 11.25, ""checkpoint_pending_rows"": 1, ""completed"": 52, ""cpu_headroom_cores"": 6, ""cpu_utilization"": 0.062, ""enabled"": true, ""event_loop_lag_ms"": 0.0, ""hash_active_pages_cap"": 1, ""hash_live_active_pages"": 1, ""hash_pressure_ratio"": 3.667, ""healthy_streak"": 0, ""reason"": ""render_backlog"", ""stage0_inflight_cap"": 1, ""stage0_live_inflight"": 1, ""stage1_fetch_limit_cap"": 1, ""stage1_live_fetch_limit"": 1, ""stage1_pressure_ratio"": 0.0, ""target_cpu_utilization"": 0.82, ""timeout_ratio"": 0.0}, ""hash"": {""aux_queue_depth"": 0, ""backlog"": 11, ""browser_actors"": 1, ""finalize_queue_depth"": 0, ""pending"": 1, ""render_queue_depth"": 13, ""render_trace_rows"": 0}, ""matches"": 7, ""stage0"": {""hits"": 35, ""misses"": 29, ""remaining"": 1715, ""skipped"": 0}, ""stage1"": {""backlog"": 0, ""enrich_actors"": 0, ""fetch_actors"": 1, ""pending"": 0, ""progress"": {""dns_gate_accepted"": 19, ""dns_gate_filtered"": 10, ""dns_hit_gate_accepted"": 19, ""dns_hit_gate_passthrough"": 16, ""escalated"": 0, ""failed"": 4, ""fallback_dns"": 0, ""fetched"": 0, ""head_only"": 0, ""timeout"": 0}}}"
run_20260413T113749Z,2026-04-13T12:18:08+00:00,shortlist,shortlist,,snapshot,{},{},{},"{""available_cpu"": 11.0, ""available_memory_gb"": 0.25, ""available_object_store_gb"": 0.13, ""cluster_cpu"": 12.0, ""cluster_memory_gb"": 0.25, ""cluster_object_store_gb"": 0.13, ""used_cpu"": 1.0}","{""controller"": {""action"": ""init"", ""available_cpu"": 0.0, ""checkpoint_pending_rows"": 0, ""completed"": 29, ""cpu_headroom_cores"": 6, ""cpu_utilization"": 0.0, ""enabled"": true, ""event_loop_lag_ms"": 0.0, ""hash_active_pages_cap"": 1, ""hash_live_active_pages"": 1, ""hash_pressure_ratio"": 0.0, ""healthy_streak"": 0, ""reason"": ""startup"", ""stage0_inflight_cap"": 1, ""stage0_live_inflight"": 1, ""stage1_fetch_limit_cap"": 1, ""stage1_live_fetch_limit"": 1, ""stage1_pressure_ratio"": 0.0, ""target_cpu_utilization"": 0.82, ""timeout_ratio"": 0.0}, ""hash"": {""aux_queue_depth"": 0, ""backlog"": 0, ""browser_actors"": 0, ""finalize_queue_depth"": 0, ""pending"": 0, ""render_queue_depth"": 0, ""render_trace_rows"": 0}, ""matches"": 0, ""stage0"": {""hits"": 0, ""misses"": 0, ""remaining"": 1686, ""skipped"": 29}, ""stage1"": {""backlog"": 0, ""enrich_actors"": 0, ""fetch_actors"": 0, ""pending"": 0, ""progress"": {""dns_gate_accepted"": 0, ""dns_gate_filtered"": 0, ""dns_hit_gate_accepted"": 0, ""dns_hit_gate_passthrough"": 0, ""escalated"": 0, ""failed"": 0, ""fallback_dns"": 0, ""fetched"": 0, ""head_only"": 0, ""timeout"": 0}}}"
run_20260413T113749Z,2026-04-13T12:18:13+00:00,shortlist,shortlist,,snapshot,{},{},{},"{""available_cpu"": 11.0, ""available_memory_gb"": 0.25, ""available_object_store_gb"": 0.13, ""cluster_cpu"": 12.0, ""cluster_memory_gb"": 0.25, ""cluster_object_store_gb"": 0.13, ""used_cpu"": 1.0}","{""controller"": {""action"": ""hold"", ""available_cpu"": 11.0, ""checkpoint_pending_rows"": 3, ""completed"": 29, ""cpu_headroom_cores"": 6, ""cpu_utilization"": 0.083, ""enabled"": true, ""event_loop_lag_ms"": 23.846, ""hash_active_pages_cap"": 1, ""hash_live_active_pages"": 1, ""hash_pressure_ratio"": 0.0, ""healthy_streak"": 0, ""reason"": ""healthy_window"", ""stage0_inflight_cap"": 1, ""stage0_live_inflight"": 1, ""stage1_fetch_limit_cap"": 1, ""stage1_live_fetch_limit"": 1, ""stage1_pressure_ratio"": 0.0, ""target_cpu_utilization"": 0.82, ""timeout_ratio"": 0.0}, ""hash"": {""aux_queue_depth"": 0, ""backlog"": 0, ""browser_actors"": 0, ""finalize_queue_depth"": 0, ""pending"": 0, ""render_queue_depth"": 0, ""render_trace_rows"": 0}, ""matches"": 0, ""stage0"": {""hits"": 0, ""misses"": 0, ""remaining"": 1686, ""skipped"": 29}, ""stage1"": {""backlog"": 0, ""enrich_actors"": 0, ""fetch_actors"": 0, ""pending"": 0, ""progress"": {""dns_gate_accepted"": 0, ""dns_gate_filtered"": 0, ""dns_hit_gate_accepted"": 0, ""dns_hit_gate_passthrough"": 0, ""escalated"": 0, ""failed"": 0, ""fallback_dns"": 0, ""fetched"": 0, ""head_only"": 0, ""timeout"": 0}}}"
run_20260413T113749Z,2026-04-13T12:18:18+00:00,shortlist,shortlist,,snapshot,{},{},{},"{""available_cpu"": 12.0, ""available_memory_gb"": 0.25, ""available_object_store_gb"": 0.13, ""cluster_cpu"": 12.0, ""cluster_memory_gb"": 0.25, ""cluster_object_store_gb"": 0.13, ""used_cpu"": 0.0}","{""controller"": {""action"": ""hold"", ""available_cpu"": 12.0, ""checkpoint_pending_rows"": 466, ""completed"": 51, ""cpu_headroom_cores"": 6, ""cpu_utilization"": 0.0, ""enabled"": true, ""event_loop_lag_ms"": 27.008, ""hash_active_pages_cap"": 1, ""hash_live_active_pages"": 1, ""hash_pressure_ratio"": 0.0, ""healthy_streak"": 1, ""reason"": ""healthy_window_pending"", ""stage0_inflight_cap"": 1, ""stage0_live_inflight"": 1, ""stage1_fetch_limit_cap"": 1, ""stage1_live_fetch_limit"": 1, ""stage1_pressure_ratio"": 0.0, ""target_cpu_utilization"": 0.82, ""timeout_ratio"": 0.0}, ""hash"": {""aux_queue_depth"": 0, ""backlog"": 29, ""browser_actors"": 0, ""finalize_queue_depth"": 0, ""pending"": 0, ""render_queue_depth"": 0, ""render_trace_rows"": 0}, ""matches"": 0, ""stage0"": {""hits"": 51, ""misses"": 13, ""remaining"": 1686, ""skipped"": 29}, ""stage1"": {""backlog"": 0, ""enrich_actors"": 0, ""fetch_actors"": 0, ""pending"": 0, ""progress"": {""dns_gate_accepted"": 0, ""dns_gate_filtered"": 0, ""dns_hit_gate_accepted"": 29, ""dns_hit_gate_passthrough"": 22, ""escalated"": 0, ""failed"": 0, ""fallback_dns"": 0, ""fetched"": 0, ""head_only"": 0, ""timeout"": 0}}}"
run_20260413T113749Z,2026-04-13T12:18:23+00:00,shortlist,shortlist,,snapshot,{},{},{},"{""available_cpu"": 11.25, ""available_memory_gb"": 0.25, ""available_object_store_gb"": 0.13, ""cluster_cpu"": 12.0, ""cluster_memory_gb"": 0.25, ""cluster_object_store_gb"": 0.13, ""used_cpu"": 0.75}","{""controller"": {""action"": ""hold"", ""available_cpu"": 11.25, ""checkpoint_pending_rows"": 56, ""completed"": 57, ""cpu_headroom_cores"": 6, ""cpu_utilization"": 0.062, ""enabled"": true, ""event_loop_lag_ms"": 19.341, ""hash_active_pages_cap"": 1, ""hash_live_active_pages"": 1, ""hash_pressure_ratio"": 0.333, ""healthy_streak"": 1, ""reason"": ""healthy_window_pending"", ""stage0_inflight_cap"": 1, ""stage0_live_inflight"": 1, ""stage1_fetch_limit_cap"": 1, ""stage1_live_fetch_limit"": 1, ""stage1_pressure_ratio"": 0.167, ""target_cpu_utilization"": 0.82, ""timeout_ratio"": 0.0}, ""hash"": {""aux_queue_depth"": 0, ""backlog"": 28, ""browser_actors"": 1, ""finalize_queue_depth"": 0, ""pending"": 1, ""render_queue_depth"": 29, ""render_trace_rows"": 0}, ""matches"": 0, ""stage0"": {""hits"": 51, ""misses"": 13, ""remaining"": 1686, ""skipped"": 29}, ""stage1"": {""backlog"": 6, ""enrich_actors"": 0, ""fetch_actors"": 1, ""pending"": 1, ""progress"": {""dns_gate_accepted"": 7, ""dns_gate_filtered"": 6, ""dns_hit_gate_accepted"": 29, ""dns_hit_gate_passthrough"": 22, ""escalated"": 0, ""failed"": 0, ""fallback_dns"": 0, ""fetched"": 0, ""head_only"": 0, ""timeout"": 0}}}"
run_20260413T113749Z,2026-04-13T12:18:33+00:00,shortlist,shortlist,,snapshot,{},{},{},"{""available_cpu"": 11.25, ""available_memory_gb"": 0.25, ""available_object_store_gb"": 0.13, ""cluster_cpu"": 12.0, ""cluster_memory_gb"": 0.25, ""cluster_object_store_gb"": 0.13, ""used_cpu"": 0.75}","{""controller"": {""action"": ""hold"", ""available_cpu"": 11.25, ""checkpoint_pending_rows"": 7, ""completed"": 59, ""cpu_headroom_cores"": 6, ""cpu_utilization"": 0.062, ""enabled"": true, ""event_loop_lag_ms"": 0.0, ""hash_active_pages_cap"": 1, ""hash_live_active_pages"": 1, ""hash_pressure_ratio"": 0.333, ""healthy_streak"": 0, ""reason"": ""render_backlog"", ""stage0_inflight_cap"": 1, ""stage0_live_inflight"": 1, ""stage1_fetch_limit_cap"": 1, ""stage1_live_fetch_limit"": 1, ""stage1_pressure_ratio"": 0.167, ""target_cpu_utilization"": 0.82, ""timeout_ratio"": 0.0}, ""hash"": {""aux_queue_depth"": 0, ""backlog"": 28, ""browser_actors"": 1, ""finalize_queue_depth"": 0, ""pending"": 1, ""render_queue_depth"": 29, ""render_trace_rows"": 0}, ""matches"": 0, ""stage0"": {""hits"": 51, ""misses"": 13, ""remaining"": 1686, ""skipped"": 29}, ""stage1"": {""backlog"": 4, ""enrich_actors"": 0, ""fetch_actors"": 1, ""pending"": 1, ""progress"": {""dns_gate_accepted"": 7, ""dns_gate_filtered"": 6, ""dns_hit_gate_accepted"": 29, ""dns_hit_gate_passthrough"": 22, ""escalated"": 0, ""failed"": 0, ""fallback_dns"": 0, ""fetched"": 0, ""head_only"": 0, ""timeout"": 0}}}"
run_20260413T113749Z,2026-04-13T12:18:38+00:00,shortlist,shortlist,,snapshot,{},{},{},"{""available_cpu"": 11.25, ""available_memory_gb"": 0.25, ""available_object_store_gb"": 0.13, ""cluster_cpu"": 12.0, ""cluster_memory_gb"": 0.25, ""cluster_object_store_gb"": 0.13, ""used_cpu"": 0.75}","{""controller"": {""action"": ""hold"", ""available_cpu"": 11.25, ""checkpoint_pending_rows"": 26, ""completed"": 61, ""cpu_headroom_cores"": 6, ""cpu_utilization"": 0.062, ""enabled"": true, ""event_loop_lag_ms"": 26.29, ""hash_active_pages_cap"": 1, ""hash_live_active_pages"": 1, ""hash_pressure_ratio"": 0.333, ""healthy_streak"": 0, ""reason"": ""render_backlog"", ""stage0_inflight_cap"": 1, ""stage0_live_inflight"": 1, ""stage1_fetch_limit_cap"": 1, ""stage1_live_fetch_limit"": 1, ""stage1_pressure_ratio"": 0.333, ""target_cpu_utilization"": 0.82, ""timeout_ratio"": 0.0}, ""hash"": {""aux_queue_depth"": 0, ""backlog"": 28, ""browser_actors"": 1, ""finalize_queue_depth"": 0, ""pending"": 1, ""render_queue_depth"": 29, ""render_trace_rows"": 0}, ""matches"": 0, ""stage0"": {""hits"": 51, ""misses"": 13, ""remaining"": 1686, ""skipped"": 29}, ""stage1"": {""backlog"": 1, ""enrich_actors"": 0, ""fetch_actors"": 1, ""pending"": 2, ""progress"": {""dns_gate_accepted"": 7, ""dns_gate_filtered"": 6, ""dns_hit_gate_accepted"": 29, ""dns_hit_gate_passthrough"": 22, ""escalated"": 0, ""failed"": 0, ""fallback_dns"": 0, ""fetched"": 0, ""head_only"": 0, ""timeout"": 0}}}"
run_20260413T113749Z,2026-04-13T14:01:21+00:00,shortlist,shortlist,,snapshot,{},{},{},"{""available_cpu"": 11.0, ""available_memory_gb"": 0.25, ""available_object_store_gb"": 0.13, ""cluster_cpu"": 12.0, ""cluster_memory_gb"": 0.25, ""cluster_object_store_gb"": 0.13, ""used_cpu"": 1.0}","{""controller"": {""action"": ""init"", ""available_cpu"": 0.0, ""checkpoint_pending_rows"": 0, ""completed"": 39, ""cpu_headroom_cores"": 6, ""cpu_utilization"": 0.0, ""enabled"": true, ""event_loop_lag_ms"": 0.0, ""hash_active_pages_cap"": 1, ""hash_live_active_pages"": 1, ""hash_pressure_ratio"": 0.0, ""healthy_streak"": 0, ""reason"": ""startup"", ""stage0_inflight_cap"": 1, ""stage0_live_inflight"": 1, ""stage1_fetch_limit_cap"": 1, ""stage1_live_fetch_limit"": 1, ""stage1_pressure_ratio"": 0.0, ""target_cpu_utilization"": 0.82, ""timeout_ratio"": 0.0}, ""hash"": {""aux_queue_depth"": 0, ""backlog"": 0, ""browser_actors"": 0, ""finalize_queue_depth"": 0, ""pending"": 0, ""render_queue_depth"": 0, ""render_trace_rows"": 0}, ""matches"": 0, ""stage0"": {""hits"": 0, ""misses"": 0, ""remaining"": 1676, ""skipped"": 39}, ""stage1"": {""backlog"": 0, ""enrich_actors"": 0, ""fetch_actors"": 0, ""pending"": 0, ""progress"": {""dns_gate_accepted"": 0, ""dns_gate_filtered"": 0, ""dns_hit_gate_accepted"": 0, ""dns_hit_gate_passthrough"": 0, ""escalated"": 0, ""failed"": 0, ""fallback_dns"": 0, ""fetched"": 0, ""head_only"": 0, ""timeout"": 0}}}"
run_20260413T113749Z,2026-04-13T14:01:26+00:00,shortlist,shortlist,,snapshot,{},{},{},"{""available_cpu"": 11.0, ""available_memory_gb"": 0.25, ""available_object_store_gb"": 0.13, ""cluster_cpu"": 12.0, ""cluster_memory_gb"": 0.25, ""cluster_object_store_gb"": 0.13, ""used_cpu"": 1.0}","{""controller"": {""action"": ""hold"", ""available_cpu"": 11.0, ""checkpoint_pending_rows"": 3, ""completed"": 39, ""cpu_headroom_cores"": 6, ""cpu_utilization"": 0.083, ""enabled"": true, ""event_loop_lag_ms"": 6.982, ""hash_active_pages_cap"": 1, ""hash_live_active_pages"": 1, ""hash_pressure_ratio"": 0.0, ""healthy_streak"": 0, ""reason"": ""healthy_window"", ""stage0_inflight_cap"": 1, ""stage0_live_inflight"": 1, ""stage1_fetch_limit_cap"": 1, ""stage1_live_fetch_limit"": 1, ""stage1_pressure_ratio"": 0.0, ""target_cpu_utilization"": 0.82, ""timeout_ratio"": 0.0}, ""hash"": {""aux_queue_depth"": 0, ""backlog"": 0, ""browser_actors"": 0, ""finalize_queue_depth"": 0, ""pending"": 0, ""render_queue_depth"": 0, ""render_trace_rows"": 0}, ""matches"": 0, ""stage0"": {""hits"": 0, ""misses"": 0, ""remaining"": 1676, ""skipped"": 39}, ""stage1"": {""backlog"": 0, ""enrich_actors"": 0, ""fetch_actors"": 0, ""pending"": 0, ""progress"": {""dns_gate_accepted"": 0, ""dns_gate_filtered"": 0, ""dns_hit_gate_accepted"": 0, ""dns_hit_gate_passthrough"": 0, ""escalated"": 0, ""failed"": 0, ""fallback_dns"": 0, ""fetched"": 0, ""head_only"": 0, ""timeout"": 0}}}"
run_20260413T113749Z,2026-04-13T14:01:36+00:00,shortlist,shortlist,,snapshot,{},{},{},"{""available_cpu"": 11.25, ""available_memory_gb"": 0.25, ""available_object_store_gb"": 0.13, ""cluster_cpu"": 12.0, ""cluster_memory_gb"": 0.25, ""cluster_object_store_gb"": 0.13, ""used_cpu"": 0.75}","{""controller"": {""action"": ""hold"", ""available_cpu"": 11.25, ""checkpoint_pending_rows"": 0, ""completed"": 65, ""cpu_headroom_cores"": 6, ""cpu_utilization"": 0.062, ""enabled"": true, ""event_loop_lag_ms"": 2.628, ""hash_active_pages_cap"": 1, ""hash_live_active_pages"": 1, ""hash_pressure_ratio"": 0.333, ""healthy_streak"": 0, ""reason"": ""render_backlog"", ""stage0_inflight_cap"": 1, ""stage0_live_inflight"": 1, ""stage1_fetch_limit_cap"": 1, ""stage1_live_fetch_limit"": 1, ""stage1_pressure_ratio"": 0.167, ""target_cpu_utilization"": 0.82, ""timeout_ratio"": 0.0}, ""hash"": {""aux_queue_depth"": 0, ""backlog"": 31, ""browser_actors"": 1, ""finalize_queue_depth"": 0, ""pending"": 1, ""render_queue_depth"": 32, ""render_trace_rows"": 0}, ""matches"": 0, ""stage0"": {""hits"": 56, ""misses"": 8, ""remaining"": 1676, ""skipped"": 39}, ""stage1"": {""backlog"": 5, ""enrich_actors"": 0, ""fetch_actors"": 1, ""pending"": 1, ""progress"": {""dns_gate_accepted"": 6, ""dns_gate_filtered"": 2, ""dns_hit_gate_accepted"": 32, ""dns_hit_gate_passthrough"": 24, ""escalated"": 0, ""failed"": 0, ""fallback_dns"": 0, ""fetched"": 0, ""head_only"": 0, ""timeout"": 0}}}"
run_20260413T113749Z,2026-04-13T14:01:46+00:00,shortlist,shortlist,,snapshot,{},{},{},"{""available_cpu"": 11.25, ""available_memory_gb"": 0.25, ""available_object_store_gb"": 0.13, ""cluster_cpu"": 12.0, ""cluster_memory_gb"": 0.25, ""cluster_object_store_gb"": 0.13, ""used_cpu"": 0.75}","{""controller"": {""action"": ""hold"", ""available_cpu"": 11.25, ""checkpoint_pending_rows"": 17, ""completed"": 69, ""cpu_headroom_cores"": 6, ""cpu_utilization"": 0.062, ""enabled"": true, ""event_loop_lag_ms"": 5.382, ""hash_active_pages_cap"": 1, ""hash_live_active_pages"": 1, ""hash_pressure_ratio"": 0.333, ""healthy_streak"": 0, ""reason"": ""render_backlog"", ""stage0_inflight_cap"": 1, ""stage0_live_inflight"": 1, ""stage1_fetch_limit_cap"": 1, ""stage1_live_fetch_limit"": 1, ""stage1_pressure_ratio"": 0.167, ""target_cpu_utilization"": 0.82, ""timeout_ratio"": 0.0}, ""hash"": {""aux_queue_depth"": 0, ""backlog"": 30, ""browser_actors"": 1, ""finalize_queue_depth"": 0, ""pending"": 1, ""render_queue_depth"": 31, ""render_trace_rows"": 0}, ""matches"": 1, ""stage0"": {""hits"": 56, ""misses"": 8, ""remaining"": 1676, ""skipped"": 39}, ""stage1"": {""backlog"": 1, ""enrich_actors"": 0, ""fetch_actors"": 1, ""pending"": 2, ""progress"": {""dns_gate_accepted"": 6, ""dns_gate_filtered"": 2, ""dns_hit_gate_accepted"": 32, ""dns_hit_gate_passthrough"": 24, ""escalated"": 0, ""failed"": 0, ""fallback_dns"": 0, ""fetched"": 0, ""head_only"": 0, ""timeout"": 0}}}"
run_20260413T113749Z,2026-04-13T14:01:56+00:00,shortlist,shortlist,,snapshot,{},{},{},"{""available_cpu"": 10.25, ""available_memory_gb"": 0.25, ""available_object_store_gb"": 0.13, ""cluster_cpu"": 12.0, ""cluster_memory_gb"": 0.25, ""cluster_object_store_gb"": 0.13, ""used_cpu"": 1.75}","{""controller"": {""action"": ""hold"", ""available_cpu"": 9.75, ""checkpoint_pending_rows"": 8, ""completed"": 71, ""cpu_headroom_cores"": 6, ""cpu_utilization"": 0.188, ""enabled"": true, ""event_loop_lag_ms"": 17.025, ""hash_active_pages_cap"": 1, ""hash_live_active_pages"": 1, ""hash_pressure_ratio"": 0.667, ""healthy_streak"": 0, ""reason"": ""render_backlog"", ""stage0_inflight_cap"": 1, ""stage0_live_inflight"": 1, ""stage1_fetch_limit_cap"": 1, ""stage1_live_fetch_limit"": 1, ""stage1_pressure_ratio"": 0.167, ""target_cpu_utilization"": 0.82, ""timeout_ratio"": 0.0}, ""hash"": {""aux_queue_depth"": 1, ""backlog"": 26, ""browser_actors"": 1, ""finalize_queue_depth"": 2, ""pending"": 3, ""render_queue_depth"": 27, ""render_trace_rows"": 0}, ""matches"": 1, ""stage0"": {""hits"": 56, ""misses"": 8, ""remaining"": 1676, ""skipped"": 39}, ""stage1"": {""backlog"": 0, ""enrich_actors"": 0, ""fetch_actors"": 1, ""pending"": 1, ""progress"": {""dns_gate_accepted"": 6, ""dns_gate_filtered"": 2, ""dns_hit_gate_accepted"": 32, ""dns_hit_gate_passthrough"": 24, ""escalated"": 0, ""failed"": 0, ""fallback_dns"": 0, ""fetched"": 0, ""head_only"": 0, ""timeout"": 0}}}"
run_20260413T113749Z,2026-04-13T14:02:01+00:00,shortlist,shortlist,,snapshot,{},{},{},"{""available_cpu"": 11.25, ""available_memory_gb"": 0.25, ""available_object_store_gb"": 0.13, ""cluster_cpu"": 12.0, ""cluster_memory_gb"": 0.25, ""cluster_object_store_gb"": 0.13, ""used_cpu"": 0.75}","{""controller"": {""action"": ""hold"", ""available_cpu"": 11.25, ""checkpoint_pending_rows"": 39, ""completed"": 78, ""cpu_headroom_cores"": 6, ""cpu_utilization"": 0.062, ""enabled"": true, ""event_loop_lag_ms"": 5.865, ""hash_active_pages_cap"": 1, ""hash_live_active_pages"": 1, ""hash_pressure_ratio"": 0.333, ""healthy_streak"": 0, ""reason"": ""render_backlog"", ""stage0_inflight_cap"": 1, ""stage0_live_inflight"": 1, ""stage1_fetch_limit_cap"": 1, ""stage1_live_fetch_limit"": 1, ""stage1_pressure_ratio"": 0.0, ""target_cpu_utilization"": 0.82, ""timeout_ratio"": 0.0}, ""hash"": {""aux_queue_depth"": 0, ""backlog"": 24, ""browser_actors"": 1, ""finalize_queue_depth"": 0, ""pending"": 1, ""render_queue_depth"": 25, ""render_trace_rows"": 0}, ""matches"": 7, ""stage0"": {""hits"": 56, ""misses"": 8, ""remaining"": 1676, ""skipped"": 39}, ""stage1"": {""backlog"": 0, ""enrich_actors"": 0, ""fetch_actors"": 1, ""pending"": 0, ""progress"": {""dns_gate_accepted"": 6, ""dns_gate_filtered"": 2, ""dns_hit_gate_accepted"": 32, ""dns_hit_gate_passthrough"": 24, ""escalated"": 0, ""failed"": 0, ""fallback_dns"": 0, ""fetched"": 0, ""head_only"": 0, ""timeout"": 0}}}"
run_20260413T113749Z,2026-04-13T14:02:06+00:00,shortlist,shortlist,,snapshot,{},{},{},"{""available_cpu"": 10.75, ""available_memory_gb"": 0.25, ""available_object_store_gb"": 0.13, ""cluster_cpu"": 12.0, ""cluster_memory_gb"": 0.25, ""cluster_object_store_gb"": 0.13, ""used_cpu"": 1.25}","{""controller"": {""action"": ""hold"", ""available_cpu"": 11.25, ""checkpoint_pending_rows"": 0, ""completed"": 78, ""cpu_headroom_cores"": 6, ""cpu_utilization"": 0.062, ""enabled"": true, ""event_loop_lag_ms"": 9.564, ""hash_active_pages_cap"": 1, ""hash_live_active_pages"": 1, ""hash_pressure_ratio"": 0.333, ""healthy_streak"": 0, ""reason"": ""render_backlog"", ""stage0_inflight_cap"": 1, ""stage0_live_inflight"": 1, ""stage1_fetch_limit_cap"": 1, ""stage1_live_fetch_limit"": 1, ""stage1_pressure_ratio"": 0.0, ""target_cpu_utilization"": 0.82, ""timeout_ratio"": 0.0}, ""hash"": {""aux_queue_depth"": 1, ""backlog"": 23, ""browser_actors"": 1, ""finalize_queue_depth"": 0, ""pending"": 2, ""render_queue_depth"": 24, ""render_trace_rows"": 0}, ""matches"": 7, ""stage0"": {""hits"": 56, ""misses"": 8, ""remaining"": 1676, ""skipped"": 39}, ""stage1"": {""backlog"": 0, ""enrich_actors"": 0, ""fetch_actors"": 1, ""pending"": 0, ""progress"": {""dns_gate_accepted"": 6, ""dns_gate_filtered"": 2, ""dns_hit_gate_accepted"": 32, ""dns_hit_gate_passthrough"": 24, ""escalated"": 0, ""failed"": 0, ""fallback_dns"": 0, ""fetched"": 0, ""head_only"": 0, ""timeout"": 0}}}"
run_20260413T113749Z,2026-04-13T14:02:11+00:00,shortlist,shortlist,,snapshot,{},{},{},"{""available_cpu"": 11.25, ""available_memory_gb"": 0.25, ""available_object_store_gb"": 0.13, ""cluster_cpu"": 12.0, ""cluster_memory_gb"": 0.25, ""cluster_object_store_gb"": 0.13, ""used_cpu"": 0.75}","{""controller"": {""action"": ""hold"", ""available_cpu"": 11.25, ""checkpoint_pending_rows"": 34, ""completed"": 82, ""cpu_headroom_cores"": 6, ""cpu_utilization"": 0.062, ""enabled"": true, ""event_loop_lag_ms"": 0.0, ""hash_active_pages_cap"": 1, ""hash_live_active_pages"": 1, ""hash_pressure_ratio"": 0.667, ""healthy_streak"": 0, ""reason"": ""render_backlog"", ""stage0_inflight_cap"": 1, ""stage0_live_inflight"": 1, ""stage1_fetch_limit_cap"": 1, ""stage1_live_fetch_limit"": 1, ""stage1_pressure_ratio"": 0.0, ""target_cpu_utilization"": 0.82, ""timeout_ratio"": 0.0}, ""hash"": {""aux_queue_depth"": 1, ""backlog"": 19, ""browser_actors"": 1, ""finalize_queue_depth"": 0, ""pending"": 2, ""render_queue_depth"": 20, ""render_trace_rows"": 0}, ""matches"": 11, ""stage0"": {""hits"": 56, ""misses"": 8, ""remaining"": 1676, ""skipped"": 39}, ""stage1"": {""backlog"": 0, ""enrich_actors"": 0, ""fetch_actors"": 1, ""pending"": 0, ""progress"": {""dns_gate_accepted"": 6, ""dns_gate_filtered"": 2, ""dns_hit_gate_accepted"": 32, ""dns_hit_gate_passthrough"": 24, ""escalated"": 0, ""failed"": 0, ""fallback_dns"": 0, ""fetched"": 0, ""head_only"": 0, ""timeout"": 0}}}"
run_20260413T113749Z,2026-04-13T14:02:16+00:00,shortlist,shortlist,,snapshot,{},{},{},"{""available_cpu"": 11.25, ""available_memory_gb"": 0.25, ""available_object_store_gb"": 0.13, ""cluster_cpu"": 12.0, ""cluster_memory_gb"": 0.25, ""cluster_object_store_gb"": 0.13, ""used_cpu"": 0.75}","{""controller"": {""action"": ""hold"", ""available_cpu"": 11.25, ""checkpoint_pending_rows"": 7, ""completed"": 83, ""cpu_headroom_cores"": 6, ""cpu_utilization"": 0.062, ""enabled"": true, ""event_loop_lag_ms"": 0.0, ""hash_active_pages_cap"": 1, ""hash_live_active_pages"": 1, ""hash_pressure_ratio"": 0.667, ""healthy_streak"": 0, ""reason"": ""render_backlog"", ""stage0_inflight_cap"": 1, ""stage0_live_inflight"": 1, ""stage1_fetch_limit_cap"": 1, ""stage1_live_fetch_limit"": 1, ""stage1_pressure_ratio"": 0.0, ""target_cpu_utilization"": 0.82, ""timeout_ratio"": 0.0}, ""hash"": {""aux_queue_depth"": 0, ""backlog"": 18, ""browser_actors"": 1, ""finalize_queue_depth"": 0, ""pending"": 2, ""render_queue_depth"": 19, ""render_trace_rows"": 0}, ""matches"": 12, ""stage0"": {""hits"": 56, ""misses"": 8, ""remaining"": 1676, ""skipped"": 39}, ""stage1"": {""backlog"": 0, ""enrich_actors"": 0, ""fetch_actors"": 1, ""pending"": 0, ""progress"": {""dns_gate_accepted"": 6, ""dns_gate_filtered"": 2, ""dns_hit_gate_accepted"": 32, ""dns_hit_gate_passthrough"": 24, ""escalated"": 0, ""failed"": 0, ""fallback_dns"": 0, ""fetched"": 0, ""head_only"": 0, ""timeout"": 0}}}"
run_20260413T113749Z,2026-04-13T14:02:21+00:00,shortlist,shortlist,,snapshot,{},{},{},"{""available_cpu"": 11.25, ""available_memory_gb"": 0.25, ""available_object_store_gb"": 0.13, ""cluster_cpu"": 12.0, ""cluster_memory_gb"": 0.25, ""cluster_object_store_gb"": 0.13, ""used_cpu"": 0.75}","{""controller"": {""action"": ""hold"", ""available_cpu"": 11.25, ""checkpoint_pending_rows"": 27, ""completed"": 85, ""cpu_headroom_cores"": 6, ""cpu_utilization"": 0.062, ""enabled"": true, ""event_loop_lag_ms"": 27.584, ""hash_active_pages_cap"": 1, ""hash_live_active_pages"": 1, ""hash_pressure_ratio"": 0.667, ""healthy_streak"": 0, ""reason"": ""render_backlog"", ""stage0_inflight_cap"": 1, ""stage0_live_inflight"": 1, ""stage1_fetch_limit_cap"": 1, ""stage1_live_fetch_limit"": 1, ""stage1_pressure_ratio"": 0.0, ""target_cpu_utilization"": 0.82, ""timeout_ratio"": 0.0}, ""hash"": {""aux_queue_depth"": 0, ""backlog"": 16, ""browser_actors"": 1, ""finalize_queue_depth"": 0, ""pending"": 2, ""render_queue_depth"": 17, ""render_trace_rows"": 0}, ""matches"": 14, ""stage0"": {""hits"": 56, ""misses"": 8, ""remaining"": 1676, ""skipped"": 39}, ""stage1"": {""backlog"": 0, ""enrich_actors"": 0, ""fetch_actors"": 1, ""pending"": 0, ""progress"": {""dns_gate_accepted"": 6, ""dns_gate_filtered"": 2, ""dns_hit_gate_accepted"": 32, ""dns_hit_gate_passthrough"": 24, ""escalated"": 0, ""failed"": 0, ""fallback_dns"": 0, ""fetched"": 0, ""head_only"": 0, ""timeout"": 0}}}"
run_20260413T113749Z,2026-04-13T14:02:26+00:00,shortlist,shortlist,,snapshot,{},{},{},"{""available_cpu"": 11.25, ""available_memory_gb"": 0.25, ""available_object_store_gb"": 0.13, ""cluster_cpu"": 12.0, ""cluster_memory_gb"": 0.25, ""cluster_object_store_gb"": 0.13, ""used_cpu"": 0.75}","{""controller"": {""action"": ""hold"", ""available_cpu"": 11.25, ""checkpoint_pending_rows"": 1, ""completed"": 86, ""cpu_headroom_cores"": 6, ""cpu_utilization"": 0.062, ""enabled"": true, ""event_loop_lag_ms"": 0.794, ""hash_active_pages_cap"": 1, ""hash_live_active_pages"": 1, ""hash_pressure_ratio"": 0.333, ""healthy_streak"": 0, ""reason"": ""render_backlog"", ""stage0_inflight_cap"": 1, ""stage0_live_inflight"": 1, ""stage1_fetch_limit_cap"": 1, ""stage1_live_fetch_limit"": 1, ""stage1_pressure_ratio"": 0.0, ""target_cpu_utilization"": 0.82, ""timeout_ratio"": 0.0}, ""hash"": {""aux_queue_depth"": 0, ""backlog"": 16, ""browser_actors"": 1, ""finalize_queue_depth"": 0, ""pending"": 1, ""render_queue_depth"": 17, ""render_trace_rows"": 0}, ""matches"": 15, ""stage0"": {""hits"": 56, ""misses"": 8, ""remaining"": 1676, ""skipped"": 39}, ""stage1"": {""backlog"": 0, ""enrich_actors"": 0, ""fetch_actors"": 1, ""pending"": 0, ""progress"": {""dns_gate_accepted"": 6, ""dns_gate_filtered"": 2, ""dns_hit_gate_accepted"": 32, ""dns_hit_gate_passthrough"": 24, ""escalated"": 0, ""failed"": 0, ""fallback_dns"": 0, ""fetched"": 0, ""head_only"": 0, ""timeout"": 0}}}"
run_20260413T113749Z,2026-04-13T14:02:31+00:00,shortlist,shortlist,,snapshot,{},{},{},"{""available_cpu"": 11.25, ""available_memory_gb"": 0.25, ""available_object_store_gb"": 0.13, ""cluster_cpu"": 12.0, ""cluster_memory_gb"": 0.25, ""cluster_object_store_gb"": 0.13, ""used_cpu"": 0.75}","{""controller"": {""action"": ""hold"", ""available_cpu"": 11.25, ""checkpoint_pending_rows"": 2, ""completed"": 86, ""cpu_headroom_cores"": 6, ""cpu_utilization"": 0.062, ""enabled"": true, ""event_loop_lag_ms"": 15.723, ""hash_active_pages_cap"": 1, ""hash_live_active_pages"": 1, ""hash_pressure_ratio"": 0.333, ""healthy_streak"": 0, ""reason"": ""render_backlog"", ""stage0_inflight_cap"": 1, ""stage0_live_inflight"": 1, ""stage1_fetch_limit_cap"": 1, ""stage1_live_fetch_limit"": 1, ""stage1_pressure_ratio"": 0.0, ""target_cpu_utilization"": 0.82, ""timeout_ratio"": 0.0}, ""hash"": {""aux_queue_depth"": 0, ""backlog"": 16, ""browser_actors"": 1, ""finalize_queue_depth"": 0, ""pending"": 1, ""render_queue_depth"": 17, ""render_trace_rows"": 0}, ""matches"": 15, ""stage0"": {""hits"": 56, ""misses"": 8, ""remaining"": 1676, ""skipped"": 39}, ""stage1"": {""backlog"": 0, ""enrich_actors"": 0, ""fetch_actors"": 1, ""pending"": 0, ""progress"": {""dns_gate_accepted"": 6, ""dns_gate_filtered"": 2, ""dns_hit_gate_accepted"": 32, ""dns_hit_gate_passthrough"": 24, ""escalated"": 0, ""failed"": 0, ""fallback_dns"": 0, ""fetched"": 0, ""head_only"": 0, ""timeout"": 0}}}"
run_20260413T113749Z,2026-04-13T15:35:45+00:00,shortlist,shortlist,,snapshot,{},{},{},"{""available_cpu"": 11.0, ""available_memory_gb"": 0.25, ""available_object_store_gb"": 0.13, ""cluster_cpu"": 12.0, ""cluster_memory_gb"": 0.25, ""cluster_object_store_gb"": 0.13, ""used_cpu"": 1.0}","{""controller"": {""action"": ""init"", ""available_cpu"": 0.0, ""checkpoint_pending_rows"": 0, ""completed"": 47, ""cpu_headroom_cores"": 6, ""cpu_utilization"": 0.0, ""enabled"": true, ""event_loop_lag_ms"": 0.0, ""hash_active_pages_cap"": 1, ""hash_live_active_pages"": 1, ""hash_pressure_ratio"": 0.0, ""healthy_streak"": 0, ""reason"": ""startup"", ""stage0_inflight_cap"": 1, ""stage0_live_inflight"": 1, ""stage1_fetch_limit_cap"": 1, ""stage1_live_fetch_limit"": 1, ""stage1_pressure_ratio"": 0.0, ""target_cpu_utilization"": 0.82, ""timeout_ratio"": 0.0}, ""hash"": {""aux_queue_depth"": 0, ""backlog"": 0, ""browser_actors"": 0, ""finalize_queue_depth"": 0, ""pending"": 0, ""render_queue_depth"": 0, ""render_trace_rows"": 0}, ""matches"": 0, ""stage0"": {""hits"": 0, ""misses"": 0, ""remaining"": 1668, ""skipped"": 47}, ""stage1"": {""backlog"": 0, ""enrich_actors"": 0, ""fetch_actors"": 0, ""pending"": 0, ""progress"": {""dns_gate_accepted"": 0, ""dns_gate_filtered"": 0, ""dns_hit_gate_accepted"": 0, ""dns_hit_gate_passthrough"": 0, ""escalated"": 0, ""failed"": 0, ""fallback_dns"": 0, ""fetched"": 0, ""head_only"": 0, ""timeout"": 0}}}"
run_20260413T113749Z,2026-04-13T15:35:50+00:00,shortlist,shortlist,,snapshot,{},{},{},"{""available_cpu"": 11.0, ""available_memory_gb"": 0.25, ""available_object_store_gb"": 0.13, ""cluster_cpu"": 12.0, ""cluster_memory_gb"": 0.25, ""cluster_object_store_gb"": 0.13, ""used_cpu"": 1.0}","{""controller"": {""action"": ""hold"", ""available_cpu"": 11.0, ""checkpoint_pending_rows"": 3, ""completed"": 47, ""cpu_headroom_cores"": 6, ""cpu_utilization"": 0.083, ""enabled"": true, ""event_loop_lag_ms"": 0.0, ""hash_active_pages_cap"": 1, ""hash_live_active_pages"": 1, ""hash_pressure_ratio"": 0.0, ""healthy_streak"": 0, ""reason"": ""healthy_window"", ""stage0_inflight_cap"": 1, ""stage0_live_inflight"": 1, ""stage1_fetch_limit_cap"": 1, ""stage1_live_fetch_limit"": 1, ""stage1_pressure_ratio"": 0.0, ""target_cpu_utilization"": 0.82, ""timeout_ratio"": 0.0}, ""hash"": {""aux_queue_depth"": 0, ""backlog"": 0, ""browser_actors"": 0, ""finalize_queue_depth"": 0, ""pending"": 0, ""render_queue_depth"": 0, ""render_trace_rows"": 0}, ""matches"": 0, ""stage0"": {""hits"": 0, ""misses"": 0, ""remaining"": 1668, ""skipped"": 47}, ""stage1"": {""backlog"": 0, ""enrich_actors"": 0, ""fetch_actors"": 0, ""pending"": 0, ""progress"": {""dns_gate_accepted"": 0, ""dns_gate_filtered"": 0, ""dns_hit_gate_accepted"": 0, ""dns_hit_gate_passthrough"": 0, ""escalated"": 0, ""failed"": 0, ""fallback_dns"": 0, ""fetched"": 0, ""head_only"": 0, ""timeout"": 0}}}"
run_20260413T113749Z,2026-04-13T15:36:00+00:00,shortlist,shortlist,,snapshot,{},{},{},"{""available_cpu"": 11.25, ""available_memory_gb"": 0.25, ""available_object_store_gb"": 0.13, ""cluster_cpu"": 12.0, ""cluster_memory_gb"": 0.25, ""cluster_object_store_gb"": 0.13, ""used_cpu"": 0.75}","{""controller"": {""action"": ""hold"", ""available_cpu"": 11.25, ""checkpoint_pending_rows"": 16, ""completed"": 73, ""cpu_headroom_cores"": 6, ""cpu_utilization"": 0.062, ""enabled"": true, ""event_loop_lag_ms"": 1.015, ""hash_active_pages_cap"": 1, ""hash_live_active_pages"": 1, ""hash_pressure_ratio"": 0.333, ""healthy_streak"": 0, ""reason"": ""render_backlog"", ""stage0_inflight_cap"": 1, ""stage0_live_inflight"": 1, ""stage1_fetch_limit_cap"": 1, ""stage1_live_fetch_limit"": 1, ""stage1_pressure_ratio"": 0.167, ""target_cpu_utilization"": 0.82, ""timeout_ratio"": 0.0}, ""hash"": {""aux_queue_depth"": 0, ""backlog"": 36, ""browser_actors"": 1, ""finalize_queue_depth"": 0, ""pending"": 1, ""render_queue_depth"": 37, ""render_trace_rows"": 0}, ""matches"": 0, ""stage0"": {""hits"": 61, ""misses"": 3, ""remaining"": 1668, ""skipped"": 47}, ""stage1"": {""backlog"": 0, ""enrich_actors"": 0, ""fetch_actors"": 1, ""pending"": 1, ""progress"": {""dns_gate_accepted"": 1, ""dns_gate_filtered"": 2, ""dns_hit_gate_accepted"": 37, ""dns_hit_gate_passthrough"": 24, ""escalated"": 0, ""failed"": 0, ""fallback_dns"": 0, ""fetched"": 0, ""head_only"": 0, ""timeout"": 0}}}"
run_20260413T113749Z,2026-04-13T15:36:10+00:00,shortlist,shortlist,,snapshot,{},{},{},"{""available_cpu"": 11.25, ""available_memory_gb"": 0.25, ""available_object_store_gb"": 0.13, ""cluster_cpu"": 12.0, ""cluster_memory_gb"": 0.25, ""cluster_object_store_gb"": 0.13, ""used_cpu"": 0.75}","{""controller"": {""action"": ""hold"", ""available_cpu"": 11.25, ""checkpoint_pending_rows"": 11, ""completed"": 75, ""cpu_headroom_cores"": 6, ""cpu_utilization"": 0.062, ""enabled"": true, ""event_loop_lag_ms"": 8.075, ""hash_active_pages_cap"": 1, ""hash_live_active_pages"": 1, ""hash_pressure_ratio"": 0.333, ""healthy_streak"": 0, ""reason"": ""render_backlog"", ""stage0_inflight_cap"": 1, ""stage0_live_inflight"": 1, ""stage1_fetch_limit_cap"": 1, ""stage1_live_fetch_limit"": 1, ""stage1_pressure_ratio"": 0.0, ""target_cpu_utilization"": 0.82, ""timeout_ratio"": 0.0}, ""hash"": {""aux_queue_depth"": 0, ""backlog"": 35, ""browser_actors"": 1, ""finalize_queue_depth"": 0, ""pending"": 1, ""render_queue_depth"": 36, ""render_trace_rows"": 0}, ""matches"": 1, ""stage0"": {""hits"": 61, ""misses"": 3, ""remaining"": 1668, ""skipped"": 47}, ""stage1"": {""backlog"": 0, ""enrich_actors"": 0, ""fetch_actors"": 1, ""pending"": 0, ""progress"": {""dns_gate_accepted"": 1, ""dns_gate_filtered"": 2, ""dns_hit_gate_accepted"": 37, ""dns_hit_gate_passthrough"": 24, ""escalated"": 0, ""failed"": 0, ""fallback_dns"": 0, ""fetched"": 0, ""head_only"": 0, ""timeout"": 0}}}"
run_20260413T113749Z,2026-04-13T15:36:20+00:00,shortlist,shortlist,,snapshot,{},{},{},"{""available_cpu"": 11.25, ""available_memory_gb"": 0.25, ""available_object_store_gb"": 0.13, ""cluster_cpu"": 12.0, ""cluster_memory_gb"": 0.25, ""cluster_object_store_gb"": 0.13, ""used_cpu"": 0.75}","{""controller"": {""action"": ""hold"", ""available_cpu"": 10.75, ""checkpoint_pending_rows"": 7, ""completed"": 79, ""cpu_headroom_cores"": 6, ""cpu_utilization"": 0.104, ""enabled"": true, ""event_loop_lag_ms"": 23.659, ""hash_active_pages_cap"": 1, ""hash_live_active_pages"": 1, ""hash_pressure_ratio"": 0.667, ""healthy_streak"": 0, ""reason"": ""render_backlog"", ""stage0_inflight_cap"": 1, ""stage0_live_inflight"": 1, ""stage1_fetch_limit_cap"": 1, ""stage1_live_fetch_limit"": 1, ""stage1_pressure_ratio"": 0.0, ""target_cpu_utilization"": 0.82, ""timeout_ratio"": 0.0}, ""hash"": {""aux_queue_depth"": 0, ""backlog"": 30, ""browser_actors"": 1, ""finalize_queue_depth"": 0, ""pending"": 2, ""render_queue_depth"": 31, ""render_trace_rows"": 0}, ""matches"": 5, ""stage0"": {""hits"": 61, ""misses"": 3, ""remaining"": 1668, ""skipped"": 47}, ""stage1"": {""backlog"": 0, ""enrich_actors"": 0, ""fetch_actors"": 1, ""pending"": 0, ""progress"": {""dns_gate_accepted"": 1, ""dns_gate_filtered"": 2, ""dns_hit_gate_accepted"": 37, ""dns_hit_gate_passthrough"": 24, ""escalated"": 0, ""failed"": 0, ""fallback_dns"": 0, ""fetched"": 0, ""head_only"": 0, ""timeout"": 0}}}"
run_20260413T113749Z,2026-04-13T15:36:25+00:00,shortlist,shortlist,,snapshot,{},{},{},"{""available_cpu"": 11.25, ""available_memory_gb"": 0.25, ""available_object_store_gb"": 0.13, ""cluster_cpu"": 12.0, ""cluster_memory_gb"": 0.25, ""cluster_object_store_gb"": 0.13, ""used_cpu"": 0.75}","{""controller"": {""action"": ""hold"", ""available_cpu"": 11.25, ""checkpoint_pending_rows"": 24, ""completed"": 81, ""cpu_headroom_cores"": 6, ""cpu_utilization"": 0.062, ""enabled"": true, ""event_loop_lag_ms"": 6.962, ""hash_active_pages_cap"": 1, ""hash_live_active_pages"": 1, ""hash_pressure_ratio"": 0.333, ""healthy_streak"": 0, ""reason"": ""render_backlog"", ""stage0_inflight_cap"": 1, ""stage0_live_inflight"": 1, ""stage1_fetch_limit_cap"": 1, ""stage1_live_fetch_limit"": 1, ""stage1_pressure_ratio"": 0.0, ""target_cpu_utilization"": 0.82, ""timeout_ratio"": 0.0}, ""hash"": {""aux_queue_depth"": 0, ""backlog"": 29, ""browser_actors"": 1, ""finalize_queue_depth"": 0, ""pending"": 1, ""render_queue_depth"": 30, ""render_trace_rows"": 0}, ""matches"": 7, ""stage0"": {""hits"": 61, ""misses"": 3, ""remaining"": 1668, ""skipped"": 47}, ""stage1"": {""backlog"": 0, ""enrich_actors"": 0, ""fetch_actors"": 1, ""pending"": 0, ""progress"": {""dns_gate_accepted"": 1, ""dns_gate_filtered"": 2, ""dns_hit_gate_accepted"": 37, ""dns_hit_gate_passthrough"": 24, ""escalated"": 0, ""failed"": 0, ""fallback_dns"": 0, ""fetched"": 0, ""head_only"": 0, ""timeout"": 0}}}"
run_20260413T113749Z,2026-04-13T15:36:30+00:00,shortlist,shortlist,,snapshot,{},{},{},"{""available_cpu"": 11.25, ""available_memory_gb"": 0.25, ""available_object_store_gb"": 0.13, ""cluster_cpu"": 12.0, ""cluster_memory_gb"": 0.25, ""cluster_object_store_gb"": 0.13, ""used_cpu"": 0.75}","{""controller"": {""action"": ""hold"", ""available_cpu"": 11.25, ""checkpoint_pending_rows"": 10, ""completed"": 81, ""cpu_headroom_cores"": 6, ""cpu_utilization"": 0.062, ""enabled"": true, ""event_loop_lag_ms"": 27.059, ""hash_active_pages_cap"": 1, ""hash_live_active_pages"": 1, ""hash_pressure_ratio"": 1.0, ""healthy_streak"": 0, ""reason"": ""render_backlog"", ""stage0_inflight_cap"": 1, ""stage0_live_inflight"": 1, ""stage1_fetch_limit_cap"": 1, ""stage1_live_fetch_limit"": 1, ""stage1_pressure_ratio"": 0.0, ""target_cpu_utilization"": 0.82, ""timeout_ratio"": 0.0}, ""hash"": {""aux_queue_depth"": 0, ""backlog"": 27, ""browser_actors"": 1, ""finalize_queue_depth"": 0, ""pending"": 1, ""render_queue_depth"": 28, ""render_trace_rows"": 0}, ""matches"": 7, ""stage0"": {""hits"": 61, ""misses"": 3, ""remaining"": 1668, ""skipped"": 47}, ""stage1"": {""backlog"": 0, ""enrich_actors"": 0, ""fetch_actors"": 1, ""pending"": 0, ""progress"": {""dns_gate_accepted"": 1, ""dns_gate_filtered"": 2, ""dns_hit_gate_accepted"": 37, ""dns_hit_gate_passthrough"": 24, ""escalated"": 0, ""failed"": 0, ""fallback_dns"": 0, ""fetched"": 0, ""head_only"": 0, ""timeout"": 0}}}"
run_20260413T113749Z,2026-04-13T15:36:35+00:00,shortlist,shortlist,,snapshot,{},{},{},"{""available_cpu"": 11.25, ""available_memory_gb"": 0.25, ""available_object_store_gb"": 0.13, ""cluster_cpu"": 12.0, ""cluster_memory_gb"": 0.25, ""cluster_object_store_gb"": 0.13, ""used_cpu"": 0.75}","{""controller"": {""action"": ""hold"", ""available_cpu"": 11.25, ""checkpoint_pending_rows"": 37, ""completed"": 85, ""cpu_headroom_cores"": 6, ""cpu_utilization"": 0.062, ""enabled"": true, ""event_loop_lag_ms"": 8.37, ""hash_active_pages_cap"": 1, ""hash_live_active_pages"": 1, ""hash_pressure_ratio"": 0.667, ""healthy_streak"": 0, ""reason"": ""render_backlog"", ""stage0_inflight_cap"": 1, ""stage0_live_inflight"": 1, ""stage1_fetch_limit_cap"": 1, ""stage1_live_fetch_limit"": 1, ""stage1_pressure_ratio"": 0.0, ""target_cpu_utilization"": 0.82, ""timeout_ratio"": 0.0}, ""hash"": {""aux_queue_depth"": 0, ""backlog"": 24, ""browser_actors"": 1, ""finalize_queue_depth"": 0, ""pending"": 2, ""render_queue_depth"": 25, ""render_trace_rows"": 0}, ""matches"": 11, ""stage0"": {""hits"": 61, ""misses"": 3, ""remaining"": 1668, ""skipped"": 47}, ""stage1"": {""backlog"": 0, ""enrich_actors"": 0, ""fetch_actors"": 1, ""pending"": 0, ""progress"": {""dns_gate_accepted"": 1, ""dns_gate_filtered"": 2, ""dns_hit_gate_accepted"": 37, ""dns_hit_gate_passthrough"": 24, ""escalated"": 0, ""failed"": 0, ""fallback_dns"": 0, ""fetched"": 0, ""head_only"": 0, ""timeout"": 0}}}"
run_20260413T113749Z,2026-04-13T15:36:40+00:00,shortlist,shortlist,,snapshot,{},{},{},"{""available_cpu"": 10.75, ""available_memory_gb"": 0.25, ""available_object_store_gb"": 0.13, ""cluster_cpu"": 12.0, ""cluster_memory_gb"": 0.25, ""cluster_object_store_gb"": 0.13, ""used_cpu"": 1.25}","{""controller"": {""action"": ""hold"", ""available_cpu"": 11.25, ""checkpoint_pending_rows"": 8, ""completed"": 87, ""cpu_headroom_cores"": 6, ""cpu_utilization"": 0.062, ""enabled"": true, ""event_loop_lag_ms"": 6.799, ""hash_active_pages_cap"": 1, ""hash_live_active_pages"": 1, ""hash_pressure_ratio"": 0.333, ""healthy_streak"": 0, ""reason"": ""render_backlog"", ""stage0_inflight_cap"": 1, ""stage0_live_inflight"": 1, ""stage1_fetch_limit_cap"": 1, ""stage1_live_fetch_limit"": 1, ""stage1_pressure_ratio"": 0.0, ""target_cpu_utilization"": 0.82, ""timeout_ratio"": 0.0}, ""hash"": {""aux_queue_depth"": 1, ""backlog"": 22, ""browser_actors"": 1, ""finalize_queue_depth"": 0, ""pending"": 2, ""render_queue_depth"": 23, ""render_trace_rows"": 0}, ""matches"": 13, ""stage0"": {""hits"": 61, ""misses"": 3, ""remaining"": 1668, ""skipped"": 47}, ""stage1"": {""backlog"": 0, ""enrich_actors"": 0, ""fetch_actors"": 1, ""pending"": 0, ""progress"": {""dns_gate_accepted"": 1, ""dns_gate_filtered"": 2, ""dns_hit_gate_accepted"": 37, ""dns_hit_gate_passthrough"": 24, ""escalated"": 0, ""failed"": 0, ""fallback_dns"": 0, ""fetched"": 0, ""head_only"": 0, ""timeout"": 0}}}"
run_20260413T113749Z,2026-04-13T15:36:45+00:00,shortlist,shortlist,,snapshot,{},{},{},"{""available_cpu"": 11.25, ""available_memory_gb"": 0.25, ""available_object_store_gb"": 0.13, ""cluster_cpu"": 12.0, ""cluster_memory_gb"": 0.25, ""cluster_object_store_gb"": 0.13, ""used_cpu"": 0.75}","{""controller"": {""action"": ""hold"", ""available_cpu"": 11.25, ""checkpoint_pending_rows"": 21, ""completed"": 89, ""cpu_headroom_cores"": 6, ""cpu_utilization"": 0.062, ""enabled"": true, ""event_loop_lag_ms"": 0.0, ""hash_active_pages_cap"": 1, ""hash_live_active_pages"": 1, ""hash_pressure_ratio"": 0.333, ""healthy_streak"": 0, ""reason"": ""render_backlog"", ""stage0_inflight_cap"": 1, ""stage0_live_inflight"": 1, ""stage1_fetch_limit_cap"": 1, ""stage1_live_fetch_limit"": 1, ""stage1_pressure_ratio"": 0.0, ""target_cpu_utilization"": 0.82, ""timeout_ratio"": 0.0}, ""hash"": {""aux_queue_depth"": 0, ""backlog"": 21, ""browser_actors"": 1, ""finalize_queue_depth"": 0, ""pending"": 1, ""render_queue_depth"": 22, ""render_trace_rows"": 0}, ""matches"": 15, ""stage0"": {""hits"": 61, ""misses"": 3, ""remaining"": 1668, ""skipped"": 47}, ""stage1"": {""backlog"": 0, ""enrich_actors"": 0, ""fetch_actors"": 1, ""pending"": 0, ""progress"": {""dns_gate_accepted"": 1, ""dns_gate_filtered"": 2, ""dns_hit_gate_accepted"": 37, ""dns_hit_gate_passthrough"": 24, ""escalated"": 0, ""failed"": 0, ""fallback_dns"": 0, ""fetched"": 0, ""head_only"": 0, ""timeout"": 0}}}"
