input_position,input_url,normalized_url,source_workbook,raw_url,hashed_at_utc,target_url_sha256,hash_mode,domain,dns_status,dns_decision,fetch_status,visual_status,fetch_error_type,fetch_error_detail,final_landing_url,parking_provider,parking_reason,placeholder_or_parking_reason,admitted,admitted_to_holdout,kept_for_review_only,review_only_reason,survival_path,drop_path,exclusion_stage,reason,old_fuzzy_hit,old_fuzzy_cse,hybrid_lexical_hit,strict_lexical_hit,lexical_score_pass,fallback_rank_only,admission_reason,admission_path,candidate_generation_reason,best_entity,best_matching_domain,best_score,score_margin,confidence_band,lexical_score,lexical_hit,brand_score,credential_score,infra_score,evasion_score,total_stage1_score,hard_trigger_hit,stage1_reasons,page_has_password_field,page_has_login_form,form_action_mismatch,csc_mention_count,redirect_count,final_domain,favicon_domain,html_bytes_read,escalate_to_hashing,escalate_reason,favicon_hash_similarity,favicon_hash_distance,page_hash_similarity,page_hash_distance,domain_hash_similarity,domain_hash_distance,ssl_hash_similarity,ssl_hash_distance,typo_similarity,generic_token_only_match,direct_brand_evidence_count,deceptive_host_embedding,content_spoof_strong,stage1_passthrough,domain_component,hash_component,hash_anchor,review_reason,screenshot_path,favicon_hash_raw,ssl_hash_raw,html_hash_raw,page_hash_raw,domain_hash_raw,signal_hit_favicon,signal_hit_ssl_hash,signal_hit_html_hash,signal_hit_domain_hash
1,airtel-merchants.club,https://airtel-merchants.club,AIGR-S66270_Ground_Truth.xlsx|urls.xlsx,,,,,,no_answer,filtered,failed,not_attempted,dns_gate_no_answer,no A/AAAA answers for airtel-merchants.club,,,,,False,False,False,,dns_not_mapped_lexical_passthrough,,stage1_http,dns_not_mapped_lexical_hit,True,Airtel,True,True,True,False,,,brand_token_match|jw_primary,Airtel,airtel.in,0.0,,,0.875,True,0,0,0,0,0,False,dns_not_mapped_to_ip,False,False,False,0,0,airtel-merchants.club,,0,False,dns_not_mapped_lexical_hit,,,,,,,,,0.5455,False,0,False,False,True,0.0,0.0,,,,,,,,,,,,
2,airtele.xyz,https://airtele.xyz,AIGR-S66270_Ground_Truth.xlsx|urls.xlsx,,,,,,no_answer,filtered,failed,not_attempted,dns_gate_no_answer,no A/AAAA answers for airtele.xyz,,,,,False,False,False,,dns_not_mapped_lexical_passthrough,,stage1_http,dns_not_mapped_lexical_hit,True,Airtel,True,True,True,False,,,jw_primary|token_set_primary|skeleton_similarity|host_similarity,Airtel,airtel.in,0.0,,,0.9714,True,0,0,0,0,0,False,dns_not_mapped_to_ip,False,False,False,0,0,airtele.xyz,,0,False,dns_not_mapped_lexical_hit,,,,,,,,,0.9231,False,0,False,False,True,0.0,0.0,,,,,,,,,,,,
3,paarivahan.com,https://paarivahan.com,AIGR-S66270_Ground_Truth.xlsx|urls.xlsx,,,,,,no_answer,filtered,failed,not_attempted,dns_gate_no_answer,no A/AAAA answers for paarivahan.com,,,,,False,False,False,,dns_not_mapped_lexical_passthrough,,stage1_http,dns_not_mapped_lexical_hit,True,parivahan sewa,True,True,True,False,,,jw_primary|token_set_primary|skeleton_similarity|host_similarity,parivahan sewa,parivahan.gov.in,0.0,,,0.9474,True,0,0,0,0,0,False,dns_not_mapped_to_ip,False,False,False,0,0,paarivahan.com,,0,False,dns_not_mapped_lexical_hit,,,,,,,,,0.9474,False,0,False,False,True,0.0,0.0,,,,,,,,,,,,
4,airtell.ai,https://airtell.ai,AIGR-S66270_Ground_Truth.xlsx|urls.xlsx,https://airtell.ai,2026-04-13T18:04:53+00:00,3f369f17116fd0be14dcf3e991285c626e0ea4399bf912bc0f7b444b24d9ccd2,similarity,airtell.ai,resolved,accepted,fetched,available,,,https://airtell.ai,,,,True,True,False,,score_threshold|weak_direct_evidence|network_corroboration,,,,True,Airtel,True,True,True,False,score_threshold|weak_direct_evidence|network_corroboration,score_threshold|weak_direct_evidence|network_corroboration,jw_primary|token_set_primary|skeleton_similarity|host_similarity|stage1_brand_seed,Airtel,airtel.in,69.3878,69.3878,Medium,0.9714,True,8,0,0,6,14,False,redirect_brand_match|final_domain_brand_match|js_redirect,False,False,False,1,0,airtell.ai,,114,False,stage1_low_suspicion,0.0,-1,0.0,-1,0.0,-1,0.0,-1,0.9231,False,0,False,False,False,29.1429,0.0,False,,C:\Users\SATWIK\Documents\Phishing\phishing_pipeline\screens\airtell.ai.png,,7ff4ff8298b7d1d2,,e666666636363233,bef0a66d9bd395fe,False,False,False,False
5,axisupi.com,https://axisupi.com,AIGR-S66270_Ground_Truth.xlsx|urls.xlsx,https://axisupi.com,2026-04-13T18:05:07+00:00,54a7492398ec6e757b4379f199b5168e01aa0730084492c31067ba3ce9d186d1,similarity,axisupi.com,resolved,accepted,failed,not_attempted,navigation_error,"Page.goto: net::ERR_CONNECTION_TIMED_OUT at https://axisupi.com/ | Call log: - navigating to ""https://axisupi.com/"", waiting until ""commit""",about:blank,,,,False,False,False,,failed_fetch_strict_lexical_suspected,,hashing_shortlist,fetch_timeout_or_fetch_failed,True,Axis Bank,False,True,False,False,,,fallback_top_k,Axis Bank,axismf.com,0.0,0.0,Low,0.8476,True,0,0,0,0,0,False,lexical_hit,False,False,False,0,0,axisupi.com,,0,True,lexical_hit,0.0,-1,0.0,-1,0.0,-1,0.0,-1,0.6454,False,0,False,False,True,25.4286,0.0,False,,,,,,,,False,False,False,False
6,uidaiaadhardownload.com,https://uidaiaadhardownload.com,AIGR-S66270_Ground_Truth.xlsx|urls.xlsx,https://uidaiaadhardownload.com,2026-04-13T18:05:09+00:00,3d600c49338f974223f09d4033a746e0fcea68bc3b5a90df01fb31ddada2997d,similarity,uidaiaadhardownload.com,resolved,accepted,fetched,available,,,https://uidaiaadhardownload.com/,,,,True,True,False,,score_threshold|weak_direct_evidence|network_corroboration,,,,True,"Unique Identification Authority of India (UIDAI)
",True,True,True,False,score_threshold|weak_direct_evidence|network_corroboration,score_threshold|weak_direct_evidence|network_corroboration,jw_primary,"Unique Identification Authority of India (UIDAI)
",uidai.gov.in,85.2632,27.1292,High,0.8526,True,0,0,0,0,0,False,lexical_hit,False,False,False,0,0,uidaiaadhardownload.com,,0,True,lexical_hit,0.0,-1,0.0,-1,0.0,-1,0.0,-1,0.4167,False,1,False,False,False,25.5789,0.0,False,,C:\Users\SATWIK\Documents\Phishing\phishing_pipeline\screens\uidaiaadhardownload.com.png,,7b2c4387748cb495,,be9ac02387e01b3f,d5318c2f0d98fa52,False,False,False,False
7,sbireward.com,https://sbireward.com,AIGR-S66270_Ground_Truth.xlsx|urls.xlsx,,,,,,no_answer,filtered,failed,not_attempted,dns_gate_no_answer,no A/AAAA answers for sbireward.com,,,,,False,False,False,,dns_not_mapped_lexical_passthrough,,stage1_http,dns_not_mapped_lexical_hit,True,State Bank of India (SBI),True,True,True,False,,,jw_primary,State Bank of India (SBI),sbicard.com,0.0,,,0.85,True,0,0,0,0,0,False,dns_not_mapped_to_ip,False,False,False,0,0,sbireward.com,,0,False,dns_not_mapped_lexical_hit,,,,,,,,,0.78,False,0,False,False,True,0.0,0.0,,,,,,,,,,,,
8,airtel-zungusha.lol,https://airtel-zungusha.lol,AIGR-S66270_Ground_Truth.xlsx,,,,,,no_answer,filtered,failed,not_attempted,dns_gate_no_answer,no A/AAAA answers for airtel-zungusha.lol,,,,,False,False,False,,dns_not_mapped_lexical_passthrough,,stage1_http,dns_not_mapped_lexical_hit,True,Airtel,True,True,True,False,,,brand_token_match|jw_primary,Airtel,airtel.in,0.0,,,0.88,True,0,0,0,0,0,False,dns_not_mapped_to_ip,False,False,False,0,0,airtel-zungusha.lol,,0,False,dns_not_mapped_lexical_hit,,,,,,,,,0.5714,False,0,False,False,True,0.0,0.0,,,,,,,,,,,,
9,airtelmetaverse.com,https://airtelmetaverse.com,AIGR-S66270_Ground_Truth.xlsx,https://airtelmetaverse.com,2026-04-13T18:05:11+00:00,802e9eb34fb0c1b589b2a3c4e2df1f1a2d61c299652c5a94b92901bcd145bfd8,similarity,airtelmetaverse.com,resolved,accepted,fetched,available,,,https://airtelmetaverse.com,,,,True,True,False,,score_threshold|weak_direct_evidence|network_corroboration,,,,True,Airtel,True,True,True,False,score_threshold|weak_direct_evidence|network_corroboration,score_threshold|weak_direct_evidence|network_corroboration,jw_primary|stage1_brand_seed,Airtel,airtel.in,62.8571,62.8571,Low,0.88,True,8,0,0,6,14,False,redirect_brand_match|final_domain_brand_match|js_redirect,False,False,False,1,0,airtelmetaverse.com,,114,False,stage1_low_suspicion,0.0,-1,0.0,-1,0.0,-1,0.0,-1,0.5714,False,0,False,False,False,26.4,0.0,False,,C:\Users\SATWIK\Documents\Phishing\phishing_pipeline\screens\airtelmetaverse.com.png,,6ff4ffa23c9f94c2,,e666666636363233,fff4ab41bba8914a,False,False,False,False
10,incometaxgov.info,https://incometaxgov.info,AIGR-S66270_Ground_Truth.xlsx,https://incometaxgov.info,2026-04-13T18:05:14+00:00,4dc09b2ea68497f0a4b271845f5119e7e4f8135e0b9411696d37a0d374adfd87,similarity,incometaxgov.info,resolved,accepted,failed,not_attempted,navigation_error,"Page.goto: net::ERR_CONNECTION_REFUSED at https://incometaxgov.info/ | Call log: - navigating to ""https://incometaxgov.info/"", waiting until ""domcontentloaded""",about:blank,,,,False,False,False,,failed_fetch_strict_lexical_suspected,,hashing_shortlist,fetch_timeout_or_fetch_failed,True,Income Tax Department,True,True,True,False,,,jw_primary,Income Tax Department,incometaxindia.gov.in,0.0,0.0,Low,0.8786,True,0,0,0,0,0,False,lexical_hit,False,False,False,0,0,incometaxgov.info,,0,True,lexical_hit,0.0,-1,0.0,-1,0.0,-1,0.0,-1,0.6923,False,0,False,False,True,26.3571,0.0,False,,,,,,,,False,False,False,False
11,incometaxgov.org,https://incometaxgov.org,AIGR-S66270_Ground_Truth.xlsx,https://incometaxgov.org,2026-04-13T18:05:18+00:00,1ca454c8d6d7c0190880b52b214f6cc7c3842a62d0b478caae7f255095cc8bd4,similarity,incometaxgov.org,resolved,accepted,fetched,available,,,https://incometaxgov.org/,,,,True,True,False,,score_threshold|weak_direct_evidence|network_corroboration,,,,True,Income Tax Department,True,True,True,False,score_threshold|weak_direct_evidence|network_corroboration,score_threshold|weak_direct_evidence|network_corroboration,jw_primary,Income Tax Department,incometaxindia.gov.in,62.7551,19.898,Low,0.8786,True,0,0,0,0,0,False,lexical_hit,False,False,False,0,0,incometaxgov.org,,0,True,lexical_hit,0.0,-1,0.0,-1,0.0,-1,0.0,-1,0.6923,False,0,False,False,False,26.3571,0.0,False,,C:\Users\SATWIK\Documents\Phishing\phishing_pipeline\screens\incometaxgov.org.png,,705cd68c64b5b09f,,8000000000000000,fbfdb3a35dddb2de,False,False,False,False
12,crsor.info,https://crsor.info,AIGR-S66270_Ground_Truth.xlsx,https://crsor.info,2026-04-13T18:05:21+00:00,90d0f27fd6d64d53722cafc7aeb805b86a15e44c1d4cff932868ed227ba72512,similarity,crsor.info,resolved,accepted,fetched,available,,,https://crsor.info/,,,,True,True,False,,score_threshold|weak_direct_evidence|network_corroboration,,,,True,"Civil Registration System, MHA (RGCCI)",True,True,True,False,score_threshold|weak_direct_evidence|network_corroboration,score_threshold|weak_direct_evidence|network_corroboration,jw_primary,"Civil Registration System, MHA (RGCCI)",crsorgi.gov.in,94.2857,30.0,High,0.9429,True,0,0,0,0,0,False,lexical_hit,False,False,False,0,0,crsor.info,,0,True,lexical_hit,0.0,-1,0.0,-1,0.0,-1,0.0,-1,0.8333,False,0,False,False,False,28.2857,0.0,False,,C:\Users\SATWIK\Documents\Phishing\phishing_pipeline\screens\crsor.info.png,,4705078e75523c9b,,800000031fffffff,b7aeebf2f72f9ff7,False,False,False,False
13,domain,https://domain,urls.xlsx,,,,,,no_answer,filtered,dns_inactive,not_attempted,dns_gate_no_answer,no A/AAAA answers for domain,,,,,False,False,False,,,dns_gate_inactive,stage1_http,dns_gate_inactive,False,,False,False,False,True,,,fallback_top_k|generic_token_only,National Informatics Centre (NIC),kavach.mail.gov.in,0.0,,,0.75,False,0,0,0,0,0,False,dns_gate_inactive,False,False,False,0,0,domain,,0,False,dns_gate_inactive,,,,,,,,,0.6,True,0,False,False,False,0.0,0.0,,,,,,,,,,,,
14,jardines10.com,https://jardines10.com,urls.xlsx,,,,,,skipped,skipped,,not_attempted,,,,,,,False,False,False,,,stage1_low_suspicion,stage1_http,stage1_low_suspicion,False,,False,False,False,True,,,fallback_top_k,Airtel,airtel.in,0.0,,,0.7111,False,0,0,0,0,0,False,,False,False,False,0,0,,,0,False,stage1_low_suspicion,,,,,,,,,0.5,False,0,False,False,False,0.0,0.0,,,,,,,,,,,,
15,connectionsarchive.net,https://connectionsarchive.net,urls.xlsx,,,,,,skipped,skipped,,not_attempted,,,,,,,False,False,False,,,stage1_low_suspicion,stage1_http,stage1_low_suspicion,False,,False,False,False,True,,,fallback_top_k,Coal India,coalindiatenders.nic.in,0.0,,,0.6944,False,0,0,0,0,0,False,,False,False,False,0,0,,,0,False,stage1_low_suspicion,,,,,,,,,0.3529,False,0,False,False,False,0.0,0.0,,,,,,,,,,,,
16,web365daftar.com,https://web365daftar.com,urls.xlsx,,,,,,skipped,skipped,,not_attempted,,,,,,,False,False,False,,,stage1_low_suspicion,stage1_http,stage1_low_suspicion,False,,False,False,False,True,,,fallback_top_k,BSE Ltd.,bsestarmf.in,0.0,,,0.6442,False,0,0,0,0,0,False,,False,False,False,0,0,,,0,False,stage1_low_suspicion,,,,,,,,,0.5714,False,0,False,False,False,0.0,0.0,,,,,,,,,,,,
17,conciergerie-niort.fr,https://conciergerie-niort.fr,urls.xlsx,,,,,,skipped,skipped,,not_attempted,,,,,,,False,False,False,,,stage1_low_suspicion,stage1_http,stage1_low_suspicion,False,,False,False,False,True,,,fallback_top_k,"Civil Registration System, MHA (RGCCI)",crsorgi.gov.in,0.0,,,0.6746,False,0,0,0,0,0,False,,False,False,False,0,0,,,0,False,stage1_low_suspicion,,,,,,,,,0.4,False,0,False,False,False,0.0,0.0,,,,,,,,,,,,
18,nmjiaojinginc.shop,https://nmjiaojinginc.shop,urls.xlsx,,,,,,skipped,skipped,,not_attempted,,,,,,,False,False,False,,,stage1_low_suspicion,stage1_http,stage1_low_suspicion,False,,False,False,False,True,,,fallback_top_k,Jio,jio.com,0.0,,,0.7436,False,0,0,0,0,0,False,,False,False,False,0,0,,,0,False,stage1_low_suspicion,,,,,,,,,0.375,False,0,False,False,False,0.0,0.0,,,,,,,,,,,,
19,ventajp.com,https://ventajp.com,urls.xlsx,,,,,,skipped,skipped,,not_attempted,,,,,,,False,False,False,,,stage1_low_suspicion,stage1_http,stage1_low_suspicion,False,,False,False,False,True,,,fallback_top_k,National Health Authority (NHA),nha.gov.in,0.0,,,0.6508,False,0,0,0,0,0,False,,False,False,False,0,0,,,0,False,stage1_low_suspicion,,,,,,,,,0.4,False,0,False,False,False,0.0,0.0,,,,,,,,,,,,
20,snackduel.com,https://snackduel.com,urls.xlsx,,,,,,no_answer,filtered,dns_inactive,not_attempted,dns_gate_no_answer,no A/AAAA answers for snackduel.com,,,,,False,False,False,,,dns_gate_inactive,stage1_http,dns_gate_inactive,False,,False,False,False,True,,,fallback_top_k,National Health Authority (NHA),nha.gov.in,0.0,,,0.6296,False,0,0,0,0,0,False,dns_gate_inactive,False,False,False,0,0,snackduel.com,,0,False,dns_gate_inactive,,,,,,,,,0.3333,False,0,False,False,False,0.0,0.0,,,,,,,,,,,,
21,calmplatewindow.club,https://calmplatewindow.club,urls.xlsx,,,,,,skipped,skipped,,not_attempted,,,,,,,False,False,False,,,stage1_low_suspicion,stage1_http,stage1_low_suspicion,False,,False,False,False,True,,,fallback_top_k,Income Tax Department,incometaxindia.gov.in,0.0,,,0.6599,False,0,0,0,0,0,False,,False,False,False,0,0,,,0,False,stage1_low_suspicion,,,,,,,,,0.4138,False,0,False,False,False,0.0,0.0,,,,,,,,,,,,
22,tuterrenoenchile.cl,https://tuterrenoenchile.cl,urls.xlsx,,,,,,skipped,skipped,,not_attempted,,,,,,,False,False,False,,,stage1_low_suspicion,stage1_http,stage1_low_suspicion,False,,False,False,False,True,,,fallback_top_k,Indian Railway Catering and Tourism Corporation (IRCTC),irctctourism.com,0.0,,,0.5972,False,0,0,0,0,0,False,,False,False,False,0,0,,,0,False,stage1_low_suspicion,,,,,,,,,0.2857,False,0,False,False,False,0.0,0.0,,,,,,,,,,,,
23,pumirpkin.live,https://pumirpkin.live,urls.xlsx,,,,,,skipped,skipped,,not_attempted,,,,,,,False,False,False,,,stage1_low_suspicion,stage1_http,stage1_low_suspicion,False,,False,False,False,True,,,fallback_top_k,"Unique Identification Authority of India (UIDAI)
",uidai.gov.in,0.0,,,0.6444,False,0,0,0,0,0,False,,False,False,False,0,0,,,0,False,stage1_low_suspicion,,,,,,,,,0.4286,False,0,False,False,False,0.0,0.0,,,,,,,,,,,,
24,exerciseok.com,https://exerciseok.com,urls.xlsx,,,,,,skipped,skipped,,not_attempted,,,,,,,False,False,False,,,stage1_low_suspicion,stage1_http,stage1_low_suspicion,False,,False,False,False,True,,,fallback_top_k,Election Commision of India (ECI),eci.gov.in,0.0,,,0.79,False,0,0,0,0,0,False,,False,False,False,0,0,,,0,False,stage1_low_suspicion,,,,,,,,,0.4615,False,0,False,False,False,0.0,0.0,,,,,,,,,,,,
25,parquebatweania.com,https://parquebatweania.com,urls.xlsx,,,,,,skipped,skipped,,not_attempted,,,,,,,False,False,False,,,stage1_low_suspicion,stage1_http,stage1_low_suspicion,False,,False,False,False,True,,,fallback_top_k,Reserve Bank of India (RBI),rebit.org.in,0.0,,,0.6889,False,0,0,0,0,0,False,,False,False,False,0,0,,,0,False,stage1_low_suspicion,,,,,,,,,0.4,False,0,False,False,False,0.0,0.0,,,,,,,,,,,,
26,tutu-and-tiaras.com,https://tutu-and-tiaras.com,urls.xlsx,,,,,,skipped,skipped,,not_attempted,,,,,,,False,False,False,,,stage1_low_suspicion,stage1_http,stage1_low_suspicion,False,,False,False,False,True,,,fallback_top_k,Air India,airindiaexpress.com,0.0,,,0.6444,False,0,0,0,0,0,False,,False,False,False,0,0,,,0,False,stage1_low_suspicion,,,,,,,,,0.4967,False,0,False,False,False,0.0,0.0,,,,,,,,,,,,
27,prototanya.org,https://prototanya.org,urls.xlsx,,,,,,skipped,skipped,,not_attempted,,,,,,,False,False,False,,,stage1_low_suspicion,stage1_http,stage1_low_suspicion,False,,False,False,False,True,,,fallback_top_k,parivahan sewa,parivahan.gov.in,0.0,,,0.6185,False,0,0,0,0,0,False,,False,False,False,0,0,,,0,False,stage1_low_suspicion,,,,,,,,,0.4211,False,0,False,False,False,0.0,0.0,,,,,,,,,,,,
28,beton888bonuuz30rb.cyou,https://beton888bonuuz30rb.cyou,urls.xlsx,,,,,,skipped,skipped,,not_attempted,,,,,,,False,False,False,,,stage1_low_suspicion,stage1_http,stage1_low_suspicion,False,,False,False,False,True,,,fallback_top_k,Punjab National Bank (PNB),netpnb.com,0.0,,,0.637,False,0,0,0,0,0,False,,False,False,False,0,0,,,0,False,stage1_low_suspicion,,,,,,,,,0.3333,False,0,False,False,False,0.0,0.0,,,,,,,,,,,,
29,creationorder.net,https://creationorder.net,urls.xlsx,,,,,,skipped,skipped,,not_attempted,,,,,,,False,False,False,,,stage1_low_suspicion,stage1_http,stage1_low_suspicion,False,,False,False,False,True,,,fallback_top_k,Coal India,coalindiatenders.nic.in,0.0,,,0.6405,False,0,0,0,0,0,False,,False,False,False,0,0,,,0,False,stage1_low_suspicion,,,,,,,,,0.4828,False,0,False,False,False,0.0,0.0,,,,,,,,,,,,
30,bazarcentofiori.com,https://bazarcentofiori.com,urls.xlsx,,,,,,skipped,skipped,,not_attempted,,,,,,,False,False,False,,,stage1_low_suspicion,stage1_http,stage1_low_suspicion,False,,False,False,False,True,,,fallback_top_k|generic_token_only,Airtel,airtelpayments.bank.in,0.0,,,0.65,False,0,0,0,0,0,False,,False,False,False,0,0,,,0,False,stage1_low_suspicion,,,,,,,,,0.3158,True,0,False,False,False,0.0,0.0,,,,,,,,,,,,
31,hgi5z6n1d.vip,https://hgi5z6n1d.vip,urls.xlsx,,,,,,skipped,skipped,,not_attempted,,,,,,,False,False,False,,,stage1_low_suspicion,stage1_http,stage1_low_suspicion,False,,False,False,False,True,,,fallback_top_k,HDFC Bank,hdfcfund.com,0.0,,,0.5694,False,0,0,0,0,0,False,,False,False,False,0,0,,,0,False,stage1_low_suspicion,,,,,,,,,0.3529,False,0,False,False,False,0.0,0.0,,,,,,,,,,,,
32,socioone.com,https://socioone.com,urls.xlsx,,,,,,skipped,skipped,,not_attempted,,,,,,,False,False,False,,,stage1_low_suspicion,stage1_http,stage1_low_suspicion,False,,False,False,False,True,,,fallback_top_k,Computer Age Management Services Ltd. (CAMS),camsonline.com,0.0,,,0.6722,False,0,0,0,0,0,False,,False,False,False,0,0,,,0,False,stage1_low_suspicion,,,,,,,,,0.5856,False,0,False,False,False,0.0,0.0,,,,,,,,,,,,
33,greenbeangirltrainingtutoring.com,https://greenbeangirltrainingtutoring.com,urls.xlsx,,,,,,skipped,skipped,,not_attempted,,,,,,,False,False,False,,,stage1_low_suspicion,stage1_http,stage1_low_suspicion,False,,False,False,False,True,,,fallback_top_k,Reserve Bank of India (RBI),rebit.org.in,0.0,,,0.7241,False,0,0,0,0,0,False,,False,False,False,0,0,,,0,False,stage1_low_suspicion,,,,,,,,,0.2941,False,0,False,False,False,0.0,0.0,,,,,,,,,,,,
34,crplasticos.com.br,https://crplasticos.com.br,urls.xlsx,,,,,,skipped,skipped,,not_attempted,,,,,,,False,False,False,,,stage1_low_suspicion,stage1_http,stage1_low_suspicion,False,,False,False,False,True,,,fallback_top_k,"Civil Registration System, MHA (RGCCI)",crsorgi.gov.in,0.0,,,0.645,False,0,0,0,0,0,False,,False,False,False,0,0,,,0,False,stage1_low_suspicion,,,,,,,,,0.4444,False,0,False,False,False,0.0,0.0,,,,,,,,,,,,
35,tnkproject.com,https://tnkproject.com,urls.xlsx,,,,,,skipped,skipped,,not_attempted,,,,,,,False,False,False,,,stage1_low_suspicion,stage1_http,stage1_low_suspicion,False,,False,False,False,True,,,fallback_top_k,Kfintech,kfintech.com,0.0,,,0.6417,False,0,0,0,0,0,False,,False,False,False,0,0,,,0,False,stage1_low_suspicion,,,,,,,,,0.3633,False,0,False,False,False,0.0,0.0,,,,,,,,,,,,
36,landscapebyvera.com,https://landscapebyvera.com,urls.xlsx,,,,,,skipped,skipped,,not_attempted,,,,,,,False,False,False,,,stage1_low_suspicion,stage1_http,stage1_low_suspicion,False,,False,False,False,True,,,fallback_top_k,Coal India,coalindiatenders.nic.in,0.0,,,0.6468,False,0,0,0,0,0,False,,False,False,False,0,0,,,0,False,stage1_low_suspicion,,,,,,,,,0.4516,False,0,False,False,False,0.0,0.0,,,,,,,,,,,,
37,fresna.online,https://fresna.online,urls.xlsx,,,,,,skipped,skipped,,not_attempted,,,,,,,False,False,False,,,stage1_low_suspicion,stage1_http,stage1_low_suspicion,False,,False,False,False,True,,,fallback_top_k,IDFC FIRST Bank,idfcfirstbank.com,0.0,,,0.6581,False,0,0,0,0,0,False,,False,False,False,0,0,,,0,False,stage1_low_suspicion,,,,,,,,,0.4211,False,0,False,False,False,0.0,0.0,,,,,,,,,,,,
38,zh-ptgaming.com,https://zh-ptgaming.com,urls.xlsx,,,,,,skipped,skipped,,not_attempted,,,,,,,False,False,False,,,stage1_low_suspicion,stage1_http,stage1_low_suspicion,False,,False,False,False,True,,,fallback_top_k,National Health Authority (NHA),nha.gov.in,0.0,,,0.6162,False,0,0,0,0,0,False,,False,False,False,0,0,,,0,False,stage1_low_suspicion,,,,,,,,,0.2857,False,0,False,False,False,0.0,0.0,,,,,,,,,,,,
39,emon793hoky.online,https://emon793hoky.online,urls.xlsx,,,,,,skipped,skipped,,not_attempted,,,,,,,False,False,False,,,stage1_low_suspicion,stage1_http,stage1_low_suspicion,False,,False,False,False,True,,,fallback_top_k,Kfintech,kfintech.com,0.0,,,0.6212,False,0,0,0,0,0,False,,False,False,False,0,0,,,0,False,stage1_low_suspicion,,,,,,,,,0.4211,False,0,False,False,False,0.0,0.0,,,,,,,,,,,,
40,udbijaayurveda.com,https://udbijaayurveda.com,urls.xlsx,,,,,,skipped,skipped,,not_attempted,,,,,,,False,False,False,,,stage1_low_suspicion,stage1_http,stage1_low_suspicion,False,,False,False,False,True,,,fallback_top_k,Bank of Baroda,onlinecasa.bankofbaroda.com,0.0,,,0.6429,False,0,0,0,0,0,False,,False,False,False,0,0,,,0,False,stage1_low_suspicion,,,,,,,,,0.4915,False,0,False,False,False,0.0,0.0,,,,,,,,,,,,
41,pornmega18.xyz,https://pornmega18.xyz,urls.xlsx,,,,,,no_answer,filtered,dns_inactive,not_attempted,dns_gate_no_answer,no A/AAAA answers for pornmega18.xyz,,,,,False,False,False,,,dns_gate_inactive,stage1_http,dns_gate_inactive,False,,False,False,False,True,,,fallback_top_k,State Bank of India (SBI),homeloans.sbi,0.0,,,0.6444,False,0,0,0,0,0,False,dns_gate_inactive,False,False,False,0,0,pornmega18.xyz,,0,False,dns_gate_inactive,,,,,,,,,0.4211,False,0,False,False,False,0.0,0.0,,,,,,,,,,,,
42,easy-sponso.com,https://easy-sponso.com,urls.xlsx,,,,,,skipped,skipped,,not_attempted,,,,,,,False,False,False,,,stage1_low_suspicion,stage1_http,stage1_low_suspicion,False,,False,False,False,True,,,fallback_top_k,Punjab National Bank (PNB),netpnb.com,0.0,,,0.5909,False,0,0,0,0,0,False,,False,False,False,0,0,,,0,False,stage1_low_suspicion,,,,,,,,,0.3829,False,0,False,False,False,0.0,0.0,,,,,,,,,,,,
43,roblox303.store,https://roblox303.store,urls.xlsx,,,,,,skipped,skipped,,not_attempted,,,,,,,False,False,False,,,stage1_low_suspicion,stage1_http,stage1_low_suspicion,False,,False,False,False,True,,,fallback_top_k,Reserve Bank of India (RBI),rbi.org.in,0.0,,,0.6296,False,0,0,0,0,0,False,,False,False,False,0,0,,,0,False,stage1_low_suspicion,,,,,,,,,0.3333,False,0,False,False,False,0.0,0.0,,,,,,,,,,,,
44,kirin77.site,https://kirin77.site,urls.xlsx,,,,,,skipped,skipped,,not_attempted,,,,,,,False,False,False,,,stage1_low_suspicion,stage1_http,stage1_low_suspicion,False,,False,False,False,True,,,fallback_top_k,Kfintech,kfintech.com,0.0,,,0.6905,False,0,0,0,0,0,False,,False,False,False,0,0,,,0,False,stage1_low_suspicion,,,,,,,,,0.5333,False,0,False,False,False,0.0,0.0,,,,,,,,,,,,
45,moisesdevweb.com,https://moisesdevweb.com,urls.xlsx,,,,,,skipped,skipped,,not_attempted,,,,,,,False,False,False,,,stage1_low_suspicion,stage1_http,stage1_low_suspicion,False,,False,False,False,True,,,fallback_top_k,State Bank of India (SBI),corp.onlinesbi.sbi,0.0,,,0.5907,False,0,0,0,0,0,False,,False,False,False,0,0,,,0,False,stage1_low_suspicion,,,,,,,,,0.4762,False,0,False,False,False,0.0,0.0,,,,,,,,,,,,
46,barbara-michelle.com,https://barbara-michelle.com,urls.xlsx,,,,,,skipped,skipped,,not_attempted,,,,,,,False,False,False,,,stage1_low_suspicion,stage1_http,stage1_low_suspicion,False,,False,False,False,True,,,fallback_top_k,Canara Bank,canarahsbclife.com,0.0,,,0.6798,False,0,0,0,0,0,False,,False,False,False,0,0,,,0,False,stage1_low_suspicion,,,,,,,,,0.4967,False,0,False,False,False,0.0,0.0,,,,,,,,,,,,
47,pornxmodel.click,https://pornxmodel.click,urls.xlsx,,,,,,no_answer,filtered,dns_inactive,not_attempted,dns_gate_no_answer,no A/AAAA answers for pornxmodel.click,,,,,False,False,False,,,dns_gate_inactive,stage1_http,dns_gate_inactive,False,,False,False,False,True,,,fallback_top_k,Airtel,airtel.in,0.0,,,0.6,False,0,0,0,0,0,False,dns_gate_inactive,False,False,False,0,0,pornxmodel.click,,0,False,dns_gate_inactive,,,,,,,,,0.375,False,0,False,False,False,0.0,0.0,,,,,,,,,,,,
48,hraihpsa.ca,https://hraihpsa.ca,urls.xlsx,,,,,,skipped,skipped,,not_attempted,,,,,,,False,False,False,,,stage1_low_suspicion,stage1_http,stage1_low_suspicion,False,,False,False,False,True,,,fallback_top_k,All India Institute of Medical Sciences (AIIMS),aiims.edu,0.0,,,0.6583,False,0,0,0,0,0,False,,False,False,False,0,0,,,0,False,stage1_low_suspicion,,,,,,,,,0.4615,False,0,False,False,False,0.0,0.0,,,,,,,,,,,,
49,saudenervocuremax.shop,https://saudenervocuremax.shop,urls.xlsx,,,,,,skipped,skipped,,not_attempted,,,,,,,False,False,False,,,stage1_low_suspicion,stage1_http,stage1_low_suspicion,False,,False,False,False,True,,,fallback_top_k,State Bank of India (SBI),sbicard.com,0.0,,,0.6028,False,0,0,0,0,0,False,,False,False,False,0,0,,,0,False,stage1_low_suspicion,,,,,,,,,0.25,False,0,False,False,False,0.0,0.0,,,,,,,,,,,,
50,rjpnbv.com,https://rjpnbv.com,urls.xlsx,,,,,,no_answer,filtered,dns_inactive,not_attempted,dns_gate_no_answer,no A/AAAA answers for rjpnbv.com,,,,,False,False,False,,,dns_gate_inactive,stage1_http,dns_gate_inactive,False,,False,False,False,True,,,fallback_top_k,Punjab National Bank (PNB),netpnb.com,0.0,,,0.6667,False,0,0,0,0,0,False,dns_gate_inactive,False,False,False,0,0,rjpnbv.com,,0,False,dns_gate_inactive,,,,,,,,,0.53,False,0,False,False,False,0.0,0.0,,,,,,,,,,,,
51,yktdeo.com,https://yktdeo.com,urls.xlsx,,,,,,skipped,skipped,,not_attempted,,,,,,,False,False,False,,,stage1_low_suspicion,stage1_http,stage1_low_suspicion,False,,False,False,False,True,,,fallback_top_k,Kfintech,kfintech.com,0.0,,,0.625,False,0,0,0,0,0,False,,False,False,False,0,0,,,0,False,stage1_low_suspicion,,,,,,,,,0.4586,False,0,False,False,False,0.0,0.0,,,,,,,,,,,,
52,jlchuhai.com,https://jlchuhai.com,urls.xlsx,,,,,,no_answer,filtered,dns_inactive,not_attempted,dns_gate_no_answer,no A/AAAA answers for jlchuhai.com,,,,,False,False,False,,,dns_gate_inactive,stage1_http,dns_gate_inactive,False,,False,False,False,True,,,fallback_top_k,HDFC Bank,hdfclife.com,0.0,,,0.5833,False,0,0,0,0,0,False,dns_gate_inactive,False,False,False,0,0,jlchuhai.com,,0,False,dns_gate_inactive,,,,,,,,,0.28,False,0,False,False,False,0.0,0.0,,,,,,,,,,,,
53,bogitekniikka.fi,https://bogitekniikka.fi,urls.xlsx,,,,,,skipped,skipped,,not_attempted,,,,,,,False,False,False,,,stage1_low_suspicion,stage1_http,stage1_low_suspicion,False,,False,False,False,True,,,fallback_top_k,BSE Ltd.,bseindia.com,0.0,,,0.6816,False,0,0,0,0,0,False,,False,False,False,0,0,,,0,False,stage1_low_suspicion,,,,,,,,,0.4762,False,0,False,False,False,0.0,0.0,,,,,,,,,,,,
54,lucilalehmann.com,https://lucilalehmann.com,urls.xlsx,,,,,,no_answer,filtered,dns_inactive,not_attempted,dns_gate_no_answer,no A/AAAA answers for lucilalehmann.com,,,,,False,False,False,,,dns_gate_inactive,stage1_http,dns_gate_inactive,False,,False,False,False,True,,,fallback_top_k,"Unique Identification Authority of India (UIDAI)
",uidai.gov.in,0.0,,,0.6103,False,0,0,0,0,0,False,dns_gate_inactive,False,False,False,0,0,lucilalehmann.com,,0,False,dns_gate_inactive,,,,,,,,,0.3333,False,0,False,False,False,0.0,0.0,,,,,,,,,,,,
55,yataganharem5.click,https://yataganharem5.click,urls.xlsx,,,,,,skipped,skipped,,not_attempted,,,,,,,False,False,False,,,stage1_low_suspicion,stage1_http,stage1_low_suspicion,False,,False,False,False,True,,,fallback_top_k,Canara Bank,canarahsbclife.com,0.0,,,0.6039,False,0,0,0,0,0,False,,False,False,False,0,0,,,0,False,stage1_low_suspicion,,,,,,,,,0.3704,False,0,False,False,False,0.0,0.0,,,,,,,,,,,,
56,jicm0yo.vip,https://jicm0yo.vip,urls.xlsx,,,,,,no_answer,filtered,dns_inactive,not_attempted,dns_gate_no_answer,no A/AAAA answers for jicm0yo.vip,,,,,False,False,False,,,dns_gate_inactive,stage1_http,dns_gate_inactive,False,,False,False,False,True,,,fallback_top_k,Jio,jio.com,0.0,,,0.8476,False,0,0,0,0,0,False,dns_gate_inactive,False,False,False,0,0,jicm0yo.vip,,0,False,dns_gate_inactive,,,,,,,,,0.6,False,0,False,False,False,0.0,0.0,,,,,,,,,,,,
57,wintergroupsecurity.com,https://wintergroupsecurity.com,urls.xlsx,,,,,,skipped,skipped,,not_attempted,,,,,,,False,False,False,,,stage1_low_suspicion,stage1_http,stage1_low_suspicion,False,,False,False,False,True,,,fallback_top_k,Kfintech,kfintech.com,0.0,,,0.6294,False,0,0,0,0,0,False,,False,False,False,0,0,,,0,False,stage1_low_suspicion,,,,,,,,,0.4004,False,0,False,False,False,0.0,0.0,,,,,,,,,,,,
58,mikogpt.ru,https://mikogpt.ru,urls.xlsx,,,,,,skipped,skipped,,not_attempted,,,,,,,False,False,False,,,stage1_low_suspicion,stage1_http,stage1_low_suspicion,False,,False,False,False,True,,,fallback_top_k,Jio,jio.com,0.0,,,0.6508,False,0,0,0,0,0,False,,False,False,False,0,0,,,0,False,stage1_low_suspicion,,,,,,,,,0.4,False,0,False,False,False,0.0,0.0,,,,,,,,,,,,
59,exodusbrk.com,https://exodusbrk.com,urls.xlsx,,,,,,skipped,skipped,,not_attempted,,,,,,,False,False,False,,,stage1_low_suspicion,stage1_http,stage1_low_suspicion,False,,False,False,False,True,,,fallback_top_k,IDFC FIRST Bank,idfcfirstbank.com,0.0,,,0.5801,False,0,0,0,0,0,False,,False,False,False,0,0,,,0,False,stage1_low_suspicion,,,,,,,,,0.3936,False,0,False,False,False,0.0,0.0,,,,,,,,,,,,
60,alyxara.com,https://alyxara.com,urls.xlsx,,,,,,skipped,skipped,,not_attempted,,,,,,,False,False,False,,,stage1_low_suspicion,stage1_http,stage1_low_suspicion,False,,False,False,False,True,,,fallback_top_k,Bank of Baroda,onlinecasa.bankofbaroda.com,0.0,,,0.6349,False,0,0,0,0,0,False,,False,False,False,0,0,,,0,False,stage1_low_suspicion,,,,,,,,,0.4511,False,0,False,False,False,0.0,0.0,,,,,,,,,,,,
61,djgekcf.icu,https://djgekcf.icu,urls.xlsx,,,,,,skipped,skipped,,not_attempted,,,,,,,False,False,False,,,stage1_low_suspicion,stage1_http,stage1_low_suspicion,False,,False,False,False,True,,,fallback_top_k,HDFC Bank,hdfclife.com,0.0,,,0.6012,False,0,0,0,0,0,False,,False,False,False,0,0,,,0,False,stage1_low_suspicion,,,,,,,,,0.4,False,0,False,False,False,0.0,0.0,,,,,,,,,,,,
62,dikagegrid.click,https://dikagegrid.click,urls.xlsx,,,,,,skipped,skipped,,not_attempted,,,,,,,False,False,False,,,stage1_low_suspicion,stage1_http,stage1_low_suspicion,False,,False,False,False,True,,,fallback_top_k,State Bank of India (SBI),sbicard.com,0.0,,,0.6571,False,0,0,0,0,0,False,,False,False,False,0,0,,,0,False,stage1_low_suspicion,,,,,,,,,0.4706,False,0,False,False,False,0.0,0.0,,,,,,,,,,,,
63,anxunh.top,https://anxunh.top,urls.xlsx,,,,,,no_answer,filtered,dns_inactive,not_attempted,dns_gate_no_answer,no A/AAAA answers for anxunh.top,,,,,False,False,False,,,dns_gate_inactive,stage1_http,dns_gate_inactive,False,,False,False,False,True,,,fallback_top_k|generic_token_only,Airtel,airtelpayments.bank.in,0.0,,,0.6111,False,0,0,0,0,0,False,dns_gate_inactive,False,False,False,0,0,anxunh.top,,0,False,dns_gate_inactive,,,,,,,,,0.4,True,0,False,False,False,0.0,0.0,,,,,,,,,,,,
64,eatalymarket.shop,https://eatalymarket.shop,urls.xlsx,,,,,,skipped,skipped,,not_attempted,,,,,,,False,False,False,,,stage1_low_suspicion,stage1_http,stage1_low_suspicion,False,,False,False,False,True,,,fallback_top_k,Canara Bank,canarahsbclife.com,0.0,,,0.5873,False,0,0,0,0,0,False,,False,False,False,0,0,,,0,False,stage1_low_suspicion,,,,,,,,,0.3077,False,0,False,False,False,0.0,0.0,,,,,,,,,,,,
65,americanexpress-reward00175.ink,https://americanexpress-reward00175.ink,urls.xlsx,,,,,,skipped,skipped,,not_attempted,,,,,,,False,False,False,,,stage1_low_suspicion,stage1_http,stage1_low_suspicion,False,,False,False,False,True,,,fallback_top_k,Air India,airindiaexpress.com,0.0,,,0.6648,False,0,0,0,0,0,False,,False,False,False,0,0,,,0,False,stage1_low_suspicion,,,,,,,,,0.5238,False,0,False,False,False,0.0,0.0,,,,,,,,,,,,
66,pack101.org,https://pack101.org,urls.xlsx,,,,,,no_answer,filtered,dns_inactive,not_attempted,dns_gate_no_answer,no A/AAAA answers for pack101.org,,,,,False,False,False,,,dns_gate_inactive,stage1_http,dns_gate_inactive,False,,False,False,False,True,,,fallback_top_k|generic_token_only,Airtel,airtelpayments.bank.in,0.0,,,0.5952,False,0,0,0,0,0,False,dns_gate_inactive,False,False,False,0,0,pack101.org,,0,False,dns_gate_inactive,,,,,,,,,0.3636,True,0,False,False,False,0.0,0.0,,,,,,,,,,,,
67,discretion.shop,https://discretion.shop,urls.xlsx,,,,,,skipped,skipped,,not_attempted,,,,,,,False,False,False,,,stage1_low_suspicion,stage1_http,stage1_low_suspicion,False,,False,False,False,True,,,fallback_top_k,IDFC FIRST Bank,idfcfirstbank.com,0.0,,,0.6801,False,0,0,0,0,0,False,,False,False,False,0,0,,,0,False,stage1_low_suspicion,,,,,,,,,0.4348,False,0,False,False,False,0.0,0.0,,,,,,,,,,,,
68,thirdshelterpress.com,https://thirdshelterpress.com,urls.xlsx,,,,,,skipped,skipped,,not_attempted,,,,,,,False,False,False,,,stage1_low_suspicion,stage1_http,stage1_low_suspicion,False,,False,False,False,True,,,fallback_top_k,Air India,airindiaexpress.com,0.0,,,0.6728,False,0,0,0,0,0,False,,False,False,False,0,0,,,0,False,stage1_low_suspicion,,,,,,,,,0.5925,False,0,False,False,False,0.0,0.0,,,,,,,,,,,,
69,ank2014.biz,https://ank2014.biz,urls.xlsx,,,,,,skipped,skipped,,not_attempted,,,,,,,False,False,False,,,stage1_low_suspicion,stage1_http,stage1_low_suspicion,False,,False,False,False,True,,,fallback_top_k|generic_token_only,Airtel,airtelpayments.bank.in,0.0,,,0.7262,False,0,0,0,0,0,False,,False,False,False,0,0,,,0,False,stage1_low_suspicion,,,,,,,,,0.5455,True,0,False,False,False,0.0,0.0,,,,,,,,,,,,
70,hollandgroupandassociates.com,https://hollandgroupandassociates.com,urls.xlsx,,,,,,skipped,skipped,,not_attempted,,,,,,,False,False,False,,,stage1_low_suspicion,stage1_http,stage1_low_suspicion,False,,False,False,False,True,,,fallback_top_k,State Bank of India (SBI),homeloans.sbi,0.0,,,0.6383,False,0,0,0,0,0,False,,False,False,False,0,0,,,0,False,stage1_low_suspicion,,,,,,,,,0.4118,False,0,False,False,False,0.0,0.0,,,,,,,,,,,,
71,thinkproguard.com,https://thinkproguard.com,urls.xlsx,,,,,,skipped,skipped,,not_attempted,,,,,,,False,False,False,,,stage1_low_suspicion,stage1_http,stage1_low_suspicion,False,,False,False,False,True,,,fallback_top_k,Jio,jio.com,0.0,,,0.6068,False,0,0,0,0,0,False,,False,False,False,0,0,,,0,False,stage1_low_suspicion,,,,,,,,,0.28,False,0,False,False,False,0.0,0.0,,,,,,,,,,,,
72,hysefo.com,https://hysefo.com,urls.xlsx,,,,,,skipped,skipped,,not_attempted,,,,,,,False,False,False,,,stage1_low_suspicion,stage1_http,stage1_low_suspicion,False,,False,False,False,True,,,fallback_top_k,HDFC Bank,hdfc.com,0.0,,,0.6111,False,0,0,0,0,0,False,,False,False,False,0,0,,,0,False,stage1_low_suspicion,,,,,,,,,0.43,False,0,False,False,False,0.0,0.0,,,,,,,,,,,,
73,8740i4ji8ki.shop,https://8740i4ji8ki.shop,urls.xlsx,,,,,,no_answer,filtered,dns_inactive,not_attempted,dns_gate_no_answer,no A/AAAA answers for 8740i4ji8ki.shop,,,,,False,False,False,,,dns_gate_inactive,stage1_http,dns_gate_inactive,False,,False,False,False,True,,,fallback_top_k,Reserve Bank of India (RBI),rbi.org.in,0.0,,,0.6162,False,0,0,0,0,0,False,dns_gate_inactive,False,False,False,0,0,8740i4ji8ki.shop,,0,False,dns_gate_inactive,,,,,,,,,0.2857,False,0,False,False,False,0.0,0.0,,,,,,,,,,,,
74,netsafe.ovh,https://netsafe.ovh,urls.xlsx,,,,,,skipped,skipped,,not_attempted,,,,,,,False,False,False,,,stage1_low_suspicion,stage1_http,stage1_low_suspicion,False,,False,False,False,True,,,fallback_top_k,BSE Ltd.,bsestarmf.in,0.0,,,0.6899,False,0,0,0,0,0,False,,False,False,False,0,0,,,0,False,stage1_low_suspicion,,,,,,,,,0.5,False,0,False,False,False,0.0,0.0,,,,,,,,,,,,
75,optimacapitalvc.com,https://optimacapitalvc.com,urls.xlsx,,,,,,skipped,skipped,,not_attempted,,,,,,,False,False,False,,,stage1_low_suspicion,stage1_http,stage1_low_suspicion,False,,False,False,False,True,,,fallback_top_k,National Informatics Centre (NIC),nic.gov.in,0.0,,,0.6,False,0,0,0,0,0,False,,False,False,False,0,0,,,0,False,stage1_low_suspicion,,,,,,,,,0.2222,False,0,False,False,False,0.0,0.0,,,,,,,,,,,,
76,zrsanalyst.com,https://zrsanalyst.com,urls.xlsx,,,,,,skipped,skipped,,not_attempted,,,,,,,False,False,False,,,stage1_low_suspicion,stage1_http,stage1_low_suspicion,False,,False,False,False,True,,,fallback_top_k,Bharat Sanchar Nigam Limited (BSNL),bsnl.co.in,0.0,,,0.6833,False,0,0,0,0,0,False,,False,False,False,0,0,,,0,False,stage1_low_suspicion,,,,,,,,,0.4286,False,0,False,False,False,0.0,0.0,,,,,,,,,,,,
77,root-ro.info,https://root-ro.info,urls.xlsx,,,,,,skipped,skipped,,not_attempted,,,,,,,False,False,False,,,stage1_low_suspicion,stage1_http,stage1_low_suspicion,False,,False,False,False,True,,,fallback_top_k,Sparrow,orgi-sparrow.gov.in,0.0,,,0.6437,False,0,0,0,0,0,False,,False,False,False,0,0,,,0,False,stage1_low_suspicion,,,,,,,,,0.4211,False,0,False,False,False,0.0,0.0,,,,,,,,,,,,
78,syxtherocrex.world,https://syxtherocrex.world,urls.xlsx,,,,,,skipped,skipped,,not_attempted,,,,,,,False,False,False,,,stage1_low_suspicion,stage1_http,stage1_low_suspicion,False,,False,False,False,True,,,fallback_top_k,HDFC Bank,hdfc.com,0.0,,,0.5556,False,0,0,0,0,0,False,,False,False,False,0,0,,,0,False,stage1_low_suspicion,,,,,,,,,0.25,False,0,False,False,False,0.0,0.0,,,,,,,,,,,,
79,snowtime.shop,https://snowtime.shop,urls.xlsx,,,,,,skipped,skipped,,not_attempted,,,,,,,False,False,False,,,stage1_low_suspicion,stage1_http,stage1_low_suspicion,False,,False,False,False,True,,,fallback_top_k,Computer Age Management Services Ltd. (CAMS),camsonline.com,0.0,,,0.6722,False,0,0,0,0,0,False,,False,False,False,0,0,,,0,False,stage1_low_suspicion,,,,,,,,,0.4444,False,0,False,False,False,0.0,0.0,,,,,,,,,,,,
80,allnaturalherbalmedicines.com,https://allnaturalherbalmedicines.com,urls.xlsx,,,,,,no_answer,filtered,dns_inactive,not_attempted,dns_gate_no_answer,no A/AAAA answers for allnaturalherbalmedicines.com,,,,,False,False,False,,,dns_gate_inactive,stage1_http,dns_gate_inactive,False,,False,False,False,True,,,fallback_top_k,Canara Bank,canararobeco.com,0.0,,,0.6663,False,0,0,0,0,0,False,dns_gate_inactive,False,False,False,0,0,allnaturalherbalmedicines.com,,0,False,dns_gate_inactive,,,,,,,,,0.5165,False,0,False,False,False,0.0,0.0,,,,,,,,,,,,
81,e7v7c6y.com,https://e7v7c6y.com,urls.xlsx,,,,,,skipped,skipped,,not_attempted,,,,,,,False,False,False,,,stage1_low_suspicion,stage1_http,stage1_low_suspicion,False,,False,False,False,True,,,fallback_top_k,Indian Space Research Organisation (ISRO),vssc.gov.in,0.0,,,0.5952,False,0,0,0,0,0,False,,False,False,False,0,0,,,0,False,stage1_low_suspicion,,,,,,,,,0.3636,False,0,False,False,False,0.0,0.0,,,,,,,,,,,,
82,beatyourbuddies.online,https://beatyourbuddies.online,urls.xlsx,,,,,,skipped,skipped,,not_attempted,,,,,,,False,False,False,,,stage1_low_suspicion,stage1_http,stage1_low_suspicion,False,,False,False,False,True,,,fallback_top_k,State Bank of India (SBI),sbisecurities.in,0.0,,,0.6329,False,0,0,0,0,0,False,,False,False,False,0,0,,,0,False,stage1_low_suspicion,,,,,,,,,0.5,False,0,False,False,False,0.0,0.0,,,,,,,,,,,,
83,ub-futas.hu,https://ub-futas.hu,urls.xlsx,,,,,,skipped,skipped,,not_attempted,,,,,,,False,False,False,,,stage1_low_suspicion,stage1_http,stage1_low_suspicion,False,,False,False,False,True,,,fallback_top_k,BSE Ltd.,bsestarmf.in,0.0,,,0.5694,False,0,0,0,0,0,False,,False,False,False,0,0,,,0,False,stage1_low_suspicion,,,,,,,,,0.3529,False,0,False,False,False,0.0,0.0,,,,,,,,,,,,
84,aithink.world,https://aithink.world,urls.xlsx,,,,,,no_answer,filtered,dns_inactive,not_attempted,dns_gate_no_answer,no A/AAAA answers for aithink.world,,,,,False,False,False,,,dns_gate_inactive,stage1_http,dns_gate_inactive,False,,False,False,False,True,,,fallback_top_k,All India Institute of Medical Sciences (AIIMS),aiims.edu,0.0,,,0.6762,False,0,0,0,0,0,False,dns_gate_inactive,False,False,False,0,0,aithink.world,,0,False,dns_gate_inactive,,,,,,,,,0.5,False,0,False,False,False,0.0,0.0,,,,,,,,,,,,
85,swiftdrops.store,https://swiftdrops.store,urls.xlsx,,,,,,skipped,skipped,,not_attempted,,,,,,,False,False,False,,,stage1_low_suspicion,stage1_http,stage1_low_suspicion,False,,False,False,False,True,,,fallback_top_k,State Bank of India (SBI),sbimf.com,0.0,,,0.6333,False,0,0,0,0,0,False,,False,False,False,0,0,,,0,False,stage1_low_suspicion,,,,,,,,,0.4,False,0,False,False,False,0.0,0.0,,,,,,,,,,,,
86,charmenowho.shop,https://charmenowho.shop,urls.xlsx,,,,,,skipped,skipped,,not_attempted,,,,,,,False,False,False,,,stage1_low_suspicion,stage1_http,stage1_low_suspicion,False,,False,False,False,True,,,fallback_top_k,Computer Age Management Services Ltd. (CAMS),camsonline.com,0.0,,,0.6596,False,0,0,0,0,0,False,,False,False,False,0,0,,,0,False,stage1_low_suspicion,,,,,,,,,0.381,False,0,False,False,False,0.0,0.0,,,,,,,,,,,,
87,tonerrefillstoreho.shop,https://tonerrefillstoreho.shop,urls.xlsx,,,,,,skipped,skipped,,not_attempted,,,,,,,False,False,False,,,stage1_low_suspicion,stage1_http,stage1_low_suspicion,False,,False,False,False,True,,,fallback_top_k,State Bank of India (SBI),corp.onlinesbi.sbi,0.0,,,0.6111,False,0,0,0,0,0,False,,False,False,False,0,0,,,0,False,stage1_low_suspicion,,,,,,,,,0.2963,False,0,False,False,False,0.0,0.0,,,,,,,,,,,,
88,bexarcasino.space,https://bexarcasino.space,urls.xlsx,,,,,,skipped,skipped,,not_attempted,,,,,,,False,False,False,,,stage1_low_suspicion,stage1_http,stage1_low_suspicion,False,,False,False,False,True,,,fallback_top_k,Election Commision of India (ECI),eci.gov.in,0.0,,,0.6162,False,0,0,0,0,0,False,,False,False,False,0,0,,,0,False,stage1_low_suspicion,,,,,,,,,0.4286,False,0,False,False,False,0.0,0.0,,,,,,,,,,,,
89,piezosistem.com,https://piezosistem.com,urls.xlsx,,,,,,skipped,skipped,,not_attempted,,,,,,,False,False,False,,,stage1_low_suspicion,stage1_http,stage1_low_suspicion,False,,False,False,False,True,,,fallback_top_k,State Bank of India (SBI),sbisecurities.in,0.0,,,0.6297,False,0,0,0,0,0,False,,False,False,False,0,0,,,0,False,stage1_low_suspicion,,,,,,,,,0.4167,False,0,False,False,False,0.0,0.0,,,,,,,,,,,,
90,scarpe-it.ru,https://scarpe-it.ru,urls.xlsx,,,,,,skipped,skipped,,not_attempted,,,,,,,False,False,False,,,stage1_low_suspicion,stage1_http,stage1_low_suspicion,False,,False,False,False,True,,,fallback_top_k,State Bank of India (SBI),sbicard.com,0.0,,,0.672,False,0,0,0,0,0,False,,False,False,False,0,0,,,0,False,stage1_low_suspicion,,,,,,,,,0.5,False,0,False,False,False,0.0,0.0,,,,,,,,,,,,
91,eeeey.cc,https://eeeey.cc,urls.xlsx,,,,,,skipped,skipped,,not_attempted,,,,,,,False,False,False,,,stage1_low_suspicion,stage1_http,stage1_low_suspicion,False,,False,False,False,True,,,fallback_top_k,Election Commision of India (ECI),eci.gov.in,0.0,,,0.5111,False,0,0,0,0,0,False,,False,False,False,0,0,,,0,False,stage1_low_suspicion,,,,,,,,,0.25,False,0,False,False,False,0.0,0.0,,,,,,,,,,,,
92,learningonly.store,https://learningonly.store,urls.xlsx,,,,,,skipped,skipped,,not_attempted,,,,,,,False,False,False,,,stage1_low_suspicion,stage1_http,stage1_low_suspicion,False,,False,False,False,True,,,fallback_top_k,Airtel,airtel.in,0.0,,,0.6167,False,0,0,0,0,0,False,,False,False,False,0,0,,,0,False,stage1_low_suspicion,,,,,,,,,0.3333,False,0,False,False,False,0.0,0.0,,,,,,,,,,,,
93,tutera.ru,https://tutera.ru,urls.xlsx,,,,,,skipped,skipped,,not_attempted,,,,,,,False,False,False,,,stage1_low_suspicion,stage1_http,stage1_low_suspicion,False,,False,False,False,True,,,fallback_top_k,"Unique Identification Authority of India (UIDAI)
",uidai.gov.in,0.0,,,0.5778,False,0,0,0,0,0,False,,False,False,False,0,0,,,0,False,stage1_low_suspicion,,,,,,,,,0.3636,False,0,False,False,False,0.0,0.0,,,,,,,,,,,,
94,shelbyserves.com,https://shelbyserves.com,urls.xlsx,,,,,,skipped,skipped,,not_attempted,,,,,,,False,False,False,,,stage1_low_suspicion,stage1_http,stage1_low_suspicion,False,,False,False,False,True,,,fallback_top_k,State Bank of India (SBI),sbisecurities.in,0.0,,,0.612,False,0,0,0,0,0,False,,False,False,False,0,0,,,0,False,stage1_low_suspicion,,,,,,,,,0.56,False,0,False,False,False,0.0,0.0,,,,,,,,,,,,
95,gothamfinn.co,https://gothamfinn.co,urls.xlsx,,,,,,skipped,skipped,,not_attempted,,,,,,,False,False,False,,,stage1_low_suspicion,stage1_http,stage1_low_suspicion,False,,False,False,False,True,,,fallback_top_k,Computer Age Management Services Ltd. (CAMS),camsonline.com,0.0,,,0.6222,False,0,0,0,0,0,False,,False,False,False,0,0,,,0,False,stage1_low_suspicion,,,,,,,,,0.4,False,0,False,False,False,0.0,0.0,,,,,,,,,,,,
96,penn-hpp.com,https://penn-hpp.com,urls.xlsx,,,,,,skipped,skipped,,not_attempted,,,,,,,False,False,False,,,stage1_low_suspicion,stage1_http,stage1_low_suspicion,False,,False,False,False,True,,,fallback_top_k,Punjab National Bank (PNB),netpnb.com,0.0,,,0.6389,False,0,0,0,0,0,False,,False,False,False,0,0,,,0,False,stage1_low_suspicion,,,,,,,,,0.3157,False,0,False,False,False,0.0,0.0,,,,,,,,,,,,
97,uk-travel.ru,https://uk-travel.ru,urls.xlsx,,,,,,skipped,skipped,,not_attempted,,,,,,,False,False,False,,,stage1_low_suspicion,stage1_http,stage1_low_suspicion,False,,False,False,False,True,,,fallback_top_k,Airtel,airtel.in,0.0,,,0.6204,False,0,0,0,0,0,False,,False,False,False,0,0,,,0,False,stage1_low_suspicion,,,,,,,,,0.4,False,0,False,False,False,0.0,0.0,,,,,,,,,,,,
98,slexironphdrexox.world,https://slexironphdrexox.world,urls.xlsx,,,,,,skipped,skipped,,not_attempted,,,,,,,False,False,False,,,stage1_low_suspicion,stage1_http,stage1_low_suspicion,False,,False,False,False,True,,,fallback_top_k,BSE Ltd.,bseindia.com,0.0,,,0.6458,False,0,0,0,0,0,False,,False,False,False,0,0,,,0,False,stage1_low_suspicion,,,,,,,,,0.4167,False,0,False,False,False,0.0,0.0,,,,,,,,,,,,
99,ivqojlz1513.top,https://ivqojlz1513.top,urls.xlsx,,,,,,skipped,skipped,,not_attempted,,,,,,,False,False,False,,,stage1_low_suspicion,stage1_http,stage1_low_suspicion,False,,False,False,False,True,,,fallback_top_k,Indian Oil Corporation Limited (IOCL),iocl.com,0.0,,,0.6742,False,0,0,0,0,0,False,,False,False,False,0,0,,,0,False,stage1_low_suspicion,,,,,,,,,0.4,False,0,False,False,False,0.0,0.0,,,,,,,,,,,,
100,vertexapexgroupoptimalprocess.blog,https://vertexapexgroupoptimalprocess.blog,urls.xlsx,,,,,,skipped,skipped,,not_attempted,,,,,,,False,False,False,,,stage1_low_suspicion,stage1_http,stage1_low_suspicion,False,,False,False,False,True,,,fallback_top_k,Indian Railway Catering and Tourism Corporation (IRCTC),irctctourism.com,0.0,,,0.6058,False,0,0,0,0,0,False,,False,False,False,0,0,,,0,False,stage1_low_suspicion,,,,,,,,,0.2927,False,0,False,False,False,0.0,0.0,,,,,,,,,,,,
101,navaitour.online,https://navaitour.online,urls.xlsx,,,,,,skipped,skipped,,not_attempted,,,,,,,False,False,False,,,stage1_low_suspicion,stage1_http,stage1_low_suspicion,False,,False,False,False,True,,,fallback_top_k,Indian Railway Catering and Tourism Corporation (IRCTC),irctctourism.com,0.0,,,0.6574,False,0,0,0,0,0,False,,False,False,False,0,0,,,0,False,stage1_low_suspicion,,,,,,,,,0.4762,False,0,False,False,False,0.0,0.0,,,,,,,,,,,,
102,doggiemax.com,https://doggiemax.com,urls.xlsx,,,,,,skipped,skipped,,not_attempted,,,,,,,False,False,False,,,stage1_low_suspicion,stage1_http,stage1_low_suspicion,False,,False,False,False,True,,,fallback_top_k,Axis Bank,axismaxlife.com,0.0,,,0.6027,False,0,0,0,0,0,False,,False,False,False,0,0,,,0,False,stage1_low_suspicion,,,,,,,,,0.43,False,0,False,False,False,0.0,0.0,,,,,,,,,,,,
103,intelectusai.com,https://intelectusai.com,urls.xlsx,,,,,,no_answer,filtered,dns_inactive,not_attempted,dns_gate_no_answer,no A/AAAA answers for intelectusai.com,,,,,False,False,False,,,dns_gate_inactive,stage1_http,dns_gate_inactive,False,,False,False,False,True,,,fallback_top_k,Kfintech,kfintech.com,0.0,,,0.6806,False,0,0,0,0,0,False,dns_gate_inactive,False,False,False,0,0,intelectusai.com,,0,False,dns_gate_inactive,,,,,,,,,0.53,False,0,False,False,False,0.0,0.0,,,,,,,,,,,,
104,perchproject.org,https://perchproject.org,urls.xlsx,,,,,,skipped,skipped,,not_attempted,,,,,,,False,False,False,,,stage1_low_suspicion,stage1_http,stage1_low_suspicion,False,,False,False,False,True,,,fallback_top_k,Canara Bank,canararobeco.com,0.0,,,0.6111,False,0,0,0,0,0,False,,False,False,False,0,0,,,0,False,stage1_low_suspicion,,,,,,,,,0.4167,False,0,False,False,False,0.0,0.0,,,,,,,,,,,,
105,5ggnp.buzz,https://5ggnp.buzz,urls.xlsx,,,,,,skipped,skipped,,not_attempted,,,,,,,False,False,False,,,stage1_low_suspicion,stage1_http,stage1_low_suspicion,False,,False,False,False,True,,,fallback_top_k,Bharat Sanchar Nigam Limited (BSNL),bsnl.co.in,0.0,,,0.6333,False,0,0,0,0,0,False,,False,False,False,0,0,,,0,False,stage1_low_suspicion,,,,,,,,,0.4444,False,0,False,False,False,0.0,0.0,,,,,,,,,,,,
106,777gvipclub.com,https://777gvipclub.com,urls.xlsx,,,,,,skipped,skipped,,not_attempted,,,,,,,False,False,False,,,stage1_low_suspicion,stage1_http,stage1_low_suspicion,False,,False,False,False,True,,,fallback_top_k,National Informatics Centre (NIC),accounts.mgovcloud.in,0.0,,,0.67,False,0,0,0,0,0,False,,False,False,False,0,0,,,0,False,stage1_low_suspicion,,,,,,,,,0.5,False,0,False,False,False,0.0,0.0,,,,,,,,,,,,
107,thepatoolkit.com,https://thepatoolkit.com,urls.xlsx,,,,,,skipped,skipped,,not_attempted,,,,,,,False,False,False,,,stage1_low_suspicion,stage1_http,stage1_low_suspicion,False,,False,False,False,True,,,fallback_top_k,National Health Authority (NHA),nha.gov.in,0.0,,,0.6111,False,0,0,0,0,0,False,,False,False,False,0,0,,,0,False,stage1_low_suspicion,,,,,,,,,0.2667,False,0,False,False,False,0.0,0.0,,,,,,,,,,,,
108,zentozavoveltopentolaxinilo.click,https://zentozavoveltopentolaxinilo.click,urls.xlsx,,,,,,skipped,skipped,,not_attempted,,,,,,,False,False,False,,,stage1_low_suspicion,stage1_http,stage1_low_suspicion,False,,False,False,False,True,,,fallback_top_k,Punjab National Bank (PNB),netpnb.com,0.0,,,0.6062,False,0,0,0,0,0,False,,False,False,False,0,0,,,0,False,stage1_low_suspicion,,,,,,,,,0.303,False,0,False,False,False,0.0,0.0,,,,,,,,,,,,
109,hixemuzydo.pro,https://hixemuzydo.pro,urls.xlsx,,,,,,skipped,skipped,,not_attempted,,,,,,,False,False,False,,,stage1_low_suspicion,stage1_http,stage1_low_suspicion,False,,False,False,False,True,,,fallback_top_k,Income Tax Department,incometaxindia.gov.in,0.0,,,0.5651,False,0,0,0,0,0,False,,False,False,False,0,0,,,0,False,stage1_low_suspicion,,,,,,,,,0.25,False,0,False,False,False,0.0,0.0,,,,,,,,,,,,
110,logrenuunics.com,https://logrenuunics.com,urls.xlsx,,,,,,skipped,skipped,,not_attempted,,,,,,,False,False,False,,,stage1_low_suspicion,stage1_http,stage1_low_suspicion,False,,False,False,False,True,,,fallback_top_k,State Bank of India (SBI),corp.onlinesbi.sbi,0.0,,,0.6442,False,0,0,0,0,0,False,,False,False,False,0,0,,,0,False,stage1_low_suspicion,,,,,,,,,0.3846,False,0,False,False,False,0.0,0.0,,,,,,,,,,,,
111,aifinance.global,https://aifinance.global,urls.xlsx,,,,,,skipped,skipped,,not_attempted,,,,,,,False,False,False,,,stage1_low_suspicion,stage1_http,stage1_low_suspicion,False,,False,False,False,True,,,fallback_top_k,Air India,airindiaexpress.com,0.0,,,0.6889,False,0,0,0,0,0,False,,False,False,False,0,0,,,0,False,stage1_low_suspicion,,,,,,,,,0.5,False,0,False,False,False,0.0,0.0,,,,,,,,,,,,
112,jskbalaghat.org,https://jskbalaghat.org,urls.xlsx,,,,,,skipped,skipped,,not_attempted,,,,,,,False,False,False,,,stage1_low_suspicion,stage1_http,stage1_low_suspicion,False,,False,False,False,True,,,fallback_top_k,State Bank of India (SBI),sbi.co.in,0.0,,,0.6162,False,0,0,0,0,0,False,,False,False,False,0,0,,,0,False,stage1_low_suspicion,,,,,,,,,0.2857,False,0,False,False,False,0.0,0.0,,,,,,,,,,,,
113,sbi.com-kyc.net/login,https://sbi.com-kyc.net/login,urls.xlsx,,,,,,no_answer,filtered,failed,not_attempted,dns_gate_no_answer,no A/AAAA answers for sbi.com-kyc.net,,,,,False,False,False,,dns_not_mapped_lexical_passthrough,,stage1_http,dns_not_mapped_lexical_hit,False,,True,True,False,False,,,brand_token_match,State Bank of India (SBI),sbi.bank.in,0.0,,,0.5263,True,0,0,0,0,0,False,dns_not_mapped_to_ip,False,False,False,0,0,sbi.com-kyc.net,,0,False,dns_not_mapped_lexical_hit,,,,,,,,,0.5263,False,0,False,False,True,0.0,0.0,,,,,,,,,,,,
114,onl1nesbi.sbi/login,https://onl1nesbi.sbi/login,urls.xlsx,,,,,,no_answer,filtered,failed,not_attempted,dns_gate_no_answer,no A/AAAA answers for onl1nesbi.sbi,,,,,False,False,False,,dns_not_mapped_lexical_passthrough,,stage1_http,dns_not_mapped_lexical_hit,True,State Bank of India (SBI),True,True,True,False,,,jw_primary|skeleton_similarity,State Bank of India (SBI),corp.onlinesbi.sbi,0.0,,,0.9481,True,0,0,0,0,0,False,dns_not_mapped_to_ip,False,False,False,0,0,onl1nesbi.sbi,,0,False,dns_not_mapped_lexical_hit,,,,,,,,,0.9189,False,0,False,False,True,0.0,0.0,,,,,,,,,,,,
115,onlinesbi.sbi.update-rewards.xyz,https://onlinesbi.sbi.update-rewards.xyz,urls.xlsx,,,,,,no_answer,filtered,failed,not_attempted,dns_gate_no_answer,no A/AAAA answers for onlinesbi.sbi.update-rewards.xyz,,,,,False,False,False,,dns_not_mapped_lexical_passthrough,,stage1_http,dns_not_mapped_lexical_hit,False,,True,True,False,False,,,brand_token_match,State Bank of India (SBI),onlinesbi.sbi.bank.in,0.0,,,0.6522,True,0,0,0,0,0,False,dns_not_mapped_to_ip,False,False,False,0,0,onlinesbi.sbi.update-rewards.xyz,,0,False,dns_not_mapped_lexical_hit,,,,,,,,,0.6522,False,0,False,False,True,0.0,0.0,,,,,,,,,,,,
116,airindiaair.com,https://airindiaair.com,urls.xlsx,https://airindiaair.com,2026-04-13T18:06:10+00:00,11c2835a27ce4cab2ce49f5a1d939ad76ba353f048eb1b233d5a738c66b38236,similarity,airindiaair.com,resolved,accepted,fetched,available,,,https://airindiaair.com/,,,,True,True,False,,weak_direct_evidence|network_corroboration,,,,True,Air India,True,True,True,False,weak_direct_evidence|network_corroboration,weak_direct_evidence|network_corroboration,jw_primary,Air India,airindiaexpress.com,47.3377,47.3377,Low,0.8836,True,0,0,0,0,0,False,lexical_hit,False,False,False,0,0,airindiaair.com,,0,True,lexical_hit,0.0,-1,0.0,-1,0.0,-1,0.0,-1,0.7223,False,1,False,False,False,26.5091,0.0,False,,C:\Users\SATWIK\Documents\Phishing\phishing_pipeline\screens\airindiaair.com.png,bb35eec2913d24c2,777ce387f49cb49b,,8081ad56c6a95fd7,ebf4002f6612208a,False,False,False,False
117,sbi-secure-login.com,https://sbi-secure-login.com,urls.xlsx,,,,,,no_answer,filtered,failed,not_attempted,dns_gate_no_answer,no A/AAAA answers for sbi-secure-login.com,,,,,False,False,False,,dns_not_mapped_lexical_passthrough,,stage1_http,dns_not_mapped_lexical_hit,False,,True,True,False,False,,,brand_token_match,State Bank of India (SBI),sbisecurities.in,0.0,,,0.8353,True,0,0,0,0,0,False,dns_not_mapped_to_ip,False,False,False,0,0,sbi-secure-login.com,,0,False,dns_not_mapped_lexical_hit,,,,,,,,,0.6207,False,0,False,False,True,0.0,0.0,,,,,,,,,,,,
118,192.168.1,https://192.168.1,urls.xlsx,,,,,,no_answer,filtered,dns_inactive,not_attempted,dns_gate_no_answer,no A/AAAA answers for 192.168.1,,,,,False,False,False,,,dns_gate_inactive,stage1_http,dns_gate_inactive,False,,False,False,False,True,,,fallback_top_k|generic_token_only,National Informatics Centre (NIC),cloud.gov.in,0.0,,,0.7333,False,0,0,0,0,0,False,dns_gate_inactive,False,False,False,0,0,192.168.1,,0,False,dns_gate_inactive,,,,,,,,,0.3333,True,0,False,False,False,0.0,0.0,,,,,,,,,,,,
119,reward-expiry.com,https://reward-expiry.com,urls.xlsx,,,,,,no_answer,filtered,dns_inactive,not_attempted,dns_gate_no_answer,no A/AAAA answers for reward-expiry.com,,,,,False,False,False,,,dns_gate_inactive,stage1_http,dns_gate_inactive,False,,False,False,False,True,,,fallback_top_k,Air India,airindiaexpress.com,0.0,,,0.5912,False,0,0,0,0,0,False,dns_gate_inactive,False,False,False,0,0,reward-expiry.com,,0,False,dns_gate_inactive,,,,,,,,,0.53,False,0,False,False,False,0.0,0.0,,,,,,,,,,,,
120,sbi.co.in.login.banking-services.net/234/redirect,https://sbi.co.in.login.banking-services.net/234/redirect,urls.xlsx,,,,,,no_answer,filtered,failed,not_attempted,dns_gate_no_answer,no A/AAAA answers for sbi.co.in.login.banking-services.net,,,,,False,False,False,,dns_not_mapped_lexical_passthrough,,stage1_http,dns_not_mapped_lexical_hit,False,,True,True,True,False,,,brand_token_match,State Bank of India (SBI),onlinesbi.sbi.bank.in,0.0,,,0.85,True,0,0,0,0,0,False,dns_not_mapped_to_ip,False,False,False,0,0,sbi.co.in.login.banking-services.net,,0,False,dns_not_mapped_lexical_hit,,,,,,,,,0.4,False,0,False,False,True,0.0,0.0,,,,,,,,,,,,
121,verify-kyc.com,https://verify-kyc.com,urls.xlsx,,,,,,skipped,skipped,,not_attempted,,,,,,,False,False,False,,,stage1_low_suspicion,stage1_http,stage1_low_suspicion,False,,False,False,False,True,,,fallback_top_k,Election Commision of India (ECI),eci.gov.in,0.0,,,0.6222,False,0,0,0,0,0,False,,False,False,False,0,0,,,0,False,stage1_low_suspicion,,,,,,,,,0.3077,False,0,False,False,False,0.0,0.0,,,,,,,,,,,,
122,icic-bank.com,https://icic-bank.com,urls.xlsx,,,,,,no_answer,filtered,dns_inactive,not_attempted,dns_gate_no_answer,no A/AAAA answers for icic-bank.com,,,,,False,False,False,,,dns_gate_inactive,stage1_http,dns_gate_inactive,False,,False,False,False,True,,,fallback_top_k|generic_token_only,ICICI Bank,icici.bank.in,0.0,,,0.8421,False,0,0,0,0,0,False,dns_gate_inactive,False,False,False,0,0,icic-bank.com,,0,False,dns_gate_inactive,,,,,,,,,0.8421,True,0,False,False,False,0.0,0.0,,,,,,,,,,,,
123,icicibank.net/login,https://icicibank.net/login,urls.xlsx,https://icicibank.net/login,2026-04-13T18:06:29+00:00,6560a833036f98c21ce237f1d2f041034e1f980961fa2ce71e409423ba6a6724,similarity,icicibank.net,resolved,accepted,failed,not_attempted,navigation_error,"Page.goto: net::ERR_CONNECTION_TIMED_OUT at https://icicibank.net/login | Call log: - navigating to ""https://icicibank.net/login"", waiting until ""commit""",about:blank,,,,False,False,False,,failed_fetch_strict_lexical_suspected,,hashing_shortlist,fetch_timeout_or_fetch_failed,True,ICICI Bank,True,True,True,False,,,host_similarity,ICICI Bank,icici.bank.in,0.0,0.0,Low,0.9474,True,0,0,0,0,0,False,lexical_hit,False,False,False,0,0,icicibank.net,,0,True,lexical_hit,0.0,-1,0.0,-1,0.0,-1,0.0,-1,0.9474,False,0,False,False,True,28.4211,0.0,False,,,,,,,,False,False,False,False
124,secure-login.com,https://secure-login.com,urls.xlsx,,,,,,no_answer,filtered,dns_inactive,not_attempted,dns_gate_no_answer,no A/AAAA answers for secure-login.com,,,,,False,False,False,,,dns_gate_inactive,stage1_http,dns_gate_inactive,False,,False,False,False,True,,,fallback_top_k,"Civil Registration System, MHA (RGCCI)",crsorgi.gov.in,0.0,,,0.7302,False,0,0,0,0,0,False,dns_gate_inactive,False,False,False,0,0,secure-login.com,,0,False,dns_gate_inactive,,,,,,,,,0.5263,False,0,False,False,False,0.0,0.0,,,,,,,,,,,,
125,bit.ly,https://bit.ly,urls.xlsx,,,,,,skipped,skipped,,not_attempted,,,,,,,False,False,False,,,stage1_low_suspicion,stage1_http,stage1_low_suspicion,False,,False,False,False,True,,,fallback_top_k,Reserve Bank of India (RBI),rebit.org.in,0.0,,,0.75,False,0,0,0,0,0,False,,False,False,False,0,0,,,0,False,stage1_low_suspicion,,,,,,,,,0.75,False,0,False,False,False,0.0,0.0,,,,,,,,,,,,
126,accountauthenticate.com,https://accountauthenticate.com,urls.xlsx,,,,,,no_answer,filtered,dns_inactive,not_attempted,dns_gate_no_answer,no A/AAAA answers for accountauthenticate.com,,,,,False,False,False,,,dns_gate_inactive,stage1_http,dns_gate_inactive,False,,False,False,False,True,,,fallback_top_k,Income Tax Department,incometaxindia.gov.in,0.0,,,0.6314,False,0,0,0,0,0,False,dns_gate_inactive,False,False,False,0,0,accountauthenticate.com,,0,False,dns_gate_inactive,,,,,,,,,0.4242,False,0,False,False,False,0.0,0.0,,,,,,,,,,,,
127,icici-bank-support.in,https://icici-bank-support.in,urls.xlsx,,,,,,no_answer,filtered,failed,not_attempted,dns_gate_no_answer,no A/AAAA answers for icici-bank-support.in,,,,,False,False,False,,dns_not_mapped_lexical_passthrough,,stage1_http,dns_not_mapped_lexical_hit,True,ICICI Bank,True,True,False,False,,,brand_token_match,ICICI Bank,icicilombard.com,0.0,,,0.8222,True,0,0,0,0,0,False,dns_not_mapped_to_ip,False,False,False,0,0,icici-bank-support.in,,0,False,dns_not_mapped_lexical_hit,,,,,,,,,0.5333,False,0,False,False,True,0.0,0.0,,,,,,,,,,,,
128,cppcccare.com,https://cppcccare.com,urls.xlsx,,,,,,no_answer,filtered,dns_inactive,not_attempted,dns_gate_no_answer,no A/AAAA answers for cppcccare.com,,,,,False,False,False,,,dns_gate_inactive,stage1_http,dns_gate_inactive,False,,False,False,False,True,,,fallback_top_k,Income Tax Department,contents.tdscpc.gov.in,0.0,,,0.6111,False,0,0,0,0,0,False,dns_gate_inactive,False,False,False,0,0,cppcccare.com,,0,False,dns_gate_inactive,,,,,,,,,0.4,False,0,False,False,False,0.0,0.0,,,,,,,,,,,,
129,pnb-india.in,https://pnb-india.in,urls.xlsx,,,,,,no_answer,filtered,failed,not_attempted,dns_gate_no_answer,no A/AAAA answers for pnb-india.in,,,,,False,False,False,,dns_not_mapped_lexical_passthrough,,stage1_http,dns_not_mapped_lexical_hit,True,Punjab National Bank (PNB),True,True,True,False,,,brand_token_match|jw_primary|token_set_primary|skeleton_similarity|host_similarity,Punjab National Bank (PNB),pnbindia.in,0.0,,,0.9741,True,0,0,0,0,0,False,dns_not_mapped_to_ip,False,False,False,0,0,pnb-india.in,,0,False,dns_not_mapped_lexical_hit,,,,,,,,,0.9712,False,0,False,False,True,0.0,0.0,,,,,,,,,,,,
130,pnblndia.in,https://pnblndia.in,urls.xlsx,,,,,,no_answer,filtered,failed,not_attempted,dns_gate_no_answer,no A/AAAA answers for pnblndia.in,,,,,False,False,False,,dns_not_mapped_lexical_passthrough,,stage1_http,dns_not_mapped_lexical_hit,True,Punjab National Bank (PNB),True,True,True,False,,,jw_primary|skeleton_similarity,Punjab National Bank (PNB),pnbindia.in,0.0,,,0.9083,True,0,0,0,0,0,False,dns_not_mapped_to_ip,False,False,False,0,0,pnblndia.in,,0,False,dns_not_mapped_lexical_hit,,,,,,,,,0.905,False,0,False,False,True,0.0,0.0,,,,,,,,,,,,
131,pnbindia-kyd.com,https://pnbindia-kyd.com,urls.xlsx,,,,,,no_answer,filtered,failed,not_attempted,dns_gate_no_answer,no A/AAAA answers for pnbindia-kyd.com,,,,,False,False,False,,dns_not_mapped_lexical_passthrough,,stage1_http,dns_not_mapped_lexical_hit,True,Punjab National Bank (PNB),True,True,True,False,,,brand_token_match|jw_primary,Punjab National Bank (PNB),pnbindia.in,0.0,,,0.9333,True,0,0,0,0,0,False,dns_not_mapped_to_ip,False,False,False,0,0,pnbindia-kyd.com,,0,False,dns_not_mapped_lexical_hit,,,,,,,,,0.8,False,0,False,False,True,0.0,0.0,,,,,,,,,,,,
132,pnblndia-app.in,https://pnblndia-app.in,urls.xlsx,,,,,,no_answer,filtered,dns_inactive,not_attempted,dns_gate_no_answer,no A/AAAA answers for pnblndia-app.in,,,,,False,False,False,,,dns_gate_inactive,stage1_http,dns_gate_inactive,False,,False,False,False,True,,,fallback_top_k,Punjab National Bank (PNB),pnbindia.in,0.0,,,0.8403,False,0,0,0,0,0,False,dns_gate_inactive,False,False,False,0,0,pnblndia-app.in,,0,False,dns_gate_inactive,,,,,,,,,0.73,False,0,False,False,False,0.0,0.0,,,,,,,,,,,,
133,pnb-netbanking.net,https://pnb-netbanking.net,urls.xlsx,,,,,,no_answer,filtered,failed,not_attempted,dns_gate_no_answer,no A/AAAA answers for pnb-netbanking.net,,,,,False,False,False,,dns_not_mapped_lexical_passthrough,,stage1_http,dns_not_mapped_lexical_hit,False,,True,True,False,False,,,brand_token_match,Punjab National Bank (PNB),pnbindia.in,0.0,,,0.6706,True,0,0,0,0,0,False,dns_not_mapped_to_ip,False,False,False,0,0,pnb-netbanking.net,,0,False,dns_not_mapped_lexical_hit,,,,,,,,,0.4545,False,0,False,False,True,0.0,0.0,,,,,,,,,,,,
134,pnblndia.bank.in,https://pnblndia.bank.in,urls.xlsx,,,,,,no_answer,filtered,dns_inactive,not_attempted,dns_gate_no_answer,no A/AAAA answers for pnblndia.bank.in,,,,,False,False,False,,,dns_gate_inactive,stage1_http,dns_gate_inactive,True,Punjab National Bank (PNB),False,False,False,True,,,fallback_top_k|generic_token_only,Airtel,airtelpayments.bank.in,0.0,,,1.0,False,0,0,0,0,0,False,dns_gate_inactive,False,False,False,0,0,pnblndia.bank.in,,0,False,dns_gate_inactive,,,,,,,,,1.0,True,0,False,False,False,0.0,0.0,,,,,,,,,,,,
135,secure-kyc.com,https://secure-kyc.com,urls.xlsx,,,,,,skipped,skipped,,not_attempted,,,,,,,False,False,False,,,stage1_low_suspicion,stage1_http,stage1_low_suspicion,False,,False,False,False,True,,,fallback_top_k,State Bank of India (SBI),sbisecurities.in,0.0,,,0.6282,False,0,0,0,0,0,False,,False,False,False,0,0,,,0,False,stage1_low_suspicion,,,,,,,,,0.5217,False,0,False,False,False,0.0,0.0,,,,,,,,,,,,
136,update-account.online,https://update-account.online,urls.xlsx,,,,,,no_answer,filtered,dns_inactive,not_attempted,dns_gate_no_answer,no A/AAAA answers for update-account.online,,,,,False,False,False,,,dns_gate_inactive,stage1_http,dns_gate_inactive,False,,False,False,False,True,,,fallback_top_k,Income Tax Department,contents.tdscpc.gov.in,0.0,,,0.6635,False,0,0,0,0,0,False,dns_gate_inactive,False,False,False,0,0,update-account.online,,0,False,dns_gate_inactive,,,,,,,,,0.3,False,0,False,False,False,0.0,0.0,,,,,,,,,,,,
137,pnbindia-services.com,https://pnbindia-services.com,urls.xlsx,,,,,,no_answer,filtered,failed,not_attempted,dns_gate_no_answer,no A/AAAA answers for pnbindia-services.com,,,,,False,False,False,,dns_not_mapped_lexical_passthrough,,stage1_http,dns_not_mapped_lexical_hit,True,Punjab National Bank (PNB),True,True,True,False,,,brand_token_match|jw_primary,Punjab National Bank (PNB),pnbindia.in,0.0,,,0.8941,True,0,0,0,0,0,False,dns_not_mapped_to_ip,False,False,False,0,0,pnbindia-services.com,,0,False,dns_not_mapped_lexical_hit,,,,,,,,,0.64,False,0,False,False,True,0.0,0.0,,,,,,,,,,,,
138,verify-account.net,https://verify-account.net,urls.xlsx,,,,,,no_answer,filtered,dns_inactive,not_attempted,dns_gate_no_answer,no A/AAAA answers for verify-account.net,,,,,False,False,False,,,dns_gate_inactive,stage1_http,dns_gate_inactive,False,,False,False,False,True,,,fallback_top_k,Election Commision of India (ECI),eci.gov.in,0.0,,,0.6032,False,0,0,0,0,0,False,dns_gate_inactive,False,False,False,0,0,verify-account.net,,0,False,dns_gate_inactive,,,,,,,,,0.2353,False,0,False,False,False,0.0,0.0,,,,,,,,,,,,
139,dq67r.top,https://dq67r.top,urls.xlsx,,,,,,skipped,skipped,,not_attempted,,,,,,,False,False,False,,,stage1_low_suspicion,stage1_http,stage1_low_suspicion,False,,False,False,False,True,,,fallback_top_k,BSE Ltd.,bsestarmf.in,0.0,,,0.5407,False,0,0,0,0,0,False,,False,False,False,0,0,,,0,False,stage1_low_suspicion,,,,,,,,,0.2857,False,0,False,False,False,0.0,0.0,,,,,,,,,,,,
140,annarbormarket.com,https://annarbormarket.com,urls.xlsx,,,,,,skipped,skipped,,not_attempted,,,,,,,False,False,False,,,stage1_low_suspicion,stage1_http,stage1_low_suspicion,False,,False,False,False,True,,,fallback_top_k,Canara Bank,canararobeco.com,0.0,,,0.7235,False,0,0,0,0,0,False,,False,False,False,0,0,,,0,False,stage1_low_suspicion,,,,,,,,,0.5685,False,0,False,False,False,0.0,0.0,,,,,,,,,,,,
141,manto90.store,https://manto90.store,urls.xlsx,,,,,,skipped,skipped,,not_attempted,,,,,,,False,False,False,,,stage1_low_suspicion,stage1_http,stage1_low_suspicion,False,,False,False,False,True,,,fallback_top_k,Bank of Baroda,onlinecasa.bankofbaroda.com,0.0,,,0.6349,False,0,0,0,0,0,False,,False,False,False,0,0,,,0,False,stage1_low_suspicion,,,,,,,,,0.4211,False,0,False,False,False,0.0,0.0,,,,,,,,,,,,
142,chargemoment.com,https://chargemoment.com,urls.xlsx,,,,,,skipped,skipped,,not_attempted,,,,,,,False,False,False,,,stage1_low_suspicion,stage1_http,stage1_low_suspicion,False,,False,False,False,True,,,fallback_top_k,State Bank of India (SBI),homeloans.sbi,0.0,,,0.6667,False,0,0,0,0,0,False,,False,False,False,0,0,,,0,False,stage1_low_suspicion,,,,,,,,,0.4762,False,0,False,False,False,0.0,0.0,,,,,,,,,,,,
143,allsetfacilitygroup.com,https://allsetfacilitygroup.com,urls.xlsx,,,,,,skipped,skipped,,not_attempted,,,,,,,False,False,False,,,stage1_low_suspicion,stage1_http,stage1_low_suspicion,False,,False,False,False,True,,,fallback_top_k,Election Commision of India (ECI),eci.gov.in,0.0,,,0.7193,False,0,0,0,0,0,False,,False,False,False,0,0,,,0,False,stage1_low_suspicion,,,,,,,,,0.2727,False,0,False,False,False,0.0,0.0,,,,,,,,,,,,
144,fjudoeuskadi.eus,https://fjudoeuskadi.eus,urls.xlsx,,,,,,skipped,skipped,,not_attempted,,,,,,,False,False,False,,,stage1_low_suspicion,stage1_http,stage1_low_suspicion,False,,False,False,False,True,,,fallback_top_k,Jio,jio.com,0.0,,,0.6111,False,0,0,0,0,0,False,,False,False,False,0,0,,,0,False,stage1_low_suspicion,,,,,,,,,0.2667,False,0,False,False,False,0.0,0.0,,,,,,,,,,,,
145,786786786786.com,https://786786786786.com,urls.xlsx,,,,,,no_answer,filtered,dns_inactive,not_attempted,dns_gate_no_answer,no A/AAAA answers for 786786786786.com,,,,,False,False,False,,,dns_gate_inactive,stage1_http,dns_gate_inactive,False,,False,False,False,True,,,fallback_top_k,Punjab National Bank (PNB),netpnb.com,0.0,,,0.5,False,0,0,0,0,0,False,dns_gate_inactive,False,False,False,0,0,786786786786.com,,0,False,dns_gate_inactive,,,,,,,,,0.2522,False,0,False,False,False,0.0,0.0,,,,,,,,,,,,
146,nevermindmedia.ch,https://nevermindmedia.ch,urls.xlsx,,,,,,skipped,skipped,,not_attempted,,,,,,,False,False,False,,,stage1_low_suspicion,stage1_http,stage1_low_suspicion,False,,False,False,False,True,,,fallback_top_k,Punjab National Bank (PNB),pnbindia.in,0.0,,,0.7262,False,0,0,0,0,0,False,,False,False,False,0,0,,,0,False,stage1_low_suspicion,,,,,,,,,0.5455,False,0,False,False,False,0.0,0.0,,,,,,,,,,,,
147,519zx.top,https://519zx.top,urls.xlsx,,,,,,skipped,skipped,,not_attempted,,,,,,,False,False,False,,,stage1_low_suspicion,stage1_http,stage1_low_suspicion,False,,False,False,False,True,,,fallback_top_k,State Bank of India (SBI),sbilife.co.in,0.0,,,0.5619,False,0,0,0,0,0,False,,False,False,False,0,0,,,0,False,stage1_low_suspicion,,,,,,,,,0.3333,False,0,False,False,False,0.0,0.0,,,,,,,,,,,,
148,71042.vip,https://71042.vip,urls.xlsx,,,,,,skipped,skipped,,not_attempted,,,,,,,False,False,False,,,stage1_low_suspicion,stage1_http,stage1_low_suspicion,False,,False,False,False,True,,,fallback_top_k|generic_token_only,National Informatics Centre (NIC),cloud.gov.in,0.0,,,0.6,False,0,0,0,0,0,False,,False,False,False,0,0,,,0,False,stage1_low_suspicion,,,,,,,,,0.4,True,0,False,False,False,0.0,0.0,,,,,,,,,,,,
149,n6k6jqg8.top,https://n6k6jqg8.top,urls.xlsx,,,,,,no_answer,filtered,dns_inactive,not_attempted,dns_gate_no_answer,no A/AAAA answers for n6k6jqg8.top,,,,,False,False,False,,,dns_gate_inactive,stage1_http,dns_gate_inactive,False,,False,False,False,True,,,fallback_top_k|generic_token_only,Airtel,airtelpayments.bank.in,0.0,,,0.5833,False,0,0,0,0,0,False,dns_gate_inactive,False,False,False,0,0,n6k6jqg8.top,,0,False,dns_gate_inactive,,,,,,,,,0.3333,True,0,False,False,False,0.0,0.0,,,,,,,,,,,,
150,essentialcleaningservicesusa.com,https://essentialcleaningservicesusa.com,urls.xlsx,,,,,,skipped,skipped,,not_attempted,,,,,,,False,False,False,,,stage1_low_suspicion,stage1_http,stage1_low_suspicion,False,,False,False,False,True,,,fallback_top_k,National Informatics Centre (NIC),nic.gov.in,0.0,,,0.7024,False,0,0,0,0,0,False,,False,False,False,0,0,,,0,False,stage1_low_suspicion,,,,,,,,,0.1935,False,0,False,False,False,0.0,0.0,,,,,,,,,,,,
151,soyprotagonistafinanciero.com,https://soyprotagonistafinanciero.com,urls.xlsx,,,,,,skipped,skipped,,not_attempted,,,,,,,False,False,False,,,stage1_low_suspicion,stage1_http,stage1_low_suspicion,False,,False,False,False,True,,,fallback_top_k,parivahan sewa,parivahan.gov.in,0.0,,,0.5907,False,0,0,0,0,0,False,,False,False,False,0,0,,,0,False,stage1_low_suspicion,,,,,,,,,0.3529,False,0,False,False,False,0.0,0.0,,,,,,,,,,,,
152,rush-bodyplan.homes,https://rush-bodyplan.homes,urls.xlsx,,,,,,skipped,skipped,,not_attempted,,,,,,,False,False,False,,,stage1_low_suspicion,stage1_http,stage1_low_suspicion,False,,False,False,False,True,,,fallback_top_k,Reserve Bank of India (RBI),rbi.org.in,0.0,,,0.6068,False,0,0,0,0,0,False,,False,False,False,0,0,,,0,False,stage1_low_suspicion,,,,,,,,,0.25,False,0,False,False,False,0.0,0.0,,,,,,,,,,,,
153,fxsnowcool.com,https://fxsnowcool.com,urls.xlsx,,,,,,skipped,skipped,,not_attempted,,,,,,,False,False,False,,,stage1_low_suspicion,stage1_http,stage1_low_suspicion,False,,False,False,False,True,,,fallback_top_k,National Informatics Centre (NIC),nic.gov.in,0.0,,,0.6222,False,0,0,0,0,0,False,,False,False,False,0,0,,,0,False,stage1_low_suspicion,,,,,,,,,0.3077,False,0,False,False,False,0.0,0.0,,,,,,,,,,,,
154,94498.qpon,https://94498.qpon,urls.xlsx,,,,,,no_answer,filtered,dns_inactive,not_attempted,dns_gate_no_answer,no A/AAAA answers for 94498.qpon,,,,,False,False,False,,,dns_gate_inactive,stage1_http,dns_gate_inactive,False,,False,False,False,True,,,fallback_top_k,Punjab National Bank (PNB),netpnb.com,0.0,,,0.4556,False,0,0,0,0,0,False,dns_gate_inactive,False,False,False,0,0,94498.qpon,,0,False,dns_gate_inactive,,,,,,,,,0.1818,False,0,False,False,False,0.0,0.0,,,,,,,,,,,,
155,enerzyph.com,https://enerzyph.com,urls.xlsx,,,,,,no_answer,filtered,dns_inactive,not_attempted,dns_gate_no_answer,no A/AAAA answers for enerzyph.com,,,,,False,False,False,,,dns_gate_inactive,stage1_http,dns_gate_inactive,False,,False,False,False,True,,,fallback_top_k,Kfintech,kfintech.com,0.0,,,0.5833,False,0,0,0,0,0,False,dns_gate_inactive,False,False,False,0,0,enerzyph.com,,0,False,dns_gate_inactive,,,,,,,,,0.405,False,0,False,False,False,0.0,0.0,,,,,,,,,,,,
156,joel-angelina-wedding.com,https://joel-angelina-wedding.com,urls.xlsx,,,,,,skipped,skipped,,not_attempted,,,,,,,False,False,False,,,stage1_low_suspicion,stage1_http,stage1_low_suspicion,False,,False,False,False,True,,,fallback_top_k,Jio,jio.com,0.0,,,0.6032,False,0,0,0,0,0,False,,False,False,False,0,0,,,0,False,stage1_low_suspicion,,,,,,,,,0.1967,False,0,False,False,False,0.0,0.0,,,,,,,,,,,,
157,ofertaa643842315.sbs,https://ofertaa643842315.sbs,urls.xlsx,,,,,,no_answer,filtered,dns_inactive,not_attempted,dns_gate_no_answer,no A/AAAA answers for ofertaa643842315.sbs,,,,,False,False,False,,,dns_gate_inactive,stage1_http,dns_gate_inactive,False,,False,False,False,True,,,fallback_top_k,Coal India,coalindiatenders.nic.in,0.0,,,0.5774,False,0,0,0,0,0,False,dns_gate_inactive,False,False,False,0,0,ofertaa643842315.sbs,,0,False,dns_gate_inactive,,,,,,,,,0.375,False,0,False,False,False,0.0,0.0,,,,,,,,,,,,
158,inesceramica.pt,https://inesceramica.pt,urls.xlsx,,,,,,skipped,skipped,,not_attempted,,,,,,,False,False,False,,,stage1_low_suspicion,stage1_http,stage1_low_suspicion,False,,False,False,False,True,,,fallback_top_k,Canara Bank,canarahsbclife.com,0.0,,,0.6627,False,0,0,0,0,0,False,,False,False,False,0,0,,,0,False,stage1_low_suspicion,,,,,,,,,0.3077,False,0,False,False,False,0.0,0.0,,,,,,,,,,,,
159,tayceculture.com,https://tayceculture.com,urls.xlsx,,,,,,skipped,skipped,,not_attempted,,,,,,,False,False,False,,,stage1_low_suspicion,stage1_http,stage1_low_suspicion,False,,False,False,False,True,,,fallback_top_k,ICICI Bank,iciciprulife.com,0.0,,,0.6111,False,0,0,0,0,0,False,,False,False,False,0,0,,,0,False,stage1_low_suspicion,,,,,,,,,0.4467,False,0,False,False,False,0.0,0.0,,,,,,,,,,,,
160,ybiscom.fr,https://ybiscom.fr,urls.xlsx,,,,,,skipped,skipped,,not_attempted,,,,,,,False,False,False,,,stage1_low_suspicion,stage1_http,stage1_low_suspicion,False,,False,False,False,True,,,fallback_top_k,National Informatics Centre (NIC),nic.gov.in,0.0,,,0.6508,False,0,0,0,0,0,False,,False,False,False,0,0,,,0,False,stage1_low_suspicion,,,,,,,,,0.4,False,0,False,False,False,0.0,0.0,,,,,,,,,,,,
161,digifant.network,https://digifant.network,urls.xlsx,,,,,,no_answer,filtered,dns_inactive,not_attempted,dns_gate_no_answer,no A/AAAA answers for digifant.network,,,,,False,False,False,,,dns_gate_inactive,stage1_http,dns_gate_inactive,False,,False,False,False,True,,,fallback_top_k,HDFC Bank,netbanking.hdfcbank.com,0.0,,,0.6667,False,0,0,0,0,0,False,dns_gate_inactive,False,False,False,0,0,digifant.network,,0,False,dns_gate_inactive,,,,,,,,,0.5,False,0,False,False,False,0.0,0.0,,,,,,,,,,,,
162,brandmappr.com,https://brandmappr.com,urls.xlsx,,,,,,skipped,skipped,,not_attempted,,,,,,,False,False,False,,,stage1_low_suspicion,stage1_http,stage1_low_suspicion,False,,False,False,False,True,,,fallback_top_k,National Health Authority (NHA),abdm.gov.in,0.0,,,0.7167,False,0,0,0,0,0,False,,False,False,False,0,0,,,0,False,stage1_low_suspicion,,,,,,,,,0.4286,False,0,False,False,False,0.0,0.0,,,,,,,,,,,,
163,tredmind.com,https://tredmind.com,urls.xlsx,,,,,,skipped,skipped,,not_attempted,,,,,,,False,False,False,,,stage1_low_suspicion,stage1_http,stage1_low_suspicion,False,,False,False,False,True,,,fallback_top_k,Reserve Bank of India (RBI),rebit.org.in,0.0,,,0.6583,False,0,0,0,0,0,False,,False,False,False,0,0,,,0,False,stage1_low_suspicion,,,,,,,,,0.4615,False,0,False,False,False,0.0,0.0,,,,,,,,,,,,
164,carelessvibe.com,https://carelessvibe.com,urls.xlsx,,,,,,skipped,skipped,,not_attempted,,,,,,,False,False,False,,,stage1_low_suspicion,stage1_http,stage1_low_suspicion,False,,False,False,False,True,,,fallback_top_k,Airtel,airtel.in,0.0,,,0.6667,False,0,0,0,0,0,False,,False,False,False,0,0,,,0,False,stage1_low_suspicion,,,,,,,,,0.4444,False,0,False,False,False,0.0,0.0,,,,,,,,,,,,
165,vipslot.casino,https://vipslot.casino,urls.xlsx,,,,,,skipped,skipped,,not_attempted,,,,,,,False,False,False,,,stage1_low_suspicion,stage1_http,stage1_low_suspicion,False,,False,False,False,True,,,fallback_top_k,Bharat Sanchar Nigam Limited (BSNL),bsnl.co.in,0.0,,,0.5952,False,0,0,0,0,0,False,,False,False,False,0,0,,,0,False,stage1_low_suspicion,,,,,,,,,0.3636,False,0,False,False,False,0.0,0.0,,,,,,,,,,,,
166,itplayegypt.win,https://itplayegypt.win,urls.xlsx,,,,,,skipped,skipped,,not_attempted,,,,,,,False,False,False,,,stage1_low_suspicion,stage1_http,stage1_low_suspicion,False,,False,False,False,True,,,fallback_top_k,Airtel,airtel.in,0.0,,,0.6293,False,0,0,0,0,0,False,,False,False,False,0,0,,,0,False,stage1_low_suspicion,,,,,,,,,0.3529,False,0,False,False,False,0.0,0.0,,,,,,,,,,,,
167,mediavision.store,https://mediavision.store,urls.xlsx,,,,,,skipped,skipped,,not_attempted,,,,,,,False,False,False,,,stage1_low_suspicion,stage1_http,stage1_low_suspicion,False,,False,False,False,True,,,fallback_top_k,All India Institute of Medical Sciences (AIIMS),aiims.edu,0.0,,,0.7515,False,0,0,0,0,0,False,,False,False,False,0,0,,,0,False,stage1_low_suspicion,,,,,,,,,0.375,False,0,False,False,False,0.0,0.0,,,,,,,,,,,,
168,8eight.com.tw,https://8eight.com.tw,urls.xlsx,,,,,,skipped,skipped,,not_attempted,,,,,,,False,False,False,,,stage1_low_suspicion,stage1_http,stage1_low_suspicion,False,,False,False,False,True,,,fallback_top_k,Reserve Bank of India (RBI),rebit.org.in,0.0,,,0.7389,False,0,0,0,0,0,False,,False,False,False,0,0,,,0,False,stage1_low_suspicion,,,,,,,,,0.5455,False,0,False,False,False,0.0,0.0,,,,,,,,,,,,
169,permabrows.us,https://permabrows.us,urls.xlsx,,,,,,skipped,skipped,,not_attempted,,,,,,,False,False,False,,,stage1_low_suspicion,stage1_http,stage1_low_suspicion,False,,False,False,False,True,,,fallback_top_k,Reserve Bank of India (RBI),rbi.org.in,0.0,,,0.6222,False,0,0,0,0,0,False,,False,False,False,0,0,,,0,False,stage1_low_suspicion,,,,,,,,,0.3077,False,0,False,False,False,0.0,0.0,,,,,,,,,,,,
170,ibramep.com,https://ibramep.com,urls.xlsx,,,,,,skipped,skipped,,not_attempted,,,,,,,False,False,False,,,stage1_low_suspicion,stage1_http,stage1_low_suspicion,False,,False,False,False,True,,,fallback_top_k,Reserve Bank of India (RBI),rbi.org.in,0.0,,,0.6984,False,0,0,0,0,0,False,,False,False,False,0,0,,,0,False,stage1_low_suspicion,,,,,,,,,0.2,False,0,False,False,False,0.0,0.0,,,,,,,,,,,,
171,laoshuanliagou.bond,https://laoshuanliagou.bond,urls.xlsx,,,,,,skipped,skipped,,not_attempted,,,,,,,False,False,False,,,stage1_low_suspicion,stage1_http,stage1_low_suspicion,False,,False,False,False,True,,,fallback_top_k|generic_token_only,National Informatics Centre (NIC),cloud.gov.in,0.0,,,0.6048,False,0,0,0,0,0,False,,False,False,False,0,0,,,0,False,stage1_low_suspicion,,,,,,,,,0.3158,True,0,False,False,False,0.0,0.0,,,,,,,,,,,,
172,traverseskier.com,https://traverseskier.com,urls.xlsx,,,,,,skipped,skipped,,not_attempted,,,,,,,False,False,False,,,stage1_low_suspicion,stage1_http,stage1_low_suspicion,False,,False,False,False,True,,,fallback_top_k,Assam,assam.census.gov.in,0.0,,,0.5769,False,0,0,0,0,0,False,,False,False,False,0,0,,,0,False,stage1_low_suspicion,,,,,,,,,0.32,False,0,False,False,False,0.0,0.0,,,,,,,,,,,,
173,twentysixer.ru,https://twentysixer.ru,urls.xlsx,,,,,,skipped,skipped,,not_attempted,,,,,,,False,False,False,,,stage1_low_suspicion,stage1_http,stage1_low_suspicion,False,,False,False,False,True,,,fallback_top_k,Assam,assam.census.gov.in,0.0,,,0.5909,False,0,0,0,0,0,False,,False,False,False,0,0,,,0,False,stage1_low_suspicion,,,,,,,,,0.3529,False,0,False,False,False,0.0,0.0,,,,,,,,,,,,
174,dynamicdigitalmastery.com,https://dynamicdigitalmastery.com,urls.xlsx,,,,,,skipped,skipped,,not_attempted,,,,,,,False,False,False,,,stage1_low_suspicion,stage1_http,stage1_low_suspicion,False,,False,False,False,True,,,fallback_top_k,National Informatics Centre (NIC),nic.gov.in,0.0,,,0.7143,False,0,0,0,0,0,False,,False,False,False,0,0,,,0,False,stage1_low_suspicion,,,,,,,,,0.25,False,0,False,False,False,0.0,0.0,,,,,,,,,,,,
175,quadbottles.store,https://quadbottles.store,urls.xlsx,,,,,,skipped,skipped,,not_attempted,,,,,,,False,False,False,,,stage1_low_suspicion,stage1_http,stage1_low_suspicion,False,,False,False,False,True,,,fallback_top_k,Coal India,coalindiatenders.nic.in,0.0,,,0.596,False,0,0,0,0,0,False,,False,False,False,0,0,,,0,False,stage1_low_suspicion,,,,,,,,,0.3704,False,0,False,False,False,0.0,0.0,,,,,,,,,,,,
176,lfsidou.com,https://lfsidou.com,urls.xlsx,,,,,,skipped,skipped,,not_attempted,,,,,,,False,False,False,,,stage1_low_suspicion,stage1_http,stage1_low_suspicion,False,,False,False,False,True,,,fallback_top_k,State Bank of India (SBI),sbi.co.in,0.0,,,0.6508,False,0,0,0,0,0,False,,False,False,False,0,0,,,0,False,stage1_low_suspicion,,,,,,,,,0.4,False,0,False,False,False,0.0,0.0,,,,,,,,,,,,
177,5500betsk.com,https://5500betsk.com,urls.xlsx,,,,,,skipped,skipped,,not_attempted,,,,,,,False,False,False,,,stage1_low_suspicion,stage1_http,stage1_low_suspicion,False,,False,False,False,True,,,fallback_top_k,State Bank of India (SBI),sbisecurities.in,0.0,,,0.6538,False,0,0,0,0,0,False,,False,False,False,0,0,,,0,False,stage1_low_suspicion,,,,,,,,,0.4545,False,0,False,False,False,0.0,0.0,,,,,,,,,,,,
178,roisgloballogam.com,https://roisgloballogam.com,urls.xlsx,,,,,,skipped,skipped,,not_attempted,,,,,,,False,False,False,,,stage1_low_suspicion,stage1_http,stage1_low_suspicion,False,,False,False,False,True,,,fallback_top_k,Reserve Bank of India (RBI),rbi.org.in,0.0,,,0.6222,False,0,0,0,0,0,False,,False,False,False,0,0,,,0,False,stage1_low_suspicion,,,,,,,,,0.2222,False,0,False,False,False,0.0,0.0,,,,,,,,,,,,
179,cifibiu.pro,https://cifibiu.pro,urls.xlsx,,,,,,skipped,skipped,,not_attempted,,,,,,,False,False,False,,,stage1_low_suspicion,stage1_http,stage1_low_suspicion,False,,False,False,False,True,,,fallback_top_k,State Bank of India (SBI),sbisecurities.in,0.0,,,0.6618,False,0,0,0,0,0,False,,False,False,False,0,0,,,0,False,stage1_low_suspicion,,,,,,,,,0.3,False,0,False,False,False,0.0,0.0,,,,,,,,,,,,
180,abfquoelx.com,https://abfquoelx.com,urls.xlsx,,,,,,no_answer,filtered,dns_inactive,not_attempted,dns_gate_no_answer,no A/AAAA answers for abfquoelx.com,,,,,False,False,False,,,dns_gate_inactive,stage1_http,dns_gate_inactive,False,,False,False,False,True,,,fallback_top_k,Airtel,airtel.in,0.0,,,0.6111,False,0,0,0,0,0,False,dns_gate_inactive,False,False,False,0,0,abfquoelx.com,,0,False,dns_gate_inactive,,,,,,,,,0.4,False,0,False,False,False,0.0,0.0,,,,,,,,,,,,
181,wfbmus.org,https://wfbmus.org,urls.xlsx,,,,,,skipped,skipped,,not_attempted,,,,,,,False,False,False,,,stage1_low_suspicion,stage1_http,stage1_low_suspicion,False,,False,False,False,True,,,fallback_top_k,National Health Authority (NHA),abdm.gov.in,0.0,,,0.6111,False,0,0,0,0,0,False,,False,False,False,0,0,,,0,False,stage1_low_suspicion,,,,,,,,,0.4,False,0,False,False,False,0.0,0.0,,,,,,,,,,,,
182,edugig.xyz,https://edugig.xyz,urls.xlsx,,,,,,skipped,skipped,,not_attempted,,,,,,,False,False,False,,,stage1_low_suspicion,stage1_http,stage1_low_suspicion,False,,False,False,False,True,,,fallback_top_k,Election Commision of India (ECI),eci.gov.in,0.0,,,0.6667,False,0,0,0,0,0,False,,False,False,False,0,0,,,0,False,stage1_low_suspicion,,,,,,,,,0.4444,False,0,False,False,False,0.0,0.0,,,,,,,,,,,,
183,app-mkwangzhi.com,https://app-mkwangzhi.com,urls.xlsx,,,,,,skipped,skipped,,not_attempted,,,,,,,False,False,False,,,stage1_low_suspicion,stage1_http,stage1_low_suspicion,False,,False,False,False,True,,,fallback_top_k,Computer Age Management Services Ltd. (CAMS),camsonline.com,0.0,,,0.5692,False,0,0,0,0,0,False,,False,False,False,0,0,,,0,False,stage1_low_suspicion,,,,,,,,,0.3778,False,0,False,False,False,0.0,0.0,,,,,,,,,,,,
184,wantianzf.com,https://wantianzf.com,urls.xlsx,,,,,,skipped,skipped,,not_attempted,,,,,,,False,False,False,,,stage1_low_suspicion,stage1_http,stage1_low_suspicion,False,,False,False,False,True,,,fallback_top_k,National Informatics Centre (NIC),nic.gov.in,0.0,,,0.6296,False,0,0,0,0,0,False,,False,False,False,0,0,,,0,False,stage1_low_suspicion,,,,,,,,,0.3333,False,0,False,False,False,0.0,0.0,,,,,,,,,,,,
185,shaart.com,https://shaart.com,urls.xlsx,,,,,,skipped,skipped,,not_attempted,,,,,,,False,False,False,,,stage1_low_suspicion,stage1_http,stage1_low_suspicion,False,,False,False,False,True,,,fallback_top_k,Airtel,airtel.in,0.0,,,0.6667,False,0,0,0,0,0,False,,False,False,False,0,0,,,0,False,stage1_low_suspicion,,,,,,,,,0.5,False,0,False,False,False,0.0,0.0,,,,,,,,,,,,
186,unqvrhr60.shop,https://unqvrhr60.shop,urls.xlsx,,,,,,no_answer,filtered,dns_inactive,not_attempted,dns_gate_no_answer,no A/AAAA answers for unqvrhr60.shop,,,,,False,False,False,,,dns_gate_inactive,stage1_http,dns_gate_inactive,False,,False,False,False,True,,,fallback_top_k,Canara Bank,canararobeco.com,0.0,,,0.5926,False,0,0,0,0,0,False,dns_gate_inactive,False,False,False,0,0,unqvrhr60.shop,,0,False,dns_gate_inactive,,,,,,,,,0.381,False,0,False,False,False,0.0,0.0,,,,,,,,,,,,
187,lesfermesdespoir.fr,https://lesfermesdespoir.fr,urls.xlsx,,,,,,skipped,skipped,,not_attempted,,,,,,,False,False,False,,,stage1_low_suspicion,stage1_http,stage1_low_suspicion,False,,False,False,False,True,,,fallback_top_k,CENSUS INDIA,censusindia.gov.in,0.0,,,0.589,False,0,0,0,0,0,False,,False,False,False,0,0,,,0,False,stage1_low_suspicion,,,,,,,,,0.3704,False,0,False,False,False,0.0,0.0,,,,,,,,,,,,
188,preprod-ucimtbworldseries.com,https://preprod-ucimtbworldseries.com,urls.xlsx,,,,,,no_answer,filtered,dns_inactive,not_attempted,dns_gate_no_answer,no A/AAAA answers for preprod-ucimtbworldseries.com,,,,,False,False,False,,,dns_gate_inactive,stage1_http,dns_gate_inactive,False,,False,False,False,True,,,fallback_top_k,Election Commision of India (ECI),eci.gov.in,0.0,,,0.7067,False,0,0,0,0,0,False,dns_gate_inactive,False,False,False,0,0,preprod-ucimtbworldseries.com,,0,False,dns_gate_inactive,,,,,,,,,0.2143,False,0,False,False,False,0.0,0.0,,,,,,,,,,,,
189,inwestonauci.pl,https://inwestonauci.pl,urls.xlsx,,,,,,skipped,skipped,,not_attempted,,,,,,,False,False,False,,,stage1_low_suspicion,stage1_http,stage1_low_suspicion,False,,False,False,False,True,,,fallback_top_k,Punjab National Bank (PNB),netpnb.com,0.0,,,0.6667,False,0,0,0,0,0,False,,False,False,False,0,0,,,0,False,stage1_low_suspicion,,,,,,,,,0.4444,False,0,False,False,False,0.0,0.0,,,,,,,,,,,,
190,anptght-jp.com,https://anptght-jp.com,urls.xlsx,,,,,,skipped,skipped,,not_attempted,,,,,,,False,False,False,,,stage1_low_suspicion,stage1_http,stage1_low_suspicion,False,,False,False,False,True,,,fallback_top_k,National Health Authority (NHA),nha.gov.in,0.0,,,0.6556,False,0,0,0,0,0,False,,False,False,False,0,0,,,0,False,stage1_low_suspicion,,,,,,,,,0.3077,False,0,False,False,False,0.0,0.0,,,,,,,,,,,,
191,hometownsewickley.com,https://hometownsewickley.com,urls.xlsx,,,,,,skipped,skipped,,not_attempted,,,,,,,False,False,False,,,stage1_low_suspicion,stage1_http,stage1_low_suspicion,False,,False,False,False,True,,,fallback_top_k,State Bank of India (SBI),homeloans.sbi,0.0,,,0.8379,False,0,0,0,0,0,False,,False,False,False,0,0,,,0,False,stage1_low_suspicion,,,,,,,,,0.5385,False,0,False,False,False,0.0,0.0,,,,,,,,,,,,
192,clayhole.click,https://clayhole.click,urls.xlsx,,,,,,skipped,skipped,,not_attempted,,,,,,,False,False,False,,,stage1_low_suspicion,stage1_http,stage1_low_suspicion,False,,False,False,False,True,,,fallback_top_k,Computer Age Management Services Ltd. (CAMS),camsonline.com,0.0,,,0.7375,False,0,0,0,0,0,False,,False,False,False,0,0,,,0,False,stage1_low_suspicion,,,,,,,,,0.5556,False,0,False,False,False,0.0,0.0,,,,,,,,,,,,
193,f1blue.com,https://f1blue.com,urls.xlsx,,,,,,no_answer,filtered,dns_inactive,not_attempted,dns_gate_no_answer,no A/AAAA answers for f1blue.com,,,,,False,False,False,,,dns_gate_inactive,stage1_http,dns_gate_inactive,False,,False,False,False,True,,,fallback_top_k,HDFC Bank,hdfclife.com,0.0,,,0.625,False,0,0,0,0,0,False,dns_gate_inactive,False,False,False,0,0,f1blue.com,,0,False,dns_gate_inactive,,,,,,,,,0.4586,False,0,False,False,False,0.0,0.0,,,,,,,,,,,,
194,suesholidayhub.com,https://suesholidayhub.com,urls.xlsx,,,,,,skipped,skipped,,not_attempted,,,,,,,False,False,False,,,stage1_low_suspicion,stage1_http,stage1_low_suspicion,False,,False,False,False,True,,,fallback_top_k,"Unique Identification Authority of India (UIDAI)
",uidai.gov.in,0.0,,,0.6952,False,0,0,0,0,0,False,,False,False,False,0,0,,,0,False,stage1_low_suspicion,,,,,,,,,0.4211,False,0,False,False,False,0.0,0.0,,,,,,,,,,,,
195,jiaotongzd.com,https://jiaotongzd.com,urls.xlsx,,,,,,skipped,skipped,,not_attempted,,,,,,,False,False,False,,,stage1_low_suspicion,stage1_http,stage1_low_suspicion,False,,False,False,False,True,,,fallback_top_k,Jio,jio.com,0.0,,,0.8133,False,0,0,0,0,0,False,,False,False,False,0,0,,,0,False,stage1_low_suspicion,,,,,,,,,0.4915,False,0,False,False,False,0.0,0.0,,,,,,,,,,,,
196,soilandturfconsulting.com,https://soilandturfconsulting.com,urls.xlsx,,,,,,skipped,skipped,,not_attempted,,,,,,,False,False,False,,,stage1_low_suspicion,stage1_http,stage1_low_suspicion,False,,False,False,False,True,,,fallback_top_k,State Bank of India (SBI),sbicard.com,0.0,,,0.6587,False,0,0,0,0,0,False,,False,False,False,0,0,,,0,False,stage1_low_suspicion,,,,,,,,,0.3157,False,0,False,False,False,0.0,0.0,,,,,,,,,,,,
197,my-auth23948.com,https://my-auth23948.com,urls.xlsx,,,,,,skipped,skipped,,not_attempted,,,,,,,False,False,False,,,stage1_low_suspicion,stage1_http,stage1_low_suspicion,False,,False,False,False,True,,,fallback_top_k,Airtel,airtel.in,0.0,,,0.5833,False,0,0,0,0,0,False,,False,False,False,0,0,,,0,False,stage1_low_suspicion,,,,,,,,,0.3333,False,0,False,False,False,0.0,0.0,,,,,,,,,,,,
198,metaads.pro,https://metaads.pro,urls.xlsx,,,,,,skipped,skipped,,not_attempted,,,,,,,False,False,False,,,stage1_low_suspicion,stage1_http,stage1_low_suspicion,False,,False,False,False,True,,,fallback_top_k,Income Tax Department,incometaxindia.gov.in,0.0,,,0.6905,False,0,0,0,0,0,False,,False,False,False,0,0,,,0,False,stage1_low_suspicion,,,,,,,,,0.4762,False,0,False,False,False,0.0,0.0,,,,,,,,,,,,
199,globalbookpublication.com,https://globalbookpublication.com,urls.xlsx,,,,,,skipped,skipped,,not_attempted,,,,,,,False,False,False,,,stage1_low_suspicion,stage1_http,stage1_low_suspicion,False,,False,False,False,True,,,fallback_top_k|generic_token_only,Airtel,airtelpayments.bank.in,0.0,,,0.631,False,0,0,0,0,0,False,,False,False,False,0,0,,,0,False,stage1_low_suspicion,,,,,,,,,0.3,True,0,False,False,False,0.0,0.0,,,,,,,,,,,,
200,creditrepair-help.com,https://creditrepair-help.com,urls.xlsx,,,,,,skipped,skipped,,not_attempted,,,,,,,False,False,False,,,stage1_low_suspicion,stage1_http,stage1_low_suspicion,False,,False,False,False,True,,,fallback_top_k,Reserve Bank of India (RBI),rebit.org.in,0.0,,,0.6784,False,0,0,0,0,0,False,,False,False,False,0,0,,,0,False,stage1_low_suspicion,,,,,,,,,0.3636,False,0,False,False,False,0.0,0.0,,,,,,,,,,,,
201,ampmskincare.com,https://ampmskincare.com,urls.xlsx,,,,,,skipped,skipped,,not_attempted,,,,,,,False,False,False,,,stage1_low_suspicion,stage1_http,stage1_low_suspicion,False,,False,False,False,True,,,fallback_top_k,All India Institute of Medical Sciences (AIIMS),aiimsexams.ac.in,0.0,,,0.6444,False,0,0,0,0,0,False,,False,False,False,0,0,,,0,False,stage1_low_suspicion,,,,,,,,,0.3636,False,0,False,False,False,0.0,0.0,,,,,,,,,,,,
202,s-s-a.us,https://s-s-a.us,urls.xlsx,,,,,,skipped,skipped,,not_attempted,,,,,,,False,False,False,,,stage1_low_suspicion,stage1_http,stage1_low_suspicion,False,,False,False,False,True,,,fallback_top_k,BSE Ltd.,bsestarmf.in,0.0,,,0.6444,False,0,0,0,0,0,False,,False,False,False,0,0,,,0,False,stage1_low_suspicion,,,,,,,,,0.4286,False,0,False,False,False,0.0,0.0,,,,,,,,,,,,
203,sportrade.blog,https://sportrade.blog,urls.xlsx,,,,,,skipped,skipped,,not_attempted,,,,,,,False,False,False,,,stage1_low_suspicion,stage1_http,stage1_low_suspicion,False,,False,False,False,True,,,fallback_top_k,Canara Bank,canararobeco.com,0.0,,,0.5907,False,0,0,0,0,0,False,,False,False,False,0,0,,,0,False,stage1_low_suspicion,,,,,,,,,0.2857,False,0,False,False,False,0.0,0.0,,,,,,,,,,,,
204,brierleysovereigngroup.info,https://brierleysovereigngroup.info,urls.xlsx,,,,,,skipped,skipped,,not_attempted,,,,,,,False,False,False,,,stage1_low_suspicion,stage1_http,stage1_low_suspicion,False,,False,False,False,True,,,fallback_top_k,State Bank of India (SBI),corp.onlinesbi.sbi,0.0,,,0.6034,False,0,0,0,0,0,False,,False,False,False,0,0,,,0,False,stage1_low_suspicion,,,,,,,,,0.2778,False,0,False,False,False,0.0,0.0,,,,,,,,,,,,
205,surpriseoflifellc.com,https://surpriseoflifellc.com,urls.xlsx,,,,,,skipped,skipped,,not_attempted,,,,,,,False,False,False,,,stage1_low_suspicion,stage1_http,stage1_low_suspicion,False,,False,False,False,True,,,fallback_top_k,Indian Oil Corporation Limited (IOCL),iocl.com,0.0,,,0.6422,False,0,0,0,0,0,False,,False,False,False,0,0,,,0,False,stage1_low_suspicion,,,,,,,,,0.3157,False,0,False,False,False,0.0,0.0,,,,,,,,,,,,
206,aetyk.cc,https://aetyk.cc,urls.xlsx,,,,,,skipped,skipped,,not_attempted,,,,,,,False,False,False,,,stage1_low_suspicion,stage1_http,stage1_low_suspicion,False,,False,False,False,True,,,fallback_top_k|generic_token_only,Airtel,airtelpayments.bank.in,0.0,,,0.6333,False,0,0,0,0,0,False,,False,False,False,0,0,,,0,False,stage1_low_suspicion,,,,,,,,,0.4444,True,0,False,False,False,0.0,0.0,,,,,,,,,,,,
207,outlandscodex.ai,https://outlandscodex.ai,urls.xlsx,,,,,,skipped,skipped,,not_attempted,,,,,,,False,False,False,,,stage1_low_suspicion,stage1_http,stage1_low_suspicion,False,,False,False,False,True,,,fallback_top_k,Income Tax Department,contents.tdscpc.gov.in,0.0,,,0.6581,False,0,0,0,0,0,False,,False,False,False,0,0,,,0,False,stage1_low_suspicion,,,,,,,,,0.4286,False,0,False,False,False,0.0,0.0,,,,,,,,,,,,
208,kycedeoni.autos,https://kycedeoni.autos,urls.xlsx,,,,,,skipped,skipped,,not_attempted,,,,,,,False,False,False,,,stage1_low_suspicion,stage1_http,stage1_low_suspicion,False,,False,False,False,True,,,fallback_top_k,CENSUS INDIA,censusindia.gov.in,0.0,,,0.6034,False,0,0,0,0,0,False,,False,False,False,0,0,,,0,False,stage1_low_suspicion,,,,,,,,,0.4,False,0,False,False,False,0.0,0.0,,,,,,,,,,,,
209,o3zxth.top,https://o3zxth.top,urls.xlsx,,,,,,skipped,skipped,,not_attempted,,,,,,,False,False,False,,,stage1_low_suspicion,stage1_http,stage1_low_suspicion,False,,False,False,False,True,,,fallback_top_k,Reserve Bank of India (RBI),rebit.org.in,0.0,,,0.5778,False,0,0,0,0,0,False,,False,False,False,0,0,,,0,False,stage1_low_suspicion,,,,,,,,,0.3636,False,0,False,False,False,0.0,0.0,,,,,,,,,,,,
210,suaconsulta2026.online,https://suaconsulta2026.online,urls.xlsx,,,,,,no_answer,filtered,dns_inactive,not_attempted,dns_gate_no_answer,no A/AAAA answers for suaconsulta2026.online,,,,,False,False,False,,,dns_gate_inactive,stage1_http,dns_gate_inactive,False,,False,False,False,True,,,fallback_top_k,Bharat Sanchar Nigam Limited (BSNL),bsnl.co.in,0.0,,,0.65,False,0,0,0,0,0,False,dns_gate_inactive,False,False,False,0,0,suaconsulta2026.online,,0,False,dns_gate_inactive,,,,,,,,,0.3158,False,0,False,False,False,0.0,0.0,,,,,,,,,,,,
211,commerium.co.uk,https://commerium.co.uk,urls.xlsx,,,,,,skipped,skipped,,not_attempted,,,,,,,False,False,False,,,stage1_low_suspicion,stage1_http,stage1_low_suspicion,False,,False,False,False,True,,,fallback_top_k,"Civil Registration System, MHA (RGCCI)",crsorgi.gov.in,0.0,,,0.672,False,0,0,0,0,0,False,,False,False,False,0,0,,,0,False,stage1_low_suspicion,,,,,,,,,0.5,False,0,False,False,False,0.0,0.0,,,,,,,,,,,,
212,outergood.ru,https://outergood.ru,urls.xlsx,,,,,,skipped,skipped,,not_attempted,,,,,,,False,False,False,,,stage1_low_suspicion,stage1_http,stage1_low_suspicion,False,,False,False,False,True,,,fallback_top_k,Bank of Baroda,onlinecasa.bankofbaroda.com,0.0,,,0.5926,False,0,0,0,0,0,False,,False,False,False,0,0,,,0,False,stage1_low_suspicion,,,,,,,,,0.381,False,0,False,False,False,0.0,0.0,,,,,,,,,,,,
213,graniteindustriesinc.com,https://graniteindustriesinc.com,urls.xlsx,,,,,,no_answer,filtered,dns_inactive,not_attempted,dns_gate_no_answer,no A/AAAA answers for graniteindustriesinc.com,,,,,False,False,False,,,dns_gate_inactive,stage1_http,dns_gate_inactive,False,,False,False,False,True,,,fallback_top_k,Air India,airindiaexpress.com,0.0,,,0.6889,False,0,0,0,0,0,False,dns_gate_inactive,False,False,False,0,0,graniteindustriesinc.com,,0,False,dns_gate_inactive,,,,,,,,,0.4871,False,0,False,False,False,0.0,0.0,,,,,,,,,,,,
214,thelocksmithcrew.com,https://thelocksmithcrew.com,urls.xlsx,,,,,,skipped,skipped,,not_attempted,,,,,,,False,False,False,,,stage1_low_suspicion,stage1_http,stage1_low_suspicion,False,,False,False,False,True,,,fallback_top_k,Election Commision of India (ECI),eci.gov.in,0.0,,,0.7292,False,0,0,0,0,0,False,,False,False,False,0,0,,,0,False,stage1_low_suspicion,,,,,,,,,0.3158,False,0,False,False,False,0.0,0.0,,,,,,,,,,,,
215,avbyfpho.shop,https://avbyfpho.shop,urls.xlsx,,,,,,skipped,skipped,,not_attempted,,,,,,,False,False,False,,,stage1_low_suspicion,stage1_http,stage1_low_suspicion,False,,False,False,False,True,,,fallback_top_k,National Health Authority (NHA),abdm.gov.in,0.0,,,0.5833,False,0,0,0,0,0,False,,False,False,False,0,0,,,0,False,stage1_low_suspicion,,,,,,,,,0.3333,False,0,False,False,False,0.0,0.0,,,,,,,,,,,,
216,elit-stomatolog.ru,https://elit-stomatolog.ru,urls.xlsx,,,,,,skipped,skipped,,not_attempted,,,,,,,False,False,False,,,stage1_low_suspicion,stage1_http,stage1_low_suspicion,False,,False,False,False,True,,,fallback_top_k,State Bank of India (SBI),homeloans.sbi,0.0,,,0.6053,False,0,0,0,0,0,False,,False,False,False,0,0,,,0,False,stage1_low_suspicion,,,,,,,,,0.3333,False,0,False,False,False,0.0,0.0,,,,,,,,,,,,
217,chillcollege.com,https://chillcollege.com,urls.xlsx,,,,,,skipped,skipped,,not_attempted,,,,,,,False,False,False,,,stage1_low_suspicion,stage1_http,stage1_low_suspicion,False,,False,False,False,True,,,fallback_top_k|generic_token_only,National Informatics Centre (NIC),cloud.gov.in,0.0,,,0.6167,False,0,0,0,0,0,False,,False,False,False,0,0,,,0,False,stage1_low_suspicion,,,,,,,,,0.3529,True,0,False,False,False,0.0,0.0,,,,,,,,,,,,
218,bluewaterpoolsusa.com,https://bluewaterpoolsusa.com,urls.xlsx,,,,,,skipped,skipped,,not_attempted,,,,,,,False,False,False,,,stage1_low_suspicion,stage1_http,stage1_low_suspicion,False,,False,False,False,True,,,fallback_top_k,Airtel,airtel.in,0.0,,,0.5758,False,0,0,0,0,0,False,,False,False,False,0,0,,,0,False,stage1_low_suspicion,,,,,,,,,0.3478,False,0,False,False,False,0.0,0.0,,,,,,,,,,,,
219,abx5n1n7.cc,https://abx5n1n7.cc,urls.xlsx,,,,,,skipped,skipped,,not_attempted,,,,,,,False,False,False,,,stage1_low_suspicion,stage1_http,stage1_low_suspicion,False,,False,False,False,True,,,fallback_top_k,Bharat Sanchar Nigam Limited (BSNL),bsnl.co.in,0.0,,,0.8333,False,0,0,0,0,0,False,,False,False,False,0,0,,,0,False,stage1_low_suspicion,,,,,,,,,0.6667,False,0,False,False,False,0.0,0.0,,,,,,,,,,,,
220,lml2vipaff05.cc,https://lml2vipaff05.cc,urls.xlsx,,,,,,skipped,skipped,,not_attempted,,,,,,,False,False,False,,,stage1_low_suspicion,stage1_http,stage1_low_suspicion,False,,False,False,False,True,,,fallback_top_k,Vodafone Idea (VI),myvi.in,0.0,,,0.6667,False,0,0,0,0,0,False,,False,False,False,0,0,,,0,False,stage1_low_suspicion,,,,,,,,,0.375,False,0,False,False,False,0.0,0.0,,,,,,,,,,,,
221,bramclaw.my.id,https://bramclaw.my.id,urls.xlsx,,,,,,skipped,skipped,,not_attempted,,,,,,,False,False,False,,,stage1_low_suspicion,stage1_http,stage1_low_suspicion,False,,False,False,False,True,,,fallback_top_k,National Health Authority (NHA),abdm.gov.in,0.0,,,0.5972,False,0,0,0,0,0,False,,False,False,False,0,0,,,0,False,stage1_low_suspicion,,,,,,,,,0.3333,False,0,False,False,False,0.0,0.0,,,,,,,,,,,,
222,wildlayers.com,https://wildlayers.com,urls.xlsx,,,,,,skipped,skipped,,not_attempted,,,,,,,False,False,False,,,stage1_low_suspicion,stage1_http,stage1_low_suspicion,False,,False,False,False,True,,,fallback_top_k,Coal India,coalindiatenders.nic.in,0.0,,,0.6649,False,0,0,0,0,0,False,,False,False,False,0,0,,,0,False,stage1_low_suspicion,,,,,,,,,0.4615,False,0,False,False,False,0.0,0.0,,,,,,,,,,,,
223,rosastoneeg.com,https://rosastoneeg.com,urls.xlsx,,,,,,no_answer,filtered,dns_inactive,not_attempted,dns_gate_no_answer,no A/AAAA answers for rosastoneeg.com,,,,,False,False,False,,,dns_gate_inactive,stage1_http,dns_gate_inactive,False,,False,False,False,True,,,fallback_top_k,Airtel,airtel.in,0.0,,,0.5934,False,0,0,0,0,0,False,dns_gate_inactive,False,False,False,0,0,rosastoneeg.com,,0,False,dns_gate_inactive,,,,,,,,,0.3529,False,0,False,False,False,0.0,0.0,,,,,,,,,,,,
224,ezbrd.co,https://ezbrd.co,urls.xlsx,,,,,,skipped,skipped,,not_attempted,,,,,,,False,False,False,,,stage1_low_suspicion,stage1_http,stage1_low_suspicion,False,,False,False,False,True,,,fallback_top_k,State Bank of India (SBI),sbicard.com,0.0,,,0.6762,False,0,0,0,0,0,False,,False,False,False,0,0,,,0,False,stage1_low_suspicion,,,,,,,,,0.5,False,0,False,False,False,0.0,0.0,,,,,,,,,,,,
225,connect2people360x.info,https://connect2people360x.info,urls.xlsx,,,,,,skipped,skipped,,not_attempted,,,,,,,False,False,False,,,stage1_low_suspicion,stage1_http,stage1_low_suspicion,False,,False,False,False,True,,,fallback_top_k,Computer Age Management Services Ltd. (CAMS),camsonline.com,0.0,,,0.5889,False,0,0,0,0,0,False,,False,False,False,0,0,,,0,False,stage1_low_suspicion,,,,,,,,,0.3571,False,0,False,False,False,0.0,0.0,,,,,,,,,,,,
226,mis4624.cc,https://mis4624.cc,urls.xlsx,,,,,,no_answer,filtered,dns_inactive,not_attempted,dns_gate_no_answer,no A/AAAA answers for mis4624.cc,,,,,False,False,False,,,dns_gate_inactive,stage1_http,dns_gate_inactive,False,,False,False,False,True,,,fallback_top_k|generic_token_only,National Informatics Centre (NIC),kavach.mail.gov.in,0.0,,,0.5952,False,0,0,0,0,0,False,dns_gate_inactive,False,False,False,0,0,mis4624.cc,,0,False,dns_gate_inactive,,,,,,,,,0.3636,True,0,False,False,False,0.0,0.0,,,,,,,,,,,,
227,ncbackyardbouncers.com,https://ncbackyardbouncers.com,urls.xlsx,,,,,,skipped,skipped,,not_attempted,,,,,,,False,False,False,,,stage1_low_suspicion,stage1_http,stage1_low_suspicion,False,,False,False,False,True,,,fallback_top_k|generic_token_only,Airtel,airtelpayments.bank.in,0.0,,,0.6574,False,0,0,0,0,0,False,,False,False,False,0,0,,,0,False,stage1_low_suspicion,,,,,,,,,0.2727,True,0,False,False,False,0.0,0.0,,,,,,,,,,,,
228,daisyfrost.com,https://daisyfrost.com,urls.xlsx,,,,,,skipped,skipped,,not_attempted,,,,,,,False,False,False,,,stage1_low_suspicion,stage1_http,stage1_low_suspicion,False,,False,False,False,True,,,fallback_top_k,Axis Bank,axismf.com,0.0,,,0.6889,False,0,0,0,0,0,False,,False,False,False,0,0,,,0,False,stage1_low_suspicion,,,,,,,,,0.53,False,0,False,False,False,0.0,0.0,,,,,,,,,,,,
229,freedomroadfinancialdealerhub.com,https://freedomroadfinancialdealerhub.com,urls.xlsx,,,,,,skipped,skipped,,not_attempted,,,,,,,False,False,False,,,stage1_low_suspicion,stage1_http,stage1_low_suspicion,False,,False,False,False,True,,,fallback_top_k|generic_token_only,National Informatics Centre (NIC),kavach.mail.gov.in,0.0,,,0.6178,False,0,0,0,0,0,False,,False,False,False,0,0,,,0,False,stage1_low_suspicion,,,,,,,,,0.25,True,0,False,False,False,0.0,0.0,,,,,,,,,,,,
230,di9rke.top,https://di9rke.top,urls.xlsx,,,,,,skipped,skipped,,not_attempted,,,,,,,False,False,False,,,stage1_low_suspicion,stage1_http,stage1_low_suspicion,False,,False,False,False,True,,,fallback_top_k,Airtel,airtel.in,0.0,,,0.6667,False,0,0,0,0,0,False,,False,False,False,0,0,,,0,False,stage1_low_suspicion,,,,,,,,,0.5,False,0,False,False,False,0.0,0.0,,,,,,,,,,,,
231,flydownloads.space,https://flydownloads.space,urls.xlsx,,,,,,skipped,skipped,,not_attempted,,,,,,,False,False,False,,,stage1_low_suspicion,stage1_http,stage1_low_suspicion,False,,False,False,False,True,,,fallback_top_k,State Bank of India (SBI),homeloans.sbi,0.0,,,0.6111,False,0,0,0,0,0,False,,False,False,False,0,0,,,0,False,stage1_low_suspicion,,,,,,,,,0.4762,False,0,False,False,False,0.0,0.0,,,,,,,,,,,,
232,sweetcookii.com,https://sweetcookii.com,urls.xlsx,,,,,,skipped,skipped,,not_attempted,,,,,,,False,False,False,,,stage1_low_suspicion,stage1_http,stage1_low_suspicion,False,,False,False,False,True,,,fallback_top_k,Election Commision of India (ECI),eci.gov.in,0.0,,,0.6162,False,0,0,0,0,0,False,,False,False,False,0,0,,,0,False,stage1_low_suspicion,,,,,,,,,0.4286,False,0,False,False,False,0.0,0.0,,,,,,,,,,,,
233,phoenixwanderlust.in,https://phoenixwanderlust.in,urls.xlsx,,,,,,skipped,skipped,,not_attempted,,,,,,,False,False,False,,,stage1_low_suspicion,stage1_http,stage1_low_suspicion,False,,False,False,False,True,,,fallback_top_k,Punjab National Bank (PNB),pnbindia.in,0.0,,,0.6454,False,0,0,0,0,0,False,,False,False,False,0,0,,,0,False,stage1_low_suspicion,,,,,,,,,0.43,False,0,False,False,False,0.0,0.0,,,,,,,,,,,,
234,coastalcounselingcenter.org,https://coastalcounselingcenter.org,urls.xlsx,,,,,,no_answer,filtered,dns_inactive,not_attempted,dns_gate_no_answer,no A/AAAA answers for coastalcounselingcenter.org,,,,,False,False,False,,,dns_gate_inactive,stage1_http,dns_gate_inactive,False,,False,False,False,True,,,fallback_top_k,Coal India,coalindiatenders.nic.in,0.0,,,0.69,False,0,0,0,0,0,False,dns_gate_inactive,False,False,False,0,0,coastalcounselingcenter.org,,0,False,dns_gate_inactive,,,,,,,,,0.5128,False,0,False,False,False,0.0,0.0,,,,,,,,,,,,
235,pulsefck.store,https://pulsefck.store,urls.xlsx,,,,,,skipped,skipped,,not_attempted,,,,,,,False,False,False,,,stage1_low_suspicion,stage1_http,stage1_low_suspicion,False,,False,False,False,True,,,fallback_top_k,HDFC Bank,netbanking.hdfcbank.com,0.0,,,0.5833,False,0,0,0,0,0,False,,False,False,False,0,0,,,0,False,stage1_low_suspicion,,,,,,,,,0.375,False,0,False,False,False,0.0,0.0,,,,,,,,,,,,
236,oliveandjunes.store,https://oliveandjunes.store,urls.xlsx,,,,,,skipped,skipped,,not_attempted,,,,,,,False,False,False,,,stage1_low_suspicion,stage1_http,stage1_low_suspicion,False,,False,False,False,True,,,fallback_top_k,Coal India,coalindiatenders.nic.in,0.0,,,0.6981,False,0,0,0,0,0,False,,False,False,False,0,0,,,0,False,stage1_low_suspicion,,,,,,,,,0.5517,False,0,False,False,False,0.0,0.0,,,,,,,,,,,,
