input_position,input_url,normalized_url,source_workbook,raw_url,hashed_at_utc,target_url_sha256,hash_mode,domain,dns_status,dns_decision,fetch_status,visual_status,fetch_error_type,fetch_error_detail,final_landing_url,parking_provider,parking_reason,placeholder_or_parking_reason,admitted,admitted_to_holdout,kept_for_review_only,review_only_reason,survival_path,drop_path,exclusion_stage,reason,old_fuzzy_hit,old_fuzzy_cse,hybrid_lexical_hit,strict_lexical_hit,lexical_score_pass,fallback_rank_only,admission_reason,admission_path,candidate_generation_reason,best_entity,best_matching_domain,best_score,score_margin,confidence_band,lexical_score,lexical_hit,brand_score,credential_score,infra_score,evasion_score,total_stage1_score,hard_trigger_hit,stage1_reasons,page_has_password_field,page_has_login_form,form_action_mismatch,csc_mention_count,redirect_count,final_domain,favicon_domain,html_bytes_read,escalate_to_hashing,escalate_reason,favicon_hash_similarity,favicon_hash_distance,page_hash_similarity,page_hash_distance,domain_hash_similarity,domain_hash_distance,ssl_hash_similarity,ssl_hash_distance,typo_similarity,generic_token_only_match,direct_brand_evidence_count,deceptive_host_embedding,content_spoof_strong,stage1_passthrough,domain_component,hash_component,hash_anchor,review_reason,screenshot_path,favicon_hash_raw,ssl_hash_raw,html_hash_raw,page_hash_raw,domain_hash_raw,signal_hit_favicon,signal_hit_ssl_hash,signal_hit_html_hash,signal_hit_domain_hash
1,domain,https://domain,urls.xlsx,,,,,,skipped,skipped,,not_attempted,,,,,,,False,False,False,,,generic_token_only_lexical_rejected,lexical_gate,generic_token_only_lexical_rejected,False,,False,False,False,True,,,fallback_top_k|generic_token_only,National Informatics Centre (NIC),kavach.mail.gov.in,0.0,,,0.75,False,0,0,0,0,0,False,,False,False,False,0,0,,,0,False,stage1_low_suspicion,,,,,,,,,0.6,True,0,False,False,False,0.0,0.0,,,,,,,,,,,,
2,jardines10.com,https://jardines10.com,urls.xlsx,,,,,,skipped,skipped,,not_attempted,,,,,,,False,False,False,,,lexical_prefilter_rejected,lexical_gate,lexical_prefilter_rejected,False,,False,False,False,True,,,fallback_top_k,Airtel,airtel.in,0.0,,,0.7111,False,0,0,0,0,0,False,,False,False,False,0,0,,,0,False,stage1_low_suspicion,,,,,,,,,0.5,False,0,False,False,False,0.0,0.0,,,,,,,,,,,,
3,connectionsarchive.net,https://connectionsarchive.net,urls.xlsx,,,,,,skipped,skipped,,not_attempted,,,,,,,False,False,False,,,lexical_prefilter_rejected,lexical_gate,lexical_prefilter_rejected,False,,False,False,False,True,,,fallback_top_k,Coal India,coalindiatenders.nic.in,0.0,,,0.6944,False,0,0,0,0,0,False,,False,False,False,0,0,,,0,False,stage1_low_suspicion,,,,,,,,,0.3529,False,0,False,False,False,0.0,0.0,,,,,,,,,,,,
4,web365daftar.com,https://web365daftar.com,urls.xlsx,,,,,,skipped,skipped,,not_attempted,,,,,,,False,False,False,,,lexical_prefilter_rejected,lexical_gate,lexical_prefilter_rejected,False,,False,False,False,True,,,fallback_top_k,BSE Ltd.,bsestarmf.in,0.0,,,0.6442,False,0,0,0,0,0,False,,False,False,False,0,0,,,0,False,stage1_low_suspicion,,,,,,,,,0.5714,False,0,False,False,False,0.0,0.0,,,,,,,,,,,,
5,conciergerie-niort.fr,https://conciergerie-niort.fr,urls.xlsx,,,,,,skipped,skipped,,not_attempted,,,,,,,False,False,False,,,lexical_prefilter_rejected,lexical_gate,lexical_prefilter_rejected,False,,False,False,False,True,,,fallback_top_k,"Civil Registration System, MHA (RGCCI)",crsorgi.gov.in,0.0,,,0.6746,False,0,0,0,0,0,False,,False,False,False,0,0,,,0,False,stage1_low_suspicion,,,,,,,,,0.4,False,0,False,False,False,0.0,0.0,,,,,,,,,,,,
6,nmjiaojinginc.shop,https://nmjiaojinginc.shop,urls.xlsx,,,,,,skipped,skipped,,not_attempted,,,,,,,False,False,False,,,lexical_prefilter_rejected,lexical_gate,lexical_prefilter_rejected,False,,False,False,False,True,,,fallback_top_k,Jio,jio.com,0.0,,,0.7436,False,0,0,0,0,0,False,,False,False,False,0,0,,,0,False,stage1_low_suspicion,,,,,,,,,0.375,False,0,False,False,False,0.0,0.0,,,,,,,,,,,,
7,ventajp.com,https://ventajp.com,urls.xlsx,,,,,,skipped,skipped,,not_attempted,,,,,,,False,False,False,,,lexical_prefilter_rejected,lexical_gate,lexical_prefilter_rejected,False,,False,False,False,True,,,fallback_top_k,National Health Authority (NHA),nha.gov.in,0.0,,,0.6508,False,0,0,0,0,0,False,,False,False,False,0,0,,,0,False,stage1_low_suspicion,,,,,,,,,0.4,False,0,False,False,False,0.0,0.0,,,,,,,,,,,,
8,snackduel.com,https://snackduel.com,urls.xlsx,,,,,,skipped,skipped,,not_attempted,,,,,,,False,False,False,,,lexical_prefilter_rejected,lexical_gate,lexical_prefilter_rejected,False,,False,False,False,True,,,fallback_top_k,National Health Authority (NHA),nha.gov.in,0.0,,,0.6296,False,0,0,0,0,0,False,,False,False,False,0,0,,,0,False,stage1_low_suspicion,,,,,,,,,0.3333,False,0,False,False,False,0.0,0.0,,,,,,,,,,,,
9,calmplatewindow.club,https://calmplatewindow.club,urls.xlsx,,,,,,skipped,skipped,,not_attempted,,,,,,,False,False,False,,,lexical_prefilter_rejected,lexical_gate,lexical_prefilter_rejected,False,,False,False,False,True,,,fallback_top_k,Income Tax Department,incometaxindia.gov.in,0.0,,,0.6599,False,0,0,0,0,0,False,,False,False,False,0,0,,,0,False,stage1_low_suspicion,,,,,,,,,0.4138,False,0,False,False,False,0.0,0.0,,,,,,,,,,,,
10,tuterrenoenchile.cl,https://tuterrenoenchile.cl,urls.xlsx,,,,,,skipped,skipped,,not_attempted,,,,,,,False,False,False,,,lexical_prefilter_rejected,lexical_gate,lexical_prefilter_rejected,False,,False,False,False,True,,,fallback_top_k,Indian Railway Catering and Tourism Corporation (IRCTC),irctctourism.com,0.0,,,0.5972,False,0,0,0,0,0,False,,False,False,False,0,0,,,0,False,stage1_low_suspicion,,,,,,,,,0.2857,False,0,False,False,False,0.0,0.0,,,,,,,,,,,,
11,pumirpkin.live,https://pumirpkin.live,urls.xlsx,,,,,,skipped,skipped,,not_attempted,,,,,,,False,False,False,,,lexical_prefilter_rejected,lexical_gate,lexical_prefilter_rejected,False,,False,False,False,True,,,fallback_top_k,"Unique Identification Authority of India (UIDAI)
",uidai.gov.in,0.0,,,0.6444,False,0,0,0,0,0,False,,False,False,False,0,0,,,0,False,stage1_low_suspicion,,,,,,,,,0.4286,False,0,False,False,False,0.0,0.0,,,,,,,,,,,,
12,exerciseok.com,https://exerciseok.com,urls.xlsx,,,,,,skipped,skipped,,not_attempted,,,,,,,False,False,False,,,lexical_prefilter_rejected,lexical_gate,lexical_prefilter_rejected,False,,False,False,False,True,,,fallback_top_k,Election Commision of India (ECI),eci.gov.in,0.0,,,0.79,False,0,0,0,0,0,False,,False,False,False,0,0,,,0,False,stage1_low_suspicion,,,,,,,,,0.4615,False,0,False,False,False,0.0,0.0,,,,,,,,,,,,
13,parquebatweania.com,https://parquebatweania.com,urls.xlsx,,,,,,skipped,skipped,,not_attempted,,,,,,,False,False,False,,,lexical_prefilter_rejected,lexical_gate,lexical_prefilter_rejected,False,,False,False,False,True,,,fallback_top_k,parivahan sewa,parivahan.gov.in,0.0,,,0.6889,False,0,0,0,0,0,False,,False,False,False,0,0,,,0,False,stage1_low_suspicion,,,,,,,,,0.5,False,0,False,False,False,0.0,0.0,,,,,,,,,,,,
14,tutu-and-tiaras.com,https://tutu-and-tiaras.com,urls.xlsx,,,,,,skipped,skipped,,not_attempted,,,,,,,False,False,False,,,lexical_prefilter_rejected,lexical_gate,lexical_prefilter_rejected,False,,False,False,False,True,,,fallback_top_k,Air India,airindiaexpress.com,0.0,,,0.6444,False,0,0,0,0,0,False,,False,False,False,0,0,,,0,False,stage1_low_suspicion,,,,,,,,,0.4967,False,0,False,False,False,0.0,0.0,,,,,,,,,,,,
15,prototanya.org,https://prototanya.org,urls.xlsx,,,,,,skipped,skipped,,not_attempted,,,,,,,False,False,False,,,lexical_prefilter_rejected,lexical_gate,lexical_prefilter_rejected,False,,False,False,False,True,,,fallback_top_k,parivahan sewa,parivahan.gov.in,0.0,,,0.6185,False,0,0,0,0,0,False,,False,False,False,0,0,,,0,False,stage1_low_suspicion,,,,,,,,,0.4211,False,0,False,False,False,0.0,0.0,,,,,,,,,,,,
16,beton888bonuuz30rb.cyou,https://beton888bonuuz30rb.cyou,urls.xlsx,,,,,,skipped,skipped,,not_attempted,,,,,,,False,False,False,,,lexical_prefilter_rejected,lexical_gate,lexical_prefilter_rejected,False,,False,False,False,True,,,fallback_top_k,Punjab National Bank (PNB),netpnb.com,0.0,,,0.637,False,0,0,0,0,0,False,,False,False,False,0,0,,,0,False,stage1_low_suspicion,,,,,,,,,0.3333,False,0,False,False,False,0.0,0.0,,,,,,,,,,,,
17,creationorder.net,https://creationorder.net,urls.xlsx,,,,,,skipped,skipped,,not_attempted,,,,,,,False,False,False,,,lexical_prefilter_rejected,lexical_gate,lexical_prefilter_rejected,False,,False,False,False,True,,,fallback_top_k,Coal India,coalindiatenders.nic.in,0.0,,,0.6405,False,0,0,0,0,0,False,,False,False,False,0,0,,,0,False,stage1_low_suspicion,,,,,,,,,0.4828,False,0,False,False,False,0.0,0.0,,,,,,,,,,,,
18,bazarcentofiori.com,https://bazarcentofiori.com,urls.xlsx,,,,,,skipped,skipped,,not_attempted,,,,,,,False,False,False,,,generic_token_only_lexical_rejected,lexical_gate,generic_token_only_lexical_rejected,False,,False,False,False,True,,,fallback_top_k|generic_token_only,Airtel,airtelpayments.bank.in,0.0,,,0.65,False,0,0,0,0,0,False,,False,False,False,0,0,,,0,False,stage1_low_suspicion,,,,,,,,,0.3158,True,0,False,False,False,0.0,0.0,,,,,,,,,,,,
19,hgi5z6n1d.vip,https://hgi5z6n1d.vip,urls.xlsx,,,,,,skipped,skipped,,not_attempted,,,,,,,False,False,False,,,lexical_prefilter_rejected,lexical_gate,lexical_prefilter_rejected,False,,False,False,False,True,,,fallback_top_k,HDFC Bank,hdfcfund.com,0.0,,,0.5694,False,0,0,0,0,0,False,,False,False,False,0,0,,,0,False,stage1_low_suspicion,,,,,,,,,0.3529,False,0,False,False,False,0.0,0.0,,,,,,,,,,,,
20,socioone.com,https://socioone.com,urls.xlsx,,,,,,skipped,skipped,,not_attempted,,,,,,,False,False,False,,,lexical_prefilter_rejected,lexical_gate,lexical_prefilter_rejected,False,,False,False,False,True,,,fallback_top_k,Computer Age Management Services Ltd. (CAMS),camsonline.com,0.0,,,0.6722,False,0,0,0,0,0,False,,False,False,False,0,0,,,0,False,stage1_low_suspicion,,,,,,,,,0.5856,False,0,False,False,False,0.0,0.0,,,,,,,,,,,,
21,greenbeangirltrainingtutoring.com,https://greenbeangirltrainingtutoring.com,urls.xlsx,,,,,,skipped,skipped,,not_attempted,,,,,,,False,False,False,,,lexical_prefilter_rejected,lexical_gate,lexical_prefilter_rejected,False,,False,False,False,True,,,fallback_top_k,Reserve Bank of India (RBI),rbi.org.in,0.0,,,0.7011,False,0,0,0,0,0,False,,False,False,False,0,0,,,0,False,stage1_low_suspicion,,,,,,,,,0.1875,False,0,False,False,False,0.0,0.0,,,,,,,,,,,,
22,crplasticos.com.br,https://crplasticos.com.br,urls.xlsx,,,,,,skipped,skipped,,not_attempted,,,,,,,False,False,False,,,lexical_prefilter_rejected,lexical_gate,lexical_prefilter_rejected,False,,False,False,False,True,,,fallback_top_k,"Civil Registration System, MHA (RGCCI)",crsorgi.gov.in,0.0,,,0.645,False,0,0,0,0,0,False,,False,False,False,0,0,,,0,False,stage1_low_suspicion,,,,,,,,,0.4444,False,0,False,False,False,0.0,0.0,,,,,,,,,,,,
23,tnkproject.com,https://tnkproject.com,urls.xlsx,,,,,,skipped,skipped,,not_attempted,,,,,,,False,False,False,,,lexical_prefilter_rejected,lexical_gate,lexical_prefilter_rejected,False,,False,False,False,True,,,fallback_top_k,Kfintech,kfintech.com,0.0,,,0.6417,False,0,0,0,0,0,False,,False,False,False,0,0,,,0,False,stage1_low_suspicion,,,,,,,,,0.3633,False,0,False,False,False,0.0,0.0,,,,,,,,,,,,
24,landscapebyvera.com,https://landscapebyvera.com,urls.xlsx,,,,,,skipped,skipped,,not_attempted,,,,,,,False,False,False,,,lexical_prefilter_rejected,lexical_gate,lexical_prefilter_rejected,False,,False,False,False,True,,,fallback_top_k,Coal India,coalindiatenders.nic.in,0.0,,,0.6468,False,0,0,0,0,0,False,,False,False,False,0,0,,,0,False,stage1_low_suspicion,,,,,,,,,0.4516,False,0,False,False,False,0.0,0.0,,,,,,,,,,,,
25,fresna.online,https://fresna.online,urls.xlsx,,,,,,skipped,skipped,,not_attempted,,,,,,,False,False,False,,,lexical_prefilter_rejected,lexical_gate,lexical_prefilter_rejected,False,,False,False,False,True,,,fallback_top_k,BSE Ltd.,bseindia.com,0.0,,,0.6389,False,0,0,0,0,0,False,,False,False,False,0,0,,,0,False,stage1_low_suspicion,,,,,,,,,0.4286,False,0,False,False,False,0.0,0.0,,,,,,,,,,,,
26,zh-ptgaming.com,https://zh-ptgaming.com,urls.xlsx,,,,,,skipped,skipped,,not_attempted,,,,,,,False,False,False,,,lexical_prefilter_rejected,lexical_gate,lexical_prefilter_rejected,False,,False,False,False,True,,,fallback_top_k,National Health Authority (NHA),nha.gov.in,0.0,,,0.6162,False,0,0,0,0,0,False,,False,False,False,0,0,,,0,False,stage1_low_suspicion,,,,,,,,,0.2857,False,0,False,False,False,0.0,0.0,,,,,,,,,,,,
27,emon793hoky.online,https://emon793hoky.online,urls.xlsx,,,,,,skipped,skipped,,not_attempted,,,,,,,False,False,False,,,lexical_prefilter_rejected,lexical_gate,lexical_prefilter_rejected,False,,False,False,False,True,,,fallback_top_k,Kfintech,kfintech.com,0.0,,,0.6212,False,0,0,0,0,0,False,,False,False,False,0,0,,,0,False,stage1_low_suspicion,,,,,,,,,0.4211,False,0,False,False,False,0.0,0.0,,,,,,,,,,,,
28,udbijaayurveda.com,https://udbijaayurveda.com,urls.xlsx,,,,,,skipped,skipped,,not_attempted,,,,,,,False,False,False,,,lexical_prefilter_rejected,lexical_gate,lexical_prefilter_rejected,False,,False,False,False,True,,,fallback_top_k,Bank of Baroda,onlinecasa.bankofbaroda.com,0.0,,,0.6429,False,0,0,0,0,0,False,,False,False,False,0,0,,,0,False,stage1_low_suspicion,,,,,,,,,0.4915,False,0,False,False,False,0.0,0.0,,,,,,,,,,,,
29,pornmega18.xyz,https://pornmega18.xyz,urls.xlsx,,,,,,skipped,skipped,,not_attempted,,,,,,,False,False,False,,,lexical_prefilter_rejected,lexical_gate,lexical_prefilter_rejected,False,,False,False,False,True,,,fallback_top_k,State Bank of India (SBI),homeloans.sbi,0.0,,,0.6444,False,0,0,0,0,0,False,,False,False,False,0,0,,,0,False,stage1_low_suspicion,,,,,,,,,0.4211,False,0,False,False,False,0.0,0.0,,,,,,,,,,,,
30,easy-sponso.com,https://easy-sponso.com,urls.xlsx,,,,,,skipped,skipped,,not_attempted,,,,,,,False,False,False,,,lexical_prefilter_rejected,lexical_gate,lexical_prefilter_rejected,False,,False,False,False,True,,,fallback_top_k,Punjab National Bank (PNB),netpnb.com,0.0,,,0.5909,False,0,0,0,0,0,False,,False,False,False,0,0,,,0,False,stage1_low_suspicion,,,,,,,,,0.3829,False,0,False,False,False,0.0,0.0,,,,,,,,,,,,
31,roblox303.store,https://roblox303.store,urls.xlsx,,,,,,skipped,skipped,,not_attempted,,,,,,,False,False,False,,,lexical_prefilter_rejected,lexical_gate,lexical_prefilter_rejected,False,,False,False,False,True,,,fallback_top_k,Reserve Bank of India (RBI),rbi.org.in,0.0,,,0.6296,False,0,0,0,0,0,False,,False,False,False,0,0,,,0,False,stage1_low_suspicion,,,,,,,,,0.3333,False,0,False,False,False,0.0,0.0,,,,,,,,,,,,
32,kirin77.site,https://kirin77.site,urls.xlsx,,,,,,skipped,skipped,,not_attempted,,,,,,,False,False,False,,,lexical_prefilter_rejected,lexical_gate,lexical_prefilter_rejected,False,,False,False,False,True,,,fallback_top_k,Kfintech,kfintech.com,0.0,,,0.6905,False,0,0,0,0,0,False,,False,False,False,0,0,,,0,False,stage1_low_suspicion,,,,,,,,,0.5333,False,0,False,False,False,0.0,0.0,,,,,,,,,,,,
33,moisesdevweb.com,https://moisesdevweb.com,urls.xlsx,,,,,,skipped,skipped,,not_attempted,,,,,,,False,False,False,,,lexical_prefilter_rejected,lexical_gate,lexical_prefilter_rejected,False,,False,False,False,True,,,fallback_top_k,State Bank of India (SBI),corp.onlinesbi.sbi,0.0,,,0.5907,False,0,0,0,0,0,False,,False,False,False,0,0,,,0,False,stage1_low_suspicion,,,,,,,,,0.4762,False,0,False,False,False,0.0,0.0,,,,,,,,,,,,
34,barbara-michelle.com,https://barbara-michelle.com,urls.xlsx,,,,,,skipped,skipped,,not_attempted,,,,,,,False,False,False,,,lexical_prefilter_rejected,lexical_gate,lexical_prefilter_rejected,False,,False,False,False,True,,,fallback_top_k,Canara Bank,canarahsbclife.com,0.0,,,0.6798,False,0,0,0,0,0,False,,False,False,False,0,0,,,0,False,stage1_low_suspicion,,,,,,,,,0.4967,False,0,False,False,False,0.0,0.0,,,,,,,,,,,,
35,pornxmodel.click,https://pornxmodel.click,urls.xlsx,,,,,,skipped,skipped,,not_attempted,,,,,,,False,False,False,,,lexical_prefilter_rejected,lexical_gate,lexical_prefilter_rejected,False,,False,False,False,True,,,fallback_top_k,Airtel,airtel.in,0.0,,,0.6,False,0,0,0,0,0,False,,False,False,False,0,0,,,0,False,stage1_low_suspicion,,,,,,,,,0.375,False,0,False,False,False,0.0,0.0,,,,,,,,,,,,
36,hraihpsa.ca,https://hraihpsa.ca,urls.xlsx,,,,,,skipped,skipped,,not_attempted,,,,,,,False,False,False,,,lexical_prefilter_rejected,lexical_gate,lexical_prefilter_rejected,False,,False,False,False,True,,,fallback_top_k,All India Institute of Medical Sciences (AIIMS),aiims.edu,0.0,,,0.6583,False,0,0,0,0,0,False,,False,False,False,0,0,,,0,False,stage1_low_suspicion,,,,,,,,,0.4615,False,0,False,False,False,0.0,0.0,,,,,,,,,,,,
37,saudenervocuremax.shop,https://saudenervocuremax.shop,urls.xlsx,,,,,,skipped,skipped,,not_attempted,,,,,,,False,False,False,,,lexical_prefilter_rejected,lexical_gate,lexical_prefilter_rejected,False,,False,False,False,True,,,fallback_top_k,State Bank of India (SBI),sbicard.com,0.0,,,0.6028,False,0,0,0,0,0,False,,False,False,False,0,0,,,0,False,stage1_low_suspicion,,,,,,,,,0.25,False,0,False,False,False,0.0,0.0,,,,,,,,,,,,
38,rjpnbv.com,https://rjpnbv.com,urls.xlsx,,,,,,skipped,skipped,,not_attempted,,,,,,,False,False,False,,,lexical_prefilter_rejected,lexical_gate,lexical_prefilter_rejected,False,,False,False,False,True,,,fallback_top_k,Punjab National Bank (PNB),netpnb.com,0.0,,,0.6667,False,0,0,0,0,0,False,,False,False,False,0,0,,,0,False,stage1_low_suspicion,,,,,,,,,0.53,False,0,False,False,False,0.0,0.0,,,,,,,,,,,,
39,yktdeo.com,https://yktdeo.com,urls.xlsx,,,,,,skipped,skipped,,not_attempted,,,,,,,False,False,False,,,lexical_prefilter_rejected,lexical_gate,lexical_prefilter_rejected,False,,False,False,False,True,,,fallback_top_k,Kfintech,kfintech.com,0.0,,,0.625,False,0,0,0,0,0,False,,False,False,False,0,0,,,0,False,stage1_low_suspicion,,,,,,,,,0.4586,False,0,False,False,False,0.0,0.0,,,,,,,,,,,,
40,jlchuhai.com,https://jlchuhai.com,urls.xlsx,,,,,,skipped,skipped,,not_attempted,,,,,,,False,False,False,,,lexical_prefilter_rejected,lexical_gate,lexical_prefilter_rejected,False,,False,False,False,True,,,fallback_top_k,HDFC Bank,hdfclife.com,0.0,,,0.5833,False,0,0,0,0,0,False,,False,False,False,0,0,,,0,False,stage1_low_suspicion,,,,,,,,,0.28,False,0,False,False,False,0.0,0.0,,,,,,,,,,,,
41,bogitekniikka.fi,https://bogitekniikka.fi,urls.xlsx,,,,,,skipped,skipped,,not_attempted,,,,,,,False,False,False,,,lexical_prefilter_rejected,lexical_gate,lexical_prefilter_rejected,False,,False,False,False,True,,,fallback_top_k,BSE Ltd.,bseindia.com,0.0,,,0.6816,False,0,0,0,0,0,False,,False,False,False,0,0,,,0,False,stage1_low_suspicion,,,,,,,,,0.4762,False,0,False,False,False,0.0,0.0,,,,,,,,,,,,
42,lucilalehmann.com,https://lucilalehmann.com,urls.xlsx,,,,,,skipped,skipped,,not_attempted,,,,,,,False,False,False,,,lexical_prefilter_rejected,lexical_gate,lexical_prefilter_rejected,False,,False,False,False,True,,,fallback_top_k,"Unique Identification Authority of India (UIDAI)
",uidai.gov.in,0.0,,,0.6103,False,0,0,0,0,0,False,,False,False,False,0,0,,,0,False,stage1_low_suspicion,,,,,,,,,0.3333,False,0,False,False,False,0.0,0.0,,,,,,,,,,,,
43,yataganharem5.click,https://yataganharem5.click,urls.xlsx,,,,,,skipped,skipped,,not_attempted,,,,,,,False,False,False,,,lexical_prefilter_rejected,lexical_gate,lexical_prefilter_rejected,False,,False,False,False,True,,,fallback_top_k,Canara Bank,canarahsbclife.com,0.0,,,0.6039,False,0,0,0,0,0,False,,False,False,False,0,0,,,0,False,stage1_low_suspicion,,,,,,,,,0.3704,False,0,False,False,False,0.0,0.0,,,,,,,,,,,,
44,jicm0yo.vip,https://jicm0yo.vip,urls.xlsx,,,,,,skipped,skipped,,not_attempted,,,,,,,False,False,False,,,lexical_prefilter_rejected,lexical_gate,lexical_prefilter_rejected,False,,False,False,False,True,,,fallback_top_k,Jio,jio.com,0.0,,,0.8476,False,0,0,0,0,0,False,,False,False,False,0,0,,,0,False,stage1_low_suspicion,,,,,,,,,0.6,False,0,False,False,False,0.0,0.0,,,,,,,,,,,,
45,wintergroupsecurity.com,https://wintergroupsecurity.com,urls.xlsx,,,,,,skipped,skipped,,not_attempted,,,,,,,False,False,False,,,lexical_prefilter_rejected,lexical_gate,lexical_prefilter_rejected,False,,False,False,False,True,,,fallback_top_k,Kfintech,kfintech.com,0.0,,,0.6294,False,0,0,0,0,0,False,,False,False,False,0,0,,,0,False,stage1_low_suspicion,,,,,,,,,0.4004,False,0,False,False,False,0.0,0.0,,,,,,,,,,,,
46,mikogpt.ru,https://mikogpt.ru,urls.xlsx,,,,,,skipped,skipped,,not_attempted,,,,,,,False,False,False,,,lexical_prefilter_rejected,lexical_gate,lexical_prefilter_rejected,False,,False,False,False,True,,,fallback_top_k,Jio,jio.com,0.0,,,0.6508,False,0,0,0,0,0,False,,False,False,False,0,0,,,0,False,stage1_low_suspicion,,,,,,,,,0.4,False,0,False,False,False,0.0,0.0,,,,,,,,,,,,
47,exodusbrk.com,https://exodusbrk.com,urls.xlsx,,,,,,skipped,skipped,,not_attempted,,,,,,,False,False,False,,,lexical_prefilter_rejected,lexical_gate,lexical_prefilter_rejected,False,,False,False,False,True,,,fallback_top_k,HDFC Bank,netbanking.hdfcbank.com,0.0,,,0.5694,False,0,0,0,0,0,False,,False,False,False,0,0,,,0,False,stage1_low_suspicion,,,,,,,,,0.3829,False,0,False,False,False,0.0,0.0,,,,,,,,,,,,
48,alyxara.com,https://alyxara.com,urls.xlsx,,,,,,skipped,skipped,,not_attempted,,,,,,,False,False,False,,,lexical_prefilter_rejected,lexical_gate,lexical_prefilter_rejected,False,,False,False,False,True,,,fallback_top_k,Bank of Baroda,onlinecasa.bankofbaroda.com,0.0,,,0.6349,False,0,0,0,0,0,False,,False,False,False,0,0,,,0,False,stage1_low_suspicion,,,,,,,,,0.4511,False,0,False,False,False,0.0,0.0,,,,,,,,,,,,
49,djgekcf.icu,https://djgekcf.icu,urls.xlsx,,,,,,skipped,skipped,,not_attempted,,,,,,,False,False,False,,,lexical_prefilter_rejected,lexical_gate,lexical_prefilter_rejected,False,,False,False,False,True,,,fallback_top_k,HDFC Bank,hdfclife.com,0.0,,,0.6012,False,0,0,0,0,0,False,,False,False,False,0,0,,,0,False,stage1_low_suspicion,,,,,,,,,0.4,False,0,False,False,False,0.0,0.0,,,,,,,,,,,,
50,dikagegrid.click,https://dikagegrid.click,urls.xlsx,,,,,,skipped,skipped,,not_attempted,,,,,,,False,False,False,,,lexical_prefilter_rejected,lexical_gate,lexical_prefilter_rejected,False,,False,False,False,True,,,fallback_top_k,State Bank of India (SBI),sbicard.com,0.0,,,0.6571,False,0,0,0,0,0,False,,False,False,False,0,0,,,0,False,stage1_low_suspicion,,,,,,,,,0.4706,False,0,False,False,False,0.0,0.0,,,,,,,,,,,,
51,anxunh.top,https://anxunh.top,urls.xlsx,,,,,,skipped,skipped,,not_attempted,,,,,,,False,False,False,,,generic_token_only_lexical_rejected,lexical_gate,generic_token_only_lexical_rejected,False,,False,False,False,True,,,fallback_top_k|generic_token_only,Airtel,airtelpayments.bank.in,0.0,,,0.6111,False,0,0,0,0,0,False,,False,False,False,0,0,,,0,False,stage1_low_suspicion,,,,,,,,,0.4,True,0,False,False,False,0.0,0.0,,,,,,,,,,,,
52,eatalymarket.shop,https://eatalymarket.shop,urls.xlsx,,,,,,skipped,skipped,,not_attempted,,,,,,,False,False,False,,,lexical_prefilter_rejected,lexical_gate,lexical_prefilter_rejected,False,,False,False,False,True,,,fallback_top_k,Canara Bank,canarahsbclife.com,0.0,,,0.5873,False,0,0,0,0,0,False,,False,False,False,0,0,,,0,False,stage1_low_suspicion,,,,,,,,,0.3077,False,0,False,False,False,0.0,0.0,,,,,,,,,,,,
53,americanexpress-reward00175.ink,https://americanexpress-reward00175.ink,urls.xlsx,,,,,,skipped,skipped,,not_attempted,,,,,,,False,False,False,,,lexical_prefilter_rejected,lexical_gate,lexical_prefilter_rejected,False,,False,False,False,True,,,fallback_top_k,Air India,airindiaexpress.com,0.0,,,0.6648,False,0,0,0,0,0,False,,False,False,False,0,0,,,0,False,stage1_low_suspicion,,,,,,,,,0.5238,False,0,False,False,False,0.0,0.0,,,,,,,,,,,,
54,pack101.org,https://pack101.org,urls.xlsx,,,,,,skipped,skipped,,not_attempted,,,,,,,False,False,False,,,generic_token_only_lexical_rejected,lexical_gate,generic_token_only_lexical_rejected,False,,False,False,False,True,,,fallback_top_k|generic_token_only,Airtel,airtelpayments.bank.in,0.0,,,0.5952,False,0,0,0,0,0,False,,False,False,False,0,0,,,0,False,stage1_low_suspicion,,,,,,,,,0.3636,True,0,False,False,False,0.0,0.0,,,,,,,,,,,,
55,discretion.shop,https://discretion.shop,urls.xlsx,,,,,,skipped,skipped,,not_attempted,,,,,,,False,False,False,,,lexical_prefilter_rejected,lexical_gate,lexical_prefilter_rejected,False,,False,False,False,True,,,fallback_top_k,Coal India,coalindiatenders.nic.in,0.0,,,0.6417,False,0,0,0,0,0,False,,False,False,False,0,0,,,0,False,stage1_low_suspicion,,,,,,,,,0.3077,False,0,False,False,False,0.0,0.0,,,,,,,,,,,,
56,thirdshelterpress.com,https://thirdshelterpress.com,urls.xlsx,,,,,,skipped,skipped,,not_attempted,,,,,,,False,False,False,,,lexical_prefilter_rejected,lexical_gate,lexical_prefilter_rejected,False,,False,False,False,True,,,fallback_top_k,Air India,airindiaexpress.com,0.0,,,0.6728,False,0,0,0,0,0,False,,False,False,False,0,0,,,0,False,stage1_low_suspicion,,,,,,,,,0.5925,False,0,False,False,False,0.0,0.0,,,,,,,,,,,,
57,ank2014.biz,https://ank2014.biz,urls.xlsx,,,,,,skipped,skipped,,not_attempted,,,,,,,False,False,False,,,generic_token_only_lexical_rejected,lexical_gate,generic_token_only_lexical_rejected,False,,False,False,False,True,,,fallback_top_k|generic_token_only,Airtel,airtelpayments.bank.in,0.0,,,0.7262,False,0,0,0,0,0,False,,False,False,False,0,0,,,0,False,stage1_low_suspicion,,,,,,,,,0.5455,True,0,False,False,False,0.0,0.0,,,,,,,,,,,,
58,hollandgroupandassociates.com,https://hollandgroupandassociates.com,urls.xlsx,,,,,,skipped,skipped,,not_attempted,,,,,,,False,False,False,,,lexical_prefilter_rejected,lexical_gate,lexical_prefilter_rejected,False,,False,False,False,True,,,fallback_top_k,State Bank of India (SBI),homeloans.sbi,0.0,,,0.6383,False,0,0,0,0,0,False,,False,False,False,0,0,,,0,False,stage1_low_suspicion,,,,,,,,,0.4118,False,0,False,False,False,0.0,0.0,,,,,,,,,,,,
59,thinkproguard.com,https://thinkproguard.com,urls.xlsx,,,,,,skipped,skipped,,not_attempted,,,,,,,False,False,False,,,lexical_prefilter_rejected,lexical_gate,lexical_prefilter_rejected,False,,False,False,False,True,,,fallback_top_k,Jio,jio.com,0.0,,,0.6068,False,0,0,0,0,0,False,,False,False,False,0,0,,,0,False,stage1_low_suspicion,,,,,,,,,0.28,False,0,False,False,False,0.0,0.0,,,,,,,,,,,,
60,hysefo.com,https://hysefo.com,urls.xlsx,,,,,,skipped,skipped,,not_attempted,,,,,,,False,False,False,,,lexical_prefilter_rejected,lexical_gate,lexical_prefilter_rejected,False,,False,False,False,True,,,fallback_top_k,HDFC Bank,hdfc.com,0.0,,,0.6111,False,0,0,0,0,0,False,,False,False,False,0,0,,,0,False,stage1_low_suspicion,,,,,,,,,0.43,False,0,False,False,False,0.0,0.0,,,,,,,,,,,,
61,8740i4ji8ki.shop,https://8740i4ji8ki.shop,urls.xlsx,,,,,,skipped,skipped,,not_attempted,,,,,,,False,False,False,,,lexical_prefilter_rejected,lexical_gate,lexical_prefilter_rejected,False,,False,False,False,True,,,fallback_top_k,Reserve Bank of India (RBI),rbi.org.in,0.0,,,0.6162,False,0,0,0,0,0,False,,False,False,False,0,0,,,0,False,stage1_low_suspicion,,,,,,,,,0.2857,False,0,False,False,False,0.0,0.0,,,,,,,,,,,,
62,netsafe.ovh,https://netsafe.ovh,urls.xlsx,,,,,,skipped,skipped,,not_attempted,,,,,,,False,False,False,,,lexical_prefilter_rejected,lexical_gate,lexical_prefilter_rejected,False,,False,False,False,True,,,fallback_top_k,BSE Ltd.,bsestarmf.in,0.0,,,0.6899,False,0,0,0,0,0,False,,False,False,False,0,0,,,0,False,stage1_low_suspicion,,,,,,,,,0.5,False,0,False,False,False,0.0,0.0,,,,,,,,,,,,
63,optimacapitalvc.com,https://optimacapitalvc.com,urls.xlsx,,,,,,skipped,skipped,,not_attempted,,,,,,,False,False,False,,,lexical_prefilter_rejected,lexical_gate,lexical_prefilter_rejected,False,,False,False,False,True,,,fallback_top_k,National Informatics Centre (NIC),nic.gov.in,0.0,,,0.6,False,0,0,0,0,0,False,,False,False,False,0,0,,,0,False,stage1_low_suspicion,,,,,,,,,0.2222,False,0,False,False,False,0.0,0.0,,,,,,,,,,,,
64,zrsanalyst.com,https://zrsanalyst.com,urls.xlsx,,,,,,skipped,skipped,,not_attempted,,,,,,,False,False,False,,,lexical_prefilter_rejected,lexical_gate,lexical_prefilter_rejected,False,,False,False,False,True,,,fallback_top_k,Bharat Sanchar Nigam Limited (BSNL),bsnl.co.in,0.0,,,0.6833,False,0,0,0,0,0,False,,False,False,False,0,0,,,0,False,stage1_low_suspicion,,,,,,,,,0.4286,False,0,False,False,False,0.0,0.0,,,,,,,,,,,,
65,root-ro.info,https://root-ro.info,urls.xlsx,,,,,,skipped,skipped,,not_attempted,,,,,,,False,False,False,,,lexical_prefilter_rejected,lexical_gate,lexical_prefilter_rejected,False,,False,False,False,True,,,fallback_top_k,"Civil Registration System, MHA (RGCCI)",crsorgi.gov.in,0.0,,,0.619,False,0,0,0,0,0,False,,False,False,False,0,0,,,0,False,stage1_low_suspicion,,,,,,,,,0.4286,False,0,False,False,False,0.0,0.0,,,,,,,,,,,,
66,syxtherocrex.world,https://syxtherocrex.world,urls.xlsx,,,,,,skipped,skipped,,not_attempted,,,,,,,False,False,False,,,lexical_prefilter_rejected,lexical_gate,lexical_prefilter_rejected,False,,False,False,False,True,,,fallback_top_k,HDFC Bank,hdfc.com,0.0,,,0.5556,False,0,0,0,0,0,False,,False,False,False,0,0,,,0,False,stage1_low_suspicion,,,,,,,,,0.25,False,0,False,False,False,0.0,0.0,,,,,,,,,,,,
67,snowtime.shop,https://snowtime.shop,urls.xlsx,,,,,,skipped,skipped,,not_attempted,,,,,,,False,False,False,,,lexical_prefilter_rejected,lexical_gate,lexical_prefilter_rejected,False,,False,False,False,True,,,fallback_top_k,Computer Age Management Services Ltd. (CAMS),camsonline.com,0.0,,,0.6722,False,0,0,0,0,0,False,,False,False,False,0,0,,,0,False,stage1_low_suspicion,,,,,,,,,0.4444,False,0,False,False,False,0.0,0.0,,,,,,,,,,,,
68,allnaturalherbalmedicines.com,https://allnaturalherbalmedicines.com,urls.xlsx,,,,,,skipped,skipped,,not_attempted,,,,,,,False,False,False,,,lexical_prefilter_rejected,lexical_gate,lexical_prefilter_rejected,False,,False,False,False,True,,,fallback_top_k,Canara Bank,canararobeco.com,0.0,,,0.6663,False,0,0,0,0,0,False,,False,False,False,0,0,,,0,False,stage1_low_suspicion,,,,,,,,,0.5165,False,0,False,False,False,0.0,0.0,,,,,,,,,,,,
69,e7v7c6y.com,https://e7v7c6y.com,urls.xlsx,,,,,,skipped,skipped,,not_attempted,,,,,,,False,False,False,,,lexical_prefilter_rejected,lexical_gate,lexical_prefilter_rejected,False,,False,False,False,True,,,fallback_top_k,Indian Space Research Organisation (ISRO),vssc.gov.in,0.0,,,0.5952,False,0,0,0,0,0,False,,False,False,False,0,0,,,0,False,stage1_low_suspicion,,,,,,,,,0.3636,False,0,False,False,False,0.0,0.0,,,,,,,,,,,,
70,beatyourbuddies.online,https://beatyourbuddies.online,urls.xlsx,,,,,,skipped,skipped,,not_attempted,,,,,,,False,False,False,,,lexical_prefilter_rejected,lexical_gate,lexical_prefilter_rejected,False,,False,False,False,True,,,fallback_top_k,State Bank of India (SBI),sbisecurities.in,0.0,,,0.6329,False,0,0,0,0,0,False,,False,False,False,0,0,,,0,False,stage1_low_suspicion,,,,,,,,,0.5,False,0,False,False,False,0.0,0.0,,,,,,,,,,,,
71,ub-futas.hu,https://ub-futas.hu,urls.xlsx,,,,,,skipped,skipped,,not_attempted,,,,,,,False,False,False,,,lexical_prefilter_rejected,lexical_gate,lexical_prefilter_rejected,False,,False,False,False,True,,,fallback_top_k,BSE Ltd.,bsestarmf.in,0.0,,,0.5694,False,0,0,0,0,0,False,,False,False,False,0,0,,,0,False,stage1_low_suspicion,,,,,,,,,0.3529,False,0,False,False,False,0.0,0.0,,,,,,,,,,,,
72,aithink.world,https://aithink.world,urls.xlsx,,,,,,skipped,skipped,,not_attempted,,,,,,,False,False,False,,,lexical_prefilter_rejected,lexical_gate,lexical_prefilter_rejected,False,,False,False,False,True,,,fallback_top_k,All India Institute of Medical Sciences (AIIMS),aiims.edu,0.0,,,0.6762,False,0,0,0,0,0,False,,False,False,False,0,0,,,0,False,stage1_low_suspicion,,,,,,,,,0.5,False,0,False,False,False,0.0,0.0,,,,,,,,,,,,
73,swiftdrops.store,https://swiftdrops.store,urls.xlsx,,,,,,skipped,skipped,,not_attempted,,,,,,,False,False,False,,,lexical_prefilter_rejected,lexical_gate,lexical_prefilter_rejected,False,,False,False,False,True,,,fallback_top_k,State Bank of India (SBI),sbimf.com,0.0,,,0.6333,False,0,0,0,0,0,False,,False,False,False,0,0,,,0,False,stage1_low_suspicion,,,,,,,,,0.4,False,0,False,False,False,0.0,0.0,,,,,,,,,,,,
74,charmenowho.shop,https://charmenowho.shop,urls.xlsx,,,,,,skipped,skipped,,not_attempted,,,,,,,False,False,False,,,lexical_prefilter_rejected,lexical_gate,lexical_prefilter_rejected,False,,False,False,False,True,,,fallback_top_k,Computer Age Management Services Ltd. (CAMS),camsonline.com,0.0,,,0.6596,False,0,0,0,0,0,False,,False,False,False,0,0,,,0,False,stage1_low_suspicion,,,,,,,,,0.381,False,0,False,False,False,0.0,0.0,,,,,,,,,,,,
75,tonerrefillstoreho.shop,https://tonerrefillstoreho.shop,urls.xlsx,,,,,,skipped,skipped,,not_attempted,,,,,,,False,False,False,,,lexical_prefilter_rejected,lexical_gate,lexical_prefilter_rejected,False,,False,False,False,True,,,fallback_top_k,State Bank of India (SBI),corp.onlinesbi.sbi,0.0,,,0.6111,False,0,0,0,0,0,False,,False,False,False,0,0,,,0,False,stage1_low_suspicion,,,,,,,,,0.2963,False,0,False,False,False,0.0,0.0,,,,,,,,,,,,
76,bexarcasino.space,https://bexarcasino.space,urls.xlsx,,,,,,skipped,skipped,,not_attempted,,,,,,,False,False,False,,,lexical_prefilter_rejected,lexical_gate,lexical_prefilter_rejected,False,,False,False,False,True,,,fallback_top_k,Election Commision of India (ECI),eci.gov.in,0.0,,,0.6162,False,0,0,0,0,0,False,,False,False,False,0,0,,,0,False,stage1_low_suspicion,,,,,,,,,0.4286,False,0,False,False,False,0.0,0.0,,,,,,,,,,,,
77,piezosistem.com,https://piezosistem.com,urls.xlsx,,,,,,skipped,skipped,,not_attempted,,,,,,,False,False,False,,,lexical_prefilter_rejected,lexical_gate,lexical_prefilter_rejected,False,,False,False,False,True,,,fallback_top_k,State Bank of India (SBI),sbisecurities.in,0.0,,,0.6297,False,0,0,0,0,0,False,,False,False,False,0,0,,,0,False,stage1_low_suspicion,,,,,,,,,0.4167,False,0,False,False,False,0.0,0.0,,,,,,,,,,,,
78,scarpe-it.ru,https://scarpe-it.ru,urls.xlsx,,,,,,skipped,skipped,,not_attempted,,,,,,,False,False,False,,,lexical_prefilter_rejected,lexical_gate,lexical_prefilter_rejected,False,,False,False,False,True,,,fallback_top_k,State Bank of India (SBI),sbicard.com,0.0,,,0.672,False,0,0,0,0,0,False,,False,False,False,0,0,,,0,False,stage1_low_suspicion,,,,,,,,,0.5,False,0,False,False,False,0.0,0.0,,,,,,,,,,,,
79,eeeey.cc,https://eeeey.cc,urls.xlsx,,,,,,skipped,skipped,,not_attempted,,,,,,,False,False,False,,,lexical_prefilter_rejected,lexical_gate,lexical_prefilter_rejected,False,,False,False,False,True,,,fallback_top_k,Election Commision of India (ECI),eci.gov.in,0.0,,,0.5111,False,0,0,0,0,0,False,,False,False,False,0,0,,,0,False,stage1_low_suspicion,,,,,,,,,0.25,False,0,False,False,False,0.0,0.0,,,,,,,,,,,,
80,learningonly.store,https://learningonly.store,urls.xlsx,,,,,,skipped,skipped,,not_attempted,,,,,,,False,False,False,,,lexical_prefilter_rejected,lexical_gate,lexical_prefilter_rejected,False,,False,False,False,True,,,fallback_top_k,Airtel,airtel.in,0.0,,,0.6167,False,0,0,0,0,0,False,,False,False,False,0,0,,,0,False,stage1_low_suspicion,,,,,,,,,0.3333,False,0,False,False,False,0.0,0.0,,,,,,,,,,,,
81,tutera.ru,https://tutera.ru,urls.xlsx,,,,,,skipped,skipped,,not_attempted,,,,,,,False,False,False,,,lexical_prefilter_rejected,lexical_gate,lexical_prefilter_rejected,False,,False,False,False,True,,,fallback_top_k,"Unique Identification Authority of India (UIDAI)
",uidai.gov.in,0.0,,,0.5778,False,0,0,0,0,0,False,,False,False,False,0,0,,,0,False,stage1_low_suspicion,,,,,,,,,0.3636,False,0,False,False,False,0.0,0.0,,,,,,,,,,,,
82,shelbyserves.com,https://shelbyserves.com,urls.xlsx,,,,,,skipped,skipped,,not_attempted,,,,,,,False,False,False,,,lexical_prefilter_rejected,lexical_gate,lexical_prefilter_rejected,False,,False,False,False,True,,,fallback_top_k,State Bank of India (SBI),sbisecurities.in,0.0,,,0.612,False,0,0,0,0,0,False,,False,False,False,0,0,,,0,False,stage1_low_suspicion,,,,,,,,,0.56,False,0,False,False,False,0.0,0.0,,,,,,,,,,,,
83,gothamfinn.co,https://gothamfinn.co,urls.xlsx,,,,,,skipped,skipped,,not_attempted,,,,,,,False,False,False,,,lexical_prefilter_rejected,lexical_gate,lexical_prefilter_rejected,False,,False,False,False,True,,,fallback_top_k,Computer Age Management Services Ltd. (CAMS),camsonline.com,0.0,,,0.6222,False,0,0,0,0,0,False,,False,False,False,0,0,,,0,False,stage1_low_suspicion,,,,,,,,,0.4,False,0,False,False,False,0.0,0.0,,,,,,,,,,,,
84,penn-hpp.com,https://penn-hpp.com,urls.xlsx,,,,,,skipped,skipped,,not_attempted,,,,,,,False,False,False,,,lexical_prefilter_rejected,lexical_gate,lexical_prefilter_rejected,False,,False,False,False,True,,,fallback_top_k,Punjab National Bank (PNB),netpnb.com,0.0,,,0.6389,False,0,0,0,0,0,False,,False,False,False,0,0,,,0,False,stage1_low_suspicion,,,,,,,,,0.3157,False,0,False,False,False,0.0,0.0,,,,,,,,,,,,
85,uk-travel.ru,https://uk-travel.ru,urls.xlsx,,,,,,skipped,skipped,,not_attempted,,,,,,,False,False,False,,,lexical_prefilter_rejected,lexical_gate,lexical_prefilter_rejected,False,,False,False,False,True,,,fallback_top_k,Airtel,airtel.in,0.0,,,0.6204,False,0,0,0,0,0,False,,False,False,False,0,0,,,0,False,stage1_low_suspicion,,,,,,,,,0.4,False,0,False,False,False,0.0,0.0,,,,,,,,,,,,
86,slexironphdrexox.world,https://slexironphdrexox.world,urls.xlsx,,,,,,skipped,skipped,,not_attempted,,,,,,,False,False,False,,,lexical_prefilter_rejected,lexical_gate,lexical_prefilter_rejected,False,,False,False,False,True,,,fallback_top_k,BSE Ltd.,bseindia.com,0.0,,,0.6458,False,0,0,0,0,0,False,,False,False,False,0,0,,,0,False,stage1_low_suspicion,,,,,,,,,0.4167,False,0,False,False,False,0.0,0.0,,,,,,,,,,,,
87,ivqojlz1513.top,https://ivqojlz1513.top,urls.xlsx,,,,,,skipped,skipped,,not_attempted,,,,,,,False,False,False,,,lexical_prefilter_rejected,lexical_gate,lexical_prefilter_rejected,False,,False,False,False,True,,,fallback_top_k,Indian Oil Corporation Limited (IOCL),iocl.com,0.0,,,0.6742,False,0,0,0,0,0,False,,False,False,False,0,0,,,0,False,stage1_low_suspicion,,,,,,,,,0.4,False,0,False,False,False,0.0,0.0,,,,,,,,,,,,
88,vertexapexgroupoptimalprocess.blog,https://vertexapexgroupoptimalprocess.blog,urls.xlsx,,,,,,skipped,skipped,,not_attempted,,,,,,,False,False,False,,,lexical_prefilter_rejected,lexical_gate,lexical_prefilter_rejected,False,,False,False,False,True,,,fallback_top_k,Indian Railway Catering and Tourism Corporation (IRCTC),irctctourism.com,0.0,,,0.6058,False,0,0,0,0,0,False,,False,False,False,0,0,,,0,False,stage1_low_suspicion,,,,,,,,,0.2927,False,0,False,False,False,0.0,0.0,,,,,,,,,,,,
89,navaitour.online,https://navaitour.online,urls.xlsx,,,,,,skipped,skipped,,not_attempted,,,,,,,False,False,False,,,lexical_prefilter_rejected,lexical_gate,lexical_prefilter_rejected,False,,False,False,False,True,,,fallback_top_k,Indian Railway Catering and Tourism Corporation (IRCTC),irctctourism.com,0.0,,,0.6574,False,0,0,0,0,0,False,,False,False,False,0,0,,,0,False,stage1_low_suspicion,,,,,,,,,0.4762,False,0,False,False,False,0.0,0.0,,,,,,,,,,,,
90,doggiemax.com,https://doggiemax.com,urls.xlsx,,,,,,skipped,skipped,,not_attempted,,,,,,,False,False,False,,,lexical_prefilter_rejected,lexical_gate,lexical_prefilter_rejected,False,,False,False,False,True,,,fallback_top_k,Axis Bank,axismaxlife.com,0.0,,,0.6027,False,0,0,0,0,0,False,,False,False,False,0,0,,,0,False,stage1_low_suspicion,,,,,,,,,0.43,False,0,False,False,False,0.0,0.0,,,,,,,,,,,,
91,intelectusai.com,https://intelectusai.com,urls.xlsx,,,,,,skipped,skipped,,not_attempted,,,,,,,False,False,False,,,lexical_prefilter_rejected,lexical_gate,lexical_prefilter_rejected,False,,False,False,False,True,,,fallback_top_k,Kfintech,kfintech.com,0.0,,,0.6806,False,0,0,0,0,0,False,,False,False,False,0,0,,,0,False,stage1_low_suspicion,,,,,,,,,0.53,False,0,False,False,False,0.0,0.0,,,,,,,,,,,,
92,perchproject.org,https://perchproject.org,urls.xlsx,,,,,,skipped,skipped,,not_attempted,,,,,,,False,False,False,,,lexical_prefilter_rejected,lexical_gate,lexical_prefilter_rejected,False,,False,False,False,True,,,fallback_top_k,Canara Bank,canararobeco.com,0.0,,,0.6111,False,0,0,0,0,0,False,,False,False,False,0,0,,,0,False,stage1_low_suspicion,,,,,,,,,0.4167,False,0,False,False,False,0.0,0.0,,,,,,,,,,,,
93,5ggnp.buzz,https://5ggnp.buzz,urls.xlsx,,,,,,skipped,skipped,,not_attempted,,,,,,,False,False,False,,,lexical_prefilter_rejected,lexical_gate,lexical_prefilter_rejected,False,,False,False,False,True,,,fallback_top_k,Bharat Sanchar Nigam Limited (BSNL),bsnl.co.in,0.0,,,0.6333,False,0,0,0,0,0,False,,False,False,False,0,0,,,0,False,stage1_low_suspicion,,,,,,,,,0.4444,False,0,False,False,False,0.0,0.0,,,,,,,,,,,,
94,777gvipclub.com,https://777gvipclub.com,urls.xlsx,,,,,,skipped,skipped,,not_attempted,,,,,,,False,False,False,,,lexical_prefilter_rejected,lexical_gate,lexical_prefilter_rejected,False,,False,False,False,True,,,fallback_top_k,National Informatics Centre (NIC),accounts.mgovcloud.in,0.0,,,0.67,False,0,0,0,0,0,False,,False,False,False,0,0,,,0,False,stage1_low_suspicion,,,,,,,,,0.5,False,0,False,False,False,0.0,0.0,,,,,,,,,,,,
95,thepatoolkit.com,https://thepatoolkit.com,urls.xlsx,,,,,,skipped,skipped,,not_attempted,,,,,,,False,False,False,,,lexical_prefilter_rejected,lexical_gate,lexical_prefilter_rejected,False,,False,False,False,True,,,fallback_top_k,National Health Authority (NHA),nha.gov.in,0.0,,,0.6111,False,0,0,0,0,0,False,,False,False,False,0,0,,,0,False,stage1_low_suspicion,,,,,,,,,0.2667,False,0,False,False,False,0.0,0.0,,,,,,,,,,,,
96,zentozavoveltopentolaxinilo.click,https://zentozavoveltopentolaxinilo.click,urls.xlsx,,,,,,skipped,skipped,,not_attempted,,,,,,,False,False,False,,,lexical_prefilter_rejected,lexical_gate,lexical_prefilter_rejected,False,,False,False,False,True,,,fallback_top_k,Punjab National Bank (PNB),netpnb.com,0.0,,,0.6062,False,0,0,0,0,0,False,,False,False,False,0,0,,,0,False,stage1_low_suspicion,,,,,,,,,0.303,False,0,False,False,False,0.0,0.0,,,,,,,,,,,,
97,hixemuzydo.pro,https://hixemuzydo.pro,urls.xlsx,,,,,,skipped,skipped,,not_attempted,,,,,,,False,False,False,,,lexical_prefilter_rejected,lexical_gate,lexical_prefilter_rejected,False,,False,False,False,True,,,fallback_top_k,Income Tax Department,incometaxindia.gov.in,0.0,,,0.5651,False,0,0,0,0,0,False,,False,False,False,0,0,,,0,False,stage1_low_suspicion,,,,,,,,,0.25,False,0,False,False,False,0.0,0.0,,,,,,,,,,,,
98,logrenuunics.com,https://logrenuunics.com,urls.xlsx,,,,,,skipped,skipped,,not_attempted,,,,,,,False,False,False,,,lexical_prefilter_rejected,lexical_gate,lexical_prefilter_rejected,False,,False,False,False,True,,,fallback_top_k,State Bank of India (SBI),corp.onlinesbi.sbi,0.0,,,0.6442,False,0,0,0,0,0,False,,False,False,False,0,0,,,0,False,stage1_low_suspicion,,,,,,,,,0.3846,False,0,False,False,False,0.0,0.0,,,,,,,,,,,,
99,aifinance.global,https://aifinance.global,urls.xlsx,,,,,,skipped,skipped,,not_attempted,,,,,,,False,False,False,,,lexical_prefilter_rejected,lexical_gate,lexical_prefilter_rejected,False,,False,False,False,True,,,fallback_top_k,Air India,airindiaexpress.com,0.0,,,0.6889,False,0,0,0,0,0,False,,False,False,False,0,0,,,0,False,stage1_low_suspicion,,,,,,,,,0.5,False,0,False,False,False,0.0,0.0,,,,,,,,,,,,
100,jskbalaghat.org,https://jskbalaghat.org,urls.xlsx,,,,,,skipped,skipped,,not_attempted,,,,,,,False,False,False,,,lexical_prefilter_rejected,lexical_gate,lexical_prefilter_rejected,False,,False,False,False,True,,,fallback_top_k,State Bank of India (SBI),sbi.co.in,0.0,,,0.6162,False,0,0,0,0,0,False,,False,False,False,0,0,,,0,False,stage1_low_suspicion,,,,,,,,,0.2857,False,0,False,False,False,0.0,0.0,,,,,,,,,,,,
101,sbi.com-kyc.net/login,https://sbi.com-kyc.net/login,urls.xlsx,https://sbi.com-kyc.net/login,2026-04-10T14:55:22+00:00,a709d69c6817702cce6dbe719ed54b936752d25ae0441d8041deb68385f0f5e0,exact,sbi.com-kyc.net,,accepted,failed,not_attempted,navigation_error,"Page.goto: net::ERR_NAME_NOT_RESOLVED at https://sbi.com-kyc.net/login | Call log: - navigating to ""https://sbi.com-kyc.net/login"", waiting until ""domcontentloaded""",,,,,False,False,False,,failed_fetch_strict_lexical_suspected,,hashing_shortlist,fetch_timeout_or_fetch_failed,False,,True,True,False,False,,,brand_token_match,State Bank of India (SBI),sbi.bank.in,0.0,0.0,Low,0.5263,True,0,0,0,0,0,False,lexical_hit,False,False,False,0,0,sbi.com-kyc.net,,0,True,lexical_hit,0.0,-1,0.0,-1,0.0,-1,0.0,-1,0.5263,False,0,False,False,True,15.7895,0.0,False,,,,,,,,False,False,False,False
102,onl1nesbi.sbi/login,https://onl1nesbi.sbi/login,urls.xlsx,https://onl1nesbi.sbi/login,2026-04-10T14:55:21+00:00,f85fbad873f11f5a5e4424eddf5443565ee07f80b3bfcd61db78eb1453b56c7c,exact,onl1nesbi.sbi,,accepted,failed,not_attempted,navigation_error,"Page.goto: net::ERR_NAME_NOT_RESOLVED at https://onl1nesbi.sbi/login | Call log: - navigating to ""https://onl1nesbi.sbi/login"", waiting until ""domcontentloaded""",,,,,False,False,False,,failed_fetch_strict_lexical_suspected,,hashing_shortlist,fetch_timeout_or_fetch_failed,True,State Bank of India (SBI),True,True,True,False,,,jw_primary|skeleton_similarity,State Bank of India (SBI),corp.onlinesbi.sbi,0.0,0.0,Low,0.9481,True,0,0,0,0,0,False,lexical_hit,False,False,False,0,0,onl1nesbi.sbi,,0,True,lexical_hit,0.0,-1,0.0,-1,0.0,-1,0.0,-1,0.9189,False,0,False,False,True,28.4444,0.0,False,,,,,,,,False,False,False,False
103,onlinesbi.sbi.update-rewards.xyz,https://onlinesbi.sbi.update-rewards.xyz,urls.xlsx,https://onlinesbi.sbi.update-rewards.xyz,2026-04-10T14:54:58+00:00,7b2fe6a3fbd1ca6c1c88cba50afd8f03e03990b4bf400b2f6b68808bc1bcaa7b,exact,onlinesbi.sbi.update-rewards.xyz,,accepted,failed,not_attempted,navigation_error,"Page.goto: net::ERR_NAME_NOT_RESOLVED at https://onlinesbi.sbi.update-rewards.xyz/ | Call log: - navigating to ""https://onlinesbi.sbi.update-rewards.xyz/"", waiting until ""domcontentloaded""",,,,,False,False,False,,failed_fetch_strict_lexical_suspected,,hashing_shortlist,fetch_timeout_or_fetch_failed,False,,True,True,False,False,,,brand_token_match,State Bank of India (SBI),onlinesbi.sbi.bank.in,0.0,0.0,Low,0.6522,True,0,0,0,0,0,False,lexical_hit,False,False,False,0,0,onlinesbi.sbi.update-rewards.xyz,,0,True,lexical_hit,0.0,-1,0.0,-1,0.0,-1,0.0,-1,0.6522,False,0,False,False,True,19.5652,0.0,False,,,,,,,,False,False,False,False
104,airindiaair.com,https://airindiaair.com,urls.xlsx,https://airindiaair.com,2026-04-10T14:55:51+00:00,11c2835a27ce4cab2ce49f5a1d939ad76ba353f048eb1b233d5a738c66b38236,exact,airindiaair.com,,accepted,fetched_visual_missing,missing,screenshot_timeout,Page.screenshot: Timeout 6000ms exceeded. | Call log: - taking page screenshot | - disabled all CSS animations | - waiting for fonts to load...,https://airindiaair.com/,,,,True,True,False,,weak_direct_evidence|network_corroboration,,,,True,Air India,True,True,True,False,weak_direct_evidence|network_corroboration,weak_direct_evidence|network_corroboration,jw_primary,Air India,airindiaexpress.com,37.8701,37.8701,Low,0.8836,True,0,0,0,0,0,False,lexical_hit,False,False,False,0,0,airindiaair.com,,0,True,lexical_hit,0.0,-1,0.0,-1,0.0,-1,0.0,-1,0.7223,False,1,False,False,False,26.5091,0.0,False,,,90fe7df7baf1d8f1d6a63bf55e50d92c94f8a454b676055d37c7febe94975529,fb6c929bf5b43c12dda98263f9b10782700bb957bda460cd8c34e8334cdd3ecd,b1ea2517ac8650d1b7129c1b9114cd8ef20f408f61cd17c2c5bc9108fb13b975,,4ba3529bc3d548da4f139c36bef40e9e4f0218b9cff04464e0ba588d8941576e,False,False,False,False
105,sbi-secure-login.com,https://sbi-secure-login.com,urls.xlsx,https://sbi-secure-login.com,2026-04-10T14:55:22+00:00,ee5cdcf06e5197c52e4cfb1674c84c1accf03b544d0b6bba801b3ffcc60ae92c,exact,sbi-secure-login.com,,accepted,failed,not_attempted,navigation_error,"Page.goto: net::ERR_NAME_NOT_RESOLVED at https://sbi-secure-login.com/ | Call log: - navigating to ""https://sbi-secure-login.com/"", waiting until ""domcontentloaded""",,,,,False,False,False,,failed_fetch_strict_lexical_suspected,,hashing_shortlist,fetch_timeout_or_fetch_failed,False,,True,True,False,False,,,brand_token_match,State Bank of India (SBI),sbisecurities.in,0.0,0.0,Low,0.8353,True,0,0,0,0,0,False,lexical_hit,False,False,False,0,0,sbi-secure-login.com,,0,True,lexical_hit,0.0,-1,0.0,-1,0.0,-1,0.0,-1,0.6207,False,0,False,False,True,25.0596,0.0,False,,,,,,,,False,False,False,False
106,192.168.1,https://192.168.1,urls.xlsx,,,,,,skipped,skipped,,not_attempted,,,,,,,False,False,False,,,generic_token_only_lexical_rejected,lexical_gate,generic_token_only_lexical_rejected,False,,False,False,False,True,,,fallback_top_k|generic_token_only,National Informatics Centre (NIC),cloud.gov.in,0.0,,,0.7333,False,0,0,0,0,0,False,,False,False,False,0,0,,,0,False,stage1_low_suspicion,,,,,,,,,0.3333,True,0,False,False,False,0.0,0.0,,,,,,,,,,,,
107,reward-expiry.com,https://reward-expiry.com,urls.xlsx,,,,,,skipped,skipped,,not_attempted,,,,,,,False,False,False,,,lexical_prefilter_rejected,lexical_gate,lexical_prefilter_rejected,False,,False,False,False,True,,,fallback_top_k,Air India,airindiaexpress.com,0.0,,,0.5912,False,0,0,0,0,0,False,,False,False,False,0,0,,,0,False,stage1_low_suspicion,,,,,,,,,0.53,False,0,False,False,False,0.0,0.0,,,,,,,,,,,,
108,sbi.co.in.login.banking-services.net/234/redirect,https://sbi.co.in.login.banking-services.net/234/redirect,urls.xlsx,https://sbi.co.in.login.banking-services.net/234/redirect,2026-04-10T14:55:27+00:00,6d72e5fc45359c005fa514bd3a9cd9254bf1b1d990431113916ceae4a20dcc87,exact,sbi.co.in.login.banking-services.net,,accepted,failed,not_attempted,navigation_error,"Page.goto: net::ERR_NAME_NOT_RESOLVED at https://sbi.co.in.login.banking-services.net/234/redirect | Call log: - navigating to ""https://sbi.co.in.login.banking-services.net/234/redirect"", waiting until ""domcontentloaded""",,,,,False,False,False,,failed_fetch_strict_lexical_suspected,,hashing_shortlist,fetch_timeout_or_fetch_failed,False,,True,True,True,False,,,brand_token_match,State Bank of India (SBI),onlinesbi.sbi.bank.in,0.0,0.0,Low,0.85,True,0,0,0,0,0,False,lexical_hit,False,False,False,0,0,sbi.co.in.login.banking-services.net,,0,True,lexical_hit,0.0,-1,0.0,-1,0.0,-1,0.0,-1,0.4,False,0,False,False,True,25.5,0.0,False,,,,,,,,False,False,False,False
109,verify-kyc.com,https://verify-kyc.com,urls.xlsx,,,,,,skipped,skipped,,not_attempted,,,,,,,False,False,False,,,lexical_prefilter_rejected,lexical_gate,lexical_prefilter_rejected,False,,False,False,False,True,,,fallback_top_k,Election Commision of India (ECI),eci.gov.in,0.0,,,0.6222,False,0,0,0,0,0,False,,False,False,False,0,0,,,0,False,stage1_low_suspicion,,,,,,,,,0.3077,False,0,False,False,False,0.0,0.0,,,,,,,,,,,,
110,icic-bank.com,https://icic-bank.com,urls.xlsx,,,,,,skipped,skipped,,not_attempted,,,,,,,False,False,False,,,generic_token_only_lexical_rejected,lexical_gate,generic_token_only_lexical_rejected,False,,False,False,False,True,,,fallback_top_k|generic_token_only,ICICI Bank,icici.bank.in,0.0,,,0.8421,False,0,0,0,0,0,False,,False,False,False,0,0,,,0,False,stage1_low_suspicion,,,,,,,,,0.8421,True,0,False,False,False,0.0,0.0,,,,,,,,,,,,
111,icicibank.net/login,https://icicibank.net/login,urls.xlsx,https://icicibank.net/login,2026-04-10T14:56:19+00:00,6560a833036f98c21ce237f1d2f041034e1f980961fa2ce71e409423ba6a6724,exact,icicibank.net,,accepted,timeout,not_attempted,navigation_timeout,"Page.goto: Timeout 15000ms exceeded. | Call log: - navigating to ""https://icicibank.net/login"", waiting until ""commit""",,,,,False,False,False,,failed_fetch_strict_lexical_suspected,,hashing_shortlist,fetch_timeout_or_fetch_failed,True,ICICI Bank,True,True,True,False,,,host_similarity,ICICI Bank,icici.bank.in,0.0,0.0,Low,0.9474,True,0,0,0,0,0,False,lexical_hit,False,False,False,0,0,icicibank.net,,0,True,lexical_hit,0.0,-1,0.0,-1,0.0,-1,0.0,-1,0.9474,False,0,False,False,True,28.4211,0.0,False,,,,,,,,False,False,False,False
112,secure-login.com,https://secure-login.com,urls.xlsx,,,,,,skipped,skipped,,not_attempted,,,,,,,False,False,False,,,lexical_prefilter_rejected,lexical_gate,lexical_prefilter_rejected,False,,False,False,False,True,,,fallback_top_k,"Civil Registration System, MHA (RGCCI)",crsorgi.gov.in,0.0,,,0.7302,False,0,0,0,0,0,False,,False,False,False,0,0,,,0,False,stage1_low_suspicion,,,,,,,,,0.5263,False,0,False,False,False,0.0,0.0,,,,,,,,,,,,
113,bit.ly,https://bit.ly,urls.xlsx,,,,,,skipped,skipped,,not_attempted,,,,,,,False,False,False,,,lexical_prefilter_rejected,lexical_gate,lexical_prefilter_rejected,False,,False,False,False,True,,,fallback_top_k,State Bank of India (SBI),sbimf.com,0.0,,,0.6889,False,0,0,0,0,0,False,,False,False,False,0,0,,,0,False,stage1_low_suspicion,,,,,,,,,0.5,False,0,False,False,False,0.0,0.0,,,,,,,,,,,,
114,accountauthenticate.com,https://accountauthenticate.com,urls.xlsx,,,,,,skipped,skipped,,not_attempted,,,,,,,False,False,False,,,lexical_prefilter_rejected,lexical_gate,lexical_prefilter_rejected,False,,False,False,False,True,,,fallback_top_k,Income Tax Department,incometaxindia.gov.in,0.0,,,0.6314,False,0,0,0,0,0,False,,False,False,False,0,0,,,0,False,stage1_low_suspicion,,,,,,,,,0.4242,False,0,False,False,False,0.0,0.0,,,,,,,,,,,,
115,icici-bank-support.in,https://icici-bank-support.in,urls.xlsx,https://icici-bank-support.in,2026-04-10T14:55:29+00:00,a16bc8c741939fd938662060aa5ace1ed38281f159b3e5fb4b06df4e58efe7f3,exact,icici-bank-support.in,,accepted,failed,not_attempted,navigation_error,"Page.goto: net::ERR_NAME_NOT_RESOLVED at https://icici-bank-support.in/ | Call log: - navigating to ""https://icici-bank-support.in/"", waiting until ""domcontentloaded""",,,,,False,False,False,,failed_fetch_strict_lexical_suspected,,hashing_shortlist,fetch_timeout_or_fetch_failed,True,ICICI Bank,True,True,False,False,,,brand_token_match,ICICI Bank,icicilombard.com,0.0,0.0,Low,0.8222,True,0,0,0,0,0,False,lexical_hit,False,False,False,0,0,icici-bank-support.in,,0,True,lexical_hit,0.0,-1,0.0,-1,0.0,-1,0.0,-1,0.5333,False,0,False,False,True,24.6667,0.0,False,,,,,,,,False,False,False,False
116,cppcccare.com,https://cppcccare.com,urls.xlsx,,,,,,skipped,skipped,,not_attempted,,,,,,,False,False,False,,,lexical_prefilter_rejected,lexical_gate,lexical_prefilter_rejected,False,,False,False,False,True,,,fallback_top_k,Income Tax Department,contents.tdscpc.gov.in,0.0,,,0.6111,False,0,0,0,0,0,False,,False,False,False,0,0,,,0,False,stage1_low_suspicion,,,,,,,,,0.4,False,0,False,False,False,0.0,0.0,,,,,,,,,,,,
117,pnb-india.in,https://pnb-india.in,urls.xlsx,https://pnb-india.in,2026-04-10T14:55:34+00:00,430009ad5b7271d949c5e4bd77965c687893b51954cdcedeff4046793fcdf7ef,exact,pnb-india.in,,accepted,failed,not_attempted,navigation_error,"Page.goto: net::ERR_NAME_NOT_RESOLVED at https://pnb-india.in/ | Call log: - navigating to ""https://pnb-india.in/"", waiting until ""domcontentloaded""",,,,,False,False,False,,failed_fetch_strict_lexical_suspected,,hashing_shortlist,fetch_timeout_or_fetch_failed,True,Punjab National Bank (PNB),True,True,True,False,,,brand_token_match|jw_primary|token_set_primary|skeleton_similarity|host_similarity,Punjab National Bank (PNB),pnbindia.in,0.0,0.0,Low,0.9741,True,0,0,0,0,0,False,lexical_hit,False,False,False,0,0,pnb-india.in,,0,True,lexical_hit,0.0,-1,0.0,-1,0.0,-1,0.0,-1,0.9712,False,0,False,False,True,29.2222,0.0,False,,,,,,,,False,False,False,False
118,pnblndia.in,https://pnblndia.in,urls.xlsx,https://pnblndia.in,2026-04-10T14:56:21+00:00,7aaf6cf649ac8002fe2ba620e8d41f0e2f5db11e2a9ba801a5fe42f25c5f8810,exact,pnblndia.in,,accepted,failed,not_attempted,navigation_error,"Page.goto: net::ERR_NAME_NOT_RESOLVED at https://pnblndia.in/ | Call log: - navigating to ""https://pnblndia.in/"", waiting until ""domcontentloaded""",,,,,False,False,False,,failed_fetch_strict_lexical_suspected,,hashing_shortlist,fetch_timeout_or_fetch_failed,True,Punjab National Bank (PNB),True,True,True,False,,,jw_primary|skeleton_similarity,Punjab National Bank (PNB),pnbindia.in,0.0,0.0,Low,0.9083,True,0,0,0,0,0,False,lexical_hit,False,False,False,0,0,pnblndia.in,,0,True,lexical_hit,0.0,-1,0.0,-1,0.0,-1,0.0,-1,0.905,False,0,False,False,True,27.25,0.0,False,,,,,,,,False,False,False,False
119,pnbindia-kyd.com,https://pnbindia-kyd.com,urls.xlsx,https://pnbindia-kyd.com,2026-04-10T14:55:49+00:00,81c0cb8e9719d2ef876478775a658a0dda164d5513dd6273f843746030a97895,exact,pnbindia-kyd.com,,accepted,failed,not_attempted,navigation_error,"Page.goto: net::ERR_NAME_NOT_RESOLVED at https://pnbindia-kyd.com/ | Call log: - navigating to ""https://pnbindia-kyd.com/"", waiting until ""domcontentloaded""",,,,,False,False,False,,failed_fetch_strict_lexical_suspected,,hashing_shortlist,fetch_timeout_or_fetch_failed,True,Punjab National Bank (PNB),True,True,True,False,,,brand_token_match|jw_primary,Punjab National Bank (PNB),pnbindia.in,0.0,0.0,Low,0.9333,True,0,0,0,0,0,False,lexical_hit,False,False,False,0,0,pnbindia-kyd.com,,0,True,lexical_hit,0.0,-1,0.0,-1,0.0,-1,0.0,-1,0.8,False,0,False,False,True,28.0,0.0,False,,,,,,,,False,False,False,False
120,pnblndia-app.in,https://pnblndia-app.in,urls.xlsx,,,,,,skipped,skipped,,not_attempted,,,,,,,False,False,False,,,lexical_prefilter_rejected,lexical_gate,lexical_prefilter_rejected,False,,False,False,False,True,,,fallback_top_k,Punjab National Bank (PNB),pnbindia.in,0.0,,,0.8403,False,0,0,0,0,0,False,,False,False,False,0,0,,,0,False,stage1_low_suspicion,,,,,,,,,0.73,False,0,False,False,False,0.0,0.0,,,,,,,,,,,,
121,pnb-netbanking.net,https://pnb-netbanking.net,urls.xlsx,https://pnb-netbanking.net,2026-04-10T14:55:51+00:00,b9211a92dc6cfa63718a916e9c3ca55979294458de9ffb54213bf9bf0787763e,exact,pnb-netbanking.net,,accepted,failed,not_attempted,navigation_error,"Page.goto: net::ERR_NAME_NOT_RESOLVED at https://pnb-netbanking.net/ | Call log: - navigating to ""https://pnb-netbanking.net/"", waiting until ""domcontentloaded""",,,,,False,False,False,,failed_fetch_strict_lexical_suspected,,hashing_shortlist,fetch_timeout_or_fetch_failed,False,,True,True,False,False,,,brand_token_match,Punjab National Bank (PNB),pnbindia.in,0.0,0.0,Low,0.6706,True,0,0,0,0,0,False,lexical_hit,False,False,False,0,0,pnb-netbanking.net,,0,True,lexical_hit,0.0,-1,0.0,-1,0.0,-1,0.0,-1,0.4545,False,0,False,False,True,20.119,0.0,False,,,,,,,,False,False,False,False
122,pnblndia.bank.in,https://pnblndia.bank.in,urls.xlsx,,,,,,skipped,skipped,,not_attempted,,,,,,,False,False,False,,,generic_token_only_lexical_rejected,lexical_gate,generic_token_only_lexical_rejected,True,Punjab National Bank (PNB),False,False,False,True,,,fallback_top_k|generic_token_only,Airtel,airtelpayments.bank.in,0.0,,,1.0,False,0,0,0,0,0,False,,False,False,False,0,0,,,0,False,stage1_low_suspicion,,,,,,,,,1.0,True,0,False,False,False,0.0,0.0,,,,,,,,,,,,
123,secure-kyc.com,https://secure-kyc.com,urls.xlsx,,,,,,skipped,skipped,,not_attempted,,,,,,,False,False,False,,,lexical_prefilter_rejected,lexical_gate,lexical_prefilter_rejected,False,,False,False,False,True,,,fallback_top_k,State Bank of India (SBI),sbisecurities.in,0.0,,,0.6282,False,0,0,0,0,0,False,,False,False,False,0,0,,,0,False,stage1_low_suspicion,,,,,,,,,0.5217,False,0,False,False,False,0.0,0.0,,,,,,,,,,,,
124,update-account.online,https://update-account.online,urls.xlsx,,,,,,skipped,skipped,,not_attempted,,,,,,,False,False,False,,,lexical_prefilter_rejected,lexical_gate,lexical_prefilter_rejected,False,,False,False,False,True,,,fallback_top_k,Income Tax Department,contents.tdscpc.gov.in,0.0,,,0.6635,False,0,0,0,0,0,False,,False,False,False,0,0,,,0,False,stage1_low_suspicion,,,,,,,,,0.3,False,0,False,False,False,0.0,0.0,,,,,,,,,,,,
125,pnbindia-services.com,https://pnbindia-services.com,urls.xlsx,https://pnbindia-services.com,2026-04-10T14:56:22+00:00,127dba2762e4d19c725a838c02f24d662f4483cc9db6458fef6dceada99d9cc7,exact,pnbindia-services.com,,accepted,failed,not_attempted,navigation_error,"Page.goto: net::ERR_NAME_NOT_RESOLVED at https://pnbindia-services.com/ | Call log: - navigating to ""https://pnbindia-services.com/"", waiting until ""domcontentloaded""",,,,,False,False,False,,failed_fetch_strict_lexical_suspected,,hashing_shortlist,fetch_timeout_or_fetch_failed,True,Punjab National Bank (PNB),True,True,True,False,,,brand_token_match|jw_primary,Punjab National Bank (PNB),pnbindia.in,0.0,0.0,Low,0.8941,True,0,0,0,0,0,False,lexical_hit,False,False,False,0,0,pnbindia-services.com,,0,True,lexical_hit,0.0,-1,0.0,-1,0.0,-1,0.0,-1,0.64,False,0,False,False,True,26.8235,0.0,False,,,,,,,,False,False,False,False
126,verify-account.net,https://verify-account.net,urls.xlsx,,,,,,skipped,skipped,,not_attempted,,,,,,,False,False,False,,,lexical_prefilter_rejected,lexical_gate,lexical_prefilter_rejected,False,,False,False,False,True,,,fallback_top_k,Election Commision of India (ECI),eci.gov.in,0.0,,,0.6032,False,0,0,0,0,0,False,,False,False,False,0,0,,,0,False,stage1_low_suspicion,,,,,,,,,0.2353,False,0,False,False,False,0.0,0.0,,,,,,,,,,,,
127,dq67r.top,https://dq67r.top,urls.xlsx,,,,,,skipped,skipped,,not_attempted,,,,,,,False,False,False,,,lexical_prefilter_rejected,lexical_gate,lexical_prefilter_rejected,False,,False,False,False,True,,,fallback_top_k,BSE Ltd.,bsestarmf.in,0.0,,,0.5407,False,0,0,0,0,0,False,,False,False,False,0,0,,,0,False,stage1_low_suspicion,,,,,,,,,0.2857,False,0,False,False,False,0.0,0.0,,,,,,,,,,,,
128,annarbormarket.com,https://annarbormarket.com,urls.xlsx,,,,,,skipped,skipped,,not_attempted,,,,,,,False,False,False,,,lexical_prefilter_rejected,lexical_gate,lexical_prefilter_rejected,False,,False,False,False,True,,,fallback_top_k,Canara Bank,canararobeco.com,0.0,,,0.7235,False,0,0,0,0,0,False,,False,False,False,0,0,,,0,False,stage1_low_suspicion,,,,,,,,,0.5685,False,0,False,False,False,0.0,0.0,,,,,,,,,,,,
129,manto90.store,https://manto90.store,urls.xlsx,,,,,,skipped,skipped,,not_attempted,,,,,,,False,False,False,,,lexical_prefilter_rejected,lexical_gate,lexical_prefilter_rejected,False,,False,False,False,True,,,fallback_top_k,Bank of Baroda,onlinecasa.bankofbaroda.com,0.0,,,0.6349,False,0,0,0,0,0,False,,False,False,False,0,0,,,0,False,stage1_low_suspicion,,,,,,,,,0.4211,False,0,False,False,False,0.0,0.0,,,,,,,,,,,,
130,chargemoment.com,https://chargemoment.com,urls.xlsx,,,,,,skipped,skipped,,not_attempted,,,,,,,False,False,False,,,lexical_prefilter_rejected,lexical_gate,lexical_prefilter_rejected,False,,False,False,False,True,,,fallback_top_k,State Bank of India (SBI),homeloans.sbi,0.0,,,0.6667,False,0,0,0,0,0,False,,False,False,False,0,0,,,0,False,stage1_low_suspicion,,,,,,,,,0.4762,False,0,False,False,False,0.0,0.0,,,,,,,,,,,,
131,allsetfacilitygroup.com,https://allsetfacilitygroup.com,urls.xlsx,,,,,,skipped,skipped,,not_attempted,,,,,,,False,False,False,,,lexical_prefilter_rejected,lexical_gate,lexical_prefilter_rejected,False,,False,False,False,True,,,fallback_top_k,Election Commision of India (ECI),eci.gov.in,0.0,,,0.7193,False,0,0,0,0,0,False,,False,False,False,0,0,,,0,False,stage1_low_suspicion,,,,,,,,,0.2727,False,0,False,False,False,0.0,0.0,,,,,,,,,,,,
132,fjudoeuskadi.eus,https://fjudoeuskadi.eus,urls.xlsx,,,,,,skipped,skipped,,not_attempted,,,,,,,False,False,False,,,lexical_prefilter_rejected,lexical_gate,lexical_prefilter_rejected,False,,False,False,False,True,,,fallback_top_k,Jio,jio.com,0.0,,,0.6111,False,0,0,0,0,0,False,,False,False,False,0,0,,,0,False,stage1_low_suspicion,,,,,,,,,0.2667,False,0,False,False,False,0.0,0.0,,,,,,,,,,,,
133,786786786786.com,https://786786786786.com,urls.xlsx,,,,,,skipped,skipped,,not_attempted,,,,,,,False,False,False,,,lexical_prefilter_rejected,lexical_gate,lexical_prefilter_rejected,False,,False,False,False,True,,,fallback_top_k,Punjab National Bank (PNB),netpnb.com,0.0,,,0.5,False,0,0,0,0,0,False,,False,False,False,0,0,,,0,False,stage1_low_suspicion,,,,,,,,,0.2522,False,0,False,False,False,0.0,0.0,,,,,,,,,,,,
134,nevermindmedia.ch,https://nevermindmedia.ch,urls.xlsx,,,,,,skipped,skipped,,not_attempted,,,,,,,False,False,False,,,lexical_prefilter_rejected,lexical_gate,lexical_prefilter_rejected,False,,False,False,False,True,,,fallback_top_k,Punjab National Bank (PNB),pnbindia.in,0.0,,,0.7262,False,0,0,0,0,0,False,,False,False,False,0,0,,,0,False,stage1_low_suspicion,,,,,,,,,0.5455,False,0,False,False,False,0.0,0.0,,,,,,,,,,,,
135,519zx.top,https://519zx.top,urls.xlsx,,,,,,skipped,skipped,,not_attempted,,,,,,,False,False,False,,,lexical_prefilter_rejected,lexical_gate,lexical_prefilter_rejected,False,,False,False,False,True,,,fallback_top_k,State Bank of India (SBI),sbilife.co.in,0.0,,,0.5619,False,0,0,0,0,0,False,,False,False,False,0,0,,,0,False,stage1_low_suspicion,,,,,,,,,0.3333,False,0,False,False,False,0.0,0.0,,,,,,,,,,,,
136,71042.vip,https://71042.vip,urls.xlsx,,,,,,skipped,skipped,,not_attempted,,,,,,,False,False,False,,,generic_token_only_lexical_rejected,lexical_gate,generic_token_only_lexical_rejected,False,,False,False,False,True,,,fallback_top_k|generic_token_only,National Informatics Centre (NIC),cloud.gov.in,0.0,,,0.6,False,0,0,0,0,0,False,,False,False,False,0,0,,,0,False,stage1_low_suspicion,,,,,,,,,0.4,True,0,False,False,False,0.0,0.0,,,,,,,,,,,,
137,n6k6jqg8.top,https://n6k6jqg8.top,urls.xlsx,,,,,,skipped,skipped,,not_attempted,,,,,,,False,False,False,,,generic_token_only_lexical_rejected,lexical_gate,generic_token_only_lexical_rejected,False,,False,False,False,True,,,fallback_top_k|generic_token_only,Airtel,airtelpayments.bank.in,0.0,,,0.5833,False,0,0,0,0,0,False,,False,False,False,0,0,,,0,False,stage1_low_suspicion,,,,,,,,,0.3333,True,0,False,False,False,0.0,0.0,,,,,,,,,,,,
138,essentialcleaningservicesusa.com,https://essentialcleaningservicesusa.com,urls.xlsx,,,,,,skipped,skipped,,not_attempted,,,,,,,False,False,False,,,lexical_prefilter_rejected,lexical_gate,lexical_prefilter_rejected,False,,False,False,False,True,,,fallback_top_k,National Informatics Centre (NIC),nic.gov.in,0.0,,,0.7024,False,0,0,0,0,0,False,,False,False,False,0,0,,,0,False,stage1_low_suspicion,,,,,,,,,0.1935,False,0,False,False,False,0.0,0.0,,,,,,,,,,,,
139,soyprotagonistafinanciero.com,https://soyprotagonistafinanciero.com,urls.xlsx,,,,,,skipped,skipped,,not_attempted,,,,,,,False,False,False,,,lexical_prefilter_rejected,lexical_gate,lexical_prefilter_rejected,False,,False,False,False,True,,,fallback_top_k,parivahan sewa,parivahan.gov.in,0.0,,,0.5907,False,0,0,0,0,0,False,,False,False,False,0,0,,,0,False,stage1_low_suspicion,,,,,,,,,0.3529,False,0,False,False,False,0.0,0.0,,,,,,,,,,,,
140,rush-bodyplan.homes,https://rush-bodyplan.homes,urls.xlsx,,,,,,skipped,skipped,,not_attempted,,,,,,,False,False,False,,,lexical_prefilter_rejected,lexical_gate,lexical_prefilter_rejected,False,,False,False,False,True,,,fallback_top_k,Reserve Bank of India (RBI),rbi.org.in,0.0,,,0.6068,False,0,0,0,0,0,False,,False,False,False,0,0,,,0,False,stage1_low_suspicion,,,,,,,,,0.25,False,0,False,False,False,0.0,0.0,,,,,,,,,,,,
141,fxsnowcool.com,https://fxsnowcool.com,urls.xlsx,,,,,,skipped,skipped,,not_attempted,,,,,,,False,False,False,,,lexical_prefilter_rejected,lexical_gate,lexical_prefilter_rejected,False,,False,False,False,True,,,fallback_top_k,National Informatics Centre (NIC),nic.gov.in,0.0,,,0.6222,False,0,0,0,0,0,False,,False,False,False,0,0,,,0,False,stage1_low_suspicion,,,,,,,,,0.3077,False,0,False,False,False,0.0,0.0,,,,,,,,,,,,
142,94498.qpon,https://94498.qpon,urls.xlsx,,,,,,skipped,skipped,,not_attempted,,,,,,,False,False,False,,,lexical_prefilter_rejected,lexical_gate,lexical_prefilter_rejected,False,,False,False,False,True,,,fallback_top_k,Punjab National Bank (PNB),netpnb.com,0.0,,,0.4556,False,0,0,0,0,0,False,,False,False,False,0,0,,,0,False,stage1_low_suspicion,,,,,,,,,0.1818,False,0,False,False,False,0.0,0.0,,,,,,,,,,,,
143,enerzyph.com,https://enerzyph.com,urls.xlsx,,,,,,skipped,skipped,,not_attempted,,,,,,,False,False,False,,,lexical_prefilter_rejected,lexical_gate,lexical_prefilter_rejected,False,,False,False,False,True,,,fallback_top_k,Kfintech,kfintech.com,0.0,,,0.5833,False,0,0,0,0,0,False,,False,False,False,0,0,,,0,False,stage1_low_suspicion,,,,,,,,,0.405,False,0,False,False,False,0.0,0.0,,,,,,,,,,,,
144,joel-angelina-wedding.com,https://joel-angelina-wedding.com,urls.xlsx,,,,,,skipped,skipped,,not_attempted,,,,,,,False,False,False,,,lexical_prefilter_rejected,lexical_gate,lexical_prefilter_rejected,False,,False,False,False,True,,,fallback_top_k,Jio,jio.com,0.0,,,0.6032,False,0,0,0,0,0,False,,False,False,False,0,0,,,0,False,stage1_low_suspicion,,,,,,,,,0.1967,False,0,False,False,False,0.0,0.0,,,,,,,,,,,,
145,ofertaa643842315.sbs,https://ofertaa643842315.sbs,urls.xlsx,,,,,,skipped,skipped,,not_attempted,,,,,,,False,False,False,,,lexical_prefilter_rejected,lexical_gate,lexical_prefilter_rejected,False,,False,False,False,True,,,fallback_top_k,Coal India,coalindiatenders.nic.in,0.0,,,0.5774,False,0,0,0,0,0,False,,False,False,False,0,0,,,0,False,stage1_low_suspicion,,,,,,,,,0.375,False,0,False,False,False,0.0,0.0,,,,,,,,,,,,
146,inesceramica.pt,https://inesceramica.pt,urls.xlsx,,,,,,skipped,skipped,,not_attempted,,,,,,,False,False,False,,,lexical_prefilter_rejected,lexical_gate,lexical_prefilter_rejected,False,,False,False,False,True,,,fallback_top_k,Canara Bank,canarahsbclife.com,0.0,,,0.6627,False,0,0,0,0,0,False,,False,False,False,0,0,,,0,False,stage1_low_suspicion,,,,,,,,,0.3077,False,0,False,False,False,0.0,0.0,,,,,,,,,,,,
147,tayceculture.com,https://tayceculture.com,urls.xlsx,,,,,,skipped,skipped,,not_attempted,,,,,,,False,False,False,,,lexical_prefilter_rejected,lexical_gate,lexical_prefilter_rejected,False,,False,False,False,True,,,fallback_top_k,ICICI Bank,iciciprulife.com,0.0,,,0.6111,False,0,0,0,0,0,False,,False,False,False,0,0,,,0,False,stage1_low_suspicion,,,,,,,,,0.4467,False,0,False,False,False,0.0,0.0,,,,,,,,,,,,
148,ybiscom.fr,https://ybiscom.fr,urls.xlsx,,,,,,skipped,skipped,,not_attempted,,,,,,,False,False,False,,,lexical_prefilter_rejected,lexical_gate,lexical_prefilter_rejected,False,,False,False,False,True,,,fallback_top_k,National Informatics Centre (NIC),nic.gov.in,0.0,,,0.6508,False,0,0,0,0,0,False,,False,False,False,0,0,,,0,False,stage1_low_suspicion,,,,,,,,,0.4,False,0,False,False,False,0.0,0.0,,,,,,,,,,,,
149,digifant.network,https://digifant.network,urls.xlsx,,,,,,skipped,skipped,,not_attempted,,,,,,,False,False,False,,,lexical_prefilter_rejected,lexical_gate,lexical_prefilter_rejected,False,,False,False,False,True,,,fallback_top_k,HDFC Bank,netbanking.hdfcbank.com,0.0,,,0.6667,False,0,0,0,0,0,False,,False,False,False,0,0,,,0,False,stage1_low_suspicion,,,,,,,,,0.5,False,0,False,False,False,0.0,0.0,,,,,,,,,,,,
150,brandmappr.com,https://brandmappr.com,urls.xlsx,,,,,,skipped,skipped,,not_attempted,,,,,,,False,False,False,,,lexical_prefilter_rejected,lexical_gate,lexical_prefilter_rejected,False,,False,False,False,True,,,fallback_top_k,National Health Authority (NHA),abdm.gov.in,0.0,,,0.7167,False,0,0,0,0,0,False,,False,False,False,0,0,,,0,False,stage1_low_suspicion,,,,,,,,,0.4286,False,0,False,False,False,0.0,0.0,,,,,,,,,,,,
151,tredmind.com,https://tredmind.com,urls.xlsx,,,,,,skipped,skipped,,not_attempted,,,,,,,False,False,False,,,lexical_prefilter_rejected,lexical_gate,lexical_prefilter_rejected,False,,False,False,False,True,,,fallback_top_k,Election Commision of India (ECI),eci.gov.in,0.0,,,0.6389,False,0,0,0,0,0,False,,False,False,False,0,0,,,0,False,stage1_low_suspicion,,,,,,,,,0.3636,False,0,False,False,False,0.0,0.0,,,,,,,,,,,,
152,carelessvibe.com,https://carelessvibe.com,urls.xlsx,,,,,,skipped,skipped,,not_attempted,,,,,,,False,False,False,,,lexical_prefilter_rejected,lexical_gate,lexical_prefilter_rejected,False,,False,False,False,True,,,fallback_top_k,Airtel,airtel.in,0.0,,,0.6667,False,0,0,0,0,0,False,,False,False,False,0,0,,,0,False,stage1_low_suspicion,,,,,,,,,0.4444,False,0,False,False,False,0.0,0.0,,,,,,,,,,,,
153,vipslot.casino,https://vipslot.casino,urls.xlsx,,,,,,skipped,skipped,,not_attempted,,,,,,,False,False,False,,,lexical_prefilter_rejected,lexical_gate,lexical_prefilter_rejected,False,,False,False,False,True,,,fallback_top_k,Bharat Sanchar Nigam Limited (BSNL),bsnl.co.in,0.0,,,0.5952,False,0,0,0,0,0,False,,False,False,False,0,0,,,0,False,stage1_low_suspicion,,,,,,,,,0.3636,False,0,False,False,False,0.0,0.0,,,,,,,,,,,,
154,itplayegypt.win,https://itplayegypt.win,urls.xlsx,,,,,,skipped,skipped,,not_attempted,,,,,,,False,False,False,,,lexical_prefilter_rejected,lexical_gate,lexical_prefilter_rejected,False,,False,False,False,True,,,fallback_top_k,Airtel,airtel.in,0.0,,,0.6293,False,0,0,0,0,0,False,,False,False,False,0,0,,,0,False,stage1_low_suspicion,,,,,,,,,0.3529,False,0,False,False,False,0.0,0.0,,,,,,,,,,,,
155,mediavision.store,https://mediavision.store,urls.xlsx,,,,,,skipped,skipped,,not_attempted,,,,,,,False,False,False,,,lexical_prefilter_rejected,lexical_gate,lexical_prefilter_rejected,False,,False,False,False,True,,,fallback_top_k,All India Institute of Medical Sciences (AIIMS),aiims.edu,0.0,,,0.7515,False,0,0,0,0,0,False,,False,False,False,0,0,,,0,False,stage1_low_suspicion,,,,,,,,,0.375,False,0,False,False,False,0.0,0.0,,,,,,,,,,,,
156,8eight.com.tw,https://8eight.com.tw,urls.xlsx,,,,,,skipped,skipped,,not_attempted,,,,,,,False,False,False,,,lexical_prefilter_rejected,lexical_gate,lexical_prefilter_rejected,False,,False,False,False,True,,,fallback_top_k,Election Commision of India (ECI),eci.gov.in,0.0,,,0.6667,False,0,0,0,0,0,False,,False,False,False,0,0,,,0,False,stage1_low_suspicion,,,,,,,,,0.4444,False,0,False,False,False,0.0,0.0,,,,,,,,,,,,
157,permabrows.us,https://permabrows.us,urls.xlsx,,,,,,skipped,skipped,,not_attempted,,,,,,,False,False,False,,,lexical_prefilter_rejected,lexical_gate,lexical_prefilter_rejected,False,,False,False,False,True,,,fallback_top_k,Reserve Bank of India (RBI),rbi.org.in,0.0,,,0.6222,False,0,0,0,0,0,False,,False,False,False,0,0,,,0,False,stage1_low_suspicion,,,,,,,,,0.3077,False,0,False,False,False,0.0,0.0,,,,,,,,,,,,
158,ibramep.com,https://ibramep.com,urls.xlsx,,,,,,skipped,skipped,,not_attempted,,,,,,,False,False,False,,,lexical_prefilter_rejected,lexical_gate,lexical_prefilter_rejected,False,,False,False,False,True,,,fallback_top_k,Reserve Bank of India (RBI),rbi.org.in,0.0,,,0.6984,False,0,0,0,0,0,False,,False,False,False,0,0,,,0,False,stage1_low_suspicion,,,,,,,,,0.2,False,0,False,False,False,0.0,0.0,,,,,,,,,,,,
159,laoshuanliagou.bond,https://laoshuanliagou.bond,urls.xlsx,,,,,,skipped,skipped,,not_attempted,,,,,,,False,False,False,,,generic_token_only_lexical_rejected,lexical_gate,generic_token_only_lexical_rejected,False,,False,False,False,True,,,fallback_top_k|generic_token_only,National Informatics Centre (NIC),cloud.gov.in,0.0,,,0.6048,False,0,0,0,0,0,False,,False,False,False,0,0,,,0,False,stage1_low_suspicion,,,,,,,,,0.3158,True,0,False,False,False,0.0,0.0,,,,,,,,,,,,
160,traverseskier.com,https://traverseskier.com,urls.xlsx,,,,,,skipped,skipped,,not_attempted,,,,,,,False,False,False,,,lexical_prefilter_rejected,lexical_gate,lexical_prefilter_rejected,False,,False,False,False,True,,,fallback_top_k,Airtel,airtel.in,0.0,,,0.5748,False,0,0,0,0,0,False,,False,False,False,0,0,,,0,False,stage1_low_suspicion,,,,,,,,,0.3158,False,0,False,False,False,0.0,0.0,,,,,,,,,,,,
161,twentysixer.ru,https://twentysixer.ru,urls.xlsx,,,,,,skipped,skipped,,not_attempted,,,,,,,False,False,False,,,lexical_prefilter_rejected,lexical_gate,lexical_prefilter_rejected,False,,False,False,False,True,,,fallback_top_k,Vodafone Idea (VI),myvi.in,0.0,,,0.5606,False,0,0,0,0,0,False,,False,False,False,0,0,,,0,False,stage1_low_suspicion,,,,,,,,,0.2667,False,0,False,False,False,0.0,0.0,,,,,,,,,,,,
162,dynamicdigitalmastery.com,https://dynamicdigitalmastery.com,urls.xlsx,,,,,,skipped,skipped,,not_attempted,,,,,,,False,False,False,,,lexical_prefilter_rejected,lexical_gate,lexical_prefilter_rejected,False,,False,False,False,True,,,fallback_top_k,National Informatics Centre (NIC),nic.gov.in,0.0,,,0.7143,False,0,0,0,0,0,False,,False,False,False,0,0,,,0,False,stage1_low_suspicion,,,,,,,,,0.25,False,0,False,False,False,0.0,0.0,,,,,,,,,,,,
163,quadbottles.store,https://quadbottles.store,urls.xlsx,,,,,,skipped,skipped,,not_attempted,,,,,,,False,False,False,,,lexical_prefilter_rejected,lexical_gate,lexical_prefilter_rejected,False,,False,False,False,True,,,fallback_top_k,Coal India,coalindiatenders.nic.in,0.0,,,0.596,False,0,0,0,0,0,False,,False,False,False,0,0,,,0,False,stage1_low_suspicion,,,,,,,,,0.3704,False,0,False,False,False,0.0,0.0,,,,,,,,,,,,
164,lfsidou.com,https://lfsidou.com,urls.xlsx,,,,,,skipped,skipped,,not_attempted,,,,,,,False,False,False,,,lexical_prefilter_rejected,lexical_gate,lexical_prefilter_rejected,False,,False,False,False,True,,,fallback_top_k,State Bank of India (SBI),sbi.co.in,0.0,,,0.6508,False,0,0,0,0,0,False,,False,False,False,0,0,,,0,False,stage1_low_suspicion,,,,,,,,,0.4,False,0,False,False,False,0.0,0.0,,,,,,,,,,,,
165,5500betsk.com,https://5500betsk.com,urls.xlsx,,,,,,skipped,skipped,,not_attempted,,,,,,,False,False,False,,,lexical_prefilter_rejected,lexical_gate,lexical_prefilter_rejected,False,,False,False,False,True,,,fallback_top_k,State Bank of India (SBI),sbisecurities.in,0.0,,,0.6538,False,0,0,0,0,0,False,,False,False,False,0,0,,,0,False,stage1_low_suspicion,,,,,,,,,0.4545,False,0,False,False,False,0.0,0.0,,,,,,,,,,,,
166,roisgloballogam.com,https://roisgloballogam.com,urls.xlsx,,,,,,skipped,skipped,,not_attempted,,,,,,,False,False,False,,,lexical_prefilter_rejected,lexical_gate,lexical_prefilter_rejected,False,,False,False,False,True,,,fallback_top_k,Reserve Bank of India (RBI),rbi.org.in,0.0,,,0.6222,False,0,0,0,0,0,False,,False,False,False,0,0,,,0,False,stage1_low_suspicion,,,,,,,,,0.2222,False,0,False,False,False,0.0,0.0,,,,,,,,,,,,
167,cifibiu.pro,https://cifibiu.pro,urls.xlsx,,,,,,skipped,skipped,,not_attempted,,,,,,,False,False,False,,,lexical_prefilter_rejected,lexical_gate,lexical_prefilter_rejected,False,,False,False,False,True,,,fallback_top_k,State Bank of India (SBI),sbisecurities.in,0.0,,,0.6618,False,0,0,0,0,0,False,,False,False,False,0,0,,,0,False,stage1_low_suspicion,,,,,,,,,0.3,False,0,False,False,False,0.0,0.0,,,,,,,,,,,,
168,abfquoelx.com,https://abfquoelx.com,urls.xlsx,,,,,,skipped,skipped,,not_attempted,,,,,,,False,False,False,,,lexical_prefilter_rejected,lexical_gate,lexical_prefilter_rejected,False,,False,False,False,True,,,fallback_top_k,Airtel,airtel.in,0.0,,,0.6111,False,0,0,0,0,0,False,,False,False,False,0,0,,,0,False,stage1_low_suspicion,,,,,,,,,0.4,False,0,False,False,False,0.0,0.0,,,,,,,,,,,,
169,wfbmus.org,https://wfbmus.org,urls.xlsx,,,,,,skipped,skipped,,not_attempted,,,,,,,False,False,False,,,lexical_prefilter_rejected,lexical_gate,lexical_prefilter_rejected,False,,False,False,False,True,,,fallback_top_k,National Health Authority (NHA),abdm.gov.in,0.0,,,0.6111,False,0,0,0,0,0,False,,False,False,False,0,0,,,0,False,stage1_low_suspicion,,,,,,,,,0.4,False,0,False,False,False,0.0,0.0,,,,,,,,,,,,
170,edugig.xyz,https://edugig.xyz,urls.xlsx,,,,,,skipped,skipped,,not_attempted,,,,,,,False,False,False,,,lexical_prefilter_rejected,lexical_gate,lexical_prefilter_rejected,False,,False,False,False,True,,,fallback_top_k,Election Commision of India (ECI),eci.gov.in,0.0,,,0.6667,False,0,0,0,0,0,False,,False,False,False,0,0,,,0,False,stage1_low_suspicion,,,,,,,,,0.4444,False,0,False,False,False,0.0,0.0,,,,,,,,,,,,
171,app-mkwangzhi.com,https://app-mkwangzhi.com,urls.xlsx,,,,,,skipped,skipped,,not_attempted,,,,,,,False,False,False,,,lexical_prefilter_rejected,lexical_gate,lexical_prefilter_rejected,False,,False,False,False,True,,,fallback_top_k,Computer Age Management Services Ltd. (CAMS),camsonline.com,0.0,,,0.5692,False,0,0,0,0,0,False,,False,False,False,0,0,,,0,False,stage1_low_suspicion,,,,,,,,,0.3778,False,0,False,False,False,0.0,0.0,,,,,,,,,,,,
172,wantianzf.com,https://wantianzf.com,urls.xlsx,,,,,,skipped,skipped,,not_attempted,,,,,,,False,False,False,,,lexical_prefilter_rejected,lexical_gate,lexical_prefilter_rejected,False,,False,False,False,True,,,fallback_top_k,National Informatics Centre (NIC),nic.gov.in,0.0,,,0.6296,False,0,0,0,0,0,False,,False,False,False,0,0,,,0,False,stage1_low_suspicion,,,,,,,,,0.3333,False,0,False,False,False,0.0,0.0,,,,,,,,,,,,
173,shaart.com,https://shaart.com,urls.xlsx,,,,,,skipped,skipped,,not_attempted,,,,,,,False,False,False,,,lexical_prefilter_rejected,lexical_gate,lexical_prefilter_rejected,False,,False,False,False,True,,,fallback_top_k,Airtel,airtel.in,0.0,,,0.6667,False,0,0,0,0,0,False,,False,False,False,0,0,,,0,False,stage1_low_suspicion,,,,,,,,,0.5,False,0,False,False,False,0.0,0.0,,,,,,,,,,,,
174,unqvrhr60.shop,https://unqvrhr60.shop,urls.xlsx,,,,,,skipped,skipped,,not_attempted,,,,,,,False,False,False,,,lexical_prefilter_rejected,lexical_gate,lexical_prefilter_rejected,False,,False,False,False,True,,,fallback_top_k,Canara Bank,canararobeco.com,0.0,,,0.5926,False,0,0,0,0,0,False,,False,False,False,0,0,,,0,False,stage1_low_suspicion,,,,,,,,,0.381,False,0,False,False,False,0.0,0.0,,,,,,,,,,,,
175,lesfermesdespoir.fr,https://lesfermesdespoir.fr,urls.xlsx,,,,,,skipped,skipped,,not_attempted,,,,,,,False,False,False,,,lexical_prefilter_rejected,lexical_gate,lexical_prefilter_rejected,False,,False,False,False,True,,,fallback_top_k,BSE Ltd.,bsestarmf.in,0.0,,,0.5694,False,0,0,0,0,0,False,,False,False,False,0,0,,,0,False,stage1_low_suspicion,,,,,,,,,0.32,False,0,False,False,False,0.0,0.0,,,,,,,,,,,,
176,preprod-ucimtbworldseries.com,https://preprod-ucimtbworldseries.com,urls.xlsx,,,,,,skipped,skipped,,not_attempted,,,,,,,False,False,False,,,lexical_prefilter_rejected,lexical_gate,lexical_prefilter_rejected,False,,False,False,False,True,,,fallback_top_k,Election Commision of India (ECI),eci.gov.in,0.0,,,0.7067,False,0,0,0,0,0,False,,False,False,False,0,0,,,0,False,stage1_low_suspicion,,,,,,,,,0.2143,False,0,False,False,False,0.0,0.0,,,,,,,,,,,,
177,inwestonauci.pl,https://inwestonauci.pl,urls.xlsx,,,,,,skipped,skipped,,not_attempted,,,,,,,False,False,False,,,lexical_prefilter_rejected,lexical_gate,lexical_prefilter_rejected,False,,False,False,False,True,,,fallback_top_k,Punjab National Bank (PNB),netpnb.com,0.0,,,0.6667,False,0,0,0,0,0,False,,False,False,False,0,0,,,0,False,stage1_low_suspicion,,,,,,,,,0.4444,False,0,False,False,False,0.0,0.0,,,,,,,,,,,,
178,anptght-jp.com,https://anptght-jp.com,urls.xlsx,,,,,,skipped,skipped,,not_attempted,,,,,,,False,False,False,,,lexical_prefilter_rejected,lexical_gate,lexical_prefilter_rejected,False,,False,False,False,True,,,fallback_top_k,National Health Authority (NHA),nha.gov.in,0.0,,,0.6556,False,0,0,0,0,0,False,,False,False,False,0,0,,,0,False,stage1_low_suspicion,,,,,,,,,0.3077,False,0,False,False,False,0.0,0.0,,,,,,,,,,,,
179,hometownsewickley.com,https://hometownsewickley.com,urls.xlsx,,,,,,skipped,skipped,,not_attempted,,,,,,,False,False,False,,,lexical_prefilter_rejected,lexical_gate,lexical_prefilter_rejected,False,,False,False,False,True,,,fallback_top_k,State Bank of India (SBI),homeloans.sbi,0.0,,,0.8379,False,0,0,0,0,0,False,,False,False,False,0,0,,,0,False,stage1_low_suspicion,,,,,,,,,0.5385,False,0,False,False,False,0.0,0.0,,,,,,,,,,,,
180,clayhole.click,https://clayhole.click,urls.xlsx,,,,,,skipped,skipped,,not_attempted,,,,,,,False,False,False,,,lexical_prefilter_rejected,lexical_gate,lexical_prefilter_rejected,False,,False,False,False,True,,,fallback_top_k,Computer Age Management Services Ltd. (CAMS),camsonline.com,0.0,,,0.7375,False,0,0,0,0,0,False,,False,False,False,0,0,,,0,False,stage1_low_suspicion,,,,,,,,,0.5556,False,0,False,False,False,0.0,0.0,,,,,,,,,,,,
181,f1blue.com,https://f1blue.com,urls.xlsx,,,,,,skipped,skipped,,not_attempted,,,,,,,False,False,False,,,lexical_prefilter_rejected,lexical_gate,lexical_prefilter_rejected,False,,False,False,False,True,,,fallback_top_k,HDFC Bank,hdfclife.com,0.0,,,0.625,False,0,0,0,0,0,False,,False,False,False,0,0,,,0,False,stage1_low_suspicion,,,,,,,,,0.4586,False,0,False,False,False,0.0,0.0,,,,,,,,,,,,
182,suesholidayhub.com,https://suesholidayhub.com,urls.xlsx,,,,,,skipped,skipped,,not_attempted,,,,,,,False,False,False,,,lexical_prefilter_rejected,lexical_gate,lexical_prefilter_rejected,False,,False,False,False,True,,,fallback_top_k,"Unique Identification Authority of India (UIDAI)
",uidai.gov.in,0.0,,,0.6952,False,0,0,0,0,0,False,,False,False,False,0,0,,,0,False,stage1_low_suspicion,,,,,,,,,0.4211,False,0,False,False,False,0.0,0.0,,,,,,,,,,,,
183,jiaotongzd.com,https://jiaotongzd.com,urls.xlsx,,,,,,skipped,skipped,,not_attempted,,,,,,,False,False,False,,,lexical_prefilter_rejected,lexical_gate,lexical_prefilter_rejected,False,,False,False,False,True,,,fallback_top_k,Jio,jio.com,0.0,,,0.8133,False,0,0,0,0,0,False,,False,False,False,0,0,,,0,False,stage1_low_suspicion,,,,,,,,,0.4915,False,0,False,False,False,0.0,0.0,,,,,,,,,,,,
184,soilandturfconsulting.com,https://soilandturfconsulting.com,urls.xlsx,,,,,,skipped,skipped,,not_attempted,,,,,,,False,False,False,,,lexical_prefilter_rejected,lexical_gate,lexical_prefilter_rejected,False,,False,False,False,True,,,fallback_top_k,State Bank of India (SBI),sbicard.com,0.0,,,0.6587,False,0,0,0,0,0,False,,False,False,False,0,0,,,0,False,stage1_low_suspicion,,,,,,,,,0.3157,False,0,False,False,False,0.0,0.0,,,,,,,,,,,,
185,my-auth23948.com,https://my-auth23948.com,urls.xlsx,,,,,,skipped,skipped,,not_attempted,,,,,,,False,False,False,,,lexical_prefilter_rejected,lexical_gate,lexical_prefilter_rejected,False,,False,False,False,True,,,fallback_top_k,Airtel,airtel.in,0.0,,,0.5833,False,0,0,0,0,0,False,,False,False,False,0,0,,,0,False,stage1_low_suspicion,,,,,,,,,0.3333,False,0,False,False,False,0.0,0.0,,,,,,,,,,,,
186,metaads.pro,https://metaads.pro,urls.xlsx,,,,,,skipped,skipped,,not_attempted,,,,,,,False,False,False,,,lexical_prefilter_rejected,lexical_gate,lexical_prefilter_rejected,False,,False,False,False,True,,,fallback_top_k,Income Tax Department,incometaxindia.gov.in,0.0,,,0.6905,False,0,0,0,0,0,False,,False,False,False,0,0,,,0,False,stage1_low_suspicion,,,,,,,,,0.4762,False,0,False,False,False,0.0,0.0,,,,,,,,,,,,
187,globalbookpublication.com,https://globalbookpublication.com,urls.xlsx,,,,,,skipped,skipped,,not_attempted,,,,,,,False,False,False,,,generic_token_only_lexical_rejected,lexical_gate,generic_token_only_lexical_rejected,False,,False,False,False,True,,,fallback_top_k|generic_token_only,Airtel,airtelpayments.bank.in,0.0,,,0.631,False,0,0,0,0,0,False,,False,False,False,0,0,,,0,False,stage1_low_suspicion,,,,,,,,,0.3,True,0,False,False,False,0.0,0.0,,,,,,,,,,,,
188,creditrepair-help.com,https://creditrepair-help.com,urls.xlsx,,,,,,skipped,skipped,,not_attempted,,,,,,,False,False,False,,,lexical_prefilter_rejected,lexical_gate,lexical_prefilter_rejected,False,,False,False,False,True,,,fallback_top_k,Election Commision of India (ECI),eci.gov.in,0.0,,,0.6144,False,0,0,0,0,0,False,,False,False,False,0,0,,,0,False,stage1_low_suspicion,,,,,,,,,0.2,False,0,False,False,False,0.0,0.0,,,,,,,,,,,,
189,ampmskincare.com,https://ampmskincare.com,urls.xlsx,,,,,,skipped,skipped,,not_attempted,,,,,,,False,False,False,,,lexical_prefilter_rejected,lexical_gate,lexical_prefilter_rejected,False,,False,False,False,True,,,fallback_top_k,All India Institute of Medical Sciences (AIIMS),aiimsexams.ac.in,0.0,,,0.6444,False,0,0,0,0,0,False,,False,False,False,0,0,,,0,False,stage1_low_suspicion,,,,,,,,,0.3636,False,0,False,False,False,0.0,0.0,,,,,,,,,,,,
190,s-s-a.us,https://s-s-a.us,urls.xlsx,,,,,,skipped,skipped,,not_attempted,,,,,,,False,False,False,,,lexical_prefilter_rejected,lexical_gate,lexical_prefilter_rejected,False,,False,False,False,True,,,fallback_top_k,BSE Ltd.,bsestarmf.in,0.0,,,0.6444,False,0,0,0,0,0,False,,False,False,False,0,0,,,0,False,stage1_low_suspicion,,,,,,,,,0.4286,False,0,False,False,False,0.0,0.0,,,,,,,,,,,,
191,sportrade.blog,https://sportrade.blog,urls.xlsx,,,,,,skipped,skipped,,not_attempted,,,,,,,False,False,False,,,lexical_prefilter_rejected,lexical_gate,lexical_prefilter_rejected,False,,False,False,False,True,,,fallback_top_k,Canara Bank,canararobeco.com,0.0,,,0.5907,False,0,0,0,0,0,False,,False,False,False,0,0,,,0,False,stage1_low_suspicion,,,,,,,,,0.2857,False,0,False,False,False,0.0,0.0,,,,,,,,,,,,
192,brierleysovereigngroup.info,https://brierleysovereigngroup.info,urls.xlsx,,,,,,skipped,skipped,,not_attempted,,,,,,,False,False,False,,,lexical_prefilter_rejected,lexical_gate,lexical_prefilter_rejected,False,,False,False,False,True,,,fallback_top_k,State Bank of India (SBI),corp.onlinesbi.sbi,0.0,,,0.6034,False,0,0,0,0,0,False,,False,False,False,0,0,,,0,False,stage1_low_suspicion,,,,,,,,,0.2778,False,0,False,False,False,0.0,0.0,,,,,,,,,,,,
193,surpriseoflifellc.com,https://surpriseoflifellc.com,urls.xlsx,,,,,,skipped,skipped,,not_attempted,,,,,,,False,False,False,,,lexical_prefilter_rejected,lexical_gate,lexical_prefilter_rejected,False,,False,False,False,True,,,fallback_top_k,Indian Oil Corporation Limited (IOCL),iocl.com,0.0,,,0.6422,False,0,0,0,0,0,False,,False,False,False,0,0,,,0,False,stage1_low_suspicion,,,,,,,,,0.3157,False,0,False,False,False,0.0,0.0,,,,,,,,,,,,
194,aetyk.cc,https://aetyk.cc,urls.xlsx,,,,,,skipped,skipped,,not_attempted,,,,,,,False,False,False,,,generic_token_only_lexical_rejected,lexical_gate,generic_token_only_lexical_rejected,False,,False,False,False,True,,,fallback_top_k|generic_token_only,Airtel,airtelpayments.bank.in,0.0,,,0.6333,False,0,0,0,0,0,False,,False,False,False,0,0,,,0,False,stage1_low_suspicion,,,,,,,,,0.4444,True,0,False,False,False,0.0,0.0,,,,,,,,,,,,
195,outlandscodex.ai,https://outlandscodex.ai,urls.xlsx,,,,,,skipped,skipped,,not_attempted,,,,,,,False,False,False,,,lexical_prefilter_rejected,lexical_gate,lexical_prefilter_rejected,False,,False,False,False,True,,,fallback_top_k,Income Tax Department,contents.tdscpc.gov.in,0.0,,,0.6581,False,0,0,0,0,0,False,,False,False,False,0,0,,,0,False,stage1_low_suspicion,,,,,,,,,0.4286,False,0,False,False,False,0.0,0.0,,,,,,,,,,,,
196,kycedeoni.autos,https://kycedeoni.autos,urls.xlsx,,,,,,skipped,skipped,,not_attempted,,,,,,,False,False,False,,,lexical_prefilter_rejected,lexical_gate,lexical_prefilter_rejected,False,,False,False,False,True,,,fallback_top_k,"Civil Registration System, MHA (RGCCI)",crsorgi.gov.in,0.0,,,0.5873,False,0,0,0,0,0,False,,False,False,False,0,0,,,0,False,stage1_low_suspicion,,,,,,,,,0.375,False,0,False,False,False,0.0,0.0,,,,,,,,,,,,
197,o3zxth.top,https://o3zxth.top,urls.xlsx,,,,,,skipped,skipped,,not_attempted,,,,,,,False,False,False,,,lexical_prefilter_rejected,lexical_gate,lexical_prefilter_rejected,False,,False,False,False,True,,,fallback_top_k,Income Tax Department,incometaxindia.gov.in,0.0,,,0.5675,False,0,0,0,0,0,False,,False,False,False,0,0,,,0,False,stage1_low_suspicion,,,,,,,,,0.3,False,0,False,False,False,0.0,0.0,,,,,,,,,,,,
198,suaconsulta2026.online,https://suaconsulta2026.online,urls.xlsx,,,,,,skipped,skipped,,not_attempted,,,,,,,False,False,False,,,lexical_prefilter_rejected,lexical_gate,lexical_prefilter_rejected,False,,False,False,False,True,,,fallback_top_k,Bharat Sanchar Nigam Limited (BSNL),bsnl.co.in,0.0,,,0.65,False,0,0,0,0,0,False,,False,False,False,0,0,,,0,False,stage1_low_suspicion,,,,,,,,,0.3158,False,0,False,False,False,0.0,0.0,,,,,,,,,,,,
199,commerium.co.uk,https://commerium.co.uk,urls.xlsx,,,,,,skipped,skipped,,not_attempted,,,,,,,False,False,False,,,lexical_prefilter_rejected,lexical_gate,lexical_prefilter_rejected,False,,False,False,False,True,,,fallback_top_k,"Civil Registration System, MHA (RGCCI)",crsorgi.gov.in,0.0,,,0.672,False,0,0,0,0,0,False,,False,False,False,0,0,,,0,False,stage1_low_suspicion,,,,,,,,,0.5,False,0,False,False,False,0.0,0.0,,,,,,,,,,,,
200,outergood.ru,https://outergood.ru,urls.xlsx,,,,,,skipped,skipped,,not_attempted,,,,,,,False,False,False,,,lexical_prefilter_rejected,lexical_gate,lexical_prefilter_rejected,False,,False,False,False,True,,,fallback_top_k,Bank of Baroda,onlinecasa.bankofbaroda.com,0.0,,,0.5926,False,0,0,0,0,0,False,,False,False,False,0,0,,,0,False,stage1_low_suspicion,,,,,,,,,0.381,False,0,False,False,False,0.0,0.0,,,,,,,,,,,,
201,graniteindustriesinc.com,https://graniteindustriesinc.com,urls.xlsx,,,,,,skipped,skipped,,not_attempted,,,,,,,False,False,False,,,lexical_prefilter_rejected,lexical_gate,lexical_prefilter_rejected,False,,False,False,False,True,,,fallback_top_k,Air India,airindiaexpress.com,0.0,,,0.6889,False,0,0,0,0,0,False,,False,False,False,0,0,,,0,False,stage1_low_suspicion,,,,,,,,,0.4871,False,0,False,False,False,0.0,0.0,,,,,,,,,,,,
202,thelocksmithcrew.com,https://thelocksmithcrew.com,urls.xlsx,,,,,,skipped,skipped,,not_attempted,,,,,,,False,False,False,,,lexical_prefilter_rejected,lexical_gate,lexical_prefilter_rejected,False,,False,False,False,True,,,fallback_top_k,Election Commision of India (ECI),eci.gov.in,0.0,,,0.7292,False,0,0,0,0,0,False,,False,False,False,0,0,,,0,False,stage1_low_suspicion,,,,,,,,,0.3158,False,0,False,False,False,0.0,0.0,,,,,,,,,,,,
203,avbyfpho.shop,https://avbyfpho.shop,urls.xlsx,,,,,,skipped,skipped,,not_attempted,,,,,,,False,False,False,,,lexical_prefilter_rejected,lexical_gate,lexical_prefilter_rejected,False,,False,False,False,True,,,fallback_top_k,National Health Authority (NHA),abdm.gov.in,0.0,,,0.5833,False,0,0,0,0,0,False,,False,False,False,0,0,,,0,False,stage1_low_suspicion,,,,,,,,,0.3333,False,0,False,False,False,0.0,0.0,,,,,,,,,,,,
204,elit-stomatolog.ru,https://elit-stomatolog.ru,urls.xlsx,,,,,,skipped,skipped,,not_attempted,,,,,,,False,False,False,,,lexical_prefilter_rejected,lexical_gate,lexical_prefilter_rejected,False,,False,False,False,True,,,fallback_top_k,State Bank of India (SBI),homeloans.sbi,0.0,,,0.6053,False,0,0,0,0,0,False,,False,False,False,0,0,,,0,False,stage1_low_suspicion,,,,,,,,,0.3333,False,0,False,False,False,0.0,0.0,,,,,,,,,,,,
205,chillcollege.com,https://chillcollege.com,urls.xlsx,,,,,,skipped,skipped,,not_attempted,,,,,,,False,False,False,,,generic_token_only_lexical_rejected,lexical_gate,generic_token_only_lexical_rejected,False,,False,False,False,True,,,fallback_top_k|generic_token_only,National Informatics Centre (NIC),cloud.gov.in,0.0,,,0.6167,False,0,0,0,0,0,False,,False,False,False,0,0,,,0,False,stage1_low_suspicion,,,,,,,,,0.3529,True,0,False,False,False,0.0,0.0,,,,,,,,,,,,
206,bluewaterpoolsusa.com,https://bluewaterpoolsusa.com,urls.xlsx,,,,,,skipped,skipped,,not_attempted,,,,,,,False,False,False,,,lexical_prefilter_rejected,lexical_gate,lexical_prefilter_rejected,False,,False,False,False,True,,,fallback_top_k,Airtel,airtel.in,0.0,,,0.5758,False,0,0,0,0,0,False,,False,False,False,0,0,,,0,False,stage1_low_suspicion,,,,,,,,,0.3478,False,0,False,False,False,0.0,0.0,,,,,,,,,,,,
207,abx5n1n7.cc,https://abx5n1n7.cc,urls.xlsx,,,,,,skipped,skipped,,not_attempted,,,,,,,False,False,False,,,lexical_prefilter_rejected,lexical_gate,lexical_prefilter_rejected,False,,False,False,False,True,,,fallback_top_k,Bharat Sanchar Nigam Limited (BSNL),bsnl.co.in,0.0,,,0.8333,False,0,0,0,0,0,False,,False,False,False,0,0,,,0,False,stage1_low_suspicion,,,,,,,,,0.6667,False,0,False,False,False,0.0,0.0,,,,,,,,,,,,
208,lml2vipaff05.cc,https://lml2vipaff05.cc,urls.xlsx,,,,,,skipped,skipped,,not_attempted,,,,,,,False,False,False,,,lexical_prefilter_rejected,lexical_gate,lexical_prefilter_rejected,False,,False,False,False,True,,,fallback_top_k,Vodafone Idea (VI),myvi.in,0.0,,,0.6667,False,0,0,0,0,0,False,,False,False,False,0,0,,,0,False,stage1_low_suspicion,,,,,,,,,0.375,False,0,False,False,False,0.0,0.0,,,,,,,,,,,,
209,bramclaw.my.id,https://bramclaw.my.id,urls.xlsx,,,,,,skipped,skipped,,not_attempted,,,,,,,False,False,False,,,lexical_prefilter_rejected,lexical_gate,lexical_prefilter_rejected,False,,False,False,False,True,,,fallback_top_k,National Health Authority (NHA),abdm.gov.in,0.0,,,0.5972,False,0,0,0,0,0,False,,False,False,False,0,0,,,0,False,stage1_low_suspicion,,,,,,,,,0.3333,False,0,False,False,False,0.0,0.0,,,,,,,,,,,,
210,wildlayers.com,https://wildlayers.com,urls.xlsx,,,,,,skipped,skipped,,not_attempted,,,,,,,False,False,False,,,lexical_prefilter_rejected,lexical_gate,lexical_prefilter_rejected,False,,False,False,False,True,,,fallback_top_k,Coal India,coalindiatenders.nic.in,0.0,,,0.6649,False,0,0,0,0,0,False,,False,False,False,0,0,,,0,False,stage1_low_suspicion,,,,,,,,,0.4615,False,0,False,False,False,0.0,0.0,,,,,,,,,,,,
211,rosastoneeg.com,https://rosastoneeg.com,urls.xlsx,,,,,,skipped,skipped,,not_attempted,,,,,,,False,False,False,,,lexical_prefilter_rejected,lexical_gate,lexical_prefilter_rejected,False,,False,False,False,True,,,fallback_top_k,Airtel,airtel.in,0.0,,,0.5934,False,0,0,0,0,0,False,,False,False,False,0,0,,,0,False,stage1_low_suspicion,,,,,,,,,0.3529,False,0,False,False,False,0.0,0.0,,,,,,,,,,,,
212,ezbrd.co,https://ezbrd.co,urls.xlsx,,,,,,skipped,skipped,,not_attempted,,,,,,,False,False,False,,,lexical_prefilter_rejected,lexical_gate,lexical_prefilter_rejected,False,,False,False,False,True,,,fallback_top_k,State Bank of India (SBI),sbicard.com,0.0,,,0.6762,False,0,0,0,0,0,False,,False,False,False,0,0,,,0,False,stage1_low_suspicion,,,,,,,,,0.5,False,0,False,False,False,0.0,0.0,,,,,,,,,,,,
213,connect2people360x.info,https://connect2people360x.info,urls.xlsx,,,,,,skipped,skipped,,not_attempted,,,,,,,False,False,False,,,lexical_prefilter_rejected,lexical_gate,lexical_prefilter_rejected,False,,False,False,False,True,,,fallback_top_k,Computer Age Management Services Ltd. (CAMS),camsonline.com,0.0,,,0.5889,False,0,0,0,0,0,False,,False,False,False,0,0,,,0,False,stage1_low_suspicion,,,,,,,,,0.3571,False,0,False,False,False,0.0,0.0,,,,,,,,,,,,
214,mis4624.cc,https://mis4624.cc,urls.xlsx,,,,,,skipped,skipped,,not_attempted,,,,,,,False,False,False,,,generic_token_only_lexical_rejected,lexical_gate,generic_token_only_lexical_rejected,False,,False,False,False,True,,,fallback_top_k|generic_token_only,National Informatics Centre (NIC),kavach.mail.gov.in,0.0,,,0.5952,False,0,0,0,0,0,False,,False,False,False,0,0,,,0,False,stage1_low_suspicion,,,,,,,,,0.3636,True,0,False,False,False,0.0,0.0,,,,,,,,,,,,
215,ncbackyardbouncers.com,https://ncbackyardbouncers.com,urls.xlsx,,,,,,skipped,skipped,,not_attempted,,,,,,,False,False,False,,,generic_token_only_lexical_rejected,lexical_gate,generic_token_only_lexical_rejected,False,,False,False,False,True,,,fallback_top_k|generic_token_only,Airtel,airtelpayments.bank.in,0.0,,,0.6574,False,0,0,0,0,0,False,,False,False,False,0,0,,,0,False,stage1_low_suspicion,,,,,,,,,0.2727,True,0,False,False,False,0.0,0.0,,,,,,,,,,,,
216,daisyfrost.com,https://daisyfrost.com,urls.xlsx,,,,,,skipped,skipped,,not_attempted,,,,,,,False,False,False,,,lexical_prefilter_rejected,lexical_gate,lexical_prefilter_rejected,False,,False,False,False,True,,,fallback_top_k,Axis Bank,axismf.com,0.0,,,0.6889,False,0,0,0,0,0,False,,False,False,False,0,0,,,0,False,stage1_low_suspicion,,,,,,,,,0.53,False,0,False,False,False,0.0,0.0,,,,,,,,,,,,
217,freedomroadfinancialdealerhub.com,https://freedomroadfinancialdealerhub.com,urls.xlsx,,,,,,skipped,skipped,,not_attempted,,,,,,,False,False,False,,,generic_token_only_lexical_rejected,lexical_gate,generic_token_only_lexical_rejected,False,,False,False,False,True,,,fallback_top_k|generic_token_only,National Informatics Centre (NIC),kavach.mail.gov.in,0.0,,,0.6178,False,0,0,0,0,0,False,,False,False,False,0,0,,,0,False,stage1_low_suspicion,,,,,,,,,0.25,True,0,False,False,False,0.0,0.0,,,,,,,,,,,,
218,di9rke.top,https://di9rke.top,urls.xlsx,,,,,,skipped,skipped,,not_attempted,,,,,,,False,False,False,,,lexical_prefilter_rejected,lexical_gate,lexical_prefilter_rejected,False,,False,False,False,True,,,fallback_top_k,Airtel,airtel.in,0.0,,,0.6667,False,0,0,0,0,0,False,,False,False,False,0,0,,,0,False,stage1_low_suspicion,,,,,,,,,0.5,False,0,False,False,False,0.0,0.0,,,,,,,,,,,,
219,flydownloads.space,https://flydownloads.space,urls.xlsx,,,,,,skipped,skipped,,not_attempted,,,,,,,False,False,False,,,lexical_prefilter_rejected,lexical_gate,lexical_prefilter_rejected,False,,False,False,False,True,,,fallback_top_k,State Bank of India (SBI),homeloans.sbi,0.0,,,0.6111,False,0,0,0,0,0,False,,False,False,False,0,0,,,0,False,stage1_low_suspicion,,,,,,,,,0.4762,False,0,False,False,False,0.0,0.0,,,,,,,,,,,,
220,sweetcookii.com,https://sweetcookii.com,urls.xlsx,,,,,,skipped,skipped,,not_attempted,,,,,,,False,False,False,,,lexical_prefilter_rejected,lexical_gate,lexical_prefilter_rejected,False,,False,False,False,True,,,fallback_top_k,Election Commision of India (ECI),eci.gov.in,0.0,,,0.6162,False,0,0,0,0,0,False,,False,False,False,0,0,,,0,False,stage1_low_suspicion,,,,,,,,,0.4286,False,0,False,False,False,0.0,0.0,,,,,,,,,,,,
221,phoenixwanderlust.in,https://phoenixwanderlust.in,urls.xlsx,,,,,,skipped,skipped,,not_attempted,,,,,,,False,False,False,,,lexical_prefilter_rejected,lexical_gate,lexical_prefilter_rejected,False,,False,False,False,True,,,fallback_top_k,Punjab National Bank (PNB),pnbindia.in,0.0,,,0.6454,False,0,0,0,0,0,False,,False,False,False,0,0,,,0,False,stage1_low_suspicion,,,,,,,,,0.43,False,0,False,False,False,0.0,0.0,,,,,,,,,,,,
222,coastalcounselingcenter.org,https://coastalcounselingcenter.org,urls.xlsx,,,,,,skipped,skipped,,not_attempted,,,,,,,False,False,False,,,lexical_prefilter_rejected,lexical_gate,lexical_prefilter_rejected,False,,False,False,False,True,,,fallback_top_k,Coal India,coalindiatenders.nic.in,0.0,,,0.69,False,0,0,0,0,0,False,,False,False,False,0,0,,,0,False,stage1_low_suspicion,,,,,,,,,0.5128,False,0,False,False,False,0.0,0.0,,,,,,,,,,,,
223,pulsefck.store,https://pulsefck.store,urls.xlsx,,,,,,skipped,skipped,,not_attempted,,,,,,,False,False,False,,,lexical_prefilter_rejected,lexical_gate,lexical_prefilter_rejected,False,,False,False,False,True,,,fallback_top_k,HDFC Bank,netbanking.hdfcbank.com,0.0,,,0.5833,False,0,0,0,0,0,False,,False,False,False,0,0,,,0,False,stage1_low_suspicion,,,,,,,,,0.375,False,0,False,False,False,0.0,0.0,,,,,,,,,,,,
224,oliveandjunes.store,https://oliveandjunes.store,urls.xlsx,,,,,,skipped,skipped,,not_attempted,,,,,,,False,False,False,,,lexical_prefilter_rejected,lexical_gate,lexical_prefilter_rejected,False,,False,False,False,True,,,fallback_top_k,Coal India,coalindiatenders.nic.in,0.0,,,0.6981,False,0,0,0,0,0,False,,False,False,False,0,0,,,0,False,stage1_low_suspicion,,,,,,,,,0.5517,False,0,False,False,False,0.0,0.0,,,,,,,,,,,,
225,airtel-merchants.club,https://airtel-merchants.club,urls.xlsx|AIGR-S66270_Ground_Truth.xlsx,https://airtel-merchants.club,2026-04-10T14:56:21+00:00,024bce4539d644727d55eb7ba57e33711e7613a88120094d62b280b5be71af14,exact,airtel-merchants.club,,accepted,failed,not_attempted,navigation_error,"Page.goto: net::ERR_NAME_NOT_RESOLVED at https://airtel-merchants.club/ | Call log: - navigating to ""https://airtel-merchants.club/"", waiting until ""domcontentloaded""",,,,,False,False,False,,failed_fetch_strict_lexical_suspected,,hashing_shortlist,fetch_timeout_or_fetch_failed,True,Airtel,True,True,True,False,,,brand_token_match|jw_primary,Airtel,airtel.in,0.0,0.0,Low,0.875,True,0,0,0,0,0,False,lexical_hit,False,False,False,0,0,airtel-merchants.club,,0,True,lexical_hit,0.0,-1,0.0,-1,0.0,-1,0.0,-1,0.5455,False,0,False,False,True,26.25,0.0,False,,,,,,,,False,False,False,False
226,airtele.xyz,https://airtele.xyz,urls.xlsx|AIGR-S66270_Ground_Truth.xlsx,https://airtele.xyz,2026-04-10T14:56:23+00:00,91ae79b2324d64ef201f6c15923fefc9fbb914afeee2b6e1c771776d40484eca,exact,airtele.xyz,,accepted,failed,not_attempted,navigation_error,"Page.goto: net::ERR_NAME_NOT_RESOLVED at https://airtele.xyz/ | Call log: - navigating to ""https://airtele.xyz/"", waiting until ""domcontentloaded""",,,,,False,False,False,,failed_fetch_strict_lexical_suspected,,hashing_shortlist,fetch_timeout_or_fetch_failed,True,Airtel,True,True,True,False,,,jw_primary|token_set_primary|skeleton_similarity|host_similarity,Airtel,airtel.in,0.0,0.0,Low,0.9714,True,0,0,0,0,0,False,lexical_hit,False,False,False,0,0,airtele.xyz,,0,True,lexical_hit,0.0,-1,0.0,-1,0.0,-1,0.0,-1,0.9231,False,0,False,False,True,29.1429,0.0,False,,,,,,,,False,False,False,False
227,paarivahan.com,https://paarivahan.com,urls.xlsx|AIGR-S66270_Ground_Truth.xlsx,https://paarivahan.com,2026-04-10T14:56:23+00:00,25e91e15ed103ba26dd2995e7b8f910d1f44653fd5578813e181bd5c49958832,exact,paarivahan.com,,accepted,failed,not_attempted,navigation_error,"Page.goto: net::ERR_NAME_NOT_RESOLVED at https://paarivahan.com/ | Call log: - navigating to ""https://paarivahan.com/"", waiting until ""domcontentloaded""",,,,,False,False,False,,failed_fetch_strict_lexical_suspected,,hashing_shortlist,fetch_timeout_or_fetch_failed,True,parivahan sewa,True,True,True,False,,,jw_primary|token_set_primary|skeleton_similarity|host_similarity,parivahan sewa,parivahan.gov.in,0.0,0.0,Low,0.9474,True,0,0,0,0,0,False,lexical_hit,False,False,False,0,0,paarivahan.com,,0,True,lexical_hit,0.0,-1,0.0,-1,0.0,-1,0.0,-1,0.9474,False,0,False,False,True,28.4211,0.0,False,,,,,,,,False,False,False,False
228,airtell.ai,https://airtell.ai,urls.xlsx|AIGR-S66270_Ground_Truth.xlsx,https://airtell.ai,2026-04-10T14:56:29+00:00,3f369f17116fd0be14dcf3e991285c626e0ea4399bf912bc0f7b444b24d9ccd2,exact,airtell.ai,,accepted,fetched,available,,,https://airtell.ai,,,,True,True,False,,weak_direct_evidence|network_corroboration,,,,True,Airtel,True,True,True,False,weak_direct_evidence|network_corroboration,weak_direct_evidence|network_corroboration,jw_primary|token_set_primary|skeleton_similarity|host_similarity|stage1_brand_seed,Airtel,airtel.in,52.0408,52.0408,Low,0.9714,True,8,0,0,6,14,False,redirect_brand_match|final_domain_brand_match|js_redirect,False,False,False,1,0,airtell.ai,,114,False,stage1_low_suspicion,0.0,-1,0.0,-1,0.0,-1,0.0,-1,0.9231,False,0,False,False,False,29.1429,0.0,False,,/home/user7/new_code/phishing_ml/phishing_pipeline/screens/airtell.ai.png,,d1de915b74383a6ac9c3f7b54e965aa9de98184f3c98e999259d71be1cd61d1e,82d3edd2b884067e419a2caab78b38d42a8785821b77aa10064a0044d23d3f0a,,e1f9a12b4c8d16b5ab970a58de8d37b951fa4cc6b2e11ce7adeb9aea667ac202,False,False,False,False
229,axisupi.com,https://axisupi.com,urls.xlsx|AIGR-S66270_Ground_Truth.xlsx,https://axisupi.com,2026-04-10T14:56:54+00:00,54a7492398ec6e757b4379f199b5168e01aa0730084492c31067ba3ce9d186d1,exact,axisupi.com,,accepted,timeout,not_attempted,navigation_timeout,"Page.goto: Timeout 15000ms exceeded. | Call log: - navigating to ""https://axisupi.com/"", waiting until ""commit""",,,,,False,False,False,,failed_fetch_strict_lexical_suspected,,hashing_shortlist,fetch_timeout_or_fetch_failed,True,Axis Bank,False,True,False,False,,,fallback_top_k,Axis Bank,axismf.com,0.0,0.0,Low,0.8476,True,0,0,0,0,0,False,lexical_hit,False,False,False,0,0,axisupi.com,,0,True,lexical_hit,0.0,-1,0.0,-1,0.0,-1,0.0,-1,0.6454,False,0,False,False,True,25.4286,0.0,False,,,,,,,,False,False,False,False
230,uidaiaadhardownload.com,https://uidaiaadhardownload.com,urls.xlsx|AIGR-S66270_Ground_Truth.xlsx,https://uidaiaadhardownload.com,2026-04-10T14:56:31+00:00,3d600c49338f974223f09d4033a746e0fcea68bc3b5a90df01fb31ddada2997d,exact,uidaiaadhardownload.com,,accepted,fetched,available,,,https://uidaiaadhardownload.com/,,,,True,True,False,,score_threshold|weak_direct_evidence|network_corroboration,,,,True,"Unique Identification Authority of India (UIDAI)
",True,True,True,False,score_threshold|weak_direct_evidence|network_corroboration,score_threshold|weak_direct_evidence|network_corroboration,jw_primary,"Unique Identification Authority of India (UIDAI)
",uidai.gov.in,58.134,58.134,Low,0.8526,True,0,0,0,0,0,False,lexical_hit,False,False,False,0,0,uidaiaadhardownload.com,,0,True,lexical_hit,0.0,-1,0.0,-1,0.0,-1,0.0,-1,0.4167,False,1,False,False,False,25.5789,0.0,False,,/home/user7/new_code/phishing_ml/phishing_pipeline/screens/uidaiaadhardownload.com.png,,2a18aaa7ef0ca4a0b7891d671a82cfbce0b2c8cda2c9893b722ca52a526e8e51,a4abbc88c051adfb745757b00ad25982d143985944daee3b641e5b7f478505d8,,1fde7cd7960081349b8b25fb5cb15bcfa886e1d50b537acbb8eeb1af28f9489a,False,False,False,False
231,sbireward.com,https://sbireward.com,urls.xlsx|AIGR-S66270_Ground_Truth.xlsx,https://sbireward.com,2026-04-10T14:56:30+00:00,551ce8debfba01c35dac092da94e39934aeee3a84573b376d3353a4a4b98d07c,exact,sbireward.com,,accepted,failed,not_attempted,navigation_error,"Page.goto: net::ERR_NAME_NOT_RESOLVED at https://sbireward.com/ | Call log: - navigating to ""https://sbireward.com/"", waiting until ""domcontentloaded""",,,,,False,False,False,,failed_fetch_strict_lexical_suspected,,hashing_shortlist,fetch_timeout_or_fetch_failed,True,State Bank of India (SBI),True,True,True,False,,,jw_primary,State Bank of India (SBI),sbicard.com,0.0,0.0,Low,0.85,True,0,0,0,0,0,False,lexical_hit,False,False,False,0,0,sbireward.com,,0,True,lexical_hit,0.0,-1,0.0,-1,0.0,-1,0.0,-1,0.78,False,0,False,False,True,25.5,0.0,False,,,,,,,,False,False,False,False
232,airtel-zungusha.lol,https://airtel-zungusha.lol,AIGR-S66270_Ground_Truth.xlsx,https://airtel-zungusha.lol,2026-04-10T14:56:57+00:00,1a3b355fe4d6855ca0d571dc7b4f26d5cfa0f0a2f83753af927a405ede5021a3,exact,airtel-zungusha.lol,,accepted,failed,not_attempted,navigation_error,"Page.goto: net::ERR_NAME_NOT_RESOLVED at https://airtel-zungusha.lol/ | Call log: - navigating to ""https://airtel-zungusha.lol/"", waiting until ""domcontentloaded""",,,,,False,False,False,,failed_fetch_strict_lexical_suspected,,hashing_shortlist,fetch_timeout_or_fetch_failed,True,Airtel,True,True,True,False,,,brand_token_match|jw_primary,Airtel,airtel.in,0.0,0.0,Low,0.88,True,0,0,0,0,0,False,lexical_hit,False,False,False,0,0,airtel-zungusha.lol,,0,True,lexical_hit,0.0,-1,0.0,-1,0.0,-1,0.0,-1,0.5714,False,0,False,False,True,26.4,0.0,False,,,,,,,,False,False,False,False
233,airtelmetaverse.com,https://airtelmetaverse.com,AIGR-S66270_Ground_Truth.xlsx,https://airtelmetaverse.com,2026-04-10T14:56:37+00:00,802e9eb34fb0c1b589b2a3c4e2df1f1a2d61c299652c5a94b92901bcd145bfd8,exact,airtelmetaverse.com,,accepted,failed,not_attempted,navigation_transient_browser_error,Page.content: Unable to retrieve content because the page is navigating and changing the content.,,,,,False,False,False,,failed_fetch_strict_lexical_suspected,,hashing_shortlist,fetch_timeout_or_fetch_failed,True,Airtel,True,True,True,False,,,jw_primary,Airtel,airtel.in,0.0,0.0,Low,0.88,True,0,0,0,0,0,False,lexical_hit,False,False,False,0,0,airtelmetaverse.com,,0,True,lexical_hit,0.0,-1,0.0,-1,0.0,-1,0.0,-1,0.5714,False,0,False,False,True,26.4,0.0,False,,,,,,,,False,False,False,False
234,incometaxgov.info,https://incometaxgov.info,AIGR-S66270_Ground_Truth.xlsx,https://incometaxgov.info,2026-04-10T14:56:39+00:00,4dc09b2ea68497f0a4b271845f5119e7e4f8135e0b9411696d37a0d374adfd87,exact,incometaxgov.info,,accepted,failed,not_attempted,navigation_error,"Page.goto: net::ERR_CONNECTION_REFUSED at https://incometaxgov.info/ | Call log: - navigating to ""https://incometaxgov.info/"", waiting until ""domcontentloaded""",,,,,False,False,False,,failed_fetch_strict_lexical_suspected,,hashing_shortlist,fetch_timeout_or_fetch_failed,True,Income Tax Department,True,True,True,False,,,jw_primary,Income Tax Department,incometaxindia.gov.in,0.0,0.0,Low,0.8786,True,0,0,0,0,0,False,lexical_hit,False,False,False,0,0,incometaxgov.info,,0,True,lexical_hit,0.0,-1,0.0,-1,0.0,-1,0.0,-1,0.6923,False,0,False,False,True,26.3571,0.0,False,,,,,,,,False,False,False,False
235,incometaxgov.org,https://incometaxgov.org,AIGR-S66270_Ground_Truth.xlsx,https://incometaxgov.org,2026-04-10T14:57:04+00:00,1ca454c8d6d7c0190880b52b214f6cc7c3842a62d0b478caae7f255095cc8bd4,exact,incometaxgov.org,,accepted,fetched,available,,,https://incometaxgov.org/,,,,True,True,False,,weak_direct_evidence|network_corroboration,,,,True,Income Tax Department,True,True,True,False,weak_direct_evidence|network_corroboration,weak_direct_evidence|network_corroboration,jw_primary,Income Tax Department,incometaxindia.gov.in,37.6531,37.6531,Low,0.8786,True,0,0,0,0,0,False,lexical_hit,False,False,False,0,0,incometaxgov.org,,0,True,lexical_hit,0.0,-1,0.0,-1,0.0,-1,0.0,-1,0.6923,False,0,False,False,False,26.3571,0.0,False,,/home/user7/new_code/phishing_ml/phishing_pipeline/screens/incometaxgov.org.png,7680f20a9de94bc3156895aaee339eb0c364f7c456e11e54dcec6e46712b4e47,fbcda8f10558dfcfda079ae9fb297b0a6a74039710e2544c7f307694dc539221,a7fe83ec64bb23eb28090598db3d166ed98e52e39d1afbbfd74c579553f93e4e,,c8fd76450ec1c94a404a39bf5b4d6f722115370eedbbe628279f957459ccdb28,False,False,False,False
236,crsor.info,https://crsor.info,AIGR-S66270_Ground_Truth.xlsx,https://crsor.info,2026-04-10T14:57:25+00:00,90d0f27fd6d64d53722cafc7aeb805b86a15e44c1d4cff932868ed227ba72512,exact,crsor.info,,accepted,timeout,not_attempted,navigation_timeout,"Page.goto: Timeout 15000ms exceeded. | Call log: - navigating to ""https://crsor.info/"", waiting until ""commit""",,,,,False,False,False,,failed_fetch_strict_lexical_suspected,,hashing_shortlist,fetch_timeout_or_fetch_failed,True,"Civil Registration System, MHA (RGCCI)",True,True,True,False,,,jw_primary,"Civil Registration System, MHA (RGCCI)",crsorgi.gov.in,0.0,0.0,Low,0.9429,True,0,0,0,0,0,False,lexical_hit,False,False,False,0,0,crsor.info,,0,True,lexical_hit,0.0,-1,0.0,-1,0.0,-1,0.0,-1,0.8333,False,0,False,False,True,28.2857,0.0,False,,,,,,,,False,False,False,False
