run_id,emitted_at,stage,substage,event_kind,status,worker_id,record_key,stage_elapsed_ms,interval_ms,items_total,items_completed,items_failed,items_skipped,items_pending,queue_depth,inflight,rate_per_sec,avg_latency_ms,max_latency_ms,cpu_percent,process_cpu_percent,rss_mb,ram_percent,used_cpu_cores,available_cpu_cores,bottleneck,message,details_json
run_20260424T151533Z,2026-04-24T15:15:33+00:00,run,,run_start,running,,,,,,,,,,,,,,,,,,,,,,,{}
run_20260424T151533Z,2026-04-24T15:16:03+00:00,run,,run_end,failed,,,,,,,,,,,,,,,,,,,,,,No module named 'phishing_pipeline.comparison',{}
run_20260424T151533Z,2026-04-24T15:21:39+00:00,run,,run_start,running,,,,,,,,,,,,,,,,,,,,,,,{}
run_20260424T151533Z,2026-04-24T15:21:41+00:00,classify,classify,progress,,,,,,,,,,,,,,,,,,,,,,,,"{""classify_actors"": 1, ""controller"": {""action"": ""init"", ""available_cpu"": 0.0, ""checkpoint_pending_rows"": 0, ""classify_inflight_cap"": 1, ""classify_inflight_floor"": 1, ""classify_live_inflight"": 1, ""cpu_headroom_cores"": 6, ""cpu_utilization"": 0.0, ""enabled"": true, ""event_loop_lag_ms"": 0.0, ""healthy_streak"": 0, ""progress_completed"": 0, ""reason"": ""startup"", ""target_cpu_utilization"": 0.82}, ""failed"": 0, ""flagged"": 0, ""inflight"": 1, ""ocr"": {}, ""review"": 0}"
run_20260424T151533Z,2026-04-24T15:21:46+00:00,classify,classify,progress,,,,,,,,,,,,,,,,,,,,,,,,"{""classify_actors"": 1, ""controller"": {""action"": ""hold"", ""available_cpu"": 6.0, ""checkpoint_pending_rows"": 94, ""classify_inflight_cap"": 1, ""classify_inflight_floor"": 1, ""classify_live_inflight"": 1, ""cpu_headroom_cores"": 6, ""cpu_utilization"": 0.25, ""enabled"": true, ""event_loop_lag_ms"": 11.623, ""healthy_streak"": 0, ""progress_completed"": 0, ""reason"": ""steady"", ""target_cpu_utilization"": 0.82}, ""failed"": 0, ""flagged"": 0, ""inflight"": 1, ""ocr"": {""batches_processed"": 0, ""items_processed"": 0, ""last_batch_size"": 0, ""queue_depth"": 0, ""ready"": false}, ""review"": 0}"
run_20260424T151533Z,2026-04-24T15:21:51+00:00,classify,classify,progress,,,,,,,,,,,,,,,,,,,,,,,,"{""classify_actors"": 1, ""controller"": {""action"": ""hold"", ""available_cpu"": 6.0, ""checkpoint_pending_rows"": 96, ""classify_inflight_cap"": 1, ""classify_inflight_floor"": 1, ""classify_live_inflight"": 1, ""cpu_headroom_cores"": 6, ""cpu_utilization"": 0.25, ""enabled"": true, ""event_loop_lag_ms"": 0.0, ""healthy_streak"": 0, ""progress_completed"": 0, ""reason"": ""steady"", ""target_cpu_utilization"": 0.82}, ""failed"": 0, ""flagged"": 0, ""inflight"": 1, ""ocr"": {""batches_processed"": 0, ""items_processed"": 0, ""last_batch_size"": 0, ""queue_depth"": 0, ""ready"": false}, ""review"": 0}"
run_20260424T151533Z,2026-04-24T15:21:56+00:00,classify,classify,progress,,,,,,,,,,,,,,,,,,,,,,,,"{""classify_actors"": 1, ""controller"": {""action"": ""hold"", ""available_cpu"": 6.0, ""checkpoint_pending_rows"": 95, ""classify_inflight_cap"": 1, ""classify_inflight_floor"": 1, ""classify_live_inflight"": 1, ""cpu_headroom_cores"": 6, ""cpu_utilization"": 0.25, ""enabled"": true, ""event_loop_lag_ms"": 17.03, ""healthy_streak"": 0, ""progress_completed"": 0, ""reason"": ""steady"", ""target_cpu_utilization"": 0.82}, ""failed"": 0, ""flagged"": 0, ""inflight"": 1, ""ocr"": {""batches_processed"": 0, ""items_processed"": 0, ""last_batch_size"": 0, ""queue_depth"": 0, ""ready"": false}, ""review"": 0}"
run_20260424T151533Z,2026-04-24T15:22:01+00:00,classify,classify,progress,,,,,,,,,,,,,,,,,,,,,,,,"{""classify_actors"": 1, ""controller"": {""action"": ""hold"", ""available_cpu"": 6.0, ""checkpoint_pending_rows"": 97, ""classify_inflight_cap"": 1, ""classify_inflight_floor"": 1, ""classify_live_inflight"": 1, ""cpu_headroom_cores"": 6, ""cpu_utilization"": 0.25, ""enabled"": true, ""event_loop_lag_ms"": 22.548, ""healthy_streak"": 0, ""progress_completed"": 0, ""reason"": ""steady"", ""target_cpu_utilization"": 0.82}, ""failed"": 0, ""flagged"": 0, ""inflight"": 1, ""ocr"": {""batches_processed"": 0, ""items_processed"": 0, ""last_batch_size"": 0, ""queue_depth"": 0, ""ready"": false}, ""review"": 0}"
run_20260424T151533Z,2026-04-24T15:22:06+00:00,classify,classify,progress,,,,,,,,,,,,,,,,,,,,,,,,"{""classify_actors"": 1, ""controller"": {""action"": ""hold"", ""available_cpu"": 6.0, ""checkpoint_pending_rows"": 97, ""classify_inflight_cap"": 1, ""classify_inflight_floor"": 1, ""classify_live_inflight"": 1, ""cpu_headroom_cores"": 6, ""cpu_utilization"": 0.25, ""enabled"": true, ""event_loop_lag_ms"": 26.135, ""healthy_streak"": 0, ""progress_completed"": 0, ""reason"": ""steady"", ""target_cpu_utilization"": 0.82}, ""failed"": 0, ""flagged"": 0, ""inflight"": 1, ""ocr"": {""batches_processed"": 0, ""items_processed"": 0, ""last_batch_size"": 0, ""queue_depth"": 0, ""ready"": false}, ""review"": 0}"
run_20260424T151533Z,2026-04-24T15:19:38+00:00,run,,run_start,running,,,,,,,,,,,,,,,,,,,,,,,{}
run_20260424T151533Z,2026-04-24T15:20:05+00:00,stage0,,progress,lexical_hit,stage0-lexical,6420f5aa3a0258bccafd7d2bc9a7104bafcb1e70,0,,,,,,,,,,,,,,,,,,,,{}
run_20260424T151533Z,2026-04-24T15:20:05+00:00,stage0,,progress,filtered_lexical_miss,stage0-lexical,ba7dc36ef04d6dd23d0731861a31df84d0e83e7a,0,,,,,,,,,,,,,,,,,,,,{}
run_20260424T151533Z,2026-04-24T15:20:05+00:00,stage0,,progress,filtered_lexical_miss,stage0-lexical,7869b928f3d5095fc6323e15724dae6b5196ce52,0,,,,,,,,,,,,,,,,,,,,{}
run_20260424T151533Z,2026-04-24T15:20:05+00:00,stage0,,progress,filtered_lexical_miss,stage0-lexical,d22ba9634929bddefa894648a9d061a1b2ac1e3d,0,,,,,,,,,,,,,,,,,,,,{}
run_20260424T151533Z,2026-04-24T15:20:05+00:00,stage0,,progress,filtered_lexical_miss,stage0-lexical,178371712650885cc55f0310b6d76af0a8905177,0,,,,,,,,,,,,,,,,,,,,{}
run_20260424T151533Z,2026-04-24T15:20:05+00:00,stage0,,progress,filtered_lexical_miss,stage0-lexical,65a48a8220adc4c1c3e3b0b131689e4fd445f4dd,0,,,,,,,,,,,,,,,,,,,,{}
run_20260424T151533Z,2026-04-24T15:20:05+00:00,stage0,,progress,lexical_hit,stage0-lexical,ca3c26211370470384ea3f3a7d7ef0bb88735584,0,,,,,,,,,,,,,,,,,,,,{}
run_20260424T151533Z,2026-04-24T15:20:05+00:00,stage0,,progress,filtered_lexical_miss,stage0-lexical,497d4c82d74dd82c59cb5a22544a70f669c64380,0,,,,,,,,,,,,,,,,,,,,{}
run_20260424T151533Z,2026-04-24T15:20:05+00:00,stage0,,progress,filtered_lexical_miss,stage0-lexical,2ef6a407dac5df8f883bb4f1a93494efad36e816,0,,,,,,,,,,,,,,,,,,,,{}
run_20260424T151533Z,2026-04-24T15:20:05+00:00,stage0,,progress,filtered_lexical_miss,stage0-lexical,bce735225df444d74db56b89104b1bd0640ade6c,0,,,,,,,,,,,,,,,,,,,,{}
run_20260424T151533Z,2026-04-24T15:20:05+00:00,stage0,,progress,filtered_lexical_miss,stage0-lexical,d9786bc609121a6219626a5cffabdbe6fc5a903e,0,,,,,,,,,,,,,,,,,,,,{}
run_20260424T151533Z,2026-04-24T15:20:05+00:00,stage0,,progress,lexical_hit,stage0-lexical,0529c8dea36870914b2f7ec6bb39ea89eeea3c07,0,,,,,,,,,,,,,,,,,,,,{}
run_20260424T151533Z,2026-04-24T15:20:05+00:00,stage0,,progress,lexical_hit,stage0-lexical,216062e525b0c7c8a88506afd60fe76aad21f119,0,,,,,,,,,,,,,,,,,,,,{}
run_20260424T151533Z,2026-04-24T15:20:05+00:00,stage0,,progress,lexical_hit,stage0-lexical,982a7db2572e66e9a171080c104dc1330186879a,0,,,,,,,,,,,,,,,,,,,,{}
run_20260424T151533Z,2026-04-24T15:20:05+00:00,stage0,,progress,filtered_lexical_miss,stage0-lexical,d2bf3a61b52e563e66c8c0ec18d4a6bb73ac00b0,0,,,,,,,,,,,,,,,,,,,,{}
run_20260424T151533Z,2026-04-24T15:20:05+00:00,stage0,,progress,lexical_hit,stage0-lexical,c86b90b76afa7a5151cda98a3fc54cda7cc8a6aa,0,,,,,,,,,,,,,,,,,,,,{}
run_20260424T151533Z,2026-04-24T15:20:05+00:00,stage0,,progress,lexical_hit,stage0-lexical,02bb56a0dd9d37f9495dab6f6ce26c3103e5465f,0,,,,,,,,,,,,,,,,,,,,{}
run_20260424T151533Z,2026-04-24T15:20:05+00:00,stage0,,progress,filtered_lexical_miss,stage0-lexical,53e4f14e0d4b57ad027a92e87be1a1eeb25bfa2b,0,,,,,,,,,,,,,,,,,,,,{}
run_20260424T151533Z,2026-04-24T15:20:05+00:00,stage0,,progress,lexical_hit,stage0-lexical,8ecf5eece16725b14cb36eb88a48dc02741ece20,0,,,,,,,,,,,,,,,,,,,,{}
run_20260424T151533Z,2026-04-24T15:20:05+00:00,stage0,,progress,lexical_hit,stage0-lexical,899a05caedf503b2f64d37deeafaabc30acbbbd4,0,,,,,,,,,,,,,,,,,,,,{}
run_20260424T151533Z,2026-04-24T15:20:05+00:00,stage0,,progress,filtered_lexical_miss,stage0-lexical,4fb4125853d8add2ac271f070ba1035288bed853,0,,,,,,,,,,,,,,,,,,,,{}
run_20260424T151533Z,2026-04-24T15:20:05+00:00,stage0,,progress,filtered_lexical_miss,stage0-lexical,a6c897aef7d7f6fc5e4b2e2b2944634bb5d56fd7,0,,,,,,,,,,,,,,,,,,,,{}
run_20260424T151533Z,2026-04-24T15:20:05+00:00,stage0,,progress,filtered_lexical_miss,stage0-lexical,d33eaa3d2fb2d77f30b68ab6d087da80227cf22d,0,,,,,,,,,,,,,,,,,,,,{}
run_20260424T151533Z,2026-04-24T15:20:05+00:00,stage0,,progress,filtered_lexical_miss,stage0-lexical,89ae9bab7a418925bbfc390dab4a9c1f7ca0348b,0,,,,,,,,,,,,,,,,,,,,{}
run_20260424T151533Z,2026-04-24T15:20:05+00:00,stage0,,progress,filtered_lexical_miss,stage0-lexical,25112a6e138c6046f194323696779d5132fca93b,0,,,,,,,,,,,,,,,,,,,,{}
run_20260424T151533Z,2026-04-24T15:20:05+00:00,stage0,,progress,filtered_lexical_miss,stage0-lexical,2ded35edfc568cd5a3d26a20a4e9b67a5fe61973,0,,,,,,,,,,,,,,,,,,,,{}
run_20260424T151533Z,2026-04-24T15:20:05+00:00,stage0,,progress,filtered_lexical_miss,stage0-lexical,4f8dabe5124b66c1deb420d70503cee989f6b68a,0,,,,,,,,,,,,,,,,,,,,{}
run_20260424T151533Z,2026-04-24T15:20:05+00:00,stage0,,progress,lexical_hit,stage0-lexical,60c9191c67218212ac0413576593f9b3285f9c99,0,,,,,,,,,,,,,,,,,,,,{}
run_20260424T151533Z,2026-04-24T15:20:05+00:00,stage0,,progress,lexical_hit,stage0-lexical,7e6a7017b748a5efe69ffbd5cc20e132d149adb3,0,,,,,,,,,,,,,,,,,,,,{}
run_20260424T151533Z,2026-04-24T15:20:05+00:00,stage0,,progress,filtered_lexical_miss,stage0-lexical,6fde1142ed67ced4de5f1231d059c2cb8476dfb5,0,,,,,,,,,,,,,,,,,,,,{}
run_20260424T151533Z,2026-04-24T15:20:05+00:00,stage0,,progress,filtered_lexical_miss,stage0-lexical,a3d48c0a8092f6d3324047598e5e422c859f85db,0,,,,,,,,,,,,,,,,,,,,{}
run_20260424T151533Z,2026-04-24T15:20:05+00:00,stage0,,progress,lexical_hit,stage0-lexical,a96cdaa1d941b890870da43d36b90874e5cd91d0,0,,,,,,,,,,,,,,,,,,,,{}
run_20260424T151533Z,2026-04-24T15:20:05+00:00,stage0,,progress,filtered_lexical_miss,stage0-lexical,689a51e02418d61a49acabd34777625f84f249e0,0,,,,,,,,,,,,,,,,,,,,{}
run_20260424T151533Z,2026-04-24T15:20:05+00:00,stage0,,progress,lexical_hit,stage0-lexical,15c07f62d880f999b2f5a3bfbf1bb0f9702452b5,0,,,,,,,,,,,,,,,,,,,,{}
run_20260424T151533Z,2026-04-24T15:20:05+00:00,stage0,,progress,lexical_hit,stage0-lexical,42c436c0f16cd669dd270a72a91502e593e9f7c4,0,,,,,,,,,,,,,,,,,,,,{}
run_20260424T151533Z,2026-04-24T15:20:05+00:00,stage0,,progress,filtered_lexical_miss,stage0-lexical,13a9844f41e7ab527112898fa41c7120cc6ed821,0,,,,,,,,,,,,,,,,,,,,{}
run_20260424T151533Z,2026-04-24T15:20:05+00:00,stage0,,progress,filtered_lexical_miss,stage0-lexical,80f80c162d24fbdb6959e03261e5587cfa52145f,0,,,,,,,,,,,,,,,,,,,,{}
run_20260424T151533Z,2026-04-24T15:20:05+00:00,stage0,,progress,lexical_hit,stage0-lexical,08d074c2d961e7fe261349b2665ffbda805b3f89,0,,,,,,,,,,,,,,,,,,,,{}
run_20260424T151533Z,2026-04-24T15:20:05+00:00,stage0,,progress,lexical_hit,stage0-lexical,96c0924a4c17e002037c44e7b3d1013115befa88,0,,,,,,,,,,,,,,,,,,,,{}
run_20260424T151533Z,2026-04-24T15:20:05+00:00,stage0,,progress,lexical_hit,stage0-lexical,e656f9b961cf1391122d553d09431903aa216a83,0,,,,,,,,,,,,,,,,,,,,{}
run_20260424T151533Z,2026-04-24T15:20:05+00:00,stage0,,progress,filtered_lexical_miss,stage0-lexical,e14126e18572c6e52c88313fa80c1950630f1e05,0,,,,,,,,,,,,,,,,,,,,{}
run_20260424T151533Z,2026-04-24T15:20:05+00:00,stage0,,progress,filtered_lexical_miss,stage0-lexical,4fb1dcebf874d68dde97ef58949d40aaba6c8e41,0,,,,,,,,,,,,,,,,,,,,{}
run_20260424T151533Z,2026-04-24T15:20:05+00:00,stage0,,progress,lexical_hit,stage0-lexical,c4bb4d0dabc66463b0ae98a37b3f81dacaddb16a,0,,,,,,,,,,,,,,,,,,,,{}
run_20260424T151533Z,2026-04-24T15:20:05+00:00,stage0,,progress,filtered_lexical_miss,stage0-lexical,50d688bea1c8dcbe55c202a853a1371a1ed41aa6,0,,,,,,,,,,,,,,,,,,,,{}
run_20260424T151533Z,2026-04-24T15:20:05+00:00,stage0,,progress,filtered_lexical_miss,stage0-lexical,d6c9f848c529e0de55b4cc90843df354d844ff43,0,,,,,,,,,,,,,,,,,,,,{}
run_20260424T151533Z,2026-04-24T15:20:05+00:00,stage0,,progress,filtered_lexical_miss,stage0-lexical,939946cfced4dbbc69732ba120c017f5a4257806,0,,,,,,,,,,,,,,,,,,,,{}
run_20260424T151533Z,2026-04-24T15:20:05+00:00,stage0,,progress,lexical_hit,stage0-lexical,80290cb1739b3e938ebaf2391e30a4da5f0906e1,0,,,,,,,,,,,,,,,,,,,,{}
run_20260424T151533Z,2026-04-24T15:20:05+00:00,stage0,,progress,lexical_hit,stage0-lexical,0feb46df46f234106e1f9df7f284eba6a1c74a89,0,,,,,,,,,,,,,,,,,,,,{}
run_20260424T151533Z,2026-04-24T15:20:05+00:00,stage0,,progress,lexical_hit,stage0-lexical,85aef4a8e6b65eef70727b58c44182f13cbc7918,0,,,,,,,,,,,,,,,,,,,,{}
run_20260424T151533Z,2026-04-24T15:20:05+00:00,stage0,,progress,filtered_lexical_miss,stage0-lexical,f1c82882117ec36bdef39db5bfd6d8d248cb437b,0,,,,,,,,,,,,,,,,,,,,{}
run_20260424T151533Z,2026-04-24T15:20:05+00:00,stage0,,progress,lexical_hit,stage0-lexical,067702433a322c5eab63a9360c57b617eab3a6ab,0,,,,,,,,,,,,,,,,,,,,{}
run_20260424T151533Z,2026-04-24T15:20:05+00:00,stage0,,progress,filtered_lexical_miss,stage0-lexical,6956157e2f71d983bd37e102afd1a533d2723931,0,,,,,,,,,,,,,,,,,,,,{}
run_20260424T151533Z,2026-04-24T15:20:05+00:00,stage0,,progress,filtered_lexical_miss,stage0-lexical,5276a7034354dc989bb8d44bd235ab196ae52258,0,,,,,,,,,,,,,,,,,,,,{}
run_20260424T151533Z,2026-04-24T15:20:05+00:00,stage0,,progress,lexical_hit,stage0-lexical,5f17fea6aeacf0e2d16b5bed5c23e7a8fa374724,0,,,,,,,,,,,,,,,,,,,,{}
run_20260424T151533Z,2026-04-24T15:20:05+00:00,stage0,,progress,filtered_lexical_miss,stage0-lexical,d90786c3e659b92b180cf9cd5700bd4dc41bf89a,0,,,,,,,,,,,,,,,,,,,,{}
run_20260424T151533Z,2026-04-24T15:20:05+00:00,stage0,,progress,lexical_hit,stage0-lexical,2c4f84bcdc14d62cdb2655c7c1e87b376be7761f,0,,,,,,,,,,,,,,,,,,,,{}
run_20260424T151533Z,2026-04-24T15:20:05+00:00,stage0,,progress,lexical_hit,stage0-lexical,0704390c5231a27ce0290fc9e4c5223543bb4e54,0,,,,,,,,,,,,,,,,,,,,{}
run_20260424T151533Z,2026-04-24T15:20:05+00:00,stage0,,progress,filtered_lexical_miss,stage0-lexical,57eb38b0a99fac75cdf50f610e87da23e716c06c,0,,,,,,,,,,,,,,,,,,,,{}
run_20260424T151533Z,2026-04-24T15:20:05+00:00,stage0,,progress,filtered_lexical_miss,stage0-lexical,485daa87e48838d9c13ffcc390725d1657895530,0,,,,,,,,,,,,,,,,,,,,{}
run_20260424T151533Z,2026-04-24T15:20:05+00:00,stage0,,progress,filtered_lexical_miss,stage0-lexical,fa12b4fc81f35cfd96a7d9999588b642cff74197,0,,,,,,,,,,,,,,,,,,,,{}
run_20260424T151533Z,2026-04-24T15:20:05+00:00,stage0,,progress,lexical_hit,stage0-lexical,f8cef764ac3c9f490d59b1728d4b5ae8c9096b0e,0,,,,,,,,,,,,,,,,,,,,{}
run_20260424T151533Z,2026-04-24T15:20:05+00:00,stage0,,progress,filtered_lexical_miss,stage0-lexical,283347c54c0a107e588dd668c748b77c79dde28e,0,,,,,,,,,,,,,,,,,,,,{}
run_20260424T151533Z,2026-04-24T15:20:05+00:00,stage0,,progress,filtered_lexical_miss,stage0-lexical,b88ce380fc07d9d0ec55d173f5076632394a81da,0,,,,,,,,,,,,,,,,,,,,{}
run_20260424T151533Z,2026-04-24T15:20:05+00:00,stage0,,progress,lexical_hit,stage0-lexical,308bfd0ebf3a71f7202dee1474252f8d3feb971c,0,,,,,,,,,,,,,,,,,,,,{}
run_20260424T151533Z,2026-04-24T15:20:05+00:00,stage0,,progress,filtered_lexical_miss,stage0-lexical,fe30749a396a13a133422cdcd8b2318c73733653,0,,,,,,,,,,,,,,,,,,,,{}
run_20260424T151533Z,2026-04-24T15:20:05+00:00,stage0,,progress,filtered_lexical_miss,stage0-lexical,0eb266957ff90dce5bf60218eadae337902c0a80,0,,,,,,,,,,,,,,,,,,,,{}
run_20260424T151533Z,2026-04-24T15:20:05+00:00,stage0,,progress,filtered_lexical_miss,stage0-lexical,0a34146a46792c595ba25441b33b4f25d156b9f5,0,,,,,,,,,,,,,,,,,,,,{}
run_20260424T151533Z,2026-04-24T15:20:05+00:00,stage0,,progress,lexical_hit,stage0-lexical,0017dbe2dc3fce50b2c45dc59a2f7070cd71e6fb,0,,,,,,,,,,,,,,,,,,,,{}
run_20260424T151533Z,2026-04-24T15:20:05+00:00,stage0,,progress,filtered_lexical_miss,stage0-lexical,be068dff621530384fad061fc4950e5113512383,0,,,,,,,,,,,,,,,,,,,,{}
run_20260424T151533Z,2026-04-24T15:20:05+00:00,stage0,,progress,filtered_lexical_miss,stage0-lexical,86709d25f61db7db608a473efc1d66bee99ff770,0,,,,,,,,,,,,,,,,,,,,{}
run_20260424T151533Z,2026-04-24T15:20:05+00:00,stage0,,progress,lexical_hit,stage0-lexical,1c21f22deee258514f7c007f5f92aab4512f89ad,0,,,,,,,,,,,,,,,,,,,,{}
run_20260424T151533Z,2026-04-24T15:20:05+00:00,stage0,,progress,filtered_lexical_miss,stage0-lexical,596737dd084d8acf5d9f4542ea2f42605be100ae,0,,,,,,,,,,,,,,,,,,,,{}
run_20260424T151533Z,2026-04-24T15:20:05+00:00,stage0,,progress,filtered_lexical_miss,stage0-lexical,e27e12f3a77a62863aac8719fe88e73581e4dc8b,0,,,,,,,,,,,,,,,,,,,,{}
run_20260424T151533Z,2026-04-24T15:20:05+00:00,stage0,,progress,filtered_lexical_miss,stage0-lexical,fc98f632dd53b70f592b67efb1c2ce54f84670e3,0,,,,,,,,,,,,,,,,,,,,{}
run_20260424T151533Z,2026-04-24T15:20:05+00:00,stage0,,progress,filtered_lexical_miss,stage0-lexical,b5d6ee6b4553a94de9e10f6e8a44bb15f1bffbc6,0,,,,,,,,,,,,,,,,,,,,{}
run_20260424T151533Z,2026-04-24T15:20:05+00:00,stage0,,progress,lexical_hit,stage0-lexical,0fb35bf2da2c6cc7de4d16501ad1961ac15df6cc,0,,,,,,,,,,,,,,,,,,,,{}
run_20260424T151533Z,2026-04-24T15:20:05+00:00,stage0,,progress,lexical_hit,stage0-lexical,e4cf81478e79d98e5bc4d7bffa537c2d28a258c7,0,,,,,,,,,,,,,,,,,,,,{}
run_20260424T151533Z,2026-04-24T15:20:05+00:00,stage0,,progress,lexical_hit,stage0-lexical,c1235e3be65697ddca251b22b39c84c70fa27bf0,0,,,,,,,,,,,,,,,,,,,,{}
run_20260424T151533Z,2026-04-24T15:20:05+00:00,stage0,,progress,filtered_lexical_miss,stage0-lexical,89fbb0b148247c1acab2f5b71526dba9938a6a9f,0,,,,,,,,,,,,,,,,,,,,{}
run_20260424T151533Z,2026-04-24T15:20:05+00:00,stage0,,progress,filtered_lexical_miss,stage0-lexical,9241e34454b584004bc4537aae938da6a186168a,0,,,,,,,,,,,,,,,,,,,,{}
run_20260424T151533Z,2026-04-24T15:20:05+00:00,stage0,,progress,lexical_hit,stage0-lexical,b7f7a3e9bbb161c8983802b1a1c2986ac6e77368,0,,,,,,,,,,,,,,,,,,,,{}
run_20260424T151533Z,2026-04-24T15:20:05+00:00,stage0,,progress,lexical_hit,stage0-lexical,bff567b4a3e580e00d3346c71c4b02022b556714,0,,,,,,,,,,,,,,,,,,,,{}
run_20260424T151533Z,2026-04-24T15:20:05+00:00,stage0,,progress,filtered_lexical_miss,stage0-lexical,12c7f7d55cb578fa2af64ddbb91218c98624371e,0,,,,,,,,,,,,,,,,,,,,{}
run_20260424T151533Z,2026-04-24T15:20:05+00:00,stage0,,progress,filtered_lexical_miss,stage0-lexical,8805fe08e0d77bea2276cc73223fbfd8361b895d,0,,,,,,,,,,,,,,,,,,,,{}
run_20260424T151533Z,2026-04-24T15:20:05+00:00,stage0,,progress,lexical_hit,stage0-lexical,a437d8dd3b42ce667a59c62d77f0f58a1e6a983b,0,,,,,,,,,,,,,,,,,,,,{}
run_20260424T151533Z,2026-04-24T15:20:05+00:00,stage0,,progress,filtered_lexical_miss,stage0-lexical,46e39e7e67625b44dcf6cf1375bb77682c18cb10,0,,,,,,,,,,,,,,,,,,,,{}
run_20260424T151533Z,2026-04-24T15:20:05+00:00,stage0,,progress,lexical_hit,stage0-lexical,1f1d12bc98aaf5229414802d8a483300564648cf,0,,,,,,,,,,,,,,,,,,,,{}
run_20260424T151533Z,2026-04-24T15:20:05+00:00,stage0,,progress,filtered_lexical_miss,stage0-lexical,6231e788ee0333f0326ba52837485a041023656e,0,,,,,,,,,,,,,,,,,,,,{}
run_20260424T151533Z,2026-04-24T15:20:05+00:00,stage0,,progress,lexical_hit,stage0-lexical,48044fb6f87fc3279fb194367d693c4ed9863f79,0,,,,,,,,,,,,,,,,,,,,{}
run_20260424T151533Z,2026-04-24T15:20:05+00:00,stage0,,progress,filtered_lexical_miss,stage0-lexical,e6f0b6e5d71a8690264c24dbf174224726b8f71e,0,,,,,,,,,,,,,,,,,,,,{}
run_20260424T151533Z,2026-04-24T15:20:05+00:00,stage0,,progress,filtered_lexical_miss,stage0-lexical,0529b87c4043cf1024016cafbefc60d21417e295,0,,,,,,,,,,,,,,,,,,,,{}
run_20260424T151533Z,2026-04-24T15:20:05+00:00,stage0,,progress,lexical_hit,stage0-lexical,54dd651a54e1819a007f93675ead5e52db053682,0,,,,,,,,,,,,,,,,,,,,{}
run_20260424T151533Z,2026-04-24T15:20:05+00:00,stage0,,progress,lexical_hit,stage0-lexical,c993cb2f2197f6909045b39117901a8df174c4c8,0,,,,,,,,,,,,,,,,,,,,{}
run_20260424T151533Z,2026-04-24T15:20:05+00:00,stage0,,progress,lexical_hit,stage0-lexical,b7111cd1953e8171c5c47bd876417fb594844a1d,0,,,,,,,,,,,,,,,,,,,,{}
run_20260424T151533Z,2026-04-24T15:20:05+00:00,stage0,,progress,lexical_hit,stage0-lexical,ba637c5e3d5b07eccccf4eccc5337c763d9d209c,0,,,,,,,,,,,,,,,,,,,,{}
run_20260424T151533Z,2026-04-24T15:20:05+00:00,stage0,,progress,filtered_lexical_miss,stage0-lexical,6c2a1893603466fcf5cee0a5f9c0d20ee9600378,0,,,,,,,,,,,,,,,,,,,,{}
run_20260424T151533Z,2026-04-24T15:20:05+00:00,stage0,,progress,filtered_lexical_miss,stage0-lexical,2cece805f8fdbfe43aeae87f4b54dfffdf0ee64c,0,,,,,,,,,,,,,,,,,,,,{}
run_20260424T151533Z,2026-04-24T15:20:05+00:00,stage0,,progress,lexical_hit,stage0-lexical,7d4a2996738d95e9268c5701a37c2191d37f731f,0,,,,,,,,,,,,,,,,,,,,{}
run_20260424T151533Z,2026-04-24T15:20:05+00:00,stage0,,progress,filtered_lexical_miss,stage0-lexical,373e7da5bfee86932828bd9c7d450802cd9e8453,0,,,,,,,,,,,,,,,,,,,,{}
run_20260424T151533Z,2026-04-24T15:20:05+00:00,stage0,,progress,lexical_hit,stage0-lexical,8933f167e39d0634639eb8c24cee74d8827edb23,0,,,,,,,,,,,,,,,,,,,,{}
run_20260424T151533Z,2026-04-24T15:20:05+00:00,stage0,,progress,lexical_hit,stage0-lexical,a0897d3d64fc6419b41a71fec9bbb186050867ab,0,,,,,,,,,,,,,,,,,,,,{}
run_20260424T151533Z,2026-04-24T15:20:05+00:00,stage0,,progress,filtered_lexical_miss,stage0-lexical,98ec17812baf51f6bda01fb6cbcdcebc3f1c697a,0,,,,,,,,,,,,,,,,,,,,{}
run_20260424T151533Z,2026-04-24T15:20:05+00:00,stage0,,progress,filtered_lexical_miss,stage0-lexical,c7b555f15b4d0d948d7b81df2ef35cd0f2d05076,0,,,,,,,,,,,,,,,,,,,,{}
run_20260424T151533Z,2026-04-24T15:20:05+00:00,stage0,,progress,filtered_lexical_miss,stage0-lexical,7b484bd7fd243e26ef7b9618ea891f47fd42a351,0,,,,,,,,,,,,,,,,,,,,{}
run_20260424T151533Z,2026-04-24T15:20:05+00:00,stage0,,progress,lexical_hit,stage0-lexical,331406bbbb5e04e3a5c9354439b97815a7c406c0,0,,,,,,,,,,,,,,,,,,,,{}
run_20260424T151533Z,2026-04-24T15:20:05+00:00,stage0,,progress,filtered_lexical_miss,stage0-lexical,f83d19603c47cde9fde55214d960d49597da18aa,0,,,,,,,,,,,,,,,,,,,,{}
run_20260424T151533Z,2026-04-24T15:20:05+00:00,stage0,,progress,filtered_lexical_miss,stage0-lexical,3c1ca7ef97c00d2c289e8c3b9587e392954da0e2,0,,,,,,,,,,,,,,,,,,,,{}
run_20260424T151533Z,2026-04-24T15:20:05+00:00,stage0,,progress,lexical_hit,stage0-lexical,b2038eea0d689ef7b1dc7815800ff3c8456c7d3b,0,,,,,,,,,,,,,,,,,,,,{}
run_20260424T151533Z,2026-04-24T15:20:05+00:00,stage0,,progress,filtered_lexical_miss,stage0-lexical,768b888ca017301df6f6c6ec585004a5edff1fd8,0,,,,,,,,,,,,,,,,,,,,{}
run_20260424T151533Z,2026-04-24T15:20:05+00:00,stage0,,progress,filtered_lexical_miss,stage0-lexical,5ed9743d836cdd4497735825f09d7b77c74b6ebe,0,,,,,,,,,,,,,,,,,,,,{}
run_20260424T151533Z,2026-04-24T15:20:05+00:00,stage0,,progress,filtered_lexical_miss,stage0-lexical,0656992e25957a5c1d07b468911cf14226805cf3,0,,,,,,,,,,,,,,,,,,,,{}
run_20260424T151533Z,2026-04-24T15:20:05+00:00,stage0,,progress,filtered_lexical_miss,stage0-lexical,efd0789a2b2355780365ec27e17a7c760e316fb1,0,,,,,,,,,,,,,,,,,,,,{}
run_20260424T151533Z,2026-04-24T15:20:05+00:00,stage0,,progress,filtered_lexical_miss,stage0-lexical,11823bccd4e4ead8e283b0d8decff4e772a5c813,0,,,,,,,,,,,,,,,,,,,,{}
run_20260424T151533Z,2026-04-24T15:20:05+00:00,stage0,,progress,lexical_hit,stage0-lexical,0836b095dfbe4f8a0fc2506c9e030008a0168772,0,,,,,,,,,,,,,,,,,,,,{}
run_20260424T151533Z,2026-04-24T15:20:05+00:00,stage0,,progress,filtered_lexical_miss,stage0-lexical,5ed7ed98b74928fd6ec4b4505f1dd15b2b7587ba,0,,,,,,,,,,,,,,,,,,,,{}
run_20260424T151533Z,2026-04-24T15:20:05+00:00,stage0,,progress,filtered_lexical_miss,stage0-lexical,55c9519574d894211057551917c5dd313e3cc844,0,,,,,,,,,,,,,,,,,,,,{}
run_20260424T151533Z,2026-04-24T15:20:05+00:00,stage0,,progress,filtered_lexical_miss,stage0-lexical,d41fc64ece3613fcd5948df97b3a969a91efbdfd,0,,,,,,,,,,,,,,,,,,,,{}
run_20260424T151533Z,2026-04-24T15:20:05+00:00,stage0,,progress,lexical_hit,stage0-lexical,ad96318b9a59f7fb4765b328fbdde70a562b67e9,0,,,,,,,,,,,,,,,,,,,,{}
run_20260424T151533Z,2026-04-24T15:20:05+00:00,stage0,,progress,lexical_hit,stage0-lexical,7d84245850ab64c39fc8fabd46dd0c11810edea3,0,,,,,,,,,,,,,,,,,,,,{}
run_20260424T151533Z,2026-04-24T15:20:05+00:00,stage0,,progress,lexical_hit,stage0-lexical,2b17550b9e3b70aab964e58f355c487635e69311,0,,,,,,,,,,,,,,,,,,,,{}
run_20260424T151533Z,2026-04-24T15:20:05+00:00,stage0,,progress,lexical_hit,stage0-lexical,6d4cb1ef02149c169c9dfa2965643806a1cadf23,0,,,,,,,,,,,,,,,,,,,,{}
run_20260424T151533Z,2026-04-24T15:20:05+00:00,stage0,,progress,filtered_lexical_miss,stage0-lexical,5ac56bb7b0263e65c38be0d69246991f6db5ecb0,0,,,,,,,,,,,,,,,,,,,,{}
run_20260424T151533Z,2026-04-24T15:20:05+00:00,stage0,,progress,filtered_lexical_miss,stage0-lexical,6374f4cb6430d382ae805c7706ccec287e15f788,0,,,,,,,,,,,,,,,,,,,,{}
run_20260424T151533Z,2026-04-24T15:20:05+00:00,stage0,,progress,lexical_hit,stage0-lexical,fe3873bc62ff7e61275f4832389a60a79f1a5a40,0,,,,,,,,,,,,,,,,,,,,{}
run_20260424T151533Z,2026-04-24T15:20:05+00:00,stage0,,progress,filtered_lexical_miss,stage0-lexical,9213163871c8573bf69c75148b4194dce0d8319e,0,,,,,,,,,,,,,,,,,,,,{}
run_20260424T151533Z,2026-04-24T15:20:05+00:00,stage0,,progress,lexical_hit,stage0-lexical,2f9450e59a287bc291f77d258c49bad6e740aaf0,0,,,,,,,,,,,,,,,,,,,,{}
run_20260424T151533Z,2026-04-24T15:20:05+00:00,stage0,,progress,filtered_lexical_miss,stage0-lexical,6721de1bc64896ab9117289fa04cd9bc243bffcf,0,,,,,,,,,,,,,,,,,,,,{}
run_20260424T151533Z,2026-04-24T15:20:05+00:00,stage0,,progress,filtered_lexical_miss,stage0-lexical,ee57cc64eea7758242e60e8faed1d6ab7f8fa170,0,,,,,,,,,,,,,,,,,,,,{}
run_20260424T151533Z,2026-04-24T15:20:05+00:00,stage0,,progress,filtered_lexical_miss,stage0-lexical,7b31556c16a7e2dd399a379f7b2cbf1e80c952ea,0,,,,,,,,,,,,,,,,,,,,{}
run_20260424T151533Z,2026-04-24T15:20:05+00:00,stage0,,progress,lexical_hit,stage0-lexical,c3f0daae4de3bda2e5187c430f66903c13d07226,0,,,,,,,,,,,,,,,,,,,,{}
run_20260424T151533Z,2026-04-24T15:20:05+00:00,stage0,,progress,filtered_lexical_miss,stage0-lexical,a20a7b7ee2f9de388aba6bc026b02c87d53439de,0,,,,,,,,,,,,,,,,,,,,{}
run_20260424T151533Z,2026-04-24T15:20:05+00:00,stage0,,progress,filtered_lexical_miss,stage0-lexical,2eecc266289cd21cc018935c39010c2bc1b0bfac,0,,,,,,,,,,,,,,,,,,,,{}
run_20260424T151533Z,2026-04-24T15:20:05+00:00,stage0,,progress,filtered_lexical_miss,stage0-lexical,8382e97b1c0cf0f2458e29d40dd95e9b0f435557,0,,,,,,,,,,,,,,,,,,,,{}
run_20260424T151533Z,2026-04-24T15:20:05+00:00,stage0,,progress,lexical_hit,stage0-lexical,61fa155529f26ea51005f35283e8288fb4de36d9,0,,,,,,,,,,,,,,,,,,,,{}
run_20260424T151533Z,2026-04-24T15:20:05+00:00,stage0,,progress,filtered_lexical_miss,stage0-lexical,18085f82950adbf430c6a702f44fea2785dae89f,0,,,,,,,,,,,,,,,,,,,,{}
run_20260424T151533Z,2026-04-24T15:20:05+00:00,stage0,,progress,lexical_hit,stage0-lexical,8e9364a8f99f14ad290f6de87ff65467d077a437,0,,,,,,,,,,,,,,,,,,,,{}
run_20260424T151533Z,2026-04-24T15:20:05+00:00,stage0,,progress,filtered_lexical_miss,stage0-lexical,628a13d0e874500afdd9a73a38314657a1b2e2a2,0,,,,,,,,,,,,,,,,,,,,{}
run_20260424T151533Z,2026-04-24T15:20:05+00:00,stage0,,progress,lexical_hit,stage0-lexical,5dbf9de105147c9bc7d6a685fff58fdd0efde0c6,0,,,,,,,,,,,,,,,,,,,,{}
run_20260424T151533Z,2026-04-24T15:20:05+00:00,stage0,,progress,filtered_lexical_miss,stage0-lexical,7ca913a1ff033aaa8f48f2cb4bfafd8b730bde3e,0,,,,,,,,,,,,,,,,,,,,{}
run_20260424T151533Z,2026-04-24T15:20:05+00:00,stage0,,progress,lexical_hit,stage0-lexical,6c1329fd5e7664580a84d2c625ec81dbffd8738d,0,,,,,,,,,,,,,,,,,,,,{}
run_20260424T151533Z,2026-04-24T15:20:05+00:00,stage0,,progress,lexical_hit,stage0-lexical,adeae87a02a85d35866e80b58903d9d4780e9cd0,0,,,,,,,,,,,,,,,,,,,,{}
run_20260424T151533Z,2026-04-24T15:20:05+00:00,stage0,,progress,lexical_hit,stage0-lexical,323efb07f83a5c145dd5312093a67f2beef14877,0,,,,,,,,,,,,,,,,,,,,{}
run_20260424T151533Z,2026-04-24T15:20:05+00:00,stage0,,progress,lexical_hit,stage0-lexical,8655c42a5da3a5aec16924853deec12e36c84922,0,,,,,,,,,,,,,,,,,,,,{}
run_20260424T151533Z,2026-04-24T15:20:05+00:00,stage0,,progress,filtered_lexical_miss,stage0-lexical,9ab513cd4e3cde6012d65aff099523f691009d9b,0,,,,,,,,,,,,,,,,,,,,{}
run_20260424T151533Z,2026-04-24T15:20:05+00:00,stage0,,progress,lexical_hit,stage0-lexical,eae393db03e2b518ecddc04de115a97e5e88114e,0,,,,,,,,,,,,,,,,,,,,{}
run_20260424T151533Z,2026-04-24T15:20:05+00:00,stage0,,progress,filtered_lexical_miss,stage0-lexical,8b4567473dd823005dabe19372eab0fe2ec0bdc1,0,,,,,,,,,,,,,,,,,,,,{}
run_20260424T151533Z,2026-04-24T15:20:05+00:00,stage0,,progress,filtered_lexical_miss,stage0-lexical,0f7e0bcd17f9cd77397ba050f3f896d9d1b16f49,0,,,,,,,,,,,,,,,,,,,,{}
run_20260424T151533Z,2026-04-24T15:20:05+00:00,stage0,,progress,lexical_hit,stage0-lexical,68a1fa63b1fe4b5a8a592dd69229888369a64765,0,,,,,,,,,,,,,,,,,,,,{}
run_20260424T151533Z,2026-04-24T15:20:05+00:00,stage0,,progress,filtered_lexical_miss,stage0-lexical,60b3cd62b74312790ef6b3a57e95c9b5e7585fc5,0,,,,,,,,,,,,,,,,,,,,{}
run_20260424T151533Z,2026-04-24T15:20:05+00:00,stage0,,progress,lexical_hit,stage0-lexical,c5ec230a6f2a9db6a8ada009ddf5a0e5e1b78ec5,0,,,,,,,,,,,,,,,,,,,,{}
run_20260424T151533Z,2026-04-24T15:20:05+00:00,stage0,,progress,filtered_lexical_miss,stage0-lexical,e699b7d3947f151cbf14375d31a2a3efe16cd2ba,0,,,,,,,,,,,,,,,,,,,,{}
run_20260424T151533Z,2026-04-24T15:20:05+00:00,stage0,,progress,filtered_lexical_miss,stage0-lexical,02d5032693a43cf3340fe6c7d9904852c5ace823,0,,,,,,,,,,,,,,,,,,,,{}
run_20260424T151533Z,2026-04-24T15:20:05+00:00,stage0,,progress,filtered_lexical_miss,stage0-lexical,bc0f8fcd499f20e561b6c20d5b88513787d56f97,0,,,,,,,,,,,,,,,,,,,,{}
run_20260424T151533Z,2026-04-24T15:20:05+00:00,stage0,,progress,filtered_lexical_miss,stage0-lexical,fd5ebfa1b3abd5543db87d02e4d898811662a157,0,,,,,,,,,,,,,,,,,,,,{}
run_20260424T151533Z,2026-04-24T15:20:05+00:00,stage0,,progress,lexical_hit,stage0-lexical,9f2ed7c7e057c27b73cf54e233414e55d9ffde4d,0,,,,,,,,,,,,,,,,,,,,{}
run_20260424T151533Z,2026-04-24T15:20:05+00:00,stage0,,progress,filtered_lexical_miss,stage0-lexical,a6a4f42e826a14445d4fa4cf2f10fd619562964a,0,,,,,,,,,,,,,,,,,,,,{}
run_20260424T151533Z,2026-04-24T15:20:05+00:00,stage0,,progress,lexical_hit,stage0-lexical,5d1691c98dfd2d226c1a05e6afbf620ebc0e33d3,0,,,,,,,,,,,,,,,,,,,,{}
run_20260424T151533Z,2026-04-24T15:20:05+00:00,stage0,,progress,filtered_lexical_miss,stage0-lexical,cd7ce51f22312cb7f0bcdba4741223604ef18081,0,,,,,,,,,,,,,,,,,,,,{}
run_20260424T151533Z,2026-04-24T15:20:05+00:00,stage0,,progress,lexical_hit,stage0-lexical,1fd07b6be57efbad9ee913bc0c758ad5ccec8def,0,,,,,,,,,,,,,,,,,,,,{}
run_20260424T151533Z,2026-04-24T15:20:05+00:00,stage0,,progress,filtered_lexical_miss,stage0-lexical,4fadd5b9f079bc31a3f3c9831edf6eadce422502,0,,,,,,,,,,,,,,,,,,,,{}
run_20260424T151533Z,2026-04-24T15:20:05+00:00,stage0,,progress,lexical_hit,stage0-lexical,d42733d1486d132abfae56d60fa95893dd63d021,0,,,,,,,,,,,,,,,,,,,,{}
run_20260424T151533Z,2026-04-24T15:20:05+00:00,stage0,,progress,filtered_lexical_miss,stage0-lexical,11a03862ea1c3c4ace773f69028ce6f674bfe9bf,0,,,,,,,,,,,,,,,,,,,,{}
run_20260424T151533Z,2026-04-24T15:20:05+00:00,stage0,,progress,filtered_lexical_miss,stage0-lexical,d193947ae2d1177826e12ab178ebfac0291a5ff5,0,,,,,,,,,,,,,,,,,,,,{}
run_20260424T151533Z,2026-04-24T15:20:05+00:00,stage0,,progress,filtered_lexical_miss,stage0-lexical,119d0a041ed61ba569d47080af27606713cca75e,0,,,,,,,,,,,,,,,,,,,,{}
run_20260424T151533Z,2026-04-24T15:20:05+00:00,stage0,,progress,filtered_lexical_miss,stage0-lexical,d292de67b345b10c7c91fa1926bcceb0ef16aac8,0,,,,,,,,,,,,,,,,,,,,{}
run_20260424T151533Z,2026-04-24T15:20:05+00:00,stage0,,progress,lexical_hit,stage0-lexical,cc71c129342dce0d37a7c95eda1d7f45f554d896,0,,,,,,,,,,,,,,,,,,,,{}
run_20260424T151533Z,2026-04-24T15:20:05+00:00,stage0,,progress,filtered_lexical_miss,stage0-lexical,b3f149b7f6710968070afc4b766bab7d891c9dc9,0,,,,,,,,,,,,,,,,,,,,{}
run_20260424T151533Z,2026-04-24T15:20:05+00:00,stage0,,progress,filtered_lexical_miss,stage0-lexical,3597671c887abe2afdd4b1f27e04e02321beab6c,0,,,,,,,,,,,,,,,,,,,,{}
run_20260424T151533Z,2026-04-24T15:20:05+00:00,stage0,,progress,lexical_hit,stage0-lexical,23e339f70f672326cf114378ebc8e3eef103ddcd,0,,,,,,,,,,,,,,,,,,,,{}
run_20260424T151533Z,2026-04-24T15:20:05+00:00,stage0,,progress,lexical_hit,stage0-lexical,038f2c96a348bbb55dcad531e7668324ddf056b7,0,,,,,,,,,,,,,,,,,,,,{}
run_20260424T151533Z,2026-04-24T15:20:05+00:00,stage0,,progress,filtered_lexical_miss,stage0-lexical,f5d179020cd599c1856dc753ab5aad09e22fcf71,0,,,,,,,,,,,,,,,,,,,,{}
run_20260424T151533Z,2026-04-24T15:20:05+00:00,stage0,,progress,filtered_lexical_miss,stage0-lexical,bf4f07dc84340f5567f2cd1e650cc53f4658b873,0,,,,,,,,,,,,,,,,,,,,{}
run_20260424T151533Z,2026-04-24T15:20:05+00:00,stage0,,progress,filtered_lexical_miss,stage0-lexical,f69342a6e8a67fbca5cc40a45e166f548f64a743,0,,,,,,,,,,,,,,,,,,,,{}
run_20260424T151533Z,2026-04-24T15:20:05+00:00,stage0,,progress,lexical_hit,stage0-lexical,ec7ba5c514d0fc648b1ed4e5e248b1163dcac560,0,,,,,,,,,,,,,,,,,,,,{}
run_20260424T151533Z,2026-04-24T15:20:05+00:00,stage0,,progress,lexical_hit,stage0-lexical,7d3aa7e8644ddfdaf185bfdd9f163a116cf9bf6d,0,,,,,,,,,,,,,,,,,,,,{}
run_20260424T151533Z,2026-04-24T15:20:05+00:00,stage0,,progress,filtered_lexical_miss,stage0-lexical,1aad87df05afac9ead3828c9ec4b13f4cf1c5a4d,0,,,,,,,,,,,,,,,,,,,,{}
run_20260424T151533Z,2026-04-24T15:20:05+00:00,stage0,,progress,lexical_hit,stage0-lexical,ab7fba61821d808c47aeac734fadd1455e7cca34,0,,,,,,,,,,,,,,,,,,,,{}
run_20260424T151533Z,2026-04-24T15:20:05+00:00,stage0,,progress,lexical_hit,stage0-lexical,4006f88090cfb4b9803b89c9756359d159354a9a,0,,,,,,,,,,,,,,,,,,,,{}
run_20260424T151533Z,2026-04-24T15:20:05+00:00,stage0,,progress,lexical_hit,stage0-lexical,b3d82d03edacf5ba496d54a5b2490cf27b7b60d0,0,,,,,,,,,,,,,,,,,,,,{}
run_20260424T151533Z,2026-04-24T15:20:05+00:00,stage0,,progress,lexical_hit,stage0-lexical,432e17367bda174a89661bc57d041ae1dc2efbc1,0,,,,,,,,,,,,,,,,,,,,{}
run_20260424T151533Z,2026-04-24T15:20:05+00:00,stage0,,progress,lexical_hit,stage0-lexical,7a99d8238f431fca046b9f35191d72d6efd8fb26,0,,,,,,,,,,,,,,,,,,,,{}
run_20260424T151533Z,2026-04-24T15:20:05+00:00,stage0,,progress,filtered_lexical_miss,stage0-lexical,6416aaad2e291248cf60e5a453d0c7ee72a3436b,0,,,,,,,,,,,,,,,,,,,,{}
run_20260424T151533Z,2026-04-24T15:20:05+00:00,stage0,,progress,filtered_lexical_miss,stage0-lexical,35a84baf7b90e60238aeb78c4272a1a8b3df6ef0,0,,,,,,,,,,,,,,,,,,,,{}
run_20260424T151533Z,2026-04-24T15:20:05+00:00,stage0,,progress,filtered_lexical_miss,stage0-lexical,96ca7af5ea72e2921fdda8738a2471c2f16f94d6,0,,,,,,,,,,,,,,,,,,,,{}
run_20260424T151533Z,2026-04-24T15:20:05+00:00,stage0,,progress,lexical_hit,stage0-lexical,4f0b5529317159f1d3d7dff71f43e2a9095d5cb1,0,,,,,,,,,,,,,,,,,,,,{}
run_20260424T151533Z,2026-04-24T15:20:05+00:00,stage0,,progress,lexical_hit,stage0-lexical,5eb0de73cc606aa7e0aa7463873f529ecc2d13c9,0,,,,,,,,,,,,,,,,,,,,{}
run_20260424T151533Z,2026-04-24T15:20:05+00:00,stage0,,progress,filtered_lexical_miss,stage0-lexical,64622d6657d09e5e1976bf4226df4377ebfc0be7,0,,,,,,,,,,,,,,,,,,,,{}
run_20260424T151533Z,2026-04-24T15:20:05+00:00,stage0,,progress,filtered_lexical_miss,stage0-lexical,4b868840ca8333c85f60385a4d0d3cc487631762,0,,,,,,,,,,,,,,,,,,,,{}
run_20260424T151533Z,2026-04-24T15:20:05+00:00,stage0,,progress,lexical_hit,stage0-lexical,63c434d4a2f3f8983790bbd7529c1038aed3bd9f,0,,,,,,,,,,,,,,,,,,,,{}
run_20260424T151533Z,2026-04-24T15:20:05+00:00,stage0,,progress,lexical_hit,stage0-lexical,fee8b275ebae5de7afa9b7d017a8cf20f01ebf41,0,,,,,,,,,,,,,,,,,,,,{}
run_20260424T151533Z,2026-04-24T15:20:05+00:00,stage0,,progress,filtered_lexical_miss,stage0-lexical,bda634c76262fa8352230831151ac8122cf84276,0,,,,,,,,,,,,,,,,,,,,{}
run_20260424T151533Z,2026-04-24T15:20:05+00:00,stage0,,progress,lexical_hit,stage0-lexical,c561de136f40b589e415935fda47cdd194a70cd8,0,,,,,,,,,,,,,,,,,,,,{}
run_20260424T151533Z,2026-04-24T15:20:05+00:00,stage0,,progress,filtered_lexical_miss,stage0-lexical,1f599aaf9a4173be35f1f4bacede48462bded1f4,0,,,,,,,,,,,,,,,,,,,,{}
run_20260424T151533Z,2026-04-24T15:20:05+00:00,stage0,,progress,lexical_hit,stage0-lexical,67ba29e5b022148c2a568fdc160d85ff35437ff1,0,,,,,,,,,,,,,,,,,,,,{}
run_20260424T151533Z,2026-04-24T15:20:05+00:00,stage0,,progress,filtered_lexical_miss,stage0-lexical,55af6b7934e804303bb0fffb8a4ec01c2db0f055,0,,,,,,,,,,,,,,,,,,,,{}
run_20260424T151533Z,2026-04-24T15:20:05+00:00,stage0,,progress,filtered_lexical_miss,stage0-lexical,4f40677ce52b8e9c3220eda1682f88f060008fab,0,,,,,,,,,,,,,,,,,,,,{}
run_20260424T151533Z,2026-04-24T15:20:05+00:00,stage0,,progress,filtered_lexical_miss,stage0-lexical,3eb653cffa06509d57e2a427cc0ca6da4ee71cac,0,,,,,,,,,,,,,,,,,,,,{}
run_20260424T151533Z,2026-04-24T15:20:05+00:00,stage0,,progress,filtered_lexical_miss,stage0-lexical,3bb7b14463ee60f86d5b460b1153cc7042eded03,0,,,,,,,,,,,,,,,,,,,,{}
run_20260424T151533Z,2026-04-24T15:20:05+00:00,stage0,,progress,lexical_hit,stage0-lexical,d033078cf5fa7daaa03d7c66e52a6a6d1b2ecd50,0,,,,,,,,,,,,,,,,,,,,{}
run_20260424T151533Z,2026-04-24T15:20:05+00:00,stage0,,progress,lexical_hit,stage0-lexical,ace8c19b89cec99e1da6d73b7cd3a640083546f5,0,,,,,,,,,,,,,,,,,,,,{}
run_20260424T151533Z,2026-04-24T15:20:05+00:00,stage0,,progress,lexical_hit,stage0-lexical,8be571ede02820ece6b2860c7b12d3e8a6a6c2ce,0,,,,,,,,,,,,,,,,,,,,{}
run_20260424T151533Z,2026-04-24T15:20:05+00:00,stage0,,progress,filtered_lexical_miss,stage0-lexical,761db246dab2caa516f74ba849606cbf92801454,0,,,,,,,,,,,,,,,,,,,,{}
run_20260424T151533Z,2026-04-24T15:20:05+00:00,stage0,,progress,lexical_hit,stage0-lexical,e26ca599d012a99d909df6612a5dc66cc8f3648e,0,,,,,,,,,,,,,,,,,,,,{}
run_20260424T151533Z,2026-04-24T15:20:05+00:00,stage0,,progress,filtered_lexical_miss,stage0-lexical,130448d90a38b553b5dca81333ee570ac8b1c088,0,,,,,,,,,,,,,,,,,,,,{}
run_20260424T151533Z,2026-04-24T15:20:05+00:00,stage0,,progress,filtered_lexical_miss,stage0-lexical,2cfafb6ac30690ec9cd8b6dec95f80204e409e4a,0,,,,,,,,,,,,,,,,,,,,{}
run_20260424T151533Z,2026-04-24T15:20:05+00:00,stage0,,progress,filtered_lexical_miss,stage0-lexical,dca66762b873af87df555c42f82c6d4724981874,0,,,,,,,,,,,,,,,,,,,,{}
run_20260424T151533Z,2026-04-24T15:20:05+00:00,stage0,,progress,lexical_hit,stage0-lexical,bf973ea98ceb0b2f98cb37059022e52550e2cbb5,0,,,,,,,,,,,,,,,,,,,,{}
run_20260424T151533Z,2026-04-24T15:20:05+00:00,stage0,,progress,lexical_hit,stage0-lexical,03b29f85b876ed28479821a68b9b7bc9243727a0,0,,,,,,,,,,,,,,,,,,,,{}
run_20260424T151533Z,2026-04-24T15:20:05+00:00,stage0,,progress,filtered_lexical_miss,stage0-lexical,d7c054f2dca7b95873010c613ba3d0ecace822bb,0,,,,,,,,,,,,,,,,,,,,{}
run_20260424T151533Z,2026-04-24T15:20:05+00:00,stage0,,progress,filtered_lexical_miss,stage0-lexical,1d9836692a0496e1513ceb1067b2caf093b86485,0,,,,,,,,,,,,,,,,,,,,{}
run_20260424T151533Z,2026-04-24T15:20:05+00:00,stage0,,progress,filtered_lexical_miss,stage0-lexical,729ae383af223a77187029c06dc531c472bdb6f6,0,,,,,,,,,,,,,,,,,,,,{}
run_20260424T151533Z,2026-04-24T15:20:05+00:00,stage0,,progress,filtered_lexical_miss,stage0-lexical,7872560c1a3d710967fb34794ed1cd93ded0db54,0,,,,,,,,,,,,,,,,,,,,{}
run_20260424T151533Z,2026-04-24T15:20:05+00:00,stage0,,progress,lexical_hit,stage0-lexical,77091727c48c93fab77e9e679c12d50e7728254a,0,,,,,,,,,,,,,,,,,,,,{}
run_20260424T151533Z,2026-04-24T15:20:05+00:00,stage0,,progress,filtered_lexical_miss,stage0-lexical,4d507311ddec0d89ea5cc116a5f9885c66191851,0,,,,,,,,,,,,,,,,,,,,{}
run_20260424T151533Z,2026-04-24T15:20:05+00:00,stage0,,progress,filtered_lexical_miss,stage0-lexical,d69a1c819a2dc2ac261d12314afc38d5d374bf4e,0,,,,,,,,,,,,,,,,,,,,{}
run_20260424T151533Z,2026-04-24T15:20:05+00:00,stage0,,progress,filtered_lexical_miss,stage0-lexical,37b5f8899c75cde11df3a391b65d4c6362ef316e,0,,,,,,,,,,,,,,,,,,,,{}
run_20260424T151533Z,2026-04-24T15:20:05+00:00,stage0,,progress,filtered_lexical_miss,stage0-lexical,b324f616a2fdcbc8a0d7fe24e0b1b65ec897eb5e,0,,,,,,,,,,,,,,,,,,,,{}
run_20260424T151533Z,2026-04-24T15:20:05+00:00,stage0,,progress,filtered_lexical_miss,stage0-lexical,348219513ef95c670428aed7b55f7894704eee57,0,,,,,,,,,,,,,,,,,,,,{}
run_20260424T151533Z,2026-04-24T15:20:05+00:00,stage0,,progress,lexical_hit,stage0-lexical,2c3827e5bc83876998e45241e728507ebf3ff69b,0,,,,,,,,,,,,,,,,,,,,{}
run_20260424T151533Z,2026-04-24T15:20:05+00:00,stage0,,progress,lexical_hit,stage0-lexical,587d9a2a4371285877b83bbdc20cd6b3d7905ae9,0,,,,,,,,,,,,,,,,,,,,{}
run_20260424T151533Z,2026-04-24T15:20:05+00:00,stage0,,progress,filtered_lexical_miss,stage0-lexical,ad04bd4d188060594a4dc5783b69fd0e8875dd21,0,,,,,,,,,,,,,,,,,,,,{}
run_20260424T151533Z,2026-04-24T15:20:05+00:00,stage0,,progress,lexical_hit,stage0-lexical,c547cbddb5e53d015b2160ef41d2e035bab3aa86,0,,,,,,,,,,,,,,,,,,,,{}
run_20260424T151533Z,2026-04-24T15:20:05+00:00,stage0,,progress,filtered_lexical_miss,stage0-lexical,f7666fc44acc16e769ef06208032f5de05e45614,0,,,,,,,,,,,,,,,,,,,,{}
run_20260424T151533Z,2026-04-24T15:20:05+00:00,stage0,,progress,lexical_hit,stage0-lexical,c5de7eb1eb99b9808d3682d044a7b62310ab6459,0,,,,,,,,,,,,,,,,,,,,{}
run_20260424T151533Z,2026-04-24T15:20:05+00:00,stage0,,progress,lexical_hit,stage0-lexical,1055bacf550801b21fb342e479adca552195c3ea,0,,,,,,,,,,,,,,,,,,,,{}
run_20260424T151533Z,2026-04-24T15:20:05+00:00,stage0,,progress,lexical_hit,stage0-lexical,e59df6619f7bbbdfa73a7ceaf6017125cb5dca4a,0,,,,,,,,,,,,,,,,,,,,{}
run_20260424T151533Z,2026-04-24T15:20:05+00:00,stage0,,progress,filtered_lexical_miss,stage0-lexical,5cc5aad1f9d556c5da3fb131ead23dc24e7af607,0,,,,,,,,,,,,,,,,,,,,{}
run_20260424T151533Z,2026-04-24T15:20:05+00:00,stage0,,progress,filtered_lexical_miss,stage0-lexical,ab82895b0ae57389d43bb774a89593afdb85aef2,0,,,,,,,,,,,,,,,,,,,,{}
run_20260424T151533Z,2026-04-24T15:20:05+00:00,stage0,,progress,lexical_hit,stage0-lexical,75f34314f6389ff9141affee84bb64f3a2fb336a,0,,,,,,,,,,,,,,,,,,,,{}
run_20260424T151533Z,2026-04-24T15:20:05+00:00,stage0,,progress,filtered_lexical_miss,stage0-lexical,1e01f5508e0fb63d9bb0e80792c0990c2d3a6aa8,0,,,,,,,,,,,,,,,,,,,,{}
run_20260424T151533Z,2026-04-24T15:20:05+00:00,stage0,,progress,lexical_hit,stage0-lexical,21e0a4708fb84828990cac7fed04a4dae3e8359e,0,,,,,,,,,,,,,,,,,,,,{}
run_20260424T151533Z,2026-04-24T15:20:05+00:00,stage0,,progress,lexical_hit,stage0-lexical,6e6a90bc6ef6626be018ec35cd3f5208f02d66d6,0,,,,,,,,,,,,,,,,,,,,{}
run_20260424T151533Z,2026-04-24T15:20:05+00:00,stage0,,progress,lexical_hit,stage0-lexical,40fc6e22da5299d6e345ad0274832acffc19eefc,0,,,,,,,,,,,,,,,,,,,,{}
run_20260424T151533Z,2026-04-24T15:20:05+00:00,stage0,,progress,filtered_lexical_miss,stage0-lexical,bca2b07f065be7b6827b300b67a30c0593752642,0,,,,,,,,,,,,,,,,,,,,{}
run_20260424T151533Z,2026-04-24T15:20:05+00:00,stage0,,progress,lexical_hit,stage0-lexical,a0a524cfeba476c93e09b9a7c383d74c59c2edaf,0,,,,,,,,,,,,,,,,,,,,{}
run_20260424T151533Z,2026-04-24T15:20:05+00:00,stage0,,progress,lexical_hit,stage0-lexical,996dbfd3b472bb01563de701a3edef1bb188be93,0,,,,,,,,,,,,,,,,,,,,{}
run_20260424T151533Z,2026-04-24T15:20:05+00:00,stage0,,progress,lexical_hit,stage0-lexical,e55c9cd64320e3a19ff297505991b9f7a364405a,0,,,,,,,,,,,,,,,,,,,,{}
run_20260424T151533Z,2026-04-24T15:20:05+00:00,stage0,,progress,lexical_hit,stage0-lexical,b93aee2697599d0594c1013c24ccfb8f7027f0db,0,,,,,,,,,,,,,,,,,,,,{}
run_20260424T151533Z,2026-04-24T15:20:05+00:00,stage0,,progress,lexical_hit,stage0-lexical,1fb564633456bfa27753c0287daf0d9f5bfef154,0,,,,,,,,,,,,,,,,,,,,{}
run_20260424T151533Z,2026-04-24T15:20:05+00:00,stage0,,progress,lexical_hit,stage0-lexical,c772a27e421f5dd9bc9673f647a5bc320553a699,0,,,,,,,,,,,,,,,,,,,,{}
run_20260424T151533Z,2026-04-24T15:20:05+00:00,stage0,,progress,filtered_lexical_miss,stage0-lexical,75b32276b9fbd883c4e89d9453c34ba0a40702fe,0,,,,,,,,,,,,,,,,,,,,{}
run_20260424T151533Z,2026-04-24T15:20:05+00:00,stage0,,progress,filtered_lexical_miss,stage0-lexical,fa4c07590002d3d2c5041fe3d433748eca87a561,0,,,,,,,,,,,,,,,,,,,,{}
run_20260424T151533Z,2026-04-24T15:20:05+00:00,stage0,,progress,lexical_hit,stage0-lexical,6378fd5e3c29b6347620b470de604e07a24e27ed,0,,,,,,,,,,,,,,,,,,,,{}
run_20260424T151533Z,2026-04-24T15:20:05+00:00,stage0,,progress,lexical_hit,stage0-lexical,40360819c4e80c1f4dfd0e4e3ed05d6a422ef951,0,,,,,,,,,,,,,,,,,,,,{}
run_20260424T151533Z,2026-04-24T15:20:05+00:00,stage0,,progress,filtered_lexical_miss,stage0-lexical,a4b4e5fced53ac3f5561ea0e871ff2608525b6b4,0,,,,,,,,,,,,,,,,,,,,{}
run_20260424T151533Z,2026-04-24T15:20:05+00:00,stage0,,progress,lexical_hit,stage0-lexical,3f1f948ee683535a1a037542dc1cc4b47a0e587c,0,,,,,,,,,,,,,,,,,,,,{}
run_20260424T151533Z,2026-04-24T15:20:05+00:00,stage0,,progress,filtered_lexical_miss,stage0-lexical,979f3a34ba5ff13ae7ebd71cb14d33c40a5c1bc8,0,,,,,,,,,,,,,,,,,,,,{}
run_20260424T151533Z,2026-04-24T15:20:05+00:00,stage0,,progress,lexical_hit,stage0-lexical,9e8aea9a335bf0d0eacdc1c7b8fb99e18ebfc351,0,,,,,,,,,,,,,,,,,,,,{}
run_20260424T151533Z,2026-04-24T15:20:05+00:00,stage0,,progress,filtered_lexical_miss,stage0-lexical,f7ccec4a0e2e5f8e3f7ae2c3f57c0f2a76ed96f4,0,,,,,,,,,,,,,,,,,,,,{}
run_20260424T151533Z,2026-04-24T15:20:05+00:00,stage0,,progress,lexical_hit,stage0-lexical,77364e25b298a86fb672046d9331285dee900898,0,,,,,,,,,,,,,,,,,,,,{}
run_20260424T151533Z,2026-04-24T15:20:05+00:00,stage0,,progress,lexical_hit,stage0-lexical,6193d5586bc55ec6db9d53c3aa0b935ac15872fe,0,,,,,,,,,,,,,,,,,,,,{}
run_20260424T151533Z,2026-04-24T15:20:05+00:00,stage0,,progress,filtered_lexical_miss,stage0-lexical,03ac2f3cbf41707de742b13068886334e16a6ae5,0,,,,,,,,,,,,,,,,,,,,{}
run_20260424T151533Z,2026-04-24T15:20:05+00:00,stage0,,progress,filtered_lexical_miss,stage0-lexical,8143c8024707d38376febd72e0517747757eab67,0,,,,,,,,,,,,,,,,,,,,{}
run_20260424T151533Z,2026-04-24T15:20:05+00:00,stage0,,progress,filtered_lexical_miss,stage0-lexical,94dd440ba298f4b0dca657f0f837ec9c1b1ba273,0,,,,,,,,,,,,,,,,,,,,{}
run_20260424T151533Z,2026-04-24T15:20:05+00:00,stage0,,progress,filtered_lexical_miss,stage0-lexical,45ac9b238013ad548927404a10a4a89a0a66ae59,0,,,,,,,,,,,,,,,,,,,,{}
run_20260424T151533Z,2026-04-24T15:20:05+00:00,stage0,,progress,lexical_hit,stage0-lexical,58acb1f39f003067b68b524ea1c76e3b478f023a,0,,,,,,,,,,,,,,,,,,,,{}
run_20260424T151533Z,2026-04-24T15:20:05+00:00,stage0,,progress,lexical_hit,stage0-lexical,36347d164f73f801fa7375d4332bc7f86df5c3f3,0,,,,,,,,,,,,,,,,,,,,{}
run_20260424T151533Z,2026-04-24T15:20:05+00:00,stage0,,progress,lexical_hit,stage0-lexical,18fe2a7dcbc4579c894445262e2c78c0e9e374ce,0,,,,,,,,,,,,,,,,,,,,{}
run_20260424T151533Z,2026-04-24T15:20:05+00:00,stage0,,progress,lexical_hit,stage0-lexical,05b70074a2f5d896114dea823cda77a001addd28,0,,,,,,,,,,,,,,,,,,,,{}
run_20260424T151533Z,2026-04-24T15:20:05+00:00,stage0,,progress,lexical_hit,stage0-lexical,c1a6d5a3acf48b0abb4d122328d9c050cf77a160,0,,,,,,,,,,,,,,,,,,,,{}
run_20260424T151533Z,2026-04-24T15:20:05+00:00,stage0,,progress,filtered_lexical_miss,stage0-lexical,379eb3fa0677458a6d844f06a4d832ff58d6e63f,0,,,,,,,,,,,,,,,,,,,,{}
run_20260424T151533Z,2026-04-24T15:20:05+00:00,stage0,,progress,filtered_lexical_miss,stage0-lexical,bf5e36992a4884ab870b65546816d2b4a6981ffc,0,,,,,,,,,,,,,,,,,,,,{}
run_20260424T151533Z,2026-04-24T15:20:05+00:00,stage0,,progress,lexical_hit,stage0-lexical,79d94b4c666d59c1b64ea81e8205400df1ac0827,0,,,,,,,,,,,,,,,,,,,,{}
run_20260424T151533Z,2026-04-24T15:20:05+00:00,stage0,,progress,filtered_lexical_miss,stage0-lexical,841c5fb0487e4e186e094ff29f44bdff2fc852c2,0,,,,,,,,,,,,,,,,,,,,{}
run_20260424T151533Z,2026-04-24T15:20:05+00:00,stage0,,progress,filtered_lexical_miss,stage0-lexical,da8bc23cc559e739b7853e652266f463bd47cc28,0,,,,,,,,,,,,,,,,,,,,{}
run_20260424T151533Z,2026-04-24T15:20:05+00:00,stage0,,progress,lexical_hit,stage0-lexical,0f247966c5cf0a8e8b5aa033393aefef9c5c240d,0,,,,,,,,,,,,,,,,,,,,{}
run_20260424T151533Z,2026-04-24T15:20:05+00:00,stage0,,progress,filtered_lexical_miss,stage0-lexical,14bdf64e048bd796bfa48888af482ac0b90ef2e7,0,,,,,,,,,,,,,,,,,,,,{}
run_20260424T151533Z,2026-04-24T15:20:05+00:00,stage0,,progress,filtered_lexical_miss,stage0-lexical,cc0d0d82656350fa6d6816e2c13e035bd4f82007,0,,,,,,,,,,,,,,,,,,,,{}
run_20260424T151533Z,2026-04-24T15:20:05+00:00,stage0,,progress,filtered_lexical_miss,stage0-lexical,c0a10e83d6332f9bbeecb4a7dca5e76e3d658e51,0,,,,,,,,,,,,,,,,,,,,{}
run_20260424T151533Z,2026-04-24T15:20:05+00:00,stage0,,progress,lexical_hit,stage0-lexical,dda258f3d257056126cec7af3fd7c32e63d91f7f,0,,,,,,,,,,,,,,,,,,,,{}
run_20260424T151533Z,2026-04-24T15:20:05+00:00,stage0,,progress,filtered_lexical_miss,stage0-lexical,f9d2ef7c00156ec23acf830461d46b15346733ee,0,,,,,,,,,,,,,,,,,,,,{}
run_20260424T151533Z,2026-04-24T15:20:05+00:00,stage0,,progress,filtered_lexical_miss,stage0-lexical,00c1f77b8d3d1e78a3d4ae304c03eb917c0973eb,0,,,,,,,,,,,,,,,,,,,,{}
run_20260424T151533Z,2026-04-24T15:20:05+00:00,stage0,,progress,filtered_lexical_miss,stage0-lexical,a6d8f5f116d704e8584e807a41a7c028bb1f47b0,0,,,,,,,,,,,,,,,,,,,,{}
run_20260424T151533Z,2026-04-24T15:20:05+00:00,stage0,,progress,filtered_lexical_miss,stage0-lexical,38ee4fdb1a505c7a814ae948fc0cc60699613284,0,,,,,,,,,,,,,,,,,,,,{}
run_20260424T151533Z,2026-04-24T15:20:05+00:00,stage0,,progress,filtered_lexical_miss,stage0-lexical,0750dd7d94677462307bb53bb8038d0e823f024a,0,,,,,,,,,,,,,,,,,,,,{}
run_20260424T151533Z,2026-04-24T15:20:05+00:00,stage0,,progress,lexical_hit,stage0-lexical,20878ec7869c4b79b9742b621b4a44c7b556d9f9,0,,,,,,,,,,,,,,,,,,,,{}
run_20260424T151533Z,2026-04-24T15:20:05+00:00,stage0,,progress,filtered_lexical_miss,stage0-lexical,97355e7fe9557ff6c22d5de97290dae910c57771,0,,,,,,,,,,,,,,,,,,,,{}
run_20260424T151533Z,2026-04-24T15:20:05+00:00,stage0,,progress,lexical_hit,stage0-lexical,e8bca45cadf5854dfc6cb7837fe94fe5368bfc18,0,,,,,,,,,,,,,,,,,,,,{}
run_20260424T151533Z,2026-04-24T15:20:05+00:00,stage0,,progress,filtered_lexical_miss,stage0-lexical,0c6ebd83fe4b7b1a8d086d2dcdcfb9237bb2cc28,0,,,,,,,,,,,,,,,,,,,,{}
run_20260424T151533Z,2026-04-24T15:20:05+00:00,stage0,,progress,filtered_lexical_miss,stage0-lexical,d5bbf20ca7c869ec6712c40644a7cfb2dd8ba732,0,,,,,,,,,,,,,,,,,,,,{}
run_20260424T151533Z,2026-04-24T15:20:05+00:00,stage0,,progress,filtered_lexical_miss,stage0-lexical,355b9a204c934f6a9be7f9f71fe9e5fa1d26a1ca,0,,,,,,,,,,,,,,,,,,,,{}
run_20260424T151533Z,2026-04-24T15:20:05+00:00,stage0,,progress,lexical_hit,stage0-lexical,8ea96b465715158191dd28e1f3017713b22cb983,0,,,,,,,,,,,,,,,,,,,,{}
run_20260424T151533Z,2026-04-24T15:20:05+00:00,stage0,,progress,filtered_lexical_miss,stage0-lexical,5ced1f8f8a8b2ff2787823c8374118df27acfe85,0,,,,,,,,,,,,,,,,,,,,{}
run_20260424T151533Z,2026-04-24T15:20:05+00:00,stage0,,progress,filtered_lexical_miss,stage0-lexical,dbf41cd7257aac975e6a0381411d64f5bc0582c9,0,,,,,,,,,,,,,,,,,,,,{}
run_20260424T151533Z,2026-04-24T15:20:05+00:00,stage0,,progress,lexical_hit,stage0-lexical,87c0205a433689c7a9cecb8cff844d4308f91b47,0,,,,,,,,,,,,,,,,,,,,{}
run_20260424T151533Z,2026-04-24T15:20:05+00:00,stage0,,progress,filtered_lexical_miss,stage0-lexical,1ca3b4e2df9702e8e78eda4138aac94424016b25,0,,,,,,,,,,,,,,,,,,,,{}
run_20260424T151533Z,2026-04-24T15:20:05+00:00,stage0,,progress,filtered_lexical_miss,stage0-lexical,de937e2f38266389da4af88c4ad5ed7c158bcdbe,0,,,,,,,,,,,,,,,,,,,,{}
run_20260424T151533Z,2026-04-24T15:20:05+00:00,stage0,,progress,lexical_hit,stage0-lexical,a86ceef15907b3a34849abf9c3e47dd873b233aa,0,,,,,,,,,,,,,,,,,,,,{}
run_20260424T151533Z,2026-04-24T15:20:05+00:00,stage0,,progress,filtered_lexical_miss,stage0-lexical,7e2f111e2a3d2d30388ee2b77938ee324669b288,0,,,,,,,,,,,,,,,,,,,,{}
run_20260424T151533Z,2026-04-24T15:20:05+00:00,stage0,,progress,lexical_hit,stage0-lexical,3d9e9a8de7a4fea480332c8e702e7afdb407be90,0,,,,,,,,,,,,,,,,,,,,{}
run_20260424T151533Z,2026-04-24T15:20:05+00:00,stage0,,progress,lexical_hit,stage0-lexical,3001513d59defa59c8a0647a33ba2c6e65cea12c,0,,,,,,,,,,,,,,,,,,,,{}
run_20260424T151533Z,2026-04-24T15:20:05+00:00,stage0,,progress,lexical_hit,stage0-lexical,bfd7efbf75da6d3d2eea92c2c53e598181af8bb1,0,,,,,,,,,,,,,,,,,,,,{}
run_20260424T151533Z,2026-04-24T15:20:05+00:00,stage0,,progress,filtered_lexical_miss,stage0-lexical,35ec97b071ec38420f387fb8c708b217bbea54e3,0,,,,,,,,,,,,,,,,,,,,{}
run_20260424T151533Z,2026-04-24T15:20:05+00:00,stage0,,progress,lexical_hit,stage0-lexical,12e1ab63858a40d0ef1b04dbfdbba3ee88394b5c,0,,,,,,,,,,,,,,,,,,,,{}
run_20260424T151533Z,2026-04-24T15:20:05+00:00,stage0,,progress,filtered_lexical_miss,stage0-lexical,c824e49e2d28dc1db6fe8d85dce62861abed867a,0,,,,,,,,,,,,,,,,,,,,{}
run_20260424T151533Z,2026-04-24T15:20:05+00:00,stage0,,progress,lexical_hit,stage0-lexical,fc003acfb98ea90540038d3efc328ebcf4e091a4,0,,,,,,,,,,,,,,,,,,,,{}
run_20260424T151533Z,2026-04-24T15:20:05+00:00,stage0,,progress,filtered_lexical_miss,stage0-lexical,d868e35f76c0a08aba0ff401666d9c4eaf9ef788,0,,,,,,,,,,,,,,,,,,,,{}
run_20260424T151533Z,2026-04-24T15:20:05+00:00,stage0,,progress,filtered_lexical_miss,stage0-lexical,c4626263eebfa7ef262f14f630c3fc57536f0334,0,,,,,,,,,,,,,,,,,,,,{}
run_20260424T151533Z,2026-04-24T15:20:05+00:00,stage0,,progress,lexical_hit,stage0-lexical,efd432e11c6650940b7382f2db716ab26e5c74d4,0,,,,,,,,,,,,,,,,,,,,{}
run_20260424T151533Z,2026-04-24T15:20:05+00:00,stage0,,progress,lexical_hit,stage0-lexical,85071452060a6e0d4bfb13c6373db5648e8ddd58,0,,,,,,,,,,,,,,,,,,,,{}
run_20260424T151533Z,2026-04-24T15:20:05+00:00,stage0,,progress,lexical_hit,stage0-lexical,a8e58e7ae82d02d5409c4fdc3da1742597f50f08,0,,,,,,,,,,,,,,,,,,,,{}
run_20260424T151533Z,2026-04-24T15:20:05+00:00,stage0,,progress,filtered_lexical_miss,stage0-lexical,af806aa24538a343439a353e0c76ab538d4a83ca,0,,,,,,,,,,,,,,,,,,,,{}
run_20260424T151533Z,2026-04-24T15:20:05+00:00,stage0,,progress,lexical_hit,stage0-lexical,cbf9099c4f933473b518180884c8b99557c6e099,0,,,,,,,,,,,,,,,,,,,,{}
run_20260424T151533Z,2026-04-24T15:20:05+00:00,stage0,,progress,lexical_hit,stage0-lexical,c9b61b1bbf1581e15784b24a2e439be4f2d9f2c4,0,,,,,,,,,,,,,,,,,,,,{}
run_20260424T151533Z,2026-04-24T15:20:05+00:00,stage0,,progress,filtered_lexical_miss,stage0-lexical,01fa749d2a9648bcc6bd9b43511a7ff01cd2bff6,0,,,,,,,,,,,,,,,,,,,,{}
run_20260424T151533Z,2026-04-24T15:20:05+00:00,stage0,,progress,lexical_hit,stage0-lexical,30bbcfd6c445c14f0c72074bbff9391d168e8168,0,,,,,,,,,,,,,,,,,,,,{}
run_20260424T151533Z,2026-04-24T15:20:05+00:00,stage0,,progress,filtered_lexical_miss,stage0-lexical,b838b0269c392831deb37168428e66fa16d84121,0,,,,,,,,,,,,,,,,,,,,{}
run_20260424T151533Z,2026-04-24T15:20:05+00:00,stage0,,progress,lexical_hit,stage0-lexical,424ab3f38d52610fe8fb9255f11fc8b9f5066b92,0,,,,,,,,,,,,,,,,,,,,{}
run_20260424T151533Z,2026-04-24T15:20:09+00:00,dns_gate,,progress,accepted,dns-gate,6420f5aa3a0258bccafd7d2bc9a7104bafcb1e70,0,,,,,,,,,,,,,,,,,,,,{}
run_20260424T151533Z,2026-04-24T15:20:09+00:00,dns_gate,,progress,accepted,dns-gate,ca3c26211370470384ea3f3a7d7ef0bb88735584,0,,,,,,,,,,,,,,,,,,,,{}
run_20260424T151533Z,2026-04-24T15:20:09+00:00,dns_gate,,progress,accepted,dns-gate,0529c8dea36870914b2f7ec6bb39ea89eeea3c07,0,,,,,,,,,,,,,,,,,,,,{}
run_20260424T151533Z,2026-04-24T15:20:09+00:00,dns_gate,,progress,accepted,dns-gate,216062e525b0c7c8a88506afd60fe76aad21f119,0,,,,,,,,,,,,,,,,,,,,{}
run_20260424T151533Z,2026-04-24T15:20:09+00:00,dns_gate,,progress,accepted,dns-gate,982a7db2572e66e9a171080c104dc1330186879a,0,,,,,,,,,,,,,,,,,,,,{}
run_20260424T151533Z,2026-04-24T15:20:09+00:00,dns_gate,,progress,accepted,dns-gate,c86b90b76afa7a5151cda98a3fc54cda7cc8a6aa,0,,,,,,,,,,,,,,,,,,,,{}
run_20260424T151533Z,2026-04-24T15:20:09+00:00,dns_gate,,progress,accepted,dns-gate,02bb56a0dd9d37f9495dab6f6ce26c3103e5465f,0,,,,,,,,,,,,,,,,,,,,{}
run_20260424T151533Z,2026-04-24T15:20:09+00:00,dns_gate,,progress,accepted,dns-gate,8ecf5eece16725b14cb36eb88a48dc02741ece20,0,,,,,,,,,,,,,,,,,,,,{}
run_20260424T151533Z,2026-04-24T15:20:09+00:00,dns_gate,,progress,accepted,dns-gate,899a05caedf503b2f64d37deeafaabc30acbbbd4,0,,,,,,,,,,,,,,,,,,,,{}
run_20260424T151533Z,2026-04-24T15:20:09+00:00,dns_gate,,progress,accepted,dns-gate,60c9191c67218212ac0413576593f9b3285f9c99,0,,,,,,,,,,,,,,,,,,,,{}
run_20260424T151533Z,2026-04-24T15:20:09+00:00,dns_gate,,progress,accepted,dns-gate,7e6a7017b748a5efe69ffbd5cc20e132d149adb3,0,,,,,,,,,,,,,,,,,,,,{}
run_20260424T151533Z,2026-04-24T15:20:09+00:00,dns_gate,,progress,accepted,dns-gate,a96cdaa1d941b890870da43d36b90874e5cd91d0,0,,,,,,,,,,,,,,,,,,,,{}
run_20260424T151533Z,2026-04-24T15:20:09+00:00,dns_gate,,progress,accepted,dns-gate,15c07f62d880f999b2f5a3bfbf1bb0f9702452b5,0,,,,,,,,,,,,,,,,,,,,{}
run_20260424T151533Z,2026-04-24T15:20:09+00:00,dns_gate,,progress,accepted,dns-gate,42c436c0f16cd669dd270a72a91502e593e9f7c4,0,,,,,,,,,,,,,,,,,,,,{}
run_20260424T151533Z,2026-04-24T15:20:09+00:00,dns_gate,,progress,accepted,dns-gate,08d074c2d961e7fe261349b2665ffbda805b3f89,0,,,,,,,,,,,,,,,,,,,,{}
run_20260424T151533Z,2026-04-24T15:20:09+00:00,dns_gate,,progress,accepted,dns-gate,96c0924a4c17e002037c44e7b3d1013115befa88,0,,,,,,,,,,,,,,,,,,,,{}
run_20260424T151533Z,2026-04-24T15:20:09+00:00,dns_gate,,progress,accepted,dns-gate,e656f9b961cf1391122d553d09431903aa216a83,0,,,,,,,,,,,,,,,,,,,,{}
run_20260424T151533Z,2026-04-24T15:20:09+00:00,dns_gate,,progress,accepted,dns-gate,c4bb4d0dabc66463b0ae98a37b3f81dacaddb16a,0,,,,,,,,,,,,,,,,,,,,{}
run_20260424T151533Z,2026-04-24T15:20:09+00:00,dns_gate,,progress,accepted,dns-gate,80290cb1739b3e938ebaf2391e30a4da5f0906e1,0,,,,,,,,,,,,,,,,,,,,{}
run_20260424T151533Z,2026-04-24T15:20:09+00:00,dns_gate,,progress,accepted,dns-gate,0feb46df46f234106e1f9df7f284eba6a1c74a89,0,,,,,,,,,,,,,,,,,,,,{}
run_20260424T151533Z,2026-04-24T15:20:09+00:00,dns_gate,,progress,accepted,dns-gate,85aef4a8e6b65eef70727b58c44182f13cbc7918,0,,,,,,,,,,,,,,,,,,,,{}
run_20260424T151533Z,2026-04-24T15:20:09+00:00,dns_gate,,progress,accepted,dns-gate,067702433a322c5eab63a9360c57b617eab3a6ab,0,,,,,,,,,,,,,,,,,,,,{}
run_20260424T151533Z,2026-04-24T15:20:09+00:00,dns_gate,,progress,accepted,dns-gate,5f17fea6aeacf0e2d16b5bed5c23e7a8fa374724,0,,,,,,,,,,,,,,,,,,,,{}
run_20260424T151533Z,2026-04-24T15:20:09+00:00,dns_gate,,progress,accepted,dns-gate,2c4f84bcdc14d62cdb2655c7c1e87b376be7761f,0,,,,,,,,,,,,,,,,,,,,{}
run_20260424T151533Z,2026-04-24T15:20:09+00:00,dns_gate,,progress,accepted,dns-gate,0704390c5231a27ce0290fc9e4c5223543bb4e54,0,,,,,,,,,,,,,,,,,,,,{}
run_20260424T151533Z,2026-04-24T15:20:09+00:00,dns_gate,,progress,accepted,dns-gate,f8cef764ac3c9f490d59b1728d4b5ae8c9096b0e,0,,,,,,,,,,,,,,,,,,,,{}
run_20260424T151533Z,2026-04-24T15:20:09+00:00,dns_gate,,progress,accepted,dns-gate,308bfd0ebf3a71f7202dee1474252f8d3feb971c,0,,,,,,,,,,,,,,,,,,,,{}
run_20260424T151533Z,2026-04-24T15:20:09+00:00,dns_gate,,progress,accepted,dns-gate,1c21f22deee258514f7c007f5f92aab4512f89ad,0,,,,,,,,,,,,,,,,,,,,{}
run_20260424T151533Z,2026-04-24T15:20:09+00:00,dns_gate,,progress,accepted,dns-gate,0fb35bf2da2c6cc7de4d16501ad1961ac15df6cc,0,,,,,,,,,,,,,,,,,,,,{}
run_20260424T151533Z,2026-04-24T15:20:09+00:00,dns_gate,,progress,accepted,dns-gate,b7f7a3e9bbb161c8983802b1a1c2986ac6e77368,0,,,,,,,,,,,,,,,,,,,,{}
run_20260424T151533Z,2026-04-24T15:20:09+00:00,dns_gate,,progress,accepted,dns-gate,bff567b4a3e580e00d3346c71c4b02022b556714,0,,,,,,,,,,,,,,,,,,,,{}
run_20260424T151533Z,2026-04-24T15:20:09+00:00,dns_gate,,progress,accepted,dns-gate,a437d8dd3b42ce667a59c62d77f0f58a1e6a983b,0,,,,,,,,,,,,,,,,,,,,{}
run_20260424T151533Z,2026-04-24T15:20:09+00:00,dns_gate,,progress,accepted,dns-gate,1f1d12bc98aaf5229414802d8a483300564648cf,0,,,,,,,,,,,,,,,,,,,,{}
run_20260424T151533Z,2026-04-24T15:20:09+00:00,dns_gate,,progress,accepted,dns-gate,48044fb6f87fc3279fb194367d693c4ed9863f79,0,,,,,,,,,,,,,,,,,,,,{}
run_20260424T151533Z,2026-04-24T15:20:09+00:00,dns_gate,,progress,accepted,dns-gate,54dd651a54e1819a007f93675ead5e52db053682,0,,,,,,,,,,,,,,,,,,,,{}
run_20260424T151533Z,2026-04-24T15:20:09+00:00,dns_gate,,progress,accepted,dns-gate,c993cb2f2197f6909045b39117901a8df174c4c8,0,,,,,,,,,,,,,,,,,,,,{}
run_20260424T151533Z,2026-04-24T15:20:09+00:00,dns_gate,,progress,accepted,dns-gate,b7111cd1953e8171c5c47bd876417fb594844a1d,0,,,,,,,,,,,,,,,,,,,,{}
run_20260424T151533Z,2026-04-24T15:20:09+00:00,dns_gate,,progress,accepted,dns-gate,7d4a2996738d95e9268c5701a37c2191d37f731f,0,,,,,,,,,,,,,,,,,,,,{}
run_20260424T151533Z,2026-04-24T15:20:09+00:00,dns_gate,,progress,accepted,dns-gate,8933f167e39d0634639eb8c24cee74d8827edb23,0,,,,,,,,,,,,,,,,,,,,{}
run_20260424T151533Z,2026-04-24T15:20:09+00:00,dns_gate,,progress,accepted,dns-gate,a0897d3d64fc6419b41a71fec9bbb186050867ab,0,,,,,,,,,,,,,,,,,,,,{}
run_20260424T151533Z,2026-04-24T15:20:09+00:00,dns_gate,,progress,accepted,dns-gate,331406bbbb5e04e3a5c9354439b97815a7c406c0,0,,,,,,,,,,,,,,,,,,,,{}
run_20260424T151533Z,2026-04-24T15:20:09+00:00,dns_gate,,progress,accepted,dns-gate,0836b095dfbe4f8a0fc2506c9e030008a0168772,0,,,,,,,,,,,,,,,,,,,,{}
run_20260424T151533Z,2026-04-24T15:20:09+00:00,dns_gate,,progress,accepted,dns-gate,ad96318b9a59f7fb4765b328fbdde70a562b67e9,0,,,,,,,,,,,,,,,,,,,,{}
run_20260424T151533Z,2026-04-24T15:20:09+00:00,dns_gate,,progress,accepted,dns-gate,7d84245850ab64c39fc8fabd46dd0c11810edea3,0,,,,,,,,,,,,,,,,,,,,{}
run_20260424T151533Z,2026-04-24T15:20:09+00:00,dns_gate,,progress,accepted,dns-gate,2b17550b9e3b70aab964e58f355c487635e69311,0,,,,,,,,,,,,,,,,,,,,{}
run_20260424T151533Z,2026-04-24T15:20:09+00:00,dns_gate,,progress,accepted,dns-gate,6d4cb1ef02149c169c9dfa2965643806a1cadf23,0,,,,,,,,,,,,,,,,,,,,{}
run_20260424T151533Z,2026-04-24T15:20:09+00:00,dns_gate,,progress,accepted,dns-gate,fe3873bc62ff7e61275f4832389a60a79f1a5a40,0,,,,,,,,,,,,,,,,,,,,{}
run_20260424T151533Z,2026-04-24T15:20:09+00:00,dns_gate,,progress,accepted,dns-gate,2f9450e59a287bc291f77d258c49bad6e740aaf0,0,,,,,,,,,,,,,,,,,,,,{}
run_20260424T151533Z,2026-04-24T15:20:09+00:00,dns_gate,,progress,accepted,dns-gate,c3f0daae4de3bda2e5187c430f66903c13d07226,0,,,,,,,,,,,,,,,,,,,,{}
run_20260424T151533Z,2026-04-24T15:20:09+00:00,dns_gate,,progress,accepted,dns-gate,61fa155529f26ea51005f35283e8288fb4de36d9,0,,,,,,,,,,,,,,,,,,,,{}
run_20260424T151533Z,2026-04-24T15:20:09+00:00,dns_gate,,progress,accepted,dns-gate,8e9364a8f99f14ad290f6de87ff65467d077a437,0,,,,,,,,,,,,,,,,,,,,{}
run_20260424T151533Z,2026-04-24T15:20:09+00:00,dns_gate,,progress,accepted,dns-gate,adeae87a02a85d35866e80b58903d9d4780e9cd0,0,,,,,,,,,,,,,,,,,,,,{}
run_20260424T151533Z,2026-04-24T15:20:09+00:00,dns_gate,,progress,accepted,dns-gate,323efb07f83a5c145dd5312093a67f2beef14877,0,,,,,,,,,,,,,,,,,,,,{}
run_20260424T151533Z,2026-04-24T15:20:09+00:00,dns_gate,,progress,accepted,dns-gate,eae393db03e2b518ecddc04de115a97e5e88114e,0,,,,,,,,,,,,,,,,,,,,{}
run_20260424T151533Z,2026-04-24T15:20:09+00:00,dns_gate,,progress,accepted,dns-gate,c5ec230a6f2a9db6a8ada009ddf5a0e5e1b78ec5,0,,,,,,,,,,,,,,,,,,,,{}
run_20260424T151533Z,2026-04-24T15:20:09+00:00,dns_gate,,progress,accepted,dns-gate,9f2ed7c7e057c27b73cf54e233414e55d9ffde4d,0,,,,,,,,,,,,,,,,,,,,{}
run_20260424T151533Z,2026-04-24T15:20:09+00:00,dns_gate,,progress,accepted,dns-gate,5d1691c98dfd2d226c1a05e6afbf620ebc0e33d3,0,,,,,,,,,,,,,,,,,,,,{}
run_20260424T151533Z,2026-04-24T15:20:09+00:00,dns_gate,,progress,accepted,dns-gate,1fd07b6be57efbad9ee913bc0c758ad5ccec8def,0,,,,,,,,,,,,,,,,,,,,{}
run_20260424T151533Z,2026-04-24T15:20:09+00:00,dns_gate,,progress,accepted,dns-gate,d42733d1486d132abfae56d60fa95893dd63d021,0,,,,,,,,,,,,,,,,,,,,{}
run_20260424T151533Z,2026-04-24T15:20:09+00:00,dns_gate,,progress,accepted,dns-gate,cc71c129342dce0d37a7c95eda1d7f45f554d896,0,,,,,,,,,,,,,,,,,,,,{}
run_20260424T151533Z,2026-04-24T15:20:09+00:00,dns_gate,,progress,accepted,dns-gate,23e339f70f672326cf114378ebc8e3eef103ddcd,0,,,,,,,,,,,,,,,,,,,,{}
run_20260424T151533Z,2026-04-24T15:20:09+00:00,dns_gate,,progress,accepted,dns-gate,038f2c96a348bbb55dcad531e7668324ddf056b7,0,,,,,,,,,,,,,,,,,,,,{}
run_20260424T151533Z,2026-04-24T15:20:09+00:00,dns_gate,,progress,accepted,dns-gate,7d3aa7e8644ddfdaf185bfdd9f163a116cf9bf6d,0,,,,,,,,,,,,,,,,,,,,{}
run_20260424T151533Z,2026-04-24T15:20:09+00:00,dns_gate,,progress,accepted,dns-gate,4006f88090cfb4b9803b89c9756359d159354a9a,0,,,,,,,,,,,,,,,,,,,,{}
run_20260424T151533Z,2026-04-24T15:20:09+00:00,dns_gate,,progress,accepted,dns-gate,b3d82d03edacf5ba496d54a5b2490cf27b7b60d0,0,,,,,,,,,,,,,,,,,,,,{}
run_20260424T151533Z,2026-04-24T15:20:09+00:00,dns_gate,,progress,accepted,dns-gate,432e17367bda174a89661bc57d041ae1dc2efbc1,0,,,,,,,,,,,,,,,,,,,,{}
run_20260424T151533Z,2026-04-24T15:20:09+00:00,dns_gate,,progress,accepted,dns-gate,4f0b5529317159f1d3d7dff71f43e2a9095d5cb1,0,,,,,,,,,,,,,,,,,,,,{}
run_20260424T151533Z,2026-04-24T15:20:09+00:00,dns_gate,,progress,accepted,dns-gate,63c434d4a2f3f8983790bbd7529c1038aed3bd9f,0,,,,,,,,,,,,,,,,,,,,{}
run_20260424T151533Z,2026-04-24T15:20:09+00:00,dns_gate,,progress,accepted,dns-gate,fee8b275ebae5de7afa9b7d017a8cf20f01ebf41,0,,,,,,,,,,,,,,,,,,,,{}
run_20260424T151533Z,2026-04-24T15:20:09+00:00,dns_gate,,progress,accepted,dns-gate,c561de136f40b589e415935fda47cdd194a70cd8,0,,,,,,,,,,,,,,,,,,,,{}
run_20260424T151533Z,2026-04-24T15:20:09+00:00,dns_gate,,progress,accepted,dns-gate,67ba29e5b022148c2a568fdc160d85ff35437ff1,0,,,,,,,,,,,,,,,,,,,,{}
run_20260424T151533Z,2026-04-24T15:20:09+00:00,dns_gate,,progress,accepted,dns-gate,d033078cf5fa7daaa03d7c66e52a6a6d1b2ecd50,0,,,,,,,,,,,,,,,,,,,,{}
run_20260424T151533Z,2026-04-24T15:20:09+00:00,dns_gate,,progress,accepted,dns-gate,ace8c19b89cec99e1da6d73b7cd3a640083546f5,0,,,,,,,,,,,,,,,,,,,,{}
run_20260424T151533Z,2026-04-24T15:20:09+00:00,dns_gate,,progress,accepted,dns-gate,e26ca599d012a99d909df6612a5dc66cc8f3648e,0,,,,,,,,,,,,,,,,,,,,{}
run_20260424T151533Z,2026-04-24T15:20:09+00:00,dns_gate,,progress,accepted,dns-gate,bf973ea98ceb0b2f98cb37059022e52550e2cbb5,0,,,,,,,,,,,,,,,,,,,,{}
run_20260424T151533Z,2026-04-24T15:20:09+00:00,dns_gate,,progress,accepted,dns-gate,03b29f85b876ed28479821a68b9b7bc9243727a0,0,,,,,,,,,,,,,,,,,,,,{}
run_20260424T151533Z,2026-04-24T15:20:09+00:00,dns_gate,,progress,accepted,dns-gate,77091727c48c93fab77e9e679c12d50e7728254a,0,,,,,,,,,,,,,,,,,,,,{}
run_20260424T151533Z,2026-04-24T15:20:09+00:00,dns_gate,,progress,accepted,dns-gate,2c3827e5bc83876998e45241e728507ebf3ff69b,0,,,,,,,,,,,,,,,,,,,,{}
run_20260424T151533Z,2026-04-24T15:20:09+00:00,dns_gate,,progress,accepted,dns-gate,587d9a2a4371285877b83bbdc20cd6b3d7905ae9,0,,,,,,,,,,,,,,,,,,,,{}
run_20260424T151533Z,2026-04-24T15:20:09+00:00,dns_gate,,progress,accepted,dns-gate,c5de7eb1eb99b9808d3682d044a7b62310ab6459,0,,,,,,,,,,,,,,,,,,,,{}
run_20260424T151533Z,2026-04-24T15:20:09+00:00,dns_gate,,progress,accepted,dns-gate,e59df6619f7bbbdfa73a7ceaf6017125cb5dca4a,0,,,,,,,,,,,,,,,,,,,,{}
run_20260424T151533Z,2026-04-24T15:20:09+00:00,dns_gate,,progress,accepted,dns-gate,75f34314f6389ff9141affee84bb64f3a2fb336a,0,,,,,,,,,,,,,,,,,,,,{}
run_20260424T151533Z,2026-04-24T15:20:09+00:00,dns_gate,,progress,accepted,dns-gate,21e0a4708fb84828990cac7fed04a4dae3e8359e,0,,,,,,,,,,,,,,,,,,,,{}
run_20260424T151533Z,2026-04-24T15:20:09+00:00,dns_gate,,progress,accepted,dns-gate,6e6a90bc6ef6626be018ec35cd3f5208f02d66d6,0,,,,,,,,,,,,,,,,,,,,{}
run_20260424T151533Z,2026-04-24T15:20:09+00:00,dns_gate,,progress,accepted,dns-gate,40fc6e22da5299d6e345ad0274832acffc19eefc,0,,,,,,,,,,,,,,,,,,,,{}
run_20260424T151533Z,2026-04-24T15:20:09+00:00,dns_gate,,progress,accepted,dns-gate,a0a524cfeba476c93e09b9a7c383d74c59c2edaf,0,,,,,,,,,,,,,,,,,,,,{}
run_20260424T151533Z,2026-04-24T15:20:09+00:00,dns_gate,,progress,accepted,dns-gate,996dbfd3b472bb01563de701a3edef1bb188be93,0,,,,,,,,,,,,,,,,,,,,{}
run_20260424T151533Z,2026-04-24T15:20:09+00:00,dns_gate,,progress,accepted,dns-gate,e55c9cd64320e3a19ff297505991b9f7a364405a,0,,,,,,,,,,,,,,,,,,,,{}
run_20260424T151533Z,2026-04-24T15:20:09+00:00,dns_gate,,progress,accepted,dns-gate,1fb564633456bfa27753c0287daf0d9f5bfef154,0,,,,,,,,,,,,,,,,,,,,{}
run_20260424T151533Z,2026-04-24T15:20:09+00:00,dns_gate,,progress,accepted,dns-gate,c772a27e421f5dd9bc9673f647a5bc320553a699,0,,,,,,,,,,,,,,,,,,,,{}
run_20260424T151533Z,2026-04-24T15:20:09+00:00,dns_gate,,progress,accepted,dns-gate,6378fd5e3c29b6347620b470de604e07a24e27ed,0,,,,,,,,,,,,,,,,,,,,{}
run_20260424T151533Z,2026-04-24T15:20:09+00:00,dns_gate,,progress,accepted,dns-gate,40360819c4e80c1f4dfd0e4e3ed05d6a422ef951,0,,,,,,,,,,,,,,,,,,,,{}
run_20260424T151533Z,2026-04-24T15:20:09+00:00,dns_gate,,progress,accepted,dns-gate,9e8aea9a335bf0d0eacdc1c7b8fb99e18ebfc351,0,,,,,,,,,,,,,,,,,,,,{}
run_20260424T151533Z,2026-04-24T15:20:09+00:00,dns_gate,,progress,accepted,dns-gate,77364e25b298a86fb672046d9331285dee900898,0,,,,,,,,,,,,,,,,,,,,{}
run_20260424T151533Z,2026-04-24T15:20:09+00:00,dns_gate,,progress,accepted,dns-gate,6193d5586bc55ec6db9d53c3aa0b935ac15872fe,0,,,,,,,,,,,,,,,,,,,,{}
run_20260424T151533Z,2026-04-24T15:20:09+00:00,dns_gate,,progress,accepted,dns-gate,58acb1f39f003067b68b524ea1c76e3b478f023a,0,,,,,,,,,,,,,,,,,,,,{}
run_20260424T151533Z,2026-04-24T15:20:09+00:00,dns_gate,,progress,accepted,dns-gate,18fe2a7dcbc4579c894445262e2c78c0e9e374ce,0,,,,,,,,,,,,,,,,,,,,{}
run_20260424T151533Z,2026-04-24T15:20:09+00:00,dns_gate,,progress,accepted,dns-gate,05b70074a2f5d896114dea823cda77a001addd28,0,,,,,,,,,,,,,,,,,,,,{}
run_20260424T151533Z,2026-04-24T15:20:09+00:00,dns_gate,,progress,accepted,dns-gate,c1a6d5a3acf48b0abb4d122328d9c050cf77a160,0,,,,,,,,,,,,,,,,,,,,{}
run_20260424T151533Z,2026-04-24T15:20:09+00:00,dns_gate,,progress,accepted,dns-gate,79d94b4c666d59c1b64ea81e8205400df1ac0827,0,,,,,,,,,,,,,,,,,,,,{}
run_20260424T151533Z,2026-04-24T15:20:09+00:00,dns_gate,,progress,accepted,dns-gate,0f247966c5cf0a8e8b5aa033393aefef9c5c240d,0,,,,,,,,,,,,,,,,,,,,{}
run_20260424T151533Z,2026-04-24T15:20:09+00:00,dns_gate,,progress,accepted,dns-gate,dda258f3d257056126cec7af3fd7c32e63d91f7f,0,,,,,,,,,,,,,,,,,,,,{}
run_20260424T151533Z,2026-04-24T15:20:09+00:00,dns_gate,,progress,accepted,dns-gate,20878ec7869c4b79b9742b621b4a44c7b556d9f9,0,,,,,,,,,,,,,,,,,,,,{}
run_20260424T151533Z,2026-04-24T15:20:09+00:00,dns_gate,,progress,accepted,dns-gate,e8bca45cadf5854dfc6cb7837fe94fe5368bfc18,0,,,,,,,,,,,,,,,,,,,,{}
run_20260424T151533Z,2026-04-24T15:20:09+00:00,dns_gate,,progress,accepted,dns-gate,8ea96b465715158191dd28e1f3017713b22cb983,0,,,,,,,,,,,,,,,,,,,,{}
run_20260424T151533Z,2026-04-24T15:20:09+00:00,dns_gate,,progress,accepted,dns-gate,87c0205a433689c7a9cecb8cff844d4308f91b47,0,,,,,,,,,,,,,,,,,,,,{}
run_20260424T151533Z,2026-04-24T15:20:09+00:00,dns_gate,,progress,accepted,dns-gate,3d9e9a8de7a4fea480332c8e702e7afdb407be90,0,,,,,,,,,,,,,,,,,,,,{}
run_20260424T151533Z,2026-04-24T15:20:09+00:00,dns_gate,,progress,accepted,dns-gate,3001513d59defa59c8a0647a33ba2c6e65cea12c,0,,,,,,,,,,,,,,,,,,,,{}
run_20260424T151533Z,2026-04-24T15:20:09+00:00,dns_gate,,progress,accepted,dns-gate,12e1ab63858a40d0ef1b04dbfdbba3ee88394b5c,0,,,,,,,,,,,,,,,,,,,,{}
run_20260424T151533Z,2026-04-24T15:20:09+00:00,dns_gate,,progress,accepted,dns-gate,fc003acfb98ea90540038d3efc328ebcf4e091a4,0,,,,,,,,,,,,,,,,,,,,{}
run_20260424T151533Z,2026-04-24T15:20:09+00:00,dns_gate,,progress,accepted,dns-gate,a8e58e7ae82d02d5409c4fdc3da1742597f50f08,0,,,,,,,,,,,,,,,,,,,,{}
run_20260424T151533Z,2026-04-24T15:20:09+00:00,dns_gate,,progress,accepted,dns-gate,cbf9099c4f933473b518180884c8b99557c6e099,0,,,,,,,,,,,,,,,,,,,,{}
run_20260424T151533Z,2026-04-24T15:20:09+00:00,dns_gate,,progress,accepted,dns-gate,c9b61b1bbf1581e15784b24a2e439be4f2d9f2c4,0,,,,,,,,,,,,,,,,,,,,{}
run_20260424T151533Z,2026-04-24T15:20:09+00:00,dns_gate,,progress,accepted,dns-gate,30bbcfd6c445c14f0c72074bbff9391d168e8168,0,,,,,,,,,,,,,,,,,,,,{}
run_20260424T151533Z,2026-04-24T15:20:09+00:00,dns_gate,,progress,registration_passthrough,dns-gate,0017dbe2dc3fce50b2c45dc59a2f7070cd71e6fb,0,,,,,,,,,,,,,,,,,,,no A/AAAA answers for jiouo.com,{}
run_20260424T151533Z,2026-04-24T15:20:09+00:00,dns_gate,,progress,registration_passthrough,dns-gate,e4cf81478e79d98e5bc4d7bffa537c2d28a258c7,0,,,,,,,,,,,,,,,,,,,no A/AAAA answers for icicibank-coin.cfd,{}
run_20260424T151533Z,2026-04-24T15:20:09+00:00,dns_gate,,progress,registration_passthrough,dns-gate,c1235e3be65697ddca251b22b39c84c70fa27bf0,0,,,,,,,,,,,,,,,,,,,no A/AAAA answers for rejbio.com,{}
run_20260424T151533Z,2026-04-24T15:20:09+00:00,dns_gate,,progress,registration_passthrough,dns-gate,ba637c5e3d5b07eccccf4eccc5337c763d9d209c,0,,,,,,,,,,,,,,,,,,,no A/AAAA answers for icicibank-coin.sbs,{}
run_20260424T151533Z,2026-04-24T15:20:09+00:00,dns_gate,,progress,registration_passthrough,dns-gate,b2038eea0d689ef7b1dc7815800ff3c8456c7d3b,0,,,,,,,,,,,,,,,,,,,no A/AAAA answers for atmosonline.com,{}
run_20260424T151533Z,2026-04-24T15:20:09+00:00,dns_gate,,progress,registration_passthrough,dns-gate,5dbf9de105147c9bc7d6a685fff58fdd0efde0c6,0,,,,,,,,,,,,,,,,,,,no A/AAAA answers for axis969.com,{}
run_20260424T151533Z,2026-04-24T15:20:09+00:00,dns_gate,,progress,registration_passthrough,dns-gate,6c1329fd5e7664580a84d2c625ec81dbffd8738d,0,,,,,,,,,,,,,,,,,,,no A/AAAA answers for canarastirma.com,{}
run_20260424T151533Z,2026-04-24T15:20:09+00:00,dns_gate,,progress,registration_passthrough,dns-gate,8655c42a5da3a5aec16924853deec12e36c84922,0,,,,,,,,,,,,,,,,,,,no A/AAAA answers for icicibcak.icu,{}
run_20260424T151533Z,2026-04-24T15:20:09+00:00,dns_gate,,progress,registration_passthrough,dns-gate,68a1fa63b1fe4b5a8a592dd69229888369a64765,0,,,,,,,,,,,,,,,,,,,no A/AAAA answers for onlinesbitips.info,{}
run_20260424T151533Z,2026-04-24T15:20:09+00:00,dns_gate,,progress,registration_passthrough,dns-gate,ec7ba5c514d0fc648b1ed4e5e248b1163dcac560,0,,,,,,,,,,,,,,,,,,,no A/AAAA answers for canariasia.com,{}
run_20260424T151533Z,2026-04-24T15:20:09+00:00,dns_gate,,progress,registration_passthrough,dns-gate,ab7fba61821d808c47aeac734fadd1455e7cca34,0,,,,,,,,,,,,,,,,,,,no A/AAAA answers for rebi.org,{}
run_20260424T151533Z,2026-04-24T15:20:09+00:00,dns_gate,,progress,registration_passthrough,dns-gate,7a99d8238f431fca046b9f35191d72d6efd8fb26,0,,,,,,,,,,,,,,,,,,,no A/AAAA answers for netornb.com,{}
run_20260424T151533Z,2026-04-24T15:20:09+00:00,dns_gate,,progress,registration_passthrough,dns-gate,5eb0de73cc606aa7e0aa7463873f529ecc2d13c9,0,,,,,,,,,,,,,,,,,,,no A/AAAA answers for icicibzvk.shop,{}
run_20260424T151533Z,2026-04-24T15:20:09+00:00,dns_gate,,progress,registration_passthrough,dns-gate,8be571ede02820ece6b2860c7b12d3e8a6a6c2ce,0,,,,,,,,,,,,,,,,,,,no A/AAAA answers for icicibank-in.homes,{}
run_20260424T151533Z,2026-04-24T15:20:09+00:00,dns_gate,,progress,registration_passthrough,dns-gate,c547cbddb5e53d015b2160ef41d2e035bab3aa86,0,,,,,,,,,,,,,,,,,,,no A/AAAA answers for spbivf.com,{}
run_20260424T151533Z,2026-04-24T15:20:09+00:00,dns_gate,,progress,registration_passthrough,dns-gate,1055bacf550801b21fb342e479adca552195c3ea,0,,,,,,,,,,,,,,,,,,,no A/AAAA answers for purebit.ink,{}
run_20260424T151533Z,2026-04-24T15:20:09+00:00,dns_gate,,progress,registration_passthrough,dns-gate,b93aee2697599d0594c1013c24ccfb8f7027f0db,0,,,,,,,,,,,,,,,,,,,no A/AAAA answers for the-cats-app.top,{}
run_20260424T151533Z,2026-04-24T15:20:09+00:00,dns_gate,,progress,registration_passthrough,dns-gate,3f1f948ee683535a1a037542dc1cc4b47a0e587c,0,,,,,,,,,,,,,,,,,,,no A/AAAA answers for mirandaexpresss.com,{}
run_20260424T151533Z,2026-04-24T15:20:09+00:00,dns_gate,,progress,registration_passthrough,dns-gate,36347d164f73f801fa7375d4332bc7f86df5c3f3,0,,,,,,,,,,,,,,,,,,,no A/AAAA answers for indusindgicl.com,{}
run_20260424T151533Z,2026-04-24T15:20:09+00:00,dns_gate,,progress,registration_passthrough,dns-gate,a86ceef15907b3a34849abf9c3e47dd873b233aa,0,,,,,,,,,,,,,,,,,,,no A/AAAA answers for aiimsdelhiedu.in,{}
run_20260424T151533Z,2026-04-24T15:20:09+00:00,dns_gate,,progress,registration_passthrough,dns-gate,bfd7efbf75da6d3d2eea92c2c53e598181af8bb1,0,,,,,,,,,,,,,,,,,,,no A/AAAA answers for icicibcok.icu,{}
run_20260424T151533Z,2026-04-24T15:20:09+00:00,dns_gate,,progress,registration_passthrough,dns-gate,efd432e11c6650940b7382f2db716ab26e5c74d4,0,,,,,,,,,,,,,,,,,,,no A/AAAA answers for fintechlyn.com,{}
run_20260424T151533Z,2026-04-24T15:20:09+00:00,dns_gate,,progress,registration_passthrough,dns-gate,85071452060a6e0d4bfb13c6373db5648e8ddd58,0,,,,,,,,,,,,,,,,,,,no A/AAAA answers for icicihvd.icu,{}
run_20260424T151533Z,2026-04-24T15:20:09+00:00,dns_gate,,progress,registration_passthrough,dns-gate,424ab3f38d52610fe8fb9255f11fc8b9f5066b92,0,,,,,,,,,,,,,,,,,,,no A/AAAA answers for icicibzok.shop,{}
run_20260424T151533Z,2026-04-24T15:20:09+00:00,hash,,progress,admitted,hash-admit,6420f5aa3a0258bccafd7d2bc9a7104bafcb1e70,0,,,,,,,,,,,,,,,,,,,,{}
run_20260424T151533Z,2026-04-24T15:20:09+00:00,hash,,progress,admitted,hash-admit,ca3c26211370470384ea3f3a7d7ef0bb88735584,0,,,,,,,,,,,,,,,,,,,,{}
run_20260424T151533Z,2026-04-24T15:20:09+00:00,hash,,progress,admitted,hash-admit,0529c8dea36870914b2f7ec6bb39ea89eeea3c07,0,,,,,,,,,,,,,,,,,,,,{}
run_20260424T151533Z,2026-04-24T15:20:09+00:00,hash,,progress,admitted,hash-admit,216062e525b0c7c8a88506afd60fe76aad21f119,0,,,,,,,,,,,,,,,,,,,,{}
run_20260424T151533Z,2026-04-24T15:20:09+00:00,hash,,progress,admitted,hash-admit,982a7db2572e66e9a171080c104dc1330186879a,0,,,,,,,,,,,,,,,,,,,,{}
run_20260424T151533Z,2026-04-24T15:20:09+00:00,hash,,progress,admitted,hash-admit,c86b90b76afa7a5151cda98a3fc54cda7cc8a6aa,0,,,,,,,,,,,,,,,,,,,,{}
run_20260424T151533Z,2026-04-24T15:20:09+00:00,hash,,progress,admitted,hash-admit,02bb56a0dd9d37f9495dab6f6ce26c3103e5465f,0,,,,,,,,,,,,,,,,,,,,{}
run_20260424T151533Z,2026-04-24T15:20:09+00:00,hash,,progress,admitted,hash-admit,8ecf5eece16725b14cb36eb88a48dc02741ece20,0,,,,,,,,,,,,,,,,,,,,{}
run_20260424T151533Z,2026-04-24T15:20:09+00:00,hash,,progress,admitted,hash-admit,899a05caedf503b2f64d37deeafaabc30acbbbd4,0,,,,,,,,,,,,,,,,,,,,{}
run_20260424T151533Z,2026-04-24T15:20:09+00:00,hash,,progress,admitted,hash-admit,60c9191c67218212ac0413576593f9b3285f9c99,0,,,,,,,,,,,,,,,,,,,,{}
run_20260424T151533Z,2026-04-24T15:20:09+00:00,hash,,progress,admitted,hash-admit,7e6a7017b748a5efe69ffbd5cc20e132d149adb3,0,,,,,,,,,,,,,,,,,,,,{}
run_20260424T151533Z,2026-04-24T15:20:09+00:00,hash,,progress,admitted,hash-admit,a96cdaa1d941b890870da43d36b90874e5cd91d0,0,,,,,,,,,,,,,,,,,,,,{}
run_20260424T151533Z,2026-04-24T15:20:09+00:00,hash,,progress,admitted,hash-admit,15c07f62d880f999b2f5a3bfbf1bb0f9702452b5,0,,,,,,,,,,,,,,,,,,,,{}
run_20260424T151533Z,2026-04-24T15:20:09+00:00,hash,,progress,admitted,hash-admit,42c436c0f16cd669dd270a72a91502e593e9f7c4,0,,,,,,,,,,,,,,,,,,,,{}
run_20260424T151533Z,2026-04-24T15:20:09+00:00,hash,,progress,admitted,hash-admit,08d074c2d961e7fe261349b2665ffbda805b3f89,0,,,,,,,,,,,,,,,,,,,,{}
run_20260424T151533Z,2026-04-24T15:20:09+00:00,hash,,progress,admitted,hash-admit,96c0924a4c17e002037c44e7b3d1013115befa88,0,,,,,,,,,,,,,,,,,,,,{}
run_20260424T151533Z,2026-04-24T15:20:09+00:00,hash,,progress,admitted,hash-admit,e656f9b961cf1391122d553d09431903aa216a83,0,,,,,,,,,,,,,,,,,,,,{}
run_20260424T151533Z,2026-04-24T15:20:09+00:00,hash,,progress,admitted,hash-admit,c4bb4d0dabc66463b0ae98a37b3f81dacaddb16a,0,,,,,,,,,,,,,,,,,,,,{}
run_20260424T151533Z,2026-04-24T15:20:09+00:00,hash,,progress,admitted,hash-admit,80290cb1739b3e938ebaf2391e30a4da5f0906e1,0,,,,,,,,,,,,,,,,,,,,{}
run_20260424T151533Z,2026-04-24T15:20:09+00:00,hash,,progress,admitted,hash-admit,0feb46df46f234106e1f9df7f284eba6a1c74a89,0,,,,,,,,,,,,,,,,,,,,{}
run_20260424T151533Z,2026-04-24T15:20:09+00:00,hash,,progress,admitted,hash-admit,85aef4a8e6b65eef70727b58c44182f13cbc7918,0,,,,,,,,,,,,,,,,,,,,{}
run_20260424T151533Z,2026-04-24T15:20:09+00:00,hash,,progress,admitted,hash-admit,067702433a322c5eab63a9360c57b617eab3a6ab,0,,,,,,,,,,,,,,,,,,,,{}
run_20260424T151533Z,2026-04-24T15:20:09+00:00,hash,,progress,admitted,hash-admit,5f17fea6aeacf0e2d16b5bed5c23e7a8fa374724,0,,,,,,,,,,,,,,,,,,,,{}
run_20260424T151533Z,2026-04-24T15:20:09+00:00,hash,,progress,admitted,hash-admit,2c4f84bcdc14d62cdb2655c7c1e87b376be7761f,0,,,,,,,,,,,,,,,,,,,,{}
run_20260424T151533Z,2026-04-24T15:20:09+00:00,hash,,progress,admitted,hash-admit,0704390c5231a27ce0290fc9e4c5223543bb4e54,0,,,,,,,,,,,,,,,,,,,,{}
run_20260424T151533Z,2026-04-24T15:20:09+00:00,hash,,progress,admitted,hash-admit,f8cef764ac3c9f490d59b1728d4b5ae8c9096b0e,0,,,,,,,,,,,,,,,,,,,,{}
run_20260424T151533Z,2026-04-24T15:20:09+00:00,hash,,progress,admitted,hash-admit,308bfd0ebf3a71f7202dee1474252f8d3feb971c,0,,,,,,,,,,,,,,,,,,,,{}
run_20260424T151533Z,2026-04-24T15:20:09+00:00,hash,,progress,admitted,hash-admit,1c21f22deee258514f7c007f5f92aab4512f89ad,0,,,,,,,,,,,,,,,,,,,,{}
run_20260424T151533Z,2026-04-24T15:20:09+00:00,hash,,progress,admitted,hash-admit,0fb35bf2da2c6cc7de4d16501ad1961ac15df6cc,0,,,,,,,,,,,,,,,,,,,,{}
run_20260424T151533Z,2026-04-24T15:20:09+00:00,hash,,progress,admitted,hash-admit,b7f7a3e9bbb161c8983802b1a1c2986ac6e77368,0,,,,,,,,,,,,,,,,,,,,{}
run_20260424T151533Z,2026-04-24T15:20:09+00:00,hash,,progress,admitted,hash-admit,bff567b4a3e580e00d3346c71c4b02022b556714,0,,,,,,,,,,,,,,,,,,,,{}
run_20260424T151533Z,2026-04-24T15:20:09+00:00,hash,,progress,admitted,hash-admit,a437d8dd3b42ce667a59c62d77f0f58a1e6a983b,0,,,,,,,,,,,,,,,,,,,,{}
run_20260424T151533Z,2026-04-24T15:20:09+00:00,hash,,progress,admitted,hash-admit,1f1d12bc98aaf5229414802d8a483300564648cf,0,,,,,,,,,,,,,,,,,,,,{}
run_20260424T151533Z,2026-04-24T15:20:09+00:00,hash,,progress,admitted,hash-admit,48044fb6f87fc3279fb194367d693c4ed9863f79,0,,,,,,,,,,,,,,,,,,,,{}
run_20260424T151533Z,2026-04-24T15:20:09+00:00,hash,,progress,admitted,hash-admit,54dd651a54e1819a007f93675ead5e52db053682,0,,,,,,,,,,,,,,,,,,,,{}
run_20260424T151533Z,2026-04-24T15:20:09+00:00,hash,,progress,admitted,hash-admit,c993cb2f2197f6909045b39117901a8df174c4c8,0,,,,,,,,,,,,,,,,,,,,{}
run_20260424T151533Z,2026-04-24T15:20:09+00:00,hash,,progress,admitted,hash-admit,b7111cd1953e8171c5c47bd876417fb594844a1d,0,,,,,,,,,,,,,,,,,,,,{}
run_20260424T151533Z,2026-04-24T15:20:09+00:00,hash,,progress,admitted,hash-admit,7d4a2996738d95e9268c5701a37c2191d37f731f,0,,,,,,,,,,,,,,,,,,,,{}
run_20260424T151533Z,2026-04-24T15:20:09+00:00,hash,,progress,admitted,hash-admit,8933f167e39d0634639eb8c24cee74d8827edb23,0,,,,,,,,,,,,,,,,,,,,{}
run_20260424T151533Z,2026-04-24T15:20:09+00:00,hash,,progress,admitted,hash-admit,a0897d3d64fc6419b41a71fec9bbb186050867ab,0,,,,,,,,,,,,,,,,,,,,{}
run_20260424T151533Z,2026-04-24T15:20:09+00:00,hash,,progress,admitted,hash-admit,331406bbbb5e04e3a5c9354439b97815a7c406c0,0,,,,,,,,,,,,,,,,,,,,{}
run_20260424T151533Z,2026-04-24T15:20:09+00:00,hash,,progress,admitted,hash-admit,0836b095dfbe4f8a0fc2506c9e030008a0168772,0,,,,,,,,,,,,,,,,,,,,{}
run_20260424T151533Z,2026-04-24T15:20:09+00:00,hash,,progress,admitted,hash-admit,ad96318b9a59f7fb4765b328fbdde70a562b67e9,0,,,,,,,,,,,,,,,,,,,,{}
run_20260424T151533Z,2026-04-24T15:20:09+00:00,hash,,progress,admitted,hash-admit,7d84245850ab64c39fc8fabd46dd0c11810edea3,0,,,,,,,,,,,,,,,,,,,,{}
run_20260424T151533Z,2026-04-24T15:20:09+00:00,hash,,progress,admitted,hash-admit,2b17550b9e3b70aab964e58f355c487635e69311,0,,,,,,,,,,,,,,,,,,,,{}
run_20260424T151533Z,2026-04-24T15:20:09+00:00,hash,,progress,admitted,hash-admit,6d4cb1ef02149c169c9dfa2965643806a1cadf23,0,,,,,,,,,,,,,,,,,,,,{}
run_20260424T151533Z,2026-04-24T15:20:09+00:00,hash,,progress,admitted,hash-admit,fe3873bc62ff7e61275f4832389a60a79f1a5a40,0,,,,,,,,,,,,,,,,,,,,{}
run_20260424T151533Z,2026-04-24T15:20:09+00:00,hash,,progress,admitted,hash-admit,2f9450e59a287bc291f77d258c49bad6e740aaf0,0,,,,,,,,,,,,,,,,,,,,{}
run_20260424T151533Z,2026-04-24T15:20:09+00:00,hash,,progress,admitted,hash-admit,c3f0daae4de3bda2e5187c430f66903c13d07226,0,,,,,,,,,,,,,,,,,,,,{}
run_20260424T151533Z,2026-04-24T15:20:09+00:00,hash,,progress,admitted,hash-admit,61fa155529f26ea51005f35283e8288fb4de36d9,0,,,,,,,,,,,,,,,,,,,,{}
run_20260424T151533Z,2026-04-24T15:20:09+00:00,hash,,progress,admitted,hash-admit,8e9364a8f99f14ad290f6de87ff65467d077a437,0,,,,,,,,,,,,,,,,,,,,{}
run_20260424T151533Z,2026-04-24T15:20:09+00:00,hash,,progress,admitted,hash-admit,adeae87a02a85d35866e80b58903d9d4780e9cd0,0,,,,,,,,,,,,,,,,,,,,{}
run_20260424T151533Z,2026-04-24T15:20:09+00:00,hash,,progress,admitted,hash-admit,323efb07f83a5c145dd5312093a67f2beef14877,0,,,,,,,,,,,,,,,,,,,,{}
run_20260424T151533Z,2026-04-24T15:20:09+00:00,hash,,progress,admitted,hash-admit,eae393db03e2b518ecddc04de115a97e5e88114e,0,,,,,,,,,,,,,,,,,,,,{}
run_20260424T151533Z,2026-04-24T15:20:09+00:00,hash,,progress,admitted,hash-admit,c5ec230a6f2a9db6a8ada009ddf5a0e5e1b78ec5,0,,,,,,,,,,,,,,,,,,,,{}
run_20260424T151533Z,2026-04-24T15:20:09+00:00,hash,,progress,admitted,hash-admit,9f2ed7c7e057c27b73cf54e233414e55d9ffde4d,0,,,,,,,,,,,,,,,,,,,,{}
run_20260424T151533Z,2026-04-24T15:20:09+00:00,hash,,progress,admitted,hash-admit,5d1691c98dfd2d226c1a05e6afbf620ebc0e33d3,0,,,,,,,,,,,,,,,,,,,,{}
run_20260424T151533Z,2026-04-24T15:20:09+00:00,hash,,progress,admitted,hash-admit,1fd07b6be57efbad9ee913bc0c758ad5ccec8def,0,,,,,,,,,,,,,,,,,,,,{}
run_20260424T151533Z,2026-04-24T15:20:09+00:00,hash,,progress,admitted,hash-admit,d42733d1486d132abfae56d60fa95893dd63d021,0,,,,,,,,,,,,,,,,,,,,{}
run_20260424T151533Z,2026-04-24T15:20:09+00:00,hash,,progress,admitted,hash-admit,cc71c129342dce0d37a7c95eda1d7f45f554d896,0,,,,,,,,,,,,,,,,,,,,{}
run_20260424T151533Z,2026-04-24T15:20:09+00:00,hash,,progress,admitted,hash-admit,23e339f70f672326cf114378ebc8e3eef103ddcd,0,,,,,,,,,,,,,,,,,,,,{}
run_20260424T151533Z,2026-04-24T15:20:09+00:00,hash,,progress,admitted,hash-admit,038f2c96a348bbb55dcad531e7668324ddf056b7,0,,,,,,,,,,,,,,,,,,,,{}
run_20260424T151533Z,2026-04-24T15:20:09+00:00,hash,,progress,admitted,hash-admit,7d3aa7e8644ddfdaf185bfdd9f163a116cf9bf6d,0,,,,,,,,,,,,,,,,,,,,{}
run_20260424T151533Z,2026-04-24T15:20:09+00:00,hash,,progress,admitted,hash-admit,4006f88090cfb4b9803b89c9756359d159354a9a,0,,,,,,,,,,,,,,,,,,,,{}
run_20260424T151533Z,2026-04-24T15:20:09+00:00,hash,,progress,admitted,hash-admit,b3d82d03edacf5ba496d54a5b2490cf27b7b60d0,0,,,,,,,,,,,,,,,,,,,,{}
run_20260424T151533Z,2026-04-24T15:20:09+00:00,hash,,progress,admitted,hash-admit,432e17367bda174a89661bc57d041ae1dc2efbc1,0,,,,,,,,,,,,,,,,,,,,{}
run_20260424T151533Z,2026-04-24T15:20:09+00:00,hash,,progress,admitted,hash-admit,4f0b5529317159f1d3d7dff71f43e2a9095d5cb1,0,,,,,,,,,,,,,,,,,,,,{}
run_20260424T151533Z,2026-04-24T15:20:09+00:00,hash,,progress,admitted,hash-admit,63c434d4a2f3f8983790bbd7529c1038aed3bd9f,0,,,,,,,,,,,,,,,,,,,,{}
run_20260424T151533Z,2026-04-24T15:20:09+00:00,hash,,progress,admitted,hash-admit,fee8b275ebae5de7afa9b7d017a8cf20f01ebf41,0,,,,,,,,,,,,,,,,,,,,{}
run_20260424T151533Z,2026-04-24T15:20:09+00:00,hash,,progress,admitted,hash-admit,c561de136f40b589e415935fda47cdd194a70cd8,0,,,,,,,,,,,,,,,,,,,,{}
run_20260424T151533Z,2026-04-24T15:20:09+00:00,hash,,progress,admitted,hash-admit,67ba29e5b022148c2a568fdc160d85ff35437ff1,0,,,,,,,,,,,,,,,,,,,,{}
run_20260424T151533Z,2026-04-24T15:20:09+00:00,hash,,progress,admitted,hash-admit,d033078cf5fa7daaa03d7c66e52a6a6d1b2ecd50,0,,,,,,,,,,,,,,,,,,,,{}
run_20260424T151533Z,2026-04-24T15:20:09+00:00,hash,,progress,admitted,hash-admit,ace8c19b89cec99e1da6d73b7cd3a640083546f5,0,,,,,,,,,,,,,,,,,,,,{}
run_20260424T151533Z,2026-04-24T15:20:09+00:00,hash,,progress,admitted,hash-admit,e26ca599d012a99d909df6612a5dc66cc8f3648e,0,,,,,,,,,,,,,,,,,,,,{}
run_20260424T151533Z,2026-04-24T15:20:09+00:00,hash,,progress,admitted,hash-admit,bf973ea98ceb0b2f98cb37059022e52550e2cbb5,0,,,,,,,,,,,,,,,,,,,,{}
run_20260424T151533Z,2026-04-24T15:20:09+00:00,hash,,progress,admitted,hash-admit,03b29f85b876ed28479821a68b9b7bc9243727a0,0,,,,,,,,,,,,,,,,,,,,{}
run_20260424T151533Z,2026-04-24T15:20:09+00:00,hash,,progress,admitted,hash-admit,77091727c48c93fab77e9e679c12d50e7728254a,0,,,,,,,,,,,,,,,,,,,,{}
run_20260424T151533Z,2026-04-24T15:20:09+00:00,hash,,progress,admitted,hash-admit,2c3827e5bc83876998e45241e728507ebf3ff69b,0,,,,,,,,,,,,,,,,,,,,{}
run_20260424T151533Z,2026-04-24T15:20:09+00:00,hash,,progress,admitted,hash-admit,587d9a2a4371285877b83bbdc20cd6b3d7905ae9,0,,,,,,,,,,,,,,,,,,,,{}
run_20260424T151533Z,2026-04-24T15:20:09+00:00,hash,,progress,admitted,hash-admit,c5de7eb1eb99b9808d3682d044a7b62310ab6459,0,,,,,,,,,,,,,,,,,,,,{}
run_20260424T151533Z,2026-04-24T15:20:09+00:00,hash,,progress,admitted,hash-admit,e59df6619f7bbbdfa73a7ceaf6017125cb5dca4a,0,,,,,,,,,,,,,,,,,,,,{}
run_20260424T151533Z,2026-04-24T15:20:09+00:00,hash,,progress,admitted,hash-admit,75f34314f6389ff9141affee84bb64f3a2fb336a,0,,,,,,,,,,,,,,,,,,,,{}
run_20260424T151533Z,2026-04-24T15:20:09+00:00,hash,,progress,admitted,hash-admit,21e0a4708fb84828990cac7fed04a4dae3e8359e,0,,,,,,,,,,,,,,,,,,,,{}
run_20260424T151533Z,2026-04-24T15:20:09+00:00,hash,,progress,admitted,hash-admit,6e6a90bc6ef6626be018ec35cd3f5208f02d66d6,0,,,,,,,,,,,,,,,,,,,,{}
run_20260424T151533Z,2026-04-24T15:20:09+00:00,hash,,progress,admitted,hash-admit,40fc6e22da5299d6e345ad0274832acffc19eefc,0,,,,,,,,,,,,,,,,,,,,{}
run_20260424T151533Z,2026-04-24T15:20:09+00:00,hash,,progress,admitted,hash-admit,a0a524cfeba476c93e09b9a7c383d74c59c2edaf,0,,,,,,,,,,,,,,,,,,,,{}
run_20260424T151533Z,2026-04-24T15:20:09+00:00,hash,,progress,admitted,hash-admit,996dbfd3b472bb01563de701a3edef1bb188be93,0,,,,,,,,,,,,,,,,,,,,{}
run_20260424T151533Z,2026-04-24T15:20:09+00:00,hash,,progress,admitted,hash-admit,e55c9cd64320e3a19ff297505991b9f7a364405a,0,,,,,,,,,,,,,,,,,,,,{}
run_20260424T151533Z,2026-04-24T15:20:09+00:00,hash,,progress,admitted,hash-admit,1fb564633456bfa27753c0287daf0d9f5bfef154,0,,,,,,,,,,,,,,,,,,,,{}
run_20260424T151533Z,2026-04-24T15:20:09+00:00,hash,,progress,admitted,hash-admit,c772a27e421f5dd9bc9673f647a5bc320553a699,0,,,,,,,,,,,,,,,,,,,,{}
run_20260424T151533Z,2026-04-24T15:20:09+00:00,hash,,progress,admitted,hash-admit,6378fd5e3c29b6347620b470de604e07a24e27ed,0,,,,,,,,,,,,,,,,,,,,{}
run_20260424T151533Z,2026-04-24T15:20:09+00:00,hash,,progress,admitted,hash-admit,40360819c4e80c1f4dfd0e4e3ed05d6a422ef951,0,,,,,,,,,,,,,,,,,,,,{}
run_20260424T151533Z,2026-04-24T15:20:09+00:00,hash,,progress,admitted,hash-admit,9e8aea9a335bf0d0eacdc1c7b8fb99e18ebfc351,0,,,,,,,,,,,,,,,,,,,,{}
run_20260424T151533Z,2026-04-24T15:20:09+00:00,hash,,progress,admitted,hash-admit,77364e25b298a86fb672046d9331285dee900898,0,,,,,,,,,,,,,,,,,,,,{}
run_20260424T151533Z,2026-04-24T15:20:09+00:00,hash,,progress,admitted,hash-admit,6193d5586bc55ec6db9d53c3aa0b935ac15872fe,0,,,,,,,,,,,,,,,,,,,,{}
run_20260424T151533Z,2026-04-24T15:20:09+00:00,hash,,progress,admitted,hash-admit,58acb1f39f003067b68b524ea1c76e3b478f023a,0,,,,,,,,,,,,,,,,,,,,{}
run_20260424T151533Z,2026-04-24T15:20:09+00:00,hash,,progress,admitted,hash-admit,18fe2a7dcbc4579c894445262e2c78c0e9e374ce,0,,,,,,,,,,,,,,,,,,,,{}
run_20260424T151533Z,2026-04-24T15:20:09+00:00,hash,,progress,admitted,hash-admit,05b70074a2f5d896114dea823cda77a001addd28,0,,,,,,,,,,,,,,,,,,,,{}
run_20260424T151533Z,2026-04-24T15:20:09+00:00,hash,,progress,admitted,hash-admit,c1a6d5a3acf48b0abb4d122328d9c050cf77a160,0,,,,,,,,,,,,,,,,,,,,{}
run_20260424T151533Z,2026-04-24T15:20:09+00:00,hash,,progress,admitted,hash-admit,79d94b4c666d59c1b64ea81e8205400df1ac0827,0,,,,,,,,,,,,,,,,,,,,{}
run_20260424T151533Z,2026-04-24T15:20:09+00:00,hash,,progress,admitted,hash-admit,0f247966c5cf0a8e8b5aa033393aefef9c5c240d,0,,,,,,,,,,,,,,,,,,,,{}
run_20260424T151533Z,2026-04-24T15:20:09+00:00,hash,,progress,admitted,hash-admit,dda258f3d257056126cec7af3fd7c32e63d91f7f,0,,,,,,,,,,,,,,,,,,,,{}
run_20260424T151533Z,2026-04-24T15:20:09+00:00,hash,,progress,admitted,hash-admit,20878ec7869c4b79b9742b621b4a44c7b556d9f9,0,,,,,,,,,,,,,,,,,,,,{}
run_20260424T151533Z,2026-04-24T15:20:09+00:00,hash,,progress,admitted,hash-admit,e8bca45cadf5854dfc6cb7837fe94fe5368bfc18,0,,,,,,,,,,,,,,,,,,,,{}
run_20260424T151533Z,2026-04-24T15:20:09+00:00,hash,,progress,admitted,hash-admit,8ea96b465715158191dd28e1f3017713b22cb983,0,,,,,,,,,,,,,,,,,,,,{}
run_20260424T151533Z,2026-04-24T15:20:09+00:00,hash,,progress,admitted,hash-admit,87c0205a433689c7a9cecb8cff844d4308f91b47,0,,,,,,,,,,,,,,,,,,,,{}
run_20260424T151533Z,2026-04-24T15:20:09+00:00,hash,,progress,admitted,hash-admit,3d9e9a8de7a4fea480332c8e702e7afdb407be90,0,,,,,,,,,,,,,,,,,,,,{}
run_20260424T151533Z,2026-04-24T15:20:09+00:00,hash,,progress,admitted,hash-admit,3001513d59defa59c8a0647a33ba2c6e65cea12c,0,,,,,,,,,,,,,,,,,,,,{}
run_20260424T151533Z,2026-04-24T15:20:09+00:00,hash,,progress,admitted,hash-admit,12e1ab63858a40d0ef1b04dbfdbba3ee88394b5c,0,,,,,,,,,,,,,,,,,,,,{}
run_20260424T151533Z,2026-04-24T15:20:09+00:00,hash,,progress,admitted,hash-admit,fc003acfb98ea90540038d3efc328ebcf4e091a4,0,,,,,,,,,,,,,,,,,,,,{}
run_20260424T151533Z,2026-04-24T15:20:09+00:00,hash,,progress,admitted,hash-admit,a8e58e7ae82d02d5409c4fdc3da1742597f50f08,0,,,,,,,,,,,,,,,,,,,,{}
run_20260424T151533Z,2026-04-24T15:20:09+00:00,hash,,progress,admitted,hash-admit,cbf9099c4f933473b518180884c8b99557c6e099,0,,,,,,,,,,,,,,,,,,,,{}
run_20260424T151533Z,2026-04-24T15:20:09+00:00,hash,,progress,admitted,hash-admit,c9b61b1bbf1581e15784b24a2e439be4f2d9f2c4,0,,,,,,,,,,,,,,,,,,,,{}
run_20260424T151533Z,2026-04-24T15:20:09+00:00,hash,,progress,admitted,hash-admit,30bbcfd6c445c14f0c72074bbff9391d168e8168,0,,,,,,,,,,,,,,,,,,,,{}
run_20260424T151533Z,2026-04-24T15:20:17+00:00,hash,,stage_end,failed,hash-shard-2,0529c8dea36870914b2f7ec6bb39ea89eeea3c07,0,,,,,,,,,,,,,,,,,,,"Page.goto: net::ERR_CONNECTION_RESET at https://uhdfcu.com/ | Call log: - navigating to ""https://uhdfcu.com/"", waiting until ""commit""",{}
run_20260424T151533Z,2026-04-24T15:20:18+00:00,hash,,stage_end,failed,hash-shard-3,8ecf5eece16725b14cb36eb88a48dc02741ece20,0,,,,,,,,,,,,,,,,,,,"Page.goto: net::ERR_CONNECTION_RESET at https://axisgs.com/ | Call log: - navigating to ""https://axisgs.com/"", waiting until ""commit""",{}
run_20260424T151533Z,2026-04-24T15:20:18+00:00,hash,,stage_end,failed,hash-shard-2,ca3c26211370470384ea3f3a7d7ef0bb88735584,0,,,,,,,,,,,,,,,,,,,"Page.goto: net::ERR_SSL_PROTOCOL_ERROR at https://airiaru.com/ | Call log: - navigating to ""https://airiaru.com/"", waiting until ""domcontentloaded""",{}
run_20260424T151533Z,2026-04-24T15:20:19+00:00,hash,,progress,fetched,hash-shard-2,216062e525b0c7c8a88506afd60fe76aad21f119,0,,,,,,,,,,,,,,,,,,,,{}
run_20260424T151533Z,2026-04-24T15:20:19+00:00,hash,,progress,shortlisted,hash-finalize,216062e525b0c7c8a88506afd60fe76aad21f119,0,,,,,,,,,,,,,,,,,,,,{}
run_20260424T151533Z,2026-04-24T15:20:20+00:00,hash,,progress,fetched,hash-shard-1,08d074c2d961e7fe261349b2665ffbda805b3f89,0,,,,,,,,,,,,,,,,,,,,{}
run_20260424T151533Z,2026-04-24T15:20:20+00:00,hash,,progress,fetched,hash-shard-3,982a7db2572e66e9a171080c104dc1330186879a,0,,,,,,,,,,,,,,,,,,,,{}
run_20260424T151533Z,2026-04-24T15:20:20+00:00,hash,,progress,shortlisted,hash-finalize,08d074c2d961e7fe261349b2665ffbda805b3f89,0,,,,,,,,,,,,,,,,,,,,{}
run_20260424T151533Z,2026-04-24T15:20:20+00:00,hash,,progress,shortlisted,hash-finalize,982a7db2572e66e9a171080c104dc1330186879a,0,,,,,,,,,,,,,,,,,,,,{}
run_20260424T151533Z,2026-04-24T15:20:20+00:00,hash,,stage_end,failed,hash-shard-3,c4bb4d0dabc66463b0ae98a37b3f81dacaddb16a,0,,,,,,,,,,,,,,,,,,,"Page.goto: net::ERR_SSL_PROTOCOL_ERROR at https://jdio32.com/ | Call log: - navigating to ""https://jdio32.com/"", waiting until ""domcontentloaded""",{}
run_20260424T151533Z,2026-04-24T15:20:20+00:00,hash,,progress,fetched,hash-shard-1,96c0924a4c17e002037c44e7b3d1013115befa88,0,,,,,,,,,,,,,,,,,,,,{}
run_20260424T151533Z,2026-04-24T15:20:20+00:00,hash,,progress,shortlisted,hash-finalize,96c0924a4c17e002037c44e7b3d1013115befa88,0,,,,,,,,,,,,,,,,,,,,{}
run_20260424T151533Z,2026-04-24T15:20:20+00:00,hash,,progress,fetched,hash-shard-2,80290cb1739b3e938ebaf2391e30a4da5f0906e1,0,,,,,,,,,,,,,,,,,,,,{}
run_20260424T151533Z,2026-04-24T15:20:20+00:00,hash,,progress,shortlisted,hash-finalize,80290cb1739b3e938ebaf2391e30a4da5f0906e1,0,,,,,,,,,,,,,,,,,,,,{}
run_20260424T151533Z,2026-04-24T15:20:20+00:00,hash,,progress,fetched,hash-shard-0,899a05caedf503b2f64d37deeafaabc30acbbbd4,0,,,,,,,,,,,,,,,,,,,,{}
run_20260424T151533Z,2026-04-24T15:20:20+00:00,hash,,progress,shortlisted,hash-finalize,899a05caedf503b2f64d37deeafaabc30acbbbd4,0,,,,,,,,,,,,,,,,,,,,{}
run_20260424T151533Z,2026-04-24T15:20:20+00:00,hash,,stage_end,failed,hash-shard-3,c86b90b76afa7a5151cda98a3fc54cda7cc8a6aa,0,,,,,,,,,,,,,,,,,,,"Page.goto: net::ERR_CONNECTION_REFUSED at https://jiabox.com/ | Call log: - navigating to ""https://jiabox.com/"", waiting until ""domcontentloaded""",{}
run_20260424T151533Z,2026-04-24T15:20:20+00:00,hash,,progress,fetched,hash-shard-3,02bb56a0dd9d37f9495dab6f6ce26c3103e5465f,0,,,,,,,,,,,,,,,,,,,,{}
run_20260424T151533Z,2026-04-24T15:20:20+00:00,hash,,progress,shortlisted,hash-finalize,02bb56a0dd9d37f9495dab6f6ce26c3103e5465f,0,,,,,,,,,,,,,,,,,,,,{}
run_20260424T151533Z,2026-04-24T15:20:21+00:00,hash,,progress,fetched,hash-shard-0,7e6a7017b748a5efe69ffbd5cc20e132d149adb3,0,,,,,,,,,,,,,,,,,,,,{}
run_20260424T151533Z,2026-04-24T15:20:21+00:00,hash,,progress,shortlisted,hash-finalize,7e6a7017b748a5efe69ffbd5cc20e132d149adb3,0,,,,,,,,,,,,,,,,,,,,{}
run_20260424T151533Z,2026-04-24T15:20:21+00:00,hash,,progress,fetched,hash-shard-3,308bfd0ebf3a71f7202dee1474252f8d3feb971c,0,,,,,,,,,,,,,,,,,,,,{}
run_20260424T151533Z,2026-04-24T15:20:21+00:00,hash,,progress,shortlisted,hash-finalize,308bfd0ebf3a71f7202dee1474252f8d3feb971c,0,,,,,,,,,,,,,,,,,,,,{}
run_20260424T151533Z,2026-04-24T15:20:21+00:00,hash,,progress,fetched,hash-shard-1,42c436c0f16cd669dd270a72a91502e593e9f7c4,0,,,,,,,,,,,,,,,,,,,,{}
run_20260424T151533Z,2026-04-24T15:20:21+00:00,hash,,progress,shortlisted,hash-finalize,42c436c0f16cd669dd270a72a91502e593e9f7c4,0,,,,,,,,,,,,,,,,,,,,{}
run_20260424T151533Z,2026-04-24T15:20:22+00:00,hash,,stage_end,failed,hash-shard-3,b7f7a3e9bbb161c8983802b1a1c2986ac6e77368,0,,,,,,,,,,,,,,,,,,,"Page.goto: net::ERR_SSL_PROTOCOL_ERROR at https://indiancclending.com/ | Call log: - navigating to ""https://indiancclending.com/"", waiting until ""domcontentloaded""",{}
run_20260424T151533Z,2026-04-24T15:20:22+00:00,hash,,progress,fetched,hash-shard-0,a96cdaa1d941b890870da43d36b90874e5cd91d0,0,,,,,,,,,,,,,,,,,,,,{}
run_20260424T151533Z,2026-04-24T15:20:22+00:00,hash,,progress,shortlisted,hash-finalize,a96cdaa1d941b890870da43d36b90874e5cd91d0,0,,,,,,,,,,,,,,,,,,,,{}
run_20260424T151533Z,2026-04-24T15:20:23+00:00,hash,,progress,fetched,hash-shard-0,f8cef764ac3c9f490d59b1728d4b5ae8c9096b0e,0,,,,,,,,,,,,,,,,,,,,{}
run_20260424T151533Z,2026-04-24T15:20:23+00:00,hash,,progress,fetched,hash-shard-3,1c21f22deee258514f7c007f5f92aab4512f89ad,0,,,,,,,,,,,,,,,,,,,,{}
run_20260424T151533Z,2026-04-24T15:20:23+00:00,hash,,progress,shortlisted,hash-finalize,f8cef764ac3c9f490d59b1728d4b5ae8c9096b0e,0,,,,,,,,,,,,,,,,,,,,{}
run_20260424T151533Z,2026-04-24T15:20:23+00:00,hash,,progress,shortlisted,hash-finalize,1c21f22deee258514f7c007f5f92aab4512f89ad,0,,,,,,,,,,,,,,,,,,,,{}
run_20260424T151533Z,2026-04-24T15:20:23+00:00,hash,,progress,fetched,hash-shard-2,e656f9b961cf1391122d553d09431903aa216a83,0,,,,,,,,,,,,,,,,,,,,{}
run_20260424T151533Z,2026-04-24T15:20:23+00:00,hash,,progress,shortlisted,hash-finalize,e656f9b961cf1391122d553d09431903aa216a83,0,,,,,,,,,,,,,,,,,,,,{}
run_20260424T151533Z,2026-04-24T15:20:23+00:00,hash,,progress,fetched,hash-shard-1,bff567b4a3e580e00d3346c71c4b02022b556714,0,,,,,,,,,,,,,,,,,,,,{}
run_20260424T151533Z,2026-04-24T15:20:23+00:00,hash,,progress,shortlisted,hash-finalize,bff567b4a3e580e00d3346c71c4b02022b556714,0,,,,,,,,,,,,,,,,,,,,{}
run_20260424T151533Z,2026-04-24T15:20:23+00:00,hash,,stage_end,failed,hash-shard-0,0fb35bf2da2c6cc7de4d16501ad1961ac15df6cc,0,,,,,,,,,,,,,,,,,,,"Page.goto: net::ERR_CONNECTION_RESET at https://canoline.com/ | Call log: - navigating to ""https://canoline.com/"", waiting until ""commit""",{}
run_20260424T151533Z,2026-04-24T15:20:24+00:00,hash,,progress,fetched,hash-shard-3,a437d8dd3b42ce667a59c62d77f0f58a1e6a983b,0,,,,,,,,,,,,,,,,,,,,{}
run_20260424T151533Z,2026-04-24T15:20:24+00:00,hash,,progress,shortlisted,hash-finalize,a437d8dd3b42ce667a59c62d77f0f58a1e6a983b,0,,,,,,,,,,,,,,,,,,,,{}
run_20260424T151533Z,2026-04-24T15:20:24+00:00,hash,,progress,fetched,hash-shard-0,1f1d12bc98aaf5229414802d8a483300564648cf,0,,,,,,,,,,,,,,,,,,,,{}
run_20260424T151533Z,2026-04-24T15:20:24+00:00,hash,,progress,shortlisted,hash-finalize,1f1d12bc98aaf5229414802d8a483300564648cf,0,,,,,,,,,,,,,,,,,,,,{}
run_20260424T151533Z,2026-04-24T15:20:24+00:00,hash,,progress,fetched,hash-shard-0,48044fb6f87fc3279fb194367d693c4ed9863f79,0,,,,,,,,,,,,,,,,,,,,{}
run_20260424T151533Z,2026-04-24T15:20:24+00:00,hash,,progress,shortlisted,hash-finalize,48044fb6f87fc3279fb194367d693c4ed9863f79,0,,,,,,,,,,,,,,,,,,,,{}
run_20260424T151533Z,2026-04-24T15:20:25+00:00,hash,,progress,fetched,hash-shard-3,5f17fea6aeacf0e2d16b5bed5c23e7a8fa374724,0,,,,,,,,,,,,,,,,,,,,{}
run_20260424T151533Z,2026-04-24T15:20:25+00:00,hash,,progress,shortlisted,hash-finalize,5f17fea6aeacf0e2d16b5bed5c23e7a8fa374724,0,,,,,,,,,,,,,,,,,,,,{}
run_20260424T151533Z,2026-04-24T15:20:25+00:00,hash,,progress,fetched,hash-shard-1,2c4f84bcdc14d62cdb2655c7c1e87b376be7761f,0,,,,,,,,,,,,,,,,,,,,{}
run_20260424T151533Z,2026-04-24T15:20:25+00:00,hash,,progress,shortlisted,hash-finalize,2c4f84bcdc14d62cdb2655c7c1e87b376be7761f,0,,,,,,,,,,,,,,,,,,,,{}
run_20260424T151533Z,2026-04-24T15:20:25+00:00,hash,,progress,fetched,hash-shard-2,0704390c5231a27ce0290fc9e4c5223543bb4e54,0,,,,,,,,,,,,,,,,,,,,{}
run_20260424T151533Z,2026-04-24T15:20:25+00:00,hash,,progress,shortlisted,hash-finalize,0704390c5231a27ce0290fc9e4c5223543bb4e54,0,,,,,,,,,,,,,,,,,,,,{}
run_20260424T151533Z,2026-04-24T15:20:27+00:00,hash,,progress,fetched,hash-shard-3,0836b095dfbe4f8a0fc2506c9e030008a0168772,0,,,,,,,,,,,,,,,,,,,,{}
run_20260424T151533Z,2026-04-24T15:20:27+00:00,hash,,progress,shortlisted,hash-finalize,0836b095dfbe4f8a0fc2506c9e030008a0168772,0,,,,,,,,,,,,,,,,,,,,{}
run_20260424T151533Z,2026-04-24T15:20:28+00:00,hash,,stage_end,failed,hash-shard-3,54dd651a54e1819a007f93675ead5e52db053682,0,,,,,,,,,,,,,,,,,,,Page.content: Unable to retrieve content because the page is navigating and changing the content.,{}
run_20260424T151533Z,2026-04-24T15:20:28+00:00,hash,,stage_end,failed,hash-shard-0,7d4a2996738d95e9268c5701a37c2191d37f731f,0,,,,,,,,,,,,,,,,,,,Page.content: Unable to retrieve content because the page is navigating and changing the content.,{}
run_20260424T151533Z,2026-04-24T15:20:30+00:00,hash,,progress,fetched,hash-shard-2,c993cb2f2197f6909045b39117901a8df174c4c8,0,,,,,,,,,,,,,,,,,,,,{}
run_20260424T151533Z,2026-04-24T15:20:30+00:00,hash,,progress,shortlisted,hash-finalize,c993cb2f2197f6909045b39117901a8df174c4c8,0,,,,,,,,,,,,,,,,,,,,{}
run_20260424T151533Z,2026-04-24T15:20:30+00:00,hash,,stage_end,failed,hash-shard-0,fe3873bc62ff7e61275f4832389a60a79f1a5a40,0,,,,,,,,,,,,,,,,,,,Page.content: Unable to retrieve content because the page is navigating and changing the content.,{}
run_20260424T151533Z,2026-04-24T15:20:31+00:00,hash,,stage_end,failed,hash-shard-0,c3f0daae4de3bda2e5187c430f66903c13d07226,0,,,,,,,,,,,,,,,,,,,"Page.goto: net::ERR_SSL_PROTOCOL_ERROR at https://icicibzak.shop/ | Call log: - navigating to ""https://icicibzak.shop/"", waiting until ""domcontentloaded""",{}
run_20260424T151533Z,2026-04-24T15:20:34+00:00,hash,,progress,fetched,hash-shard-1,b7111cd1953e8171c5c47bd876417fb594844a1d,0,,,,,,,,,,,,,,,,,,,,{}
run_20260424T151533Z,2026-04-24T15:20:34+00:00,hash,,progress,shortlisted,hash-finalize,b7111cd1953e8171c5c47bd876417fb594844a1d,0,,,,,,,,,,,,,,,,,,,,{}
run_20260424T151533Z,2026-04-24T15:20:36+00:00,hash,,progress,fetched,hash-shard-3,8933f167e39d0634639eb8c24cee74d8827edb23,0,,,,,,,,,,,,,,,,,,,,{}
run_20260424T151533Z,2026-04-24T15:20:36+00:00,hash,,progress,shortlisted,hash-finalize,8933f167e39d0634639eb8c24cee74d8827edb23,0,,,,,,,,,,,,,,,,,,,,{}
run_20260424T151533Z,2026-04-24T15:20:36+00:00,hash,,progress,fetched,hash-shard-1,8e9364a8f99f14ad290f6de87ff65467d077a437,0,,,,,,,,,,,,,,,,,,,,{}
run_20260424T151533Z,2026-04-24T15:20:37+00:00,hash,,progress,shortlisted,hash-finalize,8e9364a8f99f14ad290f6de87ff65467d077a437,0,,,,,,,,,,,,,,,,,,,,{}
run_20260424T151533Z,2026-04-24T15:20:37+00:00,hash,,progress,fetched,hash-shard-3,6d4cb1ef02149c169c9dfa2965643806a1cadf23,0,,,,,,,,,,,,,,,,,,,,{}
run_20260424T151533Z,2026-04-24T15:20:37+00:00,hash,,progress,shortlisted,hash-finalize,6d4cb1ef02149c169c9dfa2965643806a1cadf23,0,,,,,,,,,,,,,,,,,,,,{}
run_20260424T151533Z,2026-04-24T15:20:37+00:00,hash,,progress,fetched,hash-shard-1,ad96318b9a59f7fb4765b328fbdde70a562b67e9,0,,,,,,,,,,,,,,,,,,,,{}
run_20260424T151533Z,2026-04-24T15:20:37+00:00,hash,,stage_end,failed,hash-shard-0,60c9191c67218212ac0413576593f9b3285f9c99,0,,,,,,,,,,,,,,,,,,,"Page.goto: net::ERR_CONNECTION_TIMED_OUT at https://iosclean.com/ | Call log: - navigating to ""https://iosclean.com/"", waiting until ""commit""",{}
run_20260424T151533Z,2026-04-24T15:20:38+00:00,hash,,progress,shortlisted,hash-finalize,ad96318b9a59f7fb4765b328fbdde70a562b67e9,0,,,,,,,,,,,,,,,,,,,,{}
run_20260424T151533Z,2026-04-24T15:20:38+00:00,hash,,progress,fetched,hash-shard-3,eae393db03e2b518ecddc04de115a97e5e88114e,0,,,,,,,,,,,,,,,,,,,,{}
run_20260424T151533Z,2026-04-24T15:20:39+00:00,hash,,progress,shortlisted,hash-finalize,eae393db03e2b518ecddc04de115a97e5e88114e,0,,,,,,,,,,,,,,,,,,,,{}
run_20260424T151533Z,2026-04-24T15:20:40+00:00,hash,,progress,fetched,hash-shard-1,323efb07f83a5c145dd5312093a67f2beef14877,0,,,,,,,,,,,,,,,,,,,,{}
run_20260424T151533Z,2026-04-24T15:20:40+00:00,hash,,progress,shortlisted,hash-finalize,323efb07f83a5c145dd5312093a67f2beef14877,0,,,,,,,,,,,,,,,,,,,,{}
run_20260424T151533Z,2026-04-24T15:20:40+00:00,hash,,progress,fetched,hash-shard-1,c5ec230a6f2a9db6a8ada009ddf5a0e5e1b78ec5,0,,,,,,,,,,,,,,,,,,,,{}
run_20260424T151533Z,2026-04-24T15:20:40+00:00,hash,,progress,shortlisted,hash-finalize,c5ec230a6f2a9db6a8ada009ddf5a0e5e1b78ec5,0,,,,,,,,,,,,,,,,,,,,{}
run_20260424T151533Z,2026-04-24T15:20:40+00:00,hash,,progress,fetched,hash-shard-0,9f2ed7c7e057c27b73cf54e233414e55d9ffde4d,0,,,,,,,,,,,,,,,,,,,,{}
run_20260424T151533Z,2026-04-24T15:20:40+00:00,hash,,progress,shortlisted,hash-finalize,9f2ed7c7e057c27b73cf54e233414e55d9ffde4d,0,,,,,,,,,,,,,,,,,,,,{}
run_20260424T151533Z,2026-04-24T15:20:41+00:00,hash,,stage_end,failed,hash-shard-1,85aef4a8e6b65eef70727b58c44182f13cbc7918,0,,,,,,,,,,,,,,,,,,,"Page.goto: net::ERR_CONNECTION_TIMED_OUT at https://aixms.com/ | Call log: - navigating to ""https://aixms.com/"", waiting until ""commit""",{}
run_20260424T151533Z,2026-04-24T15:20:41+00:00,hash,,stage_end,failed,hash-shard-3,067702433a322c5eab63a9360c57b617eab3a6ab,0,,,,,,,,,,,,,,,,,,,"Page.goto: net::ERR_CONNECTION_TIMED_OUT at https://camonier.com/ | Call log: - navigating to ""https://camonier.com/"", waiting until ""commit""",{}
run_20260424T151533Z,2026-04-24T15:20:43+00:00,hash,,progress,fetched,hash-shard-1,1fd07b6be57efbad9ee913bc0c758ad5ccec8def,0,,,,,,,,,,,,,,,,,,,,{}
run_20260424T151533Z,2026-04-24T15:20:43+00:00,hash,,progress,shortlisted,hash-finalize,1fd07b6be57efbad9ee913bc0c758ad5ccec8def,0,,,,,,,,,,,,,,,,,,,,{}
run_20260424T151533Z,2026-04-24T15:20:43+00:00,hash,,progress,fetched,hash-shard-3,adeae87a02a85d35866e80b58903d9d4780e9cd0,0,,,,,,,,,,,,,,,,,,,,{}
run_20260424T151533Z,2026-04-24T15:20:43+00:00,hash,,progress,shortlisted,hash-finalize,adeae87a02a85d35866e80b58903d9d4780e9cd0,0,,,,,,,,,,,,,,,,,,,,{}
run_20260424T151533Z,2026-04-24T15:20:43+00:00,hash,,progress,fetched,hash-shard-1,23e339f70f672326cf114378ebc8e3eef103ddcd,0,,,,,,,,,,,,,,,,,,,,{}
run_20260424T151533Z,2026-04-24T15:20:43+00:00,hash,,progress,shortlisted,hash-finalize,23e339f70f672326cf114378ebc8e3eef103ddcd,0,,,,,,,,,,,,,,,,,,,,{}
run_20260424T151533Z,2026-04-24T15:20:43+00:00,hash,,progress,fetched,hash-shard-3,038f2c96a348bbb55dcad531e7668324ddf056b7,0,,,,,,,,,,,,,,,,,,,,{}
run_20260424T151533Z,2026-04-24T15:20:43+00:00,hash,,progress,shortlisted,hash-finalize,038f2c96a348bbb55dcad531e7668324ddf056b7,0,,,,,,,,,,,,,,,,,,,,{}
run_20260424T151533Z,2026-04-24T15:20:44+00:00,hash,,progress,fetched,hash-shard-3,5d1691c98dfd2d226c1a05e6afbf620ebc0e33d3,0,,,,,,,,,,,,,,,,,,,,{}
run_20260424T151533Z,2026-04-24T15:20:44+00:00,hash,,progress,shortlisted,hash-finalize,5d1691c98dfd2d226c1a05e6afbf620ebc0e33d3,0,,,,,,,,,,,,,,,,,,,,{}
run_20260424T151533Z,2026-04-24T15:20:45+00:00,hash,,stage_end,failed,hash-shard-1,d42733d1486d132abfae56d60fa95893dd63d021,0,,,,,,,,,,,,,,,,,,,"Page.goto: net::ERR_CONNECTION_REFUSED at https://jiongwan.com/ | Call log: - navigating to ""https://jiongwan.com/"", waiting until ""domcontentloaded""",{}
run_20260424T151533Z,2026-04-24T15:20:45+00:00,hash,,progress,fetched,hash-shard-3,4006f88090cfb4b9803b89c9756359d159354a9a,0,,,,,,,,,,,,,,,,,,,,{}
run_20260424T151533Z,2026-04-24T15:20:45+00:00,hash,,progress,shortlisted,hash-finalize,4006f88090cfb4b9803b89c9756359d159354a9a,0,,,,,,,,,,,,,,,,,,,,{}
run_20260424T151533Z,2026-04-24T15:20:46+00:00,hash,,progress,fetched,hash-shard-0,cc71c129342dce0d37a7c95eda1d7f45f554d896,0,,,,,,,,,,,,,,,,,,,,{}
run_20260424T151533Z,2026-04-24T15:20:46+00:00,hash,,progress,timed_out,hash-shard-2,6420f5aa3a0258bccafd7d2bc9a7104bafcb1e70,0,,,,,,,,,,,,,,,,,,,"Page.goto: Timeout 15000ms exceeded. | Call log: - navigating to ""https://airtelprepaidd.in/"", waiting until ""commit""",{}
run_20260424T151533Z,2026-04-24T15:20:46+00:00,hash,,progress,shortlisted,hash-finalize,cc71c129342dce0d37a7c95eda1d7f45f554d896,0,,,,,,,,,,,,,,,,,,,,{}
run_20260424T151533Z,2026-04-24T15:20:46+00:00,hash,,progress,timed_out,hash-shard-1,15c07f62d880f999b2f5a3bfbf1bb0f9702452b5,0,,,,,,,,,,,,,,,,,,,"Page.goto: Timeout 15000ms exceeded. | Call log: - navigating to ""https://airtelstores.in/"", waiting until ""commit""",{}
run_20260424T151533Z,2026-04-24T15:20:47+00:00,hash,,progress,fetched,hash-shard-1,d033078cf5fa7daaa03d7c66e52a6a6d1b2ecd50,0,,,,,,,,,,,,,,,,,,,,{}
run_20260424T151533Z,2026-04-24T15:20:47+00:00,hash,,progress,shortlisted,hash-finalize,d033078cf5fa7daaa03d7c66e52a6a6d1b2ecd50,0,,,,,,,,,,,,,,,,,,,,{}
run_20260424T151533Z,2026-04-24T15:20:47+00:00,hash,,progress,fetched,hash-shard-3,4f0b5529317159f1d3d7dff71f43e2a9095d5cb1,0,,,,,,,,,,,,,,,,,,,,{}
run_20260424T151533Z,2026-04-24T15:20:47+00:00,hash,,progress,shortlisted,hash-finalize,4f0b5529317159f1d3d7dff71f43e2a9095d5cb1,0,,,,,,,,,,,,,,,,,,,,{}
run_20260424T151533Z,2026-04-24T15:20:48+00:00,hash,,stage_end,failed,hash-shard-1,b3d82d03edacf5ba496d54a5b2490cf27b7b60d0,0,,,,,,,,,,,,,,,,,,,"Page.goto: net::ERR_CONNECTION_REFUSED at https://hxdfc.com/ | Call log: - navigating to ""https://hxdfc.com/"", waiting until ""domcontentloaded""",{}
run_20260424T151533Z,2026-04-24T15:20:48+00:00,hash,,progress,fetched,hash-shard-0,c561de136f40b589e415935fda47cdd194a70cd8,0,,,,,,,,,,,,,,,,,,,,{}
run_20260424T151533Z,2026-04-24T15:20:48+00:00,hash,,progress,shortlisted,hash-finalize,c561de136f40b589e415935fda47cdd194a70cd8,0,,,,,,,,,,,,,,,,,,,,{}
run_20260424T151533Z,2026-04-24T15:20:48+00:00,hash,,progress,fetched,hash-shard-3,fee8b275ebae5de7afa9b7d017a8cf20f01ebf41,0,,,,,,,,,,,,,,,,,,,,{}
run_20260424T151533Z,2026-04-24T15:20:48+00:00,hash,,progress,shortlisted,hash-finalize,fee8b275ebae5de7afa9b7d017a8cf20f01ebf41,0,,,,,,,,,,,,,,,,,,,,{}
run_20260424T151533Z,2026-04-24T15:20:49+00:00,hash,,progress,fetched,hash-shard-2,67ba29e5b022148c2a568fdc160d85ff35437ff1,0,,,,,,,,,,,,,,,,,,,,{}
run_20260424T151533Z,2026-04-24T15:20:49+00:00,hash,,progress,shortlisted,hash-finalize,67ba29e5b022148c2a568fdc160d85ff35437ff1,0,,,,,,,,,,,,,,,,,,,,{}
run_20260424T151533Z,2026-04-24T15:20:50+00:00,hash,,progress,timed_out,hash-shard-2,0feb46df46f234106e1f9df7f284eba6a1c74a89,0,,,,,,,,,,,,,,,,,,,"Page.goto: Timeout 15000ms exceeded. | Call log: - navigating to ""https://jiebot.com/"", waiting until ""commit""",{}
run_20260424T151533Z,2026-04-24T15:20:51+00:00,hash,,progress,fetched,hash-shard-1,63c434d4a2f3f8983790bbd7529c1038aed3bd9f,0,,,,,,,,,,,,,,,,,,,,{}
run_20260424T151533Z,2026-04-24T15:20:51+00:00,hash,,progress,shortlisted,hash-finalize,63c434d4a2f3f8983790bbd7529c1038aed3bd9f,0,,,,,,,,,,,,,,,,,,,,{}
run_20260424T151533Z,2026-04-24T15:20:51+00:00,hash,,stage_end,failed,hash-shard-2,2f9450e59a287bc291f77d258c49bad6e740aaf0,0,,,,,,,,,,,,,,,,,,,"Page.goto: net::ERR_CONNECTION_TIMED_OUT at https://netplusweb.com/ | Call log: - navigating to ""https://netplusweb.com/"", waiting until ""commit""",{}
run_20260424T151533Z,2026-04-24T15:20:53+00:00,hash,,progress,fetched,hash-shard-1,ace8c19b89cec99e1da6d73b7cd3a640083546f5,0,,,,,,,,,,,,,,,,,,,,{}
run_20260424T151533Z,2026-04-24T15:20:53+00:00,hash,,progress,fetched,hash-shard-3,77091727c48c93fab77e9e679c12d50e7728254a,0,,,,,,,,,,,,,,,,,,,,{}
run_20260424T151533Z,2026-04-24T15:20:53+00:00,hash,,progress,shortlisted,hash-finalize,ace8c19b89cec99e1da6d73b7cd3a640083546f5,0,,,,,,,,,,,,,,,,,,,,{}
run_20260424T151533Z,2026-04-24T15:20:53+00:00,hash,,progress,shortlisted,hash-finalize,77091727c48c93fab77e9e679c12d50e7728254a,0,,,,,,,,,,,,,,,,,,,,{}
run_20260424T151533Z,2026-04-24T15:20:54+00:00,hash,,progress,fetched,hash-shard-2,587d9a2a4371285877b83bbdc20cd6b3d7905ae9,0,,,,,,,,,,,,,,,,,,,,{}
run_20260424T151533Z,2026-04-24T15:20:54+00:00,hash,,progress,shortlisted,hash-finalize,587d9a2a4371285877b83bbdc20cd6b3d7905ae9,0,,,,,,,,,,,,,,,,,,,,{}
run_20260424T151533Z,2026-04-24T15:20:54+00:00,hash,,progress,timed_out,hash-shard-0,a0897d3d64fc6419b41a71fec9bbb186050867ab,0,,,,,,,,,,,,,,,,,,,"Page.goto: Timeout 15000ms exceeded. | Call log: - navigating to ""https://pramsonline.com/"", waiting until ""commit""",{}
run_20260424T151533Z,2026-04-24T15:20:55+00:00,hash,,stage_end,failed,hash-shard-0,331406bbbb5e04e3a5c9354439b97815a7c406c0,0,,,,,,,,,,,,,,,,,,,"Page.goto: net::ERR_TIMED_OUT at https://bwbindia.com/ | Call log: - navigating to ""https://bwbindia.com/"", waiting until ""commit""",{}
run_20260424T151533Z,2026-04-24T15:20:55+00:00,hash,,progress,fetched,hash-shard-3,432e17367bda174a89661bc57d041ae1dc2efbc1,0,,,,,,,,,,,,,,,,,,,,{}
run_20260424T151533Z,2026-04-24T15:20:55+00:00,hash,,progress,shortlisted,hash-finalize,432e17367bda174a89661bc57d041ae1dc2efbc1,0,,,,,,,,,,,,,,,,,,,,{}
run_20260424T151533Z,2026-04-24T15:20:55+00:00,hash,,progress,fetched,hash-shard-1,bf973ea98ceb0b2f98cb37059022e52550e2cbb5,0,,,,,,,,,,,,,,,,,,,,{}
run_20260424T151533Z,2026-04-24T15:20:55+00:00,hash,,progress,shortlisted,hash-finalize,bf973ea98ceb0b2f98cb37059022e52550e2cbb5,0,,,,,,,,,,,,,,,,,,,,{}
run_20260424T151533Z,2026-04-24T15:20:55+00:00,hash,,progress,timed_out,hash-shard-2,7d84245850ab64c39fc8fabd46dd0c11810edea3,0,,,,,,,,,,,,,,,,,,,"Page.goto: Timeout 15000ms exceeded. | Call log: - navigating to ""https://airtel-black.net/"", waiting until ""commit""",{}
run_20260424T151533Z,2026-04-24T15:20:57+00:00,hash,,progress,timed_out,hash-shard-3,2b17550b9e3b70aab964e58f355c487635e69311,0,,,,,,,,,,,,,,,,,,,"Page.goto: Timeout 15000ms exceeded. | Call log: - navigating to ""https://fse-india.com/"", waiting until ""commit""",{}
run_20260424T151533Z,2026-04-24T15:20:58+00:00,hash,,progress,fetched,hash-shard-1,75f34314f6389ff9141affee84bb64f3a2fb336a,0,,,,,,,,,,,,,,,,,,,,{}
run_20260424T151533Z,2026-04-24T15:20:58+00:00,hash,,progress,shortlisted,hash-finalize,75f34314f6389ff9141affee84bb64f3a2fb336a,0,,,,,,,,,,,,,,,,,,,,{}
run_20260424T151533Z,2026-04-24T15:20:58+00:00,hash,,progress,fetched,hash-shard-0,40fc6e22da5299d6e345ad0274832acffc19eefc,0,,,,,,,,,,,,,,,,,,,,{}
run_20260424T151533Z,2026-04-24T15:20:58+00:00,hash,,progress,shortlisted,hash-finalize,40fc6e22da5299d6e345ad0274832acffc19eefc,0,,,,,,,,,,,,,,,,,,,,{}
run_20260424T151533Z,2026-04-24T15:20:58+00:00,hash,,progress,fetched,hash-shard-2,2c3827e5bc83876998e45241e728507ebf3ff69b,0,,,,,,,,,,,,,,,,,,,,{}
run_20260424T151533Z,2026-04-24T15:20:58+00:00,hash,,progress,shortlisted,hash-finalize,2c3827e5bc83876998e45241e728507ebf3ff69b,0,,,,,,,,,,,,,,,,,,,,{}
run_20260424T151533Z,2026-04-24T15:20:58+00:00,hash,,progress,fetched,hash-shard-3,996dbfd3b472bb01563de701a3edef1bb188be93,0,,,,,,,,,,,,,,,,,,,,{}
run_20260424T151533Z,2026-04-24T15:20:59+00:00,hash,,progress,shortlisted,hash-finalize,996dbfd3b472bb01563de701a3edef1bb188be93,0,,,,,,,,,,,,,,,,,,,,{}
run_20260424T151533Z,2026-04-24T15:20:59+00:00,hash,,progress,fetched,hash-shard-0,a0a524cfeba476c93e09b9a7c383d74c59c2edaf,0,,,,,,,,,,,,,,,,,,,,{}
run_20260424T151533Z,2026-04-24T15:20:59+00:00,hash,,progress,shortlisted,hash-finalize,a0a524cfeba476c93e09b9a7c383d74c59c2edaf,0,,,,,,,,,,,,,,,,,,,,{}
run_20260424T151533Z,2026-04-24T15:20:59+00:00,hash,,progress,fetched,hash-shard-1,6378fd5e3c29b6347620b470de604e07a24e27ed,0,,,,,,,,,,,,,,,,,,,,{}
run_20260424T151533Z,2026-04-24T15:20:59+00:00,hash,,progress,fetched,hash-shard-0,61fa155529f26ea51005f35283e8288fb4de36d9,0,,,,,,,,,,,,,,,,,,,,{}
run_20260424T151533Z,2026-04-24T15:21:00+00:00,hash,,progress,shortlisted,hash-finalize,6378fd5e3c29b6347620b470de604e07a24e27ed,0,,,,,,,,,,,,,,,,,,,,{}
run_20260424T151533Z,2026-04-24T15:21:00+00:00,hash,,progress,shortlisted,hash-finalize,61fa155529f26ea51005f35283e8288fb4de36d9,0,,,,,,,,,,,,,,,,,,,,{}
run_20260424T151533Z,2026-04-24T15:21:00+00:00,hash,,progress,fetched,hash-shard-0,03b29f85b876ed28479821a68b9b7bc9243727a0,0,,,,,,,,,,,,,,,,,,,,{}
run_20260424T151533Z,2026-04-24T15:21:00+00:00,hash,,stage_end,failed,hash-shard-0,6193d5586bc55ec6db9d53c3aa0b935ac15872fe,0,,,,,,,,,,,,,,,,,,,"Page.goto: net::ERR_SSL_PROTOCOL_ERROR at https://karnataka.shop/ | Call log: - navigating to ""https://karnataka.shop/"", waiting until ""domcontentloaded""",{}
run_20260424T151533Z,2026-04-24T15:21:00+00:00,hash,,progress,shortlisted,hash-finalize,03b29f85b876ed28479821a68b9b7bc9243727a0,0,,,,,,,,,,,,,,,,,,,,{}
run_20260424T151533Z,2026-04-24T15:21:01+00:00,hash,,progress,fetched,hash-shard-2,9e8aea9a335bf0d0eacdc1c7b8fb99e18ebfc351,0,,,,,,,,,,,,,,,,,,,,{}
run_20260424T151533Z,2026-04-24T15:21:01+00:00,hash,,progress,shortlisted,hash-finalize,9e8aea9a335bf0d0eacdc1c7b8fb99e18ebfc351,0,,,,,,,,,,,,,,,,,,,,{}
run_20260424T151533Z,2026-04-24T15:21:02+00:00,hash,,progress,fetched,hash-shard-3,77364e25b298a86fb672046d9331285dee900898,0,,,,,,,,,,,,,,,,,,,,{}
run_20260424T151533Z,2026-04-24T15:21:02+00:00,hash,,progress,shortlisted,hash-finalize,77364e25b298a86fb672046d9331285dee900898,0,,,,,,,,,,,,,,,,,,,,{}
run_20260424T151533Z,2026-04-24T15:21:03+00:00,hash,,progress,fetched,hash-shard-0,c1a6d5a3acf48b0abb4d122328d9c050cf77a160,0,,,,,,,,,,,,,,,,,,,,{}
run_20260424T151533Z,2026-04-24T15:21:03+00:00,hash,,progress,shortlisted,hash-finalize,c1a6d5a3acf48b0abb4d122328d9c050cf77a160,0,,,,,,,,,,,,,,,,,,,,{}
run_20260424T151533Z,2026-04-24T15:21:03+00:00,hash,,progress,fetched,hash-shard-3,21e0a4708fb84828990cac7fed04a4dae3e8359e,0,,,,,,,,,,,,,,,,,,,,{}
run_20260424T151533Z,2026-04-24T15:21:03+00:00,hash,,progress,shortlisted,hash-finalize,21e0a4708fb84828990cac7fed04a4dae3e8359e,0,,,,,,,,,,,,,,,,,,,,{}
run_20260424T151533Z,2026-04-24T15:21:04+00:00,hash,,progress,fetched,hash-shard-2,1fb564633456bfa27753c0287daf0d9f5bfef154,0,,,,,,,,,,,,,,,,,,,,{}
run_20260424T151533Z,2026-04-24T15:21:04+00:00,hash,,progress,shortlisted,hash-finalize,1fb564633456bfa27753c0287daf0d9f5bfef154,0,,,,,,,,,,,,,,,,,,,,{}
run_20260424T151533Z,2026-04-24T15:21:05+00:00,hash,,progress,fetched,hash-shard-1,58acb1f39f003067b68b524ea1c76e3b478f023a,0,,,,,,,,,,,,,,,,,,,,{}
run_20260424T151533Z,2026-04-24T15:21:05+00:00,hash,,progress,shortlisted,hash-finalize,58acb1f39f003067b68b524ea1c76e3b478f023a,0,,,,,,,,,,,,,,,,,,,,{}
run_20260424T151533Z,2026-04-24T15:21:05+00:00,hash,,progress,fetched,hash-shard-0,05b70074a2f5d896114dea823cda77a001addd28,0,,,,,,,,,,,,,,,,,,,,{}
run_20260424T151533Z,2026-04-24T15:21:05+00:00,hash,,progress,shortlisted,hash-finalize,05b70074a2f5d896114dea823cda77a001addd28,0,,,,,,,,,,,,,,,,,,,,{}
run_20260424T151533Z,2026-04-24T15:21:05+00:00,hash,,progress,fetched,hash-shard-0,18fe2a7dcbc4579c894445262e2c78c0e9e374ce,0,,,,,,,,,,,,,,,,,,,,{}
run_20260424T151533Z,2026-04-24T15:21:05+00:00,hash,,progress,shortlisted,hash-finalize,18fe2a7dcbc4579c894445262e2c78c0e9e374ce,0,,,,,,,,,,,,,,,,,,,,{}
run_20260424T151533Z,2026-04-24T15:21:06+00:00,hash,,progress,fetched,hash-shard-2,79d94b4c666d59c1b64ea81e8205400df1ac0827,0,,,,,,,,,,,,,,,,,,,,{}
run_20260424T151533Z,2026-04-24T15:21:06+00:00,hash,,progress,shortlisted,hash-finalize,79d94b4c666d59c1b64ea81e8205400df1ac0827,0,,,,,,,,,,,,,,,,,,,,{}
run_20260424T151533Z,2026-04-24T15:21:06+00:00,hash,,stage_end,failed,hash-shard-0,87c0205a433689c7a9cecb8cff844d4308f91b47,0,,,,,,,,,,,,,,,,,,,"Page.goto: net::ERR_SSL_PROTOCOL_ERROR at https://jiwwon.com/ | Call log: - navigating to ""https://jiwwon.com/"", waiting until ""domcontentloaded""",{}
run_20260424T151533Z,2026-04-24T15:21:06+00:00,hash,,progress,fetched,hash-shard-1,8ea96b465715158191dd28e1f3017713b22cb983,0,,,,,,,,,,,,,,,,,,,,{}
run_20260424T151533Z,2026-04-24T15:21:07+00:00,hash,,progress,shortlisted,hash-finalize,8ea96b465715158191dd28e1f3017713b22cb983,0,,,,,,,,,,,,,,,,,,,,{}
run_20260424T151533Z,2026-04-24T15:21:07+00:00,hash,,progress,fetched,hash-shard-0,3d9e9a8de7a4fea480332c8e702e7afdb407be90,0,,,,,,,,,,,,,,,,,,,,{}
run_20260424T151533Z,2026-04-24T15:21:07+00:00,hash,,progress,shortlisted,hash-finalize,3d9e9a8de7a4fea480332c8e702e7afdb407be90,0,,,,,,,,,,,,,,,,,,,,{}
run_20260424T151533Z,2026-04-24T15:21:07+00:00,hash,,progress,fetched,hash-shard-0,dda258f3d257056126cec7af3fd7c32e63d91f7f,0,,,,,,,,,,,,,,,,,,,,{}
run_20260424T151533Z,2026-04-24T15:21:07+00:00,hash,,progress,shortlisted,hash-finalize,dda258f3d257056126cec7af3fd7c32e63d91f7f,0,,,,,,,,,,,,,,,,,,,,{}
run_20260424T151533Z,2026-04-24T15:21:07+00:00,hash,,stage_end,failed,hash-shard-0,a8e58e7ae82d02d5409c4fdc3da1742597f50f08,0,,,,,,,,,,,,,,,,,,,"Page.goto: net::ERR_SSL_PROTOCOL_ERROR at https://icicibzck.shop/ | Call log: - navigating to ""https://icicibzck.shop/"", waiting until ""domcontentloaded""",{}
run_20260424T151533Z,2026-04-24T15:21:08+00:00,hash,,progress,fetched,hash-shard-3,20878ec7869c4b79b9742b621b4a44c7b556d9f9,0,,,,,,,,,,,,,,,,,,,,{}
run_20260424T151533Z,2026-04-24T15:21:08+00:00,hash,,progress,shortlisted,hash-finalize,20878ec7869c4b79b9742b621b4a44c7b556d9f9,0,,,,,,,,,,,,,,,,,,,,{}
run_20260424T151533Z,2026-04-24T15:21:08+00:00,hash,,progress,fetched,hash-shard-1,fc003acfb98ea90540038d3efc328ebcf4e091a4,0,,,,,,,,,,,,,,,,,,,,{}
run_20260424T151533Z,2026-04-24T15:21:08+00:00,hash,,progress,shortlisted,hash-finalize,fc003acfb98ea90540038d3efc328ebcf4e091a4,0,,,,,,,,,,,,,,,,,,,,{}
run_20260424T151533Z,2026-04-24T15:21:09+00:00,hash,,stage_end,failed,hash-shard-3,e26ca599d012a99d909df6612a5dc66cc8f3648e,0,,,,,,,,,,,,,,,,,,,"Page.goto: net::ERR_CONNECTION_TIMED_OUT at https://jmasonline.com/ | Call log: - navigating to ""https://jmasonline.com/"", waiting until ""commit""",{}
run_20260424T151533Z,2026-04-24T15:21:09+00:00,hash,,progress,fetched,hash-shard-3,30bbcfd6c445c14f0c72074bbff9391d168e8168,0,,,,,,,,,,,,,,,,,,,,{}
run_20260424T151533Z,2026-04-24T15:21:10+00:00,hash,,progress,shortlisted,hash-finalize,30bbcfd6c445c14f0c72074bbff9391d168e8168,0,,,,,,,,,,,,,,,,,,,,{}
run_20260424T151533Z,2026-04-24T15:21:11+00:00,hash,,progress,fetched,hash-shard-0,12e1ab63858a40d0ef1b04dbfdbba3ee88394b5c,0,,,,,,,,,,,,,,,,,,,,{}
run_20260424T151533Z,2026-04-24T15:21:11+00:00,hash,,progress,shortlisted,hash-finalize,12e1ab63858a40d0ef1b04dbfdbba3ee88394b5c,0,,,,,,,,,,,,,,,,,,,,{}
run_20260424T151533Z,2026-04-24T15:21:13+00:00,hash,,progress,timed_out,hash-shard-1,7d3aa7e8644ddfdaf185bfdd9f163a116cf9bf6d,0,,,,,,,,,,,,,,,,,,,"Page.goto: Timeout 15000ms exceeded. | Call log: - navigating to ""https://camsonet.com/"", waiting until ""commit""",{}
run_20260424T151533Z,2026-04-24T15:21:14+00:00,hash,,progress,fetched,hash-shard-0,40360819c4e80c1f4dfd0e4e3ed05d6a422ef951,0,,,,,,,,,,,,,,,,,,,,{}
run_20260424T151533Z,2026-04-24T15:21:14+00:00,hash,,progress,shortlisted,hash-finalize,40360819c4e80c1f4dfd0e4e3ed05d6a422ef951,0,,,,,,,,,,,,,,,,,,,,{}
run_20260424T151533Z,2026-04-24T15:21:15+00:00,hash,,progress,fetched,hash-shard-2,e59df6619f7bbbdfa73a7ceaf6017125cb5dca4a,0,,,,,,,,,,,,,,,,,,,,{}
run_20260424T151533Z,2026-04-24T15:21:15+00:00,hash,,progress,shortlisted,hash-finalize,e59df6619f7bbbdfa73a7ceaf6017125cb5dca4a,0,,,,,,,,,,,,,,,,,,,,{}
run_20260424T151533Z,2026-04-24T15:21:16+00:00,hash,,progress,timed_out,hash-shard-1,e55c9cd64320e3a19ff297505991b9f7a364405a,0,,,,,,,,,,,,,,,,,,,TimeoutError,{}
run_20260424T151533Z,2026-04-24T15:21:19+00:00,hash,,progress,fetched,hash-shard-3,c772a27e421f5dd9bc9673f647a5bc320553a699,0,,,,,,,,,,,,,,,,,,,,{}
run_20260424T151533Z,2026-04-24T15:21:19+00:00,hash,,progress,shortlisted,hash-finalize,c772a27e421f5dd9bc9673f647a5bc320553a699,0,,,,,,,,,,,,,,,,,,,,{}
run_20260424T151533Z,2026-04-24T15:21:21+00:00,hash,,progress,timed_out,hash-shard-1,c5de7eb1eb99b9808d3682d044a7b62310ab6459,0,,,,,,,,,,,,,,,,,,,"Page.goto: Timeout 15000ms exceeded. | Call log: - navigating to ""https://mctaonline.com/"", waiting until ""commit""",{}
run_20260424T151533Z,2026-04-24T15:21:24+00:00,hash,,stage_end,failed,hash-shard-3,0f247966c5cf0a8e8b5aa033393aefef9c5c240d,0,,,,,,,,,,,,,,,,,,,"Page.goto: net::ERR_CONNECTION_TIMED_OUT at https://airtelbox.com/ | Call log: - navigating to ""https://airtelbox.com/"", waiting until ""commit""",{}
run_20260424T151533Z,2026-04-24T15:21:24+00:00,hash,,progress,timed_out,hash-shard-2,6e6a90bc6ef6626be018ec35cd3f5208f02d66d6,0,,,,,,,,,,,,,,,,,,,"Page.goto: Timeout 15000ms exceeded. | Call log: - navigating to ""https://casinomeal.com/"", waiting until ""commit""",{}
run_20260424T151533Z,2026-04-24T15:21:29+00:00,hash,,stage_end,failed,hash-shard-0,cbf9099c4f933473b518180884c8b99557c6e099,0,,,,,,,,,,,,,,,,,,,"Page.goto: net::ERR_CONNECTION_TIMED_OUT at https://axispriam.com/ | Call log: - navigating to ""https://axispriam.com/"", waiting until ""commit""",{}
run_20260424T151533Z,2026-04-24T15:21:34+00:00,hash,,progress,timed_out,hash-shard-2,e8bca45cadf5854dfc6cb7837fe94fe5368bfc18,0,,,,,,,,,,,,,,,,,,,"Page.goto: Timeout 15000ms exceeded. | Call log: - navigating to ""https://airtelblack.co/"", waiting until ""commit""",{}
run_20260424T151533Z,2026-04-24T15:21:36+00:00,hash,,progress,timed_out,hash-shard-2,3001513d59defa59c8a0647a33ba2c6e65cea12c,0,,,,,,,,,,,,,,,,,,,"Page.goto: Timeout 15000ms exceeded. | Call log: - navigating to ""https://airtelprepaidoffers.in/"", waiting until ""commit""",{}
run_20260424T151533Z,2026-04-24T15:21:38+00:00,hash,,progress,timed_out,hash-shard-0,c9b61b1bbf1581e15784b24a2e439be4f2d9f2c4,0,,,,,,,,,,,,,,,,,,,"Page.goto: Timeout 15000ms exceeded. | Call log: - navigating to ""https://campusxonline.com/"", waiting until ""commit""",{}
run_20260424T151533Z,2026-04-24T15:22:13+00:00,run,,run_end,failed,,,,,,,,,,,,,,,,,,,,,,"[36mray::_OcrWorkerActorImpl.close()[39m (pid=6872, ip=127.0.0.1, actor_id=6a202dfe2e8840387a8c756901000000, repr=<phishing_pipeline.ray_runtime._OcrWorkerActorImpl object at 0x000002225D90B500>)
            ^^^^^^^^^^^^^^^^^^^
  File ""C:\Users\sathwik.kusuri\Documents\phishing_ml\phishing_pipeline\visual_features.py"", line 48, in _get_torch_module
    import torch as torch_module
  File ""C:\Users\sathwik.kusuri\Documents\phishing_ml\venv\Lib\site-packages\torch\__init__.py"", line 285, in <module>
    _load_dll_libraries()
  File ""C:\Users\sathwik.kusuri\Documents\phishing_ml\venv\Lib\site-packages\torch\__init__.py"", line 268, in _load_dll_libraries
    raise err
OSError: [WinError 1114] A dynamic link library (DLL) initialization routine failed. Error loading ""C:\Users\sathwik.kusuri\Documents\phishing_ml\venv\Lib\site-packages\torch\lib\c10.dll"" or one of its dependencies.

The above exception was the direct cause of the following exception:

[36mray::_OcrWorkerActorImpl.close()[39m (pid=6872, ip=127.0.0.1, actor_id=6a202dfe2e8840387a8c756901000000, repr=<phishing_pipeline.ray_runtime._OcrWorkerActorImpl object at 0x000002225D90B500>)
  File ""python\\ray\\_raylet.pyx"", line 1850, in ray._raylet.execute_task
  File ""python\\ray\\_raylet.pyx"", line 1961, in ray._raylet.execute_task
  File ""python\\ray\\_raylet.pyx"", line 1857, in ray._raylet.execute_task
  File ""python\\ray\\_raylet.pyx"", line 1794, in ray._raylet.execute_task.function_executor
  File ""python\\ray\\_raylet.pyx"", line 4524, in ray._raylet.CoreWorker.run_async_func_or_coro_in_event_loop
  File ""C:\Users\sathwik.kusuri\AppData\Local\Programs\Python\Python312\Lib\concurrent\futures\_base.py"", line 449, in result
    return self.__get_result()
           ^^^^^^^^^^^^^^^^^^^
  File ""C:\Users\sathwik.kusuri\AppData\Local\Programs\Python\Python312\Lib\concurrent\futures\_base.py"", line 401, in __get_result
    raise self._exception
  File ""python\\ray\\_raylet.pyx"", line 4511, in async_func
  File ""C:\Users\sathwik.kusuri\Documents\phishing_ml\venv\Lib\site-packages\ray\util\tracing\tracing_helper.py"", line 493, in _resume_span
    return await method(self, *_args, **_kwargs)
           ^^^^^^^^^^^^^^^^^^^^^^^^^^^^^^^^^^^^^
  File ""C:\Users\sathwik.kusuri\Documents\phishing_ml\phishing_pipeline\ray_runtime.py"", line 657, in close
    await self._drain_task
  File ""C:\Users\sathwik.kusuri\Documents\phishing_ml\venv\Lib\site-packages\ray\util\tracing\tracing_helper.py"", line 493, in _resume_span
    return await method(self, *_args, **_kwargs)
           ^^^^^^^^^^^^^^^^^^^^^^^^^^^^^^^^^^^^^
  File ""C:\Users\sathwik.kusuri\Documents\phishing_ml\phishing_pipeline\ray_runtime.py"", line 609, in _drain_loop
    await self._process_batch(batch)
  File ""C:\Users\sathwik.kusuri\Documents\phishing_ml\venv\Lib\site-packages\ray\util\tracing\tracing_helper.py"", line 493, in _resume_span
    return await method(self, *_args, **_kwargs)
           ^^^^^^^^^^^^^^^^^^^^^^^^^^^^^^^^^^^^^
  File ""C:\Users\sathwik.kusuri\Documents\phishing_ml\phishing_pipeline\ray_runtime.py"", line 617, in _process_batch
    await self.warm()
  File ""C:\Users\sathwik.kusuri\Documents\phishing_ml\venv\Lib\site-packages\ray\util\tracing\tracing_helper.py"", line 493, in _resume_span
    return await method(self, *_args, **_kwargs)
           ^^^^^^^^^^^^^^^^^^^^^^^^^^^^^^^^^^^^^
  File ""C:\Users\sathwik.kusuri\Documents\phishing_ml\phishing_pipeline\ray_runtime.py"", line 577, in warm
    await asyncio.to_thread(self._warm_reader)
  File ""C:\Users\sathwik.kusuri\AppData\Local\Programs\Python\Python312\Lib\asyncio\threads.py"", line 25, in to_thread
    return await loop.run_in_executor(None, func_call)
           ^^^^^^^^^^^^^^^^^^^^^^^^^^^^^^^^^^^^^^^^^^^
  File ""C:\Users\sathwik.kusuri\AppData\Local\Programs\Python\Python312\Lib\concurrent\futures\thread.py"", line 59, in run
    result = self.fn(*self.args, **self.kwargs)
             ^^^^^^^^^^^^^^^^^^^^^^^^^^^^^^^^^^
  File ""C:\Users\sathwik.kusuri\Documents\phishing_ml\venv\Lib\site-packages\ray\util\tracing\tracing_helper.py"", line 461, in _resume_span
    return method(self, *_args, **_kwargs)
           ^^^^^^^^^^^^^^^^^^^^^^^^^^^^^^^
  File ""C:\Users\sathwik.kusuri\Documents\phishing_ml\phishing_pipeline\ray_runtime.py"", line 573, in _warm_reader
    _get_ocr_reader()
  File ""C:\Users\sathwik.kusuri\Documents\phishing_ml\phishing_pipeline\visual_features.py"", line 133, in _get_ocr_reader
    raise RuntimeError(f""EasyOCR initialization failed: {e}"") from e
RuntimeError: EasyOCR initialization failed: [WinError 1114] A dynamic link library (DLL) initialization routine failed. Error loading ""C:\Users\sathwik.kusuri\Documents\phishing_ml\venv\Lib\site-packages\torch\lib\c10.dll"" or one of its dependencies.",{}
