run_id,emitted_at,label,stage_name,worker_id,metric_kind,counters_json,gauges_json,latency_json,resource_snapshot_json,details_json
run_20260414T100254Z,2026-04-14T10:03:20+00:00,shortlist,shortlist,,snapshot,{},{},{},"{""available_cpu"": 11.0, ""available_memory_gb"": 0.25, ""available_object_store_gb"": 0.13, ""cluster_cpu"": 12.0, ""cluster_memory_gb"": 0.25, ""cluster_object_store_gb"": 0.13, ""used_cpu"": 1.0}","{""controller"": {""action"": ""init"", ""available_cpu"": 0.0, ""checkpoint_pending_rows"": 0, ""completed"": 0, ""cpu_headroom_cores"": 6, ""cpu_utilization"": 0.0, ""enabled"": true, ""event_loop_lag_ms"": 0.0, ""hash_active_pages_cap"": 1, ""hash_live_active_pages"": 1, ""hash_pressure_ratio"": 0.0, ""healthy_streak"": 0, ""reason"": ""startup"", ""stage0_inflight_cap"": 1, ""stage0_live_inflight"": 1, ""stage1_fetch_limit_cap"": 1, ""stage1_live_fetch_limit"": 1, ""stage1_pressure_ratio"": 0.0, ""target_cpu_utilization"": 0.82, ""timeout_ratio"": 0.0}, ""hash"": {""aux_queue_depth"": 0, ""backlog"": 0, ""browser_actors"": 0, ""finalize_queue_depth"": 0, ""pending"": 0, ""render_queue_depth"": 0, ""render_trace_rows"": 0}, ""matches"": 0, ""stage0"": {""hits"": 0, ""misses"": 0, ""remaining"": 167, ""skipped"": 0}, ""stage1"": {""backlog"": 0, ""enrich_actors"": 0, ""fetch_actors"": 0, ""pending"": 0, ""progress"": {""dns_gate_accepted"": 0, ""dns_gate_filtered"": 0, ""dns_hit_gate_accepted"": 0, ""dns_hit_gate_passthrough"": 0, ""escalated"": 0, ""failed"": 0, ""fallback_dns"": 0, ""fetched"": 0, ""head_only"": 0, ""timeout"": 0}}}"
run_20260414T100254Z,2026-04-14T10:03:25+00:00,shortlist,shortlist,,snapshot,{},{},{},"{""available_cpu"": 11.0, ""available_memory_gb"": 0.25, ""available_object_store_gb"": 0.13, ""cluster_cpu"": 12.0, ""cluster_memory_gb"": 0.25, ""cluster_object_store_gb"": 0.13, ""used_cpu"": 1.0}","{""controller"": {""action"": ""hold"", ""available_cpu"": 11.0, ""checkpoint_pending_rows"": 3, ""completed"": 0, ""cpu_headroom_cores"": 6, ""cpu_utilization"": 0.083, ""enabled"": true, ""event_loop_lag_ms"": 36.167, ""hash_active_pages_cap"": 1, ""hash_live_active_pages"": 1, ""hash_pressure_ratio"": 0.0, ""healthy_streak"": 0, ""reason"": ""healthy_window"", ""stage0_inflight_cap"": 1, ""stage0_live_inflight"": 1, ""stage1_fetch_limit_cap"": 1, ""stage1_live_fetch_limit"": 1, ""stage1_pressure_ratio"": 0.0, ""target_cpu_utilization"": 0.82, ""timeout_ratio"": 0.0}, ""hash"": {""aux_queue_depth"": 0, ""backlog"": 0, ""browser_actors"": 0, ""finalize_queue_depth"": 0, ""pending"": 0, ""render_queue_depth"": 0, ""render_trace_rows"": 0}, ""matches"": 0, ""stage0"": {""hits"": 0, ""misses"": 0, ""remaining"": 167, ""skipped"": 0}, ""stage1"": {""backlog"": 0, ""enrich_actors"": 0, ""fetch_actors"": 0, ""pending"": 0, ""progress"": {""dns_gate_accepted"": 0, ""dns_gate_filtered"": 0, ""dns_hit_gate_accepted"": 0, ""dns_hit_gate_passthrough"": 0, ""escalated"": 0, ""failed"": 0, ""fallback_dns"": 0, ""fetched"": 0, ""head_only"": 0, ""timeout"": 0}}}"
run_20260414T100254Z,2026-04-14T10:03:35+00:00,shortlist,shortlist,,snapshot,{},{},{},"{""available_cpu"": 12.0, ""available_memory_gb"": 0.25, ""available_object_store_gb"": 0.13, ""cluster_cpu"": 12.0, ""cluster_memory_gb"": 0.25, ""cluster_object_store_gb"": 0.13, ""used_cpu"": 0.0}","{""controller"": {""action"": ""hold"", ""available_cpu"": 12.0, ""checkpoint_pending_rows"": 257, ""completed"": 0, ""cpu_headroom_cores"": 6, ""cpu_utilization"": 0.0, ""enabled"": true, ""event_loop_lag_ms"": 52.532, ""hash_active_pages_cap"": 1, ""hash_live_active_pages"": 1, ""hash_pressure_ratio"": 0.0, ""healthy_streak"": 0, ""reason"": ""healthy_window"", ""stage0_inflight_cap"": 1, ""stage0_live_inflight"": 1, ""stage1_fetch_limit_cap"": 1, ""stage1_live_fetch_limit"": 1, ""stage1_pressure_ratio"": 0.0, ""target_cpu_utilization"": 0.82, ""timeout_ratio"": 0.0}, ""hash"": {""aux_queue_depth"": 0, ""backlog"": 0, ""browser_actors"": 0, ""finalize_queue_depth"": 0, ""pending"": 0, ""render_queue_depth"": 0, ""render_trace_rows"": 0}, ""matches"": 0, ""stage0"": {""hits"": 0, ""misses"": 64, ""remaining"": 167, ""skipped"": 0}, ""stage1"": {""backlog"": 0, ""enrich_actors"": 0, ""fetch_actors"": 0, ""pending"": 0, ""progress"": {""dns_gate_accepted"": 0, ""dns_gate_filtered"": 0, ""dns_hit_gate_accepted"": 0, ""dns_hit_gate_passthrough"": 0, ""escalated"": 0, ""failed"": 0, ""fallback_dns"": 0, ""fetched"": 0, ""head_only"": 0, ""timeout"": 0}}}"
run_20260414T100254Z,2026-04-14T10:03:40+00:00,shortlist,shortlist,,snapshot,{},{},{},"{""available_cpu"": 11.75, ""available_memory_gb"": 0.25, ""available_object_store_gb"": 0.13, ""cluster_cpu"": 12.0, ""cluster_memory_gb"": 0.25, ""cluster_object_store_gb"": 0.13, ""used_cpu"": 0.25}","{""controller"": {""action"": ""hold"", ""available_cpu"": 11.75, ""checkpoint_pending_rows"": 516, ""completed"": 11, ""cpu_headroom_cores"": 6, ""cpu_utilization"": 0.021, ""enabled"": true, ""event_loop_lag_ms"": 21.277, ""hash_active_pages_cap"": 1, ""hash_live_active_pages"": 1, ""hash_pressure_ratio"": 0.0, ""healthy_streak"": 0, ""reason"": ""healthy_window"", ""stage0_inflight_cap"": 1, ""stage0_live_inflight"": 1, ""stage1_fetch_limit_cap"": 1, ""stage1_live_fetch_limit"": 1, ""stage1_pressure_ratio"": 0.167, ""target_cpu_utilization"": 0.82, ""timeout_ratio"": 0.0}, ""hash"": {""aux_queue_depth"": 0, ""backlog"": 0, ""browser_actors"": 0, ""finalize_queue_depth"": 0, ""pending"": 0, ""render_queue_depth"": 0, ""render_trace_rows"": 0}, ""matches"": 0, ""stage0"": {""hits"": 0, ""misses"": 64, ""remaining"": 167, ""skipped"": 0}, ""stage1"": {""backlog"": 52, ""enrich_actors"": 0, ""fetch_actors"": 1, ""pending"": 1, ""progress"": {""dns_gate_accepted"": 53, ""dns_gate_filtered"": 11, ""dns_hit_gate_accepted"": 0, ""dns_hit_gate_passthrough"": 0, ""escalated"": 0, ""failed"": 0, ""fallback_dns"": 0, ""fetched"": 0, ""head_only"": 0, ""timeout"": 0}}}"
run_20260414T100254Z,2026-04-14T10:03:45+00:00,shortlist,shortlist,,snapshot,{},{},{},"{""available_cpu"": 11.75, ""available_memory_gb"": 0.25, ""available_object_store_gb"": 0.13, ""cluster_cpu"": 12.0, ""cluster_memory_gb"": 0.25, ""cluster_object_store_gb"": 0.13, ""used_cpu"": 0.25}","{""controller"": {""action"": ""hold"", ""available_cpu"": 11.75, ""checkpoint_pending_rows"": 0, ""completed"": 11, ""cpu_headroom_cores"": 6, ""cpu_utilization"": 0.021, ""enabled"": true, ""event_loop_lag_ms"": 28.908, ""hash_active_pages_cap"": 1, ""hash_live_active_pages"": 1, ""hash_pressure_ratio"": 0.0, ""healthy_streak"": 0, ""reason"": ""healthy_window"", ""stage0_inflight_cap"": 1, ""stage0_live_inflight"": 1, ""stage1_fetch_limit_cap"": 1, ""stage1_live_fetch_limit"": 1, ""stage1_pressure_ratio"": 0.167, ""target_cpu_utilization"": 0.82, ""timeout_ratio"": 0.0}, ""hash"": {""aux_queue_depth"": 0, ""backlog"": 0, ""browser_actors"": 0, ""finalize_queue_depth"": 0, ""pending"": 0, ""render_queue_depth"": 0, ""render_trace_rows"": 0}, ""matches"": 0, ""stage0"": {""hits"": 0, ""misses"": 64, ""remaining"": 167, ""skipped"": 0}, ""stage1"": {""backlog"": 52, ""enrich_actors"": 0, ""fetch_actors"": 1, ""pending"": 1, ""progress"": {""dns_gate_accepted"": 53, ""dns_gate_filtered"": 11, ""dns_hit_gate_accepted"": 0, ""dns_hit_gate_passthrough"": 0, ""escalated"": 0, ""failed"": 0, ""fallback_dns"": 0, ""fetched"": 0, ""head_only"": 0, ""timeout"": 0}}}"
run_20260414T100254Z,2026-04-14T10:03:55+00:00,shortlist,shortlist,,snapshot,{},{},{},"{""available_cpu"": 11.75, ""available_memory_gb"": 0.25, ""available_object_store_gb"": 0.13, ""cluster_cpu"": 12.0, ""cluster_memory_gb"": 0.25, ""cluster_object_store_gb"": 0.13, ""used_cpu"": 0.25}","{""controller"": {""action"": ""hold"", ""available_cpu"": 11.75, ""checkpoint_pending_rows"": 30, ""completed"": 18, ""cpu_headroom_cores"": 6, ""cpu_utilization"": 0.021, ""enabled"": true, ""event_loop_lag_ms"": 15.523, ""hash_active_pages_cap"": 1, ""hash_live_active_pages"": 1, ""hash_pressure_ratio"": 0.0, ""healthy_streak"": 0, ""reason"": ""healthy_window"", ""stage0_inflight_cap"": 1, ""stage0_live_inflight"": 1, ""stage1_fetch_limit_cap"": 1, ""stage1_live_fetch_limit"": 1, ""stage1_pressure_ratio"": 0.333, ""target_cpu_utilization"": 0.82, ""timeout_ratio"": 0.0}, ""hash"": {""aux_queue_depth"": 0, ""backlog"": 0, ""browser_actors"": 0, ""finalize_queue_depth"": 0, ""pending"": 0, ""render_queue_depth"": 0, ""render_trace_rows"": 0}, ""matches"": 0, ""stage0"": {""hits"": 0, ""misses"": 64, ""remaining"": 167, ""skipped"": 0}, ""stage1"": {""backlog"": 45, ""enrich_actors"": 0, ""fetch_actors"": 1, ""pending"": 1, ""progress"": {""dns_gate_accepted"": 53, ""dns_gate_filtered"": 11, ""dns_hit_gate_accepted"": 0, ""dns_hit_gate_passthrough"": 0, ""escalated"": 0, ""failed"": 0, ""fallback_dns"": 0, ""fetched"": 0, ""head_only"": 0, ""timeout"": 0}}}"
run_20260414T100254Z,2026-04-14T10:04:05+00:00,shortlist,shortlist,,snapshot,{},{},{},"{""available_cpu"": 11.75, ""available_memory_gb"": 0.25, ""available_object_store_gb"": 0.13, ""cluster_cpu"": 12.0, ""cluster_memory_gb"": 0.25, ""cluster_object_store_gb"": 0.13, ""used_cpu"": 0.25}","{""controller"": {""action"": ""hold"", ""available_cpu"": 11.75, ""checkpoint_pending_rows"": 19, ""completed"": 24, ""cpu_headroom_cores"": 6, ""cpu_utilization"": 0.021, ""enabled"": true, ""event_loop_lag_ms"": 5.819, ""hash_active_pages_cap"": 1, ""hash_live_active_pages"": 1, ""hash_pressure_ratio"": 0.0, ""healthy_streak"": 0, ""reason"": ""healthy_window"", ""stage0_inflight_cap"": 1, ""stage0_live_inflight"": 1, ""stage1_fetch_limit_cap"": 1, ""stage1_live_fetch_limit"": 1, ""stage1_pressure_ratio"": 0.333, ""target_cpu_utilization"": 0.82, ""timeout_ratio"": 0.0}, ""hash"": {""aux_queue_depth"": 0, ""backlog"": 0, ""browser_actors"": 0, ""finalize_queue_depth"": 0, ""pending"": 0, ""render_queue_depth"": 0, ""render_trace_rows"": 0}, ""matches"": 0, ""stage0"": {""hits"": 0, ""misses"": 64, ""remaining"": 167, ""skipped"": 0}, ""stage1"": {""backlog"": 38, ""enrich_actors"": 0, ""fetch_actors"": 1, ""pending"": 2, ""progress"": {""dns_gate_accepted"": 53, ""dns_gate_filtered"": 11, ""dns_hit_gate_accepted"": 0, ""dns_hit_gate_passthrough"": 0, ""escalated"": 0, ""failed"": 0, ""fallback_dns"": 0, ""fetched"": 0, ""head_only"": 0, ""timeout"": 0}}}"
run_20260414T100254Z,2026-04-14T10:04:10+00:00,shortlist,shortlist,,snapshot,{},{},{},"{""available_cpu"": 11.75, ""available_memory_gb"": 0.25, ""available_object_store_gb"": 0.13, ""cluster_cpu"": 12.0, ""cluster_memory_gb"": 0.25, ""cluster_object_store_gb"": 0.13, ""used_cpu"": 0.25}","{""controller"": {""action"": ""hold"", ""available_cpu"": 11.75, ""checkpoint_pending_rows"": 31, ""completed"": 25, ""cpu_headroom_cores"": 6, ""cpu_utilization"": 0.021, ""enabled"": true, ""event_loop_lag_ms"": 0.0, ""hash_active_pages_cap"": 1, ""hash_live_active_pages"": 1, ""hash_pressure_ratio"": 0.0, ""healthy_streak"": 0, ""reason"": ""healthy_window"", ""stage0_inflight_cap"": 1, ""stage0_live_inflight"": 1, ""stage1_fetch_limit_cap"": 1, ""stage1_live_fetch_limit"": 1, ""stage1_pressure_ratio"": 0.167, ""target_cpu_utilization"": 0.82, ""timeout_ratio"": 0.0}, ""hash"": {""aux_queue_depth"": 0, ""backlog"": 0, ""browser_actors"": 0, ""finalize_queue_depth"": 0, ""pending"": 0, ""render_queue_depth"": 0, ""render_trace_rows"": 0}, ""matches"": 0, ""stage0"": {""hits"": 0, ""misses"": 64, ""remaining"": 167, ""skipped"": 0}, ""stage1"": {""backlog"": 38, ""enrich_actors"": 0, ""fetch_actors"": 1, ""pending"": 1, ""progress"": {""dns_gate_accepted"": 53, ""dns_gate_filtered"": 11, ""dns_hit_gate_accepted"": 0, ""dns_hit_gate_passthrough"": 0, ""escalated"": 0, ""failed"": 0, ""fallback_dns"": 0, ""fetched"": 0, ""head_only"": 0, ""timeout"": 0}}}"
run_20260414T100254Z,2026-04-14T10:04:15+00:00,shortlist,shortlist,,snapshot,{},{},{},"{""available_cpu"": 11.75, ""available_memory_gb"": 0.25, ""available_object_store_gb"": 0.13, ""cluster_cpu"": 12.0, ""cluster_memory_gb"": 0.25, ""cluster_object_store_gb"": 0.13, ""used_cpu"": 0.25}","{""controller"": {""action"": ""hold"", ""available_cpu"": 11.75, ""checkpoint_pending_rows"": 13, ""completed"": 28, ""cpu_headroom_cores"": 6, ""cpu_utilization"": 0.021, ""enabled"": true, ""event_loop_lag_ms"": 10.111, ""hash_active_pages_cap"": 1, ""hash_live_active_pages"": 1, ""hash_pressure_ratio"": 0.0, ""healthy_streak"": 0, ""reason"": ""healthy_window"", ""stage0_inflight_cap"": 1, ""stage0_live_inflight"": 1, ""stage1_fetch_limit_cap"": 1, ""stage1_live_fetch_limit"": 1, ""stage1_pressure_ratio"": 0.333, ""target_cpu_utilization"": 0.82, ""timeout_ratio"": 0.0}, ""hash"": {""aux_queue_depth"": 0, ""backlog"": 0, ""browser_actors"": 0, ""finalize_queue_depth"": 0, ""pending"": 0, ""render_queue_depth"": 0, ""render_trace_rows"": 0}, ""matches"": 0, ""stage0"": {""hits"": 0, ""misses"": 64, ""remaining"": 167, ""skipped"": 0}, ""stage1"": {""backlog"": 34, ""enrich_actors"": 0, ""fetch_actors"": 1, ""pending"": 2, ""progress"": {""dns_gate_accepted"": 53, ""dns_gate_filtered"": 11, ""dns_hit_gate_accepted"": 0, ""dns_hit_gate_passthrough"": 0, ""escalated"": 0, ""failed"": 0, ""fallback_dns"": 0, ""fetched"": 0, ""head_only"": 0, ""timeout"": 0}}}"
run_20260414T100254Z,2026-04-14T10:04:20+00:00,shortlist,shortlist,,snapshot,{},{},{},"{""available_cpu"": 11.75, ""available_memory_gb"": 0.25, ""available_object_store_gb"": 0.13, ""cluster_cpu"": 12.0, ""cluster_memory_gb"": 0.25, ""cluster_object_store_gb"": 0.13, ""used_cpu"": 0.25}","{""controller"": {""action"": ""hold"", ""available_cpu"": 11.75, ""checkpoint_pending_rows"": 38, ""completed"": 32, ""cpu_headroom_cores"": 6, ""cpu_utilization"": 0.021, ""enabled"": true, ""event_loop_lag_ms"": 17.391, ""hash_active_pages_cap"": 1, ""hash_live_active_pages"": 1, ""hash_pressure_ratio"": 0.0, ""healthy_streak"": 0, ""reason"": ""healthy_window"", ""stage0_inflight_cap"": 1, ""stage0_live_inflight"": 1, ""stage1_fetch_limit_cap"": 1, ""stage1_live_fetch_limit"": 1, ""stage1_pressure_ratio"": 0.333, ""target_cpu_utilization"": 0.82, ""timeout_ratio"": 0.0}, ""hash"": {""aux_queue_depth"": 0, ""backlog"": 0, ""browser_actors"": 0, ""finalize_queue_depth"": 0, ""pending"": 0, ""render_queue_depth"": 0, ""render_trace_rows"": 0}, ""matches"": 0, ""stage0"": {""hits"": 0, ""misses"": 64, ""remaining"": 167, ""skipped"": 0}, ""stage1"": {""backlog"": 31, ""enrich_actors"": 0, ""fetch_actors"": 1, ""pending"": 1, ""progress"": {""dns_gate_accepted"": 53, ""dns_gate_filtered"": 11, ""dns_hit_gate_accepted"": 0, ""dns_hit_gate_passthrough"": 0, ""escalated"": 0, ""failed"": 0, ""fallback_dns"": 0, ""fetched"": 0, ""head_only"": 0, ""timeout"": 0}}}"
run_20260414T100254Z,2026-04-14T10:04:25+00:00,shortlist,shortlist,,snapshot,{},{},{},"{""available_cpu"": 11.75, ""available_memory_gb"": 0.25, ""available_object_store_gb"": 0.13, ""cluster_cpu"": 12.0, ""cluster_memory_gb"": 0.25, ""cluster_object_store_gb"": 0.13, ""used_cpu"": 0.25}","{""controller"": {""action"": ""hold"", ""available_cpu"": 11.75, ""checkpoint_pending_rows"": 7, ""completed"": 35, ""cpu_headroom_cores"": 6, ""cpu_utilization"": 0.021, ""enabled"": true, ""event_loop_lag_ms"": 0.0, ""hash_active_pages_cap"": 1, ""hash_live_active_pages"": 1, ""hash_pressure_ratio"": 0.0, ""healthy_streak"": 0, ""reason"": ""healthy_window"", ""stage0_inflight_cap"": 1, ""stage0_live_inflight"": 1, ""stage1_fetch_limit_cap"": 1, ""stage1_live_fetch_limit"": 1, ""stage1_pressure_ratio"": 0.333, ""target_cpu_utilization"": 0.82, ""timeout_ratio"": 0.0}, ""hash"": {""aux_queue_depth"": 0, ""backlog"": 0, ""browser_actors"": 0, ""finalize_queue_depth"": 0, ""pending"": 0, ""render_queue_depth"": 0, ""render_trace_rows"": 0}, ""matches"": 0, ""stage0"": {""hits"": 0, ""misses"": 64, ""remaining"": 167, ""skipped"": 0}, ""stage1"": {""backlog"": 27, ""enrich_actors"": 0, ""fetch_actors"": 1, ""pending"": 2, ""progress"": {""dns_gate_accepted"": 53, ""dns_gate_filtered"": 11, ""dns_hit_gate_accepted"": 0, ""dns_hit_gate_passthrough"": 0, ""escalated"": 0, ""failed"": 0, ""fallback_dns"": 0, ""fetched"": 0, ""head_only"": 0, ""timeout"": 0}}}"
run_20260414T100254Z,2026-04-14T10:04:30+00:00,shortlist,shortlist,,snapshot,{},{},{},"{""available_cpu"": 11.75, ""available_memory_gb"": 0.25, ""available_object_store_gb"": 0.13, ""cluster_cpu"": 12.0, ""cluster_memory_gb"": 0.25, ""cluster_object_store_gb"": 0.13, ""used_cpu"": 0.25}","{""controller"": {""action"": ""hold"", ""available_cpu"": 11.75, ""checkpoint_pending_rows"": 43, ""completed"": 40, ""cpu_headroom_cores"": 6, ""cpu_utilization"": 0.021, ""enabled"": true, ""event_loop_lag_ms"": 4.132, ""hash_active_pages_cap"": 1, ""hash_live_active_pages"": 1, ""hash_pressure_ratio"": 0.0, ""healthy_streak"": 0, ""reason"": ""healthy_window"", ""stage0_inflight_cap"": 1, ""stage0_live_inflight"": 1, ""stage1_fetch_limit_cap"": 1, ""stage1_live_fetch_limit"": 1, ""stage1_pressure_ratio"": 0.167, ""target_cpu_utilization"": 0.82, ""timeout_ratio"": 0.0}, ""hash"": {""aux_queue_depth"": 0, ""backlog"": 0, ""browser_actors"": 0, ""finalize_queue_depth"": 0, ""pending"": 0, ""render_queue_depth"": 0, ""render_trace_rows"": 0}, ""matches"": 0, ""stage0"": {""hits"": 0, ""misses"": 64, ""remaining"": 167, ""skipped"": 0}, ""stage1"": {""backlog"": 22, ""enrich_actors"": 0, ""fetch_actors"": 1, ""pending"": 2, ""progress"": {""dns_gate_accepted"": 53, ""dns_gate_filtered"": 11, ""dns_hit_gate_accepted"": 0, ""dns_hit_gate_passthrough"": 0, ""escalated"": 0, ""failed"": 0, ""fallback_dns"": 0, ""fetched"": 0, ""head_only"": 0, ""timeout"": 0}}}"
run_20260414T100254Z,2026-04-14T10:04:35+00:00,shortlist,shortlist,,snapshot,{},{},{},"{""available_cpu"": 11.75, ""available_memory_gb"": 0.25, ""available_object_store_gb"": 0.13, ""cluster_cpu"": 12.0, ""cluster_memory_gb"": 0.25, ""cluster_object_store_gb"": 0.13, ""used_cpu"": 0.25}","{""controller"": {""action"": ""hold"", ""available_cpu"": 11.75, ""checkpoint_pending_rows"": 23, ""completed"": 44, ""cpu_headroom_cores"": 6, ""cpu_utilization"": 0.021, ""enabled"": true, ""event_loop_lag_ms"": 22.384, ""hash_active_pages_cap"": 1, ""hash_live_active_pages"": 1, ""hash_pressure_ratio"": 0.0, ""healthy_streak"": 0, ""reason"": ""healthy_window"", ""stage0_inflight_cap"": 1, ""stage0_live_inflight"": 1, ""stage1_fetch_limit_cap"": 1, ""stage1_live_fetch_limit"": 1, ""stage1_pressure_ratio"": 0.167, ""target_cpu_utilization"": 0.82, ""timeout_ratio"": 0.0}, ""hash"": {""aux_queue_depth"": 0, ""backlog"": 0, ""browser_actors"": 0, ""finalize_queue_depth"": 0, ""pending"": 0, ""render_queue_depth"": 0, ""render_trace_rows"": 0}, ""matches"": 0, ""stage0"": {""hits"": 0, ""misses"": 64, ""remaining"": 167, ""skipped"": 0}, ""stage1"": {""backlog"": 18, ""enrich_actors"": 0, ""fetch_actors"": 1, ""pending"": 2, ""progress"": {""dns_gate_accepted"": 53, ""dns_gate_filtered"": 11, ""dns_hit_gate_accepted"": 0, ""dns_hit_gate_passthrough"": 0, ""escalated"": 0, ""failed"": 0, ""fallback_dns"": 0, ""fetched"": 0, ""head_only"": 0, ""timeout"": 0}}}"
run_20260414T100254Z,2026-04-14T10:04:40+00:00,shortlist,shortlist,,snapshot,{},{},{},"{""available_cpu"": 11.75, ""available_memory_gb"": 0.25, ""available_object_store_gb"": 0.13, ""cluster_cpu"": 12.0, ""cluster_memory_gb"": 0.25, ""cluster_object_store_gb"": 0.13, ""used_cpu"": 0.25}","{""controller"": {""action"": ""hold"", ""available_cpu"": 11.75, ""checkpoint_pending_rows"": 42, ""completed"": 47, ""cpu_headroom_cores"": 6, ""cpu_utilization"": 0.021, ""enabled"": true, ""event_loop_lag_ms"": 25.458, ""hash_active_pages_cap"": 1, ""hash_live_active_pages"": 1, ""hash_pressure_ratio"": 0.0, ""healthy_streak"": 0, ""reason"": ""healthy_window"", ""stage0_inflight_cap"": 1, ""stage0_live_inflight"": 1, ""stage1_fetch_limit_cap"": 1, ""stage1_live_fetch_limit"": 1, ""stage1_pressure_ratio"": 0.167, ""target_cpu_utilization"": 0.82, ""timeout_ratio"": 0.0}, ""hash"": {""aux_queue_depth"": 0, ""backlog"": 0, ""browser_actors"": 0, ""finalize_queue_depth"": 0, ""pending"": 0, ""render_queue_depth"": 0, ""render_trace_rows"": 0}, ""matches"": 0, ""stage0"": {""hits"": 0, ""misses"": 64, ""remaining"": 167, ""skipped"": 0}, ""stage1"": {""backlog"": 16, ""enrich_actors"": 0, ""fetch_actors"": 1, ""pending"": 1, ""progress"": {""dns_gate_accepted"": 53, ""dns_gate_filtered"": 11, ""dns_hit_gate_accepted"": 0, ""dns_hit_gate_passthrough"": 0, ""escalated"": 0, ""failed"": 0, ""fallback_dns"": 0, ""fetched"": 0, ""head_only"": 0, ""timeout"": 0}}}"
run_20260414T100254Z,2026-04-14T10:04:45+00:00,shortlist,shortlist,,snapshot,{},{},{},"{""available_cpu"": 11.75, ""available_memory_gb"": 0.25, ""available_object_store_gb"": 0.13, ""cluster_cpu"": 12.0, ""cluster_memory_gb"": 0.25, ""cluster_object_store_gb"": 0.13, ""used_cpu"": 0.25}","{""controller"": {""action"": ""hold"", ""available_cpu"": 11.75, ""checkpoint_pending_rows"": 1, ""completed"": 48, ""cpu_headroom_cores"": 6, ""cpu_utilization"": 0.021, ""enabled"": true, ""event_loop_lag_ms"": 24.338, ""hash_active_pages_cap"": 1, ""hash_live_active_pages"": 1, ""hash_pressure_ratio"": 0.0, ""healthy_streak"": 0, ""reason"": ""healthy_window"", ""stage0_inflight_cap"": 1, ""stage0_live_inflight"": 1, ""stage1_fetch_limit_cap"": 1, ""stage1_live_fetch_limit"": 1, ""stage1_pressure_ratio"": 0.333, ""target_cpu_utilization"": 0.82, ""timeout_ratio"": 0.0}, ""hash"": {""aux_queue_depth"": 0, ""backlog"": 0, ""browser_actors"": 0, ""finalize_queue_depth"": 0, ""pending"": 0, ""render_queue_depth"": 0, ""render_trace_rows"": 0}, ""matches"": 0, ""stage0"": {""hits"": 0, ""misses"": 64, ""remaining"": 167, ""skipped"": 0}, ""stage1"": {""backlog"": 15, ""enrich_actors"": 0, ""fetch_actors"": 1, ""pending"": 1, ""progress"": {""dns_gate_accepted"": 53, ""dns_gate_filtered"": 11, ""dns_hit_gate_accepted"": 0, ""dns_hit_gate_passthrough"": 0, ""escalated"": 0, ""failed"": 0, ""fallback_dns"": 0, ""fetched"": 0, ""head_only"": 0, ""timeout"": 0}}}"
run_20260414T100254Z,2026-04-14T10:04:50+00:00,shortlist,shortlist,,snapshot,{},{},{},"{""available_cpu"": 11.75, ""available_memory_gb"": 0.25, ""available_object_store_gb"": 0.13, ""cluster_cpu"": 12.0, ""cluster_memory_gb"": 0.25, ""cluster_object_store_gb"": 0.13, ""used_cpu"": 0.25}","{""controller"": {""action"": ""hold"", ""available_cpu"": 11.75, ""checkpoint_pending_rows"": 7, ""completed"": 48, ""cpu_headroom_cores"": 6, ""cpu_utilization"": 0.021, ""enabled"": true, ""event_loop_lag_ms"": 25.918, ""hash_active_pages_cap"": 1, ""hash_live_active_pages"": 1, ""hash_pressure_ratio"": 0.0, ""healthy_streak"": 0, ""reason"": ""healthy_window"", ""stage0_inflight_cap"": 1, ""stage0_live_inflight"": 1, ""stage1_fetch_limit_cap"": 1, ""stage1_live_fetch_limit"": 1, ""stage1_pressure_ratio"": 0.167, ""target_cpu_utilization"": 0.82, ""timeout_ratio"": 0.0}, ""hash"": {""aux_queue_depth"": 0, ""backlog"": 0, ""browser_actors"": 0, ""finalize_queue_depth"": 0, ""pending"": 0, ""render_queue_depth"": 0, ""render_trace_rows"": 0}, ""matches"": 0, ""stage0"": {""hits"": 0, ""misses"": 64, ""remaining"": 167, ""skipped"": 0}, ""stage1"": {""backlog"": 14, ""enrich_actors"": 0, ""fetch_actors"": 1, ""pending"": 2, ""progress"": {""dns_gate_accepted"": 53, ""dns_gate_filtered"": 11, ""dns_hit_gate_accepted"": 0, ""dns_hit_gate_passthrough"": 0, ""escalated"": 0, ""failed"": 0, ""fallback_dns"": 0, ""fetched"": 0, ""head_only"": 0, ""timeout"": 0}}}"
run_20260414T100254Z,2026-04-14T10:04:55+00:00,shortlist,shortlist,,snapshot,{},{},{},"{""available_cpu"": 11.75, ""available_memory_gb"": 0.25, ""available_object_store_gb"": 0.13, ""cluster_cpu"": 12.0, ""cluster_memory_gb"": 0.25, ""cluster_object_store_gb"": 0.13, ""used_cpu"": 0.25}","{""controller"": {""action"": ""hold"", ""available_cpu"": 11.75, ""checkpoint_pending_rows"": 36, ""completed"": 56, ""cpu_headroom_cores"": 6, ""cpu_utilization"": 0.021, ""enabled"": true, ""event_loop_lag_ms"": 16.11, ""hash_active_pages_cap"": 1, ""hash_live_active_pages"": 1, ""hash_pressure_ratio"": 0.0, ""healthy_streak"": 0, ""reason"": ""healthy_window"", ""stage0_inflight_cap"": 1, ""stage0_live_inflight"": 1, ""stage1_fetch_limit_cap"": 1, ""stage1_live_fetch_limit"": 1, ""stage1_pressure_ratio"": 0.333, ""target_cpu_utilization"": 0.82, ""timeout_ratio"": 0.0}, ""hash"": {""aux_queue_depth"": 0, ""backlog"": 0, ""browser_actors"": 0, ""finalize_queue_depth"": 0, ""pending"": 0, ""render_queue_depth"": 0, ""render_trace_rows"": 0}, ""matches"": 0, ""stage0"": {""hits"": 0, ""misses"": 64, ""remaining"": 167, ""skipped"": 0}, ""stage1"": {""backlog"": 6, ""enrich_actors"": 0, ""fetch_actors"": 1, ""pending"": 2, ""progress"": {""dns_gate_accepted"": 53, ""dns_gate_filtered"": 11, ""dns_hit_gate_accepted"": 0, ""dns_hit_gate_passthrough"": 0, ""escalated"": 0, ""failed"": 0, ""fallback_dns"": 0, ""fetched"": 0, ""head_only"": 0, ""timeout"": 0}}}"
run_20260414T100254Z,2026-04-14T10:05:00+00:00,shortlist,shortlist,,snapshot,{},{},{},"{""available_cpu"": 11.75, ""available_memory_gb"": 0.25, ""available_object_store_gb"": 0.13, ""cluster_cpu"": 12.0, ""cluster_memory_gb"": 0.25, ""cluster_object_store_gb"": 0.13, ""used_cpu"": 0.25}","{""controller"": {""action"": ""hold"", ""available_cpu"": 11.75, ""checkpoint_pending_rows"": 67, ""completed"": 61, ""cpu_headroom_cores"": 6, ""cpu_utilization"": 0.021, ""enabled"": true, ""event_loop_lag_ms"": 8.485, ""hash_active_pages_cap"": 1, ""hash_live_active_pages"": 1, ""hash_pressure_ratio"": 0.0, ""healthy_streak"": 0, ""reason"": ""healthy_window"", ""stage0_inflight_cap"": 1, ""stage0_live_inflight"": 1, ""stage1_fetch_limit_cap"": 1, ""stage1_live_fetch_limit"": 1, ""stage1_pressure_ratio"": 0.333, ""target_cpu_utilization"": 0.82, ""timeout_ratio"": 0.0}, ""hash"": {""aux_queue_depth"": 0, ""backlog"": 0, ""browser_actors"": 0, ""finalize_queue_depth"": 0, ""pending"": 0, ""render_queue_depth"": 0, ""render_trace_rows"": 0}, ""matches"": 0, ""stage0"": {""hits"": 0, ""misses"": 64, ""remaining"": 167, ""skipped"": 0}, ""stage1"": {""backlog"": 1, ""enrich_actors"": 0, ""fetch_actors"": 1, ""pending"": 2, ""progress"": {""dns_gate_accepted"": 53, ""dns_gate_filtered"": 11, ""dns_hit_gate_accepted"": 0, ""dns_hit_gate_passthrough"": 0, ""escalated"": 0, ""failed"": 0, ""fallback_dns"": 0, ""fetched"": 0, ""head_only"": 0, ""timeout"": 0}}}"
run_20260414T100254Z,2026-04-14T10:05:05+00:00,shortlist,shortlist,,snapshot,{},{},{},"{""available_cpu"": 10.75, ""available_memory_gb"": 0.25, ""available_object_store_gb"": 0.13, ""cluster_cpu"": 12.0, ""cluster_memory_gb"": 0.25, ""cluster_object_store_gb"": 0.13, ""used_cpu"": 1.25}","{""controller"": {""action"": ""hold"", ""available_cpu"": 10.75, ""checkpoint_pending_rows"": 17, ""completed"": 64, ""cpu_headroom_cores"": 6, ""cpu_utilization"": 0.104, ""enabled"": true, ""event_loop_lag_ms"": 23.986, ""hash_active_pages_cap"": 1, ""hash_live_active_pages"": 1, ""hash_pressure_ratio"": 0.0, ""healthy_streak"": 0, ""reason"": ""healthy_window"", ""stage0_inflight_cap"": 1, ""stage0_live_inflight"": 1, ""stage1_fetch_limit_cap"": 1, ""stage1_live_fetch_limit"": 1, ""stage1_pressure_ratio"": 0.0, ""target_cpu_utilization"": 0.82, ""timeout_ratio"": 0.0}, ""hash"": {""aux_queue_depth"": 0, ""backlog"": 0, ""browser_actors"": 0, ""finalize_queue_depth"": 0, ""pending"": 0, ""render_queue_depth"": 0, ""render_trace_rows"": 0}, ""matches"": 0, ""stage0"": {""hits"": 0, ""misses"": 64, ""remaining"": 103, ""skipped"": 0}, ""stage1"": {""backlog"": 0, ""enrich_actors"": 0, ""fetch_actors"": 1, ""pending"": 0, ""progress"": {""dns_gate_accepted"": 53, ""dns_gate_filtered"": 11, ""dns_hit_gate_accepted"": 0, ""dns_hit_gate_passthrough"": 0, ""escalated"": 0, ""failed"": 0, ""fallback_dns"": 0, ""fetched"": 0, ""head_only"": 0, ""timeout"": 0}}}"
run_20260414T100254Z,2026-04-14T10:05:10+00:00,shortlist,shortlist,,snapshot,{},{},{},"{""available_cpu"": 10.75, ""available_memory_gb"": 0.25, ""available_object_store_gb"": 0.13, ""cluster_cpu"": 12.0, ""cluster_memory_gb"": 0.25, ""cluster_object_store_gb"": 0.13, ""used_cpu"": 1.25}","{""controller"": {""action"": ""hold"", ""available_cpu"": 10.75, ""checkpoint_pending_rows"": 18, ""completed"": 64, ""cpu_headroom_cores"": 6, ""cpu_utilization"": 0.104, ""enabled"": true, ""event_loop_lag_ms"": 7.188, ""hash_active_pages_cap"": 1, ""hash_live_active_pages"": 1, ""hash_pressure_ratio"": 0.0, ""healthy_streak"": 0, ""reason"": ""healthy_window"", ""stage0_inflight_cap"": 1, ""stage0_live_inflight"": 1, ""stage1_fetch_limit_cap"": 1, ""stage1_live_fetch_limit"": 1, ""stage1_pressure_ratio"": 0.0, ""target_cpu_utilization"": 0.82, ""timeout_ratio"": 0.0}, ""hash"": {""aux_queue_depth"": 0, ""backlog"": 0, ""browser_actors"": 0, ""finalize_queue_depth"": 0, ""pending"": 0, ""render_queue_depth"": 0, ""render_trace_rows"": 0}, ""matches"": 0, ""stage0"": {""hits"": 0, ""misses"": 64, ""remaining"": 103, ""skipped"": 0}, ""stage1"": {""backlog"": 0, ""enrich_actors"": 0, ""fetch_actors"": 1, ""pending"": 0, ""progress"": {""dns_gate_accepted"": 53, ""dns_gate_filtered"": 11, ""dns_hit_gate_accepted"": 0, ""dns_hit_gate_passthrough"": 0, ""escalated"": 0, ""failed"": 0, ""fallback_dns"": 0, ""fetched"": 0, ""head_only"": 0, ""timeout"": 0}}}"
run_20260414T100254Z,2026-04-14T10:05:15+00:00,shortlist,shortlist,,snapshot,{},{},{},"{""available_cpu"": 11.75, ""available_memory_gb"": 0.25, ""available_object_store_gb"": 0.13, ""cluster_cpu"": 12.0, ""cluster_memory_gb"": 0.25, ""cluster_object_store_gb"": 0.13, ""used_cpu"": 0.25}","{""controller"": {""action"": ""hold"", ""available_cpu"": 11.75, ""checkpoint_pending_rows"": 257, ""completed"": 64, ""cpu_headroom_cores"": 6, ""cpu_utilization"": 0.021, ""enabled"": true, ""event_loop_lag_ms"": 1.158, ""hash_active_pages_cap"": 1, ""hash_live_active_pages"": 1, ""hash_pressure_ratio"": 0.0, ""healthy_streak"": 0, ""reason"": ""healthy_window"", ""stage0_inflight_cap"": 1, ""stage0_live_inflight"": 1, ""stage1_fetch_limit_cap"": 1, ""stage1_live_fetch_limit"": 1, ""stage1_pressure_ratio"": 0.0, ""target_cpu_utilization"": 0.82, ""timeout_ratio"": 0.0}, ""hash"": {""aux_queue_depth"": 0, ""backlog"": 0, ""browser_actors"": 0, ""finalize_queue_depth"": 0, ""pending"": 0, ""render_queue_depth"": 0, ""render_trace_rows"": 0}, ""matches"": 0, ""stage0"": {""hits"": 13, ""misses"": 115, ""remaining"": 103, ""skipped"": 0}, ""stage1"": {""backlog"": 0, ""enrich_actors"": 0, ""fetch_actors"": 1, ""pending"": 0, ""progress"": {""dns_gate_accepted"": 53, ""dns_gate_filtered"": 11, ""dns_hit_gate_accepted"": 0, ""dns_hit_gate_passthrough"": 0, ""escalated"": 0, ""failed"": 0, ""fallback_dns"": 0, ""fetched"": 0, ""head_only"": 0, ""timeout"": 0}}}"
run_20260414T100254Z,2026-04-14T10:05:20+00:00,shortlist,shortlist,,snapshot,{},{},{},"{""available_cpu"": 11.25, ""available_memory_gb"": 0.25, ""available_object_store_gb"": 0.13, ""cluster_cpu"": 12.0, ""cluster_memory_gb"": 0.25, ""cluster_object_store_gb"": 0.13, ""used_cpu"": 0.75}","{""controller"": {""action"": ""hold"", ""available_cpu"": 11.75, ""checkpoint_pending_rows"": 518, ""completed"": 87, ""cpu_headroom_cores"": 6, ""cpu_utilization"": 0.021, ""enabled"": true, ""event_loop_lag_ms"": 69.965, ""hash_active_pages_cap"": 1, ""hash_live_active_pages"": 1, ""hash_pressure_ratio"": 0.333, ""healthy_streak"": 0, ""reason"": ""healthy_window"", ""stage0_inflight_cap"": 1, ""stage0_live_inflight"": 1, ""stage1_fetch_limit_cap"": 1, ""stage1_live_fetch_limit"": 1, ""stage1_pressure_ratio"": 0.167, ""target_cpu_utilization"": 0.82, ""timeout_ratio"": 0.0}, ""hash"": {""aux_queue_depth"": 0, ""backlog"": 1, ""browser_actors"": 1, ""finalize_queue_depth"": 0, ""pending"": 1, ""render_queue_depth"": 2, ""render_trace_rows"": 0}, ""matches"": 0, ""stage0"": {""hits"": 13, ""misses"": 115, ""remaining"": 103, ""skipped"": 0}, ""stage1"": {""backlog"": 38, ""enrich_actors"": 0, ""fetch_actors"": 1, ""pending"": 1, ""progress"": {""dns_gate_accepted"": 92, ""dns_gate_filtered"": 23, ""dns_hit_gate_accepted"": 2, ""dns_hit_gate_passthrough"": 11, ""escalated"": 0, ""failed"": 0, ""fallback_dns"": 0, ""fetched"": 0, ""head_only"": 0, ""timeout"": 0}}}"
run_20260414T100254Z,2026-04-14T10:05:25+00:00,shortlist,shortlist,,snapshot,{},{},{},"{""available_cpu"": 11.25, ""available_memory_gb"": 0.25, ""available_object_store_gb"": 0.13, ""cluster_cpu"": 12.0, ""cluster_memory_gb"": 0.25, ""cluster_object_store_gb"": 0.13, ""used_cpu"": 0.75}","{""controller"": {""action"": ""hold"", ""available_cpu"": 11.25, ""checkpoint_pending_rows"": 18, ""completed"": 91, ""cpu_headroom_cores"": 6, ""cpu_utilization"": 0.062, ""enabled"": true, ""event_loop_lag_ms"": 7.425, ""hash_active_pages_cap"": 1, ""hash_live_active_pages"": 1, ""hash_pressure_ratio"": 0.333, ""healthy_streak"": 0, ""reason"": ""render_backlog"", ""stage0_inflight_cap"": 1, ""stage0_live_inflight"": 1, ""stage1_fetch_limit_cap"": 1, ""stage1_live_fetch_limit"": 1, ""stage1_pressure_ratio"": 0.333, ""target_cpu_utilization"": 0.82, ""timeout_ratio"": 0.0}, ""hash"": {""aux_queue_depth"": 0, ""backlog"": 1, ""browser_actors"": 1, ""finalize_queue_depth"": 0, ""pending"": 1, ""render_queue_depth"": 2, ""render_trace_rows"": 0}, ""matches"": 0, ""stage0"": {""hits"": 13, ""misses"": 115, ""remaining"": 103, ""skipped"": 0}, ""stage1"": {""backlog"": 34, ""enrich_actors"": 0, ""fetch_actors"": 1, ""pending"": 1, ""progress"": {""dns_gate_accepted"": 92, ""dns_gate_filtered"": 23, ""dns_hit_gate_accepted"": 2, ""dns_hit_gate_passthrough"": 11, ""escalated"": 0, ""failed"": 0, ""fallback_dns"": 0, ""fetched"": 0, ""head_only"": 0, ""timeout"": 0}}}"
run_20260414T100254Z,2026-04-14T10:05:30+00:00,shortlist,shortlist,,snapshot,{},{},{},"{""available_cpu"": 11.25, ""available_memory_gb"": 0.25, ""available_object_store_gb"": 0.13, ""cluster_cpu"": 12.0, ""cluster_memory_gb"": 0.25, ""cluster_object_store_gb"": 0.13, ""used_cpu"": 0.75}","{""controller"": {""action"": ""hold"", ""available_cpu"": 11.25, ""checkpoint_pending_rows"": 31, ""completed"": 93, ""cpu_headroom_cores"": 6, ""cpu_utilization"": 0.062, ""enabled"": true, ""event_loop_lag_ms"": 19.207, ""hash_active_pages_cap"": 1, ""hash_live_active_pages"": 1, ""hash_pressure_ratio"": 0.333, ""healthy_streak"": 0, ""reason"": ""render_backlog"", ""stage0_inflight_cap"": 1, ""stage0_live_inflight"": 1, ""stage1_fetch_limit_cap"": 1, ""stage1_live_fetch_limit"": 1, ""stage1_pressure_ratio"": 0.333, ""target_cpu_utilization"": 0.82, ""timeout_ratio"": 0.0}, ""hash"": {""aux_queue_depth"": 0, ""backlog"": 1, ""browser_actors"": 1, ""finalize_queue_depth"": 0, ""pending"": 1, ""render_queue_depth"": 2, ""render_trace_rows"": 0}, ""matches"": 0, ""stage0"": {""hits"": 13, ""misses"": 115, ""remaining"": 103, ""skipped"": 0}, ""stage1"": {""backlog"": 31, ""enrich_actors"": 0, ""fetch_actors"": 1, ""pending"": 2, ""progress"": {""dns_gate_accepted"": 92, ""dns_gate_filtered"": 23, ""dns_hit_gate_accepted"": 2, ""dns_hit_gate_passthrough"": 11, ""escalated"": 0, ""failed"": 0, ""fallback_dns"": 0, ""fetched"": 0, ""head_only"": 0, ""timeout"": 0}}}"
run_20260414T100254Z,2026-04-14T10:05:35+00:00,shortlist,shortlist,,snapshot,{},{},{},"{""available_cpu"": 11.25, ""available_memory_gb"": 0.25, ""available_object_store_gb"": 0.13, ""cluster_cpu"": 12.0, ""cluster_memory_gb"": 0.25, ""cluster_object_store_gb"": 0.13, ""used_cpu"": 0.75}","{""controller"": {""action"": ""hold"", ""available_cpu"": 11.25, ""checkpoint_pending_rows"": 20, ""completed"": 98, ""cpu_headroom_cores"": 6, ""cpu_utilization"": 0.062, ""enabled"": true, ""event_loop_lag_ms"": 15.46, ""hash_active_pages_cap"": 1, ""hash_live_active_pages"": 1, ""hash_pressure_ratio"": 0.333, ""healthy_streak"": 0, ""reason"": ""render_backlog"", ""stage0_inflight_cap"": 1, ""stage0_live_inflight"": 1, ""stage1_fetch_limit_cap"": 1, ""stage1_live_fetch_limit"": 1, ""stage1_pressure_ratio"": 0.333, ""target_cpu_utilization"": 0.82, ""timeout_ratio"": 0.0}, ""hash"": {""aux_queue_depth"": 0, ""backlog"": 1, ""browser_actors"": 1, ""finalize_queue_depth"": 0, ""pending"": 1, ""render_queue_depth"": 2, ""render_trace_rows"": 0}, ""matches"": 0, ""stage0"": {""hits"": 13, ""misses"": 115, ""remaining"": 103, ""skipped"": 0}, ""stage1"": {""backlog"": 27, ""enrich_actors"": 0, ""fetch_actors"": 1, ""pending"": 1, ""progress"": {""dns_gate_accepted"": 92, ""dns_gate_filtered"": 23, ""dns_hit_gate_accepted"": 2, ""dns_hit_gate_passthrough"": 11, ""escalated"": 0, ""failed"": 0, ""fallback_dns"": 0, ""fetched"": 0, ""head_only"": 0, ""timeout"": 0}}}"
run_20260414T100254Z,2026-04-14T10:05:40+00:00,shortlist,shortlist,,snapshot,{},{},{},"{""available_cpu"": 11.25, ""available_memory_gb"": 0.25, ""available_object_store_gb"": 0.13, ""cluster_cpu"": 12.0, ""cluster_memory_gb"": 0.25, ""cluster_object_store_gb"": 0.13, ""used_cpu"": 0.75}","{""controller"": {""action"": ""hold"", ""available_cpu"": 11.25, ""checkpoint_pending_rows"": 33, ""completed"": 100, ""cpu_headroom_cores"": 6, ""cpu_utilization"": 0.062, ""enabled"": true, ""event_loop_lag_ms"": 18.925, ""hash_active_pages_cap"": 1, ""hash_live_active_pages"": 1, ""hash_pressure_ratio"": 0.333, ""healthy_streak"": 0, ""reason"": ""render_backlog"", ""stage0_inflight_cap"": 1, ""stage0_live_inflight"": 1, ""stage1_fetch_limit_cap"": 1, ""stage1_live_fetch_limit"": 1, ""stage1_pressure_ratio"": 0.333, ""target_cpu_utilization"": 0.82, ""timeout_ratio"": 0.0}, ""hash"": {""aux_queue_depth"": 0, ""backlog"": 1, ""browser_actors"": 1, ""finalize_queue_depth"": 0, ""pending"": 1, ""render_queue_depth"": 2, ""render_trace_rows"": 0}, ""matches"": 0, ""stage0"": {""hits"": 13, ""misses"": 115, ""remaining"": 103, ""skipped"": 0}, ""stage1"": {""backlog"": 24, ""enrich_actors"": 0, ""fetch_actors"": 1, ""pending"": 2, ""progress"": {""dns_gate_accepted"": 92, ""dns_gate_filtered"": 23, ""dns_hit_gate_accepted"": 2, ""dns_hit_gate_passthrough"": 11, ""escalated"": 0, ""failed"": 0, ""fallback_dns"": 0, ""fetched"": 0, ""head_only"": 0, ""timeout"": 0}}}"
run_20260414T100254Z,2026-04-14T10:05:45+00:00,shortlist,shortlist,,snapshot,{},{},{},"{""available_cpu"": 11.25, ""available_memory_gb"": 0.25, ""available_object_store_gb"": 0.13, ""cluster_cpu"": 12.0, ""cluster_memory_gb"": 0.25, ""cluster_object_store_gb"": 0.13, ""used_cpu"": 0.75}","{""controller"": {""action"": ""hold"", ""available_cpu"": 11.25, ""checkpoint_pending_rows"": 18, ""completed"": 104, ""cpu_headroom_cores"": 6, ""cpu_utilization"": 0.062, ""enabled"": true, ""event_loop_lag_ms"": 26.429, ""hash_active_pages_cap"": 1, ""hash_live_active_pages"": 1, ""hash_pressure_ratio"": 0.333, ""healthy_streak"": 0, ""reason"": ""render_backlog"", ""stage0_inflight_cap"": 1, ""stage0_live_inflight"": 1, ""stage1_fetch_limit_cap"": 1, ""stage1_live_fetch_limit"": 1, ""stage1_pressure_ratio"": 0.333, ""target_cpu_utilization"": 0.82, ""timeout_ratio"": 0.0}, ""hash"": {""aux_queue_depth"": 0, ""backlog"": 1, ""browser_actors"": 1, ""finalize_queue_depth"": 0, ""pending"": 1, ""render_queue_depth"": 2, ""render_trace_rows"": 0}, ""matches"": 0, ""stage0"": {""hits"": 13, ""misses"": 115, ""remaining"": 103, ""skipped"": 0}, ""stage1"": {""backlog"": 20, ""enrich_actors"": 0, ""fetch_actors"": 1, ""pending"": 2, ""progress"": {""dns_gate_accepted"": 92, ""dns_gate_filtered"": 23, ""dns_hit_gate_accepted"": 2, ""dns_hit_gate_passthrough"": 11, ""escalated"": 0, ""failed"": 0, ""fallback_dns"": 0, ""fetched"": 0, ""head_only"": 0, ""timeout"": 0}}}"
run_20260414T100254Z,2026-04-14T10:05:50+00:00,shortlist,shortlist,,snapshot,{},{},{},"{""available_cpu"": 10.75, ""available_memory_gb"": 0.25, ""available_object_store_gb"": 0.13, ""cluster_cpu"": 12.0, ""cluster_memory_gb"": 0.25, ""cluster_object_store_gb"": 0.13, ""used_cpu"": 1.25}","{""controller"": {""action"": ""hold"", ""available_cpu"": 11.25, ""checkpoint_pending_rows"": 43, ""completed"": 108, ""cpu_headroom_cores"": 6, ""cpu_utilization"": 0.062, ""enabled"": true, ""event_loop_lag_ms"": 25.29, ""hash_active_pages_cap"": 1, ""hash_live_active_pages"": 1, ""hash_pressure_ratio"": 0.333, ""healthy_streak"": 0, ""reason"": ""render_backlog"", ""stage0_inflight_cap"": 1, ""stage0_live_inflight"": 1, ""stage1_fetch_limit_cap"": 1, ""stage1_live_fetch_limit"": 1, ""stage1_pressure_ratio"": 0.333, ""target_cpu_utilization"": 0.82, ""timeout_ratio"": 0.0}, ""hash"": {""aux_queue_depth"": 1, ""backlog"": 0, ""browser_actors"": 1, ""finalize_queue_depth"": 0, ""pending"": 2, ""render_queue_depth"": 1, ""render_trace_rows"": 0}, ""matches"": 0, ""stage0"": {""hits"": 13, ""misses"": 115, ""remaining"": 103, ""skipped"": 0}, ""stage1"": {""backlog"": 16, ""enrich_actors"": 0, ""fetch_actors"": 1, ""pending"": 2, ""progress"": {""dns_gate_accepted"": 92, ""dns_gate_filtered"": 23, ""dns_hit_gate_accepted"": 2, ""dns_hit_gate_passthrough"": 11, ""escalated"": 0, ""failed"": 0, ""fallback_dns"": 0, ""fetched"": 0, ""head_only"": 0, ""timeout"": 0}}}"
run_20260414T100254Z,2026-04-14T10:05:55+00:00,shortlist,shortlist,,snapshot,{},{},{},"{""available_cpu"": 11.25, ""available_memory_gb"": 0.25, ""available_object_store_gb"": 0.13, ""cluster_cpu"": 12.0, ""cluster_memory_gb"": 0.25, ""cluster_object_store_gb"": 0.13, ""used_cpu"": 0.75}","{""controller"": {""action"": ""hold"", ""available_cpu"": 11.25, ""checkpoint_pending_rows"": 7, ""completed"": 110, ""cpu_headroom_cores"": 6, ""cpu_utilization"": 0.062, ""enabled"": true, ""event_loop_lag_ms"": 13.508, ""hash_active_pages_cap"": 1, ""hash_live_active_pages"": 1, ""hash_pressure_ratio"": 0.333, ""healthy_streak"": 0, ""reason"": ""healthy_window"", ""stage0_inflight_cap"": 1, ""stage0_live_inflight"": 1, ""stage1_fetch_limit_cap"": 1, ""stage1_live_fetch_limit"": 1, ""stage1_pressure_ratio"": 0.167, ""target_cpu_utilization"": 0.82, ""timeout_ratio"": 0.0}, ""hash"": {""aux_queue_depth"": 0, ""backlog"": 0, ""browser_actors"": 1, ""finalize_queue_depth"": 0, ""pending"": 1, ""render_queue_depth"": 1, ""render_trace_rows"": 0}, ""matches"": 1, ""stage0"": {""hits"": 13, ""misses"": 115, ""remaining"": 103, ""skipped"": 0}, ""stage1"": {""backlog"": 16, ""enrich_actors"": 0, ""fetch_actors"": 1, ""pending"": 1, ""progress"": {""dns_gate_accepted"": 92, ""dns_gate_filtered"": 23, ""dns_hit_gate_accepted"": 2, ""dns_hit_gate_passthrough"": 11, ""escalated"": 0, ""failed"": 0, ""fallback_dns"": 0, ""fetched"": 0, ""head_only"": 0, ""timeout"": 0}}}"
run_20260414T100254Z,2026-04-14T10:06:00+00:00,shortlist,shortlist,,snapshot,{},{},{},"{""available_cpu"": 11.25, ""available_memory_gb"": 0.25, ""available_object_store_gb"": 0.13, ""cluster_cpu"": 12.0, ""cluster_memory_gb"": 0.25, ""cluster_object_store_gb"": 0.13, ""used_cpu"": 0.75}","{""controller"": {""action"": ""hold"", ""available_cpu"": 11.25, ""checkpoint_pending_rows"": 14, ""completed"": 111, ""cpu_headroom_cores"": 6, ""cpu_utilization"": 0.062, ""enabled"": true, ""event_loop_lag_ms"": 13.917, ""hash_active_pages_cap"": 1, ""hash_live_active_pages"": 1, ""hash_pressure_ratio"": 0.333, ""healthy_streak"": 0, ""reason"": ""healthy_window"", ""stage0_inflight_cap"": 1, ""stage0_live_inflight"": 1, ""stage1_fetch_limit_cap"": 1, ""stage1_live_fetch_limit"": 1, ""stage1_pressure_ratio"": 0.167, ""target_cpu_utilization"": 0.82, ""timeout_ratio"": 0.0}, ""hash"": {""aux_queue_depth"": 0, ""backlog"": 0, ""browser_actors"": 1, ""finalize_queue_depth"": 0, ""pending"": 1, ""render_queue_depth"": 1, ""render_trace_rows"": 0}, ""matches"": 1, ""stage0"": {""hits"": 13, ""misses"": 115, ""remaining"": 103, ""skipped"": 0}, ""stage1"": {""backlog"": 15, ""enrich_actors"": 0, ""fetch_actors"": 1, ""pending"": 1, ""progress"": {""dns_gate_accepted"": 92, ""dns_gate_filtered"": 23, ""dns_hit_gate_accepted"": 2, ""dns_hit_gate_passthrough"": 11, ""escalated"": 0, ""failed"": 0, ""fallback_dns"": 0, ""fetched"": 0, ""head_only"": 0, ""timeout"": 0}}}"
run_20260414T100254Z,2026-04-14T10:06:05+00:00,shortlist,shortlist,,snapshot,{},{},{},"{""available_cpu"": 11.25, ""available_memory_gb"": 0.25, ""available_object_store_gb"": 0.13, ""cluster_cpu"": 12.0, ""cluster_memory_gb"": 0.25, ""cluster_object_store_gb"": 0.13, ""used_cpu"": 0.75}","{""controller"": {""action"": ""hold"", ""available_cpu"": 11.25, ""checkpoint_pending_rows"": 0, ""completed"": 111, ""cpu_headroom_cores"": 6, ""cpu_utilization"": 0.062, ""enabled"": true, ""event_loop_lag_ms"": 25.775, ""hash_active_pages_cap"": 1, ""hash_live_active_pages"": 1, ""hash_pressure_ratio"": 0.333, ""healthy_streak"": 0, ""reason"": ""healthy_window"", ""stage0_inflight_cap"": 1, ""stage0_live_inflight"": 1, ""stage1_fetch_limit_cap"": 1, ""stage1_live_fetch_limit"": 1, ""stage1_pressure_ratio"": 0.167, ""target_cpu_utilization"": 0.82, ""timeout_ratio"": 0.0}, ""hash"": {""aux_queue_depth"": 0, ""backlog"": 0, ""browser_actors"": 1, ""finalize_queue_depth"": 0, ""pending"": 1, ""render_queue_depth"": 1, ""render_trace_rows"": 0}, ""matches"": 1, ""stage0"": {""hits"": 13, ""misses"": 115, ""remaining"": 103, ""skipped"": 0}, ""stage1"": {""backlog"": 15, ""enrich_actors"": 0, ""fetch_actors"": 1, ""pending"": 1, ""progress"": {""dns_gate_accepted"": 92, ""dns_gate_filtered"": 23, ""dns_hit_gate_accepted"": 2, ""dns_hit_gate_passthrough"": 11, ""escalated"": 0, ""failed"": 0, ""fallback_dns"": 0, ""fetched"": 0, ""head_only"": 0, ""timeout"": 0}}}"
run_20260414T100254Z,2026-04-14T10:06:10+00:00,shortlist,shortlist,,snapshot,{},{},{},"{""available_cpu"": 11.25, ""available_memory_gb"": 0.25, ""available_object_store_gb"": 0.13, ""cluster_cpu"": 12.0, ""cluster_memory_gb"": 0.25, ""cluster_object_store_gb"": 0.13, ""used_cpu"": 0.75}","{""controller"": {""action"": ""hold"", ""available_cpu"": 11.25, ""checkpoint_pending_rows"": 14, ""completed"": 115, ""cpu_headroom_cores"": 6, ""cpu_utilization"": 0.062, ""enabled"": true, ""event_loop_lag_ms"": 34.897, ""hash_active_pages_cap"": 1, ""hash_live_active_pages"": 1, ""hash_pressure_ratio"": 0.333, ""healthy_streak"": 0, ""reason"": ""healthy_window"", ""stage0_inflight_cap"": 1, ""stage0_live_inflight"": 1, ""stage1_fetch_limit_cap"": 1, ""stage1_live_fetch_limit"": 1, ""stage1_pressure_ratio"": 0.333, ""target_cpu_utilization"": 0.82, ""timeout_ratio"": 0.0}, ""hash"": {""aux_queue_depth"": 0, ""backlog"": 0, ""browser_actors"": 1, ""finalize_queue_depth"": 0, ""pending"": 1, ""render_queue_depth"": 1, ""render_trace_rows"": 0}, ""matches"": 1, ""stage0"": {""hits"": 13, ""misses"": 115, ""remaining"": 103, ""skipped"": 0}, ""stage1"": {""backlog"": 11, ""enrich_actors"": 0, ""fetch_actors"": 1, ""pending"": 1, ""progress"": {""dns_gate_accepted"": 92, ""dns_gate_filtered"": 23, ""dns_hit_gate_accepted"": 2, ""dns_hit_gate_passthrough"": 11, ""escalated"": 0, ""failed"": 0, ""fallback_dns"": 0, ""fetched"": 0, ""head_only"": 0, ""timeout"": 0}}}"
run_20260414T100254Z,2026-04-14T10:06:15+00:00,shortlist,shortlist,,snapshot,{},{},{},"{""available_cpu"": 11.25, ""available_memory_gb"": 0.25, ""available_object_store_gb"": 0.13, ""cluster_cpu"": 12.0, ""cluster_memory_gb"": 0.25, ""cluster_object_store_gb"": 0.13, ""used_cpu"": 0.75}","{""controller"": {""action"": ""hold"", ""available_cpu"": 11.25, ""checkpoint_pending_rows"": 18, ""completed"": 118, ""cpu_headroom_cores"": 6, ""cpu_utilization"": 0.062, ""enabled"": true, ""event_loop_lag_ms"": 21.642, ""hash_active_pages_cap"": 1, ""hash_live_active_pages"": 1, ""hash_pressure_ratio"": 0.333, ""healthy_streak"": 0, ""reason"": ""healthy_window"", ""stage0_inflight_cap"": 1, ""stage0_live_inflight"": 1, ""stage1_fetch_limit_cap"": 1, ""stage1_live_fetch_limit"": 1, ""stage1_pressure_ratio"": 0.167, ""target_cpu_utilization"": 0.82, ""timeout_ratio"": 0.0}, ""hash"": {""aux_queue_depth"": 0, ""backlog"": 0, ""browser_actors"": 1, ""finalize_queue_depth"": 0, ""pending"": 1, ""render_queue_depth"": 1, ""render_trace_rows"": 0}, ""matches"": 1, ""stage0"": {""hits"": 13, ""misses"": 115, ""remaining"": 103, ""skipped"": 0}, ""stage1"": {""backlog"": 7, ""enrich_actors"": 0, ""fetch_actors"": 1, ""pending"": 2, ""progress"": {""dns_gate_accepted"": 92, ""dns_gate_filtered"": 23, ""dns_hit_gate_accepted"": 2, ""dns_hit_gate_passthrough"": 11, ""escalated"": 0, ""failed"": 0, ""fallback_dns"": 0, ""fetched"": 0, ""head_only"": 0, ""timeout"": 0}}}"
run_20260414T100254Z,2026-04-14T10:06:20+00:00,shortlist,shortlist,,snapshot,{},{},{},"{""available_cpu"": 11.25, ""available_memory_gb"": 0.25, ""available_object_store_gb"": 0.13, ""cluster_cpu"": 12.0, ""cluster_memory_gb"": 0.25, ""cluster_object_store_gb"": 0.13, ""used_cpu"": 0.75}","{""controller"": {""action"": ""hold"", ""available_cpu"": 11.25, ""checkpoint_pending_rows"": 32, ""completed"": 122, ""cpu_headroom_cores"": 6, ""cpu_utilization"": 0.062, ""enabled"": true, ""event_loop_lag_ms"": 16.861, ""hash_active_pages_cap"": 1, ""hash_live_active_pages"": 1, ""hash_pressure_ratio"": 0.333, ""healthy_streak"": 0, ""reason"": ""healthy_window"", ""stage0_inflight_cap"": 1, ""stage0_live_inflight"": 1, ""stage1_fetch_limit_cap"": 1, ""stage1_live_fetch_limit"": 1, ""stage1_pressure_ratio"": 0.333, ""target_cpu_utilization"": 0.82, ""timeout_ratio"": 0.0}, ""hash"": {""aux_queue_depth"": 0, ""backlog"": 0, ""browser_actors"": 1, ""finalize_queue_depth"": 0, ""pending"": 0, ""render_queue_depth"": 0, ""render_trace_rows"": 0}, ""matches"": 2, ""stage0"": {""hits"": 13, ""misses"": 115, ""remaining"": 103, ""skipped"": 0}, ""stage1"": {""backlog"": 5, ""enrich_actors"": 0, ""fetch_actors"": 1, ""pending"": 1, ""progress"": {""dns_gate_accepted"": 92, ""dns_gate_filtered"": 23, ""dns_hit_gate_accepted"": 2, ""dns_hit_gate_passthrough"": 11, ""escalated"": 0, ""failed"": 0, ""fallback_dns"": 0, ""fetched"": 0, ""head_only"": 0, ""timeout"": 0}}}"
run_20260414T100254Z,2026-04-14T10:06:25+00:00,shortlist,shortlist,,snapshot,{},{},{},"{""available_cpu"": 11.25, ""available_memory_gb"": 0.25, ""available_object_store_gb"": 0.13, ""cluster_cpu"": 12.0, ""cluster_memory_gb"": 0.25, ""cluster_object_store_gb"": 0.13, ""used_cpu"": 0.75}","{""controller"": {""action"": ""hold"", ""available_cpu"": 11.25, ""checkpoint_pending_rows"": 0, ""completed"": 122, ""cpu_headroom_cores"": 6, ""cpu_utilization"": 0.062, ""enabled"": true, ""event_loop_lag_ms"": 7.408, ""hash_active_pages_cap"": 1, ""hash_live_active_pages"": 1, ""hash_pressure_ratio"": 0.0, ""healthy_streak"": 0, ""reason"": ""healthy_window"", ""stage0_inflight_cap"": 1, ""stage0_live_inflight"": 1, ""stage1_fetch_limit_cap"": 1, ""stage1_live_fetch_limit"": 1, ""stage1_pressure_ratio"": 0.167, ""target_cpu_utilization"": 0.82, ""timeout_ratio"": 0.0}, ""hash"": {""aux_queue_depth"": 0, ""backlog"": 0, ""browser_actors"": 1, ""finalize_queue_depth"": 0, ""pending"": 0, ""render_queue_depth"": 0, ""render_trace_rows"": 0}, ""matches"": 2, ""stage0"": {""hits"": 13, ""misses"": 115, ""remaining"": 103, ""skipped"": 0}, ""stage1"": {""backlog"": 4, ""enrich_actors"": 0, ""fetch_actors"": 1, ""pending"": 2, ""progress"": {""dns_gate_accepted"": 92, ""dns_gate_filtered"": 23, ""dns_hit_gate_accepted"": 2, ""dns_hit_gate_passthrough"": 11, ""escalated"": 0, ""failed"": 0, ""fallback_dns"": 0, ""fetched"": 0, ""head_only"": 0, ""timeout"": 0}}}"
run_20260414T100254Z,2026-04-14T10:06:30+00:00,shortlist,shortlist,,snapshot,{},{},{},"{""available_cpu"": 11.25, ""available_memory_gb"": 0.25, ""available_object_store_gb"": 0.13, ""cluster_cpu"": 12.0, ""cluster_memory_gb"": 0.25, ""cluster_object_store_gb"": 0.13, ""used_cpu"": 0.75}","{""controller"": {""action"": ""hold"", ""available_cpu"": 11.25, ""checkpoint_pending_rows"": 294, ""completed"": 128, ""cpu_headroom_cores"": 6, ""cpu_utilization"": 0.062, ""enabled"": true, ""event_loop_lag_ms"": 1.928, ""hash_active_pages_cap"": 1, ""hash_live_active_pages"": 1, ""hash_pressure_ratio"": 0.0, ""healthy_streak"": 0, ""reason"": ""healthy_window"", ""stage0_inflight_cap"": 1, ""stage0_live_inflight"": 1, ""stage1_fetch_limit_cap"": 1, ""stage1_live_fetch_limit"": 1, ""stage1_pressure_ratio"": 0.0, ""target_cpu_utilization"": 0.82, ""timeout_ratio"": 0.0}, ""hash"": {""aux_queue_depth"": 0, ""backlog"": 0, ""browser_actors"": 1, ""finalize_queue_depth"": 0, ""pending"": 0, ""render_queue_depth"": 0, ""render_trace_rows"": 0}, ""matches"": 2, ""stage0"": {""hits"": 13, ""misses"": 179, ""remaining"": 39, ""skipped"": 0}, ""stage1"": {""backlog"": 0, ""enrich_actors"": 0, ""fetch_actors"": 1, ""pending"": 0, ""progress"": {""dns_gate_accepted"": 92, ""dns_gate_filtered"": 23, ""dns_hit_gate_accepted"": 2, ""dns_hit_gate_passthrough"": 11, ""escalated"": 0, ""failed"": 0, ""fallback_dns"": 0, ""fetched"": 0, ""head_only"": 0, ""timeout"": 0}}}"
run_20260414T100254Z,2026-04-14T10:06:35+00:00,shortlist,shortlist,,snapshot,{},{},{},"{""available_cpu"": 11.25, ""available_memory_gb"": 0.25, ""available_object_store_gb"": 0.13, ""cluster_cpu"": 12.0, ""cluster_memory_gb"": 0.25, ""cluster_object_store_gb"": 0.13, ""used_cpu"": 0.75}","{""controller"": {""action"": ""hold"", ""available_cpu"": 11.25, ""checkpoint_pending_rows"": 257, ""completed"": 138, ""cpu_headroom_cores"": 6, ""cpu_utilization"": 0.062, ""enabled"": true, ""event_loop_lag_ms"": 20.036, ""hash_active_pages_cap"": 1, ""hash_live_active_pages"": 1, ""hash_pressure_ratio"": 0.0, ""healthy_streak"": 0, ""reason"": ""healthy_window"", ""stage0_inflight_cap"": 1, ""stage0_live_inflight"": 1, ""stage1_fetch_limit_cap"": 1, ""stage1_live_fetch_limit"": 1, ""stage1_pressure_ratio"": 0.333, ""target_cpu_utilization"": 0.82, ""timeout_ratio"": 0.0}, ""hash"": {""aux_queue_depth"": 0, ""backlog"": 0, ""browser_actors"": 1, ""finalize_queue_depth"": 0, ""pending"": 0, ""render_queue_depth"": 0, ""render_trace_rows"": 0}, ""matches"": 2, ""stage0"": {""hits"": 13, ""misses"": 179, ""remaining"": 39, ""skipped"": 0}, ""stage1"": {""backlog"": 52, ""enrich_actors"": 0, ""fetch_actors"": 1, ""pending"": 2, ""progress"": {""dns_gate_accepted"": 146, ""dns_gate_filtered"": 33, ""dns_hit_gate_accepted"": 2, ""dns_hit_gate_passthrough"": 11, ""escalated"": 0, ""failed"": 0, ""fallback_dns"": 0, ""fetched"": 0, ""head_only"": 0, ""timeout"": 0}}}"
run_20260414T100254Z,2026-04-14T10:06:41+00:00,shortlist,shortlist,,snapshot,{},{},{},"{""available_cpu"": 11.25, ""available_memory_gb"": 0.25, ""available_object_store_gb"": 0.13, ""cluster_cpu"": 12.0, ""cluster_memory_gb"": 0.25, ""cluster_object_store_gb"": 0.13, ""used_cpu"": 0.75}","{""controller"": {""action"": ""hold"", ""available_cpu"": 11.25, ""checkpoint_pending_rows"": 275, ""completed"": 141, ""cpu_headroom_cores"": 6, ""cpu_utilization"": 0.062, ""enabled"": true, ""event_loop_lag_ms"": 19.489, ""hash_active_pages_cap"": 1, ""hash_live_active_pages"": 1, ""hash_pressure_ratio"": 0.0, ""healthy_streak"": 0, ""reason"": ""healthy_window"", ""stage0_inflight_cap"": 1, ""stage0_live_inflight"": 1, ""stage1_fetch_limit_cap"": 1, ""stage1_live_fetch_limit"": 1, ""stage1_pressure_ratio"": 0.167, ""target_cpu_utilization"": 0.82, ""timeout_ratio"": 0.0}, ""hash"": {""aux_queue_depth"": 0, ""backlog"": 0, ""browser_actors"": 1, ""finalize_queue_depth"": 0, ""pending"": 0, ""render_queue_depth"": 0, ""render_trace_rows"": 0}, ""matches"": 2, ""stage0"": {""hits"": 13, ""misses"": 179, ""remaining"": 39, ""skipped"": 0}, ""stage1"": {""backlog"": 50, ""enrich_actors"": 0, ""fetch_actors"": 1, ""pending"": 1, ""progress"": {""dns_gate_accepted"": 146, ""dns_gate_filtered"": 33, ""dns_hit_gate_accepted"": 2, ""dns_hit_gate_passthrough"": 11, ""escalated"": 0, ""failed"": 0, ""fallback_dns"": 0, ""fetched"": 0, ""head_only"": 0, ""timeout"": 0}}}"
run_20260414T100254Z,2026-04-14T10:06:46+00:00,shortlist,shortlist,,snapshot,{},{},{},"{""available_cpu"": 11.25, ""available_memory_gb"": 0.25, ""available_object_store_gb"": 0.13, ""cluster_cpu"": 12.0, ""cluster_memory_gb"": 0.25, ""cluster_object_store_gb"": 0.13, ""used_cpu"": 0.75}","{""controller"": {""action"": ""hold"", ""available_cpu"": 11.25, ""checkpoint_pending_rows"": 13, ""completed"": 143, ""cpu_headroom_cores"": 6, ""cpu_utilization"": 0.062, ""enabled"": true, ""event_loop_lag_ms"": 16.588, ""hash_active_pages_cap"": 1, ""hash_live_active_pages"": 1, ""hash_pressure_ratio"": 0.0, ""healthy_streak"": 0, ""reason"": ""healthy_window"", ""stage0_inflight_cap"": 1, ""stage0_live_inflight"": 1, ""stage1_fetch_limit_cap"": 1, ""stage1_live_fetch_limit"": 1, ""stage1_pressure_ratio"": 0.333, ""target_cpu_utilization"": 0.82, ""timeout_ratio"": 0.0}, ""hash"": {""aux_queue_depth"": 0, ""backlog"": 0, ""browser_actors"": 1, ""finalize_queue_depth"": 0, ""pending"": 0, ""render_queue_depth"": 0, ""render_trace_rows"": 0}, ""matches"": 2, ""stage0"": {""hits"": 13, ""misses"": 179, ""remaining"": 39, ""skipped"": 0}, ""stage1"": {""backlog"": 47, ""enrich_actors"": 0, ""fetch_actors"": 1, ""pending"": 2, ""progress"": {""dns_gate_accepted"": 146, ""dns_gate_filtered"": 33, ""dns_hit_gate_accepted"": 2, ""dns_hit_gate_passthrough"": 11, ""escalated"": 0, ""failed"": 0, ""fallback_dns"": 0, ""fetched"": 0, ""head_only"": 0, ""timeout"": 0}}}"
run_20260414T100254Z,2026-04-14T10:06:51+00:00,shortlist,shortlist,,snapshot,{},{},{},"{""available_cpu"": 11.25, ""available_memory_gb"": 0.25, ""available_object_store_gb"": 0.13, ""cluster_cpu"": 12.0, ""cluster_memory_gb"": 0.25, ""cluster_object_store_gb"": 0.13, ""used_cpu"": 0.75}","{""controller"": {""action"": ""hold"", ""available_cpu"": 11.25, ""checkpoint_pending_rows"": 32, ""completed"": 147, ""cpu_headroom_cores"": 6, ""cpu_utilization"": 0.062, ""enabled"": true, ""event_loop_lag_ms"": 27.657, ""hash_active_pages_cap"": 1, ""hash_live_active_pages"": 1, ""hash_pressure_ratio"": 0.0, ""healthy_streak"": 0, ""reason"": ""healthy_window"", ""stage0_inflight_cap"": 1, ""stage0_live_inflight"": 1, ""stage1_fetch_limit_cap"": 1, ""stage1_live_fetch_limit"": 1, ""stage1_pressure_ratio"": 0.333, ""target_cpu_utilization"": 0.82, ""timeout_ratio"": 0.0}, ""hash"": {""aux_queue_depth"": 0, ""backlog"": 0, ""browser_actors"": 1, ""finalize_queue_depth"": 0, ""pending"": 0, ""render_queue_depth"": 0, ""render_trace_rows"": 0}, ""matches"": 2, ""stage0"": {""hits"": 13, ""misses"": 179, ""remaining"": 39, ""skipped"": 0}, ""stage1"": {""backlog"": 43, ""enrich_actors"": 0, ""fetch_actors"": 1, ""pending"": 2, ""progress"": {""dns_gate_accepted"": 146, ""dns_gate_filtered"": 33, ""dns_hit_gate_accepted"": 2, ""dns_hit_gate_passthrough"": 11, ""escalated"": 0, ""failed"": 0, ""fallback_dns"": 0, ""fetched"": 0, ""head_only"": 0, ""timeout"": 0}}}"
run_20260414T100254Z,2026-04-14T10:06:56+00:00,shortlist,shortlist,,snapshot,{},{},{},"{""available_cpu"": 11.25, ""available_memory_gb"": 0.25, ""available_object_store_gb"": 0.13, ""cluster_cpu"": 12.0, ""cluster_memory_gb"": 0.25, ""cluster_object_store_gb"": 0.13, ""used_cpu"": 0.75}","{""controller"": {""action"": ""hold"", ""available_cpu"": 11.25, ""checkpoint_pending_rows"": 18, ""completed"": 151, ""cpu_headroom_cores"": 6, ""cpu_utilization"": 0.062, ""enabled"": true, ""event_loop_lag_ms"": 0.0, ""hash_active_pages_cap"": 1, ""hash_live_active_pages"": 1, ""hash_pressure_ratio"": 0.0, ""healthy_streak"": 0, ""reason"": ""healthy_window"", ""stage0_inflight_cap"": 1, ""stage0_live_inflight"": 1, ""stage1_fetch_limit_cap"": 1, ""stage1_live_fetch_limit"": 1, ""stage1_pressure_ratio"": 0.167, ""target_cpu_utilization"": 0.82, ""timeout_ratio"": 0.0}, ""hash"": {""aux_queue_depth"": 0, ""backlog"": 0, ""browser_actors"": 1, ""finalize_queue_depth"": 0, ""pending"": 0, ""render_queue_depth"": 0, ""render_trace_rows"": 0}, ""matches"": 2, ""stage0"": {""hits"": 13, ""misses"": 179, ""remaining"": 39, ""skipped"": 0}, ""stage1"": {""backlog"": 40, ""enrich_actors"": 0, ""fetch_actors"": 1, ""pending"": 1, ""progress"": {""dns_gate_accepted"": 146, ""dns_gate_filtered"": 33, ""dns_hit_gate_accepted"": 2, ""dns_hit_gate_passthrough"": 11, ""escalated"": 0, ""failed"": 0, ""fallback_dns"": 0, ""fetched"": 0, ""head_only"": 0, ""timeout"": 0}}}"
run_20260414T100254Z,2026-04-14T10:07:01+00:00,shortlist,shortlist,,snapshot,{},{},{},"{""available_cpu"": 11.25, ""available_memory_gb"": 0.25, ""available_object_store_gb"": 0.13, ""cluster_cpu"": 12.0, ""cluster_memory_gb"": 0.25, ""cluster_object_store_gb"": 0.13, ""used_cpu"": 0.75}","{""controller"": {""action"": ""hold"", ""available_cpu"": 11.25, ""checkpoint_pending_rows"": 38, ""completed"": 157, ""cpu_headroom_cores"": 6, ""cpu_utilization"": 0.062, ""enabled"": true, ""event_loop_lag_ms"": 6.554, ""hash_active_pages_cap"": 1, ""hash_live_active_pages"": 1, ""hash_pressure_ratio"": 0.0, ""healthy_streak"": 0, ""reason"": ""healthy_window"", ""stage0_inflight_cap"": 1, ""stage0_live_inflight"": 1, ""stage1_fetch_limit_cap"": 1, ""stage1_live_fetch_limit"": 1, ""stage1_pressure_ratio"": 0.333, ""target_cpu_utilization"": 0.82, ""timeout_ratio"": 0.0}, ""hash"": {""aux_queue_depth"": 0, ""backlog"": 0, ""browser_actors"": 1, ""finalize_queue_depth"": 0, ""pending"": 0, ""render_queue_depth"": 0, ""render_trace_rows"": 0}, ""matches"": 2, ""stage0"": {""hits"": 13, ""misses"": 179, ""remaining"": 39, ""skipped"": 0}, ""stage1"": {""backlog"": 34, ""enrich_actors"": 0, ""fetch_actors"": 1, ""pending"": 0, ""progress"": {""dns_gate_accepted"": 146, ""dns_gate_filtered"": 33, ""dns_hit_gate_accepted"": 2, ""dns_hit_gate_passthrough"": 11, ""escalated"": 0, ""failed"": 0, ""fallback_dns"": 0, ""fetched"": 0, ""head_only"": 0, ""timeout"": 0}}}"
run_20260414T100254Z,2026-04-14T10:07:06+00:00,shortlist,shortlist,,snapshot,{},{},{},"{""available_cpu"": 11.25, ""available_memory_gb"": 0.25, ""available_object_store_gb"": 0.13, ""cluster_cpu"": 12.0, ""cluster_memory_gb"": 0.25, ""cluster_object_store_gb"": 0.13, ""used_cpu"": 0.75}","{""controller"": {""action"": ""hold"", ""available_cpu"": 11.25, ""checkpoint_pending_rows"": 24, ""completed"": 164, ""cpu_headroom_cores"": 6, ""cpu_utilization"": 0.062, ""enabled"": true, ""event_loop_lag_ms"": 23.075, ""hash_active_pages_cap"": 1, ""hash_live_active_pages"": 1, ""hash_pressure_ratio"": 0.0, ""healthy_streak"": 0, ""reason"": ""healthy_window"", ""stage0_inflight_cap"": 1, ""stage0_live_inflight"": 1, ""stage1_fetch_limit_cap"": 1, ""stage1_live_fetch_limit"": 1, ""stage1_pressure_ratio"": 0.333, ""target_cpu_utilization"": 0.82, ""timeout_ratio"": 0.0}, ""hash"": {""aux_queue_depth"": 0, ""backlog"": 0, ""browser_actors"": 1, ""finalize_queue_depth"": 0, ""pending"": 0, ""render_queue_depth"": 0, ""render_trace_rows"": 0}, ""matches"": 2, ""stage0"": {""hits"": 13, ""misses"": 179, ""remaining"": 39, ""skipped"": 0}, ""stage1"": {""backlog"": 27, ""enrich_actors"": 0, ""fetch_actors"": 1, ""pending"": 1, ""progress"": {""dns_gate_accepted"": 146, ""dns_gate_filtered"": 33, ""dns_hit_gate_accepted"": 2, ""dns_hit_gate_passthrough"": 11, ""escalated"": 0, ""failed"": 0, ""fallback_dns"": 0, ""fetched"": 0, ""head_only"": 0, ""timeout"": 0}}}"
run_20260414T100254Z,2026-04-14T10:07:11+00:00,shortlist,shortlist,,snapshot,{},{},{},"{""available_cpu"": 11.25, ""available_memory_gb"": 0.25, ""available_object_store_gb"": 0.13, ""cluster_cpu"": 12.0, ""cluster_memory_gb"": 0.25, ""cluster_object_store_gb"": 0.13, ""used_cpu"": 0.75}","{""controller"": {""action"": ""hold"", ""available_cpu"": 11.25, ""checkpoint_pending_rows"": 30, ""completed"": 164, ""cpu_headroom_cores"": 6, ""cpu_utilization"": 0.062, ""enabled"": true, ""event_loop_lag_ms"": 22.992, ""hash_active_pages_cap"": 1, ""hash_live_active_pages"": 1, ""hash_pressure_ratio"": 0.0, ""healthy_streak"": 0, ""reason"": ""healthy_window"", ""stage0_inflight_cap"": 1, ""stage0_live_inflight"": 1, ""stage1_fetch_limit_cap"": 1, ""stage1_live_fetch_limit"": 1, ""stage1_pressure_ratio"": 0.167, ""target_cpu_utilization"": 0.82, ""timeout_ratio"": 0.0}, ""hash"": {""aux_queue_depth"": 0, ""backlog"": 0, ""browser_actors"": 1, ""finalize_queue_depth"": 0, ""pending"": 0, ""render_queue_depth"": 0, ""render_trace_rows"": 0}, ""matches"": 2, ""stage0"": {""hits"": 13, ""misses"": 179, ""remaining"": 39, ""skipped"": 0}, ""stage1"": {""backlog"": 27, ""enrich_actors"": 0, ""fetch_actors"": 1, ""pending"": 1, ""progress"": {""dns_gate_accepted"": 146, ""dns_gate_filtered"": 33, ""dns_hit_gate_accepted"": 2, ""dns_hit_gate_passthrough"": 11, ""escalated"": 0, ""failed"": 0, ""fallback_dns"": 0, ""fetched"": 0, ""head_only"": 0, ""timeout"": 0}}}"
run_20260414T100254Z,2026-04-14T10:07:16+00:00,shortlist,shortlist,,snapshot,{},{},{},"{""available_cpu"": 11.25, ""available_memory_gb"": 0.25, ""available_object_store_gb"": 0.13, ""cluster_cpu"": 12.0, ""cluster_memory_gb"": 0.25, ""cluster_object_store_gb"": 0.13, ""used_cpu"": 0.75}","{""controller"": {""action"": ""hold"", ""available_cpu"": 11.25, ""checkpoint_pending_rows"": 29, ""completed"": 169, ""cpu_headroom_cores"": 6, ""cpu_utilization"": 0.062, ""enabled"": true, ""event_loop_lag_ms"": 20.869, ""hash_active_pages_cap"": 1, ""hash_live_active_pages"": 1, ""hash_pressure_ratio"": 0.0, ""healthy_streak"": 0, ""reason"": ""healthy_window"", ""stage0_inflight_cap"": 1, ""stage0_live_inflight"": 1, ""stage1_fetch_limit_cap"": 1, ""stage1_live_fetch_limit"": 1, ""stage1_pressure_ratio"": 0.167, ""target_cpu_utilization"": 0.82, ""timeout_ratio"": 0.0}, ""hash"": {""aux_queue_depth"": 0, ""backlog"": 0, ""browser_actors"": 1, ""finalize_queue_depth"": 0, ""pending"": 0, ""render_queue_depth"": 0, ""render_trace_rows"": 0}, ""matches"": 2, ""stage0"": {""hits"": 13, ""misses"": 179, ""remaining"": 39, ""skipped"": 0}, ""stage1"": {""backlog"": 22, ""enrich_actors"": 0, ""fetch_actors"": 1, ""pending"": 1, ""progress"": {""dns_gate_accepted"": 146, ""dns_gate_filtered"": 33, ""dns_hit_gate_accepted"": 2, ""dns_hit_gate_passthrough"": 11, ""escalated"": 0, ""failed"": 0, ""fallback_dns"": 0, ""fetched"": 0, ""head_only"": 0, ""timeout"": 0}}}"
run_20260414T100254Z,2026-04-14T10:07:21+00:00,shortlist,shortlist,,snapshot,{},{},{},"{""available_cpu"": 11.25, ""available_memory_gb"": 0.25, ""available_object_store_gb"": 0.13, ""cluster_cpu"": 12.0, ""cluster_memory_gb"": 0.25, ""cluster_object_store_gb"": 0.13, ""used_cpu"": 0.75}","{""controller"": {""action"": ""hold"", ""available_cpu"": 11.25, ""checkpoint_pending_rows"": 49, ""completed"": 173, ""cpu_headroom_cores"": 6, ""cpu_utilization"": 0.062, ""enabled"": true, ""event_loop_lag_ms"": 20.036, ""hash_active_pages_cap"": 1, ""hash_live_active_pages"": 1, ""hash_pressure_ratio"": 0.0, ""healthy_streak"": 0, ""reason"": ""healthy_window"", ""stage0_inflight_cap"": 1, ""stage0_live_inflight"": 1, ""stage1_fetch_limit_cap"": 1, ""stage1_live_fetch_limit"": 1, ""stage1_pressure_ratio"": 0.333, ""target_cpu_utilization"": 0.82, ""timeout_ratio"": 0.0}, ""hash"": {""aux_queue_depth"": 0, ""backlog"": 0, ""browser_actors"": 1, ""finalize_queue_depth"": 0, ""pending"": 0, ""render_queue_depth"": 0, ""render_trace_rows"": 0}, ""matches"": 2, ""stage0"": {""hits"": 13, ""misses"": 179, ""remaining"": 39, ""skipped"": 0}, ""stage1"": {""backlog"": 17, ""enrich_actors"": 0, ""fetch_actors"": 1, ""pending"": 2, ""progress"": {""dns_gate_accepted"": 146, ""dns_gate_filtered"": 33, ""dns_hit_gate_accepted"": 2, ""dns_hit_gate_passthrough"": 11, ""escalated"": 0, ""failed"": 0, ""fallback_dns"": 0, ""fetched"": 0, ""head_only"": 0, ""timeout"": 0}}}"
run_20260414T100254Z,2026-04-14T10:07:26+00:00,shortlist,shortlist,,snapshot,{},{},{},"{""available_cpu"": 11.25, ""available_memory_gb"": 0.25, ""available_object_store_gb"": 0.13, ""cluster_cpu"": 12.0, ""cluster_memory_gb"": 0.25, ""cluster_object_store_gb"": 0.13, ""used_cpu"": 0.75}","{""controller"": {""action"": ""hold"", ""available_cpu"": 11.25, ""checkpoint_pending_rows"": 24, ""completed"": 178, ""cpu_headroom_cores"": 6, ""cpu_utilization"": 0.062, ""enabled"": true, ""event_loop_lag_ms"": 16.86, ""hash_active_pages_cap"": 1, ""hash_live_active_pages"": 1, ""hash_pressure_ratio"": 0.0, ""healthy_streak"": 0, ""reason"": ""healthy_window"", ""stage0_inflight_cap"": 1, ""stage0_live_inflight"": 1, ""stage1_fetch_limit_cap"": 1, ""stage1_live_fetch_limit"": 1, ""stage1_pressure_ratio"": 0.167, ""target_cpu_utilization"": 0.82, ""timeout_ratio"": 0.0}, ""hash"": {""aux_queue_depth"": 0, ""backlog"": 0, ""browser_actors"": 1, ""finalize_queue_depth"": 0, ""pending"": 0, ""render_queue_depth"": 0, ""render_trace_rows"": 0}, ""matches"": 2, ""stage0"": {""hits"": 13, ""misses"": 179, ""remaining"": 39, ""skipped"": 0}, ""stage1"": {""backlog"": 13, ""enrich_actors"": 0, ""fetch_actors"": 1, ""pending"": 1, ""progress"": {""dns_gate_accepted"": 146, ""dns_gate_filtered"": 33, ""dns_hit_gate_accepted"": 2, ""dns_hit_gate_passthrough"": 11, ""escalated"": 0, ""failed"": 0, ""fallback_dns"": 0, ""fetched"": 0, ""head_only"": 0, ""timeout"": 0}}}"
run_20260414T100254Z,2026-04-14T10:07:31+00:00,shortlist,shortlist,,snapshot,{},{},{},"{""available_cpu"": 11.25, ""available_memory_gb"": 0.25, ""available_object_store_gb"": 0.13, ""cluster_cpu"": 12.0, ""cluster_memory_gb"": 0.25, ""cluster_object_store_gb"": 0.13, ""used_cpu"": 0.75}","{""controller"": {""action"": ""hold"", ""available_cpu"": 11.25, ""checkpoint_pending_rows"": 44, ""completed"": 183, ""cpu_headroom_cores"": 6, ""cpu_utilization"": 0.062, ""enabled"": true, ""event_loop_lag_ms"": 6.213, ""hash_active_pages_cap"": 1, ""hash_live_active_pages"": 1, ""hash_pressure_ratio"": 0.0, ""healthy_streak"": 0, ""reason"": ""healthy_window"", ""stage0_inflight_cap"": 1, ""stage0_live_inflight"": 1, ""stage1_fetch_limit_cap"": 1, ""stage1_live_fetch_limit"": 1, ""stage1_pressure_ratio"": 0.333, ""target_cpu_utilization"": 0.82, ""timeout_ratio"": 0.0}, ""hash"": {""aux_queue_depth"": 0, ""backlog"": 0, ""browser_actors"": 1, ""finalize_queue_depth"": 0, ""pending"": 0, ""render_queue_depth"": 0, ""render_trace_rows"": 0}, ""matches"": 2, ""stage0"": {""hits"": 13, ""misses"": 179, ""remaining"": 39, ""skipped"": 0}, ""stage1"": {""backlog"": 7, ""enrich_actors"": 0, ""fetch_actors"": 1, ""pending"": 2, ""progress"": {""dns_gate_accepted"": 146, ""dns_gate_filtered"": 33, ""dns_hit_gate_accepted"": 2, ""dns_hit_gate_passthrough"": 11, ""escalated"": 0, ""failed"": 0, ""fallback_dns"": 0, ""fetched"": 0, ""head_only"": 0, ""timeout"": 0}}}"
run_20260414T100254Z,2026-04-14T10:07:36+00:00,shortlist,shortlist,,snapshot,{},{},{},"{""available_cpu"": 11.25, ""available_memory_gb"": 0.25, ""available_object_store_gb"": 0.13, ""cluster_cpu"": 12.0, ""cluster_memory_gb"": 0.25, ""cluster_object_store_gb"": 0.13, ""used_cpu"": 0.75}","{""controller"": {""action"": ""hold"", ""available_cpu"": 11.25, ""checkpoint_pending_rows"": 18, ""completed"": 188, ""cpu_headroom_cores"": 6, ""cpu_utilization"": 0.062, ""enabled"": true, ""event_loop_lag_ms"": 3.883, ""hash_active_pages_cap"": 1, ""hash_live_active_pages"": 1, ""hash_pressure_ratio"": 0.0, ""healthy_streak"": 0, ""reason"": ""healthy_window"", ""stage0_inflight_cap"": 1, ""stage0_live_inflight"": 1, ""stage1_fetch_limit_cap"": 1, ""stage1_live_fetch_limit"": 1, ""stage1_pressure_ratio"": 0.333, ""target_cpu_utilization"": 0.82, ""timeout_ratio"": 0.0}, ""hash"": {""aux_queue_depth"": 0, ""backlog"": 0, ""browser_actors"": 1, ""finalize_queue_depth"": 0, ""pending"": 0, ""render_queue_depth"": 0, ""render_trace_rows"": 0}, ""matches"": 2, ""stage0"": {""hits"": 13, ""misses"": 179, ""remaining"": 39, ""skipped"": 0}, ""stage1"": {""backlog"": 2, ""enrich_actors"": 0, ""fetch_actors"": 1, ""pending"": 2, ""progress"": {""dns_gate_accepted"": 146, ""dns_gate_filtered"": 33, ""dns_hit_gate_accepted"": 2, ""dns_hit_gate_passthrough"": 11, ""escalated"": 0, ""failed"": 0, ""fallback_dns"": 0, ""fetched"": 0, ""head_only"": 0, ""timeout"": 0}}}"
run_20260414T100254Z,2026-04-14T10:07:41+00:00,shortlist,shortlist,,snapshot,{},{},{},"{""available_cpu"": 11.25, ""available_memory_gb"": 0.25, ""available_object_store_gb"": 0.13, ""cluster_cpu"": 12.0, ""cluster_memory_gb"": 0.25, ""cluster_object_store_gb"": 0.13, ""used_cpu"": 0.75}","{""controller"": {""action"": ""hold"", ""available_cpu"": 11.25, ""checkpoint_pending_rows"": 24, ""completed"": 189, ""cpu_headroom_cores"": 6, ""cpu_utilization"": 0.062, ""enabled"": true, ""event_loop_lag_ms"": 18.069, ""hash_active_pages_cap"": 1, ""hash_live_active_pages"": 1, ""hash_pressure_ratio"": 0.0, ""healthy_streak"": 0, ""reason"": ""healthy_window"", ""stage0_inflight_cap"": 1, ""stage0_live_inflight"": 1, ""stage1_fetch_limit_cap"": 1, ""stage1_live_fetch_limit"": 1, ""stage1_pressure_ratio"": 0.167, ""target_cpu_utilization"": 0.82, ""timeout_ratio"": 0.0}, ""hash"": {""aux_queue_depth"": 0, ""backlog"": 0, ""browser_actors"": 1, ""finalize_queue_depth"": 0, ""pending"": 0, ""render_queue_depth"": 0, ""render_trace_rows"": 0}, ""matches"": 2, ""stage0"": {""hits"": 13, ""misses"": 179, ""remaining"": 39, ""skipped"": 0}, ""stage1"": {""backlog"": 2, ""enrich_actors"": 0, ""fetch_actors"": 1, ""pending"": 1, ""progress"": {""dns_gate_accepted"": 146, ""dns_gate_filtered"": 33, ""dns_hit_gate_accepted"": 2, ""dns_hit_gate_passthrough"": 11, ""escalated"": 0, ""failed"": 0, ""fallback_dns"": 0, ""fetched"": 0, ""head_only"": 0, ""timeout"": 0}}}"
run_20260414T100254Z,2026-04-14T10:07:46+00:00,shortlist,shortlist,,snapshot,{},{},{},"{""available_cpu"": 11.25, ""available_memory_gb"": 0.25, ""available_object_store_gb"": 0.13, ""cluster_cpu"": 12.0, ""cluster_memory_gb"": 0.25, ""cluster_object_store_gb"": 0.13, ""used_cpu"": 0.75}","{""controller"": {""action"": ""hold"", ""available_cpu"": 11.25, ""checkpoint_pending_rows"": 202, ""completed"": 196, ""cpu_headroom_cores"": 6, ""cpu_utilization"": 0.062, ""enabled"": true, ""event_loop_lag_ms"": 3.792, ""hash_active_pages_cap"": 1, ""hash_live_active_pages"": 1, ""hash_pressure_ratio"": 0.0, ""healthy_streak"": 0, ""reason"": ""healthy_window"", ""stage0_inflight_cap"": 1, ""stage0_live_inflight"": 1, ""stage1_fetch_limit_cap"": 1, ""stage1_live_fetch_limit"": 1, ""stage1_pressure_ratio"": 0.0, ""target_cpu_utilization"": 0.82, ""timeout_ratio"": 0.0}, ""hash"": {""aux_queue_depth"": 0, ""backlog"": 3, ""browser_actors"": 1, ""finalize_queue_depth"": 0, ""pending"": 0, ""render_queue_depth"": 0, ""render_trace_rows"": 0}, ""matches"": 2, ""stage0"": {""hits"": 20, ""misses"": 211, ""remaining"": 0, ""skipped"": 0}, ""stage1"": {""backlog"": 0, ""enrich_actors"": 0, ""fetch_actors"": 1, ""pending"": 0, ""progress"": {""dns_gate_accepted"": 146, ""dns_gate_filtered"": 33, ""dns_hit_gate_accepted"": 5, ""dns_hit_gate_passthrough"": 15, ""escalated"": 0, ""failed"": 0, ""fallback_dns"": 0, ""fetched"": 0, ""head_only"": 0, ""timeout"": 0}}}"
run_20260414T100254Z,2026-04-14T10:07:51+00:00,shortlist,shortlist,,snapshot,{},{},{},"{""available_cpu"": 11.25, ""available_memory_gb"": 0.25, ""available_object_store_gb"": 0.13, ""cluster_cpu"": 12.0, ""cluster_memory_gb"": 0.25, ""cluster_object_store_gb"": 0.13, ""used_cpu"": 0.75}","{""controller"": {""action"": ""hold"", ""available_cpu"": 10.75, ""checkpoint_pending_rows"": 346, ""completed"": 202, ""cpu_headroom_cores"": 6, ""cpu_utilization"": 0.104, ""enabled"": true, ""event_loop_lag_ms"": 17.791, ""hash_active_pages_cap"": 1, ""hash_live_active_pages"": 1, ""hash_pressure_ratio"": 0.667, ""healthy_streak"": 0, ""reason"": ""render_backlog"", ""stage0_inflight_cap"": 1, ""stage0_live_inflight"": 1, ""stage1_fetch_limit_cap"": 1, ""stage1_live_fetch_limit"": 1, ""stage1_pressure_ratio"": 0.167, ""target_cpu_utilization"": 0.82, ""timeout_ratio"": 0.0}, ""hash"": {""aux_queue_depth"": 0, ""backlog"": 1, ""browser_actors"": 1, ""finalize_queue_depth"": 0, ""pending"": 2, ""render_queue_depth"": 2, ""render_trace_rows"": 0}, ""matches"": 2, ""stage0"": {""hits"": 20, ""misses"": 211, ""remaining"": 0, ""skipped"": 0}, ""stage1"": {""backlog"": 24, ""enrich_actors"": 0, ""fetch_actors"": 1, ""pending"": 2, ""progress"": {""dns_gate_accepted"": 173, ""dns_gate_filtered"": 38, ""dns_hit_gate_accepted"": 5, ""dns_hit_gate_passthrough"": 15, ""escalated"": 0, ""failed"": 0, ""fallback_dns"": 0, ""fetched"": 0, ""head_only"": 0, ""timeout"": 0}}}"
run_20260414T100254Z,2026-04-14T10:07:56+00:00,shortlist,shortlist,,snapshot,{},{},{},"{""available_cpu"": 11.25, ""available_memory_gb"": 0.25, ""available_object_store_gb"": 0.13, ""cluster_cpu"": 12.0, ""cluster_memory_gb"": 0.25, ""cluster_object_store_gb"": 0.13, ""used_cpu"": 0.75}","{""controller"": {""action"": ""hold"", ""available_cpu"": 11.25, ""checkpoint_pending_rows"": 7, ""completed"": 207, ""cpu_headroom_cores"": 6, ""cpu_utilization"": 0.062, ""enabled"": true, ""event_loop_lag_ms"": 25.116, ""hash_active_pages_cap"": 1, ""hash_live_active_pages"": 1, ""hash_pressure_ratio"": 0.333, ""healthy_streak"": 0, ""reason"": ""render_backlog"", ""stage0_inflight_cap"": 1, ""stage0_live_inflight"": 1, ""stage1_fetch_limit_cap"": 1, ""stage1_live_fetch_limit"": 1, ""stage1_pressure_ratio"": 0.333, ""target_cpu_utilization"": 0.82, ""timeout_ratio"": 0.0}, ""hash"": {""aux_queue_depth"": 0, ""backlog"": 1, ""browser_actors"": 1, ""finalize_queue_depth"": 0, ""pending"": 1, ""render_queue_depth"": 2, ""render_trace_rows"": 0}, ""matches"": 3, ""stage0"": {""hits"": 20, ""misses"": 211, ""remaining"": 0, ""skipped"": 0}, ""stage1"": {""backlog"": 21, ""enrich_actors"": 0, ""fetch_actors"": 1, ""pending"": 1, ""progress"": {""dns_gate_accepted"": 173, ""dns_gate_filtered"": 38, ""dns_hit_gate_accepted"": 5, ""dns_hit_gate_passthrough"": 15, ""escalated"": 0, ""failed"": 0, ""fallback_dns"": 0, ""fetched"": 0, ""head_only"": 0, ""timeout"": 0}}}"
run_20260414T100254Z,2026-04-14T10:08:01+00:00,shortlist,shortlist,,snapshot,{},{},{},"{""available_cpu"": 11.25, ""available_memory_gb"": 0.25, ""available_object_store_gb"": 0.13, ""cluster_cpu"": 12.0, ""cluster_memory_gb"": 0.25, ""cluster_object_store_gb"": 0.13, ""used_cpu"": 0.75}","{""controller"": {""action"": ""hold"", ""available_cpu"": 11.25, ""checkpoint_pending_rows"": 26, ""completed"": 209, ""cpu_headroom_cores"": 6, ""cpu_utilization"": 0.062, ""enabled"": true, ""event_loop_lag_ms"": 18.024, ""hash_active_pages_cap"": 1, ""hash_live_active_pages"": 1, ""hash_pressure_ratio"": 0.333, ""healthy_streak"": 0, ""reason"": ""render_backlog"", ""stage0_inflight_cap"": 1, ""stage0_live_inflight"": 1, ""stage1_fetch_limit_cap"": 1, ""stage1_live_fetch_limit"": 1, ""stage1_pressure_ratio"": 0.333, ""target_cpu_utilization"": 0.82, ""timeout_ratio"": 0.0}, ""hash"": {""aux_queue_depth"": 0, ""backlog"": 1, ""browser_actors"": 1, ""finalize_queue_depth"": 0, ""pending"": 1, ""render_queue_depth"": 2, ""render_trace_rows"": 0}, ""matches"": 3, ""stage0"": {""hits"": 20, ""misses"": 211, ""remaining"": 0, ""skipped"": 0}, ""stage1"": {""backlog"": 19, ""enrich_actors"": 0, ""fetch_actors"": 1, ""pending"": 1, ""progress"": {""dns_gate_accepted"": 173, ""dns_gate_filtered"": 38, ""dns_hit_gate_accepted"": 5, ""dns_hit_gate_passthrough"": 15, ""escalated"": 0, ""failed"": 0, ""fallback_dns"": 0, ""fetched"": 0, ""head_only"": 0, ""timeout"": 0}}}"
run_20260414T100254Z,2026-04-14T10:08:06+00:00,shortlist,shortlist,,snapshot,{},{},{},"{""available_cpu"": 11.25, ""available_memory_gb"": 0.25, ""available_object_store_gb"": 0.13, ""cluster_cpu"": 12.0, ""cluster_memory_gb"": 0.25, ""cluster_object_store_gb"": 0.13, ""used_cpu"": 0.75}","{""controller"": {""action"": ""hold"", ""available_cpu"": 11.25, ""checkpoint_pending_rows"": 1, ""completed"": 211, ""cpu_headroom_cores"": 6, ""cpu_utilization"": 0.062, ""enabled"": true, ""event_loop_lag_ms"": 21.682, ""hash_active_pages_cap"": 1, ""hash_live_active_pages"": 1, ""hash_pressure_ratio"": 0.333, ""healthy_streak"": 0, ""reason"": ""render_backlog"", ""stage0_inflight_cap"": 1, ""stage0_live_inflight"": 1, ""stage1_fetch_limit_cap"": 1, ""stage1_live_fetch_limit"": 1, ""stage1_pressure_ratio"": 0.333, ""target_cpu_utilization"": 0.82, ""timeout_ratio"": 0.0}, ""hash"": {""aux_queue_depth"": 0, ""backlog"": 1, ""browser_actors"": 1, ""finalize_queue_depth"": 0, ""pending"": 1, ""render_queue_depth"": 2, ""render_trace_rows"": 0}, ""matches"": 3, ""stage0"": {""hits"": 20, ""misses"": 211, ""remaining"": 0, ""skipped"": 0}, ""stage1"": {""backlog"": 16, ""enrich_actors"": 0, ""fetch_actors"": 1, ""pending"": 2, ""progress"": {""dns_gate_accepted"": 173, ""dns_gate_filtered"": 38, ""dns_hit_gate_accepted"": 5, ""dns_hit_gate_passthrough"": 15, ""escalated"": 0, ""failed"": 0, ""fallback_dns"": 0, ""fetched"": 0, ""head_only"": 0, ""timeout"": 0}}}"
run_20260414T100254Z,2026-04-14T10:08:11+00:00,shortlist,shortlist,,snapshot,{},{},{},"{""available_cpu"": 11.25, ""available_memory_gb"": 0.25, ""available_object_store_gb"": 0.13, ""cluster_cpu"": 12.0, ""cluster_memory_gb"": 0.25, ""cluster_object_store_gb"": 0.13, ""used_cpu"": 0.75}","{""controller"": {""action"": ""hold"", ""available_cpu"": 11.25, ""checkpoint_pending_rows"": 32, ""completed"": 215, ""cpu_headroom_cores"": 6, ""cpu_utilization"": 0.062, ""enabled"": true, ""event_loop_lag_ms"": 2.072, ""hash_active_pages_cap"": 1, ""hash_live_active_pages"": 1, ""hash_pressure_ratio"": 0.333, ""healthy_streak"": 0, ""reason"": ""render_backlog"", ""stage0_inflight_cap"": 1, ""stage0_live_inflight"": 1, ""stage1_fetch_limit_cap"": 1, ""stage1_live_fetch_limit"": 1, ""stage1_pressure_ratio"": 0.333, ""target_cpu_utilization"": 0.82, ""timeout_ratio"": 0.0}, ""hash"": {""aux_queue_depth"": 0, ""backlog"": 1, ""browser_actors"": 1, ""finalize_queue_depth"": 0, ""pending"": 1, ""render_queue_depth"": 2, ""render_trace_rows"": 0}, ""matches"": 3, ""stage0"": {""hits"": 20, ""misses"": 211, ""remaining"": 0, ""skipped"": 0}, ""stage1"": {""backlog"": 13, ""enrich_actors"": 0, ""fetch_actors"": 1, ""pending"": 1, ""progress"": {""dns_gate_accepted"": 173, ""dns_gate_filtered"": 38, ""dns_hit_gate_accepted"": 5, ""dns_hit_gate_passthrough"": 15, ""escalated"": 0, ""failed"": 0, ""fallback_dns"": 0, ""fetched"": 0, ""head_only"": 0, ""timeout"": 0}}}"
run_20260414T100254Z,2026-04-14T10:08:16+00:00,shortlist,shortlist,,snapshot,{},{},{},"{""available_cpu"": 11.25, ""available_memory_gb"": 0.25, ""available_object_store_gb"": 0.13, ""cluster_cpu"": 12.0, ""cluster_memory_gb"": 0.25, ""cluster_object_store_gb"": 0.13, ""used_cpu"": 0.75}","{""controller"": {""action"": ""hold"", ""available_cpu"": 11.25, ""checkpoint_pending_rows"": 0, ""completed"": 215, ""cpu_headroom_cores"": 6, ""cpu_utilization"": 0.062, ""enabled"": true, ""event_loop_lag_ms"": 17.332, ""hash_active_pages_cap"": 1, ""hash_live_active_pages"": 1, ""hash_pressure_ratio"": 0.333, ""healthy_streak"": 0, ""reason"": ""render_backlog"", ""stage0_inflight_cap"": 1, ""stage0_live_inflight"": 1, ""stage1_fetch_limit_cap"": 1, ""stage1_live_fetch_limit"": 1, ""stage1_pressure_ratio"": 0.167, ""target_cpu_utilization"": 0.82, ""timeout_ratio"": 0.0}, ""hash"": {""aux_queue_depth"": 0, ""backlog"": 1, ""browser_actors"": 1, ""finalize_queue_depth"": 0, ""pending"": 1, ""render_queue_depth"": 2, ""render_trace_rows"": 0}, ""matches"": 3, ""stage0"": {""hits"": 20, ""misses"": 211, ""remaining"": 0, ""skipped"": 0}, ""stage1"": {""backlog"": 13, ""enrich_actors"": 0, ""fetch_actors"": 1, ""pending"": 1, ""progress"": {""dns_gate_accepted"": 173, ""dns_gate_filtered"": 38, ""dns_hit_gate_accepted"": 5, ""dns_hit_gate_passthrough"": 15, ""escalated"": 0, ""failed"": 0, ""fallback_dns"": 0, ""fetched"": 0, ""head_only"": 0, ""timeout"": 0}}}"
run_20260414T100254Z,2026-04-14T10:08:21+00:00,shortlist,shortlist,,snapshot,{},{},{},"{""available_cpu"": 11.25, ""available_memory_gb"": 0.25, ""available_object_store_gb"": 0.13, ""cluster_cpu"": 12.0, ""cluster_memory_gb"": 0.25, ""cluster_object_store_gb"": 0.13, ""used_cpu"": 0.75}","{""controller"": {""action"": ""hold"", ""available_cpu"": 11.25, ""checkpoint_pending_rows"": 12, ""completed"": 217, ""cpu_headroom_cores"": 6, ""cpu_utilization"": 0.062, ""enabled"": true, ""event_loop_lag_ms"": 2.138, ""hash_active_pages_cap"": 1, ""hash_live_active_pages"": 1, ""hash_pressure_ratio"": 0.333, ""healthy_streak"": 0, ""reason"": ""steady"", ""stage0_inflight_cap"": 1, ""stage0_live_inflight"": 1, ""stage1_fetch_limit_cap"": 1, ""stage1_live_fetch_limit"": 1, ""stage1_pressure_ratio"": 0.167, ""target_cpu_utilization"": 0.82, ""timeout_ratio"": 1.0}, ""hash"": {""aux_queue_depth"": 0, ""backlog"": 0, ""browser_actors"": 1, ""finalize_queue_depth"": 0, ""pending"": 1, ""render_queue_depth"": 1, ""render_trace_rows"": 0}, ""matches"": 4, ""stage0"": {""hits"": 20, ""misses"": 211, ""remaining"": 0, ""skipped"": 0}, ""stage1"": {""backlog"": 12, ""enrich_actors"": 0, ""fetch_actors"": 1, ""pending"": 1, ""progress"": {""dns_gate_accepted"": 173, ""dns_gate_filtered"": 38, ""dns_hit_gate_accepted"": 5, ""dns_hit_gate_passthrough"": 15, ""escalated"": 0, ""failed"": 0, ""fallback_dns"": 0, ""fetched"": 0, ""head_only"": 0, ""timeout"": 0}}}"
run_20260414T100254Z,2026-04-14T10:08:26+00:00,shortlist,shortlist,,snapshot,{},{},{},"{""available_cpu"": 11.25, ""available_memory_gb"": 0.25, ""available_object_store_gb"": 0.13, ""cluster_cpu"": 12.0, ""cluster_memory_gb"": 0.25, ""cluster_object_store_gb"": 0.13, ""used_cpu"": 0.75}","{""controller"": {""action"": ""hold"", ""available_cpu"": 11.25, ""checkpoint_pending_rows"": 8, ""completed"": 219, ""cpu_headroom_cores"": 6, ""cpu_utilization"": 0.062, ""enabled"": true, ""event_loop_lag_ms"": 7.531, ""hash_active_pages_cap"": 1, ""hash_live_active_pages"": 1, ""hash_pressure_ratio"": 0.0, ""healthy_streak"": 0, ""reason"": ""healthy_window"", ""stage0_inflight_cap"": 1, ""stage0_live_inflight"": 1, ""stage1_fetch_limit_cap"": 1, ""stage1_live_fetch_limit"": 1, ""stage1_pressure_ratio"": 0.167, ""target_cpu_utilization"": 0.82, ""timeout_ratio"": 0.0}, ""hash"": {""aux_queue_depth"": 0, ""backlog"": 0, ""browser_actors"": 1, ""finalize_queue_depth"": 0, ""pending"": 0, ""render_queue_depth"": 0, ""render_trace_rows"": 0}, ""matches"": 5, ""stage0"": {""hits"": 20, ""misses"": 211, ""remaining"": 0, ""skipped"": 0}, ""stage1"": {""backlog"": 11, ""enrich_actors"": 0, ""fetch_actors"": 1, ""pending"": 1, ""progress"": {""dns_gate_accepted"": 173, ""dns_gate_filtered"": 38, ""dns_hit_gate_accepted"": 5, ""dns_hit_gate_passthrough"": 15, ""escalated"": 0, ""failed"": 0, ""fallback_dns"": 0, ""fetched"": 0, ""head_only"": 0, ""timeout"": 0}}}"
run_20260414T100254Z,2026-04-14T10:08:31+00:00,shortlist,shortlist,,snapshot,{},{},{},"{""available_cpu"": 11.25, ""available_memory_gb"": 0.25, ""available_object_store_gb"": 0.13, ""cluster_cpu"": 12.0, ""cluster_memory_gb"": 0.25, ""cluster_object_store_gb"": 0.13, ""used_cpu"": 0.75}","{""controller"": {""action"": ""hold"", ""available_cpu"": 11.25, ""checkpoint_pending_rows"": 26, ""completed"": 222, ""cpu_headroom_cores"": 6, ""cpu_utilization"": 0.062, ""enabled"": true, ""event_loop_lag_ms"": 22.29, ""hash_active_pages_cap"": 1, ""hash_live_active_pages"": 1, ""hash_pressure_ratio"": 0.0, ""healthy_streak"": 0, ""reason"": ""healthy_window"", ""stage0_inflight_cap"": 1, ""stage0_live_inflight"": 1, ""stage1_fetch_limit_cap"": 1, ""stage1_live_fetch_limit"": 1, ""stage1_pressure_ratio"": 0.333, ""target_cpu_utilization"": 0.82, ""timeout_ratio"": 0.0}, ""hash"": {""aux_queue_depth"": 0, ""backlog"": 0, ""browser_actors"": 1, ""finalize_queue_depth"": 0, ""pending"": 0, ""render_queue_depth"": 0, ""render_trace_rows"": 0}, ""matches"": 5, ""stage0"": {""hits"": 20, ""misses"": 211, ""remaining"": 0, ""skipped"": 0}, ""stage1"": {""backlog"": 8, ""enrich_actors"": 0, ""fetch_actors"": 1, ""pending"": 1, ""progress"": {""dns_gate_accepted"": 173, ""dns_gate_filtered"": 38, ""dns_hit_gate_accepted"": 5, ""dns_hit_gate_passthrough"": 15, ""escalated"": 0, ""failed"": 0, ""fallback_dns"": 0, ""fetched"": 0, ""head_only"": 0, ""timeout"": 0}}}"
run_20260414T100254Z,2026-04-14T10:08:36+00:00,shortlist,shortlist,,snapshot,{},{},{},"{""available_cpu"": 11.25, ""available_memory_gb"": 0.25, ""available_object_store_gb"": 0.13, ""cluster_cpu"": 12.0, ""cluster_memory_gb"": 0.25, ""cluster_object_store_gb"": 0.13, ""used_cpu"": 0.75}","{""controller"": {""action"": ""hold"", ""available_cpu"": 11.25, ""checkpoint_pending_rows"": 5, ""completed"": 224, ""cpu_headroom_cores"": 6, ""cpu_utilization"": 0.062, ""enabled"": true, ""event_loop_lag_ms"": 17.016, ""hash_active_pages_cap"": 1, ""hash_live_active_pages"": 1, ""hash_pressure_ratio"": 0.0, ""healthy_streak"": 0, ""reason"": ""healthy_window"", ""stage0_inflight_cap"": 1, ""stage0_live_inflight"": 1, ""stage1_fetch_limit_cap"": 1, ""stage1_live_fetch_limit"": 1, ""stage1_pressure_ratio"": 0.167, ""target_cpu_utilization"": 0.82, ""timeout_ratio"": 0.0}, ""hash"": {""aux_queue_depth"": 0, ""backlog"": 0, ""browser_actors"": 1, ""finalize_queue_depth"": 0, ""pending"": 0, ""render_queue_depth"": 0, ""render_trace_rows"": 0}, ""matches"": 5, ""stage0"": {""hits"": 20, ""misses"": 211, ""remaining"": 0, ""skipped"": 0}, ""stage1"": {""backlog"": 6, ""enrich_actors"": 0, ""fetch_actors"": 1, ""pending"": 1, ""progress"": {""dns_gate_accepted"": 173, ""dns_gate_filtered"": 38, ""dns_hit_gate_accepted"": 5, ""dns_hit_gate_passthrough"": 15, ""escalated"": 0, ""failed"": 0, ""fallback_dns"": 0, ""fetched"": 0, ""head_only"": 0, ""timeout"": 0}}}"
run_20260414T100254Z,2026-04-14T10:08:41+00:00,shortlist,shortlist,,snapshot,{},{},{},"{""available_cpu"": 11.25, ""available_memory_gb"": 0.25, ""available_object_store_gb"": 0.13, ""cluster_cpu"": 12.0, ""cluster_memory_gb"": 0.25, ""cluster_object_store_gb"": 0.13, ""used_cpu"": 0.75}","{""controller"": {""action"": ""hold"", ""available_cpu"": 11.25, ""checkpoint_pending_rows"": 35, ""completed"": 228, ""cpu_headroom_cores"": 6, ""cpu_utilization"": 0.062, ""enabled"": true, ""event_loop_lag_ms"": 23.603, ""hash_active_pages_cap"": 1, ""hash_live_active_pages"": 1, ""hash_pressure_ratio"": 0.0, ""healthy_streak"": 0, ""reason"": ""healthy_window"", ""stage0_inflight_cap"": 1, ""stage0_live_inflight"": 1, ""stage1_fetch_limit_cap"": 1, ""stage1_live_fetch_limit"": 1, ""stage1_pressure_ratio"": 0.333, ""target_cpu_utilization"": 0.82, ""timeout_ratio"": 0.0}, ""hash"": {""aux_queue_depth"": 0, ""backlog"": 0, ""browser_actors"": 1, ""finalize_queue_depth"": 0, ""pending"": 0, ""render_queue_depth"": 0, ""render_trace_rows"": 0}, ""matches"": 5, ""stage0"": {""hits"": 20, ""misses"": 211, ""remaining"": 0, ""skipped"": 0}, ""stage1"": {""backlog"": 1, ""enrich_actors"": 0, ""fetch_actors"": 1, ""pending"": 2, ""progress"": {""dns_gate_accepted"": 173, ""dns_gate_filtered"": 38, ""dns_hit_gate_accepted"": 5, ""dns_hit_gate_passthrough"": 15, ""escalated"": 0, ""failed"": 0, ""fallback_dns"": 0, ""fetched"": 0, ""head_only"": 0, ""timeout"": 0}}}"
run_20260414T100254Z,2026-04-14T10:08:51+00:00,classify,classify,,snapshot,{},{},{},"{""available_cpu"": 10.0, ""available_memory_gb"": 0.25, ""available_object_store_gb"": 0.13, ""cluster_cpu"": 12.0, ""cluster_memory_gb"": 0.25, ""cluster_object_store_gb"": 0.13, ""used_cpu"": 2.0}","{""classify_actors"": 1, ""controller"": {""action"": ""init"", ""available_cpu"": 0.0, ""checkpoint_pending_rows"": 0, ""classify_inflight_cap"": 1, ""classify_inflight_floor"": 1, ""classify_live_inflight"": 1, ""cpu_headroom_cores"": 6, ""cpu_utilization"": 0.0, ""enabled"": true, ""event_loop_lag_ms"": 0.0, ""healthy_streak"": 0, ""progress_completed"": 0, ""reason"": ""startup"", ""target_cpu_utilization"": 0.82}, ""failed"": 0, ""flagged"": 0, ""inflight"": 0, ""ocr"": {}, ""review"": 0}"
run_20260414T100254Z,2026-04-14T10:08:56+00:00,classify,classify,,snapshot,{},{},{},"{""available_cpu"": 10.0, ""available_memory_gb"": 0.25, ""available_object_store_gb"": 0.13, ""cluster_cpu"": 12.0, ""cluster_memory_gb"": 0.25, ""cluster_object_store_gb"": 0.13, ""used_cpu"": 2.0}","{""classify_actors"": 1, ""controller"": {""action"": ""hold"", ""available_cpu"": 10.0, ""checkpoint_pending_rows"": 3, ""classify_inflight_cap"": 1, ""classify_inflight_floor"": 1, ""classify_live_inflight"": 1, ""cpu_headroom_cores"": 6, ""cpu_utilization"": 0.167, ""enabled"": true, ""event_loop_lag_ms"": 34.426, ""healthy_streak"": 0, ""progress_completed"": 0, ""reason"": ""steady"", ""target_cpu_utilization"": 0.82}, ""failed"": 0, ""flagged"": 0, ""inflight"": 1, ""ocr"": {""batches_processed"": 0, ""items_processed"": 0, ""last_batch_size"": 0, ""queue_depth"": 0, ""ready"": false}, ""review"": 0}"
run_20260414T100254Z,2026-04-14T10:09:01+00:00,classify,classify,,snapshot,{},{},{},"{""available_cpu"": 10.0, ""available_memory_gb"": 0.25, ""available_object_store_gb"": 0.13, ""cluster_cpu"": 12.0, ""cluster_memory_gb"": 0.25, ""cluster_object_store_gb"": 0.13, ""used_cpu"": 2.0}","{""classify_actors"": 1, ""controller"": {""action"": ""hold"", ""available_cpu"": 10.0, ""checkpoint_pending_rows"": 4, ""classify_inflight_cap"": 1, ""classify_inflight_floor"": 1, ""classify_live_inflight"": 1, ""cpu_headroom_cores"": 6, ""cpu_utilization"": 0.167, ""enabled"": true, ""event_loop_lag_ms"": 23.599, ""healthy_streak"": 0, ""progress_completed"": 0, ""reason"": ""steady"", ""target_cpu_utilization"": 0.82}, ""failed"": 0, ""flagged"": 0, ""inflight"": 1, ""ocr"": {""batches_processed"": 0, ""items_processed"": 0, ""last_batch_size"": 0, ""queue_depth"": 0, ""ready"": false}, ""review"": 0}"
run_20260414T100254Z,2026-04-14T10:09:06+00:00,classify,classify,,snapshot,{},{},{},"{""available_cpu"": 10.0, ""available_memory_gb"": 0.25, ""available_object_store_gb"": 0.13, ""cluster_cpu"": 12.0, ""cluster_memory_gb"": 0.25, ""cluster_object_store_gb"": 0.13, ""used_cpu"": 2.0}","{""classify_actors"": 1, ""controller"": {""action"": ""hold"", ""available_cpu"": 10.0, ""checkpoint_pending_rows"": 0, ""classify_inflight_cap"": 1, ""classify_inflight_floor"": 1, ""classify_live_inflight"": 1, ""cpu_headroom_cores"": 6, ""cpu_utilization"": 0.167, ""enabled"": true, ""event_loop_lag_ms"": 6.629, ""healthy_streak"": 0, ""progress_completed"": 0, ""reason"": ""steady"", ""target_cpu_utilization"": 0.82}, ""failed"": 0, ""flagged"": 0, ""inflight"": 1, ""ocr"": {""batches_processed"": 0, ""items_processed"": 0, ""last_batch_size"": 0, ""queue_depth"": 0, ""ready"": false}, ""review"": 0}"
run_20260414T100254Z,2026-04-14T10:09:11+00:00,classify,classify,,snapshot,{},{},{},"{""available_cpu"": 10.0, ""available_memory_gb"": 0.25, ""available_object_store_gb"": 0.13, ""cluster_cpu"": 12.0, ""cluster_memory_gb"": 0.25, ""cluster_object_store_gb"": 0.13, ""used_cpu"": 2.0}","{""classify_actors"": 1, ""controller"": {""action"": ""hold"", ""available_cpu"": 10.0, ""checkpoint_pending_rows"": 1, ""classify_inflight_cap"": 1, ""classify_inflight_floor"": 1, ""classify_live_inflight"": 1, ""cpu_headroom_cores"": 6, ""cpu_utilization"": 0.167, ""enabled"": true, ""event_loop_lag_ms"": 8.877, ""healthy_streak"": 0, ""progress_completed"": 0, ""reason"": ""steady"", ""target_cpu_utilization"": 0.82}, ""failed"": 0, ""flagged"": 0, ""inflight"": 1, ""ocr"": {""batches_processed"": 0, ""items_processed"": 0, ""last_batch_size"": 0, ""queue_depth"": 0, ""ready"": false}, ""review"": 0}"
run_20260414T100254Z,2026-04-14T10:09:16+00:00,classify,classify,,snapshot,{},{},{},"{""available_cpu"": 10.0, ""available_memory_gb"": 0.25, ""available_object_store_gb"": 0.13, ""cluster_cpu"": 12.0, ""cluster_memory_gb"": 0.25, ""cluster_object_store_gb"": 0.13, ""used_cpu"": 2.0}","{""classify_actors"": 1, ""controller"": {""action"": ""hold"", ""available_cpu"": 10.0, ""checkpoint_pending_rows"": 0, ""classify_inflight_cap"": 1, ""classify_inflight_floor"": 1, ""classify_live_inflight"": 1, ""cpu_headroom_cores"": 6, ""cpu_utilization"": 0.167, ""enabled"": true, ""event_loop_lag_ms"": 25.835, ""healthy_streak"": 0, ""progress_completed"": 0, ""reason"": ""steady"", ""target_cpu_utilization"": 0.82}, ""failed"": 0, ""flagged"": 0, ""inflight"": 1, ""ocr"": {""batches_processed"": 0, ""items_processed"": 0, ""last_batch_size"": 0, ""queue_depth"": 0, ""ready"": false}, ""review"": 0}"
run_20260414T100254Z,2026-04-14T10:09:21+00:00,classify,classify,,snapshot,{},{},{},"{""available_cpu"": 10.0, ""available_memory_gb"": 0.25, ""available_object_store_gb"": 0.13, ""cluster_cpu"": 12.0, ""cluster_memory_gb"": 0.25, ""cluster_object_store_gb"": 0.13, ""used_cpu"": 2.0}","{""classify_actors"": 1, ""controller"": {""action"": ""hold"", ""available_cpu"": 10.0, ""checkpoint_pending_rows"": 1, ""classify_inflight_cap"": 1, ""classify_inflight_floor"": 1, ""classify_live_inflight"": 1, ""cpu_headroom_cores"": 6, ""cpu_utilization"": 0.167, ""enabled"": true, ""event_loop_lag_ms"": 27.275, ""healthy_streak"": 0, ""progress_completed"": 0, ""reason"": ""steady"", ""target_cpu_utilization"": 0.82}, ""failed"": 0, ""flagged"": 0, ""inflight"": 1, ""ocr"": {""batches_processed"": 1, ""items_processed"": 1, ""last_batch_size"": 1, ""queue_depth"": 0, ""ready"": true}, ""review"": 0}"
run_20260414T100254Z,2026-04-14T10:09:26+00:00,classify,classify,,snapshot,{},{},{},"{""available_cpu"": 10.0, ""available_memory_gb"": 0.25, ""available_object_store_gb"": 0.13, ""cluster_cpu"": 12.0, ""cluster_memory_gb"": 0.25, ""cluster_object_store_gb"": 0.13, ""used_cpu"": 2.0}","{""classify_actors"": 1, ""controller"": {""action"": ""hold"", ""available_cpu"": 10.0, ""checkpoint_pending_rows"": 0, ""classify_inflight_cap"": 1, ""classify_inflight_floor"": 1, ""classify_live_inflight"": 1, ""cpu_headroom_cores"": 6, ""cpu_utilization"": 0.167, ""enabled"": true, ""event_loop_lag_ms"": 16.468, ""healthy_streak"": 0, ""progress_completed"": 0, ""reason"": ""steady"", ""target_cpu_utilization"": 0.82}, ""failed"": 0, ""flagged"": 0, ""inflight"": 1, ""ocr"": {""batches_processed"": 1, ""items_processed"": 1, ""last_batch_size"": 1, ""queue_depth"": 0, ""ready"": true}, ""review"": 0}"
run_20260414T100254Z,2026-04-14T10:09:31+00:00,classify,classify,,snapshot,"{""classify.completed"": 1.0}",{},{},"{""available_cpu"": 10.0, ""available_memory_gb"": 0.25, ""available_object_store_gb"": 0.13, ""cluster_cpu"": 12.0, ""cluster_memory_gb"": 0.25, ""cluster_object_store_gb"": 0.13, ""used_cpu"": 2.0}","{""classify_actors"": 1, ""controller"": {""action"": ""hold"", ""available_cpu"": 10.0, ""checkpoint_pending_rows"": 6, ""classify_inflight_cap"": 1, ""classify_inflight_floor"": 1, ""classify_live_inflight"": 1, ""cpu_headroom_cores"": 6, ""cpu_utilization"": 0.167, ""enabled"": true, ""event_loop_lag_ms"": 16.007, ""healthy_streak"": 0, ""progress_completed"": 1, ""reason"": ""at_cap"", ""target_cpu_utilization"": 0.82}, ""failed"": 0, ""flagged"": 1, ""inflight"": 1, ""ocr"": {""batches_processed"": 2, ""items_processed"": 2, ""last_batch_size"": 1, ""queue_depth"": 0, ""ready"": true}, ""review"": 0}"
run_20260414T100254Z,2026-04-14T10:09:36+00:00,classify,classify,,snapshot,"{""classify.completed"": 7.0}",{},{},"{""available_cpu"": 10.0, ""available_memory_gb"": 0.25, ""available_object_store_gb"": 0.13, ""cluster_cpu"": 12.0, ""cluster_memory_gb"": 0.25, ""cluster_object_store_gb"": 0.13, ""used_cpu"": 2.0}","{""classify_actors"": 1, ""controller"": {""action"": ""hold"", ""available_cpu"": 10.0, ""checkpoint_pending_rows"": 25, ""classify_inflight_cap"": 1, ""classify_inflight_floor"": 1, ""classify_live_inflight"": 1, ""cpu_headroom_cores"": 6, ""cpu_utilization"": 0.167, ""enabled"": true, ""event_loop_lag_ms"": 22.77, ""healthy_streak"": 0, ""progress_completed"": 7, ""reason"": ""at_cap"", ""target_cpu_utilization"": 0.82}, ""failed"": 0, ""flagged"": 7, ""inflight"": 1, ""ocr"": {""batches_processed"": 6, ""items_processed"": 6, ""last_batch_size"": 1, ""queue_depth"": 0, ""ready"": true}, ""review"": 0}"
run_20260414T100254Z,2026-04-14T10:09:41+00:00,classify,classify,,snapshot,"{""classify.completed"": 10.0}",{},{},"{""available_cpu"": 10.0, ""available_memory_gb"": 0.25, ""available_object_store_gb"": 0.13, ""cluster_cpu"": 12.0, ""cluster_memory_gb"": 0.25, ""cluster_object_store_gb"": 0.13, ""used_cpu"": 2.0}","{""classify_actors"": 1, ""controller"": {""action"": ""hold"", ""available_cpu"": 10.0, ""checkpoint_pending_rows"": 36, ""classify_inflight_cap"": 1, ""classify_inflight_floor"": 1, ""classify_live_inflight"": 1, ""cpu_headroom_cores"": 6, ""cpu_utilization"": 0.167, ""enabled"": true, ""event_loop_lag_ms"": 18.932, ""healthy_streak"": 0, ""progress_completed"": 9, ""reason"": ""at_cap"", ""target_cpu_utilization"": 0.82}, ""failed"": 0, ""flagged"": 10, ""inflight"": 1, ""ocr"": {""batches_processed"": 9, ""items_processed"": 9, ""last_batch_size"": 1, ""queue_depth"": 0, ""ready"": true}, ""review"": 0}"
run_20260414T100254Z,2026-04-14T10:09:46+00:00,classify,classify,,snapshot,"{""classify.completed"": 13.0}",{},{},"{""available_cpu"": 10.0, ""available_memory_gb"": 0.25, ""available_object_store_gb"": 0.13, ""cluster_cpu"": 12.0, ""cluster_memory_gb"": 0.25, ""cluster_object_store_gb"": 0.13, ""used_cpu"": 2.0}","{""classify_actors"": 1, ""controller"": {""action"": ""hold"", ""available_cpu"": 10.0, ""checkpoint_pending_rows"": 15, ""classify_inflight_cap"": 1, ""classify_inflight_floor"": 1, ""classify_live_inflight"": 1, ""cpu_headroom_cores"": 6, ""cpu_utilization"": 0.167, ""enabled"": true, ""event_loop_lag_ms"": 22.433, ""healthy_streak"": 0, ""progress_completed"": 13, ""reason"": ""at_cap"", ""target_cpu_utilization"": 0.82}, ""failed"": 0, ""flagged"": 13, ""inflight"": 0, ""ocr"": {""batches_processed"": 12, ""items_processed"": 12, ""last_batch_size"": 1, ""queue_depth"": 0, ""ready"": true}, ""review"": 0}"
