run_id,hashed_at_utc,source_workbook,export_workbook,raw_url,normalized_url,final_landing_url,domain,final_domain,hash_mode,fetch_status,visual_status,fetch_error_type,fetch_error_detail,parking_provider,parking_reason,screenshot_path,target_url_sha256,favicon_hash_raw,ssl_hash_raw,html_hash_raw,page_hash_raw,domain_hash_raw,best_entity,best_matching_domain,hash_score,confidence_band,score_margin,lexical_score,direct_brand_evidence_count,deceptive_host_embedding,content_spoof_strong,favicon_hash_similarity,favicon_hash_distance,page_hash_similarity,page_hash_distance,domain_hash_similarity,domain_hash_distance,ssl_hash_similarity,ssl_hash_distance,signal_hit_favicon,signal_hit_ssl_hash,signal_hit_html_hash,signal_hit_domain_hash,hash_anchor,admission_path,review_reason
run_20260408T152710Z,2026-04-08T15:28:01+00:00,urls.xlsx,urls.xlsx,https://onlinesbi.sbi.update-rewards.xyz,https://onlinesbi.sbi.update-rewards.xyz,,onlinesbi.sbi.update-rewards.xyz,onlinesbi.sbi.update-rewards.xyz,exact,failed,not_attempted,navigation_error,"Page.goto: net::ERR_NAME_NOT_RESOLVED at https://onlinesbi.sbi.update-rewards.xyz/ | Call log: - navigating to ""https://onlinesbi.sbi.update-rewards.xyz/"", waiting until ""domcontentloaded""",,,,7b2fe6a3fbd1ca6c1c88cba50afd8f03e03990b4bf400b2f6b68808bc1bcaa7b,,,,,,State Bank of India (SBI),onlinesbi.sbi.bank.in,0.0,Low,0.0,0.6341,0,False,False,0.0,-1,0.0,-1,0.0,-1,0.0,-1,False,False,False,False,False,,
run_20260408T152710Z,2026-04-08T15:28:01+00:00,AIGR-S66270_Ground_Truth.xlsx|urls.xlsx,urls.xlsx,https://airtele.xyz,https://airtele.xyz,,airtele.xyz,airtele.xyz,exact,failed,not_attempted,navigation_error,"Page.goto: net::ERR_NAME_NOT_RESOLVED at https://airtele.xyz/ | Call log: - navigating to ""https://airtele.xyz/"", waiting until ""domcontentloaded""",,,,91ae79b2324d64ef201f6c15923fefc9fbb914afeee2b6e1c771776d40484eca,,,,,,Airtel,airtel.in,0.0,Low,0.0,0.9714,0,False,False,0.0,-1,0.0,-1,0.0,-1,0.0,-1,False,False,False,False,False,,
run_20260408T152710Z,2026-04-08T15:28:01+00:00,AIGR-S66270_Ground_Truth.xlsx|urls.xlsx,urls.xlsx,https://airtel-merchants.club,https://airtel-merchants.club,,airtel-merchants.club,airtel-merchants.club,exact,failed,not_attempted,navigation_error,"Page.goto: net::ERR_NAME_NOT_RESOLVED at https://airtel-merchants.club/ | Call log: - navigating to ""https://airtel-merchants.club/"", waiting until ""domcontentloaded""",,,,024bce4539d644727d55eb7ba57e33711e7613a88120094d62b280b5be71af14,,,,,,Airtel,airtelpayments.bank.in,0.0,Low,0.0,0.9048,0,False,False,0.0,-1,0.0,-1,0.0,-1,0.0,-1,False,False,False,False,False,,
run_20260408T152710Z,2026-04-08T15:28:01+00:00,urls.xlsx,urls.xlsx,https://onl1nesbi.sbi/login,https://onl1nesbi.sbi/login,,onl1nesbi.sbi,onl1nesbi.sbi,exact,failed,not_attempted,navigation_error,"Page.goto: net::ERR_NAME_NOT_RESOLVED at https://onl1nesbi.sbi/login | Call log: - navigating to ""https://onl1nesbi.sbi/login"", waiting until ""domcontentloaded""",,,,f85fbad873f11f5a5e4424eddf5443565ee07f80b3bfcd61db78eb1453b56c7c,,,,,,State Bank of India (SBI),corp.onlinesbi.sbi,0.0,Low,0.0,0.9481,0,False,False,0.0,-1,0.0,-1,0.0,-1,0.0,-1,False,False,False,False,False,,
run_20260408T152710Z,2026-04-08T15:28:01+00:00,urls.xlsx,urls.xlsx,https://sbi.com-kyc.net/login,https://sbi.com-kyc.net/login,,sbi.com-kyc.net,sbi.com-kyc.net,exact,failed,not_attempted,navigation_error,"Page.goto: net::ERR_NAME_NOT_RESOLVED at https://sbi.com-kyc.net/login | Call log: - navigating to ""https://sbi.com-kyc.net/login"", waiting until ""domcontentloaded""",,,,a709d69c6817702cce6dbe719ed54b936752d25ae0441d8041deb68385f0f5e0,,,,,,State Bank of India (SBI),homeloans.sbi,0.0,Low,0.0,0.5026,0,False,False,0.0,-1,0.0,-1,0.0,-1,0.0,-1,False,False,False,False,False,,
run_20260408T152710Z,2026-04-08T15:28:01+00:00,AIGR-S66270_Ground_Truth.xlsx|urls.xlsx,urls.xlsx,https://sbireward.com,https://sbireward.com,,sbireward.com,sbireward.com,exact,failed,not_attempted,navigation_error,"Page.goto: net::ERR_NAME_NOT_RESOLVED at https://sbireward.com/ | Call log: - navigating to ""https://sbireward.com/"", waiting until ""domcontentloaded""",,,,551ce8debfba01c35dac092da94e39934aeee3a84573b376d3353a4a4b98d07c,,,,,,State Bank of India (SBI),sbicard.com,0.0,Low,0.0,0.85,0,False,False,0.0,-1,0.0,-1,0.0,-1,0.0,-1,False,False,False,False,False,,
run_20260408T152710Z,2026-04-08T15:28:01+00:00,AIGR-S66270_Ground_Truth.xlsx|urls.xlsx,urls.xlsx,https://paarivahan.com,https://paarivahan.com,,paarivahan.com,paarivahan.com,exact,failed,not_attempted,navigation_error,"Page.goto: net::ERR_NAME_NOT_RESOLVED at https://paarivahan.com/ | Call log: - navigating to ""https://paarivahan.com/"", waiting until ""domcontentloaded""",,,,25e91e15ed103ba26dd2995e7b8f910d1f44653fd5578813e181bd5c49958832,,,,,,parivahan sewa,parivahan.gov.in,0.0,Low,0.0,0.9474,0,False,False,0.0,-1,0.0,-1,0.0,-1,0.0,-1,False,False,False,False,False,,
run_20260408T152710Z,2026-04-08T15:28:01+00:00,urls.xlsx,urls.xlsx,https://pnblndia.in,https://pnblndia.in,,pnblndia.in,pnblndia.in,exact,failed,not_attempted,navigation_error,"Page.goto: net::ERR_NAME_NOT_RESOLVED at https://pnblndia.in/ | Call log: - navigating to ""https://pnblndia.in/"", waiting until ""domcontentloaded""",,,,7aaf6cf649ac8002fe2ba620e8d41f0e2f5db11e2a9ba801a5fe42f25c5f8810,,,,,,Punjab National Bank (PNB),pnbindia.in,0.0,Low,0.0,0.9083,0,False,False,0.0,-1,0.0,-1,0.0,-1,0.0,-1,False,False,False,False,False,,
run_20260408T152710Z,2026-04-08T15:28:01+00:00,urls.xlsx,urls.xlsx,https://sbi.co.in.login.banking-services.net/234/redirect,https://sbi.co.in.login.banking-services.net/234/redirect,,sbi.co.in.login.banking-services.net,sbi.co.in.login.banking-services.net,exact,failed,not_attempted,navigation_error,"Page.goto: net::ERR_NAME_NOT_RESOLVED at https://sbi.co.in.login.banking-services.net/234/redirect | Call log: - navigating to ""https://sbi.co.in.login.banking-services.net/234/redirect"", waiting until ""domcontentloaded""",,,,6d72e5fc45359c005fa514bd3a9cd9254bf1b1d990431113916ceae4a20dcc87,,,,,,State Bank of India (SBI),sbisecurities.in,0.0,Low,0.0,0.7051,0,False,False,0.0,-1,0.0,-1,0.0,-1,0.0,-1,False,False,False,False,False,,
run_20260408T152710Z,2026-04-08T15:28:01+00:00,urls.xlsx,urls.xlsx,https://pnb-netbanking.net,https://pnb-netbanking.net,,pnb-netbanking.net,pnb-netbanking.net,exact,failed,not_attempted,navigation_error,"Page.goto: net::ERR_NAME_NOT_RESOLVED at https://pnb-netbanking.net/ | Call log: - navigating to ""https://pnb-netbanking.net/"", waiting until ""domcontentloaded""",,,,b9211a92dc6cfa63718a916e9c3ca55979294458de9ffb54213bf9bf0787763e,,,,,,Punjab National Bank (PNB),pnb.bank.in,0.0,Low,0.0,0.8167,0,False,False,0.0,-1,0.0,-1,0.0,-1,0.0,-1,False,False,False,False,False,,
run_20260408T152710Z,2026-04-08T15:28:01+00:00,urls.xlsx,urls.xlsx,https://sbi-secure-login.com,https://sbi-secure-login.com,,sbi-secure-login.com,sbi-secure-login.com,exact,failed,not_attempted,navigation_error,"Page.goto: net::ERR_NAME_NOT_RESOLVED at https://sbi-secure-login.com/ | Call log: - navigating to ""https://sbi-secure-login.com/"", waiting until ""domcontentloaded""",,,,ee5cdcf06e5197c52e4cfb1674c84c1accf03b544d0b6bba801b3ffcc60ae92c,,,,,,State Bank of India (SBI),sbisecurities.in,0.0,Low,0.0,0.8353,0,False,False,0.0,-1,0.0,-1,0.0,-1,0.0,-1,False,False,False,False,False,,
run_20260408T152710Z,2026-04-08T15:28:01+00:00,urls.xlsx,urls.xlsx,https://icici-bank-support.in,https://icici-bank-support.in,,icici-bank-support.in,icici-bank-support.in,exact,failed,not_attempted,navigation_error,"Page.goto: net::ERR_NAME_NOT_RESOLVED at https://icici-bank-support.in/ | Call log: - navigating to ""https://icici-bank-support.in/"", waiting until ""domcontentloaded""",,,,a16bc8c741939fd938662060aa5ace1ed38281f159b3e5fb4b06df4e58efe7f3,,,,,,ICICI Bank,icici.bank.in,0.0,Low,0.0,0.8556,0,False,False,0.0,-1,0.0,-1,0.0,-1,0.0,-1,False,False,False,False,False,,
run_20260408T152710Z,2026-04-08T15:28:01+00:00,urls.xlsx,urls.xlsx,https://pnbindia-kyd.com,https://pnbindia-kyd.com,,pnbindia-kyd.com,pnbindia-kyd.com,exact,failed,not_attempted,navigation_error,"Page.goto: net::ERR_NAME_NOT_RESOLVED at https://pnbindia-kyd.com/ | Call log: - navigating to ""https://pnbindia-kyd.com/"", waiting until ""domcontentloaded""",,,,81c0cb8e9719d2ef876478775a658a0dda164d5513dd6273f843746030a97895,,,,,,Punjab National Bank (PNB),pnbindia.in,0.0,Low,0.0,0.9333,0,False,False,0.0,-1,0.0,-1,0.0,-1,0.0,-1,False,False,False,False,False,,
run_20260408T152710Z,2026-04-08T15:28:01+00:00,urls.xlsx,urls.xlsx,https://pnblndia.bank.in,https://pnblndia.bank.in,,pnblndia.bank.in,pnblndia.bank.in,exact,failed,not_attempted,navigation_error,"Page.goto: net::ERR_NAME_NOT_RESOLVED at https://pnblndia.bank.in/ | Call log: - navigating to ""https://pnblndia.bank.in/"", waiting until ""domcontentloaded""",,,,afee2ca9b86f0479fe92e65b137f873dc70482f097feead5c1d6f4e6c647f0f8,,,,,,Punjab National Bank (PNB),pnbindia.in,0.0,Low,0.0,0.9083,0,False,False,0.0,-1,0.0,-1,0.0,-1,0.0,-1,False,False,False,False,False,,
run_20260408T152710Z,2026-04-08T15:28:02+00:00,urls.xlsx,urls.xlsx,https://pnb-india.in,https://pnb-india.in,,pnb-india.in,pnb-india.in,exact,failed,not_attempted,navigation_error,"Page.goto: net::ERR_NAME_NOT_RESOLVED at https://pnb-india.in/ | Call log: - navigating to ""https://pnb-india.in/"", waiting until ""domcontentloaded""",,,,430009ad5b7271d949c5e4bd77965c687893b51954cdcedeff4046793fcdf7ef,,,,,,Punjab National Bank (PNB),pnbindia.in,0.0,Low,0.0,0.9741,0,False,False,0.0,-1,0.0,-1,0.0,-1,0.0,-1,False,False,False,False,False,,
run_20260408T152710Z,2026-04-08T15:28:02+00:00,urls.xlsx,urls.xlsx,https://pnbindia-services.com,https://pnbindia-services.com,,pnbindia-services.com,pnbindia-services.com,exact,failed,not_attempted,navigation_error,"Page.goto: net::ERR_NAME_NOT_RESOLVED at https://pnbindia-services.com/ | Call log: - navigating to ""https://pnbindia-services.com/"", waiting until ""domcontentloaded""",,,,127dba2762e4d19c725a838c02f24d662f4483cc9db6458fef6dceada99d9cc7,,,,,,Punjab National Bank (PNB),pnbindia.in,0.0,Low,0.0,0.8941,0,False,False,0.0,-1,0.0,-1,0.0,-1,0.0,-1,False,False,False,False,False,,
run_20260408T152710Z,2026-04-08T15:28:07+00:00,urls.xlsx,urls.xlsx,https://domain,https://domain,,domain,domain,exact,failed,not_attempted,navigation_error,"Page.goto: net::ERR_NAME_NOT_RESOLVED at https://domain/ | Call log: - navigating to ""https://domain/"", waiting until ""domcontentloaded""",,,,77eae38bee8498a5ecbf6c9d6797a237a3adc3912c5153ecf4ca9737127bb678,,,,,,National Informatics Centre (NIC),kavach.mail.gov.in,0.0,Low,0.0,0.75,0,False,False,0.0,-1,0.0,-1,0.0,-1,0.0,-1,False,False,False,False,False,,
run_20260408T152710Z,2026-04-08T15:28:07+00:00,urls.xlsx,urls.xlsx,https://snackduel.com,https://snackduel.com,,snackduel.com,snackduel.com,exact,failed,not_attempted,navigation_error,"Page.goto: net::ERR_NAME_NOT_RESOLVED at https://snackduel.com/ | Call log: - navigating to ""https://snackduel.com/"", waiting until ""domcontentloaded""",,,,cbf7e7973ceebe0f4a141ebbf0728a0b91d2bc28e87bd00583feb8feddc0664a,,,,,,National Health Authority (NHA),nha.gov.in,0.0,Low,0.0,0.6296,0,False,False,0.0,-1,0.0,-1,0.0,-1,0.0,-1,False,False,False,False,False,,
run_20260408T152710Z,2026-04-08T15:28:15+00:00,AIGR-S66270_Ground_Truth.xlsx|urls.xlsx,urls.xlsx,https://axisupi.com,https://axisupi.com,,axisupi.com,axisupi.com,exact,timeout,not_attempted,navigation_timeout,"Page.goto: Timeout 15000ms exceeded. | Call log: - navigating to ""https://axisupi.com/"", waiting until ""domcontentloaded""",,,,54a7492398ec6e757b4379f199b5168e01aa0730084492c31067ba3ce9d186d1,,,,,,Axis Bank,axis.bank.in,0.0,Low,0.0,0.9143,0,False,False,0.0,-1,0.0,-1,0.0,-1,0.0,-1,False,False,False,False,False,,
run_20260408T152710Z,2026-04-08T15:28:15+00:00,AIGR-S66270_Ground_Truth.xlsx|urls.xlsx,urls.xlsx,https://uidaiaadhardownload.com,https://uidaiaadhardownload.com,,uidaiaadhardownload.com,uidaiaadhardownload.com,exact,timeout,not_attempted,navigation_timeout,"Page.goto: Timeout 15000ms exceeded. | Call log: - navigating to ""https://uidaiaadhardownload.com/"", waiting until ""domcontentloaded""",,,,3d600c49338f974223f09d4033a746e0fcea68bc3b5a90df01fb31ddada2997d,,,,,,"Unique Identification Authority of India (UIDAI)
",uidai.gov.in,0.0,Low,0.0,0.8526,0,False,False,0.0,-1,0.0,-1,0.0,-1,0.0,-1,False,False,False,False,False,,
run_20260408T152710Z,2026-04-08T15:28:15+00:00,urls.xlsx,urls.xlsx,https://airindiaair.com,https://airindiaair.com,,airindiaair.com,airindiaair.com,exact,timeout,not_attempted,navigation_timeout,"Page.goto: Timeout 15000ms exceeded. | Call log: - navigating to ""https://airindiaair.com/"", waiting until ""domcontentloaded""",,,,11c2835a27ce4cab2ce49f5a1d939ad76ba353f048eb1b233d5a738c66b38236,,,,,,Air India,airindiaexpress.com,0.0,Low,0.0,0.8836,0,False,False,0.0,-1,0.0,-1,0.0,-1,0.0,-1,False,False,False,False,False,,
run_20260408T152710Z,2026-04-08T15:28:15+00:00,AIGR-S66270_Ground_Truth.xlsx|urls.xlsx,urls.xlsx,https://airtell.ai,https://airtell.ai,,airtell.ai,airtell.ai,exact,timeout,not_attempted,navigation_timeout,"Page.goto: Timeout 15000ms exceeded. | Call log: - navigating to ""https://airtell.ai/"", waiting until ""domcontentloaded""",,,,3f369f17116fd0be14dcf3e991285c626e0ea4399bf912bc0f7b444b24d9ccd2,,,,,,Airtel,airtel.in,0.0,Low,0.0,0.9714,0,False,False,0.0,-1,0.0,-1,0.0,-1,0.0,-1,False,False,False,False,False,,
run_20260408T152710Z,2026-04-08T15:28:16+00:00,urls.xlsx,urls.xlsx,https://icicibank.net/login,https://icicibank.net/login,,icicibank.net,icicibank.net,exact,timeout,not_attempted,navigation_timeout,"Page.goto: Timeout 15000ms exceeded. | Call log: - navigating to ""https://icicibank.net/login"", waiting until ""domcontentloaded""",,,,6560a833036f98c21ce237f1d2f041034e1f980961fa2ce71e409423ba6a6724,,,,,,ICICI Bank,icici.bank.in,0.0,Low,0.0,0.9111,0,False,False,0.0,-1,0.0,-1,0.0,-1,0.0,-1,False,False,False,False,False,,
run_20260408T152710Z,2026-04-08T15:28:16+00:00,urls.xlsx,urls.xlsx,https://jardines10.com,https://jardines10.com,,jardines10.com,jardines10.com,exact,timeout,not_attempted,navigation_timeout,"Page.goto: Timeout 15000ms exceeded. | Call log: - navigating to ""https://jardines10.com/"", waiting until ""domcontentloaded""",,,,b9618782d28c5db04cf10160bde7f2d5b9e4fcc8a8da2f679eca11a603e0989a,,,,,,Airtel,airtel.in,0.0,Low,0.0,0.7111,0,False,False,0.0,-1,0.0,-1,0.0,-1,0.0,-1,False,False,False,False,False,,
run_20260408T152710Z,2026-04-08T15:28:16+00:00,urls.xlsx,urls.xlsx,https://web365daftar.com,https://web365daftar.com,,web365daftar.com,web365daftar.com,exact,timeout,not_attempted,navigation_timeout,"Page.goto: Timeout 15000ms exceeded. | Call log: - navigating to ""https://web365daftar.com/"", waiting until ""domcontentloaded""",,,,0fba938be1ae9040b5731431e7acaddb4aad1ea53e6e2588a12a2df747040cbc,,,,,,BSE Ltd.,bsestarmf.in,0.0,Low,0.0,0.6442,0,False,False,0.0,-1,0.0,-1,0.0,-1,0.0,-1,False,False,False,False,False,,
run_20260408T152710Z,2026-04-08T15:28:17+00:00,urls.xlsx,urls.xlsx,https://conciergerie-niort.fr,https://conciergerie-niort.fr,,conciergerie-niort.fr,conciergerie-niort.fr,exact,timeout,not_attempted,navigation_timeout,"Page.goto: Timeout 15000ms exceeded. | Call log: - navigating to ""https://conciergerie-niort.fr/"", waiting until ""domcontentloaded""",,,,b4120b6d43630b21c4e8bac573002154b2c2d099d6bafae57f03a452636c2929,,,,,,"Civil Registration System, MHA (RGCCI)",crsorgi.gov.in,0.0,Low,0.0,0.6746,0,False,False,0.0,-1,0.0,-1,0.0,-1,0.0,-1,False,False,False,False,False,,
run_20260408T152710Z,2026-04-08T15:28:17+00:00,urls.xlsx,urls.xlsx,https://connectionsarchive.net,https://connectionsarchive.net,,connectionsarchive.net,connectionsarchive.net,exact,timeout,not_attempted,navigation_timeout,"Page.goto: Timeout 15000ms exceeded. | Call log: - navigating to ""https://connectionsarchive.net/"", waiting until ""domcontentloaded""",,,,ed5e6cc0353db3a434f5a28abd4df65e285c8dc3659cd08963460b691e5c59ff,,,,,,Coal India,coalindiatenders.nic.in,0.0,Low,0.0,0.6944,0,False,False,0.0,-1,0.0,-1,0.0,-1,0.0,-1,False,False,False,False,False,,
run_20260408T152710Z,2026-04-08T15:28:17+00:00,urls.xlsx,urls.xlsx,https://nmjiaojinginc.shop,https://nmjiaojinginc.shop,,nmjiaojinginc.shop,nmjiaojinginc.shop,exact,timeout,not_attempted,navigation_timeout,"Page.goto: Timeout 15000ms exceeded. | Call log: - navigating to ""https://nmjiaojinginc.shop/"", waiting until ""domcontentloaded""",,,,79d16f4a9792547ad7de82962ab7392694be29ff9d9dd11f90bac6da256d30aa,,,,,,Jio,jio.com,0.0,Low,0.0,0.7436,0,False,False,0.0,-1,0.0,-1,0.0,-1,0.0,-1,False,False,False,False,False,,
run_20260408T152710Z,2026-04-08T15:28:17+00:00,urls.xlsx,urls.xlsx,https://ventajp.com,https://ventajp.com,,ventajp.com,ventajp.com,exact,timeout,not_attempted,navigation_timeout,"Page.goto: Timeout 15000ms exceeded. | Call log: - navigating to ""https://ventajp.com/"", waiting until ""domcontentloaded""",,,,fe3a1d53bc0cbc5111de3ec3ef0ee921d9c3e45887df6c56d54d45a94323fed3,,,,,,National Health Authority (NHA),nha.gov.in,0.0,Low,0.0,0.6508,0,False,False,0.0,-1,0.0,-1,0.0,-1,0.0,-1,False,False,False,False,False,,
run_20260408T152710Z,2026-04-08T15:28:19+00:00,urls.xlsx,urls.xlsx,https://tutu-and-tiaras.com,https://tutu-and-tiaras.com,,tutu-and-tiaras.com,tutu-and-tiaras.com,exact,failed,not_attempted,navigation_transient_browser_error,Page.content: Unable to retrieve content because the page is navigating and changing the content.,,,,ef7ac49e89c80ee6e9178d8c79829fb5bc0c00e7df5ff8340467eb19ace1561c,,,,,,Air India,airindiaexpress.com,0.0,Low,0.0,0.6444,0,False,False,0.0,-1,0.0,-1,0.0,-1,0.0,-1,False,False,False,False,False,,
run_20260408T152710Z,2026-04-08T15:28:22+00:00,urls.xlsx,urls.xlsx,https://calmplatewindow.club,https://calmplatewindow.club,,calmplatewindow.club,calmplatewindow.club,exact,timeout,not_attempted,navigation_timeout,"Page.goto: Timeout 15000ms exceeded. | Call log: - navigating to ""https://calmplatewindow.club/"", waiting until ""domcontentloaded""",,,,d56cf75a3e54c8bf140158b81903b7a7a5863db1900df9f87fcb3eec91b2b2a0,,,,,,Income Tax Department,incometaxindia.gov.in,0.0,Low,0.0,0.6599,0,False,False,0.0,-1,0.0,-1,0.0,-1,0.0,-1,False,False,False,False,False,,
run_20260408T152710Z,2026-04-08T15:28:31+00:00,urls.xlsx,urls.xlsx,https://tuterrenoenchile.cl,https://tuterrenoenchile.cl,,tuterrenoenchile.cl,tuterrenoenchile.cl,exact,timeout,not_attempted,navigation_timeout,"Page.goto: Timeout 15000ms exceeded. | Call log: - navigating to ""https://tuterrenoenchile.cl/"", waiting until ""domcontentloaded""",,,,23f6954570437462386032c3fb84bc0c3b77335c306055bc19c92e0779288d45,,,,,,Indian Railway Catering and Tourism Corporation (IRCTC),irctctourism.com,0.0,Low,0.0,0.5972,0,False,False,0.0,-1,0.0,-1,0.0,-1,0.0,-1,False,False,False,False,False,,
run_20260408T152710Z,2026-04-08T15:28:31+00:00,urls.xlsx,urls.xlsx,https://pumirpkin.live,https://pumirpkin.live,,pumirpkin.live,pumirpkin.live,exact,timeout,not_attempted,navigation_timeout,"Page.goto: Timeout 15000ms exceeded. | Call log: - navigating to ""https://pumirpkin.live/"", waiting until ""domcontentloaded""",,,,26d680f8d37400a8bc588b5a2e09baf642cfd2993c0f4d89f6c87e5fac2bd357,,,,,,"Unique Identification Authority of India (UIDAI)
",uidai.gov.in,0.0,Low,0.0,0.6444,0,False,False,0.0,-1,0.0,-1,0.0,-1,0.0,-1,False,False,False,False,False,,
run_20260408T152710Z,2026-04-08T15:28:31+00:00,urls.xlsx,urls.xlsx,https://exerciseok.com,https://exerciseok.com,,exerciseok.com,exerciseok.com,exact,timeout,not_attempted,navigation_timeout,"Page.goto: Timeout 15000ms exceeded. | Call log: - navigating to ""https://exerciseok.com/"", waiting until ""domcontentloaded""",,,,104543871cac3e06e3f168318092ed610651c2a6589b70d48743a566329b908b,,,,,,Election Commision of India (ECI),eci.gov.in,0.0,Low,0.0,0.79,0,False,False,0.0,-1,0.0,-1,0.0,-1,0.0,-1,False,False,False,False,False,,
run_20260408T152710Z,2026-04-08T15:28:31+00:00,urls.xlsx,urls.xlsx,https://parquebatweania.com,https://parquebatweania.com,,parquebatweania.com,parquebatweania.com,exact,timeout,not_attempted,navigation_timeout,"Page.goto: Timeout 15000ms exceeded. | Call log: - navigating to ""https://parquebatweania.com/"", waiting until ""domcontentloaded""",,,,b31f83433016aff685322363366e25034c29de6ca4630a186897514b7e81afaf,,,,,,parivahan sewa,parivahan.gov.in,0.0,Low,0.0,0.6889,0,False,False,0.0,-1,0.0,-1,0.0,-1,0.0,-1,False,False,False,False,False,,
run_20260408T152710Z,2026-04-08T15:28:31+00:00,urls.xlsx,urls.xlsx,https://prototanya.org,https://prototanya.org,,prototanya.org,prototanya.org,exact,timeout,not_attempted,navigation_timeout,"Page.goto: Timeout 15000ms exceeded. | Call log: - navigating to ""https://prototanya.org/"", waiting until ""domcontentloaded""",,,,fa554585ddd9da0f2630e01d96cda37f0c2a906089bee87bc64e9174caa849cd,,,,,,Airtel,airtelpayments.bank.in,0.0,Low,0.0,0.6381,0,False,False,0.0,-1,0.0,-1,0.0,-1,0.0,-1,False,False,False,False,False,,
run_20260408T152710Z,2026-04-08T15:28:31+00:00,urls.xlsx,urls.xlsx,https://beton888bonuuz30rb.cyou,https://beton888bonuuz30rb.cyou,,beton888bonuuz30rb.cyou,beton888bonuuz30rb.cyou,exact,timeout,not_attempted,navigation_timeout,"Page.goto: Timeout 15000ms exceeded. | Call log: - navigating to ""https://beton888bonuuz30rb.cyou/"", waiting until ""domcontentloaded""",,,,6d5da6a818edee41bf4dfd2941546d809e7910d82878b033b2a177108aaf5925,,,,,,Punjab National Bank (PNB),netpnb.com,0.0,Low,0.0,0.637,0,False,False,0.0,-1,0.0,-1,0.0,-1,0.0,-1,False,False,False,False,False,,
run_20260408T152710Z,2026-04-08T15:28:31+00:00,urls.xlsx,urls.xlsx,https://creationorder.net,https://creationorder.net,,creationorder.net,creationorder.net,exact,timeout,not_attempted,navigation_timeout,"Page.goto: Timeout 15000ms exceeded. | Call log: - navigating to ""https://creationorder.net/"", waiting until ""domcontentloaded""",,,,c3b2646438d798a6f76335fdf31564305e49f8834c6e087feb7fe1be3e8e910c,,,,,,Coal India,coalindiatenders.nic.in,0.0,Low,0.0,0.6405,0,False,False,0.0,-1,0.0,-1,0.0,-1,0.0,-1,False,False,False,False,False,,
run_20260408T152710Z,2026-04-08T15:28:31+00:00,urls.xlsx,urls.xlsx,https://pornmega18.xyz,https://pornmega18.xyz,,pornmega18.xyz,pornmega18.xyz,exact,failed,not_attempted,navigation_error,"Page.goto: net::ERR_NAME_NOT_RESOLVED at https://pornmega18.xyz/ | Call log: - navigating to ""https://pornmega18.xyz/"", waiting until ""domcontentloaded""",,,,52ae007b77f9f4c608e41695f2598865fbf1e9315c4dc372ecb7818f770cd67a,,,,,,State Bank of India (SBI),homeloans.sbi,0.0,Low,0.0,0.6444,0,False,False,0.0,-1,0.0,-1,0.0,-1,0.0,-1,False,False,False,False,False,,
run_20260408T152710Z,2026-04-08T15:28:31+00:00,urls.xlsx,urls.xlsx,https://bazarcentofiori.com,https://bazarcentofiori.com,,bazarcentofiori.com,bazarcentofiori.com,exact,timeout,not_attempted,navigation_timeout,"Page.goto: Timeout 15000ms exceeded. | Call log: - navigating to ""https://bazarcentofiori.com/"", waiting until ""domcontentloaded""",,,,5b34dce5c9a8f1f84e9ce974f0a975f1c306d083464e56b755dd2791ff29ebfe,,,,,,Bank of Baroda,bankofbaroda.bank.in,0.0,Low,0.0,0.65,0,False,False,0.0,-1,0.0,-1,0.0,-1,0.0,-1,False,False,False,False,False,,
run_20260408T152710Z,2026-04-08T15:28:31+00:00,urls.xlsx,urls.xlsx,https://pornxmodel.click,https://pornxmodel.click,,pornxmodel.click,pornxmodel.click,exact,failed,not_attempted,navigation_error,"Page.goto: net::ERR_NAME_NOT_RESOLVED at https://pornxmodel.click/ | Call log: - navigating to ""https://pornxmodel.click/"", waiting until ""domcontentloaded""",,,,805a57d34c8672a679bb493b5733cf8b2fef5eb3c1661290c270bb119d8e190e,,,,,,Punjab National Bank (PNB),pnb.bank.in,0.0,Low,0.0,0.6222,0,False,False,0.0,-1,0.0,-1,0.0,-1,0.0,-1,False,False,False,False,False,,
run_20260408T152710Z,2026-04-08T15:28:32+00:00,urls.xlsx,urls.xlsx,https://hgi5z6n1d.vip,https://hgi5z6n1d.vip,,hgi5z6n1d.vip,hgi5z6n1d.vip,exact,timeout,not_attempted,navigation_timeout,"Page.goto: Timeout 15000ms exceeded. | Call log: - navigating to ""https://hgi5z6n1d.vip/"", waiting until ""domcontentloaded""",,,,5c80979516761b9465c3ec3b84f80cc848b5dd44897ce06ed77f4e5ac4d72d03,,,,,,IndusInd Bank,indusind.bank.in,0.0,Low,0.0,0.6481,0,False,False,0.0,-1,0.0,-1,0.0,-1,0.0,-1,False,False,False,False,False,,
run_20260408T152710Z,2026-04-08T15:28:32+00:00,urls.xlsx,urls.xlsx,https://socioone.com,https://socioone.com,,socioone.com,socioone.com,exact,timeout,not_attempted,navigation_timeout,"Page.goto: Timeout 15000ms exceeded. | Call log: - navigating to ""https://socioone.com/"", waiting until ""domcontentloaded""",,,,39d0a0e1ac84fbe87e597b88ce81d288bbfed295d1c0ee1bd4fd5de3ef338f07,,,,,,Computer Age Management Services Ltd. (CAMS),camsonline.com,0.0,Low,0.0,0.6722,0,False,False,0.0,-1,0.0,-1,0.0,-1,0.0,-1,False,False,False,False,False,,
run_20260408T152710Z,2026-04-08T15:28:32+00:00,urls.xlsx,urls.xlsx,https://crplasticos.com.br,https://crplasticos.com.br,,crplasticos.com.br,crplasticos.com.br,exact,timeout,not_attempted,navigation_timeout,"Page.goto: Timeout 15000ms exceeded. | Call log: - navigating to ""https://crplasticos.com.br/"", waiting until ""domcontentloaded""",,,,a27afc317b5756602f6ae6fcfbbd60dcafbf90f46c535df641c5b132c5cd134e,,,,,,"Civil Registration System, MHA (RGCCI)",crsorgi.gov.in,0.0,Low,0.0,0.645,0,False,False,0.0,-1,0.0,-1,0.0,-1,0.0,-1,False,False,False,False,False,,
run_20260408T152710Z,2026-04-08T15:28:32+00:00,urls.xlsx,urls.xlsx,https://greenbeangirltrainingtutoring.com,https://greenbeangirltrainingtutoring.com,,greenbeangirltrainingtutoring.com,greenbeangirltrainingtutoring.com,exact,timeout,not_attempted,navigation_timeout,"Page.goto: Timeout 15000ms exceeded. | Call log: - navigating to ""https://greenbeangirltrainingtutoring.com/"", waiting until ""domcontentloaded""",,,,2990ced2a4606be36d72c239a179b31fed4aca56c7e742d31874df49f6f80b30,,,,,,Reserve Bank of India (RBI),rbi.org.in,0.0,Low,0.0,0.7011,0,False,False,0.0,-1,0.0,-1,0.0,-1,0.0,-1,False,False,False,False,False,,
run_20260408T152710Z,2026-04-08T15:28:32+00:00,urls.xlsx,urls.xlsx,https://rjpnbv.com,https://rjpnbv.com,,rjpnbv.com,rjpnbv.com,exact,failed,not_attempted,navigation_error,"Page.goto: net::ERR_NAME_NOT_RESOLVED at https://rjpnbv.com/ | Call log: - navigating to ""https://rjpnbv.com/"", waiting until ""domcontentloaded""",,,,7e811313a92e43da9c2c29478c08be5877231e280cac8d7d0171921d31182be2,,,,,,Punjab National Bank (PNB),pnb.bank.in,0.0,Low,0.0,0.8333,0,False,False,0.0,-1,0.0,-1,0.0,-1,0.0,-1,False,False,False,False,False,,
run_20260408T152710Z,2026-04-08T15:28:32+00:00,urls.xlsx,urls.xlsx,https://tnkproject.com,https://tnkproject.com,,tnkproject.com,tnkproject.com,exact,timeout,not_attempted,navigation_timeout,"Page.goto: Timeout 15000ms exceeded. | Call log: - navigating to ""https://tnkproject.com/"", waiting until ""domcontentloaded""",,,,1eebb7ca58440d0c5772aea92983e45317b49a8a88a3c36508ec451fcda2a0d4,,,,,,Kfintech,kfintech.com,0.0,Low,0.0,0.6417,0,False,False,0.0,-1,0.0,-1,0.0,-1,0.0,-1,False,False,False,False,False,,
run_20260408T152710Z,2026-04-08T15:28:32+00:00,urls.xlsx,urls.xlsx,https://jlchuhai.com,https://jlchuhai.com,,jlchuhai.com,jlchuhai.com,exact,failed,not_attempted,navigation_error,"Page.goto: net::ERR_NAME_NOT_RESOLVED at https://jlchuhai.com/ | Call log: - navigating to ""https://jlchuhai.com/"", waiting until ""domcontentloaded""",,,,7e50afef946caa91c3dfc4145117d9f5f6eb28dda047f59e4b673766a5a2b18d,,,,,,HDFC Bank,hdfclife.com,0.0,Low,0.0,0.5833,0,False,False,0.0,-1,0.0,-1,0.0,-1,0.0,-1,False,False,False,False,False,,
run_20260408T152710Z,2026-04-08T15:28:32+00:00,urls.xlsx,urls.xlsx,https://landscapebyvera.com,https://landscapebyvera.com,,landscapebyvera.com,landscapebyvera.com,exact,timeout,not_attempted,navigation_timeout,"Page.goto: Timeout 15000ms exceeded. | Call log: - navigating to ""https://landscapebyvera.com/"", waiting until ""domcontentloaded""",,,,2dae59b5698eb46f40516fb4b3c81d77ffbb9d7d23893b4c410748c68c43787d,,,,,,Coal India,coalindiatenders.nic.in,0.0,Low,0.0,0.6468,0,False,False,0.0,-1,0.0,-1,0.0,-1,0.0,-1,False,False,False,False,False,,
run_20260408T152710Z,2026-04-08T15:28:32+00:00,urls.xlsx,urls.xlsx,https://lucilalehmann.com,https://lucilalehmann.com,,lucilalehmann.com,lucilalehmann.com,exact,failed,not_attempted,navigation_error,"Page.goto: net::ERR_NAME_NOT_RESOLVED at https://lucilalehmann.com/ | Call log: - navigating to ""https://lucilalehmann.com/"", waiting until ""domcontentloaded""",,,,fba4f32612f9593925c9771d61d0ff0a4ec07cee31f19dc618cf935ae2c15de1,,,,,,"Unique Identification Authority of India (UIDAI)
",uidai.gov.in,0.0,Low,0.0,0.6103,0,False,False,0.0,-1,0.0,-1,0.0,-1,0.0,-1,False,False,False,False,False,,
run_20260408T152710Z,2026-04-08T15:28:32+00:00,urls.xlsx,urls.xlsx,https://jicm0yo.vip,https://jicm0yo.vip,,jicm0yo.vip,jicm0yo.vip,exact,failed,not_attempted,navigation_error,"Page.goto: net::ERR_NAME_NOT_RESOLVED at https://jicm0yo.vip/ | Call log: - navigating to ""https://jicm0yo.vip/"", waiting until ""domcontentloaded""",,,,182df265b03ddf4e270d9d8a373c0d67963d1be78e7bd3d3157e5234dfe35b3b,,,,,,Jio,jio.com,0.0,Low,0.0,0.8476,0,False,False,0.0,-1,0.0,-1,0.0,-1,0.0,-1,False,False,False,False,False,,
run_20260408T152710Z,2026-04-08T15:28:34+00:00,urls.xlsx,urls.xlsx,https://fresna.online,https://fresna.online,,fresna.online,fresna.online,exact,timeout,not_attempted,navigation_timeout,"Page.goto: Timeout 15000ms exceeded. | Call log: - navigating to ""https://fresna.online/"", waiting until ""domcontentloaded""",,,,512a6f30052304e7b3c262719cd12f7caf3d23fea63cedc9d7181f21e0c8a790,,,,,,BSE Ltd.,bseindia.com,0.0,Low,0.0,0.6389,0,False,False,0.0,-1,0.0,-1,0.0,-1,0.0,-1,False,False,False,False,False,,
run_20260408T152710Z,2026-04-08T15:28:37+00:00,urls.xlsx,urls.xlsx,https://zh-ptgaming.com,https://zh-ptgaming.com,,zh-ptgaming.com,zh-ptgaming.com,exact,timeout,not_attempted,navigation_timeout,"Page.goto: Timeout 15000ms exceeded. | Call log: - navigating to ""https://zh-ptgaming.com/"", waiting until ""domcontentloaded""",,,,8684147a362a136c7be4a4b8a48d31011ffcdfd16ad8297337430f5bbd515119,,,,,,National Health Authority (NHA),nha.gov.in,0.0,Low,0.0,0.6162,0,False,False,0.0,-1,0.0,-1,0.0,-1,0.0,-1,False,False,False,False,False,,
run_20260408T152710Z,2026-04-08T15:28:46+00:00,urls.xlsx,urls.xlsx,https://udbijaayurveda.com,https://udbijaayurveda.com,,udbijaayurveda.com,udbijaayurveda.com,exact,timeout,not_attempted,navigation_timeout,"Page.goto: Timeout 15000ms exceeded. | Call log: - navigating to ""https://udbijaayurveda.com/"", waiting until ""domcontentloaded""",,,,c944abdd62c1865126f071520c1dfabc9c79f3df151d116db9ec068b301cfca1,,,,,,Bank of Baroda,bankofbaroda.bank.in,0.0,Low,0.0,0.6429,0,False,False,0.0,-1,0.0,-1,0.0,-1,0.0,-1,False,False,False,False,False,,
run_20260408T152710Z,2026-04-08T15:28:46+00:00,urls.xlsx,urls.xlsx,https://easy-sponso.com,https://easy-sponso.com,,easy-sponso.com,easy-sponso.com,exact,timeout,not_attempted,navigation_timeout,"Page.goto: Timeout 15000ms exceeded. | Call log: - navigating to ""https://easy-sponso.com/"", waiting until ""domcontentloaded""",,,,f13154b88a0025a6bdc104f08faa3436eb40f2c8a43308272c52bda60dc4ce70,,,,,,Punjab National Bank (PNB),netpnb.com,0.0,Low,0.0,0.5909,0,False,False,0.0,-1,0.0,-1,0.0,-1,0.0,-1,False,False,False,False,False,,
run_20260408T152710Z,2026-04-08T15:28:46+00:00,urls.xlsx,urls.xlsx,https://barbara-michelle.com,https://barbara-michelle.com,,barbara-michelle.com,barbara-michelle.com,exact,timeout,not_attempted,navigation_timeout,"Page.goto: Timeout 15000ms exceeded. | Call log: - navigating to ""https://barbara-michelle.com/"", waiting until ""domcontentloaded""",,,,440779014bbf59c8575c2a648bb7641cf4a276ed9d5a18efc9693ad459bfd40d,,,,,,Canara Bank,canarahsbclife.com,0.0,Low,0.0,0.6798,0,False,False,0.0,-1,0.0,-1,0.0,-1,0.0,-1,False,False,False,False,False,,
run_20260408T152710Z,2026-04-08T15:28:46+00:00,urls.xlsx,urls.xlsx,https://moisesdevweb.com,https://moisesdevweb.com,,moisesdevweb.com,moisesdevweb.com,exact,timeout,not_attempted,navigation_timeout,"Page.goto: Timeout 15000ms exceeded. | Call log: - navigating to ""https://moisesdevweb.com/"", waiting until ""domcontentloaded""",,,,f1a12f18d1d8d4874f3ee783fb57a6096fd9d4521dfdbd4450ee2ff4e05d3912,,,,,,State Bank of India (SBI),corp.onlinesbi.sbi,0.0,Low,0.0,0.5907,0,False,False,0.0,-1,0.0,-1,0.0,-1,0.0,-1,False,False,False,False,False,,
run_20260408T152710Z,2026-04-08T15:28:46+00:00,urls.xlsx,urls.xlsx,https://emon793hoky.online,https://emon793hoky.online,,emon793hoky.online,emon793hoky.online,exact,timeout,not_attempted,navigation_timeout,"Page.goto: Timeout 15000ms exceeded. | Call log: - navigating to ""https://emon793hoky.online/"", waiting until ""domcontentloaded""",,,,fae4ae1fa2066570b96f6317bfed85c6aa094221433b2f6d7ff93d746318fad4,,,,,,Kfintech,kfintech.com,0.0,Low,0.0,0.6212,0,False,False,0.0,-1,0.0,-1,0.0,-1,0.0,-1,False,False,False,False,False,,
run_20260408T152710Z,2026-04-08T15:28:46+00:00,urls.xlsx,urls.xlsx,https://roblox303.store,https://roblox303.store,,roblox303.store,roblox303.store,exact,timeout,not_attempted,navigation_timeout,"Page.goto: Timeout 15000ms exceeded. | Call log: - navigating to ""https://roblox303.store/"", waiting until ""domcontentloaded""",,,,55cc0b44c05ba11a2a65250acca4c429ae79f20373096ae19deeb0d32ec32051,,,,,,Reserve Bank of India (RBI),rbi.org.in,0.0,Low,0.0,0.6296,0,False,False,0.0,-1,0.0,-1,0.0,-1,0.0,-1,False,False,False,False,False,,
run_20260408T152710Z,2026-04-08T15:28:46+00:00,urls.xlsx,urls.xlsx,https://kirin77.site,https://kirin77.site,,kirin77.site,kirin77.site,exact,timeout,not_attempted,navigation_timeout,"Page.goto: Timeout 15000ms exceeded. | Call log: - navigating to ""https://kirin77.site/"", waiting until ""domcontentloaded""",,,,d67b406675781b6fa62e81aeb3d8bfce7f8dd506accaf51e24febe6eae238052,,,,,,Kfintech,kfintech.com,0.0,Low,0.0,0.6905,0,False,False,0.0,-1,0.0,-1,0.0,-1,0.0,-1,False,False,False,False,False,,
run_20260408T152710Z,2026-04-08T15:28:47+00:00,urls.xlsx,urls.xlsx,https://hraihpsa.ca,https://hraihpsa.ca,,hraihpsa.ca,hraihpsa.ca,exact,timeout,not_attempted,navigation_timeout,"Page.goto: Timeout 15000ms exceeded. | Call log: - navigating to ""https://hraihpsa.ca/"", waiting until ""domcontentloaded""",,,,07a68eb7db4bac6f7905a602e3c569f97a3044f44f557f02d27ad5fd7bbdabe1,,,,,,Axis Bank,axis.bank.in,0.0,Low,0.0,0.7083,0,False,False,0.0,-1,0.0,-1,0.0,-1,0.0,-1,False,False,False,False,False,,
run_20260408T152710Z,2026-04-08T15:28:47+00:00,urls.xlsx,urls.xlsx,https://saudenervocuremax.shop,https://saudenervocuremax.shop,,saudenervocuremax.shop,saudenervocuremax.shop,exact,timeout,not_attempted,navigation_timeout,"Page.goto: Timeout 15000ms exceeded. | Call log: - navigating to ""https://saudenervocuremax.shop/"", waiting until ""domcontentloaded""",,,,c32c6a97d0438150efb8ebf6cf44162335d559d85cd7d6c8984af8150a5e71ae,,,,,,State Bank of India (SBI),sbicard.com,0.0,Low,0.0,0.6028,0,False,False,0.0,-1,0.0,-1,0.0,-1,0.0,-1,False,False,False,False,False,,
run_20260408T152710Z,2026-04-08T15:28:47+00:00,urls.xlsx,urls.xlsx,https://yktdeo.com,https://yktdeo.com,,yktdeo.com,yktdeo.com,exact,timeout,not_attempted,navigation_timeout,"Page.goto: Timeout 15000ms exceeded. | Call log: - navigating to ""https://yktdeo.com/"", waiting until ""domcontentloaded""",,,,eaafd9a0d2fbc8f06a333ce4c1da0c4eafceb1cbc76d9151df9b4f69f159bdb2,,,,,,Kfintech,kfintech.com,0.0,Low,0.0,0.625,0,False,False,0.0,-1,0.0,-1,0.0,-1,0.0,-1,False,False,False,False,False,,
run_20260408T152710Z,2026-04-08T15:28:47+00:00,urls.xlsx,urls.xlsx,https://bogitekniikka.fi,https://bogitekniikka.fi,,bogitekniikka.fi,bogitekniikka.fi,exact,timeout,not_attempted,navigation_timeout,"Page.goto: Timeout 15000ms exceeded. | Call log: - navigating to ""https://bogitekniikka.fi/"", waiting until ""domcontentloaded""",,,,009ca4d8442e543cbc7012162c40bbf5c9eb61d54ecd005f7f7a9d8dde8f51f5,,,,,,BSE Ltd.,bseindia.com,0.0,Low,0.0,0.6816,0,False,False,0.0,-1,0.0,-1,0.0,-1,0.0,-1,False,False,False,False,False,,
run_20260408T152710Z,2026-04-08T15:28:47+00:00,urls.xlsx,urls.xlsx,https://yataganharem5.click,https://yataganharem5.click,,yataganharem5.click,yataganharem5.click,exact,timeout,not_attempted,navigation_timeout,"Page.goto: Timeout 15000ms exceeded. | Call log: - navigating to ""https://yataganharem5.click/"", waiting until ""domcontentloaded""",,,,047ad2728aa4ff5a144ba7852cd24bc94be2f3255234b85dad321c6532376937,,,,,,Canara Bank,canarabank.bank.in,0.0,Low,0.0,0.6316,0,False,False,0.0,-1,0.0,-1,0.0,-1,0.0,-1,False,False,False,False,False,,
run_20260408T152710Z,2026-04-08T15:28:47+00:00,urls.xlsx,urls.xlsx,https://wintergroupsecurity.com,https://wintergroupsecurity.com,,wintergroupsecurity.com,wintergroupsecurity.com,exact,timeout,not_attempted,navigation_timeout,"Page.goto: Timeout 15000ms exceeded. | Call log: - navigating to ""https://wintergroupsecurity.com/"", waiting until ""domcontentloaded""",,,,b985cb4b7c46ba65bc3832d24e03fd93c648985be024914d978bafcdd9648537,,,,,,Kfintech,kfintech.com,0.0,Low,0.0,0.6294,0,False,False,0.0,-1,0.0,-1,0.0,-1,0.0,-1,False,False,False,False,False,,
run_20260408T152710Z,2026-04-08T15:28:47+00:00,urls.xlsx,urls.xlsx,https://mikogpt.ru,https://mikogpt.ru,,mikogpt.ru,mikogpt.ru,exact,timeout,not_attempted,navigation_timeout,"Page.goto: Timeout 15000ms exceeded. | Call log: - navigating to ""https://mikogpt.ru/"", waiting until ""domcontentloaded""",,,,7eb9c288a29c3fcd239b934eea6a8644d50290f091488295fb164cc98f4432f3,,,,,,Jio,jio.com,0.0,Low,0.0,0.6508,0,False,False,0.0,-1,0.0,-1,0.0,-1,0.0,-1,False,False,False,False,False,,
run_20260408T152710Z,2026-04-08T15:28:49+00:00,urls.xlsx,urls.xlsx,https://anxunh.top,https://anxunh.top,,anxunh.top,anxunh.top,exact,failed,not_attempted,navigation_error,"Page.goto: net::ERR_NAME_NOT_RESOLVED at https://anxunh.top/ | Call log: - navigating to ""https://anxunh.top/"", waiting until ""domcontentloaded""",,,,a5caa541bbe2d6ae84a2e4d31aceaa682e0364b7a132e07b2b54badbb4af01f3,,,,,,IndusInd Bank,indusind.bank.in,0.0,Low,0.0,0.625,0,False,False,0.0,-1,0.0,-1,0.0,-1,0.0,-1,False,False,False,False,False,,
run_20260408T152710Z,2026-04-08T15:28:49+00:00,urls.xlsx,urls.xlsx,https://pack101.org,https://pack101.org,,pack101.org,pack101.org,exact,failed,not_attempted,navigation_error,"Page.goto: net::ERR_NAME_NOT_RESOLVED at https://pack101.org/ | Call log: - navigating to ""https://pack101.org/"", waiting until ""domcontentloaded""",,,,003e649be81173e601dd1c36208d35c203cacf25f630fc47325c46a20164f51f,,,,,,Indian Oil Corporation Limited (IOCL),iocl.com,0.0,Low,0.0,0.5952,0,False,False,0.0,-1,0.0,-1,0.0,-1,0.0,-1,False,False,False,False,False,,
run_20260408T152710Z,2026-04-08T15:28:49+00:00,urls.xlsx,urls.xlsx,https://8740i4ji8ki.shop,https://8740i4ji8ki.shop,,8740i4ji8ki.shop,8740i4ji8ki.shop,exact,failed,not_attempted,navigation_error,"Page.goto: net::ERR_NAME_NOT_RESOLVED at https://8740i4ji8ki.shop/ | Call log: - navigating to ""https://8740i4ji8ki.shop/"", waiting until ""domcontentloaded""",,,,591579753a152b4f7c3641a3be8984e08a64922311f32d6ed3d394258d167e4d,,,,,,Reserve Bank of India (RBI),rbi.org.in,0.0,Low,0.0,0.6162,0,False,False,0.0,-1,0.0,-1,0.0,-1,0.0,-1,False,False,False,False,False,,
run_20260408T152710Z,2026-04-08T15:28:50+00:00,urls.xlsx,urls.xlsx,https://exodusbrk.com,https://exodusbrk.com,,exodusbrk.com,exodusbrk.com,exact,timeout,not_attempted,navigation_timeout,"Page.goto: Timeout 15000ms exceeded. | Call log: - navigating to ""https://exodusbrk.com/"", waiting until ""domcontentloaded""",,,,a45db5c98bf5bfc69108125b17f1e22da5b99eca6871e33f7be9a9bc919742b4,,,,,,Axis Bank,axis.bank.in,0.0,Low,0.0,0.5741,0,False,False,0.0,-1,0.0,-1,0.0,-1,0.0,-1,False,False,False,False,False,,
run_20260408T152710Z,2026-04-08T15:28:53+00:00,urls.xlsx,urls.xlsx,https://alyxara.com,https://alyxara.com,,alyxara.com,alyxara.com,exact,timeout,not_attempted,navigation_timeout,"Page.goto: Timeout 15000ms exceeded. | Call log: - navigating to ""https://alyxara.com/"", waiting until ""domcontentloaded""",,,,742cf90fa32f42a24c69fb52e1add4b21c337a2ac4ebfca00f31ee21f4314ea9,,,,,,Canara Bank,canarabank.bank.in,0.0,Low,0.0,0.6571,0,False,False,0.0,-1,0.0,-1,0.0,-1,0.0,-1,False,False,False,False,False,,
run_20260408T152710Z,2026-04-08T15:29:03+00:00,urls.xlsx,urls.xlsx,https://ank2014.biz,https://ank2014.biz,,ank2014.biz,ank2014.biz,exact,timeout,not_attempted,navigation_timeout,"Page.goto: Timeout 15000ms exceeded. | Call log: - navigating to ""https://ank2014.biz/"", waiting until ""domcontentloaded""",,,,948f5bbca9f915c4405f741bac866397b183529cfe618a80668d5ca8cfc2b6c3,,,,,,Bank of Baroda,bankofbaroda.bank.in,0.0,Low,0.0,0.6349,0,False,False,0.0,-1,0.0,-1,0.0,-1,0.0,-1,False,False,False,False,False,,
run_20260408T152710Z,2026-04-08T15:29:03+00:00,urls.xlsx,urls.xlsx,https://djgekcf.icu,https://djgekcf.icu,,djgekcf.icu,djgekcf.icu,exact,timeout,not_attempted,navigation_timeout,"Page.goto: Timeout 15000ms exceeded. | Call log: - navigating to ""https://djgekcf.icu/"", waiting until ""domcontentloaded""",,,,4ed016e4c3c2c484c35df0ac05683a794efdced6a163ec04a5858703371fe847,,,,,,HDFC Bank,hdfclife.com,0.0,Low,0.0,0.6012,0,False,False,0.0,-1,0.0,-1,0.0,-1,0.0,-1,False,False,False,False,False,,
run_20260408T152710Z,2026-04-08T15:29:03+00:00,urls.xlsx,urls.xlsx,https://thirdshelterpress.com,https://thirdshelterpress.com,,thirdshelterpress.com,thirdshelterpress.com,exact,timeout,not_attempted,navigation_timeout,"Page.goto: Timeout 15000ms exceeded. | Call log: - navigating to ""https://thirdshelterpress.com/"", waiting until ""domcontentloaded""",,,,dad6ff91bccc54c4c91768566c9ca96dfe0ab929312779e9b6eec684bd9d072f,,,,,,Air India,airindiaexpress.com,0.0,Low,0.0,0.6728,0,False,False,0.0,-1,0.0,-1,0.0,-1,0.0,-1,False,False,False,False,False,,
run_20260408T152710Z,2026-04-08T15:29:03+00:00,urls.xlsx,urls.xlsx,https://eatalymarket.shop,https://eatalymarket.shop,,eatalymarket.shop,eatalymarket.shop,exact,timeout,not_attempted,navigation_timeout,"Page.goto: Timeout 15000ms exceeded. | Call log: - navigating to ""https://eatalymarket.shop/"", waiting until ""domcontentloaded""",,,,8c51c9db7e34481065748ceeac1c9fafebf88b9f64a234669daf59daef5015a4,,,,,,Airtel,airtelpayments.bank.in,0.0,Low,0.0,0.7492,0,False,False,0.0,-1,0.0,-1,0.0,-1,0.0,-1,False,False,False,False,False,,
run_20260408T152710Z,2026-04-08T15:29:03+00:00,urls.xlsx,urls.xlsx,https://hollandgroupandassociates.com,https://hollandgroupandassociates.com,,hollandgroupandassociates.com,hollandgroupandassociates.com,exact,timeout,not_attempted,navigation_timeout,"Page.goto: Timeout 15000ms exceeded. | Call log: - navigating to ""https://hollandgroupandassociates.com/"", waiting until ""domcontentloaded""",,,,a4f24258c732aefa3a68a4446f55e2b5725b2f957ab756d6e7669fdb37cd60d2,,,,,,State Bank of India (SBI),homeloans.sbi,0.0,Low,0.0,0.6383,0,False,False,0.0,-1,0.0,-1,0.0,-1,0.0,-1,False,False,False,False,False,,
run_20260408T152710Z,2026-04-08T15:29:03+00:00,urls.xlsx,urls.xlsx,https://dikagegrid.click,https://dikagegrid.click,,dikagegrid.click,dikagegrid.click,exact,timeout,not_attempted,navigation_timeout,"Page.goto: Timeout 15000ms exceeded. | Call log: - navigating to ""https://dikagegrid.click/"", waiting until ""domcontentloaded""",,,,cbce34d4ca247f04de16e4dc6dc0fd4698c6c0dc81efc0b9b10d572ba2db10fc,,,,,,State Bank of India (SBI),sbicard.com,0.0,Low,0.0,0.6571,0,False,False,0.0,-1,0.0,-1,0.0,-1,0.0,-1,False,False,False,False,False,,
run_20260408T152710Z,2026-04-08T15:29:03+00:00,urls.xlsx,urls.xlsx,https://americanexpress-reward00175.ink,https://americanexpress-reward00175.ink,,americanexpress-reward00175.ink,americanexpress-reward00175.ink,exact,timeout,not_attempted,navigation_timeout,"Page.goto: Timeout 15000ms exceeded. | Call log: - navigating to ""https://americanexpress-reward00175.ink/"", waiting until ""domcontentloaded""",,,,77a51e0dcf6d8e0a8a261b0b04f8fbd6e25c4d253386c4d614b5d9b7e2fe8d45,,,,,,Air India,airindiaexpress.com,0.0,Low,0.0,0.6648,0,False,False,0.0,-1,0.0,-1,0.0,-1,0.0,-1,False,False,False,False,False,,
run_20260408T152710Z,2026-04-08T15:29:03+00:00,urls.xlsx,urls.xlsx,https://thinkproguard.com,https://thinkproguard.com,,thinkproguard.com,thinkproguard.com,exact,timeout,not_attempted,navigation_timeout,"Page.goto: Timeout 15000ms exceeded. | Call log: - navigating to ""https://thinkproguard.com/"", waiting until ""domcontentloaded""",,,,96c2fd2d853f760851e6cac4182edaa938d39d1564110851023936609d7e6238,,,,,,Jio,jio.com,0.0,Low,0.0,0.6068,0,False,False,0.0,-1,0.0,-1,0.0,-1,0.0,-1,False,False,False,False,False,,
run_20260408T152710Z,2026-04-08T15:29:03+00:00,urls.xlsx,urls.xlsx,https://hysefo.com,https://hysefo.com,,hysefo.com,hysefo.com,exact,timeout,not_attempted,navigation_timeout,"Page.goto: Timeout 15000ms exceeded. | Call log: - navigating to ""https://hysefo.com/"", waiting until ""domcontentloaded""",,,,ab2298213fe27bf9ca2d86f28aaa71661a233122f5a17f11962c5bd9a7983471,,,,,,HDFC Bank,hdfc.bank.in,0.0,Low,0.0,0.6111,0,False,False,0.0,-1,0.0,-1,0.0,-1,0.0,-1,False,False,False,False,False,,
run_20260408T152710Z,2026-04-08T15:29:03+00:00,urls.xlsx,urls.xlsx,https://discretion.shop,https://discretion.shop,,discretion.shop,discretion.shop,exact,timeout,not_attempted,navigation_timeout,"Page.goto: Timeout 15000ms exceeded. | Call log: - navigating to ""https://discretion.shop/"", waiting until ""domcontentloaded""",,,,03df7b4066d1f156e465cd7b9f64acf84696e021ad422b66fdefc0b6d5230b91,,,,,,IDFC FIRST Bank,idfcfirst.bank.in,0.0,Low,0.0,0.6444,0,False,False,0.0,-1,0.0,-1,0.0,-1,0.0,-1,False,False,False,False,False,,
run_20260408T152710Z,2026-04-08T15:29:03+00:00,urls.xlsx,urls.xlsx,https://netsafe.ovh,https://netsafe.ovh,,netsafe.ovh,netsafe.ovh,exact,timeout,not_attempted,navigation_timeout,"Page.goto: Timeout 15000ms exceeded. | Call log: - navigating to ""https://netsafe.ovh/"", waiting until ""domcontentloaded""",,,,3202549e723a55ae66a7e91a286c1249823b8354d5141beb87dca6484763df87,,,,,,BSE Ltd.,bsestarmf.in,0.0,Low,0.0,0.6899,0,False,False,0.0,-1,0.0,-1,0.0,-1,0.0,-1,False,False,False,False,False,,
run_20260408T152710Z,2026-04-08T15:29:04+00:00,urls.xlsx,urls.xlsx,https://aithink.world,https://aithink.world,,aithink.world,aithink.world,exact,failed,not_attempted,navigation_error,"Page.goto: net::ERR_NAME_NOT_RESOLVED at https://aithink.world/ | Call log: - navigating to ""https://aithink.world/"", waiting until ""domcontentloaded""",,,,395b155a5a2d2bcc1668d27ab8c8b2b3a44731dc735ffab4cb2fcbd14ef988d8,,,,,,All India Institute of Medical Sciences (AIIMS),aiims.edu,0.0,Low,0.0,0.6762,0,False,False,0.0,-1,0.0,-1,0.0,-1,0.0,-1,False,False,False,False,False,,
run_20260408T152710Z,2026-04-08T15:29:05+00:00,urls.xlsx,urls.xlsx,https://optimacapitalvc.com,https://optimacapitalvc.com,,optimacapitalvc.com,optimacapitalvc.com,exact,timeout,not_attempted,navigation_timeout,"Page.goto: Timeout 15000ms exceeded. | Call log: - navigating to ""https://optimacapitalvc.com/"", waiting until ""domcontentloaded""",,,,774be7bf1b6bad9c50bd2009d5e5a60861368e50dc9d5fac5a0814a653501f6f,,,,,,ICICI Bank,icici.bank.in,0.0,Low,0.0,0.6,0,False,False,0.0,-1,0.0,-1,0.0,-1,0.0,-1,False,False,False,False,False,,
run_20260408T152710Z,2026-04-08T15:29:05+00:00,urls.xlsx,urls.xlsx,https://zrsanalyst.com,https://zrsanalyst.com,,zrsanalyst.com,zrsanalyst.com,exact,timeout,not_attempted,navigation_timeout,"Page.goto: Timeout 15000ms exceeded. | Call log: - navigating to ""https://zrsanalyst.com/"", waiting until ""domcontentloaded""",,,,c832e8b22359479050bf3f34c13b4110615ab8f7259d82b62ad4cefa34e32e2f,,,,,,Bharat Sanchar Nigam Limited (BSNL),bsnl.co.in,0.0,Low,0.0,0.6833,0,False,False,0.0,-1,0.0,-1,0.0,-1,0.0,-1,False,False,False,False,False,,
run_20260408T152710Z,2026-04-08T15:29:05+00:00,urls.xlsx,urls.xlsx,https://root-ro.info,https://root-ro.info,,root-ro.info,root-ro.info,exact,timeout,not_attempted,navigation_timeout,"Page.goto: Timeout 15000ms exceeded. | Call log: - navigating to ""https://root-ro.info/"", waiting until ""domcontentloaded""",,,,aa1fa7f1be9772abf96bb1f864464a8779e1692b01ff4ce5f20638d20ccca56b,,,,,,"Civil Registration System, MHA (RGCCI)",crsorgi.gov.in,0.0,Low,0.0,0.619,0,False,False,0.0,-1,0.0,-1,0.0,-1,0.0,-1,False,False,False,False,False,,
run_20260408T152710Z,2026-04-08T15:29:05+00:00,urls.xlsx,urls.xlsx,https://syxtherocrex.world,https://syxtherocrex.world,,syxtherocrex.world,syxtherocrex.world,exact,timeout,not_attempted,navigation_timeout,"Page.goto: Timeout 15000ms exceeded. | Call log: - navigating to ""https://syxtherocrex.world/"", waiting until ""domcontentloaded""",,,,08f5b94ca807320ad44d7545c98f496d3a2bdfd9eb167021eb77ff30200cf803,,,,,,HDFC Bank,hdfc.bank.in,0.0,Low,0.0,0.5556,0,False,False,0.0,-1,0.0,-1,0.0,-1,0.0,-1,False,False,False,False,False,,
run_20260408T152710Z,2026-04-08T15:29:08+00:00,urls.xlsx,urls.xlsx,https://snowtime.shop,https://snowtime.shop,,snowtime.shop,snowtime.shop,exact,timeout,not_attempted,navigation_timeout,"Page.goto: Timeout 15000ms exceeded. | Call log: - navigating to ""https://snowtime.shop/"", waiting until ""domcontentloaded""",,,,881da581f345737a7cc5a4eedf60bd741d24ef60458ad49f2f7f279dad05de24,,,,,,Computer Age Management Services Ltd. (CAMS),camsonline.com,0.0,Low,0.0,0.6722,0,False,False,0.0,-1,0.0,-1,0.0,-1,0.0,-1,False,False,False,False,False,,
run_20260408T152710Z,2026-04-08T15:29:18+00:00,urls.xlsx,urls.xlsx,https://e7v7c6y.com,https://e7v7c6y.com,,e7v7c6y.com,e7v7c6y.com,exact,timeout,not_attempted,navigation_timeout,"Page.goto: Timeout 15000ms exceeded. | Call log: - navigating to ""https://e7v7c6y.com/"", waiting until ""domcontentloaded""",,,,1a8d1fb32abc9107e4aa3cf4ed5441a8ab3fc563a69b5fcfc047e08651a2332b,,,,,,Indian Space Research Organisation (ISRO),vssc.gov.in,0.0,Low,0.0,0.5952,0,False,False,0.0,-1,0.0,-1,0.0,-1,0.0,-1,False,False,False,False,False,,
run_20260408T152710Z,2026-04-08T15:29:18+00:00,urls.xlsx,urls.xlsx,https://bexarcasino.space,https://bexarcasino.space,,bexarcasino.space,bexarcasino.space,exact,timeout,not_attempted,navigation_timeout,"Page.goto: Timeout 15000ms exceeded. | Call log: - navigating to ""https://bexarcasino.space/"", waiting until ""domcontentloaded""",,,,35ee83a7063c958a606b310389c1a4fee0fb381329d359928e52159590f09f09,,,,,,Election Commision of India (ECI),eci.gov.in,0.0,Low,0.0,0.6162,0,False,False,0.0,-1,0.0,-1,0.0,-1,0.0,-1,False,False,False,False,False,,
run_20260408T152710Z,2026-04-08T15:29:18+00:00,urls.xlsx,urls.xlsx,https://swiftdrops.store,https://swiftdrops.store,,swiftdrops.store,swiftdrops.store,exact,timeout,not_attempted,navigation_timeout,"Page.goto: Timeout 15000ms exceeded. | Call log: - navigating to ""https://swiftdrops.store/"", waiting until ""domcontentloaded""",,,,f241cdb9410d2684922c5309f55876d620a23aabc7680101eaa69bf112bbfd20,,,,,,IDFC FIRST Bank,idfcfirst.bank.in,0.0,Low,0.0,0.6444,0,False,False,0.0,-1,0.0,-1,0.0,-1,0.0,-1,False,False,False,False,False,,
run_20260408T152710Z,2026-04-08T15:29:18+00:00,urls.xlsx,urls.xlsx,https://beatyourbuddies.online,https://beatyourbuddies.online,,beatyourbuddies.online,beatyourbuddies.online,exact,timeout,not_attempted,navigation_timeout,"Page.goto: Timeout 15000ms exceeded. | Call log: - navigating to ""https://beatyourbuddies.online/"", waiting until ""domcontentloaded""",,,,69de822156d0094dfe412934a6eb8695baaa192f28bd0d6043514b073b4f94fb,,,,,,State Bank of India (SBI),sbisecurities.in,0.0,Low,0.0,0.6329,0,False,False,0.0,-1,0.0,-1,0.0,-1,0.0,-1,False,False,False,False,False,,
run_20260408T152710Z,2026-04-08T15:29:18+00:00,urls.xlsx,urls.xlsx,https://allnaturalherbalmedicines.com,https://allnaturalherbalmedicines.com,,allnaturalherbalmedicines.com,allnaturalherbalmedicines.com,exact,timeout,not_attempted,navigation_timeout,"Page.goto: Timeout 15000ms exceeded. | Call log: - navigating to ""https://allnaturalherbalmedicines.com/"", waiting until ""domcontentloaded""",,,,78c3db3b01be859ef398fe9ee3c1d5e606dafaf04b1691acea1099a5384b2f8a,,,,,,Canara Bank,canararobeco.com,0.0,Low,0.0,0.6663,0,False,False,0.0,-1,0.0,-1,0.0,-1,0.0,-1,False,False,False,False,False,,
run_20260408T152710Z,2026-04-08T15:29:18+00:00,urls.xlsx,urls.xlsx,https://tonerrefillstoreho.shop,https://tonerrefillstoreho.shop,,tonerrefillstoreho.shop,tonerrefillstoreho.shop,exact,timeout,not_attempted,navigation_timeout,"Page.goto: Timeout 15000ms exceeded. | Call log: - navigating to ""https://tonerrefillstoreho.shop/"", waiting until ""domcontentloaded""",,,,d6885f4eb433e5a34022c856b33e0c1f7aa883e275b5fbae988d03e9560ad390,,,,,,State Bank of India (SBI),corp.onlinesbi.sbi,0.0,Low,0.0,0.6111,0,False,False,0.0,-1,0.0,-1,0.0,-1,0.0,-1,False,False,False,False,False,,
run_20260408T152710Z,2026-04-08T15:29:18+00:00,urls.xlsx,urls.xlsx,https://scarpe-it.ru,https://scarpe-it.ru,,scarpe-it.ru,scarpe-it.ru,exact,timeout,not_attempted,navigation_timeout,"Page.goto: Timeout 15000ms exceeded. | Call log: - navigating to ""https://scarpe-it.ru/"", waiting until ""domcontentloaded""",,,,9783a8ba1f759edebc13e9235f22c3597adc461821d5ba6a5c458a72882aa373,,,,,,State Bank of India (SBI),sbicard.com,0.0,Low,0.0,0.672,0,False,False,0.0,-1,0.0,-1,0.0,-1,0.0,-1,False,False,False,False,False,,
run_20260408T152710Z,2026-04-08T15:29:18+00:00,urls.xlsx,urls.xlsx,https://charmenowho.shop,https://charmenowho.shop,,charmenowho.shop,charmenowho.shop,exact,timeout,not_attempted,navigation_timeout,"Page.goto: Timeout 15000ms exceeded. | Call log: - navigating to ""https://charmenowho.shop/"", waiting until ""domcontentloaded""",,,,85f672820f1f3c95127009a836fc9847dc016b219492fddf89f661952a12807e,,,,,,Computer Age Management Services Ltd. (CAMS),camsonline.com,0.0,Low,0.0,0.6596,0,False,False,0.0,-1,0.0,-1,0.0,-1,0.0,-1,False,False,False,False,False,,
run_20260408T152710Z,2026-04-08T15:29:19+00:00,urls.xlsx,urls.xlsx,https://ub-futas.hu,https://ub-futas.hu,,ub-futas.hu,ub-futas.hu,exact,timeout,not_attempted,navigation_timeout,"Page.goto: Timeout 15000ms exceeded. | Call log: - navigating to ""https://ub-futas.hu/"", waiting until ""domcontentloaded""",,,,a5bd694580696bd53adb99de0c0cc4aa601dfb538171cbecddccfed6b4c8765c,,,,,,BSE Ltd.,bsestarmf.in,0.0,Low,0.0,0.5694,0,False,False,0.0,-1,0.0,-1,0.0,-1,0.0,-1,False,False,False,False,False,,
run_20260408T152710Z,2026-04-08T15:29:19+00:00,urls.xlsx,urls.xlsx,https://piezosistem.com,https://piezosistem.com,,piezosistem.com,piezosistem.com,exact,timeout,not_attempted,navigation_timeout,"Page.goto: Timeout 15000ms exceeded. | Call log: - navigating to ""https://piezosistem.com/"", waiting until ""domcontentloaded""",,,,887dd4ee048b2c85a96def2a4e2a07bb86c694b83c8e963ed526f25232d4d62d,,,,,,State Bank of India (SBI),sbisecurities.in,0.0,Low,0.0,0.6297,0,False,False,0.0,-1,0.0,-1,0.0,-1,0.0,-1,False,False,False,False,False,,
run_20260408T152710Z,2026-04-08T15:29:19+00:00,urls.xlsx,urls.xlsx,https://intelectusai.com,https://intelectusai.com,,intelectusai.com,intelectusai.com,exact,failed,not_attempted,navigation_error,"Page.goto: net::ERR_NAME_NOT_RESOLVED at https://intelectusai.com/ | Call log: - navigating to ""https://intelectusai.com/"", waiting until ""domcontentloaded""",,,,63828ffb39f375c97ab055315a50e38826ba7d46ecddaefcc4f4286062228cdd,,,,,,Kfintech,kfintech.com,0.0,Low,0.0,0.6806,0,False,False,0.0,-1,0.0,-1,0.0,-1,0.0,-1,False,False,False,False,False,,
run_20260408T152710Z,2026-04-08T15:29:19+00:00,urls.xlsx,urls.xlsx,https://eeeey.cc,https://eeeey.cc,,eeeey.cc,eeeey.cc,exact,timeout,not_attempted,navigation_timeout,"Page.goto: Timeout 15000ms exceeded. | Call log: - navigating to ""https://eeeey.cc/"", waiting until ""domcontentloaded""",,,,63cc5586ce823f660138becf5f60f15f262f9e9b08d19bb3316ecb7f0a89d9b4,,,,,,Airtel,airtelpayments.bank.in,0.0,Low,0.0,0.5143,0,False,False,0.0,-1,0.0,-1,0.0,-1,0.0,-1,False,False,False,False,False,,
run_20260408T152710Z,2026-04-08T15:29:20+00:00,urls.xlsx,urls.xlsx,https://shelbyserves.com,https://shelbyserves.com,,shelbyserves.com,shelbyserves.com,exact,timeout,not_attempted,navigation_timeout,"Page.goto: Timeout 15000ms exceeded. | Call log: - navigating to ""https://shelbyserves.com/"", waiting until ""domcontentloaded""",,,,09dec4d09930161fab012ec1ea44374b4602294f2d1dc9bb18311ef13f4fca13,,,,,,State Bank of India (SBI),sbisecurities.in,0.0,Low,0.0,0.612,0,False,False,0.0,-1,0.0,-1,0.0,-1,0.0,-1,False,False,False,False,False,,
run_20260408T152710Z,2026-04-08T15:29:20+00:00,urls.xlsx,urls.xlsx,https://learningonly.store,https://learningonly.store,,learningonly.store,learningonly.store,exact,timeout,not_attempted,navigation_timeout,"Page.goto: Timeout 15000ms exceeded. | Call log: - navigating to ""https://learningonly.store/"", waiting until ""domcontentloaded""",,,,0b6db956da1b89c8061fb51e2cb7fca27e0f778385fa84dad53fec2c4c2d7fe8,,,,,,Airtel,airtel.in,0.0,Low,0.0,0.6167,0,False,False,0.0,-1,0.0,-1,0.0,-1,0.0,-1,False,False,False,False,False,,
run_20260408T152710Z,2026-04-08T15:29:20+00:00,urls.xlsx,urls.xlsx,https://tutera.ru,https://tutera.ru,,tutera.ru,tutera.ru,exact,timeout,not_attempted,navigation_timeout,"Page.goto: Timeout 15000ms exceeded. | Call log: - navigating to ""https://tutera.ru/"", waiting until ""domcontentloaded""",,,,c31389eaa8abc63933a26b071fc68e0a21863be70e17feb0dd4b768ad0eee1b7,,,,,,"Unique Identification Authority of India (UIDAI)
",uidai.gov.in,0.0,Low,0.0,0.5778,0,False,False,0.0,-1,0.0,-1,0.0,-1,0.0,-1,False,False,False,False,False,,
run_20260408T152710Z,2026-04-08T15:29:20+00:00,urls.xlsx,urls.xlsx,https://gothamfinn.co,https://gothamfinn.co,,gothamfinn.co,gothamfinn.co,exact,timeout,not_attempted,navigation_timeout,"Page.goto: Timeout 15000ms exceeded. | Call log: - navigating to ""https://gothamfinn.co/"", waiting until ""domcontentloaded""",,,,b831a5fb745156c902b3c8e7ca1811123e73b64e49825da44a472811bf191c49,,,,,,Computer Age Management Services Ltd. (CAMS),camsonline.com,0.0,Low,0.0,0.6222,0,False,False,0.0,-1,0.0,-1,0.0,-1,0.0,-1,False,False,False,False,False,,
run_20260408T152710Z,2026-04-08T15:29:23+00:00,urls.xlsx,urls.xlsx,https://penn-hpp.com,https://penn-hpp.com,,penn-hpp.com,penn-hpp.com,exact,timeout,not_attempted,navigation_timeout,"Page.goto: Timeout 15000ms exceeded. | Call log: - navigating to ""https://penn-hpp.com/"", waiting until ""domcontentloaded""",,,,5efc327ddb5c2283a93acaafb80ffa5c6506637ef2006d5d4bd9e4b3d0adaa60,,,,,,Punjab National Bank (PNB),pnb.bank.in,0.0,Low,0.0,0.6389,0,False,False,0.0,-1,0.0,-1,0.0,-1,0.0,-1,False,False,False,False,False,,
run_20260408T152710Z,2026-04-08T15:29:26+00:00,urls.xlsx,urls.xlsx,https://192.168.1,https://192.168.1,https://192.168.0.1/admin/index.html#/home,192.168.1,192.168.0.1,exact,fetched,available,,,,,C:\Users\SATWIK\Documents\Phishing\phishing_pipeline\screens\1.png,f927cd4ff99aaf6cda61afc4e84aa76e6c7f3eecc1fceb83e33eac9eeb6f11c5,,,,,,Airtel,airtelpayments.bank.in,0.0,Low,0.0,0.6905,0,False,False,0.0,-1,0.0,-1,0.0,-1,0.0,-1,False,False,False,False,False,,
run_20260408T152710Z,2026-04-08T15:29:26+00:00,urls.xlsx,urls.xlsx,https://reward-expiry.com,https://reward-expiry.com,,reward-expiry.com,reward-expiry.com,exact,failed,not_attempted,navigation_error,"Page.goto: net::ERR_NAME_NOT_RESOLVED at https://reward-expiry.com/ | Call log: - navigating to ""https://reward-expiry.com/"", waiting until ""domcontentloaded""",,,,a64f8193e40b205ba53ce1f6345327b277adbbc48c1ecf76579c8f907244c4a7,,,,,,Air India,airindiaexpress.com,0.0,Low,0.0,0.5912,0,False,False,0.0,-1,0.0,-1,0.0,-1,0.0,-1,False,False,False,False,False,,
run_20260408T152710Z,2026-04-08T15:29:34+00:00,urls.xlsx,urls.xlsx,https://uk-travel.ru,https://uk-travel.ru,,uk-travel.ru,uk-travel.ru,exact,timeout,not_attempted,navigation_timeout,"Page.goto: Timeout 15000ms exceeded. | Call log: - navigating to ""https://uk-travel.ru/"", waiting until ""domcontentloaded""",,,,bbc635e40ee0828acfc0f553f260046434189231acb39a7122a2a7529f53d53e,,,,,,Airtel,airtel.in,0.0,Low,0.0,0.6204,0,False,False,0.0,-1,0.0,-1,0.0,-1,0.0,-1,False,False,False,False,False,,
run_20260408T152710Z,2026-04-08T15:29:34+00:00,urls.xlsx,urls.xlsx,https://slexironphdrexox.world,https://slexironphdrexox.world,,slexironphdrexox.world,slexironphdrexox.world,exact,timeout,not_attempted,navigation_timeout,"Page.goto: Timeout 15000ms exceeded. | Call log: - navigating to ""https://slexironphdrexox.world/"", waiting until ""domcontentloaded""",,,,7f0de767ce73b467cf5cc865920aa1d29ca8df4701c959f5b82a5708b226e5d2,,,,,,BSE Ltd.,bseindia.com,0.0,Low,0.0,0.6458,0,False,False,0.0,-1,0.0,-1,0.0,-1,0.0,-1,False,False,False,False,False,,
run_20260408T152710Z,2026-04-08T15:29:34+00:00,urls.xlsx,urls.xlsx,https://doggiemax.com,https://doggiemax.com,,doggiemax.com,doggiemax.com,exact,timeout,not_attempted,navigation_timeout,"Page.goto: Timeout 15000ms exceeded. | Call log: - navigating to ""https://doggiemax.com/"", waiting until ""domcontentloaded""",,,,fa1f79389ca2f463c2cc8b75575d3ade811549ada9633511df0174eef9d91299,,,,,,Axis Bank,axismaxlife.com,0.0,Low,0.0,0.6027,0,False,False,0.0,-1,0.0,-1,0.0,-1,0.0,-1,False,False,False,False,False,,
run_20260408T152710Z,2026-04-08T15:29:34+00:00,urls.xlsx,urls.xlsx,https://vertexapexgroupoptimalprocess.blog,https://vertexapexgroupoptimalprocess.blog,,vertexapexgroupoptimalprocess.blog,vertexapexgroupoptimalprocess.blog,exact,timeout,not_attempted,navigation_timeout,"Page.goto: Timeout 15000ms exceeded. | Call log: - navigating to ""https://vertexapexgroupoptimalprocess.blog/"", waiting until ""domcontentloaded""",,,,22f2b9a907e7485214b85b612ce0ab4a8a81c7a8751622d8cdd72b8359abd147,,,,,,Indian Railway Catering and Tourism Corporation (IRCTC),irctctourism.com,0.0,Low,0.0,0.6058,0,False,False,0.0,-1,0.0,-1,0.0,-1,0.0,-1,False,False,False,False,False,,
run_20260408T152710Z,2026-04-08T15:29:34+00:00,urls.xlsx,urls.xlsx,https://ivqojlz1513.top,https://ivqojlz1513.top,,ivqojlz1513.top,ivqojlz1513.top,exact,timeout,not_attempted,navigation_timeout,"Page.goto: Timeout 15000ms exceeded. | Call log: - navigating to ""https://ivqojlz1513.top/"", waiting until ""domcontentloaded""",,,,6938cdf8d182aa5636783e07c3eb8fd0d79d5e8ec73566aa825c61e7b5815999,,,,,,Indian Oil Corporation Limited (IOCL),iocl.com,0.0,Low,0.0,0.6742,0,False,False,0.0,-1,0.0,-1,0.0,-1,0.0,-1,False,False,False,False,False,,
run_20260408T152710Z,2026-04-08T15:29:34+00:00,urls.xlsx,urls.xlsx,https://navaitour.online,https://navaitour.online,,navaitour.online,navaitour.online,exact,timeout,not_attempted,navigation_timeout,"Page.goto: Timeout 15000ms exceeded. | Call log: - navigating to ""https://navaitour.online/"", waiting until ""domcontentloaded""",,,,188af5f5e21137a8f9f97883a50aad9adbcde9d276bb699c0844e3de18956270,,,,,,Indian Railway Catering and Tourism Corporation (IRCTC),irctctourism.com,0.0,Low,0.0,0.6574,0,False,False,0.0,-1,0.0,-1,0.0,-1,0.0,-1,False,False,False,False,False,,
run_20260408T152710Z,2026-04-08T15:29:34+00:00,urls.xlsx,urls.xlsx,https://perchproject.org,https://perchproject.org,,perchproject.org,perchproject.org,exact,timeout,not_attempted,navigation_timeout,"Page.goto: Timeout 15000ms exceeded. | Call log: - navigating to ""https://perchproject.org/"", waiting until ""domcontentloaded""",,,,fdf66ab4975449a246cfa1a0aa18b0d6dd5349949e502b8387ae53721e3fefc4,,,,,,Canara Bank,canararobeco.com,0.0,Low,0.0,0.6111,0,False,False,0.0,-1,0.0,-1,0.0,-1,0.0,-1,False,False,False,False,False,,
run_20260408T152710Z,2026-04-08T15:29:34+00:00,urls.xlsx,urls.xlsx,https://5ggnp.buzz,https://5ggnp.buzz,,5ggnp.buzz,5ggnp.buzz,exact,timeout,not_attempted,navigation_timeout,"Page.goto: Timeout 15000ms exceeded. | Call log: - navigating to ""https://5ggnp.buzz/"", waiting until ""domcontentloaded""",,,,28f5872b367f8d99cc6cef24713f8a88c665f3c532f73712ed0a3c6341b8c14e,,,,,,Bharat Sanchar Nigam Limited (BSNL),bsnl.co.in,0.0,Low,0.0,0.6333,0,False,False,0.0,-1,0.0,-1,0.0,-1,0.0,-1,False,False,False,False,False,,
run_20260408T152710Z,2026-04-08T15:29:34+00:00,urls.xlsx,urls.xlsx,https://777gvipclub.com,https://777gvipclub.com,,777gvipclub.com,777gvipclub.com,exact,timeout,not_attempted,navigation_timeout,"Page.goto: Timeout 15000ms exceeded. | Call log: - navigating to ""https://777gvipclub.com/"", waiting until ""domcontentloaded""",,,,96822712666fb2647b9a335fa59e1da4686e1bc8fd446cb31669fd1caf103cf7,,,,,,National Informatics Centre (NIC),accounts.mgovcloud.in,0.0,Low,0.0,0.67,0,False,False,0.0,-1,0.0,-1,0.0,-1,0.0,-1,False,False,False,False,False,,
run_20260408T152710Z,2026-04-08T15:29:34+00:00,urls.xlsx,urls.xlsx,https://thepatoolkit.com,https://thepatoolkit.com,,thepatoolkit.com,thepatoolkit.com,exact,timeout,not_attempted,navigation_timeout,"Page.goto: Timeout 15000ms exceeded. | Call log: - navigating to ""https://thepatoolkit.com/"", waiting until ""domcontentloaded""",,,,fff1749187f625f0efa4ed96ba39abe824a5a479cd956a0907e41ca23ffcfb21,,,,,,National Health Authority (NHA),nha.gov.in,0.0,Low,0.0,0.6111,0,False,False,0.0,-1,0.0,-1,0.0,-1,0.0,-1,False,False,False,False,False,,
run_20260408T152710Z,2026-04-08T15:29:34+00:00,urls.xlsx,urls.xlsx,https://zentozavoveltopentolaxinilo.click,https://zentozavoveltopentolaxinilo.click,,zentozavoveltopentolaxinilo.click,zentozavoveltopentolaxinilo.click,exact,timeout,not_attempted,navigation_timeout,"Page.goto: Timeout 15000ms exceeded. | Call log: - navigating to ""https://zentozavoveltopentolaxinilo.click/"", waiting until ""domcontentloaded""",,,,ec83c938745ad8d03e6375d3fb56a2d95d01b558c17a1957a8afc5acf8884408,,,,,,Punjab National Bank (PNB),netpnb.com,0.0,Low,0.0,0.6062,0,False,False,0.0,-1,0.0,-1,0.0,-1,0.0,-1,False,False,False,False,False,,
run_20260408T152710Z,2026-04-08T15:29:34+00:00,urls.xlsx,urls.xlsx,https://secure-login.com,https://secure-login.com,,secure-login.com,secure-login.com,exact,failed,not_attempted,navigation_error,"Page.goto: net::ERR_NAME_NOT_RESOLVED at https://secure-login.com/ | Call log: - navigating to ""https://secure-login.com/"", waiting until ""domcontentloaded""",,,,b96b7ed2d461ab5b59a6a1b516d3e2a0268729374a9c63278195b59f75a78c28,,,,,,"Civil Registration System, MHA (RGCCI)",crsorgi.gov.in,0.0,Low,0.0,0.7302,0,False,False,0.0,-1,0.0,-1,0.0,-1,0.0,-1,False,False,False,False,False,,
run_20260408T152710Z,2026-04-08T15:29:34+00:00,urls.xlsx,urls.xlsx,https://pnblndia-app.in,https://pnblndia-app.in,,pnblndia-app.in,pnblndia-app.in,exact,failed,not_attempted,navigation_error,"Page.goto: net::ERR_NAME_NOT_RESOLVED at https://pnblndia-app.in/ | Call log: - navigating to ""https://pnblndia-app.in/"", waiting until ""domcontentloaded""",,,,d49ea9adc156ba51a6492e6d4de4b363a48c52a1e355e495c5d06598f3c03081,,,,,,Punjab National Bank (PNB),pnbindia.in,0.0,Low,0.0,0.8403,0,False,False,0.0,-1,0.0,-1,0.0,-1,0.0,-1,False,False,False,False,False,,
run_20260408T152710Z,2026-04-08T15:29:34+00:00,urls.xlsx,urls.xlsx,https://cppcccare.com,https://cppcccare.com,,cppcccare.com,cppcccare.com,exact,failed,not_attempted,navigation_error,"Page.goto: net::ERR_NAME_NOT_RESOLVED at https://cppcccare.com/ | Call log: - navigating to ""https://cppcccare.com/"", waiting until ""domcontentloaded""",,,,41ed3ed38c7cb39537e37997738cb15816edf9b86bfa710621a726abd8115d73,,,,,,Income Tax Department,contents.tdscpc.gov.in,0.0,Low,0.0,0.6111,0,False,False,0.0,-1,0.0,-1,0.0,-1,0.0,-1,False,False,False,False,False,,
run_20260408T152710Z,2026-04-08T15:29:34+00:00,urls.xlsx,urls.xlsx,https://verify-account.net,https://verify-account.net,,verify-account.net,verify-account.net,exact,failed,not_attempted,navigation_error,"Page.goto: net::ERR_NAME_NOT_RESOLVED at https://verify-account.net/ | Call log: - navigating to ""https://verify-account.net/"", waiting until ""domcontentloaded""",,,,642412989c17a6f3b81b757cbe11fae16afa5168cead2be837aa28f36d3d1a53,,,,,,Election Commision of India (ECI),eci.gov.in,0.0,Low,0.0,0.6032,0,False,False,0.0,-1,0.0,-1,0.0,-1,0.0,-1,False,False,False,False,False,,
run_20260408T152710Z,2026-04-08T15:29:34+00:00,urls.xlsx,urls.xlsx,https://icic-bank.com,https://icic-bank.com,,icic-bank.com,icic-bank.com,exact,failed,not_attempted,navigation_error,"Page.goto: net::ERR_NAME_NOT_RESOLVED at https://icic-bank.com/ | Call log: - navigating to ""https://icic-bank.com/"", waiting until ""domcontentloaded""",,,,35bd509d454c0fbcb8b1fc29cb92c2d261a4f3220c3c9f0dda663e1a841e1d28,,,,,,ICICI Bank,icici.bank.in,0.0,Low,0.0,0.8489,0,False,False,0.0,-1,0.0,-1,0.0,-1,0.0,-1,False,False,False,False,False,,
run_20260408T152710Z,2026-04-08T15:29:34+00:00,urls.xlsx,urls.xlsx,https://update-account.online,https://update-account.online,,update-account.online,update-account.online,exact,failed,not_attempted,navigation_error,"Page.goto: net::ERR_NAME_NOT_RESOLVED at https://update-account.online/ | Call log: - navigating to ""https://update-account.online/"", waiting until ""domcontentloaded""",,,,9872c49d58bd4f92c6407fbff9fdbca6ebf8112039ec07f71fa1d88bf596075b,,,,,,Income Tax Department,contents.tdscpc.gov.in,0.0,Low,0.0,0.6635,0,False,False,0.0,-1,0.0,-1,0.0,-1,0.0,-1,False,False,False,False,False,,
run_20260408T152710Z,2026-04-08T15:29:34+00:00,urls.xlsx,urls.xlsx,https://accountauthenticate.com,https://accountauthenticate.com,,accountauthenticate.com,accountauthenticate.com,exact,failed,not_attempted,navigation_error,"Page.goto: net::ERR_NAME_NOT_RESOLVED at https://accountauthenticate.com/ | Call log: - navigating to ""https://accountauthenticate.com/"", waiting until ""domcontentloaded""",,,,cdc08ca6a9b3361c85a447ca0cc6223c83245ee6058b5f9e28ca719ebf244efa,,,,,,Income Tax Department,incometaxindia.gov.in,0.0,Low,0.0,0.6314,0,False,False,0.0,-1,0.0,-1,0.0,-1,0.0,-1,False,False,False,False,False,,
run_20260408T152710Z,2026-04-08T15:29:34+00:00,urls.xlsx,urls.xlsx,https://786786786786.com,https://786786786786.com,,786786786786.com,786786786786.com,exact,failed,not_attempted,navigation_error,"Page.goto: net::ERR_NAME_NOT_RESOLVED at https://786786786786.com/ | Call log: - navigating to ""https://786786786786.com/"", waiting until ""domcontentloaded""",,,,1c75ff06aa26a27485e13ed02ceeecb1090ebc1d0058aec92ded21e0588433e0,,,,,,Punjab National Bank (PNB),netpnb.com,0.0,Low,0.0,0.5,0,False,False,0.0,-1,0.0,-1,0.0,-1,0.0,-1,False,False,False,False,False,,
run_20260408T152710Z,2026-04-08T15:29:35+00:00,urls.xlsx,urls.xlsx,https://logrenuunics.com,https://logrenuunics.com,,logrenuunics.com,logrenuunics.com,exact,timeout,not_attempted,navigation_timeout,"Page.goto: Timeout 15000ms exceeded. | Call log: - navigating to ""https://logrenuunics.com/"", waiting until ""domcontentloaded""",,,,d5fd4038320931aa8bc4f3b22bf7bfd19b2f37886181e2eb2fcce3c3172f706b,,,,,,State Bank of India (SBI),corp.onlinesbi.sbi,0.0,Low,0.0,0.6442,0,False,False,0.0,-1,0.0,-1,0.0,-1,0.0,-1,False,False,False,False,False,,
run_20260408T152710Z,2026-04-08T15:29:35+00:00,urls.xlsx,urls.xlsx,https://hixemuzydo.pro,https://hixemuzydo.pro,,hixemuzydo.pro,hixemuzydo.pro,exact,timeout,not_attempted,navigation_timeout,"Page.goto: Timeout 15000ms exceeded. | Call log: - navigating to ""https://hixemuzydo.pro/"", waiting until ""domcontentloaded""",,,,c05ec8b727dc3ff655d0e2a14a03ee50c6cec9b81b7d4e81adb879af180f14a2,,,,,,Income Tax Department,incometaxindia.gov.in,0.0,Low,0.0,0.5651,0,False,False,0.0,-1,0.0,-1,0.0,-1,0.0,-1,False,False,False,False,False,,
run_20260408T152710Z,2026-04-08T15:29:35+00:00,urls.xlsx,urls.xlsx,https://aifinance.global,https://aifinance.global,,aifinance.global,aifinance.global,exact,timeout,not_attempted,navigation_timeout,"Page.goto: Timeout 15000ms exceeded. | Call log: - navigating to ""https://aifinance.global/"", waiting until ""domcontentloaded""",,,,1a71630eb274db711bc51d49a24cbf3e4ee6a77ce1eb8f1f766f3ceeb331f8e0,,,,,,Air India,airindiaexpress.com,0.0,Low,0.0,0.6889,0,False,False,0.0,-1,0.0,-1,0.0,-1,0.0,-1,False,False,False,False,False,,
run_20260408T152710Z,2026-04-08T15:29:36+00:00,urls.xlsx,urls.xlsx,https://n6k6jqg8.top,https://n6k6jqg8.top,,n6k6jqg8.top,n6k6jqg8.top,exact,failed,not_attempted,navigation_error,"Page.goto: net::ERR_NAME_NOT_RESOLVED at https://n6k6jqg8.top/ | Call log: - navigating to ""https://n6k6jqg8.top/"", waiting until ""domcontentloaded""",,,,b8b079f39a9b801e10288a04e91ce8efe902a6ede120652ccfd1fc76bbb6ad27,,,,,,Bank of Baroda,bankofbaroda.bank.in,0.0,Low,0.0,0.5417,0,False,False,0.0,-1,0.0,-1,0.0,-1,0.0,-1,False,False,False,False,False,,
run_20260408T152710Z,2026-04-08T15:29:36+00:00,urls.xlsx,urls.xlsx,https://jskbalaghat.org,https://jskbalaghat.org,,jskbalaghat.org,jskbalaghat.org,exact,timeout,not_attempted,navigation_timeout,"Page.goto: Timeout 15000ms exceeded. | Call log: - navigating to ""https://jskbalaghat.org/"", waiting until ""domcontentloaded""",,,,5a24e060dae0be2fd202f84f89b73ef5a31495e0070d39178a2057d5b1310378,,,,,,State Bank of India (SBI),sbi.co.in,0.0,Low,0.0,0.6162,0,False,False,0.0,-1,0.0,-1,0.0,-1,0.0,-1,False,False,False,False,False,,
run_20260408T152710Z,2026-04-08T15:29:41+00:00,urls.xlsx,urls.xlsx,https://verify-kyc.com,https://verify-kyc.com,,verify-kyc.com,verify-kyc.com,exact,timeout,not_attempted,navigation_timeout,"Page.goto: Timeout 15000ms exceeded. | Call log: - navigating to ""https://verify-kyc.com/"", waiting until ""domcontentloaded""",,,,60658bb8358d741364b05c76d70c9a427f7473764a964b485fa811b38f69cd28,,,,,,Election Commision of India (ECI),eci.gov.in,0.0,Low,0.0,0.6222,0,False,False,0.0,-1,0.0,-1,0.0,-1,0.0,-1,False,False,False,False,False,,
run_20260408T152710Z,2026-04-08T15:29:42+00:00,urls.xlsx,urls.xlsx,https://94498.qpon,https://94498.qpon,,94498.qpon,94498.qpon,exact,failed,not_attempted,navigation_error,"Page.goto: net::ERR_NAME_NOT_RESOLVED at https://94498.qpon/ | Call log: - navigating to ""https://94498.qpon/"", waiting until ""domcontentloaded""",,,,5b4d536f5de8700017832f346e7b8a0339c3eb2caf40388a285016e7f4a41638,,,,,,Punjab National Bank (PNB),netpnb.com,0.0,Low,0.0,0.4556,0,False,False,0.0,-1,0.0,-1,0.0,-1,0.0,-1,False,False,False,False,False,,
run_20260408T152710Z,2026-04-08T15:29:42+00:00,urls.xlsx,urls.xlsx,https://enerzyph.com,https://enerzyph.com,,enerzyph.com,enerzyph.com,exact,failed,not_attempted,navigation_error,"Page.goto: net::ERR_NAME_NOT_RESOLVED at https://enerzyph.com/ | Call log: - navigating to ""https://enerzyph.com/"", waiting until ""domcontentloaded""",,,,549c7fde2162e9435f80e5cac560910cf3716e1f069ff99b8c66f244c7b78557,,,,,,Kfintech,kfintech.com,0.0,Low,0.0,0.5833,0,False,False,0.0,-1,0.0,-1,0.0,-1,0.0,-1,False,False,False,False,False,,
run_20260408T152710Z,2026-04-08T15:29:49+00:00,urls.xlsx,urls.xlsx,https://bit.ly,https://bit.ly,,bit.ly,bit.ly,exact,timeout,not_attempted,navigation_timeout,"Page.goto: Timeout 15000ms exceeded. | Call log: - navigating to ""https://bit.ly/"", waiting until ""domcontentloaded""",,,,b4a76b273ad072373518adfbf9fd42673c381c6ef1f92e2b6f174bd87ff0177a,,,,,,State Bank of India (SBI),sbimf.com,0.0,Low,0.0,0.6889,0,False,False,0.0,-1,0.0,-1,0.0,-1,0.0,-1,False,False,False,False,False,,
run_20260408T152710Z,2026-04-08T15:29:49+00:00,urls.xlsx,urls.xlsx,https://secure-kyc.com,https://secure-kyc.com,,secure-kyc.com,secure-kyc.com,exact,timeout,not_attempted,navigation_timeout,"Page.goto: Timeout 15000ms exceeded. | Call log: - navigating to ""https://secure-kyc.com/"", waiting until ""domcontentloaded""",,,,7204dd518fb7961682ebfd2e38eed40098de36fecd48cd8248149cbdeadeeb0b,,,,,,State Bank of India (SBI),sbisecurities.in,0.0,Low,0.0,0.6282,0,False,False,0.0,-1,0.0,-1,0.0,-1,0.0,-1,False,False,False,False,False,,
run_20260408T152710Z,2026-04-08T15:29:49+00:00,urls.xlsx,urls.xlsx,https://ofertaa643842315.sbs,https://ofertaa643842315.sbs,,ofertaa643842315.sbs,ofertaa643842315.sbs,exact,failed,not_attempted,navigation_error,"Page.goto: net::ERR_NAME_NOT_RESOLVED at https://ofertaa643842315.sbs/ | Call log: - navigating to ""https://ofertaa643842315.sbs/"", waiting until ""domcontentloaded""",,,,2f27e09fba3eb18975afba5ff2c9a892bc1e6ee730fca0b3760b06de01d54564,,,,,,Airtel,airtelpayments.bank.in,0.0,Low,0.0,0.5982,0,False,False,0.0,-1,0.0,-1,0.0,-1,0.0,-1,False,False,False,False,False,,
run_20260408T152710Z,2026-04-08T15:29:49+00:00,urls.xlsx,urls.xlsx,https://annarbormarket.com,https://annarbormarket.com,,annarbormarket.com,annarbormarket.com,exact,timeout,not_attempted,navigation_timeout,"Page.goto: Timeout 15000ms exceeded. | Call log: - navigating to ""https://annarbormarket.com/"", waiting until ""domcontentloaded""",,,,71306393cd81d1f7d892918489128f8794d415e25f2758f56c2a346aa3fc535a,,,,,,Canara Bank,canararobeco.com,0.0,Low,0.0,0.7235,0,False,False,0.0,-1,0.0,-1,0.0,-1,0.0,-1,False,False,False,False,False,,
run_20260408T152710Z,2026-04-08T15:29:49+00:00,urls.xlsx,urls.xlsx,https://dq67r.top,https://dq67r.top,,dq67r.top,dq67r.top,exact,timeout,not_attempted,navigation_timeout,"Page.goto: Timeout 15000ms exceeded. | Call log: - navigating to ""https://dq67r.top/"", waiting until ""domcontentloaded""",,,,1db453f41a40c61174beca77d932655a8f47f27267062877f90e95ab8684b018,,,,,,BSE Ltd.,bsestarmf.in,0.0,Low,0.0,0.5407,0,False,False,0.0,-1,0.0,-1,0.0,-1,0.0,-1,False,False,False,False,False,,
run_20260408T152710Z,2026-04-08T15:29:49+00:00,urls.xlsx,urls.xlsx,https://manto90.store,https://manto90.store,,manto90.store,manto90.store,exact,timeout,not_attempted,navigation_timeout,"Page.goto: Timeout 15000ms exceeded. | Call log: - navigating to ""https://manto90.store/"", waiting until ""domcontentloaded""",,,,202d26fbdcbb0aface44824d31762458347213272c6ce645bc8dc590acf9b1f7,,,,,,Bank of Baroda,bankofbaroda.bank.in,0.0,Low,0.0,0.6349,0,False,False,0.0,-1,0.0,-1,0.0,-1,0.0,-1,False,False,False,False,False,,
run_20260408T152710Z,2026-04-08T15:29:49+00:00,urls.xlsx,urls.xlsx,https://digifant.network,https://digifant.network,,digifant.network,digifant.network,exact,failed,not_attempted,navigation_error,"Page.goto: net::ERR_NAME_NOT_RESOLVED at https://digifant.network/ | Call log: - navigating to ""https://digifant.network/"", waiting until ""domcontentloaded""",,,,3db9632af73a85caf6ae8d8cc73789dff00c1fc7da6637c4d8c28d6670e136b9,,,,,,HDFC Bank,netbanking.hdfcbank.com,0.0,Low,0.0,0.6667,0,False,False,0.0,-1,0.0,-1,0.0,-1,0.0,-1,False,False,False,False,False,,
run_20260408T152710Z,2026-04-08T15:29:49+00:00,urls.xlsx,urls.xlsx,https://allsetfacilitygroup.com,https://allsetfacilitygroup.com,,allsetfacilitygroup.com,allsetfacilitygroup.com,exact,timeout,not_attempted,navigation_timeout,"Page.goto: Timeout 15000ms exceeded. | Call log: - navigating to ""https://allsetfacilitygroup.com/"", waiting until ""domcontentloaded""",,,,f21006d38367c262422a37c5bbc7aa9101ea7713746e9628992508a80dfc1d3c,,,,,,Election Commision of India (ECI),eci.gov.in,0.0,Low,0.0,0.7193,0,False,False,0.0,-1,0.0,-1,0.0,-1,0.0,-1,False,False,False,False,False,,
run_20260408T152710Z,2026-04-08T15:29:49+00:00,urls.xlsx,urls.xlsx,https://chargemoment.com,https://chargemoment.com,,chargemoment.com,chargemoment.com,exact,timeout,not_attempted,navigation_timeout,"Page.goto: Timeout 15000ms exceeded. | Call log: - navigating to ""https://chargemoment.com/"", waiting until ""domcontentloaded""",,,,e024e1c0d163d5a9c9378a0474791eb96e78773e2e01837a948ab96fb758cfcf,,,,,,Airtel,airtelpayments.bank.in,0.0,Low,0.0,0.6944,0,False,False,0.0,-1,0.0,-1,0.0,-1,0.0,-1,False,False,False,False,False,,
run_20260408T152710Z,2026-04-08T15:29:49+00:00,urls.xlsx,urls.xlsx,https://fjudoeuskadi.eus,https://fjudoeuskadi.eus,,fjudoeuskadi.eus,fjudoeuskadi.eus,exact,timeout,not_attempted,navigation_timeout,"Page.goto: Timeout 15000ms exceeded. | Call log: - navigating to ""https://fjudoeuskadi.eus/"", waiting until ""domcontentloaded""",,,,30dffff0a77c60d3d7ecfe5999900f4ee41148d07ec5a043b0676fe684a80529,,,,,,Jio,jio.com,0.0,Low,0.0,0.6111,0,False,False,0.0,-1,0.0,-1,0.0,-1,0.0,-1,False,False,False,False,False,,
run_20260408T152710Z,2026-04-08T15:29:49+00:00,urls.xlsx,urls.xlsx,https://nevermindmedia.ch,https://nevermindmedia.ch,,nevermindmedia.ch,nevermindmedia.ch,exact,timeout,not_attempted,navigation_timeout,"Page.goto: Timeout 15000ms exceeded. | Call log: - navigating to ""https://nevermindmedia.ch/"", waiting until ""domcontentloaded""",,,,ae59e306824fcaaeb0861fc434d5b65c4055a9ebc063118fc3c92d3b47485b2d,,,,,,Punjab National Bank (PNB),pnbindia.in,0.0,Low,0.0,0.7262,0,False,False,0.0,-1,0.0,-1,0.0,-1,0.0,-1,False,False,False,False,False,,
run_20260408T152710Z,2026-04-08T15:29:50+00:00,urls.xlsx,urls.xlsx,https://519zx.top,https://519zx.top,,519zx.top,519zx.top,exact,timeout,not_attempted,navigation_timeout,"Page.goto: Timeout 15000ms exceeded. | Call log: - navigating to ""https://519zx.top/"", waiting until ""domcontentloaded""",,,,cf1f429f824aed20b30467e3052ded3fad804666c272807ebcdc488cf130ad8f,,,,,,State Bank of India (SBI),sbilife.co.in,0.0,Low,0.0,0.5619,0,False,False,0.0,-1,0.0,-1,0.0,-1,0.0,-1,False,False,False,False,False,,
run_20260408T152710Z,2026-04-08T15:29:50+00:00,urls.xlsx,urls.xlsx,https://71042.vip,https://71042.vip,,71042.vip,71042.vip,exact,timeout,not_attempted,navigation_timeout,"Page.goto: Timeout 15000ms exceeded. | Call log: - navigating to ""https://71042.vip/"", waiting until ""domcontentloaded""",,,,6a1a1726c23b5279a87bbc7d6cea8b474dcec0889fdf338cfeddec6a946f8921,,,,,,National Informatics Centre (NIC),cloud.gov.in,0.0,Low,0.0,0.6,0,False,False,0.0,-1,0.0,-1,0.0,-1,0.0,-1,False,False,False,False,False,,
run_20260408T152710Z,2026-04-08T15:29:50+00:00,urls.xlsx,urls.xlsx,https://essentialcleaningservicesusa.com,https://essentialcleaningservicesusa.com,,essentialcleaningservicesusa.com,essentialcleaningservicesusa.com,exact,timeout,not_attempted,navigation_timeout,"Page.goto: Timeout 15000ms exceeded. | Call log: - navigating to ""https://essentialcleaningservicesusa.com/"", waiting until ""domcontentloaded""",,,,7a77a0ccc8cef87a8fd5ad774035f86c99ff6a0ac0b3eea92c9d7481dac3a2d6,,,,,,National Informatics Centre (NIC),nic.gov.in,0.0,Low,0.0,0.7024,0,False,False,0.0,-1,0.0,-1,0.0,-1,0.0,-1,False,False,False,False,False,,
run_20260408T152710Z,2026-04-08T15:29:50+00:00,urls.xlsx,urls.xlsx,https://soyprotagonistafinanciero.com,https://soyprotagonistafinanciero.com,,soyprotagonistafinanciero.com,soyprotagonistafinanciero.com,exact,timeout,not_attempted,navigation_timeout,"Page.goto: Timeout 15000ms exceeded. | Call log: - navigating to ""https://soyprotagonistafinanciero.com/"", waiting until ""domcontentloaded""",,,,79076e960d6adcce6231476cc460b7c34da2a608c072fbbac1ff6e90d39cfb47,,,,,,Airtel,airtelpayments.bank.in,0.0,Low,0.0,0.6048,0,False,False,0.0,-1,0.0,-1,0.0,-1,0.0,-1,False,False,False,False,False,,
run_20260408T152710Z,2026-04-08T15:29:51+00:00,urls.xlsx,urls.xlsx,https://rush-bodyplan.homes,https://rush-bodyplan.homes,,rush-bodyplan.homes,rush-bodyplan.homes,exact,timeout,not_attempted,navigation_timeout,"Page.goto: Timeout 15000ms exceeded. | Call log: - navigating to ""https://rush-bodyplan.homes/"", waiting until ""domcontentloaded""",,,,f49ae960ed7bd11d8e03fc3c6c5026dd4c173837a4b6b24887bcc6b97511ac9b,,,,,,Reserve Bank of India (RBI),rbi.org.in,0.0,Low,0.0,0.6068,0,False,False,0.0,-1,0.0,-1,0.0,-1,0.0,-1,False,False,False,False,False,,
run_20260408T152710Z,2026-04-08T15:29:51+00:00,urls.xlsx,urls.xlsx,https://fxsnowcool.com,https://fxsnowcool.com,,fxsnowcool.com,fxsnowcool.com,exact,timeout,not_attempted,navigation_timeout,"Page.goto: Timeout 15000ms exceeded. | Call log: - navigating to ""https://fxsnowcool.com/"", waiting until ""domcontentloaded""",,,,ed9e65c2be0177171c4e1f2ee555cb46cd36ccc92c9aebe1c354c7ae3ef2f5fe,,,,,,National Informatics Centre (NIC),nic.gov.in,0.0,Low,0.0,0.6222,0,False,False,0.0,-1,0.0,-1,0.0,-1,0.0,-1,False,False,False,False,False,,
run_20260408T152710Z,2026-04-08T15:29:55+00:00,urls.xlsx,urls.xlsx,https://inesceramica.pt,https://inesceramica.pt,https://inesceramica.pt/,inesceramica.pt,inesceramica.pt,exact,fetched,available,,,,,C:\Users\SATWIK\Documents\Phishing\phishing_pipeline\screens\inesceramica.pt.png,1881d69bea733bbee01df45078d4500322dfa7d7bfaeda6d38b693424d0e2d5f,,,,,,Axis Bank,axismaxlife.com,0.0,Low,0.0,0.6263,0,False,False,0.0,-1,0.0,-1,0.0,-1,0.0,-1,False,False,False,False,False,,
run_20260408T152710Z,2026-04-08T15:29:57+00:00,urls.xlsx,urls.xlsx,https://joel-angelina-wedding.com,https://joel-angelina-wedding.com,,joel-angelina-wedding.com,joel-angelina-wedding.com,exact,timeout,not_attempted,navigation_timeout,"Page.goto: Timeout 15000ms exceeded. | Call log: - navigating to ""https://joel-angelina-wedding.com/"", waiting until ""domcontentloaded""",,,,1aba31d69fe0a0a1b3b2fe537d68ecbad494d7d0871ebc179d684b51e4315bd8,,,,,,Jio,jio.com,0.0,Low,0.0,0.6032,0,False,False,0.0,-1,0.0,-1,0.0,-1,0.0,-1,False,False,False,False,False,,
run_20260408T152710Z,2026-04-08T15:30:04+00:00,urls.xlsx,urls.xlsx,https://tayceculture.com,https://tayceculture.com,,tayceculture.com,tayceculture.com,exact,timeout,not_attempted,navigation_timeout,"Page.goto: Timeout 15000ms exceeded. | Call log: - navigating to ""https://tayceculture.com/"", waiting until ""domcontentloaded""",,,,7fa91b89e3953e397d2f28b0004864642b1858f4d78fb8d6588c8ccfcb63b2ff,,,,,,ICICI Bank,iciciprulife.com,0.0,Low,0.0,0.6111,0,False,False,0.0,-1,0.0,-1,0.0,-1,0.0,-1,False,False,False,False,False,,
run_20260408T152710Z,2026-04-08T15:30:04+00:00,urls.xlsx,urls.xlsx,https://ybiscom.fr,https://ybiscom.fr,,ybiscom.fr,ybiscom.fr,exact,timeout,not_attempted,navigation_timeout,"Page.goto: Timeout 15000ms exceeded. | Call log: - navigating to ""https://ybiscom.fr/"", waiting until ""domcontentloaded""",,,,e661b422ff7dd29d6bb63a216ae23eead2fc0dd10ac80b4ddb2b889a04dec532,,,,,,National Informatics Centre (NIC),nic.gov.in,0.0,Low,0.0,0.6508,0,False,False,0.0,-1,0.0,-1,0.0,-1,0.0,-1,False,False,False,False,False,,
run_20260408T152710Z,2026-04-08T15:30:04+00:00,urls.xlsx,urls.xlsx,https://brandmappr.com,https://brandmappr.com,,brandmappr.com,brandmappr.com,exact,timeout,not_attempted,navigation_timeout,"Page.goto: Timeout 15000ms exceeded. | Call log: - navigating to ""https://brandmappr.com/"", waiting until ""domcontentloaded""",,,,9b6edd2b7a6be907c14a1bea1adbba54490d91dfa09beeb5de77582d45257f7b,,,,,,National Health Authority (NHA),abdm.gov.in,0.0,Low,0.0,0.7167,0,False,False,0.0,-1,0.0,-1,0.0,-1,0.0,-1,False,False,False,False,False,,
run_20260408T152710Z,2026-04-08T15:30:05+00:00,urls.xlsx,urls.xlsx,https://tredmind.com,https://tredmind.com,,tredmind.com,tredmind.com,exact,timeout,not_attempted,navigation_timeout,"Page.goto: Timeout 15000ms exceeded. | Call log: - navigating to ""https://tredmind.com/"", waiting until ""domcontentloaded""",,,,a5b315017f423764cfd5b437e93edeb2cbcf849b3cd62f3c7672876f3e0f1477,,,,,,IndusInd Bank,indusind.bank.in,0.0,Low,0.0,0.6667,0,False,False,0.0,-1,0.0,-1,0.0,-1,0.0,-1,False,False,False,False,False,,
run_20260408T152710Z,2026-04-08T15:30:05+00:00,urls.xlsx,urls.xlsx,https://carelessvibe.com,https://carelessvibe.com,,carelessvibe.com,carelessvibe.com,exact,timeout,not_attempted,navigation_timeout,"Page.goto: Timeout 15000ms exceeded. | Call log: - navigating to ""https://carelessvibe.com/"", waiting until ""domcontentloaded""",,,,3390a1aef3aa7ca879145de7c55a89486e79dc8da15b146282d1edd930855286,,,,,,Airtel,airtel.in,0.0,Low,0.0,0.6667,0,False,False,0.0,-1,0.0,-1,0.0,-1,0.0,-1,False,False,False,False,False,,
run_20260408T152710Z,2026-04-08T15:30:05+00:00,urls.xlsx,urls.xlsx,https://vipslot.casino,https://vipslot.casino,,vipslot.casino,vipslot.casino,exact,timeout,not_attempted,navigation_timeout,"Page.goto: Timeout 15000ms exceeded. | Call log: - navigating to ""https://vipslot.casino/"", waiting until ""domcontentloaded""",,,,43e7938b7b0e9e9b1181b804c8d788260ce4ac831be3a9826357d5c1ade8826a,,,,,,Axis Bank,axis.bank.in,0.0,Low,0.0,0.5952,0,False,False,0.0,-1,0.0,-1,0.0,-1,0.0,-1,False,False,False,False,False,,
run_20260408T152710Z,2026-04-08T15:30:05+00:00,urls.xlsx,urls.xlsx,https://itplayegypt.win,https://itplayegypt.win,,itplayegypt.win,itplayegypt.win,exact,timeout,not_attempted,navigation_timeout,"Page.goto: Timeout 15000ms exceeded. | Call log: - navigating to ""https://itplayegypt.win/"", waiting until ""domcontentloaded""",,,,98f600d7721354d29a3a18c7c933febc214c0424d2251b6c9f1f4a467170cd91,,,,,,Airtel,airtelpayments.bank.in,0.0,Low,0.0,0.6412,0,False,False,0.0,-1,0.0,-1,0.0,-1,0.0,-1,False,False,False,False,False,,
run_20260408T152710Z,2026-04-08T15:30:05+00:00,urls.xlsx,urls.xlsx,https://mediavision.store,https://mediavision.store,,mediavision.store,mediavision.store,exact,timeout,not_attempted,navigation_timeout,"Page.goto: Timeout 15000ms exceeded. | Call log: - navigating to ""https://mediavision.store/"", waiting until ""domcontentloaded""",,,,baecf2a5a67bd2ad88d7cf8a4013f8f78f110a88fddc1da1e6d063746893df3c,,,,,,All India Institute of Medical Sciences (AIIMS),aiims.edu,0.0,Low,0.0,0.7515,0,False,False,0.0,-1,0.0,-1,0.0,-1,0.0,-1,False,False,False,False,False,,
run_20260408T152710Z,2026-04-08T15:30:05+00:00,urls.xlsx,urls.xlsx,https://8eight.com.tw,https://8eight.com.tw,,8eight.com.tw,8eight.com.tw,exact,timeout,not_attempted,navigation_timeout,"Page.goto: Timeout 15000ms exceeded. | Call log: - navigating to ""https://8eight.com.tw/"", waiting until ""domcontentloaded""",,,,c930bbfd4e477fe185c3d866f4ae00c6b0adfb1d8460ad1f8b25a455afa09089,,,,,,Election Commision of India (ECI),eci.gov.in,0.0,Low,0.0,0.6667,0,False,False,0.0,-1,0.0,-1,0.0,-1,0.0,-1,False,False,False,False,False,,
run_20260408T152710Z,2026-04-08T15:30:05+00:00,urls.xlsx,urls.xlsx,https://permabrows.us,https://permabrows.us,,permabrows.us,permabrows.us,exact,timeout,not_attempted,navigation_timeout,"Page.goto: Timeout 15000ms exceeded. | Call log: - navigating to ""https://permabrows.us/"", waiting until ""domcontentloaded""",,,,fe07eac1ed82036eb2171bf9ab1bcacb2c7102e33de58e23dc903035996e248e,,,,,,Punjab National Bank (PNB),pnb.bank.in,0.0,Low,0.0,0.6222,0,False,False,0.0,-1,0.0,-1,0.0,-1,0.0,-1,False,False,False,False,False,,
run_20260408T152710Z,2026-04-08T15:30:05+00:00,urls.xlsx,urls.xlsx,https://abfquoelx.com,https://abfquoelx.com,,abfquoelx.com,abfquoelx.com,exact,failed,not_attempted,navigation_error,"Page.goto: net::ERR_NAME_NOT_RESOLVED at https://abfquoelx.com/ | Call log: - navigating to ""https://abfquoelx.com/"", waiting until ""domcontentloaded""",,,,df37818a3e62898b193573bb76227b257e08d55f0faf2972ea34a06582f3170b,,,,,,Airtel,airtel.in,0.0,Low,0.0,0.6111,0,False,False,0.0,-1,0.0,-1,0.0,-1,0.0,-1,False,False,False,False,False,,
run_20260408T152710Z,2026-04-08T15:30:06+00:00,urls.xlsx,urls.xlsx,https://laoshuanliagou.bond,https://laoshuanliagou.bond,,laoshuanliagou.bond,laoshuanliagou.bond,exact,timeout,not_attempted,navigation_timeout,"Page.goto: Timeout 15000ms exceeded. | Call log: - navigating to ""https://laoshuanliagou.bond/"", waiting until ""domcontentloaded""",,,,0692cb43f94a744efa5e43f67aecf649c24e4a684a68b1130c8c43c10bf4ae2e,,,,,,National Informatics Centre (NIC),cloud.gov.in,0.0,Low,0.0,0.6048,0,False,False,0.0,-1,0.0,-1,0.0,-1,0.0,-1,False,False,False,False,False,,
run_20260408T152710Z,2026-04-08T15:30:06+00:00,urls.xlsx,urls.xlsx,https://ibramep.com,https://ibramep.com,,ibramep.com,ibramep.com,exact,timeout,not_attempted,navigation_timeout,"Page.goto: Timeout 15000ms exceeded. | Call log: - navigating to ""https://ibramep.com/"", waiting until ""domcontentloaded""",,,,4a4bc24d7a54e85cc2969e24dff12faf2e97733540464d29c9e5e81aa5eaf22c,,,,,,Reserve Bank of India (RBI),rbi.org.in,0.0,Low,0.0,0.6984,0,False,False,0.0,-1,0.0,-1,0.0,-1,0.0,-1,False,False,False,False,False,,
run_20260408T152710Z,2026-04-08T15:30:06+00:00,urls.xlsx,urls.xlsx,https://traverseskier.com,https://traverseskier.com,,traverseskier.com,traverseskier.com,exact,timeout,not_attempted,navigation_timeout,"Page.goto: Timeout 15000ms exceeded. | Call log: - navigating to ""https://traverseskier.com/"", waiting until ""domcontentloaded""",,,,85e28e858a77054a69e7a8172b652aaa90a56f7d8a7d49ffc324558571d3eb98,,,,,,Airtel,airtel.in,0.0,Low,0.0,0.5748,0,False,False,0.0,-1,0.0,-1,0.0,-1,0.0,-1,False,False,False,False,False,,
run_20260408T152710Z,2026-04-08T15:30:06+00:00,urls.xlsx,urls.xlsx,https://twentysixer.ru,https://twentysixer.ru,,twentysixer.ru,twentysixer.ru,exact,timeout,not_attempted,navigation_timeout,"Page.goto: Timeout 15000ms exceeded. | Call log: - navigating to ""https://twentysixer.ru/"", waiting until ""domcontentloaded""",,,,9c339740e2f9594c7fee4f1598890883ff60b4003f7b49d995b7dcd8606e3cc0,,,,,,Vodafone Idea (VI),myvi.in,0.0,Low,0.0,0.5606,0,False,False,0.0,-1,0.0,-1,0.0,-1,0.0,-1,False,False,False,False,False,,
run_20260408T152710Z,2026-04-08T15:30:06+00:00,urls.xlsx,urls.xlsx,https://unqvrhr60.shop,https://unqvrhr60.shop,,unqvrhr60.shop,unqvrhr60.shop,exact,failed,not_attempted,navigation_error,"Page.goto: net::ERR_NAME_NOT_RESOLVED at https://unqvrhr60.shop/ | Call log: - navigating to ""https://unqvrhr60.shop/"", waiting until ""domcontentloaded""",,,,0b3725b29af4effa70e7edef871aa2dde04a46600daae6e1888f9f6b7a96de09,,,,,,Canara Bank,canararobeco.com,0.0,Low,0.0,0.5926,0,False,False,0.0,-1,0.0,-1,0.0,-1,0.0,-1,False,False,False,False,False,,
run_20260408T152710Z,2026-04-08T15:30:06+00:00,urls.xlsx,urls.xlsx,https://preprod-ucimtbworldseries.com,https://preprod-ucimtbworldseries.com,,preprod-ucimtbworldseries.com,preprod-ucimtbworldseries.com,exact,failed,not_attempted,navigation_error,"Page.goto: net::ERR_NAME_NOT_RESOLVED at https://preprod-ucimtbworldseries.com/ | Call log: - navigating to ""https://preprod-ucimtbworldseries.com/"", waiting until ""domcontentloaded""",,,,7e6e01d7d2a787368ba960b8248381257733cf77d2d33ff9c9346e62904f1e86,,,,,,Election Commision of India (ECI),eci.gov.in,0.0,Low,0.0,0.7067,0,False,False,0.0,-1,0.0,-1,0.0,-1,0.0,-1,False,False,False,False,False,,
run_20260408T152710Z,2026-04-08T15:30:10+00:00,urls.xlsx,urls.xlsx,https://dynamicdigitalmastery.com,https://dynamicdigitalmastery.com,,dynamicdigitalmastery.com,dynamicdigitalmastery.com,exact,timeout,not_attempted,navigation_timeout,"Page.goto: Timeout 15000ms exceeded. | Call log: - navigating to ""https://dynamicdigitalmastery.com/"", waiting until ""domcontentloaded""",,,,08181e5c9906691d869e10ceef5b7813a767e228aa547cb63ad230ee58ef6a03,,,,,,National Informatics Centre (NIC),nic.gov.in,0.0,Low,0.0,0.7143,0,False,False,0.0,-1,0.0,-1,0.0,-1,0.0,-1,False,False,False,False,False,,
run_20260408T152710Z,2026-04-08T15:30:12+00:00,urls.xlsx,urls.xlsx,https://quadbottles.store,https://quadbottles.store,,quadbottles.store,quadbottles.store,exact,timeout,not_attempted,navigation_timeout,"Page.goto: Timeout 15000ms exceeded. | Call log: - navigating to ""https://quadbottles.store/"", waiting until ""domcontentloaded""",,,,9159f09b33765d64cc46f40bc47b161da0e03cab6af0f980adebdbbc3a30b87e,,,,,,Airtel,airtelpayments.bank.in,0.0,Low,0.0,0.6025,0,False,False,0.0,-1,0.0,-1,0.0,-1,0.0,-1,False,False,False,False,False,,
run_20260408T152710Z,2026-04-08T15:30:14+00:00,urls.xlsx,urls.xlsx,https://f1blue.com,https://f1blue.com,,f1blue.com,f1blue.com,exact,failed,not_attempted,navigation_error,"Page.goto: net::ERR_NAME_NOT_RESOLVED at https://f1blue.com/ | Call log: - navigating to ""https://f1blue.com/"", waiting until ""domcontentloaded""",,,,a5493d9e7f90f077a931e27b71ac98d0b3f8fe09c0a8552e6511db5d3995cae4,,,,,,HDFC Bank,hdfclife.com,0.0,Low,0.0,0.625,0,False,False,0.0,-1,0.0,-1,0.0,-1,0.0,-1,False,False,False,False,False,,
run_20260408T152710Z,2026-04-08T15:30:19+00:00,urls.xlsx,urls.xlsx,https://lfsidou.com,https://lfsidou.com,,lfsidou.com,lfsidou.com,exact,timeout,not_attempted,navigation_timeout,"Page.goto: Timeout 15000ms exceeded. | Call log: - navigating to ""https://lfsidou.com/"", waiting until ""domcontentloaded""",,,,5644e7bbf8ecbfa5e8a9e965fef6050ebf7582dc822f59d62ab0ddb73c87717d,,,,,,State Bank of India (SBI),sbi.co.in,0.0,Low,0.0,0.6508,0,False,False,0.0,-1,0.0,-1,0.0,-1,0.0,-1,False,False,False,False,False,,
run_20260408T152710Z,2026-04-08T15:30:19+00:00,urls.xlsx,urls.xlsx,https://5500betsk.com,https://5500betsk.com,,5500betsk.com,5500betsk.com,exact,timeout,not_attempted,navigation_timeout,"Page.goto: Timeout 15000ms exceeded. | Call log: - navigating to ""https://5500betsk.com/"", waiting until ""domcontentloaded""",,,,cb821b304cacf9f962d47277fd07c051b8eec9e415fa4b0375d64dcd192e2faa,,,,,,State Bank of India (SBI),sbisecurities.in,0.0,Low,0.0,0.6538,0,False,False,0.0,-1,0.0,-1,0.0,-1,0.0,-1,False,False,False,False,False,,
run_20260408T152710Z,2026-04-08T15:30:20+00:00,urls.xlsx,urls.xlsx,https://roisgloballogam.com,https://roisgloballogam.com,,roisgloballogam.com,roisgloballogam.com,exact,timeout,not_attempted,navigation_timeout,"Page.goto: Timeout 15000ms exceeded. | Call log: - navigating to ""https://roisgloballogam.com/"", waiting until ""domcontentloaded""",,,,98af06b517a750f723de548b1068d8f8783d77335325efe898116ecc0511d5c1,,,,,,Reserve Bank of India (RBI),rbi.org.in,0.0,Low,0.0,0.6222,0,False,False,0.0,-1,0.0,-1,0.0,-1,0.0,-1,False,False,False,False,False,,
run_20260408T152710Z,2026-04-08T15:30:20+00:00,urls.xlsx,urls.xlsx,https://cifibiu.pro,https://cifibiu.pro,,cifibiu.pro,cifibiu.pro,exact,timeout,not_attempted,navigation_timeout,"Page.goto: Timeout 15000ms exceeded. | Call log: - navigating to ""https://cifibiu.pro/"", waiting until ""domcontentloaded""",,,,f20667035c9645fff012ff19d1489ebcddfc18a393efceed11ebc7d136c4455b,,,,,,ICICI Bank,icici.bank.in,0.0,Low,0.0,0.7071,0,False,False,0.0,-1,0.0,-1,0.0,-1,0.0,-1,False,False,False,False,False,,
run_20260408T152710Z,2026-04-08T15:30:20+00:00,urls.xlsx,urls.xlsx,https://wfbmus.org,https://wfbmus.org,,wfbmus.org,wfbmus.org,exact,timeout,not_attempted,navigation_timeout,"Page.goto: Timeout 15000ms exceeded. | Call log: - navigating to ""https://wfbmus.org/"", waiting until ""domcontentloaded""",,,,9093c26f6bc609aa56439abd2346e0e249a3485877e81d42fce12b018a84b4c9,,,,,,National Health Authority (NHA),abdm.gov.in,0.0,Low,0.0,0.6111,0,False,False,0.0,-1,0.0,-1,0.0,-1,0.0,-1,False,False,False,False,False,,
run_20260408T152710Z,2026-04-08T15:30:20+00:00,urls.xlsx,urls.xlsx,https://edugig.xyz,https://edugig.xyz,,edugig.xyz,edugig.xyz,exact,timeout,not_attempted,navigation_timeout,"Page.goto: Timeout 15000ms exceeded. | Call log: - navigating to ""https://edugig.xyz/"", waiting until ""domcontentloaded""",,,,54a01991923b961f6b79e6324f3077adbaf6bb33f3faa0a66dd82eb25daaba58,,,,,,Election Commision of India (ECI),eci.gov.in,0.0,Low,0.0,0.6667,0,False,False,0.0,-1,0.0,-1,0.0,-1,0.0,-1,False,False,False,False,False,,
run_20260408T152710Z,2026-04-08T15:30:20+00:00,urls.xlsx,urls.xlsx,https://app-mkwangzhi.com,https://app-mkwangzhi.com,,app-mkwangzhi.com,app-mkwangzhi.com,exact,timeout,not_attempted,navigation_timeout,"Page.goto: Timeout 15000ms exceeded. | Call log: - navigating to ""https://app-mkwangzhi.com/"", waiting until ""domcontentloaded""",,,,bd71dd89a131d625ad6ba293adcbe08e303a8a448ba5ce0e6b061c4c7005b152,,,,,,Computer Age Management Services Ltd. (CAMS),camsonline.com,0.0,Low,0.0,0.5692,0,False,False,0.0,-1,0.0,-1,0.0,-1,0.0,-1,False,False,False,False,False,,
run_20260408T152710Z,2026-04-08T15:30:20+00:00,urls.xlsx,urls.xlsx,https://wantianzf.com,https://wantianzf.com,,wantianzf.com,wantianzf.com,exact,timeout,not_attempted,navigation_timeout,"Page.goto: Timeout 15000ms exceeded. | Call log: - navigating to ""https://wantianzf.com/"", waiting until ""domcontentloaded""",,,,bd8202d043eb7b2ef8262d2b2b7e2f6bbd4ac39602c332c82d8e7859be40ff97,,,,,,National Informatics Centre (NIC),nic.gov.in,0.0,Low,0.0,0.6296,0,False,False,0.0,-1,0.0,-1,0.0,-1,0.0,-1,False,False,False,False,False,,
run_20260408T152710Z,2026-04-08T15:30:20+00:00,urls.xlsx,urls.xlsx,https://shaart.com,https://shaart.com,,shaart.com,shaart.com,exact,timeout,not_attempted,navigation_timeout,"Page.goto: Timeout 15000ms exceeded. | Call log: - navigating to ""https://shaart.com/"", waiting until ""domcontentloaded""",,,,dadea2f7c988f37b0efc494af9033d51c8326ba8e89304a0866130d3897e0b08,,,,,,Airtel,airtel.in,0.0,Low,0.0,0.6667,0,False,False,0.0,-1,0.0,-1,0.0,-1,0.0,-1,False,False,False,False,False,,
run_20260408T152710Z,2026-04-08T15:30:21+00:00,urls.xlsx,urls.xlsx,https://inwestonauci.pl,https://inwestonauci.pl,,inwestonauci.pl,inwestonauci.pl,exact,timeout,not_attempted,navigation_timeout,"Page.goto: Timeout 15000ms exceeded. | Call log: - navigating to ""https://inwestonauci.pl/"", waiting until ""domcontentloaded""",,,,d20f393e643aa45e72802873e4f295ecf059a8ad1eca930adb6042d8ae3fd099,,,,,,Punjab National Bank (PNB),netpnb.com,0.0,Low,0.0,0.6667,0,False,False,0.0,-1,0.0,-1,0.0,-1,0.0,-1,False,False,False,False,False,,
run_20260408T152710Z,2026-04-08T15:30:21+00:00,urls.xlsx,urls.xlsx,https://lesfermesdespoir.fr,https://lesfermesdespoir.fr,,lesfermesdespoir.fr,lesfermesdespoir.fr,exact,timeout,not_attempted,navigation_timeout,"Page.goto: Timeout 15000ms exceeded. | Call log: - navigating to ""https://lesfermesdespoir.fr/"", waiting until ""domcontentloaded""",,,,2f8ab4d745730affdf68884d6084233160822568b40f4da226a9363e035c5c8c,,,,,,BSE Ltd.,bsestarmf.in,0.0,Low,0.0,0.5694,0,False,False,0.0,-1,0.0,-1,0.0,-1,0.0,-1,False,False,False,False,False,,
run_20260408T152710Z,2026-04-08T15:30:21+00:00,urls.xlsx,urls.xlsx,https://anptght-jp.com,https://anptght-jp.com,,anptght-jp.com,anptght-jp.com,exact,timeout,not_attempted,navigation_timeout,"Page.goto: Timeout 15000ms exceeded. | Call log: - navigating to ""https://anptght-jp.com/"", waiting until ""domcontentloaded""",,,,161c3e67da54736466d687942867c04fbaf407da9f656eea4528829c5f409d01,,,,,,National Health Authority (NHA),nha.gov.in,0.0,Low,0.0,0.6556,0,False,False,0.0,-1,0.0,-1,0.0,-1,0.0,-1,False,False,False,False,False,,
run_20260408T152710Z,2026-04-08T15:30:21+00:00,urls.xlsx,urls.xlsx,https://hometownsewickley.com,https://hometownsewickley.com,,hometownsewickley.com,hometownsewickley.com,exact,timeout,not_attempted,navigation_timeout,"Page.goto: Timeout 15000ms exceeded. | Call log: - navigating to ""https://hometownsewickley.com/"", waiting until ""domcontentloaded""",,,,6c7e6cb66b90093830df28b6f7a68b8939d672a24b96c4fa070407d6760619d8,,,,,,State Bank of India (SBI),homeloans.sbi,0.0,Low,0.0,0.8379,0,False,False,0.0,-1,0.0,-1,0.0,-1,0.0,-1,False,False,False,False,False,,
run_20260408T152710Z,2026-04-08T15:30:21+00:00,urls.xlsx,urls.xlsx,https://clayhole.click,https://clayhole.click,,clayhole.click,clayhole.click,exact,timeout,not_attempted,navigation_timeout,"Page.goto: Timeout 15000ms exceeded. | Call log: - navigating to ""https://clayhole.click/"", waiting until ""domcontentloaded""",,,,50aec34eb84d953699def49a2d1fb25e24b306b2ae272fce93cd324f5dcc7045,,,,,,Computer Age Management Services Ltd. (CAMS),camsonline.com,0.0,Low,0.0,0.7375,0,False,False,0.0,-1,0.0,-1,0.0,-1,0.0,-1,False,False,False,False,False,,
run_20260408T152710Z,2026-04-08T15:30:28+00:00,urls.xlsx,urls.xlsx,https://suesholidayhub.com,https://suesholidayhub.com,,suesholidayhub.com,suesholidayhub.com,exact,timeout,not_attempted,navigation_timeout,"Page.goto: Timeout 15000ms exceeded. | Call log: - navigating to ""https://suesholidayhub.com/"", waiting until ""domcontentloaded""",,,,4120ed75ef2abf1fadbe36f40866f5e2f3a9e9c32f4b71cd5e44c37ce43b5a32,,,,,,"Unique Identification Authority of India (UIDAI)
",uidai.gov.in,0.0,Low,0.0,0.6952,0,False,False,0.0,-1,0.0,-1,0.0,-1,0.0,-1,False,False,False,False,False,,
run_20260408T152710Z,2026-04-08T15:30:28+00:00,urls.xlsx,urls.xlsx,https://suaconsulta2026.online,https://suaconsulta2026.online,,suaconsulta2026.online,suaconsulta2026.online,exact,failed,not_attempted,navigation_error,"Page.goto: net::ERR_NAME_NOT_RESOLVED at https://suaconsulta2026.online/ | Call log: - navigating to ""https://suaconsulta2026.online/"", waiting until ""domcontentloaded""",,,,38a2c2a36d7c3c82458757350798dc199275a6dcc91bc287079a2949033c0b78,,,,,,Bharat Sanchar Nigam Limited (BSNL),bsnl.co.in,0.0,Low,0.0,0.65,0,False,False,0.0,-1,0.0,-1,0.0,-1,0.0,-1,False,False,False,False,False,,
run_20260408T152710Z,2026-04-08T15:30:29+00:00,urls.xlsx,urls.xlsx,https://jiaotongzd.com,https://jiaotongzd.com,,jiaotongzd.com,jiaotongzd.com,exact,timeout,not_attempted,navigation_timeout,"Page.goto: Timeout 15000ms exceeded. | Call log: - navigating to ""https://jiaotongzd.com/"", waiting until ""domcontentloaded""",,,,18a98f9d8cd4d73e3494c6356d9aecf4540b22dc22c4194ff660f5901b663ff2,,,,,,Jio,jio.com,0.0,Low,0.0,0.8133,0,False,False,0.0,-1,0.0,-1,0.0,-1,0.0,-1,False,False,False,False,False,,
run_20260408T152710Z,2026-04-08T15:30:34+00:00,urls.xlsx,urls.xlsx,https://soilandturfconsulting.com,https://soilandturfconsulting.com,,soilandturfconsulting.com,soilandturfconsulting.com,exact,timeout,not_attempted,navigation_timeout,"Page.goto: Timeout 15000ms exceeded. | Call log: - navigating to ""https://soilandturfconsulting.com/"", waiting until ""domcontentloaded""",,,,e07a228d841185002bdf90c2cd79d2a4bb6d234c730762c1cfc181ae9a1d007c,,,,,,State Bank of India (SBI),sbicard.com,0.0,Low,0.0,0.6587,0,False,False,0.0,-1,0.0,-1,0.0,-1,0.0,-1,False,False,False,False,False,,
run_20260408T152710Z,2026-04-08T15:30:34+00:00,urls.xlsx,urls.xlsx,https://my-auth23948.com,https://my-auth23948.com,,my-auth23948.com,my-auth23948.com,exact,timeout,not_attempted,navigation_timeout,"Page.goto: Timeout 15000ms exceeded. | Call log: - navigating to ""https://my-auth23948.com/"", waiting until ""domcontentloaded""",,,,24649d5866ff49a18221b0dad8b5b75b62483b9d7d2727aad2753ce501a8b00f,,,,,,Airtel,airtel.in,0.0,Low,0.0,0.5833,0,False,False,0.0,-1,0.0,-1,0.0,-1,0.0,-1,False,False,False,False,False,,
run_20260408T152710Z,2026-04-08T15:30:35+00:00,urls.xlsx,urls.xlsx,https://graniteindustriesinc.com,https://graniteindustriesinc.com,,graniteindustriesinc.com,graniteindustriesinc.com,exact,failed,not_attempted,navigation_error,"Page.goto: net::ERR_NAME_NOT_RESOLVED at https://graniteindustriesinc.com/ | Call log: - navigating to ""https://graniteindustriesinc.com/"", waiting until ""domcontentloaded""",,,,94bfa6428e526b470c4e586fd3536eae1860b4906f4a8db22f5e3cf58c6552ab,,,,,,Air India,airindiaexpress.com,0.0,Low,0.0,0.6889,0,False,False,0.0,-1,0.0,-1,0.0,-1,0.0,-1,False,False,False,False,False,,
run_20260408T152710Z,2026-04-08T15:30:35+00:00,urls.xlsx,urls.xlsx,https://metaads.pro,https://metaads.pro,,metaads.pro,metaads.pro,exact,timeout,not_attempted,navigation_timeout,"Page.goto: Timeout 15000ms exceeded. | Call log: - navigating to ""https://metaads.pro/"", waiting until ""domcontentloaded""",,,,684676397c53bc3761efc5d1b47fd47cfe663f3a2ca42e12dce218801630c81e,,,,,,Income Tax Department,incometaxindia.gov.in,0.0,Low,0.0,0.6905,0,False,False,0.0,-1,0.0,-1,0.0,-1,0.0,-1,False,False,False,False,False,,
run_20260408T152710Z,2026-04-08T15:30:35+00:00,urls.xlsx,urls.xlsx,https://globalbookpublication.com,https://globalbookpublication.com,,globalbookpublication.com,globalbookpublication.com,exact,timeout,not_attempted,navigation_timeout,"Page.goto: Timeout 15000ms exceeded. | Call log: - navigating to ""https://globalbookpublication.com/"", waiting until ""domcontentloaded""",,,,8a526e257218b411337fe53acf9c5590c961b2cdae83251f577714ac4a3b3c11,,,,,,National Informatics Centre (NIC),cloud.gov.in,0.0,Low,0.0,0.581,0,False,False,0.0,-1,0.0,-1,0.0,-1,0.0,-1,False,False,False,False,False,,
run_20260408T152710Z,2026-04-08T15:30:35+00:00,urls.xlsx,urls.xlsx,https://creditrepair-help.com,https://creditrepair-help.com,,creditrepair-help.com,creditrepair-help.com,exact,timeout,not_attempted,navigation_timeout,"Page.goto: Timeout 15000ms exceeded. | Call log: - navigating to ""https://creditrepair-help.com/"", waiting until ""domcontentloaded""",,,,7a92e1ac00a8fb6bd3beb114298906925a41118422d08571c6a9066ace3186e6,,,,,,Election Commision of India (ECI),eci.gov.in,0.0,Low,0.0,0.6144,0,False,False,0.0,-1,0.0,-1,0.0,-1,0.0,-1,False,False,False,False,False,,
run_20260408T152710Z,2026-04-08T15:30:35+00:00,urls.xlsx,urls.xlsx,https://ampmskincare.com,https://ampmskincare.com,,ampmskincare.com,ampmskincare.com,exact,timeout,not_attempted,navigation_timeout,"Page.goto: Timeout 15000ms exceeded. | Call log: - navigating to ""https://ampmskincare.com/"", waiting until ""domcontentloaded""",,,,e051d91c92c03bebe36f908bd8eae49dd2c4a214c49e6c3da6158e38084d7def,,,,,,All India Institute of Medical Sciences (AIIMS),aiimsexams.ac.in,0.0,Low,0.0,0.6444,0,False,False,0.0,-1,0.0,-1,0.0,-1,0.0,-1,False,False,False,False,False,,
run_20260408T152710Z,2026-04-08T15:30:35+00:00,urls.xlsx,urls.xlsx,https://s-s-a.us,https://s-s-a.us,,s-s-a.us,s-s-a.us,exact,timeout,not_attempted,navigation_timeout,"Page.goto: Timeout 15000ms exceeded. | Call log: - navigating to ""https://s-s-a.us/"", waiting until ""domcontentloaded""",,,,2f614c23b070b51daa6674c1dcaf66322c89c8b9eba46c66c0eab0cc315f3489,,,,,,BSE Ltd.,bsestarmf.in,0.0,Low,0.0,0.6444,0,False,False,0.0,-1,0.0,-1,0.0,-1,0.0,-1,False,False,False,False,False,,
run_20260408T152710Z,2026-04-08T15:30:35+00:00,urls.xlsx,urls.xlsx,https://brierleysovereigngroup.info,https://brierleysovereigngroup.info,,brierleysovereigngroup.info,brierleysovereigngroup.info,exact,timeout,not_attempted,navigation_timeout,"Page.goto: Timeout 15000ms exceeded. | Call log: - navigating to ""https://brierleysovereigngroup.info/"", waiting until ""domcontentloaded""",,,,dc731889f61fe8e31c0c44afbf25066e0854404bab233db949ca0c0562a38dec,,,,,,State Bank of India (SBI),corp.onlinesbi.sbi,0.0,Low,0.0,0.6034,0,False,False,0.0,-1,0.0,-1,0.0,-1,0.0,-1,False,False,False,False,False,,
run_20260408T152710Z,2026-04-08T15:30:35+00:00,urls.xlsx,urls.xlsx,https://sportrade.blog,https://sportrade.blog,,sportrade.blog,sportrade.blog,exact,timeout,not_attempted,navigation_timeout,"Page.goto: Timeout 15000ms exceeded. | Call log: - navigating to ""https://sportrade.blog/"", waiting until ""domcontentloaded""",,,,536e9dc4178534693531800785db8026f762d81c50e70110c7ee06c8fc8e1e7f,,,,,,Canara Bank,canararobeco.com,0.0,Low,0.0,0.5907,0,False,False,0.0,-1,0.0,-1,0.0,-1,0.0,-1,False,False,False,False,False,,
run_20260408T152710Z,2026-04-08T15:30:36+00:00,urls.xlsx,urls.xlsx,https://surpriseoflifellc.com,https://surpriseoflifellc.com,,surpriseoflifellc.com,surpriseoflifellc.com,exact,timeout,not_attempted,navigation_timeout,"Page.goto: Timeout 15000ms exceeded. | Call log: - navigating to ""https://surpriseoflifellc.com/"", waiting until ""domcontentloaded""",,,,bf084db019129cb15ece44291bafa8d0d2635cdc94b63776945e6ae4463423be,,,,,,Indian Oil Corporation Limited (IOCL),iocl.com,0.0,Low,0.0,0.6422,0,False,False,0.0,-1,0.0,-1,0.0,-1,0.0,-1,False,False,False,False,False,,
run_20260408T152710Z,2026-04-08T15:30:36+00:00,urls.xlsx,urls.xlsx,https://aetyk.cc,https://aetyk.cc,,aetyk.cc,aetyk.cc,exact,timeout,not_attempted,navigation_timeout,"Page.goto: Timeout 15000ms exceeded. | Call log: - navigating to ""https://aetyk.cc/"", waiting until ""domcontentloaded""",,,,d0f586ccdb52a1803a105d61e6cc336ce9feec344d45c0caf8edeb77b8af8b4b,,,,,,Airtel,airtelpayments.bank.in,0.0,Low,0.0,0.6119,0,False,False,0.0,-1,0.0,-1,0.0,-1,0.0,-1,False,False,False,False,False,,
run_20260408T152710Z,2026-04-08T15:30:36+00:00,urls.xlsx,urls.xlsx,https://outlandscodex.ai,https://outlandscodex.ai,,outlandscodex.ai,outlandscodex.ai,exact,timeout,not_attempted,navigation_timeout,"Page.goto: Timeout 15000ms exceeded. | Call log: - navigating to ""https://outlandscodex.ai/"", waiting until ""domcontentloaded""",,,,5fdde61137d127ae24320bfbd29e1554462b59d26bdbf1d1eeda6c38a2b40086,,,,,,Income Tax Department,contents.tdscpc.gov.in,0.0,Low,0.0,0.6581,0,False,False,0.0,-1,0.0,-1,0.0,-1,0.0,-1,False,False,False,False,False,,
run_20260408T152710Z,2026-04-08T15:30:36+00:00,urls.xlsx,urls.xlsx,https://kycedeoni.autos,https://kycedeoni.autos,,kycedeoni.autos,kycedeoni.autos,exact,timeout,not_attempted,navigation_timeout,"Page.goto: Timeout 15000ms exceeded. | Call log: - navigating to ""https://kycedeoni.autos/"", waiting until ""domcontentloaded""",,,,caa8a84823da9e967e70830bf35e16f24e029d6f1c5a278a1e7d0351b147c8dc,,,,,,"Civil Registration System, MHA (RGCCI)",crsorgi.gov.in,0.0,Low,0.0,0.5873,0,False,False,0.0,-1,0.0,-1,0.0,-1,0.0,-1,False,False,False,False,False,,
run_20260408T152710Z,2026-04-08T15:30:36+00:00,urls.xlsx,urls.xlsx,https://mis4624.cc,https://mis4624.cc,,mis4624.cc,mis4624.cc,exact,failed,not_attempted,navigation_error,"Page.goto: net::ERR_NAME_NOT_RESOLVED at https://mis4624.cc/ | Call log: - navigating to ""https://mis4624.cc/"", waiting until ""domcontentloaded""",,,,19195e93c2c1efe13fd2992bf1ab3cd77c905a5012af172d5550b38685e819d8,,,,,,Axis Bank,axis.bank.in,0.0,Low,0.0,0.5952,0,False,False,0.0,-1,0.0,-1,0.0,-1,0.0,-1,False,False,False,False,False,,
run_20260408T152710Z,2026-04-08T15:30:36+00:00,urls.xlsx,urls.xlsx,https://rosastoneeg.com,https://rosastoneeg.com,,rosastoneeg.com,rosastoneeg.com,exact,failed,not_attempted,navigation_error,"Page.goto: net::ERR_NAME_NOT_RESOLVED at https://rosastoneeg.com/ | Call log: - navigating to ""https://rosastoneeg.com/"", waiting until ""domcontentloaded""",,,,2457477ce939ada20097d2b07395d3347a7eb5a17edd1947f1a39348a04127fe,,,,,,Airtel,airtel.in,0.0,Low,0.0,0.5934,0,False,False,0.0,-1,0.0,-1,0.0,-1,0.0,-1,False,False,False,False,False,,
run_20260408T152710Z,2026-04-08T15:30:36+00:00,urls.xlsx,urls.xlsx,https://o3zxth.top,https://o3zxth.top,,o3zxth.top,o3zxth.top,exact,timeout,not_attempted,navigation_timeout,"Page.goto: Timeout 15000ms exceeded. | Call log: - navigating to ""https://o3zxth.top/"", waiting until ""domcontentloaded""",,,,9df90414da5f6b82d62fe053ccd1d7b5165a5540f79f5ce8b7063b3f4be3ca5e,,,,,,Income Tax Department,incometaxindia.gov.in,0.0,Low,0.0,0.5675,0,False,False,0.0,-1,0.0,-1,0.0,-1,0.0,-1,False,False,False,False,False,,
run_20260408T152710Z,2026-04-08T15:30:43+00:00,urls.xlsx,urls.xlsx,https://commerium.co.uk,https://commerium.co.uk,,commerium.co.uk,commerium.co.uk,exact,timeout,not_attempted,navigation_timeout,"Page.goto: Timeout 15000ms exceeded. | Call log: - navigating to ""https://commerium.co.uk/"", waiting until ""domcontentloaded""",,,,1aebf287f7ba7192b2e23dc7ad2d003932ffcaf8cc5206bbbbb5b28fad0d39f4,,,,,,"Civil Registration System, MHA (RGCCI)",crsorgi.gov.in,0.0,Low,0.0,0.672,0,False,False,0.0,-1,0.0,-1,0.0,-1,0.0,-1,False,False,False,False,False,,
run_20260408T152710Z,2026-04-08T15:30:44+00:00,urls.xlsx,urls.xlsx,https://outergood.ru,https://outergood.ru,,outergood.ru,outergood.ru,exact,timeout,not_attempted,navigation_timeout,"Page.goto: Timeout 15000ms exceeded. | Call log: - navigating to ""https://outergood.ru/"", waiting until ""domcontentloaded""",,,,0155b61e35dc920a6b40be6fd5a739b60e77764b2f03ad7e54879f7cdd38741c,,,,,,Bank of Baroda,bankofbaroda.bank.in,0.0,Low,0.0,0.5926,0,False,False,0.0,-1,0.0,-1,0.0,-1,0.0,-1,False,False,False,False,False,,
run_20260408T152710Z,2026-04-08T15:30:50+00:00,urls.xlsx,urls.xlsx,https://thelocksmithcrew.com,https://thelocksmithcrew.com,,thelocksmithcrew.com,thelocksmithcrew.com,exact,timeout,not_attempted,navigation_timeout,"Page.goto: Timeout 15000ms exceeded. | Call log: - navigating to ""https://thelocksmithcrew.com/"", waiting until ""domcontentloaded""",,,,6383a546ef5bb839d93c7a0cf4aa686f5174ca9c4e06a28beb552fef943acd1c,,,,,,Election Commision of India (ECI),eci.gov.in,0.0,Low,0.0,0.7292,0,False,False,0.0,-1,0.0,-1,0.0,-1,0.0,-1,False,False,False,False,False,,
run_20260408T152710Z,2026-04-08T15:30:50+00:00,urls.xlsx,urls.xlsx,https://avbyfpho.shop,https://avbyfpho.shop,,avbyfpho.shop,avbyfpho.shop,exact,timeout,not_attempted,navigation_timeout,"Page.goto: Timeout 15000ms exceeded. | Call log: - navigating to ""https://avbyfpho.shop/"", waiting until ""domcontentloaded""",,,,b19768cbd7361037d12622d095d42173aa3324510f62047a6bf6fe679d781008,,,,,,National Health Authority (NHA),abdm.gov.in,0.0,Low,0.0,0.5833,0,False,False,0.0,-1,0.0,-1,0.0,-1,0.0,-1,False,False,False,False,False,,
run_20260408T152710Z,2026-04-08T15:30:50+00:00,urls.xlsx,urls.xlsx,https://elit-stomatolog.ru,https://elit-stomatolog.ru,,elit-stomatolog.ru,elit-stomatolog.ru,exact,timeout,not_attempted,navigation_timeout,"Page.goto: Timeout 15000ms exceeded. | Call log: - navigating to ""https://elit-stomatolog.ru/"", waiting until ""domcontentloaded""",,,,1872a15277b8c66a8a60a96a71c3fd4e661494189df49229944a18db5d70c5d6,,,,,,State Bank of India (SBI),homeloans.sbi,0.0,Low,0.0,0.6053,0,False,False,0.0,-1,0.0,-1,0.0,-1,0.0,-1,False,False,False,False,False,,
run_20260408T152710Z,2026-04-08T15:30:50+00:00,urls.xlsx,urls.xlsx,https://chillcollege.com,https://chillcollege.com,,chillcollege.com,chillcollege.com,exact,timeout,not_attempted,navigation_timeout,"Page.goto: Timeout 15000ms exceeded. | Call log: - navigating to ""https://chillcollege.com/"", waiting until ""domcontentloaded""",,,,af1f86be23fbb643d0ca008cb76ed9d814179b0c47208983e8ae8188ffbbd9b1,,,,,,National Informatics Centre (NIC),cloud.gov.in,0.0,Low,0.0,0.6167,0,False,False,0.0,-1,0.0,-1,0.0,-1,0.0,-1,False,False,False,False,False,,
run_20260408T152710Z,2026-04-08T15:30:50+00:00,urls.xlsx,urls.xlsx,https://coastalcounselingcenter.org,https://coastalcounselingcenter.org,,coastalcounselingcenter.org,coastalcounselingcenter.org,exact,failed,not_attempted,navigation_error,"Page.goto: net::ERR_NAME_NOT_RESOLVED at https://coastalcounselingcenter.org/ | Call log: - navigating to ""https://coastalcounselingcenter.org/"", waiting until ""domcontentloaded""",,,,b499e98f9ad18849564866ddb8170999f46c46830e6ad79e65ef8e93cc4c12b9,,,,,,Coal India,coalindiatenders.nic.in,0.0,Low,0.0,0.69,0,False,False,0.0,-1,0.0,-1,0.0,-1,0.0,-1,False,False,False,False,False,,
run_20260408T152710Z,2026-04-08T15:30:50+00:00,urls.xlsx,urls.xlsx,https://bluewaterpoolsusa.com,https://bluewaterpoolsusa.com,,bluewaterpoolsusa.com,bluewaterpoolsusa.com,exact,timeout,not_attempted,navigation_timeout,"Page.goto: Timeout 15000ms exceeded. | Call log: - navigating to ""https://bluewaterpoolsusa.com/"", waiting until ""domcontentloaded""",,,,98d24a777c7388990e82e38f4b7792dfbfafebf2f365ded70e4d88cadb8501cc,,,,,,Airtel,airtel.in,0.0,Low,0.0,0.5758,0,False,False,0.0,-1,0.0,-1,0.0,-1,0.0,-1,False,False,False,False,False,,
run_20260408T152710Z,2026-04-08T15:30:50+00:00,urls.xlsx,urls.xlsx,https://abx5n1n7.cc,https://abx5n1n7.cc,,abx5n1n7.cc,abx5n1n7.cc,exact,timeout,not_attempted,navigation_timeout,"Page.goto: Timeout 15000ms exceeded. | Call log: - navigating to ""https://abx5n1n7.cc/"", waiting until ""domcontentloaded""",,,,6e4126445be12e1d433d3e22ce75096536bb6a52b50c5ae04c849747d1be15f5,,,,,,Bharat Sanchar Nigam Limited (BSNL),bsnl.co.in,0.0,Low,0.0,0.8333,0,False,False,0.0,-1,0.0,-1,0.0,-1,0.0,-1,False,False,False,False,False,,
run_20260408T152710Z,2026-04-08T15:30:50+00:00,urls.xlsx,urls.xlsx,https://lml2vipaff05.cc,https://lml2vipaff05.cc,,lml2vipaff05.cc,lml2vipaff05.cc,exact,timeout,not_attempted,navigation_timeout,"Page.goto: Timeout 15000ms exceeded. | Call log: - navigating to ""https://lml2vipaff05.cc/"", waiting until ""domcontentloaded""",,,,63e712be1f9383667c1c83d31a84d4c5fc7eeedf65906bedd1455b2b2de8ea56,,,,,,Vodafone Idea (VI),myvi.in,0.0,Low,0.0,0.6667,0,False,False,0.0,-1,0.0,-1,0.0,-1,0.0,-1,False,False,False,False,False,,
run_20260408T152710Z,2026-04-08T15:30:50+00:00,urls.xlsx,urls.xlsx,https://bramclaw.my.id,https://bramclaw.my.id,,bramclaw.my.id,bramclaw.my.id,exact,timeout,not_attempted,navigation_timeout,"Page.goto: Timeout 15000ms exceeded. | Call log: - navigating to ""https://bramclaw.my.id/"", waiting until ""domcontentloaded""",,,,481827f8e849069c6a53b938649bd042b5b0b73a9fdf2f53674326862a2ddb5a,,,,,,National Health Authority (NHA),abdm.gov.in,0.0,Low,0.0,0.5972,0,False,False,0.0,-1,0.0,-1,0.0,-1,0.0,-1,False,False,False,False,False,,
run_20260408T152710Z,2026-04-08T15:30:50+00:00,urls.xlsx,urls.xlsx,https://wildlayers.com,https://wildlayers.com,,wildlayers.com,wildlayers.com,exact,timeout,not_attempted,navigation_timeout,"Page.goto: Timeout 15000ms exceeded. | Call log: - navigating to ""https://wildlayers.com/"", waiting until ""domcontentloaded""",,,,6dde8b36a020707fe69ee78eea4172c994882620454c80802d4ac841da88fb76,,,,,,Coal India,coalindiatenders.nic.in,0.0,Low,0.0,0.6649,0,False,False,0.0,-1,0.0,-1,0.0,-1,0.0,-1,False,False,False,False,False,,
run_20260408T152710Z,2026-04-08T15:30:51+00:00,urls.xlsx,urls.xlsx,https://ezbrd.co,https://ezbrd.co,,ezbrd.co,ezbrd.co,exact,timeout,not_attempted,navigation_timeout,"Page.goto: Timeout 15000ms exceeded. | Call log: - navigating to ""https://ezbrd.co/"", waiting until ""domcontentloaded""",,,,8c3d4923c2534845aae89eca7259b6ad7d12d1f7d72f1d8bbcd91f96ef36d141,,,,,,State Bank of India (SBI),sbicard.com,0.0,Low,0.0,0.6762,0,False,False,0.0,-1,0.0,-1,0.0,-1,0.0,-1,False,False,False,False,False,,
run_20260408T152710Z,2026-04-08T15:30:51+00:00,urls.xlsx,urls.xlsx,https://connect2people360x.info,https://connect2people360x.info,,connect2people360x.info,connect2people360x.info,exact,timeout,not_attempted,navigation_timeout,"Page.goto: Timeout 15000ms exceeded. | Call log: - navigating to ""https://connect2people360x.info/"", waiting until ""domcontentloaded""",,,,314299ea47bb68c3c007fa7db79a7c91380ca4a48b2f948b7f514f650baf4d30,,,,,,Computer Age Management Services Ltd. (CAMS),camsonline.com,0.0,Low,0.0,0.5889,0,False,False,0.0,-1,0.0,-1,0.0,-1,0.0,-1,False,False,False,False,False,,
run_20260408T152710Z,2026-04-08T15:30:52+00:00,urls.xlsx,urls.xlsx,https://ncbackyardbouncers.com,https://ncbackyardbouncers.com,,ncbackyardbouncers.com,ncbackyardbouncers.com,exact,timeout,not_attempted,navigation_timeout,"Page.goto: Timeout 15000ms exceeded. | Call log: - navigating to ""https://ncbackyardbouncers.com/"", waiting until ""domcontentloaded""",,,,eb17e35999d8817af60db89f26e00234389975355c086ed9e12a68cbe4a6291c,,,,,,HDFC Bank,netbanking.hdfcbank.com,0.0,Low,0.0,0.6389,0,False,False,0.0,-1,0.0,-1,0.0,-1,0.0,-1,False,False,False,False,False,,
run_20260408T152710Z,2026-04-08T15:30:52+00:00,urls.xlsx,urls.xlsx,https://daisyfrost.com,https://daisyfrost.com,,daisyfrost.com,daisyfrost.com,exact,timeout,not_attempted,navigation_timeout,"Page.goto: Timeout 15000ms exceeded. | Call log: - navigating to ""https://daisyfrost.com/"", waiting until ""domcontentloaded""",,,,7f5c3102825800523ed19389219a13a261cef44c949356baca682e35ad6a8c66,,,,,,Axis Bank,axismf.com,0.0,Low,0.0,0.6889,0,False,False,0.0,-1,0.0,-1,0.0,-1,0.0,-1,False,False,False,False,False,,
run_20260408T152710Z,2026-04-08T15:30:52+00:00,urls.xlsx,urls.xlsx,https://freedomroadfinancialdealerhub.com,https://freedomroadfinancialdealerhub.com,,freedomroadfinancialdealerhub.com,freedomroadfinancialdealerhub.com,exact,timeout,not_attempted,navigation_timeout,"Page.goto: Timeout 15000ms exceeded. | Call log: - navigating to ""https://freedomroadfinancialdealerhub.com/"", waiting until ""domcontentloaded""",,,,048d579592f10c671fe13605b799a1c10af8e3c7fdc442f6b347774353d6e487,,,,,,National Informatics Centre (NIC),kavach.mail.gov.in,0.0,Low,0.0,0.6178,0,False,False,0.0,-1,0.0,-1,0.0,-1,0.0,-1,False,False,False,False,False,,
run_20260408T152710Z,2026-04-08T15:30:58+00:00,urls.xlsx,urls.xlsx,https://di9rke.top,https://di9rke.top,,di9rke.top,di9rke.top,exact,timeout,not_attempted,navigation_timeout,"Page.goto: Timeout 15000ms exceeded. | Call log: - navigating to ""https://di9rke.top/"", waiting until ""domcontentloaded""",,,,7f8812a6b02dd9dd613c9a3c91d203a63aeefcfa6725ee3d24629ef953b77d84,,,,,,Airtel,airtel.in,0.0,Low,0.0,0.6667,0,False,False,0.0,-1,0.0,-1,0.0,-1,0.0,-1,False,False,False,False,False,,
run_20260408T152710Z,2026-04-08T15:30:59+00:00,urls.xlsx,urls.xlsx,https://flydownloads.space,https://flydownloads.space,,flydownloads.space,flydownloads.space,exact,timeout,not_attempted,navigation_timeout,"Page.goto: Timeout 15000ms exceeded. | Call log: - navigating to ""https://flydownloads.space/"", waiting until ""domcontentloaded""",,,,28ca1d8b727e93d623c3cdd03fe2120e9a5c858825e620dacbb0df2c3b4fb8c9,,,,,,State Bank of India (SBI),homeloans.sbi,0.0,Low,0.0,0.6111,0,False,False,0.0,-1,0.0,-1,0.0,-1,0.0,-1,False,False,False,False,False,,
run_20260408T152710Z,2026-04-08T15:31:05+00:00,urls.xlsx,urls.xlsx,https://sweetcookii.com,https://sweetcookii.com,,sweetcookii.com,sweetcookii.com,exact,timeout,not_attempted,navigation_timeout,"Page.goto: Timeout 15000ms exceeded. | Call log: - navigating to ""https://sweetcookii.com/"", waiting until ""domcontentloaded""",,,,496a165b8f6deef26f67edceb5f75b4bd2b31832768bd53a224361eb8ccd8dbe,,,,,,Election Commision of India (ECI),eci.gov.in,0.0,Low,0.0,0.6162,0,False,False,0.0,-1,0.0,-1,0.0,-1,0.0,-1,False,False,False,False,False,,
run_20260408T152710Z,2026-04-08T15:31:05+00:00,urls.xlsx,urls.xlsx,https://phoenixwanderlust.in,https://phoenixwanderlust.in,,phoenixwanderlust.in,phoenixwanderlust.in,exact,timeout,not_attempted,navigation_timeout,"Page.goto: Timeout 15000ms exceeded. | Call log: - navigating to ""https://phoenixwanderlust.in/"", waiting until ""domcontentloaded""",,,,756cc0ae1d9c4b744e1b1e19ac1d7d7c45006c11f892eab3e4db4ad770dc57bf,,,,,,Punjab National Bank (PNB),pnbindia.in,0.0,Low,0.0,0.6454,0,False,False,0.0,-1,0.0,-1,0.0,-1,0.0,-1,False,False,False,False,False,,
run_20260408T152710Z,2026-04-08T15:31:05+00:00,urls.xlsx,urls.xlsx,https://pulsefck.store,https://pulsefck.store,,pulsefck.store,pulsefck.store,exact,timeout,not_attempted,navigation_timeout,"Page.goto: Timeout 15000ms exceeded. | Call log: - navigating to ""https://pulsefck.store/"", waiting until ""domcontentloaded""",,,,954b886ce651e43c8f7f5b408d5e438877830815618842ae0f5a9593568f2a19,,,,,,HDFC Bank,hdfc.bank.in,0.0,Low,0.0,0.5833,0,False,False,0.0,-1,0.0,-1,0.0,-1,0.0,-1,False,False,False,False,False,,
run_20260408T152710Z,2026-04-08T15:31:05+00:00,urls.xlsx,urls.xlsx,https://oliveandjunes.store,https://oliveandjunes.store,,oliveandjunes.store,oliveandjunes.store,exact,timeout,not_attempted,navigation_timeout,"Page.goto: Timeout 15000ms exceeded. | Call log: - navigating to ""https://oliveandjunes.store/"", waiting until ""domcontentloaded""",,,,c13117c488c740210775718b62b4d907e7d0bbf04c27678b5233a55aad3cde84,,,,,,Coal India,coalindiatenders.nic.in,0.0,Low,0.0,0.6981,0,False,False,0.0,-1,0.0,-1,0.0,-1,0.0,-1,False,False,False,False,False,,
