input_position,input_url,normalized_url,source_workbook,best_entity,best_matching_domain,lexical_score,lexical_hit,strict_lexical_hit,lexical_score_pass,fallback_rank_only,brand_score,credential_score,infra_score,evasion_score,total_stage1_score,hard_trigger_hit,stage1_reasons,page_has_password_field,page_has_login_form,form_action_mismatch,csc_mention_count,redirect_count,direct_brand_evidence_count,deceptive_host_embedding,content_spoof_strong,final_domain,favicon_domain,html_bytes_read,escalate_to_hashing,escalate_reason,deep_analysis_candidate,deep_analysis_dns_accepted,deep_analysis_attempted,dns_status,dns_decision,fetch_status,visual_status,fetch_error_type,fetch_error_detail,final_landing_url,parking_provider,parking_reason,confidence_band,best_score,admitted,admitted_to_holdout,kept_for_review_only,review_only_reason,survival_path,drop_path,reason,exclusion_stage
5,airtelfoundation.org,https://airtelfoundation.org,02-04-2026.csv,Airtel,airtel.in,0.875,True,True,True,False,0,0,0,0,0,False,lexical_hit,False,False,False,0,0,0,False,False,airtelfoundation.org,,0,True,lexical_hit,True,True,True,resolved,accepted,failed,failed,RayTaskError(TargetClosedError),"[36mray::_HashBrowserActorImpl.render()[39m (pid=708, ip=172.19.2.2, actor_id=c8fdda542d9e67d0171c86b701000000, repr=<phishing_pipeline.ray_runtime._HashBrowserActorImpl object at 0x79690ef41340>)
  File ""/usr/lib/python3.12/concurrent/futures/_base.py"", line 449, in result
    return self.__get_result()
           ^^^^^^^^^^^^^^^^^^^
  File ""/usr/lib/python3.12/concurrent/futures/_base.py"", line 401, in __get_result
    raise self._exception
           ^^^^^^^^^^^^^^^^^^^^^^^^^^^^^^^^^^^^^
  File ""/kaggle/working/phishing_ml/phishing_pipeline/ray_runtime.py"", line 666, in render
    await self._ensure_browser()
           ^^^^^^^^^^^^^^^^^^^^^^^^^^^^^^^^^^^^^
  File ""/kaggle/working/phishing_ml/phishing_pipeline/ray_runtime.py"", line 645, in _ensure_browser
    self._browser = await self._playwright.chromium.launch(**launch_kwargs)
                    ^^^^^^^^^^^^^^^^^^^^^^^^^^^^^^^^^^^^^^^^^^^^^^^^^^^^^^^
  File ""/usr/local/lib/python3.12/dist-packages/playwright/async_api/_generated.py"", line 14547, in launch
    await self._impl_obj.launch(
  File ""/usr/local/lib/python3.12/dist-packages/playwright/_impl/_browser_type.py"", line 97, in launch
    await self._channel.send(
  File ""/usr/local/lib/python3.12/dist-packages/playwright/_impl/_connection.py"", line 69, in send
    return await self._connection.wrap_api_call(
           ^^^^^^^^^^^^^^^^^^^^^^^^^^^^^^^^^^^^^
  File ""/usr/local/lib/python3.12/dist-packages/playwright/_impl/_connection.py"", line 559, in wrap_api_call
    raise rewrite_error(error, f""{parsed_st['apiName']}: {error}"") from None
playwright._impl._errors.TargetClosedError: BrowserType.launch: Target page, context or browser has been closed
Browser logs:

<launching> /root/.cache/ms-playwright/chromium_headless_shell-1208/chrome-headless-shell-linux64/chrome-headless-shell --disable-field-trial-config --disable-background-networking --disable-background-timer-throttling --disable-backgrounding-occluded-windows --disable-back-forward-cache --disable-breakpad --disable-client-side-phishing-detection --disable-component-extensions-with-background-pages --disable-component-update --no-default-browser-check --disable-default-apps --disable-dev-shm-usage --disable-extensions --disable-features=AvoidUnnecessaryBeforeUnloadCheckSync,BoundaryEventDispatchTracksNodeRemoval,DestroyProfileOnBrowserClose,DialMediaRouteProvider,GlobalMediaControls,HttpsUpgrades,LensOverlay,MediaRouter,PaintHolding,ThirdPartyStoragePartitioning,Translate,AutoDeElevate,RenderDocument,OptimizationHints --enable-features=CDPScreenshotNewSurface --allow-pre-commit-input --disable-hang-monitor --disable-ipc-flooding-protection --disable-popup-blocking --disable-prompt-on-repost --disable-renderer-backgrounding --force-color-profile=srgb --metrics-recording-only --no-first-run --password-store=basic --use-mock-keychain --no-service-autorun --export-tagged-pdf --disable-search-engine-choice-screen --unsafely-disable-devtools-self-xss-warnings --edge-skip-compat-layer-relaunch --enable-automation --disable-infobars --disable-search-engine-choice-screen --disable-sync --enable-unsafe-swiftshader --headless --hide-scrollbars --mute-audio --blink-settings=primaryHoverType=2,availableHoverTypes=2,primaryPointerType=4,availablePointerTypes=4 --no-sandbox --user-data-dir=/tmp/playwright_chromiumdev_profile-BRlwfl --remote-debugging-pipe --no-startup-window
<launched> pid=929
[pid=929][err] /root/.cache/ms-playwright/chromium_headless_shell-1208/chrome-headless-shell-linux64/chrome-headless-shell: error while loading shared libraries: libatk-1.0.so.0: cannot open shared object file: No such file or directory
Call log:
  - <launching> /root/.cache/ms-playwright/chromium_headless_shell-1208/chrome-headless-shell-linux64/chrome-headless-shell --disable-field-trial-config --disable-background-networking --disable-background-timer-throttling --disable-backgrounding-occluded-windows --disable-back-forward-cache --disable-breakpad --disable-client-side-phishing-detection --disable-component-extensions-with-background-pages --disable-component-update --no-default-browser-check --disable-default-apps --disable-dev-shm-usage --disable-extensions --disable-features=AvoidUnnecessaryBeforeUnloadCheckSync,BoundaryEventDispatchTracksNodeRemoval,DestroyProfileOnBrowserClose,DialMediaRouteProvider,GlobalMediaControls,HttpsUpgrades,LensOverlay,MediaRouter,PaintHolding,ThirdPartyStoragePartitioning,Translate,AutoDeElevate,RenderDocument,OptimizationHints --enable-features=CDPScreenshotNewSurface --allow-pre-commit-input --disable-hang-monitor --disable-ipc-flooding-protection --disable-popup-blocking --disable-prompt-on-repost --disable-renderer-backgrounding --force-color-profile=srgb --metrics-recording-only --no-first-run --password-store=basic --use-mock-keychain --no-service-autorun --export-tagged-pdf --disable-search-engine-choice-screen --unsafely-disable-devtools-self-xss-warnings --edge-skip-compat-layer-relaunch --enable-automation --disable-infobars --disable-search-engine-choice-screen --disable-sync --enable-unsafe-swiftshader --headless --hide-scrollbars --mute-audio --blink-settings=primaryHoverType=2,availableHoverTypes=2,primaryPointerType=4,availablePointerTypes=4 --no-sandbox --user-data-dir=/tmp/playwright_chromiumdev_profile-BRlwfl --remote-debugging-pipe --no-startup-window
  - <launched> pid=929
  - [pid=929][err] /root/.cache/ms-playwright/chromium_headless_shell-1208/chrome-headless-shell-linux64/chrome-headless-shell: error while loading shared libraries: libatk-1.0.so.0: cannot open shared object file: No such file or directory
  - [pid=929] <gracefully close start>
  - [pid=929] <kill>
  - [pid=929] <will force kill>
  - [pid=929] exception while trying to kill process: Error: kill ESRCH
  - [pid=929] <process did exit: exitCode=127, signal=null>
  - [pid=929] starting temporary directories cleanup
  - [pid=929] finished temporary directories cleanup
  - [pid=929] <gracefully close end>",,,,Low,0.0,False,False,False,,failed_fetch_strict_lexical_suspected,,fetch_timeout_or_fetch_failed,hashing_shortlist
8,kluftech.com,https://kluftech.com,02-04-2026.csv,Kfintech,kfintech.com,0.85,True,True,True,False,0,0,0,0,0,False,lexical_hit,False,False,False,0,0,0,False,False,kluftech.com,,0,True,lexical_hit,True,True,True,resolved,accepted,failed,failed,RayTaskError(TargetClosedError),"[36mray::_HashBrowserActorImpl.render()[39m (pid=708, ip=172.19.2.2, actor_id=c8fdda542d9e67d0171c86b701000000, repr=<phishing_pipeline.ray_runtime._HashBrowserActorImpl object at 0x79690ef41340>)
  File ""/usr/lib/python3.12/concurrent/futures/_base.py"", line 449, in result
    return self.__get_result()
           ^^^^^^^^^^^^^^^^^^^
  File ""/usr/lib/python3.12/concurrent/futures/_base.py"", line 401, in __get_result
    raise self._exception
           ^^^^^^^^^^^^^^^^^^^^^^^^^^^^^^^^^^^^^
  File ""/kaggle/working/phishing_ml/phishing_pipeline/ray_runtime.py"", line 666, in render
    await self._ensure_browser()
           ^^^^^^^^^^^^^^^^^^^^^^^^^^^^^^^^^^^^^
  File ""/kaggle/working/phishing_ml/phishing_pipeline/ray_runtime.py"", line 645, in _ensure_browser
    self._browser = await self._playwright.chromium.launch(**launch_kwargs)
                    ^^^^^^^^^^^^^^^^^^^^^^^^^^^^^^^^^^^^^^^^^^^^^^^^^^^^^^^
  File ""/usr/local/lib/python3.12/dist-packages/playwright/async_api/_generated.py"", line 14547, in launch
    await self._impl_obj.launch(
  File ""/usr/local/lib/python3.12/dist-packages/playwright/_impl/_browser_type.py"", line 97, in launch
    await self._channel.send(
  File ""/usr/local/lib/python3.12/dist-packages/playwright/_impl/_connection.py"", line 69, in send
    return await self._connection.wrap_api_call(
           ^^^^^^^^^^^^^^^^^^^^^^^^^^^^^^^^^^^^^
  File ""/usr/local/lib/python3.12/dist-packages/playwright/_impl/_connection.py"", line 559, in wrap_api_call
    raise rewrite_error(error, f""{parsed_st['apiName']}: {error}"") from None
playwright._impl._errors.TargetClosedError: BrowserType.launch: Target page, context or browser has been closed
Browser logs:

<launching> /root/.cache/ms-playwright/chromium_headless_shell-1208/chrome-headless-shell-linux64/chrome-headless-shell --disable-field-trial-config --disable-background-networking --disable-background-timer-throttling --disable-backgrounding-occluded-windows --disable-back-forward-cache --disable-breakpad --disable-client-side-phishing-detection --disable-component-extensions-with-background-pages --disable-component-update --no-default-browser-check --disable-default-apps --disable-dev-shm-usage --disable-extensions --disable-features=AvoidUnnecessaryBeforeUnloadCheckSync,BoundaryEventDispatchTracksNodeRemoval,DestroyProfileOnBrowserClose,DialMediaRouteProvider,GlobalMediaControls,HttpsUpgrades,LensOverlay,MediaRouter,PaintHolding,ThirdPartyStoragePartitioning,Translate,AutoDeElevate,RenderDocument,OptimizationHints --enable-features=CDPScreenshotNewSurface --allow-pre-commit-input --disable-hang-monitor --disable-ipc-flooding-protection --disable-popup-blocking --disable-prompt-on-repost --disable-renderer-backgrounding --force-color-profile=srgb --metrics-recording-only --no-first-run --password-store=basic --use-mock-keychain --no-service-autorun --export-tagged-pdf --disable-search-engine-choice-screen --unsafely-disable-devtools-self-xss-warnings --edge-skip-compat-layer-relaunch --enable-automation --disable-infobars --disable-search-engine-choice-screen --disable-sync --enable-unsafe-swiftshader --headless --hide-scrollbars --mute-audio --blink-settings=primaryHoverType=2,availableHoverTypes=2,primaryPointerType=4,availablePointerTypes=4 --no-sandbox --user-data-dir=/tmp/playwright_chromiumdev_profile-97KI9o --remote-debugging-pipe --no-startup-window
<launched> pid=950
[pid=950][err] /root/.cache/ms-playwright/chromium_headless_shell-1208/chrome-headless-shell-linux64/chrome-headless-shell: error while loading shared libraries: libatk-1.0.so.0: cannot open shared object file: No such file or directory
Call log:
  - <launching> /root/.cache/ms-playwright/chromium_headless_shell-1208/chrome-headless-shell-linux64/chrome-headless-shell --disable-field-trial-config --disable-background-networking --disable-background-timer-throttling --disable-backgrounding-occluded-windows --disable-back-forward-cache --disable-breakpad --disable-client-side-phishing-detection --disable-component-extensions-with-background-pages --disable-component-update --no-default-browser-check --disable-default-apps --disable-dev-shm-usage --disable-extensions --disable-features=AvoidUnnecessaryBeforeUnloadCheckSync,BoundaryEventDispatchTracksNodeRemoval,DestroyProfileOnBrowserClose,DialMediaRouteProvider,GlobalMediaControls,HttpsUpgrades,LensOverlay,MediaRouter,PaintHolding,ThirdPartyStoragePartitioning,Translate,AutoDeElevate,RenderDocument,OptimizationHints --enable-features=CDPScreenshotNewSurface --allow-pre-commit-input --disable-hang-monitor --disable-ipc-flooding-protection --disable-popup-blocking --disable-prompt-on-repost --disable-renderer-backgrounding --force-color-profile=srgb --metrics-recording-only --no-first-run --password-store=basic --use-mock-keychain --no-service-autorun --export-tagged-pdf --disable-search-engine-choice-screen --unsafely-disable-devtools-self-xss-warnings --edge-skip-compat-layer-relaunch --enable-automation --disable-infobars --disable-search-engine-choice-screen --disable-sync --enable-unsafe-swiftshader --headless --hide-scrollbars --mute-audio --blink-settings=primaryHoverType=2,availableHoverTypes=2,primaryPointerType=4,availablePointerTypes=4 --no-sandbox --user-data-dir=/tmp/playwright_chromiumdev_profile-97KI9o --remote-debugging-pipe --no-startup-window
  - <launched> pid=950
  - [pid=950][err] /root/.cache/ms-playwright/chromium_headless_shell-1208/chrome-headless-shell-linux64/chrome-headless-shell: error while loading shared libraries: libatk-1.0.so.0: cannot open shared object file: No such file or directory
  - [pid=950] <gracefully close start>
  - [pid=950] <kill>
  - [pid=950] <will force kill>
  - [pid=950] <process did exit: exitCode=127, signal=null>
  - [pid=950] starting temporary directories cleanup
  - [pid=950] finished temporary directories cleanup
  - [pid=950] <gracefully close end>",,,,Low,0.0,False,False,False,,failed_fetch_strict_lexical_suspected,,fetch_timeout_or_fetch_failed,hashing_shortlist
13,skinifytech.com,https://skinifytech.com,02-04-2026.csv,Kfintech,kfintech.com,0.8674,True,True,True,False,0,0,0,0,0,False,lexical_hit,False,False,False,0,0,0,False,False,skinifytech.com,,0,True,lexical_hit,True,True,True,resolved,accepted,failed,failed,RayTaskError(TargetClosedError),"[36mray::_HashBrowserActorImpl.render()[39m (pid=708, ip=172.19.2.2, actor_id=c8fdda542d9e67d0171c86b701000000, repr=<phishing_pipeline.ray_runtime._HashBrowserActorImpl object at 0x79690ef41340>)
  File ""/usr/lib/python3.12/concurrent/futures/_base.py"", line 449, in result
    return self.__get_result()
           ^^^^^^^^^^^^^^^^^^^
  File ""/usr/lib/python3.12/concurrent/futures/_base.py"", line 401, in __get_result
    raise self._exception
           ^^^^^^^^^^^^^^^^^^^^^^^^^^^^^^^^^^^^^
  File ""/kaggle/working/phishing_ml/phishing_pipeline/ray_runtime.py"", line 666, in render
    await self._ensure_browser()
           ^^^^^^^^^^^^^^^^^^^^^^^^^^^^^^^^^^^^^
  File ""/kaggle/working/phishing_ml/phishing_pipeline/ray_runtime.py"", line 645, in _ensure_browser
    self._browser = await self._playwright.chromium.launch(**launch_kwargs)
                    ^^^^^^^^^^^^^^^^^^^^^^^^^^^^^^^^^^^^^^^^^^^^^^^^^^^^^^^
  File ""/usr/local/lib/python3.12/dist-packages/playwright/async_api/_generated.py"", line 14547, in launch
    await self._impl_obj.launch(
  File ""/usr/local/lib/python3.12/dist-packages/playwright/_impl/_browser_type.py"", line 97, in launch
    await self._channel.send(
  File ""/usr/local/lib/python3.12/dist-packages/playwright/_impl/_connection.py"", line 69, in send
    return await self._connection.wrap_api_call(
           ^^^^^^^^^^^^^^^^^^^^^^^^^^^^^^^^^^^^^
  File ""/usr/local/lib/python3.12/dist-packages/playwright/_impl/_connection.py"", line 559, in wrap_api_call
    raise rewrite_error(error, f""{parsed_st['apiName']}: {error}"") from None
playwright._impl._errors.TargetClosedError: BrowserType.launch: Target page, context or browser has been closed
Browser logs:

<launching> /root/.cache/ms-playwright/chromium_headless_shell-1208/chrome-headless-shell-linux64/chrome-headless-shell --disable-field-trial-config --disable-background-networking --disable-background-timer-throttling --disable-backgrounding-occluded-windows --disable-back-forward-cache --disable-breakpad --disable-client-side-phishing-detection --disable-component-extensions-with-background-pages --disable-component-update --no-default-browser-check --disable-default-apps --disable-dev-shm-usage --disable-extensions --disable-features=AvoidUnnecessaryBeforeUnloadCheckSync,BoundaryEventDispatchTracksNodeRemoval,DestroyProfileOnBrowserClose,DialMediaRouteProvider,GlobalMediaControls,HttpsUpgrades,LensOverlay,MediaRouter,PaintHolding,ThirdPartyStoragePartitioning,Translate,AutoDeElevate,RenderDocument,OptimizationHints --enable-features=CDPScreenshotNewSurface --allow-pre-commit-input --disable-hang-monitor --disable-ipc-flooding-protection --disable-popup-blocking --disable-prompt-on-repost --disable-renderer-backgrounding --force-color-profile=srgb --metrics-recording-only --no-first-run --password-store=basic --use-mock-keychain --no-service-autorun --export-tagged-pdf --disable-search-engine-choice-screen --unsafely-disable-devtools-self-xss-warnings --edge-skip-compat-layer-relaunch --enable-automation --disable-infobars --disable-search-engine-choice-screen --disable-sync --enable-unsafe-swiftshader --headless --hide-scrollbars --mute-audio --blink-settings=primaryHoverType=2,availableHoverTypes=2,primaryPointerType=4,availablePointerTypes=4 --no-sandbox --user-data-dir=/tmp/playwright_chromiumdev_profile-ssg0tC --remote-debugging-pipe --no-startup-window
<launched> pid=1062
[pid=1062][err] /root/.cache/ms-playwright/chromium_headless_shell-1208/chrome-headless-shell-linux64/chrome-headless-shell: error while loading shared libraries: libatk-1.0.so.0: cannot open shared object file: No such file or directory
Call log:
  - <launching> /root/.cache/ms-playwright/chromium_headless_shell-1208/chrome-headless-shell-linux64/chrome-headless-shell --disable-field-trial-config --disable-background-networking --disable-background-timer-throttling --disable-backgrounding-occluded-windows --disable-back-forward-cache --disable-breakpad --disable-client-side-phishing-detection --disable-component-extensions-with-background-pages --disable-component-update --no-default-browser-check --disable-default-apps --disable-dev-shm-usage --disable-extensions --disable-features=AvoidUnnecessaryBeforeUnloadCheckSync,BoundaryEventDispatchTracksNodeRemoval,DestroyProfileOnBrowserClose,DialMediaRouteProvider,GlobalMediaControls,HttpsUpgrades,LensOverlay,MediaRouter,PaintHolding,ThirdPartyStoragePartitioning,Translate,AutoDeElevate,RenderDocument,OptimizationHints --enable-features=CDPScreenshotNewSurface --allow-pre-commit-input --disable-hang-monitor --disable-ipc-flooding-protection --disable-popup-blocking --disable-prompt-on-repost --disable-renderer-backgrounding --force-color-profile=srgb --metrics-recording-only --no-first-run --password-store=basic --use-mock-keychain --no-service-autorun --export-tagged-pdf --disable-search-engine-choice-screen --unsafely-disable-devtools-self-xss-warnings --edge-skip-compat-layer-relaunch --enable-automation --disable-infobars --disable-search-engine-choice-screen --disable-sync --enable-unsafe-swiftshader --headless --hide-scrollbars --mute-audio --blink-settings=primaryHoverType=2,availableHoverTypes=2,primaryPointerType=4,availablePointerTypes=4 --no-sandbox --user-data-dir=/tmp/playwright_chromiumdev_profile-ssg0tC --remote-debugging-pipe --no-startup-window
  - <launched> pid=1062
  - [pid=1062][err] /root/.cache/ms-playwright/chromium_headless_shell-1208/chrome-headless-shell-linux64/chrome-headless-shell: error while loading shared libraries: libatk-1.0.so.0: cannot open shared object file: No such file or directory
  - [pid=1062] <gracefully close start>
  - [pid=1062] <kill>
  - [pid=1062] <will force kill>
  - [pid=1062] exception while trying to kill process: Error: kill ESRCH
  - [pid=1062] <process did exit: exitCode=127, signal=null>
  - [pid=1062] starting temporary directories cleanup
  - [pid=1062] finished temporary directories cleanup
  - [pid=1062] <gracefully close end>",,,,Low,0.0,False,False,False,,failed_fetch_strict_lexical_suspected,,fetch_timeout_or_fetch_failed,hashing_shortlist
14,ai-sbi.us.com,https://ai-sbi.us.com,02-04-2026.csv,State Bank of India (SBI),sbimf.com,0.5667,True,True,False,False,0,0,0,0,0,False,lexical_hit,False,False,False,0,0,0,False,False,ai-sbi.us.com,,0,True,lexical_hit,True,True,True,resolved,accepted,failed,failed,RayTaskError(TargetClosedError),"[36mray::_HashBrowserActorImpl.render()[39m (pid=708, ip=172.19.2.2, actor_id=c8fdda542d9e67d0171c86b701000000, repr=<phishing_pipeline.ray_runtime._HashBrowserActorImpl object at 0x79690ef41340>)
  File ""/usr/lib/python3.12/concurrent/futures/_base.py"", line 449, in result
    return self.__get_result()
           ^^^^^^^^^^^^^^^^^^^
  File ""/usr/lib/python3.12/concurrent/futures/_base.py"", line 401, in __get_result
    raise self._exception
           ^^^^^^^^^^^^^^^^^^^^^^^^^^^^^^^^^^^^^
  File ""/kaggle/working/phishing_ml/phishing_pipeline/ray_runtime.py"", line 666, in render
    await self._ensure_browser()
           ^^^^^^^^^^^^^^^^^^^^^^^^^^^^^^^^^^^^^
  File ""/kaggle/working/phishing_ml/phishing_pipeline/ray_runtime.py"", line 645, in _ensure_browser
    self._browser = await self._playwright.chromium.launch(**launch_kwargs)
                    ^^^^^^^^^^^^^^^^^^^^^^^^^^^^^^^^^^^^^^^^^^^^^^^^^^^^^^^
  File ""/usr/local/lib/python3.12/dist-packages/playwright/async_api/_generated.py"", line 14547, in launch
    await self._impl_obj.launch(
  File ""/usr/local/lib/python3.12/dist-packages/playwright/_impl/_browser_type.py"", line 97, in launch
    await self._channel.send(
  File ""/usr/local/lib/python3.12/dist-packages/playwright/_impl/_connection.py"", line 69, in send
    return await self._connection.wrap_api_call(
           ^^^^^^^^^^^^^^^^^^^^^^^^^^^^^^^^^^^^^
  File ""/usr/local/lib/python3.12/dist-packages/playwright/_impl/_connection.py"", line 559, in wrap_api_call
    raise rewrite_error(error, f""{parsed_st['apiName']}: {error}"") from None
playwright._impl._errors.TargetClosedError: BrowserType.launch: Target page, context or browser has been closed
Browser logs:

<launching> /root/.cache/ms-playwright/chromium_headless_shell-1208/chrome-headless-shell-linux64/chrome-headless-shell --disable-field-trial-config --disable-background-networking --disable-background-timer-throttling --disable-backgrounding-occluded-windows --disable-back-forward-cache --disable-breakpad --disable-client-side-phishing-detection --disable-component-extensions-with-background-pages --disable-component-update --no-default-browser-check --disable-default-apps --disable-dev-shm-usage --disable-extensions --disable-features=AvoidUnnecessaryBeforeUnloadCheckSync,BoundaryEventDispatchTracksNodeRemoval,DestroyProfileOnBrowserClose,DialMediaRouteProvider,GlobalMediaControls,HttpsUpgrades,LensOverlay,MediaRouter,PaintHolding,ThirdPartyStoragePartitioning,Translate,AutoDeElevate,RenderDocument,OptimizationHints --enable-features=CDPScreenshotNewSurface --allow-pre-commit-input --disable-hang-monitor --disable-ipc-flooding-protection --disable-popup-blocking --disable-prompt-on-repost --disable-renderer-backgrounding --force-color-profile=srgb --metrics-recording-only --no-first-run --password-store=basic --use-mock-keychain --no-service-autorun --export-tagged-pdf --disable-search-engine-choice-screen --unsafely-disable-devtools-self-xss-warnings --edge-skip-compat-layer-relaunch --enable-automation --disable-infobars --disable-search-engine-choice-screen --disable-sync --enable-unsafe-swiftshader --headless --hide-scrollbars --mute-audio --blink-settings=primaryHoverType=2,availableHoverTypes=2,primaryPointerType=4,availablePointerTypes=4 --no-sandbox --user-data-dir=/tmp/playwright_chromiumdev_profile-HoDTyR --remote-debugging-pipe --no-startup-window
<launched> pid=1076
[pid=1076][err] /root/.cache/ms-playwright/chromium_headless_shell-1208/chrome-headless-shell-linux64/chrome-headless-shell: error while loading shared libraries: libatk-1.0.so.0: cannot open shared object file: No such file or directory
Call log:
  - <launching> /root/.cache/ms-playwright/chromium_headless_shell-1208/chrome-headless-shell-linux64/chrome-headless-shell --disable-field-trial-config --disable-background-networking --disable-background-timer-throttling --disable-backgrounding-occluded-windows --disable-back-forward-cache --disable-breakpad --disable-client-side-phishing-detection --disable-component-extensions-with-background-pages --disable-component-update --no-default-browser-check --disable-default-apps --disable-dev-shm-usage --disable-extensions --disable-features=AvoidUnnecessaryBeforeUnloadCheckSync,BoundaryEventDispatchTracksNodeRemoval,DestroyProfileOnBrowserClose,DialMediaRouteProvider,GlobalMediaControls,HttpsUpgrades,LensOverlay,MediaRouter,PaintHolding,ThirdPartyStoragePartitioning,Translate,AutoDeElevate,RenderDocument,OptimizationHints --enable-features=CDPScreenshotNewSurface --allow-pre-commit-input --disable-hang-monitor --disable-ipc-flooding-protection --disable-popup-blocking --disable-prompt-on-repost --disable-renderer-backgrounding --force-color-profile=srgb --metrics-recording-only --no-first-run --password-store=basic --use-mock-keychain --no-service-autorun --export-tagged-pdf --disable-search-engine-choice-screen --unsafely-disable-devtools-self-xss-warnings --edge-skip-compat-layer-relaunch --enable-automation --disable-infobars --disable-search-engine-choice-screen --disable-sync --enable-unsafe-swiftshader --headless --hide-scrollbars --mute-audio --blink-settings=primaryHoverType=2,availableHoverTypes=2,primaryPointerType=4,availablePointerTypes=4 --no-sandbox --user-data-dir=/tmp/playwright_chromiumdev_profile-HoDTyR --remote-debugging-pipe --no-startup-window
  - <launched> pid=1076
  - [pid=1076][err] /root/.cache/ms-playwright/chromium_headless_shell-1208/chrome-headless-shell-linux64/chrome-headless-shell: error while loading shared libraries: libatk-1.0.so.0: cannot open shared object file: No such file or directory
  - [pid=1076] <gracefully close start>
  - [pid=1076] <kill>
  - [pid=1076] <will force kill>
  - [pid=1076] exception while trying to kill process: Error: kill ESRCH
  - [pid=1076] <process did exit: exitCode=127, signal=null>
  - [pid=1076] starting temporary directories cleanup
  - [pid=1076] finished temporary directories cleanup
  - [pid=1076] <gracefully close end>",,,,Low,0.0,False,False,False,,failed_fetch_strict_lexical_suspected,,fetch_timeout_or_fetch_failed,hashing_shortlist
18,bisenia.com,https://bisenia.com,02-04-2026.csv,BSE Ltd.,bseindia.com,0.9196,True,True,True,False,0,0,0,0,0,False,lexical_hit,False,False,False,0,0,0,False,False,bisenia.com,,0,True,lexical_hit,True,True,True,resolved,accepted,failed,failed,RayTaskError(TargetClosedError),"[36mray::_HashBrowserActorImpl.render()[39m (pid=708, ip=172.19.2.2, actor_id=c8fdda542d9e67d0171c86b701000000, repr=<phishing_pipeline.ray_runtime._HashBrowserActorImpl object at 0x79690ef41340>)
  File ""/usr/lib/python3.12/concurrent/futures/_base.py"", line 449, in result
    return self.__get_result()
           ^^^^^^^^^^^^^^^^^^^
  File ""/usr/lib/python3.12/concurrent/futures/_base.py"", line 401, in __get_result
    raise self._exception
           ^^^^^^^^^^^^^^^^^^^^^^^^^^^^^^^^^^^^^
  File ""/kaggle/working/phishing_ml/phishing_pipeline/ray_runtime.py"", line 666, in render
    await self._ensure_browser()
           ^^^^^^^^^^^^^^^^^^^^^^^^^^^^^^^^^^^^^
  File ""/kaggle/working/phishing_ml/phishing_pipeline/ray_runtime.py"", line 645, in _ensure_browser
    self._browser = await self._playwright.chromium.launch(**launch_kwargs)
                    ^^^^^^^^^^^^^^^^^^^^^^^^^^^^^^^^^^^^^^^^^^^^^^^^^^^^^^^
  File ""/usr/local/lib/python3.12/dist-packages/playwright/async_api/_generated.py"", line 14547, in launch
    await self._impl_obj.launch(
  File ""/usr/local/lib/python3.12/dist-packages/playwright/_impl/_browser_type.py"", line 97, in launch
    await self._channel.send(
  File ""/usr/local/lib/python3.12/dist-packages/playwright/_impl/_connection.py"", line 69, in send
    return await self._connection.wrap_api_call(
           ^^^^^^^^^^^^^^^^^^^^^^^^^^^^^^^^^^^^^
  File ""/usr/local/lib/python3.12/dist-packages/playwright/_impl/_connection.py"", line 559, in wrap_api_call
    raise rewrite_error(error, f""{parsed_st['apiName']}: {error}"") from None
playwright._impl._errors.TargetClosedError: BrowserType.launch: Target page, context or browser has been closed
Browser logs:

<launching> /root/.cache/ms-playwright/chromium_headless_shell-1208/chrome-headless-shell-linux64/chrome-headless-shell --disable-field-trial-config --disable-background-networking --disable-background-timer-throttling --disable-backgrounding-occluded-windows --disable-back-forward-cache --disable-breakpad --disable-client-side-phishing-detection --disable-component-extensions-with-background-pages --disable-component-update --no-default-browser-check --disable-default-apps --disable-dev-shm-usage --disable-extensions --disable-features=AvoidUnnecessaryBeforeUnloadCheckSync,BoundaryEventDispatchTracksNodeRemoval,DestroyProfileOnBrowserClose,DialMediaRouteProvider,GlobalMediaControls,HttpsUpgrades,LensOverlay,MediaRouter,PaintHolding,ThirdPartyStoragePartitioning,Translate,AutoDeElevate,RenderDocument,OptimizationHints --enable-features=CDPScreenshotNewSurface --allow-pre-commit-input --disable-hang-monitor --disable-ipc-flooding-protection --disable-popup-blocking --disable-prompt-on-repost --disable-renderer-backgrounding --force-color-profile=srgb --metrics-recording-only --no-first-run --password-store=basic --use-mock-keychain --no-service-autorun --export-tagged-pdf --disable-search-engine-choice-screen --unsafely-disable-devtools-self-xss-warnings --edge-skip-compat-layer-relaunch --enable-automation --disable-infobars --disable-search-engine-choice-screen --disable-sync --enable-unsafe-swiftshader --headless --hide-scrollbars --mute-audio --blink-settings=primaryHoverType=2,availableHoverTypes=2,primaryPointerType=4,availablePointerTypes=4 --no-sandbox --user-data-dir=/tmp/playwright_chromiumdev_profile-Viaius --remote-debugging-pipe --no-startup-window
<launched> pid=1088
[pid=1088][err] /root/.cache/ms-playwright/chromium_headless_shell-1208/chrome-headless-shell-linux64/chrome-headless-shell: error while loading shared libraries: libatk-1.0.so.0: cannot open shared object file: No such file or directory
Call log:
  - <launching> /root/.cache/ms-playwright/chromium_headless_shell-1208/chrome-headless-shell-linux64/chrome-headless-shell --disable-field-trial-config --disable-background-networking --disable-background-timer-throttling --disable-backgrounding-occluded-windows --disable-back-forward-cache --disable-breakpad --disable-client-side-phishing-detection --disable-component-extensions-with-background-pages --disable-component-update --no-default-browser-check --disable-default-apps --disable-dev-shm-usage --disable-extensions --disable-features=AvoidUnnecessaryBeforeUnloadCheckSync,BoundaryEventDispatchTracksNodeRemoval,DestroyProfileOnBrowserClose,DialMediaRouteProvider,GlobalMediaControls,HttpsUpgrades,LensOverlay,MediaRouter,PaintHolding,ThirdPartyStoragePartitioning,Translate,AutoDeElevate,RenderDocument,OptimizationHints --enable-features=CDPScreenshotNewSurface --allow-pre-commit-input --disable-hang-monitor --disable-ipc-flooding-protection --disable-popup-blocking --disable-prompt-on-repost --disable-renderer-backgrounding --force-color-profile=srgb --metrics-recording-only --no-first-run --password-store=basic --use-mock-keychain --no-service-autorun --export-tagged-pdf --disable-search-engine-choice-screen --unsafely-disable-devtools-self-xss-warnings --edge-skip-compat-layer-relaunch --enable-automation --disable-infobars --disable-search-engine-choice-screen --disable-sync --enable-unsafe-swiftshader --headless --hide-scrollbars --mute-audio --blink-settings=primaryHoverType=2,availableHoverTypes=2,primaryPointerType=4,availablePointerTypes=4 --no-sandbox --user-data-dir=/tmp/playwright_chromiumdev_profile-Viaius --remote-debugging-pipe --no-startup-window
  - <launched> pid=1088
  - [pid=1088][err] /root/.cache/ms-playwright/chromium_headless_shell-1208/chrome-headless-shell-linux64/chrome-headless-shell: error while loading shared libraries: libatk-1.0.so.0: cannot open shared object file: No such file or directory
  - [pid=1088] <gracefully close start>
  - [pid=1088] <kill>
  - [pid=1088] <will force kill>
  - [pid=1088] exception while trying to kill process: Error: kill ESRCH
  - [pid=1088] <process did exit: exitCode=127, signal=null>
  - [pid=1088] starting temporary directories cleanup
  - [pid=1088] finished temporary directories cleanup
  - [pid=1088] <gracefully close end>",,,,Low,0.0,False,False,False,,failed_fetch_strict_lexical_suspected,,fetch_timeout_or_fetch_failed,hashing_shortlist
22,jvixoh.com,https://jvixoh.com,02-04-2026.csv,Jio,jio.com,0.85,True,True,True,False,0,0,0,0,0,False,lexical_hit,False,False,False,0,0,0,False,False,jvixoh.com,,0,True,lexical_hit,True,True,True,resolved,accepted,failed,failed,RayTaskError(TargetClosedError),"[36mray::_HashBrowserActorImpl.render()[39m (pid=708, ip=172.19.2.2, actor_id=c8fdda542d9e67d0171c86b701000000, repr=<phishing_pipeline.ray_runtime._HashBrowserActorImpl object at 0x79690ef41340>)
  File ""/usr/lib/python3.12/concurrent/futures/_base.py"", line 449, in result
    return self.__get_result()
           ^^^^^^^^^^^^^^^^^^^
  File ""/usr/lib/python3.12/concurrent/futures/_base.py"", line 401, in __get_result
    raise self._exception
           ^^^^^^^^^^^^^^^^^^^^^^^^^^^^^^^^^^^^^
  File ""/kaggle/working/phishing_ml/phishing_pipeline/ray_runtime.py"", line 666, in render
    await self._ensure_browser()
           ^^^^^^^^^^^^^^^^^^^^^^^^^^^^^^^^^^^^^
  File ""/kaggle/working/phishing_ml/phishing_pipeline/ray_runtime.py"", line 645, in _ensure_browser
    self._browser = await self._playwright.chromium.launch(**launch_kwargs)
                    ^^^^^^^^^^^^^^^^^^^^^^^^^^^^^^^^^^^^^^^^^^^^^^^^^^^^^^^
  File ""/usr/local/lib/python3.12/dist-packages/playwright/async_api/_generated.py"", line 14547, in launch
    await self._impl_obj.launch(
  File ""/usr/local/lib/python3.12/dist-packages/playwright/_impl/_browser_type.py"", line 97, in launch
    await self._channel.send(
  File ""/usr/local/lib/python3.12/dist-packages/playwright/_impl/_connection.py"", line 69, in send
    return await self._connection.wrap_api_call(
           ^^^^^^^^^^^^^^^^^^^^^^^^^^^^^^^^^^^^^
  File ""/usr/local/lib/python3.12/dist-packages/playwright/_impl/_connection.py"", line 559, in wrap_api_call
    raise rewrite_error(error, f""{parsed_st['apiName']}: {error}"") from None
playwright._impl._errors.TargetClosedError: BrowserType.launch: Target page, context or browser has been closed
Browser logs:

<launching> /root/.cache/ms-playwright/chromium_headless_shell-1208/chrome-headless-shell-linux64/chrome-headless-shell --disable-field-trial-config --disable-background-networking --disable-background-timer-throttling --disable-backgrounding-occluded-windows --disable-back-forward-cache --disable-breakpad --disable-client-side-phishing-detection --disable-component-extensions-with-background-pages --disable-component-update --no-default-browser-check --disable-default-apps --disable-dev-shm-usage --disable-extensions --disable-features=AvoidUnnecessaryBeforeUnloadCheckSync,BoundaryEventDispatchTracksNodeRemoval,DestroyProfileOnBrowserClose,DialMediaRouteProvider,GlobalMediaControls,HttpsUpgrades,LensOverlay,MediaRouter,PaintHolding,ThirdPartyStoragePartitioning,Translate,AutoDeElevate,RenderDocument,OptimizationHints --enable-features=CDPScreenshotNewSurface --allow-pre-commit-input --disable-hang-monitor --disable-ipc-flooding-protection --disable-popup-blocking --disable-prompt-on-repost --disable-renderer-backgrounding --force-color-profile=srgb --metrics-recording-only --no-first-run --password-store=basic --use-mock-keychain --no-service-autorun --export-tagged-pdf --disable-search-engine-choice-screen --unsafely-disable-devtools-self-xss-warnings --edge-skip-compat-layer-relaunch --enable-automation --disable-infobars --disable-search-engine-choice-screen --disable-sync --enable-unsafe-swiftshader --headless --hide-scrollbars --mute-audio --blink-settings=primaryHoverType=2,availableHoverTypes=2,primaryPointerType=4,availablePointerTypes=4 --no-sandbox --user-data-dir=/tmp/playwright_chromiumdev_profile-hXSoil --remote-debugging-pipe --no-startup-window
<launched> pid=1102
[pid=1102][err] /root/.cache/ms-playwright/chromium_headless_shell-1208/chrome-headless-shell-linux64/chrome-headless-shell: error while loading shared libraries: libatk-1.0.so.0: cannot open shared object file: No such file or directory
Call log:
  - <launching> /root/.cache/ms-playwright/chromium_headless_shell-1208/chrome-headless-shell-linux64/chrome-headless-shell --disable-field-trial-config --disable-background-networking --disable-background-timer-throttling --disable-backgrounding-occluded-windows --disable-back-forward-cache --disable-breakpad --disable-client-side-phishing-detection --disable-component-extensions-with-background-pages --disable-component-update --no-default-browser-check --disable-default-apps --disable-dev-shm-usage --disable-extensions --disable-features=AvoidUnnecessaryBeforeUnloadCheckSync,BoundaryEventDispatchTracksNodeRemoval,DestroyProfileOnBrowserClose,DialMediaRouteProvider,GlobalMediaControls,HttpsUpgrades,LensOverlay,MediaRouter,PaintHolding,ThirdPartyStoragePartitioning,Translate,AutoDeElevate,RenderDocument,OptimizationHints --enable-features=CDPScreenshotNewSurface --allow-pre-commit-input --disable-hang-monitor --disable-ipc-flooding-protection --disable-popup-blocking --disable-prompt-on-repost --disable-renderer-backgrounding --force-color-profile=srgb --metrics-recording-only --no-first-run --password-store=basic --use-mock-keychain --no-service-autorun --export-tagged-pdf --disable-search-engine-choice-screen --unsafely-disable-devtools-self-xss-warnings --edge-skip-compat-layer-relaunch --enable-automation --disable-infobars --disable-search-engine-choice-screen --disable-sync --enable-unsafe-swiftshader --headless --hide-scrollbars --mute-audio --blink-settings=primaryHoverType=2,availableHoverTypes=2,primaryPointerType=4,availablePointerTypes=4 --no-sandbox --user-data-dir=/tmp/playwright_chromiumdev_profile-hXSoil --remote-debugging-pipe --no-startup-window
  - <launched> pid=1102
  - [pid=1102][err] /root/.cache/ms-playwright/chromium_headless_shell-1208/chrome-headless-shell-linux64/chrome-headless-shell: error while loading shared libraries: libatk-1.0.so.0: cannot open shared object file: No such file or directory
  - [pid=1102] <gracefully close start>
  - [pid=1102] <kill>
  - [pid=1102] <will force kill>
  - [pid=1102] exception while trying to kill process: Error: kill ESRCH
  - [pid=1102] <process did exit: exitCode=127, signal=null>
  - [pid=1102] starting temporary directories cleanup
  - [pid=1102] finished temporary directories cleanup
  - [pid=1102] <gracefully close end>",,,,Low,0.0,False,False,False,,failed_fetch_strict_lexical_suspected,,fetch_timeout_or_fetch_failed,hashing_shortlist
26,airtelblack.shop,https://airtelblack.shop,02-04-2026.csv,Airtel,airtel.in,0.9091,True,True,True,False,0,0,0,0,0,False,lexical_hit,False,False,False,0,0,0,False,False,airtelblack.shop,,0,True,lexical_hit,True,True,True,resolved,accepted,failed,failed,RayTaskError(TargetClosedError),"[36mray::_HashBrowserActorImpl.render()[39m (pid=708, ip=172.19.2.2, actor_id=c8fdda542d9e67d0171c86b701000000, repr=<phishing_pipeline.ray_runtime._HashBrowserActorImpl object at 0x79690ef41340>)
  File ""/usr/lib/python3.12/concurrent/futures/_base.py"", line 449, in result
    return self.__get_result()
           ^^^^^^^^^^^^^^^^^^^
  File ""/usr/lib/python3.12/concurrent/futures/_base.py"", line 401, in __get_result
    raise self._exception
           ^^^^^^^^^^^^^^^^^^^^^^^^^^^^^^^^^^^^^
  File ""/kaggle/working/phishing_ml/phishing_pipeline/ray_runtime.py"", line 666, in render
    await self._ensure_browser()
           ^^^^^^^^^^^^^^^^^^^^^^^^^^^^^^^^^^^^^
  File ""/kaggle/working/phishing_ml/phishing_pipeline/ray_runtime.py"", line 645, in _ensure_browser
    self._browser = await self._playwright.chromium.launch(**launch_kwargs)
                    ^^^^^^^^^^^^^^^^^^^^^^^^^^^^^^^^^^^^^^^^^^^^^^^^^^^^^^^
  File ""/usr/local/lib/python3.12/dist-packages/playwright/async_api/_generated.py"", line 14547, in launch
    await self._impl_obj.launch(
  File ""/usr/local/lib/python3.12/dist-packages/playwright/_impl/_browser_type.py"", line 97, in launch
    await self._channel.send(
  File ""/usr/local/lib/python3.12/dist-packages/playwright/_impl/_connection.py"", line 69, in send
    return await self._connection.wrap_api_call(
           ^^^^^^^^^^^^^^^^^^^^^^^^^^^^^^^^^^^^^
  File ""/usr/local/lib/python3.12/dist-packages/playwright/_impl/_connection.py"", line 559, in wrap_api_call
    raise rewrite_error(error, f""{parsed_st['apiName']}: {error}"") from None
playwright._impl._errors.TargetClosedError: BrowserType.launch: Target page, context or browser has been closed
Browser logs:

<launching> /root/.cache/ms-playwright/chromium_headless_shell-1208/chrome-headless-shell-linux64/chrome-headless-shell --disable-field-trial-config --disable-background-networking --disable-background-timer-throttling --disable-backgrounding-occluded-windows --disable-back-forward-cache --disable-breakpad --disable-client-side-phishing-detection --disable-component-extensions-with-background-pages --disable-component-update --no-default-browser-check --disable-default-apps --disable-dev-shm-usage --disable-extensions --disable-features=AvoidUnnecessaryBeforeUnloadCheckSync,BoundaryEventDispatchTracksNodeRemoval,DestroyProfileOnBrowserClose,DialMediaRouteProvider,GlobalMediaControls,HttpsUpgrades,LensOverlay,MediaRouter,PaintHolding,ThirdPartyStoragePartitioning,Translate,AutoDeElevate,RenderDocument,OptimizationHints --enable-features=CDPScreenshotNewSurface --allow-pre-commit-input --disable-hang-monitor --disable-ipc-flooding-protection --disable-popup-blocking --disable-prompt-on-repost --disable-renderer-backgrounding --force-color-profile=srgb --metrics-recording-only --no-first-run --password-store=basic --use-mock-keychain --no-service-autorun --export-tagged-pdf --disable-search-engine-choice-screen --unsafely-disable-devtools-self-xss-warnings --edge-skip-compat-layer-relaunch --enable-automation --disable-infobars --disable-search-engine-choice-screen --disable-sync --enable-unsafe-swiftshader --headless --hide-scrollbars --mute-audio --blink-settings=primaryHoverType=2,availableHoverTypes=2,primaryPointerType=4,availablePointerTypes=4 --no-sandbox --user-data-dir=/tmp/playwright_chromiumdev_profile-Embinr --remote-debugging-pipe --no-startup-window
<launched> pid=1116
[pid=1116][err] /root/.cache/ms-playwright/chromium_headless_shell-1208/chrome-headless-shell-linux64/chrome-headless-shell: error while loading shared libraries: libatk-1.0.so.0: cannot open shared object file: No such file or directory
Call log:
  - <launching> /root/.cache/ms-playwright/chromium_headless_shell-1208/chrome-headless-shell-linux64/chrome-headless-shell --disable-field-trial-config --disable-background-networking --disable-background-timer-throttling --disable-backgrounding-occluded-windows --disable-back-forward-cache --disable-breakpad --disable-client-side-phishing-detection --disable-component-extensions-with-background-pages --disable-component-update --no-default-browser-check --disable-default-apps --disable-dev-shm-usage --disable-extensions --disable-features=AvoidUnnecessaryBeforeUnloadCheckSync,BoundaryEventDispatchTracksNodeRemoval,DestroyProfileOnBrowserClose,DialMediaRouteProvider,GlobalMediaControls,HttpsUpgrades,LensOverlay,MediaRouter,PaintHolding,ThirdPartyStoragePartitioning,Translate,AutoDeElevate,RenderDocument,OptimizationHints --enable-features=CDPScreenshotNewSurface --allow-pre-commit-input --disable-hang-monitor --disable-ipc-flooding-protection --disable-popup-blocking --disable-prompt-on-repost --disable-renderer-backgrounding --force-color-profile=srgb --metrics-recording-only --no-first-run --password-store=basic --use-mock-keychain --no-service-autorun --export-tagged-pdf --disable-search-engine-choice-screen --unsafely-disable-devtools-self-xss-warnings --edge-skip-compat-layer-relaunch --enable-automation --disable-infobars --disable-search-engine-choice-screen --disable-sync --enable-unsafe-swiftshader --headless --hide-scrollbars --mute-audio --blink-settings=primaryHoverType=2,availableHoverTypes=2,primaryPointerType=4,availablePointerTypes=4 --no-sandbox --user-data-dir=/tmp/playwright_chromiumdev_profile-Embinr --remote-debugging-pipe --no-startup-window
  - <launched> pid=1116
  - [pid=1116][err] /root/.cache/ms-playwright/chromium_headless_shell-1208/chrome-headless-shell-linux64/chrome-headless-shell: error while loading shared libraries: libatk-1.0.so.0: cannot open shared object file: No such file or directory
  - [pid=1116] <gracefully close start>
  - [pid=1116] <kill>
  - [pid=1116] <will force kill>
  - [pid=1116] exception while trying to kill process: Error: kill ESRCH
  - [pid=1116] <process did exit: exitCode=127, signal=null>
  - [pid=1116] starting temporary directories cleanup
  - [pid=1116] finished temporary directories cleanup
  - [pid=1116] <gracefully close end>",,,,Low,0.0,False,False,False,,failed_fetch_strict_lexical_suspected,,fetch_timeout_or_fetch_failed,hashing_shortlist
29,jivxow.com,https://jivxow.com,02-04-2026.csv,Jio,jio.com,0.8667,True,True,True,False,0,0,0,0,0,False,lexical_hit,False,False,False,0,0,0,False,False,jivxow.com,,0,True,lexical_hit,True,True,True,resolved,accepted,failed,failed,RayTaskError(TargetClosedError),"[36mray::_HashBrowserActorImpl.render()[39m (pid=708, ip=172.19.2.2, actor_id=c8fdda542d9e67d0171c86b701000000, repr=<phishing_pipeline.ray_runtime._HashBrowserActorImpl object at 0x79690ef41340>)
  File ""/usr/lib/python3.12/concurrent/futures/_base.py"", line 449, in result
    return self.__get_result()
           ^^^^^^^^^^^^^^^^^^^
  File ""/usr/lib/python3.12/concurrent/futures/_base.py"", line 401, in __get_result
    raise self._exception
           ^^^^^^^^^^^^^^^^^^^^^^^^^^^^^^^^^^^^^
  File ""/kaggle/working/phishing_ml/phishing_pipeline/ray_runtime.py"", line 666, in render
    await self._ensure_browser()
           ^^^^^^^^^^^^^^^^^^^^^^^^^^^^^^^^^^^^^
  File ""/kaggle/working/phishing_ml/phishing_pipeline/ray_runtime.py"", line 645, in _ensure_browser
    self._browser = await self._playwright.chromium.launch(**launch_kwargs)
                    ^^^^^^^^^^^^^^^^^^^^^^^^^^^^^^^^^^^^^^^^^^^^^^^^^^^^^^^
  File ""/usr/local/lib/python3.12/dist-packages/playwright/async_api/_generated.py"", line 14547, in launch
    await self._impl_obj.launch(
  File ""/usr/local/lib/python3.12/dist-packages/playwright/_impl/_browser_type.py"", line 97, in launch
    await self._channel.send(
  File ""/usr/local/lib/python3.12/dist-packages/playwright/_impl/_connection.py"", line 69, in send
    return await self._connection.wrap_api_call(
           ^^^^^^^^^^^^^^^^^^^^^^^^^^^^^^^^^^^^^
  File ""/usr/local/lib/python3.12/dist-packages/playwright/_impl/_connection.py"", line 559, in wrap_api_call
    raise rewrite_error(error, f""{parsed_st['apiName']}: {error}"") from None
playwright._impl._errors.TargetClosedError: BrowserType.launch: Target page, context or browser has been closed
Browser logs:

<launching> /root/.cache/ms-playwright/chromium_headless_shell-1208/chrome-headless-shell-linux64/chrome-headless-shell --disable-field-trial-config --disable-background-networking --disable-background-timer-throttling --disable-backgrounding-occluded-windows --disable-back-forward-cache --disable-breakpad --disable-client-side-phishing-detection --disable-component-extensions-with-background-pages --disable-component-update --no-default-browser-check --disable-default-apps --disable-dev-shm-usage --disable-extensions --disable-features=AvoidUnnecessaryBeforeUnloadCheckSync,BoundaryEventDispatchTracksNodeRemoval,DestroyProfileOnBrowserClose,DialMediaRouteProvider,GlobalMediaControls,HttpsUpgrades,LensOverlay,MediaRouter,PaintHolding,ThirdPartyStoragePartitioning,Translate,AutoDeElevate,RenderDocument,OptimizationHints --enable-features=CDPScreenshotNewSurface --allow-pre-commit-input --disable-hang-monitor --disable-ipc-flooding-protection --disable-popup-blocking --disable-prompt-on-repost --disable-renderer-backgrounding --force-color-profile=srgb --metrics-recording-only --no-first-run --password-store=basic --use-mock-keychain --no-service-autorun --export-tagged-pdf --disable-search-engine-choice-screen --unsafely-disable-devtools-self-xss-warnings --edge-skip-compat-layer-relaunch --enable-automation --disable-infobars --disable-search-engine-choice-screen --disable-sync --enable-unsafe-swiftshader --headless --hide-scrollbars --mute-audio --blink-settings=primaryHoverType=2,availableHoverTypes=2,primaryPointerType=4,availablePointerTypes=4 --no-sandbox --user-data-dir=/tmp/playwright_chromiumdev_profile-SBJ70X --remote-debugging-pipe --no-startup-window
<launched> pid=1137
[pid=1137][err] /root/.cache/ms-playwright/chromium_headless_shell-1208/chrome-headless-shell-linux64/chrome-headless-shell: error while loading shared libraries: libatk-1.0.so.0: cannot open shared object file: No such file or directory
Call log:
  - <launching> /root/.cache/ms-playwright/chromium_headless_shell-1208/chrome-headless-shell-linux64/chrome-headless-shell --disable-field-trial-config --disable-background-networking --disable-background-timer-throttling --disable-backgrounding-occluded-windows --disable-back-forward-cache --disable-breakpad --disable-client-side-phishing-detection --disable-component-extensions-with-background-pages --disable-component-update --no-default-browser-check --disable-default-apps --disable-dev-shm-usage --disable-extensions --disable-features=AvoidUnnecessaryBeforeUnloadCheckSync,BoundaryEventDispatchTracksNodeRemoval,DestroyProfileOnBrowserClose,DialMediaRouteProvider,GlobalMediaControls,HttpsUpgrades,LensOverlay,MediaRouter,PaintHolding,ThirdPartyStoragePartitioning,Translate,AutoDeElevate,RenderDocument,OptimizationHints --enable-features=CDPScreenshotNewSurface --allow-pre-commit-input --disable-hang-monitor --disable-ipc-flooding-protection --disable-popup-blocking --disable-prompt-on-repost --disable-renderer-backgrounding --force-color-profile=srgb --metrics-recording-only --no-first-run --password-store=basic --use-mock-keychain --no-service-autorun --export-tagged-pdf --disable-search-engine-choice-screen --unsafely-disable-devtools-self-xss-warnings --edge-skip-compat-layer-relaunch --enable-automation --disable-infobars --disable-search-engine-choice-screen --disable-sync --enable-unsafe-swiftshader --headless --hide-scrollbars --mute-audio --blink-settings=primaryHoverType=2,availableHoverTypes=2,primaryPointerType=4,availablePointerTypes=4 --no-sandbox --user-data-dir=/tmp/playwright_chromiumdev_profile-SBJ70X --remote-debugging-pipe --no-startup-window
  - <launched> pid=1137
  - [pid=1137][err] /root/.cache/ms-playwright/chromium_headless_shell-1208/chrome-headless-shell-linux64/chrome-headless-shell: error while loading shared libraries: libatk-1.0.so.0: cannot open shared object file: No such file or directory
  - [pid=1137] <gracefully close start>
  - [pid=1137] <kill>
  - [pid=1137] <will force kill>
  - [pid=1137] exception while trying to kill process: Error: kill ESRCH
  - [pid=1137] <process did exit: exitCode=127, signal=null>
  - [pid=1137] starting temporary directories cleanup
  - [pid=1137] finished temporary directories cleanup
  - [pid=1137] <gracefully close end>",,,,Low,0.0,False,False,False,,failed_fetch_strict_lexical_suspected,,fetch_timeout_or_fetch_failed,hashing_shortlist
33,sbanim.com,https://sbanim.com,02-04-2026.csv,State Bank of India (SBI),sbi.co.in,0.8667,True,True,True,False,0,0,0,0,0,False,lexical_hit,False,False,False,0,0,0,False,False,sbanim.com,,0,True,lexical_hit,True,True,True,resolved,accepted,failed,failed,RayTaskError(TargetClosedError),"[36mray::_HashBrowserActorImpl.render()[39m (pid=708, ip=172.19.2.2, actor_id=c8fdda542d9e67d0171c86b701000000, repr=<phishing_pipeline.ray_runtime._HashBrowserActorImpl object at 0x79690ef41340>)
  File ""/usr/lib/python3.12/concurrent/futures/_base.py"", line 449, in result
    return self.__get_result()
           ^^^^^^^^^^^^^^^^^^^
  File ""/usr/lib/python3.12/concurrent/futures/_base.py"", line 401, in __get_result
    raise self._exception
           ^^^^^^^^^^^^^^^^^^^^^^^^^^^^^^^^^^^^^
  File ""/kaggle/working/phishing_ml/phishing_pipeline/ray_runtime.py"", line 666, in render
    await self._ensure_browser()
           ^^^^^^^^^^^^^^^^^^^^^^^^^^^^^^^^^^^^^
  File ""/kaggle/working/phishing_ml/phishing_pipeline/ray_runtime.py"", line 645, in _ensure_browser
    self._browser = await self._playwright.chromium.launch(**launch_kwargs)
                    ^^^^^^^^^^^^^^^^^^^^^^^^^^^^^^^^^^^^^^^^^^^^^^^^^^^^^^^
  File ""/usr/local/lib/python3.12/dist-packages/playwright/async_api/_generated.py"", line 14547, in launch
    await self._impl_obj.launch(
  File ""/usr/local/lib/python3.12/dist-packages/playwright/_impl/_browser_type.py"", line 97, in launch
    await self._channel.send(
  File ""/usr/local/lib/python3.12/dist-packages/playwright/_impl/_connection.py"", line 69, in send
    return await self._connection.wrap_api_call(
           ^^^^^^^^^^^^^^^^^^^^^^^^^^^^^^^^^^^^^
  File ""/usr/local/lib/python3.12/dist-packages/playwright/_impl/_connection.py"", line 559, in wrap_api_call
    raise rewrite_error(error, f""{parsed_st['apiName']}: {error}"") from None
playwright._impl._errors.TargetClosedError: BrowserType.launch: Target page, context or browser has been closed
Browser logs:

<launching> /root/.cache/ms-playwright/chromium_headless_shell-1208/chrome-headless-shell-linux64/chrome-headless-shell --disable-field-trial-config --disable-background-networking --disable-background-timer-throttling --disable-backgrounding-occluded-windows --disable-back-forward-cache --disable-breakpad --disable-client-side-phishing-detection --disable-component-extensions-with-background-pages --disable-component-update --no-default-browser-check --disable-default-apps --disable-dev-shm-usage --disable-extensions --disable-features=AvoidUnnecessaryBeforeUnloadCheckSync,BoundaryEventDispatchTracksNodeRemoval,DestroyProfileOnBrowserClose,DialMediaRouteProvider,GlobalMediaControls,HttpsUpgrades,LensOverlay,MediaRouter,PaintHolding,ThirdPartyStoragePartitioning,Translate,AutoDeElevate,RenderDocument,OptimizationHints --enable-features=CDPScreenshotNewSurface --allow-pre-commit-input --disable-hang-monitor --disable-ipc-flooding-protection --disable-popup-blocking --disable-prompt-on-repost --disable-renderer-backgrounding --force-color-profile=srgb --metrics-recording-only --no-first-run --password-store=basic --use-mock-keychain --no-service-autorun --export-tagged-pdf --disable-search-engine-choice-screen --unsafely-disable-devtools-self-xss-warnings --edge-skip-compat-layer-relaunch --enable-automation --disable-infobars --disable-search-engine-choice-screen --disable-sync --enable-unsafe-swiftshader --headless --hide-scrollbars --mute-audio --blink-settings=primaryHoverType=2,availableHoverTypes=2,primaryPointerType=4,availablePointerTypes=4 --no-sandbox --user-data-dir=/tmp/playwright_chromiumdev_profile-BlslHk --remote-debugging-pipe --no-startup-window
<launched> pid=1150
[pid=1150][err] /root/.cache/ms-playwright/chromium_headless_shell-1208/chrome-headless-shell-linux64/chrome-headless-shell: error while loading shared libraries: libatk-1.0.so.0: cannot open shared object file: No such file or directory
Call log:
  - <launching> /root/.cache/ms-playwright/chromium_headless_shell-1208/chrome-headless-shell-linux64/chrome-headless-shell --disable-field-trial-config --disable-background-networking --disable-background-timer-throttling --disable-backgrounding-occluded-windows --disable-back-forward-cache --disable-breakpad --disable-client-side-phishing-detection --disable-component-extensions-with-background-pages --disable-component-update --no-default-browser-check --disable-default-apps --disable-dev-shm-usage --disable-extensions --disable-features=AvoidUnnecessaryBeforeUnloadCheckSync,BoundaryEventDispatchTracksNodeRemoval,DestroyProfileOnBrowserClose,DialMediaRouteProvider,GlobalMediaControls,HttpsUpgrades,LensOverlay,MediaRouter,PaintHolding,ThirdPartyStoragePartitioning,Translate,AutoDeElevate,RenderDocument,OptimizationHints --enable-features=CDPScreenshotNewSurface --allow-pre-commit-input --disable-hang-monitor --disable-ipc-flooding-protection --disable-popup-blocking --disable-prompt-on-repost --disable-renderer-backgrounding --force-color-profile=srgb --metrics-recording-only --no-first-run --password-store=basic --use-mock-keychain --no-service-autorun --export-tagged-pdf --disable-search-engine-choice-screen --unsafely-disable-devtools-self-xss-warnings --edge-skip-compat-layer-relaunch --enable-automation --disable-infobars --disable-search-engine-choice-screen --disable-sync --enable-unsafe-swiftshader --headless --hide-scrollbars --mute-audio --blink-settings=primaryHoverType=2,availableHoverTypes=2,primaryPointerType=4,availablePointerTypes=4 --no-sandbox --user-data-dir=/tmp/playwright_chromiumdev_profile-BlslHk --remote-debugging-pipe --no-startup-window
  - <launched> pid=1150
  - [pid=1150][err] /root/.cache/ms-playwright/chromium_headless_shell-1208/chrome-headless-shell-linux64/chrome-headless-shell: error while loading shared libraries: libatk-1.0.so.0: cannot open shared object file: No such file or directory
  - [pid=1150] <gracefully close start>
  - [pid=1150] <kill>
  - [pid=1150] <will force kill>
  - [pid=1150] exception while trying to kill process: Error: kill ESRCH
  - [pid=1150] <process did exit: exitCode=127, signal=null>
  - [pid=1150] starting temporary directories cleanup
  - [pid=1150] finished temporary directories cleanup
  - [pid=1150] <gracefully close end>",,,,Low,0.0,False,False,False,,failed_fetch_strict_lexical_suspected,,fetch_timeout_or_fetch_failed,hashing_shortlist
35,jrixos.com,https://jrixos.com,02-04-2026.csv,Jio,jio.com,0.85,True,True,True,False,0,0,0,0,0,False,lexical_hit,False,False,False,0,0,0,False,False,jrixos.com,,0,True,lexical_hit,True,True,True,resolved,accepted,failed,failed,RayTaskError(TargetClosedError),"[36mray::_HashBrowserActorImpl.render()[39m (pid=708, ip=172.19.2.2, actor_id=c8fdda542d9e67d0171c86b701000000, repr=<phishing_pipeline.ray_runtime._HashBrowserActorImpl object at 0x79690ef41340>)
  File ""/usr/lib/python3.12/concurrent/futures/_base.py"", line 449, in result
    return self.__get_result()
           ^^^^^^^^^^^^^^^^^^^
  File ""/usr/lib/python3.12/concurrent/futures/_base.py"", line 401, in __get_result
    raise self._exception
           ^^^^^^^^^^^^^^^^^^^^^^^^^^^^^^^^^^^^^
  File ""/kaggle/working/phishing_ml/phishing_pipeline/ray_runtime.py"", line 666, in render
    await self._ensure_browser()
           ^^^^^^^^^^^^^^^^^^^^^^^^^^^^^^^^^^^^^
  File ""/kaggle/working/phishing_ml/phishing_pipeline/ray_runtime.py"", line 645, in _ensure_browser
    self._browser = await self._playwright.chromium.launch(**launch_kwargs)
                    ^^^^^^^^^^^^^^^^^^^^^^^^^^^^^^^^^^^^^^^^^^^^^^^^^^^^^^^
  File ""/usr/local/lib/python3.12/dist-packages/playwright/async_api/_generated.py"", line 14547, in launch
    await self._impl_obj.launch(
  File ""/usr/local/lib/python3.12/dist-packages/playwright/_impl/_browser_type.py"", line 97, in launch
    await self._channel.send(
  File ""/usr/local/lib/python3.12/dist-packages/playwright/_impl/_connection.py"", line 69, in send
    return await self._connection.wrap_api_call(
           ^^^^^^^^^^^^^^^^^^^^^^^^^^^^^^^^^^^^^
  File ""/usr/local/lib/python3.12/dist-packages/playwright/_impl/_connection.py"", line 559, in wrap_api_call
    raise rewrite_error(error, f""{parsed_st['apiName']}: {error}"") from None
playwright._impl._errors.TargetClosedError: BrowserType.launch: Target page, context or browser has been closed
Browser logs:

<launching> /root/.cache/ms-playwright/chromium_headless_shell-1208/chrome-headless-shell-linux64/chrome-headless-shell --disable-field-trial-config --disable-background-networking --disable-background-timer-throttling --disable-backgrounding-occluded-windows --disable-back-forward-cache --disable-breakpad --disable-client-side-phishing-detection --disable-component-extensions-with-background-pages --disable-component-update --no-default-browser-check --disable-default-apps --disable-dev-shm-usage --disable-extensions --disable-features=AvoidUnnecessaryBeforeUnloadCheckSync,BoundaryEventDispatchTracksNodeRemoval,DestroyProfileOnBrowserClose,DialMediaRouteProvider,GlobalMediaControls,HttpsUpgrades,LensOverlay,MediaRouter,PaintHolding,ThirdPartyStoragePartitioning,Translate,AutoDeElevate,RenderDocument,OptimizationHints --enable-features=CDPScreenshotNewSurface --allow-pre-commit-input --disable-hang-monitor --disable-ipc-flooding-protection --disable-popup-blocking --disable-prompt-on-repost --disable-renderer-backgrounding --force-color-profile=srgb --metrics-recording-only --no-first-run --password-store=basic --use-mock-keychain --no-service-autorun --export-tagged-pdf --disable-search-engine-choice-screen --unsafely-disable-devtools-self-xss-warnings --edge-skip-compat-layer-relaunch --enable-automation --disable-infobars --disable-search-engine-choice-screen --disable-sync --enable-unsafe-swiftshader --headless --hide-scrollbars --mute-audio --blink-settings=primaryHoverType=2,availableHoverTypes=2,primaryPointerType=4,availablePointerTypes=4 --no-sandbox --user-data-dir=/tmp/playwright_chromiumdev_profile-LnB2wh --remote-debugging-pipe --no-startup-window
<launched> pid=1162
[pid=1162][err] /root/.cache/ms-playwright/chromium_headless_shell-1208/chrome-headless-shell-linux64/chrome-headless-shell: error while loading shared libraries: libatk-1.0.so.0: cannot open shared object file: No such file or directory
Call log:
  - <launching> /root/.cache/ms-playwright/chromium_headless_shell-1208/chrome-headless-shell-linux64/chrome-headless-shell --disable-field-trial-config --disable-background-networking --disable-background-timer-throttling --disable-backgrounding-occluded-windows --disable-back-forward-cache --disable-breakpad --disable-client-side-phishing-detection --disable-component-extensions-with-background-pages --disable-component-update --no-default-browser-check --disable-default-apps --disable-dev-shm-usage --disable-extensions --disable-features=AvoidUnnecessaryBeforeUnloadCheckSync,BoundaryEventDispatchTracksNodeRemoval,DestroyProfileOnBrowserClose,DialMediaRouteProvider,GlobalMediaControls,HttpsUpgrades,LensOverlay,MediaRouter,PaintHolding,ThirdPartyStoragePartitioning,Translate,AutoDeElevate,RenderDocument,OptimizationHints --enable-features=CDPScreenshotNewSurface --allow-pre-commit-input --disable-hang-monitor --disable-ipc-flooding-protection --disable-popup-blocking --disable-prompt-on-repost --disable-renderer-backgrounding --force-color-profile=srgb --metrics-recording-only --no-first-run --password-store=basic --use-mock-keychain --no-service-autorun --export-tagged-pdf --disable-search-engine-choice-screen --unsafely-disable-devtools-self-xss-warnings --edge-skip-compat-layer-relaunch --enable-automation --disable-infobars --disable-search-engine-choice-screen --disable-sync --enable-unsafe-swiftshader --headless --hide-scrollbars --mute-audio --blink-settings=primaryHoverType=2,availableHoverTypes=2,primaryPointerType=4,availablePointerTypes=4 --no-sandbox --user-data-dir=/tmp/playwright_chromiumdev_profile-LnB2wh --remote-debugging-pipe --no-startup-window
  - <launched> pid=1162
  - [pid=1162][err] /root/.cache/ms-playwright/chromium_headless_shell-1208/chrome-headless-shell-linux64/chrome-headless-shell: error while loading shared libraries: libatk-1.0.so.0: cannot open shared object file: No such file or directory
  - [pid=1162] <gracefully close start>
  - [pid=1162] <kill>
  - [pid=1162] <will force kill>
  - [pid=1162] exception while trying to kill process: Error: kill ESRCH
  - [pid=1162] <process did exit: exitCode=127, signal=null>
  - [pid=1162] starting temporary directories cleanup
  - [pid=1162] finished temporary directories cleanup
  - [pid=1162] <gracefully close end>",,,,Low,0.0,False,False,False,,failed_fetch_strict_lexical_suspected,,fetch_timeout_or_fetch_failed,hashing_shortlist
38,test-idea.com,https://test-idea.com,02-04-2026.csv,Test Census,test.census.gov.in,0.5185,True,True,False,False,0,0,0,0,0,False,lexical_hit,False,False,False,0,0,0,False,False,test-idea.com,,0,True,lexical_hit,True,True,True,resolved,accepted,failed,failed,RayTaskError(TargetClosedError),"[36mray::_HashBrowserActorImpl.render()[39m (pid=708, ip=172.19.2.2, actor_id=c8fdda542d9e67d0171c86b701000000, repr=<phishing_pipeline.ray_runtime._HashBrowserActorImpl object at 0x79690ef41340>)
  File ""/usr/lib/python3.12/concurrent/futures/_base.py"", line 449, in result
    return self.__get_result()
           ^^^^^^^^^^^^^^^^^^^
  File ""/usr/lib/python3.12/concurrent/futures/_base.py"", line 401, in __get_result
    raise self._exception
           ^^^^^^^^^^^^^^^^^^^^^^^^^^^^^^^^^^^^^
  File ""/kaggle/working/phishing_ml/phishing_pipeline/ray_runtime.py"", line 666, in render
    await self._ensure_browser()
           ^^^^^^^^^^^^^^^^^^^^^^^^^^^^^^^^^^^^^
  File ""/kaggle/working/phishing_ml/phishing_pipeline/ray_runtime.py"", line 645, in _ensure_browser
    self._browser = await self._playwright.chromium.launch(**launch_kwargs)
                    ^^^^^^^^^^^^^^^^^^^^^^^^^^^^^^^^^^^^^^^^^^^^^^^^^^^^^^^
  File ""/usr/local/lib/python3.12/dist-packages/playwright/async_api/_generated.py"", line 14547, in launch
    await self._impl_obj.launch(
  File ""/usr/local/lib/python3.12/dist-packages/playwright/_impl/_browser_type.py"", line 97, in launch
    await self._channel.send(
  File ""/usr/local/lib/python3.12/dist-packages/playwright/_impl/_connection.py"", line 69, in send
    return await self._connection.wrap_api_call(
           ^^^^^^^^^^^^^^^^^^^^^^^^^^^^^^^^^^^^^
  File ""/usr/local/lib/python3.12/dist-packages/playwright/_impl/_connection.py"", line 559, in wrap_api_call
    raise rewrite_error(error, f""{parsed_st['apiName']}: {error}"") from None
playwright._impl._errors.TargetClosedError: BrowserType.launch: Target page, context or browser has been closed
Browser logs:

<launching> /root/.cache/ms-playwright/chromium_headless_shell-1208/chrome-headless-shell-linux64/chrome-headless-shell --disable-field-trial-config --disable-background-networking --disable-background-timer-throttling --disable-backgrounding-occluded-windows --disable-back-forward-cache --disable-breakpad --disable-client-side-phishing-detection --disable-component-extensions-with-background-pages --disable-component-update --no-default-browser-check --disable-default-apps --disable-dev-shm-usage --disable-extensions --disable-features=AvoidUnnecessaryBeforeUnloadCheckSync,BoundaryEventDispatchTracksNodeRemoval,DestroyProfileOnBrowserClose,DialMediaRouteProvider,GlobalMediaControls,HttpsUpgrades,LensOverlay,MediaRouter,PaintHolding,ThirdPartyStoragePartitioning,Translate,AutoDeElevate,RenderDocument,OptimizationHints --enable-features=CDPScreenshotNewSurface --allow-pre-commit-input --disable-hang-monitor --disable-ipc-flooding-protection --disable-popup-blocking --disable-prompt-on-repost --disable-renderer-backgrounding --force-color-profile=srgb --metrics-recording-only --no-first-run --password-store=basic --use-mock-keychain --no-service-autorun --export-tagged-pdf --disable-search-engine-choice-screen --unsafely-disable-devtools-self-xss-warnings --edge-skip-compat-layer-relaunch --enable-automation --disable-infobars --disable-search-engine-choice-screen --disable-sync --enable-unsafe-swiftshader --headless --hide-scrollbars --mute-audio --blink-settings=primaryHoverType=2,availableHoverTypes=2,primaryPointerType=4,availablePointerTypes=4 --no-sandbox --user-data-dir=/tmp/playwright_chromiumdev_profile-Gumx1S --remote-debugging-pipe --no-startup-window
<launched> pid=1174
[pid=1174][err] /root/.cache/ms-playwright/chromium_headless_shell-1208/chrome-headless-shell-linux64/chrome-headless-shell: error while loading shared libraries: libatk-1.0.so.0: cannot open shared object file: No such file or directory
Call log:
  - <launching> /root/.cache/ms-playwright/chromium_headless_shell-1208/chrome-headless-shell-linux64/chrome-headless-shell --disable-field-trial-config --disable-background-networking --disable-background-timer-throttling --disable-backgrounding-occluded-windows --disable-back-forward-cache --disable-breakpad --disable-client-side-phishing-detection --disable-component-extensions-with-background-pages --disable-component-update --no-default-browser-check --disable-default-apps --disable-dev-shm-usage --disable-extensions --disable-features=AvoidUnnecessaryBeforeUnloadCheckSync,BoundaryEventDispatchTracksNodeRemoval,DestroyProfileOnBrowserClose,DialMediaRouteProvider,GlobalMediaControls,HttpsUpgrades,LensOverlay,MediaRouter,PaintHolding,ThirdPartyStoragePartitioning,Translate,AutoDeElevate,RenderDocument,OptimizationHints --enable-features=CDPScreenshotNewSurface --allow-pre-commit-input --disable-hang-monitor --disable-ipc-flooding-protection --disable-popup-blocking --disable-prompt-on-repost --disable-renderer-backgrounding --force-color-profile=srgb --metrics-recording-only --no-first-run --password-store=basic --use-mock-keychain --no-service-autorun --export-tagged-pdf --disable-search-engine-choice-screen --unsafely-disable-devtools-self-xss-warnings --edge-skip-compat-layer-relaunch --enable-automation --disable-infobars --disable-search-engine-choice-screen --disable-sync --enable-unsafe-swiftshader --headless --hide-scrollbars --mute-audio --blink-settings=primaryHoverType=2,availableHoverTypes=2,primaryPointerType=4,availablePointerTypes=4 --no-sandbox --user-data-dir=/tmp/playwright_chromiumdev_profile-Gumx1S --remote-debugging-pipe --no-startup-window
  - <launched> pid=1174
  - [pid=1174][err] /root/.cache/ms-playwright/chromium_headless_shell-1208/chrome-headless-shell-linux64/chrome-headless-shell: error while loading shared libraries: libatk-1.0.so.0: cannot open shared object file: No such file or directory
  - [pid=1174] <gracefully close start>
  - [pid=1174] <kill>
  - [pid=1174] <will force kill>
  - [pid=1174] exception while trying to kill process: Error: kill ESRCH
  - [pid=1174] <process did exit: exitCode=127, signal=null>
  - [pid=1174] starting temporary directories cleanup
  - [pid=1174] finished temporary directories cleanup
  - [pid=1174] <gracefully close end>",,,,Low,0.0,False,False,False,,failed_fetch_strict_lexical_suspected,,fetch_timeout_or_fetch_failed,hashing_shortlist
40,camionline.com,https://camionline.com,02-04-2026.csv,Computer Age Management Services Ltd. (CAMS),camsonline.com,0.93,True,True,True,False,0,0,0,0,0,False,lexical_hit,False,False,False,0,0,0,False,False,camionline.com,,0,True,lexical_hit,True,True,True,resolved,accepted,failed,failed,RayTaskError(TargetClosedError),"[36mray::_HashBrowserActorImpl.render()[39m (pid=708, ip=172.19.2.2, actor_id=c8fdda542d9e67d0171c86b701000000, repr=<phishing_pipeline.ray_runtime._HashBrowserActorImpl object at 0x79690ef41340>)
  File ""/usr/lib/python3.12/concurrent/futures/_base.py"", line 449, in result
    return self.__get_result()
           ^^^^^^^^^^^^^^^^^^^
  File ""/usr/lib/python3.12/concurrent/futures/_base.py"", line 401, in __get_result
    raise self._exception
           ^^^^^^^^^^^^^^^^^^^^^^^^^^^^^^^^^^^^^
  File ""/kaggle/working/phishing_ml/phishing_pipeline/ray_runtime.py"", line 666, in render
    await self._ensure_browser()
           ^^^^^^^^^^^^^^^^^^^^^^^^^^^^^^^^^^^^^
  File ""/kaggle/working/phishing_ml/phishing_pipeline/ray_runtime.py"", line 645, in _ensure_browser
    self._browser = await self._playwright.chromium.launch(**launch_kwargs)
                    ^^^^^^^^^^^^^^^^^^^^^^^^^^^^^^^^^^^^^^^^^^^^^^^^^^^^^^^
  File ""/usr/local/lib/python3.12/dist-packages/playwright/async_api/_generated.py"", line 14547, in launch
    await self._impl_obj.launch(
  File ""/usr/local/lib/python3.12/dist-packages/playwright/_impl/_browser_type.py"", line 97, in launch
    await self._channel.send(
  File ""/usr/local/lib/python3.12/dist-packages/playwright/_impl/_connection.py"", line 69, in send
    return await self._connection.wrap_api_call(
           ^^^^^^^^^^^^^^^^^^^^^^^^^^^^^^^^^^^^^
  File ""/usr/local/lib/python3.12/dist-packages/playwright/_impl/_connection.py"", line 559, in wrap_api_call
    raise rewrite_error(error, f""{parsed_st['apiName']}: {error}"") from None
playwright._impl._errors.TargetClosedError: BrowserType.launch: Target page, context or browser has been closed
Browser logs:

<launching> /root/.cache/ms-playwright/chromium_headless_shell-1208/chrome-headless-shell-linux64/chrome-headless-shell --disable-field-trial-config --disable-background-networking --disable-background-timer-throttling --disable-backgrounding-occluded-windows --disable-back-forward-cache --disable-breakpad --disable-client-side-phishing-detection --disable-component-extensions-with-background-pages --disable-component-update --no-default-browser-check --disable-default-apps --disable-dev-shm-usage --disable-extensions --disable-features=AvoidUnnecessaryBeforeUnloadCheckSync,BoundaryEventDispatchTracksNodeRemoval,DestroyProfileOnBrowserClose,DialMediaRouteProvider,GlobalMediaControls,HttpsUpgrades,LensOverlay,MediaRouter,PaintHolding,ThirdPartyStoragePartitioning,Translate,AutoDeElevate,RenderDocument,OptimizationHints --enable-features=CDPScreenshotNewSurface --allow-pre-commit-input --disable-hang-monitor --disable-ipc-flooding-protection --disable-popup-blocking --disable-prompt-on-repost --disable-renderer-backgrounding --force-color-profile=srgb --metrics-recording-only --no-first-run --password-store=basic --use-mock-keychain --no-service-autorun --export-tagged-pdf --disable-search-engine-choice-screen --unsafely-disable-devtools-self-xss-warnings --edge-skip-compat-layer-relaunch --enable-automation --disable-infobars --disable-search-engine-choice-screen --disable-sync --enable-unsafe-swiftshader --headless --hide-scrollbars --mute-audio --blink-settings=primaryHoverType=2,availableHoverTypes=2,primaryPointerType=4,availablePointerTypes=4 --no-sandbox --user-data-dir=/tmp/playwright_chromiumdev_profile-Ac7hHW --remote-debugging-pipe --no-startup-window
<launched> pid=1194
[pid=1194][err] /root/.cache/ms-playwright/chromium_headless_shell-1208/chrome-headless-shell-linux64/chrome-headless-shell: error while loading shared libraries: libatk-1.0.so.0: cannot open shared object file: No such file or directory
Call log:
  - <launching> /root/.cache/ms-playwright/chromium_headless_shell-1208/chrome-headless-shell-linux64/chrome-headless-shell --disable-field-trial-config --disable-background-networking --disable-background-timer-throttling --disable-backgrounding-occluded-windows --disable-back-forward-cache --disable-breakpad --disable-client-side-phishing-detection --disable-component-extensions-with-background-pages --disable-component-update --no-default-browser-check --disable-default-apps --disable-dev-shm-usage --disable-extensions --disable-features=AvoidUnnecessaryBeforeUnloadCheckSync,BoundaryEventDispatchTracksNodeRemoval,DestroyProfileOnBrowserClose,DialMediaRouteProvider,GlobalMediaControls,HttpsUpgrades,LensOverlay,MediaRouter,PaintHolding,ThirdPartyStoragePartitioning,Translate,AutoDeElevate,RenderDocument,OptimizationHints --enable-features=CDPScreenshotNewSurface --allow-pre-commit-input --disable-hang-monitor --disable-ipc-flooding-protection --disable-popup-blocking --disable-prompt-on-repost --disable-renderer-backgrounding --force-color-profile=srgb --metrics-recording-only --no-first-run --password-store=basic --use-mock-keychain --no-service-autorun --export-tagged-pdf --disable-search-engine-choice-screen --unsafely-disable-devtools-self-xss-warnings --edge-skip-compat-layer-relaunch --enable-automation --disable-infobars --disable-search-engine-choice-screen --disable-sync --enable-unsafe-swiftshader --headless --hide-scrollbars --mute-audio --blink-settings=primaryHoverType=2,availableHoverTypes=2,primaryPointerType=4,availablePointerTypes=4 --no-sandbox --user-data-dir=/tmp/playwright_chromiumdev_profile-Ac7hHW --remote-debugging-pipe --no-startup-window
  - <launched> pid=1194
  - [pid=1194][err] /root/.cache/ms-playwright/chromium_headless_shell-1208/chrome-headless-shell-linux64/chrome-headless-shell: error while loading shared libraries: libatk-1.0.so.0: cannot open shared object file: No such file or directory
  - [pid=1194] <gracefully close start>
  - [pid=1194] <kill>
  - [pid=1194] <will force kill>
  - [pid=1194] exception while trying to kill process: Error: kill ESRCH
  - [pid=1194] <process did exit: exitCode=127, signal=null>
  - [pid=1194] starting temporary directories cleanup
  - [pid=1194] finished temporary directories cleanup
  - [pid=1194] <gracefully close end>",,,,Low,0.0,False,False,False,,failed_fetch_strict_lexical_suspected,,fetch_timeout_or_fetch_failed,hashing_shortlist
41,airtelblackbox.com,https://airtelblackbox.com,02-04-2026.csv,Airtel,airtel.in,0.8857,True,True,True,False,0,0,0,0,0,False,lexical_hit,False,False,False,0,0,0,False,False,airtelblackbox.com,,0,True,lexical_hit,True,True,True,resolved,accepted,failed,failed,RayTaskError(TargetClosedError),"[36mray::_HashBrowserActorImpl.render()[39m (pid=708, ip=172.19.2.2, actor_id=c8fdda542d9e67d0171c86b701000000, repr=<phishing_pipeline.ray_runtime._HashBrowserActorImpl object at 0x79690ef41340>)
  File ""/usr/lib/python3.12/concurrent/futures/_base.py"", line 449, in result
    return self.__get_result()
           ^^^^^^^^^^^^^^^^^^^
  File ""/usr/lib/python3.12/concurrent/futures/_base.py"", line 401, in __get_result
    raise self._exception
           ^^^^^^^^^^^^^^^^^^^^^^^^^^^^^^^^^^^^^
  File ""/kaggle/working/phishing_ml/phishing_pipeline/ray_runtime.py"", line 666, in render
    await self._ensure_browser()
           ^^^^^^^^^^^^^^^^^^^^^^^^^^^^^^^^^^^^^
  File ""/kaggle/working/phishing_ml/phishing_pipeline/ray_runtime.py"", line 645, in _ensure_browser
    self._browser = await self._playwright.chromium.launch(**launch_kwargs)
                    ^^^^^^^^^^^^^^^^^^^^^^^^^^^^^^^^^^^^^^^^^^^^^^^^^^^^^^^
  File ""/usr/local/lib/python3.12/dist-packages/playwright/async_api/_generated.py"", line 14547, in launch
    await self._impl_obj.launch(
  File ""/usr/local/lib/python3.12/dist-packages/playwright/_impl/_browser_type.py"", line 97, in launch
    await self._channel.send(
  File ""/usr/local/lib/python3.12/dist-packages/playwright/_impl/_connection.py"", line 69, in send
    return await self._connection.wrap_api_call(
           ^^^^^^^^^^^^^^^^^^^^^^^^^^^^^^^^^^^^^
  File ""/usr/local/lib/python3.12/dist-packages/playwright/_impl/_connection.py"", line 559, in wrap_api_call
    raise rewrite_error(error, f""{parsed_st['apiName']}: {error}"") from None
playwright._impl._errors.TargetClosedError: BrowserType.launch: Target page, context or browser has been closed
Browser logs:

<launching> /root/.cache/ms-playwright/chromium_headless_shell-1208/chrome-headless-shell-linux64/chrome-headless-shell --disable-field-trial-config --disable-background-networking --disable-background-timer-throttling --disable-backgrounding-occluded-windows --disable-back-forward-cache --disable-breakpad --disable-client-side-phishing-detection --disable-component-extensions-with-background-pages --disable-component-update --no-default-browser-check --disable-default-apps --disable-dev-shm-usage --disable-extensions --disable-features=AvoidUnnecessaryBeforeUnloadCheckSync,BoundaryEventDispatchTracksNodeRemoval,DestroyProfileOnBrowserClose,DialMediaRouteProvider,GlobalMediaControls,HttpsUpgrades,LensOverlay,MediaRouter,PaintHolding,ThirdPartyStoragePartitioning,Translate,AutoDeElevate,RenderDocument,OptimizationHints --enable-features=CDPScreenshotNewSurface --allow-pre-commit-input --disable-hang-monitor --disable-ipc-flooding-protection --disable-popup-blocking --disable-prompt-on-repost --disable-renderer-backgrounding --force-color-profile=srgb --metrics-recording-only --no-first-run --password-store=basic --use-mock-keychain --no-service-autorun --export-tagged-pdf --disable-search-engine-choice-screen --unsafely-disable-devtools-self-xss-warnings --edge-skip-compat-layer-relaunch --enable-automation --disable-infobars --disable-search-engine-choice-screen --disable-sync --enable-unsafe-swiftshader --headless --hide-scrollbars --mute-audio --blink-settings=primaryHoverType=2,availableHoverTypes=2,primaryPointerType=4,availablePointerTypes=4 --no-sandbox --user-data-dir=/tmp/playwright_chromiumdev_profile-nlhvxN --remote-debugging-pipe --no-startup-window
<launched> pid=1206
[pid=1206][err] /root/.cache/ms-playwright/chromium_headless_shell-1208/chrome-headless-shell-linux64/chrome-headless-shell: error while loading shared libraries: libatk-1.0.so.0: cannot open shared object file: No such file or directory
Call log:
  - <launching> /root/.cache/ms-playwright/chromium_headless_shell-1208/chrome-headless-shell-linux64/chrome-headless-shell --disable-field-trial-config --disable-background-networking --disable-background-timer-throttling --disable-backgrounding-occluded-windows --disable-back-forward-cache --disable-breakpad --disable-client-side-phishing-detection --disable-component-extensions-with-background-pages --disable-component-update --no-default-browser-check --disable-default-apps --disable-dev-shm-usage --disable-extensions --disable-features=AvoidUnnecessaryBeforeUnloadCheckSync,BoundaryEventDispatchTracksNodeRemoval,DestroyProfileOnBrowserClose,DialMediaRouteProvider,GlobalMediaControls,HttpsUpgrades,LensOverlay,MediaRouter,PaintHolding,ThirdPartyStoragePartitioning,Translate,AutoDeElevate,RenderDocument,OptimizationHints --enable-features=CDPScreenshotNewSurface --allow-pre-commit-input --disable-hang-monitor --disable-ipc-flooding-protection --disable-popup-blocking --disable-prompt-on-repost --disable-renderer-backgrounding --force-color-profile=srgb --metrics-recording-only --no-first-run --password-store=basic --use-mock-keychain --no-service-autorun --export-tagged-pdf --disable-search-engine-choice-screen --unsafely-disable-devtools-self-xss-warnings --edge-skip-compat-layer-relaunch --enable-automation --disable-infobars --disable-search-engine-choice-screen --disable-sync --enable-unsafe-swiftshader --headless --hide-scrollbars --mute-audio --blink-settings=primaryHoverType=2,availableHoverTypes=2,primaryPointerType=4,availablePointerTypes=4 --no-sandbox --user-data-dir=/tmp/playwright_chromiumdev_profile-nlhvxN --remote-debugging-pipe --no-startup-window
  - <launched> pid=1206
  - [pid=1206][err] /root/.cache/ms-playwright/chromium_headless_shell-1208/chrome-headless-shell-linux64/chrome-headless-shell: error while loading shared libraries: libatk-1.0.so.0: cannot open shared object file: No such file or directory
  - [pid=1206] <gracefully close start>
  - [pid=1206] <kill>
  - [pid=1206] <will force kill>
  - [pid=1206] exception while trying to kill process: Error: kill ESRCH
  - [pid=1206] <process did exit: exitCode=127, signal=null>
  - [pid=1206] starting temporary directories cleanup
  - [pid=1206] finished temporary directories cleanup
  - [pid=1206] <gracefully close end>",,,,Low,0.0,False,False,False,,failed_fetch_strict_lexical_suspected,,fetch_timeout_or_fetch_failed,hashing_shortlist
47,myvink.io,https://myvink.io,02-04-2026.csv,Vodafone Idea (VI),myvi.in,0.9333,True,True,True,False,0,0,0,0,0,False,lexical_hit,False,False,False,0,0,0,False,False,myvink.io,,0,True,lexical_hit,True,True,True,resolved,accepted,failed,failed,RayTaskError(TargetClosedError),"[36mray::_HashBrowserActorImpl.render()[39m (pid=708, ip=172.19.2.2, actor_id=c8fdda542d9e67d0171c86b701000000, repr=<phishing_pipeline.ray_runtime._HashBrowserActorImpl object at 0x79690ef41340>)
  File ""/usr/lib/python3.12/concurrent/futures/_base.py"", line 449, in result
    return self.__get_result()
           ^^^^^^^^^^^^^^^^^^^
  File ""/usr/lib/python3.12/concurrent/futures/_base.py"", line 401, in __get_result
    raise self._exception
           ^^^^^^^^^^^^^^^^^^^^^^^^^^^^^^^^^^^^^
  File ""/kaggle/working/phishing_ml/phishing_pipeline/ray_runtime.py"", line 666, in render
    await self._ensure_browser()
           ^^^^^^^^^^^^^^^^^^^^^^^^^^^^^^^^^^^^^
  File ""/kaggle/working/phishing_ml/phishing_pipeline/ray_runtime.py"", line 645, in _ensure_browser
    self._browser = await self._playwright.chromium.launch(**launch_kwargs)
                    ^^^^^^^^^^^^^^^^^^^^^^^^^^^^^^^^^^^^^^^^^^^^^^^^^^^^^^^
  File ""/usr/local/lib/python3.12/dist-packages/playwright/async_api/_generated.py"", line 14547, in launch
    await self._impl_obj.launch(
  File ""/usr/local/lib/python3.12/dist-packages/playwright/_impl/_browser_type.py"", line 97, in launch
    await self._channel.send(
  File ""/usr/local/lib/python3.12/dist-packages/playwright/_impl/_connection.py"", line 69, in send
    return await self._connection.wrap_api_call(
           ^^^^^^^^^^^^^^^^^^^^^^^^^^^^^^^^^^^^^
  File ""/usr/local/lib/python3.12/dist-packages/playwright/_impl/_connection.py"", line 559, in wrap_api_call
    raise rewrite_error(error, f""{parsed_st['apiName']}: {error}"") from None
playwright._impl._errors.TargetClosedError: BrowserType.launch: Target page, context or browser has been closed
Browser logs:

<launching> /root/.cache/ms-playwright/chromium_headless_shell-1208/chrome-headless-shell-linux64/chrome-headless-shell --disable-field-trial-config --disable-background-networking --disable-background-timer-throttling --disable-backgrounding-occluded-windows --disable-back-forward-cache --disable-breakpad --disable-client-side-phishing-detection --disable-component-extensions-with-background-pages --disable-component-update --no-default-browser-check --disable-default-apps --disable-dev-shm-usage --disable-extensions --disable-features=AvoidUnnecessaryBeforeUnloadCheckSync,BoundaryEventDispatchTracksNodeRemoval,DestroyProfileOnBrowserClose,DialMediaRouteProvider,GlobalMediaControls,HttpsUpgrades,LensOverlay,MediaRouter,PaintHolding,ThirdPartyStoragePartitioning,Translate,AutoDeElevate,RenderDocument,OptimizationHints --enable-features=CDPScreenshotNewSurface --allow-pre-commit-input --disable-hang-monitor --disable-ipc-flooding-protection --disable-popup-blocking --disable-prompt-on-repost --disable-renderer-backgrounding --force-color-profile=srgb --metrics-recording-only --no-first-run --password-store=basic --use-mock-keychain --no-service-autorun --export-tagged-pdf --disable-search-engine-choice-screen --unsafely-disable-devtools-self-xss-warnings --edge-skip-compat-layer-relaunch --enable-automation --disable-infobars --disable-search-engine-choice-screen --disable-sync --enable-unsafe-swiftshader --headless --hide-scrollbars --mute-audio --blink-settings=primaryHoverType=2,availableHoverTypes=2,primaryPointerType=4,availablePointerTypes=4 --no-sandbox --user-data-dir=/tmp/playwright_chromiumdev_profile-9D3f68 --remote-debugging-pipe --no-startup-window
<launched> pid=1218
[pid=1218][err] /root/.cache/ms-playwright/chromium_headless_shell-1208/chrome-headless-shell-linux64/chrome-headless-shell: error while loading shared libraries: libatk-1.0.so.0: cannot open shared object file: No such file or directory
Call log:
  - <launching> /root/.cache/ms-playwright/chromium_headless_shell-1208/chrome-headless-shell-linux64/chrome-headless-shell --disable-field-trial-config --disable-background-networking --disable-background-timer-throttling --disable-backgrounding-occluded-windows --disable-back-forward-cache --disable-breakpad --disable-client-side-phishing-detection --disable-component-extensions-with-background-pages --disable-component-update --no-default-browser-check --disable-default-apps --disable-dev-shm-usage --disable-extensions --disable-features=AvoidUnnecessaryBeforeUnloadCheckSync,BoundaryEventDispatchTracksNodeRemoval,DestroyProfileOnBrowserClose,DialMediaRouteProvider,GlobalMediaControls,HttpsUpgrades,LensOverlay,MediaRouter,PaintHolding,ThirdPartyStoragePartitioning,Translate,AutoDeElevate,RenderDocument,OptimizationHints --enable-features=CDPScreenshotNewSurface --allow-pre-commit-input --disable-hang-monitor --disable-ipc-flooding-protection --disable-popup-blocking --disable-prompt-on-repost --disable-renderer-backgrounding --force-color-profile=srgb --metrics-recording-only --no-first-run --password-store=basic --use-mock-keychain --no-service-autorun --export-tagged-pdf --disable-search-engine-choice-screen --unsafely-disable-devtools-self-xss-warnings --edge-skip-compat-layer-relaunch --enable-automation --disable-infobars --disable-search-engine-choice-screen --disable-sync --enable-unsafe-swiftshader --headless --hide-scrollbars --mute-audio --blink-settings=primaryHoverType=2,availableHoverTypes=2,primaryPointerType=4,availablePointerTypes=4 --no-sandbox --user-data-dir=/tmp/playwright_chromiumdev_profile-9D3f68 --remote-debugging-pipe --no-startup-window
  - <launched> pid=1218
  - [pid=1218][err] /root/.cache/ms-playwright/chromium_headless_shell-1208/chrome-headless-shell-linux64/chrome-headless-shell: error while loading shared libraries: libatk-1.0.so.0: cannot open shared object file: No such file or directory
  - [pid=1218] <gracefully close start>
  - [pid=1218] <kill>
  - [pid=1218] <will force kill>
  - [pid=1218] exception while trying to kill process: Error: kill ESRCH
  - [pid=1218] <process did exit: exitCode=127, signal=null>
  - [pid=1218] starting temporary directories cleanup
  - [pid=1218] finished temporary directories cleanup
  - [pid=1218] <gracefully close end>",,,,Low,0.0,False,False,False,,failed_fetch_strict_lexical_suspected,,fetch_timeout_or_fetch_failed,hashing_shortlist
50,uidai-login.com,https://uidai-login.com,02-04-2026.csv,"Unique Identification Authority of India (UIDAI)
",uidai.gov.in,0.8909,True,True,True,False,0,0,0,0,0,False,lexical_hit,False,False,False,0,0,0,False,False,uidai-login.com,,0,True,lexical_hit,True,True,True,resolved,accepted,failed,failed,RayTaskError(TargetClosedError),"[36mray::_HashBrowserActorImpl.render()[39m (pid=708, ip=172.19.2.2, actor_id=c8fdda542d9e67d0171c86b701000000, repr=<phishing_pipeline.ray_runtime._HashBrowserActorImpl object at 0x79690ef41340>)
  File ""/usr/lib/python3.12/concurrent/futures/_base.py"", line 449, in result
    return self.__get_result()
           ^^^^^^^^^^^^^^^^^^^
  File ""/usr/lib/python3.12/concurrent/futures/_base.py"", line 401, in __get_result
    raise self._exception
           ^^^^^^^^^^^^^^^^^^^^^^^^^^^^^^^^^^^^^
  File ""/kaggle/working/phishing_ml/phishing_pipeline/ray_runtime.py"", line 666, in render
    await self._ensure_browser()
           ^^^^^^^^^^^^^^^^^^^^^^^^^^^^^^^^^^^^^
  File ""/kaggle/working/phishing_ml/phishing_pipeline/ray_runtime.py"", line 645, in _ensure_browser
    self._browser = await self._playwright.chromium.launch(**launch_kwargs)
                    ^^^^^^^^^^^^^^^^^^^^^^^^^^^^^^^^^^^^^^^^^^^^^^^^^^^^^^^
  File ""/usr/local/lib/python3.12/dist-packages/playwright/async_api/_generated.py"", line 14547, in launch
    await self._impl_obj.launch(
  File ""/usr/local/lib/python3.12/dist-packages/playwright/_impl/_browser_type.py"", line 97, in launch
    await self._channel.send(
  File ""/usr/local/lib/python3.12/dist-packages/playwright/_impl/_connection.py"", line 69, in send
    return await self._connection.wrap_api_call(
           ^^^^^^^^^^^^^^^^^^^^^^^^^^^^^^^^^^^^^
  File ""/usr/local/lib/python3.12/dist-packages/playwright/_impl/_connection.py"", line 559, in wrap_api_call
    raise rewrite_error(error, f""{parsed_st['apiName']}: {error}"") from None
playwright._impl._errors.TargetClosedError: BrowserType.launch: Target page, context or browser has been closed
Browser logs:

<launching> /root/.cache/ms-playwright/chromium_headless_shell-1208/chrome-headless-shell-linux64/chrome-headless-shell --disable-field-trial-config --disable-background-networking --disable-background-timer-throttling --disable-backgrounding-occluded-windows --disable-back-forward-cache --disable-breakpad --disable-client-side-phishing-detection --disable-component-extensions-with-background-pages --disable-component-update --no-default-browser-check --disable-default-apps --disable-dev-shm-usage --disable-extensions --disable-features=AvoidUnnecessaryBeforeUnloadCheckSync,BoundaryEventDispatchTracksNodeRemoval,DestroyProfileOnBrowserClose,DialMediaRouteProvider,GlobalMediaControls,HttpsUpgrades,LensOverlay,MediaRouter,PaintHolding,ThirdPartyStoragePartitioning,Translate,AutoDeElevate,RenderDocument,OptimizationHints --enable-features=CDPScreenshotNewSurface --allow-pre-commit-input --disable-hang-monitor --disable-ipc-flooding-protection --disable-popup-blocking --disable-prompt-on-repost --disable-renderer-backgrounding --force-color-profile=srgb --metrics-recording-only --no-first-run --password-store=basic --use-mock-keychain --no-service-autorun --export-tagged-pdf --disable-search-engine-choice-screen --unsafely-disable-devtools-self-xss-warnings --edge-skip-compat-layer-relaunch --enable-automation --disable-infobars --disable-search-engine-choice-screen --disable-sync --enable-unsafe-swiftshader --headless --hide-scrollbars --mute-audio --blink-settings=primaryHoverType=2,availableHoverTypes=2,primaryPointerType=4,availablePointerTypes=4 --no-sandbox --user-data-dir=/tmp/playwright_chromiumdev_profile-nAK2Dn --remote-debugging-pipe --no-startup-window
<launched> pid=1230
[pid=1230][err] /root/.cache/ms-playwright/chromium_headless_shell-1208/chrome-headless-shell-linux64/chrome-headless-shell: error while loading shared libraries: libatk-1.0.so.0: cannot open shared object file: No such file or directory
Call log:
  - <launching> /root/.cache/ms-playwright/chromium_headless_shell-1208/chrome-headless-shell-linux64/chrome-headless-shell --disable-field-trial-config --disable-background-networking --disable-background-timer-throttling --disable-backgrounding-occluded-windows --disable-back-forward-cache --disable-breakpad --disable-client-side-phishing-detection --disable-component-extensions-with-background-pages --disable-component-update --no-default-browser-check --disable-default-apps --disable-dev-shm-usage --disable-extensions --disable-features=AvoidUnnecessaryBeforeUnloadCheckSync,BoundaryEventDispatchTracksNodeRemoval,DestroyProfileOnBrowserClose,DialMediaRouteProvider,GlobalMediaControls,HttpsUpgrades,LensOverlay,MediaRouter,PaintHolding,ThirdPartyStoragePartitioning,Translate,AutoDeElevate,RenderDocument,OptimizationHints --enable-features=CDPScreenshotNewSurface --allow-pre-commit-input --disable-hang-monitor --disable-ipc-flooding-protection --disable-popup-blocking --disable-prompt-on-repost --disable-renderer-backgrounding --force-color-profile=srgb --metrics-recording-only --no-first-run --password-store=basic --use-mock-keychain --no-service-autorun --export-tagged-pdf --disable-search-engine-choice-screen --unsafely-disable-devtools-self-xss-warnings --edge-skip-compat-layer-relaunch --enable-automation --disable-infobars --disable-search-engine-choice-screen --disable-sync --enable-unsafe-swiftshader --headless --hide-scrollbars --mute-audio --blink-settings=primaryHoverType=2,availableHoverTypes=2,primaryPointerType=4,availablePointerTypes=4 --no-sandbox --user-data-dir=/tmp/playwright_chromiumdev_profile-nAK2Dn --remote-debugging-pipe --no-startup-window
  - <launched> pid=1230
  - [pid=1230][err] /root/.cache/ms-playwright/chromium_headless_shell-1208/chrome-headless-shell-linux64/chrome-headless-shell: error while loading shared libraries: libatk-1.0.so.0: cannot open shared object file: No such file or directory
  - [pid=1230] <gracefully close start>
  - [pid=1230] <kill>
  - [pid=1230] <will force kill>
  - [pid=1230] exception while trying to kill process: Error: kill ESRCH
  - [pid=1230] <process did exit: exitCode=127, signal=null>
  - [pid=1230] starting temporary directories cleanup
  - [pid=1230] finished temporary directories cleanup
  - [pid=1230] <gracefully close end>",,,,Low,0.0,False,False,False,,failed_fetch_strict_lexical_suspected,,fetch_timeout_or_fetch_failed,hashing_shortlist
51,bestidiva.com,https://bestidiva.com,02-04-2026.csv,BSE Ltd.,bseindia.com,0.853,True,True,True,False,0,0,0,0,0,False,lexical_hit,False,False,False,0,0,0,False,False,bestidiva.com,,0,True,lexical_hit,True,True,True,resolved,accepted,failed,failed,RayTaskError(TargetClosedError),"[36mray::_HashBrowserActorImpl.render()[39m (pid=708, ip=172.19.2.2, actor_id=c8fdda542d9e67d0171c86b701000000, repr=<phishing_pipeline.ray_runtime._HashBrowserActorImpl object at 0x79690ef41340>)
  File ""/usr/lib/python3.12/concurrent/futures/_base.py"", line 449, in result
    return self.__get_result()
           ^^^^^^^^^^^^^^^^^^^
  File ""/usr/lib/python3.12/concurrent/futures/_base.py"", line 401, in __get_result
    raise self._exception
           ^^^^^^^^^^^^^^^^^^^^^^^^^^^^^^^^^^^^^
  File ""/kaggle/working/phishing_ml/phishing_pipeline/ray_runtime.py"", line 666, in render
    await self._ensure_browser()
           ^^^^^^^^^^^^^^^^^^^^^^^^^^^^^^^^^^^^^
  File ""/kaggle/working/phishing_ml/phishing_pipeline/ray_runtime.py"", line 645, in _ensure_browser
    self._browser = await self._playwright.chromium.launch(**launch_kwargs)
                    ^^^^^^^^^^^^^^^^^^^^^^^^^^^^^^^^^^^^^^^^^^^^^^^^^^^^^^^
  File ""/usr/local/lib/python3.12/dist-packages/playwright/async_api/_generated.py"", line 14547, in launch
    await self._impl_obj.launch(
  File ""/usr/local/lib/python3.12/dist-packages/playwright/_impl/_browser_type.py"", line 97, in launch
    await self._channel.send(
  File ""/usr/local/lib/python3.12/dist-packages/playwright/_impl/_connection.py"", line 69, in send
    return await self._connection.wrap_api_call(
           ^^^^^^^^^^^^^^^^^^^^^^^^^^^^^^^^^^^^^
  File ""/usr/local/lib/python3.12/dist-packages/playwright/_impl/_connection.py"", line 559, in wrap_api_call
    raise rewrite_error(error, f""{parsed_st['apiName']}: {error}"") from None
playwright._impl._errors.TargetClosedError: BrowserType.launch: Target page, context or browser has been closed
Browser logs:

<launching> /root/.cache/ms-playwright/chromium_headless_shell-1208/chrome-headless-shell-linux64/chrome-headless-shell --disable-field-trial-config --disable-background-networking --disable-background-timer-throttling --disable-backgrounding-occluded-windows --disable-back-forward-cache --disable-breakpad --disable-client-side-phishing-detection --disable-component-extensions-with-background-pages --disable-component-update --no-default-browser-check --disable-default-apps --disable-dev-shm-usage --disable-extensions --disable-features=AvoidUnnecessaryBeforeUnloadCheckSync,BoundaryEventDispatchTracksNodeRemoval,DestroyProfileOnBrowserClose,DialMediaRouteProvider,GlobalMediaControls,HttpsUpgrades,LensOverlay,MediaRouter,PaintHolding,ThirdPartyStoragePartitioning,Translate,AutoDeElevate,RenderDocument,OptimizationHints --enable-features=CDPScreenshotNewSurface --allow-pre-commit-input --disable-hang-monitor --disable-ipc-flooding-protection --disable-popup-blocking --disable-prompt-on-repost --disable-renderer-backgrounding --force-color-profile=srgb --metrics-recording-only --no-first-run --password-store=basic --use-mock-keychain --no-service-autorun --export-tagged-pdf --disable-search-engine-choice-screen --unsafely-disable-devtools-self-xss-warnings --edge-skip-compat-layer-relaunch --enable-automation --disable-infobars --disable-search-engine-choice-screen --disable-sync --enable-unsafe-swiftshader --headless --hide-scrollbars --mute-audio --blink-settings=primaryHoverType=2,availableHoverTypes=2,primaryPointerType=4,availablePointerTypes=4 --no-sandbox --user-data-dir=/tmp/playwright_chromiumdev_profile-OufaS3 --remote-debugging-pipe --no-startup-window
<launched> pid=1242
[pid=1242][err] /root/.cache/ms-playwright/chromium_headless_shell-1208/chrome-headless-shell-linux64/chrome-headless-shell: error while loading shared libraries: libatk-1.0.so.0: cannot open shared object file: No such file or directory
Call log:
  - <launching> /root/.cache/ms-playwright/chromium_headless_shell-1208/chrome-headless-shell-linux64/chrome-headless-shell --disable-field-trial-config --disable-background-networking --disable-background-timer-throttling --disable-backgrounding-occluded-windows --disable-back-forward-cache --disable-breakpad --disable-client-side-phishing-detection --disable-component-extensions-with-background-pages --disable-component-update --no-default-browser-check --disable-default-apps --disable-dev-shm-usage --disable-extensions --disable-features=AvoidUnnecessaryBeforeUnloadCheckSync,BoundaryEventDispatchTracksNodeRemoval,DestroyProfileOnBrowserClose,DialMediaRouteProvider,GlobalMediaControls,HttpsUpgrades,LensOverlay,MediaRouter,PaintHolding,ThirdPartyStoragePartitioning,Translate,AutoDeElevate,RenderDocument,OptimizationHints --enable-features=CDPScreenshotNewSurface --allow-pre-commit-input --disable-hang-monitor --disable-ipc-flooding-protection --disable-popup-blocking --disable-prompt-on-repost --disable-renderer-backgrounding --force-color-profile=srgb --metrics-recording-only --no-first-run --password-store=basic --use-mock-keychain --no-service-autorun --export-tagged-pdf --disable-search-engine-choice-screen --unsafely-disable-devtools-self-xss-warnings --edge-skip-compat-layer-relaunch --enable-automation --disable-infobars --disable-search-engine-choice-screen --disable-sync --enable-unsafe-swiftshader --headless --hide-scrollbars --mute-audio --blink-settings=primaryHoverType=2,availableHoverTypes=2,primaryPointerType=4,availablePointerTypes=4 --no-sandbox --user-data-dir=/tmp/playwright_chromiumdev_profile-OufaS3 --remote-debugging-pipe --no-startup-window
  - <launched> pid=1242
  - [pid=1242][err] /root/.cache/ms-playwright/chromium_headless_shell-1208/chrome-headless-shell-linux64/chrome-headless-shell: error while loading shared libraries: libatk-1.0.so.0: cannot open shared object file: No such file or directory
  - [pid=1242] <gracefully close start>
  - [pid=1242] <kill>
  - [pid=1242] <will force kill>
  - [pid=1242] exception while trying to kill process: Error: kill ESRCH
  - [pid=1242] <process did exit: exitCode=127, signal=null>
  - [pid=1242] starting temporary directories cleanup
  - [pid=1242] finished temporary directories cleanup
  - [pid=1242] <gracefully close end>",,,,Low,0.0,False,False,False,,failed_fetch_strict_lexical_suspected,,fetch_timeout_or_fetch_failed,hashing_shortlist
56,airtel-black.in,https://airtel-black.in,02-04-2026.csv,Airtel,airtel.in,0.9,True,True,True,False,0,0,0,0,0,False,lexical_hit,False,False,False,0,0,0,False,False,airtel-black.in,,0,True,lexical_hit,True,True,True,resolved,accepted,failed,failed,RayTaskError(TargetClosedError),"[36mray::_HashBrowserActorImpl.render()[39m (pid=708, ip=172.19.2.2, actor_id=c8fdda542d9e67d0171c86b701000000, repr=<phishing_pipeline.ray_runtime._HashBrowserActorImpl object at 0x79690ef41340>)
  File ""/usr/lib/python3.12/concurrent/futures/_base.py"", line 449, in result
    return self.__get_result()
           ^^^^^^^^^^^^^^^^^^^
  File ""/usr/lib/python3.12/concurrent/futures/_base.py"", line 401, in __get_result
    raise self._exception
           ^^^^^^^^^^^^^^^^^^^^^^^^^^^^^^^^^^^^^
  File ""/kaggle/working/phishing_ml/phishing_pipeline/ray_runtime.py"", line 666, in render
    await self._ensure_browser()
           ^^^^^^^^^^^^^^^^^^^^^^^^^^^^^^^^^^^^^
  File ""/kaggle/working/phishing_ml/phishing_pipeline/ray_runtime.py"", line 645, in _ensure_browser
    self._browser = await self._playwright.chromium.launch(**launch_kwargs)
                    ^^^^^^^^^^^^^^^^^^^^^^^^^^^^^^^^^^^^^^^^^^^^^^^^^^^^^^^
  File ""/usr/local/lib/python3.12/dist-packages/playwright/async_api/_generated.py"", line 14547, in launch
    await self._impl_obj.launch(
  File ""/usr/local/lib/python3.12/dist-packages/playwright/_impl/_browser_type.py"", line 97, in launch
    await self._channel.send(
  File ""/usr/local/lib/python3.12/dist-packages/playwright/_impl/_connection.py"", line 69, in send
    return await self._connection.wrap_api_call(
           ^^^^^^^^^^^^^^^^^^^^^^^^^^^^^^^^^^^^^
  File ""/usr/local/lib/python3.12/dist-packages/playwright/_impl/_connection.py"", line 559, in wrap_api_call
    raise rewrite_error(error, f""{parsed_st['apiName']}: {error}"") from None
playwright._impl._errors.TargetClosedError: BrowserType.launch: Target page, context or browser has been closed
Browser logs:

<launching> /root/.cache/ms-playwright/chromium_headless_shell-1208/chrome-headless-shell-linux64/chrome-headless-shell --disable-field-trial-config --disable-background-networking --disable-background-timer-throttling --disable-backgrounding-occluded-windows --disable-back-forward-cache --disable-breakpad --disable-client-side-phishing-detection --disable-component-extensions-with-background-pages --disable-component-update --no-default-browser-check --disable-default-apps --disable-dev-shm-usage --disable-extensions --disable-features=AvoidUnnecessaryBeforeUnloadCheckSync,BoundaryEventDispatchTracksNodeRemoval,DestroyProfileOnBrowserClose,DialMediaRouteProvider,GlobalMediaControls,HttpsUpgrades,LensOverlay,MediaRouter,PaintHolding,ThirdPartyStoragePartitioning,Translate,AutoDeElevate,RenderDocument,OptimizationHints --enable-features=CDPScreenshotNewSurface --allow-pre-commit-input --disable-hang-monitor --disable-ipc-flooding-protection --disable-popup-blocking --disable-prompt-on-repost --disable-renderer-backgrounding --force-color-profile=srgb --metrics-recording-only --no-first-run --password-store=basic --use-mock-keychain --no-service-autorun --export-tagged-pdf --disable-search-engine-choice-screen --unsafely-disable-devtools-self-xss-warnings --edge-skip-compat-layer-relaunch --enable-automation --disable-infobars --disable-search-engine-choice-screen --disable-sync --enable-unsafe-swiftshader --headless --hide-scrollbars --mute-audio --blink-settings=primaryHoverType=2,availableHoverTypes=2,primaryPointerType=4,availablePointerTypes=4 --no-sandbox --user-data-dir=/tmp/playwright_chromiumdev_profile-snFKOl --remote-debugging-pipe --no-startup-window
<launched> pid=1254
[pid=1254][err] /root/.cache/ms-playwright/chromium_headless_shell-1208/chrome-headless-shell-linux64/chrome-headless-shell: error while loading shared libraries: libatk-1.0.so.0: cannot open shared object file: No such file or directory
Call log:
  - <launching> /root/.cache/ms-playwright/chromium_headless_shell-1208/chrome-headless-shell-linux64/chrome-headless-shell --disable-field-trial-config --disable-background-networking --disable-background-timer-throttling --disable-backgrounding-occluded-windows --disable-back-forward-cache --disable-breakpad --disable-client-side-phishing-detection --disable-component-extensions-with-background-pages --disable-component-update --no-default-browser-check --disable-default-apps --disable-dev-shm-usage --disable-extensions --disable-features=AvoidUnnecessaryBeforeUnloadCheckSync,BoundaryEventDispatchTracksNodeRemoval,DestroyProfileOnBrowserClose,DialMediaRouteProvider,GlobalMediaControls,HttpsUpgrades,LensOverlay,MediaRouter,PaintHolding,ThirdPartyStoragePartitioning,Translate,AutoDeElevate,RenderDocument,OptimizationHints --enable-features=CDPScreenshotNewSurface --allow-pre-commit-input --disable-hang-monitor --disable-ipc-flooding-protection --disable-popup-blocking --disable-prompt-on-repost --disable-renderer-backgrounding --force-color-profile=srgb --metrics-recording-only --no-first-run --password-store=basic --use-mock-keychain --no-service-autorun --export-tagged-pdf --disable-search-engine-choice-screen --unsafely-disable-devtools-self-xss-warnings --edge-skip-compat-layer-relaunch --enable-automation --disable-infobars --disable-search-engine-choice-screen --disable-sync --enable-unsafe-swiftshader --headless --hide-scrollbars --mute-audio --blink-settings=primaryHoverType=2,availableHoverTypes=2,primaryPointerType=4,availablePointerTypes=4 --no-sandbox --user-data-dir=/tmp/playwright_chromiumdev_profile-snFKOl --remote-debugging-pipe --no-startup-window
  - <launched> pid=1254
  - [pid=1254][err] /root/.cache/ms-playwright/chromium_headless_shell-1208/chrome-headless-shell-linux64/chrome-headless-shell: error while loading shared libraries: libatk-1.0.so.0: cannot open shared object file: No such file or directory
  - [pid=1254] <gracefully close start>
  - [pid=1254] <kill>
  - [pid=1254] <will force kill>
  - [pid=1254] exception while trying to kill process: Error: kill ESRCH
  - [pid=1254] <process did exit: exitCode=127, signal=null>
  - [pid=1254] starting temporary directories cleanup
  - [pid=1254] finished temporary directories cleanup
  - [pid=1254] <gracefully close end>",,,,Low,0.0,False,False,False,,failed_fetch_strict_lexical_suspected,,fetch_timeout_or_fetch_failed,hashing_shortlist
60,airtelinternet.com,https://airtelinternet.com,02-04-2026.csv,Airtel,airtel.in,0.8857,True,True,True,False,0,0,0,0,0,False,lexical_hit,False,False,False,0,0,0,False,False,airtelinternet.com,,0,True,lexical_hit,True,True,True,resolved,accepted,failed,failed,RayTaskError(TargetClosedError),"[36mray::_HashBrowserActorImpl.render()[39m (pid=708, ip=172.19.2.2, actor_id=c8fdda542d9e67d0171c86b701000000, repr=<phishing_pipeline.ray_runtime._HashBrowserActorImpl object at 0x79690ef41340>)
  File ""/usr/lib/python3.12/concurrent/futures/_base.py"", line 449, in result
    return self.__get_result()
           ^^^^^^^^^^^^^^^^^^^
  File ""/usr/lib/python3.12/concurrent/futures/_base.py"", line 401, in __get_result
    raise self._exception
           ^^^^^^^^^^^^^^^^^^^^^^^^^^^^^^^^^^^^^
  File ""/kaggle/working/phishing_ml/phishing_pipeline/ray_runtime.py"", line 666, in render
    await self._ensure_browser()
           ^^^^^^^^^^^^^^^^^^^^^^^^^^^^^^^^^^^^^
  File ""/kaggle/working/phishing_ml/phishing_pipeline/ray_runtime.py"", line 645, in _ensure_browser
    self._browser = await self._playwright.chromium.launch(**launch_kwargs)
                    ^^^^^^^^^^^^^^^^^^^^^^^^^^^^^^^^^^^^^^^^^^^^^^^^^^^^^^^
  File ""/usr/local/lib/python3.12/dist-packages/playwright/async_api/_generated.py"", line 14547, in launch
    await self._impl_obj.launch(
  File ""/usr/local/lib/python3.12/dist-packages/playwright/_impl/_browser_type.py"", line 97, in launch
    await self._channel.send(
  File ""/usr/local/lib/python3.12/dist-packages/playwright/_impl/_connection.py"", line 69, in send
    return await self._connection.wrap_api_call(
           ^^^^^^^^^^^^^^^^^^^^^^^^^^^^^^^^^^^^^
  File ""/usr/local/lib/python3.12/dist-packages/playwright/_impl/_connection.py"", line 559, in wrap_api_call
    raise rewrite_error(error, f""{parsed_st['apiName']}: {error}"") from None
playwright._impl._errors.TargetClosedError: BrowserType.launch: Target page, context or browser has been closed
Browser logs:

<launching> /root/.cache/ms-playwright/chromium_headless_shell-1208/chrome-headless-shell-linux64/chrome-headless-shell --disable-field-trial-config --disable-background-networking --disable-background-timer-throttling --disable-backgrounding-occluded-windows --disable-back-forward-cache --disable-breakpad --disable-client-side-phishing-detection --disable-component-extensions-with-background-pages --disable-component-update --no-default-browser-check --disable-default-apps --disable-dev-shm-usage --disable-extensions --disable-features=AvoidUnnecessaryBeforeUnloadCheckSync,BoundaryEventDispatchTracksNodeRemoval,DestroyProfileOnBrowserClose,DialMediaRouteProvider,GlobalMediaControls,HttpsUpgrades,LensOverlay,MediaRouter,PaintHolding,ThirdPartyStoragePartitioning,Translate,AutoDeElevate,RenderDocument,OptimizationHints --enable-features=CDPScreenshotNewSurface --allow-pre-commit-input --disable-hang-monitor --disable-ipc-flooding-protection --disable-popup-blocking --disable-prompt-on-repost --disable-renderer-backgrounding --force-color-profile=srgb --metrics-recording-only --no-first-run --password-store=basic --use-mock-keychain --no-service-autorun --export-tagged-pdf --disable-search-engine-choice-screen --unsafely-disable-devtools-self-xss-warnings --edge-skip-compat-layer-relaunch --enable-automation --disable-infobars --disable-search-engine-choice-screen --disable-sync --enable-unsafe-swiftshader --headless --hide-scrollbars --mute-audio --blink-settings=primaryHoverType=2,availableHoverTypes=2,primaryPointerType=4,availablePointerTypes=4 --no-sandbox --user-data-dir=/tmp/playwright_chromiumdev_profile-Qun9zp --remote-debugging-pipe --no-startup-window
<launched> pid=1266
[pid=1266][err] /root/.cache/ms-playwright/chromium_headless_shell-1208/chrome-headless-shell-linux64/chrome-headless-shell: error while loading shared libraries: libatk-1.0.so.0: cannot open shared object file: No such file or directory
Call log:
  - <launching> /root/.cache/ms-playwright/chromium_headless_shell-1208/chrome-headless-shell-linux64/chrome-headless-shell --disable-field-trial-config --disable-background-networking --disable-background-timer-throttling --disable-backgrounding-occluded-windows --disable-back-forward-cache --disable-breakpad --disable-client-side-phishing-detection --disable-component-extensions-with-background-pages --disable-component-update --no-default-browser-check --disable-default-apps --disable-dev-shm-usage --disable-extensions --disable-features=AvoidUnnecessaryBeforeUnloadCheckSync,BoundaryEventDispatchTracksNodeRemoval,DestroyProfileOnBrowserClose,DialMediaRouteProvider,GlobalMediaControls,HttpsUpgrades,LensOverlay,MediaRouter,PaintHolding,ThirdPartyStoragePartitioning,Translate,AutoDeElevate,RenderDocument,OptimizationHints --enable-features=CDPScreenshotNewSurface --allow-pre-commit-input --disable-hang-monitor --disable-ipc-flooding-protection --disable-popup-blocking --disable-prompt-on-repost --disable-renderer-backgrounding --force-color-profile=srgb --metrics-recording-only --no-first-run --password-store=basic --use-mock-keychain --no-service-autorun --export-tagged-pdf --disable-search-engine-choice-screen --unsafely-disable-devtools-self-xss-warnings --edge-skip-compat-layer-relaunch --enable-automation --disable-infobars --disable-search-engine-choice-screen --disable-sync --enable-unsafe-swiftshader --headless --hide-scrollbars --mute-audio --blink-settings=primaryHoverType=2,availableHoverTypes=2,primaryPointerType=4,availablePointerTypes=4 --no-sandbox --user-data-dir=/tmp/playwright_chromiumdev_profile-Qun9zp --remote-debugging-pipe --no-startup-window
  - <launched> pid=1266
  - [pid=1266][err] /root/.cache/ms-playwright/chromium_headless_shell-1208/chrome-headless-shell-linux64/chrome-headless-shell: error while loading shared libraries: libatk-1.0.so.0: cannot open shared object file: No such file or directory
  - [pid=1266] <gracefully close start>
  - [pid=1266] <kill>
  - [pid=1266] <will force kill>
  - [pid=1266] exception while trying to kill process: Error: kill ESRCH
  - [pid=1266] <process did exit: exitCode=127, signal=null>
  - [pid=1266] starting temporary directories cleanup
  - [pid=1266] finished temporary directories cleanup
  - [pid=1266] <gracefully close end>",,,,Low,0.0,False,False,False,,failed_fetch_strict_lexical_suspected,,fetch_timeout_or_fetch_failed,hashing_shortlist
63,icircce.com,https://icircce.com,02-04-2026.csv,ICICI Bank,icicidirect.com,0.8485,True,True,False,False,0,0,0,0,0,False,lexical_hit,False,False,False,0,0,0,False,False,icircce.com,,0,True,lexical_hit,True,True,True,resolved,accepted,failed,failed,RayTaskError(TargetClosedError),"[36mray::_HashBrowserActorImpl.render()[39m (pid=708, ip=172.19.2.2, actor_id=c8fdda542d9e67d0171c86b701000000, repr=<phishing_pipeline.ray_runtime._HashBrowserActorImpl object at 0x79690ef41340>)
  File ""/usr/lib/python3.12/concurrent/futures/_base.py"", line 449, in result
    return self.__get_result()
           ^^^^^^^^^^^^^^^^^^^
  File ""/usr/lib/python3.12/concurrent/futures/_base.py"", line 401, in __get_result
    raise self._exception
           ^^^^^^^^^^^^^^^^^^^^^^^^^^^^^^^^^^^^^
  File ""/kaggle/working/phishing_ml/phishing_pipeline/ray_runtime.py"", line 666, in render
    await self._ensure_browser()
           ^^^^^^^^^^^^^^^^^^^^^^^^^^^^^^^^^^^^^
  File ""/kaggle/working/phishing_ml/phishing_pipeline/ray_runtime.py"", line 645, in _ensure_browser
    self._browser = await self._playwright.chromium.launch(**launch_kwargs)
                    ^^^^^^^^^^^^^^^^^^^^^^^^^^^^^^^^^^^^^^^^^^^^^^^^^^^^^^^
  File ""/usr/local/lib/python3.12/dist-packages/playwright/async_api/_generated.py"", line 14547, in launch
    await self._impl_obj.launch(
  File ""/usr/local/lib/python3.12/dist-packages/playwright/_impl/_browser_type.py"", line 97, in launch
    await self._channel.send(
  File ""/usr/local/lib/python3.12/dist-packages/playwright/_impl/_connection.py"", line 69, in send
    return await self._connection.wrap_api_call(
           ^^^^^^^^^^^^^^^^^^^^^^^^^^^^^^^^^^^^^
  File ""/usr/local/lib/python3.12/dist-packages/playwright/_impl/_connection.py"", line 559, in wrap_api_call
    raise rewrite_error(error, f""{parsed_st['apiName']}: {error}"") from None
playwright._impl._errors.TargetClosedError: BrowserType.launch: Target page, context or browser has been closed
Browser logs:

<launching> /root/.cache/ms-playwright/chromium_headless_shell-1208/chrome-headless-shell-linux64/chrome-headless-shell --disable-field-trial-config --disable-background-networking --disable-background-timer-throttling --disable-backgrounding-occluded-windows --disable-back-forward-cache --disable-breakpad --disable-client-side-phishing-detection --disable-component-extensions-with-background-pages --disable-component-update --no-default-browser-check --disable-default-apps --disable-dev-shm-usage --disable-extensions --disable-features=AvoidUnnecessaryBeforeUnloadCheckSync,BoundaryEventDispatchTracksNodeRemoval,DestroyProfileOnBrowserClose,DialMediaRouteProvider,GlobalMediaControls,HttpsUpgrades,LensOverlay,MediaRouter,PaintHolding,ThirdPartyStoragePartitioning,Translate,AutoDeElevate,RenderDocument,OptimizationHints --enable-features=CDPScreenshotNewSurface --allow-pre-commit-input --disable-hang-monitor --disable-ipc-flooding-protection --disable-popup-blocking --disable-prompt-on-repost --disable-renderer-backgrounding --force-color-profile=srgb --metrics-recording-only --no-first-run --password-store=basic --use-mock-keychain --no-service-autorun --export-tagged-pdf --disable-search-engine-choice-screen --unsafely-disable-devtools-self-xss-warnings --edge-skip-compat-layer-relaunch --enable-automation --disable-infobars --disable-search-engine-choice-screen --disable-sync --enable-unsafe-swiftshader --headless --hide-scrollbars --mute-audio --blink-settings=primaryHoverType=2,availableHoverTypes=2,primaryPointerType=4,availablePointerTypes=4 --no-sandbox --user-data-dir=/tmp/playwright_chromiumdev_profile-XjqQGG --remote-debugging-pipe --no-startup-window
<launched> pid=1284
[pid=1284][err] /root/.cache/ms-playwright/chromium_headless_shell-1208/chrome-headless-shell-linux64/chrome-headless-shell: error while loading shared libraries: libatk-1.0.so.0: cannot open shared object file: No such file or directory
Call log:
  - <launching> /root/.cache/ms-playwright/chromium_headless_shell-1208/chrome-headless-shell-linux64/chrome-headless-shell --disable-field-trial-config --disable-background-networking --disable-background-timer-throttling --disable-backgrounding-occluded-windows --disable-back-forward-cache --disable-breakpad --disable-client-side-phishing-detection --disable-component-extensions-with-background-pages --disable-component-update --no-default-browser-check --disable-default-apps --disable-dev-shm-usage --disable-extensions --disable-features=AvoidUnnecessaryBeforeUnloadCheckSync,BoundaryEventDispatchTracksNodeRemoval,DestroyProfileOnBrowserClose,DialMediaRouteProvider,GlobalMediaControls,HttpsUpgrades,LensOverlay,MediaRouter,PaintHolding,ThirdPartyStoragePartitioning,Translate,AutoDeElevate,RenderDocument,OptimizationHints --enable-features=CDPScreenshotNewSurface --allow-pre-commit-input --disable-hang-monitor --disable-ipc-flooding-protection --disable-popup-blocking --disable-prompt-on-repost --disable-renderer-backgrounding --force-color-profile=srgb --metrics-recording-only --no-first-run --password-store=basic --use-mock-keychain --no-service-autorun --export-tagged-pdf --disable-search-engine-choice-screen --unsafely-disable-devtools-self-xss-warnings --edge-skip-compat-layer-relaunch --enable-automation --disable-infobars --disable-search-engine-choice-screen --disable-sync --enable-unsafe-swiftshader --headless --hide-scrollbars --mute-audio --blink-settings=primaryHoverType=2,availableHoverTypes=2,primaryPointerType=4,availablePointerTypes=4 --no-sandbox --user-data-dir=/tmp/playwright_chromiumdev_profile-XjqQGG --remote-debugging-pipe --no-startup-window
  - <launched> pid=1284
  - [pid=1284][err] /root/.cache/ms-playwright/chromium_headless_shell-1208/chrome-headless-shell-linux64/chrome-headless-shell: error while loading shared libraries: libatk-1.0.so.0: cannot open shared object file: No such file or directory
  - [pid=1284] <gracefully close start>
  - [pid=1284] <kill>
  - [pid=1284] <will force kill>
  - [pid=1284] exception while trying to kill process: Error: kill ESRCH
  - [pid=1284] <process did exit: exitCode=127, signal=null>
  - [pid=1284] starting temporary directories cleanup
  - [pid=1284] finished temporary directories cleanup
  - [pid=1284] <gracefully close end>",,,,Low,0.0,False,False,False,,failed_fetch_strict_lexical_suspected,,fetch_timeout_or_fetch_failed,hashing_shortlist
64,kore-axis.org,https://kore-axis.org,02-04-2026.csv,Axis Bank,axismaxlife.com,0.5354,True,True,False,False,0,0,0,0,0,False,lexical_hit,False,False,False,0,0,0,False,False,kore-axis.org,,0,True,lexical_hit,True,True,True,resolved,accepted,failed,failed,RayTaskError(TargetClosedError),"[36mray::_HashBrowserActorImpl.render()[39m (pid=708, ip=172.19.2.2, actor_id=c8fdda542d9e67d0171c86b701000000, repr=<phishing_pipeline.ray_runtime._HashBrowserActorImpl object at 0x79690ef41340>)
  File ""/usr/lib/python3.12/concurrent/futures/_base.py"", line 449, in result
    return self.__get_result()
           ^^^^^^^^^^^^^^^^^^^
  File ""/usr/lib/python3.12/concurrent/futures/_base.py"", line 401, in __get_result
    raise self._exception
           ^^^^^^^^^^^^^^^^^^^^^^^^^^^^^^^^^^^^^
  File ""/kaggle/working/phishing_ml/phishing_pipeline/ray_runtime.py"", line 666, in render
    await self._ensure_browser()
           ^^^^^^^^^^^^^^^^^^^^^^^^^^^^^^^^^^^^^
  File ""/kaggle/working/phishing_ml/phishing_pipeline/ray_runtime.py"", line 645, in _ensure_browser
    self._browser = await self._playwright.chromium.launch(**launch_kwargs)
                    ^^^^^^^^^^^^^^^^^^^^^^^^^^^^^^^^^^^^^^^^^^^^^^^^^^^^^^^
  File ""/usr/local/lib/python3.12/dist-packages/playwright/async_api/_generated.py"", line 14547, in launch
    await self._impl_obj.launch(
  File ""/usr/local/lib/python3.12/dist-packages/playwright/_impl/_browser_type.py"", line 97, in launch
    await self._channel.send(
  File ""/usr/local/lib/python3.12/dist-packages/playwright/_impl/_connection.py"", line 69, in send
    return await self._connection.wrap_api_call(
           ^^^^^^^^^^^^^^^^^^^^^^^^^^^^^^^^^^^^^
  File ""/usr/local/lib/python3.12/dist-packages/playwright/_impl/_connection.py"", line 559, in wrap_api_call
    raise rewrite_error(error, f""{parsed_st['apiName']}: {error}"") from None
playwright._impl._errors.TargetClosedError: BrowserType.launch: Target page, context or browser has been closed
Browser logs:

<launching> /root/.cache/ms-playwright/chromium_headless_shell-1208/chrome-headless-shell-linux64/chrome-headless-shell --disable-field-trial-config --disable-background-networking --disable-background-timer-throttling --disable-backgrounding-occluded-windows --disable-back-forward-cache --disable-breakpad --disable-client-side-phishing-detection --disable-component-extensions-with-background-pages --disable-component-update --no-default-browser-check --disable-default-apps --disable-dev-shm-usage --disable-extensions --disable-features=AvoidUnnecessaryBeforeUnloadCheckSync,BoundaryEventDispatchTracksNodeRemoval,DestroyProfileOnBrowserClose,DialMediaRouteProvider,GlobalMediaControls,HttpsUpgrades,LensOverlay,MediaRouter,PaintHolding,ThirdPartyStoragePartitioning,Translate,AutoDeElevate,RenderDocument,OptimizationHints --enable-features=CDPScreenshotNewSurface --allow-pre-commit-input --disable-hang-monitor --disable-ipc-flooding-protection --disable-popup-blocking --disable-prompt-on-repost --disable-renderer-backgrounding --force-color-profile=srgb --metrics-recording-only --no-first-run --password-store=basic --use-mock-keychain --no-service-autorun --export-tagged-pdf --disable-search-engine-choice-screen --unsafely-disable-devtools-self-xss-warnings --edge-skip-compat-layer-relaunch --enable-automation --disable-infobars --disable-search-engine-choice-screen --disable-sync --enable-unsafe-swiftshader --headless --hide-scrollbars --mute-audio --blink-settings=primaryHoverType=2,availableHoverTypes=2,primaryPointerType=4,availablePointerTypes=4 --no-sandbox --user-data-dir=/tmp/playwright_chromiumdev_profile-Vo7pn7 --remote-debugging-pipe --no-startup-window
<launched> pid=1296
[pid=1296][err] /root/.cache/ms-playwright/chromium_headless_shell-1208/chrome-headless-shell-linux64/chrome-headless-shell: error while loading shared libraries: libatk-1.0.so.0: cannot open shared object file: No such file or directory
Call log:
  - <launching> /root/.cache/ms-playwright/chromium_headless_shell-1208/chrome-headless-shell-linux64/chrome-headless-shell --disable-field-trial-config --disable-background-networking --disable-background-timer-throttling --disable-backgrounding-occluded-windows --disable-back-forward-cache --disable-breakpad --disable-client-side-phishing-detection --disable-component-extensions-with-background-pages --disable-component-update --no-default-browser-check --disable-default-apps --disable-dev-shm-usage --disable-extensions --disable-features=AvoidUnnecessaryBeforeUnloadCheckSync,BoundaryEventDispatchTracksNodeRemoval,DestroyProfileOnBrowserClose,DialMediaRouteProvider,GlobalMediaControls,HttpsUpgrades,LensOverlay,MediaRouter,PaintHolding,ThirdPartyStoragePartitioning,Translate,AutoDeElevate,RenderDocument,OptimizationHints --enable-features=CDPScreenshotNewSurface --allow-pre-commit-input --disable-hang-monitor --disable-ipc-flooding-protection --disable-popup-blocking --disable-prompt-on-repost --disable-renderer-backgrounding --force-color-profile=srgb --metrics-recording-only --no-first-run --password-store=basic --use-mock-keychain --no-service-autorun --export-tagged-pdf --disable-search-engine-choice-screen --unsafely-disable-devtools-self-xss-warnings --edge-skip-compat-layer-relaunch --enable-automation --disable-infobars --disable-search-engine-choice-screen --disable-sync --enable-unsafe-swiftshader --headless --hide-scrollbars --mute-audio --blink-settings=primaryHoverType=2,availableHoverTypes=2,primaryPointerType=4,availablePointerTypes=4 --no-sandbox --user-data-dir=/tmp/playwright_chromiumdev_profile-Vo7pn7 --remote-debugging-pipe --no-startup-window
  - <launched> pid=1296
  - [pid=1296][err] /root/.cache/ms-playwright/chromium_headless_shell-1208/chrome-headless-shell-linux64/chrome-headless-shell: error while loading shared libraries: libatk-1.0.so.0: cannot open shared object file: No such file or directory
  - [pid=1296] <gracefully close start>
  - [pid=1296] <kill>
  - [pid=1296] <will force kill>
  - [pid=1296] exception while trying to kill process: Error: kill ESRCH
  - [pid=1296] <process did exit: exitCode=127, signal=null>
  - [pid=1296] starting temporary directories cleanup
  - [pid=1296] finished temporary directories cleanup
  - [pid=1296] <gracefully close end>",,,,Low,0.0,False,False,False,,failed_fetch_strict_lexical_suspected,,fetch_timeout_or_fetch_failed,hashing_shortlist
66,axis-panel.dev,https://axis-panel.dev,02-04-2026.csv,Axis Bank,axismaxlife.com,0.8387,True,True,False,False,0,0,0,0,0,False,lexical_hit,False,False,False,0,0,0,False,False,axis-panel.dev,,0,True,lexical_hit,True,True,True,resolved,accepted,failed,failed,RayTaskError(TargetClosedError),"[36mray::_HashBrowserActorImpl.render()[39m (pid=708, ip=172.19.2.2, actor_id=c8fdda542d9e67d0171c86b701000000, repr=<phishing_pipeline.ray_runtime._HashBrowserActorImpl object at 0x79690ef41340>)
  File ""/usr/lib/python3.12/concurrent/futures/_base.py"", line 449, in result
    return self.__get_result()
           ^^^^^^^^^^^^^^^^^^^
  File ""/usr/lib/python3.12/concurrent/futures/_base.py"", line 401, in __get_result
    raise self._exception
           ^^^^^^^^^^^^^^^^^^^^^^^^^^^^^^^^^^^^^
  File ""/kaggle/working/phishing_ml/phishing_pipeline/ray_runtime.py"", line 666, in render
    await self._ensure_browser()
           ^^^^^^^^^^^^^^^^^^^^^^^^^^^^^^^^^^^^^
  File ""/kaggle/working/phishing_ml/phishing_pipeline/ray_runtime.py"", line 645, in _ensure_browser
    self._browser = await self._playwright.chromium.launch(**launch_kwargs)
                    ^^^^^^^^^^^^^^^^^^^^^^^^^^^^^^^^^^^^^^^^^^^^^^^^^^^^^^^
  File ""/usr/local/lib/python3.12/dist-packages/playwright/async_api/_generated.py"", line 14547, in launch
    await self._impl_obj.launch(
  File ""/usr/local/lib/python3.12/dist-packages/playwright/_impl/_browser_type.py"", line 97, in launch
    await self._channel.send(
  File ""/usr/local/lib/python3.12/dist-packages/playwright/_impl/_connection.py"", line 69, in send
    return await self._connection.wrap_api_call(
           ^^^^^^^^^^^^^^^^^^^^^^^^^^^^^^^^^^^^^
  File ""/usr/local/lib/python3.12/dist-packages/playwright/_impl/_connection.py"", line 559, in wrap_api_call
    raise rewrite_error(error, f""{parsed_st['apiName']}: {error}"") from None
playwright._impl._errors.TargetClosedError: BrowserType.launch: Target page, context or browser has been closed
Browser logs:

<launching> /root/.cache/ms-playwright/chromium_headless_shell-1208/chrome-headless-shell-linux64/chrome-headless-shell --disable-field-trial-config --disable-background-networking --disable-background-timer-throttling --disable-backgrounding-occluded-windows --disable-back-forward-cache --disable-breakpad --disable-client-side-phishing-detection --disable-component-extensions-with-background-pages --disable-component-update --no-default-browser-check --disable-default-apps --disable-dev-shm-usage --disable-extensions --disable-features=AvoidUnnecessaryBeforeUnloadCheckSync,BoundaryEventDispatchTracksNodeRemoval,DestroyProfileOnBrowserClose,DialMediaRouteProvider,GlobalMediaControls,HttpsUpgrades,LensOverlay,MediaRouter,PaintHolding,ThirdPartyStoragePartitioning,Translate,AutoDeElevate,RenderDocument,OptimizationHints --enable-features=CDPScreenshotNewSurface --allow-pre-commit-input --disable-hang-monitor --disable-ipc-flooding-protection --disable-popup-blocking --disable-prompt-on-repost --disable-renderer-backgrounding --force-color-profile=srgb --metrics-recording-only --no-first-run --password-store=basic --use-mock-keychain --no-service-autorun --export-tagged-pdf --disable-search-engine-choice-screen --unsafely-disable-devtools-self-xss-warnings --edge-skip-compat-layer-relaunch --enable-automation --disable-infobars --disable-search-engine-choice-screen --disable-sync --enable-unsafe-swiftshader --headless --hide-scrollbars --mute-audio --blink-settings=primaryHoverType=2,availableHoverTypes=2,primaryPointerType=4,availablePointerTypes=4 --no-sandbox --user-data-dir=/tmp/playwright_chromiumdev_profile-7yl5t2 --remote-debugging-pipe --no-startup-window
<launched> pid=1308
[pid=1308][err] /root/.cache/ms-playwright/chromium_headless_shell-1208/chrome-headless-shell-linux64/chrome-headless-shell: error while loading shared libraries: libatk-1.0.so.0: cannot open shared object file: No such file or directory
Call log:
  - <launching> /root/.cache/ms-playwright/chromium_headless_shell-1208/chrome-headless-shell-linux64/chrome-headless-shell --disable-field-trial-config --disable-background-networking --disable-background-timer-throttling --disable-backgrounding-occluded-windows --disable-back-forward-cache --disable-breakpad --disable-client-side-phishing-detection --disable-component-extensions-with-background-pages --disable-component-update --no-default-browser-check --disable-default-apps --disable-dev-shm-usage --disable-extensions --disable-features=AvoidUnnecessaryBeforeUnloadCheckSync,BoundaryEventDispatchTracksNodeRemoval,DestroyProfileOnBrowserClose,DialMediaRouteProvider,GlobalMediaControls,HttpsUpgrades,LensOverlay,MediaRouter,PaintHolding,ThirdPartyStoragePartitioning,Translate,AutoDeElevate,RenderDocument,OptimizationHints --enable-features=CDPScreenshotNewSurface --allow-pre-commit-input --disable-hang-monitor --disable-ipc-flooding-protection --disable-popup-blocking --disable-prompt-on-repost --disable-renderer-backgrounding --force-color-profile=srgb --metrics-recording-only --no-first-run --password-store=basic --use-mock-keychain --no-service-autorun --export-tagged-pdf --disable-search-engine-choice-screen --unsafely-disable-devtools-self-xss-warnings --edge-skip-compat-layer-relaunch --enable-automation --disable-infobars --disable-search-engine-choice-screen --disable-sync --enable-unsafe-swiftshader --headless --hide-scrollbars --mute-audio --blink-settings=primaryHoverType=2,availableHoverTypes=2,primaryPointerType=4,availablePointerTypes=4 --no-sandbox --user-data-dir=/tmp/playwright_chromiumdev_profile-7yl5t2 --remote-debugging-pipe --no-startup-window
  - <launched> pid=1308
  - [pid=1308][err] /root/.cache/ms-playwright/chromium_headless_shell-1208/chrome-headless-shell-linux64/chrome-headless-shell: error while loading shared libraries: libatk-1.0.so.0: cannot open shared object file: No such file or directory
  - [pid=1308] <gracefully close start>
  - [pid=1308] <kill>
  - [pid=1308] <will force kill>
  - [pid=1308] exception while trying to kill process: Error: kill ESRCH
  - [pid=1308] <process did exit: exitCode=127, signal=null>
  - [pid=1308] starting temporary directories cleanup
  - [pid=1308] finished temporary directories cleanup
  - [pid=1308] <gracefully close end>",,,,Low,0.0,False,False,False,,failed_fetch_strict_lexical_suspected,,fetch_timeout_or_fetch_failed,hashing_shortlist
72,xn--appeldelalibert-pnb.com,https://xn--appeldelalibert-pnb.com,02-04-2026.csv,Punjab National Bank (PNB),netpnb.com,0.5302,True,True,False,False,0,0,0,0,0,False,lexical_hit,False,False,False,0,0,0,False,False,xn--appeldelalibert-pnb.com,,0,True,lexical_hit,True,True,True,resolved,accepted,failed,failed,RayTaskError(TargetClosedError),"[36mray::_HashBrowserActorImpl.render()[39m (pid=708, ip=172.19.2.2, actor_id=c8fdda542d9e67d0171c86b701000000, repr=<phishing_pipeline.ray_runtime._HashBrowserActorImpl object at 0x79690ef41340>)
  File ""/usr/lib/python3.12/concurrent/futures/_base.py"", line 449, in result
    return self.__get_result()
           ^^^^^^^^^^^^^^^^^^^
  File ""/usr/lib/python3.12/concurrent/futures/_base.py"", line 401, in __get_result
    raise self._exception
           ^^^^^^^^^^^^^^^^^^^^^^^^^^^^^^^^^^^^^
  File ""/kaggle/working/phishing_ml/phishing_pipeline/ray_runtime.py"", line 666, in render
    await self._ensure_browser()
           ^^^^^^^^^^^^^^^^^^^^^^^^^^^^^^^^^^^^^
  File ""/kaggle/working/phishing_ml/phishing_pipeline/ray_runtime.py"", line 645, in _ensure_browser
    self._browser = await self._playwright.chromium.launch(**launch_kwargs)
                    ^^^^^^^^^^^^^^^^^^^^^^^^^^^^^^^^^^^^^^^^^^^^^^^^^^^^^^^
  File ""/usr/local/lib/python3.12/dist-packages/playwright/async_api/_generated.py"", line 14547, in launch
    await self._impl_obj.launch(
  File ""/usr/local/lib/python3.12/dist-packages/playwright/_impl/_browser_type.py"", line 97, in launch
    await self._channel.send(
  File ""/usr/local/lib/python3.12/dist-packages/playwright/_impl/_connection.py"", line 69, in send
    return await self._connection.wrap_api_call(
           ^^^^^^^^^^^^^^^^^^^^^^^^^^^^^^^^^^^^^
  File ""/usr/local/lib/python3.12/dist-packages/playwright/_impl/_connection.py"", line 559, in wrap_api_call
    raise rewrite_error(error, f""{parsed_st['apiName']}: {error}"") from None
playwright._impl._errors.TargetClosedError: BrowserType.launch: Target page, context or browser has been closed
Browser logs:

<launching> /root/.cache/ms-playwright/chromium_headless_shell-1208/chrome-headless-shell-linux64/chrome-headless-shell --disable-field-trial-config --disable-background-networking --disable-background-timer-throttling --disable-backgrounding-occluded-windows --disable-back-forward-cache --disable-breakpad --disable-client-side-phishing-detection --disable-component-extensions-with-background-pages --disable-component-update --no-default-browser-check --disable-default-apps --disable-dev-shm-usage --disable-extensions --disable-features=AvoidUnnecessaryBeforeUnloadCheckSync,BoundaryEventDispatchTracksNodeRemoval,DestroyProfileOnBrowserClose,DialMediaRouteProvider,GlobalMediaControls,HttpsUpgrades,LensOverlay,MediaRouter,PaintHolding,ThirdPartyStoragePartitioning,Translate,AutoDeElevate,RenderDocument,OptimizationHints --enable-features=CDPScreenshotNewSurface --allow-pre-commit-input --disable-hang-monitor --disable-ipc-flooding-protection --disable-popup-blocking --disable-prompt-on-repost --disable-renderer-backgrounding --force-color-profile=srgb --metrics-recording-only --no-first-run --password-store=basic --use-mock-keychain --no-service-autorun --export-tagged-pdf --disable-search-engine-choice-screen --unsafely-disable-devtools-self-xss-warnings --edge-skip-compat-layer-relaunch --enable-automation --disable-infobars --disable-search-engine-choice-screen --disable-sync --enable-unsafe-swiftshader --headless --hide-scrollbars --mute-audio --blink-settings=primaryHoverType=2,availableHoverTypes=2,primaryPointerType=4,availablePointerTypes=4 --no-sandbox --user-data-dir=/tmp/playwright_chromiumdev_profile-0tDJBO --remote-debugging-pipe --no-startup-window
<launched> pid=1323
[pid=1323][err] /root/.cache/ms-playwright/chromium_headless_shell-1208/chrome-headless-shell-linux64/chrome-headless-shell: error while loading shared libraries: libatk-1.0.so.0: cannot open shared object file: No such file or directory
Call log:
  - <launching> /root/.cache/ms-playwright/chromium_headless_shell-1208/chrome-headless-shell-linux64/chrome-headless-shell --disable-field-trial-config --disable-background-networking --disable-background-timer-throttling --disable-backgrounding-occluded-windows --disable-back-forward-cache --disable-breakpad --disable-client-side-phishing-detection --disable-component-extensions-with-background-pages --disable-component-update --no-default-browser-check --disable-default-apps --disable-dev-shm-usage --disable-extensions --disable-features=AvoidUnnecessaryBeforeUnloadCheckSync,BoundaryEventDispatchTracksNodeRemoval,DestroyProfileOnBrowserClose,DialMediaRouteProvider,GlobalMediaControls,HttpsUpgrades,LensOverlay,MediaRouter,PaintHolding,ThirdPartyStoragePartitioning,Translate,AutoDeElevate,RenderDocument,OptimizationHints --enable-features=CDPScreenshotNewSurface --allow-pre-commit-input --disable-hang-monitor --disable-ipc-flooding-protection --disable-popup-blocking --disable-prompt-on-repost --disable-renderer-backgrounding --force-color-profile=srgb --metrics-recording-only --no-first-run --password-store=basic --use-mock-keychain --no-service-autorun --export-tagged-pdf --disable-search-engine-choice-screen --unsafely-disable-devtools-self-xss-warnings --edge-skip-compat-layer-relaunch --enable-automation --disable-infobars --disable-search-engine-choice-screen --disable-sync --enable-unsafe-swiftshader --headless --hide-scrollbars --mute-audio --blink-settings=primaryHoverType=2,availableHoverTypes=2,primaryPointerType=4,availablePointerTypes=4 --no-sandbox --user-data-dir=/tmp/playwright_chromiumdev_profile-0tDJBO --remote-debugging-pipe --no-startup-window
  - <launched> pid=1323
  - [pid=1323][err] /root/.cache/ms-playwright/chromium_headless_shell-1208/chrome-headless-shell-linux64/chrome-headless-shell: error while loading shared libraries: libatk-1.0.so.0: cannot open shared object file: No such file or directory
  - [pid=1323] <gracefully close start>
  - [pid=1323] <kill>
  - [pid=1323] <will force kill>
  - [pid=1323] exception while trying to kill process: Error: kill ESRCH
  - [pid=1323] <process did exit: exitCode=127, signal=null>
  - [pid=1323] starting temporary directories cleanup
  - [pid=1323] finished temporary directories cleanup
  - [pid=1323] <gracefully close end>",,,,Low,0.0,False,False,False,,failed_fetch_strict_lexical_suspected,,fetch_timeout_or_fetch_failed,hashing_shortlist
74,census.gold,https://census.gold,02-04-2026.csv,Assam,assam.census.gov.in,1.0,True,True,True,False,0,0,0,0,0,False,lexical_hit,False,False,False,0,0,0,False,False,census.gold,,0,True,lexical_hit,True,True,True,resolved,accepted,failed,failed,RayTaskError(TargetClosedError),"[36mray::_HashBrowserActorImpl.render()[39m (pid=708, ip=172.19.2.2, actor_id=c8fdda542d9e67d0171c86b701000000, repr=<phishing_pipeline.ray_runtime._HashBrowserActorImpl object at 0x79690ef41340>)
  File ""/usr/lib/python3.12/concurrent/futures/_base.py"", line 449, in result
    return self.__get_result()
           ^^^^^^^^^^^^^^^^^^^
  File ""/usr/lib/python3.12/concurrent/futures/_base.py"", line 401, in __get_result
    raise self._exception
           ^^^^^^^^^^^^^^^^^^^^^^^^^^^^^^^^^^^^^
  File ""/kaggle/working/phishing_ml/phishing_pipeline/ray_runtime.py"", line 666, in render
    await self._ensure_browser()
           ^^^^^^^^^^^^^^^^^^^^^^^^^^^^^^^^^^^^^
  File ""/kaggle/working/phishing_ml/phishing_pipeline/ray_runtime.py"", line 645, in _ensure_browser
    self._browser = await self._playwright.chromium.launch(**launch_kwargs)
                    ^^^^^^^^^^^^^^^^^^^^^^^^^^^^^^^^^^^^^^^^^^^^^^^^^^^^^^^
  File ""/usr/local/lib/python3.12/dist-packages/playwright/async_api/_generated.py"", line 14547, in launch
    await self._impl_obj.launch(
  File ""/usr/local/lib/python3.12/dist-packages/playwright/_impl/_browser_type.py"", line 97, in launch
    await self._channel.send(
  File ""/usr/local/lib/python3.12/dist-packages/playwright/_impl/_connection.py"", line 69, in send
    return await self._connection.wrap_api_call(
           ^^^^^^^^^^^^^^^^^^^^^^^^^^^^^^^^^^^^^
  File ""/usr/local/lib/python3.12/dist-packages/playwright/_impl/_connection.py"", line 559, in wrap_api_call
    raise rewrite_error(error, f""{parsed_st['apiName']}: {error}"") from None
playwright._impl._errors.TargetClosedError: BrowserType.launch: Target page, context or browser has been closed
Browser logs:

<launching> /root/.cache/ms-playwright/chromium_headless_shell-1208/chrome-headless-shell-linux64/chrome-headless-shell --disable-field-trial-config --disable-background-networking --disable-background-timer-throttling --disable-backgrounding-occluded-windows --disable-back-forward-cache --disable-breakpad --disable-client-side-phishing-detection --disable-component-extensions-with-background-pages --disable-component-update --no-default-browser-check --disable-default-apps --disable-dev-shm-usage --disable-extensions --disable-features=AvoidUnnecessaryBeforeUnloadCheckSync,BoundaryEventDispatchTracksNodeRemoval,DestroyProfileOnBrowserClose,DialMediaRouteProvider,GlobalMediaControls,HttpsUpgrades,LensOverlay,MediaRouter,PaintHolding,ThirdPartyStoragePartitioning,Translate,AutoDeElevate,RenderDocument,OptimizationHints --enable-features=CDPScreenshotNewSurface --allow-pre-commit-input --disable-hang-monitor --disable-ipc-flooding-protection --disable-popup-blocking --disable-prompt-on-repost --disable-renderer-backgrounding --force-color-profile=srgb --metrics-recording-only --no-first-run --password-store=basic --use-mock-keychain --no-service-autorun --export-tagged-pdf --disable-search-engine-choice-screen --unsafely-disable-devtools-self-xss-warnings --edge-skip-compat-layer-relaunch --enable-automation --disable-infobars --disable-search-engine-choice-screen --disable-sync --enable-unsafe-swiftshader --headless --hide-scrollbars --mute-audio --blink-settings=primaryHoverType=2,availableHoverTypes=2,primaryPointerType=4,availablePointerTypes=4 --no-sandbox --user-data-dir=/tmp/playwright_chromiumdev_profile-qYvDGc --remote-debugging-pipe --no-startup-window
<launched> pid=1340
[pid=1340][err] /root/.cache/ms-playwright/chromium_headless_shell-1208/chrome-headless-shell-linux64/chrome-headless-shell: error while loading shared libraries: libatk-1.0.so.0: cannot open shared object file: No such file or directory
Call log:
  - <launching> /root/.cache/ms-playwright/chromium_headless_shell-1208/chrome-headless-shell-linux64/chrome-headless-shell --disable-field-trial-config --disable-background-networking --disable-background-timer-throttling --disable-backgrounding-occluded-windows --disable-back-forward-cache --disable-breakpad --disable-client-side-phishing-detection --disable-component-extensions-with-background-pages --disable-component-update --no-default-browser-check --disable-default-apps --disable-dev-shm-usage --disable-extensions --disable-features=AvoidUnnecessaryBeforeUnloadCheckSync,BoundaryEventDispatchTracksNodeRemoval,DestroyProfileOnBrowserClose,DialMediaRouteProvider,GlobalMediaControls,HttpsUpgrades,LensOverlay,MediaRouter,PaintHolding,ThirdPartyStoragePartitioning,Translate,AutoDeElevate,RenderDocument,OptimizationHints --enable-features=CDPScreenshotNewSurface --allow-pre-commit-input --disable-hang-monitor --disable-ipc-flooding-protection --disable-popup-blocking --disable-prompt-on-repost --disable-renderer-backgrounding --force-color-profile=srgb --metrics-recording-only --no-first-run --password-store=basic --use-mock-keychain --no-service-autorun --export-tagged-pdf --disable-search-engine-choice-screen --unsafely-disable-devtools-self-xss-warnings --edge-skip-compat-layer-relaunch --enable-automation --disable-infobars --disable-search-engine-choice-screen --disable-sync --enable-unsafe-swiftshader --headless --hide-scrollbars --mute-audio --blink-settings=primaryHoverType=2,availableHoverTypes=2,primaryPointerType=4,availablePointerTypes=4 --no-sandbox --user-data-dir=/tmp/playwright_chromiumdev_profile-qYvDGc --remote-debugging-pipe --no-startup-window
  - <launched> pid=1340
  - [pid=1340][err] /root/.cache/ms-playwright/chromium_headless_shell-1208/chrome-headless-shell-linux64/chrome-headless-shell: error while loading shared libraries: libatk-1.0.so.0: cannot open shared object file: No such file or directory
  - [pid=1340] <gracefully close start>
  - [pid=1340] <kill>
  - [pid=1340] <will force kill>
  - [pid=1340] exception while trying to kill process: Error: kill ESRCH
  - [pid=1340] <process did exit: exitCode=127, signal=null>
  - [pid=1340] starting temporary directories cleanup
  - [pid=1340] finished temporary directories cleanup
  - [pid=1340] <gracefully close end>",,,,Low,0.0,False,False,False,,failed_fetch_strict_lexical_suspected,,fetch_timeout_or_fetch_failed,hashing_shortlist
75,cats-cas.eu.com,https://cats-cas.eu.com,02-04-2026.csv,CATS,cats.census.gov.in,0.6364,True,True,False,False,0,0,0,0,0,False,lexical_hit,False,False,False,0,0,0,False,False,cats-cas.eu.com,,0,True,lexical_hit,True,True,True,resolved,accepted,failed,failed,RayTaskError(TargetClosedError),"[36mray::_HashBrowserActorImpl.render()[39m (pid=708, ip=172.19.2.2, actor_id=c8fdda542d9e67d0171c86b701000000, repr=<phishing_pipeline.ray_runtime._HashBrowserActorImpl object at 0x79690ef41340>)
  File ""/usr/lib/python3.12/concurrent/futures/_base.py"", line 449, in result
    return self.__get_result()
           ^^^^^^^^^^^^^^^^^^^
  File ""/usr/lib/python3.12/concurrent/futures/_base.py"", line 401, in __get_result
    raise self._exception
           ^^^^^^^^^^^^^^^^^^^^^^^^^^^^^^^^^^^^^
  File ""/kaggle/working/phishing_ml/phishing_pipeline/ray_runtime.py"", line 666, in render
    await self._ensure_browser()
           ^^^^^^^^^^^^^^^^^^^^^^^^^^^^^^^^^^^^^
  File ""/kaggle/working/phishing_ml/phishing_pipeline/ray_runtime.py"", line 645, in _ensure_browser
    self._browser = await self._playwright.chromium.launch(**launch_kwargs)
                    ^^^^^^^^^^^^^^^^^^^^^^^^^^^^^^^^^^^^^^^^^^^^^^^^^^^^^^^
  File ""/usr/local/lib/python3.12/dist-packages/playwright/async_api/_generated.py"", line 14547, in launch
    await self._impl_obj.launch(
  File ""/usr/local/lib/python3.12/dist-packages/playwright/_impl/_browser_type.py"", line 97, in launch
    await self._channel.send(
  File ""/usr/local/lib/python3.12/dist-packages/playwright/_impl/_connection.py"", line 69, in send
    return await self._connection.wrap_api_call(
           ^^^^^^^^^^^^^^^^^^^^^^^^^^^^^^^^^^^^^
  File ""/usr/local/lib/python3.12/dist-packages/playwright/_impl/_connection.py"", line 559, in wrap_api_call
    raise rewrite_error(error, f""{parsed_st['apiName']}: {error}"") from None
playwright._impl._errors.TargetClosedError: BrowserType.launch: Target page, context or browser has been closed
Browser logs:

<launching> /root/.cache/ms-playwright/chromium_headless_shell-1208/chrome-headless-shell-linux64/chrome-headless-shell --disable-field-trial-config --disable-background-networking --disable-background-timer-throttling --disable-backgrounding-occluded-windows --disable-back-forward-cache --disable-breakpad --disable-client-side-phishing-detection --disable-component-extensions-with-background-pages --disable-component-update --no-default-browser-check --disable-default-apps --disable-dev-shm-usage --disable-extensions --disable-features=AvoidUnnecessaryBeforeUnloadCheckSync,BoundaryEventDispatchTracksNodeRemoval,DestroyProfileOnBrowserClose,DialMediaRouteProvider,GlobalMediaControls,HttpsUpgrades,LensOverlay,MediaRouter,PaintHolding,ThirdPartyStoragePartitioning,Translate,AutoDeElevate,RenderDocument,OptimizationHints --enable-features=CDPScreenshotNewSurface --allow-pre-commit-input --disable-hang-monitor --disable-ipc-flooding-protection --disable-popup-blocking --disable-prompt-on-repost --disable-renderer-backgrounding --force-color-profile=srgb --metrics-recording-only --no-first-run --password-store=basic --use-mock-keychain --no-service-autorun --export-tagged-pdf --disable-search-engine-choice-screen --unsafely-disable-devtools-self-xss-warnings --edge-skip-compat-layer-relaunch --enable-automation --disable-infobars --disable-search-engine-choice-screen --disable-sync --enable-unsafe-swiftshader --headless --hide-scrollbars --mute-audio --blink-settings=primaryHoverType=2,availableHoverTypes=2,primaryPointerType=4,availablePointerTypes=4 --no-sandbox --user-data-dir=/tmp/playwright_chromiumdev_profile-ZBxCDo --remote-debugging-pipe --no-startup-window
<launched> pid=1352
[pid=1352][err] /root/.cache/ms-playwright/chromium_headless_shell-1208/chrome-headless-shell-linux64/chrome-headless-shell: error while loading shared libraries: libatk-1.0.so.0: cannot open shared object file: No such file or directory
Call log:
  - <launching> /root/.cache/ms-playwright/chromium_headless_shell-1208/chrome-headless-shell-linux64/chrome-headless-shell --disable-field-trial-config --disable-background-networking --disable-background-timer-throttling --disable-backgrounding-occluded-windows --disable-back-forward-cache --disable-breakpad --disable-client-side-phishing-detection --disable-component-extensions-with-background-pages --disable-component-update --no-default-browser-check --disable-default-apps --disable-dev-shm-usage --disable-extensions --disable-features=AvoidUnnecessaryBeforeUnloadCheckSync,BoundaryEventDispatchTracksNodeRemoval,DestroyProfileOnBrowserClose,DialMediaRouteProvider,GlobalMediaControls,HttpsUpgrades,LensOverlay,MediaRouter,PaintHolding,ThirdPartyStoragePartitioning,Translate,AutoDeElevate,RenderDocument,OptimizationHints --enable-features=CDPScreenshotNewSurface --allow-pre-commit-input --disable-hang-monitor --disable-ipc-flooding-protection --disable-popup-blocking --disable-prompt-on-repost --disable-renderer-backgrounding --force-color-profile=srgb --metrics-recording-only --no-first-run --password-store=basic --use-mock-keychain --no-service-autorun --export-tagged-pdf --disable-search-engine-choice-screen --unsafely-disable-devtools-self-xss-warnings --edge-skip-compat-layer-relaunch --enable-automation --disable-infobars --disable-search-engine-choice-screen --disable-sync --enable-unsafe-swiftshader --headless --hide-scrollbars --mute-audio --blink-settings=primaryHoverType=2,availableHoverTypes=2,primaryPointerType=4,availablePointerTypes=4 --no-sandbox --user-data-dir=/tmp/playwright_chromiumdev_profile-ZBxCDo --remote-debugging-pipe --no-startup-window
  - <launched> pid=1352
  - [pid=1352][err] /root/.cache/ms-playwright/chromium_headless_shell-1208/chrome-headless-shell-linux64/chrome-headless-shell: error while loading shared libraries: libatk-1.0.so.0: cannot open shared object file: No such file or directory
  - [pid=1352] <gracefully close start>
  - [pid=1352] <kill>
  - [pid=1352] <will force kill>
  - [pid=1352] exception while trying to kill process: Error: kill ESRCH
  - [pid=1352] <process did exit: exitCode=127, signal=null>
  - [pid=1352] starting temporary directories cleanup
  - [pid=1352] finished temporary directories cleanup
  - [pid=1352] <gracefully close end>",,,,Low,0.0,False,False,False,,failed_fetch_strict_lexical_suspected,,fetch_timeout_or_fetch_failed,hashing_shortlist
78,aiimspathway.com,https://aiimspathway.com,02-04-2026.csv,All India Institute of Medical Sciences (AIIMS),aiims.edu,0.8833,True,True,True,False,0,0,0,0,0,False,lexical_hit,False,False,False,0,0,0,False,False,aiimspathway.com,,0,True,lexical_hit,True,True,True,resolved,accepted,failed,failed,RayTaskError(TargetClosedError),"[36mray::_HashBrowserActorImpl.render()[39m (pid=708, ip=172.19.2.2, actor_id=c8fdda542d9e67d0171c86b701000000, repr=<phishing_pipeline.ray_runtime._HashBrowserActorImpl object at 0x79690ef41340>)
  File ""/usr/lib/python3.12/concurrent/futures/_base.py"", line 449, in result
    return self.__get_result()
           ^^^^^^^^^^^^^^^^^^^
  File ""/usr/lib/python3.12/concurrent/futures/_base.py"", line 401, in __get_result
    raise self._exception
           ^^^^^^^^^^^^^^^^^^^^^^^^^^^^^^^^^^^^^
  File ""/kaggle/working/phishing_ml/phishing_pipeline/ray_runtime.py"", line 666, in render
    await self._ensure_browser()
           ^^^^^^^^^^^^^^^^^^^^^^^^^^^^^^^^^^^^^
  File ""/kaggle/working/phishing_ml/phishing_pipeline/ray_runtime.py"", line 645, in _ensure_browser
    self._browser = await self._playwright.chromium.launch(**launch_kwargs)
                    ^^^^^^^^^^^^^^^^^^^^^^^^^^^^^^^^^^^^^^^^^^^^^^^^^^^^^^^
  File ""/usr/local/lib/python3.12/dist-packages/playwright/async_api/_generated.py"", line 14547, in launch
    await self._impl_obj.launch(
  File ""/usr/local/lib/python3.12/dist-packages/playwright/_impl/_browser_type.py"", line 97, in launch
    await self._channel.send(
  File ""/usr/local/lib/python3.12/dist-packages/playwright/_impl/_connection.py"", line 69, in send
    return await self._connection.wrap_api_call(
           ^^^^^^^^^^^^^^^^^^^^^^^^^^^^^^^^^^^^^
  File ""/usr/local/lib/python3.12/dist-packages/playwright/_impl/_connection.py"", line 559, in wrap_api_call
    raise rewrite_error(error, f""{parsed_st['apiName']}: {error}"") from None
playwright._impl._errors.TargetClosedError: BrowserType.launch: Target page, context or browser has been closed
Browser logs:

<launching> /root/.cache/ms-playwright/chromium_headless_shell-1208/chrome-headless-shell-linux64/chrome-headless-shell --disable-field-trial-config --disable-background-networking --disable-background-timer-throttling --disable-backgrounding-occluded-windows --disable-back-forward-cache --disable-breakpad --disable-client-side-phishing-detection --disable-component-extensions-with-background-pages --disable-component-update --no-default-browser-check --disable-default-apps --disable-dev-shm-usage --disable-extensions --disable-features=AvoidUnnecessaryBeforeUnloadCheckSync,BoundaryEventDispatchTracksNodeRemoval,DestroyProfileOnBrowserClose,DialMediaRouteProvider,GlobalMediaControls,HttpsUpgrades,LensOverlay,MediaRouter,PaintHolding,ThirdPartyStoragePartitioning,Translate,AutoDeElevate,RenderDocument,OptimizationHints --enable-features=CDPScreenshotNewSurface --allow-pre-commit-input --disable-hang-monitor --disable-ipc-flooding-protection --disable-popup-blocking --disable-prompt-on-repost --disable-renderer-backgrounding --force-color-profile=srgb --metrics-recording-only --no-first-run --password-store=basic --use-mock-keychain --no-service-autorun --export-tagged-pdf --disable-search-engine-choice-screen --unsafely-disable-devtools-self-xss-warnings --edge-skip-compat-layer-relaunch --enable-automation --disable-infobars --disable-search-engine-choice-screen --disable-sync --enable-unsafe-swiftshader --headless --hide-scrollbars --mute-audio --blink-settings=primaryHoverType=2,availableHoverTypes=2,primaryPointerType=4,availablePointerTypes=4 --no-sandbox --user-data-dir=/tmp/playwright_chromiumdev_profile-rSsWrH --remote-debugging-pipe --no-startup-window
<launched> pid=1364
[pid=1364][err] /root/.cache/ms-playwright/chromium_headless_shell-1208/chrome-headless-shell-linux64/chrome-headless-shell: error while loading shared libraries: libatk-1.0.so.0: cannot open shared object file: No such file or directory
Call log:
  - <launching> /root/.cache/ms-playwright/chromium_headless_shell-1208/chrome-headless-shell-linux64/chrome-headless-shell --disable-field-trial-config --disable-background-networking --disable-background-timer-throttling --disable-backgrounding-occluded-windows --disable-back-forward-cache --disable-breakpad --disable-client-side-phishing-detection --disable-component-extensions-with-background-pages --disable-component-update --no-default-browser-check --disable-default-apps --disable-dev-shm-usage --disable-extensions --disable-features=AvoidUnnecessaryBeforeUnloadCheckSync,BoundaryEventDispatchTracksNodeRemoval,DestroyProfileOnBrowserClose,DialMediaRouteProvider,GlobalMediaControls,HttpsUpgrades,LensOverlay,MediaRouter,PaintHolding,ThirdPartyStoragePartitioning,Translate,AutoDeElevate,RenderDocument,OptimizationHints --enable-features=CDPScreenshotNewSurface --allow-pre-commit-input --disable-hang-monitor --disable-ipc-flooding-protection --disable-popup-blocking --disable-prompt-on-repost --disable-renderer-backgrounding --force-color-profile=srgb --metrics-recording-only --no-first-run --password-store=basic --use-mock-keychain --no-service-autorun --export-tagged-pdf --disable-search-engine-choice-screen --unsafely-disable-devtools-self-xss-warnings --edge-skip-compat-layer-relaunch --enable-automation --disable-infobars --disable-search-engine-choice-screen --disable-sync --enable-unsafe-swiftshader --headless --hide-scrollbars --mute-audio --blink-settings=primaryHoverType=2,availableHoverTypes=2,primaryPointerType=4,availablePointerTypes=4 --no-sandbox --user-data-dir=/tmp/playwright_chromiumdev_profile-rSsWrH --remote-debugging-pipe --no-startup-window
  - <launched> pid=1364
  - [pid=1364][err] /root/.cache/ms-playwright/chromium_headless_shell-1208/chrome-headless-shell-linux64/chrome-headless-shell: error while loading shared libraries: libatk-1.0.so.0: cannot open shared object file: No such file or directory
  - [pid=1364] <gracefully close start>
  - [pid=1364] <kill>
  - [pid=1364] <will force kill>
  - [pid=1364] exception while trying to kill process: Error: kill ESRCH
  - [pid=1364] <process did exit: exitCode=127, signal=null>
  - [pid=1364] starting temporary directories cleanup
  - [pid=1364] finished temporary directories cleanup
  - [pid=1364] <gracefully close end>",,,,Low,0.0,False,False,False,,failed_fetch_strict_lexical_suspected,,fetch_timeout_or_fetch_failed,hashing_shortlist
80,casinoalien.com,https://casinoalien.com,02-04-2026.csv,Computer Age Management Services Ltd. (CAMS),camsonline.com,0.8656,True,True,True,False,0,0,0,0,0,False,lexical_hit,False,False,False,0,0,0,False,False,casinoalien.com,,0,True,lexical_hit,True,True,True,resolved,accepted,failed,failed,RayTaskError(TargetClosedError),"[36mray::_HashBrowserActorImpl.render()[39m (pid=708, ip=172.19.2.2, actor_id=c8fdda542d9e67d0171c86b701000000, repr=<phishing_pipeline.ray_runtime._HashBrowserActorImpl object at 0x79690ef41340>)
  File ""/usr/lib/python3.12/concurrent/futures/_base.py"", line 449, in result
    return self.__get_result()
           ^^^^^^^^^^^^^^^^^^^
  File ""/usr/lib/python3.12/concurrent/futures/_base.py"", line 401, in __get_result
    raise self._exception
           ^^^^^^^^^^^^^^^^^^^^^^^^^^^^^^^^^^^^^
  File ""/kaggle/working/phishing_ml/phishing_pipeline/ray_runtime.py"", line 666, in render
    await self._ensure_browser()
           ^^^^^^^^^^^^^^^^^^^^^^^^^^^^^^^^^^^^^
  File ""/kaggle/working/phishing_ml/phishing_pipeline/ray_runtime.py"", line 645, in _ensure_browser
    self._browser = await self._playwright.chromium.launch(**launch_kwargs)
                    ^^^^^^^^^^^^^^^^^^^^^^^^^^^^^^^^^^^^^^^^^^^^^^^^^^^^^^^
  File ""/usr/local/lib/python3.12/dist-packages/playwright/async_api/_generated.py"", line 14547, in launch
    await self._impl_obj.launch(
  File ""/usr/local/lib/python3.12/dist-packages/playwright/_impl/_browser_type.py"", line 97, in launch
    await self._channel.send(
  File ""/usr/local/lib/python3.12/dist-packages/playwright/_impl/_connection.py"", line 69, in send
    return await self._connection.wrap_api_call(
           ^^^^^^^^^^^^^^^^^^^^^^^^^^^^^^^^^^^^^
  File ""/usr/local/lib/python3.12/dist-packages/playwright/_impl/_connection.py"", line 559, in wrap_api_call
    raise rewrite_error(error, f""{parsed_st['apiName']}: {error}"") from None
playwright._impl._errors.TargetClosedError: BrowserType.launch: Target page, context or browser has been closed
Browser logs:

<launching> /root/.cache/ms-playwright/chromium_headless_shell-1208/chrome-headless-shell-linux64/chrome-headless-shell --disable-field-trial-config --disable-background-networking --disable-background-timer-throttling --disable-backgrounding-occluded-windows --disable-back-forward-cache --disable-breakpad --disable-client-side-phishing-detection --disable-component-extensions-with-background-pages --disable-component-update --no-default-browser-check --disable-default-apps --disable-dev-shm-usage --disable-extensions --disable-features=AvoidUnnecessaryBeforeUnloadCheckSync,BoundaryEventDispatchTracksNodeRemoval,DestroyProfileOnBrowserClose,DialMediaRouteProvider,GlobalMediaControls,HttpsUpgrades,LensOverlay,MediaRouter,PaintHolding,ThirdPartyStoragePartitioning,Translate,AutoDeElevate,RenderDocument,OptimizationHints --enable-features=CDPScreenshotNewSurface --allow-pre-commit-input --disable-hang-monitor --disable-ipc-flooding-protection --disable-popup-blocking --disable-prompt-on-repost --disable-renderer-backgrounding --force-color-profile=srgb --metrics-recording-only --no-first-run --password-store=basic --use-mock-keychain --no-service-autorun --export-tagged-pdf --disable-search-engine-choice-screen --unsafely-disable-devtools-self-xss-warnings --edge-skip-compat-layer-relaunch --enable-automation --disable-infobars --disable-search-engine-choice-screen --disable-sync --enable-unsafe-swiftshader --headless --hide-scrollbars --mute-audio --blink-settings=primaryHoverType=2,availableHoverTypes=2,primaryPointerType=4,availablePointerTypes=4 --no-sandbox --user-data-dir=/tmp/playwright_chromiumdev_profile-mqzBd6 --remote-debugging-pipe --no-startup-window
<launched> pid=1376
[pid=1376][err] /root/.cache/ms-playwright/chromium_headless_shell-1208/chrome-headless-shell-linux64/chrome-headless-shell: error while loading shared libraries: libatk-1.0.so.0: cannot open shared object file: No such file or directory
Call log:
  - <launching> /root/.cache/ms-playwright/chromium_headless_shell-1208/chrome-headless-shell-linux64/chrome-headless-shell --disable-field-trial-config --disable-background-networking --disable-background-timer-throttling --disable-backgrounding-occluded-windows --disable-back-forward-cache --disable-breakpad --disable-client-side-phishing-detection --disable-component-extensions-with-background-pages --disable-component-update --no-default-browser-check --disable-default-apps --disable-dev-shm-usage --disable-extensions --disable-features=AvoidUnnecessaryBeforeUnloadCheckSync,BoundaryEventDispatchTracksNodeRemoval,DestroyProfileOnBrowserClose,DialMediaRouteProvider,GlobalMediaControls,HttpsUpgrades,LensOverlay,MediaRouter,PaintHolding,ThirdPartyStoragePartitioning,Translate,AutoDeElevate,RenderDocument,OptimizationHints --enable-features=CDPScreenshotNewSurface --allow-pre-commit-input --disable-hang-monitor --disable-ipc-flooding-protection --disable-popup-blocking --disable-prompt-on-repost --disable-renderer-backgrounding --force-color-profile=srgb --metrics-recording-only --no-first-run --password-store=basic --use-mock-keychain --no-service-autorun --export-tagged-pdf --disable-search-engine-choice-screen --unsafely-disable-devtools-self-xss-warnings --edge-skip-compat-layer-relaunch --enable-automation --disable-infobars --disable-search-engine-choice-screen --disable-sync --enable-unsafe-swiftshader --headless --hide-scrollbars --mute-audio --blink-settings=primaryHoverType=2,availableHoverTypes=2,primaryPointerType=4,availablePointerTypes=4 --no-sandbox --user-data-dir=/tmp/playwright_chromiumdev_profile-mqzBd6 --remote-debugging-pipe --no-startup-window
  - <launched> pid=1376
  - [pid=1376][err] /root/.cache/ms-playwright/chromium_headless_shell-1208/chrome-headless-shell-linux64/chrome-headless-shell: error while loading shared libraries: libatk-1.0.so.0: cannot open shared object file: No such file or directory
  - [pid=1376] <gracefully close start>
  - [pid=1376] <kill>
  - [pid=1376] <will force kill>
  - [pid=1376] exception while trying to kill process: Error: kill ESRCH
  - [pid=1376] <process did exit: exitCode=127, signal=null>
  - [pid=1376] starting temporary directories cleanup
  - [pid=1376] finished temporary directories cleanup
  - [pid=1376] <gracefully close end>",,,,Low,0.0,False,False,False,,failed_fetch_strict_lexical_suspected,,fetch_timeout_or_fetch_failed,hashing_shortlist
82,airtelsteals.in,https://airtelsteals.in,02-04-2026.csv,Airtel,airtel.in,0.9,True,True,True,False,0,0,0,0,0,False,lexical_hit,False,False,False,0,0,0,False,False,airtelsteals.in,,0,True,lexical_hit,True,True,True,resolved,accepted,failed,failed,RayTaskError(TargetClosedError),"[36mray::_HashBrowserActorImpl.render()[39m (pid=708, ip=172.19.2.2, actor_id=c8fdda542d9e67d0171c86b701000000, repr=<phishing_pipeline.ray_runtime._HashBrowserActorImpl object at 0x79690ef41340>)
  File ""/usr/lib/python3.12/concurrent/futures/_base.py"", line 449, in result
    return self.__get_result()
           ^^^^^^^^^^^^^^^^^^^
  File ""/usr/lib/python3.12/concurrent/futures/_base.py"", line 401, in __get_result
    raise self._exception
           ^^^^^^^^^^^^^^^^^^^^^^^^^^^^^^^^^^^^^
  File ""/kaggle/working/phishing_ml/phishing_pipeline/ray_runtime.py"", line 666, in render
    await self._ensure_browser()
           ^^^^^^^^^^^^^^^^^^^^^^^^^^^^^^^^^^^^^
  File ""/kaggle/working/phishing_ml/phishing_pipeline/ray_runtime.py"", line 645, in _ensure_browser
    self._browser = await self._playwright.chromium.launch(**launch_kwargs)
                    ^^^^^^^^^^^^^^^^^^^^^^^^^^^^^^^^^^^^^^^^^^^^^^^^^^^^^^^
  File ""/usr/local/lib/python3.12/dist-packages/playwright/async_api/_generated.py"", line 14547, in launch
    await self._impl_obj.launch(
  File ""/usr/local/lib/python3.12/dist-packages/playwright/_impl/_browser_type.py"", line 97, in launch
    await self._channel.send(
  File ""/usr/local/lib/python3.12/dist-packages/playwright/_impl/_connection.py"", line 69, in send
    return await self._connection.wrap_api_call(
           ^^^^^^^^^^^^^^^^^^^^^^^^^^^^^^^^^^^^^
  File ""/usr/local/lib/python3.12/dist-packages/playwright/_impl/_connection.py"", line 559, in wrap_api_call
    raise rewrite_error(error, f""{parsed_st['apiName']}: {error}"") from None
playwright._impl._errors.TargetClosedError: BrowserType.launch: Target page, context or browser has been closed
Browser logs:

<launching> /root/.cache/ms-playwright/chromium_headless_shell-1208/chrome-headless-shell-linux64/chrome-headless-shell --disable-field-trial-config --disable-background-networking --disable-background-timer-throttling --disable-backgrounding-occluded-windows --disable-back-forward-cache --disable-breakpad --disable-client-side-phishing-detection --disable-component-extensions-with-background-pages --disable-component-update --no-default-browser-check --disable-default-apps --disable-dev-shm-usage --disable-extensions --disable-features=AvoidUnnecessaryBeforeUnloadCheckSync,BoundaryEventDispatchTracksNodeRemoval,DestroyProfileOnBrowserClose,DialMediaRouteProvider,GlobalMediaControls,HttpsUpgrades,LensOverlay,MediaRouter,PaintHolding,ThirdPartyStoragePartitioning,Translate,AutoDeElevate,RenderDocument,OptimizationHints --enable-features=CDPScreenshotNewSurface --allow-pre-commit-input --disable-hang-monitor --disable-ipc-flooding-protection --disable-popup-blocking --disable-prompt-on-repost --disable-renderer-backgrounding --force-color-profile=srgb --metrics-recording-only --no-first-run --password-store=basic --use-mock-keychain --no-service-autorun --export-tagged-pdf --disable-search-engine-choice-screen --unsafely-disable-devtools-self-xss-warnings --edge-skip-compat-layer-relaunch --enable-automation --disable-infobars --disable-search-engine-choice-screen --disable-sync --enable-unsafe-swiftshader --headless --hide-scrollbars --mute-audio --blink-settings=primaryHoverType=2,availableHoverTypes=2,primaryPointerType=4,availablePointerTypes=4 --no-sandbox --user-data-dir=/tmp/playwright_chromiumdev_profile-XOz7EW --remote-debugging-pipe --no-startup-window
<launched> pid=1388
[pid=1388][err] /root/.cache/ms-playwright/chromium_headless_shell-1208/chrome-headless-shell-linux64/chrome-headless-shell: error while loading shared libraries: libatk-1.0.so.0: cannot open shared object file: No such file or directory
Call log:
  - <launching> /root/.cache/ms-playwright/chromium_headless_shell-1208/chrome-headless-shell-linux64/chrome-headless-shell --disable-field-trial-config --disable-background-networking --disable-background-timer-throttling --disable-backgrounding-occluded-windows --disable-back-forward-cache --disable-breakpad --disable-client-side-phishing-detection --disable-component-extensions-with-background-pages --disable-component-update --no-default-browser-check --disable-default-apps --disable-dev-shm-usage --disable-extensions --disable-features=AvoidUnnecessaryBeforeUnloadCheckSync,BoundaryEventDispatchTracksNodeRemoval,DestroyProfileOnBrowserClose,DialMediaRouteProvider,GlobalMediaControls,HttpsUpgrades,LensOverlay,MediaRouter,PaintHolding,ThirdPartyStoragePartitioning,Translate,AutoDeElevate,RenderDocument,OptimizationHints --enable-features=CDPScreenshotNewSurface --allow-pre-commit-input --disable-hang-monitor --disable-ipc-flooding-protection --disable-popup-blocking --disable-prompt-on-repost --disable-renderer-backgrounding --force-color-profile=srgb --metrics-recording-only --no-first-run --password-store=basic --use-mock-keychain --no-service-autorun --export-tagged-pdf --disable-search-engine-choice-screen --unsafely-disable-devtools-self-xss-warnings --edge-skip-compat-layer-relaunch --enable-automation --disable-infobars --disable-search-engine-choice-screen --disable-sync --enable-unsafe-swiftshader --headless --hide-scrollbars --mute-audio --blink-settings=primaryHoverType=2,availableHoverTypes=2,primaryPointerType=4,availablePointerTypes=4 --no-sandbox --user-data-dir=/tmp/playwright_chromiumdev_profile-XOz7EW --remote-debugging-pipe --no-startup-window
  - <launched> pid=1388
  - [pid=1388][err] /root/.cache/ms-playwright/chromium_headless_shell-1208/chrome-headless-shell-linux64/chrome-headless-shell: error while loading shared libraries: libatk-1.0.so.0: cannot open shared object file: No such file or directory
  - [pid=1388] <gracefully close start>
  - [pid=1388] <kill>
  - [pid=1388] <will force kill>
  - [pid=1388] exception while trying to kill process: Error: kill ESRCH
  - [pid=1388] <process did exit: exitCode=127, signal=null>
  - [pid=1388] starting temporary directories cleanup
  - [pid=1388] finished temporary directories cleanup
  - [pid=1388] <gracefully close end>",,,,Low,0.0,False,False,False,,failed_fetch_strict_lexical_suspected,,fetch_timeout_or_fetch_failed,hashing_shortlist
83,haksonline.com,https://haksonline.com,02-04-2026.csv,Computer Age Management Services Ltd. (CAMS),camsonline.com,0.8667,True,True,True,False,0,0,0,0,0,False,lexical_hit,False,False,False,0,0,0,False,False,haksonline.com,,0,True,lexical_hit,True,True,True,resolved,accepted,failed,failed,RayTaskError(TargetClosedError),"[36mray::_HashBrowserActorImpl.render()[39m (pid=708, ip=172.19.2.2, actor_id=c8fdda542d9e67d0171c86b701000000, repr=<phishing_pipeline.ray_runtime._HashBrowserActorImpl object at 0x79690ef41340>)
  File ""/usr/lib/python3.12/concurrent/futures/_base.py"", line 449, in result
    return self.__get_result()
           ^^^^^^^^^^^^^^^^^^^
  File ""/usr/lib/python3.12/concurrent/futures/_base.py"", line 401, in __get_result
    raise self._exception
           ^^^^^^^^^^^^^^^^^^^^^^^^^^^^^^^^^^^^^
  File ""/kaggle/working/phishing_ml/phishing_pipeline/ray_runtime.py"", line 666, in render
    await self._ensure_browser()
           ^^^^^^^^^^^^^^^^^^^^^^^^^^^^^^^^^^^^^
  File ""/kaggle/working/phishing_ml/phishing_pipeline/ray_runtime.py"", line 645, in _ensure_browser
    self._browser = await self._playwright.chromium.launch(**launch_kwargs)
                    ^^^^^^^^^^^^^^^^^^^^^^^^^^^^^^^^^^^^^^^^^^^^^^^^^^^^^^^
  File ""/usr/local/lib/python3.12/dist-packages/playwright/async_api/_generated.py"", line 14547, in launch
    await self._impl_obj.launch(
  File ""/usr/local/lib/python3.12/dist-packages/playwright/_impl/_browser_type.py"", line 97, in launch
    await self._channel.send(
  File ""/usr/local/lib/python3.12/dist-packages/playwright/_impl/_connection.py"", line 69, in send
    return await self._connection.wrap_api_call(
           ^^^^^^^^^^^^^^^^^^^^^^^^^^^^^^^^^^^^^
  File ""/usr/local/lib/python3.12/dist-packages/playwright/_impl/_connection.py"", line 559, in wrap_api_call
    raise rewrite_error(error, f""{parsed_st['apiName']}: {error}"") from None
playwright._impl._errors.TargetClosedError: BrowserType.launch: Target page, context or browser has been closed
Browser logs:

<launching> /root/.cache/ms-playwright/chromium_headless_shell-1208/chrome-headless-shell-linux64/chrome-headless-shell --disable-field-trial-config --disable-background-networking --disable-background-timer-throttling --disable-backgrounding-occluded-windows --disable-back-forward-cache --disable-breakpad --disable-client-side-phishing-detection --disable-component-extensions-with-background-pages --disable-component-update --no-default-browser-check --disable-default-apps --disable-dev-shm-usage --disable-extensions --disable-features=AvoidUnnecessaryBeforeUnloadCheckSync,BoundaryEventDispatchTracksNodeRemoval,DestroyProfileOnBrowserClose,DialMediaRouteProvider,GlobalMediaControls,HttpsUpgrades,LensOverlay,MediaRouter,PaintHolding,ThirdPartyStoragePartitioning,Translate,AutoDeElevate,RenderDocument,OptimizationHints --enable-features=CDPScreenshotNewSurface --allow-pre-commit-input --disable-hang-monitor --disable-ipc-flooding-protection --disable-popup-blocking --disable-prompt-on-repost --disable-renderer-backgrounding --force-color-profile=srgb --metrics-recording-only --no-first-run --password-store=basic --use-mock-keychain --no-service-autorun --export-tagged-pdf --disable-search-engine-choice-screen --unsafely-disable-devtools-self-xss-warnings --edge-skip-compat-layer-relaunch --enable-automation --disable-infobars --disable-search-engine-choice-screen --disable-sync --enable-unsafe-swiftshader --headless --hide-scrollbars --mute-audio --blink-settings=primaryHoverType=2,availableHoverTypes=2,primaryPointerType=4,availablePointerTypes=4 --no-sandbox --user-data-dir=/tmp/playwright_chromiumdev_profile-UI9oTx --remote-debugging-pipe --no-startup-window
<launched> pid=1401
[pid=1401][err] /root/.cache/ms-playwright/chromium_headless_shell-1208/chrome-headless-shell-linux64/chrome-headless-shell: error while loading shared libraries: libatk-1.0.so.0: cannot open shared object file: No such file or directory
Call log:
  - <launching> /root/.cache/ms-playwright/chromium_headless_shell-1208/chrome-headless-shell-linux64/chrome-headless-shell --disable-field-trial-config --disable-background-networking --disable-background-timer-throttling --disable-backgrounding-occluded-windows --disable-back-forward-cache --disable-breakpad --disable-client-side-phishing-detection --disable-component-extensions-with-background-pages --disable-component-update --no-default-browser-check --disable-default-apps --disable-dev-shm-usage --disable-extensions --disable-features=AvoidUnnecessaryBeforeUnloadCheckSync,BoundaryEventDispatchTracksNodeRemoval,DestroyProfileOnBrowserClose,DialMediaRouteProvider,GlobalMediaControls,HttpsUpgrades,LensOverlay,MediaRouter,PaintHolding,ThirdPartyStoragePartitioning,Translate,AutoDeElevate,RenderDocument,OptimizationHints --enable-features=CDPScreenshotNewSurface --allow-pre-commit-input --disable-hang-monitor --disable-ipc-flooding-protection --disable-popup-blocking --disable-prompt-on-repost --disable-renderer-backgrounding --force-color-profile=srgb --metrics-recording-only --no-first-run --password-store=basic --use-mock-keychain --no-service-autorun --export-tagged-pdf --disable-search-engine-choice-screen --unsafely-disable-devtools-self-xss-warnings --edge-skip-compat-layer-relaunch --enable-automation --disable-infobars --disable-search-engine-choice-screen --disable-sync --enable-unsafe-swiftshader --headless --hide-scrollbars --mute-audio --blink-settings=primaryHoverType=2,availableHoverTypes=2,primaryPointerType=4,availablePointerTypes=4 --no-sandbox --user-data-dir=/tmp/playwright_chromiumdev_profile-UI9oTx --remote-debugging-pipe --no-startup-window
  - <launched> pid=1401
  - [pid=1401][err] /root/.cache/ms-playwright/chromium_headless_shell-1208/chrome-headless-shell-linux64/chrome-headless-shell: error while loading shared libraries: libatk-1.0.so.0: cannot open shared object file: No such file or directory
  - [pid=1401] <gracefully close start>
  - [pid=1401] <kill>
  - [pid=1401] <will force kill>
  - [pid=1401] exception while trying to kill process: Error: kill ESRCH
  - [pid=1401] <process did exit: exitCode=127, signal=null>
  - [pid=1401] starting temporary directories cleanup
  - [pid=1401] finished temporary directories cleanup
  - [pid=1401] <gracefully close end>",,,,Low,0.0,False,False,False,,failed_fetch_strict_lexical_suspected,,fetch_timeout_or_fetch_failed,hashing_shortlist
85,caminofl.com,https://caminofl.com,02-04-2026.csv,Computer Age Management Services Ltd. (CAMS),camsonline.com,0.8675,True,True,True,False,0,0,0,0,0,False,lexical_hit,False,False,False,0,0,0,False,False,caminofl.com,,0,True,lexical_hit,True,True,True,resolved,accepted,failed,failed,RayTaskError(TargetClosedError),"[36mray::_HashBrowserActorImpl.render()[39m (pid=708, ip=172.19.2.2, actor_id=c8fdda542d9e67d0171c86b701000000, repr=<phishing_pipeline.ray_runtime._HashBrowserActorImpl object at 0x79690ef41340>)
  File ""/usr/lib/python3.12/concurrent/futures/_base.py"", line 449, in result
    return self.__get_result()
           ^^^^^^^^^^^^^^^^^^^
  File ""/usr/lib/python3.12/concurrent/futures/_base.py"", line 401, in __get_result
    raise self._exception
           ^^^^^^^^^^^^^^^^^^^^^^^^^^^^^^^^^^^^^
  File ""/kaggle/working/phishing_ml/phishing_pipeline/ray_runtime.py"", line 666, in render
    await self._ensure_browser()
           ^^^^^^^^^^^^^^^^^^^^^^^^^^^^^^^^^^^^^
  File ""/kaggle/working/phishing_ml/phishing_pipeline/ray_runtime.py"", line 645, in _ensure_browser
    self._browser = await self._playwright.chromium.launch(**launch_kwargs)
                    ^^^^^^^^^^^^^^^^^^^^^^^^^^^^^^^^^^^^^^^^^^^^^^^^^^^^^^^
  File ""/usr/local/lib/python3.12/dist-packages/playwright/async_api/_generated.py"", line 14547, in launch
    await self._impl_obj.launch(
  File ""/usr/local/lib/python3.12/dist-packages/playwright/_impl/_browser_type.py"", line 97, in launch
    await self._channel.send(
  File ""/usr/local/lib/python3.12/dist-packages/playwright/_impl/_connection.py"", line 69, in send
    return await self._connection.wrap_api_call(
           ^^^^^^^^^^^^^^^^^^^^^^^^^^^^^^^^^^^^^
  File ""/usr/local/lib/python3.12/dist-packages/playwright/_impl/_connection.py"", line 559, in wrap_api_call
    raise rewrite_error(error, f""{parsed_st['apiName']}: {error}"") from None
playwright._impl._errors.TargetClosedError: BrowserType.launch: Target page, context or browser has been closed
Browser logs:

<launching> /root/.cache/ms-playwright/chromium_headless_shell-1208/chrome-headless-shell-linux64/chrome-headless-shell --disable-field-trial-config --disable-background-networking --disable-background-timer-throttling --disable-backgrounding-occluded-windows --disable-back-forward-cache --disable-breakpad --disable-client-side-phishing-detection --disable-component-extensions-with-background-pages --disable-component-update --no-default-browser-check --disable-default-apps --disable-dev-shm-usage --disable-extensions --disable-features=AvoidUnnecessaryBeforeUnloadCheckSync,BoundaryEventDispatchTracksNodeRemoval,DestroyProfileOnBrowserClose,DialMediaRouteProvider,GlobalMediaControls,HttpsUpgrades,LensOverlay,MediaRouter,PaintHolding,ThirdPartyStoragePartitioning,Translate,AutoDeElevate,RenderDocument,OptimizationHints --enable-features=CDPScreenshotNewSurface --allow-pre-commit-input --disable-hang-monitor --disable-ipc-flooding-protection --disable-popup-blocking --disable-prompt-on-repost --disable-renderer-backgrounding --force-color-profile=srgb --metrics-recording-only --no-first-run --password-store=basic --use-mock-keychain --no-service-autorun --export-tagged-pdf --disable-search-engine-choice-screen --unsafely-disable-devtools-self-xss-warnings --edge-skip-compat-layer-relaunch --enable-automation --disable-infobars --disable-search-engine-choice-screen --disable-sync --enable-unsafe-swiftshader --headless --hide-scrollbars --mute-audio --blink-settings=primaryHoverType=2,availableHoverTypes=2,primaryPointerType=4,availablePointerTypes=4 --no-sandbox --user-data-dir=/tmp/playwright_chromiumdev_profile-QywRXU --remote-debugging-pipe --no-startup-window
<launched> pid=1419
[pid=1419][err] /root/.cache/ms-playwright/chromium_headless_shell-1208/chrome-headless-shell-linux64/chrome-headless-shell: error while loading shared libraries: libatk-1.0.so.0: cannot open shared object file: No such file or directory
Call log:
  - <launching> /root/.cache/ms-playwright/chromium_headless_shell-1208/chrome-headless-shell-linux64/chrome-headless-shell --disable-field-trial-config --disable-background-networking --disable-background-timer-throttling --disable-backgrounding-occluded-windows --disable-back-forward-cache --disable-breakpad --disable-client-side-phishing-detection --disable-component-extensions-with-background-pages --disable-component-update --no-default-browser-check --disable-default-apps --disable-dev-shm-usage --disable-extensions --disable-features=AvoidUnnecessaryBeforeUnloadCheckSync,BoundaryEventDispatchTracksNodeRemoval,DestroyProfileOnBrowserClose,DialMediaRouteProvider,GlobalMediaControls,HttpsUpgrades,LensOverlay,MediaRouter,PaintHolding,ThirdPartyStoragePartitioning,Translate,AutoDeElevate,RenderDocument,OptimizationHints --enable-features=CDPScreenshotNewSurface --allow-pre-commit-input --disable-hang-monitor --disable-ipc-flooding-protection --disable-popup-blocking --disable-prompt-on-repost --disable-renderer-backgrounding --force-color-profile=srgb --metrics-recording-only --no-first-run --password-store=basic --use-mock-keychain --no-service-autorun --export-tagged-pdf --disable-search-engine-choice-screen --unsafely-disable-devtools-self-xss-warnings --edge-skip-compat-layer-relaunch --enable-automation --disable-infobars --disable-search-engine-choice-screen --disable-sync --enable-unsafe-swiftshader --headless --hide-scrollbars --mute-audio --blink-settings=primaryHoverType=2,availableHoverTypes=2,primaryPointerType=4,availablePointerTypes=4 --no-sandbox --user-data-dir=/tmp/playwright_chromiumdev_profile-QywRXU --remote-debugging-pipe --no-startup-window
  - <launched> pid=1419
  - [pid=1419][err] /root/.cache/ms-playwright/chromium_headless_shell-1208/chrome-headless-shell-linux64/chrome-headless-shell: error while loading shared libraries: libatk-1.0.so.0: cannot open shared object file: No such file or directory
  - [pid=1419] <gracefully close start>
  - [pid=1419] <kill>
  - [pid=1419] <will force kill>
  - [pid=1419] exception while trying to kill process: Error: kill ESRCH
  - [pid=1419] <process did exit: exitCode=127, signal=null>
  - [pid=1419] starting temporary directories cleanup
  - [pid=1419] finished temporary directories cleanup
  - [pid=1419] <gracefully close end>",,,,Low,0.0,False,False,False,,failed_fetch_strict_lexical_suspected,,fetch_timeout_or_fetch_failed,hashing_shortlist
86,rebitadventure.com,https://rebitadventure.com,02-04-2026.csv,Reserve Bank of India (RBI),rebit.org.in,0.8714,True,True,True,False,0,0,0,0,0,False,lexical_hit,False,False,False,0,0,0,False,False,rebitadventure.com,,0,True,lexical_hit,True,True,True,resolved,accepted,failed,failed,RayTaskError(TargetClosedError),"[36mray::_HashBrowserActorImpl.render()[39m (pid=708, ip=172.19.2.2, actor_id=c8fdda542d9e67d0171c86b701000000, repr=<phishing_pipeline.ray_runtime._HashBrowserActorImpl object at 0x79690ef41340>)
  File ""/usr/lib/python3.12/concurrent/futures/_base.py"", line 449, in result
    return self.__get_result()
           ^^^^^^^^^^^^^^^^^^^
  File ""/usr/lib/python3.12/concurrent/futures/_base.py"", line 401, in __get_result
    raise self._exception
           ^^^^^^^^^^^^^^^^^^^^^^^^^^^^^^^^^^^^^
  File ""/kaggle/working/phishing_ml/phishing_pipeline/ray_runtime.py"", line 666, in render
    await self._ensure_browser()
           ^^^^^^^^^^^^^^^^^^^^^^^^^^^^^^^^^^^^^
  File ""/kaggle/working/phishing_ml/phishing_pipeline/ray_runtime.py"", line 645, in _ensure_browser
    self._browser = await self._playwright.chromium.launch(**launch_kwargs)
                    ^^^^^^^^^^^^^^^^^^^^^^^^^^^^^^^^^^^^^^^^^^^^^^^^^^^^^^^
  File ""/usr/local/lib/python3.12/dist-packages/playwright/async_api/_generated.py"", line 14547, in launch
    await self._impl_obj.launch(
  File ""/usr/local/lib/python3.12/dist-packages/playwright/_impl/_browser_type.py"", line 97, in launch
    await self._channel.send(
  File ""/usr/local/lib/python3.12/dist-packages/playwright/_impl/_connection.py"", line 69, in send
    return await self._connection.wrap_api_call(
           ^^^^^^^^^^^^^^^^^^^^^^^^^^^^^^^^^^^^^
  File ""/usr/local/lib/python3.12/dist-packages/playwright/_impl/_connection.py"", line 559, in wrap_api_call
    raise rewrite_error(error, f""{parsed_st['apiName']}: {error}"") from None
playwright._impl._errors.TargetClosedError: BrowserType.launch: Target page, context or browser has been closed
Browser logs:

<launching> /root/.cache/ms-playwright/chromium_headless_shell-1208/chrome-headless-shell-linux64/chrome-headless-shell --disable-field-trial-config --disable-background-networking --disable-background-timer-throttling --disable-backgrounding-occluded-windows --disable-back-forward-cache --disable-breakpad --disable-client-side-phishing-detection --disable-component-extensions-with-background-pages --disable-component-update --no-default-browser-check --disable-default-apps --disable-dev-shm-usage --disable-extensions --disable-features=AvoidUnnecessaryBeforeUnloadCheckSync,BoundaryEventDispatchTracksNodeRemoval,DestroyProfileOnBrowserClose,DialMediaRouteProvider,GlobalMediaControls,HttpsUpgrades,LensOverlay,MediaRouter,PaintHolding,ThirdPartyStoragePartitioning,Translate,AutoDeElevate,RenderDocument,OptimizationHints --enable-features=CDPScreenshotNewSurface --allow-pre-commit-input --disable-hang-monitor --disable-ipc-flooding-protection --disable-popup-blocking --disable-prompt-on-repost --disable-renderer-backgrounding --force-color-profile=srgb --metrics-recording-only --no-first-run --password-store=basic --use-mock-keychain --no-service-autorun --export-tagged-pdf --disable-search-engine-choice-screen --unsafely-disable-devtools-self-xss-warnings --edge-skip-compat-layer-relaunch --enable-automation --disable-infobars --disable-search-engine-choice-screen --disable-sync --enable-unsafe-swiftshader --headless --hide-scrollbars --mute-audio --blink-settings=primaryHoverType=2,availableHoverTypes=2,primaryPointerType=4,availablePointerTypes=4 --no-sandbox --user-data-dir=/tmp/playwright_chromiumdev_profile-Y4tHyh --remote-debugging-pipe --no-startup-window
<launched> pid=1433
[pid=1433][err] /root/.cache/ms-playwright/chromium_headless_shell-1208/chrome-headless-shell-linux64/chrome-headless-shell: error while loading shared libraries: libatk-1.0.so.0: cannot open shared object file: No such file or directory
Call log:
  - <launching> /root/.cache/ms-playwright/chromium_headless_shell-1208/chrome-headless-shell-linux64/chrome-headless-shell --disable-field-trial-config --disable-background-networking --disable-background-timer-throttling --disable-backgrounding-occluded-windows --disable-back-forward-cache --disable-breakpad --disable-client-side-phishing-detection --disable-component-extensions-with-background-pages --disable-component-update --no-default-browser-check --disable-default-apps --disable-dev-shm-usage --disable-extensions --disable-features=AvoidUnnecessaryBeforeUnloadCheckSync,BoundaryEventDispatchTracksNodeRemoval,DestroyProfileOnBrowserClose,DialMediaRouteProvider,GlobalMediaControls,HttpsUpgrades,LensOverlay,MediaRouter,PaintHolding,ThirdPartyStoragePartitioning,Translate,AutoDeElevate,RenderDocument,OptimizationHints --enable-features=CDPScreenshotNewSurface --allow-pre-commit-input --disable-hang-monitor --disable-ipc-flooding-protection --disable-popup-blocking --disable-prompt-on-repost --disable-renderer-backgrounding --force-color-profile=srgb --metrics-recording-only --no-first-run --password-store=basic --use-mock-keychain --no-service-autorun --export-tagged-pdf --disable-search-engine-choice-screen --unsafely-disable-devtools-self-xss-warnings --edge-skip-compat-layer-relaunch --enable-automation --disable-infobars --disable-search-engine-choice-screen --disable-sync --enable-unsafe-swiftshader --headless --hide-scrollbars --mute-audio --blink-settings=primaryHoverType=2,availableHoverTypes=2,primaryPointerType=4,availablePointerTypes=4 --no-sandbox --user-data-dir=/tmp/playwright_chromiumdev_profile-Y4tHyh --remote-debugging-pipe --no-startup-window
  - <launched> pid=1433
  - [pid=1433][err] /root/.cache/ms-playwright/chromium_headless_shell-1208/chrome-headless-shell-linux64/chrome-headless-shell: error while loading shared libraries: libatk-1.0.so.0: cannot open shared object file: No such file or directory
  - [pid=1433] <gracefully close start>
  - [pid=1433] <kill>
  - [pid=1433] <will force kill>
  - [pid=1433] exception while trying to kill process: Error: kill ESRCH
  - [pid=1433] <process did exit: exitCode=127, signal=null>
  - [pid=1433] starting temporary directories cleanup
  - [pid=1433] finished temporary directories cleanup
  - [pid=1433] <gracefully close end>",,,,Low,0.0,False,False,False,,failed_fetch_strict_lexical_suspected,,fetch_timeout_or_fetch_failed,hashing_shortlist
87,xn--theunicorncraft-pnb.shop,https://xn--theunicorncraft-pnb.shop,02-04-2026.csv,Punjab National Bank (PNB),netpnb.com,0.5302,True,True,False,False,0,0,0,0,0,False,lexical_hit,False,False,False,0,0,0,False,False,xn--theunicorncraft-pnb.shop,,0,True,lexical_hit,True,True,True,resolved,accepted,failed,failed,RayTaskError(TargetClosedError),"[36mray::_HashBrowserActorImpl.render()[39m (pid=708, ip=172.19.2.2, actor_id=c8fdda542d9e67d0171c86b701000000, repr=<phishing_pipeline.ray_runtime._HashBrowserActorImpl object at 0x79690ef41340>)
  File ""/usr/lib/python3.12/concurrent/futures/_base.py"", line 456, in result
    return self.__get_result()
           ^^^^^^^^^^^^^^^^^^^
  File ""/usr/lib/python3.12/concurrent/futures/_base.py"", line 401, in __get_result
    raise self._exception
           ^^^^^^^^^^^^^^^^^^^^^^^^^^^^^^^^^^^^^
  File ""/kaggle/working/phishing_ml/phishing_pipeline/ray_runtime.py"", line 666, in render
    await self._ensure_browser()
           ^^^^^^^^^^^^^^^^^^^^^^^^^^^^^^^^^^^^^
  File ""/kaggle/working/phishing_ml/phishing_pipeline/ray_runtime.py"", line 645, in _ensure_browser
    self._browser = await self._playwright.chromium.launch(**launch_kwargs)
                    ^^^^^^^^^^^^^^^^^^^^^^^^^^^^^^^^^^^^^^^^^^^^^^^^^^^^^^^
  File ""/usr/local/lib/python3.12/dist-packages/playwright/async_api/_generated.py"", line 14547, in launch
    await self._impl_obj.launch(
  File ""/usr/local/lib/python3.12/dist-packages/playwright/_impl/_browser_type.py"", line 97, in launch
    await self._channel.send(
  File ""/usr/local/lib/python3.12/dist-packages/playwright/_impl/_connection.py"", line 69, in send
    return await self._connection.wrap_api_call(
           ^^^^^^^^^^^^^^^^^^^^^^^^^^^^^^^^^^^^^
  File ""/usr/local/lib/python3.12/dist-packages/playwright/_impl/_connection.py"", line 559, in wrap_api_call
    raise rewrite_error(error, f""{parsed_st['apiName']}: {error}"") from None
playwright._impl._errors.TargetClosedError: BrowserType.launch: Target page, context or browser has been closed
Browser logs:

<launching> /root/.cache/ms-playwright/chromium_headless_shell-1208/chrome-headless-shell-linux64/chrome-headless-shell --disable-field-trial-config --disable-background-networking --disable-background-timer-throttling --disable-backgrounding-occluded-windows --disable-back-forward-cache --disable-breakpad --disable-client-side-phishing-detection --disable-component-extensions-with-background-pages --disable-component-update --no-default-browser-check --disable-default-apps --disable-dev-shm-usage --disable-extensions --disable-features=AvoidUnnecessaryBeforeUnloadCheckSync,BoundaryEventDispatchTracksNodeRemoval,DestroyProfileOnBrowserClose,DialMediaRouteProvider,GlobalMediaControls,HttpsUpgrades,LensOverlay,MediaRouter,PaintHolding,ThirdPartyStoragePartitioning,Translate,AutoDeElevate,RenderDocument,OptimizationHints --enable-features=CDPScreenshotNewSurface --allow-pre-commit-input --disable-hang-monitor --disable-ipc-flooding-protection --disable-popup-blocking --disable-prompt-on-repost --disable-renderer-backgrounding --force-color-profile=srgb --metrics-recording-only --no-first-run --password-store=basic --use-mock-keychain --no-service-autorun --export-tagged-pdf --disable-search-engine-choice-screen --unsafely-disable-devtools-self-xss-warnings --edge-skip-compat-layer-relaunch --enable-automation --disable-infobars --disable-search-engine-choice-screen --disable-sync --enable-unsafe-swiftshader --headless --hide-scrollbars --mute-audio --blink-settings=primaryHoverType=2,availableHoverTypes=2,primaryPointerType=4,availablePointerTypes=4 --no-sandbox --user-data-dir=/tmp/playwright_chromiumdev_profile-Rouytl --remote-debugging-pipe --no-startup-window
<launched> pid=1482
[pid=1482][err] /root/.cache/ms-playwright/chromium_headless_shell-1208/chrome-headless-shell-linux64/chrome-headless-shell: error while loading shared libraries: libatk-1.0.so.0: cannot open shared object file: No such file or directory
Call log:
  - <launching> /root/.cache/ms-playwright/chromium_headless_shell-1208/chrome-headless-shell-linux64/chrome-headless-shell --disable-field-trial-config --disable-background-networking --disable-background-timer-throttling --disable-backgrounding-occluded-windows --disable-back-forward-cache --disable-breakpad --disable-client-side-phishing-detection --disable-component-extensions-with-background-pages --disable-component-update --no-default-browser-check --disable-default-apps --disable-dev-shm-usage --disable-extensions --disable-features=AvoidUnnecessaryBeforeUnloadCheckSync,BoundaryEventDispatchTracksNodeRemoval,DestroyProfileOnBrowserClose,DialMediaRouteProvider,GlobalMediaControls,HttpsUpgrades,LensOverlay,MediaRouter,PaintHolding,ThirdPartyStoragePartitioning,Translate,AutoDeElevate,RenderDocument,OptimizationHints --enable-features=CDPScreenshotNewSurface --allow-pre-commit-input --disable-hang-monitor --disable-ipc-flooding-protection --disable-popup-blocking --disable-prompt-on-repost --disable-renderer-backgrounding --force-color-profile=srgb --metrics-recording-only --no-first-run --password-store=basic --use-mock-keychain --no-service-autorun --export-tagged-pdf --disable-search-engine-choice-screen --unsafely-disable-devtools-self-xss-warnings --edge-skip-compat-layer-relaunch --enable-automation --disable-infobars --disable-search-engine-choice-screen --disable-sync --enable-unsafe-swiftshader --headless --hide-scrollbars --mute-audio --blink-settings=primaryHoverType=2,availableHoverTypes=2,primaryPointerType=4,availablePointerTypes=4 --no-sandbox --user-data-dir=/tmp/playwright_chromiumdev_profile-Rouytl --remote-debugging-pipe --no-startup-window
  - <launched> pid=1482
  - [pid=1482][err] /root/.cache/ms-playwright/chromium_headless_shell-1208/chrome-headless-shell-linux64/chrome-headless-shell: error while loading shared libraries: libatk-1.0.so.0: cannot open shared object file: No such file or directory
  - [pid=1482] <gracefully close start>
  - [pid=1482] <kill>
  - [pid=1482] <will force kill>
  - [pid=1482] exception while trying to kill process: Error: kill ESRCH
  - [pid=1482] <process did exit: exitCode=127, signal=null>
  - [pid=1482] starting temporary directories cleanup
  - [pid=1482] finished temporary directories cleanup
  - [pid=1482] <gracefully close end>",,,,Low,0.0,False,False,False,,failed_fetch_strict_lexical_suspected,,fetch_timeout_or_fetch_failed,hashing_shortlist
88,airtel-black.com,https://airtel-black.com,02-04-2026.csv,Airtel,airtel.in,0.9,True,True,True,False,0,0,0,0,0,False,lexical_hit,False,False,False,0,0,0,False,False,airtel-black.com,,0,True,lexical_hit,True,True,True,resolved,accepted,failed,failed,RayTaskError(TargetClosedError),"[36mray::_HashBrowserActorImpl.render()[39m (pid=708, ip=172.19.2.2, actor_id=c8fdda542d9e67d0171c86b701000000, repr=<phishing_pipeline.ray_runtime._HashBrowserActorImpl object at 0x79690ef41340>)
  File ""/usr/lib/python3.12/concurrent/futures/_base.py"", line 449, in result
    return self.__get_result()
           ^^^^^^^^^^^^^^^^^^^
  File ""/usr/lib/python3.12/concurrent/futures/_base.py"", line 401, in __get_result
    raise self._exception
           ^^^^^^^^^^^^^^^^^^^^^^^^^^^^^^^^^^^^^
  File ""/kaggle/working/phishing_ml/phishing_pipeline/ray_runtime.py"", line 666, in render
    await self._ensure_browser()
           ^^^^^^^^^^^^^^^^^^^^^^^^^^^^^^^^^^^^^
  File ""/kaggle/working/phishing_ml/phishing_pipeline/ray_runtime.py"", line 645, in _ensure_browser
    self._browser = await self._playwright.chromium.launch(**launch_kwargs)
                    ^^^^^^^^^^^^^^^^^^^^^^^^^^^^^^^^^^^^^^^^^^^^^^^^^^^^^^^
  File ""/usr/local/lib/python3.12/dist-packages/playwright/async_api/_generated.py"", line 14547, in launch
    await self._impl_obj.launch(
  File ""/usr/local/lib/python3.12/dist-packages/playwright/_impl/_browser_type.py"", line 97, in launch
    await self._channel.send(
  File ""/usr/local/lib/python3.12/dist-packages/playwright/_impl/_connection.py"", line 69, in send
    return await self._connection.wrap_api_call(
           ^^^^^^^^^^^^^^^^^^^^^^^^^^^^^^^^^^^^^
  File ""/usr/local/lib/python3.12/dist-packages/playwright/_impl/_connection.py"", line 559, in wrap_api_call
    raise rewrite_error(error, f""{parsed_st['apiName']}: {error}"") from None
playwright._impl._errors.TargetClosedError: BrowserType.launch: Target page, context or browser has been closed
Browser logs:

<launching> /root/.cache/ms-playwright/chromium_headless_shell-1208/chrome-headless-shell-linux64/chrome-headless-shell --disable-field-trial-config --disable-background-networking --disable-background-timer-throttling --disable-backgrounding-occluded-windows --disable-back-forward-cache --disable-breakpad --disable-client-side-phishing-detection --disable-component-extensions-with-background-pages --disable-component-update --no-default-browser-check --disable-default-apps --disable-dev-shm-usage --disable-extensions --disable-features=AvoidUnnecessaryBeforeUnloadCheckSync,BoundaryEventDispatchTracksNodeRemoval,DestroyProfileOnBrowserClose,DialMediaRouteProvider,GlobalMediaControls,HttpsUpgrades,LensOverlay,MediaRouter,PaintHolding,ThirdPartyStoragePartitioning,Translate,AutoDeElevate,RenderDocument,OptimizationHints --enable-features=CDPScreenshotNewSurface --allow-pre-commit-input --disable-hang-monitor --disable-ipc-flooding-protection --disable-popup-blocking --disable-prompt-on-repost --disable-renderer-backgrounding --force-color-profile=srgb --metrics-recording-only --no-first-run --password-store=basic --use-mock-keychain --no-service-autorun --export-tagged-pdf --disable-search-engine-choice-screen --unsafely-disable-devtools-self-xss-warnings --edge-skip-compat-layer-relaunch --enable-automation --disable-infobars --disable-search-engine-choice-screen --disable-sync --enable-unsafe-swiftshader --headless --hide-scrollbars --mute-audio --blink-settings=primaryHoverType=2,availableHoverTypes=2,primaryPointerType=4,availablePointerTypes=4 --no-sandbox --user-data-dir=/tmp/playwright_chromiumdev_profile-ROkDfT --remote-debugging-pipe --no-startup-window
<launched> pid=1527
[pid=1527][err] /root/.cache/ms-playwright/chromium_headless_shell-1208/chrome-headless-shell-linux64/chrome-headless-shell: error while loading shared libraries: libatk-1.0.so.0: cannot open shared object file: No such file or directory
Call log:
  - <launching> /root/.cache/ms-playwright/chromium_headless_shell-1208/chrome-headless-shell-linux64/chrome-headless-shell --disable-field-trial-config --disable-background-networking --disable-background-timer-throttling --disable-backgrounding-occluded-windows --disable-back-forward-cache --disable-breakpad --disable-client-side-phishing-detection --disable-component-extensions-with-background-pages --disable-component-update --no-default-browser-check --disable-default-apps --disable-dev-shm-usage --disable-extensions --disable-features=AvoidUnnecessaryBeforeUnloadCheckSync,BoundaryEventDispatchTracksNodeRemoval,DestroyProfileOnBrowserClose,DialMediaRouteProvider,GlobalMediaControls,HttpsUpgrades,LensOverlay,MediaRouter,PaintHolding,ThirdPartyStoragePartitioning,Translate,AutoDeElevate,RenderDocument,OptimizationHints --enable-features=CDPScreenshotNewSurface --allow-pre-commit-input --disable-hang-monitor --disable-ipc-flooding-protection --disable-popup-blocking --disable-prompt-on-repost --disable-renderer-backgrounding --force-color-profile=srgb --metrics-recording-only --no-first-run --password-store=basic --use-mock-keychain --no-service-autorun --export-tagged-pdf --disable-search-engine-choice-screen --unsafely-disable-devtools-self-xss-warnings --edge-skip-compat-layer-relaunch --enable-automation --disable-infobars --disable-search-engine-choice-screen --disable-sync --enable-unsafe-swiftshader --headless --hide-scrollbars --mute-audio --blink-settings=primaryHoverType=2,availableHoverTypes=2,primaryPointerType=4,availablePointerTypes=4 --no-sandbox --user-data-dir=/tmp/playwright_chromiumdev_profile-ROkDfT --remote-debugging-pipe --no-startup-window
  - <launched> pid=1527
  - [pid=1527][err] /root/.cache/ms-playwright/chromium_headless_shell-1208/chrome-headless-shell-linux64/chrome-headless-shell: error while loading shared libraries: libatk-1.0.so.0: cannot open shared object file: No such file or directory
  - [pid=1527] <gracefully close start>
  - [pid=1527] <kill>
  - [pid=1527] <will force kill>
  - [pid=1527] exception while trying to kill process: Error: kill ESRCH
  - [pid=1527] <process did exit: exitCode=127, signal=null>
  - [pid=1527] starting temporary directories cleanup
  - [pid=1527] finished temporary directories cleanup
  - [pid=1527] <gracefully close end>",,,,Low,0.0,False,False,False,,failed_fetch_strict_lexical_suspected,,fetch_timeout_or_fetch_failed,hashing_shortlist
95,axismail.co,https://axismail.co,02-04-2026.csv,Axis Bank,axismaxlife.com,0.9205,True,True,True,False,0,0,0,0,0,False,lexical_hit,False,False,False,0,0,0,False,False,axismail.co,,0,True,lexical_hit,True,True,True,resolved,accepted,failed,failed,RayTaskError(TargetClosedError),"[36mray::_HashBrowserActorImpl.render()[39m (pid=708, ip=172.19.2.2, actor_id=c8fdda542d9e67d0171c86b701000000, repr=<phishing_pipeline.ray_runtime._HashBrowserActorImpl object at 0x79690ef41340>)
  File ""/usr/lib/python3.12/concurrent/futures/_base.py"", line 449, in result
    return self.__get_result()
           ^^^^^^^^^^^^^^^^^^^
  File ""/usr/lib/python3.12/concurrent/futures/_base.py"", line 401, in __get_result
    raise self._exception
           ^^^^^^^^^^^^^^^^^^^^^^^^^^^^^^^^^^^^^
  File ""/kaggle/working/phishing_ml/phishing_pipeline/ray_runtime.py"", line 666, in render
    await self._ensure_browser()
           ^^^^^^^^^^^^^^^^^^^^^^^^^^^^^^^^^^^^^
  File ""/kaggle/working/phishing_ml/phishing_pipeline/ray_runtime.py"", line 645, in _ensure_browser
    self._browser = await self._playwright.chromium.launch(**launch_kwargs)
                    ^^^^^^^^^^^^^^^^^^^^^^^^^^^^^^^^^^^^^^^^^^^^^^^^^^^^^^^
  File ""/usr/local/lib/python3.12/dist-packages/playwright/async_api/_generated.py"", line 14547, in launch
    await self._impl_obj.launch(
  File ""/usr/local/lib/python3.12/dist-packages/playwright/_impl/_browser_type.py"", line 97, in launch
    await self._channel.send(
  File ""/usr/local/lib/python3.12/dist-packages/playwright/_impl/_connection.py"", line 69, in send
    return await self._connection.wrap_api_call(
           ^^^^^^^^^^^^^^^^^^^^^^^^^^^^^^^^^^^^^
  File ""/usr/local/lib/python3.12/dist-packages/playwright/_impl/_connection.py"", line 559, in wrap_api_call
    raise rewrite_error(error, f""{parsed_st['apiName']}: {error}"") from None
playwright._impl._errors.TargetClosedError: BrowserType.launch: Target page, context or browser has been closed
Browser logs:

<launching> /root/.cache/ms-playwright/chromium_headless_shell-1208/chrome-headless-shell-linux64/chrome-headless-shell --disable-field-trial-config --disable-background-networking --disable-background-timer-throttling --disable-backgrounding-occluded-windows --disable-back-forward-cache --disable-breakpad --disable-client-side-phishing-detection --disable-component-extensions-with-background-pages --disable-component-update --no-default-browser-check --disable-default-apps --disable-dev-shm-usage --disable-extensions --disable-features=AvoidUnnecessaryBeforeUnloadCheckSync,BoundaryEventDispatchTracksNodeRemoval,DestroyProfileOnBrowserClose,DialMediaRouteProvider,GlobalMediaControls,HttpsUpgrades,LensOverlay,MediaRouter,PaintHolding,ThirdPartyStoragePartitioning,Translate,AutoDeElevate,RenderDocument,OptimizationHints --enable-features=CDPScreenshotNewSurface --allow-pre-commit-input --disable-hang-monitor --disable-ipc-flooding-protection --disable-popup-blocking --disable-prompt-on-repost --disable-renderer-backgrounding --force-color-profile=srgb --metrics-recording-only --no-first-run --password-store=basic --use-mock-keychain --no-service-autorun --export-tagged-pdf --disable-search-engine-choice-screen --unsafely-disable-devtools-self-xss-warnings --edge-skip-compat-layer-relaunch --enable-automation --disable-infobars --disable-search-engine-choice-screen --disable-sync --enable-unsafe-swiftshader --headless --hide-scrollbars --mute-audio --blink-settings=primaryHoverType=2,availableHoverTypes=2,primaryPointerType=4,availablePointerTypes=4 --no-sandbox --user-data-dir=/tmp/playwright_chromiumdev_profile-MZV4N3 --remote-debugging-pipe --no-startup-window
<launched> pid=1539
[pid=1539][err] /root/.cache/ms-playwright/chromium_headless_shell-1208/chrome-headless-shell-linux64/chrome-headless-shell: error while loading shared libraries: libatk-1.0.so.0: cannot open shared object file: No such file or directory
Call log:
  - <launching> /root/.cache/ms-playwright/chromium_headless_shell-1208/chrome-headless-shell-linux64/chrome-headless-shell --disable-field-trial-config --disable-background-networking --disable-background-timer-throttling --disable-backgrounding-occluded-windows --disable-back-forward-cache --disable-breakpad --disable-client-side-phishing-detection --disable-component-extensions-with-background-pages --disable-component-update --no-default-browser-check --disable-default-apps --disable-dev-shm-usage --disable-extensions --disable-features=AvoidUnnecessaryBeforeUnloadCheckSync,BoundaryEventDispatchTracksNodeRemoval,DestroyProfileOnBrowserClose,DialMediaRouteProvider,GlobalMediaControls,HttpsUpgrades,LensOverlay,MediaRouter,PaintHolding,ThirdPartyStoragePartitioning,Translate,AutoDeElevate,RenderDocument,OptimizationHints --enable-features=CDPScreenshotNewSurface --allow-pre-commit-input --disable-hang-monitor --disable-ipc-flooding-protection --disable-popup-blocking --disable-prompt-on-repost --disable-renderer-backgrounding --force-color-profile=srgb --metrics-recording-only --no-first-run --password-store=basic --use-mock-keychain --no-service-autorun --export-tagged-pdf --disable-search-engine-choice-screen --unsafely-disable-devtools-self-xss-warnings --edge-skip-compat-layer-relaunch --enable-automation --disable-infobars --disable-search-engine-choice-screen --disable-sync --enable-unsafe-swiftshader --headless --hide-scrollbars --mute-audio --blink-settings=primaryHoverType=2,availableHoverTypes=2,primaryPointerType=4,availablePointerTypes=4 --no-sandbox --user-data-dir=/tmp/playwright_chromiumdev_profile-MZV4N3 --remote-debugging-pipe --no-startup-window
  - <launched> pid=1539
  - [pid=1539][err] /root/.cache/ms-playwright/chromium_headless_shell-1208/chrome-headless-shell-linux64/chrome-headless-shell: error while loading shared libraries: libatk-1.0.so.0: cannot open shared object file: No such file or directory
  - [pid=1539] <gracefully close start>
  - [pid=1539] <kill>
  - [pid=1539] <will force kill>
  - [pid=1539] exception while trying to kill process: Error: kill ESRCH
  - [pid=1539] <process did exit: exitCode=127, signal=null>
  - [pid=1539] starting temporary directories cleanup
  - [pid=1539] finished temporary directories cleanup
  - [pid=1539] <gracefully close end>",,,,Low,0.0,False,False,False,,failed_fetch_strict_lexical_suspected,,fetch_timeout_or_fetch_failed,hashing_shortlist
98,xn--theunicorncraft-pnb.com,https://xn--theunicorncraft-pnb.com,02-04-2026.csv,Punjab National Bank (PNB),netpnb.com,0.5302,True,True,False,False,0,0,0,0,0,False,lexical_hit,False,False,False,0,0,0,False,False,xn--theunicorncraft-pnb.com,,0,True,lexical_hit,True,True,True,resolved,accepted,failed,failed,RayTaskError(TargetClosedError),"[36mray::_HashBrowserActorImpl.render()[39m (pid=708, ip=172.19.2.2, actor_id=c8fdda542d9e67d0171c86b701000000, repr=<phishing_pipeline.ray_runtime._HashBrowserActorImpl object at 0x79690ef41340>)
  File ""/usr/lib/python3.12/concurrent/futures/_base.py"", line 449, in result
    return self.__get_result()
           ^^^^^^^^^^^^^^^^^^^
  File ""/usr/lib/python3.12/concurrent/futures/_base.py"", line 401, in __get_result
    raise self._exception
           ^^^^^^^^^^^^^^^^^^^^^^^^^^^^^^^^^^^^^
  File ""/kaggle/working/phishing_ml/phishing_pipeline/ray_runtime.py"", line 666, in render
    await self._ensure_browser()
           ^^^^^^^^^^^^^^^^^^^^^^^^^^^^^^^^^^^^^
  File ""/kaggle/working/phishing_ml/phishing_pipeline/ray_runtime.py"", line 645, in _ensure_browser
    self._browser = await self._playwright.chromium.launch(**launch_kwargs)
                    ^^^^^^^^^^^^^^^^^^^^^^^^^^^^^^^^^^^^^^^^^^^^^^^^^^^^^^^
  File ""/usr/local/lib/python3.12/dist-packages/playwright/async_api/_generated.py"", line 14547, in launch
    await self._impl_obj.launch(
  File ""/usr/local/lib/python3.12/dist-packages/playwright/_impl/_browser_type.py"", line 97, in launch
    await self._channel.send(
  File ""/usr/local/lib/python3.12/dist-packages/playwright/_impl/_connection.py"", line 69, in send
    return await self._connection.wrap_api_call(
           ^^^^^^^^^^^^^^^^^^^^^^^^^^^^^^^^^^^^^
  File ""/usr/local/lib/python3.12/dist-packages/playwright/_impl/_connection.py"", line 559, in wrap_api_call
    raise rewrite_error(error, f""{parsed_st['apiName']}: {error}"") from None
playwright._impl._errors.TargetClosedError: BrowserType.launch: Target page, context or browser has been closed
Browser logs:

<launching> /root/.cache/ms-playwright/chromium_headless_shell-1208/chrome-headless-shell-linux64/chrome-headless-shell --disable-field-trial-config --disable-background-networking --disable-background-timer-throttling --disable-backgrounding-occluded-windows --disable-back-forward-cache --disable-breakpad --disable-client-side-phishing-detection --disable-component-extensions-with-background-pages --disable-component-update --no-default-browser-check --disable-default-apps --disable-dev-shm-usage --disable-extensions --disable-features=AvoidUnnecessaryBeforeUnloadCheckSync,BoundaryEventDispatchTracksNodeRemoval,DestroyProfileOnBrowserClose,DialMediaRouteProvider,GlobalMediaControls,HttpsUpgrades,LensOverlay,MediaRouter,PaintHolding,ThirdPartyStoragePartitioning,Translate,AutoDeElevate,RenderDocument,OptimizationHints --enable-features=CDPScreenshotNewSurface --allow-pre-commit-input --disable-hang-monitor --disable-ipc-flooding-protection --disable-popup-blocking --disable-prompt-on-repost --disable-renderer-backgrounding --force-color-profile=srgb --metrics-recording-only --no-first-run --password-store=basic --use-mock-keychain --no-service-autorun --export-tagged-pdf --disable-search-engine-choice-screen --unsafely-disable-devtools-self-xss-warnings --edge-skip-compat-layer-relaunch --enable-automation --disable-infobars --disable-search-engine-choice-screen --disable-sync --enable-unsafe-swiftshader --headless --hide-scrollbars --mute-audio --blink-settings=primaryHoverType=2,availableHoverTypes=2,primaryPointerType=4,availablePointerTypes=4 --no-sandbox --user-data-dir=/tmp/playwright_chromiumdev_profile-GyPVK4 --remote-debugging-pipe --no-startup-window
<launched> pid=1551
[pid=1551][err] /root/.cache/ms-playwright/chromium_headless_shell-1208/chrome-headless-shell-linux64/chrome-headless-shell: error while loading shared libraries: libatk-1.0.so.0: cannot open shared object file: No such file or directory
Call log:
  - <launching> /root/.cache/ms-playwright/chromium_headless_shell-1208/chrome-headless-shell-linux64/chrome-headless-shell --disable-field-trial-config --disable-background-networking --disable-background-timer-throttling --disable-backgrounding-occluded-windows --disable-back-forward-cache --disable-breakpad --disable-client-side-phishing-detection --disable-component-extensions-with-background-pages --disable-component-update --no-default-browser-check --disable-default-apps --disable-dev-shm-usage --disable-extensions --disable-features=AvoidUnnecessaryBeforeUnloadCheckSync,BoundaryEventDispatchTracksNodeRemoval,DestroyProfileOnBrowserClose,DialMediaRouteProvider,GlobalMediaControls,HttpsUpgrades,LensOverlay,MediaRouter,PaintHolding,ThirdPartyStoragePartitioning,Translate,AutoDeElevate,RenderDocument,OptimizationHints --enable-features=CDPScreenshotNewSurface --allow-pre-commit-input --disable-hang-monitor --disable-ipc-flooding-protection --disable-popup-blocking --disable-prompt-on-repost --disable-renderer-backgrounding --force-color-profile=srgb --metrics-recording-only --no-first-run --password-store=basic --use-mock-keychain --no-service-autorun --export-tagged-pdf --disable-search-engine-choice-screen --unsafely-disable-devtools-self-xss-warnings --edge-skip-compat-layer-relaunch --enable-automation --disable-infobars --disable-search-engine-choice-screen --disable-sync --enable-unsafe-swiftshader --headless --hide-scrollbars --mute-audio --blink-settings=primaryHoverType=2,availableHoverTypes=2,primaryPointerType=4,availablePointerTypes=4 --no-sandbox --user-data-dir=/tmp/playwright_chromiumdev_profile-GyPVK4 --remote-debugging-pipe --no-startup-window
  - <launched> pid=1551
  - [pid=1551][err] /root/.cache/ms-playwright/chromium_headless_shell-1208/chrome-headless-shell-linux64/chrome-headless-shell: error while loading shared libraries: libatk-1.0.so.0: cannot open shared object file: No such file or directory
  - [pid=1551] <gracefully close start>
  - [pid=1551] <kill>
  - [pid=1551] <will force kill>
  - [pid=1551] exception while trying to kill process: Error: kill ESRCH
  - [pid=1551] <process did exit: exitCode=127, signal=null>
  - [pid=1551] starting temporary directories cleanup
  - [pid=1551] finished temporary directories cleanup
  - [pid=1551] <gracefully close end>",,,,Low,0.0,False,False,False,,failed_fetch_strict_lexical_suspected,,fetch_timeout_or_fetch_failed,hashing_shortlist
99,reliance-jio.in,https://reliance-jio.in,02-04-2026.csv,Jio,jio.com,0.4722,True,True,False,False,0,0,0,0,0,False,lexical_hit,False,False,False,0,0,0,False,False,reliance-jio.in,,0,True,lexical_hit,True,True,True,resolved,accepted,failed,failed,RayTaskError(TargetClosedError),"[36mray::_HashBrowserActorImpl.render()[39m (pid=708, ip=172.19.2.2, actor_id=c8fdda542d9e67d0171c86b701000000, repr=<phishing_pipeline.ray_runtime._HashBrowserActorImpl object at 0x79690ef41340>)
  File ""/usr/lib/python3.12/concurrent/futures/_base.py"", line 449, in result
    return self.__get_result()
           ^^^^^^^^^^^^^^^^^^^
  File ""/usr/lib/python3.12/concurrent/futures/_base.py"", line 401, in __get_result
    raise self._exception
           ^^^^^^^^^^^^^^^^^^^^^^^^^^^^^^^^^^^^^
  File ""/kaggle/working/phishing_ml/phishing_pipeline/ray_runtime.py"", line 666, in render
    await self._ensure_browser()
           ^^^^^^^^^^^^^^^^^^^^^^^^^^^^^^^^^^^^^
  File ""/kaggle/working/phishing_ml/phishing_pipeline/ray_runtime.py"", line 645, in _ensure_browser
    self._browser = await self._playwright.chromium.launch(**launch_kwargs)
                    ^^^^^^^^^^^^^^^^^^^^^^^^^^^^^^^^^^^^^^^^^^^^^^^^^^^^^^^
  File ""/usr/local/lib/python3.12/dist-packages/playwright/async_api/_generated.py"", line 14547, in launch
    await self._impl_obj.launch(
  File ""/usr/local/lib/python3.12/dist-packages/playwright/_impl/_browser_type.py"", line 97, in launch
    await self._channel.send(
  File ""/usr/local/lib/python3.12/dist-packages/playwright/_impl/_connection.py"", line 69, in send
    return await self._connection.wrap_api_call(
           ^^^^^^^^^^^^^^^^^^^^^^^^^^^^^^^^^^^^^
  File ""/usr/local/lib/python3.12/dist-packages/playwright/_impl/_connection.py"", line 559, in wrap_api_call
    raise rewrite_error(error, f""{parsed_st['apiName']}: {error}"") from None
playwright._impl._errors.TargetClosedError: BrowserType.launch: Target page, context or browser has been closed
Browser logs:

<launching> /root/.cache/ms-playwright/chromium_headless_shell-1208/chrome-headless-shell-linux64/chrome-headless-shell --disable-field-trial-config --disable-background-networking --disable-background-timer-throttling --disable-backgrounding-occluded-windows --disable-back-forward-cache --disable-breakpad --disable-client-side-phishing-detection --disable-component-extensions-with-background-pages --disable-component-update --no-default-browser-check --disable-default-apps --disable-dev-shm-usage --disable-extensions --disable-features=AvoidUnnecessaryBeforeUnloadCheckSync,BoundaryEventDispatchTracksNodeRemoval,DestroyProfileOnBrowserClose,DialMediaRouteProvider,GlobalMediaControls,HttpsUpgrades,LensOverlay,MediaRouter,PaintHolding,ThirdPartyStoragePartitioning,Translate,AutoDeElevate,RenderDocument,OptimizationHints --enable-features=CDPScreenshotNewSurface --allow-pre-commit-input --disable-hang-monitor --disable-ipc-flooding-protection --disable-popup-blocking --disable-prompt-on-repost --disable-renderer-backgrounding --force-color-profile=srgb --metrics-recording-only --no-first-run --password-store=basic --use-mock-keychain --no-service-autorun --export-tagged-pdf --disable-search-engine-choice-screen --unsafely-disable-devtools-self-xss-warnings --edge-skip-compat-layer-relaunch --enable-automation --disable-infobars --disable-search-engine-choice-screen --disable-sync --enable-unsafe-swiftshader --headless --hide-scrollbars --mute-audio --blink-settings=primaryHoverType=2,availableHoverTypes=2,primaryPointerType=4,availablePointerTypes=4 --no-sandbox --user-data-dir=/tmp/playwright_chromiumdev_profile-nipHRf --remote-debugging-pipe --no-startup-window
<launched> pid=1563
[pid=1563][err] /root/.cache/ms-playwright/chromium_headless_shell-1208/chrome-headless-shell-linux64/chrome-headless-shell: error while loading shared libraries: libatk-1.0.so.0: cannot open shared object file: No such file or directory
Call log:
  - <launching> /root/.cache/ms-playwright/chromium_headless_shell-1208/chrome-headless-shell-linux64/chrome-headless-shell --disable-field-trial-config --disable-background-networking --disable-background-timer-throttling --disable-backgrounding-occluded-windows --disable-back-forward-cache --disable-breakpad --disable-client-side-phishing-detection --disable-component-extensions-with-background-pages --disable-component-update --no-default-browser-check --disable-default-apps --disable-dev-shm-usage --disable-extensions --disable-features=AvoidUnnecessaryBeforeUnloadCheckSync,BoundaryEventDispatchTracksNodeRemoval,DestroyProfileOnBrowserClose,DialMediaRouteProvider,GlobalMediaControls,HttpsUpgrades,LensOverlay,MediaRouter,PaintHolding,ThirdPartyStoragePartitioning,Translate,AutoDeElevate,RenderDocument,OptimizationHints --enable-features=CDPScreenshotNewSurface --allow-pre-commit-input --disable-hang-monitor --disable-ipc-flooding-protection --disable-popup-blocking --disable-prompt-on-repost --disable-renderer-backgrounding --force-color-profile=srgb --metrics-recording-only --no-first-run --password-store=basic --use-mock-keychain --no-service-autorun --export-tagged-pdf --disable-search-engine-choice-screen --unsafely-disable-devtools-self-xss-warnings --edge-skip-compat-layer-relaunch --enable-automation --disable-infobars --disable-search-engine-choice-screen --disable-sync --enable-unsafe-swiftshader --headless --hide-scrollbars --mute-audio --blink-settings=primaryHoverType=2,availableHoverTypes=2,primaryPointerType=4,availablePointerTypes=4 --no-sandbox --user-data-dir=/tmp/playwright_chromiumdev_profile-nipHRf --remote-debugging-pipe --no-startup-window
  - <launched> pid=1563
  - [pid=1563][err] /root/.cache/ms-playwright/chromium_headless_shell-1208/chrome-headless-shell-linux64/chrome-headless-shell: error while loading shared libraries: libatk-1.0.so.0: cannot open shared object file: No such file or directory
  - [pid=1563] <gracefully close start>
  - [pid=1563] <kill>
  - [pid=1563] <will force kill>
  - [pid=1563] exception while trying to kill process: Error: kill ESRCH
  - [pid=1563] <process did exit: exitCode=127, signal=null>
  - [pid=1563] starting temporary directories cleanup
  - [pid=1563] finished temporary directories cleanup
  - [pid=1563] <gracefully close end>",,,,Low,0.0,False,False,False,,failed_fetch_strict_lexical_suspected,,fetch_timeout_or_fetch_failed,hashing_shortlist
104,mimocli.com,https://mimocli.com,02-04-2026.csv,Indian Oil Corporation Limited (IOCL),iocl.com,0.8571,True,True,True,False,0,0,0,0,0,False,lexical_hit,False,False,False,0,0,0,False,False,mimocli.com,,0,True,lexical_hit,True,True,True,resolved,accepted,failed,failed,RayTaskError(TargetClosedError),"[36mray::_HashBrowserActorImpl.render()[39m (pid=708, ip=172.19.2.2, actor_id=c8fdda542d9e67d0171c86b701000000, repr=<phishing_pipeline.ray_runtime._HashBrowserActorImpl object at 0x79690ef41340>)
  File ""/usr/lib/python3.12/concurrent/futures/_base.py"", line 449, in result
    return self.__get_result()
           ^^^^^^^^^^^^^^^^^^^
  File ""/usr/lib/python3.12/concurrent/futures/_base.py"", line 401, in __get_result
    raise self._exception
           ^^^^^^^^^^^^^^^^^^^^^^^^^^^^^^^^^^^^^
  File ""/kaggle/working/phishing_ml/phishing_pipeline/ray_runtime.py"", line 666, in render
    await self._ensure_browser()
           ^^^^^^^^^^^^^^^^^^^^^^^^^^^^^^^^^^^^^
  File ""/kaggle/working/phishing_ml/phishing_pipeline/ray_runtime.py"", line 645, in _ensure_browser
    self._browser = await self._playwright.chromium.launch(**launch_kwargs)
                    ^^^^^^^^^^^^^^^^^^^^^^^^^^^^^^^^^^^^^^^^^^^^^^^^^^^^^^^
  File ""/usr/local/lib/python3.12/dist-packages/playwright/async_api/_generated.py"", line 14547, in launch
    await self._impl_obj.launch(
  File ""/usr/local/lib/python3.12/dist-packages/playwright/_impl/_browser_type.py"", line 97, in launch
    await self._channel.send(
  File ""/usr/local/lib/python3.12/dist-packages/playwright/_impl/_connection.py"", line 69, in send
    return await self._connection.wrap_api_call(
           ^^^^^^^^^^^^^^^^^^^^^^^^^^^^^^^^^^^^^
  File ""/usr/local/lib/python3.12/dist-packages/playwright/_impl/_connection.py"", line 559, in wrap_api_call
    raise rewrite_error(error, f""{parsed_st['apiName']}: {error}"") from None
playwright._impl._errors.TargetClosedError: BrowserType.launch: Target page, context or browser has been closed
Browser logs:

<launching> /root/.cache/ms-playwright/chromium_headless_shell-1208/chrome-headless-shell-linux64/chrome-headless-shell --disable-field-trial-config --disable-background-networking --disable-background-timer-throttling --disable-backgrounding-occluded-windows --disable-back-forward-cache --disable-breakpad --disable-client-side-phishing-detection --disable-component-extensions-with-background-pages --disable-component-update --no-default-browser-check --disable-default-apps --disable-dev-shm-usage --disable-extensions --disable-features=AvoidUnnecessaryBeforeUnloadCheckSync,BoundaryEventDispatchTracksNodeRemoval,DestroyProfileOnBrowserClose,DialMediaRouteProvider,GlobalMediaControls,HttpsUpgrades,LensOverlay,MediaRouter,PaintHolding,ThirdPartyStoragePartitioning,Translate,AutoDeElevate,RenderDocument,OptimizationHints --enable-features=CDPScreenshotNewSurface --allow-pre-commit-input --disable-hang-monitor --disable-ipc-flooding-protection --disable-popup-blocking --disable-prompt-on-repost --disable-renderer-backgrounding --force-color-profile=srgb --metrics-recording-only --no-first-run --password-store=basic --use-mock-keychain --no-service-autorun --export-tagged-pdf --disable-search-engine-choice-screen --unsafely-disable-devtools-self-xss-warnings --edge-skip-compat-layer-relaunch --enable-automation --disable-infobars --disable-search-engine-choice-screen --disable-sync --enable-unsafe-swiftshader --headless --hide-scrollbars --mute-audio --blink-settings=primaryHoverType=2,availableHoverTypes=2,primaryPointerType=4,availablePointerTypes=4 --no-sandbox --user-data-dir=/tmp/playwright_chromiumdev_profile-B3lRUS --remote-debugging-pipe --no-startup-window
<launched> pid=1583
[pid=1583][err] /root/.cache/ms-playwright/chromium_headless_shell-1208/chrome-headless-shell-linux64/chrome-headless-shell: error while loading shared libraries: libatk-1.0.so.0: cannot open shared object file: No such file or directory
Call log:
  - <launching> /root/.cache/ms-playwright/chromium_headless_shell-1208/chrome-headless-shell-linux64/chrome-headless-shell --disable-field-trial-config --disable-background-networking --disable-background-timer-throttling --disable-backgrounding-occluded-windows --disable-back-forward-cache --disable-breakpad --disable-client-side-phishing-detection --disable-component-extensions-with-background-pages --disable-component-update --no-default-browser-check --disable-default-apps --disable-dev-shm-usage --disable-extensions --disable-features=AvoidUnnecessaryBeforeUnloadCheckSync,BoundaryEventDispatchTracksNodeRemoval,DestroyProfileOnBrowserClose,DialMediaRouteProvider,GlobalMediaControls,HttpsUpgrades,LensOverlay,MediaRouter,PaintHolding,ThirdPartyStoragePartitioning,Translate,AutoDeElevate,RenderDocument,OptimizationHints --enable-features=CDPScreenshotNewSurface --allow-pre-commit-input --disable-hang-monitor --disable-ipc-flooding-protection --disable-popup-blocking --disable-prompt-on-repost --disable-renderer-backgrounding --force-color-profile=srgb --metrics-recording-only --no-first-run --password-store=basic --use-mock-keychain --no-service-autorun --export-tagged-pdf --disable-search-engine-choice-screen --unsafely-disable-devtools-self-xss-warnings --edge-skip-compat-layer-relaunch --enable-automation --disable-infobars --disable-search-engine-choice-screen --disable-sync --enable-unsafe-swiftshader --headless --hide-scrollbars --mute-audio --blink-settings=primaryHoverType=2,availableHoverTypes=2,primaryPointerType=4,availablePointerTypes=4 --no-sandbox --user-data-dir=/tmp/playwright_chromiumdev_profile-B3lRUS --remote-debugging-pipe --no-startup-window
  - <launched> pid=1583
  - [pid=1583][err] /root/.cache/ms-playwright/chromium_headless_shell-1208/chrome-headless-shell-linux64/chrome-headless-shell: error while loading shared libraries: libatk-1.0.so.0: cannot open shared object file: No such file or directory
  - [pid=1583] <gracefully close start>
  - [pid=1583] <kill>
  - [pid=1583] <will force kill>
  - [pid=1583] exception while trying to kill process: Error: kill ESRCH
  - [pid=1583] <process did exit: exitCode=127, signal=null>
  - [pid=1583] starting temporary directories cleanup
  - [pid=1583] finished temporary directories cleanup
  - [pid=1583] <gracefully close end>",,,,Low,0.0,False,False,False,,failed_fetch_strict_lexical_suspected,,fetch_timeout_or_fetch_failed,hashing_shortlist
106,kore-axis.info,https://kore-axis.info,02-04-2026.csv,Axis Bank,axismaxlife.com,0.5354,True,True,False,False,0,0,0,0,0,False,lexical_hit,False,False,False,0,0,0,False,False,kore-axis.info,,0,True,lexical_hit,True,True,True,resolved,accepted,failed,failed,RayTaskError(TargetClosedError),"[36mray::_HashBrowserActorImpl.render()[39m (pid=708, ip=172.19.2.2, actor_id=c8fdda542d9e67d0171c86b701000000, repr=<phishing_pipeline.ray_runtime._HashBrowserActorImpl object at 0x79690ef41340>)
  File ""/usr/lib/python3.12/concurrent/futures/_base.py"", line 449, in result
    return self.__get_result()
           ^^^^^^^^^^^^^^^^^^^
  File ""/usr/lib/python3.12/concurrent/futures/_base.py"", line 401, in __get_result
    raise self._exception
           ^^^^^^^^^^^^^^^^^^^^^^^^^^^^^^^^^^^^^
  File ""/kaggle/working/phishing_ml/phishing_pipeline/ray_runtime.py"", line 666, in render
    await self._ensure_browser()
           ^^^^^^^^^^^^^^^^^^^^^^^^^^^^^^^^^^^^^
  File ""/kaggle/working/phishing_ml/phishing_pipeline/ray_runtime.py"", line 645, in _ensure_browser
    self._browser = await self._playwright.chromium.launch(**launch_kwargs)
                    ^^^^^^^^^^^^^^^^^^^^^^^^^^^^^^^^^^^^^^^^^^^^^^^^^^^^^^^
  File ""/usr/local/lib/python3.12/dist-packages/playwright/async_api/_generated.py"", line 14547, in launch
    await self._impl_obj.launch(
  File ""/usr/local/lib/python3.12/dist-packages/playwright/_impl/_browser_type.py"", line 97, in launch
    await self._channel.send(
  File ""/usr/local/lib/python3.12/dist-packages/playwright/_impl/_connection.py"", line 69, in send
    return await self._connection.wrap_api_call(
           ^^^^^^^^^^^^^^^^^^^^^^^^^^^^^^^^^^^^^
  File ""/usr/local/lib/python3.12/dist-packages/playwright/_impl/_connection.py"", line 559, in wrap_api_call
    raise rewrite_error(error, f""{parsed_st['apiName']}: {error}"") from None
playwright._impl._errors.TargetClosedError: BrowserType.launch: Target page, context or browser has been closed
Browser logs:

<launching> /root/.cache/ms-playwright/chromium_headless_shell-1208/chrome-headless-shell-linux64/chrome-headless-shell --disable-field-trial-config --disable-background-networking --disable-background-timer-throttling --disable-backgrounding-occluded-windows --disable-back-forward-cache --disable-breakpad --disable-client-side-phishing-detection --disable-component-extensions-with-background-pages --disable-component-update --no-default-browser-check --disable-default-apps --disable-dev-shm-usage --disable-extensions --disable-features=AvoidUnnecessaryBeforeUnloadCheckSync,BoundaryEventDispatchTracksNodeRemoval,DestroyProfileOnBrowserClose,DialMediaRouteProvider,GlobalMediaControls,HttpsUpgrades,LensOverlay,MediaRouter,PaintHolding,ThirdPartyStoragePartitioning,Translate,AutoDeElevate,RenderDocument,OptimizationHints --enable-features=CDPScreenshotNewSurface --allow-pre-commit-input --disable-hang-monitor --disable-ipc-flooding-protection --disable-popup-blocking --disable-prompt-on-repost --disable-renderer-backgrounding --force-color-profile=srgb --metrics-recording-only --no-first-run --password-store=basic --use-mock-keychain --no-service-autorun --export-tagged-pdf --disable-search-engine-choice-screen --unsafely-disable-devtools-self-xss-warnings --edge-skip-compat-layer-relaunch --enable-automation --disable-infobars --disable-search-engine-choice-screen --disable-sync --enable-unsafe-swiftshader --headless --hide-scrollbars --mute-audio --blink-settings=primaryHoverType=2,availableHoverTypes=2,primaryPointerType=4,availablePointerTypes=4 --no-sandbox --user-data-dir=/tmp/playwright_chromiumdev_profile-TzLl4K --remote-debugging-pipe --no-startup-window
<launched> pid=1655
[pid=1655][err] /root/.cache/ms-playwright/chromium_headless_shell-1208/chrome-headless-shell-linux64/chrome-headless-shell: error while loading shared libraries: libatk-1.0.so.0: cannot open shared object file: No such file or directory
Call log:
  - <launching> /root/.cache/ms-playwright/chromium_headless_shell-1208/chrome-headless-shell-linux64/chrome-headless-shell --disable-field-trial-config --disable-background-networking --disable-background-timer-throttling --disable-backgrounding-occluded-windows --disable-back-forward-cache --disable-breakpad --disable-client-side-phishing-detection --disable-component-extensions-with-background-pages --disable-component-update --no-default-browser-check --disable-default-apps --disable-dev-shm-usage --disable-extensions --disable-features=AvoidUnnecessaryBeforeUnloadCheckSync,BoundaryEventDispatchTracksNodeRemoval,DestroyProfileOnBrowserClose,DialMediaRouteProvider,GlobalMediaControls,HttpsUpgrades,LensOverlay,MediaRouter,PaintHolding,ThirdPartyStoragePartitioning,Translate,AutoDeElevate,RenderDocument,OptimizationHints --enable-features=CDPScreenshotNewSurface --allow-pre-commit-input --disable-hang-monitor --disable-ipc-flooding-protection --disable-popup-blocking --disable-prompt-on-repost --disable-renderer-backgrounding --force-color-profile=srgb --metrics-recording-only --no-first-run --password-store=basic --use-mock-keychain --no-service-autorun --export-tagged-pdf --disable-search-engine-choice-screen --unsafely-disable-devtools-self-xss-warnings --edge-skip-compat-layer-relaunch --enable-automation --disable-infobars --disable-search-engine-choice-screen --disable-sync --enable-unsafe-swiftshader --headless --hide-scrollbars --mute-audio --blink-settings=primaryHoverType=2,availableHoverTypes=2,primaryPointerType=4,availablePointerTypes=4 --no-sandbox --user-data-dir=/tmp/playwright_chromiumdev_profile-TzLl4K --remote-debugging-pipe --no-startup-window
  - <launched> pid=1655
  - [pid=1655][err] /root/.cache/ms-playwright/chromium_headless_shell-1208/chrome-headless-shell-linux64/chrome-headless-shell: error while loading shared libraries: libatk-1.0.so.0: cannot open shared object file: No such file or directory
  - [pid=1655] <gracefully close start>
  - [pid=1655] <kill>
  - [pid=1655] <will force kill>
  - [pid=1655] exception while trying to kill process: Error: kill ESRCH
  - [pid=1655] <process did exit: exitCode=127, signal=null>
  - [pid=1655] starting temporary directories cleanup
  - [pid=1655] finished temporary directories cleanup
  - [pid=1655] <gracefully close end>",,,,Low,0.0,False,False,False,,failed_fetch_strict_lexical_suspected,,fetch_timeout_or_fetch_failed,hashing_shortlist
108,sac-online.website,https://sac-online.website,02-04-2026.csv,Computer Age Management Services Ltd. (CAMS),camsonline.com,0.8963,True,True,True,False,0,0,0,0,0,False,lexical_hit,False,False,False,0,0,0,False,False,sac-online.website,,0,True,lexical_hit,True,True,True,resolved,accepted,failed,failed,RayTaskError(TargetClosedError),"[36mray::_HashBrowserActorImpl.render()[39m (pid=708, ip=172.19.2.2, actor_id=c8fdda542d9e67d0171c86b701000000, repr=<phishing_pipeline.ray_runtime._HashBrowserActorImpl object at 0x79690ef41340>)
  File ""/usr/lib/python3.12/concurrent/futures/_base.py"", line 449, in result
    return self.__get_result()
           ^^^^^^^^^^^^^^^^^^^
  File ""/usr/lib/python3.12/concurrent/futures/_base.py"", line 401, in __get_result
    raise self._exception
           ^^^^^^^^^^^^^^^^^^^^^^^^^^^^^^^^^^^^^
  File ""/kaggle/working/phishing_ml/phishing_pipeline/ray_runtime.py"", line 666, in render
    await self._ensure_browser()
           ^^^^^^^^^^^^^^^^^^^^^^^^^^^^^^^^^^^^^
  File ""/kaggle/working/phishing_ml/phishing_pipeline/ray_runtime.py"", line 645, in _ensure_browser
    self._browser = await self._playwright.chromium.launch(**launch_kwargs)
                    ^^^^^^^^^^^^^^^^^^^^^^^^^^^^^^^^^^^^^^^^^^^^^^^^^^^^^^^
  File ""/usr/local/lib/python3.12/dist-packages/playwright/async_api/_generated.py"", line 14547, in launch
    await self._impl_obj.launch(
  File ""/usr/local/lib/python3.12/dist-packages/playwright/_impl/_browser_type.py"", line 97, in launch
    await self._channel.send(
  File ""/usr/local/lib/python3.12/dist-packages/playwright/_impl/_connection.py"", line 69, in send
    return await self._connection.wrap_api_call(
           ^^^^^^^^^^^^^^^^^^^^^^^^^^^^^^^^^^^^^
  File ""/usr/local/lib/python3.12/dist-packages/playwright/_impl/_connection.py"", line 559, in wrap_api_call
    raise rewrite_error(error, f""{parsed_st['apiName']}: {error}"") from None
playwright._impl._errors.TargetClosedError: BrowserType.launch: Target page, context or browser has been closed
Browser logs:

<launching> /root/.cache/ms-playwright/chromium_headless_shell-1208/chrome-headless-shell-linux64/chrome-headless-shell --disable-field-trial-config --disable-background-networking --disable-background-timer-throttling --disable-backgrounding-occluded-windows --disable-back-forward-cache --disable-breakpad --disable-client-side-phishing-detection --disable-component-extensions-with-background-pages --disable-component-update --no-default-browser-check --disable-default-apps --disable-dev-shm-usage --disable-extensions --disable-features=AvoidUnnecessaryBeforeUnloadCheckSync,BoundaryEventDispatchTracksNodeRemoval,DestroyProfileOnBrowserClose,DialMediaRouteProvider,GlobalMediaControls,HttpsUpgrades,LensOverlay,MediaRouter,PaintHolding,ThirdPartyStoragePartitioning,Translate,AutoDeElevate,RenderDocument,OptimizationHints --enable-features=CDPScreenshotNewSurface --allow-pre-commit-input --disable-hang-monitor --disable-ipc-flooding-protection --disable-popup-blocking --disable-prompt-on-repost --disable-renderer-backgrounding --force-color-profile=srgb --metrics-recording-only --no-first-run --password-store=basic --use-mock-keychain --no-service-autorun --export-tagged-pdf --disable-search-engine-choice-screen --unsafely-disable-devtools-self-xss-warnings --edge-skip-compat-layer-relaunch --enable-automation --disable-infobars --disable-search-engine-choice-screen --disable-sync --enable-unsafe-swiftshader --headless --hide-scrollbars --mute-audio --blink-settings=primaryHoverType=2,availableHoverTypes=2,primaryPointerType=4,availablePointerTypes=4 --no-sandbox --user-data-dir=/tmp/playwright_chromiumdev_profile-WM8yri --remote-debugging-pipe --no-startup-window
<launched> pid=1676
[pid=1676][err] /root/.cache/ms-playwright/chromium_headless_shell-1208/chrome-headless-shell-linux64/chrome-headless-shell: error while loading shared libraries: libatk-1.0.so.0: cannot open shared object file: No such file or directory
Call log:
  - <launching> /root/.cache/ms-playwright/chromium_headless_shell-1208/chrome-headless-shell-linux64/chrome-headless-shell --disable-field-trial-config --disable-background-networking --disable-background-timer-throttling --disable-backgrounding-occluded-windows --disable-back-forward-cache --disable-breakpad --disable-client-side-phishing-detection --disable-component-extensions-with-background-pages --disable-component-update --no-default-browser-check --disable-default-apps --disable-dev-shm-usage --disable-extensions --disable-features=AvoidUnnecessaryBeforeUnloadCheckSync,BoundaryEventDispatchTracksNodeRemoval,DestroyProfileOnBrowserClose,DialMediaRouteProvider,GlobalMediaControls,HttpsUpgrades,LensOverlay,MediaRouter,PaintHolding,ThirdPartyStoragePartitioning,Translate,AutoDeElevate,RenderDocument,OptimizationHints --enable-features=CDPScreenshotNewSurface --allow-pre-commit-input --disable-hang-monitor --disable-ipc-flooding-protection --disable-popup-blocking --disable-prompt-on-repost --disable-renderer-backgrounding --force-color-profile=srgb --metrics-recording-only --no-first-run --password-store=basic --use-mock-keychain --no-service-autorun --export-tagged-pdf --disable-search-engine-choice-screen --unsafely-disable-devtools-self-xss-warnings --edge-skip-compat-layer-relaunch --enable-automation --disable-infobars --disable-search-engine-choice-screen --disable-sync --enable-unsafe-swiftshader --headless --hide-scrollbars --mute-audio --blink-settings=primaryHoverType=2,availableHoverTypes=2,primaryPointerType=4,availablePointerTypes=4 --no-sandbox --user-data-dir=/tmp/playwright_chromiumdev_profile-WM8yri --remote-debugging-pipe --no-startup-window
  - <launched> pid=1676
  - [pid=1676][err] /root/.cache/ms-playwright/chromium_headless_shell-1208/chrome-headless-shell-linux64/chrome-headless-shell: error while loading shared libraries: libatk-1.0.so.0: cannot open shared object file: No such file or directory
  - [pid=1676] <gracefully close start>
  - [pid=1676] <kill>
  - [pid=1676] <will force kill>
  - [pid=1676] exception while trying to kill process: Error: kill ESRCH
  - [pid=1676] <process did exit: exitCode=127, signal=null>
  - [pid=1676] starting temporary directories cleanup
  - [pid=1676] finished temporary directories cleanup
  - [pid=1676] <gracefully close end>",,,,Low,0.0,False,False,False,,failed_fetch_strict_lexical_suspected,,fetch_timeout_or_fetch_failed,hashing_shortlist
115,netpuw.com,https://netpuw.com,02-04-2026.csv,Punjab National Bank (PNB),netpnb.com,0.8667,True,True,True,False,0,0,0,0,0,False,lexical_hit,False,False,False,0,0,0,False,False,netpuw.com,,0,True,lexical_hit,True,True,True,resolved,accepted,failed,failed,RayTaskError(TargetClosedError),"[36mray::_HashBrowserActorImpl.render()[39m (pid=708, ip=172.19.2.2, actor_id=c8fdda542d9e67d0171c86b701000000, repr=<phishing_pipeline.ray_runtime._HashBrowserActorImpl object at 0x79690ef41340>)
  File ""/usr/lib/python3.12/concurrent/futures/_base.py"", line 449, in result
    return self.__get_result()
           ^^^^^^^^^^^^^^^^^^^
  File ""/usr/lib/python3.12/concurrent/futures/_base.py"", line 401, in __get_result
    raise self._exception
           ^^^^^^^^^^^^^^^^^^^^^^^^^^^^^^^^^^^^^
  File ""/kaggle/working/phishing_ml/phishing_pipeline/ray_runtime.py"", line 666, in render
    await self._ensure_browser()
           ^^^^^^^^^^^^^^^^^^^^^^^^^^^^^^^^^^^^^
  File ""/kaggle/working/phishing_ml/phishing_pipeline/ray_runtime.py"", line 645, in _ensure_browser
    self._browser = await self._playwright.chromium.launch(**launch_kwargs)
                    ^^^^^^^^^^^^^^^^^^^^^^^^^^^^^^^^^^^^^^^^^^^^^^^^^^^^^^^
  File ""/usr/local/lib/python3.12/dist-packages/playwright/async_api/_generated.py"", line 14547, in launch
    await self._impl_obj.launch(
  File ""/usr/local/lib/python3.12/dist-packages/playwright/_impl/_browser_type.py"", line 97, in launch
    await self._channel.send(
  File ""/usr/local/lib/python3.12/dist-packages/playwright/_impl/_connection.py"", line 69, in send
    return await self._connection.wrap_api_call(
           ^^^^^^^^^^^^^^^^^^^^^^^^^^^^^^^^^^^^^
  File ""/usr/local/lib/python3.12/dist-packages/playwright/_impl/_connection.py"", line 559, in wrap_api_call
    raise rewrite_error(error, f""{parsed_st['apiName']}: {error}"") from None
playwright._impl._errors.TargetClosedError: BrowserType.launch: Target page, context or browser has been closed
Browser logs:

<launching> /root/.cache/ms-playwright/chromium_headless_shell-1208/chrome-headless-shell-linux64/chrome-headless-shell --disable-field-trial-config --disable-background-networking --disable-background-timer-throttling --disable-backgrounding-occluded-windows --disable-back-forward-cache --disable-breakpad --disable-client-side-phishing-detection --disable-component-extensions-with-background-pages --disable-component-update --no-default-browser-check --disable-default-apps --disable-dev-shm-usage --disable-extensions --disable-features=AvoidUnnecessaryBeforeUnloadCheckSync,BoundaryEventDispatchTracksNodeRemoval,DestroyProfileOnBrowserClose,DialMediaRouteProvider,GlobalMediaControls,HttpsUpgrades,LensOverlay,MediaRouter,PaintHolding,ThirdPartyStoragePartitioning,Translate,AutoDeElevate,RenderDocument,OptimizationHints --enable-features=CDPScreenshotNewSurface --allow-pre-commit-input --disable-hang-monitor --disable-ipc-flooding-protection --disable-popup-blocking --disable-prompt-on-repost --disable-renderer-backgrounding --force-color-profile=srgb --metrics-recording-only --no-first-run --password-store=basic --use-mock-keychain --no-service-autorun --export-tagged-pdf --disable-search-engine-choice-screen --unsafely-disable-devtools-self-xss-warnings --edge-skip-compat-layer-relaunch --enable-automation --disable-infobars --disable-search-engine-choice-screen --disable-sync --enable-unsafe-swiftshader --headless --hide-scrollbars --mute-audio --blink-settings=primaryHoverType=2,availableHoverTypes=2,primaryPointerType=4,availablePointerTypes=4 --no-sandbox --user-data-dir=/tmp/playwright_chromiumdev_profile-Iig0m2 --remote-debugging-pipe --no-startup-window
<launched> pid=1688
[pid=1688][err] /root/.cache/ms-playwright/chromium_headless_shell-1208/chrome-headless-shell-linux64/chrome-headless-shell: error while loading shared libraries: libatk-1.0.so.0: cannot open shared object file: No such file or directory
Call log:
  - <launching> /root/.cache/ms-playwright/chromium_headless_shell-1208/chrome-headless-shell-linux64/chrome-headless-shell --disable-field-trial-config --disable-background-networking --disable-background-timer-throttling --disable-backgrounding-occluded-windows --disable-back-forward-cache --disable-breakpad --disable-client-side-phishing-detection --disable-component-extensions-with-background-pages --disable-component-update --no-default-browser-check --disable-default-apps --disable-dev-shm-usage --disable-extensions --disable-features=AvoidUnnecessaryBeforeUnloadCheckSync,BoundaryEventDispatchTracksNodeRemoval,DestroyProfileOnBrowserClose,DialMediaRouteProvider,GlobalMediaControls,HttpsUpgrades,LensOverlay,MediaRouter,PaintHolding,ThirdPartyStoragePartitioning,Translate,AutoDeElevate,RenderDocument,OptimizationHints --enable-features=CDPScreenshotNewSurface --allow-pre-commit-input --disable-hang-monitor --disable-ipc-flooding-protection --disable-popup-blocking --disable-prompt-on-repost --disable-renderer-backgrounding --force-color-profile=srgb --metrics-recording-only --no-first-run --password-store=basic --use-mock-keychain --no-service-autorun --export-tagged-pdf --disable-search-engine-choice-screen --unsafely-disable-devtools-self-xss-warnings --edge-skip-compat-layer-relaunch --enable-automation --disable-infobars --disable-search-engine-choice-screen --disable-sync --enable-unsafe-swiftshader --headless --hide-scrollbars --mute-audio --blink-settings=primaryHoverType=2,availableHoverTypes=2,primaryPointerType=4,availablePointerTypes=4 --no-sandbox --user-data-dir=/tmp/playwright_chromiumdev_profile-Iig0m2 --remote-debugging-pipe --no-startup-window
  - <launched> pid=1688
  - [pid=1688][err] /root/.cache/ms-playwright/chromium_headless_shell-1208/chrome-headless-shell-linux64/chrome-headless-shell: error while loading shared libraries: libatk-1.0.so.0: cannot open shared object file: No such file or directory
  - [pid=1688] <gracefully close start>
  - [pid=1688] <kill>
  - [pid=1688] <will force kill>
  - [pid=1688] exception while trying to kill process: Error: kill ESRCH
  - [pid=1688] <process did exit: exitCode=127, signal=null>
  - [pid=1688] starting temporary directories cleanup
  - [pid=1688] finished temporary directories cleanup
  - [pid=1688] <gracefully close end>",,,,Low,0.0,False,False,False,,failed_fetch_strict_lexical_suspected,,fetch_timeout_or_fetch_failed,hashing_shortlist
116,airtelblackout.one,https://airtelblackout.one,02-04-2026.csv,Airtel,airtel.in,0.8857,True,True,True,False,0,0,0,0,0,False,lexical_hit,False,False,False,0,0,0,False,False,airtelblackout.one,,0,True,lexical_hit,True,True,True,resolved,accepted,failed,failed,RayTaskError(TargetClosedError),"[36mray::_HashBrowserActorImpl.render()[39m (pid=708, ip=172.19.2.2, actor_id=c8fdda542d9e67d0171c86b701000000, repr=<phishing_pipeline.ray_runtime._HashBrowserActorImpl object at 0x79690ef41340>)
  File ""/usr/lib/python3.12/concurrent/futures/_base.py"", line 449, in result
    return self.__get_result()
           ^^^^^^^^^^^^^^^^^^^
  File ""/usr/lib/python3.12/concurrent/futures/_base.py"", line 401, in __get_result
    raise self._exception
           ^^^^^^^^^^^^^^^^^^^^^^^^^^^^^^^^^^^^^
  File ""/kaggle/working/phishing_ml/phishing_pipeline/ray_runtime.py"", line 666, in render
    await self._ensure_browser()
           ^^^^^^^^^^^^^^^^^^^^^^^^^^^^^^^^^^^^^
  File ""/kaggle/working/phishing_ml/phishing_pipeline/ray_runtime.py"", line 645, in _ensure_browser
    self._browser = await self._playwright.chromium.launch(**launch_kwargs)
                    ^^^^^^^^^^^^^^^^^^^^^^^^^^^^^^^^^^^^^^^^^^^^^^^^^^^^^^^
  File ""/usr/local/lib/python3.12/dist-packages/playwright/async_api/_generated.py"", line 14547, in launch
    await self._impl_obj.launch(
  File ""/usr/local/lib/python3.12/dist-packages/playwright/_impl/_browser_type.py"", line 97, in launch
    await self._channel.send(
  File ""/usr/local/lib/python3.12/dist-packages/playwright/_impl/_connection.py"", line 69, in send
    return await self._connection.wrap_api_call(
           ^^^^^^^^^^^^^^^^^^^^^^^^^^^^^^^^^^^^^
  File ""/usr/local/lib/python3.12/dist-packages/playwright/_impl/_connection.py"", line 559, in wrap_api_call
    raise rewrite_error(error, f""{parsed_st['apiName']}: {error}"") from None
playwright._impl._errors.TargetClosedError: BrowserType.launch: Target page, context or browser has been closed
Browser logs:

<launching> /root/.cache/ms-playwright/chromium_headless_shell-1208/chrome-headless-shell-linux64/chrome-headless-shell --disable-field-trial-config --disable-background-networking --disable-background-timer-throttling --disable-backgrounding-occluded-windows --disable-back-forward-cache --disable-breakpad --disable-client-side-phishing-detection --disable-component-extensions-with-background-pages --disable-component-update --no-default-browser-check --disable-default-apps --disable-dev-shm-usage --disable-extensions --disable-features=AvoidUnnecessaryBeforeUnloadCheckSync,BoundaryEventDispatchTracksNodeRemoval,DestroyProfileOnBrowserClose,DialMediaRouteProvider,GlobalMediaControls,HttpsUpgrades,LensOverlay,MediaRouter,PaintHolding,ThirdPartyStoragePartitioning,Translate,AutoDeElevate,RenderDocument,OptimizationHints --enable-features=CDPScreenshotNewSurface --allow-pre-commit-input --disable-hang-monitor --disable-ipc-flooding-protection --disable-popup-blocking --disable-prompt-on-repost --disable-renderer-backgrounding --force-color-profile=srgb --metrics-recording-only --no-first-run --password-store=basic --use-mock-keychain --no-service-autorun --export-tagged-pdf --disable-search-engine-choice-screen --unsafely-disable-devtools-self-xss-warnings --edge-skip-compat-layer-relaunch --enable-automation --disable-infobars --disable-search-engine-choice-screen --disable-sync --enable-unsafe-swiftshader --headless --hide-scrollbars --mute-audio --blink-settings=primaryHoverType=2,availableHoverTypes=2,primaryPointerType=4,availablePointerTypes=4 --no-sandbox --user-data-dir=/tmp/playwright_chromiumdev_profile-1S9WwL --remote-debugging-pipe --no-startup-window
<launched> pid=1700
[pid=1700][err] /root/.cache/ms-playwright/chromium_headless_shell-1208/chrome-headless-shell-linux64/chrome-headless-shell: error while loading shared libraries: libatk-1.0.so.0: cannot open shared object file: No such file or directory
Call log:
  - <launching> /root/.cache/ms-playwright/chromium_headless_shell-1208/chrome-headless-shell-linux64/chrome-headless-shell --disable-field-trial-config --disable-background-networking --disable-background-timer-throttling --disable-backgrounding-occluded-windows --disable-back-forward-cache --disable-breakpad --disable-client-side-phishing-detection --disable-component-extensions-with-background-pages --disable-component-update --no-default-browser-check --disable-default-apps --disable-dev-shm-usage --disable-extensions --disable-features=AvoidUnnecessaryBeforeUnloadCheckSync,BoundaryEventDispatchTracksNodeRemoval,DestroyProfileOnBrowserClose,DialMediaRouteProvider,GlobalMediaControls,HttpsUpgrades,LensOverlay,MediaRouter,PaintHolding,ThirdPartyStoragePartitioning,Translate,AutoDeElevate,RenderDocument,OptimizationHints --enable-features=CDPScreenshotNewSurface --allow-pre-commit-input --disable-hang-monitor --disable-ipc-flooding-protection --disable-popup-blocking --disable-prompt-on-repost --disable-renderer-backgrounding --force-color-profile=srgb --metrics-recording-only --no-first-run --password-store=basic --use-mock-keychain --no-service-autorun --export-tagged-pdf --disable-search-engine-choice-screen --unsafely-disable-devtools-self-xss-warnings --edge-skip-compat-layer-relaunch --enable-automation --disable-infobars --disable-search-engine-choice-screen --disable-sync --enable-unsafe-swiftshader --headless --hide-scrollbars --mute-audio --blink-settings=primaryHoverType=2,availableHoverTypes=2,primaryPointerType=4,availablePointerTypes=4 --no-sandbox --user-data-dir=/tmp/playwright_chromiumdev_profile-1S9WwL --remote-debugging-pipe --no-startup-window
  - <launched> pid=1700
  - [pid=1700][err] /root/.cache/ms-playwright/chromium_headless_shell-1208/chrome-headless-shell-linux64/chrome-headless-shell: error while loading shared libraries: libatk-1.0.so.0: cannot open shared object file: No such file or directory
  - [pid=1700] <gracefully close start>
  - [pid=1700] <kill>
  - [pid=1700] <will force kill>
  - [pid=1700] exception while trying to kill process: Error: kill ESRCH
  - [pid=1700] <process did exit: exitCode=127, signal=null>
  - [pid=1700] starting temporary directories cleanup
  - [pid=1700] finished temporary directories cleanup
  - [pid=1700] <gracefully close end>",,,,Low,0.0,False,False,False,,failed_fetch_strict_lexical_suspected,,fetch_timeout_or_fetch_failed,hashing_shortlist
117,a10fintech.com,https://a10fintech.com,02-04-2026.csv,Kfintech,kfintech.com,0.8583,True,True,True,False,0,0,0,0,0,False,lexical_hit,False,False,False,0,0,0,False,False,a10fintech.com,,0,True,lexical_hit,True,True,True,resolved,accepted,failed,failed,RayTaskError(TargetClosedError),"[36mray::_HashBrowserActorImpl.render()[39m (pid=708, ip=172.19.2.2, actor_id=c8fdda542d9e67d0171c86b701000000, repr=<phishing_pipeline.ray_runtime._HashBrowserActorImpl object at 0x79690ef41340>)
  File ""/usr/lib/python3.12/concurrent/futures/_base.py"", line 449, in result
    return self.__get_result()
           ^^^^^^^^^^^^^^^^^^^
  File ""/usr/lib/python3.12/concurrent/futures/_base.py"", line 401, in __get_result
    raise self._exception
           ^^^^^^^^^^^^^^^^^^^^^^^^^^^^^^^^^^^^^
  File ""/kaggle/working/phishing_ml/phishing_pipeline/ray_runtime.py"", line 666, in render
    await self._ensure_browser()
           ^^^^^^^^^^^^^^^^^^^^^^^^^^^^^^^^^^^^^
  File ""/kaggle/working/phishing_ml/phishing_pipeline/ray_runtime.py"", line 645, in _ensure_browser
    self._browser = await self._playwright.chromium.launch(**launch_kwargs)
                    ^^^^^^^^^^^^^^^^^^^^^^^^^^^^^^^^^^^^^^^^^^^^^^^^^^^^^^^
  File ""/usr/local/lib/python3.12/dist-packages/playwright/async_api/_generated.py"", line 14547, in launch
    await self._impl_obj.launch(
  File ""/usr/local/lib/python3.12/dist-packages/playwright/_impl/_browser_type.py"", line 97, in launch
    await self._channel.send(
  File ""/usr/local/lib/python3.12/dist-packages/playwright/_impl/_connection.py"", line 69, in send
    return await self._connection.wrap_api_call(
           ^^^^^^^^^^^^^^^^^^^^^^^^^^^^^^^^^^^^^
  File ""/usr/local/lib/python3.12/dist-packages/playwright/_impl/_connection.py"", line 559, in wrap_api_call
    raise rewrite_error(error, f""{parsed_st['apiName']}: {error}"") from None
playwright._impl._errors.TargetClosedError: BrowserType.launch: Target page, context or browser has been closed
Browser logs:

<launching> /root/.cache/ms-playwright/chromium_headless_shell-1208/chrome-headless-shell-linux64/chrome-headless-shell --disable-field-trial-config --disable-background-networking --disable-background-timer-throttling --disable-backgrounding-occluded-windows --disable-back-forward-cache --disable-breakpad --disable-client-side-phishing-detection --disable-component-extensions-with-background-pages --disable-component-update --no-default-browser-check --disable-default-apps --disable-dev-shm-usage --disable-extensions --disable-features=AvoidUnnecessaryBeforeUnloadCheckSync,BoundaryEventDispatchTracksNodeRemoval,DestroyProfileOnBrowserClose,DialMediaRouteProvider,GlobalMediaControls,HttpsUpgrades,LensOverlay,MediaRouter,PaintHolding,ThirdPartyStoragePartitioning,Translate,AutoDeElevate,RenderDocument,OptimizationHints --enable-features=CDPScreenshotNewSurface --allow-pre-commit-input --disable-hang-monitor --disable-ipc-flooding-protection --disable-popup-blocking --disable-prompt-on-repost --disable-renderer-backgrounding --force-color-profile=srgb --metrics-recording-only --no-first-run --password-store=basic --use-mock-keychain --no-service-autorun --export-tagged-pdf --disable-search-engine-choice-screen --unsafely-disable-devtools-self-xss-warnings --edge-skip-compat-layer-relaunch --enable-automation --disable-infobars --disable-search-engine-choice-screen --disable-sync --enable-unsafe-swiftshader --headless --hide-scrollbars --mute-audio --blink-settings=primaryHoverType=2,availableHoverTypes=2,primaryPointerType=4,availablePointerTypes=4 --no-sandbox --user-data-dir=/tmp/playwright_chromiumdev_profile-k0UK8a --remote-debugging-pipe --no-startup-window
<launched> pid=1712
[pid=1712][err] /root/.cache/ms-playwright/chromium_headless_shell-1208/chrome-headless-shell-linux64/chrome-headless-shell: error while loading shared libraries: libatk-1.0.so.0: cannot open shared object file: No such file or directory
Call log:
  - <launching> /root/.cache/ms-playwright/chromium_headless_shell-1208/chrome-headless-shell-linux64/chrome-headless-shell --disable-field-trial-config --disable-background-networking --disable-background-timer-throttling --disable-backgrounding-occluded-windows --disable-back-forward-cache --disable-breakpad --disable-client-side-phishing-detection --disable-component-extensions-with-background-pages --disable-component-update --no-default-browser-check --disable-default-apps --disable-dev-shm-usage --disable-extensions --disable-features=AvoidUnnecessaryBeforeUnloadCheckSync,BoundaryEventDispatchTracksNodeRemoval,DestroyProfileOnBrowserClose,DialMediaRouteProvider,GlobalMediaControls,HttpsUpgrades,LensOverlay,MediaRouter,PaintHolding,ThirdPartyStoragePartitioning,Translate,AutoDeElevate,RenderDocument,OptimizationHints --enable-features=CDPScreenshotNewSurface --allow-pre-commit-input --disable-hang-monitor --disable-ipc-flooding-protection --disable-popup-blocking --disable-prompt-on-repost --disable-renderer-backgrounding --force-color-profile=srgb --metrics-recording-only --no-first-run --password-store=basic --use-mock-keychain --no-service-autorun --export-tagged-pdf --disable-search-engine-choice-screen --unsafely-disable-devtools-self-xss-warnings --edge-skip-compat-layer-relaunch --enable-automation --disable-infobars --disable-search-engine-choice-screen --disable-sync --enable-unsafe-swiftshader --headless --hide-scrollbars --mute-audio --blink-settings=primaryHoverType=2,availableHoverTypes=2,primaryPointerType=4,availablePointerTypes=4 --no-sandbox --user-data-dir=/tmp/playwright_chromiumdev_profile-k0UK8a --remote-debugging-pipe --no-startup-window
  - <launched> pid=1712
  - [pid=1712][err] /root/.cache/ms-playwright/chromium_headless_shell-1208/chrome-headless-shell-linux64/chrome-headless-shell: error while loading shared libraries: libatk-1.0.so.0: cannot open shared object file: No such file or directory
  - [pid=1712] <gracefully close start>
  - [pid=1712] <kill>
  - [pid=1712] <will force kill>
  - [pid=1712] exception while trying to kill process: Error: kill ESRCH
  - [pid=1712] <process did exit: exitCode=127, signal=null>
  - [pid=1712] starting temporary directories cleanup
  - [pid=1712] finished temporary directories cleanup
  - [pid=1712] <gracefully close end>",,,,Low,0.0,False,False,False,,failed_fetch_strict_lexical_suspected,,fetch_timeout_or_fetch_failed,hashing_shortlist
118,cambonelli.com,https://cambonelli.com,02-04-2026.csv,Computer Age Management Services Ltd. (CAMS),camsonline.com,0.8775,True,True,True,False,0,0,0,0,0,False,lexical_hit,False,False,False,0,0,0,False,False,cambonelli.com,,0,True,lexical_hit,True,True,True,resolved,accepted,failed,failed,RayTaskError(TargetClosedError),"[36mray::_HashBrowserActorImpl.render()[39m (pid=708, ip=172.19.2.2, actor_id=c8fdda542d9e67d0171c86b701000000, repr=<phishing_pipeline.ray_runtime._HashBrowserActorImpl object at 0x79690ef41340>)
  File ""/usr/lib/python3.12/concurrent/futures/_base.py"", line 449, in result
    return self.__get_result()
           ^^^^^^^^^^^^^^^^^^^
  File ""/usr/lib/python3.12/concurrent/futures/_base.py"", line 401, in __get_result
    raise self._exception
           ^^^^^^^^^^^^^^^^^^^^^^^^^^^^^^^^^^^^^
  File ""/kaggle/working/phishing_ml/phishing_pipeline/ray_runtime.py"", line 666, in render
    await self._ensure_browser()
           ^^^^^^^^^^^^^^^^^^^^^^^^^^^^^^^^^^^^^
  File ""/kaggle/working/phishing_ml/phishing_pipeline/ray_runtime.py"", line 645, in _ensure_browser
    self._browser = await self._playwright.chromium.launch(**launch_kwargs)
                    ^^^^^^^^^^^^^^^^^^^^^^^^^^^^^^^^^^^^^^^^^^^^^^^^^^^^^^^
  File ""/usr/local/lib/python3.12/dist-packages/playwright/async_api/_generated.py"", line 14547, in launch
    await self._impl_obj.launch(
  File ""/usr/local/lib/python3.12/dist-packages/playwright/_impl/_browser_type.py"", line 97, in launch
    await self._channel.send(
  File ""/usr/local/lib/python3.12/dist-packages/playwright/_impl/_connection.py"", line 69, in send
    return await self._connection.wrap_api_call(
           ^^^^^^^^^^^^^^^^^^^^^^^^^^^^^^^^^^^^^
  File ""/usr/local/lib/python3.12/dist-packages/playwright/_impl/_connection.py"", line 559, in wrap_api_call
    raise rewrite_error(error, f""{parsed_st['apiName']}: {error}"") from None
playwright._impl._errors.TargetClosedError: BrowserType.launch: Target page, context or browser has been closed
Browser logs:

<launching> /root/.cache/ms-playwright/chromium_headless_shell-1208/chrome-headless-shell-linux64/chrome-headless-shell --disable-field-trial-config --disable-background-networking --disable-background-timer-throttling --disable-backgrounding-occluded-windows --disable-back-forward-cache --disable-breakpad --disable-client-side-phishing-detection --disable-component-extensions-with-background-pages --disable-component-update --no-default-browser-check --disable-default-apps --disable-dev-shm-usage --disable-extensions --disable-features=AvoidUnnecessaryBeforeUnloadCheckSync,BoundaryEventDispatchTracksNodeRemoval,DestroyProfileOnBrowserClose,DialMediaRouteProvider,GlobalMediaControls,HttpsUpgrades,LensOverlay,MediaRouter,PaintHolding,ThirdPartyStoragePartitioning,Translate,AutoDeElevate,RenderDocument,OptimizationHints --enable-features=CDPScreenshotNewSurface --allow-pre-commit-input --disable-hang-monitor --disable-ipc-flooding-protection --disable-popup-blocking --disable-prompt-on-repost --disable-renderer-backgrounding --force-color-profile=srgb --metrics-recording-only --no-first-run --password-store=basic --use-mock-keychain --no-service-autorun --export-tagged-pdf --disable-search-engine-choice-screen --unsafely-disable-devtools-self-xss-warnings --edge-skip-compat-layer-relaunch --enable-automation --disable-infobars --disable-search-engine-choice-screen --disable-sync --enable-unsafe-swiftshader --headless --hide-scrollbars --mute-audio --blink-settings=primaryHoverType=2,availableHoverTypes=2,primaryPointerType=4,availablePointerTypes=4 --no-sandbox --user-data-dir=/tmp/playwright_chromiumdev_profile-7J4uom --remote-debugging-pipe --no-startup-window
<launched> pid=1725
[pid=1725][err] /root/.cache/ms-playwright/chromium_headless_shell-1208/chrome-headless-shell-linux64/chrome-headless-shell: error while loading shared libraries: libatk-1.0.so.0: cannot open shared object file: No such file or directory
Call log:
  - <launching> /root/.cache/ms-playwright/chromium_headless_shell-1208/chrome-headless-shell-linux64/chrome-headless-shell --disable-field-trial-config --disable-background-networking --disable-background-timer-throttling --disable-backgrounding-occluded-windows --disable-back-forward-cache --disable-breakpad --disable-client-side-phishing-detection --disable-component-extensions-with-background-pages --disable-component-update --no-default-browser-check --disable-default-apps --disable-dev-shm-usage --disable-extensions --disable-features=AvoidUnnecessaryBeforeUnloadCheckSync,BoundaryEventDispatchTracksNodeRemoval,DestroyProfileOnBrowserClose,DialMediaRouteProvider,GlobalMediaControls,HttpsUpgrades,LensOverlay,MediaRouter,PaintHolding,ThirdPartyStoragePartitioning,Translate,AutoDeElevate,RenderDocument,OptimizationHints --enable-features=CDPScreenshotNewSurface --allow-pre-commit-input --disable-hang-monitor --disable-ipc-flooding-protection --disable-popup-blocking --disable-prompt-on-repost --disable-renderer-backgrounding --force-color-profile=srgb --metrics-recording-only --no-first-run --password-store=basic --use-mock-keychain --no-service-autorun --export-tagged-pdf --disable-search-engine-choice-screen --unsafely-disable-devtools-self-xss-warnings --edge-skip-compat-layer-relaunch --enable-automation --disable-infobars --disable-search-engine-choice-screen --disable-sync --enable-unsafe-swiftshader --headless --hide-scrollbars --mute-audio --blink-settings=primaryHoverType=2,availableHoverTypes=2,primaryPointerType=4,availablePointerTypes=4 --no-sandbox --user-data-dir=/tmp/playwright_chromiumdev_profile-7J4uom --remote-debugging-pipe --no-startup-window
  - <launched> pid=1725
  - [pid=1725][err] /root/.cache/ms-playwright/chromium_headless_shell-1208/chrome-headless-shell-linux64/chrome-headless-shell: error while loading shared libraries: libatk-1.0.so.0: cannot open shared object file: No such file or directory
  - [pid=1725] <gracefully close start>
  - [pid=1725] <kill>
  - [pid=1725] <will force kill>
  - [pid=1725] exception while trying to kill process: Error: kill ESRCH
  - [pid=1725] <process did exit: exitCode=127, signal=null>
  - [pid=1725] starting temporary directories cleanup
  - [pid=1725] finished temporary directories cleanup
  - [pid=1725] <gracefully close end>",,,,Low,0.0,False,False,False,,failed_fetch_strict_lexical_suspected,,fetch_timeout_or_fetch_failed,hashing_shortlist
119,canabarro.me,https://canabarro.me,02-04-2026.csv,Canara Bank,canararobeco.com,0.9278,True,True,True,False,0,0,0,0,0,False,lexical_hit,False,False,False,0,0,0,False,False,canabarro.me,,0,True,lexical_hit,True,True,True,resolved,accepted,failed,failed,RayTaskError(TargetClosedError),"[36mray::_HashBrowserActorImpl.render()[39m (pid=708, ip=172.19.2.2, actor_id=c8fdda542d9e67d0171c86b701000000, repr=<phishing_pipeline.ray_runtime._HashBrowserActorImpl object at 0x79690ef41340>)
  File ""/usr/lib/python3.12/concurrent/futures/_base.py"", line 449, in result
    return self.__get_result()
           ^^^^^^^^^^^^^^^^^^^
  File ""/usr/lib/python3.12/concurrent/futures/_base.py"", line 401, in __get_result
    raise self._exception
           ^^^^^^^^^^^^^^^^^^^^^^^^^^^^^^^^^^^^^
  File ""/kaggle/working/phishing_ml/phishing_pipeline/ray_runtime.py"", line 666, in render
    await self._ensure_browser()
           ^^^^^^^^^^^^^^^^^^^^^^^^^^^^^^^^^^^^^
  File ""/kaggle/working/phishing_ml/phishing_pipeline/ray_runtime.py"", line 645, in _ensure_browser
    self._browser = await self._playwright.chromium.launch(**launch_kwargs)
                    ^^^^^^^^^^^^^^^^^^^^^^^^^^^^^^^^^^^^^^^^^^^^^^^^^^^^^^^
  File ""/usr/local/lib/python3.12/dist-packages/playwright/async_api/_generated.py"", line 14547, in launch
    await self._impl_obj.launch(
  File ""/usr/local/lib/python3.12/dist-packages/playwright/_impl/_browser_type.py"", line 97, in launch
    await self._channel.send(
  File ""/usr/local/lib/python3.12/dist-packages/playwright/_impl/_connection.py"", line 69, in send
    return await self._connection.wrap_api_call(
           ^^^^^^^^^^^^^^^^^^^^^^^^^^^^^^^^^^^^^
  File ""/usr/local/lib/python3.12/dist-packages/playwright/_impl/_connection.py"", line 559, in wrap_api_call
    raise rewrite_error(error, f""{parsed_st['apiName']}: {error}"") from None
playwright._impl._errors.TargetClosedError: BrowserType.launch: Target page, context or browser has been closed
Browser logs:

<launching> /root/.cache/ms-playwright/chromium_headless_shell-1208/chrome-headless-shell-linux64/chrome-headless-shell --disable-field-trial-config --disable-background-networking --disable-background-timer-throttling --disable-backgrounding-occluded-windows --disable-back-forward-cache --disable-breakpad --disable-client-side-phishing-detection --disable-component-extensions-with-background-pages --disable-component-update --no-default-browser-check --disable-default-apps --disable-dev-shm-usage --disable-extensions --disable-features=AvoidUnnecessaryBeforeUnloadCheckSync,BoundaryEventDispatchTracksNodeRemoval,DestroyProfileOnBrowserClose,DialMediaRouteProvider,GlobalMediaControls,HttpsUpgrades,LensOverlay,MediaRouter,PaintHolding,ThirdPartyStoragePartitioning,Translate,AutoDeElevate,RenderDocument,OptimizationHints --enable-features=CDPScreenshotNewSurface --allow-pre-commit-input --disable-hang-monitor --disable-ipc-flooding-protection --disable-popup-blocking --disable-prompt-on-repost --disable-renderer-backgrounding --force-color-profile=srgb --metrics-recording-only --no-first-run --password-store=basic --use-mock-keychain --no-service-autorun --export-tagged-pdf --disable-search-engine-choice-screen --unsafely-disable-devtools-self-xss-warnings --edge-skip-compat-layer-relaunch --enable-automation --disable-infobars --disable-search-engine-choice-screen --disable-sync --enable-unsafe-swiftshader --headless --hide-scrollbars --mute-audio --blink-settings=primaryHoverType=2,availableHoverTypes=2,primaryPointerType=4,availablePointerTypes=4 --no-sandbox --user-data-dir=/tmp/playwright_chromiumdev_profile-oOKlnO --remote-debugging-pipe --no-startup-window
<launched> pid=1737
[pid=1737][err] /root/.cache/ms-playwright/chromium_headless_shell-1208/chrome-headless-shell-linux64/chrome-headless-shell: error while loading shared libraries: libatk-1.0.so.0: cannot open shared object file: No such file or directory
Call log:
  - <launching> /root/.cache/ms-playwright/chromium_headless_shell-1208/chrome-headless-shell-linux64/chrome-headless-shell --disable-field-trial-config --disable-background-networking --disable-background-timer-throttling --disable-backgrounding-occluded-windows --disable-back-forward-cache --disable-breakpad --disable-client-side-phishing-detection --disable-component-extensions-with-background-pages --disable-component-update --no-default-browser-check --disable-default-apps --disable-dev-shm-usage --disable-extensions --disable-features=AvoidUnnecessaryBeforeUnloadCheckSync,BoundaryEventDispatchTracksNodeRemoval,DestroyProfileOnBrowserClose,DialMediaRouteProvider,GlobalMediaControls,HttpsUpgrades,LensOverlay,MediaRouter,PaintHolding,ThirdPartyStoragePartitioning,Translate,AutoDeElevate,RenderDocument,OptimizationHints --enable-features=CDPScreenshotNewSurface --allow-pre-commit-input --disable-hang-monitor --disable-ipc-flooding-protection --disable-popup-blocking --disable-prompt-on-repost --disable-renderer-backgrounding --force-color-profile=srgb --metrics-recording-only --no-first-run --password-store=basic --use-mock-keychain --no-service-autorun --export-tagged-pdf --disable-search-engine-choice-screen --unsafely-disable-devtools-self-xss-warnings --edge-skip-compat-layer-relaunch --enable-automation --disable-infobars --disable-search-engine-choice-screen --disable-sync --enable-unsafe-swiftshader --headless --hide-scrollbars --mute-audio --blink-settings=primaryHoverType=2,availableHoverTypes=2,primaryPointerType=4,availablePointerTypes=4 --no-sandbox --user-data-dir=/tmp/playwright_chromiumdev_profile-oOKlnO --remote-debugging-pipe --no-startup-window
  - <launched> pid=1737
  - [pid=1737][err] /root/.cache/ms-playwright/chromium_headless_shell-1208/chrome-headless-shell-linux64/chrome-headless-shell: error while loading shared libraries: libatk-1.0.so.0: cannot open shared object file: No such file or directory
  - [pid=1737] <gracefully close start>
  - [pid=1737] <kill>
  - [pid=1737] <will force kill>
  - [pid=1737] exception while trying to kill process: Error: kill ESRCH
  - [pid=1737] <process did exit: exitCode=127, signal=null>
  - [pid=1737] starting temporary directories cleanup
  - [pid=1737] finished temporary directories cleanup
  - [pid=1737] <gracefully close end>",,,,Low,0.0,False,False,False,,failed_fetch_strict_lexical_suspected,,fetch_timeout_or_fetch_failed,hashing_shortlist
120,masilife.com,https://masilife.com,02-04-2026.csv,State Bank of India (SBI),sbilife.co.in,0.869,True,True,True,False,0,0,0,0,0,False,lexical_hit,False,False,False,0,0,0,False,False,masilife.com,,0,True,lexical_hit,True,True,True,resolved,accepted,failed,failed,RayTaskError(TargetClosedError),"[36mray::_HashBrowserActorImpl.render()[39m (pid=708, ip=172.19.2.2, actor_id=c8fdda542d9e67d0171c86b701000000, repr=<phishing_pipeline.ray_runtime._HashBrowserActorImpl object at 0x79690ef41340>)
  File ""/usr/lib/python3.12/concurrent/futures/_base.py"", line 449, in result
    return self.__get_result()
           ^^^^^^^^^^^^^^^^^^^
  File ""/usr/lib/python3.12/concurrent/futures/_base.py"", line 401, in __get_result
    raise self._exception
           ^^^^^^^^^^^^^^^^^^^^^^^^^^^^^^^^^^^^^
  File ""/kaggle/working/phishing_ml/phishing_pipeline/ray_runtime.py"", line 666, in render
    await self._ensure_browser()
           ^^^^^^^^^^^^^^^^^^^^^^^^^^^^^^^^^^^^^
  File ""/kaggle/working/phishing_ml/phishing_pipeline/ray_runtime.py"", line 645, in _ensure_browser
    self._browser = await self._playwright.chromium.launch(**launch_kwargs)
                    ^^^^^^^^^^^^^^^^^^^^^^^^^^^^^^^^^^^^^^^^^^^^^^^^^^^^^^^
  File ""/usr/local/lib/python3.12/dist-packages/playwright/async_api/_generated.py"", line 14547, in launch
    await self._impl_obj.launch(
  File ""/usr/local/lib/python3.12/dist-packages/playwright/_impl/_browser_type.py"", line 97, in launch
    await self._channel.send(
  File ""/usr/local/lib/python3.12/dist-packages/playwright/_impl/_connection.py"", line 69, in send
    return await self._connection.wrap_api_call(
           ^^^^^^^^^^^^^^^^^^^^^^^^^^^^^^^^^^^^^
  File ""/usr/local/lib/python3.12/dist-packages/playwright/_impl/_connection.py"", line 559, in wrap_api_call
    raise rewrite_error(error, f""{parsed_st['apiName']}: {error}"") from None
playwright._impl._errors.TargetClosedError: BrowserType.launch: Target page, context or browser has been closed
Browser logs:

<launching> /root/.cache/ms-playwright/chromium_headless_shell-1208/chrome-headless-shell-linux64/chrome-headless-shell --disable-field-trial-config --disable-background-networking --disable-background-timer-throttling --disable-backgrounding-occluded-windows --disable-back-forward-cache --disable-breakpad --disable-client-side-phishing-detection --disable-component-extensions-with-background-pages --disable-component-update --no-default-browser-check --disable-default-apps --disable-dev-shm-usage --disable-extensions --disable-features=AvoidUnnecessaryBeforeUnloadCheckSync,BoundaryEventDispatchTracksNodeRemoval,DestroyProfileOnBrowserClose,DialMediaRouteProvider,GlobalMediaControls,HttpsUpgrades,LensOverlay,MediaRouter,PaintHolding,ThirdPartyStoragePartitioning,Translate,AutoDeElevate,RenderDocument,OptimizationHints --enable-features=CDPScreenshotNewSurface --allow-pre-commit-input --disable-hang-monitor --disable-ipc-flooding-protection --disable-popup-blocking --disable-prompt-on-repost --disable-renderer-backgrounding --force-color-profile=srgb --metrics-recording-only --no-first-run --password-store=basic --use-mock-keychain --no-service-autorun --export-tagged-pdf --disable-search-engine-choice-screen --unsafely-disable-devtools-self-xss-warnings --edge-skip-compat-layer-relaunch --enable-automation --disable-infobars --disable-search-engine-choice-screen --disable-sync --enable-unsafe-swiftshader --headless --hide-scrollbars --mute-audio --blink-settings=primaryHoverType=2,availableHoverTypes=2,primaryPointerType=4,availablePointerTypes=4 --no-sandbox --user-data-dir=/tmp/playwright_chromiumdev_profile-GKngtP --remote-debugging-pipe --no-startup-window
<launched> pid=1749
[pid=1749][err] /root/.cache/ms-playwright/chromium_headless_shell-1208/chrome-headless-shell-linux64/chrome-headless-shell: error while loading shared libraries: libatk-1.0.so.0: cannot open shared object file: No such file or directory
Call log:
  - <launching> /root/.cache/ms-playwright/chromium_headless_shell-1208/chrome-headless-shell-linux64/chrome-headless-shell --disable-field-trial-config --disable-background-networking --disable-background-timer-throttling --disable-backgrounding-occluded-windows --disable-back-forward-cache --disable-breakpad --disable-client-side-phishing-detection --disable-component-extensions-with-background-pages --disable-component-update --no-default-browser-check --disable-default-apps --disable-dev-shm-usage --disable-extensions --disable-features=AvoidUnnecessaryBeforeUnloadCheckSync,BoundaryEventDispatchTracksNodeRemoval,DestroyProfileOnBrowserClose,DialMediaRouteProvider,GlobalMediaControls,HttpsUpgrades,LensOverlay,MediaRouter,PaintHolding,ThirdPartyStoragePartitioning,Translate,AutoDeElevate,RenderDocument,OptimizationHints --enable-features=CDPScreenshotNewSurface --allow-pre-commit-input --disable-hang-monitor --disable-ipc-flooding-protection --disable-popup-blocking --disable-prompt-on-repost --disable-renderer-backgrounding --force-color-profile=srgb --metrics-recording-only --no-first-run --password-store=basic --use-mock-keychain --no-service-autorun --export-tagged-pdf --disable-search-engine-choice-screen --unsafely-disable-devtools-self-xss-warnings --edge-skip-compat-layer-relaunch --enable-automation --disable-infobars --disable-search-engine-choice-screen --disable-sync --enable-unsafe-swiftshader --headless --hide-scrollbars --mute-audio --blink-settings=primaryHoverType=2,availableHoverTypes=2,primaryPointerType=4,availablePointerTypes=4 --no-sandbox --user-data-dir=/tmp/playwright_chromiumdev_profile-GKngtP --remote-debugging-pipe --no-startup-window
  - <launched> pid=1749
  - [pid=1749][err] /root/.cache/ms-playwright/chromium_headless_shell-1208/chrome-headless-shell-linux64/chrome-headless-shell: error while loading shared libraries: libatk-1.0.so.0: cannot open shared object file: No such file or directory
  - [pid=1749] <gracefully close start>
  - [pid=1749] <kill>
  - [pid=1749] <will force kill>
  - [pid=1749] exception while trying to kill process: Error: kill ESRCH
  - [pid=1749] <process did exit: exitCode=127, signal=null>
  - [pid=1749] starting temporary directories cleanup
  - [pid=1749] finished temporary directories cleanup
  - [pid=1749] <gracefully close end>",,,,Low,0.0,False,False,False,,failed_fetch_strict_lexical_suspected,,fetch_timeout_or_fetch_failed,hashing_shortlist
124,work-axis.com,https://work-axis.com,02-04-2026.csv,Axis Bank,axismf.com,0.5633,True,True,False,False,0,0,0,0,0,False,lexical_hit,False,False,False,0,0,0,False,False,work-axis.com,,0,True,lexical_hit,True,True,True,resolved,accepted,failed,failed,RayTaskError(TargetClosedError),"[36mray::_HashBrowserActorImpl.render()[39m (pid=708, ip=172.19.2.2, actor_id=c8fdda542d9e67d0171c86b701000000, repr=<phishing_pipeline.ray_runtime._HashBrowserActorImpl object at 0x79690ef41340>)
  File ""/usr/lib/python3.12/concurrent/futures/_base.py"", line 449, in result
    return self.__get_result()
           ^^^^^^^^^^^^^^^^^^^
  File ""/usr/lib/python3.12/concurrent/futures/_base.py"", line 401, in __get_result
    raise self._exception
           ^^^^^^^^^^^^^^^^^^^^^^^^^^^^^^^^^^^^^
  File ""/kaggle/working/phishing_ml/phishing_pipeline/ray_runtime.py"", line 666, in render
    await self._ensure_browser()
           ^^^^^^^^^^^^^^^^^^^^^^^^^^^^^^^^^^^^^
  File ""/kaggle/working/phishing_ml/phishing_pipeline/ray_runtime.py"", line 645, in _ensure_browser
    self._browser = await self._playwright.chromium.launch(**launch_kwargs)
                    ^^^^^^^^^^^^^^^^^^^^^^^^^^^^^^^^^^^^^^^^^^^^^^^^^^^^^^^
  File ""/usr/local/lib/python3.12/dist-packages/playwright/async_api/_generated.py"", line 14547, in launch
    await self._impl_obj.launch(
  File ""/usr/local/lib/python3.12/dist-packages/playwright/_impl/_browser_type.py"", line 97, in launch
    await self._channel.send(
  File ""/usr/local/lib/python3.12/dist-packages/playwright/_impl/_connection.py"", line 69, in send
    return await self._connection.wrap_api_call(
           ^^^^^^^^^^^^^^^^^^^^^^^^^^^^^^^^^^^^^
  File ""/usr/local/lib/python3.12/dist-packages/playwright/_impl/_connection.py"", line 559, in wrap_api_call
    raise rewrite_error(error, f""{parsed_st['apiName']}: {error}"") from None
playwright._impl._errors.TargetClosedError: BrowserType.launch: Target page, context or browser has been closed
Browser logs:

<launching> /root/.cache/ms-playwright/chromium_headless_shell-1208/chrome-headless-shell-linux64/chrome-headless-shell --disable-field-trial-config --disable-background-networking --disable-background-timer-throttling --disable-backgrounding-occluded-windows --disable-back-forward-cache --disable-breakpad --disable-client-side-phishing-detection --disable-component-extensions-with-background-pages --disable-component-update --no-default-browser-check --disable-default-apps --disable-dev-shm-usage --disable-extensions --disable-features=AvoidUnnecessaryBeforeUnloadCheckSync,BoundaryEventDispatchTracksNodeRemoval,DestroyProfileOnBrowserClose,DialMediaRouteProvider,GlobalMediaControls,HttpsUpgrades,LensOverlay,MediaRouter,PaintHolding,ThirdPartyStoragePartitioning,Translate,AutoDeElevate,RenderDocument,OptimizationHints --enable-features=CDPScreenshotNewSurface --allow-pre-commit-input --disable-hang-monitor --disable-ipc-flooding-protection --disable-popup-blocking --disable-prompt-on-repost --disable-renderer-backgrounding --force-color-profile=srgb --metrics-recording-only --no-first-run --password-store=basic --use-mock-keychain --no-service-autorun --export-tagged-pdf --disable-search-engine-choice-screen --unsafely-disable-devtools-self-xss-warnings --edge-skip-compat-layer-relaunch --enable-automation --disable-infobars --disable-search-engine-choice-screen --disable-sync --enable-unsafe-swiftshader --headless --hide-scrollbars --mute-audio --blink-settings=primaryHoverType=2,availableHoverTypes=2,primaryPointerType=4,availablePointerTypes=4 --no-sandbox --user-data-dir=/tmp/playwright_chromiumdev_profile-Fn51Yr --remote-debugging-pipe --no-startup-window
<launched> pid=1761
[pid=1761][err] /root/.cache/ms-playwright/chromium_headless_shell-1208/chrome-headless-shell-linux64/chrome-headless-shell: error while loading shared libraries: libatk-1.0.so.0: cannot open shared object file: No such file or directory
Call log:
  - <launching> /root/.cache/ms-playwright/chromium_headless_shell-1208/chrome-headless-shell-linux64/chrome-headless-shell --disable-field-trial-config --disable-background-networking --disable-background-timer-throttling --disable-backgrounding-occluded-windows --disable-back-forward-cache --disable-breakpad --disable-client-side-phishing-detection --disable-component-extensions-with-background-pages --disable-component-update --no-default-browser-check --disable-default-apps --disable-dev-shm-usage --disable-extensions --disable-features=AvoidUnnecessaryBeforeUnloadCheckSync,BoundaryEventDispatchTracksNodeRemoval,DestroyProfileOnBrowserClose,DialMediaRouteProvider,GlobalMediaControls,HttpsUpgrades,LensOverlay,MediaRouter,PaintHolding,ThirdPartyStoragePartitioning,Translate,AutoDeElevate,RenderDocument,OptimizationHints --enable-features=CDPScreenshotNewSurface --allow-pre-commit-input --disable-hang-monitor --disable-ipc-flooding-protection --disable-popup-blocking --disable-prompt-on-repost --disable-renderer-backgrounding --force-color-profile=srgb --metrics-recording-only --no-first-run --password-store=basic --use-mock-keychain --no-service-autorun --export-tagged-pdf --disable-search-engine-choice-screen --unsafely-disable-devtools-self-xss-warnings --edge-skip-compat-layer-relaunch --enable-automation --disable-infobars --disable-search-engine-choice-screen --disable-sync --enable-unsafe-swiftshader --headless --hide-scrollbars --mute-audio --blink-settings=primaryHoverType=2,availableHoverTypes=2,primaryPointerType=4,availablePointerTypes=4 --no-sandbox --user-data-dir=/tmp/playwright_chromiumdev_profile-Fn51Yr --remote-debugging-pipe --no-startup-window
  - <launched> pid=1761
  - [pid=1761][err] /root/.cache/ms-playwright/chromium_headless_shell-1208/chrome-headless-shell-linux64/chrome-headless-shell: error while loading shared libraries: libatk-1.0.so.0: cannot open shared object file: No such file or directory
  - [pid=1761] <gracefully close start>
  - [pid=1761] <kill>
  - [pid=1761] <will force kill>
  - [pid=1761] exception while trying to kill process: Error: kill ESRCH
  - [pid=1761] <process did exit: exitCode=127, signal=null>
  - [pid=1761] starting temporary directories cleanup
  - [pid=1761] finished temporary directories cleanup
  - [pid=1761] <gracefully close end>",,,,Low,0.0,False,False,False,,failed_fetch_strict_lexical_suspected,,fetch_timeout_or_fetch_failed,hashing_shortlist
131,agraniexpress.com,https://agraniexpress.com,02-04-2026.csv,Air India,airindiaexpress.com,0.8919,True,True,True,False,0,0,0,0,0,False,lexical_hit,False,False,False,0,0,0,False,False,agraniexpress.com,,0,True,lexical_hit,True,True,True,resolved,accepted,failed,failed,RayTaskError(TargetClosedError),"[36mray::_HashBrowserActorImpl.render()[39m (pid=708, ip=172.19.2.2, actor_id=c8fdda542d9e67d0171c86b701000000, repr=<phishing_pipeline.ray_runtime._HashBrowserActorImpl object at 0x79690ef41340>)
  File ""/usr/lib/python3.12/concurrent/futures/_base.py"", line 449, in result
    return self.__get_result()
           ^^^^^^^^^^^^^^^^^^^
  File ""/usr/lib/python3.12/concurrent/futures/_base.py"", line 401, in __get_result
    raise self._exception
           ^^^^^^^^^^^^^^^^^^^^^^^^^^^^^^^^^^^^^
  File ""/kaggle/working/phishing_ml/phishing_pipeline/ray_runtime.py"", line 666, in render
    await self._ensure_browser()
           ^^^^^^^^^^^^^^^^^^^^^^^^^^^^^^^^^^^^^
  File ""/kaggle/working/phishing_ml/phishing_pipeline/ray_runtime.py"", line 645, in _ensure_browser
    self._browser = await self._playwright.chromium.launch(**launch_kwargs)
                    ^^^^^^^^^^^^^^^^^^^^^^^^^^^^^^^^^^^^^^^^^^^^^^^^^^^^^^^
  File ""/usr/local/lib/python3.12/dist-packages/playwright/async_api/_generated.py"", line 14547, in launch
    await self._impl_obj.launch(
  File ""/usr/local/lib/python3.12/dist-packages/playwright/_impl/_browser_type.py"", line 97, in launch
    await self._channel.send(
  File ""/usr/local/lib/python3.12/dist-packages/playwright/_impl/_connection.py"", line 69, in send
    return await self._connection.wrap_api_call(
           ^^^^^^^^^^^^^^^^^^^^^^^^^^^^^^^^^^^^^
  File ""/usr/local/lib/python3.12/dist-packages/playwright/_impl/_connection.py"", line 559, in wrap_api_call
    raise rewrite_error(error, f""{parsed_st['apiName']}: {error}"") from None
playwright._impl._errors.TargetClosedError: BrowserType.launch: Target page, context or browser has been closed
Browser logs:

<launching> /root/.cache/ms-playwright/chromium_headless_shell-1208/chrome-headless-shell-linux64/chrome-headless-shell --disable-field-trial-config --disable-background-networking --disable-background-timer-throttling --disable-backgrounding-occluded-windows --disable-back-forward-cache --disable-breakpad --disable-client-side-phishing-detection --disable-component-extensions-with-background-pages --disable-component-update --no-default-browser-check --disable-default-apps --disable-dev-shm-usage --disable-extensions --disable-features=AvoidUnnecessaryBeforeUnloadCheckSync,BoundaryEventDispatchTracksNodeRemoval,DestroyProfileOnBrowserClose,DialMediaRouteProvider,GlobalMediaControls,HttpsUpgrades,LensOverlay,MediaRouter,PaintHolding,ThirdPartyStoragePartitioning,Translate,AutoDeElevate,RenderDocument,OptimizationHints --enable-features=CDPScreenshotNewSurface --allow-pre-commit-input --disable-hang-monitor --disable-ipc-flooding-protection --disable-popup-blocking --disable-prompt-on-repost --disable-renderer-backgrounding --force-color-profile=srgb --metrics-recording-only --no-first-run --password-store=basic --use-mock-keychain --no-service-autorun --export-tagged-pdf --disable-search-engine-choice-screen --unsafely-disable-devtools-self-xss-warnings --edge-skip-compat-layer-relaunch --enable-automation --disable-infobars --disable-search-engine-choice-screen --disable-sync --enable-unsafe-swiftshader --headless --hide-scrollbars --mute-audio --blink-settings=primaryHoverType=2,availableHoverTypes=2,primaryPointerType=4,availablePointerTypes=4 --no-sandbox --user-data-dir=/tmp/playwright_chromiumdev_profile-5IUi8k --remote-debugging-pipe --no-startup-window
<launched> pid=1779
[pid=1779][err] /root/.cache/ms-playwright/chromium_headless_shell-1208/chrome-headless-shell-linux64/chrome-headless-shell: error while loading shared libraries: libatk-1.0.so.0: cannot open shared object file: No such file or directory
Call log:
  - <launching> /root/.cache/ms-playwright/chromium_headless_shell-1208/chrome-headless-shell-linux64/chrome-headless-shell --disable-field-trial-config --disable-background-networking --disable-background-timer-throttling --disable-backgrounding-occluded-windows --disable-back-forward-cache --disable-breakpad --disable-client-side-phishing-detection --disable-component-extensions-with-background-pages --disable-component-update --no-default-browser-check --disable-default-apps --disable-dev-shm-usage --disable-extensions --disable-features=AvoidUnnecessaryBeforeUnloadCheckSync,BoundaryEventDispatchTracksNodeRemoval,DestroyProfileOnBrowserClose,DialMediaRouteProvider,GlobalMediaControls,HttpsUpgrades,LensOverlay,MediaRouter,PaintHolding,ThirdPartyStoragePartitioning,Translate,AutoDeElevate,RenderDocument,OptimizationHints --enable-features=CDPScreenshotNewSurface --allow-pre-commit-input --disable-hang-monitor --disable-ipc-flooding-protection --disable-popup-blocking --disable-prompt-on-repost --disable-renderer-backgrounding --force-color-profile=srgb --metrics-recording-only --no-first-run --password-store=basic --use-mock-keychain --no-service-autorun --export-tagged-pdf --disable-search-engine-choice-screen --unsafely-disable-devtools-self-xss-warnings --edge-skip-compat-layer-relaunch --enable-automation --disable-infobars --disable-search-engine-choice-screen --disable-sync --enable-unsafe-swiftshader --headless --hide-scrollbars --mute-audio --blink-settings=primaryHoverType=2,availableHoverTypes=2,primaryPointerType=4,availablePointerTypes=4 --no-sandbox --user-data-dir=/tmp/playwright_chromiumdev_profile-5IUi8k --remote-debugging-pipe --no-startup-window
  - <launched> pid=1779
  - [pid=1779][err] /root/.cache/ms-playwright/chromium_headless_shell-1208/chrome-headless-shell-linux64/chrome-headless-shell: error while loading shared libraries: libatk-1.0.so.0: cannot open shared object file: No such file or directory
  - [pid=1779] <gracefully close start>
  - [pid=1779] <kill>
  - [pid=1779] <will force kill>
  - [pid=1779] exception while trying to kill process: Error: kill ESRCH
  - [pid=1779] <process did exit: exitCode=127, signal=null>
  - [pid=1779] starting temporary directories cleanup
  - [pid=1779] finished temporary directories cleanup
  - [pid=1779] <gracefully close end>",,,,Low,0.0,False,False,False,,failed_fetch_strict_lexical_suspected,,fetch_timeout_or_fetch_failed,hashing_shortlist
132,axislead.com,https://axislead.com,02-04-2026.csv,Axis Bank,axismf.com,0.8333,True,True,False,False,0,0,0,0,0,False,lexical_hit,False,False,False,0,0,0,False,False,axislead.com,,0,True,lexical_hit,True,True,True,resolved,accepted,failed,failed,RayTaskError(TargetClosedError),"[36mray::_HashBrowserActorImpl.render()[39m (pid=708, ip=172.19.2.2, actor_id=c8fdda542d9e67d0171c86b701000000, repr=<phishing_pipeline.ray_runtime._HashBrowserActorImpl object at 0x79690ef41340>)
  File ""/usr/lib/python3.12/concurrent/futures/_base.py"", line 449, in result
    return self.__get_result()
           ^^^^^^^^^^^^^^^^^^^
  File ""/usr/lib/python3.12/concurrent/futures/_base.py"", line 401, in __get_result
    raise self._exception
           ^^^^^^^^^^^^^^^^^^^^^^^^^^^^^^^^^^^^^
  File ""/kaggle/working/phishing_ml/phishing_pipeline/ray_runtime.py"", line 666, in render
    await self._ensure_browser()
           ^^^^^^^^^^^^^^^^^^^^^^^^^^^^^^^^^^^^^
  File ""/kaggle/working/phishing_ml/phishing_pipeline/ray_runtime.py"", line 645, in _ensure_browser
    self._browser = await self._playwright.chromium.launch(**launch_kwargs)
                    ^^^^^^^^^^^^^^^^^^^^^^^^^^^^^^^^^^^^^^^^^^^^^^^^^^^^^^^
  File ""/usr/local/lib/python3.12/dist-packages/playwright/async_api/_generated.py"", line 14547, in launch
    await self._impl_obj.launch(
  File ""/usr/local/lib/python3.12/dist-packages/playwright/_impl/_browser_type.py"", line 97, in launch
    await self._channel.send(
  File ""/usr/local/lib/python3.12/dist-packages/playwright/_impl/_connection.py"", line 69, in send
    return await self._connection.wrap_api_call(
           ^^^^^^^^^^^^^^^^^^^^^^^^^^^^^^^^^^^^^
  File ""/usr/local/lib/python3.12/dist-packages/playwright/_impl/_connection.py"", line 559, in wrap_api_call
    raise rewrite_error(error, f""{parsed_st['apiName']}: {error}"") from None
playwright._impl._errors.TargetClosedError: BrowserType.launch: Target page, context or browser has been closed
Browser logs:

<launching> /root/.cache/ms-playwright/chromium_headless_shell-1208/chrome-headless-shell-linux64/chrome-headless-shell --disable-field-trial-config --disable-background-networking --disable-background-timer-throttling --disable-backgrounding-occluded-windows --disable-back-forward-cache --disable-breakpad --disable-client-side-phishing-detection --disable-component-extensions-with-background-pages --disable-component-update --no-default-browser-check --disable-default-apps --disable-dev-shm-usage --disable-extensions --disable-features=AvoidUnnecessaryBeforeUnloadCheckSync,BoundaryEventDispatchTracksNodeRemoval,DestroyProfileOnBrowserClose,DialMediaRouteProvider,GlobalMediaControls,HttpsUpgrades,LensOverlay,MediaRouter,PaintHolding,ThirdPartyStoragePartitioning,Translate,AutoDeElevate,RenderDocument,OptimizationHints --enable-features=CDPScreenshotNewSurface --allow-pre-commit-input --disable-hang-monitor --disable-ipc-flooding-protection --disable-popup-blocking --disable-prompt-on-repost --disable-renderer-backgrounding --force-color-profile=srgb --metrics-recording-only --no-first-run --password-store=basic --use-mock-keychain --no-service-autorun --export-tagged-pdf --disable-search-engine-choice-screen --unsafely-disable-devtools-self-xss-warnings --edge-skip-compat-layer-relaunch --enable-automation --disable-infobars --disable-search-engine-choice-screen --disable-sync --enable-unsafe-swiftshader --headless --hide-scrollbars --mute-audio --blink-settings=primaryHoverType=2,availableHoverTypes=2,primaryPointerType=4,availablePointerTypes=4 --no-sandbox --user-data-dir=/tmp/playwright_chromiumdev_profile-60ljN8 --remote-debugging-pipe --no-startup-window
<launched> pid=1793
[pid=1793][err] /root/.cache/ms-playwright/chromium_headless_shell-1208/chrome-headless-shell-linux64/chrome-headless-shell: error while loading shared libraries: libatk-1.0.so.0: cannot open shared object file: No such file or directory
Call log:
  - <launching> /root/.cache/ms-playwright/chromium_headless_shell-1208/chrome-headless-shell-linux64/chrome-headless-shell --disable-field-trial-config --disable-background-networking --disable-background-timer-throttling --disable-backgrounding-occluded-windows --disable-back-forward-cache --disable-breakpad --disable-client-side-phishing-detection --disable-component-extensions-with-background-pages --disable-component-update --no-default-browser-check --disable-default-apps --disable-dev-shm-usage --disable-extensions --disable-features=AvoidUnnecessaryBeforeUnloadCheckSync,BoundaryEventDispatchTracksNodeRemoval,DestroyProfileOnBrowserClose,DialMediaRouteProvider,GlobalMediaControls,HttpsUpgrades,LensOverlay,MediaRouter,PaintHolding,ThirdPartyStoragePartitioning,Translate,AutoDeElevate,RenderDocument,OptimizationHints --enable-features=CDPScreenshotNewSurface --allow-pre-commit-input --disable-hang-monitor --disable-ipc-flooding-protection --disable-popup-blocking --disable-prompt-on-repost --disable-renderer-backgrounding --force-color-profile=srgb --metrics-recording-only --no-first-run --password-store=basic --use-mock-keychain --no-service-autorun --export-tagged-pdf --disable-search-engine-choice-screen --unsafely-disable-devtools-self-xss-warnings --edge-skip-compat-layer-relaunch --enable-automation --disable-infobars --disable-search-engine-choice-screen --disable-sync --enable-unsafe-swiftshader --headless --hide-scrollbars --mute-audio --blink-settings=primaryHoverType=2,availableHoverTypes=2,primaryPointerType=4,availablePointerTypes=4 --no-sandbox --user-data-dir=/tmp/playwright_chromiumdev_profile-60ljN8 --remote-debugging-pipe --no-startup-window
  - <launched> pid=1793
  - [pid=1793][err] /root/.cache/ms-playwright/chromium_headless_shell-1208/chrome-headless-shell-linux64/chrome-headless-shell: error while loading shared libraries: libatk-1.0.so.0: cannot open shared object file: No such file or directory
  - [pid=1793] <gracefully close start>
  - [pid=1793] <kill>
  - [pid=1793] <will force kill>
  - [pid=1793] exception while trying to kill process: Error: kill ESRCH
  - [pid=1793] <process did exit: exitCode=127, signal=null>
  - [pid=1793] starting temporary directories cleanup
  - [pid=1793] finished temporary directories cleanup
  - [pid=1793] <gracefully close end>",,,,Low,0.0,False,False,False,,failed_fetch_strict_lexical_suspected,,fetch_timeout_or_fetch_failed,hashing_shortlist
134,rbi-houston.org,https://rbi-houston.org,02-04-2026.csv,Reserve Bank of India (RBI),rbi.org.in,0.8303,True,True,False,False,0,0,0,0,0,False,lexical_hit,False,False,False,0,0,0,False,False,rbi-houston.org,,0,True,lexical_hit,True,True,True,resolved,accepted,failed,failed,RayTaskError(TargetClosedError),"[36mray::_HashBrowserActorImpl.render()[39m (pid=708, ip=172.19.2.2, actor_id=c8fdda542d9e67d0171c86b701000000, repr=<phishing_pipeline.ray_runtime._HashBrowserActorImpl object at 0x79690ef41340>)
  File ""/usr/lib/python3.12/concurrent/futures/_base.py"", line 456, in result
    return self.__get_result()
           ^^^^^^^^^^^^^^^^^^^
  File ""/usr/lib/python3.12/concurrent/futures/_base.py"", line 401, in __get_result
    raise self._exception
           ^^^^^^^^^^^^^^^^^^^^^^^^^^^^^^^^^^^^^
  File ""/kaggle/working/phishing_ml/phishing_pipeline/ray_runtime.py"", line 666, in render
    await self._ensure_browser()
           ^^^^^^^^^^^^^^^^^^^^^^^^^^^^^^^^^^^^^
  File ""/kaggle/working/phishing_ml/phishing_pipeline/ray_runtime.py"", line 645, in _ensure_browser
    self._browser = await self._playwright.chromium.launch(**launch_kwargs)
                    ^^^^^^^^^^^^^^^^^^^^^^^^^^^^^^^^^^^^^^^^^^^^^^^^^^^^^^^
  File ""/usr/local/lib/python3.12/dist-packages/playwright/async_api/_generated.py"", line 14547, in launch
    await self._impl_obj.launch(
  File ""/usr/local/lib/python3.12/dist-packages/playwright/_impl/_browser_type.py"", line 97, in launch
    await self._channel.send(
  File ""/usr/local/lib/python3.12/dist-packages/playwright/_impl/_connection.py"", line 69, in send
    return await self._connection.wrap_api_call(
           ^^^^^^^^^^^^^^^^^^^^^^^^^^^^^^^^^^^^^
  File ""/usr/local/lib/python3.12/dist-packages/playwright/_impl/_connection.py"", line 559, in wrap_api_call
    raise rewrite_error(error, f""{parsed_st['apiName']}: {error}"") from None
playwright._impl._errors.TargetClosedError: BrowserType.launch: Target page, context or browser has been closed
Browser logs:

<launching> /root/.cache/ms-playwright/chromium_headless_shell-1208/chrome-headless-shell-linux64/chrome-headless-shell --disable-field-trial-config --disable-background-networking --disable-background-timer-throttling --disable-backgrounding-occluded-windows --disable-back-forward-cache --disable-breakpad --disable-client-side-phishing-detection --disable-component-extensions-with-background-pages --disable-component-update --no-default-browser-check --disable-default-apps --disable-dev-shm-usage --disable-extensions --disable-features=AvoidUnnecessaryBeforeUnloadCheckSync,BoundaryEventDispatchTracksNodeRemoval,DestroyProfileOnBrowserClose,DialMediaRouteProvider,GlobalMediaControls,HttpsUpgrades,LensOverlay,MediaRouter,PaintHolding,ThirdPartyStoragePartitioning,Translate,AutoDeElevate,RenderDocument,OptimizationHints --enable-features=CDPScreenshotNewSurface --allow-pre-commit-input --disable-hang-monitor --disable-ipc-flooding-protection --disable-popup-blocking --disable-prompt-on-repost --disable-renderer-backgrounding --force-color-profile=srgb --metrics-recording-only --no-first-run --password-store=basic --use-mock-keychain --no-service-autorun --export-tagged-pdf --disable-search-engine-choice-screen --unsafely-disable-devtools-self-xss-warnings --edge-skip-compat-layer-relaunch --enable-automation --disable-infobars --disable-search-engine-choice-screen --disable-sync --enable-unsafe-swiftshader --headless --hide-scrollbars --mute-audio --blink-settings=primaryHoverType=2,availableHoverTypes=2,primaryPointerType=4,availablePointerTypes=4 --no-sandbox --user-data-dir=/tmp/playwright_chromiumdev_profile-fCpBJn --remote-debugging-pipe --no-startup-window
<launched> pid=1807
[pid=1807][err] /root/.cache/ms-playwright/chromium_headless_shell-1208/chrome-headless-shell-linux64/chrome-headless-shell: error while loading shared libraries: libatk-1.0.so.0: cannot open shared object file: No such file or directory
Call log:
  - <launching> /root/.cache/ms-playwright/chromium_headless_shell-1208/chrome-headless-shell-linux64/chrome-headless-shell --disable-field-trial-config --disable-background-networking --disable-background-timer-throttling --disable-backgrounding-occluded-windows --disable-back-forward-cache --disable-breakpad --disable-client-side-phishing-detection --disable-component-extensions-with-background-pages --disable-component-update --no-default-browser-check --disable-default-apps --disable-dev-shm-usage --disable-extensions --disable-features=AvoidUnnecessaryBeforeUnloadCheckSync,BoundaryEventDispatchTracksNodeRemoval,DestroyProfileOnBrowserClose,DialMediaRouteProvider,GlobalMediaControls,HttpsUpgrades,LensOverlay,MediaRouter,PaintHolding,ThirdPartyStoragePartitioning,Translate,AutoDeElevate,RenderDocument,OptimizationHints --enable-features=CDPScreenshotNewSurface --allow-pre-commit-input --disable-hang-monitor --disable-ipc-flooding-protection --disable-popup-blocking --disable-prompt-on-repost --disable-renderer-backgrounding --force-color-profile=srgb --metrics-recording-only --no-first-run --password-store=basic --use-mock-keychain --no-service-autorun --export-tagged-pdf --disable-search-engine-choice-screen --unsafely-disable-devtools-self-xss-warnings --edge-skip-compat-layer-relaunch --enable-automation --disable-infobars --disable-search-engine-choice-screen --disable-sync --enable-unsafe-swiftshader --headless --hide-scrollbars --mute-audio --blink-settings=primaryHoverType=2,availableHoverTypes=2,primaryPointerType=4,availablePointerTypes=4 --no-sandbox --user-data-dir=/tmp/playwright_chromiumdev_profile-fCpBJn --remote-debugging-pipe --no-startup-window
  - <launched> pid=1807
  - [pid=1807][err] /root/.cache/ms-playwright/chromium_headless_shell-1208/chrome-headless-shell-linux64/chrome-headless-shell: error while loading shared libraries: libatk-1.0.so.0: cannot open shared object file: No such file or directory
  - [pid=1807] <gracefully close start>
  - [pid=1807] <kill>
  - [pid=1807] <will force kill>
  - [pid=1807] exception while trying to kill process: Error: kill ESRCH
  - [pid=1807] <process did exit: exitCode=127, signal=null>
  - [pid=1807] starting temporary directories cleanup
  - [pid=1807] finished temporary directories cleanup
  - [pid=1807] <gracefully close end>",,,,Low,0.0,False,False,False,,failed_fetch_strict_lexical_suspected,,fetch_timeout_or_fetch_failed,hashing_shortlist
139,campions.com,https://campions.com,02-04-2026.csv,Computer Age Management Services Ltd. (CAMS),camsonline.com,0.8675,True,True,True,False,0,0,0,0,0,False,lexical_hit,False,False,False,0,0,0,False,False,campions.com,,0,True,lexical_hit,True,True,True,resolved,accepted,failed,failed,RayTaskError(TargetClosedError),"[36mray::_HashBrowserActorImpl.render()[39m (pid=708, ip=172.19.2.2, actor_id=c8fdda542d9e67d0171c86b701000000, repr=<phishing_pipeline.ray_runtime._HashBrowserActorImpl object at 0x79690ef41340>)
  File ""/usr/lib/python3.12/concurrent/futures/_base.py"", line 456, in result
    return self.__get_result()
           ^^^^^^^^^^^^^^^^^^^
  File ""/usr/lib/python3.12/concurrent/futures/_base.py"", line 401, in __get_result
    raise self._exception
           ^^^^^^^^^^^^^^^^^^^^^^^^^^^^^^^^^^^^^
  File ""/kaggle/working/phishing_ml/phishing_pipeline/ray_runtime.py"", line 666, in render
    await self._ensure_browser()
           ^^^^^^^^^^^^^^^^^^^^^^^^^^^^^^^^^^^^^
  File ""/kaggle/working/phishing_ml/phishing_pipeline/ray_runtime.py"", line 645, in _ensure_browser
    self._browser = await self._playwright.chromium.launch(**launch_kwargs)
                    ^^^^^^^^^^^^^^^^^^^^^^^^^^^^^^^^^^^^^^^^^^^^^^^^^^^^^^^
  File ""/usr/local/lib/python3.12/dist-packages/playwright/async_api/_generated.py"", line 14547, in launch
    await self._impl_obj.launch(
  File ""/usr/local/lib/python3.12/dist-packages/playwright/_impl/_browser_type.py"", line 97, in launch
    await self._channel.send(
  File ""/usr/local/lib/python3.12/dist-packages/playwright/_impl/_connection.py"", line 69, in send
    return await self._connection.wrap_api_call(
           ^^^^^^^^^^^^^^^^^^^^^^^^^^^^^^^^^^^^^
  File ""/usr/local/lib/python3.12/dist-packages/playwright/_impl/_connection.py"", line 559, in wrap_api_call
    raise rewrite_error(error, f""{parsed_st['apiName']}: {error}"") from None
playwright._impl._errors.TargetClosedError: BrowserType.launch: Target page, context or browser has been closed
Browser logs:

<launching> /root/.cache/ms-playwright/chromium_headless_shell-1208/chrome-headless-shell-linux64/chrome-headless-shell --disable-field-trial-config --disable-background-networking --disable-background-timer-throttling --disable-backgrounding-occluded-windows --disable-back-forward-cache --disable-breakpad --disable-client-side-phishing-detection --disable-component-extensions-with-background-pages --disable-component-update --no-default-browser-check --disable-default-apps --disable-dev-shm-usage --disable-extensions --disable-features=AvoidUnnecessaryBeforeUnloadCheckSync,BoundaryEventDispatchTracksNodeRemoval,DestroyProfileOnBrowserClose,DialMediaRouteProvider,GlobalMediaControls,HttpsUpgrades,LensOverlay,MediaRouter,PaintHolding,ThirdPartyStoragePartitioning,Translate,AutoDeElevate,RenderDocument,OptimizationHints --enable-features=CDPScreenshotNewSurface --allow-pre-commit-input --disable-hang-monitor --disable-ipc-flooding-protection --disable-popup-blocking --disable-prompt-on-repost --disable-renderer-backgrounding --force-color-profile=srgb --metrics-recording-only --no-first-run --password-store=basic --use-mock-keychain --no-service-autorun --export-tagged-pdf --disable-search-engine-choice-screen --unsafely-disable-devtools-self-xss-warnings --edge-skip-compat-layer-relaunch --enable-automation --disable-infobars --disable-search-engine-choice-screen --disable-sync --enable-unsafe-swiftshader --headless --hide-scrollbars --mute-audio --blink-settings=primaryHoverType=2,availableHoverTypes=2,primaryPointerType=4,availablePointerTypes=4 --no-sandbox --user-data-dir=/tmp/playwright_chromiumdev_profile-ChGJcg --remote-debugging-pipe --no-startup-window
<launched> pid=1885
[pid=1885][err] /root/.cache/ms-playwright/chromium_headless_shell-1208/chrome-headless-shell-linux64/chrome-headless-shell: error while loading shared libraries: libatk-1.0.so.0: cannot open shared object file: No such file or directory
Call log:
  - <launching> /root/.cache/ms-playwright/chromium_headless_shell-1208/chrome-headless-shell-linux64/chrome-headless-shell --disable-field-trial-config --disable-background-networking --disable-background-timer-throttling --disable-backgrounding-occluded-windows --disable-back-forward-cache --disable-breakpad --disable-client-side-phishing-detection --disable-component-extensions-with-background-pages --disable-component-update --no-default-browser-check --disable-default-apps --disable-dev-shm-usage --disable-extensions --disable-features=AvoidUnnecessaryBeforeUnloadCheckSync,BoundaryEventDispatchTracksNodeRemoval,DestroyProfileOnBrowserClose,DialMediaRouteProvider,GlobalMediaControls,HttpsUpgrades,LensOverlay,MediaRouter,PaintHolding,ThirdPartyStoragePartitioning,Translate,AutoDeElevate,RenderDocument,OptimizationHints --enable-features=CDPScreenshotNewSurface --allow-pre-commit-input --disable-hang-monitor --disable-ipc-flooding-protection --disable-popup-blocking --disable-prompt-on-repost --disable-renderer-backgrounding --force-color-profile=srgb --metrics-recording-only --no-first-run --password-store=basic --use-mock-keychain --no-service-autorun --export-tagged-pdf --disable-search-engine-choice-screen --unsafely-disable-devtools-self-xss-warnings --edge-skip-compat-layer-relaunch --enable-automation --disable-infobars --disable-search-engine-choice-screen --disable-sync --enable-unsafe-swiftshader --headless --hide-scrollbars --mute-audio --blink-settings=primaryHoverType=2,availableHoverTypes=2,primaryPointerType=4,availablePointerTypes=4 --no-sandbox --user-data-dir=/tmp/playwright_chromiumdev_profile-ChGJcg --remote-debugging-pipe --no-startup-window
  - <launched> pid=1885
  - [pid=1885][err] /root/.cache/ms-playwright/chromium_headless_shell-1208/chrome-headless-shell-linux64/chrome-headless-shell: error while loading shared libraries: libatk-1.0.so.0: cannot open shared object file: No such file or directory
  - [pid=1885] <gracefully close start>
  - [pid=1885] <kill>
  - [pid=1885] <will force kill>
  - [pid=1885] exception while trying to kill process: Error: kill ESRCH
  - [pid=1885] <process did exit: exitCode=127, signal=null>
  - [pid=1885] starting temporary directories cleanup
  - [pid=1885] finished temporary directories cleanup
  - [pid=1885] <gracefully close end>",,,,Low,0.0,False,False,False,,failed_fetch_strict_lexical_suspected,,fetch_timeout_or_fetch_failed,hashing_shortlist
146,hruidai.com,https://hruidai.com,02-04-2026.csv,"Unique Identification Authority of India (UIDAI)
",uidai.gov.in,0.9048,True,True,True,False,0,0,0,0,0,False,lexical_hit,False,False,False,0,0,0,False,False,hruidai.com,,0,True,lexical_hit,True,True,True,resolved,accepted,failed,failed,RayTaskError(TargetClosedError),"[36mray::_HashBrowserActorImpl.render()[39m (pid=708, ip=172.19.2.2, actor_id=c8fdda542d9e67d0171c86b701000000, repr=<phishing_pipeline.ray_runtime._HashBrowserActorImpl object at 0x79690ef41340>)
  File ""/usr/lib/python3.12/concurrent/futures/_base.py"", line 449, in result
    return self.__get_result()
           ^^^^^^^^^^^^^^^^^^^
  File ""/usr/lib/python3.12/concurrent/futures/_base.py"", line 401, in __get_result
    raise self._exception
           ^^^^^^^^^^^^^^^^^^^^^^^^^^^^^^^^^^^^^
  File ""/kaggle/working/phishing_ml/phishing_pipeline/ray_runtime.py"", line 666, in render
    await self._ensure_browser()
           ^^^^^^^^^^^^^^^^^^^^^^^^^^^^^^^^^^^^^
  File ""/kaggle/working/phishing_ml/phishing_pipeline/ray_runtime.py"", line 645, in _ensure_browser
    self._browser = await self._playwright.chromium.launch(**launch_kwargs)
                    ^^^^^^^^^^^^^^^^^^^^^^^^^^^^^^^^^^^^^^^^^^^^^^^^^^^^^^^
  File ""/usr/local/lib/python3.12/dist-packages/playwright/async_api/_generated.py"", line 14547, in launch
    await self._impl_obj.launch(
  File ""/usr/local/lib/python3.12/dist-packages/playwright/_impl/_browser_type.py"", line 97, in launch
    await self._channel.send(
  File ""/usr/local/lib/python3.12/dist-packages/playwright/_impl/_connection.py"", line 69, in send
    return await self._connection.wrap_api_call(
           ^^^^^^^^^^^^^^^^^^^^^^^^^^^^^^^^^^^^^
  File ""/usr/local/lib/python3.12/dist-packages/playwright/_impl/_connection.py"", line 559, in wrap_api_call
    raise rewrite_error(error, f""{parsed_st['apiName']}: {error}"") from None
playwright._impl._errors.TargetClosedError: BrowserType.launch: Target page, context or browser has been closed
Browser logs:

<launching> /root/.cache/ms-playwright/chromium_headless_shell-1208/chrome-headless-shell-linux64/chrome-headless-shell --disable-field-trial-config --disable-background-networking --disable-background-timer-throttling --disable-backgrounding-occluded-windows --disable-back-forward-cache --disable-breakpad --disable-client-side-phishing-detection --disable-component-extensions-with-background-pages --disable-component-update --no-default-browser-check --disable-default-apps --disable-dev-shm-usage --disable-extensions --disable-features=AvoidUnnecessaryBeforeUnloadCheckSync,BoundaryEventDispatchTracksNodeRemoval,DestroyProfileOnBrowserClose,DialMediaRouteProvider,GlobalMediaControls,HttpsUpgrades,LensOverlay,MediaRouter,PaintHolding,ThirdPartyStoragePartitioning,Translate,AutoDeElevate,RenderDocument,OptimizationHints --enable-features=CDPScreenshotNewSurface --allow-pre-commit-input --disable-hang-monitor --disable-ipc-flooding-protection --disable-popup-blocking --disable-prompt-on-repost --disable-renderer-backgrounding --force-color-profile=srgb --metrics-recording-only --no-first-run --password-store=basic --use-mock-keychain --no-service-autorun --export-tagged-pdf --disable-search-engine-choice-screen --unsafely-disable-devtools-self-xss-warnings --edge-skip-compat-layer-relaunch --enable-automation --disable-infobars --disable-search-engine-choice-screen --disable-sync --enable-unsafe-swiftshader --headless --hide-scrollbars --mute-audio --blink-settings=primaryHoverType=2,availableHoverTypes=2,primaryPointerType=4,availablePointerTypes=4 --no-sandbox --user-data-dir=/tmp/playwright_chromiumdev_profile-zEDxoT --remote-debugging-pipe --no-startup-window
<launched> pid=1901
[pid=1901][err] /root/.cache/ms-playwright/chromium_headless_shell-1208/chrome-headless-shell-linux64/chrome-headless-shell: error while loading shared libraries: libatk-1.0.so.0: cannot open shared object file: No such file or directory
Call log:
  - <launching> /root/.cache/ms-playwright/chromium_headless_shell-1208/chrome-headless-shell-linux64/chrome-headless-shell --disable-field-trial-config --disable-background-networking --disable-background-timer-throttling --disable-backgrounding-occluded-windows --disable-back-forward-cache --disable-breakpad --disable-client-side-phishing-detection --disable-component-extensions-with-background-pages --disable-component-update --no-default-browser-check --disable-default-apps --disable-dev-shm-usage --disable-extensions --disable-features=AvoidUnnecessaryBeforeUnloadCheckSync,BoundaryEventDispatchTracksNodeRemoval,DestroyProfileOnBrowserClose,DialMediaRouteProvider,GlobalMediaControls,HttpsUpgrades,LensOverlay,MediaRouter,PaintHolding,ThirdPartyStoragePartitioning,Translate,AutoDeElevate,RenderDocument,OptimizationHints --enable-features=CDPScreenshotNewSurface --allow-pre-commit-input --disable-hang-monitor --disable-ipc-flooding-protection --disable-popup-blocking --disable-prompt-on-repost --disable-renderer-backgrounding --force-color-profile=srgb --metrics-recording-only --no-first-run --password-store=basic --use-mock-keychain --no-service-autorun --export-tagged-pdf --disable-search-engine-choice-screen --unsafely-disable-devtools-self-xss-warnings --edge-skip-compat-layer-relaunch --enable-automation --disable-infobars --disable-search-engine-choice-screen --disable-sync --enable-unsafe-swiftshader --headless --hide-scrollbars --mute-audio --blink-settings=primaryHoverType=2,availableHoverTypes=2,primaryPointerType=4,availablePointerTypes=4 --no-sandbox --user-data-dir=/tmp/playwright_chromiumdev_profile-zEDxoT --remote-debugging-pipe --no-startup-window
  - <launched> pid=1901
  - [pid=1901][err] /root/.cache/ms-playwright/chromium_headless_shell-1208/chrome-headless-shell-linux64/chrome-headless-shell: error while loading shared libraries: libatk-1.0.so.0: cannot open shared object file: No such file or directory
  - [pid=1901] <gracefully close start>
  - [pid=1901] <kill>
  - [pid=1901] <will force kill>
  - [pid=1901] exception while trying to kill process: Error: kill ESRCH
  - [pid=1901] <process did exit: exitCode=127, signal=null>
  - [pid=1901] starting temporary directories cleanup
  - [pid=1901] finished temporary directories cleanup
  - [pid=1901] <gracefully close end>",,,,Low,0.0,False,False,False,,failed_fetch_strict_lexical_suspected,,fetch_timeout_or_fetch_failed,hashing_shortlist
149,hdfcbankaccount.com,https://hdfcbankaccount.com,02-04-2026.csv,HDFC Bank,netbanking.hdfcbank.com,0.9067,True,True,True,False,0,0,0,0,0,False,lexical_hit,False,False,False,0,0,0,False,False,hdfcbankaccount.com,,0,True,lexical_hit,True,True,True,resolved,accepted,failed,failed,RayTaskError(TargetClosedError),"[36mray::_HashBrowserActorImpl.render()[39m (pid=708, ip=172.19.2.2, actor_id=c8fdda542d9e67d0171c86b701000000, repr=<phishing_pipeline.ray_runtime._HashBrowserActorImpl object at 0x79690ef41340>)
  File ""/usr/lib/python3.12/concurrent/futures/_base.py"", line 456, in result
    return self.__get_result()
           ^^^^^^^^^^^^^^^^^^^
  File ""/usr/lib/python3.12/concurrent/futures/_base.py"", line 401, in __get_result
    raise self._exception
           ^^^^^^^^^^^^^^^^^^^^^^^^^^^^^^^^^^^^^
  File ""/kaggle/working/phishing_ml/phishing_pipeline/ray_runtime.py"", line 666, in render
    await self._ensure_browser()
           ^^^^^^^^^^^^^^^^^^^^^^^^^^^^^^^^^^^^^
  File ""/kaggle/working/phishing_ml/phishing_pipeline/ray_runtime.py"", line 645, in _ensure_browser
    self._browser = await self._playwright.chromium.launch(**launch_kwargs)
                    ^^^^^^^^^^^^^^^^^^^^^^^^^^^^^^^^^^^^^^^^^^^^^^^^^^^^^^^
  File ""/usr/local/lib/python3.12/dist-packages/playwright/async_api/_generated.py"", line 14547, in launch
    await self._impl_obj.launch(
  File ""/usr/local/lib/python3.12/dist-packages/playwright/_impl/_browser_type.py"", line 97, in launch
    await self._channel.send(
  File ""/usr/local/lib/python3.12/dist-packages/playwright/_impl/_connection.py"", line 69, in send
    return await self._connection.wrap_api_call(
           ^^^^^^^^^^^^^^^^^^^^^^^^^^^^^^^^^^^^^
  File ""/usr/local/lib/python3.12/dist-packages/playwright/_impl/_connection.py"", line 559, in wrap_api_call
    raise rewrite_error(error, f""{parsed_st['apiName']}: {error}"") from None
playwright._impl._errors.TargetClosedError: BrowserType.launch: Target page, context or browser has been closed
Browser logs:

<launching> /root/.cache/ms-playwright/chromium_headless_shell-1208/chrome-headless-shell-linux64/chrome-headless-shell --disable-field-trial-config --disable-background-networking --disable-background-timer-throttling --disable-backgrounding-occluded-windows --disable-back-forward-cache --disable-breakpad --disable-client-side-phishing-detection --disable-component-extensions-with-background-pages --disable-component-update --no-default-browser-check --disable-default-apps --disable-dev-shm-usage --disable-extensions --disable-features=AvoidUnnecessaryBeforeUnloadCheckSync,BoundaryEventDispatchTracksNodeRemoval,DestroyProfileOnBrowserClose,DialMediaRouteProvider,GlobalMediaControls,HttpsUpgrades,LensOverlay,MediaRouter,PaintHolding,ThirdPartyStoragePartitioning,Translate,AutoDeElevate,RenderDocument,OptimizationHints --enable-features=CDPScreenshotNewSurface --allow-pre-commit-input --disable-hang-monitor --disable-ipc-flooding-protection --disable-popup-blocking --disable-prompt-on-repost --disable-renderer-backgrounding --force-color-profile=srgb --metrics-recording-only --no-first-run --password-store=basic --use-mock-keychain --no-service-autorun --export-tagged-pdf --disable-search-engine-choice-screen --unsafely-disable-devtools-self-xss-warnings --edge-skip-compat-layer-relaunch --enable-automation --disable-infobars --disable-search-engine-choice-screen --disable-sync --enable-unsafe-swiftshader --headless --hide-scrollbars --mute-audio --blink-settings=primaryHoverType=2,availableHoverTypes=2,primaryPointerType=4,availablePointerTypes=4 --no-sandbox --user-data-dir=/tmp/playwright_chromiumdev_profile-aA3zMO --remote-debugging-pipe --no-startup-window
<launched> pid=1915
[pid=1915][err] /root/.cache/ms-playwright/chromium_headless_shell-1208/chrome-headless-shell-linux64/chrome-headless-shell: error while loading shared libraries: libatk-1.0.so.0: cannot open shared object file: No such file or directory
Call log:
  - <launching> /root/.cache/ms-playwright/chromium_headless_shell-1208/chrome-headless-shell-linux64/chrome-headless-shell --disable-field-trial-config --disable-background-networking --disable-background-timer-throttling --disable-backgrounding-occluded-windows --disable-back-forward-cache --disable-breakpad --disable-client-side-phishing-detection --disable-component-extensions-with-background-pages --disable-component-update --no-default-browser-check --disable-default-apps --disable-dev-shm-usage --disable-extensions --disable-features=AvoidUnnecessaryBeforeUnloadCheckSync,BoundaryEventDispatchTracksNodeRemoval,DestroyProfileOnBrowserClose,DialMediaRouteProvider,GlobalMediaControls,HttpsUpgrades,LensOverlay,MediaRouter,PaintHolding,ThirdPartyStoragePartitioning,Translate,AutoDeElevate,RenderDocument,OptimizationHints --enable-features=CDPScreenshotNewSurface --allow-pre-commit-input --disable-hang-monitor --disable-ipc-flooding-protection --disable-popup-blocking --disable-prompt-on-repost --disable-renderer-backgrounding --force-color-profile=srgb --metrics-recording-only --no-first-run --password-store=basic --use-mock-keychain --no-service-autorun --export-tagged-pdf --disable-search-engine-choice-screen --unsafely-disable-devtools-self-xss-warnings --edge-skip-compat-layer-relaunch --enable-automation --disable-infobars --disable-search-engine-choice-screen --disable-sync --enable-unsafe-swiftshader --headless --hide-scrollbars --mute-audio --blink-settings=primaryHoverType=2,availableHoverTypes=2,primaryPointerType=4,availablePointerTypes=4 --no-sandbox --user-data-dir=/tmp/playwright_chromiumdev_profile-aA3zMO --remote-debugging-pipe --no-startup-window
  - <launched> pid=1915
  - [pid=1915][err] /root/.cache/ms-playwright/chromium_headless_shell-1208/chrome-headless-shell-linux64/chrome-headless-shell: error while loading shared libraries: libatk-1.0.so.0: cannot open shared object file: No such file or directory
  - [pid=1915] <gracefully close start>
  - [pid=1915] <kill>
  - [pid=1915] <will force kill>
  - [pid=1915] exception while trying to kill process: Error: kill ESRCH
  - [pid=1915] <process did exit: exitCode=127, signal=null>
  - [pid=1915] starting temporary directories cleanup
  - [pid=1915] finished temporary directories cleanup
  - [pid=1915] <gracefully close end>",,,,Low,0.0,False,False,False,,failed_fetch_strict_lexical_suspected,,fetch_timeout_or_fetch_failed,hashing_shortlist
152,sacbronline.com,https://sacbronline.com,02-04-2026.csv,Computer Age Management Services Ltd. (CAMS),camsonline.com,0.869,True,True,True,False,0,0,0,0,0,False,lexical_hit,False,False,False,0,0,0,False,False,sacbronline.com,,0,True,lexical_hit,True,True,True,resolved,accepted,failed,failed,RayTaskError(TargetClosedError),"[36mray::_HashBrowserActorImpl.render()[39m (pid=708, ip=172.19.2.2, actor_id=c8fdda542d9e67d0171c86b701000000, repr=<phishing_pipeline.ray_runtime._HashBrowserActorImpl object at 0x79690ef41340>)
  File ""/usr/lib/python3.12/concurrent/futures/_base.py"", line 449, in result
    return self.__get_result()
           ^^^^^^^^^^^^^^^^^^^
  File ""/usr/lib/python3.12/concurrent/futures/_base.py"", line 401, in __get_result
    raise self._exception
           ^^^^^^^^^^^^^^^^^^^^^^^^^^^^^^^^^^^^^
  File ""/kaggle/working/phishing_ml/phishing_pipeline/ray_runtime.py"", line 666, in render
    await self._ensure_browser()
           ^^^^^^^^^^^^^^^^^^^^^^^^^^^^^^^^^^^^^
  File ""/kaggle/working/phishing_ml/phishing_pipeline/ray_runtime.py"", line 645, in _ensure_browser
    self._browser = await self._playwright.chromium.launch(**launch_kwargs)
                    ^^^^^^^^^^^^^^^^^^^^^^^^^^^^^^^^^^^^^^^^^^^^^^^^^^^^^^^
  File ""/usr/local/lib/python3.12/dist-packages/playwright/async_api/_generated.py"", line 14547, in launch
    await self._impl_obj.launch(
  File ""/usr/local/lib/python3.12/dist-packages/playwright/_impl/_browser_type.py"", line 97, in launch
    await self._channel.send(
  File ""/usr/local/lib/python3.12/dist-packages/playwright/_impl/_connection.py"", line 69, in send
    return await self._connection.wrap_api_call(
           ^^^^^^^^^^^^^^^^^^^^^^^^^^^^^^^^^^^^^
  File ""/usr/local/lib/python3.12/dist-packages/playwright/_impl/_connection.py"", line 559, in wrap_api_call
    raise rewrite_error(error, f""{parsed_st['apiName']}: {error}"") from None
playwright._impl._errors.TargetClosedError: BrowserType.launch: Target page, context or browser has been closed
Browser logs:

<launching> /root/.cache/ms-playwright/chromium_headless_shell-1208/chrome-headless-shell-linux64/chrome-headless-shell --disable-field-trial-config --disable-background-networking --disable-background-timer-throttling --disable-backgrounding-occluded-windows --disable-back-forward-cache --disable-breakpad --disable-client-side-phishing-detection --disable-component-extensions-with-background-pages --disable-component-update --no-default-browser-check --disable-default-apps --disable-dev-shm-usage --disable-extensions --disable-features=AvoidUnnecessaryBeforeUnloadCheckSync,BoundaryEventDispatchTracksNodeRemoval,DestroyProfileOnBrowserClose,DialMediaRouteProvider,GlobalMediaControls,HttpsUpgrades,LensOverlay,MediaRouter,PaintHolding,ThirdPartyStoragePartitioning,Translate,AutoDeElevate,RenderDocument,OptimizationHints --enable-features=CDPScreenshotNewSurface --allow-pre-commit-input --disable-hang-monitor --disable-ipc-flooding-protection --disable-popup-blocking --disable-prompt-on-repost --disable-renderer-backgrounding --force-color-profile=srgb --metrics-recording-only --no-first-run --password-store=basic --use-mock-keychain --no-service-autorun --export-tagged-pdf --disable-search-engine-choice-screen --unsafely-disable-devtools-self-xss-warnings --edge-skip-compat-layer-relaunch --enable-automation --disable-infobars --disable-search-engine-choice-screen --disable-sync --enable-unsafe-swiftshader --headless --hide-scrollbars --mute-audio --blink-settings=primaryHoverType=2,availableHoverTypes=2,primaryPointerType=4,availablePointerTypes=4 --no-sandbox --user-data-dir=/tmp/playwright_chromiumdev_profile-zoXI7S --remote-debugging-pipe --no-startup-window
<launched> pid=1927
[pid=1927][err] /root/.cache/ms-playwright/chromium_headless_shell-1208/chrome-headless-shell-linux64/chrome-headless-shell: error while loading shared libraries: libatk-1.0.so.0: cannot open shared object file: No such file or directory
Call log:
  - <launching> /root/.cache/ms-playwright/chromium_headless_shell-1208/chrome-headless-shell-linux64/chrome-headless-shell --disable-field-trial-config --disable-background-networking --disable-background-timer-throttling --disable-backgrounding-occluded-windows --disable-back-forward-cache --disable-breakpad --disable-client-side-phishing-detection --disable-component-extensions-with-background-pages --disable-component-update --no-default-browser-check --disable-default-apps --disable-dev-shm-usage --disable-extensions --disable-features=AvoidUnnecessaryBeforeUnloadCheckSync,BoundaryEventDispatchTracksNodeRemoval,DestroyProfileOnBrowserClose,DialMediaRouteProvider,GlobalMediaControls,HttpsUpgrades,LensOverlay,MediaRouter,PaintHolding,ThirdPartyStoragePartitioning,Translate,AutoDeElevate,RenderDocument,OptimizationHints --enable-features=CDPScreenshotNewSurface --allow-pre-commit-input --disable-hang-monitor --disable-ipc-flooding-protection --disable-popup-blocking --disable-prompt-on-repost --disable-renderer-backgrounding --force-color-profile=srgb --metrics-recording-only --no-first-run --password-store=basic --use-mock-keychain --no-service-autorun --export-tagged-pdf --disable-search-engine-choice-screen --unsafely-disable-devtools-self-xss-warnings --edge-skip-compat-layer-relaunch --enable-automation --disable-infobars --disable-search-engine-choice-screen --disable-sync --enable-unsafe-swiftshader --headless --hide-scrollbars --mute-audio --blink-settings=primaryHoverType=2,availableHoverTypes=2,primaryPointerType=4,availablePointerTypes=4 --no-sandbox --user-data-dir=/tmp/playwright_chromiumdev_profile-zoXI7S --remote-debugging-pipe --no-startup-window
  - <launched> pid=1927
  - [pid=1927][err] /root/.cache/ms-playwright/chromium_headless_shell-1208/chrome-headless-shell-linux64/chrome-headless-shell: error while loading shared libraries: libatk-1.0.so.0: cannot open shared object file: No such file or directory
  - [pid=1927] <gracefully close start>
  - [pid=1927] <kill>
  - [pid=1927] <will force kill>
  - [pid=1927] exception while trying to kill process: Error: kill ESRCH
  - [pid=1927] <process did exit: exitCode=127, signal=null>
  - [pid=1927] starting temporary directories cleanup
  - [pid=1927] finished temporary directories cleanup
  - [pid=1927] <gracefully close end>",,,,Low,0.0,False,False,False,,failed_fetch_strict_lexical_suspected,,fetch_timeout_or_fetch_failed,hashing_shortlist
157,blessindia.com,https://blessindia.com,02-04-2026.csv,BSE Ltd.,bseindia.com,0.9025,True,True,True,False,0,0,0,0,0,False,lexical_hit,False,False,False,0,0,0,False,False,blessindia.com,,0,True,lexical_hit,True,True,True,resolved,accepted,failed,failed,RayTaskError(TargetClosedError),"[36mray::_HashBrowserActorImpl.render()[39m (pid=708, ip=172.19.2.2, actor_id=c8fdda542d9e67d0171c86b701000000, repr=<phishing_pipeline.ray_runtime._HashBrowserActorImpl object at 0x79690ef41340>)
  File ""/usr/lib/python3.12/concurrent/futures/_base.py"", line 449, in result
    return self.__get_result()
           ^^^^^^^^^^^^^^^^^^^
  File ""/usr/lib/python3.12/concurrent/futures/_base.py"", line 401, in __get_result
    raise self._exception
           ^^^^^^^^^^^^^^^^^^^^^^^^^^^^^^^^^^^^^
  File ""/kaggle/working/phishing_ml/phishing_pipeline/ray_runtime.py"", line 666, in render
    await self._ensure_browser()
           ^^^^^^^^^^^^^^^^^^^^^^^^^^^^^^^^^^^^^
  File ""/kaggle/working/phishing_ml/phishing_pipeline/ray_runtime.py"", line 645, in _ensure_browser
    self._browser = await self._playwright.chromium.launch(**launch_kwargs)
                    ^^^^^^^^^^^^^^^^^^^^^^^^^^^^^^^^^^^^^^^^^^^^^^^^^^^^^^^
  File ""/usr/local/lib/python3.12/dist-packages/playwright/async_api/_generated.py"", line 14547, in launch
    await self._impl_obj.launch(
  File ""/usr/local/lib/python3.12/dist-packages/playwright/_impl/_browser_type.py"", line 97, in launch
    await self._channel.send(
  File ""/usr/local/lib/python3.12/dist-packages/playwright/_impl/_connection.py"", line 69, in send
    return await self._connection.wrap_api_call(
           ^^^^^^^^^^^^^^^^^^^^^^^^^^^^^^^^^^^^^
  File ""/usr/local/lib/python3.12/dist-packages/playwright/_impl/_connection.py"", line 559, in wrap_api_call
    raise rewrite_error(error, f""{parsed_st['apiName']}: {error}"") from None
playwright._impl._errors.TargetClosedError: BrowserType.launch: Target page, context or browser has been closed
Browser logs:

<launching> /root/.cache/ms-playwright/chromium_headless_shell-1208/chrome-headless-shell-linux64/chrome-headless-shell --disable-field-trial-config --disable-background-networking --disable-background-timer-throttling --disable-backgrounding-occluded-windows --disable-back-forward-cache --disable-breakpad --disable-client-side-phishing-detection --disable-component-extensions-with-background-pages --disable-component-update --no-default-browser-check --disable-default-apps --disable-dev-shm-usage --disable-extensions --disable-features=AvoidUnnecessaryBeforeUnloadCheckSync,BoundaryEventDispatchTracksNodeRemoval,DestroyProfileOnBrowserClose,DialMediaRouteProvider,GlobalMediaControls,HttpsUpgrades,LensOverlay,MediaRouter,PaintHolding,ThirdPartyStoragePartitioning,Translate,AutoDeElevate,RenderDocument,OptimizationHints --enable-features=CDPScreenshotNewSurface --allow-pre-commit-input --disable-hang-monitor --disable-ipc-flooding-protection --disable-popup-blocking --disable-prompt-on-repost --disable-renderer-backgrounding --force-color-profile=srgb --metrics-recording-only --no-first-run --password-store=basic --use-mock-keychain --no-service-autorun --export-tagged-pdf --disable-search-engine-choice-screen --unsafely-disable-devtools-self-xss-warnings --edge-skip-compat-layer-relaunch --enable-automation --disable-infobars --disable-search-engine-choice-screen --disable-sync --enable-unsafe-swiftshader --headless --hide-scrollbars --mute-audio --blink-settings=primaryHoverType=2,availableHoverTypes=2,primaryPointerType=4,availablePointerTypes=4 --no-sandbox --user-data-dir=/tmp/playwright_chromiumdev_profile-pufVaI --remote-debugging-pipe --no-startup-window
<launched> pid=2003
[pid=2003][err] /root/.cache/ms-playwright/chromium_headless_shell-1208/chrome-headless-shell-linux64/chrome-headless-shell: error while loading shared libraries: libatk-1.0.so.0: cannot open shared object file: No such file or directory
Call log:
  - <launching> /root/.cache/ms-playwright/chromium_headless_shell-1208/chrome-headless-shell-linux64/chrome-headless-shell --disable-field-trial-config --disable-background-networking --disable-background-timer-throttling --disable-backgrounding-occluded-windows --disable-back-forward-cache --disable-breakpad --disable-client-side-phishing-detection --disable-component-extensions-with-background-pages --disable-component-update --no-default-browser-check --disable-default-apps --disable-dev-shm-usage --disable-extensions --disable-features=AvoidUnnecessaryBeforeUnloadCheckSync,BoundaryEventDispatchTracksNodeRemoval,DestroyProfileOnBrowserClose,DialMediaRouteProvider,GlobalMediaControls,HttpsUpgrades,LensOverlay,MediaRouter,PaintHolding,ThirdPartyStoragePartitioning,Translate,AutoDeElevate,RenderDocument,OptimizationHints --enable-features=CDPScreenshotNewSurface --allow-pre-commit-input --disable-hang-monitor --disable-ipc-flooding-protection --disable-popup-blocking --disable-prompt-on-repost --disable-renderer-backgrounding --force-color-profile=srgb --metrics-recording-only --no-first-run --password-store=basic --use-mock-keychain --no-service-autorun --export-tagged-pdf --disable-search-engine-choice-screen --unsafely-disable-devtools-self-xss-warnings --edge-skip-compat-layer-relaunch --enable-automation --disable-infobars --disable-search-engine-choice-screen --disable-sync --enable-unsafe-swiftshader --headless --hide-scrollbars --mute-audio --blink-settings=primaryHoverType=2,availableHoverTypes=2,primaryPointerType=4,availablePointerTypes=4 --no-sandbox --user-data-dir=/tmp/playwright_chromiumdev_profile-pufVaI --remote-debugging-pipe --no-startup-window
  - <launched> pid=2003
  - [pid=2003][err] /root/.cache/ms-playwright/chromium_headless_shell-1208/chrome-headless-shell-linux64/chrome-headless-shell: error while loading shared libraries: libatk-1.0.so.0: cannot open shared object file: No such file or directory
  - [pid=2003] <gracefully close start>
  - [pid=2003] <kill>
  - [pid=2003] <will force kill>
  - [pid=2003] exception while trying to kill process: Error: kill ESRCH
  - [pid=2003] <process did exit: exitCode=127, signal=null>
  - [pid=2003] starting temporary directories cleanup
  - [pid=2003] finished temporary directories cleanup
  - [pid=2003] <gracefully close end>",,,,Low,0.0,False,False,False,,failed_fetch_strict_lexical_suspected,,fetch_timeout_or_fetch_failed,hashing_shortlist
158,seidrain.com,https://seidrain.com,02-04-2026.csv,BSE Ltd.,bseindia.com,0.869,True,True,True,False,0,0,0,0,0,False,lexical_hit,False,False,False,0,0,0,False,False,seidrain.com,,0,True,lexical_hit,True,True,True,resolved,accepted,failed,failed,RayTaskError(TargetClosedError),"[36mray::_HashBrowserActorImpl.render()[39m (pid=708, ip=172.19.2.2, actor_id=c8fdda542d9e67d0171c86b701000000, repr=<phishing_pipeline.ray_runtime._HashBrowserActorImpl object at 0x79690ef41340>)
  File ""/usr/lib/python3.12/concurrent/futures/_base.py"", line 456, in result
    return self.__get_result()
           ^^^^^^^^^^^^^^^^^^^
  File ""/usr/lib/python3.12/concurrent/futures/_base.py"", line 401, in __get_result
    raise self._exception
           ^^^^^^^^^^^^^^^^^^^^^^^^^^^^^^^^^^^^^
  File ""/kaggle/working/phishing_ml/phishing_pipeline/ray_runtime.py"", line 666, in render
    await self._ensure_browser()
           ^^^^^^^^^^^^^^^^^^^^^^^^^^^^^^^^^^^^^
  File ""/kaggle/working/phishing_ml/phishing_pipeline/ray_runtime.py"", line 645, in _ensure_browser
    self._browser = await self._playwright.chromium.launch(**launch_kwargs)
                    ^^^^^^^^^^^^^^^^^^^^^^^^^^^^^^^^^^^^^^^^^^^^^^^^^^^^^^^
  File ""/usr/local/lib/python3.12/dist-packages/playwright/async_api/_generated.py"", line 14547, in launch
    await self._impl_obj.launch(
  File ""/usr/local/lib/python3.12/dist-packages/playwright/_impl/_browser_type.py"", line 97, in launch
    await self._channel.send(
  File ""/usr/local/lib/python3.12/dist-packages/playwright/_impl/_connection.py"", line 69, in send
    return await self._connection.wrap_api_call(
           ^^^^^^^^^^^^^^^^^^^^^^^^^^^^^^^^^^^^^
  File ""/usr/local/lib/python3.12/dist-packages/playwright/_impl/_connection.py"", line 559, in wrap_api_call
    raise rewrite_error(error, f""{parsed_st['apiName']}: {error}"") from None
playwright._impl._errors.TargetClosedError: BrowserType.launch: Target page, context or browser has been closed
Browser logs:

<launching> /root/.cache/ms-playwright/chromium_headless_shell-1208/chrome-headless-shell-linux64/chrome-headless-shell --disable-field-trial-config --disable-background-networking --disable-background-timer-throttling --disable-backgrounding-occluded-windows --disable-back-forward-cache --disable-breakpad --disable-client-side-phishing-detection --disable-component-extensions-with-background-pages --disable-component-update --no-default-browser-check --disable-default-apps --disable-dev-shm-usage --disable-extensions --disable-features=AvoidUnnecessaryBeforeUnloadCheckSync,BoundaryEventDispatchTracksNodeRemoval,DestroyProfileOnBrowserClose,DialMediaRouteProvider,GlobalMediaControls,HttpsUpgrades,LensOverlay,MediaRouter,PaintHolding,ThirdPartyStoragePartitioning,Translate,AutoDeElevate,RenderDocument,OptimizationHints --enable-features=CDPScreenshotNewSurface --allow-pre-commit-input --disable-hang-monitor --disable-ipc-flooding-protection --disable-popup-blocking --disable-prompt-on-repost --disable-renderer-backgrounding --force-color-profile=srgb --metrics-recording-only --no-first-run --password-store=basic --use-mock-keychain --no-service-autorun --export-tagged-pdf --disable-search-engine-choice-screen --unsafely-disable-devtools-self-xss-warnings --edge-skip-compat-layer-relaunch --enable-automation --disable-infobars --disable-search-engine-choice-screen --disable-sync --enable-unsafe-swiftshader --headless --hide-scrollbars --mute-audio --blink-settings=primaryHoverType=2,availableHoverTypes=2,primaryPointerType=4,availablePointerTypes=4 --no-sandbox --user-data-dir=/tmp/playwright_chromiumdev_profile-rUIjgS --remote-debugging-pipe --no-startup-window
<launched> pid=2017
[pid=2017][err] /root/.cache/ms-playwright/chromium_headless_shell-1208/chrome-headless-shell-linux64/chrome-headless-shell: error while loading shared libraries: libatk-1.0.so.0: cannot open shared object file: No such file or directory
Call log:
  - <launching> /root/.cache/ms-playwright/chromium_headless_shell-1208/chrome-headless-shell-linux64/chrome-headless-shell --disable-field-trial-config --disable-background-networking --disable-background-timer-throttling --disable-backgrounding-occluded-windows --disable-back-forward-cache --disable-breakpad --disable-client-side-phishing-detection --disable-component-extensions-with-background-pages --disable-component-update --no-default-browser-check --disable-default-apps --disable-dev-shm-usage --disable-extensions --disable-features=AvoidUnnecessaryBeforeUnloadCheckSync,BoundaryEventDispatchTracksNodeRemoval,DestroyProfileOnBrowserClose,DialMediaRouteProvider,GlobalMediaControls,HttpsUpgrades,LensOverlay,MediaRouter,PaintHolding,ThirdPartyStoragePartitioning,Translate,AutoDeElevate,RenderDocument,OptimizationHints --enable-features=CDPScreenshotNewSurface --allow-pre-commit-input --disable-hang-monitor --disable-ipc-flooding-protection --disable-popup-blocking --disable-prompt-on-repost --disable-renderer-backgrounding --force-color-profile=srgb --metrics-recording-only --no-first-run --password-store=basic --use-mock-keychain --no-service-autorun --export-tagged-pdf --disable-search-engine-choice-screen --unsafely-disable-devtools-self-xss-warnings --edge-skip-compat-layer-relaunch --enable-automation --disable-infobars --disable-search-engine-choice-screen --disable-sync --enable-unsafe-swiftshader --headless --hide-scrollbars --mute-audio --blink-settings=primaryHoverType=2,availableHoverTypes=2,primaryPointerType=4,availablePointerTypes=4 --no-sandbox --user-data-dir=/tmp/playwright_chromiumdev_profile-rUIjgS --remote-debugging-pipe --no-startup-window
  - <launched> pid=2017
  - [pid=2017][err] /root/.cache/ms-playwright/chromium_headless_shell-1208/chrome-headless-shell-linux64/chrome-headless-shell: error while loading shared libraries: libatk-1.0.so.0: cannot open shared object file: No such file or directory
  - [pid=2017] <gracefully close start>
  - [pid=2017] <kill>
  - [pid=2017] <will force kill>
  - [pid=2017] exception while trying to kill process: Error: kill ESRCH
  - [pid=2017] <process did exit: exitCode=127, signal=null>
  - [pid=2017] starting temporary directories cleanup
  - [pid=2017] finished temporary directories cleanup
  - [pid=2017] <gracefully close end>",,,,Low,0.0,False,False,False,,failed_fetch_strict_lexical_suspected,,fetch_timeout_or_fetch_failed,hashing_shortlist
160,campole.com,https://campole.com,02-04-2026.csv,Computer Age Management Services Ltd. (CAMS),camsonline.com,0.8733,True,True,True,False,0,0,0,0,0,False,lexical_hit,False,False,False,0,0,0,False,False,campole.com,,0,True,lexical_hit,True,True,True,resolved,accepted,failed,failed,RayTaskError(TargetClosedError),"[36mray::_HashBrowserActorImpl.render()[39m (pid=708, ip=172.19.2.2, actor_id=c8fdda542d9e67d0171c86b701000000, repr=<phishing_pipeline.ray_runtime._HashBrowserActorImpl object at 0x79690ef41340>)
  File ""/usr/lib/python3.12/concurrent/futures/_base.py"", line 449, in result
    return self.__get_result()
           ^^^^^^^^^^^^^^^^^^^
  File ""/usr/lib/python3.12/concurrent/futures/_base.py"", line 401, in __get_result
    raise self._exception
           ^^^^^^^^^^^^^^^^^^^^^^^^^^^^^^^^^^^^^
  File ""/kaggle/working/phishing_ml/phishing_pipeline/ray_runtime.py"", line 666, in render
    await self._ensure_browser()
           ^^^^^^^^^^^^^^^^^^^^^^^^^^^^^^^^^^^^^
  File ""/kaggle/working/phishing_ml/phishing_pipeline/ray_runtime.py"", line 645, in _ensure_browser
    self._browser = await self._playwright.chromium.launch(**launch_kwargs)
                    ^^^^^^^^^^^^^^^^^^^^^^^^^^^^^^^^^^^^^^^^^^^^^^^^^^^^^^^
  File ""/usr/local/lib/python3.12/dist-packages/playwright/async_api/_generated.py"", line 14547, in launch
    await self._impl_obj.launch(
  File ""/usr/local/lib/python3.12/dist-packages/playwright/_impl/_browser_type.py"", line 97, in launch
    await self._channel.send(
  File ""/usr/local/lib/python3.12/dist-packages/playwright/_impl/_connection.py"", line 69, in send
    return await self._connection.wrap_api_call(
           ^^^^^^^^^^^^^^^^^^^^^^^^^^^^^^^^^^^^^
  File ""/usr/local/lib/python3.12/dist-packages/playwright/_impl/_connection.py"", line 559, in wrap_api_call
    raise rewrite_error(error, f""{parsed_st['apiName']}: {error}"") from None
playwright._impl._errors.TargetClosedError: BrowserType.launch: Target page, context or browser has been closed
Browser logs:

<launching> /root/.cache/ms-playwright/chromium_headless_shell-1208/chrome-headless-shell-linux64/chrome-headless-shell --disable-field-trial-config --disable-background-networking --disable-background-timer-throttling --disable-backgrounding-occluded-windows --disable-back-forward-cache --disable-breakpad --disable-client-side-phishing-detection --disable-component-extensions-with-background-pages --disable-component-update --no-default-browser-check --disable-default-apps --disable-dev-shm-usage --disable-extensions --disable-features=AvoidUnnecessaryBeforeUnloadCheckSync,BoundaryEventDispatchTracksNodeRemoval,DestroyProfileOnBrowserClose,DialMediaRouteProvider,GlobalMediaControls,HttpsUpgrades,LensOverlay,MediaRouter,PaintHolding,ThirdPartyStoragePartitioning,Translate,AutoDeElevate,RenderDocument,OptimizationHints --enable-features=CDPScreenshotNewSurface --allow-pre-commit-input --disable-hang-monitor --disable-ipc-flooding-protection --disable-popup-blocking --disable-prompt-on-repost --disable-renderer-backgrounding --force-color-profile=srgb --metrics-recording-only --no-first-run --password-store=basic --use-mock-keychain --no-service-autorun --export-tagged-pdf --disable-search-engine-choice-screen --unsafely-disable-devtools-self-xss-warnings --edge-skip-compat-layer-relaunch --enable-automation --disable-infobars --disable-search-engine-choice-screen --disable-sync --enable-unsafe-swiftshader --headless --hide-scrollbars --mute-audio --blink-settings=primaryHoverType=2,availableHoverTypes=2,primaryPointerType=4,availablePointerTypes=4 --no-sandbox --user-data-dir=/tmp/playwright_chromiumdev_profile-abCRjo --remote-debugging-pipe --no-startup-window
<launched> pid=2029
[pid=2029][err] /root/.cache/ms-playwright/chromium_headless_shell-1208/chrome-headless-shell-linux64/chrome-headless-shell: error while loading shared libraries: libatk-1.0.so.0: cannot open shared object file: No such file or directory
Call log:
  - <launching> /root/.cache/ms-playwright/chromium_headless_shell-1208/chrome-headless-shell-linux64/chrome-headless-shell --disable-field-trial-config --disable-background-networking --disable-background-timer-throttling --disable-backgrounding-occluded-windows --disable-back-forward-cache --disable-breakpad --disable-client-side-phishing-detection --disable-component-extensions-with-background-pages --disable-component-update --no-default-browser-check --disable-default-apps --disable-dev-shm-usage --disable-extensions --disable-features=AvoidUnnecessaryBeforeUnloadCheckSync,BoundaryEventDispatchTracksNodeRemoval,DestroyProfileOnBrowserClose,DialMediaRouteProvider,GlobalMediaControls,HttpsUpgrades,LensOverlay,MediaRouter,PaintHolding,ThirdPartyStoragePartitioning,Translate,AutoDeElevate,RenderDocument,OptimizationHints --enable-features=CDPScreenshotNewSurface --allow-pre-commit-input --disable-hang-monitor --disable-ipc-flooding-protection --disable-popup-blocking --disable-prompt-on-repost --disable-renderer-backgrounding --force-color-profile=srgb --metrics-recording-only --no-first-run --password-store=basic --use-mock-keychain --no-service-autorun --export-tagged-pdf --disable-search-engine-choice-screen --unsafely-disable-devtools-self-xss-warnings --edge-skip-compat-layer-relaunch --enable-automation --disable-infobars --disable-search-engine-choice-screen --disable-sync --enable-unsafe-swiftshader --headless --hide-scrollbars --mute-audio --blink-settings=primaryHoverType=2,availableHoverTypes=2,primaryPointerType=4,availablePointerTypes=4 --no-sandbox --user-data-dir=/tmp/playwright_chromiumdev_profile-abCRjo --remote-debugging-pipe --no-startup-window
  - <launched> pid=2029
  - [pid=2029][err] /root/.cache/ms-playwright/chromium_headless_shell-1208/chrome-headless-shell-linux64/chrome-headless-shell: error while loading shared libraries: libatk-1.0.so.0: cannot open shared object file: No such file or directory
  - [pid=2029] <gracefully close start>
  - [pid=2029] <kill>
  - [pid=2029] <will force kill>
  - [pid=2029] exception while trying to kill process: Error: kill ESRCH
  - [pid=2029] <process did exit: exitCode=127, signal=null>
  - [pid=2029] starting temporary directories cleanup
  - [pid=2029] finished temporary directories cleanup
  - [pid=2029] <gracefully close end>",,,,Low,0.0,False,False,False,,failed_fetch_strict_lexical_suspected,,fetch_timeout_or_fetch_failed,hashing_shortlist
162,sparrow-gage.com,https://sparrow-gage.com,02-04-2026.csv,Sparrow,orgi-sparrow.gov.in,0.6111,True,True,False,False,0,0,0,0,0,False,lexical_hit,False,False,False,0,0,0,False,False,sparrow-gage.com,,0,True,lexical_hit,True,True,True,resolved,accepted,failed,failed,RayTaskError(TargetClosedError),"[36mray::_HashBrowserActorImpl.render()[39m (pid=708, ip=172.19.2.2, actor_id=c8fdda542d9e67d0171c86b701000000, repr=<phishing_pipeline.ray_runtime._HashBrowserActorImpl object at 0x79690ef41340>)
  File ""/usr/lib/python3.12/concurrent/futures/_base.py"", line 449, in result
    return self.__get_result()
           ^^^^^^^^^^^^^^^^^^^
  File ""/usr/lib/python3.12/concurrent/futures/_base.py"", line 401, in __get_result
    raise self._exception
           ^^^^^^^^^^^^^^^^^^^^^^^^^^^^^^^^^^^^^
  File ""/kaggle/working/phishing_ml/phishing_pipeline/ray_runtime.py"", line 666, in render
    await self._ensure_browser()
           ^^^^^^^^^^^^^^^^^^^^^^^^^^^^^^^^^^^^^
  File ""/kaggle/working/phishing_ml/phishing_pipeline/ray_runtime.py"", line 645, in _ensure_browser
    self._browser = await self._playwright.chromium.launch(**launch_kwargs)
                    ^^^^^^^^^^^^^^^^^^^^^^^^^^^^^^^^^^^^^^^^^^^^^^^^^^^^^^^
  File ""/usr/local/lib/python3.12/dist-packages/playwright/async_api/_generated.py"", line 14547, in launch
    await self._impl_obj.launch(
  File ""/usr/local/lib/python3.12/dist-packages/playwright/_impl/_browser_type.py"", line 97, in launch
    await self._channel.send(
  File ""/usr/local/lib/python3.12/dist-packages/playwright/_impl/_connection.py"", line 69, in send
    return await self._connection.wrap_api_call(
           ^^^^^^^^^^^^^^^^^^^^^^^^^^^^^^^^^^^^^
  File ""/usr/local/lib/python3.12/dist-packages/playwright/_impl/_connection.py"", line 559, in wrap_api_call
    raise rewrite_error(error, f""{parsed_st['apiName']}: {error}"") from None
playwright._impl._errors.TargetClosedError: BrowserType.launch: Target page, context or browser has been closed
Browser logs:

<launching> /root/.cache/ms-playwright/chromium_headless_shell-1208/chrome-headless-shell-linux64/chrome-headless-shell --disable-field-trial-config --disable-background-networking --disable-background-timer-throttling --disable-backgrounding-occluded-windows --disable-back-forward-cache --disable-breakpad --disable-client-side-phishing-detection --disable-component-extensions-with-background-pages --disable-component-update --no-default-browser-check --disable-default-apps --disable-dev-shm-usage --disable-extensions --disable-features=AvoidUnnecessaryBeforeUnloadCheckSync,BoundaryEventDispatchTracksNodeRemoval,DestroyProfileOnBrowserClose,DialMediaRouteProvider,GlobalMediaControls,HttpsUpgrades,LensOverlay,MediaRouter,PaintHolding,ThirdPartyStoragePartitioning,Translate,AutoDeElevate,RenderDocument,OptimizationHints --enable-features=CDPScreenshotNewSurface --allow-pre-commit-input --disable-hang-monitor --disable-ipc-flooding-protection --disable-popup-blocking --disable-prompt-on-repost --disable-renderer-backgrounding --force-color-profile=srgb --metrics-recording-only --no-first-run --password-store=basic --use-mock-keychain --no-service-autorun --export-tagged-pdf --disable-search-engine-choice-screen --unsafely-disable-devtools-self-xss-warnings --edge-skip-compat-layer-relaunch --enable-automation --disable-infobars --disable-search-engine-choice-screen --disable-sync --enable-unsafe-swiftshader --headless --hide-scrollbars --mute-audio --blink-settings=primaryHoverType=2,availableHoverTypes=2,primaryPointerType=4,availablePointerTypes=4 --no-sandbox --user-data-dir=/tmp/playwright_chromiumdev_profile-Q1w6zW --remote-debugging-pipe --no-startup-window
<launched> pid=2044
[pid=2044][err] /root/.cache/ms-playwright/chromium_headless_shell-1208/chrome-headless-shell-linux64/chrome-headless-shell: error while loading shared libraries: libatk-1.0.so.0: cannot open shared object file: No such file or directory
Call log:
  - <launching> /root/.cache/ms-playwright/chromium_headless_shell-1208/chrome-headless-shell-linux64/chrome-headless-shell --disable-field-trial-config --disable-background-networking --disable-background-timer-throttling --disable-backgrounding-occluded-windows --disable-back-forward-cache --disable-breakpad --disable-client-side-phishing-detection --disable-component-extensions-with-background-pages --disable-component-update --no-default-browser-check --disable-default-apps --disable-dev-shm-usage --disable-extensions --disable-features=AvoidUnnecessaryBeforeUnloadCheckSync,BoundaryEventDispatchTracksNodeRemoval,DestroyProfileOnBrowserClose,DialMediaRouteProvider,GlobalMediaControls,HttpsUpgrades,LensOverlay,MediaRouter,PaintHolding,ThirdPartyStoragePartitioning,Translate,AutoDeElevate,RenderDocument,OptimizationHints --enable-features=CDPScreenshotNewSurface --allow-pre-commit-input --disable-hang-monitor --disable-ipc-flooding-protection --disable-popup-blocking --disable-prompt-on-repost --disable-renderer-backgrounding --force-color-profile=srgb --metrics-recording-only --no-first-run --password-store=basic --use-mock-keychain --no-service-autorun --export-tagged-pdf --disable-search-engine-choice-screen --unsafely-disable-devtools-self-xss-warnings --edge-skip-compat-layer-relaunch --enable-automation --disable-infobars --disable-search-engine-choice-screen --disable-sync --enable-unsafe-swiftshader --headless --hide-scrollbars --mute-audio --blink-settings=primaryHoverType=2,availableHoverTypes=2,primaryPointerType=4,availablePointerTypes=4 --no-sandbox --user-data-dir=/tmp/playwright_chromiumdev_profile-Q1w6zW --remote-debugging-pipe --no-startup-window
  - <launched> pid=2044
  - [pid=2044][err] /root/.cache/ms-playwright/chromium_headless_shell-1208/chrome-headless-shell-linux64/chrome-headless-shell: error while loading shared libraries: libatk-1.0.so.0: cannot open shared object file: No such file or directory
  - [pid=2044] <gracefully close start>
  - [pid=2044] <kill>
  - [pid=2044] <will force kill>
  - [pid=2044] exception while trying to kill process: Error: kill ESRCH
  - [pid=2044] <process did exit: exitCode=127, signal=null>
  - [pid=2044] starting temporary directories cleanup
  - [pid=2044] finished temporary directories cleanup
  - [pid=2044] <gracefully close end>",,,,Low,0.0,False,False,False,,failed_fetch_strict_lexical_suspected,,fetch_timeout_or_fetch_failed,hashing_shortlist
163,bycindia.com,https://bycindia.com,02-04-2026.csv,BSE Ltd.,bseindia.com,0.85,True,True,True,False,0,0,0,0,0,False,lexical_hit,False,False,False,0,0,0,False,False,bycindia.com,,0,True,lexical_hit,True,True,True,resolved,accepted,failed,failed,RayTaskError(TargetClosedError),"[36mray::_HashBrowserActorImpl.render()[39m (pid=708, ip=172.19.2.2, actor_id=c8fdda542d9e67d0171c86b701000000, repr=<phishing_pipeline.ray_runtime._HashBrowserActorImpl object at 0x79690ef41340>)
  File ""/usr/lib/python3.12/concurrent/futures/_base.py"", line 449, in result
    return self.__get_result()
           ^^^^^^^^^^^^^^^^^^^
  File ""/usr/lib/python3.12/concurrent/futures/_base.py"", line 401, in __get_result
    raise self._exception
           ^^^^^^^^^^^^^^^^^^^^^^^^^^^^^^^^^^^^^
  File ""/kaggle/working/phishing_ml/phishing_pipeline/ray_runtime.py"", line 666, in render
    await self._ensure_browser()
           ^^^^^^^^^^^^^^^^^^^^^^^^^^^^^^^^^^^^^
  File ""/kaggle/working/phishing_ml/phishing_pipeline/ray_runtime.py"", line 645, in _ensure_browser
    self._browser = await self._playwright.chromium.launch(**launch_kwargs)
                    ^^^^^^^^^^^^^^^^^^^^^^^^^^^^^^^^^^^^^^^^^^^^^^^^^^^^^^^
  File ""/usr/local/lib/python3.12/dist-packages/playwright/async_api/_generated.py"", line 14547, in launch
    await self._impl_obj.launch(
  File ""/usr/local/lib/python3.12/dist-packages/playwright/_impl/_browser_type.py"", line 97, in launch
    await self._channel.send(
  File ""/usr/local/lib/python3.12/dist-packages/playwright/_impl/_connection.py"", line 69, in send
    return await self._connection.wrap_api_call(
           ^^^^^^^^^^^^^^^^^^^^^^^^^^^^^^^^^^^^^
  File ""/usr/local/lib/python3.12/dist-packages/playwright/_impl/_connection.py"", line 559, in wrap_api_call
    raise rewrite_error(error, f""{parsed_st['apiName']}: {error}"") from None
playwright._impl._errors.TargetClosedError: BrowserType.launch: Target page, context or browser has been closed
Browser logs:

<launching> /root/.cache/ms-playwright/chromium_headless_shell-1208/chrome-headless-shell-linux64/chrome-headless-shell --disable-field-trial-config --disable-background-networking --disable-background-timer-throttling --disable-backgrounding-occluded-windows --disable-back-forward-cache --disable-breakpad --disable-client-side-phishing-detection --disable-component-extensions-with-background-pages --disable-component-update --no-default-browser-check --disable-default-apps --disable-dev-shm-usage --disable-extensions --disable-features=AvoidUnnecessaryBeforeUnloadCheckSync,BoundaryEventDispatchTracksNodeRemoval,DestroyProfileOnBrowserClose,DialMediaRouteProvider,GlobalMediaControls,HttpsUpgrades,LensOverlay,MediaRouter,PaintHolding,ThirdPartyStoragePartitioning,Translate,AutoDeElevate,RenderDocument,OptimizationHints --enable-features=CDPScreenshotNewSurface --allow-pre-commit-input --disable-hang-monitor --disable-ipc-flooding-protection --disable-popup-blocking --disable-prompt-on-repost --disable-renderer-backgrounding --force-color-profile=srgb --metrics-recording-only --no-first-run --password-store=basic --use-mock-keychain --no-service-autorun --export-tagged-pdf --disable-search-engine-choice-screen --unsafely-disable-devtools-self-xss-warnings --edge-skip-compat-layer-relaunch --enable-automation --disable-infobars --disable-search-engine-choice-screen --disable-sync --enable-unsafe-swiftshader --headless --hide-scrollbars --mute-audio --blink-settings=primaryHoverType=2,availableHoverTypes=2,primaryPointerType=4,availablePointerTypes=4 --no-sandbox --user-data-dir=/tmp/playwright_chromiumdev_profile-4luRH9 --remote-debugging-pipe --no-startup-window
<launched> pid=2062
[pid=2062][err] /root/.cache/ms-playwright/chromium_headless_shell-1208/chrome-headless-shell-linux64/chrome-headless-shell: error while loading shared libraries: libatk-1.0.so.0: cannot open shared object file: No such file or directory
Call log:
  - <launching> /root/.cache/ms-playwright/chromium_headless_shell-1208/chrome-headless-shell-linux64/chrome-headless-shell --disable-field-trial-config --disable-background-networking --disable-background-timer-throttling --disable-backgrounding-occluded-windows --disable-back-forward-cache --disable-breakpad --disable-client-side-phishing-detection --disable-component-extensions-with-background-pages --disable-component-update --no-default-browser-check --disable-default-apps --disable-dev-shm-usage --disable-extensions --disable-features=AvoidUnnecessaryBeforeUnloadCheckSync,BoundaryEventDispatchTracksNodeRemoval,DestroyProfileOnBrowserClose,DialMediaRouteProvider,GlobalMediaControls,HttpsUpgrades,LensOverlay,MediaRouter,PaintHolding,ThirdPartyStoragePartitioning,Translate,AutoDeElevate,RenderDocument,OptimizationHints --enable-features=CDPScreenshotNewSurface --allow-pre-commit-input --disable-hang-monitor --disable-ipc-flooding-protection --disable-popup-blocking --disable-prompt-on-repost --disable-renderer-backgrounding --force-color-profile=srgb --metrics-recording-only --no-first-run --password-store=basic --use-mock-keychain --no-service-autorun --export-tagged-pdf --disable-search-engine-choice-screen --unsafely-disable-devtools-self-xss-warnings --edge-skip-compat-layer-relaunch --enable-automation --disable-infobars --disable-search-engine-choice-screen --disable-sync --enable-unsafe-swiftshader --headless --hide-scrollbars --mute-audio --blink-settings=primaryHoverType=2,availableHoverTypes=2,primaryPointerType=4,availablePointerTypes=4 --no-sandbox --user-data-dir=/tmp/playwright_chromiumdev_profile-4luRH9 --remote-debugging-pipe --no-startup-window
  - <launched> pid=2062
  - [pid=2062][err] /root/.cache/ms-playwright/chromium_headless_shell-1208/chrome-headless-shell-linux64/chrome-headless-shell: error while loading shared libraries: libatk-1.0.so.0: cannot open shared object file: No such file or directory
  - [pid=2062] <gracefully close start>
  - [pid=2062] <kill>
  - [pid=2062] <will force kill>
  - [pid=2062] exception while trying to kill process: Error: kill ESRCH
  - [pid=2062] <process did exit: exitCode=127, signal=null>
  - [pid=2062] starting temporary directories cleanup
  - [pid=2062] finished temporary directories cleanup
  - [pid=2062] <gracefully close end>",,,,Low,0.0,False,False,False,,failed_fetch_strict_lexical_suspected,,fetch_timeout_or_fetch_failed,hashing_shortlist
165,sbiwca.com,https://sbiwca.com,02-04-2026.csv,State Bank of India (SBI),sbicard.com,0.8944,True,True,True,False,0,0,0,0,0,False,lexical_hit,False,False,False,0,0,0,False,False,sbiwca.com,,0,True,lexical_hit,True,True,True,resolved,accepted,failed,failed,RayTaskError(TargetClosedError),"[36mray::_HashBrowserActorImpl.render()[39m (pid=708, ip=172.19.2.2, actor_id=c8fdda542d9e67d0171c86b701000000, repr=<phishing_pipeline.ray_runtime._HashBrowserActorImpl object at 0x79690ef41340>)
  File ""/usr/lib/python3.12/concurrent/futures/_base.py"", line 449, in result
    return self.__get_result()
           ^^^^^^^^^^^^^^^^^^^
  File ""/usr/lib/python3.12/concurrent/futures/_base.py"", line 401, in __get_result
    raise self._exception
           ^^^^^^^^^^^^^^^^^^^^^^^^^^^^^^^^^^^^^
  File ""/kaggle/working/phishing_ml/phishing_pipeline/ray_runtime.py"", line 666, in render
    await self._ensure_browser()
           ^^^^^^^^^^^^^^^^^^^^^^^^^^^^^^^^^^^^^
  File ""/kaggle/working/phishing_ml/phishing_pipeline/ray_runtime.py"", line 645, in _ensure_browser
    self._browser = await self._playwright.chromium.launch(**launch_kwargs)
                    ^^^^^^^^^^^^^^^^^^^^^^^^^^^^^^^^^^^^^^^^^^^^^^^^^^^^^^^
  File ""/usr/local/lib/python3.12/dist-packages/playwright/async_api/_generated.py"", line 14547, in launch
    await self._impl_obj.launch(
  File ""/usr/local/lib/python3.12/dist-packages/playwright/_impl/_browser_type.py"", line 97, in launch
    await self._channel.send(
  File ""/usr/local/lib/python3.12/dist-packages/playwright/_impl/_connection.py"", line 69, in send
    return await self._connection.wrap_api_call(
           ^^^^^^^^^^^^^^^^^^^^^^^^^^^^^^^^^^^^^
  File ""/usr/local/lib/python3.12/dist-packages/playwright/_impl/_connection.py"", line 559, in wrap_api_call
    raise rewrite_error(error, f""{parsed_st['apiName']}: {error}"") from None
playwright._impl._errors.TargetClosedError: BrowserType.launch: Target page, context or browser has been closed
Browser logs:

<launching> /root/.cache/ms-playwright/chromium_headless_shell-1208/chrome-headless-shell-linux64/chrome-headless-shell --disable-field-trial-config --disable-background-networking --disable-background-timer-throttling --disable-backgrounding-occluded-windows --disable-back-forward-cache --disable-breakpad --disable-client-side-phishing-detection --disable-component-extensions-with-background-pages --disable-component-update --no-default-browser-check --disable-default-apps --disable-dev-shm-usage --disable-extensions --disable-features=AvoidUnnecessaryBeforeUnloadCheckSync,BoundaryEventDispatchTracksNodeRemoval,DestroyProfileOnBrowserClose,DialMediaRouteProvider,GlobalMediaControls,HttpsUpgrades,LensOverlay,MediaRouter,PaintHolding,ThirdPartyStoragePartitioning,Translate,AutoDeElevate,RenderDocument,OptimizationHints --enable-features=CDPScreenshotNewSurface --allow-pre-commit-input --disable-hang-monitor --disable-ipc-flooding-protection --disable-popup-blocking --disable-prompt-on-repost --disable-renderer-backgrounding --force-color-profile=srgb --metrics-recording-only --no-first-run --password-store=basic --use-mock-keychain --no-service-autorun --export-tagged-pdf --disable-search-engine-choice-screen --unsafely-disable-devtools-self-xss-warnings --edge-skip-compat-layer-relaunch --enable-automation --disable-infobars --disable-search-engine-choice-screen --disable-sync --enable-unsafe-swiftshader --headless --hide-scrollbars --mute-audio --blink-settings=primaryHoverType=2,availableHoverTypes=2,primaryPointerType=4,availablePointerTypes=4 --no-sandbox --user-data-dir=/tmp/playwright_chromiumdev_profile-pF41Za --remote-debugging-pipe --no-startup-window
<launched> pid=2074
[pid=2074][err] /root/.cache/ms-playwright/chromium_headless_shell-1208/chrome-headless-shell-linux64/chrome-headless-shell: error while loading shared libraries: libatk-1.0.so.0: cannot open shared object file: No such file or directory
Call log:
  - <launching> /root/.cache/ms-playwright/chromium_headless_shell-1208/chrome-headless-shell-linux64/chrome-headless-shell --disable-field-trial-config --disable-background-networking --disable-background-timer-throttling --disable-backgrounding-occluded-windows --disable-back-forward-cache --disable-breakpad --disable-client-side-phishing-detection --disable-component-extensions-with-background-pages --disable-component-update --no-default-browser-check --disable-default-apps --disable-dev-shm-usage --disable-extensions --disable-features=AvoidUnnecessaryBeforeUnloadCheckSync,BoundaryEventDispatchTracksNodeRemoval,DestroyProfileOnBrowserClose,DialMediaRouteProvider,GlobalMediaControls,HttpsUpgrades,LensOverlay,MediaRouter,PaintHolding,ThirdPartyStoragePartitioning,Translate,AutoDeElevate,RenderDocument,OptimizationHints --enable-features=CDPScreenshotNewSurface --allow-pre-commit-input --disable-hang-monitor --disable-ipc-flooding-protection --disable-popup-blocking --disable-prompt-on-repost --disable-renderer-backgrounding --force-color-profile=srgb --metrics-recording-only --no-first-run --password-store=basic --use-mock-keychain --no-service-autorun --export-tagged-pdf --disable-search-engine-choice-screen --unsafely-disable-devtools-self-xss-warnings --edge-skip-compat-layer-relaunch --enable-automation --disable-infobars --disable-search-engine-choice-screen --disable-sync --enable-unsafe-swiftshader --headless --hide-scrollbars --mute-audio --blink-settings=primaryHoverType=2,availableHoverTypes=2,primaryPointerType=4,availablePointerTypes=4 --no-sandbox --user-data-dir=/tmp/playwright_chromiumdev_profile-pF41Za --remote-debugging-pipe --no-startup-window
  - <launched> pid=2074
  - [pid=2074][err] /root/.cache/ms-playwright/chromium_headless_shell-1208/chrome-headless-shell-linux64/chrome-headless-shell: error while loading shared libraries: libatk-1.0.so.0: cannot open shared object file: No such file or directory
  - [pid=2074] <gracefully close start>
  - [pid=2074] <kill>
  - [pid=2074] <will force kill>
  - [pid=2074] exception while trying to kill process: Error: kill ESRCH
  - [pid=2074] <process did exit: exitCode=127, signal=null>
  - [pid=2074] starting temporary directories cleanup
  - [pid=2074] finished temporary directories cleanup
  - [pid=2074] <gracefully close end>",,,,Low,0.0,False,False,False,,failed_fetch_strict_lexical_suspected,,fetch_timeout_or_fetch_failed,hashing_shortlist
170,axis-financial.com,https://axis-financial.com,02-04-2026.csv,Axis Bank,axismf.com,0.8381,True,True,False,False,0,0,0,0,0,False,lexical_hit,False,False,False,0,0,0,False,False,axis-financial.com,,0,True,lexical_hit,True,True,True,resolved,accepted,failed,failed,RayTaskError(TargetClosedError),"[36mray::_HashBrowserActorImpl.render()[39m (pid=708, ip=172.19.2.2, actor_id=c8fdda542d9e67d0171c86b701000000, repr=<phishing_pipeline.ray_runtime._HashBrowserActorImpl object at 0x79690ef41340>)
  File ""/usr/lib/python3.12/concurrent/futures/_base.py"", line 449, in result
    return self.__get_result()
           ^^^^^^^^^^^^^^^^^^^
  File ""/usr/lib/python3.12/concurrent/futures/_base.py"", line 401, in __get_result
    raise self._exception
           ^^^^^^^^^^^^^^^^^^^^^^^^^^^^^^^^^^^^^
  File ""/kaggle/working/phishing_ml/phishing_pipeline/ray_runtime.py"", line 666, in render
    await self._ensure_browser()
           ^^^^^^^^^^^^^^^^^^^^^^^^^^^^^^^^^^^^^
  File ""/kaggle/working/phishing_ml/phishing_pipeline/ray_runtime.py"", line 645, in _ensure_browser
    self._browser = await self._playwright.chromium.launch(**launch_kwargs)
                    ^^^^^^^^^^^^^^^^^^^^^^^^^^^^^^^^^^^^^^^^^^^^^^^^^^^^^^^
  File ""/usr/local/lib/python3.12/dist-packages/playwright/async_api/_generated.py"", line 14547, in launch
    await self._impl_obj.launch(
  File ""/usr/local/lib/python3.12/dist-packages/playwright/_impl/_browser_type.py"", line 97, in launch
    await self._channel.send(
  File ""/usr/local/lib/python3.12/dist-packages/playwright/_impl/_connection.py"", line 69, in send
    return await self._connection.wrap_api_call(
           ^^^^^^^^^^^^^^^^^^^^^^^^^^^^^^^^^^^^^
  File ""/usr/local/lib/python3.12/dist-packages/playwright/_impl/_connection.py"", line 559, in wrap_api_call
    raise rewrite_error(error, f""{parsed_st['apiName']}: {error}"") from None
playwright._impl._errors.TargetClosedError: BrowserType.launch: Target page, context or browser has been closed
Browser logs:

<launching> /root/.cache/ms-playwright/chromium_headless_shell-1208/chrome-headless-shell-linux64/chrome-headless-shell --disable-field-trial-config --disable-background-networking --disable-background-timer-throttling --disable-backgrounding-occluded-windows --disable-back-forward-cache --disable-breakpad --disable-client-side-phishing-detection --disable-component-extensions-with-background-pages --disable-component-update --no-default-browser-check --disable-default-apps --disable-dev-shm-usage --disable-extensions --disable-features=AvoidUnnecessaryBeforeUnloadCheckSync,BoundaryEventDispatchTracksNodeRemoval,DestroyProfileOnBrowserClose,DialMediaRouteProvider,GlobalMediaControls,HttpsUpgrades,LensOverlay,MediaRouter,PaintHolding,ThirdPartyStoragePartitioning,Translate,AutoDeElevate,RenderDocument,OptimizationHints --enable-features=CDPScreenshotNewSurface --allow-pre-commit-input --disable-hang-monitor --disable-ipc-flooding-protection --disable-popup-blocking --disable-prompt-on-repost --disable-renderer-backgrounding --force-color-profile=srgb --metrics-recording-only --no-first-run --password-store=basic --use-mock-keychain --no-service-autorun --export-tagged-pdf --disable-search-engine-choice-screen --unsafely-disable-devtools-self-xss-warnings --edge-skip-compat-layer-relaunch --enable-automation --disable-infobars --disable-search-engine-choice-screen --disable-sync --enable-unsafe-swiftshader --headless --hide-scrollbars --mute-audio --blink-settings=primaryHoverType=2,availableHoverTypes=2,primaryPointerType=4,availablePointerTypes=4 --no-sandbox --user-data-dir=/tmp/playwright_chromiumdev_profile-IUsx1H --remote-debugging-pipe --no-startup-window
<launched> pid=2086
[pid=2086][err] /root/.cache/ms-playwright/chromium_headless_shell-1208/chrome-headless-shell-linux64/chrome-headless-shell: error while loading shared libraries: libatk-1.0.so.0: cannot open shared object file: No such file or directory
Call log:
  - <launching> /root/.cache/ms-playwright/chromium_headless_shell-1208/chrome-headless-shell-linux64/chrome-headless-shell --disable-field-trial-config --disable-background-networking --disable-background-timer-throttling --disable-backgrounding-occluded-windows --disable-back-forward-cache --disable-breakpad --disable-client-side-phishing-detection --disable-component-extensions-with-background-pages --disable-component-update --no-default-browser-check --disable-default-apps --disable-dev-shm-usage --disable-extensions --disable-features=AvoidUnnecessaryBeforeUnloadCheckSync,BoundaryEventDispatchTracksNodeRemoval,DestroyProfileOnBrowserClose,DialMediaRouteProvider,GlobalMediaControls,HttpsUpgrades,LensOverlay,MediaRouter,PaintHolding,ThirdPartyStoragePartitioning,Translate,AutoDeElevate,RenderDocument,OptimizationHints --enable-features=CDPScreenshotNewSurface --allow-pre-commit-input --disable-hang-monitor --disable-ipc-flooding-protection --disable-popup-blocking --disable-prompt-on-repost --disable-renderer-backgrounding --force-color-profile=srgb --metrics-recording-only --no-first-run --password-store=basic --use-mock-keychain --no-service-autorun --export-tagged-pdf --disable-search-engine-choice-screen --unsafely-disable-devtools-self-xss-warnings --edge-skip-compat-layer-relaunch --enable-automation --disable-infobars --disable-search-engine-choice-screen --disable-sync --enable-unsafe-swiftshader --headless --hide-scrollbars --mute-audio --blink-settings=primaryHoverType=2,availableHoverTypes=2,primaryPointerType=4,availablePointerTypes=4 --no-sandbox --user-data-dir=/tmp/playwright_chromiumdev_profile-IUsx1H --remote-debugging-pipe --no-startup-window
  - <launched> pid=2086
  - [pid=2086][err] /root/.cache/ms-playwright/chromium_headless_shell-1208/chrome-headless-shell-linux64/chrome-headless-shell: error while loading shared libraries: libatk-1.0.so.0: cannot open shared object file: No such file or directory
  - [pid=2086] <gracefully close start>
  - [pid=2086] <kill>
  - [pid=2086] <will force kill>
  - [pid=2086] exception while trying to kill process: Error: kill ESRCH
  - [pid=2086] <process did exit: exitCode=127, signal=null>
  - [pid=2086] starting temporary directories cleanup
  - [pid=2086] finished temporary directories cleanup
  - [pid=2086] <gracefully close end>",,,,Low,0.0,False,False,False,,failed_fetch_strict_lexical_suspected,,fetch_timeout_or_fetch_failed,hashing_shortlist
171,hdfcgkyy.com,https://hdfcgkyy.com,02-04-2026.csv,HDFC Bank,hdfc.com,0.9,True,True,True,False,0,0,0,0,0,False,lexical_hit,False,False,False,0,0,0,False,False,hdfcgkyy.com,,0,True,lexical_hit,True,True,True,resolved,accepted,failed,failed,RayTaskError(TargetClosedError),"[36mray::_HashBrowserActorImpl.render()[39m (pid=708, ip=172.19.2.2, actor_id=c8fdda542d9e67d0171c86b701000000, repr=<phishing_pipeline.ray_runtime._HashBrowserActorImpl object at 0x79690ef41340>)
  File ""/usr/lib/python3.12/concurrent/futures/_base.py"", line 449, in result
    return self.__get_result()
           ^^^^^^^^^^^^^^^^^^^
  File ""/usr/lib/python3.12/concurrent/futures/_base.py"", line 401, in __get_result
    raise self._exception
           ^^^^^^^^^^^^^^^^^^^^^^^^^^^^^^^^^^^^^
  File ""/kaggle/working/phishing_ml/phishing_pipeline/ray_runtime.py"", line 666, in render
    await self._ensure_browser()
           ^^^^^^^^^^^^^^^^^^^^^^^^^^^^^^^^^^^^^
  File ""/kaggle/working/phishing_ml/phishing_pipeline/ray_runtime.py"", line 645, in _ensure_browser
    self._browser = await self._playwright.chromium.launch(**launch_kwargs)
                    ^^^^^^^^^^^^^^^^^^^^^^^^^^^^^^^^^^^^^^^^^^^^^^^^^^^^^^^
  File ""/usr/local/lib/python3.12/dist-packages/playwright/async_api/_generated.py"", line 14547, in launch
    await self._impl_obj.launch(
  File ""/usr/local/lib/python3.12/dist-packages/playwright/_impl/_browser_type.py"", line 97, in launch
    await self._channel.send(
  File ""/usr/local/lib/python3.12/dist-packages/playwright/_impl/_connection.py"", line 69, in send
    return await self._connection.wrap_api_call(
           ^^^^^^^^^^^^^^^^^^^^^^^^^^^^^^^^^^^^^
  File ""/usr/local/lib/python3.12/dist-packages/playwright/_impl/_connection.py"", line 559, in wrap_api_call
    raise rewrite_error(error, f""{parsed_st['apiName']}: {error}"") from None
playwright._impl._errors.TargetClosedError: BrowserType.launch: Target page, context or browser has been closed
Browser logs:

<launching> /root/.cache/ms-playwright/chromium_headless_shell-1208/chrome-headless-shell-linux64/chrome-headless-shell --disable-field-trial-config --disable-background-networking --disable-background-timer-throttling --disable-backgrounding-occluded-windows --disable-back-forward-cache --disable-breakpad --disable-client-side-phishing-detection --disable-component-extensions-with-background-pages --disable-component-update --no-default-browser-check --disable-default-apps --disable-dev-shm-usage --disable-extensions --disable-features=AvoidUnnecessaryBeforeUnloadCheckSync,BoundaryEventDispatchTracksNodeRemoval,DestroyProfileOnBrowserClose,DialMediaRouteProvider,GlobalMediaControls,HttpsUpgrades,LensOverlay,MediaRouter,PaintHolding,ThirdPartyStoragePartitioning,Translate,AutoDeElevate,RenderDocument,OptimizationHints --enable-features=CDPScreenshotNewSurface --allow-pre-commit-input --disable-hang-monitor --disable-ipc-flooding-protection --disable-popup-blocking --disable-prompt-on-repost --disable-renderer-backgrounding --force-color-profile=srgb --metrics-recording-only --no-first-run --password-store=basic --use-mock-keychain --no-service-autorun --export-tagged-pdf --disable-search-engine-choice-screen --unsafely-disable-devtools-self-xss-warnings --edge-skip-compat-layer-relaunch --enable-automation --disable-infobars --disable-search-engine-choice-screen --disable-sync --enable-unsafe-swiftshader --headless --hide-scrollbars --mute-audio --blink-settings=primaryHoverType=2,availableHoverTypes=2,primaryPointerType=4,availablePointerTypes=4 --no-sandbox --user-data-dir=/tmp/playwright_chromiumdev_profile-MiZGjO --remote-debugging-pipe --no-startup-window
<launched> pid=2098
[pid=2098][err] /root/.cache/ms-playwright/chromium_headless_shell-1208/chrome-headless-shell-linux64/chrome-headless-shell: error while loading shared libraries: libatk-1.0.so.0: cannot open shared object file: No such file or directory
Call log:
  - <launching> /root/.cache/ms-playwright/chromium_headless_shell-1208/chrome-headless-shell-linux64/chrome-headless-shell --disable-field-trial-config --disable-background-networking --disable-background-timer-throttling --disable-backgrounding-occluded-windows --disable-back-forward-cache --disable-breakpad --disable-client-side-phishing-detection --disable-component-extensions-with-background-pages --disable-component-update --no-default-browser-check --disable-default-apps --disable-dev-shm-usage --disable-extensions --disable-features=AvoidUnnecessaryBeforeUnloadCheckSync,BoundaryEventDispatchTracksNodeRemoval,DestroyProfileOnBrowserClose,DialMediaRouteProvider,GlobalMediaControls,HttpsUpgrades,LensOverlay,MediaRouter,PaintHolding,ThirdPartyStoragePartitioning,Translate,AutoDeElevate,RenderDocument,OptimizationHints --enable-features=CDPScreenshotNewSurface --allow-pre-commit-input --disable-hang-monitor --disable-ipc-flooding-protection --disable-popup-blocking --disable-prompt-on-repost --disable-renderer-backgrounding --force-color-profile=srgb --metrics-recording-only --no-first-run --password-store=basic --use-mock-keychain --no-service-autorun --export-tagged-pdf --disable-search-engine-choice-screen --unsafely-disable-devtools-self-xss-warnings --edge-skip-compat-layer-relaunch --enable-automation --disable-infobars --disable-search-engine-choice-screen --disable-sync --enable-unsafe-swiftshader --headless --hide-scrollbars --mute-audio --blink-settings=primaryHoverType=2,availableHoverTypes=2,primaryPointerType=4,availablePointerTypes=4 --no-sandbox --user-data-dir=/tmp/playwright_chromiumdev_profile-MiZGjO --remote-debugging-pipe --no-startup-window
  - <launched> pid=2098
  - [pid=2098][err] /root/.cache/ms-playwright/chromium_headless_shell-1208/chrome-headless-shell-linux64/chrome-headless-shell: error while loading shared libraries: libatk-1.0.so.0: cannot open shared object file: No such file or directory
  - [pid=2098] <gracefully close start>
  - [pid=2098] <kill>
  - [pid=2098] <will force kill>
  - [pid=2098] exception while trying to kill process: Error: kill ESRCH
  - [pid=2098] <process did exit: exitCode=127, signal=null>
  - [pid=2098] starting temporary directories cleanup
  - [pid=2098] finished temporary directories cleanup
  - [pid=2098] <gracefully close end>",,,,Low,0.0,False,False,False,,failed_fetch_strict_lexical_suspected,,fetch_timeout_or_fetch_failed,hashing_shortlist
172,axis-network.com,https://axis-network.com,02-04-2026.csv,Axis Bank,axismf.com,0.6667,True,True,False,False,0,0,0,0,0,False,lexical_hit,False,False,False,0,0,0,False,False,axis-network.com,,0,True,lexical_hit,True,True,True,resolved,accepted,failed,failed,RayTaskError(TargetClosedError),"[36mray::_HashBrowserActorImpl.render()[39m (pid=708, ip=172.19.2.2, actor_id=c8fdda542d9e67d0171c86b701000000, repr=<phishing_pipeline.ray_runtime._HashBrowserActorImpl object at 0x79690ef41340>)
  File ""/usr/lib/python3.12/concurrent/futures/_base.py"", line 449, in result
    return self.__get_result()
           ^^^^^^^^^^^^^^^^^^^
  File ""/usr/lib/python3.12/concurrent/futures/_base.py"", line 401, in __get_result
    raise self._exception
           ^^^^^^^^^^^^^^^^^^^^^^^^^^^^^^^^^^^^^
  File ""/kaggle/working/phishing_ml/phishing_pipeline/ray_runtime.py"", line 666, in render
    await self._ensure_browser()
           ^^^^^^^^^^^^^^^^^^^^^^^^^^^^^^^^^^^^^
  File ""/kaggle/working/phishing_ml/phishing_pipeline/ray_runtime.py"", line 645, in _ensure_browser
    self._browser = await self._playwright.chromium.launch(**launch_kwargs)
                    ^^^^^^^^^^^^^^^^^^^^^^^^^^^^^^^^^^^^^^^^^^^^^^^^^^^^^^^
  File ""/usr/local/lib/python3.12/dist-packages/playwright/async_api/_generated.py"", line 14547, in launch
    await self._impl_obj.launch(
  File ""/usr/local/lib/python3.12/dist-packages/playwright/_impl/_browser_type.py"", line 97, in launch
    await self._channel.send(
  File ""/usr/local/lib/python3.12/dist-packages/playwright/_impl/_connection.py"", line 69, in send
    return await self._connection.wrap_api_call(
           ^^^^^^^^^^^^^^^^^^^^^^^^^^^^^^^^^^^^^
  File ""/usr/local/lib/python3.12/dist-packages/playwright/_impl/_connection.py"", line 559, in wrap_api_call
    raise rewrite_error(error, f""{parsed_st['apiName']}: {error}"") from None
playwright._impl._errors.TargetClosedError: BrowserType.launch: Target page, context or browser has been closed
Browser logs:

<launching> /root/.cache/ms-playwright/chromium_headless_shell-1208/chrome-headless-shell-linux64/chrome-headless-shell --disable-field-trial-config --disable-background-networking --disable-background-timer-throttling --disable-backgrounding-occluded-windows --disable-back-forward-cache --disable-breakpad --disable-client-side-phishing-detection --disable-component-extensions-with-background-pages --disable-component-update --no-default-browser-check --disable-default-apps --disable-dev-shm-usage --disable-extensions --disable-features=AvoidUnnecessaryBeforeUnloadCheckSync,BoundaryEventDispatchTracksNodeRemoval,DestroyProfileOnBrowserClose,DialMediaRouteProvider,GlobalMediaControls,HttpsUpgrades,LensOverlay,MediaRouter,PaintHolding,ThirdPartyStoragePartitioning,Translate,AutoDeElevate,RenderDocument,OptimizationHints --enable-features=CDPScreenshotNewSurface --allow-pre-commit-input --disable-hang-monitor --disable-ipc-flooding-protection --disable-popup-blocking --disable-prompt-on-repost --disable-renderer-backgrounding --force-color-profile=srgb --metrics-recording-only --no-first-run --password-store=basic --use-mock-keychain --no-service-autorun --export-tagged-pdf --disable-search-engine-choice-screen --unsafely-disable-devtools-self-xss-warnings --edge-skip-compat-layer-relaunch --enable-automation --disable-infobars --disable-search-engine-choice-screen --disable-sync --enable-unsafe-swiftshader --headless --hide-scrollbars --mute-audio --blink-settings=primaryHoverType=2,availableHoverTypes=2,primaryPointerType=4,availablePointerTypes=4 --no-sandbox --user-data-dir=/tmp/playwright_chromiumdev_profile-zT48hm --remote-debugging-pipe --no-startup-window
<launched> pid=2110
[pid=2110][err] /root/.cache/ms-playwright/chromium_headless_shell-1208/chrome-headless-shell-linux64/chrome-headless-shell: error while loading shared libraries: libatk-1.0.so.0: cannot open shared object file: No such file or directory
Call log:
  - <launching> /root/.cache/ms-playwright/chromium_headless_shell-1208/chrome-headless-shell-linux64/chrome-headless-shell --disable-field-trial-config --disable-background-networking --disable-background-timer-throttling --disable-backgrounding-occluded-windows --disable-back-forward-cache --disable-breakpad --disable-client-side-phishing-detection --disable-component-extensions-with-background-pages --disable-component-update --no-default-browser-check --disable-default-apps --disable-dev-shm-usage --disable-extensions --disable-features=AvoidUnnecessaryBeforeUnloadCheckSync,BoundaryEventDispatchTracksNodeRemoval,DestroyProfileOnBrowserClose,DialMediaRouteProvider,GlobalMediaControls,HttpsUpgrades,LensOverlay,MediaRouter,PaintHolding,ThirdPartyStoragePartitioning,Translate,AutoDeElevate,RenderDocument,OptimizationHints --enable-features=CDPScreenshotNewSurface --allow-pre-commit-input --disable-hang-monitor --disable-ipc-flooding-protection --disable-popup-blocking --disable-prompt-on-repost --disable-renderer-backgrounding --force-color-profile=srgb --metrics-recording-only --no-first-run --password-store=basic --use-mock-keychain --no-service-autorun --export-tagged-pdf --disable-search-engine-choice-screen --unsafely-disable-devtools-self-xss-warnings --edge-skip-compat-layer-relaunch --enable-automation --disable-infobars --disable-search-engine-choice-screen --disable-sync --enable-unsafe-swiftshader --headless --hide-scrollbars --mute-audio --blink-settings=primaryHoverType=2,availableHoverTypes=2,primaryPointerType=4,availablePointerTypes=4 --no-sandbox --user-data-dir=/tmp/playwright_chromiumdev_profile-zT48hm --remote-debugging-pipe --no-startup-window
  - <launched> pid=2110
  - [pid=2110][err] /root/.cache/ms-playwright/chromium_headless_shell-1208/chrome-headless-shell-linux64/chrome-headless-shell: error while loading shared libraries: libatk-1.0.so.0: cannot open shared object file: No such file or directory
  - [pid=2110] <gracefully close start>
  - [pid=2110] <kill>
  - [pid=2110] <will force kill>
  - [pid=2110] exception while trying to kill process: Error: kill ESRCH
  - [pid=2110] <process did exit: exitCode=127, signal=null>
  - [pid=2110] starting temporary directories cleanup
  - [pid=2110] finished temporary directories cleanup
  - [pid=2110] <gracefully close end>",,,,Low,0.0,False,False,False,,failed_fetch_strict_lexical_suspected,,fetch_timeout_or_fetch_failed,hashing_shortlist
175,peg-eci.org,https://peg-eci.org,02-04-2026.csv,Election Commision of India (ECI),eci.gov.in,0.6,True,True,False,False,0,0,0,0,0,False,lexical_hit,False,False,False,0,0,0,False,False,peg-eci.org,,0,True,lexical_hit,True,True,True,resolved,accepted,failed,failed,RayTaskError(TargetClosedError),"[36mray::_HashBrowserActorImpl.render()[39m (pid=708, ip=172.19.2.2, actor_id=c8fdda542d9e67d0171c86b701000000, repr=<phishing_pipeline.ray_runtime._HashBrowserActorImpl object at 0x79690ef41340>)
  File ""/usr/lib/python3.12/concurrent/futures/_base.py"", line 449, in result
    return self.__get_result()
           ^^^^^^^^^^^^^^^^^^^
  File ""/usr/lib/python3.12/concurrent/futures/_base.py"", line 401, in __get_result
    raise self._exception
           ^^^^^^^^^^^^^^^^^^^^^^^^^^^^^^^^^^^^^
  File ""/kaggle/working/phishing_ml/phishing_pipeline/ray_runtime.py"", line 666, in render
    await self._ensure_browser()
           ^^^^^^^^^^^^^^^^^^^^^^^^^^^^^^^^^^^^^
  File ""/kaggle/working/phishing_ml/phishing_pipeline/ray_runtime.py"", line 645, in _ensure_browser
    self._browser = await self._playwright.chromium.launch(**launch_kwargs)
                    ^^^^^^^^^^^^^^^^^^^^^^^^^^^^^^^^^^^^^^^^^^^^^^^^^^^^^^^
  File ""/usr/local/lib/python3.12/dist-packages/playwright/async_api/_generated.py"", line 14547, in launch
    await self._impl_obj.launch(
  File ""/usr/local/lib/python3.12/dist-packages/playwright/_impl/_browser_type.py"", line 97, in launch
    await self._channel.send(
  File ""/usr/local/lib/python3.12/dist-packages/playwright/_impl/_connection.py"", line 69, in send
    return await self._connection.wrap_api_call(
           ^^^^^^^^^^^^^^^^^^^^^^^^^^^^^^^^^^^^^
  File ""/usr/local/lib/python3.12/dist-packages/playwright/_impl/_connection.py"", line 559, in wrap_api_call
    raise rewrite_error(error, f""{parsed_st['apiName']}: {error}"") from None
playwright._impl._errors.TargetClosedError: BrowserType.launch: Target page, context or browser has been closed
Browser logs:

<launching> /root/.cache/ms-playwright/chromium_headless_shell-1208/chrome-headless-shell-linux64/chrome-headless-shell --disable-field-trial-config --disable-background-networking --disable-background-timer-throttling --disable-backgrounding-occluded-windows --disable-back-forward-cache --disable-breakpad --disable-client-side-phishing-detection --disable-component-extensions-with-background-pages --disable-component-update --no-default-browser-check --disable-default-apps --disable-dev-shm-usage --disable-extensions --disable-features=AvoidUnnecessaryBeforeUnloadCheckSync,BoundaryEventDispatchTracksNodeRemoval,DestroyProfileOnBrowserClose,DialMediaRouteProvider,GlobalMediaControls,HttpsUpgrades,LensOverlay,MediaRouter,PaintHolding,ThirdPartyStoragePartitioning,Translate,AutoDeElevate,RenderDocument,OptimizationHints --enable-features=CDPScreenshotNewSurface --allow-pre-commit-input --disable-hang-monitor --disable-ipc-flooding-protection --disable-popup-blocking --disable-prompt-on-repost --disable-renderer-backgrounding --force-color-profile=srgb --metrics-recording-only --no-first-run --password-store=basic --use-mock-keychain --no-service-autorun --export-tagged-pdf --disable-search-engine-choice-screen --unsafely-disable-devtools-self-xss-warnings --edge-skip-compat-layer-relaunch --enable-automation --disable-infobars --disable-search-engine-choice-screen --disable-sync --enable-unsafe-swiftshader --headless --hide-scrollbars --mute-audio --blink-settings=primaryHoverType=2,availableHoverTypes=2,primaryPointerType=4,availablePointerTypes=4 --no-sandbox --user-data-dir=/tmp/playwright_chromiumdev_profile-sDXATl --remote-debugging-pipe --no-startup-window
<launched> pid=2122
[pid=2122][err] /root/.cache/ms-playwright/chromium_headless_shell-1208/chrome-headless-shell-linux64/chrome-headless-shell: error while loading shared libraries: libatk-1.0.so.0: cannot open shared object file: No such file or directory
Call log:
  - <launching> /root/.cache/ms-playwright/chromium_headless_shell-1208/chrome-headless-shell-linux64/chrome-headless-shell --disable-field-trial-config --disable-background-networking --disable-background-timer-throttling --disable-backgrounding-occluded-windows --disable-back-forward-cache --disable-breakpad --disable-client-side-phishing-detection --disable-component-extensions-with-background-pages --disable-component-update --no-default-browser-check --disable-default-apps --disable-dev-shm-usage --disable-extensions --disable-features=AvoidUnnecessaryBeforeUnloadCheckSync,BoundaryEventDispatchTracksNodeRemoval,DestroyProfileOnBrowserClose,DialMediaRouteProvider,GlobalMediaControls,HttpsUpgrades,LensOverlay,MediaRouter,PaintHolding,ThirdPartyStoragePartitioning,Translate,AutoDeElevate,RenderDocument,OptimizationHints --enable-features=CDPScreenshotNewSurface --allow-pre-commit-input --disable-hang-monitor --disable-ipc-flooding-protection --disable-popup-blocking --disable-prompt-on-repost --disable-renderer-backgrounding --force-color-profile=srgb --metrics-recording-only --no-first-run --password-store=basic --use-mock-keychain --no-service-autorun --export-tagged-pdf --disable-search-engine-choice-screen --unsafely-disable-devtools-self-xss-warnings --edge-skip-compat-layer-relaunch --enable-automation --disable-infobars --disable-search-engine-choice-screen --disable-sync --enable-unsafe-swiftshader --headless --hide-scrollbars --mute-audio --blink-settings=primaryHoverType=2,availableHoverTypes=2,primaryPointerType=4,availablePointerTypes=4 --no-sandbox --user-data-dir=/tmp/playwright_chromiumdev_profile-sDXATl --remote-debugging-pipe --no-startup-window
  - <launched> pid=2122
  - [pid=2122][err] /root/.cache/ms-playwright/chromium_headless_shell-1208/chrome-headless-shell-linux64/chrome-headless-shell: error while loading shared libraries: libatk-1.0.so.0: cannot open shared object file: No such file or directory
  - [pid=2122] <gracefully close start>
  - [pid=2122] <kill>
  - [pid=2122] <will force kill>
  - [pid=2122] exception while trying to kill process: Error: kill ESRCH
  - [pid=2122] <process did exit: exitCode=127, signal=null>
  - [pid=2122] starting temporary directories cleanup
  - [pid=2122] finished temporary directories cleanup
  - [pid=2122] <gracefully close end>",,,,Low,0.0,False,False,False,,failed_fetch_strict_lexical_suspected,,fetch_timeout_or_fetch_failed,hashing_shortlist
177,herbsindia.com,https://herbsindia.com,02-04-2026.csv,BSE Ltd.,bseindia.com,0.8917,True,True,True,False,0,0,0,0,0,False,lexical_hit,False,False,False,0,0,0,False,False,herbsindia.com,,0,True,lexical_hit,True,True,True,resolved,accepted,failed,failed,RayTaskError(TargetClosedError),"[36mray::_HashBrowserActorImpl.render()[39m (pid=708, ip=172.19.2.2, actor_id=c8fdda542d9e67d0171c86b701000000, repr=<phishing_pipeline.ray_runtime._HashBrowserActorImpl object at 0x79690ef41340>)
  File ""/usr/lib/python3.12/concurrent/futures/_base.py"", line 449, in result
    return self.__get_result()
           ^^^^^^^^^^^^^^^^^^^
  File ""/usr/lib/python3.12/concurrent/futures/_base.py"", line 401, in __get_result
    raise self._exception
           ^^^^^^^^^^^^^^^^^^^^^^^^^^^^^^^^^^^^^
  File ""/kaggle/working/phishing_ml/phishing_pipeline/ray_runtime.py"", line 666, in render
    await self._ensure_browser()
           ^^^^^^^^^^^^^^^^^^^^^^^^^^^^^^^^^^^^^
  File ""/kaggle/working/phishing_ml/phishing_pipeline/ray_runtime.py"", line 645, in _ensure_browser
    self._browser = await self._playwright.chromium.launch(**launch_kwargs)
                    ^^^^^^^^^^^^^^^^^^^^^^^^^^^^^^^^^^^^^^^^^^^^^^^^^^^^^^^
  File ""/usr/local/lib/python3.12/dist-packages/playwright/async_api/_generated.py"", line 14547, in launch
    await self._impl_obj.launch(
  File ""/usr/local/lib/python3.12/dist-packages/playwright/_impl/_browser_type.py"", line 97, in launch
    await self._channel.send(
  File ""/usr/local/lib/python3.12/dist-packages/playwright/_impl/_connection.py"", line 69, in send
    return await self._connection.wrap_api_call(
           ^^^^^^^^^^^^^^^^^^^^^^^^^^^^^^^^^^^^^
  File ""/usr/local/lib/python3.12/dist-packages/playwright/_impl/_connection.py"", line 559, in wrap_api_call
    raise rewrite_error(error, f""{parsed_st['apiName']}: {error}"") from None
playwright._impl._errors.TargetClosedError: BrowserType.launch: Target page, context or browser has been closed
Browser logs:

<launching> /root/.cache/ms-playwright/chromium_headless_shell-1208/chrome-headless-shell-linux64/chrome-headless-shell --disable-field-trial-config --disable-background-networking --disable-background-timer-throttling --disable-backgrounding-occluded-windows --disable-back-forward-cache --disable-breakpad --disable-client-side-phishing-detection --disable-component-extensions-with-background-pages --disable-component-update --no-default-browser-check --disable-default-apps --disable-dev-shm-usage --disable-extensions --disable-features=AvoidUnnecessaryBeforeUnloadCheckSync,BoundaryEventDispatchTracksNodeRemoval,DestroyProfileOnBrowserClose,DialMediaRouteProvider,GlobalMediaControls,HttpsUpgrades,LensOverlay,MediaRouter,PaintHolding,ThirdPartyStoragePartitioning,Translate,AutoDeElevate,RenderDocument,OptimizationHints --enable-features=CDPScreenshotNewSurface --allow-pre-commit-input --disable-hang-monitor --disable-ipc-flooding-protection --disable-popup-blocking --disable-prompt-on-repost --disable-renderer-backgrounding --force-color-profile=srgb --metrics-recording-only --no-first-run --password-store=basic --use-mock-keychain --no-service-autorun --export-tagged-pdf --disable-search-engine-choice-screen --unsafely-disable-devtools-self-xss-warnings --edge-skip-compat-layer-relaunch --enable-automation --disable-infobars --disable-search-engine-choice-screen --disable-sync --enable-unsafe-swiftshader --headless --hide-scrollbars --mute-audio --blink-settings=primaryHoverType=2,availableHoverTypes=2,primaryPointerType=4,availablePointerTypes=4 --no-sandbox --user-data-dir=/tmp/playwright_chromiumdev_profile-9L08bK --remote-debugging-pipe --no-startup-window
<launched> pid=2140
[pid=2140][err] /root/.cache/ms-playwright/chromium_headless_shell-1208/chrome-headless-shell-linux64/chrome-headless-shell: error while loading shared libraries: libatk-1.0.so.0: cannot open shared object file: No such file or directory
Call log:
  - <launching> /root/.cache/ms-playwright/chromium_headless_shell-1208/chrome-headless-shell-linux64/chrome-headless-shell --disable-field-trial-config --disable-background-networking --disable-background-timer-throttling --disable-backgrounding-occluded-windows --disable-back-forward-cache --disable-breakpad --disable-client-side-phishing-detection --disable-component-extensions-with-background-pages --disable-component-update --no-default-browser-check --disable-default-apps --disable-dev-shm-usage --disable-extensions --disable-features=AvoidUnnecessaryBeforeUnloadCheckSync,BoundaryEventDispatchTracksNodeRemoval,DestroyProfileOnBrowserClose,DialMediaRouteProvider,GlobalMediaControls,HttpsUpgrades,LensOverlay,MediaRouter,PaintHolding,ThirdPartyStoragePartitioning,Translate,AutoDeElevate,RenderDocument,OptimizationHints --enable-features=CDPScreenshotNewSurface --allow-pre-commit-input --disable-hang-monitor --disable-ipc-flooding-protection --disable-popup-blocking --disable-prompt-on-repost --disable-renderer-backgrounding --force-color-profile=srgb --metrics-recording-only --no-first-run --password-store=basic --use-mock-keychain --no-service-autorun --export-tagged-pdf --disable-search-engine-choice-screen --unsafely-disable-devtools-self-xss-warnings --edge-skip-compat-layer-relaunch --enable-automation --disable-infobars --disable-search-engine-choice-screen --disable-sync --enable-unsafe-swiftshader --headless --hide-scrollbars --mute-audio --blink-settings=primaryHoverType=2,availableHoverTypes=2,primaryPointerType=4,availablePointerTypes=4 --no-sandbox --user-data-dir=/tmp/playwright_chromiumdev_profile-9L08bK --remote-debugging-pipe --no-startup-window
  - <launched> pid=2140
  - [pid=2140][err] /root/.cache/ms-playwright/chromium_headless_shell-1208/chrome-headless-shell-linux64/chrome-headless-shell: error while loading shared libraries: libatk-1.0.so.0: cannot open shared object file: No such file or directory
  - [pid=2140] <gracefully close start>
  - [pid=2140] <kill>
  - [pid=2140] <will force kill>
  - [pid=2140] exception while trying to kill process: Error: kill ESRCH
  - [pid=2140] <process did exit: exitCode=127, signal=null>
  - [pid=2140] starting temporary directories cleanup
  - [pid=2140] finished temporary directories cleanup
  - [pid=2140] <gracefully close end>",,,,Low,0.0,False,False,False,,failed_fetch_strict_lexical_suspected,,fetch_timeout_or_fetch_failed,hashing_shortlist
181,airtelisp.com,https://airtelisp.com,02-04-2026.csv,Airtel,airtel.in,0.9333,True,True,True,False,0,0,0,0,0,False,lexical_hit,False,False,False,0,0,0,False,False,airtelisp.com,,0,True,lexical_hit,True,True,True,resolved,accepted,failed,failed,RayTaskError(TargetClosedError),"[36mray::_HashBrowserActorImpl.render()[39m (pid=708, ip=172.19.2.2, actor_id=c8fdda542d9e67d0171c86b701000000, repr=<phishing_pipeline.ray_runtime._HashBrowserActorImpl object at 0x79690ef41340>)
  File ""/usr/lib/python3.12/concurrent/futures/_base.py"", line 449, in result
    return self.__get_result()
           ^^^^^^^^^^^^^^^^^^^
  File ""/usr/lib/python3.12/concurrent/futures/_base.py"", line 401, in __get_result
    raise self._exception
           ^^^^^^^^^^^^^^^^^^^^^^^^^^^^^^^^^^^^^
  File ""/kaggle/working/phishing_ml/phishing_pipeline/ray_runtime.py"", line 666, in render
    await self._ensure_browser()
           ^^^^^^^^^^^^^^^^^^^^^^^^^^^^^^^^^^^^^
  File ""/kaggle/working/phishing_ml/phishing_pipeline/ray_runtime.py"", line 645, in _ensure_browser
    self._browser = await self._playwright.chromium.launch(**launch_kwargs)
                    ^^^^^^^^^^^^^^^^^^^^^^^^^^^^^^^^^^^^^^^^^^^^^^^^^^^^^^^
  File ""/usr/local/lib/python3.12/dist-packages/playwright/async_api/_generated.py"", line 14547, in launch
    await self._impl_obj.launch(
  File ""/usr/local/lib/python3.12/dist-packages/playwright/_impl/_browser_type.py"", line 97, in launch
    await self._channel.send(
  File ""/usr/local/lib/python3.12/dist-packages/playwright/_impl/_connection.py"", line 69, in send
    return await self._connection.wrap_api_call(
           ^^^^^^^^^^^^^^^^^^^^^^^^^^^^^^^^^^^^^
  File ""/usr/local/lib/python3.12/dist-packages/playwright/_impl/_connection.py"", line 559, in wrap_api_call
    raise rewrite_error(error, f""{parsed_st['apiName']}: {error}"") from None
playwright._impl._errors.TargetClosedError: BrowserType.launch: Target page, context or browser has been closed
Browser logs:

<launching> /root/.cache/ms-playwright/chromium_headless_shell-1208/chrome-headless-shell-linux64/chrome-headless-shell --disable-field-trial-config --disable-background-networking --disable-background-timer-throttling --disable-backgrounding-occluded-windows --disable-back-forward-cache --disable-breakpad --disable-client-side-phishing-detection --disable-component-extensions-with-background-pages --disable-component-update --no-default-browser-check --disable-default-apps --disable-dev-shm-usage --disable-extensions --disable-features=AvoidUnnecessaryBeforeUnloadCheckSync,BoundaryEventDispatchTracksNodeRemoval,DestroyProfileOnBrowserClose,DialMediaRouteProvider,GlobalMediaControls,HttpsUpgrades,LensOverlay,MediaRouter,PaintHolding,ThirdPartyStoragePartitioning,Translate,AutoDeElevate,RenderDocument,OptimizationHints --enable-features=CDPScreenshotNewSurface --allow-pre-commit-input --disable-hang-monitor --disable-ipc-flooding-protection --disable-popup-blocking --disable-prompt-on-repost --disable-renderer-backgrounding --force-color-profile=srgb --metrics-recording-only --no-first-run --password-store=basic --use-mock-keychain --no-service-autorun --export-tagged-pdf --disable-search-engine-choice-screen --unsafely-disable-devtools-self-xss-warnings --edge-skip-compat-layer-relaunch --enable-automation --disable-infobars --disable-search-engine-choice-screen --disable-sync --enable-unsafe-swiftshader --headless --hide-scrollbars --mute-audio --blink-settings=primaryHoverType=2,availableHoverTypes=2,primaryPointerType=4,availablePointerTypes=4 --no-sandbox --user-data-dir=/tmp/playwright_chromiumdev_profile-kfyfP8 --remote-debugging-pipe --no-startup-window
<launched> pid=2152
[pid=2152][err] /root/.cache/ms-playwright/chromium_headless_shell-1208/chrome-headless-shell-linux64/chrome-headless-shell: error while loading shared libraries: libatk-1.0.so.0: cannot open shared object file: No such file or directory
Call log:
  - <launching> /root/.cache/ms-playwright/chromium_headless_shell-1208/chrome-headless-shell-linux64/chrome-headless-shell --disable-field-trial-config --disable-background-networking --disable-background-timer-throttling --disable-backgrounding-occluded-windows --disable-back-forward-cache --disable-breakpad --disable-client-side-phishing-detection --disable-component-extensions-with-background-pages --disable-component-update --no-default-browser-check --disable-default-apps --disable-dev-shm-usage --disable-extensions --disable-features=AvoidUnnecessaryBeforeUnloadCheckSync,BoundaryEventDispatchTracksNodeRemoval,DestroyProfileOnBrowserClose,DialMediaRouteProvider,GlobalMediaControls,HttpsUpgrades,LensOverlay,MediaRouter,PaintHolding,ThirdPartyStoragePartitioning,Translate,AutoDeElevate,RenderDocument,OptimizationHints --enable-features=CDPScreenshotNewSurface --allow-pre-commit-input --disable-hang-monitor --disable-ipc-flooding-protection --disable-popup-blocking --disable-prompt-on-repost --disable-renderer-backgrounding --force-color-profile=srgb --metrics-recording-only --no-first-run --password-store=basic --use-mock-keychain --no-service-autorun --export-tagged-pdf --disable-search-engine-choice-screen --unsafely-disable-devtools-self-xss-warnings --edge-skip-compat-layer-relaunch --enable-automation --disable-infobars --disable-search-engine-choice-screen --disable-sync --enable-unsafe-swiftshader --headless --hide-scrollbars --mute-audio --blink-settings=primaryHoverType=2,availableHoverTypes=2,primaryPointerType=4,availablePointerTypes=4 --no-sandbox --user-data-dir=/tmp/playwright_chromiumdev_profile-kfyfP8 --remote-debugging-pipe --no-startup-window
  - <launched> pid=2152
  - [pid=2152][err] /root/.cache/ms-playwright/chromium_headless_shell-1208/chrome-headless-shell-linux64/chrome-headless-shell: error while loading shared libraries: libatk-1.0.so.0: cannot open shared object file: No such file or directory
  - [pid=2152] <gracefully close start>
  - [pid=2152] <kill>
  - [pid=2152] <will force kill>
  - [pid=2152] exception while trying to kill process: Error: kill ESRCH
  - [pid=2152] <process did exit: exitCode=127, signal=null>
  - [pid=2152] starting temporary directories cleanup
  - [pid=2152] finished temporary directories cleanup
  - [pid=2152] <gracefully close end>",,,,Low,0.0,False,False,False,,failed_fetch_strict_lexical_suspected,,fetch_timeout_or_fetch_failed,hashing_shortlist
183,naf-karnataka.org,https://naf-karnataka.org,02-04-2026.csv,Karnataka,karnataka.census.gov.in,0.6207,True,True,False,False,0,0,0,0,0,False,lexical_hit,False,False,False,0,0,0,False,False,naf-karnataka.org,,0,True,lexical_hit,True,True,True,resolved,accepted,failed,failed,RayTaskError(TargetClosedError),"[36mray::_HashBrowserActorImpl.render()[39m (pid=708, ip=172.19.2.2, actor_id=c8fdda542d9e67d0171c86b701000000, repr=<phishing_pipeline.ray_runtime._HashBrowserActorImpl object at 0x79690ef41340>)
  File ""/usr/lib/python3.12/concurrent/futures/_base.py"", line 449, in result
    return self.__get_result()
           ^^^^^^^^^^^^^^^^^^^
  File ""/usr/lib/python3.12/concurrent/futures/_base.py"", line 401, in __get_result
    raise self._exception
           ^^^^^^^^^^^^^^^^^^^^^^^^^^^^^^^^^^^^^
  File ""/kaggle/working/phishing_ml/phishing_pipeline/ray_runtime.py"", line 666, in render
    await self._ensure_browser()
           ^^^^^^^^^^^^^^^^^^^^^^^^^^^^^^^^^^^^^
  File ""/kaggle/working/phishing_ml/phishing_pipeline/ray_runtime.py"", line 645, in _ensure_browser
    self._browser = await self._playwright.chromium.launch(**launch_kwargs)
                    ^^^^^^^^^^^^^^^^^^^^^^^^^^^^^^^^^^^^^^^^^^^^^^^^^^^^^^^
  File ""/usr/local/lib/python3.12/dist-packages/playwright/async_api/_generated.py"", line 14547, in launch
    await self._impl_obj.launch(
  File ""/usr/local/lib/python3.12/dist-packages/playwright/_impl/_browser_type.py"", line 97, in launch
    await self._channel.send(
  File ""/usr/local/lib/python3.12/dist-packages/playwright/_impl/_connection.py"", line 69, in send
    return await self._connection.wrap_api_call(
           ^^^^^^^^^^^^^^^^^^^^^^^^^^^^^^^^^^^^^
  File ""/usr/local/lib/python3.12/dist-packages/playwright/_impl/_connection.py"", line 559, in wrap_api_call
    raise rewrite_error(error, f""{parsed_st['apiName']}: {error}"") from None
playwright._impl._errors.TargetClosedError: BrowserType.launch: Target page, context or browser has been closed
Browser logs:

<launching> /root/.cache/ms-playwright/chromium_headless_shell-1208/chrome-headless-shell-linux64/chrome-headless-shell --disable-field-trial-config --disable-background-networking --disable-background-timer-throttling --disable-backgrounding-occluded-windows --disable-back-forward-cache --disable-breakpad --disable-client-side-phishing-detection --disable-component-extensions-with-background-pages --disable-component-update --no-default-browser-check --disable-default-apps --disable-dev-shm-usage --disable-extensions --disable-features=AvoidUnnecessaryBeforeUnloadCheckSync,BoundaryEventDispatchTracksNodeRemoval,DestroyProfileOnBrowserClose,DialMediaRouteProvider,GlobalMediaControls,HttpsUpgrades,LensOverlay,MediaRouter,PaintHolding,ThirdPartyStoragePartitioning,Translate,AutoDeElevate,RenderDocument,OptimizationHints --enable-features=CDPScreenshotNewSurface --allow-pre-commit-input --disable-hang-monitor --disable-ipc-flooding-protection --disable-popup-blocking --disable-prompt-on-repost --disable-renderer-backgrounding --force-color-profile=srgb --metrics-recording-only --no-first-run --password-store=basic --use-mock-keychain --no-service-autorun --export-tagged-pdf --disable-search-engine-choice-screen --unsafely-disable-devtools-self-xss-warnings --edge-skip-compat-layer-relaunch --enable-automation --disable-infobars --disable-search-engine-choice-screen --disable-sync --enable-unsafe-swiftshader --headless --hide-scrollbars --mute-audio --blink-settings=primaryHoverType=2,availableHoverTypes=2,primaryPointerType=4,availablePointerTypes=4 --no-sandbox --user-data-dir=/tmp/playwright_chromiumdev_profile-DZPQmZ --remote-debugging-pipe --no-startup-window
<launched> pid=2164
[pid=2164][err] /root/.cache/ms-playwright/chromium_headless_shell-1208/chrome-headless-shell-linux64/chrome-headless-shell: error while loading shared libraries: libatk-1.0.so.0: cannot open shared object file: No such file or directory
Call log:
  - <launching> /root/.cache/ms-playwright/chromium_headless_shell-1208/chrome-headless-shell-linux64/chrome-headless-shell --disable-field-trial-config --disable-background-networking --disable-background-timer-throttling --disable-backgrounding-occluded-windows --disable-back-forward-cache --disable-breakpad --disable-client-side-phishing-detection --disable-component-extensions-with-background-pages --disable-component-update --no-default-browser-check --disable-default-apps --disable-dev-shm-usage --disable-extensions --disable-features=AvoidUnnecessaryBeforeUnloadCheckSync,BoundaryEventDispatchTracksNodeRemoval,DestroyProfileOnBrowserClose,DialMediaRouteProvider,GlobalMediaControls,HttpsUpgrades,LensOverlay,MediaRouter,PaintHolding,ThirdPartyStoragePartitioning,Translate,AutoDeElevate,RenderDocument,OptimizationHints --enable-features=CDPScreenshotNewSurface --allow-pre-commit-input --disable-hang-monitor --disable-ipc-flooding-protection --disable-popup-blocking --disable-prompt-on-repost --disable-renderer-backgrounding --force-color-profile=srgb --metrics-recording-only --no-first-run --password-store=basic --use-mock-keychain --no-service-autorun --export-tagged-pdf --disable-search-engine-choice-screen --unsafely-disable-devtools-self-xss-warnings --edge-skip-compat-layer-relaunch --enable-automation --disable-infobars --disable-search-engine-choice-screen --disable-sync --enable-unsafe-swiftshader --headless --hide-scrollbars --mute-audio --blink-settings=primaryHoverType=2,availableHoverTypes=2,primaryPointerType=4,availablePointerTypes=4 --no-sandbox --user-data-dir=/tmp/playwright_chromiumdev_profile-DZPQmZ --remote-debugging-pipe --no-startup-window
  - <launched> pid=2164
  - [pid=2164][err] /root/.cache/ms-playwright/chromium_headless_shell-1208/chrome-headless-shell-linux64/chrome-headless-shell: error while loading shared libraries: libatk-1.0.so.0: cannot open shared object file: No such file or directory
  - [pid=2164] <gracefully close start>
  - [pid=2164] <kill>
  - [pid=2164] <will force kill>
  - [pid=2164] exception while trying to kill process: Error: kill ESRCH
  - [pid=2164] <process did exit: exitCode=127, signal=null>
  - [pid=2164] starting temporary directories cleanup
  - [pid=2164] finished temporary directories cleanup
  - [pid=2164] <gracefully close end>",,,,Low,0.0,False,False,False,,failed_fetch_strict_lexical_suspected,,fetch_timeout_or_fetch_failed,hashing_shortlist
184,niftechs.com,https://niftechs.com,02-04-2026.csv,Kfintech,kfintech.com,0.869,True,True,True,False,0,0,0,0,0,False,lexical_hit,False,False,False,0,0,0,False,False,niftechs.com,,0,True,lexical_hit,True,True,True,resolved,accepted,failed,failed,RayTaskError(TargetClosedError),"[36mray::_HashBrowserActorImpl.render()[39m (pid=708, ip=172.19.2.2, actor_id=c8fdda542d9e67d0171c86b701000000, repr=<phishing_pipeline.ray_runtime._HashBrowserActorImpl object at 0x79690ef41340>)
  File ""/usr/lib/python3.12/concurrent/futures/_base.py"", line 449, in result
    return self.__get_result()
           ^^^^^^^^^^^^^^^^^^^
  File ""/usr/lib/python3.12/concurrent/futures/_base.py"", line 401, in __get_result
    raise self._exception
           ^^^^^^^^^^^^^^^^^^^^^^^^^^^^^^^^^^^^^
  File ""/kaggle/working/phishing_ml/phishing_pipeline/ray_runtime.py"", line 666, in render
    await self._ensure_browser()
           ^^^^^^^^^^^^^^^^^^^^^^^^^^^^^^^^^^^^^
  File ""/kaggle/working/phishing_ml/phishing_pipeline/ray_runtime.py"", line 645, in _ensure_browser
    self._browser = await self._playwright.chromium.launch(**launch_kwargs)
                    ^^^^^^^^^^^^^^^^^^^^^^^^^^^^^^^^^^^^^^^^^^^^^^^^^^^^^^^
  File ""/usr/local/lib/python3.12/dist-packages/playwright/async_api/_generated.py"", line 14547, in launch
    await self._impl_obj.launch(
  File ""/usr/local/lib/python3.12/dist-packages/playwright/_impl/_browser_type.py"", line 97, in launch
    await self._channel.send(
  File ""/usr/local/lib/python3.12/dist-packages/playwright/_impl/_connection.py"", line 69, in send
    return await self._connection.wrap_api_call(
           ^^^^^^^^^^^^^^^^^^^^^^^^^^^^^^^^^^^^^
  File ""/usr/local/lib/python3.12/dist-packages/playwright/_impl/_connection.py"", line 559, in wrap_api_call
    raise rewrite_error(error, f""{parsed_st['apiName']}: {error}"") from None
playwright._impl._errors.TargetClosedError: BrowserType.launch: Target page, context or browser has been closed
Browser logs:

<launching> /root/.cache/ms-playwright/chromium_headless_shell-1208/chrome-headless-shell-linux64/chrome-headless-shell --disable-field-trial-config --disable-background-networking --disable-background-timer-throttling --disable-backgrounding-occluded-windows --disable-back-forward-cache --disable-breakpad --disable-client-side-phishing-detection --disable-component-extensions-with-background-pages --disable-component-update --no-default-browser-check --disable-default-apps --disable-dev-shm-usage --disable-extensions --disable-features=AvoidUnnecessaryBeforeUnloadCheckSync,BoundaryEventDispatchTracksNodeRemoval,DestroyProfileOnBrowserClose,DialMediaRouteProvider,GlobalMediaControls,HttpsUpgrades,LensOverlay,MediaRouter,PaintHolding,ThirdPartyStoragePartitioning,Translate,AutoDeElevate,RenderDocument,OptimizationHints --enable-features=CDPScreenshotNewSurface --allow-pre-commit-input --disable-hang-monitor --disable-ipc-flooding-protection --disable-popup-blocking --disable-prompt-on-repost --disable-renderer-backgrounding --force-color-profile=srgb --metrics-recording-only --no-first-run --password-store=basic --use-mock-keychain --no-service-autorun --export-tagged-pdf --disable-search-engine-choice-screen --unsafely-disable-devtools-self-xss-warnings --edge-skip-compat-layer-relaunch --enable-automation --disable-infobars --disable-search-engine-choice-screen --disable-sync --enable-unsafe-swiftshader --headless --hide-scrollbars --mute-audio --blink-settings=primaryHoverType=2,availableHoverTypes=2,primaryPointerType=4,availablePointerTypes=4 --no-sandbox --user-data-dir=/tmp/playwright_chromiumdev_profile-2bwWGC --remote-debugging-pipe --no-startup-window
<launched> pid=2177
[pid=2177][err] /root/.cache/ms-playwright/chromium_headless_shell-1208/chrome-headless-shell-linux64/chrome-headless-shell: error while loading shared libraries: libatk-1.0.so.0: cannot open shared object file: No such file or directory
Call log:
  - <launching> /root/.cache/ms-playwright/chromium_headless_shell-1208/chrome-headless-shell-linux64/chrome-headless-shell --disable-field-trial-config --disable-background-networking --disable-background-timer-throttling --disable-backgrounding-occluded-windows --disable-back-forward-cache --disable-breakpad --disable-client-side-phishing-detection --disable-component-extensions-with-background-pages --disable-component-update --no-default-browser-check --disable-default-apps --disable-dev-shm-usage --disable-extensions --disable-features=AvoidUnnecessaryBeforeUnloadCheckSync,BoundaryEventDispatchTracksNodeRemoval,DestroyProfileOnBrowserClose,DialMediaRouteProvider,GlobalMediaControls,HttpsUpgrades,LensOverlay,MediaRouter,PaintHolding,ThirdPartyStoragePartitioning,Translate,AutoDeElevate,RenderDocument,OptimizationHints --enable-features=CDPScreenshotNewSurface --allow-pre-commit-input --disable-hang-monitor --disable-ipc-flooding-protection --disable-popup-blocking --disable-prompt-on-repost --disable-renderer-backgrounding --force-color-profile=srgb --metrics-recording-only --no-first-run --password-store=basic --use-mock-keychain --no-service-autorun --export-tagged-pdf --disable-search-engine-choice-screen --unsafely-disable-devtools-self-xss-warnings --edge-skip-compat-layer-relaunch --enable-automation --disable-infobars --disable-search-engine-choice-screen --disable-sync --enable-unsafe-swiftshader --headless --hide-scrollbars --mute-audio --blink-settings=primaryHoverType=2,availableHoverTypes=2,primaryPointerType=4,availablePointerTypes=4 --no-sandbox --user-data-dir=/tmp/playwright_chromiumdev_profile-2bwWGC --remote-debugging-pipe --no-startup-window
  - <launched> pid=2177
  - [pid=2177][err] /root/.cache/ms-playwright/chromium_headless_shell-1208/chrome-headless-shell-linux64/chrome-headless-shell: error while loading shared libraries: libatk-1.0.so.0: cannot open shared object file: No such file or directory
  - [pid=2177] <gracefully close start>
  - [pid=2177] <kill>
  - [pid=2177] <will force kill>
  - [pid=2177] exception while trying to kill process: Error: kill ESRCH
  - [pid=2177] <process did exit: exitCode=127, signal=null>
  - [pid=2177] starting temporary directories cleanup
  - [pid=2177] finished temporary directories cleanup
  - [pid=2177] <gracefully close end>",,,,Low,0.0,False,False,False,,failed_fetch_strict_lexical_suspected,,fetch_timeout_or_fetch_failed,hashing_shortlist
185,nepln.com,https://nepln.com,02-04-2026.csv,Punjab National Bank (PNB),netpnb.com,0.8578,True,True,True,False,0,0,0,0,0,False,lexical_hit,False,False,False,0,0,0,False,False,nepln.com,,0,True,lexical_hit,True,True,True,resolved,accepted,failed,failed,RayTaskError(TargetClosedError),"[36mray::_HashBrowserActorImpl.render()[39m (pid=708, ip=172.19.2.2, actor_id=c8fdda542d9e67d0171c86b701000000, repr=<phishing_pipeline.ray_runtime._HashBrowserActorImpl object at 0x79690ef41340>)
  File ""/usr/lib/python3.12/concurrent/futures/_base.py"", line 449, in result
    return self.__get_result()
           ^^^^^^^^^^^^^^^^^^^
  File ""/usr/lib/python3.12/concurrent/futures/_base.py"", line 401, in __get_result
    raise self._exception
           ^^^^^^^^^^^^^^^^^^^^^^^^^^^^^^^^^^^^^
  File ""/kaggle/working/phishing_ml/phishing_pipeline/ray_runtime.py"", line 666, in render
    await self._ensure_browser()
           ^^^^^^^^^^^^^^^^^^^^^^^^^^^^^^^^^^^^^
  File ""/kaggle/working/phishing_ml/phishing_pipeline/ray_runtime.py"", line 645, in _ensure_browser
    self._browser = await self._playwright.chromium.launch(**launch_kwargs)
                    ^^^^^^^^^^^^^^^^^^^^^^^^^^^^^^^^^^^^^^^^^^^^^^^^^^^^^^^
  File ""/usr/local/lib/python3.12/dist-packages/playwright/async_api/_generated.py"", line 14547, in launch
    await self._impl_obj.launch(
  File ""/usr/local/lib/python3.12/dist-packages/playwright/_impl/_browser_type.py"", line 97, in launch
    await self._channel.send(
  File ""/usr/local/lib/python3.12/dist-packages/playwright/_impl/_connection.py"", line 69, in send
    return await self._connection.wrap_api_call(
           ^^^^^^^^^^^^^^^^^^^^^^^^^^^^^^^^^^^^^
  File ""/usr/local/lib/python3.12/dist-packages/playwright/_impl/_connection.py"", line 559, in wrap_api_call
    raise rewrite_error(error, f""{parsed_st['apiName']}: {error}"") from None
playwright._impl._errors.TargetClosedError: BrowserType.launch: Target page, context or browser has been closed
Browser logs:

<launching> /root/.cache/ms-playwright/chromium_headless_shell-1208/chrome-headless-shell-linux64/chrome-headless-shell --disable-field-trial-config --disable-background-networking --disable-background-timer-throttling --disable-backgrounding-occluded-windows --disable-back-forward-cache --disable-breakpad --disable-client-side-phishing-detection --disable-component-extensions-with-background-pages --disable-component-update --no-default-browser-check --disable-default-apps --disable-dev-shm-usage --disable-extensions --disable-features=AvoidUnnecessaryBeforeUnloadCheckSync,BoundaryEventDispatchTracksNodeRemoval,DestroyProfileOnBrowserClose,DialMediaRouteProvider,GlobalMediaControls,HttpsUpgrades,LensOverlay,MediaRouter,PaintHolding,ThirdPartyStoragePartitioning,Translate,AutoDeElevate,RenderDocument,OptimizationHints --enable-features=CDPScreenshotNewSurface --allow-pre-commit-input --disable-hang-monitor --disable-ipc-flooding-protection --disable-popup-blocking --disable-prompt-on-repost --disable-renderer-backgrounding --force-color-profile=srgb --metrics-recording-only --no-first-run --password-store=basic --use-mock-keychain --no-service-autorun --export-tagged-pdf --disable-search-engine-choice-screen --unsafely-disable-devtools-self-xss-warnings --edge-skip-compat-layer-relaunch --enable-automation --disable-infobars --disable-search-engine-choice-screen --disable-sync --enable-unsafe-swiftshader --headless --hide-scrollbars --mute-audio --blink-settings=primaryHoverType=2,availableHoverTypes=2,primaryPointerType=4,availablePointerTypes=4 --no-sandbox --user-data-dir=/tmp/playwright_chromiumdev_profile-jLCJSB --remote-debugging-pipe --no-startup-window
<launched> pid=2195
[pid=2195][err] /root/.cache/ms-playwright/chromium_headless_shell-1208/chrome-headless-shell-linux64/chrome-headless-shell: error while loading shared libraries: libatk-1.0.so.0: cannot open shared object file: No such file or directory
Call log:
  - <launching> /root/.cache/ms-playwright/chromium_headless_shell-1208/chrome-headless-shell-linux64/chrome-headless-shell --disable-field-trial-config --disable-background-networking --disable-background-timer-throttling --disable-backgrounding-occluded-windows --disable-back-forward-cache --disable-breakpad --disable-client-side-phishing-detection --disable-component-extensions-with-background-pages --disable-component-update --no-default-browser-check --disable-default-apps --disable-dev-shm-usage --disable-extensions --disable-features=AvoidUnnecessaryBeforeUnloadCheckSync,BoundaryEventDispatchTracksNodeRemoval,DestroyProfileOnBrowserClose,DialMediaRouteProvider,GlobalMediaControls,HttpsUpgrades,LensOverlay,MediaRouter,PaintHolding,ThirdPartyStoragePartitioning,Translate,AutoDeElevate,RenderDocument,OptimizationHints --enable-features=CDPScreenshotNewSurface --allow-pre-commit-input --disable-hang-monitor --disable-ipc-flooding-protection --disable-popup-blocking --disable-prompt-on-repost --disable-renderer-backgrounding --force-color-profile=srgb --metrics-recording-only --no-first-run --password-store=basic --use-mock-keychain --no-service-autorun --export-tagged-pdf --disable-search-engine-choice-screen --unsafely-disable-devtools-self-xss-warnings --edge-skip-compat-layer-relaunch --enable-automation --disable-infobars --disable-search-engine-choice-screen --disable-sync --enable-unsafe-swiftshader --headless --hide-scrollbars --mute-audio --blink-settings=primaryHoverType=2,availableHoverTypes=2,primaryPointerType=4,availablePointerTypes=4 --no-sandbox --user-data-dir=/tmp/playwright_chromiumdev_profile-jLCJSB --remote-debugging-pipe --no-startup-window
  - <launched> pid=2195
  - [pid=2195][err] /root/.cache/ms-playwright/chromium_headless_shell-1208/chrome-headless-shell-linux64/chrome-headless-shell: error while loading shared libraries: libatk-1.0.so.0: cannot open shared object file: No such file or directory
  - [pid=2195] <gracefully close start>
  - [pid=2195] <kill>
  - [pid=2195] <will force kill>
  - [pid=2195] exception while trying to kill process: Error: kill ESRCH
  - [pid=2195] <process did exit: exitCode=127, signal=null>
  - [pid=2195] starting temporary directories cleanup
  - [pid=2195] finished temporary directories cleanup
  - [pid=2195] <gracefully close end>",,,,Low,0.0,False,False,False,,failed_fetch_strict_lexical_suspected,,fetch_timeout_or_fetch_failed,hashing_shortlist
190,kuberindia.com,https://kuberindia.com,02-04-2026.csv,BSE Ltd.,bseindia.com,0.8583,True,True,True,False,0,0,0,0,0,False,lexical_hit,False,False,False,0,0,0,False,False,kuberindia.com,,0,True,lexical_hit,True,True,True,resolved,accepted,failed,failed,RayTaskError(TargetClosedError),"[36mray::_HashBrowserActorImpl.render()[39m (pid=708, ip=172.19.2.2, actor_id=c8fdda542d9e67d0171c86b701000000, repr=<phishing_pipeline.ray_runtime._HashBrowserActorImpl object at 0x79690ef41340>)
  File ""/usr/lib/python3.12/concurrent/futures/_base.py"", line 449, in result
    return self.__get_result()
           ^^^^^^^^^^^^^^^^^^^
  File ""/usr/lib/python3.12/concurrent/futures/_base.py"", line 401, in __get_result
    raise self._exception
           ^^^^^^^^^^^^^^^^^^^^^^^^^^^^^^^^^^^^^
  File ""/kaggle/working/phishing_ml/phishing_pipeline/ray_runtime.py"", line 666, in render
    await self._ensure_browser()
           ^^^^^^^^^^^^^^^^^^^^^^^^^^^^^^^^^^^^^
  File ""/kaggle/working/phishing_ml/phishing_pipeline/ray_runtime.py"", line 645, in _ensure_browser
    self._browser = await self._playwright.chromium.launch(**launch_kwargs)
                    ^^^^^^^^^^^^^^^^^^^^^^^^^^^^^^^^^^^^^^^^^^^^^^^^^^^^^^^
  File ""/usr/local/lib/python3.12/dist-packages/playwright/async_api/_generated.py"", line 14547, in launch
    await self._impl_obj.launch(
  File ""/usr/local/lib/python3.12/dist-packages/playwright/_impl/_browser_type.py"", line 97, in launch
    await self._channel.send(
  File ""/usr/local/lib/python3.12/dist-packages/playwright/_impl/_connection.py"", line 69, in send
    return await self._connection.wrap_api_call(
           ^^^^^^^^^^^^^^^^^^^^^^^^^^^^^^^^^^^^^
  File ""/usr/local/lib/python3.12/dist-packages/playwright/_impl/_connection.py"", line 559, in wrap_api_call
    raise rewrite_error(error, f""{parsed_st['apiName']}: {error}"") from None
playwright._impl._errors.TargetClosedError: BrowserType.launch: Target page, context or browser has been closed
Browser logs:

<launching> /root/.cache/ms-playwright/chromium_headless_shell-1208/chrome-headless-shell-linux64/chrome-headless-shell --disable-field-trial-config --disable-background-networking --disable-background-timer-throttling --disable-backgrounding-occluded-windows --disable-back-forward-cache --disable-breakpad --disable-client-side-phishing-detection --disable-component-extensions-with-background-pages --disable-component-update --no-default-browser-check --disable-default-apps --disable-dev-shm-usage --disable-extensions --disable-features=AvoidUnnecessaryBeforeUnloadCheckSync,BoundaryEventDispatchTracksNodeRemoval,DestroyProfileOnBrowserClose,DialMediaRouteProvider,GlobalMediaControls,HttpsUpgrades,LensOverlay,MediaRouter,PaintHolding,ThirdPartyStoragePartitioning,Translate,AutoDeElevate,RenderDocument,OptimizationHints --enable-features=CDPScreenshotNewSurface --allow-pre-commit-input --disable-hang-monitor --disable-ipc-flooding-protection --disable-popup-blocking --disable-prompt-on-repost --disable-renderer-backgrounding --force-color-profile=srgb --metrics-recording-only --no-first-run --password-store=basic --use-mock-keychain --no-service-autorun --export-tagged-pdf --disable-search-engine-choice-screen --unsafely-disable-devtools-self-xss-warnings --edge-skip-compat-layer-relaunch --enable-automation --disable-infobars --disable-search-engine-choice-screen --disable-sync --enable-unsafe-swiftshader --headless --hide-scrollbars --mute-audio --blink-settings=primaryHoverType=2,availableHoverTypes=2,primaryPointerType=4,availablePointerTypes=4 --no-sandbox --user-data-dir=/tmp/playwright_chromiumdev_profile-ouRCLQ --remote-debugging-pipe --no-startup-window
<launched> pid=2207
[pid=2207][err] /root/.cache/ms-playwright/chromium_headless_shell-1208/chrome-headless-shell-linux64/chrome-headless-shell: error while loading shared libraries: libatk-1.0.so.0: cannot open shared object file: No such file or directory
Call log:
  - <launching> /root/.cache/ms-playwright/chromium_headless_shell-1208/chrome-headless-shell-linux64/chrome-headless-shell --disable-field-trial-config --disable-background-networking --disable-background-timer-throttling --disable-backgrounding-occluded-windows --disable-back-forward-cache --disable-breakpad --disable-client-side-phishing-detection --disable-component-extensions-with-background-pages --disable-component-update --no-default-browser-check --disable-default-apps --disable-dev-shm-usage --disable-extensions --disable-features=AvoidUnnecessaryBeforeUnloadCheckSync,BoundaryEventDispatchTracksNodeRemoval,DestroyProfileOnBrowserClose,DialMediaRouteProvider,GlobalMediaControls,HttpsUpgrades,LensOverlay,MediaRouter,PaintHolding,ThirdPartyStoragePartitioning,Translate,AutoDeElevate,RenderDocument,OptimizationHints --enable-features=CDPScreenshotNewSurface --allow-pre-commit-input --disable-hang-monitor --disable-ipc-flooding-protection --disable-popup-blocking --disable-prompt-on-repost --disable-renderer-backgrounding --force-color-profile=srgb --metrics-recording-only --no-first-run --password-store=basic --use-mock-keychain --no-service-autorun --export-tagged-pdf --disable-search-engine-choice-screen --unsafely-disable-devtools-self-xss-warnings --edge-skip-compat-layer-relaunch --enable-automation --disable-infobars --disable-search-engine-choice-screen --disable-sync --enable-unsafe-swiftshader --headless --hide-scrollbars --mute-audio --blink-settings=primaryHoverType=2,availableHoverTypes=2,primaryPointerType=4,availablePointerTypes=4 --no-sandbox --user-data-dir=/tmp/playwright_chromiumdev_profile-ouRCLQ --remote-debugging-pipe --no-startup-window
  - <launched> pid=2207
  - [pid=2207][err] /root/.cache/ms-playwright/chromium_headless_shell-1208/chrome-headless-shell-linux64/chrome-headless-shell: error while loading shared libraries: libatk-1.0.so.0: cannot open shared object file: No such file or directory
  - [pid=2207] <gracefully close start>
  - [pid=2207] <kill>
  - [pid=2207] <will force kill>
  - [pid=2207] exception while trying to kill process: Error: kill ESRCH
  - [pid=2207] <process did exit: exitCode=127, signal=null>
  - [pid=2207] starting temporary directories cleanup
  - [pid=2207] finished temporary directories cleanup
  - [pid=2207] <gracefully close end>",,,,Low,0.0,False,False,False,,failed_fetch_strict_lexical_suspected,,fetch_timeout_or_fetch_failed,hashing_shortlist
192,bcs-online.com,https://bcs-online.com,02-04-2026.csv,Computer Age Management Services Ltd. (CAMS),camsonline.com,0.8667,True,True,True,False,0,0,0,0,0,False,lexical_hit,False,False,False,0,0,0,False,False,bcs-online.com,,0,True,lexical_hit,True,True,True,resolved,accepted,failed,failed,RayTaskError(TargetClosedError),"[36mray::_HashBrowserActorImpl.render()[39m (pid=708, ip=172.19.2.2, actor_id=c8fdda542d9e67d0171c86b701000000, repr=<phishing_pipeline.ray_runtime._HashBrowserActorImpl object at 0x79690ef41340>)
  File ""/usr/lib/python3.12/concurrent/futures/_base.py"", line 449, in result
    return self.__get_result()
           ^^^^^^^^^^^^^^^^^^^
  File ""/usr/lib/python3.12/concurrent/futures/_base.py"", line 401, in __get_result
    raise self._exception
           ^^^^^^^^^^^^^^^^^^^^^^^^^^^^^^^^^^^^^
  File ""/kaggle/working/phishing_ml/phishing_pipeline/ray_runtime.py"", line 666, in render
    await self._ensure_browser()
           ^^^^^^^^^^^^^^^^^^^^^^^^^^^^^^^^^^^^^
  File ""/kaggle/working/phishing_ml/phishing_pipeline/ray_runtime.py"", line 645, in _ensure_browser
    self._browser = await self._playwright.chromium.launch(**launch_kwargs)
                    ^^^^^^^^^^^^^^^^^^^^^^^^^^^^^^^^^^^^^^^^^^^^^^^^^^^^^^^
  File ""/usr/local/lib/python3.12/dist-packages/playwright/async_api/_generated.py"", line 14547, in launch
    await self._impl_obj.launch(
  File ""/usr/local/lib/python3.12/dist-packages/playwright/_impl/_browser_type.py"", line 97, in launch
    await self._channel.send(
  File ""/usr/local/lib/python3.12/dist-packages/playwright/_impl/_connection.py"", line 69, in send
    return await self._connection.wrap_api_call(
           ^^^^^^^^^^^^^^^^^^^^^^^^^^^^^^^^^^^^^
  File ""/usr/local/lib/python3.12/dist-packages/playwright/_impl/_connection.py"", line 559, in wrap_api_call
    raise rewrite_error(error, f""{parsed_st['apiName']}: {error}"") from None
playwright._impl._errors.TargetClosedError: BrowserType.launch: Target page, context or browser has been closed
Browser logs:

<launching> /root/.cache/ms-playwright/chromium_headless_shell-1208/chrome-headless-shell-linux64/chrome-headless-shell --disable-field-trial-config --disable-background-networking --disable-background-timer-throttling --disable-backgrounding-occluded-windows --disable-back-forward-cache --disable-breakpad --disable-client-side-phishing-detection --disable-component-extensions-with-background-pages --disable-component-update --no-default-browser-check --disable-default-apps --disable-dev-shm-usage --disable-extensions --disable-features=AvoidUnnecessaryBeforeUnloadCheckSync,BoundaryEventDispatchTracksNodeRemoval,DestroyProfileOnBrowserClose,DialMediaRouteProvider,GlobalMediaControls,HttpsUpgrades,LensOverlay,MediaRouter,PaintHolding,ThirdPartyStoragePartitioning,Translate,AutoDeElevate,RenderDocument,OptimizationHints --enable-features=CDPScreenshotNewSurface --allow-pre-commit-input --disable-hang-monitor --disable-ipc-flooding-protection --disable-popup-blocking --disable-prompt-on-repost --disable-renderer-backgrounding --force-color-profile=srgb --metrics-recording-only --no-first-run --password-store=basic --use-mock-keychain --no-service-autorun --export-tagged-pdf --disable-search-engine-choice-screen --unsafely-disable-devtools-self-xss-warnings --edge-skip-compat-layer-relaunch --enable-automation --disable-infobars --disable-search-engine-choice-screen --disable-sync --enable-unsafe-swiftshader --headless --hide-scrollbars --mute-audio --blink-settings=primaryHoverType=2,availableHoverTypes=2,primaryPointerType=4,availablePointerTypes=4 --no-sandbox --user-data-dir=/tmp/playwright_chromiumdev_profile-Q3l0pP --remote-debugging-pipe --no-startup-window
<launched> pid=2219
[pid=2219][err] /root/.cache/ms-playwright/chromium_headless_shell-1208/chrome-headless-shell-linux64/chrome-headless-shell: error while loading shared libraries: libatk-1.0.so.0: cannot open shared object file: No such file or directory
Call log:
  - <launching> /root/.cache/ms-playwright/chromium_headless_shell-1208/chrome-headless-shell-linux64/chrome-headless-shell --disable-field-trial-config --disable-background-networking --disable-background-timer-throttling --disable-backgrounding-occluded-windows --disable-back-forward-cache --disable-breakpad --disable-client-side-phishing-detection --disable-component-extensions-with-background-pages --disable-component-update --no-default-browser-check --disable-default-apps --disable-dev-shm-usage --disable-extensions --disable-features=AvoidUnnecessaryBeforeUnloadCheckSync,BoundaryEventDispatchTracksNodeRemoval,DestroyProfileOnBrowserClose,DialMediaRouteProvider,GlobalMediaControls,HttpsUpgrades,LensOverlay,MediaRouter,PaintHolding,ThirdPartyStoragePartitioning,Translate,AutoDeElevate,RenderDocument,OptimizationHints --enable-features=CDPScreenshotNewSurface --allow-pre-commit-input --disable-hang-monitor --disable-ipc-flooding-protection --disable-popup-blocking --disable-prompt-on-repost --disable-renderer-backgrounding --force-color-profile=srgb --metrics-recording-only --no-first-run --password-store=basic --use-mock-keychain --no-service-autorun --export-tagged-pdf --disable-search-engine-choice-screen --unsafely-disable-devtools-self-xss-warnings --edge-skip-compat-layer-relaunch --enable-automation --disable-infobars --disable-search-engine-choice-screen --disable-sync --enable-unsafe-swiftshader --headless --hide-scrollbars --mute-audio --blink-settings=primaryHoverType=2,availableHoverTypes=2,primaryPointerType=4,availablePointerTypes=4 --no-sandbox --user-data-dir=/tmp/playwright_chromiumdev_profile-Q3l0pP --remote-debugging-pipe --no-startup-window
  - <launched> pid=2219
  - [pid=2219][err] /root/.cache/ms-playwright/chromium_headless_shell-1208/chrome-headless-shell-linux64/chrome-headless-shell: error while loading shared libraries: libatk-1.0.so.0: cannot open shared object file: No such file or directory
  - [pid=2219] <gracefully close start>
  - [pid=2219] <kill>
  - [pid=2219] <will force kill>
  - [pid=2219] exception while trying to kill process: Error: kill ESRCH
  - [pid=2219] <process did exit: exitCode=127, signal=null>
  - [pid=2219] starting temporary directories cleanup
  - [pid=2219] finished temporary directories cleanup
  - [pid=2219] <gracefully close end>",,,,Low,0.0,False,False,False,,failed_fetch_strict_lexical_suspected,,fetch_timeout_or_fetch_failed,hashing_shortlist
193,jaison.com,https://jaison.com,02-04-2026.csv,Jio,jio.com,0.85,True,True,True,False,0,0,0,0,0,False,lexical_hit,False,False,False,0,0,0,False,False,jaison.com,,0,True,lexical_hit,True,True,True,resolved,accepted,failed,failed,RayTaskError(TargetClosedError),"[36mray::_HashBrowserActorImpl.render()[39m (pid=708, ip=172.19.2.2, actor_id=c8fdda542d9e67d0171c86b701000000, repr=<phishing_pipeline.ray_runtime._HashBrowserActorImpl object at 0x79690ef41340>)
  File ""/usr/lib/python3.12/concurrent/futures/_base.py"", line 449, in result
    return self.__get_result()
           ^^^^^^^^^^^^^^^^^^^
  File ""/usr/lib/python3.12/concurrent/futures/_base.py"", line 401, in __get_result
    raise self._exception
           ^^^^^^^^^^^^^^^^^^^^^^^^^^^^^^^^^^^^^
  File ""/kaggle/working/phishing_ml/phishing_pipeline/ray_runtime.py"", line 666, in render
    await self._ensure_browser()
           ^^^^^^^^^^^^^^^^^^^^^^^^^^^^^^^^^^^^^
  File ""/kaggle/working/phishing_ml/phishing_pipeline/ray_runtime.py"", line 645, in _ensure_browser
    self._browser = await self._playwright.chromium.launch(**launch_kwargs)
                    ^^^^^^^^^^^^^^^^^^^^^^^^^^^^^^^^^^^^^^^^^^^^^^^^^^^^^^^
  File ""/usr/local/lib/python3.12/dist-packages/playwright/async_api/_generated.py"", line 14547, in launch
    await self._impl_obj.launch(
  File ""/usr/local/lib/python3.12/dist-packages/playwright/_impl/_browser_type.py"", line 97, in launch
    await self._channel.send(
  File ""/usr/local/lib/python3.12/dist-packages/playwright/_impl/_connection.py"", line 69, in send
    return await self._connection.wrap_api_call(
           ^^^^^^^^^^^^^^^^^^^^^^^^^^^^^^^^^^^^^
  File ""/usr/local/lib/python3.12/dist-packages/playwright/_impl/_connection.py"", line 559, in wrap_api_call
    raise rewrite_error(error, f""{parsed_st['apiName']}: {error}"") from None
playwright._impl._errors.TargetClosedError: BrowserType.launch: Target page, context or browser has been closed
Browser logs:

<launching> /root/.cache/ms-playwright/chromium_headless_shell-1208/chrome-headless-shell-linux64/chrome-headless-shell --disable-field-trial-config --disable-background-networking --disable-background-timer-throttling --disable-backgrounding-occluded-windows --disable-back-forward-cache --disable-breakpad --disable-client-side-phishing-detection --disable-component-extensions-with-background-pages --disable-component-update --no-default-browser-check --disable-default-apps --disable-dev-shm-usage --disable-extensions --disable-features=AvoidUnnecessaryBeforeUnloadCheckSync,BoundaryEventDispatchTracksNodeRemoval,DestroyProfileOnBrowserClose,DialMediaRouteProvider,GlobalMediaControls,HttpsUpgrades,LensOverlay,MediaRouter,PaintHolding,ThirdPartyStoragePartitioning,Translate,AutoDeElevate,RenderDocument,OptimizationHints --enable-features=CDPScreenshotNewSurface --allow-pre-commit-input --disable-hang-monitor --disable-ipc-flooding-protection --disable-popup-blocking --disable-prompt-on-repost --disable-renderer-backgrounding --force-color-profile=srgb --metrics-recording-only --no-first-run --password-store=basic --use-mock-keychain --no-service-autorun --export-tagged-pdf --disable-search-engine-choice-screen --unsafely-disable-devtools-self-xss-warnings --edge-skip-compat-layer-relaunch --enable-automation --disable-infobars --disable-search-engine-choice-screen --disable-sync --enable-unsafe-swiftshader --headless --hide-scrollbars --mute-audio --blink-settings=primaryHoverType=2,availableHoverTypes=2,primaryPointerType=4,availablePointerTypes=4 --no-sandbox --user-data-dir=/tmp/playwright_chromiumdev_profile-K6zwm8 --remote-debugging-pipe --no-startup-window
<launched> pid=2231
[pid=2231][err] /root/.cache/ms-playwright/chromium_headless_shell-1208/chrome-headless-shell-linux64/chrome-headless-shell: error while loading shared libraries: libatk-1.0.so.0: cannot open shared object file: No such file or directory
Call log:
  - <launching> /root/.cache/ms-playwright/chromium_headless_shell-1208/chrome-headless-shell-linux64/chrome-headless-shell --disable-field-trial-config --disable-background-networking --disable-background-timer-throttling --disable-backgrounding-occluded-windows --disable-back-forward-cache --disable-breakpad --disable-client-side-phishing-detection --disable-component-extensions-with-background-pages --disable-component-update --no-default-browser-check --disable-default-apps --disable-dev-shm-usage --disable-extensions --disable-features=AvoidUnnecessaryBeforeUnloadCheckSync,BoundaryEventDispatchTracksNodeRemoval,DestroyProfileOnBrowserClose,DialMediaRouteProvider,GlobalMediaControls,HttpsUpgrades,LensOverlay,MediaRouter,PaintHolding,ThirdPartyStoragePartitioning,Translate,AutoDeElevate,RenderDocument,OptimizationHints --enable-features=CDPScreenshotNewSurface --allow-pre-commit-input --disable-hang-monitor --disable-ipc-flooding-protection --disable-popup-blocking --disable-prompt-on-repost --disable-renderer-backgrounding --force-color-profile=srgb --metrics-recording-only --no-first-run --password-store=basic --use-mock-keychain --no-service-autorun --export-tagged-pdf --disable-search-engine-choice-screen --unsafely-disable-devtools-self-xss-warnings --edge-skip-compat-layer-relaunch --enable-automation --disable-infobars --disable-search-engine-choice-screen --disable-sync --enable-unsafe-swiftshader --headless --hide-scrollbars --mute-audio --blink-settings=primaryHoverType=2,availableHoverTypes=2,primaryPointerType=4,availablePointerTypes=4 --no-sandbox --user-data-dir=/tmp/playwright_chromiumdev_profile-K6zwm8 --remote-debugging-pipe --no-startup-window
  - <launched> pid=2231
  - [pid=2231][err] /root/.cache/ms-playwright/chromium_headless_shell-1208/chrome-headless-shell-linux64/chrome-headless-shell: error while loading shared libraries: libatk-1.0.so.0: cannot open shared object file: No such file or directory
  - [pid=2231] <gracefully close start>
  - [pid=2231] <kill>
  - [pid=2231] <will force kill>
  - [pid=2231] exception while trying to kill process: Error: kill ESRCH
  - [pid=2231] <process did exit: exitCode=127, signal=null>
  - [pid=2231] starting temporary directories cleanup
  - [pid=2231] finished temporary directories cleanup
  - [pid=2231] <gracefully close end>",,,,Low,0.0,False,False,False,,failed_fetch_strict_lexical_suspected,,fetch_timeout_or_fetch_failed,hashing_shortlist
200,c3sonline.com,https://c3sonline.com,02-04-2026.csv,Computer Age Management Services Ltd. (CAMS),camsonline.com,0.9067,True,True,True,False,0,0,0,0,0,False,lexical_hit,False,False,False,0,0,0,False,False,c3sonline.com,,0,True,lexical_hit,True,True,True,resolved,accepted,failed,failed,RayTaskError(TargetClosedError),"[36mray::_HashBrowserActorImpl.render()[39m (pid=708, ip=172.19.2.2, actor_id=c8fdda542d9e67d0171c86b701000000, repr=<phishing_pipeline.ray_runtime._HashBrowserActorImpl object at 0x79690ef41340>)
  File ""/usr/lib/python3.12/concurrent/futures/_base.py"", line 449, in result
    return self.__get_result()
           ^^^^^^^^^^^^^^^^^^^
  File ""/usr/lib/python3.12/concurrent/futures/_base.py"", line 401, in __get_result
    raise self._exception
           ^^^^^^^^^^^^^^^^^^^^^^^^^^^^^^^^^^^^^
  File ""/kaggle/working/phishing_ml/phishing_pipeline/ray_runtime.py"", line 666, in render
    await self._ensure_browser()
           ^^^^^^^^^^^^^^^^^^^^^^^^^^^^^^^^^^^^^
  File ""/kaggle/working/phishing_ml/phishing_pipeline/ray_runtime.py"", line 645, in _ensure_browser
    self._browser = await self._playwright.chromium.launch(**launch_kwargs)
                    ^^^^^^^^^^^^^^^^^^^^^^^^^^^^^^^^^^^^^^^^^^^^^^^^^^^^^^^
  File ""/usr/local/lib/python3.12/dist-packages/playwright/async_api/_generated.py"", line 14547, in launch
    await self._impl_obj.launch(
  File ""/usr/local/lib/python3.12/dist-packages/playwright/_impl/_browser_type.py"", line 97, in launch
    await self._channel.send(
  File ""/usr/local/lib/python3.12/dist-packages/playwright/_impl/_connection.py"", line 69, in send
    return await self._connection.wrap_api_call(
           ^^^^^^^^^^^^^^^^^^^^^^^^^^^^^^^^^^^^^
  File ""/usr/local/lib/python3.12/dist-packages/playwright/_impl/_connection.py"", line 559, in wrap_api_call
    raise rewrite_error(error, f""{parsed_st['apiName']}: {error}"") from None
playwright._impl._errors.TargetClosedError: BrowserType.launch: Target page, context or browser has been closed
Browser logs:

<launching> /root/.cache/ms-playwright/chromium_headless_shell-1208/chrome-headless-shell-linux64/chrome-headless-shell --disable-field-trial-config --disable-background-networking --disable-background-timer-throttling --disable-backgrounding-occluded-windows --disable-back-forward-cache --disable-breakpad --disable-client-side-phishing-detection --disable-component-extensions-with-background-pages --disable-component-update --no-default-browser-check --disable-default-apps --disable-dev-shm-usage --disable-extensions --disable-features=AvoidUnnecessaryBeforeUnloadCheckSync,BoundaryEventDispatchTracksNodeRemoval,DestroyProfileOnBrowserClose,DialMediaRouteProvider,GlobalMediaControls,HttpsUpgrades,LensOverlay,MediaRouter,PaintHolding,ThirdPartyStoragePartitioning,Translate,AutoDeElevate,RenderDocument,OptimizationHints --enable-features=CDPScreenshotNewSurface --allow-pre-commit-input --disable-hang-monitor --disable-ipc-flooding-protection --disable-popup-blocking --disable-prompt-on-repost --disable-renderer-backgrounding --force-color-profile=srgb --metrics-recording-only --no-first-run --password-store=basic --use-mock-keychain --no-service-autorun --export-tagged-pdf --disable-search-engine-choice-screen --unsafely-disable-devtools-self-xss-warnings --edge-skip-compat-layer-relaunch --enable-automation --disable-infobars --disable-search-engine-choice-screen --disable-sync --enable-unsafe-swiftshader --headless --hide-scrollbars --mute-audio --blink-settings=primaryHoverType=2,availableHoverTypes=2,primaryPointerType=4,availablePointerTypes=4 --no-sandbox --user-data-dir=/tmp/playwright_chromiumdev_profile-MXi3vJ --remote-debugging-pipe --no-startup-window
<launched> pid=2243
[pid=2243][err] /root/.cache/ms-playwright/chromium_headless_shell-1208/chrome-headless-shell-linux64/chrome-headless-shell: error while loading shared libraries: libatk-1.0.so.0: cannot open shared object file: No such file or directory
Call log:
  - <launching> /root/.cache/ms-playwright/chromium_headless_shell-1208/chrome-headless-shell-linux64/chrome-headless-shell --disable-field-trial-config --disable-background-networking --disable-background-timer-throttling --disable-backgrounding-occluded-windows --disable-back-forward-cache --disable-breakpad --disable-client-side-phishing-detection --disable-component-extensions-with-background-pages --disable-component-update --no-default-browser-check --disable-default-apps --disable-dev-shm-usage --disable-extensions --disable-features=AvoidUnnecessaryBeforeUnloadCheckSync,BoundaryEventDispatchTracksNodeRemoval,DestroyProfileOnBrowserClose,DialMediaRouteProvider,GlobalMediaControls,HttpsUpgrades,LensOverlay,MediaRouter,PaintHolding,ThirdPartyStoragePartitioning,Translate,AutoDeElevate,RenderDocument,OptimizationHints --enable-features=CDPScreenshotNewSurface --allow-pre-commit-input --disable-hang-monitor --disable-ipc-flooding-protection --disable-popup-blocking --disable-prompt-on-repost --disable-renderer-backgrounding --force-color-profile=srgb --metrics-recording-only --no-first-run --password-store=basic --use-mock-keychain --no-service-autorun --export-tagged-pdf --disable-search-engine-choice-screen --unsafely-disable-devtools-self-xss-warnings --edge-skip-compat-layer-relaunch --enable-automation --disable-infobars --disable-search-engine-choice-screen --disable-sync --enable-unsafe-swiftshader --headless --hide-scrollbars --mute-audio --blink-settings=primaryHoverType=2,availableHoverTypes=2,primaryPointerType=4,availablePointerTypes=4 --no-sandbox --user-data-dir=/tmp/playwright_chromiumdev_profile-MXi3vJ --remote-debugging-pipe --no-startup-window
  - <launched> pid=2243
  - [pid=2243][err] /root/.cache/ms-playwright/chromium_headless_shell-1208/chrome-headless-shell-linux64/chrome-headless-shell: error while loading shared libraries: libatk-1.0.so.0: cannot open shared object file: No such file or directory
  - [pid=2243] <gracefully close start>
  - [pid=2243] <kill>
  - [pid=2243] <will force kill>
  - [pid=2243] exception while trying to kill process: Error: kill ESRCH
  - [pid=2243] <process did exit: exitCode=127, signal=null>
  - [pid=2243] starting temporary directories cleanup
  - [pid=2243] finished temporary directories cleanup
  - [pid=2243] <gracefully close end>",,,,Low,0.0,False,False,False,,failed_fetch_strict_lexical_suspected,,fetch_timeout_or_fetch_failed,hashing_shortlist
206,tamsonline.com,https://tamsonline.com,02-04-2026.csv,Computer Age Management Services Ltd. (CAMS),camsonline.com,0.9333,True,True,True,False,0,0,0,0,0,False,lexical_hit,False,False,False,0,0,0,False,False,tamsonline.com,,0,True,lexical_hit,True,True,True,resolved,accepted,failed,failed,RayTaskError(TargetClosedError),"[36mray::_HashBrowserActorImpl.render()[39m (pid=708, ip=172.19.2.2, actor_id=c8fdda542d9e67d0171c86b701000000, repr=<phishing_pipeline.ray_runtime._HashBrowserActorImpl object at 0x79690ef41340>)
  File ""/usr/lib/python3.12/concurrent/futures/_base.py"", line 449, in result
    return self.__get_result()
           ^^^^^^^^^^^^^^^^^^^
  File ""/usr/lib/python3.12/concurrent/futures/_base.py"", line 401, in __get_result
    raise self._exception
           ^^^^^^^^^^^^^^^^^^^^^^^^^^^^^^^^^^^^^
  File ""/kaggle/working/phishing_ml/phishing_pipeline/ray_runtime.py"", line 666, in render
    await self._ensure_browser()
           ^^^^^^^^^^^^^^^^^^^^^^^^^^^^^^^^^^^^^
  File ""/kaggle/working/phishing_ml/phishing_pipeline/ray_runtime.py"", line 645, in _ensure_browser
    self._browser = await self._playwright.chromium.launch(**launch_kwargs)
                    ^^^^^^^^^^^^^^^^^^^^^^^^^^^^^^^^^^^^^^^^^^^^^^^^^^^^^^^
  File ""/usr/local/lib/python3.12/dist-packages/playwright/async_api/_generated.py"", line 14547, in launch
    await self._impl_obj.launch(
  File ""/usr/local/lib/python3.12/dist-packages/playwright/_impl/_browser_type.py"", line 97, in launch
    await self._channel.send(
  File ""/usr/local/lib/python3.12/dist-packages/playwright/_impl/_connection.py"", line 69, in send
    return await self._connection.wrap_api_call(
           ^^^^^^^^^^^^^^^^^^^^^^^^^^^^^^^^^^^^^
  File ""/usr/local/lib/python3.12/dist-packages/playwright/_impl/_connection.py"", line 559, in wrap_api_call
    raise rewrite_error(error, f""{parsed_st['apiName']}: {error}"") from None
playwright._impl._errors.TargetClosedError: BrowserType.launch: Target page, context or browser has been closed
Browser logs:

<launching> /root/.cache/ms-playwright/chromium_headless_shell-1208/chrome-headless-shell-linux64/chrome-headless-shell --disable-field-trial-config --disable-background-networking --disable-background-timer-throttling --disable-backgrounding-occluded-windows --disable-back-forward-cache --disable-breakpad --disable-client-side-phishing-detection --disable-component-extensions-with-background-pages --disable-component-update --no-default-browser-check --disable-default-apps --disable-dev-shm-usage --disable-extensions --disable-features=AvoidUnnecessaryBeforeUnloadCheckSync,BoundaryEventDispatchTracksNodeRemoval,DestroyProfileOnBrowserClose,DialMediaRouteProvider,GlobalMediaControls,HttpsUpgrades,LensOverlay,MediaRouter,PaintHolding,ThirdPartyStoragePartitioning,Translate,AutoDeElevate,RenderDocument,OptimizationHints --enable-features=CDPScreenshotNewSurface --allow-pre-commit-input --disable-hang-monitor --disable-ipc-flooding-protection --disable-popup-blocking --disable-prompt-on-repost --disable-renderer-backgrounding --force-color-profile=srgb --metrics-recording-only --no-first-run --password-store=basic --use-mock-keychain --no-service-autorun --export-tagged-pdf --disable-search-engine-choice-screen --unsafely-disable-devtools-self-xss-warnings --edge-skip-compat-layer-relaunch --enable-automation --disable-infobars --disable-search-engine-choice-screen --disable-sync --enable-unsafe-swiftshader --headless --hide-scrollbars --mute-audio --blink-settings=primaryHoverType=2,availableHoverTypes=2,primaryPointerType=4,availablePointerTypes=4 --no-sandbox --user-data-dir=/tmp/playwright_chromiumdev_profile-RBPS56 --remote-debugging-pipe --no-startup-window
<launched> pid=2255
[pid=2255][err] /root/.cache/ms-playwright/chromium_headless_shell-1208/chrome-headless-shell-linux64/chrome-headless-shell: error while loading shared libraries: libatk-1.0.so.0: cannot open shared object file: No such file or directory
Call log:
  - <launching> /root/.cache/ms-playwright/chromium_headless_shell-1208/chrome-headless-shell-linux64/chrome-headless-shell --disable-field-trial-config --disable-background-networking --disable-background-timer-throttling --disable-backgrounding-occluded-windows --disable-back-forward-cache --disable-breakpad --disable-client-side-phishing-detection --disable-component-extensions-with-background-pages --disable-component-update --no-default-browser-check --disable-default-apps --disable-dev-shm-usage --disable-extensions --disable-features=AvoidUnnecessaryBeforeUnloadCheckSync,BoundaryEventDispatchTracksNodeRemoval,DestroyProfileOnBrowserClose,DialMediaRouteProvider,GlobalMediaControls,HttpsUpgrades,LensOverlay,MediaRouter,PaintHolding,ThirdPartyStoragePartitioning,Translate,AutoDeElevate,RenderDocument,OptimizationHints --enable-features=CDPScreenshotNewSurface --allow-pre-commit-input --disable-hang-monitor --disable-ipc-flooding-protection --disable-popup-blocking --disable-prompt-on-repost --disable-renderer-backgrounding --force-color-profile=srgb --metrics-recording-only --no-first-run --password-store=basic --use-mock-keychain --no-service-autorun --export-tagged-pdf --disable-search-engine-choice-screen --unsafely-disable-devtools-self-xss-warnings --edge-skip-compat-layer-relaunch --enable-automation --disable-infobars --disable-search-engine-choice-screen --disable-sync --enable-unsafe-swiftshader --headless --hide-scrollbars --mute-audio --blink-settings=primaryHoverType=2,availableHoverTypes=2,primaryPointerType=4,availablePointerTypes=4 --no-sandbox --user-data-dir=/tmp/playwright_chromiumdev_profile-RBPS56 --remote-debugging-pipe --no-startup-window
  - <launched> pid=2255
  - [pid=2255][err] /root/.cache/ms-playwright/chromium_headless_shell-1208/chrome-headless-shell-linux64/chrome-headless-shell: error while loading shared libraries: libatk-1.0.so.0: cannot open shared object file: No such file or directory
  - [pid=2255] <gracefully close start>
  - [pid=2255] <kill>
  - [pid=2255] <will force kill>
  - [pid=2255] exception while trying to kill process: Error: kill ESRCH
  - [pid=2255] <process did exit: exitCode=127, signal=null>
  - [pid=2255] starting temporary directories cleanup
  - [pid=2255] finished temporary directories cleanup
  - [pid=2255] <gracefully close end>",,,,Low,0.0,False,False,False,,failed_fetch_strict_lexical_suspected,,fetch_timeout_or_fetch_failed,hashing_shortlist
208,jiboyi.com,https://jiboyi.com,02-04-2026.csv,Jio,jio.com,0.8667,True,True,True,False,0,0,0,0,0,False,lexical_hit,False,False,False,0,0,0,False,False,jiboyi.com,,0,True,lexical_hit,True,True,True,resolved,accepted,failed,failed,RayTaskError(TargetClosedError),"[36mray::_HashBrowserActorImpl.render()[39m (pid=708, ip=172.19.2.2, actor_id=c8fdda542d9e67d0171c86b701000000, repr=<phishing_pipeline.ray_runtime._HashBrowserActorImpl object at 0x79690ef41340>)
  File ""/usr/lib/python3.12/concurrent/futures/_base.py"", line 449, in result
    return self.__get_result()
           ^^^^^^^^^^^^^^^^^^^
  File ""/usr/lib/python3.12/concurrent/futures/_base.py"", line 401, in __get_result
    raise self._exception
           ^^^^^^^^^^^^^^^^^^^^^^^^^^^^^^^^^^^^^
  File ""/kaggle/working/phishing_ml/phishing_pipeline/ray_runtime.py"", line 666, in render
    await self._ensure_browser()
           ^^^^^^^^^^^^^^^^^^^^^^^^^^^^^^^^^^^^^
  File ""/kaggle/working/phishing_ml/phishing_pipeline/ray_runtime.py"", line 645, in _ensure_browser
    self._browser = await self._playwright.chromium.launch(**launch_kwargs)
                    ^^^^^^^^^^^^^^^^^^^^^^^^^^^^^^^^^^^^^^^^^^^^^^^^^^^^^^^
  File ""/usr/local/lib/python3.12/dist-packages/playwright/async_api/_generated.py"", line 14547, in launch
    await self._impl_obj.launch(
  File ""/usr/local/lib/python3.12/dist-packages/playwright/_impl/_browser_type.py"", line 97, in launch
    await self._channel.send(
  File ""/usr/local/lib/python3.12/dist-packages/playwright/_impl/_connection.py"", line 69, in send
    return await self._connection.wrap_api_call(
           ^^^^^^^^^^^^^^^^^^^^^^^^^^^^^^^^^^^^^
  File ""/usr/local/lib/python3.12/dist-packages/playwright/_impl/_connection.py"", line 559, in wrap_api_call
    raise rewrite_error(error, f""{parsed_st['apiName']}: {error}"") from None
playwright._impl._errors.TargetClosedError: BrowserType.launch: Target page, context or browser has been closed
Browser logs:

<launching> /root/.cache/ms-playwright/chromium_headless_shell-1208/chrome-headless-shell-linux64/chrome-headless-shell --disable-field-trial-config --disable-background-networking --disable-background-timer-throttling --disable-backgrounding-occluded-windows --disable-back-forward-cache --disable-breakpad --disable-client-side-phishing-detection --disable-component-extensions-with-background-pages --disable-component-update --no-default-browser-check --disable-default-apps --disable-dev-shm-usage --disable-extensions --disable-features=AvoidUnnecessaryBeforeUnloadCheckSync,BoundaryEventDispatchTracksNodeRemoval,DestroyProfileOnBrowserClose,DialMediaRouteProvider,GlobalMediaControls,HttpsUpgrades,LensOverlay,MediaRouter,PaintHolding,ThirdPartyStoragePartitioning,Translate,AutoDeElevate,RenderDocument,OptimizationHints --enable-features=CDPScreenshotNewSurface --allow-pre-commit-input --disable-hang-monitor --disable-ipc-flooding-protection --disable-popup-blocking --disable-prompt-on-repost --disable-renderer-backgrounding --force-color-profile=srgb --metrics-recording-only --no-first-run --password-store=basic --use-mock-keychain --no-service-autorun --export-tagged-pdf --disable-search-engine-choice-screen --unsafely-disable-devtools-self-xss-warnings --edge-skip-compat-layer-relaunch --enable-automation --disable-infobars --disable-search-engine-choice-screen --disable-sync --enable-unsafe-swiftshader --headless --hide-scrollbars --mute-audio --blink-settings=primaryHoverType=2,availableHoverTypes=2,primaryPointerType=4,availablePointerTypes=4 --no-sandbox --user-data-dir=/tmp/playwright_chromiumdev_profile-D9JIq3 --remote-debugging-pipe --no-startup-window
<launched> pid=2273
[pid=2273][err] /root/.cache/ms-playwright/chromium_headless_shell-1208/chrome-headless-shell-linux64/chrome-headless-shell: error while loading shared libraries: libatk-1.0.so.0: cannot open shared object file: No such file or directory
Call log:
  - <launching> /root/.cache/ms-playwright/chromium_headless_shell-1208/chrome-headless-shell-linux64/chrome-headless-shell --disable-field-trial-config --disable-background-networking --disable-background-timer-throttling --disable-backgrounding-occluded-windows --disable-back-forward-cache --disable-breakpad --disable-client-side-phishing-detection --disable-component-extensions-with-background-pages --disable-component-update --no-default-browser-check --disable-default-apps --disable-dev-shm-usage --disable-extensions --disable-features=AvoidUnnecessaryBeforeUnloadCheckSync,BoundaryEventDispatchTracksNodeRemoval,DestroyProfileOnBrowserClose,DialMediaRouteProvider,GlobalMediaControls,HttpsUpgrades,LensOverlay,MediaRouter,PaintHolding,ThirdPartyStoragePartitioning,Translate,AutoDeElevate,RenderDocument,OptimizationHints --enable-features=CDPScreenshotNewSurface --allow-pre-commit-input --disable-hang-monitor --disable-ipc-flooding-protection --disable-popup-blocking --disable-prompt-on-repost --disable-renderer-backgrounding --force-color-profile=srgb --metrics-recording-only --no-first-run --password-store=basic --use-mock-keychain --no-service-autorun --export-tagged-pdf --disable-search-engine-choice-screen --unsafely-disable-devtools-self-xss-warnings --edge-skip-compat-layer-relaunch --enable-automation --disable-infobars --disable-search-engine-choice-screen --disable-sync --enable-unsafe-swiftshader --headless --hide-scrollbars --mute-audio --blink-settings=primaryHoverType=2,availableHoverTypes=2,primaryPointerType=4,availablePointerTypes=4 --no-sandbox --user-data-dir=/tmp/playwright_chromiumdev_profile-D9JIq3 --remote-debugging-pipe --no-startup-window
  - <launched> pid=2273
  - [pid=2273][err] /root/.cache/ms-playwright/chromium_headless_shell-1208/chrome-headless-shell-linux64/chrome-headless-shell: error while loading shared libraries: libatk-1.0.so.0: cannot open shared object file: No such file or directory
  - [pid=2273] <gracefully close start>
  - [pid=2273] <kill>
  - [pid=2273] <will force kill>
  - [pid=2273] exception while trying to kill process: Error: kill ESRCH
  - [pid=2273] <process did exit: exitCode=127, signal=null>
  - [pid=2273] starting temporary directories cleanup
  - [pid=2273] finished temporary directories cleanup
  - [pid=2273] <gracefully close end>",,,,Low,0.0,False,False,False,,failed_fetch_strict_lexical_suspected,,fetch_timeout_or_fetch_failed,hashing_shortlist
219,aiimssociety.com,https://aiimssociety.com,02-04-2026.csv,All India Institute of Medical Sciences (AIIMS),aiims.edu,0.8833,True,True,True,False,0,0,0,0,0,False,lexical_hit,False,False,False,0,0,0,False,False,aiimssociety.com,,0,True,lexical_hit,True,True,True,resolved,accepted,failed,failed,RayTaskError(TargetClosedError),"[36mray::_HashBrowserActorImpl.render()[39m (pid=708, ip=172.19.2.2, actor_id=c8fdda542d9e67d0171c86b701000000, repr=<phishing_pipeline.ray_runtime._HashBrowserActorImpl object at 0x79690ef41340>)
  File ""/usr/lib/python3.12/concurrent/futures/_base.py"", line 449, in result
    return self.__get_result()
           ^^^^^^^^^^^^^^^^^^^
  File ""/usr/lib/python3.12/concurrent/futures/_base.py"", line 401, in __get_result
    raise self._exception
           ^^^^^^^^^^^^^^^^^^^^^^^^^^^^^^^^^^^^^
  File ""/kaggle/working/phishing_ml/phishing_pipeline/ray_runtime.py"", line 666, in render
    await self._ensure_browser()
           ^^^^^^^^^^^^^^^^^^^^^^^^^^^^^^^^^^^^^
  File ""/kaggle/working/phishing_ml/phishing_pipeline/ray_runtime.py"", line 645, in _ensure_browser
    self._browser = await self._playwright.chromium.launch(**launch_kwargs)
                    ^^^^^^^^^^^^^^^^^^^^^^^^^^^^^^^^^^^^^^^^^^^^^^^^^^^^^^^
  File ""/usr/local/lib/python3.12/dist-packages/playwright/async_api/_generated.py"", line 14547, in launch
    await self._impl_obj.launch(
  File ""/usr/local/lib/python3.12/dist-packages/playwright/_impl/_browser_type.py"", line 97, in launch
    await self._channel.send(
  File ""/usr/local/lib/python3.12/dist-packages/playwright/_impl/_connection.py"", line 69, in send
    return await self._connection.wrap_api_call(
           ^^^^^^^^^^^^^^^^^^^^^^^^^^^^^^^^^^^^^
  File ""/usr/local/lib/python3.12/dist-packages/playwright/_impl/_connection.py"", line 559, in wrap_api_call
    raise rewrite_error(error, f""{parsed_st['apiName']}: {error}"") from None
playwright._impl._errors.TargetClosedError: BrowserType.launch: Target page, context or browser has been closed
Browser logs:

<launching> /root/.cache/ms-playwright/chromium_headless_shell-1208/chrome-headless-shell-linux64/chrome-headless-shell --disable-field-trial-config --disable-background-networking --disable-background-timer-throttling --disable-backgrounding-occluded-windows --disable-back-forward-cache --disable-breakpad --disable-client-side-phishing-detection --disable-component-extensions-with-background-pages --disable-component-update --no-default-browser-check --disable-default-apps --disable-dev-shm-usage --disable-extensions --disable-features=AvoidUnnecessaryBeforeUnloadCheckSync,BoundaryEventDispatchTracksNodeRemoval,DestroyProfileOnBrowserClose,DialMediaRouteProvider,GlobalMediaControls,HttpsUpgrades,LensOverlay,MediaRouter,PaintHolding,ThirdPartyStoragePartitioning,Translate,AutoDeElevate,RenderDocument,OptimizationHints --enable-features=CDPScreenshotNewSurface --allow-pre-commit-input --disable-hang-monitor --disable-ipc-flooding-protection --disable-popup-blocking --disable-prompt-on-repost --disable-renderer-backgrounding --force-color-profile=srgb --metrics-recording-only --no-first-run --password-store=basic --use-mock-keychain --no-service-autorun --export-tagged-pdf --disable-search-engine-choice-screen --unsafely-disable-devtools-self-xss-warnings --edge-skip-compat-layer-relaunch --enable-automation --disable-infobars --disable-search-engine-choice-screen --disable-sync --enable-unsafe-swiftshader --headless --hide-scrollbars --mute-audio --blink-settings=primaryHoverType=2,availableHoverTypes=2,primaryPointerType=4,availablePointerTypes=4 --no-sandbox --user-data-dir=/tmp/playwright_chromiumdev_profile-EsZNvq --remote-debugging-pipe --no-startup-window
<launched> pid=2285
[pid=2285][err] /root/.cache/ms-playwright/chromium_headless_shell-1208/chrome-headless-shell-linux64/chrome-headless-shell: error while loading shared libraries: libatk-1.0.so.0: cannot open shared object file: No such file or directory
Call log:
  - <launching> /root/.cache/ms-playwright/chromium_headless_shell-1208/chrome-headless-shell-linux64/chrome-headless-shell --disable-field-trial-config --disable-background-networking --disable-background-timer-throttling --disable-backgrounding-occluded-windows --disable-back-forward-cache --disable-breakpad --disable-client-side-phishing-detection --disable-component-extensions-with-background-pages --disable-component-update --no-default-browser-check --disable-default-apps --disable-dev-shm-usage --disable-extensions --disable-features=AvoidUnnecessaryBeforeUnloadCheckSync,BoundaryEventDispatchTracksNodeRemoval,DestroyProfileOnBrowserClose,DialMediaRouteProvider,GlobalMediaControls,HttpsUpgrades,LensOverlay,MediaRouter,PaintHolding,ThirdPartyStoragePartitioning,Translate,AutoDeElevate,RenderDocument,OptimizationHints --enable-features=CDPScreenshotNewSurface --allow-pre-commit-input --disable-hang-monitor --disable-ipc-flooding-protection --disable-popup-blocking --disable-prompt-on-repost --disable-renderer-backgrounding --force-color-profile=srgb --metrics-recording-only --no-first-run --password-store=basic --use-mock-keychain --no-service-autorun --export-tagged-pdf --disable-search-engine-choice-screen --unsafely-disable-devtools-self-xss-warnings --edge-skip-compat-layer-relaunch --enable-automation --disable-infobars --disable-search-engine-choice-screen --disable-sync --enable-unsafe-swiftshader --headless --hide-scrollbars --mute-audio --blink-settings=primaryHoverType=2,availableHoverTypes=2,primaryPointerType=4,availablePointerTypes=4 --no-sandbox --user-data-dir=/tmp/playwright_chromiumdev_profile-EsZNvq --remote-debugging-pipe --no-startup-window
  - <launched> pid=2285
  - [pid=2285][err] /root/.cache/ms-playwright/chromium_headless_shell-1208/chrome-headless-shell-linux64/chrome-headless-shell: error while loading shared libraries: libatk-1.0.so.0: cannot open shared object file: No such file or directory
  - [pid=2285] <gracefully close start>
  - [pid=2285] <kill>
  - [pid=2285] <will force kill>
  - [pid=2285] exception while trying to kill process: Error: kill ESRCH
  - [pid=2285] <process did exit: exitCode=127, signal=null>
  - [pid=2285] starting temporary directories cleanup
  - [pid=2285] finished temporary directories cleanup
  - [pid=2285] <gracefully close end>",,,,Low,0.0,False,False,False,,failed_fetch_strict_lexical_suspected,,fetch_timeout_or_fetch_failed,hashing_shortlist
220,jimot.com,https://jimot.com,02-04-2026.csv,Jio,jio.com,0.8933,True,True,True,False,0,0,0,0,0,False,lexical_hit,False,False,False,0,0,0,False,False,jimot.com,,0,True,lexical_hit,True,True,True,resolved,accepted,failed,failed,RayTaskError(TargetClosedError),"[36mray::_HashBrowserActorImpl.render()[39m (pid=708, ip=172.19.2.2, actor_id=c8fdda542d9e67d0171c86b701000000, repr=<phishing_pipeline.ray_runtime._HashBrowserActorImpl object at 0x79690ef41340>)
  File ""/usr/lib/python3.12/concurrent/futures/_base.py"", line 449, in result
    return self.__get_result()
           ^^^^^^^^^^^^^^^^^^^
  File ""/usr/lib/python3.12/concurrent/futures/_base.py"", line 401, in __get_result
    raise self._exception
           ^^^^^^^^^^^^^^^^^^^^^^^^^^^^^^^^^^^^^
  File ""/kaggle/working/phishing_ml/phishing_pipeline/ray_runtime.py"", line 666, in render
    await self._ensure_browser()
           ^^^^^^^^^^^^^^^^^^^^^^^^^^^^^^^^^^^^^
  File ""/kaggle/working/phishing_ml/phishing_pipeline/ray_runtime.py"", line 645, in _ensure_browser
    self._browser = await self._playwright.chromium.launch(**launch_kwargs)
                    ^^^^^^^^^^^^^^^^^^^^^^^^^^^^^^^^^^^^^^^^^^^^^^^^^^^^^^^
  File ""/usr/local/lib/python3.12/dist-packages/playwright/async_api/_generated.py"", line 14547, in launch
    await self._impl_obj.launch(
  File ""/usr/local/lib/python3.12/dist-packages/playwright/_impl/_browser_type.py"", line 97, in launch
    await self._channel.send(
  File ""/usr/local/lib/python3.12/dist-packages/playwright/_impl/_connection.py"", line 69, in send
    return await self._connection.wrap_api_call(
           ^^^^^^^^^^^^^^^^^^^^^^^^^^^^^^^^^^^^^
  File ""/usr/local/lib/python3.12/dist-packages/playwright/_impl/_connection.py"", line 559, in wrap_api_call
    raise rewrite_error(error, f""{parsed_st['apiName']}: {error}"") from None
playwright._impl._errors.TargetClosedError: BrowserType.launch: Target page, context or browser has been closed
Browser logs:

<launching> /root/.cache/ms-playwright/chromium_headless_shell-1208/chrome-headless-shell-linux64/chrome-headless-shell --disable-field-trial-config --disable-background-networking --disable-background-timer-throttling --disable-backgrounding-occluded-windows --disable-back-forward-cache --disable-breakpad --disable-client-side-phishing-detection --disable-component-extensions-with-background-pages --disable-component-update --no-default-browser-check --disable-default-apps --disable-dev-shm-usage --disable-extensions --disable-features=AvoidUnnecessaryBeforeUnloadCheckSync,BoundaryEventDispatchTracksNodeRemoval,DestroyProfileOnBrowserClose,DialMediaRouteProvider,GlobalMediaControls,HttpsUpgrades,LensOverlay,MediaRouter,PaintHolding,ThirdPartyStoragePartitioning,Translate,AutoDeElevate,RenderDocument,OptimizationHints --enable-features=CDPScreenshotNewSurface --allow-pre-commit-input --disable-hang-monitor --disable-ipc-flooding-protection --disable-popup-blocking --disable-prompt-on-repost --disable-renderer-backgrounding --force-color-profile=srgb --metrics-recording-only --no-first-run --password-store=basic --use-mock-keychain --no-service-autorun --export-tagged-pdf --disable-search-engine-choice-screen --unsafely-disable-devtools-self-xss-warnings --edge-skip-compat-layer-relaunch --enable-automation --disable-infobars --disable-search-engine-choice-screen --disable-sync --enable-unsafe-swiftshader --headless --hide-scrollbars --mute-audio --blink-settings=primaryHoverType=2,availableHoverTypes=2,primaryPointerType=4,availablePointerTypes=4 --no-sandbox --user-data-dir=/tmp/playwright_chromiumdev_profile-JnsfWx --remote-debugging-pipe --no-startup-window
<launched> pid=2297
[pid=2297][err] /root/.cache/ms-playwright/chromium_headless_shell-1208/chrome-headless-shell-linux64/chrome-headless-shell: error while loading shared libraries: libatk-1.0.so.0: cannot open shared object file: No such file or directory
Call log:
  - <launching> /root/.cache/ms-playwright/chromium_headless_shell-1208/chrome-headless-shell-linux64/chrome-headless-shell --disable-field-trial-config --disable-background-networking --disable-background-timer-throttling --disable-backgrounding-occluded-windows --disable-back-forward-cache --disable-breakpad --disable-client-side-phishing-detection --disable-component-extensions-with-background-pages --disable-component-update --no-default-browser-check --disable-default-apps --disable-dev-shm-usage --disable-extensions --disable-features=AvoidUnnecessaryBeforeUnloadCheckSync,BoundaryEventDispatchTracksNodeRemoval,DestroyProfileOnBrowserClose,DialMediaRouteProvider,GlobalMediaControls,HttpsUpgrades,LensOverlay,MediaRouter,PaintHolding,ThirdPartyStoragePartitioning,Translate,AutoDeElevate,RenderDocument,OptimizationHints --enable-features=CDPScreenshotNewSurface --allow-pre-commit-input --disable-hang-monitor --disable-ipc-flooding-protection --disable-popup-blocking --disable-prompt-on-repost --disable-renderer-backgrounding --force-color-profile=srgb --metrics-recording-only --no-first-run --password-store=basic --use-mock-keychain --no-service-autorun --export-tagged-pdf --disable-search-engine-choice-screen --unsafely-disable-devtools-self-xss-warnings --edge-skip-compat-layer-relaunch --enable-automation --disable-infobars --disable-search-engine-choice-screen --disable-sync --enable-unsafe-swiftshader --headless --hide-scrollbars --mute-audio --blink-settings=primaryHoverType=2,availableHoverTypes=2,primaryPointerType=4,availablePointerTypes=4 --no-sandbox --user-data-dir=/tmp/playwright_chromiumdev_profile-JnsfWx --remote-debugging-pipe --no-startup-window
  - <launched> pid=2297
  - [pid=2297][err] /root/.cache/ms-playwright/chromium_headless_shell-1208/chrome-headless-shell-linux64/chrome-headless-shell: error while loading shared libraries: libatk-1.0.so.0: cannot open shared object file: No such file or directory
  - [pid=2297] <gracefully close start>
  - [pid=2297] <kill>
  - [pid=2297] <will force kill>
  - [pid=2297] exception while trying to kill process: Error: kill ESRCH
  - [pid=2297] <process did exit: exitCode=127, signal=null>
  - [pid=2297] starting temporary directories cleanup
  - [pid=2297] finished temporary directories cleanup
  - [pid=2297] <gracefully close end>",,,,Low,0.0,False,False,False,,failed_fetch_strict_lexical_suspected,,fetch_timeout_or_fetch_failed,hashing_shortlist
222,camsonrealty.com,https://camsonrealty.com,02-04-2026.csv,Computer Age Management Services Ltd. (CAMS),camsonline.com,0.8683,True,True,True,False,0,0,0,0,0,False,lexical_hit,False,False,False,0,0,0,False,False,camsonrealty.com,,0,True,lexical_hit,True,True,True,resolved,accepted,failed,failed,RayTaskError(TargetClosedError),"[36mray::_HashBrowserActorImpl.render()[39m (pid=708, ip=172.19.2.2, actor_id=c8fdda542d9e67d0171c86b701000000, repr=<phishing_pipeline.ray_runtime._HashBrowserActorImpl object at 0x79690ef41340>)
  File ""/usr/lib/python3.12/concurrent/futures/_base.py"", line 449, in result
    return self.__get_result()
           ^^^^^^^^^^^^^^^^^^^
  File ""/usr/lib/python3.12/concurrent/futures/_base.py"", line 401, in __get_result
    raise self._exception
           ^^^^^^^^^^^^^^^^^^^^^^^^^^^^^^^^^^^^^
  File ""/kaggle/working/phishing_ml/phishing_pipeline/ray_runtime.py"", line 666, in render
    await self._ensure_browser()
           ^^^^^^^^^^^^^^^^^^^^^^^^^^^^^^^^^^^^^
  File ""/kaggle/working/phishing_ml/phishing_pipeline/ray_runtime.py"", line 645, in _ensure_browser
    self._browser = await self._playwright.chromium.launch(**launch_kwargs)
                    ^^^^^^^^^^^^^^^^^^^^^^^^^^^^^^^^^^^^^^^^^^^^^^^^^^^^^^^
  File ""/usr/local/lib/python3.12/dist-packages/playwright/async_api/_generated.py"", line 14547, in launch
    await self._impl_obj.launch(
  File ""/usr/local/lib/python3.12/dist-packages/playwright/_impl/_browser_type.py"", line 97, in launch
    await self._channel.send(
  File ""/usr/local/lib/python3.12/dist-packages/playwright/_impl/_connection.py"", line 69, in send
    return await self._connection.wrap_api_call(
           ^^^^^^^^^^^^^^^^^^^^^^^^^^^^^^^^^^^^^
  File ""/usr/local/lib/python3.12/dist-packages/playwright/_impl/_connection.py"", line 559, in wrap_api_call
    raise rewrite_error(error, f""{parsed_st['apiName']}: {error}"") from None
playwright._impl._errors.TargetClosedError: BrowserType.launch: Target page, context or browser has been closed
Browser logs:

<launching> /root/.cache/ms-playwright/chromium_headless_shell-1208/chrome-headless-shell-linux64/chrome-headless-shell --disable-field-trial-config --disable-background-networking --disable-background-timer-throttling --disable-backgrounding-occluded-windows --disable-back-forward-cache --disable-breakpad --disable-client-side-phishing-detection --disable-component-extensions-with-background-pages --disable-component-update --no-default-browser-check --disable-default-apps --disable-dev-shm-usage --disable-extensions --disable-features=AvoidUnnecessaryBeforeUnloadCheckSync,BoundaryEventDispatchTracksNodeRemoval,DestroyProfileOnBrowserClose,DialMediaRouteProvider,GlobalMediaControls,HttpsUpgrades,LensOverlay,MediaRouter,PaintHolding,ThirdPartyStoragePartitioning,Translate,AutoDeElevate,RenderDocument,OptimizationHints --enable-features=CDPScreenshotNewSurface --allow-pre-commit-input --disable-hang-monitor --disable-ipc-flooding-protection --disable-popup-blocking --disable-prompt-on-repost --disable-renderer-backgrounding --force-color-profile=srgb --metrics-recording-only --no-first-run --password-store=basic --use-mock-keychain --no-service-autorun --export-tagged-pdf --disable-search-engine-choice-screen --unsafely-disable-devtools-self-xss-warnings --edge-skip-compat-layer-relaunch --enable-automation --disable-infobars --disable-search-engine-choice-screen --disable-sync --enable-unsafe-swiftshader --headless --hide-scrollbars --mute-audio --blink-settings=primaryHoverType=2,availableHoverTypes=2,primaryPointerType=4,availablePointerTypes=4 --no-sandbox --user-data-dir=/tmp/playwright_chromiumdev_profile-6ndXxh --remote-debugging-pipe --no-startup-window
<launched> pid=2310
[pid=2310][err] /root/.cache/ms-playwright/chromium_headless_shell-1208/chrome-headless-shell-linux64/chrome-headless-shell: error while loading shared libraries: libatk-1.0.so.0: cannot open shared object file: No such file or directory
Call log:
  - <launching> /root/.cache/ms-playwright/chromium_headless_shell-1208/chrome-headless-shell-linux64/chrome-headless-shell --disable-field-trial-config --disable-background-networking --disable-background-timer-throttling --disable-backgrounding-occluded-windows --disable-back-forward-cache --disable-breakpad --disable-client-side-phishing-detection --disable-component-extensions-with-background-pages --disable-component-update --no-default-browser-check --disable-default-apps --disable-dev-shm-usage --disable-extensions --disable-features=AvoidUnnecessaryBeforeUnloadCheckSync,BoundaryEventDispatchTracksNodeRemoval,DestroyProfileOnBrowserClose,DialMediaRouteProvider,GlobalMediaControls,HttpsUpgrades,LensOverlay,MediaRouter,PaintHolding,ThirdPartyStoragePartitioning,Translate,AutoDeElevate,RenderDocument,OptimizationHints --enable-features=CDPScreenshotNewSurface --allow-pre-commit-input --disable-hang-monitor --disable-ipc-flooding-protection --disable-popup-blocking --disable-prompt-on-repost --disable-renderer-backgrounding --force-color-profile=srgb --metrics-recording-only --no-first-run --password-store=basic --use-mock-keychain --no-service-autorun --export-tagged-pdf --disable-search-engine-choice-screen --unsafely-disable-devtools-self-xss-warnings --edge-skip-compat-layer-relaunch --enable-automation --disable-infobars --disable-search-engine-choice-screen --disable-sync --enable-unsafe-swiftshader --headless --hide-scrollbars --mute-audio --blink-settings=primaryHoverType=2,availableHoverTypes=2,primaryPointerType=4,availablePointerTypes=4 --no-sandbox --user-data-dir=/tmp/playwright_chromiumdev_profile-6ndXxh --remote-debugging-pipe --no-startup-window
  - <launched> pid=2310
  - [pid=2310][err] /root/.cache/ms-playwright/chromium_headless_shell-1208/chrome-headless-shell-linux64/chrome-headless-shell: error while loading shared libraries: libatk-1.0.so.0: cannot open shared object file: No such file or directory
  - [pid=2310] <gracefully close start>
  - [pid=2310] <kill>
  - [pid=2310] <will force kill>
  - [pid=2310] exception while trying to kill process: Error: kill ESRCH
  - [pid=2310] <process did exit: exitCode=127, signal=null>
  - [pid=2310] starting temporary directories cleanup
  - [pid=2310] finished temporary directories cleanup
  - [pid=2310] <gracefully close end>",,,,Low,0.0,False,False,False,,failed_fetch_strict_lexical_suspected,,fetch_timeout_or_fetch_failed,hashing_shortlist
227,dcm-online.com,https://dcm-online.com,02-04-2026.csv,Computer Age Management Services Ltd. (CAMS),camsonline.com,0.8667,True,True,True,False,0,0,0,0,0,False,lexical_hit,False,False,False,0,0,0,False,False,dcm-online.com,,0,True,lexical_hit,True,True,True,resolved,accepted,failed,failed,RayTaskError(TargetClosedError),"[36mray::_HashBrowserActorImpl.render()[39m (pid=708, ip=172.19.2.2, actor_id=c8fdda542d9e67d0171c86b701000000, repr=<phishing_pipeline.ray_runtime._HashBrowserActorImpl object at 0x79690ef41340>)
  File ""/usr/lib/python3.12/concurrent/futures/_base.py"", line 449, in result
    return self.__get_result()
           ^^^^^^^^^^^^^^^^^^^
  File ""/usr/lib/python3.12/concurrent/futures/_base.py"", line 401, in __get_result
    raise self._exception
           ^^^^^^^^^^^^^^^^^^^^^^^^^^^^^^^^^^^^^
  File ""/kaggle/working/phishing_ml/phishing_pipeline/ray_runtime.py"", line 666, in render
    await self._ensure_browser()
           ^^^^^^^^^^^^^^^^^^^^^^^^^^^^^^^^^^^^^
  File ""/kaggle/working/phishing_ml/phishing_pipeline/ray_runtime.py"", line 645, in _ensure_browser
    self._browser = await self._playwright.chromium.launch(**launch_kwargs)
                    ^^^^^^^^^^^^^^^^^^^^^^^^^^^^^^^^^^^^^^^^^^^^^^^^^^^^^^^
  File ""/usr/local/lib/python3.12/dist-packages/playwright/async_api/_generated.py"", line 14547, in launch
    await self._impl_obj.launch(
  File ""/usr/local/lib/python3.12/dist-packages/playwright/_impl/_browser_type.py"", line 97, in launch
    await self._channel.send(
  File ""/usr/local/lib/python3.12/dist-packages/playwright/_impl/_connection.py"", line 69, in send
    return await self._connection.wrap_api_call(
           ^^^^^^^^^^^^^^^^^^^^^^^^^^^^^^^^^^^^^
  File ""/usr/local/lib/python3.12/dist-packages/playwright/_impl/_connection.py"", line 559, in wrap_api_call
    raise rewrite_error(error, f""{parsed_st['apiName']}: {error}"") from None
playwright._impl._errors.TargetClosedError: BrowserType.launch: Target page, context or browser has been closed
Browser logs:

<launching> /root/.cache/ms-playwright/chromium_headless_shell-1208/chrome-headless-shell-linux64/chrome-headless-shell --disable-field-trial-config --disable-background-networking --disable-background-timer-throttling --disable-backgrounding-occluded-windows --disable-back-forward-cache --disable-breakpad --disable-client-side-phishing-detection --disable-component-extensions-with-background-pages --disable-component-update --no-default-browser-check --disable-default-apps --disable-dev-shm-usage --disable-extensions --disable-features=AvoidUnnecessaryBeforeUnloadCheckSync,BoundaryEventDispatchTracksNodeRemoval,DestroyProfileOnBrowserClose,DialMediaRouteProvider,GlobalMediaControls,HttpsUpgrades,LensOverlay,MediaRouter,PaintHolding,ThirdPartyStoragePartitioning,Translate,AutoDeElevate,RenderDocument,OptimizationHints --enable-features=CDPScreenshotNewSurface --allow-pre-commit-input --disable-hang-monitor --disable-ipc-flooding-protection --disable-popup-blocking --disable-prompt-on-repost --disable-renderer-backgrounding --force-color-profile=srgb --metrics-recording-only --no-first-run --password-store=basic --use-mock-keychain --no-service-autorun --export-tagged-pdf --disable-search-engine-choice-screen --unsafely-disable-devtools-self-xss-warnings --edge-skip-compat-layer-relaunch --enable-automation --disable-infobars --disable-search-engine-choice-screen --disable-sync --enable-unsafe-swiftshader --headless --hide-scrollbars --mute-audio --blink-settings=primaryHoverType=2,availableHoverTypes=2,primaryPointerType=4,availablePointerTypes=4 --no-sandbox --user-data-dir=/tmp/playwright_chromiumdev_profile-y3qa43 --remote-debugging-pipe --no-startup-window
<launched> pid=2328
[pid=2328][err] /root/.cache/ms-playwright/chromium_headless_shell-1208/chrome-headless-shell-linux64/chrome-headless-shell: error while loading shared libraries: libatk-1.0.so.0: cannot open shared object file: No such file or directory
Call log:
  - <launching> /root/.cache/ms-playwright/chromium_headless_shell-1208/chrome-headless-shell-linux64/chrome-headless-shell --disable-field-trial-config --disable-background-networking --disable-background-timer-throttling --disable-backgrounding-occluded-windows --disable-back-forward-cache --disable-breakpad --disable-client-side-phishing-detection --disable-component-extensions-with-background-pages --disable-component-update --no-default-browser-check --disable-default-apps --disable-dev-shm-usage --disable-extensions --disable-features=AvoidUnnecessaryBeforeUnloadCheckSync,BoundaryEventDispatchTracksNodeRemoval,DestroyProfileOnBrowserClose,DialMediaRouteProvider,GlobalMediaControls,HttpsUpgrades,LensOverlay,MediaRouter,PaintHolding,ThirdPartyStoragePartitioning,Translate,AutoDeElevate,RenderDocument,OptimizationHints --enable-features=CDPScreenshotNewSurface --allow-pre-commit-input --disable-hang-monitor --disable-ipc-flooding-protection --disable-popup-blocking --disable-prompt-on-repost --disable-renderer-backgrounding --force-color-profile=srgb --metrics-recording-only --no-first-run --password-store=basic --use-mock-keychain --no-service-autorun --export-tagged-pdf --disable-search-engine-choice-screen --unsafely-disable-devtools-self-xss-warnings --edge-skip-compat-layer-relaunch --enable-automation --disable-infobars --disable-search-engine-choice-screen --disable-sync --enable-unsafe-swiftshader --headless --hide-scrollbars --mute-audio --blink-settings=primaryHoverType=2,availableHoverTypes=2,primaryPointerType=4,availablePointerTypes=4 --no-sandbox --user-data-dir=/tmp/playwright_chromiumdev_profile-y3qa43 --remote-debugging-pipe --no-startup-window
  - <launched> pid=2328
  - [pid=2328][err] /root/.cache/ms-playwright/chromium_headless_shell-1208/chrome-headless-shell-linux64/chrome-headless-shell: error while loading shared libraries: libatk-1.0.so.0: cannot open shared object file: No such file or directory
  - [pid=2328] <gracefully close start>
  - [pid=2328] <kill>
  - [pid=2328] <will force kill>
  - [pid=2328] exception while trying to kill process: Error: kill ESRCH
  - [pid=2328] <process did exit: exitCode=127, signal=null>
  - [pid=2328] starting temporary directories cleanup
  - [pid=2328] finished temporary directories cleanup
  - [pid=2328] <gracefully close end>",,,,Low,0.0,False,False,False,,failed_fetch_strict_lexical_suspected,,fetch_timeout_or_fetch_failed,hashing_shortlist
229,fsfintech.com,https://fsfintech.com,02-04-2026.csv,Kfintech,kfintech.com,0.8843,True,True,True,False,0,0,0,0,0,False,lexical_hit,False,False,False,0,0,0,False,False,fsfintech.com,,0,True,lexical_hit,True,True,True,resolved,accepted,failed,failed,RayTaskError(TargetClosedError),"[36mray::_HashBrowserActorImpl.render()[39m (pid=708, ip=172.19.2.2, actor_id=c8fdda542d9e67d0171c86b701000000, repr=<phishing_pipeline.ray_runtime._HashBrowserActorImpl object at 0x79690ef41340>)
  File ""/usr/lib/python3.12/concurrent/futures/_base.py"", line 449, in result
    return self.__get_result()
           ^^^^^^^^^^^^^^^^^^^
  File ""/usr/lib/python3.12/concurrent/futures/_base.py"", line 401, in __get_result
    raise self._exception
           ^^^^^^^^^^^^^^^^^^^^^^^^^^^^^^^^^^^^^
  File ""/kaggle/working/phishing_ml/phishing_pipeline/ray_runtime.py"", line 666, in render
    await self._ensure_browser()
           ^^^^^^^^^^^^^^^^^^^^^^^^^^^^^^^^^^^^^
  File ""/kaggle/working/phishing_ml/phishing_pipeline/ray_runtime.py"", line 645, in _ensure_browser
    self._browser = await self._playwright.chromium.launch(**launch_kwargs)
                    ^^^^^^^^^^^^^^^^^^^^^^^^^^^^^^^^^^^^^^^^^^^^^^^^^^^^^^^
  File ""/usr/local/lib/python3.12/dist-packages/playwright/async_api/_generated.py"", line 14547, in launch
    await self._impl_obj.launch(
  File ""/usr/local/lib/python3.12/dist-packages/playwright/_impl/_browser_type.py"", line 97, in launch
    await self._channel.send(
  File ""/usr/local/lib/python3.12/dist-packages/playwright/_impl/_connection.py"", line 69, in send
    return await self._connection.wrap_api_call(
           ^^^^^^^^^^^^^^^^^^^^^^^^^^^^^^^^^^^^^
  File ""/usr/local/lib/python3.12/dist-packages/playwright/_impl/_connection.py"", line 559, in wrap_api_call
    raise rewrite_error(error, f""{parsed_st['apiName']}: {error}"") from None
playwright._impl._errors.TargetClosedError: BrowserType.launch: Target page, context or browser has been closed
Browser logs:

<launching> /root/.cache/ms-playwright/chromium_headless_shell-1208/chrome-headless-shell-linux64/chrome-headless-shell --disable-field-trial-config --disable-background-networking --disable-background-timer-throttling --disable-backgrounding-occluded-windows --disable-back-forward-cache --disable-breakpad --disable-client-side-phishing-detection --disable-component-extensions-with-background-pages --disable-component-update --no-default-browser-check --disable-default-apps --disable-dev-shm-usage --disable-extensions --disable-features=AvoidUnnecessaryBeforeUnloadCheckSync,BoundaryEventDispatchTracksNodeRemoval,DestroyProfileOnBrowserClose,DialMediaRouteProvider,GlobalMediaControls,HttpsUpgrades,LensOverlay,MediaRouter,PaintHolding,ThirdPartyStoragePartitioning,Translate,AutoDeElevate,RenderDocument,OptimizationHints --enable-features=CDPScreenshotNewSurface --allow-pre-commit-input --disable-hang-monitor --disable-ipc-flooding-protection --disable-popup-blocking --disable-prompt-on-repost --disable-renderer-backgrounding --force-color-profile=srgb --metrics-recording-only --no-first-run --password-store=basic --use-mock-keychain --no-service-autorun --export-tagged-pdf --disable-search-engine-choice-screen --unsafely-disable-devtools-self-xss-warnings --edge-skip-compat-layer-relaunch --enable-automation --disable-infobars --disable-search-engine-choice-screen --disable-sync --enable-unsafe-swiftshader --headless --hide-scrollbars --mute-audio --blink-settings=primaryHoverType=2,availableHoverTypes=2,primaryPointerType=4,availablePointerTypes=4 --no-sandbox --user-data-dir=/tmp/playwright_chromiumdev_profile-bVshRD --remote-debugging-pipe --no-startup-window
<launched> pid=2340
[pid=2340][err] /root/.cache/ms-playwright/chromium_headless_shell-1208/chrome-headless-shell-linux64/chrome-headless-shell: error while loading shared libraries: libatk-1.0.so.0: cannot open shared object file: No such file or directory
Call log:
  - <launching> /root/.cache/ms-playwright/chromium_headless_shell-1208/chrome-headless-shell-linux64/chrome-headless-shell --disable-field-trial-config --disable-background-networking --disable-background-timer-throttling --disable-backgrounding-occluded-windows --disable-back-forward-cache --disable-breakpad --disable-client-side-phishing-detection --disable-component-extensions-with-background-pages --disable-component-update --no-default-browser-check --disable-default-apps --disable-dev-shm-usage --disable-extensions --disable-features=AvoidUnnecessaryBeforeUnloadCheckSync,BoundaryEventDispatchTracksNodeRemoval,DestroyProfileOnBrowserClose,DialMediaRouteProvider,GlobalMediaControls,HttpsUpgrades,LensOverlay,MediaRouter,PaintHolding,ThirdPartyStoragePartitioning,Translate,AutoDeElevate,RenderDocument,OptimizationHints --enable-features=CDPScreenshotNewSurface --allow-pre-commit-input --disable-hang-monitor --disable-ipc-flooding-protection --disable-popup-blocking --disable-prompt-on-repost --disable-renderer-backgrounding --force-color-profile=srgb --metrics-recording-only --no-first-run --password-store=basic --use-mock-keychain --no-service-autorun --export-tagged-pdf --disable-search-engine-choice-screen --unsafely-disable-devtools-self-xss-warnings --edge-skip-compat-layer-relaunch --enable-automation --disable-infobars --disable-search-engine-choice-screen --disable-sync --enable-unsafe-swiftshader --headless --hide-scrollbars --mute-audio --blink-settings=primaryHoverType=2,availableHoverTypes=2,primaryPointerType=4,availablePointerTypes=4 --no-sandbox --user-data-dir=/tmp/playwright_chromiumdev_profile-bVshRD --remote-debugging-pipe --no-startup-window
  - <launched> pid=2340
  - [pid=2340][err] /root/.cache/ms-playwright/chromium_headless_shell-1208/chrome-headless-shell-linux64/chrome-headless-shell: error while loading shared libraries: libatk-1.0.so.0: cannot open shared object file: No such file or directory
  - [pid=2340] <gracefully close start>
  - [pid=2340] <kill>
  - [pid=2340] <will force kill>
  - [pid=2340] exception while trying to kill process: Error: kill ESRCH
  - [pid=2340] <process did exit: exitCode=127, signal=null>
  - [pid=2340] starting temporary directories cleanup
  - [pid=2340] finished temporary directories cleanup
  - [pid=2340] <gracefully close end>",,,,Low,0.0,False,False,False,,failed_fetch_strict_lexical_suspected,,fetch_timeout_or_fetch_failed,hashing_shortlist
238,fnstech.com,https://fnstech.com,02-04-2026.csv,Kfintech,kfintech.com,0.869,True,True,True,False,0,0,0,0,0,False,lexical_hit,False,False,False,0,0,0,False,False,fnstech.com,,0,True,lexical_hit,True,True,True,resolved,accepted,failed,failed,RayTaskError(TargetClosedError),"[36mray::_HashBrowserActorImpl.render()[39m (pid=708, ip=172.19.2.2, actor_id=c8fdda542d9e67d0171c86b701000000, repr=<phishing_pipeline.ray_runtime._HashBrowserActorImpl object at 0x79690ef41340>)
  File ""/usr/lib/python3.12/concurrent/futures/_base.py"", line 449, in result
    return self.__get_result()
           ^^^^^^^^^^^^^^^^^^^
  File ""/usr/lib/python3.12/concurrent/futures/_base.py"", line 401, in __get_result
    raise self._exception
           ^^^^^^^^^^^^^^^^^^^^^^^^^^^^^^^^^^^^^
  File ""/kaggle/working/phishing_ml/phishing_pipeline/ray_runtime.py"", line 666, in render
    await self._ensure_browser()
           ^^^^^^^^^^^^^^^^^^^^^^^^^^^^^^^^^^^^^
  File ""/kaggle/working/phishing_ml/phishing_pipeline/ray_runtime.py"", line 645, in _ensure_browser
    self._browser = await self._playwright.chromium.launch(**launch_kwargs)
                    ^^^^^^^^^^^^^^^^^^^^^^^^^^^^^^^^^^^^^^^^^^^^^^^^^^^^^^^
  File ""/usr/local/lib/python3.12/dist-packages/playwright/async_api/_generated.py"", line 14547, in launch
    await self._impl_obj.launch(
  File ""/usr/local/lib/python3.12/dist-packages/playwright/_impl/_browser_type.py"", line 97, in launch
    await self._channel.send(
  File ""/usr/local/lib/python3.12/dist-packages/playwright/_impl/_connection.py"", line 69, in send
    return await self._connection.wrap_api_call(
           ^^^^^^^^^^^^^^^^^^^^^^^^^^^^^^^^^^^^^
  File ""/usr/local/lib/python3.12/dist-packages/playwright/_impl/_connection.py"", line 559, in wrap_api_call
    raise rewrite_error(error, f""{parsed_st['apiName']}: {error}"") from None
playwright._impl._errors.TargetClosedError: BrowserType.launch: Target page, context or browser has been closed
Browser logs:

<launching> /root/.cache/ms-playwright/chromium_headless_shell-1208/chrome-headless-shell-linux64/chrome-headless-shell --disable-field-trial-config --disable-background-networking --disable-background-timer-throttling --disable-backgrounding-occluded-windows --disable-back-forward-cache --disable-breakpad --disable-client-side-phishing-detection --disable-component-extensions-with-background-pages --disable-component-update --no-default-browser-check --disable-default-apps --disable-dev-shm-usage --disable-extensions --disable-features=AvoidUnnecessaryBeforeUnloadCheckSync,BoundaryEventDispatchTracksNodeRemoval,DestroyProfileOnBrowserClose,DialMediaRouteProvider,GlobalMediaControls,HttpsUpgrades,LensOverlay,MediaRouter,PaintHolding,ThirdPartyStoragePartitioning,Translate,AutoDeElevate,RenderDocument,OptimizationHints --enable-features=CDPScreenshotNewSurface --allow-pre-commit-input --disable-hang-monitor --disable-ipc-flooding-protection --disable-popup-blocking --disable-prompt-on-repost --disable-renderer-backgrounding --force-color-profile=srgb --metrics-recording-only --no-first-run --password-store=basic --use-mock-keychain --no-service-autorun --export-tagged-pdf --disable-search-engine-choice-screen --unsafely-disable-devtools-self-xss-warnings --edge-skip-compat-layer-relaunch --enable-automation --disable-infobars --disable-search-engine-choice-screen --disable-sync --enable-unsafe-swiftshader --headless --hide-scrollbars --mute-audio --blink-settings=primaryHoverType=2,availableHoverTypes=2,primaryPointerType=4,availablePointerTypes=4 --no-sandbox --user-data-dir=/tmp/playwright_chromiumdev_profile-YZ1W5E --remote-debugging-pipe --no-startup-window
<launched> pid=2352
[pid=2352][err] /root/.cache/ms-playwright/chromium_headless_shell-1208/chrome-headless-shell-linux64/chrome-headless-shell: error while loading shared libraries: libatk-1.0.so.0: cannot open shared object file: No such file or directory
Call log:
  - <launching> /root/.cache/ms-playwright/chromium_headless_shell-1208/chrome-headless-shell-linux64/chrome-headless-shell --disable-field-trial-config --disable-background-networking --disable-background-timer-throttling --disable-backgrounding-occluded-windows --disable-back-forward-cache --disable-breakpad --disable-client-side-phishing-detection --disable-component-extensions-with-background-pages --disable-component-update --no-default-browser-check --disable-default-apps --disable-dev-shm-usage --disable-extensions --disable-features=AvoidUnnecessaryBeforeUnloadCheckSync,BoundaryEventDispatchTracksNodeRemoval,DestroyProfileOnBrowserClose,DialMediaRouteProvider,GlobalMediaControls,HttpsUpgrades,LensOverlay,MediaRouter,PaintHolding,ThirdPartyStoragePartitioning,Translate,AutoDeElevate,RenderDocument,OptimizationHints --enable-features=CDPScreenshotNewSurface --allow-pre-commit-input --disable-hang-monitor --disable-ipc-flooding-protection --disable-popup-blocking --disable-prompt-on-repost --disable-renderer-backgrounding --force-color-profile=srgb --metrics-recording-only --no-first-run --password-store=basic --use-mock-keychain --no-service-autorun --export-tagged-pdf --disable-search-engine-choice-screen --unsafely-disable-devtools-self-xss-warnings --edge-skip-compat-layer-relaunch --enable-automation --disable-infobars --disable-search-engine-choice-screen --disable-sync --enable-unsafe-swiftshader --headless --hide-scrollbars --mute-audio --blink-settings=primaryHoverType=2,availableHoverTypes=2,primaryPointerType=4,availablePointerTypes=4 --no-sandbox --user-data-dir=/tmp/playwright_chromiumdev_profile-YZ1W5E --remote-debugging-pipe --no-startup-window
  - <launched> pid=2352
  - [pid=2352][err] /root/.cache/ms-playwright/chromium_headless_shell-1208/chrome-headless-shell-linux64/chrome-headless-shell: error while loading shared libraries: libatk-1.0.so.0: cannot open shared object file: No such file or directory
  - [pid=2352] <gracefully close start>
  - [pid=2352] <kill>
  - [pid=2352] <will force kill>
  - [pid=2352] exception while trying to kill process: Error: kill ESRCH
  - [pid=2352] <process did exit: exitCode=127, signal=null>
  - [pid=2352] starting temporary directories cleanup
  - [pid=2352] finished temporary directories cleanup
  - [pid=2352] <gracefully close end>",,,,Low,0.0,False,False,False,,failed_fetch_strict_lexical_suspected,,fetch_timeout_or_fetch_failed,hashing_shortlist
242,hdcnlife.com,https://hdcnlife.com,02-04-2026.csv,HDFC Bank,hdfclife.com,0.9333,True,True,True,False,0,0,0,0,0,False,lexical_hit,False,False,False,0,0,0,False,False,hdcnlife.com,,0,True,lexical_hit,True,True,True,resolved,accepted,failed,failed,RayTaskError(TargetClosedError),"[36mray::_HashBrowserActorImpl.render()[39m (pid=708, ip=172.19.2.2, actor_id=c8fdda542d9e67d0171c86b701000000, repr=<phishing_pipeline.ray_runtime._HashBrowserActorImpl object at 0x79690ef41340>)
  File ""/usr/lib/python3.12/concurrent/futures/_base.py"", line 449, in result
    return self.__get_result()
           ^^^^^^^^^^^^^^^^^^^
  File ""/usr/lib/python3.12/concurrent/futures/_base.py"", line 401, in __get_result
    raise self._exception
           ^^^^^^^^^^^^^^^^^^^^^^^^^^^^^^^^^^^^^
  File ""/kaggle/working/phishing_ml/phishing_pipeline/ray_runtime.py"", line 666, in render
    await self._ensure_browser()
           ^^^^^^^^^^^^^^^^^^^^^^^^^^^^^^^^^^^^^
  File ""/kaggle/working/phishing_ml/phishing_pipeline/ray_runtime.py"", line 645, in _ensure_browser
    self._browser = await self._playwright.chromium.launch(**launch_kwargs)
                    ^^^^^^^^^^^^^^^^^^^^^^^^^^^^^^^^^^^^^^^^^^^^^^^^^^^^^^^
  File ""/usr/local/lib/python3.12/dist-packages/playwright/async_api/_generated.py"", line 14547, in launch
    await self._impl_obj.launch(
  File ""/usr/local/lib/python3.12/dist-packages/playwright/_impl/_browser_type.py"", line 97, in launch
    await self._channel.send(
  File ""/usr/local/lib/python3.12/dist-packages/playwright/_impl/_connection.py"", line 69, in send
    return await self._connection.wrap_api_call(
           ^^^^^^^^^^^^^^^^^^^^^^^^^^^^^^^^^^^^^
  File ""/usr/local/lib/python3.12/dist-packages/playwright/_impl/_connection.py"", line 559, in wrap_api_call
    raise rewrite_error(error, f""{parsed_st['apiName']}: {error}"") from None
playwright._impl._errors.TargetClosedError: BrowserType.launch: Target page, context or browser has been closed
Browser logs:

<launching> /root/.cache/ms-playwright/chromium_headless_shell-1208/chrome-headless-shell-linux64/chrome-headless-shell --disable-field-trial-config --disable-background-networking --disable-background-timer-throttling --disable-backgrounding-occluded-windows --disable-back-forward-cache --disable-breakpad --disable-client-side-phishing-detection --disable-component-extensions-with-background-pages --disable-component-update --no-default-browser-check --disable-default-apps --disable-dev-shm-usage --disable-extensions --disable-features=AvoidUnnecessaryBeforeUnloadCheckSync,BoundaryEventDispatchTracksNodeRemoval,DestroyProfileOnBrowserClose,DialMediaRouteProvider,GlobalMediaControls,HttpsUpgrades,LensOverlay,MediaRouter,PaintHolding,ThirdPartyStoragePartitioning,Translate,AutoDeElevate,RenderDocument,OptimizationHints --enable-features=CDPScreenshotNewSurface --allow-pre-commit-input --disable-hang-monitor --disable-ipc-flooding-protection --disable-popup-blocking --disable-prompt-on-repost --disable-renderer-backgrounding --force-color-profile=srgb --metrics-recording-only --no-first-run --password-store=basic --use-mock-keychain --no-service-autorun --export-tagged-pdf --disable-search-engine-choice-screen --unsafely-disable-devtools-self-xss-warnings --edge-skip-compat-layer-relaunch --enable-automation --disable-infobars --disable-search-engine-choice-screen --disable-sync --enable-unsafe-swiftshader --headless --hide-scrollbars --mute-audio --blink-settings=primaryHoverType=2,availableHoverTypes=2,primaryPointerType=4,availablePointerTypes=4 --no-sandbox --user-data-dir=/tmp/playwright_chromiumdev_profile-3JGMX1 --remote-debugging-pipe --no-startup-window
<launched> pid=2364
[pid=2364][err] /root/.cache/ms-playwright/chromium_headless_shell-1208/chrome-headless-shell-linux64/chrome-headless-shell: error while loading shared libraries: libatk-1.0.so.0: cannot open shared object file: No such file or directory
Call log:
  - <launching> /root/.cache/ms-playwright/chromium_headless_shell-1208/chrome-headless-shell-linux64/chrome-headless-shell --disable-field-trial-config --disable-background-networking --disable-background-timer-throttling --disable-backgrounding-occluded-windows --disable-back-forward-cache --disable-breakpad --disable-client-side-phishing-detection --disable-component-extensions-with-background-pages --disable-component-update --no-default-browser-check --disable-default-apps --disable-dev-shm-usage --disable-extensions --disable-features=AvoidUnnecessaryBeforeUnloadCheckSync,BoundaryEventDispatchTracksNodeRemoval,DestroyProfileOnBrowserClose,DialMediaRouteProvider,GlobalMediaControls,HttpsUpgrades,LensOverlay,MediaRouter,PaintHolding,ThirdPartyStoragePartitioning,Translate,AutoDeElevate,RenderDocument,OptimizationHints --enable-features=CDPScreenshotNewSurface --allow-pre-commit-input --disable-hang-monitor --disable-ipc-flooding-protection --disable-popup-blocking --disable-prompt-on-repost --disable-renderer-backgrounding --force-color-profile=srgb --metrics-recording-only --no-first-run --password-store=basic --use-mock-keychain --no-service-autorun --export-tagged-pdf --disable-search-engine-choice-screen --unsafely-disable-devtools-self-xss-warnings --edge-skip-compat-layer-relaunch --enable-automation --disable-infobars --disable-search-engine-choice-screen --disable-sync --enable-unsafe-swiftshader --headless --hide-scrollbars --mute-audio --blink-settings=primaryHoverType=2,availableHoverTypes=2,primaryPointerType=4,availablePointerTypes=4 --no-sandbox --user-data-dir=/tmp/playwright_chromiumdev_profile-3JGMX1 --remote-debugging-pipe --no-startup-window
  - <launched> pid=2364
  - [pid=2364][err] /root/.cache/ms-playwright/chromium_headless_shell-1208/chrome-headless-shell-linux64/chrome-headless-shell: error while loading shared libraries: libatk-1.0.so.0: cannot open shared object file: No such file or directory
  - [pid=2364] <gracefully close start>
  - [pid=2364] <kill>
  - [pid=2364] <will force kill>
  - [pid=2364] exception while trying to kill process: Error: kill ESRCH
  - [pid=2364] <process did exit: exitCode=127, signal=null>
  - [pid=2364] starting temporary directories cleanup
  - [pid=2364] finished temporary directories cleanup
  - [pid=2364] <gracefully close end>",,,,Low,0.0,False,False,False,,failed_fetch_strict_lexical_suspected,,fetch_timeout_or_fetch_failed,hashing_shortlist
243,nikotech.com,https://nikotech.com,02-04-2026.csv,Kfintech,kfintech.com,0.869,True,True,True,False,0,0,0,0,0,False,lexical_hit,False,False,False,0,0,0,False,False,nikotech.com,,0,True,lexical_hit,True,True,True,resolved,accepted,failed,failed,RayTaskError(TargetClosedError),"[36mray::_HashBrowserActorImpl.render()[39m (pid=708, ip=172.19.2.2, actor_id=c8fdda542d9e67d0171c86b701000000, repr=<phishing_pipeline.ray_runtime._HashBrowserActorImpl object at 0x79690ef41340>)
  File ""/usr/lib/python3.12/concurrent/futures/_base.py"", line 456, in result
    return self.__get_result()
           ^^^^^^^^^^^^^^^^^^^
  File ""/usr/lib/python3.12/concurrent/futures/_base.py"", line 401, in __get_result
    raise self._exception
           ^^^^^^^^^^^^^^^^^^^^^^^^^^^^^^^^^^^^^
  File ""/kaggle/working/phishing_ml/phishing_pipeline/ray_runtime.py"", line 666, in render
    await self._ensure_browser()
           ^^^^^^^^^^^^^^^^^^^^^^^^^^^^^^^^^^^^^
  File ""/kaggle/working/phishing_ml/phishing_pipeline/ray_runtime.py"", line 645, in _ensure_browser
    self._browser = await self._playwright.chromium.launch(**launch_kwargs)
                    ^^^^^^^^^^^^^^^^^^^^^^^^^^^^^^^^^^^^^^^^^^^^^^^^^^^^^^^
  File ""/usr/local/lib/python3.12/dist-packages/playwright/async_api/_generated.py"", line 14547, in launch
    await self._impl_obj.launch(
  File ""/usr/local/lib/python3.12/dist-packages/playwright/_impl/_browser_type.py"", line 97, in launch
    await self._channel.send(
  File ""/usr/local/lib/python3.12/dist-packages/playwright/_impl/_connection.py"", line 69, in send
    return await self._connection.wrap_api_call(
           ^^^^^^^^^^^^^^^^^^^^^^^^^^^^^^^^^^^^^
  File ""/usr/local/lib/python3.12/dist-packages/playwright/_impl/_connection.py"", line 559, in wrap_api_call
    raise rewrite_error(error, f""{parsed_st['apiName']}: {error}"") from None
playwright._impl._errors.TargetClosedError: BrowserType.launch: Target page, context or browser has been closed
Browser logs:

<launching> /root/.cache/ms-playwright/chromium_headless_shell-1208/chrome-headless-shell-linux64/chrome-headless-shell --disable-field-trial-config --disable-background-networking --disable-background-timer-throttling --disable-backgrounding-occluded-windows --disable-back-forward-cache --disable-breakpad --disable-client-side-phishing-detection --disable-component-extensions-with-background-pages --disable-component-update --no-default-browser-check --disable-default-apps --disable-dev-shm-usage --disable-extensions --disable-features=AvoidUnnecessaryBeforeUnloadCheckSync,BoundaryEventDispatchTracksNodeRemoval,DestroyProfileOnBrowserClose,DialMediaRouteProvider,GlobalMediaControls,HttpsUpgrades,LensOverlay,MediaRouter,PaintHolding,ThirdPartyStoragePartitioning,Translate,AutoDeElevate,RenderDocument,OptimizationHints --enable-features=CDPScreenshotNewSurface --allow-pre-commit-input --disable-hang-monitor --disable-ipc-flooding-protection --disable-popup-blocking --disable-prompt-on-repost --disable-renderer-backgrounding --force-color-profile=srgb --metrics-recording-only --no-first-run --password-store=basic --use-mock-keychain --no-service-autorun --export-tagged-pdf --disable-search-engine-choice-screen --unsafely-disable-devtools-self-xss-warnings --edge-skip-compat-layer-relaunch --enable-automation --disable-infobars --disable-search-engine-choice-screen --disable-sync --enable-unsafe-swiftshader --headless --hide-scrollbars --mute-audio --blink-settings=primaryHoverType=2,availableHoverTypes=2,primaryPointerType=4,availablePointerTypes=4 --no-sandbox --user-data-dir=/tmp/playwright_chromiumdev_profile-ExWb9a --remote-debugging-pipe --no-startup-window
<launched> pid=2378
[pid=2378][err] /root/.cache/ms-playwright/chromium_headless_shell-1208/chrome-headless-shell-linux64/chrome-headless-shell: error while loading shared libraries: libatk-1.0.so.0: cannot open shared object file: No such file or directory
Call log:
  - <launching> /root/.cache/ms-playwright/chromium_headless_shell-1208/chrome-headless-shell-linux64/chrome-headless-shell --disable-field-trial-config --disable-background-networking --disable-background-timer-throttling --disable-backgrounding-occluded-windows --disable-back-forward-cache --disable-breakpad --disable-client-side-phishing-detection --disable-component-extensions-with-background-pages --disable-component-update --no-default-browser-check --disable-default-apps --disable-dev-shm-usage --disable-extensions --disable-features=AvoidUnnecessaryBeforeUnloadCheckSync,BoundaryEventDispatchTracksNodeRemoval,DestroyProfileOnBrowserClose,DialMediaRouteProvider,GlobalMediaControls,HttpsUpgrades,LensOverlay,MediaRouter,PaintHolding,ThirdPartyStoragePartitioning,Translate,AutoDeElevate,RenderDocument,OptimizationHints --enable-features=CDPScreenshotNewSurface --allow-pre-commit-input --disable-hang-monitor --disable-ipc-flooding-protection --disable-popup-blocking --disable-prompt-on-repost --disable-renderer-backgrounding --force-color-profile=srgb --metrics-recording-only --no-first-run --password-store=basic --use-mock-keychain --no-service-autorun --export-tagged-pdf --disable-search-engine-choice-screen --unsafely-disable-devtools-self-xss-warnings --edge-skip-compat-layer-relaunch --enable-automation --disable-infobars --disable-search-engine-choice-screen --disable-sync --enable-unsafe-swiftshader --headless --hide-scrollbars --mute-audio --blink-settings=primaryHoverType=2,availableHoverTypes=2,primaryPointerType=4,availablePointerTypes=4 --no-sandbox --user-data-dir=/tmp/playwright_chromiumdev_profile-ExWb9a --remote-debugging-pipe --no-startup-window
  - <launched> pid=2378
  - [pid=2378][err] /root/.cache/ms-playwright/chromium_headless_shell-1208/chrome-headless-shell-linux64/chrome-headless-shell: error while loading shared libraries: libatk-1.0.so.0: cannot open shared object file: No such file or directory
  - [pid=2378] <gracefully close start>
  - [pid=2378] <kill>
  - [pid=2378] <will force kill>
  - [pid=2378] exception while trying to kill process: Error: kill ESRCH
  - [pid=2378] <process did exit: exitCode=127, signal=null>
  - [pid=2378] starting temporary directories cleanup
  - [pid=2378] finished temporary directories cleanup
  - [pid=2378] <gracefully close end>",,,,Low,0.0,False,False,False,,failed_fetch_strict_lexical_suspected,,fetch_timeout_or_fetch_failed,hashing_shortlist
244,cats-and-dogs.store,https://cats-and-dogs.store,02-04-2026.csv,CATS,cats.census.gov.in,0.5,True,True,False,False,0,0,0,0,0,False,lexical_hit,False,False,False,0,0,0,False,False,cats-and-dogs.store,,0,True,lexical_hit,True,True,True,resolved,accepted,failed,failed,RayTaskError(TargetClosedError),"[36mray::_HashBrowserActorImpl.render()[39m (pid=708, ip=172.19.2.2, actor_id=c8fdda542d9e67d0171c86b701000000, repr=<phishing_pipeline.ray_runtime._HashBrowserActorImpl object at 0x79690ef41340>)
  File ""/usr/lib/python3.12/concurrent/futures/_base.py"", line 449, in result
    return self.__get_result()
           ^^^^^^^^^^^^^^^^^^^
  File ""/usr/lib/python3.12/concurrent/futures/_base.py"", line 401, in __get_result
    raise self._exception
           ^^^^^^^^^^^^^^^^^^^^^^^^^^^^^^^^^^^^^
  File ""/kaggle/working/phishing_ml/phishing_pipeline/ray_runtime.py"", line 666, in render
    await self._ensure_browser()
           ^^^^^^^^^^^^^^^^^^^^^^^^^^^^^^^^^^^^^
  File ""/kaggle/working/phishing_ml/phishing_pipeline/ray_runtime.py"", line 645, in _ensure_browser
    self._browser = await self._playwright.chromium.launch(**launch_kwargs)
                    ^^^^^^^^^^^^^^^^^^^^^^^^^^^^^^^^^^^^^^^^^^^^^^^^^^^^^^^
  File ""/usr/local/lib/python3.12/dist-packages/playwright/async_api/_generated.py"", line 14547, in launch
    await self._impl_obj.launch(
  File ""/usr/local/lib/python3.12/dist-packages/playwright/_impl/_browser_type.py"", line 97, in launch
    await self._channel.send(
  File ""/usr/local/lib/python3.12/dist-packages/playwright/_impl/_connection.py"", line 69, in send
    return await self._connection.wrap_api_call(
           ^^^^^^^^^^^^^^^^^^^^^^^^^^^^^^^^^^^^^
  File ""/usr/local/lib/python3.12/dist-packages/playwright/_impl/_connection.py"", line 559, in wrap_api_call
    raise rewrite_error(error, f""{parsed_st['apiName']}: {error}"") from None
playwright._impl._errors.TargetClosedError: BrowserType.launch: Target page, context or browser has been closed
Browser logs:

<launching> /root/.cache/ms-playwright/chromium_headless_shell-1208/chrome-headless-shell-linux64/chrome-headless-shell --disable-field-trial-config --disable-background-networking --disable-background-timer-throttling --disable-backgrounding-occluded-windows --disable-back-forward-cache --disable-breakpad --disable-client-side-phishing-detection --disable-component-extensions-with-background-pages --disable-component-update --no-default-browser-check --disable-default-apps --disable-dev-shm-usage --disable-extensions --disable-features=AvoidUnnecessaryBeforeUnloadCheckSync,BoundaryEventDispatchTracksNodeRemoval,DestroyProfileOnBrowserClose,DialMediaRouteProvider,GlobalMediaControls,HttpsUpgrades,LensOverlay,MediaRouter,PaintHolding,ThirdPartyStoragePartitioning,Translate,AutoDeElevate,RenderDocument,OptimizationHints --enable-features=CDPScreenshotNewSurface --allow-pre-commit-input --disable-hang-monitor --disable-ipc-flooding-protection --disable-popup-blocking --disable-prompt-on-repost --disable-renderer-backgrounding --force-color-profile=srgb --metrics-recording-only --no-first-run --password-store=basic --use-mock-keychain --no-service-autorun --export-tagged-pdf --disable-search-engine-choice-screen --unsafely-disable-devtools-self-xss-warnings --edge-skip-compat-layer-relaunch --enable-automation --disable-infobars --disable-search-engine-choice-screen --disable-sync --enable-unsafe-swiftshader --headless --hide-scrollbars --mute-audio --blink-settings=primaryHoverType=2,availableHoverTypes=2,primaryPointerType=4,availablePointerTypes=4 --no-sandbox --user-data-dir=/tmp/playwright_chromiumdev_profile-gx6B4t --remote-debugging-pipe --no-startup-window
<launched> pid=2393
[pid=2393][err] /root/.cache/ms-playwright/chromium_headless_shell-1208/chrome-headless-shell-linux64/chrome-headless-shell: error while loading shared libraries: libatk-1.0.so.0: cannot open shared object file: No such file or directory
Call log:
  - <launching> /root/.cache/ms-playwright/chromium_headless_shell-1208/chrome-headless-shell-linux64/chrome-headless-shell --disable-field-trial-config --disable-background-networking --disable-background-timer-throttling --disable-backgrounding-occluded-windows --disable-back-forward-cache --disable-breakpad --disable-client-side-phishing-detection --disable-component-extensions-with-background-pages --disable-component-update --no-default-browser-check --disable-default-apps --disable-dev-shm-usage --disable-extensions --disable-features=AvoidUnnecessaryBeforeUnloadCheckSync,BoundaryEventDispatchTracksNodeRemoval,DestroyProfileOnBrowserClose,DialMediaRouteProvider,GlobalMediaControls,HttpsUpgrades,LensOverlay,MediaRouter,PaintHolding,ThirdPartyStoragePartitioning,Translate,AutoDeElevate,RenderDocument,OptimizationHints --enable-features=CDPScreenshotNewSurface --allow-pre-commit-input --disable-hang-monitor --disable-ipc-flooding-protection --disable-popup-blocking --disable-prompt-on-repost --disable-renderer-backgrounding --force-color-profile=srgb --metrics-recording-only --no-first-run --password-store=basic --use-mock-keychain --no-service-autorun --export-tagged-pdf --disable-search-engine-choice-screen --unsafely-disable-devtools-self-xss-warnings --edge-skip-compat-layer-relaunch --enable-automation --disable-infobars --disable-search-engine-choice-screen --disable-sync --enable-unsafe-swiftshader --headless --hide-scrollbars --mute-audio --blink-settings=primaryHoverType=2,availableHoverTypes=2,primaryPointerType=4,availablePointerTypes=4 --no-sandbox --user-data-dir=/tmp/playwright_chromiumdev_profile-gx6B4t --remote-debugging-pipe --no-startup-window
  - <launched> pid=2393
  - [pid=2393][err] /root/.cache/ms-playwright/chromium_headless_shell-1208/chrome-headless-shell-linux64/chrome-headless-shell: error while loading shared libraries: libatk-1.0.so.0: cannot open shared object file: No such file or directory
  - [pid=2393] <gracefully close start>
  - [pid=2393] <kill>
  - [pid=2393] <will force kill>
  - [pid=2393] exception while trying to kill process: Error: kill ESRCH
  - [pid=2393] <process did exit: exitCode=127, signal=null>
  - [pid=2393] starting temporary directories cleanup
  - [pid=2393] finished temporary directories cleanup
  - [pid=2393] <gracefully close end>",,,,Low,0.0,False,False,False,,failed_fetch_strict_lexical_suspected,,fetch_timeout_or_fetch_failed,hashing_shortlist
249,four-cats.net,https://four-cats.net,02-04-2026.csv,CATS,cats.census.gov.in,0.5185,True,True,False,False,0,0,0,0,0,False,lexical_hit,False,False,False,0,0,0,False,False,four-cats.net,,0,True,lexical_hit,True,True,True,resolved,accepted,failed,failed,RayTaskError(TargetClosedError),"[36mray::_HashBrowserActorImpl.render()[39m (pid=708, ip=172.19.2.2, actor_id=c8fdda542d9e67d0171c86b701000000, repr=<phishing_pipeline.ray_runtime._HashBrowserActorImpl object at 0x79690ef41340>)
  File ""/usr/lib/python3.12/concurrent/futures/_base.py"", line 449, in result
    return self.__get_result()
           ^^^^^^^^^^^^^^^^^^^
  File ""/usr/lib/python3.12/concurrent/futures/_base.py"", line 401, in __get_result
    raise self._exception
           ^^^^^^^^^^^^^^^^^^^^^^^^^^^^^^^^^^^^^
  File ""/kaggle/working/phishing_ml/phishing_pipeline/ray_runtime.py"", line 666, in render
    await self._ensure_browser()
           ^^^^^^^^^^^^^^^^^^^^^^^^^^^^^^^^^^^^^
  File ""/kaggle/working/phishing_ml/phishing_pipeline/ray_runtime.py"", line 645, in _ensure_browser
    self._browser = await self._playwright.chromium.launch(**launch_kwargs)
                    ^^^^^^^^^^^^^^^^^^^^^^^^^^^^^^^^^^^^^^^^^^^^^^^^^^^^^^^
  File ""/usr/local/lib/python3.12/dist-packages/playwright/async_api/_generated.py"", line 14547, in launch
    await self._impl_obj.launch(
  File ""/usr/local/lib/python3.12/dist-packages/playwright/_impl/_browser_type.py"", line 97, in launch
    await self._channel.send(
  File ""/usr/local/lib/python3.12/dist-packages/playwright/_impl/_connection.py"", line 69, in send
    return await self._connection.wrap_api_call(
           ^^^^^^^^^^^^^^^^^^^^^^^^^^^^^^^^^^^^^
  File ""/usr/local/lib/python3.12/dist-packages/playwright/_impl/_connection.py"", line 559, in wrap_api_call
    raise rewrite_error(error, f""{parsed_st['apiName']}: {error}"") from None
playwright._impl._errors.TargetClosedError: BrowserType.launch: Target page, context or browser has been closed
Browser logs:

<launching> /root/.cache/ms-playwright/chromium_headless_shell-1208/chrome-headless-shell-linux64/chrome-headless-shell --disable-field-trial-config --disable-background-networking --disable-background-timer-throttling --disable-backgrounding-occluded-windows --disable-back-forward-cache --disable-breakpad --disable-client-side-phishing-detection --disable-component-extensions-with-background-pages --disable-component-update --no-default-browser-check --disable-default-apps --disable-dev-shm-usage --disable-extensions --disable-features=AvoidUnnecessaryBeforeUnloadCheckSync,BoundaryEventDispatchTracksNodeRemoval,DestroyProfileOnBrowserClose,DialMediaRouteProvider,GlobalMediaControls,HttpsUpgrades,LensOverlay,MediaRouter,PaintHolding,ThirdPartyStoragePartitioning,Translate,AutoDeElevate,RenderDocument,OptimizationHints --enable-features=CDPScreenshotNewSurface --allow-pre-commit-input --disable-hang-monitor --disable-ipc-flooding-protection --disable-popup-blocking --disable-prompt-on-repost --disable-renderer-backgrounding --force-color-profile=srgb --metrics-recording-only --no-first-run --password-store=basic --use-mock-keychain --no-service-autorun --export-tagged-pdf --disable-search-engine-choice-screen --unsafely-disable-devtools-self-xss-warnings --edge-skip-compat-layer-relaunch --enable-automation --disable-infobars --disable-search-engine-choice-screen --disable-sync --enable-unsafe-swiftshader --headless --hide-scrollbars --mute-audio --blink-settings=primaryHoverType=2,availableHoverTypes=2,primaryPointerType=4,availablePointerTypes=4 --no-sandbox --user-data-dir=/tmp/playwright_chromiumdev_profile-pTAMAr --remote-debugging-pipe --no-startup-window
<launched> pid=2468
[pid=2468][err] /root/.cache/ms-playwright/chromium_headless_shell-1208/chrome-headless-shell-linux64/chrome-headless-shell: error while loading shared libraries: libatk-1.0.so.0: cannot open shared object file: No such file or directory
Call log:
  - <launching> /root/.cache/ms-playwright/chromium_headless_shell-1208/chrome-headless-shell-linux64/chrome-headless-shell --disable-field-trial-config --disable-background-networking --disable-background-timer-throttling --disable-backgrounding-occluded-windows --disable-back-forward-cache --disable-breakpad --disable-client-side-phishing-detection --disable-component-extensions-with-background-pages --disable-component-update --no-default-browser-check --disable-default-apps --disable-dev-shm-usage --disable-extensions --disable-features=AvoidUnnecessaryBeforeUnloadCheckSync,BoundaryEventDispatchTracksNodeRemoval,DestroyProfileOnBrowserClose,DialMediaRouteProvider,GlobalMediaControls,HttpsUpgrades,LensOverlay,MediaRouter,PaintHolding,ThirdPartyStoragePartitioning,Translate,AutoDeElevate,RenderDocument,OptimizationHints --enable-features=CDPScreenshotNewSurface --allow-pre-commit-input --disable-hang-monitor --disable-ipc-flooding-protection --disable-popup-blocking --disable-prompt-on-repost --disable-renderer-backgrounding --force-color-profile=srgb --metrics-recording-only --no-first-run --password-store=basic --use-mock-keychain --no-service-autorun --export-tagged-pdf --disable-search-engine-choice-screen --unsafely-disable-devtools-self-xss-warnings --edge-skip-compat-layer-relaunch --enable-automation --disable-infobars --disable-search-engine-choice-screen --disable-sync --enable-unsafe-swiftshader --headless --hide-scrollbars --mute-audio --blink-settings=primaryHoverType=2,availableHoverTypes=2,primaryPointerType=4,availablePointerTypes=4 --no-sandbox --user-data-dir=/tmp/playwright_chromiumdev_profile-pTAMAr --remote-debugging-pipe --no-startup-window
  - <launched> pid=2468
  - [pid=2468][err] /root/.cache/ms-playwright/chromium_headless_shell-1208/chrome-headless-shell-linux64/chrome-headless-shell: error while loading shared libraries: libatk-1.0.so.0: cannot open shared object file: No such file or directory
  - [pid=2468] <gracefully close start>
  - [pid=2468] <kill>
  - [pid=2468] <will force kill>
  - [pid=2468] exception while trying to kill process: Error: kill ESRCH
  - [pid=2468] <process did exit: exitCode=127, signal=null>
  - [pid=2468] starting temporary directories cleanup
  - [pid=2468] finished temporary directories cleanup
  - [pid=2468] <gracefully close end>",,,,Low,0.0,False,False,False,,failed_fetch_strict_lexical_suspected,,fetch_timeout_or_fetch_failed,hashing_shortlist
255,aesyonline.com,https://aesyonline.com,02-04-2026.csv,Computer Age Management Services Ltd. (CAMS),camsonline.com,0.8667,True,True,True,False,0,0,0,0,0,False,lexical_hit,False,False,False,0,0,0,False,False,aesyonline.com,,0,True,lexical_hit,True,True,True,resolved,accepted,failed,failed,RayTaskError(TargetClosedError),"[36mray::_HashBrowserActorImpl.render()[39m (pid=708, ip=172.19.2.2, actor_id=c8fdda542d9e67d0171c86b701000000, repr=<phishing_pipeline.ray_runtime._HashBrowserActorImpl object at 0x79690ef41340>)
  File ""/usr/lib/python3.12/concurrent/futures/_base.py"", line 449, in result
    return self.__get_result()
           ^^^^^^^^^^^^^^^^^^^
  File ""/usr/lib/python3.12/concurrent/futures/_base.py"", line 401, in __get_result
    raise self._exception
           ^^^^^^^^^^^^^^^^^^^^^^^^^^^^^^^^^^^^^
  File ""/kaggle/working/phishing_ml/phishing_pipeline/ray_runtime.py"", line 666, in render
    await self._ensure_browser()
           ^^^^^^^^^^^^^^^^^^^^^^^^^^^^^^^^^^^^^
  File ""/kaggle/working/phishing_ml/phishing_pipeline/ray_runtime.py"", line 645, in _ensure_browser
    self._browser = await self._playwright.chromium.launch(**launch_kwargs)
                    ^^^^^^^^^^^^^^^^^^^^^^^^^^^^^^^^^^^^^^^^^^^^^^^^^^^^^^^
  File ""/usr/local/lib/python3.12/dist-packages/playwright/async_api/_generated.py"", line 14547, in launch
    await self._impl_obj.launch(
  File ""/usr/local/lib/python3.12/dist-packages/playwright/_impl/_browser_type.py"", line 97, in launch
    await self._channel.send(
  File ""/usr/local/lib/python3.12/dist-packages/playwright/_impl/_connection.py"", line 69, in send
    return await self._connection.wrap_api_call(
           ^^^^^^^^^^^^^^^^^^^^^^^^^^^^^^^^^^^^^
  File ""/usr/local/lib/python3.12/dist-packages/playwright/_impl/_connection.py"", line 559, in wrap_api_call
    raise rewrite_error(error, f""{parsed_st['apiName']}: {error}"") from None
playwright._impl._errors.TargetClosedError: BrowserType.launch: Target page, context or browser has been closed
Browser logs:

<launching> /root/.cache/ms-playwright/chromium_headless_shell-1208/chrome-headless-shell-linux64/chrome-headless-shell --disable-field-trial-config --disable-background-networking --disable-background-timer-throttling --disable-backgrounding-occluded-windows --disable-back-forward-cache --disable-breakpad --disable-client-side-phishing-detection --disable-component-extensions-with-background-pages --disable-component-update --no-default-browser-check --disable-default-apps --disable-dev-shm-usage --disable-extensions --disable-features=AvoidUnnecessaryBeforeUnloadCheckSync,BoundaryEventDispatchTracksNodeRemoval,DestroyProfileOnBrowserClose,DialMediaRouteProvider,GlobalMediaControls,HttpsUpgrades,LensOverlay,MediaRouter,PaintHolding,ThirdPartyStoragePartitioning,Translate,AutoDeElevate,RenderDocument,OptimizationHints --enable-features=CDPScreenshotNewSurface --allow-pre-commit-input --disable-hang-monitor --disable-ipc-flooding-protection --disable-popup-blocking --disable-prompt-on-repost --disable-renderer-backgrounding --force-color-profile=srgb --metrics-recording-only --no-first-run --password-store=basic --use-mock-keychain --no-service-autorun --export-tagged-pdf --disable-search-engine-choice-screen --unsafely-disable-devtools-self-xss-warnings --edge-skip-compat-layer-relaunch --enable-automation --disable-infobars --disable-search-engine-choice-screen --disable-sync --enable-unsafe-swiftshader --headless --hide-scrollbars --mute-audio --blink-settings=primaryHoverType=2,availableHoverTypes=2,primaryPointerType=4,availablePointerTypes=4 --no-sandbox --user-data-dir=/tmp/playwright_chromiumdev_profile-eAcaQy --remote-debugging-pipe --no-startup-window
<launched> pid=2511
[pid=2511][err] /root/.cache/ms-playwright/chromium_headless_shell-1208/chrome-headless-shell-linux64/chrome-headless-shell: error while loading shared libraries: libatk-1.0.so.0: cannot open shared object file: No such file or directory
Call log:
  - <launching> /root/.cache/ms-playwright/chromium_headless_shell-1208/chrome-headless-shell-linux64/chrome-headless-shell --disable-field-trial-config --disable-background-networking --disable-background-timer-throttling --disable-backgrounding-occluded-windows --disable-back-forward-cache --disable-breakpad --disable-client-side-phishing-detection --disable-component-extensions-with-background-pages --disable-component-update --no-default-browser-check --disable-default-apps --disable-dev-shm-usage --disable-extensions --disable-features=AvoidUnnecessaryBeforeUnloadCheckSync,BoundaryEventDispatchTracksNodeRemoval,DestroyProfileOnBrowserClose,DialMediaRouteProvider,GlobalMediaControls,HttpsUpgrades,LensOverlay,MediaRouter,PaintHolding,ThirdPartyStoragePartitioning,Translate,AutoDeElevate,RenderDocument,OptimizationHints --enable-features=CDPScreenshotNewSurface --allow-pre-commit-input --disable-hang-monitor --disable-ipc-flooding-protection --disable-popup-blocking --disable-prompt-on-repost --disable-renderer-backgrounding --force-color-profile=srgb --metrics-recording-only --no-first-run --password-store=basic --use-mock-keychain --no-service-autorun --export-tagged-pdf --disable-search-engine-choice-screen --unsafely-disable-devtools-self-xss-warnings --edge-skip-compat-layer-relaunch --enable-automation --disable-infobars --disable-search-engine-choice-screen --disable-sync --enable-unsafe-swiftshader --headless --hide-scrollbars --mute-audio --blink-settings=primaryHoverType=2,availableHoverTypes=2,primaryPointerType=4,availablePointerTypes=4 --no-sandbox --user-data-dir=/tmp/playwright_chromiumdev_profile-eAcaQy --remote-debugging-pipe --no-startup-window
  - <launched> pid=2511
  - [pid=2511][err] /root/.cache/ms-playwright/chromium_headless_shell-1208/chrome-headless-shell-linux64/chrome-headless-shell: error while loading shared libraries: libatk-1.0.so.0: cannot open shared object file: No such file or directory
  - [pid=2511] <gracefully close start>
  - [pid=2511] <kill>
  - [pid=2511] <will force kill>
  - [pid=2511] exception while trying to kill process: Error: kill ESRCH
  - [pid=2511] <process did exit: exitCode=127, signal=null>
  - [pid=2511] starting temporary directories cleanup
  - [pid=2511] finished temporary directories cleanup
  - [pid=2511] <gracefully close end>",,,,Low,0.0,False,False,False,,failed_fetch_strict_lexical_suspected,,fetch_timeout_or_fetch_failed,hashing_shortlist
262,rbih.org,https://rbih.org,02-04-2026.csv,Reserve Bank of India (RBI),rbi.org.in,0.9417,True,True,True,False,0,0,0,0,0,False,lexical_hit,False,False,False,0,0,0,False,False,rbih.org,,0,True,lexical_hit,True,True,True,resolved,accepted,failed,failed,RayTaskError(TargetClosedError),"[36mray::_HashBrowserActorImpl.render()[39m (pid=708, ip=172.19.2.2, actor_id=c8fdda542d9e67d0171c86b701000000, repr=<phishing_pipeline.ray_runtime._HashBrowserActorImpl object at 0x79690ef41340>)
  File ""/usr/lib/python3.12/concurrent/futures/_base.py"", line 449, in result
    return self.__get_result()
           ^^^^^^^^^^^^^^^^^^^
  File ""/usr/lib/python3.12/concurrent/futures/_base.py"", line 401, in __get_result
    raise self._exception
           ^^^^^^^^^^^^^^^^^^^^^^^^^^^^^^^^^^^^^
  File ""/kaggle/working/phishing_ml/phishing_pipeline/ray_runtime.py"", line 666, in render
    await self._ensure_browser()
           ^^^^^^^^^^^^^^^^^^^^^^^^^^^^^^^^^^^^^
  File ""/kaggle/working/phishing_ml/phishing_pipeline/ray_runtime.py"", line 645, in _ensure_browser
    self._browser = await self._playwright.chromium.launch(**launch_kwargs)
                    ^^^^^^^^^^^^^^^^^^^^^^^^^^^^^^^^^^^^^^^^^^^^^^^^^^^^^^^
  File ""/usr/local/lib/python3.12/dist-packages/playwright/async_api/_generated.py"", line 14547, in launch
    await self._impl_obj.launch(
  File ""/usr/local/lib/python3.12/dist-packages/playwright/_impl/_browser_type.py"", line 97, in launch
    await self._channel.send(
  File ""/usr/local/lib/python3.12/dist-packages/playwright/_impl/_connection.py"", line 69, in send
    return await self._connection.wrap_api_call(
           ^^^^^^^^^^^^^^^^^^^^^^^^^^^^^^^^^^^^^
  File ""/usr/local/lib/python3.12/dist-packages/playwright/_impl/_connection.py"", line 559, in wrap_api_call
    raise rewrite_error(error, f""{parsed_st['apiName']}: {error}"") from None
playwright._impl._errors.TargetClosedError: BrowserType.launch: Target page, context or browser has been closed
Browser logs:

<launching> /root/.cache/ms-playwright/chromium_headless_shell-1208/chrome-headless-shell-linux64/chrome-headless-shell --disable-field-trial-config --disable-background-networking --disable-background-timer-throttling --disable-backgrounding-occluded-windows --disable-back-forward-cache --disable-breakpad --disable-client-side-phishing-detection --disable-component-extensions-with-background-pages --disable-component-update --no-default-browser-check --disable-default-apps --disable-dev-shm-usage --disable-extensions --disable-features=AvoidUnnecessaryBeforeUnloadCheckSync,BoundaryEventDispatchTracksNodeRemoval,DestroyProfileOnBrowserClose,DialMediaRouteProvider,GlobalMediaControls,HttpsUpgrades,LensOverlay,MediaRouter,PaintHolding,ThirdPartyStoragePartitioning,Translate,AutoDeElevate,RenderDocument,OptimizationHints --enable-features=CDPScreenshotNewSurface --allow-pre-commit-input --disable-hang-monitor --disable-ipc-flooding-protection --disable-popup-blocking --disable-prompt-on-repost --disable-renderer-backgrounding --force-color-profile=srgb --metrics-recording-only --no-first-run --password-store=basic --use-mock-keychain --no-service-autorun --export-tagged-pdf --disable-search-engine-choice-screen --unsafely-disable-devtools-self-xss-warnings --edge-skip-compat-layer-relaunch --enable-automation --disable-infobars --disable-search-engine-choice-screen --disable-sync --enable-unsafe-swiftshader --headless --hide-scrollbars --mute-audio --blink-settings=primaryHoverType=2,availableHoverTypes=2,primaryPointerType=4,availablePointerTypes=4 --no-sandbox --user-data-dir=/tmp/playwright_chromiumdev_profile-YhPXWa --remote-debugging-pipe --no-startup-window
<launched> pid=2599
[pid=2599][err] /root/.cache/ms-playwright/chromium_headless_shell-1208/chrome-headless-shell-linux64/chrome-headless-shell: error while loading shared libraries: libatk-1.0.so.0: cannot open shared object file: No such file or directory
Call log:
  - <launching> /root/.cache/ms-playwright/chromium_headless_shell-1208/chrome-headless-shell-linux64/chrome-headless-shell --disable-field-trial-config --disable-background-networking --disable-background-timer-throttling --disable-backgrounding-occluded-windows --disable-back-forward-cache --disable-breakpad --disable-client-side-phishing-detection --disable-component-extensions-with-background-pages --disable-component-update --no-default-browser-check --disable-default-apps --disable-dev-shm-usage --disable-extensions --disable-features=AvoidUnnecessaryBeforeUnloadCheckSync,BoundaryEventDispatchTracksNodeRemoval,DestroyProfileOnBrowserClose,DialMediaRouteProvider,GlobalMediaControls,HttpsUpgrades,LensOverlay,MediaRouter,PaintHolding,ThirdPartyStoragePartitioning,Translate,AutoDeElevate,RenderDocument,OptimizationHints --enable-features=CDPScreenshotNewSurface --allow-pre-commit-input --disable-hang-monitor --disable-ipc-flooding-protection --disable-popup-blocking --disable-prompt-on-repost --disable-renderer-backgrounding --force-color-profile=srgb --metrics-recording-only --no-first-run --password-store=basic --use-mock-keychain --no-service-autorun --export-tagged-pdf --disable-search-engine-choice-screen --unsafely-disable-devtools-self-xss-warnings --edge-skip-compat-layer-relaunch --enable-automation --disable-infobars --disable-search-engine-choice-screen --disable-sync --enable-unsafe-swiftshader --headless --hide-scrollbars --mute-audio --blink-settings=primaryHoverType=2,availableHoverTypes=2,primaryPointerType=4,availablePointerTypes=4 --no-sandbox --user-data-dir=/tmp/playwright_chromiumdev_profile-YhPXWa --remote-debugging-pipe --no-startup-window
  - <launched> pid=2599
  - [pid=2599][err] /root/.cache/ms-playwright/chromium_headless_shell-1208/chrome-headless-shell-linux64/chrome-headless-shell: error while loading shared libraries: libatk-1.0.so.0: cannot open shared object file: No such file or directory
  - [pid=2599] <gracefully close start>
  - [pid=2599] <kill>
  - [pid=2599] <will force kill>
  - [pid=2599] exception while trying to kill process: Error: kill ESRCH
  - [pid=2599] <process did exit: exitCode=127, signal=null>
  - [pid=2599] starting temporary directories cleanup
  - [pid=2599] finished temporary directories cleanup
  - [pid=2599] <gracefully close end>",,,,Low,0.0,False,False,False,,failed_fetch_strict_lexical_suspected,,fetch_timeout_or_fetch_failed,hashing_shortlist
263,jioujia.com,https://jioujia.com,02-04-2026.csv,Jio,jio.com,0.8667,True,True,True,False,0,0,0,0,0,False,lexical_hit,False,False,False,0,0,0,False,False,jioujia.com,,0,True,lexical_hit,True,True,True,resolved,accepted,failed,failed,RayTaskError(TargetClosedError),"[36mray::_HashBrowserActorImpl.render()[39m (pid=708, ip=172.19.2.2, actor_id=c8fdda542d9e67d0171c86b701000000, repr=<phishing_pipeline.ray_runtime._HashBrowserActorImpl object at 0x79690ef41340>)
  File ""/usr/lib/python3.12/concurrent/futures/_base.py"", line 456, in result
    return self.__get_result()
           ^^^^^^^^^^^^^^^^^^^
  File ""/usr/lib/python3.12/concurrent/futures/_base.py"", line 401, in __get_result
    raise self._exception
           ^^^^^^^^^^^^^^^^^^^^^^^^^^^^^^^^^^^^^
  File ""/kaggle/working/phishing_ml/phishing_pipeline/ray_runtime.py"", line 666, in render
    await self._ensure_browser()
           ^^^^^^^^^^^^^^^^^^^^^^^^^^^^^^^^^^^^^
  File ""/kaggle/working/phishing_ml/phishing_pipeline/ray_runtime.py"", line 645, in _ensure_browser
    self._browser = await self._playwright.chromium.launch(**launch_kwargs)
                    ^^^^^^^^^^^^^^^^^^^^^^^^^^^^^^^^^^^^^^^^^^^^^^^^^^^^^^^
  File ""/usr/local/lib/python3.12/dist-packages/playwright/async_api/_generated.py"", line 14547, in launch
    await self._impl_obj.launch(
  File ""/usr/local/lib/python3.12/dist-packages/playwright/_impl/_browser_type.py"", line 97, in launch
    await self._channel.send(
  File ""/usr/local/lib/python3.12/dist-packages/playwright/_impl/_connection.py"", line 69, in send
    return await self._connection.wrap_api_call(
           ^^^^^^^^^^^^^^^^^^^^^^^^^^^^^^^^^^^^^
  File ""/usr/local/lib/python3.12/dist-packages/playwright/_impl/_connection.py"", line 559, in wrap_api_call
    raise rewrite_error(error, f""{parsed_st['apiName']}: {error}"") from None
playwright._impl._errors.TargetClosedError: BrowserType.launch: Target page, context or browser has been closed
Browser logs:

<launching> /root/.cache/ms-playwright/chromium_headless_shell-1208/chrome-headless-shell-linux64/chrome-headless-shell --disable-field-trial-config --disable-background-networking --disable-background-timer-throttling --disable-backgrounding-occluded-windows --disable-back-forward-cache --disable-breakpad --disable-client-side-phishing-detection --disable-component-extensions-with-background-pages --disable-component-update --no-default-browser-check --disable-default-apps --disable-dev-shm-usage --disable-extensions --disable-features=AvoidUnnecessaryBeforeUnloadCheckSync,BoundaryEventDispatchTracksNodeRemoval,DestroyProfileOnBrowserClose,DialMediaRouteProvider,GlobalMediaControls,HttpsUpgrades,LensOverlay,MediaRouter,PaintHolding,ThirdPartyStoragePartitioning,Translate,AutoDeElevate,RenderDocument,OptimizationHints --enable-features=CDPScreenshotNewSurface --allow-pre-commit-input --disable-hang-monitor --disable-ipc-flooding-protection --disable-popup-blocking --disable-prompt-on-repost --disable-renderer-backgrounding --force-color-profile=srgb --metrics-recording-only --no-first-run --password-store=basic --use-mock-keychain --no-service-autorun --export-tagged-pdf --disable-search-engine-choice-screen --unsafely-disable-devtools-self-xss-warnings --edge-skip-compat-layer-relaunch --enable-automation --disable-infobars --disable-search-engine-choice-screen --disable-sync --enable-unsafe-swiftshader --headless --hide-scrollbars --mute-audio --blink-settings=primaryHoverType=2,availableHoverTypes=2,primaryPointerType=4,availablePointerTypes=4 --no-sandbox --user-data-dir=/tmp/playwright_chromiumdev_profile-GZJ4iK --remote-debugging-pipe --no-startup-window
<launched> pid=2613
[pid=2613][err] /root/.cache/ms-playwright/chromium_headless_shell-1208/chrome-headless-shell-linux64/chrome-headless-shell: error while loading shared libraries: libatk-1.0.so.0: cannot open shared object file: No such file or directory
Call log:
  - <launching> /root/.cache/ms-playwright/chromium_headless_shell-1208/chrome-headless-shell-linux64/chrome-headless-shell --disable-field-trial-config --disable-background-networking --disable-background-timer-throttling --disable-backgrounding-occluded-windows --disable-back-forward-cache --disable-breakpad --disable-client-side-phishing-detection --disable-component-extensions-with-background-pages --disable-component-update --no-default-browser-check --disable-default-apps --disable-dev-shm-usage --disable-extensions --disable-features=AvoidUnnecessaryBeforeUnloadCheckSync,BoundaryEventDispatchTracksNodeRemoval,DestroyProfileOnBrowserClose,DialMediaRouteProvider,GlobalMediaControls,HttpsUpgrades,LensOverlay,MediaRouter,PaintHolding,ThirdPartyStoragePartitioning,Translate,AutoDeElevate,RenderDocument,OptimizationHints --enable-features=CDPScreenshotNewSurface --allow-pre-commit-input --disable-hang-monitor --disable-ipc-flooding-protection --disable-popup-blocking --disable-prompt-on-repost --disable-renderer-backgrounding --force-color-profile=srgb --metrics-recording-only --no-first-run --password-store=basic --use-mock-keychain --no-service-autorun --export-tagged-pdf --disable-search-engine-choice-screen --unsafely-disable-devtools-self-xss-warnings --edge-skip-compat-layer-relaunch --enable-automation --disable-infobars --disable-search-engine-choice-screen --disable-sync --enable-unsafe-swiftshader --headless --hide-scrollbars --mute-audio --blink-settings=primaryHoverType=2,availableHoverTypes=2,primaryPointerType=4,availablePointerTypes=4 --no-sandbox --user-data-dir=/tmp/playwright_chromiumdev_profile-GZJ4iK --remote-debugging-pipe --no-startup-window
  - <launched> pid=2613
  - [pid=2613][err] /root/.cache/ms-playwright/chromium_headless_shell-1208/chrome-headless-shell-linux64/chrome-headless-shell: error while loading shared libraries: libatk-1.0.so.0: cannot open shared object file: No such file or directory
  - [pid=2613] <gracefully close start>
  - [pid=2613] <kill>
  - [pid=2613] <will force kill>
  - [pid=2613] exception while trying to kill process: Error: kill ESRCH
  - [pid=2613] <process did exit: exitCode=127, signal=null>
  - [pid=2613] starting temporary directories cleanup
  - [pid=2613] finished temporary directories cleanup
  - [pid=2613] <gracefully close end>",,,,Low,0.0,False,False,False,,failed_fetch_strict_lexical_suspected,,fetch_timeout_or_fetch_failed,hashing_shortlist
264,bseid.com,https://bseid.com,02-04-2026.csv,BSE Ltd.,bseindia.com,0.925,True,True,True,False,0,0,0,0,0,False,lexical_hit,False,False,False,0,0,0,False,False,bseid.com,,0,True,lexical_hit,True,True,True,resolved,accepted,failed,failed,RayTaskError(TargetClosedError),"[36mray::_HashBrowserActorImpl.render()[39m (pid=708, ip=172.19.2.2, actor_id=c8fdda542d9e67d0171c86b701000000, repr=<phishing_pipeline.ray_runtime._HashBrowserActorImpl object at 0x79690ef41340>)
  File ""/usr/lib/python3.12/concurrent/futures/_base.py"", line 449, in result
    return self.__get_result()
           ^^^^^^^^^^^^^^^^^^^
  File ""/usr/lib/python3.12/concurrent/futures/_base.py"", line 401, in __get_result
    raise self._exception
           ^^^^^^^^^^^^^^^^^^^^^^^^^^^^^^^^^^^^^
  File ""/kaggle/working/phishing_ml/phishing_pipeline/ray_runtime.py"", line 666, in render
    await self._ensure_browser()
           ^^^^^^^^^^^^^^^^^^^^^^^^^^^^^^^^^^^^^
  File ""/kaggle/working/phishing_ml/phishing_pipeline/ray_runtime.py"", line 645, in _ensure_browser
    self._browser = await self._playwright.chromium.launch(**launch_kwargs)
                    ^^^^^^^^^^^^^^^^^^^^^^^^^^^^^^^^^^^^^^^^^^^^^^^^^^^^^^^
  File ""/usr/local/lib/python3.12/dist-packages/playwright/async_api/_generated.py"", line 14547, in launch
    await self._impl_obj.launch(
  File ""/usr/local/lib/python3.12/dist-packages/playwright/_impl/_browser_type.py"", line 97, in launch
    await self._channel.send(
  File ""/usr/local/lib/python3.12/dist-packages/playwright/_impl/_connection.py"", line 69, in send
    return await self._connection.wrap_api_call(
           ^^^^^^^^^^^^^^^^^^^^^^^^^^^^^^^^^^^^^
  File ""/usr/local/lib/python3.12/dist-packages/playwright/_impl/_connection.py"", line 559, in wrap_api_call
    raise rewrite_error(error, f""{parsed_st['apiName']}: {error}"") from None
playwright._impl._errors.TargetClosedError: BrowserType.launch: Target page, context or browser has been closed
Browser logs:

<launching> /root/.cache/ms-playwright/chromium_headless_shell-1208/chrome-headless-shell-linux64/chrome-headless-shell --disable-field-trial-config --disable-background-networking --disable-background-timer-throttling --disable-backgrounding-occluded-windows --disable-back-forward-cache --disable-breakpad --disable-client-side-phishing-detection --disable-component-extensions-with-background-pages --disable-component-update --no-default-browser-check --disable-default-apps --disable-dev-shm-usage --disable-extensions --disable-features=AvoidUnnecessaryBeforeUnloadCheckSync,BoundaryEventDispatchTracksNodeRemoval,DestroyProfileOnBrowserClose,DialMediaRouteProvider,GlobalMediaControls,HttpsUpgrades,LensOverlay,MediaRouter,PaintHolding,ThirdPartyStoragePartitioning,Translate,AutoDeElevate,RenderDocument,OptimizationHints --enable-features=CDPScreenshotNewSurface --allow-pre-commit-input --disable-hang-monitor --disable-ipc-flooding-protection --disable-popup-blocking --disable-prompt-on-repost --disable-renderer-backgrounding --force-color-profile=srgb --metrics-recording-only --no-first-run --password-store=basic --use-mock-keychain --no-service-autorun --export-tagged-pdf --disable-search-engine-choice-screen --unsafely-disable-devtools-self-xss-warnings --edge-skip-compat-layer-relaunch --enable-automation --disable-infobars --disable-search-engine-choice-screen --disable-sync --enable-unsafe-swiftshader --headless --hide-scrollbars --mute-audio --blink-settings=primaryHoverType=2,availableHoverTypes=2,primaryPointerType=4,availablePointerTypes=4 --no-sandbox --user-data-dir=/tmp/playwright_chromiumdev_profile-MvlG9t --remote-debugging-pipe --no-startup-window
<launched> pid=2690
[pid=2690][err] /root/.cache/ms-playwright/chromium_headless_shell-1208/chrome-headless-shell-linux64/chrome-headless-shell: error while loading shared libraries: libatk-1.0.so.0: cannot open shared object file: No such file or directory
Call log:
  - <launching> /root/.cache/ms-playwright/chromium_headless_shell-1208/chrome-headless-shell-linux64/chrome-headless-shell --disable-field-trial-config --disable-background-networking --disable-background-timer-throttling --disable-backgrounding-occluded-windows --disable-back-forward-cache --disable-breakpad --disable-client-side-phishing-detection --disable-component-extensions-with-background-pages --disable-component-update --no-default-browser-check --disable-default-apps --disable-dev-shm-usage --disable-extensions --disable-features=AvoidUnnecessaryBeforeUnloadCheckSync,BoundaryEventDispatchTracksNodeRemoval,DestroyProfileOnBrowserClose,DialMediaRouteProvider,GlobalMediaControls,HttpsUpgrades,LensOverlay,MediaRouter,PaintHolding,ThirdPartyStoragePartitioning,Translate,AutoDeElevate,RenderDocument,OptimizationHints --enable-features=CDPScreenshotNewSurface --allow-pre-commit-input --disable-hang-monitor --disable-ipc-flooding-protection --disable-popup-blocking --disable-prompt-on-repost --disable-renderer-backgrounding --force-color-profile=srgb --metrics-recording-only --no-first-run --password-store=basic --use-mock-keychain --no-service-autorun --export-tagged-pdf --disable-search-engine-choice-screen --unsafely-disable-devtools-self-xss-warnings --edge-skip-compat-layer-relaunch --enable-automation --disable-infobars --disable-search-engine-choice-screen --disable-sync --enable-unsafe-swiftshader --headless --hide-scrollbars --mute-audio --blink-settings=primaryHoverType=2,availableHoverTypes=2,primaryPointerType=4,availablePointerTypes=4 --no-sandbox --user-data-dir=/tmp/playwright_chromiumdev_profile-MvlG9t --remote-debugging-pipe --no-startup-window
  - <launched> pid=2690
  - [pid=2690][err] /root/.cache/ms-playwright/chromium_headless_shell-1208/chrome-headless-shell-linux64/chrome-headless-shell: error while loading shared libraries: libatk-1.0.so.0: cannot open shared object file: No such file or directory
  - [pid=2690] <gracefully close start>
  - [pid=2690] <kill>
  - [pid=2690] <will force kill>
  - [pid=2690] exception while trying to kill process: Error: kill ESRCH
  - [pid=2690] <process did exit: exitCode=127, signal=null>
  - [pid=2690] starting temporary directories cleanup
  - [pid=2690] finished temporary directories cleanup
  - [pid=2690] <gracefully close end>",,,,Low,0.0,False,False,False,,failed_fetch_strict_lexical_suspected,,fetch_timeout_or_fetch_failed,hashing_shortlist
275,mai-nha.org,https://mai-nha.org,02-04-2026.csv,National Health Authority (NHA),nha.gov.in,0.6,True,True,False,False,0,0,0,0,0,False,lexical_hit,False,False,False,0,0,0,False,False,mai-nha.org,,0,True,lexical_hit,True,True,True,resolved,accepted,failed,failed,RayTaskError(TargetClosedError),"[36mray::_HashBrowserActorImpl.render()[39m (pid=708, ip=172.19.2.2, actor_id=c8fdda542d9e67d0171c86b701000000, repr=<phishing_pipeline.ray_runtime._HashBrowserActorImpl object at 0x79690ef41340>)
  File ""/usr/lib/python3.12/concurrent/futures/_base.py"", line 449, in result
    return self.__get_result()
           ^^^^^^^^^^^^^^^^^^^
  File ""/usr/lib/python3.12/concurrent/futures/_base.py"", line 401, in __get_result
    raise self._exception
           ^^^^^^^^^^^^^^^^^^^^^^^^^^^^^^^^^^^^^
  File ""/kaggle/working/phishing_ml/phishing_pipeline/ray_runtime.py"", line 666, in render
    await self._ensure_browser()
           ^^^^^^^^^^^^^^^^^^^^^^^^^^^^^^^^^^^^^
  File ""/kaggle/working/phishing_ml/phishing_pipeline/ray_runtime.py"", line 645, in _ensure_browser
    self._browser = await self._playwright.chromium.launch(**launch_kwargs)
                    ^^^^^^^^^^^^^^^^^^^^^^^^^^^^^^^^^^^^^^^^^^^^^^^^^^^^^^^
  File ""/usr/local/lib/python3.12/dist-packages/playwright/async_api/_generated.py"", line 14547, in launch
    await self._impl_obj.launch(
  File ""/usr/local/lib/python3.12/dist-packages/playwright/_impl/_browser_type.py"", line 97, in launch
    await self._channel.send(
  File ""/usr/local/lib/python3.12/dist-packages/playwright/_impl/_connection.py"", line 69, in send
    return await self._connection.wrap_api_call(
           ^^^^^^^^^^^^^^^^^^^^^^^^^^^^^^^^^^^^^
  File ""/usr/local/lib/python3.12/dist-packages/playwright/_impl/_connection.py"", line 559, in wrap_api_call
    raise rewrite_error(error, f""{parsed_st['apiName']}: {error}"") from None
playwright._impl._errors.TargetClosedError: BrowserType.launch: Target page, context or browser has been closed
Browser logs:

<launching> /root/.cache/ms-playwright/chromium_headless_shell-1208/chrome-headless-shell-linux64/chrome-headless-shell --disable-field-trial-config --disable-background-networking --disable-background-timer-throttling --disable-backgrounding-occluded-windows --disable-back-forward-cache --disable-breakpad --disable-client-side-phishing-detection --disable-component-extensions-with-background-pages --disable-component-update --no-default-browser-check --disable-default-apps --disable-dev-shm-usage --disable-extensions --disable-features=AvoidUnnecessaryBeforeUnloadCheckSync,BoundaryEventDispatchTracksNodeRemoval,DestroyProfileOnBrowserClose,DialMediaRouteProvider,GlobalMediaControls,HttpsUpgrades,LensOverlay,MediaRouter,PaintHolding,ThirdPartyStoragePartitioning,Translate,AutoDeElevate,RenderDocument,OptimizationHints --enable-features=CDPScreenshotNewSurface --allow-pre-commit-input --disable-hang-monitor --disable-ipc-flooding-protection --disable-popup-blocking --disable-prompt-on-repost --disable-renderer-backgrounding --force-color-profile=srgb --metrics-recording-only --no-first-run --password-store=basic --use-mock-keychain --no-service-autorun --export-tagged-pdf --disable-search-engine-choice-screen --unsafely-disable-devtools-self-xss-warnings --edge-skip-compat-layer-relaunch --enable-automation --disable-infobars --disable-search-engine-choice-screen --disable-sync --enable-unsafe-swiftshader --headless --hide-scrollbars --mute-audio --blink-settings=primaryHoverType=2,availableHoverTypes=2,primaryPointerType=4,availablePointerTypes=4 --no-sandbox --user-data-dir=/tmp/playwright_chromiumdev_profile-KbHir9 --remote-debugging-pipe --no-startup-window
<launched> pid=2702
[pid=2702][err] /root/.cache/ms-playwright/chromium_headless_shell-1208/chrome-headless-shell-linux64/chrome-headless-shell: error while loading shared libraries: libatk-1.0.so.0: cannot open shared object file: No such file or directory
Call log:
  - <launching> /root/.cache/ms-playwright/chromium_headless_shell-1208/chrome-headless-shell-linux64/chrome-headless-shell --disable-field-trial-config --disable-background-networking --disable-background-timer-throttling --disable-backgrounding-occluded-windows --disable-back-forward-cache --disable-breakpad --disable-client-side-phishing-detection --disable-component-extensions-with-background-pages --disable-component-update --no-default-browser-check --disable-default-apps --disable-dev-shm-usage --disable-extensions --disable-features=AvoidUnnecessaryBeforeUnloadCheckSync,BoundaryEventDispatchTracksNodeRemoval,DestroyProfileOnBrowserClose,DialMediaRouteProvider,GlobalMediaControls,HttpsUpgrades,LensOverlay,MediaRouter,PaintHolding,ThirdPartyStoragePartitioning,Translate,AutoDeElevate,RenderDocument,OptimizationHints --enable-features=CDPScreenshotNewSurface --allow-pre-commit-input --disable-hang-monitor --disable-ipc-flooding-protection --disable-popup-blocking --disable-prompt-on-repost --disable-renderer-backgrounding --force-color-profile=srgb --metrics-recording-only --no-first-run --password-store=basic --use-mock-keychain --no-service-autorun --export-tagged-pdf --disable-search-engine-choice-screen --unsafely-disable-devtools-self-xss-warnings --edge-skip-compat-layer-relaunch --enable-automation --disable-infobars --disable-search-engine-choice-screen --disable-sync --enable-unsafe-swiftshader --headless --hide-scrollbars --mute-audio --blink-settings=primaryHoverType=2,availableHoverTypes=2,primaryPointerType=4,availablePointerTypes=4 --no-sandbox --user-data-dir=/tmp/playwright_chromiumdev_profile-KbHir9 --remote-debugging-pipe --no-startup-window
  - <launched> pid=2702
  - [pid=2702][err] /root/.cache/ms-playwright/chromium_headless_shell-1208/chrome-headless-shell-linux64/chrome-headless-shell: error while loading shared libraries: libatk-1.0.so.0: cannot open shared object file: No such file or directory
  - [pid=2702] <gracefully close start>
  - [pid=2702] <kill>
  - [pid=2702] <will force kill>
  - [pid=2702] exception while trying to kill process: Error: kill ESRCH
  - [pid=2702] <process did exit: exitCode=127, signal=null>
  - [pid=2702] starting temporary directories cleanup
  - [pid=2702] finished temporary directories cleanup
  - [pid=2702] <gracefully close end>",,,,Low,0.0,False,False,False,,failed_fetch_strict_lexical_suspected,,fetch_timeout_or_fetch_failed,hashing_shortlist
277,netpran.com,https://netpran.com,02-04-2026.csv,Punjab National Bank (PNB),netpnb.com,0.9095,True,True,True,False,0,0,0,0,0,False,lexical_hit,False,False,False,0,0,0,False,False,netpran.com,,0,True,lexical_hit,True,True,True,resolved,accepted,failed,failed,RayTaskError(TargetClosedError),"[36mray::_HashBrowserActorImpl.render()[39m (pid=708, ip=172.19.2.2, actor_id=c8fdda542d9e67d0171c86b701000000, repr=<phishing_pipeline.ray_runtime._HashBrowserActorImpl object at 0x79690ef41340>)
  File ""/usr/lib/python3.12/concurrent/futures/_base.py"", line 449, in result
    return self.__get_result()
           ^^^^^^^^^^^^^^^^^^^
  File ""/usr/lib/python3.12/concurrent/futures/_base.py"", line 401, in __get_result
    raise self._exception
           ^^^^^^^^^^^^^^^^^^^^^^^^^^^^^^^^^^^^^
  File ""/kaggle/working/phishing_ml/phishing_pipeline/ray_runtime.py"", line 666, in render
    await self._ensure_browser()
           ^^^^^^^^^^^^^^^^^^^^^^^^^^^^^^^^^^^^^
  File ""/kaggle/working/phishing_ml/phishing_pipeline/ray_runtime.py"", line 645, in _ensure_browser
    self._browser = await self._playwright.chromium.launch(**launch_kwargs)
                    ^^^^^^^^^^^^^^^^^^^^^^^^^^^^^^^^^^^^^^^^^^^^^^^^^^^^^^^
  File ""/usr/local/lib/python3.12/dist-packages/playwright/async_api/_generated.py"", line 14547, in launch
    await self._impl_obj.launch(
  File ""/usr/local/lib/python3.12/dist-packages/playwright/_impl/_browser_type.py"", line 97, in launch
    await self._channel.send(
  File ""/usr/local/lib/python3.12/dist-packages/playwright/_impl/_connection.py"", line 69, in send
    return await self._connection.wrap_api_call(
           ^^^^^^^^^^^^^^^^^^^^^^^^^^^^^^^^^^^^^
  File ""/usr/local/lib/python3.12/dist-packages/playwright/_impl/_connection.py"", line 559, in wrap_api_call
    raise rewrite_error(error, f""{parsed_st['apiName']}: {error}"") from None
playwright._impl._errors.TargetClosedError: BrowserType.launch: Target page, context or browser has been closed
Browser logs:

<launching> /root/.cache/ms-playwright/chromium_headless_shell-1208/chrome-headless-shell-linux64/chrome-headless-shell --disable-field-trial-config --disable-background-networking --disable-background-timer-throttling --disable-backgrounding-occluded-windows --disable-back-forward-cache --disable-breakpad --disable-client-side-phishing-detection --disable-component-extensions-with-background-pages --disable-component-update --no-default-browser-check --disable-default-apps --disable-dev-shm-usage --disable-extensions --disable-features=AvoidUnnecessaryBeforeUnloadCheckSync,BoundaryEventDispatchTracksNodeRemoval,DestroyProfileOnBrowserClose,DialMediaRouteProvider,GlobalMediaControls,HttpsUpgrades,LensOverlay,MediaRouter,PaintHolding,ThirdPartyStoragePartitioning,Translate,AutoDeElevate,RenderDocument,OptimizationHints --enable-features=CDPScreenshotNewSurface --allow-pre-commit-input --disable-hang-monitor --disable-ipc-flooding-protection --disable-popup-blocking --disable-prompt-on-repost --disable-renderer-backgrounding --force-color-profile=srgb --metrics-recording-only --no-first-run --password-store=basic --use-mock-keychain --no-service-autorun --export-tagged-pdf --disable-search-engine-choice-screen --unsafely-disable-devtools-self-xss-warnings --edge-skip-compat-layer-relaunch --enable-automation --disable-infobars --disable-search-engine-choice-screen --disable-sync --enable-unsafe-swiftshader --headless --hide-scrollbars --mute-audio --blink-settings=primaryHoverType=2,availableHoverTypes=2,primaryPointerType=4,availablePointerTypes=4 --no-sandbox --user-data-dir=/tmp/playwright_chromiumdev_profile-zToZpt --remote-debugging-pipe --no-startup-window
<launched> pid=2716
[pid=2716][err] /root/.cache/ms-playwright/chromium_headless_shell-1208/chrome-headless-shell-linux64/chrome-headless-shell: error while loading shared libraries: libatk-1.0.so.0: cannot open shared object file: No such file or directory
Call log:
  - <launching> /root/.cache/ms-playwright/chromium_headless_shell-1208/chrome-headless-shell-linux64/chrome-headless-shell --disable-field-trial-config --disable-background-networking --disable-background-timer-throttling --disable-backgrounding-occluded-windows --disable-back-forward-cache --disable-breakpad --disable-client-side-phishing-detection --disable-component-extensions-with-background-pages --disable-component-update --no-default-browser-check --disable-default-apps --disable-dev-shm-usage --disable-extensions --disable-features=AvoidUnnecessaryBeforeUnloadCheckSync,BoundaryEventDispatchTracksNodeRemoval,DestroyProfileOnBrowserClose,DialMediaRouteProvider,GlobalMediaControls,HttpsUpgrades,LensOverlay,MediaRouter,PaintHolding,ThirdPartyStoragePartitioning,Translate,AutoDeElevate,RenderDocument,OptimizationHints --enable-features=CDPScreenshotNewSurface --allow-pre-commit-input --disable-hang-monitor --disable-ipc-flooding-protection --disable-popup-blocking --disable-prompt-on-repost --disable-renderer-backgrounding --force-color-profile=srgb --metrics-recording-only --no-first-run --password-store=basic --use-mock-keychain --no-service-autorun --export-tagged-pdf --disable-search-engine-choice-screen --unsafely-disable-devtools-self-xss-warnings --edge-skip-compat-layer-relaunch --enable-automation --disable-infobars --disable-search-engine-choice-screen --disable-sync --enable-unsafe-swiftshader --headless --hide-scrollbars --mute-audio --blink-settings=primaryHoverType=2,availableHoverTypes=2,primaryPointerType=4,availablePointerTypes=4 --no-sandbox --user-data-dir=/tmp/playwright_chromiumdev_profile-zToZpt --remote-debugging-pipe --no-startup-window
  - <launched> pid=2716
  - [pid=2716][err] /root/.cache/ms-playwright/chromium_headless_shell-1208/chrome-headless-shell-linux64/chrome-headless-shell: error while loading shared libraries: libatk-1.0.so.0: cannot open shared object file: No such file or directory
  - [pid=2716] <gracefully close start>
  - [pid=2716] <kill>
  - [pid=2716] <will force kill>
  - [pid=2716] exception while trying to kill process: Error: kill ESRCH
  - [pid=2716] <process did exit: exitCode=127, signal=null>
  - [pid=2716] starting temporary directories cleanup
  - [pid=2716] finished temporary directories cleanup
  - [pid=2716] <gracefully close end>",,,,Low,0.0,False,False,False,,failed_fetch_strict_lexical_suspected,,fetch_timeout_or_fetch_failed,hashing_shortlist
278,sbimali.com,https://sbimali.com,02-04-2026.csv,State Bank of India (SBI),sbimf.com,0.8743,True,True,True,False,0,0,0,0,0,False,lexical_hit,False,False,False,0,0,0,False,False,sbimali.com,,0,True,lexical_hit,True,True,True,resolved,accepted,failed,failed,RayTaskError(TargetClosedError),"[36mray::_HashBrowserActorImpl.render()[39m (pid=708, ip=172.19.2.2, actor_id=c8fdda542d9e67d0171c86b701000000, repr=<phishing_pipeline.ray_runtime._HashBrowserActorImpl object at 0x79690ef41340>)
  File ""/usr/lib/python3.12/concurrent/futures/_base.py"", line 449, in result
    return self.__get_result()
           ^^^^^^^^^^^^^^^^^^^
  File ""/usr/lib/python3.12/concurrent/futures/_base.py"", line 401, in __get_result
    raise self._exception
           ^^^^^^^^^^^^^^^^^^^^^^^^^^^^^^^^^^^^^
  File ""/kaggle/working/phishing_ml/phishing_pipeline/ray_runtime.py"", line 666, in render
    await self._ensure_browser()
           ^^^^^^^^^^^^^^^^^^^^^^^^^^^^^^^^^^^^^
  File ""/kaggle/working/phishing_ml/phishing_pipeline/ray_runtime.py"", line 645, in _ensure_browser
    self._browser = await self._playwright.chromium.launch(**launch_kwargs)
                    ^^^^^^^^^^^^^^^^^^^^^^^^^^^^^^^^^^^^^^^^^^^^^^^^^^^^^^^
  File ""/usr/local/lib/python3.12/dist-packages/playwright/async_api/_generated.py"", line 14547, in launch
    await self._impl_obj.launch(
  File ""/usr/local/lib/python3.12/dist-packages/playwright/_impl/_browser_type.py"", line 97, in launch
    await self._channel.send(
  File ""/usr/local/lib/python3.12/dist-packages/playwright/_impl/_connection.py"", line 69, in send
    return await self._connection.wrap_api_call(
           ^^^^^^^^^^^^^^^^^^^^^^^^^^^^^^^^^^^^^
  File ""/usr/local/lib/python3.12/dist-packages/playwright/_impl/_connection.py"", line 559, in wrap_api_call
    raise rewrite_error(error, f""{parsed_st['apiName']}: {error}"") from None
playwright._impl._errors.TargetClosedError: BrowserType.launch: Target page, context or browser has been closed
Browser logs:

<launching> /root/.cache/ms-playwright/chromium_headless_shell-1208/chrome-headless-shell-linux64/chrome-headless-shell --disable-field-trial-config --disable-background-networking --disable-background-timer-throttling --disable-backgrounding-occluded-windows --disable-back-forward-cache --disable-breakpad --disable-client-side-phishing-detection --disable-component-extensions-with-background-pages --disable-component-update --no-default-browser-check --disable-default-apps --disable-dev-shm-usage --disable-extensions --disable-features=AvoidUnnecessaryBeforeUnloadCheckSync,BoundaryEventDispatchTracksNodeRemoval,DestroyProfileOnBrowserClose,DialMediaRouteProvider,GlobalMediaControls,HttpsUpgrades,LensOverlay,MediaRouter,PaintHolding,ThirdPartyStoragePartitioning,Translate,AutoDeElevate,RenderDocument,OptimizationHints --enable-features=CDPScreenshotNewSurface --allow-pre-commit-input --disable-hang-monitor --disable-ipc-flooding-protection --disable-popup-blocking --disable-prompt-on-repost --disable-renderer-backgrounding --force-color-profile=srgb --metrics-recording-only --no-first-run --password-store=basic --use-mock-keychain --no-service-autorun --export-tagged-pdf --disable-search-engine-choice-screen --unsafely-disable-devtools-self-xss-warnings --edge-skip-compat-layer-relaunch --enable-automation --disable-infobars --disable-search-engine-choice-screen --disable-sync --enable-unsafe-swiftshader --headless --hide-scrollbars --mute-audio --blink-settings=primaryHoverType=2,availableHoverTypes=2,primaryPointerType=4,availablePointerTypes=4 --no-sandbox --user-data-dir=/tmp/playwright_chromiumdev_profile-JGQs8J --remote-debugging-pipe --no-startup-window
<launched> pid=2728
[pid=2728][err] /root/.cache/ms-playwright/chromium_headless_shell-1208/chrome-headless-shell-linux64/chrome-headless-shell: error while loading shared libraries: libatk-1.0.so.0: cannot open shared object file: No such file or directory
Call log:
  - <launching> /root/.cache/ms-playwright/chromium_headless_shell-1208/chrome-headless-shell-linux64/chrome-headless-shell --disable-field-trial-config --disable-background-networking --disable-background-timer-throttling --disable-backgrounding-occluded-windows --disable-back-forward-cache --disable-breakpad --disable-client-side-phishing-detection --disable-component-extensions-with-background-pages --disable-component-update --no-default-browser-check --disable-default-apps --disable-dev-shm-usage --disable-extensions --disable-features=AvoidUnnecessaryBeforeUnloadCheckSync,BoundaryEventDispatchTracksNodeRemoval,DestroyProfileOnBrowserClose,DialMediaRouteProvider,GlobalMediaControls,HttpsUpgrades,LensOverlay,MediaRouter,PaintHolding,ThirdPartyStoragePartitioning,Translate,AutoDeElevate,RenderDocument,OptimizationHints --enable-features=CDPScreenshotNewSurface --allow-pre-commit-input --disable-hang-monitor --disable-ipc-flooding-protection --disable-popup-blocking --disable-prompt-on-repost --disable-renderer-backgrounding --force-color-profile=srgb --metrics-recording-only --no-first-run --password-store=basic --use-mock-keychain --no-service-autorun --export-tagged-pdf --disable-search-engine-choice-screen --unsafely-disable-devtools-self-xss-warnings --edge-skip-compat-layer-relaunch --enable-automation --disable-infobars --disable-search-engine-choice-screen --disable-sync --enable-unsafe-swiftshader --headless --hide-scrollbars --mute-audio --blink-settings=primaryHoverType=2,availableHoverTypes=2,primaryPointerType=4,availablePointerTypes=4 --no-sandbox --user-data-dir=/tmp/playwright_chromiumdev_profile-JGQs8J --remote-debugging-pipe --no-startup-window
  - <launched> pid=2728
  - [pid=2728][err] /root/.cache/ms-playwright/chromium_headless_shell-1208/chrome-headless-shell-linux64/chrome-headless-shell: error while loading shared libraries: libatk-1.0.so.0: cannot open shared object file: No such file or directory
  - [pid=2728] <gracefully close start>
  - [pid=2728] <kill>
  - [pid=2728] <will force kill>
  - [pid=2728] exception while trying to kill process: Error: kill ESRCH
  - [pid=2728] <process did exit: exitCode=127, signal=null>
  - [pid=2728] starting temporary directories cleanup
  - [pid=2728] finished temporary directories cleanup
  - [pid=2728] <gracefully close end>",,,,Low,0.0,False,False,False,,failed_fetch_strict_lexical_suspected,,fetch_timeout_or_fetch_failed,hashing_shortlist
279,switzcard.com,https://switzcard.com,02-04-2026.csv,State Bank of India (SBI),sbicard.com,0.8571,True,True,True,False,0,0,0,0,0,False,lexical_hit,False,False,False,0,0,0,False,False,switzcard.com,,0,True,lexical_hit,True,True,True,resolved,accepted,failed,failed,RayTaskError(TargetClosedError),"[36mray::_HashBrowserActorImpl.render()[39m (pid=708, ip=172.19.2.2, actor_id=c8fdda542d9e67d0171c86b701000000, repr=<phishing_pipeline.ray_runtime._HashBrowserActorImpl object at 0x79690ef41340>)
  File ""/usr/lib/python3.12/concurrent/futures/_base.py"", line 449, in result
    return self.__get_result()
           ^^^^^^^^^^^^^^^^^^^
  File ""/usr/lib/python3.12/concurrent/futures/_base.py"", line 401, in __get_result
    raise self._exception
           ^^^^^^^^^^^^^^^^^^^^^^^^^^^^^^^^^^^^^
  File ""/kaggle/working/phishing_ml/phishing_pipeline/ray_runtime.py"", line 666, in render
    await self._ensure_browser()
           ^^^^^^^^^^^^^^^^^^^^^^^^^^^^^^^^^^^^^
  File ""/kaggle/working/phishing_ml/phishing_pipeline/ray_runtime.py"", line 645, in _ensure_browser
    self._browser = await self._playwright.chromium.launch(**launch_kwargs)
                    ^^^^^^^^^^^^^^^^^^^^^^^^^^^^^^^^^^^^^^^^^^^^^^^^^^^^^^^
  File ""/usr/local/lib/python3.12/dist-packages/playwright/async_api/_generated.py"", line 14547, in launch
    await self._impl_obj.launch(
  File ""/usr/local/lib/python3.12/dist-packages/playwright/_impl/_browser_type.py"", line 97, in launch
    await self._channel.send(
  File ""/usr/local/lib/python3.12/dist-packages/playwright/_impl/_connection.py"", line 69, in send
    return await self._connection.wrap_api_call(
           ^^^^^^^^^^^^^^^^^^^^^^^^^^^^^^^^^^^^^
  File ""/usr/local/lib/python3.12/dist-packages/playwright/_impl/_connection.py"", line 559, in wrap_api_call
    raise rewrite_error(error, f""{parsed_st['apiName']}: {error}"") from None
playwright._impl._errors.TargetClosedError: BrowserType.launch: Target page, context or browser has been closed
Browser logs:

<launching> /root/.cache/ms-playwright/chromium_headless_shell-1208/chrome-headless-shell-linux64/chrome-headless-shell --disable-field-trial-config --disable-background-networking --disable-background-timer-throttling --disable-backgrounding-occluded-windows --disable-back-forward-cache --disable-breakpad --disable-client-side-phishing-detection --disable-component-extensions-with-background-pages --disable-component-update --no-default-browser-check --disable-default-apps --disable-dev-shm-usage --disable-extensions --disable-features=AvoidUnnecessaryBeforeUnloadCheckSync,BoundaryEventDispatchTracksNodeRemoval,DestroyProfileOnBrowserClose,DialMediaRouteProvider,GlobalMediaControls,HttpsUpgrades,LensOverlay,MediaRouter,PaintHolding,ThirdPartyStoragePartitioning,Translate,AutoDeElevate,RenderDocument,OptimizationHints --enable-features=CDPScreenshotNewSurface --allow-pre-commit-input --disable-hang-monitor --disable-ipc-flooding-protection --disable-popup-blocking --disable-prompt-on-repost --disable-renderer-backgrounding --force-color-profile=srgb --metrics-recording-only --no-first-run --password-store=basic --use-mock-keychain --no-service-autorun --export-tagged-pdf --disable-search-engine-choice-screen --unsafely-disable-devtools-self-xss-warnings --edge-skip-compat-layer-relaunch --enable-automation --disable-infobars --disable-search-engine-choice-screen --disable-sync --enable-unsafe-swiftshader --headless --hide-scrollbars --mute-audio --blink-settings=primaryHoverType=2,availableHoverTypes=2,primaryPointerType=4,availablePointerTypes=4 --no-sandbox --user-data-dir=/tmp/playwright_chromiumdev_profile-GwcZry --remote-debugging-pipe --no-startup-window
<launched> pid=2742
[pid=2742][err] /root/.cache/ms-playwright/chromium_headless_shell-1208/chrome-headless-shell-linux64/chrome-headless-shell: error while loading shared libraries: libatk-1.0.so.0: cannot open shared object file: No such file or directory
Call log:
  - <launching> /root/.cache/ms-playwright/chromium_headless_shell-1208/chrome-headless-shell-linux64/chrome-headless-shell --disable-field-trial-config --disable-background-networking --disable-background-timer-throttling --disable-backgrounding-occluded-windows --disable-back-forward-cache --disable-breakpad --disable-client-side-phishing-detection --disable-component-extensions-with-background-pages --disable-component-update --no-default-browser-check --disable-default-apps --disable-dev-shm-usage --disable-extensions --disable-features=AvoidUnnecessaryBeforeUnloadCheckSync,BoundaryEventDispatchTracksNodeRemoval,DestroyProfileOnBrowserClose,DialMediaRouteProvider,GlobalMediaControls,HttpsUpgrades,LensOverlay,MediaRouter,PaintHolding,ThirdPartyStoragePartitioning,Translate,AutoDeElevate,RenderDocument,OptimizationHints --enable-features=CDPScreenshotNewSurface --allow-pre-commit-input --disable-hang-monitor --disable-ipc-flooding-protection --disable-popup-blocking --disable-prompt-on-repost --disable-renderer-backgrounding --force-color-profile=srgb --metrics-recording-only --no-first-run --password-store=basic --use-mock-keychain --no-service-autorun --export-tagged-pdf --disable-search-engine-choice-screen --unsafely-disable-devtools-self-xss-warnings --edge-skip-compat-layer-relaunch --enable-automation --disable-infobars --disable-search-engine-choice-screen --disable-sync --enable-unsafe-swiftshader --headless --hide-scrollbars --mute-audio --blink-settings=primaryHoverType=2,availableHoverTypes=2,primaryPointerType=4,availablePointerTypes=4 --no-sandbox --user-data-dir=/tmp/playwright_chromiumdev_profile-GwcZry --remote-debugging-pipe --no-startup-window
  - <launched> pid=2742
  - [pid=2742][err] /root/.cache/ms-playwright/chromium_headless_shell-1208/chrome-headless-shell-linux64/chrome-headless-shell: error while loading shared libraries: libatk-1.0.so.0: cannot open shared object file: No such file or directory
  - [pid=2742] <gracefully close start>
  - [pid=2742] <kill>
  - [pid=2742] <will force kill>
  - [pid=2742] exception while trying to kill process: Error: kill ESRCH
  - [pid=2742] <process did exit: exitCode=127, signal=null>
  - [pid=2742] starting temporary directories cleanup
  - [pid=2742] finished temporary directories cleanup
  - [pid=2742] <gracefully close end>",,,,Low,0.0,False,False,False,,failed_fetch_strict_lexical_suspected,,fetch_timeout_or_fetch_failed,hashing_shortlist
282,canalcorporate.com,https://canalcorporate.com,02-04-2026.csv,Canara Bank,canararobeco.com,0.9041,True,True,True,False,0,0,0,0,0,False,lexical_hit,False,False,False,0,0,0,False,False,canalcorporate.com,,0,True,lexical_hit,True,True,True,resolved,accepted,failed,failed,RayTaskError(TargetClosedError),"[36mray::_HashBrowserActorImpl.render()[39m (pid=708, ip=172.19.2.2, actor_id=c8fdda542d9e67d0171c86b701000000, repr=<phishing_pipeline.ray_runtime._HashBrowserActorImpl object at 0x79690ef41340>)
  File ""/usr/lib/python3.12/concurrent/futures/_base.py"", line 449, in result
    return self.__get_result()
           ^^^^^^^^^^^^^^^^^^^
  File ""/usr/lib/python3.12/concurrent/futures/_base.py"", line 401, in __get_result
    raise self._exception
           ^^^^^^^^^^^^^^^^^^^^^^^^^^^^^^^^^^^^^
  File ""/kaggle/working/phishing_ml/phishing_pipeline/ray_runtime.py"", line 666, in render
    await self._ensure_browser()
           ^^^^^^^^^^^^^^^^^^^^^^^^^^^^^^^^^^^^^
  File ""/kaggle/working/phishing_ml/phishing_pipeline/ray_runtime.py"", line 645, in _ensure_browser
    self._browser = await self._playwright.chromium.launch(**launch_kwargs)
                    ^^^^^^^^^^^^^^^^^^^^^^^^^^^^^^^^^^^^^^^^^^^^^^^^^^^^^^^
  File ""/usr/local/lib/python3.12/dist-packages/playwright/async_api/_generated.py"", line 14547, in launch
    await self._impl_obj.launch(
  File ""/usr/local/lib/python3.12/dist-packages/playwright/_impl/_browser_type.py"", line 97, in launch
    await self._channel.send(
  File ""/usr/local/lib/python3.12/dist-packages/playwright/_impl/_connection.py"", line 69, in send
    return await self._connection.wrap_api_call(
           ^^^^^^^^^^^^^^^^^^^^^^^^^^^^^^^^^^^^^
  File ""/usr/local/lib/python3.12/dist-packages/playwright/_impl/_connection.py"", line 559, in wrap_api_call
    raise rewrite_error(error, f""{parsed_st['apiName']}: {error}"") from None
playwright._impl._errors.TargetClosedError: BrowserType.launch: Target page, context or browser has been closed
Browser logs:

<launching> /root/.cache/ms-playwright/chromium_headless_shell-1208/chrome-headless-shell-linux64/chrome-headless-shell --disable-field-trial-config --disable-background-networking --disable-background-timer-throttling --disable-backgrounding-occluded-windows --disable-back-forward-cache --disable-breakpad --disable-client-side-phishing-detection --disable-component-extensions-with-background-pages --disable-component-update --no-default-browser-check --disable-default-apps --disable-dev-shm-usage --disable-extensions --disable-features=AvoidUnnecessaryBeforeUnloadCheckSync,BoundaryEventDispatchTracksNodeRemoval,DestroyProfileOnBrowserClose,DialMediaRouteProvider,GlobalMediaControls,HttpsUpgrades,LensOverlay,MediaRouter,PaintHolding,ThirdPartyStoragePartitioning,Translate,AutoDeElevate,RenderDocument,OptimizationHints --enable-features=CDPScreenshotNewSurface --allow-pre-commit-input --disable-hang-monitor --disable-ipc-flooding-protection --disable-popup-blocking --disable-prompt-on-repost --disable-renderer-backgrounding --force-color-profile=srgb --metrics-recording-only --no-first-run --password-store=basic --use-mock-keychain --no-service-autorun --export-tagged-pdf --disable-search-engine-choice-screen --unsafely-disable-devtools-self-xss-warnings --edge-skip-compat-layer-relaunch --enable-automation --disable-infobars --disable-search-engine-choice-screen --disable-sync --enable-unsafe-swiftshader --headless --hide-scrollbars --mute-audio --blink-settings=primaryHoverType=2,availableHoverTypes=2,primaryPointerType=4,availablePointerTypes=4 --no-sandbox --user-data-dir=/tmp/playwright_chromiumdev_profile-pYuSUG --remote-debugging-pipe --no-startup-window
<launched> pid=2754
[pid=2754][err] /root/.cache/ms-playwright/chromium_headless_shell-1208/chrome-headless-shell-linux64/chrome-headless-shell: error while loading shared libraries: libatk-1.0.so.0: cannot open shared object file: No such file or directory
Call log:
  - <launching> /root/.cache/ms-playwright/chromium_headless_shell-1208/chrome-headless-shell-linux64/chrome-headless-shell --disable-field-trial-config --disable-background-networking --disable-background-timer-throttling --disable-backgrounding-occluded-windows --disable-back-forward-cache --disable-breakpad --disable-client-side-phishing-detection --disable-component-extensions-with-background-pages --disable-component-update --no-default-browser-check --disable-default-apps --disable-dev-shm-usage --disable-extensions --disable-features=AvoidUnnecessaryBeforeUnloadCheckSync,BoundaryEventDispatchTracksNodeRemoval,DestroyProfileOnBrowserClose,DialMediaRouteProvider,GlobalMediaControls,HttpsUpgrades,LensOverlay,MediaRouter,PaintHolding,ThirdPartyStoragePartitioning,Translate,AutoDeElevate,RenderDocument,OptimizationHints --enable-features=CDPScreenshotNewSurface --allow-pre-commit-input --disable-hang-monitor --disable-ipc-flooding-protection --disable-popup-blocking --disable-prompt-on-repost --disable-renderer-backgrounding --force-color-profile=srgb --metrics-recording-only --no-first-run --password-store=basic --use-mock-keychain --no-service-autorun --export-tagged-pdf --disable-search-engine-choice-screen --unsafely-disable-devtools-self-xss-warnings --edge-skip-compat-layer-relaunch --enable-automation --disable-infobars --disable-search-engine-choice-screen --disable-sync --enable-unsafe-swiftshader --headless --hide-scrollbars --mute-audio --blink-settings=primaryHoverType=2,availableHoverTypes=2,primaryPointerType=4,availablePointerTypes=4 --no-sandbox --user-data-dir=/tmp/playwright_chromiumdev_profile-pYuSUG --remote-debugging-pipe --no-startup-window
  - <launched> pid=2754
  - [pid=2754][err] /root/.cache/ms-playwright/chromium_headless_shell-1208/chrome-headless-shell-linux64/chrome-headless-shell: error while loading shared libraries: libatk-1.0.so.0: cannot open shared object file: No such file or directory
  - [pid=2754] <gracefully close start>
  - [pid=2754] <kill>
  - [pid=2754] <will force kill>
  - [pid=2754] exception while trying to kill process: Error: kill ESRCH
  - [pid=2754] <process did exit: exitCode=127, signal=null>
  - [pid=2754] starting temporary directories cleanup
  - [pid=2754] finished temporary directories cleanup
  - [pid=2754] <gracefully close end>",,,,Low,0.0,False,False,False,,failed_fetch_strict_lexical_suspected,,fetch_timeout_or_fetch_failed,hashing_shortlist
283,tran.us,https://tran.us,02-04-2026.csv,TRAN,tran.census.gov.in,0.5333,True,True,False,False,0,0,0,0,0,False,lexical_hit,False,False,False,0,0,0,False,False,tran.us,,0,True,lexical_hit,True,True,True,resolved,accepted,failed,failed,RayTaskError(TargetClosedError),"[36mray::_HashBrowserActorImpl.render()[39m (pid=708, ip=172.19.2.2, actor_id=c8fdda542d9e67d0171c86b701000000, repr=<phishing_pipeline.ray_runtime._HashBrowserActorImpl object at 0x79690ef41340>)
  File ""/usr/lib/python3.12/concurrent/futures/_base.py"", line 449, in result
    return self.__get_result()
           ^^^^^^^^^^^^^^^^^^^
  File ""/usr/lib/python3.12/concurrent/futures/_base.py"", line 401, in __get_result
    raise self._exception
           ^^^^^^^^^^^^^^^^^^^^^^^^^^^^^^^^^^^^^
  File ""/kaggle/working/phishing_ml/phishing_pipeline/ray_runtime.py"", line 666, in render
    await self._ensure_browser()
           ^^^^^^^^^^^^^^^^^^^^^^^^^^^^^^^^^^^^^
  File ""/kaggle/working/phishing_ml/phishing_pipeline/ray_runtime.py"", line 645, in _ensure_browser
    self._browser = await self._playwright.chromium.launch(**launch_kwargs)
                    ^^^^^^^^^^^^^^^^^^^^^^^^^^^^^^^^^^^^^^^^^^^^^^^^^^^^^^^
  File ""/usr/local/lib/python3.12/dist-packages/playwright/async_api/_generated.py"", line 14547, in launch
    await self._impl_obj.launch(
  File ""/usr/local/lib/python3.12/dist-packages/playwright/_impl/_browser_type.py"", line 97, in launch
    await self._channel.send(
  File ""/usr/local/lib/python3.12/dist-packages/playwright/_impl/_connection.py"", line 69, in send
    return await self._connection.wrap_api_call(
           ^^^^^^^^^^^^^^^^^^^^^^^^^^^^^^^^^^^^^
  File ""/usr/local/lib/python3.12/dist-packages/playwright/_impl/_connection.py"", line 559, in wrap_api_call
    raise rewrite_error(error, f""{parsed_st['apiName']}: {error}"") from None
playwright._impl._errors.TargetClosedError: BrowserType.launch: Target page, context or browser has been closed
Browser logs:

<launching> /root/.cache/ms-playwright/chromium_headless_shell-1208/chrome-headless-shell-linux64/chrome-headless-shell --disable-field-trial-config --disable-background-networking --disable-background-timer-throttling --disable-backgrounding-occluded-windows --disable-back-forward-cache --disable-breakpad --disable-client-side-phishing-detection --disable-component-extensions-with-background-pages --disable-component-update --no-default-browser-check --disable-default-apps --disable-dev-shm-usage --disable-extensions --disable-features=AvoidUnnecessaryBeforeUnloadCheckSync,BoundaryEventDispatchTracksNodeRemoval,DestroyProfileOnBrowserClose,DialMediaRouteProvider,GlobalMediaControls,HttpsUpgrades,LensOverlay,MediaRouter,PaintHolding,ThirdPartyStoragePartitioning,Translate,AutoDeElevate,RenderDocument,OptimizationHints --enable-features=CDPScreenshotNewSurface --allow-pre-commit-input --disable-hang-monitor --disable-ipc-flooding-protection --disable-popup-blocking --disable-prompt-on-repost --disable-renderer-backgrounding --force-color-profile=srgb --metrics-recording-only --no-first-run --password-store=basic --use-mock-keychain --no-service-autorun --export-tagged-pdf --disable-search-engine-choice-screen --unsafely-disable-devtools-self-xss-warnings --edge-skip-compat-layer-relaunch --enable-automation --disable-infobars --disable-search-engine-choice-screen --disable-sync --enable-unsafe-swiftshader --headless --hide-scrollbars --mute-audio --blink-settings=primaryHoverType=2,availableHoverTypes=2,primaryPointerType=4,availablePointerTypes=4 --no-sandbox --user-data-dir=/tmp/playwright_chromiumdev_profile-T3x49K --remote-debugging-pipe --no-startup-window
<launched> pid=2772
[pid=2772][err] /root/.cache/ms-playwright/chromium_headless_shell-1208/chrome-headless-shell-linux64/chrome-headless-shell: error while loading shared libraries: libatk-1.0.so.0: cannot open shared object file: No such file or directory
Call log:
  - <launching> /root/.cache/ms-playwright/chromium_headless_shell-1208/chrome-headless-shell-linux64/chrome-headless-shell --disable-field-trial-config --disable-background-networking --disable-background-timer-throttling --disable-backgrounding-occluded-windows --disable-back-forward-cache --disable-breakpad --disable-client-side-phishing-detection --disable-component-extensions-with-background-pages --disable-component-update --no-default-browser-check --disable-default-apps --disable-dev-shm-usage --disable-extensions --disable-features=AvoidUnnecessaryBeforeUnloadCheckSync,BoundaryEventDispatchTracksNodeRemoval,DestroyProfileOnBrowserClose,DialMediaRouteProvider,GlobalMediaControls,HttpsUpgrades,LensOverlay,MediaRouter,PaintHolding,ThirdPartyStoragePartitioning,Translate,AutoDeElevate,RenderDocument,OptimizationHints --enable-features=CDPScreenshotNewSurface --allow-pre-commit-input --disable-hang-monitor --disable-ipc-flooding-protection --disable-popup-blocking --disable-prompt-on-repost --disable-renderer-backgrounding --force-color-profile=srgb --metrics-recording-only --no-first-run --password-store=basic --use-mock-keychain --no-service-autorun --export-tagged-pdf --disable-search-engine-choice-screen --unsafely-disable-devtools-self-xss-warnings --edge-skip-compat-layer-relaunch --enable-automation --disable-infobars --disable-search-engine-choice-screen --disable-sync --enable-unsafe-swiftshader --headless --hide-scrollbars --mute-audio --blink-settings=primaryHoverType=2,availableHoverTypes=2,primaryPointerType=4,availablePointerTypes=4 --no-sandbox --user-data-dir=/tmp/playwright_chromiumdev_profile-T3x49K --remote-debugging-pipe --no-startup-window
  - <launched> pid=2772
  - [pid=2772][err] /root/.cache/ms-playwright/chromium_headless_shell-1208/chrome-headless-shell-linux64/chrome-headless-shell: error while loading shared libraries: libatk-1.0.so.0: cannot open shared object file: No such file or directory
  - [pid=2772] <gracefully close start>
  - [pid=2772] <kill>
  - [pid=2772] <will force kill>
  - [pid=2772] exception while trying to kill process: Error: kill ESRCH
  - [pid=2772] <process did exit: exitCode=127, signal=null>
  - [pid=2772] starting temporary directories cleanup
  - [pid=2772] finished temporary directories cleanup
  - [pid=2772] <gracefully close end>",,,,Low,0.0,False,False,False,,failed_fetch_strict_lexical_suspected,,fetch_timeout_or_fetch_failed,hashing_shortlist
284,amialife.com,https://amialife.com,02-04-2026.csv,Axis Bank,axismaxlife.com,0.8807,True,True,True,False,0,0,0,0,0,False,lexical_hit,False,False,False,0,0,0,False,False,amialife.com,,0,True,lexical_hit,True,True,True,resolved,accepted,failed,failed,RayTaskError(TargetClosedError),"[36mray::_HashBrowserActorImpl.render()[39m (pid=708, ip=172.19.2.2, actor_id=c8fdda542d9e67d0171c86b701000000, repr=<phishing_pipeline.ray_runtime._HashBrowserActorImpl object at 0x79690ef41340>)
  File ""/usr/lib/python3.12/concurrent/futures/_base.py"", line 449, in result
    return self.__get_result()
           ^^^^^^^^^^^^^^^^^^^
  File ""/usr/lib/python3.12/concurrent/futures/_base.py"", line 401, in __get_result
    raise self._exception
           ^^^^^^^^^^^^^^^^^^^^^^^^^^^^^^^^^^^^^
  File ""/kaggle/working/phishing_ml/phishing_pipeline/ray_runtime.py"", line 666, in render
    await self._ensure_browser()
           ^^^^^^^^^^^^^^^^^^^^^^^^^^^^^^^^^^^^^
  File ""/kaggle/working/phishing_ml/phishing_pipeline/ray_runtime.py"", line 645, in _ensure_browser
    self._browser = await self._playwright.chromium.launch(**launch_kwargs)
                    ^^^^^^^^^^^^^^^^^^^^^^^^^^^^^^^^^^^^^^^^^^^^^^^^^^^^^^^
  File ""/usr/local/lib/python3.12/dist-packages/playwright/async_api/_generated.py"", line 14547, in launch
    await self._impl_obj.launch(
  File ""/usr/local/lib/python3.12/dist-packages/playwright/_impl/_browser_type.py"", line 97, in launch
    await self._channel.send(
  File ""/usr/local/lib/python3.12/dist-packages/playwright/_impl/_connection.py"", line 69, in send
    return await self._connection.wrap_api_call(
           ^^^^^^^^^^^^^^^^^^^^^^^^^^^^^^^^^^^^^
  File ""/usr/local/lib/python3.12/dist-packages/playwright/_impl/_connection.py"", line 559, in wrap_api_call
    raise rewrite_error(error, f""{parsed_st['apiName']}: {error}"") from None
playwright._impl._errors.TargetClosedError: BrowserType.launch: Target page, context or browser has been closed
Browser logs:

<launching> /root/.cache/ms-playwright/chromium_headless_shell-1208/chrome-headless-shell-linux64/chrome-headless-shell --disable-field-trial-config --disable-background-networking --disable-background-timer-throttling --disable-backgrounding-occluded-windows --disable-back-forward-cache --disable-breakpad --disable-client-side-phishing-detection --disable-component-extensions-with-background-pages --disable-component-update --no-default-browser-check --disable-default-apps --disable-dev-shm-usage --disable-extensions --disable-features=AvoidUnnecessaryBeforeUnloadCheckSync,BoundaryEventDispatchTracksNodeRemoval,DestroyProfileOnBrowserClose,DialMediaRouteProvider,GlobalMediaControls,HttpsUpgrades,LensOverlay,MediaRouter,PaintHolding,ThirdPartyStoragePartitioning,Translate,AutoDeElevate,RenderDocument,OptimizationHints --enable-features=CDPScreenshotNewSurface --allow-pre-commit-input --disable-hang-monitor --disable-ipc-flooding-protection --disable-popup-blocking --disable-prompt-on-repost --disable-renderer-backgrounding --force-color-profile=srgb --metrics-recording-only --no-first-run --password-store=basic --use-mock-keychain --no-service-autorun --export-tagged-pdf --disable-search-engine-choice-screen --unsafely-disable-devtools-self-xss-warnings --edge-skip-compat-layer-relaunch --enable-automation --disable-infobars --disable-search-engine-choice-screen --disable-sync --enable-unsafe-swiftshader --headless --hide-scrollbars --mute-audio --blink-settings=primaryHoverType=2,availableHoverTypes=2,primaryPointerType=4,availablePointerTypes=4 --no-sandbox --user-data-dir=/tmp/playwright_chromiumdev_profile-JMSdJE --remote-debugging-pipe --no-startup-window
<launched> pid=2784
[pid=2784][err] /root/.cache/ms-playwright/chromium_headless_shell-1208/chrome-headless-shell-linux64/chrome-headless-shell: error while loading shared libraries: libatk-1.0.so.0: cannot open shared object file: No such file or directory
Call log:
  - <launching> /root/.cache/ms-playwright/chromium_headless_shell-1208/chrome-headless-shell-linux64/chrome-headless-shell --disable-field-trial-config --disable-background-networking --disable-background-timer-throttling --disable-backgrounding-occluded-windows --disable-back-forward-cache --disable-breakpad --disable-client-side-phishing-detection --disable-component-extensions-with-background-pages --disable-component-update --no-default-browser-check --disable-default-apps --disable-dev-shm-usage --disable-extensions --disable-features=AvoidUnnecessaryBeforeUnloadCheckSync,BoundaryEventDispatchTracksNodeRemoval,DestroyProfileOnBrowserClose,DialMediaRouteProvider,GlobalMediaControls,HttpsUpgrades,LensOverlay,MediaRouter,PaintHolding,ThirdPartyStoragePartitioning,Translate,AutoDeElevate,RenderDocument,OptimizationHints --enable-features=CDPScreenshotNewSurface --allow-pre-commit-input --disable-hang-monitor --disable-ipc-flooding-protection --disable-popup-blocking --disable-prompt-on-repost --disable-renderer-backgrounding --force-color-profile=srgb --metrics-recording-only --no-first-run --password-store=basic --use-mock-keychain --no-service-autorun --export-tagged-pdf --disable-search-engine-choice-screen --unsafely-disable-devtools-self-xss-warnings --edge-skip-compat-layer-relaunch --enable-automation --disable-infobars --disable-search-engine-choice-screen --disable-sync --enable-unsafe-swiftshader --headless --hide-scrollbars --mute-audio --blink-settings=primaryHoverType=2,availableHoverTypes=2,primaryPointerType=4,availablePointerTypes=4 --no-sandbox --user-data-dir=/tmp/playwright_chromiumdev_profile-JMSdJE --remote-debugging-pipe --no-startup-window
  - <launched> pid=2784
  - [pid=2784][err] /root/.cache/ms-playwright/chromium_headless_shell-1208/chrome-headless-shell-linux64/chrome-headless-shell: error while loading shared libraries: libatk-1.0.so.0: cannot open shared object file: No such file or directory
  - [pid=2784] <gracefully close start>
  - [pid=2784] <kill>
  - [pid=2784] <will force kill>
  - [pid=2784] exception while trying to kill process: Error: kill ESRCH
  - [pid=2784] <process did exit: exitCode=127, signal=null>
  - [pid=2784] starting temporary directories cleanup
  - [pid=2784] finished temporary directories cleanup
  - [pid=2784] <gracefully close end>",,,,Low,0.0,False,False,False,,failed_fetch_strict_lexical_suspected,,fetch_timeout_or_fetch_failed,hashing_shortlist
286,crebit.org,https://crebit.org,02-04-2026.csv,Reserve Bank of India (RBI),rebit.org.in,0.9444,True,True,True,False,0,0,0,0,0,False,lexical_hit,False,False,False,0,0,0,False,False,crebit.org,,0,True,lexical_hit,True,True,True,resolved,accepted,failed,failed,RayTaskError(TargetClosedError),"[36mray::_HashBrowserActorImpl.render()[39m (pid=708, ip=172.19.2.2, actor_id=c8fdda542d9e67d0171c86b701000000, repr=<phishing_pipeline.ray_runtime._HashBrowserActorImpl object at 0x79690ef41340>)
  File ""/usr/lib/python3.12/concurrent/futures/_base.py"", line 449, in result
    return self.__get_result()
           ^^^^^^^^^^^^^^^^^^^
  File ""/usr/lib/python3.12/concurrent/futures/_base.py"", line 401, in __get_result
    raise self._exception
           ^^^^^^^^^^^^^^^^^^^^^^^^^^^^^^^^^^^^^
  File ""/kaggle/working/phishing_ml/phishing_pipeline/ray_runtime.py"", line 666, in render
    await self._ensure_browser()
           ^^^^^^^^^^^^^^^^^^^^^^^^^^^^^^^^^^^^^
  File ""/kaggle/working/phishing_ml/phishing_pipeline/ray_runtime.py"", line 645, in _ensure_browser
    self._browser = await self._playwright.chromium.launch(**launch_kwargs)
                    ^^^^^^^^^^^^^^^^^^^^^^^^^^^^^^^^^^^^^^^^^^^^^^^^^^^^^^^
  File ""/usr/local/lib/python3.12/dist-packages/playwright/async_api/_generated.py"", line 14547, in launch
    await self._impl_obj.launch(
  File ""/usr/local/lib/python3.12/dist-packages/playwright/_impl/_browser_type.py"", line 97, in launch
    await self._channel.send(
  File ""/usr/local/lib/python3.12/dist-packages/playwright/_impl/_connection.py"", line 69, in send
    return await self._connection.wrap_api_call(
           ^^^^^^^^^^^^^^^^^^^^^^^^^^^^^^^^^^^^^
  File ""/usr/local/lib/python3.12/dist-packages/playwright/_impl/_connection.py"", line 559, in wrap_api_call
    raise rewrite_error(error, f""{parsed_st['apiName']}: {error}"") from None
playwright._impl._errors.TargetClosedError: BrowserType.launch: Target page, context or browser has been closed
Browser logs:

<launching> /root/.cache/ms-playwright/chromium_headless_shell-1208/chrome-headless-shell-linux64/chrome-headless-shell --disable-field-trial-config --disable-background-networking --disable-background-timer-throttling --disable-backgrounding-occluded-windows --disable-back-forward-cache --disable-breakpad --disable-client-side-phishing-detection --disable-component-extensions-with-background-pages --disable-component-update --no-default-browser-check --disable-default-apps --disable-dev-shm-usage --disable-extensions --disable-features=AvoidUnnecessaryBeforeUnloadCheckSync,BoundaryEventDispatchTracksNodeRemoval,DestroyProfileOnBrowserClose,DialMediaRouteProvider,GlobalMediaControls,HttpsUpgrades,LensOverlay,MediaRouter,PaintHolding,ThirdPartyStoragePartitioning,Translate,AutoDeElevate,RenderDocument,OptimizationHints --enable-features=CDPScreenshotNewSurface --allow-pre-commit-input --disable-hang-monitor --disable-ipc-flooding-protection --disable-popup-blocking --disable-prompt-on-repost --disable-renderer-backgrounding --force-color-profile=srgb --metrics-recording-only --no-first-run --password-store=basic --use-mock-keychain --no-service-autorun --export-tagged-pdf --disable-search-engine-choice-screen --unsafely-disable-devtools-self-xss-warnings --edge-skip-compat-layer-relaunch --enable-automation --disable-infobars --disable-search-engine-choice-screen --disable-sync --enable-unsafe-swiftshader --headless --hide-scrollbars --mute-audio --blink-settings=primaryHoverType=2,availableHoverTypes=2,primaryPointerType=4,availablePointerTypes=4 --no-sandbox --user-data-dir=/tmp/playwright_chromiumdev_profile-Fx9dJ4 --remote-debugging-pipe --no-startup-window
<launched> pid=2796
[pid=2796][err] /root/.cache/ms-playwright/chromium_headless_shell-1208/chrome-headless-shell-linux64/chrome-headless-shell: error while loading shared libraries: libatk-1.0.so.0: cannot open shared object file: No such file or directory
Call log:
  - <launching> /root/.cache/ms-playwright/chromium_headless_shell-1208/chrome-headless-shell-linux64/chrome-headless-shell --disable-field-trial-config --disable-background-networking --disable-background-timer-throttling --disable-backgrounding-occluded-windows --disable-back-forward-cache --disable-breakpad --disable-client-side-phishing-detection --disable-component-extensions-with-background-pages --disable-component-update --no-default-browser-check --disable-default-apps --disable-dev-shm-usage --disable-extensions --disable-features=AvoidUnnecessaryBeforeUnloadCheckSync,BoundaryEventDispatchTracksNodeRemoval,DestroyProfileOnBrowserClose,DialMediaRouteProvider,GlobalMediaControls,HttpsUpgrades,LensOverlay,MediaRouter,PaintHolding,ThirdPartyStoragePartitioning,Translate,AutoDeElevate,RenderDocument,OptimizationHints --enable-features=CDPScreenshotNewSurface --allow-pre-commit-input --disable-hang-monitor --disable-ipc-flooding-protection --disable-popup-blocking --disable-prompt-on-repost --disable-renderer-backgrounding --force-color-profile=srgb --metrics-recording-only --no-first-run --password-store=basic --use-mock-keychain --no-service-autorun --export-tagged-pdf --disable-search-engine-choice-screen --unsafely-disable-devtools-self-xss-warnings --edge-skip-compat-layer-relaunch --enable-automation --disable-infobars --disable-search-engine-choice-screen --disable-sync --enable-unsafe-swiftshader --headless --hide-scrollbars --mute-audio --blink-settings=primaryHoverType=2,availableHoverTypes=2,primaryPointerType=4,availablePointerTypes=4 --no-sandbox --user-data-dir=/tmp/playwright_chromiumdev_profile-Fx9dJ4 --remote-debugging-pipe --no-startup-window
  - <launched> pid=2796
  - [pid=2796][err] /root/.cache/ms-playwright/chromium_headless_shell-1208/chrome-headless-shell-linux64/chrome-headless-shell: error while loading shared libraries: libatk-1.0.so.0: cannot open shared object file: No such file or directory
  - [pid=2796] <gracefully close start>
  - [pid=2796] <kill>
  - [pid=2796] <will force kill>
  - [pid=2796] exception while trying to kill process: Error: kill ESRCH
  - [pid=2796] <process did exit: exitCode=127, signal=null>
  - [pid=2796] starting temporary directories cleanup
  - [pid=2796] finished temporary directories cleanup
  - [pid=2796] <gracefully close end>",,,,Low,0.0,False,False,False,,failed_fetch_strict_lexical_suspected,,fetch_timeout_or_fetch_failed,hashing_shortlist
298,canadamain.com,https://canadamain.com,02-04-2026.csv,National Health Authority (NHA),abdm.gov.in,0.6833,True,True,False,False,0,0,0,0,0,False,lexical_hit,False,False,False,0,0,0,False,False,canadamain.com,,0,True,lexical_hit,True,True,True,resolved,accepted,failed,failed,RayTaskError(TargetClosedError),"[36mray::_HashBrowserActorImpl.render()[39m (pid=708, ip=172.19.2.2, actor_id=c8fdda542d9e67d0171c86b701000000, repr=<phishing_pipeline.ray_runtime._HashBrowserActorImpl object at 0x79690ef41340>)
  File ""/usr/lib/python3.12/concurrent/futures/_base.py"", line 456, in result
    return self.__get_result()
           ^^^^^^^^^^^^^^^^^^^
  File ""/usr/lib/python3.12/concurrent/futures/_base.py"", line 401, in __get_result
    raise self._exception
           ^^^^^^^^^^^^^^^^^^^^^^^^^^^^^^^^^^^^^
  File ""/kaggle/working/phishing_ml/phishing_pipeline/ray_runtime.py"", line 666, in render
    await self._ensure_browser()
           ^^^^^^^^^^^^^^^^^^^^^^^^^^^^^^^^^^^^^
  File ""/kaggle/working/phishing_ml/phishing_pipeline/ray_runtime.py"", line 645, in _ensure_browser
    self._browser = await self._playwright.chromium.launch(**launch_kwargs)
                    ^^^^^^^^^^^^^^^^^^^^^^^^^^^^^^^^^^^^^^^^^^^^^^^^^^^^^^^
  File ""/usr/local/lib/python3.12/dist-packages/playwright/async_api/_generated.py"", line 14547, in launch
    await self._impl_obj.launch(
  File ""/usr/local/lib/python3.12/dist-packages/playwright/_impl/_browser_type.py"", line 97, in launch
    await self._channel.send(
  File ""/usr/local/lib/python3.12/dist-packages/playwright/_impl/_connection.py"", line 69, in send
    return await self._connection.wrap_api_call(
           ^^^^^^^^^^^^^^^^^^^^^^^^^^^^^^^^^^^^^
  File ""/usr/local/lib/python3.12/dist-packages/playwright/_impl/_connection.py"", line 559, in wrap_api_call
    raise rewrite_error(error, f""{parsed_st['apiName']}: {error}"") from None
playwright._impl._errors.TargetClosedError: BrowserType.launch: Target page, context or browser has been closed
Browser logs:

<launching> /root/.cache/ms-playwright/chromium_headless_shell-1208/chrome-headless-shell-linux64/chrome-headless-shell --disable-field-trial-config --disable-background-networking --disable-background-timer-throttling --disable-backgrounding-occluded-windows --disable-back-forward-cache --disable-breakpad --disable-client-side-phishing-detection --disable-component-extensions-with-background-pages --disable-component-update --no-default-browser-check --disable-default-apps --disable-dev-shm-usage --disable-extensions --disable-features=AvoidUnnecessaryBeforeUnloadCheckSync,BoundaryEventDispatchTracksNodeRemoval,DestroyProfileOnBrowserClose,DialMediaRouteProvider,GlobalMediaControls,HttpsUpgrades,LensOverlay,MediaRouter,PaintHolding,ThirdPartyStoragePartitioning,Translate,AutoDeElevate,RenderDocument,OptimizationHints --enable-features=CDPScreenshotNewSurface --allow-pre-commit-input --disable-hang-monitor --disable-ipc-flooding-protection --disable-popup-blocking --disable-prompt-on-repost --disable-renderer-backgrounding --force-color-profile=srgb --metrics-recording-only --no-first-run --password-store=basic --use-mock-keychain --no-service-autorun --export-tagged-pdf --disable-search-engine-choice-screen --unsafely-disable-devtools-self-xss-warnings --edge-skip-compat-layer-relaunch --enable-automation --disable-infobars --disable-search-engine-choice-screen --disable-sync --enable-unsafe-swiftshader --headless --hide-scrollbars --mute-audio --blink-settings=primaryHoverType=2,availableHoverTypes=2,primaryPointerType=4,availablePointerTypes=4 --no-sandbox --user-data-dir=/tmp/playwright_chromiumdev_profile-v4rrQr --remote-debugging-pipe --no-startup-window
<launched> pid=2811
[pid=2811][err] /root/.cache/ms-playwright/chromium_headless_shell-1208/chrome-headless-shell-linux64/chrome-headless-shell: error while loading shared libraries: libatk-1.0.so.0: cannot open shared object file: No such file or directory
Call log:
  - <launching> /root/.cache/ms-playwright/chromium_headless_shell-1208/chrome-headless-shell-linux64/chrome-headless-shell --disable-field-trial-config --disable-background-networking --disable-background-timer-throttling --disable-backgrounding-occluded-windows --disable-back-forward-cache --disable-breakpad --disable-client-side-phishing-detection --disable-component-extensions-with-background-pages --disable-component-update --no-default-browser-check --disable-default-apps --disable-dev-shm-usage --disable-extensions --disable-features=AvoidUnnecessaryBeforeUnloadCheckSync,BoundaryEventDispatchTracksNodeRemoval,DestroyProfileOnBrowserClose,DialMediaRouteProvider,GlobalMediaControls,HttpsUpgrades,LensOverlay,MediaRouter,PaintHolding,ThirdPartyStoragePartitioning,Translate,AutoDeElevate,RenderDocument,OptimizationHints --enable-features=CDPScreenshotNewSurface --allow-pre-commit-input --disable-hang-monitor --disable-ipc-flooding-protection --disable-popup-blocking --disable-prompt-on-repost --disable-renderer-backgrounding --force-color-profile=srgb --metrics-recording-only --no-first-run --password-store=basic --use-mock-keychain --no-service-autorun --export-tagged-pdf --disable-search-engine-choice-screen --unsafely-disable-devtools-self-xss-warnings --edge-skip-compat-layer-relaunch --enable-automation --disable-infobars --disable-search-engine-choice-screen --disable-sync --enable-unsafe-swiftshader --headless --hide-scrollbars --mute-audio --blink-settings=primaryHoverType=2,availableHoverTypes=2,primaryPointerType=4,availablePointerTypes=4 --no-sandbox --user-data-dir=/tmp/playwright_chromiumdev_profile-v4rrQr --remote-debugging-pipe --no-startup-window
  - <launched> pid=2811
  - [pid=2811][err] /root/.cache/ms-playwright/chromium_headless_shell-1208/chrome-headless-shell-linux64/chrome-headless-shell: error while loading shared libraries: libatk-1.0.so.0: cannot open shared object file: No such file or directory
  - [pid=2811] <gracefully close start>
  - [pid=2811] <kill>
  - [pid=2811] <will force kill>
  - [pid=2811] exception while trying to kill process: Error: kill ESRCH
  - [pid=2811] <process did exit: exitCode=127, signal=null>
  - [pid=2811] starting temporary directories cleanup
  - [pid=2811] finished temporary directories cleanup
  - [pid=2811] <gracefully close end>",,,,Low,0.0,False,False,False,,failed_fetch_strict_lexical_suspected,,fetch_timeout_or_fetch_failed,hashing_shortlist
300,subjio.com,https://subjio.com,02-04-2026.csv,State Bank of India (SBI),sbi.co.in,0.85,True,True,True,False,0,0,0,0,0,False,lexical_hit,False,False,False,0,0,0,False,False,subjio.com,,0,True,lexical_hit,True,True,True,resolved,accepted,failed,failed,RayTaskError(TargetClosedError),"[36mray::_HashBrowserActorImpl.render()[39m (pid=708, ip=172.19.2.2, actor_id=c8fdda542d9e67d0171c86b701000000, repr=<phishing_pipeline.ray_runtime._HashBrowserActorImpl object at 0x79690ef41340>)
  File ""/usr/lib/python3.12/concurrent/futures/_base.py"", line 449, in result
    return self.__get_result()
           ^^^^^^^^^^^^^^^^^^^
  File ""/usr/lib/python3.12/concurrent/futures/_base.py"", line 401, in __get_result
    raise self._exception
           ^^^^^^^^^^^^^^^^^^^^^^^^^^^^^^^^^^^^^
  File ""/kaggle/working/phishing_ml/phishing_pipeline/ray_runtime.py"", line 666, in render
    await self._ensure_browser()
           ^^^^^^^^^^^^^^^^^^^^^^^^^^^^^^^^^^^^^
  File ""/kaggle/working/phishing_ml/phishing_pipeline/ray_runtime.py"", line 645, in _ensure_browser
    self._browser = await self._playwright.chromium.launch(**launch_kwargs)
                    ^^^^^^^^^^^^^^^^^^^^^^^^^^^^^^^^^^^^^^^^^^^^^^^^^^^^^^^
  File ""/usr/local/lib/python3.12/dist-packages/playwright/async_api/_generated.py"", line 14547, in launch
    await self._impl_obj.launch(
  File ""/usr/local/lib/python3.12/dist-packages/playwright/_impl/_browser_type.py"", line 97, in launch
    await self._channel.send(
  File ""/usr/local/lib/python3.12/dist-packages/playwright/_impl/_connection.py"", line 69, in send
    return await self._connection.wrap_api_call(
           ^^^^^^^^^^^^^^^^^^^^^^^^^^^^^^^^^^^^^
  File ""/usr/local/lib/python3.12/dist-packages/playwright/_impl/_connection.py"", line 559, in wrap_api_call
    raise rewrite_error(error, f""{parsed_st['apiName']}: {error}"") from None
playwright._impl._errors.TargetClosedError: BrowserType.launch: Target page, context or browser has been closed
Browser logs:

<launching> /root/.cache/ms-playwright/chromium_headless_shell-1208/chrome-headless-shell-linux64/chrome-headless-shell --disable-field-trial-config --disable-background-networking --disable-background-timer-throttling --disable-backgrounding-occluded-windows --disable-back-forward-cache --disable-breakpad --disable-client-side-phishing-detection --disable-component-extensions-with-background-pages --disable-component-update --no-default-browser-check --disable-default-apps --disable-dev-shm-usage --disable-extensions --disable-features=AvoidUnnecessaryBeforeUnloadCheckSync,BoundaryEventDispatchTracksNodeRemoval,DestroyProfileOnBrowserClose,DialMediaRouteProvider,GlobalMediaControls,HttpsUpgrades,LensOverlay,MediaRouter,PaintHolding,ThirdPartyStoragePartitioning,Translate,AutoDeElevate,RenderDocument,OptimizationHints --enable-features=CDPScreenshotNewSurface --allow-pre-commit-input --disable-hang-monitor --disable-ipc-flooding-protection --disable-popup-blocking --disable-prompt-on-repost --disable-renderer-backgrounding --force-color-profile=srgb --metrics-recording-only --no-first-run --password-store=basic --use-mock-keychain --no-service-autorun --export-tagged-pdf --disable-search-engine-choice-screen --unsafely-disable-devtools-self-xss-warnings --edge-skip-compat-layer-relaunch --enable-automation --disable-infobars --disable-search-engine-choice-screen --disable-sync --enable-unsafe-swiftshader --headless --hide-scrollbars --mute-audio --blink-settings=primaryHoverType=2,availableHoverTypes=2,primaryPointerType=4,availablePointerTypes=4 --no-sandbox --user-data-dir=/tmp/playwright_chromiumdev_profile-ZodXWq --remote-debugging-pipe --no-startup-window
<launched> pid=2887
[pid=2887][err] /root/.cache/ms-playwright/chromium_headless_shell-1208/chrome-headless-shell-linux64/chrome-headless-shell: error while loading shared libraries: libatk-1.0.so.0: cannot open shared object file: No such file or directory
Call log:
  - <launching> /root/.cache/ms-playwright/chromium_headless_shell-1208/chrome-headless-shell-linux64/chrome-headless-shell --disable-field-trial-config --disable-background-networking --disable-background-timer-throttling --disable-backgrounding-occluded-windows --disable-back-forward-cache --disable-breakpad --disable-client-side-phishing-detection --disable-component-extensions-with-background-pages --disable-component-update --no-default-browser-check --disable-default-apps --disable-dev-shm-usage --disable-extensions --disable-features=AvoidUnnecessaryBeforeUnloadCheckSync,BoundaryEventDispatchTracksNodeRemoval,DestroyProfileOnBrowserClose,DialMediaRouteProvider,GlobalMediaControls,HttpsUpgrades,LensOverlay,MediaRouter,PaintHolding,ThirdPartyStoragePartitioning,Translate,AutoDeElevate,RenderDocument,OptimizationHints --enable-features=CDPScreenshotNewSurface --allow-pre-commit-input --disable-hang-monitor --disable-ipc-flooding-protection --disable-popup-blocking --disable-prompt-on-repost --disable-renderer-backgrounding --force-color-profile=srgb --metrics-recording-only --no-first-run --password-store=basic --use-mock-keychain --no-service-autorun --export-tagged-pdf --disable-search-engine-choice-screen --unsafely-disable-devtools-self-xss-warnings --edge-skip-compat-layer-relaunch --enable-automation --disable-infobars --disable-search-engine-choice-screen --disable-sync --enable-unsafe-swiftshader --headless --hide-scrollbars --mute-audio --blink-settings=primaryHoverType=2,availableHoverTypes=2,primaryPointerType=4,availablePointerTypes=4 --no-sandbox --user-data-dir=/tmp/playwright_chromiumdev_profile-ZodXWq --remote-debugging-pipe --no-startup-window
  - <launched> pid=2887
  - [pid=2887][err] /root/.cache/ms-playwright/chromium_headless_shell-1208/chrome-headless-shell-linux64/chrome-headless-shell: error while loading shared libraries: libatk-1.0.so.0: cannot open shared object file: No such file or directory
  - [pid=2887] <gracefully close start>
  - [pid=2887] <kill>
  - [pid=2887] <will force kill>
  - [pid=2887] exception while trying to kill process: Error: kill ESRCH
  - [pid=2887] <process did exit: exitCode=127, signal=null>
  - [pid=2887] starting temporary directories cleanup
  - [pid=2887] finished temporary directories cleanup
  - [pid=2887] <gracefully close end>",,,,Low,0.0,False,False,False,,failed_fetch_strict_lexical_suspected,,fetch_timeout_or_fetch_failed,hashing_shortlist
301,ljiod.com,https://ljiod.com,02-04-2026.csv,Jio,jio.com,0.8667,True,True,True,False,0,0,0,0,0,False,lexical_hit,False,False,False,0,0,0,False,False,ljiod.com,,0,True,lexical_hit,True,True,True,resolved,accepted,failed,failed,RayTaskError(TargetClosedError),"[36mray::_HashBrowserActorImpl.render()[39m (pid=708, ip=172.19.2.2, actor_id=c8fdda542d9e67d0171c86b701000000, repr=<phishing_pipeline.ray_runtime._HashBrowserActorImpl object at 0x79690ef41340>)
  File ""/usr/lib/python3.12/concurrent/futures/_base.py"", line 449, in result
    return self.__get_result()
           ^^^^^^^^^^^^^^^^^^^
  File ""/usr/lib/python3.12/concurrent/futures/_base.py"", line 401, in __get_result
    raise self._exception
           ^^^^^^^^^^^^^^^^^^^^^^^^^^^^^^^^^^^^^
  File ""/kaggle/working/phishing_ml/phishing_pipeline/ray_runtime.py"", line 666, in render
    await self._ensure_browser()
           ^^^^^^^^^^^^^^^^^^^^^^^^^^^^^^^^^^^^^
  File ""/kaggle/working/phishing_ml/phishing_pipeline/ray_runtime.py"", line 645, in _ensure_browser
    self._browser = await self._playwright.chromium.launch(**launch_kwargs)
                    ^^^^^^^^^^^^^^^^^^^^^^^^^^^^^^^^^^^^^^^^^^^^^^^^^^^^^^^
  File ""/usr/local/lib/python3.12/dist-packages/playwright/async_api/_generated.py"", line 14547, in launch
    await self._impl_obj.launch(
  File ""/usr/local/lib/python3.12/dist-packages/playwright/_impl/_browser_type.py"", line 97, in launch
    await self._channel.send(
  File ""/usr/local/lib/python3.12/dist-packages/playwright/_impl/_connection.py"", line 69, in send
    return await self._connection.wrap_api_call(
           ^^^^^^^^^^^^^^^^^^^^^^^^^^^^^^^^^^^^^
  File ""/usr/local/lib/python3.12/dist-packages/playwright/_impl/_connection.py"", line 559, in wrap_api_call
    raise rewrite_error(error, f""{parsed_st['apiName']}: {error}"") from None
playwright._impl._errors.TargetClosedError: BrowserType.launch: Target page, context or browser has been closed
Browser logs:

<launching> /root/.cache/ms-playwright/chromium_headless_shell-1208/chrome-headless-shell-linux64/chrome-headless-shell --disable-field-trial-config --disable-background-networking --disable-background-timer-throttling --disable-backgrounding-occluded-windows --disable-back-forward-cache --disable-breakpad --disable-client-side-phishing-detection --disable-component-extensions-with-background-pages --disable-component-update --no-default-browser-check --disable-default-apps --disable-dev-shm-usage --disable-extensions --disable-features=AvoidUnnecessaryBeforeUnloadCheckSync,BoundaryEventDispatchTracksNodeRemoval,DestroyProfileOnBrowserClose,DialMediaRouteProvider,GlobalMediaControls,HttpsUpgrades,LensOverlay,MediaRouter,PaintHolding,ThirdPartyStoragePartitioning,Translate,AutoDeElevate,RenderDocument,OptimizationHints --enable-features=CDPScreenshotNewSurface --allow-pre-commit-input --disable-hang-monitor --disable-ipc-flooding-protection --disable-popup-blocking --disable-prompt-on-repost --disable-renderer-backgrounding --force-color-profile=srgb --metrics-recording-only --no-first-run --password-store=basic --use-mock-keychain --no-service-autorun --export-tagged-pdf --disable-search-engine-choice-screen --unsafely-disable-devtools-self-xss-warnings --edge-skip-compat-layer-relaunch --enable-automation --disable-infobars --disable-search-engine-choice-screen --disable-sync --enable-unsafe-swiftshader --headless --hide-scrollbars --mute-audio --blink-settings=primaryHoverType=2,availableHoverTypes=2,primaryPointerType=4,availablePointerTypes=4 --no-sandbox --user-data-dir=/tmp/playwright_chromiumdev_profile-Mg36fg --remote-debugging-pipe --no-startup-window
<launched> pid=2901
[pid=2901][err] /root/.cache/ms-playwright/chromium_headless_shell-1208/chrome-headless-shell-linux64/chrome-headless-shell: error while loading shared libraries: libatk-1.0.so.0: cannot open shared object file: No such file or directory
Call log:
  - <launching> /root/.cache/ms-playwright/chromium_headless_shell-1208/chrome-headless-shell-linux64/chrome-headless-shell --disable-field-trial-config --disable-background-networking --disable-background-timer-throttling --disable-backgrounding-occluded-windows --disable-back-forward-cache --disable-breakpad --disable-client-side-phishing-detection --disable-component-extensions-with-background-pages --disable-component-update --no-default-browser-check --disable-default-apps --disable-dev-shm-usage --disable-extensions --disable-features=AvoidUnnecessaryBeforeUnloadCheckSync,BoundaryEventDispatchTracksNodeRemoval,DestroyProfileOnBrowserClose,DialMediaRouteProvider,GlobalMediaControls,HttpsUpgrades,LensOverlay,MediaRouter,PaintHolding,ThirdPartyStoragePartitioning,Translate,AutoDeElevate,RenderDocument,OptimizationHints --enable-features=CDPScreenshotNewSurface --allow-pre-commit-input --disable-hang-monitor --disable-ipc-flooding-protection --disable-popup-blocking --disable-prompt-on-repost --disable-renderer-backgrounding --force-color-profile=srgb --metrics-recording-only --no-first-run --password-store=basic --use-mock-keychain --no-service-autorun --export-tagged-pdf --disable-search-engine-choice-screen --unsafely-disable-devtools-self-xss-warnings --edge-skip-compat-layer-relaunch --enable-automation --disable-infobars --disable-search-engine-choice-screen --disable-sync --enable-unsafe-swiftshader --headless --hide-scrollbars --mute-audio --blink-settings=primaryHoverType=2,availableHoverTypes=2,primaryPointerType=4,availablePointerTypes=4 --no-sandbox --user-data-dir=/tmp/playwright_chromiumdev_profile-Mg36fg --remote-debugging-pipe --no-startup-window
  - <launched> pid=2901
  - [pid=2901][err] /root/.cache/ms-playwright/chromium_headless_shell-1208/chrome-headless-shell-linux64/chrome-headless-shell: error while loading shared libraries: libatk-1.0.so.0: cannot open shared object file: No such file or directory
  - [pid=2901] <gracefully close start>
  - [pid=2901] <kill>
  - [pid=2901] <will force kill>
  - [pid=2901] exception while trying to kill process: Error: kill ESRCH
  - [pid=2901] <process did exit: exitCode=127, signal=null>
  - [pid=2901] starting temporary directories cleanup
  - [pid=2901] finished temporary directories cleanup
  - [pid=2901] <gracefully close end>",,,,Low,0.0,False,False,False,,failed_fetch_strict_lexical_suspected,,fetch_timeout_or_fetch_failed,hashing_shortlist
303,drebit.net,https://drebit.net,02-04-2026.csv,Reserve Bank of India (RBI),rebit.org.in,0.9444,True,True,True,False,0,0,0,0,0,False,lexical_hit,False,False,False,0,0,0,False,False,drebit.net,,0,True,lexical_hit,True,True,True,resolved,accepted,failed,failed,RayTaskError(TargetClosedError),"[36mray::_HashBrowserActorImpl.render()[39m (pid=708, ip=172.19.2.2, actor_id=c8fdda542d9e67d0171c86b701000000, repr=<phishing_pipeline.ray_runtime._HashBrowserActorImpl object at 0x79690ef41340>)
  File ""/usr/lib/python3.12/concurrent/futures/_base.py"", line 449, in result
    return self.__get_result()
           ^^^^^^^^^^^^^^^^^^^
  File ""/usr/lib/python3.12/concurrent/futures/_base.py"", line 401, in __get_result
    raise self._exception
           ^^^^^^^^^^^^^^^^^^^^^^^^^^^^^^^^^^^^^
  File ""/kaggle/working/phishing_ml/phishing_pipeline/ray_runtime.py"", line 666, in render
    await self._ensure_browser()
           ^^^^^^^^^^^^^^^^^^^^^^^^^^^^^^^^^^^^^
  File ""/kaggle/working/phishing_ml/phishing_pipeline/ray_runtime.py"", line 645, in _ensure_browser
    self._browser = await self._playwright.chromium.launch(**launch_kwargs)
                    ^^^^^^^^^^^^^^^^^^^^^^^^^^^^^^^^^^^^^^^^^^^^^^^^^^^^^^^
  File ""/usr/local/lib/python3.12/dist-packages/playwright/async_api/_generated.py"", line 14547, in launch
    await self._impl_obj.launch(
  File ""/usr/local/lib/python3.12/dist-packages/playwright/_impl/_browser_type.py"", line 97, in launch
    await self._channel.send(
  File ""/usr/local/lib/python3.12/dist-packages/playwright/_impl/_connection.py"", line 69, in send
    return await self._connection.wrap_api_call(
           ^^^^^^^^^^^^^^^^^^^^^^^^^^^^^^^^^^^^^
  File ""/usr/local/lib/python3.12/dist-packages/playwright/_impl/_connection.py"", line 559, in wrap_api_call
    raise rewrite_error(error, f""{parsed_st['apiName']}: {error}"") from None
playwright._impl._errors.TargetClosedError: BrowserType.launch: Target page, context or browser has been closed
Browser logs:

<launching> /root/.cache/ms-playwright/chromium_headless_shell-1208/chrome-headless-shell-linux64/chrome-headless-shell --disable-field-trial-config --disable-background-networking --disable-background-timer-throttling --disable-backgrounding-occluded-windows --disable-back-forward-cache --disable-breakpad --disable-client-side-phishing-detection --disable-component-extensions-with-background-pages --disable-component-update --no-default-browser-check --disable-default-apps --disable-dev-shm-usage --disable-extensions --disable-features=AvoidUnnecessaryBeforeUnloadCheckSync,BoundaryEventDispatchTracksNodeRemoval,DestroyProfileOnBrowserClose,DialMediaRouteProvider,GlobalMediaControls,HttpsUpgrades,LensOverlay,MediaRouter,PaintHolding,ThirdPartyStoragePartitioning,Translate,AutoDeElevate,RenderDocument,OptimizationHints --enable-features=CDPScreenshotNewSurface --allow-pre-commit-input --disable-hang-monitor --disable-ipc-flooding-protection --disable-popup-blocking --disable-prompt-on-repost --disable-renderer-backgrounding --force-color-profile=srgb --metrics-recording-only --no-first-run --password-store=basic --use-mock-keychain --no-service-autorun --export-tagged-pdf --disable-search-engine-choice-screen --unsafely-disable-devtools-self-xss-warnings --edge-skip-compat-layer-relaunch --enable-automation --disable-infobars --disable-search-engine-choice-screen --disable-sync --enable-unsafe-swiftshader --headless --hide-scrollbars --mute-audio --blink-settings=primaryHoverType=2,availableHoverTypes=2,primaryPointerType=4,availablePointerTypes=4 --no-sandbox --user-data-dir=/tmp/playwright_chromiumdev_profile-AGbiyQ --remote-debugging-pipe --no-startup-window
<launched> pid=2915
[pid=2915][err] /root/.cache/ms-playwright/chromium_headless_shell-1208/chrome-headless-shell-linux64/chrome-headless-shell: error while loading shared libraries: libatk-1.0.so.0: cannot open shared object file: No such file or directory
Call log:
  - <launching> /root/.cache/ms-playwright/chromium_headless_shell-1208/chrome-headless-shell-linux64/chrome-headless-shell --disable-field-trial-config --disable-background-networking --disable-background-timer-throttling --disable-backgrounding-occluded-windows --disable-back-forward-cache --disable-breakpad --disable-client-side-phishing-detection --disable-component-extensions-with-background-pages --disable-component-update --no-default-browser-check --disable-default-apps --disable-dev-shm-usage --disable-extensions --disable-features=AvoidUnnecessaryBeforeUnloadCheckSync,BoundaryEventDispatchTracksNodeRemoval,DestroyProfileOnBrowserClose,DialMediaRouteProvider,GlobalMediaControls,HttpsUpgrades,LensOverlay,MediaRouter,PaintHolding,ThirdPartyStoragePartitioning,Translate,AutoDeElevate,RenderDocument,OptimizationHints --enable-features=CDPScreenshotNewSurface --allow-pre-commit-input --disable-hang-monitor --disable-ipc-flooding-protection --disable-popup-blocking --disable-prompt-on-repost --disable-renderer-backgrounding --force-color-profile=srgb --metrics-recording-only --no-first-run --password-store=basic --use-mock-keychain --no-service-autorun --export-tagged-pdf --disable-search-engine-choice-screen --unsafely-disable-devtools-self-xss-warnings --edge-skip-compat-layer-relaunch --enable-automation --disable-infobars --disable-search-engine-choice-screen --disable-sync --enable-unsafe-swiftshader --headless --hide-scrollbars --mute-audio --blink-settings=primaryHoverType=2,availableHoverTypes=2,primaryPointerType=4,availablePointerTypes=4 --no-sandbox --user-data-dir=/tmp/playwright_chromiumdev_profile-AGbiyQ --remote-debugging-pipe --no-startup-window
  - <launched> pid=2915
  - [pid=2915][err] /root/.cache/ms-playwright/chromium_headless_shell-1208/chrome-headless-shell-linux64/chrome-headless-shell: error while loading shared libraries: libatk-1.0.so.0: cannot open shared object file: No such file or directory
  - [pid=2915] <gracefully close start>
  - [pid=2915] <kill>
  - [pid=2915] <will force kill>
  - [pid=2915] exception while trying to kill process: Error: kill ESRCH
  - [pid=2915] <process did exit: exitCode=127, signal=null>
  - [pid=2915] starting temporary directories cleanup
  - [pid=2915] finished temporary directories cleanup
  - [pid=2915] <gracefully close end>",,,,Low,0.0,False,False,False,,failed_fetch_strict_lexical_suspected,,fetch_timeout_or_fetch_failed,hashing_shortlist
308,fintechfi.com,https://fintechfi.com,02-04-2026.csv,Kfintech,kfintech.com,0.8843,True,True,True,False,0,0,0,0,0,False,lexical_hit,False,False,False,0,0,0,False,False,fintechfi.com,,0,True,lexical_hit,True,True,True,resolved,accepted,failed,failed,RayTaskError(TargetClosedError),"[36mray::_HashBrowserActorImpl.render()[39m (pid=708, ip=172.19.2.2, actor_id=c8fdda542d9e67d0171c86b701000000, repr=<phishing_pipeline.ray_runtime._HashBrowserActorImpl object at 0x79690ef41340>)
  File ""/usr/lib/python3.12/concurrent/futures/_base.py"", line 449, in result
    return self.__get_result()
           ^^^^^^^^^^^^^^^^^^^
  File ""/usr/lib/python3.12/concurrent/futures/_base.py"", line 401, in __get_result
    raise self._exception
           ^^^^^^^^^^^^^^^^^^^^^^^^^^^^^^^^^^^^^
  File ""/kaggle/working/phishing_ml/phishing_pipeline/ray_runtime.py"", line 666, in render
    await self._ensure_browser()
           ^^^^^^^^^^^^^^^^^^^^^^^^^^^^^^^^^^^^^
  File ""/kaggle/working/phishing_ml/phishing_pipeline/ray_runtime.py"", line 645, in _ensure_browser
    self._browser = await self._playwright.chromium.launch(**launch_kwargs)
                    ^^^^^^^^^^^^^^^^^^^^^^^^^^^^^^^^^^^^^^^^^^^^^^^^^^^^^^^
  File ""/usr/local/lib/python3.12/dist-packages/playwright/async_api/_generated.py"", line 14547, in launch
    await self._impl_obj.launch(
  File ""/usr/local/lib/python3.12/dist-packages/playwright/_impl/_browser_type.py"", line 97, in launch
    await self._channel.send(
  File ""/usr/local/lib/python3.12/dist-packages/playwright/_impl/_connection.py"", line 69, in send
    return await self._connection.wrap_api_call(
           ^^^^^^^^^^^^^^^^^^^^^^^^^^^^^^^^^^^^^
  File ""/usr/local/lib/python3.12/dist-packages/playwright/_impl/_connection.py"", line 559, in wrap_api_call
    raise rewrite_error(error, f""{parsed_st['apiName']}: {error}"") from None
playwright._impl._errors.TargetClosedError: BrowserType.launch: Target page, context or browser has been closed
Browser logs:

<launching> /root/.cache/ms-playwright/chromium_headless_shell-1208/chrome-headless-shell-linux64/chrome-headless-shell --disable-field-trial-config --disable-background-networking --disable-background-timer-throttling --disable-backgrounding-occluded-windows --disable-back-forward-cache --disable-breakpad --disable-client-side-phishing-detection --disable-component-extensions-with-background-pages --disable-component-update --no-default-browser-check --disable-default-apps --disable-dev-shm-usage --disable-extensions --disable-features=AvoidUnnecessaryBeforeUnloadCheckSync,BoundaryEventDispatchTracksNodeRemoval,DestroyProfileOnBrowserClose,DialMediaRouteProvider,GlobalMediaControls,HttpsUpgrades,LensOverlay,MediaRouter,PaintHolding,ThirdPartyStoragePartitioning,Translate,AutoDeElevate,RenderDocument,OptimizationHints --enable-features=CDPScreenshotNewSurface --allow-pre-commit-input --disable-hang-monitor --disable-ipc-flooding-protection --disable-popup-blocking --disable-prompt-on-repost --disable-renderer-backgrounding --force-color-profile=srgb --metrics-recording-only --no-first-run --password-store=basic --use-mock-keychain --no-service-autorun --export-tagged-pdf --disable-search-engine-choice-screen --unsafely-disable-devtools-self-xss-warnings --edge-skip-compat-layer-relaunch --enable-automation --disable-infobars --disable-search-engine-choice-screen --disable-sync --enable-unsafe-swiftshader --headless --hide-scrollbars --mute-audio --blink-settings=primaryHoverType=2,availableHoverTypes=2,primaryPointerType=4,availablePointerTypes=4 --no-sandbox --user-data-dir=/tmp/playwright_chromiumdev_profile-NhLAtk --remote-debugging-pipe --no-startup-window
<launched> pid=2927
[pid=2927][err] /root/.cache/ms-playwright/chromium_headless_shell-1208/chrome-headless-shell-linux64/chrome-headless-shell: error while loading shared libraries: libatk-1.0.so.0: cannot open shared object file: No such file or directory
Call log:
  - <launching> /root/.cache/ms-playwright/chromium_headless_shell-1208/chrome-headless-shell-linux64/chrome-headless-shell --disable-field-trial-config --disable-background-networking --disable-background-timer-throttling --disable-backgrounding-occluded-windows --disable-back-forward-cache --disable-breakpad --disable-client-side-phishing-detection --disable-component-extensions-with-background-pages --disable-component-update --no-default-browser-check --disable-default-apps --disable-dev-shm-usage --disable-extensions --disable-features=AvoidUnnecessaryBeforeUnloadCheckSync,BoundaryEventDispatchTracksNodeRemoval,DestroyProfileOnBrowserClose,DialMediaRouteProvider,GlobalMediaControls,HttpsUpgrades,LensOverlay,MediaRouter,PaintHolding,ThirdPartyStoragePartitioning,Translate,AutoDeElevate,RenderDocument,OptimizationHints --enable-features=CDPScreenshotNewSurface --allow-pre-commit-input --disable-hang-monitor --disable-ipc-flooding-protection --disable-popup-blocking --disable-prompt-on-repost --disable-renderer-backgrounding --force-color-profile=srgb --metrics-recording-only --no-first-run --password-store=basic --use-mock-keychain --no-service-autorun --export-tagged-pdf --disable-search-engine-choice-screen --unsafely-disable-devtools-self-xss-warnings --edge-skip-compat-layer-relaunch --enable-automation --disable-infobars --disable-search-engine-choice-screen --disable-sync --enable-unsafe-swiftshader --headless --hide-scrollbars --mute-audio --blink-settings=primaryHoverType=2,availableHoverTypes=2,primaryPointerType=4,availablePointerTypes=4 --no-sandbox --user-data-dir=/tmp/playwright_chromiumdev_profile-NhLAtk --remote-debugging-pipe --no-startup-window
  - <launched> pid=2927
  - [pid=2927][err] /root/.cache/ms-playwright/chromium_headless_shell-1208/chrome-headless-shell-linux64/chrome-headless-shell: error while loading shared libraries: libatk-1.0.so.0: cannot open shared object file: No such file or directory
  - [pid=2927] <gracefully close start>
  - [pid=2927] <kill>
  - [pid=2927] <will force kill>
  - [pid=2927] exception while trying to kill process: Error: kill ESRCH
  - [pid=2927] <process did exit: exitCode=127, signal=null>
  - [pid=2927] starting temporary directories cleanup
  - [pid=2927] finished temporary directories cleanup
  - [pid=2927] <gracefully close end>",,,,Low,0.0,False,False,False,,failed_fetch_strict_lexical_suspected,,fetch_timeout_or_fetch_failed,hashing_shortlist
312,airgoexpress.com,https://airgoexpress.com,02-04-2026.csv,Air India,airindiaexpress.com,0.8833,True,True,True,False,0,0,0,0,0,False,lexical_hit,False,False,False,0,0,0,False,False,airgoexpress.com,,0,True,lexical_hit,True,True,True,resolved,accepted,failed,failed,RayTaskError(TargetClosedError),"[36mray::_HashBrowserActorImpl.render()[39m (pid=708, ip=172.19.2.2, actor_id=c8fdda542d9e67d0171c86b701000000, repr=<phishing_pipeline.ray_runtime._HashBrowserActorImpl object at 0x79690ef41340>)
  File ""/usr/lib/python3.12/concurrent/futures/_base.py"", line 449, in result
    return self.__get_result()
           ^^^^^^^^^^^^^^^^^^^
  File ""/usr/lib/python3.12/concurrent/futures/_base.py"", line 401, in __get_result
    raise self._exception
           ^^^^^^^^^^^^^^^^^^^^^^^^^^^^^^^^^^^^^
  File ""/kaggle/working/phishing_ml/phishing_pipeline/ray_runtime.py"", line 666, in render
    await self._ensure_browser()
           ^^^^^^^^^^^^^^^^^^^^^^^^^^^^^^^^^^^^^
  File ""/kaggle/working/phishing_ml/phishing_pipeline/ray_runtime.py"", line 645, in _ensure_browser
    self._browser = await self._playwright.chromium.launch(**launch_kwargs)
                    ^^^^^^^^^^^^^^^^^^^^^^^^^^^^^^^^^^^^^^^^^^^^^^^^^^^^^^^
  File ""/usr/local/lib/python3.12/dist-packages/playwright/async_api/_generated.py"", line 14547, in launch
    await self._impl_obj.launch(
  File ""/usr/local/lib/python3.12/dist-packages/playwright/_impl/_browser_type.py"", line 97, in launch
    await self._channel.send(
  File ""/usr/local/lib/python3.12/dist-packages/playwright/_impl/_connection.py"", line 69, in send
    return await self._connection.wrap_api_call(
           ^^^^^^^^^^^^^^^^^^^^^^^^^^^^^^^^^^^^^
  File ""/usr/local/lib/python3.12/dist-packages/playwright/_impl/_connection.py"", line 559, in wrap_api_call
    raise rewrite_error(error, f""{parsed_st['apiName']}: {error}"") from None
playwright._impl._errors.TargetClosedError: BrowserType.launch: Target page, context or browser has been closed
Browser logs:

<launching> /root/.cache/ms-playwright/chromium_headless_shell-1208/chrome-headless-shell-linux64/chrome-headless-shell --disable-field-trial-config --disable-background-networking --disable-background-timer-throttling --disable-backgrounding-occluded-windows --disable-back-forward-cache --disable-breakpad --disable-client-side-phishing-detection --disable-component-extensions-with-background-pages --disable-component-update --no-default-browser-check --disable-default-apps --disable-dev-shm-usage --disable-extensions --disable-features=AvoidUnnecessaryBeforeUnloadCheckSync,BoundaryEventDispatchTracksNodeRemoval,DestroyProfileOnBrowserClose,DialMediaRouteProvider,GlobalMediaControls,HttpsUpgrades,LensOverlay,MediaRouter,PaintHolding,ThirdPartyStoragePartitioning,Translate,AutoDeElevate,RenderDocument,OptimizationHints --enable-features=CDPScreenshotNewSurface --allow-pre-commit-input --disable-hang-monitor --disable-ipc-flooding-protection --disable-popup-blocking --disable-prompt-on-repost --disable-renderer-backgrounding --force-color-profile=srgb --metrics-recording-only --no-first-run --password-store=basic --use-mock-keychain --no-service-autorun --export-tagged-pdf --disable-search-engine-choice-screen --unsafely-disable-devtools-self-xss-warnings --edge-skip-compat-layer-relaunch --enable-automation --disable-infobars --disable-search-engine-choice-screen --disable-sync --enable-unsafe-swiftshader --headless --hide-scrollbars --mute-audio --blink-settings=primaryHoverType=2,availableHoverTypes=2,primaryPointerType=4,availablePointerTypes=4 --no-sandbox --user-data-dir=/tmp/playwright_chromiumdev_profile-NkdPUp --remote-debugging-pipe --no-startup-window
<launched> pid=2939
[pid=2939][err] /root/.cache/ms-playwright/chromium_headless_shell-1208/chrome-headless-shell-linux64/chrome-headless-shell: error while loading shared libraries: libatk-1.0.so.0: cannot open shared object file: No such file or directory
Call log:
  - <launching> /root/.cache/ms-playwright/chromium_headless_shell-1208/chrome-headless-shell-linux64/chrome-headless-shell --disable-field-trial-config --disable-background-networking --disable-background-timer-throttling --disable-backgrounding-occluded-windows --disable-back-forward-cache --disable-breakpad --disable-client-side-phishing-detection --disable-component-extensions-with-background-pages --disable-component-update --no-default-browser-check --disable-default-apps --disable-dev-shm-usage --disable-extensions --disable-features=AvoidUnnecessaryBeforeUnloadCheckSync,BoundaryEventDispatchTracksNodeRemoval,DestroyProfileOnBrowserClose,DialMediaRouteProvider,GlobalMediaControls,HttpsUpgrades,LensOverlay,MediaRouter,PaintHolding,ThirdPartyStoragePartitioning,Translate,AutoDeElevate,RenderDocument,OptimizationHints --enable-features=CDPScreenshotNewSurface --allow-pre-commit-input --disable-hang-monitor --disable-ipc-flooding-protection --disable-popup-blocking --disable-prompt-on-repost --disable-renderer-backgrounding --force-color-profile=srgb --metrics-recording-only --no-first-run --password-store=basic --use-mock-keychain --no-service-autorun --export-tagged-pdf --disable-search-engine-choice-screen --unsafely-disable-devtools-self-xss-warnings --edge-skip-compat-layer-relaunch --enable-automation --disable-infobars --disable-search-engine-choice-screen --disable-sync --enable-unsafe-swiftshader --headless --hide-scrollbars --mute-audio --blink-settings=primaryHoverType=2,availableHoverTypes=2,primaryPointerType=4,availablePointerTypes=4 --no-sandbox --user-data-dir=/tmp/playwright_chromiumdev_profile-NkdPUp --remote-debugging-pipe --no-startup-window
  - <launched> pid=2939
  - [pid=2939][err] /root/.cache/ms-playwright/chromium_headless_shell-1208/chrome-headless-shell-linux64/chrome-headless-shell: error while loading shared libraries: libatk-1.0.so.0: cannot open shared object file: No such file or directory
  - [pid=2939] <gracefully close start>
  - [pid=2939] <kill>
  - [pid=2939] <will force kill>
  - [pid=2939] exception while trying to kill process: Error: kill ESRCH
  - [pid=2939] <process did exit: exitCode=127, signal=null>
  - [pid=2939] starting temporary directories cleanup
  - [pid=2939] finished temporary directories cleanup
  - [pid=2939] <gracefully close end>",,,,Low,0.0,False,False,False,,failed_fetch_strict_lexical_suspected,,fetch_timeout_or_fetch_failed,hashing_shortlist
316,acsronline.com,https://acsronline.com,02-04-2026.csv,Computer Age Management Services Ltd. (CAMS),camsonline.com,0.8963,True,True,True,False,0,0,0,0,0,False,lexical_hit,False,False,False,0,0,0,False,False,acsronline.com,,0,True,lexical_hit,True,True,True,resolved,accepted,failed,failed,RayTaskError(TargetClosedError),"[36mray::_HashBrowserActorImpl.render()[39m (pid=708, ip=172.19.2.2, actor_id=c8fdda542d9e67d0171c86b701000000, repr=<phishing_pipeline.ray_runtime._HashBrowserActorImpl object at 0x79690ef41340>)
  File ""/usr/lib/python3.12/concurrent/futures/_base.py"", line 449, in result
    return self.__get_result()
           ^^^^^^^^^^^^^^^^^^^
  File ""/usr/lib/python3.12/concurrent/futures/_base.py"", line 401, in __get_result
    raise self._exception
           ^^^^^^^^^^^^^^^^^^^^^^^^^^^^^^^^^^^^^
  File ""/kaggle/working/phishing_ml/phishing_pipeline/ray_runtime.py"", line 666, in render
    await self._ensure_browser()
           ^^^^^^^^^^^^^^^^^^^^^^^^^^^^^^^^^^^^^
  File ""/kaggle/working/phishing_ml/phishing_pipeline/ray_runtime.py"", line 645, in _ensure_browser
    self._browser = await self._playwright.chromium.launch(**launch_kwargs)
                    ^^^^^^^^^^^^^^^^^^^^^^^^^^^^^^^^^^^^^^^^^^^^^^^^^^^^^^^
  File ""/usr/local/lib/python3.12/dist-packages/playwright/async_api/_generated.py"", line 14547, in launch
    await self._impl_obj.launch(
  File ""/usr/local/lib/python3.12/dist-packages/playwright/_impl/_browser_type.py"", line 97, in launch
    await self._channel.send(
  File ""/usr/local/lib/python3.12/dist-packages/playwright/_impl/_connection.py"", line 69, in send
    return await self._connection.wrap_api_call(
           ^^^^^^^^^^^^^^^^^^^^^^^^^^^^^^^^^^^^^
  File ""/usr/local/lib/python3.12/dist-packages/playwright/_impl/_connection.py"", line 559, in wrap_api_call
    raise rewrite_error(error, f""{parsed_st['apiName']}: {error}"") from None
playwright._impl._errors.TargetClosedError: BrowserType.launch: Target page, context or browser has been closed
Browser logs:

<launching> /root/.cache/ms-playwright/chromium_headless_shell-1208/chrome-headless-shell-linux64/chrome-headless-shell --disable-field-trial-config --disable-background-networking --disable-background-timer-throttling --disable-backgrounding-occluded-windows --disable-back-forward-cache --disable-breakpad --disable-client-side-phishing-detection --disable-component-extensions-with-background-pages --disable-component-update --no-default-browser-check --disable-default-apps --disable-dev-shm-usage --disable-extensions --disable-features=AvoidUnnecessaryBeforeUnloadCheckSync,BoundaryEventDispatchTracksNodeRemoval,DestroyProfileOnBrowserClose,DialMediaRouteProvider,GlobalMediaControls,HttpsUpgrades,LensOverlay,MediaRouter,PaintHolding,ThirdPartyStoragePartitioning,Translate,AutoDeElevate,RenderDocument,OptimizationHints --enable-features=CDPScreenshotNewSurface --allow-pre-commit-input --disable-hang-monitor --disable-ipc-flooding-protection --disable-popup-blocking --disable-prompt-on-repost --disable-renderer-backgrounding --force-color-profile=srgb --metrics-recording-only --no-first-run --password-store=basic --use-mock-keychain --no-service-autorun --export-tagged-pdf --disable-search-engine-choice-screen --unsafely-disable-devtools-self-xss-warnings --edge-skip-compat-layer-relaunch --enable-automation --disable-infobars --disable-search-engine-choice-screen --disable-sync --enable-unsafe-swiftshader --headless --hide-scrollbars --mute-audio --blink-settings=primaryHoverType=2,availableHoverTypes=2,primaryPointerType=4,availablePointerTypes=4 --no-sandbox --user-data-dir=/tmp/playwright_chromiumdev_profile-XnuH59 --remote-debugging-pipe --no-startup-window
<launched> pid=2957
[pid=2957][err] /root/.cache/ms-playwright/chromium_headless_shell-1208/chrome-headless-shell-linux64/chrome-headless-shell: error while loading shared libraries: libatk-1.0.so.0: cannot open shared object file: No such file or directory
Call log:
  - <launching> /root/.cache/ms-playwright/chromium_headless_shell-1208/chrome-headless-shell-linux64/chrome-headless-shell --disable-field-trial-config --disable-background-networking --disable-background-timer-throttling --disable-backgrounding-occluded-windows --disable-back-forward-cache --disable-breakpad --disable-client-side-phishing-detection --disable-component-extensions-with-background-pages --disable-component-update --no-default-browser-check --disable-default-apps --disable-dev-shm-usage --disable-extensions --disable-features=AvoidUnnecessaryBeforeUnloadCheckSync,BoundaryEventDispatchTracksNodeRemoval,DestroyProfileOnBrowserClose,DialMediaRouteProvider,GlobalMediaControls,HttpsUpgrades,LensOverlay,MediaRouter,PaintHolding,ThirdPartyStoragePartitioning,Translate,AutoDeElevate,RenderDocument,OptimizationHints --enable-features=CDPScreenshotNewSurface --allow-pre-commit-input --disable-hang-monitor --disable-ipc-flooding-protection --disable-popup-blocking --disable-prompt-on-repost --disable-renderer-backgrounding --force-color-profile=srgb --metrics-recording-only --no-first-run --password-store=basic --use-mock-keychain --no-service-autorun --export-tagged-pdf --disable-search-engine-choice-screen --unsafely-disable-devtools-self-xss-warnings --edge-skip-compat-layer-relaunch --enable-automation --disable-infobars --disable-search-engine-choice-screen --disable-sync --enable-unsafe-swiftshader --headless --hide-scrollbars --mute-audio --blink-settings=primaryHoverType=2,availableHoverTypes=2,primaryPointerType=4,availablePointerTypes=4 --no-sandbox --user-data-dir=/tmp/playwright_chromiumdev_profile-XnuH59 --remote-debugging-pipe --no-startup-window
  - <launched> pid=2957
  - [pid=2957][err] /root/.cache/ms-playwright/chromium_headless_shell-1208/chrome-headless-shell-linux64/chrome-headless-shell: error while loading shared libraries: libatk-1.0.so.0: cannot open shared object file: No such file or directory
  - [pid=2957] <gracefully close start>
  - [pid=2957] <kill>
  - [pid=2957] <will force kill>
  - [pid=2957] exception while trying to kill process: Error: kill ESRCH
  - [pid=2957] <process did exit: exitCode=127, signal=null>
  - [pid=2957] starting temporary directories cleanup
  - [pid=2957] finished temporary directories cleanup
  - [pid=2957] <gracefully close end>",,,,Low,0.0,False,False,False,,failed_fetch_strict_lexical_suspected,,fetch_timeout_or_fetch_failed,hashing_shortlist
317,design-axis.com,https://design-axis.com,02-04-2026.csv,Axis Bank,axismaxlife.com,0.5697,True,True,False,False,0,0,0,0,0,False,lexical_hit,False,False,False,0,0,0,False,False,design-axis.com,,0,True,lexical_hit,True,True,True,resolved,accepted,failed,failed,RayTaskError(TargetClosedError),"[36mray::_HashBrowserActorImpl.render()[39m (pid=708, ip=172.19.2.2, actor_id=c8fdda542d9e67d0171c86b701000000, repr=<phishing_pipeline.ray_runtime._HashBrowserActorImpl object at 0x79690ef41340>)
  File ""/usr/lib/python3.12/concurrent/futures/_base.py"", line 449, in result
    return self.__get_result()
           ^^^^^^^^^^^^^^^^^^^
  File ""/usr/lib/python3.12/concurrent/futures/_base.py"", line 401, in __get_result
    raise self._exception
           ^^^^^^^^^^^^^^^^^^^^^^^^^^^^^^^^^^^^^
  File ""/kaggle/working/phishing_ml/phishing_pipeline/ray_runtime.py"", line 666, in render
    await self._ensure_browser()
           ^^^^^^^^^^^^^^^^^^^^^^^^^^^^^^^^^^^^^
  File ""/kaggle/working/phishing_ml/phishing_pipeline/ray_runtime.py"", line 645, in _ensure_browser
    self._browser = await self._playwright.chromium.launch(**launch_kwargs)
                    ^^^^^^^^^^^^^^^^^^^^^^^^^^^^^^^^^^^^^^^^^^^^^^^^^^^^^^^
  File ""/usr/local/lib/python3.12/dist-packages/playwright/async_api/_generated.py"", line 14547, in launch
    await self._impl_obj.launch(
  File ""/usr/local/lib/python3.12/dist-packages/playwright/_impl/_browser_type.py"", line 97, in launch
    await self._channel.send(
  File ""/usr/local/lib/python3.12/dist-packages/playwright/_impl/_connection.py"", line 69, in send
    return await self._connection.wrap_api_call(
           ^^^^^^^^^^^^^^^^^^^^^^^^^^^^^^^^^^^^^
  File ""/usr/local/lib/python3.12/dist-packages/playwright/_impl/_connection.py"", line 559, in wrap_api_call
    raise rewrite_error(error, f""{parsed_st['apiName']}: {error}"") from None
playwright._impl._errors.TargetClosedError: BrowserType.launch: Target page, context or browser has been closed
Browser logs:

<launching> /root/.cache/ms-playwright/chromium_headless_shell-1208/chrome-headless-shell-linux64/chrome-headless-shell --disable-field-trial-config --disable-background-networking --disable-background-timer-throttling --disable-backgrounding-occluded-windows --disable-back-forward-cache --disable-breakpad --disable-client-side-phishing-detection --disable-component-extensions-with-background-pages --disable-component-update --no-default-browser-check --disable-default-apps --disable-dev-shm-usage --disable-extensions --disable-features=AvoidUnnecessaryBeforeUnloadCheckSync,BoundaryEventDispatchTracksNodeRemoval,DestroyProfileOnBrowserClose,DialMediaRouteProvider,GlobalMediaControls,HttpsUpgrades,LensOverlay,MediaRouter,PaintHolding,ThirdPartyStoragePartitioning,Translate,AutoDeElevate,RenderDocument,OptimizationHints --enable-features=CDPScreenshotNewSurface --allow-pre-commit-input --disable-hang-monitor --disable-ipc-flooding-protection --disable-popup-blocking --disable-prompt-on-repost --disable-renderer-backgrounding --force-color-profile=srgb --metrics-recording-only --no-first-run --password-store=basic --use-mock-keychain --no-service-autorun --export-tagged-pdf --disable-search-engine-choice-screen --unsafely-disable-devtools-self-xss-warnings --edge-skip-compat-layer-relaunch --enable-automation --disable-infobars --disable-search-engine-choice-screen --disable-sync --enable-unsafe-swiftshader --headless --hide-scrollbars --mute-audio --blink-settings=primaryHoverType=2,availableHoverTypes=2,primaryPointerType=4,availablePointerTypes=4 --no-sandbox --user-data-dir=/tmp/playwright_chromiumdev_profile-0fv6Zd --remote-debugging-pipe --no-startup-window
<launched> pid=2969
[pid=2969][err] /root/.cache/ms-playwright/chromium_headless_shell-1208/chrome-headless-shell-linux64/chrome-headless-shell: error while loading shared libraries: libatk-1.0.so.0: cannot open shared object file: No such file or directory
Call log:
  - <launching> /root/.cache/ms-playwright/chromium_headless_shell-1208/chrome-headless-shell-linux64/chrome-headless-shell --disable-field-trial-config --disable-background-networking --disable-background-timer-throttling --disable-backgrounding-occluded-windows --disable-back-forward-cache --disable-breakpad --disable-client-side-phishing-detection --disable-component-extensions-with-background-pages --disable-component-update --no-default-browser-check --disable-default-apps --disable-dev-shm-usage --disable-extensions --disable-features=AvoidUnnecessaryBeforeUnloadCheckSync,BoundaryEventDispatchTracksNodeRemoval,DestroyProfileOnBrowserClose,DialMediaRouteProvider,GlobalMediaControls,HttpsUpgrades,LensOverlay,MediaRouter,PaintHolding,ThirdPartyStoragePartitioning,Translate,AutoDeElevate,RenderDocument,OptimizationHints --enable-features=CDPScreenshotNewSurface --allow-pre-commit-input --disable-hang-monitor --disable-ipc-flooding-protection --disable-popup-blocking --disable-prompt-on-repost --disable-renderer-backgrounding --force-color-profile=srgb --metrics-recording-only --no-first-run --password-store=basic --use-mock-keychain --no-service-autorun --export-tagged-pdf --disable-search-engine-choice-screen --unsafely-disable-devtools-self-xss-warnings --edge-skip-compat-layer-relaunch --enable-automation --disable-infobars --disable-search-engine-choice-screen --disable-sync --enable-unsafe-swiftshader --headless --hide-scrollbars --mute-audio --blink-settings=primaryHoverType=2,availableHoverTypes=2,primaryPointerType=4,availablePointerTypes=4 --no-sandbox --user-data-dir=/tmp/playwright_chromiumdev_profile-0fv6Zd --remote-debugging-pipe --no-startup-window
  - <launched> pid=2969
  - [pid=2969][err] /root/.cache/ms-playwright/chromium_headless_shell-1208/chrome-headless-shell-linux64/chrome-headless-shell: error while loading shared libraries: libatk-1.0.so.0: cannot open shared object file: No such file or directory
  - [pid=2969] <gracefully close start>
  - [pid=2969] <kill>
  - [pid=2969] <will force kill>
  - [pid=2969] exception while trying to kill process: Error: kill ESRCH
  - [pid=2969] <process did exit: exitCode=127, signal=null>
  - [pid=2969] starting temporary directories cleanup
  - [pid=2969] finished temporary directories cleanup
  - [pid=2969] <gracefully close end>",,,,Low,0.0,False,False,False,,failed_fetch_strict_lexical_suspected,,fetch_timeout_or_fetch_failed,hashing_shortlist
318,haryana-property.com,https://haryana-property.com,02-04-2026.csv,Haryana,haryana.census.gov.in,0.5333,True,True,False,False,0,0,0,0,0,False,lexical_hit,False,False,False,0,0,0,False,False,haryana-property.com,,0,True,lexical_hit,True,True,True,resolved,accepted,failed,failed,RayTaskError(TargetClosedError),"[36mray::_HashBrowserActorImpl.render()[39m (pid=708, ip=172.19.2.2, actor_id=c8fdda542d9e67d0171c86b701000000, repr=<phishing_pipeline.ray_runtime._HashBrowserActorImpl object at 0x79690ef41340>)
  File ""/usr/lib/python3.12/concurrent/futures/_base.py"", line 449, in result
    return self.__get_result()
           ^^^^^^^^^^^^^^^^^^^
  File ""/usr/lib/python3.12/concurrent/futures/_base.py"", line 401, in __get_result
    raise self._exception
           ^^^^^^^^^^^^^^^^^^^^^^^^^^^^^^^^^^^^^
  File ""/kaggle/working/phishing_ml/phishing_pipeline/ray_runtime.py"", line 666, in render
    await self._ensure_browser()
           ^^^^^^^^^^^^^^^^^^^^^^^^^^^^^^^^^^^^^
  File ""/kaggle/working/phishing_ml/phishing_pipeline/ray_runtime.py"", line 645, in _ensure_browser
    self._browser = await self._playwright.chromium.launch(**launch_kwargs)
                    ^^^^^^^^^^^^^^^^^^^^^^^^^^^^^^^^^^^^^^^^^^^^^^^^^^^^^^^
  File ""/usr/local/lib/python3.12/dist-packages/playwright/async_api/_generated.py"", line 14547, in launch
    await self._impl_obj.launch(
  File ""/usr/local/lib/python3.12/dist-packages/playwright/_impl/_browser_type.py"", line 97, in launch
    await self._channel.send(
  File ""/usr/local/lib/python3.12/dist-packages/playwright/_impl/_connection.py"", line 69, in send
    return await self._connection.wrap_api_call(
           ^^^^^^^^^^^^^^^^^^^^^^^^^^^^^^^^^^^^^
  File ""/usr/local/lib/python3.12/dist-packages/playwright/_impl/_connection.py"", line 559, in wrap_api_call
    raise rewrite_error(error, f""{parsed_st['apiName']}: {error}"") from None
playwright._impl._errors.TargetClosedError: BrowserType.launch: Target page, context or browser has been closed
Browser logs:

<launching> /root/.cache/ms-playwright/chromium_headless_shell-1208/chrome-headless-shell-linux64/chrome-headless-shell --disable-field-trial-config --disable-background-networking --disable-background-timer-throttling --disable-backgrounding-occluded-windows --disable-back-forward-cache --disable-breakpad --disable-client-side-phishing-detection --disable-component-extensions-with-background-pages --disable-component-update --no-default-browser-check --disable-default-apps --disable-dev-shm-usage --disable-extensions --disable-features=AvoidUnnecessaryBeforeUnloadCheckSync,BoundaryEventDispatchTracksNodeRemoval,DestroyProfileOnBrowserClose,DialMediaRouteProvider,GlobalMediaControls,HttpsUpgrades,LensOverlay,MediaRouter,PaintHolding,ThirdPartyStoragePartitioning,Translate,AutoDeElevate,RenderDocument,OptimizationHints --enable-features=CDPScreenshotNewSurface --allow-pre-commit-input --disable-hang-monitor --disable-ipc-flooding-protection --disable-popup-blocking --disable-prompt-on-repost --disable-renderer-backgrounding --force-color-profile=srgb --metrics-recording-only --no-first-run --password-store=basic --use-mock-keychain --no-service-autorun --export-tagged-pdf --disable-search-engine-choice-screen --unsafely-disable-devtools-self-xss-warnings --edge-skip-compat-layer-relaunch --enable-automation --disable-infobars --disable-search-engine-choice-screen --disable-sync --enable-unsafe-swiftshader --headless --hide-scrollbars --mute-audio --blink-settings=primaryHoverType=2,availableHoverTypes=2,primaryPointerType=4,availablePointerTypes=4 --no-sandbox --user-data-dir=/tmp/playwright_chromiumdev_profile-coyUSn --remote-debugging-pipe --no-startup-window
<launched> pid=2982
[pid=2982][err] /root/.cache/ms-playwright/chromium_headless_shell-1208/chrome-headless-shell-linux64/chrome-headless-shell: error while loading shared libraries: libatk-1.0.so.0: cannot open shared object file: No such file or directory
Call log:
  - <launching> /root/.cache/ms-playwright/chromium_headless_shell-1208/chrome-headless-shell-linux64/chrome-headless-shell --disable-field-trial-config --disable-background-networking --disable-background-timer-throttling --disable-backgrounding-occluded-windows --disable-back-forward-cache --disable-breakpad --disable-client-side-phishing-detection --disable-component-extensions-with-background-pages --disable-component-update --no-default-browser-check --disable-default-apps --disable-dev-shm-usage --disable-extensions --disable-features=AvoidUnnecessaryBeforeUnloadCheckSync,BoundaryEventDispatchTracksNodeRemoval,DestroyProfileOnBrowserClose,DialMediaRouteProvider,GlobalMediaControls,HttpsUpgrades,LensOverlay,MediaRouter,PaintHolding,ThirdPartyStoragePartitioning,Translate,AutoDeElevate,RenderDocument,OptimizationHints --enable-features=CDPScreenshotNewSurface --allow-pre-commit-input --disable-hang-monitor --disable-ipc-flooding-protection --disable-popup-blocking --disable-prompt-on-repost --disable-renderer-backgrounding --force-color-profile=srgb --metrics-recording-only --no-first-run --password-store=basic --use-mock-keychain --no-service-autorun --export-tagged-pdf --disable-search-engine-choice-screen --unsafely-disable-devtools-self-xss-warnings --edge-skip-compat-layer-relaunch --enable-automation --disable-infobars --disable-search-engine-choice-screen --disable-sync --enable-unsafe-swiftshader --headless --hide-scrollbars --mute-audio --blink-settings=primaryHoverType=2,availableHoverTypes=2,primaryPointerType=4,availablePointerTypes=4 --no-sandbox --user-data-dir=/tmp/playwright_chromiumdev_profile-coyUSn --remote-debugging-pipe --no-startup-window
  - <launched> pid=2982
  - [pid=2982][err] /root/.cache/ms-playwright/chromium_headless_shell-1208/chrome-headless-shell-linux64/chrome-headless-shell: error while loading shared libraries: libatk-1.0.so.0: cannot open shared object file: No such file or directory
  - [pid=2982] <gracefully close start>
  - [pid=2982] <kill>
  - [pid=2982] <will force kill>
  - [pid=2982] exception while trying to kill process: Error: kill ESRCH
  - [pid=2982] <process did exit: exitCode=127, signal=null>
  - [pid=2982] starting temporary directories cleanup
  - [pid=2982] finished temporary directories cleanup
  - [pid=2982] <gracefully close end>",,,,Low,0.0,False,False,False,,failed_fetch_strict_lexical_suspected,,fetch_timeout_or_fetch_failed,hashing_shortlist
320,jzijob.com,https://jzijob.com,02-04-2026.csv,Jio,jio.com,0.85,True,True,True,False,0,0,0,0,0,False,lexical_hit,False,False,False,0,0,0,False,False,jzijob.com,,0,True,lexical_hit,True,True,True,resolved,accepted,failed,failed,RayTaskError(TargetClosedError),"[36mray::_HashBrowserActorImpl.render()[39m (pid=708, ip=172.19.2.2, actor_id=c8fdda542d9e67d0171c86b701000000, repr=<phishing_pipeline.ray_runtime._HashBrowserActorImpl object at 0x79690ef41340>)
  File ""/usr/lib/python3.12/concurrent/futures/_base.py"", line 449, in result
    return self.__get_result()
           ^^^^^^^^^^^^^^^^^^^
  File ""/usr/lib/python3.12/concurrent/futures/_base.py"", line 401, in __get_result
    raise self._exception
           ^^^^^^^^^^^^^^^^^^^^^^^^^^^^^^^^^^^^^
  File ""/kaggle/working/phishing_ml/phishing_pipeline/ray_runtime.py"", line 666, in render
    await self._ensure_browser()
           ^^^^^^^^^^^^^^^^^^^^^^^^^^^^^^^^^^^^^
  File ""/kaggle/working/phishing_ml/phishing_pipeline/ray_runtime.py"", line 645, in _ensure_browser
    self._browser = await self._playwright.chromium.launch(**launch_kwargs)
                    ^^^^^^^^^^^^^^^^^^^^^^^^^^^^^^^^^^^^^^^^^^^^^^^^^^^^^^^
  File ""/usr/local/lib/python3.12/dist-packages/playwright/async_api/_generated.py"", line 14547, in launch
    await self._impl_obj.launch(
  File ""/usr/local/lib/python3.12/dist-packages/playwright/_impl/_browser_type.py"", line 97, in launch
    await self._channel.send(
  File ""/usr/local/lib/python3.12/dist-packages/playwright/_impl/_connection.py"", line 69, in send
    return await self._connection.wrap_api_call(
           ^^^^^^^^^^^^^^^^^^^^^^^^^^^^^^^^^^^^^
  File ""/usr/local/lib/python3.12/dist-packages/playwright/_impl/_connection.py"", line 559, in wrap_api_call
    raise rewrite_error(error, f""{parsed_st['apiName']}: {error}"") from None
playwright._impl._errors.TargetClosedError: BrowserType.launch: Target page, context or browser has been closed
Browser logs:

<launching> /root/.cache/ms-playwright/chromium_headless_shell-1208/chrome-headless-shell-linux64/chrome-headless-shell --disable-field-trial-config --disable-background-networking --disable-background-timer-throttling --disable-backgrounding-occluded-windows --disable-back-forward-cache --disable-breakpad --disable-client-side-phishing-detection --disable-component-extensions-with-background-pages --disable-component-update --no-default-browser-check --disable-default-apps --disable-dev-shm-usage --disable-extensions --disable-features=AvoidUnnecessaryBeforeUnloadCheckSync,BoundaryEventDispatchTracksNodeRemoval,DestroyProfileOnBrowserClose,DialMediaRouteProvider,GlobalMediaControls,HttpsUpgrades,LensOverlay,MediaRouter,PaintHolding,ThirdPartyStoragePartitioning,Translate,AutoDeElevate,RenderDocument,OptimizationHints --enable-features=CDPScreenshotNewSurface --allow-pre-commit-input --disable-hang-monitor --disable-ipc-flooding-protection --disable-popup-blocking --disable-prompt-on-repost --disable-renderer-backgrounding --force-color-profile=srgb --metrics-recording-only --no-first-run --password-store=basic --use-mock-keychain --no-service-autorun --export-tagged-pdf --disable-search-engine-choice-screen --unsafely-disable-devtools-self-xss-warnings --edge-skip-compat-layer-relaunch --enable-automation --disable-infobars --disable-search-engine-choice-screen --disable-sync --enable-unsafe-swiftshader --headless --hide-scrollbars --mute-audio --blink-settings=primaryHoverType=2,availableHoverTypes=2,primaryPointerType=4,availablePointerTypes=4 --no-sandbox --user-data-dir=/tmp/playwright_chromiumdev_profile-afLhUy --remote-debugging-pipe --no-startup-window
<launched> pid=2994
[pid=2994][err] /root/.cache/ms-playwright/chromium_headless_shell-1208/chrome-headless-shell-linux64/chrome-headless-shell: error while loading shared libraries: libatk-1.0.so.0: cannot open shared object file: No such file or directory
Call log:
  - <launching> /root/.cache/ms-playwright/chromium_headless_shell-1208/chrome-headless-shell-linux64/chrome-headless-shell --disable-field-trial-config --disable-background-networking --disable-background-timer-throttling --disable-backgrounding-occluded-windows --disable-back-forward-cache --disable-breakpad --disable-client-side-phishing-detection --disable-component-extensions-with-background-pages --disable-component-update --no-default-browser-check --disable-default-apps --disable-dev-shm-usage --disable-extensions --disable-features=AvoidUnnecessaryBeforeUnloadCheckSync,BoundaryEventDispatchTracksNodeRemoval,DestroyProfileOnBrowserClose,DialMediaRouteProvider,GlobalMediaControls,HttpsUpgrades,LensOverlay,MediaRouter,PaintHolding,ThirdPartyStoragePartitioning,Translate,AutoDeElevate,RenderDocument,OptimizationHints --enable-features=CDPScreenshotNewSurface --allow-pre-commit-input --disable-hang-monitor --disable-ipc-flooding-protection --disable-popup-blocking --disable-prompt-on-repost --disable-renderer-backgrounding --force-color-profile=srgb --metrics-recording-only --no-first-run --password-store=basic --use-mock-keychain --no-service-autorun --export-tagged-pdf --disable-search-engine-choice-screen --unsafely-disable-devtools-self-xss-warnings --edge-skip-compat-layer-relaunch --enable-automation --disable-infobars --disable-search-engine-choice-screen --disable-sync --enable-unsafe-swiftshader --headless --hide-scrollbars --mute-audio --blink-settings=primaryHoverType=2,availableHoverTypes=2,primaryPointerType=4,availablePointerTypes=4 --no-sandbox --user-data-dir=/tmp/playwright_chromiumdev_profile-afLhUy --remote-debugging-pipe --no-startup-window
  - <launched> pid=2994
  - [pid=2994][err] /root/.cache/ms-playwright/chromium_headless_shell-1208/chrome-headless-shell-linux64/chrome-headless-shell: error while loading shared libraries: libatk-1.0.so.0: cannot open shared object file: No such file or directory
  - [pid=2994] <gracefully close start>
  - [pid=2994] <kill>
  - [pid=2994] <will force kill>
  - [pid=2994] exception while trying to kill process: Error: kill ESRCH
  - [pid=2994] <process did exit: exitCode=127, signal=null>
  - [pid=2994] starting temporary directories cleanup
  - [pid=2994] finished temporary directories cleanup
  - [pid=2994] <gracefully close end>",,,,Low,0.0,False,False,False,,failed_fetch_strict_lexical_suspected,,fetch_timeout_or_fetch_failed,hashing_shortlist
325,nha-aue.com,https://nha-aue.com,02-04-2026.csv,National Health Authority (NHA),nha.gov.in,0.8667,True,True,True,False,0,0,0,0,0,False,lexical_hit,False,False,False,0,0,0,False,False,nha-aue.com,,0,True,lexical_hit,True,True,True,resolved,accepted,failed,failed,RayTaskError(TargetClosedError),"[36mray::_HashBrowserActorImpl.render()[39m (pid=708, ip=172.19.2.2, actor_id=c8fdda542d9e67d0171c86b701000000, repr=<phishing_pipeline.ray_runtime._HashBrowserActorImpl object at 0x79690ef41340>)
  File ""/usr/lib/python3.12/concurrent/futures/_base.py"", line 449, in result
    return self.__get_result()
           ^^^^^^^^^^^^^^^^^^^
  File ""/usr/lib/python3.12/concurrent/futures/_base.py"", line 401, in __get_result
    raise self._exception
           ^^^^^^^^^^^^^^^^^^^^^^^^^^^^^^^^^^^^^
  File ""/kaggle/working/phishing_ml/phishing_pipeline/ray_runtime.py"", line 666, in render
    await self._ensure_browser()
           ^^^^^^^^^^^^^^^^^^^^^^^^^^^^^^^^^^^^^
  File ""/kaggle/working/phishing_ml/phishing_pipeline/ray_runtime.py"", line 645, in _ensure_browser
    self._browser = await self._playwright.chromium.launch(**launch_kwargs)
                    ^^^^^^^^^^^^^^^^^^^^^^^^^^^^^^^^^^^^^^^^^^^^^^^^^^^^^^^
  File ""/usr/local/lib/python3.12/dist-packages/playwright/async_api/_generated.py"", line 14547, in launch
    await self._impl_obj.launch(
  File ""/usr/local/lib/python3.12/dist-packages/playwright/_impl/_browser_type.py"", line 97, in launch
    await self._channel.send(
  File ""/usr/local/lib/python3.12/dist-packages/playwright/_impl/_connection.py"", line 69, in send
    return await self._connection.wrap_api_call(
           ^^^^^^^^^^^^^^^^^^^^^^^^^^^^^^^^^^^^^
  File ""/usr/local/lib/python3.12/dist-packages/playwright/_impl/_connection.py"", line 559, in wrap_api_call
    raise rewrite_error(error, f""{parsed_st['apiName']}: {error}"") from None
playwright._impl._errors.TargetClosedError: BrowserType.launch: Target page, context or browser has been closed
Browser logs:

<launching> /root/.cache/ms-playwright/chromium_headless_shell-1208/chrome-headless-shell-linux64/chrome-headless-shell --disable-field-trial-config --disable-background-networking --disable-background-timer-throttling --disable-backgrounding-occluded-windows --disable-back-forward-cache --disable-breakpad --disable-client-side-phishing-detection --disable-component-extensions-with-background-pages --disable-component-update --no-default-browser-check --disable-default-apps --disable-dev-shm-usage --disable-extensions --disable-features=AvoidUnnecessaryBeforeUnloadCheckSync,BoundaryEventDispatchTracksNodeRemoval,DestroyProfileOnBrowserClose,DialMediaRouteProvider,GlobalMediaControls,HttpsUpgrades,LensOverlay,MediaRouter,PaintHolding,ThirdPartyStoragePartitioning,Translate,AutoDeElevate,RenderDocument,OptimizationHints --enable-features=CDPScreenshotNewSurface --allow-pre-commit-input --disable-hang-monitor --disable-ipc-flooding-protection --disable-popup-blocking --disable-prompt-on-repost --disable-renderer-backgrounding --force-color-profile=srgb --metrics-recording-only --no-first-run --password-store=basic --use-mock-keychain --no-service-autorun --export-tagged-pdf --disable-search-engine-choice-screen --unsafely-disable-devtools-self-xss-warnings --edge-skip-compat-layer-relaunch --enable-automation --disable-infobars --disable-search-engine-choice-screen --disable-sync --enable-unsafe-swiftshader --headless --hide-scrollbars --mute-audio --blink-settings=primaryHoverType=2,availableHoverTypes=2,primaryPointerType=4,availablePointerTypes=4 --no-sandbox --user-data-dir=/tmp/playwright_chromiumdev_profile-wSiagX --remote-debugging-pipe --no-startup-window
<launched> pid=3036
[pid=3036][err] /root/.cache/ms-playwright/chromium_headless_shell-1208/chrome-headless-shell-linux64/chrome-headless-shell: error while loading shared libraries: libatk-1.0.so.0: cannot open shared object file: No such file or directory
Call log:
  - <launching> /root/.cache/ms-playwright/chromium_headless_shell-1208/chrome-headless-shell-linux64/chrome-headless-shell --disable-field-trial-config --disable-background-networking --disable-background-timer-throttling --disable-backgrounding-occluded-windows --disable-back-forward-cache --disable-breakpad --disable-client-side-phishing-detection --disable-component-extensions-with-background-pages --disable-component-update --no-default-browser-check --disable-default-apps --disable-dev-shm-usage --disable-extensions --disable-features=AvoidUnnecessaryBeforeUnloadCheckSync,BoundaryEventDispatchTracksNodeRemoval,DestroyProfileOnBrowserClose,DialMediaRouteProvider,GlobalMediaControls,HttpsUpgrades,LensOverlay,MediaRouter,PaintHolding,ThirdPartyStoragePartitioning,Translate,AutoDeElevate,RenderDocument,OptimizationHints --enable-features=CDPScreenshotNewSurface --allow-pre-commit-input --disable-hang-monitor --disable-ipc-flooding-protection --disable-popup-blocking --disable-prompt-on-repost --disable-renderer-backgrounding --force-color-profile=srgb --metrics-recording-only --no-first-run --password-store=basic --use-mock-keychain --no-service-autorun --export-tagged-pdf --disable-search-engine-choice-screen --unsafely-disable-devtools-self-xss-warnings --edge-skip-compat-layer-relaunch --enable-automation --disable-infobars --disable-search-engine-choice-screen --disable-sync --enable-unsafe-swiftshader --headless --hide-scrollbars --mute-audio --blink-settings=primaryHoverType=2,availableHoverTypes=2,primaryPointerType=4,availablePointerTypes=4 --no-sandbox --user-data-dir=/tmp/playwright_chromiumdev_profile-wSiagX --remote-debugging-pipe --no-startup-window
  - <launched> pid=3036
  - [pid=3036][err] /root/.cache/ms-playwright/chromium_headless_shell-1208/chrome-headless-shell-linux64/chrome-headless-shell: error while loading shared libraries: libatk-1.0.so.0: cannot open shared object file: No such file or directory
  - [pid=3036] <gracefully close start>
  - [pid=3036] <kill>
  - [pid=3036] <will force kill>
  - [pid=3036] exception while trying to kill process: Error: kill ESRCH
  - [pid=3036] <process did exit: exitCode=127, signal=null>
  - [pid=3036] starting temporary directories cleanup
  - [pid=3036] finished temporary directories cleanup
  - [pid=3036] <gracefully close end>",,,,Low,0.0,False,False,False,,failed_fetch_strict_lexical_suspected,,fetch_timeout_or_fetch_failed,hashing_shortlist
326,axisat.com,https://axisat.com,02-04-2026.csv,Axis Bank,axismf.com,0.8667,True,True,True,False,0,0,0,0,0,False,lexical_hit,False,False,False,0,0,0,False,False,axisat.com,,0,True,lexical_hit,True,True,True,resolved,accepted,failed,failed,RayTaskError(TargetClosedError),"[36mray::_HashBrowserActorImpl.render()[39m (pid=708, ip=172.19.2.2, actor_id=c8fdda542d9e67d0171c86b701000000, repr=<phishing_pipeline.ray_runtime._HashBrowserActorImpl object at 0x79690ef41340>)
  File ""/usr/lib/python3.12/concurrent/futures/_base.py"", line 449, in result
    return self.__get_result()
           ^^^^^^^^^^^^^^^^^^^
  File ""/usr/lib/python3.12/concurrent/futures/_base.py"", line 401, in __get_result
    raise self._exception
           ^^^^^^^^^^^^^^^^^^^^^^^^^^^^^^^^^^^^^
  File ""/kaggle/working/phishing_ml/phishing_pipeline/ray_runtime.py"", line 666, in render
    await self._ensure_browser()
           ^^^^^^^^^^^^^^^^^^^^^^^^^^^^^^^^^^^^^
  File ""/kaggle/working/phishing_ml/phishing_pipeline/ray_runtime.py"", line 645, in _ensure_browser
    self._browser = await self._playwright.chromium.launch(**launch_kwargs)
                    ^^^^^^^^^^^^^^^^^^^^^^^^^^^^^^^^^^^^^^^^^^^^^^^^^^^^^^^
  File ""/usr/local/lib/python3.12/dist-packages/playwright/async_api/_generated.py"", line 14547, in launch
    await self._impl_obj.launch(
  File ""/usr/local/lib/python3.12/dist-packages/playwright/_impl/_browser_type.py"", line 97, in launch
    await self._channel.send(
  File ""/usr/local/lib/python3.12/dist-packages/playwright/_impl/_connection.py"", line 69, in send
    return await self._connection.wrap_api_call(
           ^^^^^^^^^^^^^^^^^^^^^^^^^^^^^^^^^^^^^
  File ""/usr/local/lib/python3.12/dist-packages/playwright/_impl/_connection.py"", line 559, in wrap_api_call
    raise rewrite_error(error, f""{parsed_st['apiName']}: {error}"") from None
playwright._impl._errors.TargetClosedError: BrowserType.launch: Target page, context or browser has been closed
Browser logs:

<launching> /root/.cache/ms-playwright/chromium_headless_shell-1208/chrome-headless-shell-linux64/chrome-headless-shell --disable-field-trial-config --disable-background-networking --disable-background-timer-throttling --disable-backgrounding-occluded-windows --disable-back-forward-cache --disable-breakpad --disable-client-side-phishing-detection --disable-component-extensions-with-background-pages --disable-component-update --no-default-browser-check --disable-default-apps --disable-dev-shm-usage --disable-extensions --disable-features=AvoidUnnecessaryBeforeUnloadCheckSync,BoundaryEventDispatchTracksNodeRemoval,DestroyProfileOnBrowserClose,DialMediaRouteProvider,GlobalMediaControls,HttpsUpgrades,LensOverlay,MediaRouter,PaintHolding,ThirdPartyStoragePartitioning,Translate,AutoDeElevate,RenderDocument,OptimizationHints --enable-features=CDPScreenshotNewSurface --allow-pre-commit-input --disable-hang-monitor --disable-ipc-flooding-protection --disable-popup-blocking --disable-prompt-on-repost --disable-renderer-backgrounding --force-color-profile=srgb --metrics-recording-only --no-first-run --password-store=basic --use-mock-keychain --no-service-autorun --export-tagged-pdf --disable-search-engine-choice-screen --unsafely-disable-devtools-self-xss-warnings --edge-skip-compat-layer-relaunch --enable-automation --disable-infobars --disable-search-engine-choice-screen --disable-sync --enable-unsafe-swiftshader --headless --hide-scrollbars --mute-audio --blink-settings=primaryHoverType=2,availableHoverTypes=2,primaryPointerType=4,availablePointerTypes=4 --no-sandbox --user-data-dir=/tmp/playwright_chromiumdev_profile-y3tE4H --remote-debugging-pipe --no-startup-window
<launched> pid=3056
[pid=3056][err] /root/.cache/ms-playwright/chromium_headless_shell-1208/chrome-headless-shell-linux64/chrome-headless-shell: error while loading shared libraries: libatk-1.0.so.0: cannot open shared object file: No such file or directory
Call log:
  - <launching> /root/.cache/ms-playwright/chromium_headless_shell-1208/chrome-headless-shell-linux64/chrome-headless-shell --disable-field-trial-config --disable-background-networking --disable-background-timer-throttling --disable-backgrounding-occluded-windows --disable-back-forward-cache --disable-breakpad --disable-client-side-phishing-detection --disable-component-extensions-with-background-pages --disable-component-update --no-default-browser-check --disable-default-apps --disable-dev-shm-usage --disable-extensions --disable-features=AvoidUnnecessaryBeforeUnloadCheckSync,BoundaryEventDispatchTracksNodeRemoval,DestroyProfileOnBrowserClose,DialMediaRouteProvider,GlobalMediaControls,HttpsUpgrades,LensOverlay,MediaRouter,PaintHolding,ThirdPartyStoragePartitioning,Translate,AutoDeElevate,RenderDocument,OptimizationHints --enable-features=CDPScreenshotNewSurface --allow-pre-commit-input --disable-hang-monitor --disable-ipc-flooding-protection --disable-popup-blocking --disable-prompt-on-repost --disable-renderer-backgrounding --force-color-profile=srgb --metrics-recording-only --no-first-run --password-store=basic --use-mock-keychain --no-service-autorun --export-tagged-pdf --disable-search-engine-choice-screen --unsafely-disable-devtools-self-xss-warnings --edge-skip-compat-layer-relaunch --enable-automation --disable-infobars --disable-search-engine-choice-screen --disable-sync --enable-unsafe-swiftshader --headless --hide-scrollbars --mute-audio --blink-settings=primaryHoverType=2,availableHoverTypes=2,primaryPointerType=4,availablePointerTypes=4 --no-sandbox --user-data-dir=/tmp/playwright_chromiumdev_profile-y3tE4H --remote-debugging-pipe --no-startup-window
  - <launched> pid=3056
  - [pid=3056][err] /root/.cache/ms-playwright/chromium_headless_shell-1208/chrome-headless-shell-linux64/chrome-headless-shell: error while loading shared libraries: libatk-1.0.so.0: cannot open shared object file: No such file or directory
  - [pid=3056] <gracefully close start>
  - [pid=3056] <kill>
  - [pid=3056] <will force kill>
  - [pid=3056] exception while trying to kill process: Error: kill ESRCH
  - [pid=3056] <process did exit: exitCode=127, signal=null>
  - [pid=3056] starting temporary directories cleanup
  - [pid=3056] finished temporary directories cleanup
  - [pid=3056] <gracefully close end>",,,,Low,0.0,False,False,False,,failed_fetch_strict_lexical_suspected,,fetch_timeout_or_fetch_failed,hashing_shortlist
329,jzdiou.com,https://jzdiou.com,02-04-2026.csv,Jio,jio.com,0.85,True,True,True,False,0,0,0,0,0,False,lexical_hit,False,False,False,0,0,0,False,False,jzdiou.com,,0,True,lexical_hit,True,True,True,resolved,accepted,failed,failed,RayTaskError(TargetClosedError),"[36mray::_HashBrowserActorImpl.render()[39m (pid=708, ip=172.19.2.2, actor_id=c8fdda542d9e67d0171c86b701000000, repr=<phishing_pipeline.ray_runtime._HashBrowserActorImpl object at 0x79690ef41340>)
  File ""/usr/lib/python3.12/concurrent/futures/_base.py"", line 449, in result
    return self.__get_result()
           ^^^^^^^^^^^^^^^^^^^
  File ""/usr/lib/python3.12/concurrent/futures/_base.py"", line 401, in __get_result
    raise self._exception
           ^^^^^^^^^^^^^^^^^^^^^^^^^^^^^^^^^^^^^
  File ""/kaggle/working/phishing_ml/phishing_pipeline/ray_runtime.py"", line 666, in render
    await self._ensure_browser()
           ^^^^^^^^^^^^^^^^^^^^^^^^^^^^^^^^^^^^^
  File ""/kaggle/working/phishing_ml/phishing_pipeline/ray_runtime.py"", line 645, in _ensure_browser
    self._browser = await self._playwright.chromium.launch(**launch_kwargs)
                    ^^^^^^^^^^^^^^^^^^^^^^^^^^^^^^^^^^^^^^^^^^^^^^^^^^^^^^^
  File ""/usr/local/lib/python3.12/dist-packages/playwright/async_api/_generated.py"", line 14547, in launch
    await self._impl_obj.launch(
  File ""/usr/local/lib/python3.12/dist-packages/playwright/_impl/_browser_type.py"", line 97, in launch
    await self._channel.send(
  File ""/usr/local/lib/python3.12/dist-packages/playwright/_impl/_connection.py"", line 69, in send
    return await self._connection.wrap_api_call(
           ^^^^^^^^^^^^^^^^^^^^^^^^^^^^^^^^^^^^^
  File ""/usr/local/lib/python3.12/dist-packages/playwright/_impl/_connection.py"", line 559, in wrap_api_call
    raise rewrite_error(error, f""{parsed_st['apiName']}: {error}"") from None
playwright._impl._errors.TargetClosedError: BrowserType.launch: Target page, context or browser has been closed
Browser logs:

<launching> /root/.cache/ms-playwright/chromium_headless_shell-1208/chrome-headless-shell-linux64/chrome-headless-shell --disable-field-trial-config --disable-background-networking --disable-background-timer-throttling --disable-backgrounding-occluded-windows --disable-back-forward-cache --disable-breakpad --disable-client-side-phishing-detection --disable-component-extensions-with-background-pages --disable-component-update --no-default-browser-check --disable-default-apps --disable-dev-shm-usage --disable-extensions --disable-features=AvoidUnnecessaryBeforeUnloadCheckSync,BoundaryEventDispatchTracksNodeRemoval,DestroyProfileOnBrowserClose,DialMediaRouteProvider,GlobalMediaControls,HttpsUpgrades,LensOverlay,MediaRouter,PaintHolding,ThirdPartyStoragePartitioning,Translate,AutoDeElevate,RenderDocument,OptimizationHints --enable-features=CDPScreenshotNewSurface --allow-pre-commit-input --disable-hang-monitor --disable-ipc-flooding-protection --disable-popup-blocking --disable-prompt-on-repost --disable-renderer-backgrounding --force-color-profile=srgb --metrics-recording-only --no-first-run --password-store=basic --use-mock-keychain --no-service-autorun --export-tagged-pdf --disable-search-engine-choice-screen --unsafely-disable-devtools-self-xss-warnings --edge-skip-compat-layer-relaunch --enable-automation --disable-infobars --disable-search-engine-choice-screen --disable-sync --enable-unsafe-swiftshader --headless --hide-scrollbars --mute-audio --blink-settings=primaryHoverType=2,availableHoverTypes=2,primaryPointerType=4,availablePointerTypes=4 --no-sandbox --user-data-dir=/tmp/playwright_chromiumdev_profile-PT1U75 --remote-debugging-pipe --no-startup-window
<launched> pid=3070
[pid=3070][err] /root/.cache/ms-playwright/chromium_headless_shell-1208/chrome-headless-shell-linux64/chrome-headless-shell: error while loading shared libraries: libatk-1.0.so.0: cannot open shared object file: No such file or directory
Call log:
  - <launching> /root/.cache/ms-playwright/chromium_headless_shell-1208/chrome-headless-shell-linux64/chrome-headless-shell --disable-field-trial-config --disable-background-networking --disable-background-timer-throttling --disable-backgrounding-occluded-windows --disable-back-forward-cache --disable-breakpad --disable-client-side-phishing-detection --disable-component-extensions-with-background-pages --disable-component-update --no-default-browser-check --disable-default-apps --disable-dev-shm-usage --disable-extensions --disable-features=AvoidUnnecessaryBeforeUnloadCheckSync,BoundaryEventDispatchTracksNodeRemoval,DestroyProfileOnBrowserClose,DialMediaRouteProvider,GlobalMediaControls,HttpsUpgrades,LensOverlay,MediaRouter,PaintHolding,ThirdPartyStoragePartitioning,Translate,AutoDeElevate,RenderDocument,OptimizationHints --enable-features=CDPScreenshotNewSurface --allow-pre-commit-input --disable-hang-monitor --disable-ipc-flooding-protection --disable-popup-blocking --disable-prompt-on-repost --disable-renderer-backgrounding --force-color-profile=srgb --metrics-recording-only --no-first-run --password-store=basic --use-mock-keychain --no-service-autorun --export-tagged-pdf --disable-search-engine-choice-screen --unsafely-disable-devtools-self-xss-warnings --edge-skip-compat-layer-relaunch --enable-automation --disable-infobars --disable-search-engine-choice-screen --disable-sync --enable-unsafe-swiftshader --headless --hide-scrollbars --mute-audio --blink-settings=primaryHoverType=2,availableHoverTypes=2,primaryPointerType=4,availablePointerTypes=4 --no-sandbox --user-data-dir=/tmp/playwright_chromiumdev_profile-PT1U75 --remote-debugging-pipe --no-startup-window
  - <launched> pid=3070
  - [pid=3070][err] /root/.cache/ms-playwright/chromium_headless_shell-1208/chrome-headless-shell-linux64/chrome-headless-shell: error while loading shared libraries: libatk-1.0.so.0: cannot open shared object file: No such file or directory
  - [pid=3070] <gracefully close start>
  - [pid=3070] <kill>
  - [pid=3070] <will force kill>
  - [pid=3070] exception while trying to kill process: Error: kill ESRCH
  - [pid=3070] <process did exit: exitCode=127, signal=null>
  - [pid=3070] starting temporary directories cleanup
  - [pid=3070] finished temporary directories cleanup
  - [pid=3070] <gracefully close end>",,,,Low,0.0,False,False,False,,failed_fetch_strict_lexical_suspected,,fetch_timeout_or_fetch_failed,hashing_shortlist
333,eaonline.com,https://eaonline.com,02-04-2026.csv,Computer Age Management Services Ltd. (CAMS),camsonline.com,0.8583,True,True,True,False,0,0,0,0,0,False,lexical_hit,False,False,False,0,0,0,False,False,eaonline.com,,0,True,lexical_hit,True,True,True,resolved,accepted,failed,failed,RayTaskError(TargetClosedError),"[36mray::_HashBrowserActorImpl.render()[39m (pid=708, ip=172.19.2.2, actor_id=c8fdda542d9e67d0171c86b701000000, repr=<phishing_pipeline.ray_runtime._HashBrowserActorImpl object at 0x79690ef41340>)
  File ""/usr/lib/python3.12/concurrent/futures/_base.py"", line 449, in result
    return self.__get_result()
           ^^^^^^^^^^^^^^^^^^^
  File ""/usr/lib/python3.12/concurrent/futures/_base.py"", line 401, in __get_result
    raise self._exception
           ^^^^^^^^^^^^^^^^^^^^^^^^^^^^^^^^^^^^^
  File ""/kaggle/working/phishing_ml/phishing_pipeline/ray_runtime.py"", line 666, in render
    await self._ensure_browser()
           ^^^^^^^^^^^^^^^^^^^^^^^^^^^^^^^^^^^^^
  File ""/kaggle/working/phishing_ml/phishing_pipeline/ray_runtime.py"", line 645, in _ensure_browser
    self._browser = await self._playwright.chromium.launch(**launch_kwargs)
                    ^^^^^^^^^^^^^^^^^^^^^^^^^^^^^^^^^^^^^^^^^^^^^^^^^^^^^^^
  File ""/usr/local/lib/python3.12/dist-packages/playwright/async_api/_generated.py"", line 14547, in launch
    await self._impl_obj.launch(
  File ""/usr/local/lib/python3.12/dist-packages/playwright/_impl/_browser_type.py"", line 97, in launch
    await self._channel.send(
  File ""/usr/local/lib/python3.12/dist-packages/playwright/_impl/_connection.py"", line 69, in send
    return await self._connection.wrap_api_call(
           ^^^^^^^^^^^^^^^^^^^^^^^^^^^^^^^^^^^^^
  File ""/usr/local/lib/python3.12/dist-packages/playwright/_impl/_connection.py"", line 559, in wrap_api_call
    raise rewrite_error(error, f""{parsed_st['apiName']}: {error}"") from None
playwright._impl._errors.TargetClosedError: BrowserType.launch: Target page, context or browser has been closed
Browser logs:

<launching> /root/.cache/ms-playwright/chromium_headless_shell-1208/chrome-headless-shell-linux64/chrome-headless-shell --disable-field-trial-config --disable-background-networking --disable-background-timer-throttling --disable-backgrounding-occluded-windows --disable-back-forward-cache --disable-breakpad --disable-client-side-phishing-detection --disable-component-extensions-with-background-pages --disable-component-update --no-default-browser-check --disable-default-apps --disable-dev-shm-usage --disable-extensions --disable-features=AvoidUnnecessaryBeforeUnloadCheckSync,BoundaryEventDispatchTracksNodeRemoval,DestroyProfileOnBrowserClose,DialMediaRouteProvider,GlobalMediaControls,HttpsUpgrades,LensOverlay,MediaRouter,PaintHolding,ThirdPartyStoragePartitioning,Translate,AutoDeElevate,RenderDocument,OptimizationHints --enable-features=CDPScreenshotNewSurface --allow-pre-commit-input --disable-hang-monitor --disable-ipc-flooding-protection --disable-popup-blocking --disable-prompt-on-repost --disable-renderer-backgrounding --force-color-profile=srgb --metrics-recording-only --no-first-run --password-store=basic --use-mock-keychain --no-service-autorun --export-tagged-pdf --disable-search-engine-choice-screen --unsafely-disable-devtools-self-xss-warnings --edge-skip-compat-layer-relaunch --enable-automation --disable-infobars --disable-search-engine-choice-screen --disable-sync --enable-unsafe-swiftshader --headless --hide-scrollbars --mute-audio --blink-settings=primaryHoverType=2,availableHoverTypes=2,primaryPointerType=4,availablePointerTypes=4 --no-sandbox --user-data-dir=/tmp/playwright_chromiumdev_profile-uTzHmV --remote-debugging-pipe --no-startup-window
<launched> pid=3082
[pid=3082][err] /root/.cache/ms-playwright/chromium_headless_shell-1208/chrome-headless-shell-linux64/chrome-headless-shell: error while loading shared libraries: libatk-1.0.so.0: cannot open shared object file: No such file or directory
Call log:
  - <launching> /root/.cache/ms-playwright/chromium_headless_shell-1208/chrome-headless-shell-linux64/chrome-headless-shell --disable-field-trial-config --disable-background-networking --disable-background-timer-throttling --disable-backgrounding-occluded-windows --disable-back-forward-cache --disable-breakpad --disable-client-side-phishing-detection --disable-component-extensions-with-background-pages --disable-component-update --no-default-browser-check --disable-default-apps --disable-dev-shm-usage --disable-extensions --disable-features=AvoidUnnecessaryBeforeUnloadCheckSync,BoundaryEventDispatchTracksNodeRemoval,DestroyProfileOnBrowserClose,DialMediaRouteProvider,GlobalMediaControls,HttpsUpgrades,LensOverlay,MediaRouter,PaintHolding,ThirdPartyStoragePartitioning,Translate,AutoDeElevate,RenderDocument,OptimizationHints --enable-features=CDPScreenshotNewSurface --allow-pre-commit-input --disable-hang-monitor --disable-ipc-flooding-protection --disable-popup-blocking --disable-prompt-on-repost --disable-renderer-backgrounding --force-color-profile=srgb --metrics-recording-only --no-first-run --password-store=basic --use-mock-keychain --no-service-autorun --export-tagged-pdf --disable-search-engine-choice-screen --unsafely-disable-devtools-self-xss-warnings --edge-skip-compat-layer-relaunch --enable-automation --disable-infobars --disable-search-engine-choice-screen --disable-sync --enable-unsafe-swiftshader --headless --hide-scrollbars --mute-audio --blink-settings=primaryHoverType=2,availableHoverTypes=2,primaryPointerType=4,availablePointerTypes=4 --no-sandbox --user-data-dir=/tmp/playwright_chromiumdev_profile-uTzHmV --remote-debugging-pipe --no-startup-window
  - <launched> pid=3082
  - [pid=3082][err] /root/.cache/ms-playwright/chromium_headless_shell-1208/chrome-headless-shell-linux64/chrome-headless-shell: error while loading shared libraries: libatk-1.0.so.0: cannot open shared object file: No such file or directory
  - [pid=3082] <gracefully close start>
  - [pid=3082] <kill>
  - [pid=3082] <will force kill>
  - [pid=3082] exception while trying to kill process: Error: kill ESRCH
  - [pid=3082] <process did exit: exitCode=127, signal=null>
  - [pid=3082] starting temporary directories cleanup
  - [pid=3082] finished temporary directories cleanup
  - [pid=3082] <gracefully close end>",,,,Low,0.0,False,False,False,,failed_fetch_strict_lexical_suspected,,fetch_timeout_or_fetch_failed,hashing_shortlist
334,jigo1.com,https://jigo1.com,02-04-2026.csv,Jio,jio.com,0.8933,True,True,True,False,0,0,0,0,0,False,lexical_hit,False,False,False,0,0,0,False,False,jigo1.com,,0,True,lexical_hit,True,True,True,resolved,accepted,failed,failed,RayTaskError(TargetClosedError),"[36mray::_HashBrowserActorImpl.render()[39m (pid=708, ip=172.19.2.2, actor_id=c8fdda542d9e67d0171c86b701000000, repr=<phishing_pipeline.ray_runtime._HashBrowserActorImpl object at 0x79690ef41340>)
  File ""/usr/lib/python3.12/concurrent/futures/_base.py"", line 449, in result
    return self.__get_result()
           ^^^^^^^^^^^^^^^^^^^
  File ""/usr/lib/python3.12/concurrent/futures/_base.py"", line 401, in __get_result
    raise self._exception
           ^^^^^^^^^^^^^^^^^^^^^^^^^^^^^^^^^^^^^
  File ""/kaggle/working/phishing_ml/phishing_pipeline/ray_runtime.py"", line 666, in render
    await self._ensure_browser()
           ^^^^^^^^^^^^^^^^^^^^^^^^^^^^^^^^^^^^^
  File ""/kaggle/working/phishing_ml/phishing_pipeline/ray_runtime.py"", line 645, in _ensure_browser
    self._browser = await self._playwright.chromium.launch(**launch_kwargs)
                    ^^^^^^^^^^^^^^^^^^^^^^^^^^^^^^^^^^^^^^^^^^^^^^^^^^^^^^^
  File ""/usr/local/lib/python3.12/dist-packages/playwright/async_api/_generated.py"", line 14547, in launch
    await self._impl_obj.launch(
  File ""/usr/local/lib/python3.12/dist-packages/playwright/_impl/_browser_type.py"", line 97, in launch
    await self._channel.send(
  File ""/usr/local/lib/python3.12/dist-packages/playwright/_impl/_connection.py"", line 69, in send
    return await self._connection.wrap_api_call(
           ^^^^^^^^^^^^^^^^^^^^^^^^^^^^^^^^^^^^^
  File ""/usr/local/lib/python3.12/dist-packages/playwright/_impl/_connection.py"", line 559, in wrap_api_call
    raise rewrite_error(error, f""{parsed_st['apiName']}: {error}"") from None
playwright._impl._errors.TargetClosedError: BrowserType.launch: Target page, context or browser has been closed
Browser logs:

<launching> /root/.cache/ms-playwright/chromium_headless_shell-1208/chrome-headless-shell-linux64/chrome-headless-shell --disable-field-trial-config --disable-background-networking --disable-background-timer-throttling --disable-backgrounding-occluded-windows --disable-back-forward-cache --disable-breakpad --disable-client-side-phishing-detection --disable-component-extensions-with-background-pages --disable-component-update --no-default-browser-check --disable-default-apps --disable-dev-shm-usage --disable-extensions --disable-features=AvoidUnnecessaryBeforeUnloadCheckSync,BoundaryEventDispatchTracksNodeRemoval,DestroyProfileOnBrowserClose,DialMediaRouteProvider,GlobalMediaControls,HttpsUpgrades,LensOverlay,MediaRouter,PaintHolding,ThirdPartyStoragePartitioning,Translate,AutoDeElevate,RenderDocument,OptimizationHints --enable-features=CDPScreenshotNewSurface --allow-pre-commit-input --disable-hang-monitor --disable-ipc-flooding-protection --disable-popup-blocking --disable-prompt-on-repost --disable-renderer-backgrounding --force-color-profile=srgb --metrics-recording-only --no-first-run --password-store=basic --use-mock-keychain --no-service-autorun --export-tagged-pdf --disable-search-engine-choice-screen --unsafely-disable-devtools-self-xss-warnings --edge-skip-compat-layer-relaunch --enable-automation --disable-infobars --disable-search-engine-choice-screen --disable-sync --enable-unsafe-swiftshader --headless --hide-scrollbars --mute-audio --blink-settings=primaryHoverType=2,availableHoverTypes=2,primaryPointerType=4,availablePointerTypes=4 --no-sandbox --user-data-dir=/tmp/playwright_chromiumdev_profile-8X1ARW --remote-debugging-pipe --no-startup-window
<launched> pid=3123
[pid=3123][err] /root/.cache/ms-playwright/chromium_headless_shell-1208/chrome-headless-shell-linux64/chrome-headless-shell: error while loading shared libraries: libatk-1.0.so.0: cannot open shared object file: No such file or directory
Call log:
  - <launching> /root/.cache/ms-playwright/chromium_headless_shell-1208/chrome-headless-shell-linux64/chrome-headless-shell --disable-field-trial-config --disable-background-networking --disable-background-timer-throttling --disable-backgrounding-occluded-windows --disable-back-forward-cache --disable-breakpad --disable-client-side-phishing-detection --disable-component-extensions-with-background-pages --disable-component-update --no-default-browser-check --disable-default-apps --disable-dev-shm-usage --disable-extensions --disable-features=AvoidUnnecessaryBeforeUnloadCheckSync,BoundaryEventDispatchTracksNodeRemoval,DestroyProfileOnBrowserClose,DialMediaRouteProvider,GlobalMediaControls,HttpsUpgrades,LensOverlay,MediaRouter,PaintHolding,ThirdPartyStoragePartitioning,Translate,AutoDeElevate,RenderDocument,OptimizationHints --enable-features=CDPScreenshotNewSurface --allow-pre-commit-input --disable-hang-monitor --disable-ipc-flooding-protection --disable-popup-blocking --disable-prompt-on-repost --disable-renderer-backgrounding --force-color-profile=srgb --metrics-recording-only --no-first-run --password-store=basic --use-mock-keychain --no-service-autorun --export-tagged-pdf --disable-search-engine-choice-screen --unsafely-disable-devtools-self-xss-warnings --edge-skip-compat-layer-relaunch --enable-automation --disable-infobars --disable-search-engine-choice-screen --disable-sync --enable-unsafe-swiftshader --headless --hide-scrollbars --mute-audio --blink-settings=primaryHoverType=2,availableHoverTypes=2,primaryPointerType=4,availablePointerTypes=4 --no-sandbox --user-data-dir=/tmp/playwright_chromiumdev_profile-8X1ARW --remote-debugging-pipe --no-startup-window
  - <launched> pid=3123
  - [pid=3123][err] /root/.cache/ms-playwright/chromium_headless_shell-1208/chrome-headless-shell-linux64/chrome-headless-shell: error while loading shared libraries: libatk-1.0.so.0: cannot open shared object file: No such file or directory
  - [pid=3123] <gracefully close start>
  - [pid=3123] <kill>
  - [pid=3123] <will force kill>
  - [pid=3123] exception while trying to kill process: Error: kill ESRCH
  - [pid=3123] <process did exit: exitCode=127, signal=null>
  - [pid=3123] starting temporary directories cleanup
  - [pid=3123] finished temporary directories cleanup
  - [pid=3123] <gracefully close end>",,,,Low,0.0,False,False,False,,failed_fetch_strict_lexical_suspected,,fetch_timeout_or_fetch_failed,hashing_shortlist
335,canarabanktrade.com,https://canarabanktrade.com,02-04-2026.csv,Canara Bank,canararobeco.com,0.8478,True,True,False,False,0,0,0,0,0,False,lexical_hit,False,False,False,0,0,0,False,False,canarabanktrade.com,,0,True,lexical_hit,True,True,True,resolved,accepted,failed,failed,RayTaskError(TargetClosedError),"[36mray::_HashBrowserActorImpl.render()[39m (pid=708, ip=172.19.2.2, actor_id=c8fdda542d9e67d0171c86b701000000, repr=<phishing_pipeline.ray_runtime._HashBrowserActorImpl object at 0x79690ef41340>)
  File ""/usr/lib/python3.12/concurrent/futures/_base.py"", line 449, in result
    return self.__get_result()
           ^^^^^^^^^^^^^^^^^^^
  File ""/usr/lib/python3.12/concurrent/futures/_base.py"", line 401, in __get_result
    raise self._exception
           ^^^^^^^^^^^^^^^^^^^^^^^^^^^^^^^^^^^^^
  File ""/kaggle/working/phishing_ml/phishing_pipeline/ray_runtime.py"", line 666, in render
    await self._ensure_browser()
           ^^^^^^^^^^^^^^^^^^^^^^^^^^^^^^^^^^^^^
  File ""/kaggle/working/phishing_ml/phishing_pipeline/ray_runtime.py"", line 645, in _ensure_browser
    self._browser = await self._playwright.chromium.launch(**launch_kwargs)
                    ^^^^^^^^^^^^^^^^^^^^^^^^^^^^^^^^^^^^^^^^^^^^^^^^^^^^^^^
  File ""/usr/local/lib/python3.12/dist-packages/playwright/async_api/_generated.py"", line 14547, in launch
    await self._impl_obj.launch(
  File ""/usr/local/lib/python3.12/dist-packages/playwright/_impl/_browser_type.py"", line 97, in launch
    await self._channel.send(
  File ""/usr/local/lib/python3.12/dist-packages/playwright/_impl/_connection.py"", line 69, in send
    return await self._connection.wrap_api_call(
           ^^^^^^^^^^^^^^^^^^^^^^^^^^^^^^^^^^^^^
  File ""/usr/local/lib/python3.12/dist-packages/playwright/_impl/_connection.py"", line 559, in wrap_api_call
    raise rewrite_error(error, f""{parsed_st['apiName']}: {error}"") from None
playwright._impl._errors.TargetClosedError: BrowserType.launch: Target page, context or browser has been closed
Browser logs:

<launching> /root/.cache/ms-playwright/chromium_headless_shell-1208/chrome-headless-shell-linux64/chrome-headless-shell --disable-field-trial-config --disable-background-networking --disable-background-timer-throttling --disable-backgrounding-occluded-windows --disable-back-forward-cache --disable-breakpad --disable-client-side-phishing-detection --disable-component-extensions-with-background-pages --disable-component-update --no-default-browser-check --disable-default-apps --disable-dev-shm-usage --disable-extensions --disable-features=AvoidUnnecessaryBeforeUnloadCheckSync,BoundaryEventDispatchTracksNodeRemoval,DestroyProfileOnBrowserClose,DialMediaRouteProvider,GlobalMediaControls,HttpsUpgrades,LensOverlay,MediaRouter,PaintHolding,ThirdPartyStoragePartitioning,Translate,AutoDeElevate,RenderDocument,OptimizationHints --enable-features=CDPScreenshotNewSurface --allow-pre-commit-input --disable-hang-monitor --disable-ipc-flooding-protection --disable-popup-blocking --disable-prompt-on-repost --disable-renderer-backgrounding --force-color-profile=srgb --metrics-recording-only --no-first-run --password-store=basic --use-mock-keychain --no-service-autorun --export-tagged-pdf --disable-search-engine-choice-screen --unsafely-disable-devtools-self-xss-warnings --edge-skip-compat-layer-relaunch --enable-automation --disable-infobars --disable-search-engine-choice-screen --disable-sync --enable-unsafe-swiftshader --headless --hide-scrollbars --mute-audio --blink-settings=primaryHoverType=2,availableHoverTypes=2,primaryPointerType=4,availablePointerTypes=4 --no-sandbox --user-data-dir=/tmp/playwright_chromiumdev_profile-ttMTMW --remote-debugging-pipe --no-startup-window
<launched> pid=3135
[pid=3135][err] /root/.cache/ms-playwright/chromium_headless_shell-1208/chrome-headless-shell-linux64/chrome-headless-shell: error while loading shared libraries: libatk-1.0.so.0: cannot open shared object file: No such file or directory
Call log:
  - <launching> /root/.cache/ms-playwright/chromium_headless_shell-1208/chrome-headless-shell-linux64/chrome-headless-shell --disable-field-trial-config --disable-background-networking --disable-background-timer-throttling --disable-backgrounding-occluded-windows --disable-back-forward-cache --disable-breakpad --disable-client-side-phishing-detection --disable-component-extensions-with-background-pages --disable-component-update --no-default-browser-check --disable-default-apps --disable-dev-shm-usage --disable-extensions --disable-features=AvoidUnnecessaryBeforeUnloadCheckSync,BoundaryEventDispatchTracksNodeRemoval,DestroyProfileOnBrowserClose,DialMediaRouteProvider,GlobalMediaControls,HttpsUpgrades,LensOverlay,MediaRouter,PaintHolding,ThirdPartyStoragePartitioning,Translate,AutoDeElevate,RenderDocument,OptimizationHints --enable-features=CDPScreenshotNewSurface --allow-pre-commit-input --disable-hang-monitor --disable-ipc-flooding-protection --disable-popup-blocking --disable-prompt-on-repost --disable-renderer-backgrounding --force-color-profile=srgb --metrics-recording-only --no-first-run --password-store=basic --use-mock-keychain --no-service-autorun --export-tagged-pdf --disable-search-engine-choice-screen --unsafely-disable-devtools-self-xss-warnings --edge-skip-compat-layer-relaunch --enable-automation --disable-infobars --disable-search-engine-choice-screen --disable-sync --enable-unsafe-swiftshader --headless --hide-scrollbars --mute-audio --blink-settings=primaryHoverType=2,availableHoverTypes=2,primaryPointerType=4,availablePointerTypes=4 --no-sandbox --user-data-dir=/tmp/playwright_chromiumdev_profile-ttMTMW --remote-debugging-pipe --no-startup-window
  - <launched> pid=3135
  - [pid=3135][err] /root/.cache/ms-playwright/chromium_headless_shell-1208/chrome-headless-shell-linux64/chrome-headless-shell: error while loading shared libraries: libatk-1.0.so.0: cannot open shared object file: No such file or directory
  - [pid=3135] <gracefully close start>
  - [pid=3135] <kill>
  - [pid=3135] <will force kill>
  - [pid=3135] exception while trying to kill process: Error: kill ESRCH
  - [pid=3135] <process did exit: exitCode=127, signal=null>
  - [pid=3135] starting temporary directories cleanup
  - [pid=3135] finished temporary directories cleanup
  - [pid=3135] <gracefully close end>",,,,Low,0.0,False,False,False,,failed_fetch_strict_lexical_suspected,,fetch_timeout_or_fetch_failed,hashing_shortlist
337,bri-axis.com,https://bri-axis.com,02-04-2026.csv,Axis Bank,axismf.com,0.6014,True,True,False,False,0,0,0,0,0,False,lexical_hit,False,False,False,0,0,0,False,False,bri-axis.com,,0,True,lexical_hit,True,True,True,resolved,accepted,failed,failed,RayTaskError(TargetClosedError),"[36mray::_HashBrowserActorImpl.render()[39m (pid=708, ip=172.19.2.2, actor_id=c8fdda542d9e67d0171c86b701000000, repr=<phishing_pipeline.ray_runtime._HashBrowserActorImpl object at 0x79690ef41340>)
  File ""/usr/lib/python3.12/concurrent/futures/_base.py"", line 449, in result
    return self.__get_result()
           ^^^^^^^^^^^^^^^^^^^
  File ""/usr/lib/python3.12/concurrent/futures/_base.py"", line 401, in __get_result
    raise self._exception
           ^^^^^^^^^^^^^^^^^^^^^^^^^^^^^^^^^^^^^
  File ""/kaggle/working/phishing_ml/phishing_pipeline/ray_runtime.py"", line 666, in render
    await self._ensure_browser()
           ^^^^^^^^^^^^^^^^^^^^^^^^^^^^^^^^^^^^^
  File ""/kaggle/working/phishing_ml/phishing_pipeline/ray_runtime.py"", line 645, in _ensure_browser
    self._browser = await self._playwright.chromium.launch(**launch_kwargs)
                    ^^^^^^^^^^^^^^^^^^^^^^^^^^^^^^^^^^^^^^^^^^^^^^^^^^^^^^^
  File ""/usr/local/lib/python3.12/dist-packages/playwright/async_api/_generated.py"", line 14547, in launch
    await self._impl_obj.launch(
  File ""/usr/local/lib/python3.12/dist-packages/playwright/_impl/_browser_type.py"", line 97, in launch
    await self._channel.send(
  File ""/usr/local/lib/python3.12/dist-packages/playwright/_impl/_connection.py"", line 69, in send
    return await self._connection.wrap_api_call(
           ^^^^^^^^^^^^^^^^^^^^^^^^^^^^^^^^^^^^^
  File ""/usr/local/lib/python3.12/dist-packages/playwright/_impl/_connection.py"", line 559, in wrap_api_call
    raise rewrite_error(error, f""{parsed_st['apiName']}: {error}"") from None
playwright._impl._errors.TargetClosedError: BrowserType.launch: Target page, context or browser has been closed
Browser logs:

<launching> /root/.cache/ms-playwright/chromium_headless_shell-1208/chrome-headless-shell-linux64/chrome-headless-shell --disable-field-trial-config --disable-background-networking --disable-background-timer-throttling --disable-backgrounding-occluded-windows --disable-back-forward-cache --disable-breakpad --disable-client-side-phishing-detection --disable-component-extensions-with-background-pages --disable-component-update --no-default-browser-check --disable-default-apps --disable-dev-shm-usage --disable-extensions --disable-features=AvoidUnnecessaryBeforeUnloadCheckSync,BoundaryEventDispatchTracksNodeRemoval,DestroyProfileOnBrowserClose,DialMediaRouteProvider,GlobalMediaControls,HttpsUpgrades,LensOverlay,MediaRouter,PaintHolding,ThirdPartyStoragePartitioning,Translate,AutoDeElevate,RenderDocument,OptimizationHints --enable-features=CDPScreenshotNewSurface --allow-pre-commit-input --disable-hang-monitor --disable-ipc-flooding-protection --disable-popup-blocking --disable-prompt-on-repost --disable-renderer-backgrounding --force-color-profile=srgb --metrics-recording-only --no-first-run --password-store=basic --use-mock-keychain --no-service-autorun --export-tagged-pdf --disable-search-engine-choice-screen --unsafely-disable-devtools-self-xss-warnings --edge-skip-compat-layer-relaunch --enable-automation --disable-infobars --disable-search-engine-choice-screen --disable-sync --enable-unsafe-swiftshader --headless --hide-scrollbars --mute-audio --blink-settings=primaryHoverType=2,availableHoverTypes=2,primaryPointerType=4,availablePointerTypes=4 --no-sandbox --user-data-dir=/tmp/playwright_chromiumdev_profile-sRqsbw --remote-debugging-pipe --no-startup-window
<launched> pid=3147
[pid=3147][err] /root/.cache/ms-playwright/chromium_headless_shell-1208/chrome-headless-shell-linux64/chrome-headless-shell: error while loading shared libraries: libatk-1.0.so.0: cannot open shared object file: No such file or directory
Call log:
  - <launching> /root/.cache/ms-playwright/chromium_headless_shell-1208/chrome-headless-shell-linux64/chrome-headless-shell --disable-field-trial-config --disable-background-networking --disable-background-timer-throttling --disable-backgrounding-occluded-windows --disable-back-forward-cache --disable-breakpad --disable-client-side-phishing-detection --disable-component-extensions-with-background-pages --disable-component-update --no-default-browser-check --disable-default-apps --disable-dev-shm-usage --disable-extensions --disable-features=AvoidUnnecessaryBeforeUnloadCheckSync,BoundaryEventDispatchTracksNodeRemoval,DestroyProfileOnBrowserClose,DialMediaRouteProvider,GlobalMediaControls,HttpsUpgrades,LensOverlay,MediaRouter,PaintHolding,ThirdPartyStoragePartitioning,Translate,AutoDeElevate,RenderDocument,OptimizationHints --enable-features=CDPScreenshotNewSurface --allow-pre-commit-input --disable-hang-monitor --disable-ipc-flooding-protection --disable-popup-blocking --disable-prompt-on-repost --disable-renderer-backgrounding --force-color-profile=srgb --metrics-recording-only --no-first-run --password-store=basic --use-mock-keychain --no-service-autorun --export-tagged-pdf --disable-search-engine-choice-screen --unsafely-disable-devtools-self-xss-warnings --edge-skip-compat-layer-relaunch --enable-automation --disable-infobars --disable-search-engine-choice-screen --disable-sync --enable-unsafe-swiftshader --headless --hide-scrollbars --mute-audio --blink-settings=primaryHoverType=2,availableHoverTypes=2,primaryPointerType=4,availablePointerTypes=4 --no-sandbox --user-data-dir=/tmp/playwright_chromiumdev_profile-sRqsbw --remote-debugging-pipe --no-startup-window
  - <launched> pid=3147
  - [pid=3147][err] /root/.cache/ms-playwright/chromium_headless_shell-1208/chrome-headless-shell-linux64/chrome-headless-shell: error while loading shared libraries: libatk-1.0.so.0: cannot open shared object file: No such file or directory
  - [pid=3147] <gracefully close start>
  - [pid=3147] <kill>
  - [pid=3147] <will force kill>
  - [pid=3147] exception while trying to kill process: Error: kill ESRCH
  - [pid=3147] <process did exit: exitCode=127, signal=null>
  - [pid=3147] starting temporary directories cleanup
  - [pid=3147] finished temporary directories cleanup
  - [pid=3147] <gracefully close end>",,,,Low,0.0,False,False,False,,failed_fetch_strict_lexical_suspected,,fetch_timeout_or_fetch_failed,hashing_shortlist
338,camsmile.com,https://camsmile.com,02-04-2026.csv,Computer Age Management Services Ltd. (CAMS),camsonline.com,0.8864,True,True,True,False,0,0,0,0,0,False,lexical_hit,False,False,False,0,0,0,False,False,camsmile.com,,0,True,lexical_hit,True,True,True,resolved,accepted,failed,failed,RayTaskError(TargetClosedError),"[36mray::_HashBrowserActorImpl.render()[39m (pid=708, ip=172.19.2.2, actor_id=c8fdda542d9e67d0171c86b701000000, repr=<phishing_pipeline.ray_runtime._HashBrowserActorImpl object at 0x79690ef41340>)
  File ""/usr/lib/python3.12/concurrent/futures/_base.py"", line 449, in result
    return self.__get_result()
           ^^^^^^^^^^^^^^^^^^^
  File ""/usr/lib/python3.12/concurrent/futures/_base.py"", line 401, in __get_result
    raise self._exception
           ^^^^^^^^^^^^^^^^^^^^^^^^^^^^^^^^^^^^^
  File ""/kaggle/working/phishing_ml/phishing_pipeline/ray_runtime.py"", line 666, in render
    await self._ensure_browser()
           ^^^^^^^^^^^^^^^^^^^^^^^^^^^^^^^^^^^^^
  File ""/kaggle/working/phishing_ml/phishing_pipeline/ray_runtime.py"", line 645, in _ensure_browser
    self._browser = await self._playwright.chromium.launch(**launch_kwargs)
                    ^^^^^^^^^^^^^^^^^^^^^^^^^^^^^^^^^^^^^^^^^^^^^^^^^^^^^^^
  File ""/usr/local/lib/python3.12/dist-packages/playwright/async_api/_generated.py"", line 14547, in launch
    await self._impl_obj.launch(
  File ""/usr/local/lib/python3.12/dist-packages/playwright/_impl/_browser_type.py"", line 97, in launch
    await self._channel.send(
  File ""/usr/local/lib/python3.12/dist-packages/playwright/_impl/_connection.py"", line 69, in send
    return await self._connection.wrap_api_call(
           ^^^^^^^^^^^^^^^^^^^^^^^^^^^^^^^^^^^^^
  File ""/usr/local/lib/python3.12/dist-packages/playwright/_impl/_connection.py"", line 559, in wrap_api_call
    raise rewrite_error(error, f""{parsed_st['apiName']}: {error}"") from None
playwright._impl._errors.TargetClosedError: BrowserType.launch: Target page, context or browser has been closed
Browser logs:

<launching> /root/.cache/ms-playwright/chromium_headless_shell-1208/chrome-headless-shell-linux64/chrome-headless-shell --disable-field-trial-config --disable-background-networking --disable-background-timer-throttling --disable-backgrounding-occluded-windows --disable-back-forward-cache --disable-breakpad --disable-client-side-phishing-detection --disable-component-extensions-with-background-pages --disable-component-update --no-default-browser-check --disable-default-apps --disable-dev-shm-usage --disable-extensions --disable-features=AvoidUnnecessaryBeforeUnloadCheckSync,BoundaryEventDispatchTracksNodeRemoval,DestroyProfileOnBrowserClose,DialMediaRouteProvider,GlobalMediaControls,HttpsUpgrades,LensOverlay,MediaRouter,PaintHolding,ThirdPartyStoragePartitioning,Translate,AutoDeElevate,RenderDocument,OptimizationHints --enable-features=CDPScreenshotNewSurface --allow-pre-commit-input --disable-hang-monitor --disable-ipc-flooding-protection --disable-popup-blocking --disable-prompt-on-repost --disable-renderer-backgrounding --force-color-profile=srgb --metrics-recording-only --no-first-run --password-store=basic --use-mock-keychain --no-service-autorun --export-tagged-pdf --disable-search-engine-choice-screen --unsafely-disable-devtools-self-xss-warnings --edge-skip-compat-layer-relaunch --enable-automation --disable-infobars --disable-search-engine-choice-screen --disable-sync --enable-unsafe-swiftshader --headless --hide-scrollbars --mute-audio --blink-settings=primaryHoverType=2,availableHoverTypes=2,primaryPointerType=4,availablePointerTypes=4 --no-sandbox --user-data-dir=/tmp/playwright_chromiumdev_profile-3tdQqp --remote-debugging-pipe --no-startup-window
<launched> pid=3167
[pid=3167][err] /root/.cache/ms-playwright/chromium_headless_shell-1208/chrome-headless-shell-linux64/chrome-headless-shell: error while loading shared libraries: libatk-1.0.so.0: cannot open shared object file: No such file or directory
Call log:
  - <launching> /root/.cache/ms-playwright/chromium_headless_shell-1208/chrome-headless-shell-linux64/chrome-headless-shell --disable-field-trial-config --disable-background-networking --disable-background-timer-throttling --disable-backgrounding-occluded-windows --disable-back-forward-cache --disable-breakpad --disable-client-side-phishing-detection --disable-component-extensions-with-background-pages --disable-component-update --no-default-browser-check --disable-default-apps --disable-dev-shm-usage --disable-extensions --disable-features=AvoidUnnecessaryBeforeUnloadCheckSync,BoundaryEventDispatchTracksNodeRemoval,DestroyProfileOnBrowserClose,DialMediaRouteProvider,GlobalMediaControls,HttpsUpgrades,LensOverlay,MediaRouter,PaintHolding,ThirdPartyStoragePartitioning,Translate,AutoDeElevate,RenderDocument,OptimizationHints --enable-features=CDPScreenshotNewSurface --allow-pre-commit-input --disable-hang-monitor --disable-ipc-flooding-protection --disable-popup-blocking --disable-prompt-on-repost --disable-renderer-backgrounding --force-color-profile=srgb --metrics-recording-only --no-first-run --password-store=basic --use-mock-keychain --no-service-autorun --export-tagged-pdf --disable-search-engine-choice-screen --unsafely-disable-devtools-self-xss-warnings --edge-skip-compat-layer-relaunch --enable-automation --disable-infobars --disable-search-engine-choice-screen --disable-sync --enable-unsafe-swiftshader --headless --hide-scrollbars --mute-audio --blink-settings=primaryHoverType=2,availableHoverTypes=2,primaryPointerType=4,availablePointerTypes=4 --no-sandbox --user-data-dir=/tmp/playwright_chromiumdev_profile-3tdQqp --remote-debugging-pipe --no-startup-window
  - <launched> pid=3167
  - [pid=3167][err] /root/.cache/ms-playwright/chromium_headless_shell-1208/chrome-headless-shell-linux64/chrome-headless-shell: error while loading shared libraries: libatk-1.0.so.0: cannot open shared object file: No such file or directory
  - [pid=3167] <gracefully close start>
  - [pid=3167] <kill>
  - [pid=3167] <will force kill>
  - [pid=3167] exception while trying to kill process: Error: kill ESRCH
  - [pid=3167] <process did exit: exitCode=127, signal=null>
  - [pid=3167] starting temporary directories cleanup
  - [pid=3167] finished temporary directories cleanup
  - [pid=3167] <gracefully close end>",,,,Low,0.0,False,False,False,,failed_fetch_strict_lexical_suspected,,fetch_timeout_or_fetch_failed,hashing_shortlist
343,jinopt.com,https://jinopt.com,02-04-2026.csv,Jio,jio.com,0.8667,True,True,True,False,0,0,0,0,0,False,lexical_hit,False,False,False,0,0,0,False,False,jinopt.com,,0,True,lexical_hit,True,True,True,resolved,accepted,failed,failed,RayTaskError(TargetClosedError),"[36mray::_HashBrowserActorImpl.render()[39m (pid=708, ip=172.19.2.2, actor_id=c8fdda542d9e67d0171c86b701000000, repr=<phishing_pipeline.ray_runtime._HashBrowserActorImpl object at 0x79690ef41340>)
  File ""/usr/lib/python3.12/concurrent/futures/_base.py"", line 449, in result
    return self.__get_result()
           ^^^^^^^^^^^^^^^^^^^
  File ""/usr/lib/python3.12/concurrent/futures/_base.py"", line 401, in __get_result
    raise self._exception
           ^^^^^^^^^^^^^^^^^^^^^^^^^^^^^^^^^^^^^
  File ""/kaggle/working/phishing_ml/phishing_pipeline/ray_runtime.py"", line 666, in render
    await self._ensure_browser()
           ^^^^^^^^^^^^^^^^^^^^^^^^^^^^^^^^^^^^^
  File ""/kaggle/working/phishing_ml/phishing_pipeline/ray_runtime.py"", line 645, in _ensure_browser
    self._browser = await self._playwright.chromium.launch(**launch_kwargs)
                    ^^^^^^^^^^^^^^^^^^^^^^^^^^^^^^^^^^^^^^^^^^^^^^^^^^^^^^^
  File ""/usr/local/lib/python3.12/dist-packages/playwright/async_api/_generated.py"", line 14547, in launch
    await self._impl_obj.launch(
  File ""/usr/local/lib/python3.12/dist-packages/playwright/_impl/_browser_type.py"", line 97, in launch
    await self._channel.send(
  File ""/usr/local/lib/python3.12/dist-packages/playwright/_impl/_connection.py"", line 69, in send
    return await self._connection.wrap_api_call(
           ^^^^^^^^^^^^^^^^^^^^^^^^^^^^^^^^^^^^^
  File ""/usr/local/lib/python3.12/dist-packages/playwright/_impl/_connection.py"", line 559, in wrap_api_call
    raise rewrite_error(error, f""{parsed_st['apiName']}: {error}"") from None
playwright._impl._errors.TargetClosedError: BrowserType.launch: Target page, context or browser has been closed
Browser logs:

<launching> /root/.cache/ms-playwright/chromium_headless_shell-1208/chrome-headless-shell-linux64/chrome-headless-shell --disable-field-trial-config --disable-background-networking --disable-background-timer-throttling --disable-backgrounding-occluded-windows --disable-back-forward-cache --disable-breakpad --disable-client-side-phishing-detection --disable-component-extensions-with-background-pages --disable-component-update --no-default-browser-check --disable-default-apps --disable-dev-shm-usage --disable-extensions --disable-features=AvoidUnnecessaryBeforeUnloadCheckSync,BoundaryEventDispatchTracksNodeRemoval,DestroyProfileOnBrowserClose,DialMediaRouteProvider,GlobalMediaControls,HttpsUpgrades,LensOverlay,MediaRouter,PaintHolding,ThirdPartyStoragePartitioning,Translate,AutoDeElevate,RenderDocument,OptimizationHints --enable-features=CDPScreenshotNewSurface --allow-pre-commit-input --disable-hang-monitor --disable-ipc-flooding-protection --disable-popup-blocking --disable-prompt-on-repost --disable-renderer-backgrounding --force-color-profile=srgb --metrics-recording-only --no-first-run --password-store=basic --use-mock-keychain --no-service-autorun --export-tagged-pdf --disable-search-engine-choice-screen --unsafely-disable-devtools-self-xss-warnings --edge-skip-compat-layer-relaunch --enable-automation --disable-infobars --disable-search-engine-choice-screen --disable-sync --enable-unsafe-swiftshader --headless --hide-scrollbars --mute-audio --blink-settings=primaryHoverType=2,availableHoverTypes=2,primaryPointerType=4,availablePointerTypes=4 --no-sandbox --user-data-dir=/tmp/playwright_chromiumdev_profile-EQWZyb --remote-debugging-pipe --no-startup-window
<launched> pid=3179
[pid=3179][err] /root/.cache/ms-playwright/chromium_headless_shell-1208/chrome-headless-shell-linux64/chrome-headless-shell: error while loading shared libraries: libatk-1.0.so.0: cannot open shared object file: No such file or directory
Call log:
  - <launching> /root/.cache/ms-playwright/chromium_headless_shell-1208/chrome-headless-shell-linux64/chrome-headless-shell --disable-field-trial-config --disable-background-networking --disable-background-timer-throttling --disable-backgrounding-occluded-windows --disable-back-forward-cache --disable-breakpad --disable-client-side-phishing-detection --disable-component-extensions-with-background-pages --disable-component-update --no-default-browser-check --disable-default-apps --disable-dev-shm-usage --disable-extensions --disable-features=AvoidUnnecessaryBeforeUnloadCheckSync,BoundaryEventDispatchTracksNodeRemoval,DestroyProfileOnBrowserClose,DialMediaRouteProvider,GlobalMediaControls,HttpsUpgrades,LensOverlay,MediaRouter,PaintHolding,ThirdPartyStoragePartitioning,Translate,AutoDeElevate,RenderDocument,OptimizationHints --enable-features=CDPScreenshotNewSurface --allow-pre-commit-input --disable-hang-monitor --disable-ipc-flooding-protection --disable-popup-blocking --disable-prompt-on-repost --disable-renderer-backgrounding --force-color-profile=srgb --metrics-recording-only --no-first-run --password-store=basic --use-mock-keychain --no-service-autorun --export-tagged-pdf --disable-search-engine-choice-screen --unsafely-disable-devtools-self-xss-warnings --edge-skip-compat-layer-relaunch --enable-automation --disable-infobars --disable-search-engine-choice-screen --disable-sync --enable-unsafe-swiftshader --headless --hide-scrollbars --mute-audio --blink-settings=primaryHoverType=2,availableHoverTypes=2,primaryPointerType=4,availablePointerTypes=4 --no-sandbox --user-data-dir=/tmp/playwright_chromiumdev_profile-EQWZyb --remote-debugging-pipe --no-startup-window
  - <launched> pid=3179
  - [pid=3179][err] /root/.cache/ms-playwright/chromium_headless_shell-1208/chrome-headless-shell-linux64/chrome-headless-shell: error while loading shared libraries: libatk-1.0.so.0: cannot open shared object file: No such file or directory
  - [pid=3179] <gracefully close start>
  - [pid=3179] <kill>
  - [pid=3179] <will force kill>
  - [pid=3179] exception while trying to kill process: Error: kill ESRCH
  - [pid=3179] <process did exit: exitCode=127, signal=null>
  - [pid=3179] starting temporary directories cleanup
  - [pid=3179] finished temporary directories cleanup
  - [pid=3179] <gracefully close end>",,,,Low,0.0,False,False,False,,failed_fetch_strict_lexical_suspected,,fetch_timeout_or_fetch_failed,hashing_shortlist
345,canaok.com,https://canaok.com,02-04-2026.csv,Canara Bank,canararobeco.com,0.85,True,True,True,False,0,0,0,0,0,False,lexical_hit,False,False,False,0,0,0,False,False,canaok.com,,0,True,lexical_hit,True,True,True,resolved,accepted,failed,failed,RayTaskError(TargetClosedError),"[36mray::_HashBrowserActorImpl.render()[39m (pid=708, ip=172.19.2.2, actor_id=c8fdda542d9e67d0171c86b701000000, repr=<phishing_pipeline.ray_runtime._HashBrowserActorImpl object at 0x79690ef41340>)
  File ""/usr/lib/python3.12/concurrent/futures/_base.py"", line 449, in result
    return self.__get_result()
           ^^^^^^^^^^^^^^^^^^^
  File ""/usr/lib/python3.12/concurrent/futures/_base.py"", line 401, in __get_result
    raise self._exception
           ^^^^^^^^^^^^^^^^^^^^^^^^^^^^^^^^^^^^^
  File ""/kaggle/working/phishing_ml/phishing_pipeline/ray_runtime.py"", line 666, in render
    await self._ensure_browser()
           ^^^^^^^^^^^^^^^^^^^^^^^^^^^^^^^^^^^^^
  File ""/kaggle/working/phishing_ml/phishing_pipeline/ray_runtime.py"", line 645, in _ensure_browser
    self._browser = await self._playwright.chromium.launch(**launch_kwargs)
                    ^^^^^^^^^^^^^^^^^^^^^^^^^^^^^^^^^^^^^^^^^^^^^^^^^^^^^^^
  File ""/usr/local/lib/python3.12/dist-packages/playwright/async_api/_generated.py"", line 14547, in launch
    await self._impl_obj.launch(
  File ""/usr/local/lib/python3.12/dist-packages/playwright/_impl/_browser_type.py"", line 97, in launch
    await self._channel.send(
  File ""/usr/local/lib/python3.12/dist-packages/playwright/_impl/_connection.py"", line 69, in send
    return await self._connection.wrap_api_call(
           ^^^^^^^^^^^^^^^^^^^^^^^^^^^^^^^^^^^^^
  File ""/usr/local/lib/python3.12/dist-packages/playwright/_impl/_connection.py"", line 559, in wrap_api_call
    raise rewrite_error(error, f""{parsed_st['apiName']}: {error}"") from None
playwright._impl._errors.TargetClosedError: BrowserType.launch: Target page, context or browser has been closed
Browser logs:

<launching> /root/.cache/ms-playwright/chromium_headless_shell-1208/chrome-headless-shell-linux64/chrome-headless-shell --disable-field-trial-config --disable-background-networking --disable-background-timer-throttling --disable-backgrounding-occluded-windows --disable-back-forward-cache --disable-breakpad --disable-client-side-phishing-detection --disable-component-extensions-with-background-pages --disable-component-update --no-default-browser-check --disable-default-apps --disable-dev-shm-usage --disable-extensions --disable-features=AvoidUnnecessaryBeforeUnloadCheckSync,BoundaryEventDispatchTracksNodeRemoval,DestroyProfileOnBrowserClose,DialMediaRouteProvider,GlobalMediaControls,HttpsUpgrades,LensOverlay,MediaRouter,PaintHolding,ThirdPartyStoragePartitioning,Translate,AutoDeElevate,RenderDocument,OptimizationHints --enable-features=CDPScreenshotNewSurface --allow-pre-commit-input --disable-hang-monitor --disable-ipc-flooding-protection --disable-popup-blocking --disable-prompt-on-repost --disable-renderer-backgrounding --force-color-profile=srgb --metrics-recording-only --no-first-run --password-store=basic --use-mock-keychain --no-service-autorun --export-tagged-pdf --disable-search-engine-choice-screen --unsafely-disable-devtools-self-xss-warnings --edge-skip-compat-layer-relaunch --enable-automation --disable-infobars --disable-search-engine-choice-screen --disable-sync --enable-unsafe-swiftshader --headless --hide-scrollbars --mute-audio --blink-settings=primaryHoverType=2,availableHoverTypes=2,primaryPointerType=4,availablePointerTypes=4 --no-sandbox --user-data-dir=/tmp/playwright_chromiumdev_profile-glixOF --remote-debugging-pipe --no-startup-window
<launched> pid=3191
[pid=3191][err] /root/.cache/ms-playwright/chromium_headless_shell-1208/chrome-headless-shell-linux64/chrome-headless-shell: error while loading shared libraries: libatk-1.0.so.0: cannot open shared object file: No such file or directory
Call log:
  - <launching> /root/.cache/ms-playwright/chromium_headless_shell-1208/chrome-headless-shell-linux64/chrome-headless-shell --disable-field-trial-config --disable-background-networking --disable-background-timer-throttling --disable-backgrounding-occluded-windows --disable-back-forward-cache --disable-breakpad --disable-client-side-phishing-detection --disable-component-extensions-with-background-pages --disable-component-update --no-default-browser-check --disable-default-apps --disable-dev-shm-usage --disable-extensions --disable-features=AvoidUnnecessaryBeforeUnloadCheckSync,BoundaryEventDispatchTracksNodeRemoval,DestroyProfileOnBrowserClose,DialMediaRouteProvider,GlobalMediaControls,HttpsUpgrades,LensOverlay,MediaRouter,PaintHolding,ThirdPartyStoragePartitioning,Translate,AutoDeElevate,RenderDocument,OptimizationHints --enable-features=CDPScreenshotNewSurface --allow-pre-commit-input --disable-hang-monitor --disable-ipc-flooding-protection --disable-popup-blocking --disable-prompt-on-repost --disable-renderer-backgrounding --force-color-profile=srgb --metrics-recording-only --no-first-run --password-store=basic --use-mock-keychain --no-service-autorun --export-tagged-pdf --disable-search-engine-choice-screen --unsafely-disable-devtools-self-xss-warnings --edge-skip-compat-layer-relaunch --enable-automation --disable-infobars --disable-search-engine-choice-screen --disable-sync --enable-unsafe-swiftshader --headless --hide-scrollbars --mute-audio --blink-settings=primaryHoverType=2,availableHoverTypes=2,primaryPointerType=4,availablePointerTypes=4 --no-sandbox --user-data-dir=/tmp/playwright_chromiumdev_profile-glixOF --remote-debugging-pipe --no-startup-window
  - <launched> pid=3191
  - [pid=3191][err] /root/.cache/ms-playwright/chromium_headless_shell-1208/chrome-headless-shell-linux64/chrome-headless-shell: error while loading shared libraries: libatk-1.0.so.0: cannot open shared object file: No such file or directory
  - [pid=3191] <gracefully close start>
  - [pid=3191] <kill>
  - [pid=3191] <will force kill>
  - [pid=3191] exception while trying to kill process: Error: kill ESRCH
  - [pid=3191] <process did exit: exitCode=127, signal=null>
  - [pid=3191] starting temporary directories cleanup
  - [pid=3191] finished temporary directories cleanup
  - [pid=3191] <gracefully close end>",,,,Low,0.0,False,False,False,,failed_fetch_strict_lexical_suspected,,fetch_timeout_or_fetch_failed,hashing_shortlist
350,incometaxcentre.com,https://incometaxcentre.com,02-04-2026.csv,Income Tax Department,incometaxindia.gov.in,0.8762,True,True,True,False,0,0,0,0,0,False,lexical_hit,False,False,False,0,0,0,False,False,incometaxcentre.com,,0,True,lexical_hit,True,True,True,resolved,accepted,failed,failed,RayTaskError(TargetClosedError),"[36mray::_HashBrowserActorImpl.render()[39m (pid=708, ip=172.19.2.2, actor_id=c8fdda542d9e67d0171c86b701000000, repr=<phishing_pipeline.ray_runtime._HashBrowserActorImpl object at 0x79690ef41340>)
  File ""/usr/lib/python3.12/concurrent/futures/_base.py"", line 449, in result
    return self.__get_result()
           ^^^^^^^^^^^^^^^^^^^
  File ""/usr/lib/python3.12/concurrent/futures/_base.py"", line 401, in __get_result
    raise self._exception
           ^^^^^^^^^^^^^^^^^^^^^^^^^^^^^^^^^^^^^
  File ""/kaggle/working/phishing_ml/phishing_pipeline/ray_runtime.py"", line 666, in render
    await self._ensure_browser()
           ^^^^^^^^^^^^^^^^^^^^^^^^^^^^^^^^^^^^^
  File ""/kaggle/working/phishing_ml/phishing_pipeline/ray_runtime.py"", line 645, in _ensure_browser
    self._browser = await self._playwright.chromium.launch(**launch_kwargs)
                    ^^^^^^^^^^^^^^^^^^^^^^^^^^^^^^^^^^^^^^^^^^^^^^^^^^^^^^^
  File ""/usr/local/lib/python3.12/dist-packages/playwright/async_api/_generated.py"", line 14547, in launch
    await self._impl_obj.launch(
  File ""/usr/local/lib/python3.12/dist-packages/playwright/_impl/_browser_type.py"", line 97, in launch
    await self._channel.send(
  File ""/usr/local/lib/python3.12/dist-packages/playwright/_impl/_connection.py"", line 69, in send
    return await self._connection.wrap_api_call(
           ^^^^^^^^^^^^^^^^^^^^^^^^^^^^^^^^^^^^^
  File ""/usr/local/lib/python3.12/dist-packages/playwright/_impl/_connection.py"", line 559, in wrap_api_call
    raise rewrite_error(error, f""{parsed_st['apiName']}: {error}"") from None
playwright._impl._errors.TargetClosedError: BrowserType.launch: Target page, context or browser has been closed
Browser logs:

<launching> /root/.cache/ms-playwright/chromium_headless_shell-1208/chrome-headless-shell-linux64/chrome-headless-shell --disable-field-trial-config --disable-background-networking --disable-background-timer-throttling --disable-backgrounding-occluded-windows --disable-back-forward-cache --disable-breakpad --disable-client-side-phishing-detection --disable-component-extensions-with-background-pages --disable-component-update --no-default-browser-check --disable-default-apps --disable-dev-shm-usage --disable-extensions --disable-features=AvoidUnnecessaryBeforeUnloadCheckSync,BoundaryEventDispatchTracksNodeRemoval,DestroyProfileOnBrowserClose,DialMediaRouteProvider,GlobalMediaControls,HttpsUpgrades,LensOverlay,MediaRouter,PaintHolding,ThirdPartyStoragePartitioning,Translate,AutoDeElevate,RenderDocument,OptimizationHints --enable-features=CDPScreenshotNewSurface --allow-pre-commit-input --disable-hang-monitor --disable-ipc-flooding-protection --disable-popup-blocking --disable-prompt-on-repost --disable-renderer-backgrounding --force-color-profile=srgb --metrics-recording-only --no-first-run --password-store=basic --use-mock-keychain --no-service-autorun --export-tagged-pdf --disable-search-engine-choice-screen --unsafely-disable-devtools-self-xss-warnings --edge-skip-compat-layer-relaunch --enable-automation --disable-infobars --disable-search-engine-choice-screen --disable-sync --enable-unsafe-swiftshader --headless --hide-scrollbars --mute-audio --blink-settings=primaryHoverType=2,availableHoverTypes=2,primaryPointerType=4,availablePointerTypes=4 --no-sandbox --user-data-dir=/tmp/playwright_chromiumdev_profile-9HTZuQ --remote-debugging-pipe --no-startup-window
<launched> pid=3204
[pid=3204][err] /root/.cache/ms-playwright/chromium_headless_shell-1208/chrome-headless-shell-linux64/chrome-headless-shell: error while loading shared libraries: libatk-1.0.so.0: cannot open shared object file: No such file or directory
Call log:
  - <launching> /root/.cache/ms-playwright/chromium_headless_shell-1208/chrome-headless-shell-linux64/chrome-headless-shell --disable-field-trial-config --disable-background-networking --disable-background-timer-throttling --disable-backgrounding-occluded-windows --disable-back-forward-cache --disable-breakpad --disable-client-side-phishing-detection --disable-component-extensions-with-background-pages --disable-component-update --no-default-browser-check --disable-default-apps --disable-dev-shm-usage --disable-extensions --disable-features=AvoidUnnecessaryBeforeUnloadCheckSync,BoundaryEventDispatchTracksNodeRemoval,DestroyProfileOnBrowserClose,DialMediaRouteProvider,GlobalMediaControls,HttpsUpgrades,LensOverlay,MediaRouter,PaintHolding,ThirdPartyStoragePartitioning,Translate,AutoDeElevate,RenderDocument,OptimizationHints --enable-features=CDPScreenshotNewSurface --allow-pre-commit-input --disable-hang-monitor --disable-ipc-flooding-protection --disable-popup-blocking --disable-prompt-on-repost --disable-renderer-backgrounding --force-color-profile=srgb --metrics-recording-only --no-first-run --password-store=basic --use-mock-keychain --no-service-autorun --export-tagged-pdf --disable-search-engine-choice-screen --unsafely-disable-devtools-self-xss-warnings --edge-skip-compat-layer-relaunch --enable-automation --disable-infobars --disable-search-engine-choice-screen --disable-sync --enable-unsafe-swiftshader --headless --hide-scrollbars --mute-audio --blink-settings=primaryHoverType=2,availableHoverTypes=2,primaryPointerType=4,availablePointerTypes=4 --no-sandbox --user-data-dir=/tmp/playwright_chromiumdev_profile-9HTZuQ --remote-debugging-pipe --no-startup-window
  - <launched> pid=3204
  - [pid=3204][err] /root/.cache/ms-playwright/chromium_headless_shell-1208/chrome-headless-shell-linux64/chrome-headless-shell: error while loading shared libraries: libatk-1.0.so.0: cannot open shared object file: No such file or directory
  - [pid=3204] <gracefully close start>
  - [pid=3204] <kill>
  - [pid=3204] <will force kill>
  - [pid=3204] exception while trying to kill process: Error: kill ESRCH
  - [pid=3204] <process did exit: exitCode=127, signal=null>
  - [pid=3204] starting temporary directories cleanup
  - [pid=3204] finished temporary directories cleanup
  - [pid=3204] <gracefully close end>",,,,Low,0.0,False,False,False,,failed_fetch_strict_lexical_suspected,,fetch_timeout_or_fetch_failed,hashing_shortlist
351,axissat.com,https://axissat.com,02-04-2026.csv,Axis Bank,axismf.com,0.8476,True,True,False,False,0,0,0,0,0,False,lexical_hit,False,False,False,0,0,0,False,False,axissat.com,,0,True,lexical_hit,True,True,True,resolved,accepted,failed,failed,RayTaskError(TargetClosedError),"[36mray::_HashBrowserActorImpl.render()[39m (pid=708, ip=172.19.2.2, actor_id=c8fdda542d9e67d0171c86b701000000, repr=<phishing_pipeline.ray_runtime._HashBrowserActorImpl object at 0x79690ef41340>)
  File ""/usr/lib/python3.12/concurrent/futures/_base.py"", line 449, in result
    return self.__get_result()
           ^^^^^^^^^^^^^^^^^^^
  File ""/usr/lib/python3.12/concurrent/futures/_base.py"", line 401, in __get_result
    raise self._exception
           ^^^^^^^^^^^^^^^^^^^^^^^^^^^^^^^^^^^^^
  File ""/kaggle/working/phishing_ml/phishing_pipeline/ray_runtime.py"", line 666, in render
    await self._ensure_browser()
           ^^^^^^^^^^^^^^^^^^^^^^^^^^^^^^^^^^^^^
  File ""/kaggle/working/phishing_ml/phishing_pipeline/ray_runtime.py"", line 645, in _ensure_browser
    self._browser = await self._playwright.chromium.launch(**launch_kwargs)
                    ^^^^^^^^^^^^^^^^^^^^^^^^^^^^^^^^^^^^^^^^^^^^^^^^^^^^^^^
  File ""/usr/local/lib/python3.12/dist-packages/playwright/async_api/_generated.py"", line 14547, in launch
    await self._impl_obj.launch(
  File ""/usr/local/lib/python3.12/dist-packages/playwright/_impl/_browser_type.py"", line 97, in launch
    await self._channel.send(
  File ""/usr/local/lib/python3.12/dist-packages/playwright/_impl/_connection.py"", line 69, in send
    return await self._connection.wrap_api_call(
           ^^^^^^^^^^^^^^^^^^^^^^^^^^^^^^^^^^^^^
  File ""/usr/local/lib/python3.12/dist-packages/playwright/_impl/_connection.py"", line 559, in wrap_api_call
    raise rewrite_error(error, f""{parsed_st['apiName']}: {error}"") from None
playwright._impl._errors.TargetClosedError: BrowserType.launch: Target page, context or browser has been closed
Browser logs:

<launching> /root/.cache/ms-playwright/chromium_headless_shell-1208/chrome-headless-shell-linux64/chrome-headless-shell --disable-field-trial-config --disable-background-networking --disable-background-timer-throttling --disable-backgrounding-occluded-windows --disable-back-forward-cache --disable-breakpad --disable-client-side-phishing-detection --disable-component-extensions-with-background-pages --disable-component-update --no-default-browser-check --disable-default-apps --disable-dev-shm-usage --disable-extensions --disable-features=AvoidUnnecessaryBeforeUnloadCheckSync,BoundaryEventDispatchTracksNodeRemoval,DestroyProfileOnBrowserClose,DialMediaRouteProvider,GlobalMediaControls,HttpsUpgrades,LensOverlay,MediaRouter,PaintHolding,ThirdPartyStoragePartitioning,Translate,AutoDeElevate,RenderDocument,OptimizationHints --enable-features=CDPScreenshotNewSurface --allow-pre-commit-input --disable-hang-monitor --disable-ipc-flooding-protection --disable-popup-blocking --disable-prompt-on-repost --disable-renderer-backgrounding --force-color-profile=srgb --metrics-recording-only --no-first-run --password-store=basic --use-mock-keychain --no-service-autorun --export-tagged-pdf --disable-search-engine-choice-screen --unsafely-disable-devtools-self-xss-warnings --edge-skip-compat-layer-relaunch --enable-automation --disable-infobars --disable-search-engine-choice-screen --disable-sync --enable-unsafe-swiftshader --headless --hide-scrollbars --mute-audio --blink-settings=primaryHoverType=2,availableHoverTypes=2,primaryPointerType=4,availablePointerTypes=4 --no-sandbox --user-data-dir=/tmp/playwright_chromiumdev_profile-onIUhE --remote-debugging-pipe --no-startup-window
<launched> pid=3222
[pid=3222][err] /root/.cache/ms-playwright/chromium_headless_shell-1208/chrome-headless-shell-linux64/chrome-headless-shell: error while loading shared libraries: libatk-1.0.so.0: cannot open shared object file: No such file or directory
Call log:
  - <launching> /root/.cache/ms-playwright/chromium_headless_shell-1208/chrome-headless-shell-linux64/chrome-headless-shell --disable-field-trial-config --disable-background-networking --disable-background-timer-throttling --disable-backgrounding-occluded-windows --disable-back-forward-cache --disable-breakpad --disable-client-side-phishing-detection --disable-component-extensions-with-background-pages --disable-component-update --no-default-browser-check --disable-default-apps --disable-dev-shm-usage --disable-extensions --disable-features=AvoidUnnecessaryBeforeUnloadCheckSync,BoundaryEventDispatchTracksNodeRemoval,DestroyProfileOnBrowserClose,DialMediaRouteProvider,GlobalMediaControls,HttpsUpgrades,LensOverlay,MediaRouter,PaintHolding,ThirdPartyStoragePartitioning,Translate,AutoDeElevate,RenderDocument,OptimizationHints --enable-features=CDPScreenshotNewSurface --allow-pre-commit-input --disable-hang-monitor --disable-ipc-flooding-protection --disable-popup-blocking --disable-prompt-on-repost --disable-renderer-backgrounding --force-color-profile=srgb --metrics-recording-only --no-first-run --password-store=basic --use-mock-keychain --no-service-autorun --export-tagged-pdf --disable-search-engine-choice-screen --unsafely-disable-devtools-self-xss-warnings --edge-skip-compat-layer-relaunch --enable-automation --disable-infobars --disable-search-engine-choice-screen --disable-sync --enable-unsafe-swiftshader --headless --hide-scrollbars --mute-audio --blink-settings=primaryHoverType=2,availableHoverTypes=2,primaryPointerType=4,availablePointerTypes=4 --no-sandbox --user-data-dir=/tmp/playwright_chromiumdev_profile-onIUhE --remote-debugging-pipe --no-startup-window
  - <launched> pid=3222
  - [pid=3222][err] /root/.cache/ms-playwright/chromium_headless_shell-1208/chrome-headless-shell-linux64/chrome-headless-shell: error while loading shared libraries: libatk-1.0.so.0: cannot open shared object file: No such file or directory
  - [pid=3222] <gracefully close start>
  - [pid=3222] <kill>
  - [pid=3222] <will force kill>
  - [pid=3222] exception while trying to kill process: Error: kill ESRCH
  - [pid=3222] <process did exit: exitCode=127, signal=null>
  - [pid=3222] starting temporary directories cleanup
  - [pid=3222] finished temporary directories cleanup
  - [pid=3222] <gracefully close end>",,,,Low,0.0,False,False,False,,failed_fetch_strict_lexical_suspected,,fetch_timeout_or_fetch_failed,hashing_shortlist
353,carmanfairbanks.com,https://carmanfairbanks.com,02-04-2026.csv,Canara Bank,canararobeco.com,0.6917,True,True,False,False,0,0,0,0,0,False,lexical_hit,False,False,False,0,0,0,False,False,carmanfairbanks.com,,0,True,lexical_hit,True,True,True,resolved,accepted,failed,failed,RayTaskError(TargetClosedError),"[36mray::_HashBrowserActorImpl.render()[39m (pid=708, ip=172.19.2.2, actor_id=c8fdda542d9e67d0171c86b701000000, repr=<phishing_pipeline.ray_runtime._HashBrowserActorImpl object at 0x79690ef41340>)
  File ""/usr/lib/python3.12/concurrent/futures/_base.py"", line 449, in result
    return self.__get_result()
           ^^^^^^^^^^^^^^^^^^^
  File ""/usr/lib/python3.12/concurrent/futures/_base.py"", line 401, in __get_result
    raise self._exception
           ^^^^^^^^^^^^^^^^^^^^^^^^^^^^^^^^^^^^^
  File ""/kaggle/working/phishing_ml/phishing_pipeline/ray_runtime.py"", line 666, in render
    await self._ensure_browser()
           ^^^^^^^^^^^^^^^^^^^^^^^^^^^^^^^^^^^^^
  File ""/kaggle/working/phishing_ml/phishing_pipeline/ray_runtime.py"", line 645, in _ensure_browser
    self._browser = await self._playwright.chromium.launch(**launch_kwargs)
                    ^^^^^^^^^^^^^^^^^^^^^^^^^^^^^^^^^^^^^^^^^^^^^^^^^^^^^^^
  File ""/usr/local/lib/python3.12/dist-packages/playwright/async_api/_generated.py"", line 14547, in launch
    await self._impl_obj.launch(
  File ""/usr/local/lib/python3.12/dist-packages/playwright/_impl/_browser_type.py"", line 97, in launch
    await self._channel.send(
  File ""/usr/local/lib/python3.12/dist-packages/playwright/_impl/_connection.py"", line 69, in send
    return await self._connection.wrap_api_call(
           ^^^^^^^^^^^^^^^^^^^^^^^^^^^^^^^^^^^^^
  File ""/usr/local/lib/python3.12/dist-packages/playwright/_impl/_connection.py"", line 559, in wrap_api_call
    raise rewrite_error(error, f""{parsed_st['apiName']}: {error}"") from None
playwright._impl._errors.TargetClosedError: BrowserType.launch: Target page, context or browser has been closed
Browser logs:

<launching> /root/.cache/ms-playwright/chromium_headless_shell-1208/chrome-headless-shell-linux64/chrome-headless-shell --disable-field-trial-config --disable-background-networking --disable-background-timer-throttling --disable-backgrounding-occluded-windows --disable-back-forward-cache --disable-breakpad --disable-client-side-phishing-detection --disable-component-extensions-with-background-pages --disable-component-update --no-default-browser-check --disable-default-apps --disable-dev-shm-usage --disable-extensions --disable-features=AvoidUnnecessaryBeforeUnloadCheckSync,BoundaryEventDispatchTracksNodeRemoval,DestroyProfileOnBrowserClose,DialMediaRouteProvider,GlobalMediaControls,HttpsUpgrades,LensOverlay,MediaRouter,PaintHolding,ThirdPartyStoragePartitioning,Translate,AutoDeElevate,RenderDocument,OptimizationHints --enable-features=CDPScreenshotNewSurface --allow-pre-commit-input --disable-hang-monitor --disable-ipc-flooding-protection --disable-popup-blocking --disable-prompt-on-repost --disable-renderer-backgrounding --force-color-profile=srgb --metrics-recording-only --no-first-run --password-store=basic --use-mock-keychain --no-service-autorun --export-tagged-pdf --disable-search-engine-choice-screen --unsafely-disable-devtools-self-xss-warnings --edge-skip-compat-layer-relaunch --enable-automation --disable-infobars --disable-search-engine-choice-screen --disable-sync --enable-unsafe-swiftshader --headless --hide-scrollbars --mute-audio --blink-settings=primaryHoverType=2,availableHoverTypes=2,primaryPointerType=4,availablePointerTypes=4 --no-sandbox --user-data-dir=/tmp/playwright_chromiumdev_profile-cpxnN8 --remote-debugging-pipe --no-startup-window
<launched> pid=3234
[pid=3234][err] /root/.cache/ms-playwright/chromium_headless_shell-1208/chrome-headless-shell-linux64/chrome-headless-shell: error while loading shared libraries: libatk-1.0.so.0: cannot open shared object file: No such file or directory
Call log:
  - <launching> /root/.cache/ms-playwright/chromium_headless_shell-1208/chrome-headless-shell-linux64/chrome-headless-shell --disable-field-trial-config --disable-background-networking --disable-background-timer-throttling --disable-backgrounding-occluded-windows --disable-back-forward-cache --disable-breakpad --disable-client-side-phishing-detection --disable-component-extensions-with-background-pages --disable-component-update --no-default-browser-check --disable-default-apps --disable-dev-shm-usage --disable-extensions --disable-features=AvoidUnnecessaryBeforeUnloadCheckSync,BoundaryEventDispatchTracksNodeRemoval,DestroyProfileOnBrowserClose,DialMediaRouteProvider,GlobalMediaControls,HttpsUpgrades,LensOverlay,MediaRouter,PaintHolding,ThirdPartyStoragePartitioning,Translate,AutoDeElevate,RenderDocument,OptimizationHints --enable-features=CDPScreenshotNewSurface --allow-pre-commit-input --disable-hang-monitor --disable-ipc-flooding-protection --disable-popup-blocking --disable-prompt-on-repost --disable-renderer-backgrounding --force-color-profile=srgb --metrics-recording-only --no-first-run --password-store=basic --use-mock-keychain --no-service-autorun --export-tagged-pdf --disable-search-engine-choice-screen --unsafely-disable-devtools-self-xss-warnings --edge-skip-compat-layer-relaunch --enable-automation --disable-infobars --disable-search-engine-choice-screen --disable-sync --enable-unsafe-swiftshader --headless --hide-scrollbars --mute-audio --blink-settings=primaryHoverType=2,availableHoverTypes=2,primaryPointerType=4,availablePointerTypes=4 --no-sandbox --user-data-dir=/tmp/playwright_chromiumdev_profile-cpxnN8 --remote-debugging-pipe --no-startup-window
  - <launched> pid=3234
  - [pid=3234][err] /root/.cache/ms-playwright/chromium_headless_shell-1208/chrome-headless-shell-linux64/chrome-headless-shell: error while loading shared libraries: libatk-1.0.so.0: cannot open shared object file: No such file or directory
  - [pid=3234] <gracefully close start>
  - [pid=3234] <kill>
  - [pid=3234] <will force kill>
  - [pid=3234] exception while trying to kill process: Error: kill ESRCH
  - [pid=3234] <process did exit: exitCode=127, signal=null>
  - [pid=3234] starting temporary directories cleanup
  - [pid=3234] finished temporary directories cleanup
  - [pid=3234] <gracefully close end>",,,,Low,0.0,False,False,False,,failed_fetch_strict_lexical_suspected,,fetch_timeout_or_fetch_failed,hashing_shortlist
354,hdafrica.com,https://hdafrica.com,02-04-2026.csv,HDFC Bank,hdfc.com,0.8667,True,True,True,False,0,0,0,0,0,False,lexical_hit,False,False,False,0,0,0,False,False,hdafrica.com,,0,True,lexical_hit,True,True,True,resolved,accepted,failed,failed,RayTaskError(TargetClosedError),"[36mray::_HashBrowserActorImpl.render()[39m (pid=708, ip=172.19.2.2, actor_id=c8fdda542d9e67d0171c86b701000000, repr=<phishing_pipeline.ray_runtime._HashBrowserActorImpl object at 0x79690ef41340>)
  File ""/usr/lib/python3.12/concurrent/futures/_base.py"", line 449, in result
    return self.__get_result()
           ^^^^^^^^^^^^^^^^^^^
  File ""/usr/lib/python3.12/concurrent/futures/_base.py"", line 401, in __get_result
    raise self._exception
           ^^^^^^^^^^^^^^^^^^^^^^^^^^^^^^^^^^^^^
  File ""/kaggle/working/phishing_ml/phishing_pipeline/ray_runtime.py"", line 666, in render
    await self._ensure_browser()
           ^^^^^^^^^^^^^^^^^^^^^^^^^^^^^^^^^^^^^
  File ""/kaggle/working/phishing_ml/phishing_pipeline/ray_runtime.py"", line 645, in _ensure_browser
    self._browser = await self._playwright.chromium.launch(**launch_kwargs)
                    ^^^^^^^^^^^^^^^^^^^^^^^^^^^^^^^^^^^^^^^^^^^^^^^^^^^^^^^
  File ""/usr/local/lib/python3.12/dist-packages/playwright/async_api/_generated.py"", line 14547, in launch
    await self._impl_obj.launch(
  File ""/usr/local/lib/python3.12/dist-packages/playwright/_impl/_browser_type.py"", line 97, in launch
    await self._channel.send(
  File ""/usr/local/lib/python3.12/dist-packages/playwright/_impl/_connection.py"", line 69, in send
    return await self._connection.wrap_api_call(
           ^^^^^^^^^^^^^^^^^^^^^^^^^^^^^^^^^^^^^
  File ""/usr/local/lib/python3.12/dist-packages/playwright/_impl/_connection.py"", line 559, in wrap_api_call
    raise rewrite_error(error, f""{parsed_st['apiName']}: {error}"") from None
playwright._impl._errors.TargetClosedError: BrowserType.launch: Target page, context or browser has been closed
Browser logs:

<launching> /root/.cache/ms-playwright/chromium_headless_shell-1208/chrome-headless-shell-linux64/chrome-headless-shell --disable-field-trial-config --disable-background-networking --disable-background-timer-throttling --disable-backgrounding-occluded-windows --disable-back-forward-cache --disable-breakpad --disable-client-side-phishing-detection --disable-component-extensions-with-background-pages --disable-component-update --no-default-browser-check --disable-default-apps --disable-dev-shm-usage --disable-extensions --disable-features=AvoidUnnecessaryBeforeUnloadCheckSync,BoundaryEventDispatchTracksNodeRemoval,DestroyProfileOnBrowserClose,DialMediaRouteProvider,GlobalMediaControls,HttpsUpgrades,LensOverlay,MediaRouter,PaintHolding,ThirdPartyStoragePartitioning,Translate,AutoDeElevate,RenderDocument,OptimizationHints --enable-features=CDPScreenshotNewSurface --allow-pre-commit-input --disable-hang-monitor --disable-ipc-flooding-protection --disable-popup-blocking --disable-prompt-on-repost --disable-renderer-backgrounding --force-color-profile=srgb --metrics-recording-only --no-first-run --password-store=basic --use-mock-keychain --no-service-autorun --export-tagged-pdf --disable-search-engine-choice-screen --unsafely-disable-devtools-self-xss-warnings --edge-skip-compat-layer-relaunch --enable-automation --disable-infobars --disable-search-engine-choice-screen --disable-sync --enable-unsafe-swiftshader --headless --hide-scrollbars --mute-audio --blink-settings=primaryHoverType=2,availableHoverTypes=2,primaryPointerType=4,availablePointerTypes=4 --no-sandbox --user-data-dir=/tmp/playwright_chromiumdev_profile-OQ41kN --remote-debugging-pipe --no-startup-window
<launched> pid=3246
[pid=3246][err] /root/.cache/ms-playwright/chromium_headless_shell-1208/chrome-headless-shell-linux64/chrome-headless-shell: error while loading shared libraries: libatk-1.0.so.0: cannot open shared object file: No such file or directory
Call log:
  - <launching> /root/.cache/ms-playwright/chromium_headless_shell-1208/chrome-headless-shell-linux64/chrome-headless-shell --disable-field-trial-config --disable-background-networking --disable-background-timer-throttling --disable-backgrounding-occluded-windows --disable-back-forward-cache --disable-breakpad --disable-client-side-phishing-detection --disable-component-extensions-with-background-pages --disable-component-update --no-default-browser-check --disable-default-apps --disable-dev-shm-usage --disable-extensions --disable-features=AvoidUnnecessaryBeforeUnloadCheckSync,BoundaryEventDispatchTracksNodeRemoval,DestroyProfileOnBrowserClose,DialMediaRouteProvider,GlobalMediaControls,HttpsUpgrades,LensOverlay,MediaRouter,PaintHolding,ThirdPartyStoragePartitioning,Translate,AutoDeElevate,RenderDocument,OptimizationHints --enable-features=CDPScreenshotNewSurface --allow-pre-commit-input --disable-hang-monitor --disable-ipc-flooding-protection --disable-popup-blocking --disable-prompt-on-repost --disable-renderer-backgrounding --force-color-profile=srgb --metrics-recording-only --no-first-run --password-store=basic --use-mock-keychain --no-service-autorun --export-tagged-pdf --disable-search-engine-choice-screen --unsafely-disable-devtools-self-xss-warnings --edge-skip-compat-layer-relaunch --enable-automation --disable-infobars --disable-search-engine-choice-screen --disable-sync --enable-unsafe-swiftshader --headless --hide-scrollbars --mute-audio --blink-settings=primaryHoverType=2,availableHoverTypes=2,primaryPointerType=4,availablePointerTypes=4 --no-sandbox --user-data-dir=/tmp/playwright_chromiumdev_profile-OQ41kN --remote-debugging-pipe --no-startup-window
  - <launched> pid=3246
  - [pid=3246][err] /root/.cache/ms-playwright/chromium_headless_shell-1208/chrome-headless-shell-linux64/chrome-headless-shell: error while loading shared libraries: libatk-1.0.so.0: cannot open shared object file: No such file or directory
  - [pid=3246] <gracefully close start>
  - [pid=3246] <kill>
  - [pid=3246] <will force kill>
  - [pid=3246] exception while trying to kill process: Error: kill ESRCH
  - [pid=3246] <process did exit: exitCode=127, signal=null>
  - [pid=3246] starting temporary directories cleanup
  - [pid=3246] finished temporary directories cleanup
  - [pid=3246] <gracefully close end>",,,,Low,0.0,False,False,False,,failed_fetch_strict_lexical_suspected,,fetch_timeout_or_fetch_failed,hashing_shortlist
