run_id,record_key,source_workbook,normalized_url,stage_name,attempt_index,worker_id,started_at,finished_at,duration_ms,status,error_type,error_message,retry_count,timeout_flag,fallback_taken
run_20260413T113749Z,2b6658f7fa5721d0d6c71eea2c0739f7fb67f46e,PS-02_AIGR-S66270_NCIIPC_02_03_2026.xlsx,https://indiancontracting.com,stage0,1,ray-stage0,2026-04-13T11:38:22+00:00,2026-04-13T11:38:22+00:00,0,filtered_lexical_miss,,,0,0,
run_20260413T113749Z,bccc53bca2327f52cc3ef50260dd7ade29bdd2b4,PS-02_AIGR-S66270_NCIIPC_02_03_2026.xlsx,https://keitech.xyz,stage0,1,ray-stage0,2026-04-13T11:38:22+00:00,2026-04-13T11:38:22+00:00,0,lexical_hit,,,0,0,
run_20260413T113749Z,fa58ed250976d551fe7c1a4d615c09550a09c5aa,PS-02_AIGR-S66270_NCIIPC_02_03_2026.xlsx,https://ciresindia.com,stage0,1,ray-stage0,2026-04-13T11:38:22+00:00,2026-04-13T11:38:22+00:00,0,filtered_lexical_miss,,,0,0,
run_20260413T113749Z,569f71922de470609bd8ad3bd4fd71f8a99e5500,PS-02_AIGR-S66270_NCIIPC_02_03_2026.xlsx,https://cloudaidev.com,stage0,1,ray-stage0,2026-04-13T11:38:22+00:00,2026-04-13T11:38:22+00:00,0,filtered_lexical_miss,,,0,0,
run_20260413T113749Z,384c5429e62b9406fe6343178a0b7cc23d62cdc9,PS-02_AIGR-S66270_NCIIPC_02_03_2026.xlsx,https://in-clouds.com,stage0,1,ray-stage0,2026-04-13T11:38:22+00:00,2026-04-13T11:38:22+00:00,0,filtered_lexical_miss,,,0,0,
run_20260413T113749Z,4d2e01ec308f4d78708684345d19c85891267530,PS-02_AIGR-S66270_NCIIPC_02_03_2026.xlsx,https://cloudchatbots.xyz,stage0,1,ray-stage0,2026-04-13T11:38:22+00:00,2026-04-13T11:38:22+00:00,0,filtered_lexical_miss,,,0,0,
run_20260413T113749Z,2e00f171921da9bef2dfa80d4f0991ba3b96eaa0,PS-02_AIGR-S66270_NCIIPC_02_03_2026.xlsx,https://onlinewebsitedesigner.com,stage0,1,ray-stage0,2026-04-13T11:38:22+00:00,2026-04-13T11:38:22+00:00,0,lexical_hit,,,0,0,
run_20260413T113749Z,18fbe0a5e762317688899a7dffa1f5b2aa7b26c1,PS-02_AIGR-S66270_NCIIPC_02_03_2026.xlsx,https://axiaseo.com,stage0,1,ray-stage0,2026-04-13T11:38:22+00:00,2026-04-13T11:38:22+00:00,0,lexical_hit,,,0,0,
run_20260413T113749Z,1aceda9fc506cbcef193cdf66c81768bcfec20d8,PS-02_AIGR-S66270_NCIIPC_02_03_2026.xlsx,https://buildaion.com,stage0,1,ray-stage0,2026-04-13T11:38:22+00:00,2026-04-13T11:38:22+00:00,0,lexical_hit,,,0,0,
run_20260413T113749Z,e6dc0d9603f86b3086a722a5b314147541fd9340,PS-02_AIGR-S66270_NCIIPC_02_03_2026.xlsx,https://airficial.com,stage0,1,ray-stage0,2026-04-13T11:38:22+00:00,2026-04-13T11:38:22+00:00,0,filtered_lexical_miss,,,0,0,
run_20260413T113749Z,fd6e62321220c8ad28857893ef9ae224ce433b07,PS-02_AIGR-S66270_NCIIPC_02_03_2026.xlsx,https://pfcloud.email,stage0,1,ray-stage0,2026-04-13T11:38:22+00:00,2026-04-13T11:38:22+00:00,0,filtered_lexical_miss,,,0,0,
run_20260413T113749Z,2b10223cf1e0dce6df2891b54986d40496173258,PS-02_AIGR-S66270_NCIIPC_02_03_2026.xlsx,https://abdusms.com,stage0,1,ray-stage0,2026-04-13T11:38:22+00:00,2026-04-13T11:38:22+00:00,0,lexical_hit,,,0,0,
run_20260413T113749Z,ea2519853ea3d75e81a13609d897cdab7122e8fd,PS-02_AIGR-S66270_NCIIPC_02_03_2026.xlsx,http://coalitionlegal.com,stage0,1,ray-stage0,2026-04-13T11:38:22+00:00,2026-04-13T11:38:22+00:00,0,filtered_lexical_miss,,,0,0,
run_20260413T113749Z,996bbc31479a67dc84ab8eaa484427e3f89173c2,PS-02_AIGR-S66270_NCIIPC_02_03_2026.xlsx,https://cloudsystems.email,stage0,1,ray-stage0,2026-04-13T11:38:22+00:00,2026-04-13T11:38:22+00:00,0,filtered_lexical_miss,,,0,0,
run_20260413T113749Z,05e339eb7710010ba4599ae6f398142dd0ac2e90,PS-02_AIGR-S66270_NCIIPC_02_03_2026.xlsx,https://nhua.com,stage0,1,ray-stage0,2026-04-13T11:38:22+00:00,2026-04-13T11:38:22+00:00,0,lexical_hit,,,0,0,
run_20260413T113749Z,3455c6d2ea3a256503f2ac30f79f428aea8b3c7e,PS-02_AIGR-S66270_NCIIPC_02_03_2026.xlsx,https://homehealthconsult.com,stage0,1,ray-stage0,2026-04-13T11:38:22+00:00,2026-04-13T11:38:22+00:00,0,lexical_hit,,,0,0,
run_20260413T113749Z,9f0400e3b904c9f3afcdebb2d8f6961302fcf5e1,PS-02_AIGR-S66270_NCIIPC_02_03_2026.xlsx,http://ns.gold,stage0,1,ray-stage0,2026-04-13T11:38:22+00:00,2026-04-13T11:38:22+00:00,0,filtered_lexical_miss,,,0,0,
run_20260413T113749Z,c43fabeddfcc938db957a529db2536b77fecb839,PS-02_AIGR-S66270_NCIIPC_02_03_2026.xlsx,https://panbe.website,stage0,1,ray-stage0,2026-04-13T11:38:22+00:00,2026-04-13T11:38:22+00:00,0,lexical_hit,,,0,0,
run_20260413T113749Z,476086334115d038d8fb4995243393997b08f803,PS-02_AIGR-S66270_NCIIPC_02_03_2026.xlsx,https://byteindian.xyz,stage0,1,ray-stage0,2026-04-13T11:38:22+00:00,2026-04-13T11:38:22+00:00,0,lexical_hit,,,0,0,
run_20260413T113749Z,aeefa24dc13e63add261be6a88e5711bacd20061,PS-02_AIGR-S66270_NCIIPC_02_03_2026.xlsx,https://industrialsanderbelts.com,stage0,1,ray-stage0,2026-04-13T11:38:22+00:00,2026-04-13T11:38:22+00:00,0,lexical_hit,,,0,0,
run_20260413T113749Z,2afbb8276c11f8b36bba452f2b629dd28bf535b5,PS-02_AIGR-S66270_NCIIPC_02_03_2026.xlsx,https://cloudbolts.xyz,stage0,1,ray-stage0,2026-04-13T11:38:22+00:00,2026-04-13T11:38:22+00:00,0,filtered_lexical_miss,,,0,0,
run_20260413T113749Z,d633e76a8f42858d145cbf7189df5a18a65665db,PS-02_AIGR-S66270_NCIIPC_02_03_2026.xlsx,https://onlinesai.xyz,stage0,1,ray-stage0,2026-04-13T11:38:22+00:00,2026-04-13T11:38:22+00:00,0,lexical_hit,,,0,0,
run_20260413T113749Z,04451a126add79b9bd516772df22feb800f7bd02,PS-02_AIGR-S66270_NCIIPC_02_03_2026.xlsx,https://incogmeeto.com,stage0,1,ray-stage0,2026-04-13T11:38:22+00:00,2026-04-13T11:38:22+00:00,0,filtered_lexical_miss,,,0,0,
run_20260413T113749Z,38e224312f26285a09eedbb7f02484f5484ed0aa,PS-02_AIGR-S66270_NCIIPC_02_03_2026.xlsx,https://taxiski.com,stage0,1,ray-stage0,2026-04-13T11:38:22+00:00,2026-04-13T11:38:22+00:00,0,lexical_hit,,,0,0,
run_20260413T113749Z,e23aa02f63939e26d1dd9d74e682a073341a64b4,PS-02_AIGR-S66270_NCIIPC_02_03_2026.xlsx,https://airlectron.xyz,stage0,1,ray-stage0,2026-04-13T11:38:22+00:00,2026-04-13T11:38:22+00:00,0,lexical_hit,,,0,0,
run_20260413T113749Z,611311f6aa5a162b9c932f7329cdf995c61abd66,PS-02_AIGR-S66270_NCIIPC_02_03_2026.xlsx,https://indigedesigncollab.com,stage0,1,ray-stage0,2026-04-13T11:38:22+00:00,2026-04-13T11:38:22+00:00,0,filtered_lexical_miss,,,0,0,
run_20260413T113749Z,8324d3c185d2e4d27c71588c5676ba3ec6d8776e,PS-02_AIGR-S66270_NCIIPC_02_03_2026.xlsx,https://incomewithfatima.com,stage0,1,ray-stage0,2026-04-13T11:38:22+00:00,2026-04-13T11:38:22+00:00,0,lexical_hit,,,0,0,
run_20260413T113749Z,9b8be23158eb9eb1c0e7e09f3fdb10d5ea3806d7,PS-02_AIGR-S66270_NCIIPC_02_03_2026.xlsx,https://sbplih.help,stage0,1,ray-stage0,2026-04-13T11:38:22+00:00,2026-04-13T11:38:22+00:00,0,lexical_hit,,,0,0,
run_20260413T113749Z,c3b2c8116829860e45fe6e9918c7168ac34b9e7f,PS-02_AIGR-S66270_NCIIPC_02_03_2026.xlsx,http://incometaxqueries.com,stage0,1,ray-stage0,2026-04-13T11:38:22+00:00,2026-04-13T11:38:22+00:00,0,lexical_hit,,,0,0,
run_20260413T113749Z,9fbaf501c5c20cf4c72398c07d6b47ef0cb71dc7,PS-02_AIGR-S66270_NCIIPC_02_03_2026.xlsx,https://ssfact.com,stage0,1,ray-stage0,2026-04-13T11:38:22+00:00,2026-04-13T11:38:22+00:00,0,filtered_lexical_miss,,,0,0,
run_20260413T113749Z,673724924c23352641bbd4d1f9fc61e1f039166f,PS-02_AIGR-S66270_NCIIPC_02_03_2026.xlsx,https://cloud-ideas.com,stage0,1,ray-stage0,2026-04-13T11:38:22+00:00,2026-04-13T11:38:22+00:00,0,filtered_lexical_miss,,,0,0,
run_20260413T113749Z,0f973365883c26cb22f4ea995e6645ca759dd3fe,PS-02_AIGR-S66270_NCIIPC_02_03_2026.xlsx,https://cloudinnovatorslife.com,stage0,1,ray-stage0,2026-04-13T11:38:22+00:00,2026-04-13T11:38:22+00:00,0,filtered_lexical_miss,,,0,0,
run_20260413T113749Z,1fa080203f9b2e9b7ab0283b1220d71b2c4efbfb,PS-02_AIGR-S66270_NCIIPC_02_03_2026.xlsx,https://cloudadvances.xyz,stage0,1,ray-stage0,2026-04-13T11:38:22+00:00,2026-04-13T11:38:22+00:00,0,filtered_lexical_miss,,,0,0,
run_20260413T113749Z,3e003c14a1d97a3a2516d40ff534328ea20b1e4c,PS-02_AIGR-S66270_NCIIPC_02_03_2026.xlsx,https://witcloud.xyz,stage0,1,ray-stage0,2026-04-13T11:38:22+00:00,2026-04-13T11:38:22+00:00,0,filtered_lexical_miss,,,0,0,
run_20260413T113749Z,15c092ff62d959506ce902d36331f7a5dab3bad2,PS-02_AIGR-S66270_NCIIPC_02_03_2026.xlsx,https://nihwan.com,stage0,1,ray-stage0,2026-04-13T11:38:22+00:00,2026-04-13T11:38:22+00:00,0,lexical_hit,,,0,0,
run_20260413T113749Z,e8172065849714d752337295f12805392c58ed88,PS-02_AIGR-S66270_NCIIPC_02_03_2026.xlsx,https://sabiko.app,stage0,1,ray-stage0,2026-04-13T11:38:22+00:00,2026-04-13T11:38:22+00:00,0,lexical_hit,,,0,0,
run_20260413T113749Z,e705783a66a6b3cc23189ab605021d4f99ef5d95,PS-02_AIGR-S66270_NCIIPC_02_03_2026.xlsx,https://cloudcommandcenter.com,stage0,1,ray-stage0,2026-04-13T11:38:22+00:00,2026-04-13T11:38:22+00:00,0,filtered_lexical_miss,,,0,0,
run_20260413T113749Z,bcbe0962fb3d0b4e715febea80a07133b59b79a6,PS-02_AIGR-S66270_NCIIPC_02_03_2026.xlsx,https://bizzcard.store,stage0,1,ray-stage0,2026-04-13T11:38:22+00:00,2026-04-13T11:38:22+00:00,0,lexical_hit,,,0,0,
run_20260413T113749Z,9596376b574cf85dcdc87c06794472e23f31b7eb,PS-02_AIGR-S66270_NCIIPC_02_03_2026.xlsx,https://orbis.channel,stage0,1,ray-stage0,2026-04-13T11:38:22+00:00,2026-04-13T11:38:22+00:00,0,lexical_hit,,,0,0,
run_20260413T113749Z,d55d19b31074b6ab8e54904924d212a4a384b639,PS-02_AIGR-S66270_NCIIPC_02_03_2026.xlsx,https://albd.app,stage0,1,ray-stage0,2026-04-13T11:38:22+00:00,2026-04-13T11:38:22+00:00,0,lexical_hit,,,0,0,
run_20260413T113749Z,7cbf30a12460d304cc781ff61dc5c3ee010277d2,PS-02_AIGR-S66270_NCIIPC_02_03_2026.xlsx,https://onlinesteal.com,stage0,1,ray-stage0,2026-04-13T11:38:22+00:00,2026-04-13T11:38:22+00:00,0,lexical_hit,,,0,0,
run_20260413T113749Z,52acd39cfe13cf1f370022a96f14e7cc86c8b861,PS-02_AIGR-S66270_NCIIPC_02_03_2026.xlsx,https://ai9cloud.com,stage0,1,ray-stage0,2026-04-13T11:38:22+00:00,2026-04-13T11:38:22+00:00,0,filtered_lexical_miss,,,0,0,
run_20260413T113749Z,dd69d3d0986365cce3c1a9953c089c2693fcee58,PS-02_AIGR-S66270_NCIIPC_02_03_2026.xlsx,https://axiorashop.com,stage0,1,ray-stage0,2026-04-13T11:38:22+00:00,2026-04-13T11:38:22+00:00,0,lexical_hit,,,0,0,
run_20260413T113749Z,4a11c98d135e8b6712e43ccfc58c90cb75585127,PS-02_AIGR-S66270_NCIIPC_02_03_2026.xlsx,https://cloudimagine.xyz,stage0,1,ray-stage0,2026-04-13T11:38:22+00:00,2026-04-13T11:38:22+00:00,0,filtered_lexical_miss,,,0,0,
run_20260413T113749Z,ad106cf0adc9cab906701e605d24007c21280197,PS-02_AIGR-S66270_NCIIPC_02_03_2026.xlsx,https://canariasenbici.com,stage0,1,ray-stage0,2026-04-13T11:38:22+00:00,2026-04-13T11:38:22+00:00,0,lexical_hit,,,0,0,
run_20260413T113749Z,d82e337488c87b6314f1c6055a19968453af121b,PS-02_AIGR-S66270_NCIIPC_02_03_2026.xlsx,https://cloudlineoutfitter.com,stage0,1,ray-stage0,2026-04-13T11:38:22+00:00,2026-04-13T11:38:22+00:00,0,filtered_lexical_miss,,,0,0,
run_20260413T113749Z,27023288ef8dda9d26726d8fe6daa5999b0e53ea,PS-02_AIGR-S66270_NCIIPC_02_03_2026.xlsx,http://sricard.com,stage0,1,ray-stage0,2026-04-13T11:38:22+00:00,2026-04-13T11:38:22+00:00,0,lexical_hit,,,0,0,
run_20260413T113749Z,8cb48de04ef4af0014298b43c46809d7ab5fcc2e,PS-02_AIGR-S66270_NCIIPC_02_03_2026.xlsx,https://qshcloud.com,stage0,1,ray-stage0,2026-04-13T11:38:22+00:00,2026-04-13T11:38:22+00:00,0,filtered_lexical_miss,,,0,0,
run_20260413T113749Z,299a24a0617b07c7b2ba9ec58d9c824604bf8f60,PS-02_AIGR-S66270_NCIIPC_02_03_2026.xlsx,https://homesforsaleinalaska.com,stage0,1,ray-stage0,2026-04-13T11:38:22+00:00,2026-04-13T11:38:22+00:00,0,lexical_hit,,,0,0,
run_20260413T113749Z,11477ae98002a28aa54f9759e5a4b4494e013bf6,PS-02_AIGR-S66270_NCIIPC_02_03_2026.xlsx,https://onlinepredict.xyz,stage0,1,ray-stage0,2026-04-13T11:38:22+00:00,2026-04-13T11:38:22+00:00,0,lexical_hit,,,0,0,
run_20260413T113749Z,ae4657e1026e023a1326b9cac7e6220d7aebbb82,PS-02_AIGR-S66270_NCIIPC_02_03_2026.xlsx,https://cloudtoolstack.com,stage0,1,ray-stage0,2026-04-13T11:38:22+00:00,2026-04-13T11:38:22+00:00,0,filtered_lexical_miss,,,0,0,
run_20260413T113749Z,81083a9d4412d93ecdb1d919665e2f7184c1a424,PS-02_AIGR-S66270_NCIIPC_02_03_2026.xlsx,http://cloudveilwinery.com,stage0,1,ray-stage0,2026-04-13T11:38:22+00:00,2026-04-13T11:38:22+00:00,0,filtered_lexical_miss,,,0,0,
run_20260413T113749Z,913210f39f9325a608748d192a36f04c2a9563fa,PS-02_AIGR-S66270_NCIIPC_02_03_2026.xlsx,https://ifocloud.com,stage0,1,ray-stage0,2026-04-13T11:38:22+00:00,2026-04-13T11:38:22+00:00,0,lexical_hit,,,0,0,
run_20260413T113749Z,f5f8aa320e40ddee6f2f7f3d720ff1b1c71bb1aa,PS-02_AIGR-S66270_NCIIPC_02_03_2026.xlsx,https://icloudbr.com,stage0,1,ray-stage0,2026-04-13T11:38:22+00:00,2026-04-13T11:38:22+00:00,0,filtered_lexical_miss,,,0,0,
run_20260413T113749Z,e8ab9b56a2a2213cf17250286d5a10ea6dc29ac7,PS-02_AIGR-S66270_NCIIPC_02_03_2026.xlsx,https://myvirtusinc.com,stage0,1,ray-stage0,2026-04-13T11:38:22+00:00,2026-04-13T11:38:22+00:00,0,lexical_hit,,,0,0,
run_20260413T113749Z,1d4f5721062dad7068e84ee3f2f858b321af3428,PS-02_AIGR-S66270_NCIIPC_02_03_2026.xlsx,https://valtricpayments.com,stage0,1,ray-stage0,2026-04-13T11:38:22+00:00,2026-04-13T11:38:22+00:00,0,lexical_hit,,,0,0,
run_20260413T113749Z,863759e97c20a507c09bae0bb6d2da1eca02f3d0,PS-02_AIGR-S66270_NCIIPC_02_03_2026.xlsx,https://onlinemodding.com,stage0,1,ray-stage0,2026-04-13T11:38:22+00:00,2026-04-13T11:38:22+00:00,0,lexical_hit,,,0,0,
run_20260413T113749Z,c52c11be81a2c1f256a0faeb1f0b58dcc4ed8f63,PS-02_AIGR-S66270_NCIIPC_02_03_2026.xlsx,https://cloudembassies.xyz,stage0,1,ray-stage0,2026-04-13T11:38:22+00:00,2026-04-13T11:38:22+00:00,0,filtered_lexical_miss,,,0,0,
run_20260413T113749Z,ad6369ebdb06e4a0b7af5cc8c970ec24942e36d5,PS-02_AIGR-S66270_NCIIPC_02_03_2026.xlsx,https://cloudgates.xyz,stage0,1,ray-stage0,2026-04-13T11:38:22+00:00,2026-04-13T11:38:22+00:00,0,filtered_lexical_miss,,,0,0,
run_20260413T113749Z,f12e3814fa1c0dc8ef79fa19b6ecf9ee3847438f,PS-02_AIGR-S66270_NCIIPC_02_03_2026.xlsx,https://onlydine.com,stage0,1,ray-stage0,2026-04-13T11:38:22+00:00,2026-04-13T11:38:22+00:00,0,lexical_hit,,,0,0,
run_20260413T113749Z,5eb158217662a042765ea963fba6a20b5ec3b747,PS-02_AIGR-S66270_NCIIPC_02_03_2026.xlsx,https://homease.xyz,stage0,1,ray-stage0,2026-04-13T11:38:22+00:00,2026-04-13T11:38:22+00:00,0,lexical_hit,,,0,0,
run_20260413T113749Z,3f84477d70cbd99d0a5ee8673b98d0deeec182d1,PS-02_AIGR-S66270_NCIIPC_02_03_2026.xlsx,https://byteindian.com,stage0,1,ray-stage0,2026-04-13T11:38:22+00:00,2026-04-13T11:38:22+00:00,0,lexical_hit,,,0,0,
run_20260413T113749Z,3ed8f7abe0961d201a7fe8bf8a6ac4435cf373cf,PS-02_AIGR-S66270_NCIIPC_02_03_2026.xlsx,https://cloudscopyhq.com,stage0,1,ray-stage0,2026-04-13T11:38:22+00:00,2026-04-13T11:38:22+00:00,0,filtered_lexical_miss,,,0,0,
run_20260413T113749Z,cd18474b9574489fccb56a2193bc97273586bd9d,PS-02_AIGR-S66270_NCIIPC_02_03_2026.xlsx,https://axisrocket.xyz,stage0,1,ray-stage0,2026-04-13T11:38:22+00:00,2026-04-13T11:38:22+00:00,0,lexical_hit,,,0,0,
run_20260413T113749Z,2e00f171921da9bef2dfa80d4f0991ba3b96eaa0,PS-02_AIGR-S66270_NCIIPC_02_03_2026.xlsx,https://onlinewebsitedesigner.com,dns_gate,1,ray-dns-gate,2026-04-13T11:38:25+00:00,2026-04-13T11:38:25+00:00,0,accepted,,,0,0,
run_20260413T113749Z,1aceda9fc506cbcef193cdf66c81768bcfec20d8,PS-02_AIGR-S66270_NCIIPC_02_03_2026.xlsx,https://buildaion.com,dns_gate,1,ray-dns-gate,2026-04-13T11:38:25+00:00,2026-04-13T11:38:25+00:00,0,accepted,,,0,0,
run_20260413T113749Z,3455c6d2ea3a256503f2ac30f79f428aea8b3c7e,PS-02_AIGR-S66270_NCIIPC_02_03_2026.xlsx,https://homehealthconsult.com,dns_gate,1,ray-dns-gate,2026-04-13T11:38:25+00:00,2026-04-13T11:38:25+00:00,0,accepted,,,0,0,
run_20260413T113749Z,2b10223cf1e0dce6df2891b54986d40496173258,PS-02_AIGR-S66270_NCIIPC_02_03_2026.xlsx,https://abdusms.com,dns_gate,1,ray-dns-gate,2026-04-13T11:38:25+00:00,2026-04-13T11:38:25+00:00,0,accepted,,,0,0,
run_20260413T113749Z,05e339eb7710010ba4599ae6f398142dd0ac2e90,PS-02_AIGR-S66270_NCIIPC_02_03_2026.xlsx,https://nhua.com,dns_gate,1,ray-dns-gate,2026-04-13T11:38:25+00:00,2026-04-13T11:38:25+00:00,0,accepted,,,0,0,
run_20260413T113749Z,c3b2c8116829860e45fe6e9918c7168ac34b9e7f,PS-02_AIGR-S66270_NCIIPC_02_03_2026.xlsx,http://incometaxqueries.com,dns_gate,1,ray-dns-gate,2026-04-13T11:38:25+00:00,2026-04-13T11:38:25+00:00,0,accepted,,,0,0,
run_20260413T113749Z,15c092ff62d959506ce902d36331f7a5dab3bad2,PS-02_AIGR-S66270_NCIIPC_02_03_2026.xlsx,https://nihwan.com,dns_gate,1,ray-dns-gate,2026-04-13T11:38:25+00:00,2026-04-13T11:38:25+00:00,0,accepted,,,0,0,
run_20260413T113749Z,e8172065849714d752337295f12805392c58ed88,PS-02_AIGR-S66270_NCIIPC_02_03_2026.xlsx,https://sabiko.app,dns_gate,1,ray-dns-gate,2026-04-13T11:38:25+00:00,2026-04-13T11:38:25+00:00,0,accepted,,,0,0,
run_20260413T113749Z,9b8be23158eb9eb1c0e7e09f3fdb10d5ea3806d7,PS-02_AIGR-S66270_NCIIPC_02_03_2026.xlsx,https://sbplih.help,dns_gate,1,ray-dns-gate,2026-04-13T11:38:25+00:00,2026-04-13T11:38:25+00:00,0,accepted,,,0,0,
run_20260413T113749Z,bcbe0962fb3d0b4e715febea80a07133b59b79a6,PS-02_AIGR-S66270_NCIIPC_02_03_2026.xlsx,https://bizzcard.store,dns_gate,1,ray-dns-gate,2026-04-13T11:38:25+00:00,2026-04-13T11:38:25+00:00,0,accepted,,,0,0,
run_20260413T113749Z,7cbf30a12460d304cc781ff61dc5c3ee010277d2,PS-02_AIGR-S66270_NCIIPC_02_03_2026.xlsx,https://onlinesteal.com,dns_gate,1,ray-dns-gate,2026-04-13T11:38:25+00:00,2026-04-13T11:38:25+00:00,0,accepted,,,0,0,
run_20260413T113749Z,dd69d3d0986365cce3c1a9953c089c2693fcee58,PS-02_AIGR-S66270_NCIIPC_02_03_2026.xlsx,https://axiorashop.com,dns_gate,1,ray-dns-gate,2026-04-13T11:38:25+00:00,2026-04-13T11:38:25+00:00,0,accepted,,,0,0,
run_20260413T113749Z,27023288ef8dda9d26726d8fe6daa5999b0e53ea,PS-02_AIGR-S66270_NCIIPC_02_03_2026.xlsx,http://sricard.com,dns_gate,1,ray-dns-gate,2026-04-13T11:38:25+00:00,2026-04-13T11:38:25+00:00,0,accepted,,,0,0,
run_20260413T113749Z,299a24a0617b07c7b2ba9ec58d9c824604bf8f60,PS-02_AIGR-S66270_NCIIPC_02_03_2026.xlsx,https://homesforsaleinalaska.com,dns_gate,1,ray-dns-gate,2026-04-13T11:38:25+00:00,2026-04-13T11:38:25+00:00,0,accepted,,,0,0,
run_20260413T113749Z,913210f39f9325a608748d192a36f04c2a9563fa,PS-02_AIGR-S66270_NCIIPC_02_03_2026.xlsx,https://ifocloud.com,dns_gate,1,ray-dns-gate,2026-04-13T11:38:25+00:00,2026-04-13T11:38:25+00:00,0,accepted,,,0,0,
run_20260413T113749Z,e8ab9b56a2a2213cf17250286d5a10ea6dc29ac7,PS-02_AIGR-S66270_NCIIPC_02_03_2026.xlsx,https://myvirtusinc.com,dns_gate,1,ray-dns-gate,2026-04-13T11:38:25+00:00,2026-04-13T11:38:25+00:00,0,accepted,,,0,0,
run_20260413T113749Z,ad106cf0adc9cab906701e605d24007c21280197,PS-02_AIGR-S66270_NCIIPC_02_03_2026.xlsx,https://canariasenbici.com,dns_gate,1,ray-dns-gate,2026-04-13T11:38:25+00:00,2026-04-13T11:38:25+00:00,0,accepted,,,0,0,
run_20260413T113749Z,f12e3814fa1c0dc8ef79fa19b6ecf9ee3847438f,PS-02_AIGR-S66270_NCIIPC_02_03_2026.xlsx,https://onlydine.com,dns_gate,1,ray-dns-gate,2026-04-13T11:38:25+00:00,2026-04-13T11:38:25+00:00,0,accepted,,,0,0,
run_20260413T113749Z,1d4f5721062dad7068e84ee3f2f858b321af3428,PS-02_AIGR-S66270_NCIIPC_02_03_2026.xlsx,https://valtricpayments.com,dns_gate,1,ray-dns-gate,2026-04-13T11:38:25+00:00,2026-04-13T11:38:25+00:00,0,accepted,,,0,0,
run_20260413T113749Z,bccc53bca2327f52cc3ef50260dd7ade29bdd2b4,PS-02_AIGR-S66270_NCIIPC_02_03_2026.xlsx,https://keitech.xyz,dns_gate,1,ray-dns-gate,2026-04-13T11:38:25+00:00,2026-04-13T11:38:25+00:00,0,registration_passthrough,dns_gate_no_answer,no A/AAAA answers for keitech.xyz,0,0,
run_20260413T113749Z,18fbe0a5e762317688899a7dffa1f5b2aa7b26c1,PS-02_AIGR-S66270_NCIIPC_02_03_2026.xlsx,https://axiaseo.com,dns_gate,1,ray-dns-gate,2026-04-13T11:38:25+00:00,2026-04-13T11:38:25+00:00,0,registration_passthrough,dns_gate_no_answer,no A/AAAA answers for axiaseo.com,0,0,
run_20260413T113749Z,c43fabeddfcc938db957a529db2536b77fecb839,PS-02_AIGR-S66270_NCIIPC_02_03_2026.xlsx,https://panbe.website,dns_gate,1,ray-dns-gate,2026-04-13T11:38:25+00:00,2026-04-13T11:38:25+00:00,0,registration_passthrough,dns_gate_no_answer,no A/AAAA answers for panbe.website,0,0,
run_20260413T113749Z,476086334115d038d8fb4995243393997b08f803,PS-02_AIGR-S66270_NCIIPC_02_03_2026.xlsx,https://byteindian.xyz,dns_gate,1,ray-dns-gate,2026-04-13T11:38:25+00:00,2026-04-13T11:38:25+00:00,0,registration_passthrough,dns_gate_no_answer,no A/AAAA answers for byteindian.xyz,0,0,
run_20260413T113749Z,aeefa24dc13e63add261be6a88e5711bacd20061,PS-02_AIGR-S66270_NCIIPC_02_03_2026.xlsx,https://industrialsanderbelts.com,dns_gate,1,ray-dns-gate,2026-04-13T11:38:25+00:00,2026-04-13T11:38:25+00:00,0,registration_passthrough,dns_gate_no_answer,no A/AAAA answers for industrialsanderbelts.com,0,0,
run_20260413T113749Z,d633e76a8f42858d145cbf7189df5a18a65665db,PS-02_AIGR-S66270_NCIIPC_02_03_2026.xlsx,https://onlinesai.xyz,dns_gate,1,ray-dns-gate,2026-04-13T11:38:25+00:00,2026-04-13T11:38:25+00:00,0,registration_passthrough,dns_gate_no_answer,no A/AAAA answers for onlinesai.xyz,0,0,
run_20260413T113749Z,e23aa02f63939e26d1dd9d74e682a073341a64b4,PS-02_AIGR-S66270_NCIIPC_02_03_2026.xlsx,https://airlectron.xyz,dns_gate,1,ray-dns-gate,2026-04-13T11:38:25+00:00,2026-04-13T11:38:25+00:00,0,registration_passthrough,dns_gate_no_answer,no A/AAAA answers for airlectron.xyz,0,0,
run_20260413T113749Z,38e224312f26285a09eedbb7f02484f5484ed0aa,PS-02_AIGR-S66270_NCIIPC_02_03_2026.xlsx,https://taxiski.com,dns_gate,1,ray-dns-gate,2026-04-13T11:38:25+00:00,2026-04-13T11:38:25+00:00,0,registration_passthrough,dns_gate_no_answer,no A/AAAA answers for taxiski.com,0,0,
run_20260413T113749Z,8324d3c185d2e4d27c71588c5676ba3ec6d8776e,PS-02_AIGR-S66270_NCIIPC_02_03_2026.xlsx,https://incomewithfatima.com,dns_gate,1,ray-dns-gate,2026-04-13T11:38:25+00:00,2026-04-13T11:38:25+00:00,0,registration_passthrough,dns_gate_no_answer,no A/AAAA answers for incomewithfatima.com,0,0,
run_20260413T113749Z,9596376b574cf85dcdc87c06794472e23f31b7eb,PS-02_AIGR-S66270_NCIIPC_02_03_2026.xlsx,https://orbis.channel,dns_gate,1,ray-dns-gate,2026-04-13T11:38:25+00:00,2026-04-13T11:38:25+00:00,0,registration_passthrough,dns_gate_no_answer,no A/AAAA answers for orbis.channel,0,0,
run_20260413T113749Z,d55d19b31074b6ab8e54904924d212a4a384b639,PS-02_AIGR-S66270_NCIIPC_02_03_2026.xlsx,https://albd.app,dns_gate,1,ray-dns-gate,2026-04-13T11:38:25+00:00,2026-04-13T11:38:25+00:00,0,registration_passthrough,dns_gate_no_answer,no A/AAAA answers for albd.app,0,0,
run_20260413T113749Z,11477ae98002a28aa54f9759e5a4b4494e013bf6,PS-02_AIGR-S66270_NCIIPC_02_03_2026.xlsx,https://onlinepredict.xyz,dns_gate,1,ray-dns-gate,2026-04-13T11:38:25+00:00,2026-04-13T11:38:25+00:00,0,registration_passthrough,dns_gate_no_answer,no A/AAAA answers for onlinepredict.xyz,0,0,
run_20260413T113749Z,863759e97c20a507c09bae0bb6d2da1eca02f3d0,PS-02_AIGR-S66270_NCIIPC_02_03_2026.xlsx,https://onlinemodding.com,dns_gate,1,ray-dns-gate,2026-04-13T11:38:25+00:00,2026-04-13T11:38:25+00:00,0,registration_passthrough,dns_gate_no_answer,no A/AAAA answers for onlinemodding.com,0,0,
run_20260413T113749Z,3f84477d70cbd99d0a5ee8673b98d0deeec182d1,PS-02_AIGR-S66270_NCIIPC_02_03_2026.xlsx,https://byteindian.com,dns_gate,1,ray-dns-gate,2026-04-13T11:38:25+00:00,2026-04-13T11:38:25+00:00,0,registration_passthrough,dns_gate_no_answer,no A/AAAA answers for byteindian.com,0,0,
run_20260413T113749Z,5eb158217662a042765ea963fba6a20b5ec3b747,PS-02_AIGR-S66270_NCIIPC_02_03_2026.xlsx,https://homease.xyz,dns_gate,1,ray-dns-gate,2026-04-13T11:38:25+00:00,2026-04-13T11:38:25+00:00,0,registration_passthrough,dns_gate_no_answer,no A/AAAA answers for homease.xyz,0,0,
run_20260413T113749Z,cd18474b9574489fccb56a2193bc97273586bd9d,PS-02_AIGR-S66270_NCIIPC_02_03_2026.xlsx,https://axisrocket.xyz,dns_gate,1,ray-dns-gate,2026-04-13T11:38:25+00:00,2026-04-13T11:38:25+00:00,0,registration_passthrough,dns_gate_no_answer,no A/AAAA answers for axisrocket.xyz,0,0,
run_20260413T113749Z,2b6658f7fa5721d0d6c71eea2c0739f7fb67f46e,PS-02_AIGR-S66270_NCIIPC_02_03_2026.xlsx,https://indiancontracting.com,dns_gate,1,ray-dns-gate,2026-04-13T11:38:28+00:00,2026-04-13T11:38:28+00:00,0,accepted,,,0,0,
run_20260413T113749Z,384c5429e62b9406fe6343178a0b7cc23d62cdc9,PS-02_AIGR-S66270_NCIIPC_02_03_2026.xlsx,https://in-clouds.com,dns_gate,1,ray-dns-gate,2026-04-13T11:38:28+00:00,2026-04-13T11:38:28+00:00,0,accepted,,,0,0,
run_20260413T113749Z,fa58ed250976d551fe7c1a4d615c09550a09c5aa,PS-02_AIGR-S66270_NCIIPC_02_03_2026.xlsx,https://ciresindia.com,dns_gate,1,ray-dns-gate,2026-04-13T11:38:28+00:00,2026-04-13T11:38:28+00:00,0,accepted,,,0,0,
run_20260413T113749Z,569f71922de470609bd8ad3bd4fd71f8a99e5500,PS-02_AIGR-S66270_NCIIPC_02_03_2026.xlsx,https://cloudaidev.com,dns_gate,1,ray-dns-gate,2026-04-13T11:38:28+00:00,2026-04-13T11:38:28+00:00,0,accepted,,,0,0,
run_20260413T113749Z,fd6e62321220c8ad28857893ef9ae224ce433b07,PS-02_AIGR-S66270_NCIIPC_02_03_2026.xlsx,https://pfcloud.email,dns_gate,1,ray-dns-gate,2026-04-13T11:38:28+00:00,2026-04-13T11:38:28+00:00,0,accepted,,,0,0,
run_20260413T113749Z,e6dc0d9603f86b3086a722a5b314147541fd9340,PS-02_AIGR-S66270_NCIIPC_02_03_2026.xlsx,https://airficial.com,dns_gate,1,ray-dns-gate,2026-04-13T11:38:28+00:00,2026-04-13T11:38:28+00:00,0,accepted,,,0,0,
run_20260413T113749Z,ea2519853ea3d75e81a13609d897cdab7122e8fd,PS-02_AIGR-S66270_NCIIPC_02_03_2026.xlsx,http://coalitionlegal.com,dns_gate,1,ray-dns-gate,2026-04-13T11:38:28+00:00,2026-04-13T11:38:28+00:00,0,accepted,,,0,0,
run_20260413T113749Z,996bbc31479a67dc84ab8eaa484427e3f89173c2,PS-02_AIGR-S66270_NCIIPC_02_03_2026.xlsx,https://cloudsystems.email,dns_gate,1,ray-dns-gate,2026-04-13T11:38:28+00:00,2026-04-13T11:38:28+00:00,0,accepted,,,0,0,
run_20260413T113749Z,9f0400e3b904c9f3afcdebb2d8f6961302fcf5e1,PS-02_AIGR-S66270_NCIIPC_02_03_2026.xlsx,http://ns.gold,dns_gate,1,ray-dns-gate,2026-04-13T11:38:28+00:00,2026-04-13T11:38:28+00:00,0,accepted,,,0,0,
run_20260413T113749Z,04451a126add79b9bd516772df22feb800f7bd02,PS-02_AIGR-S66270_NCIIPC_02_03_2026.xlsx,https://incogmeeto.com,dns_gate,1,ray-dns-gate,2026-04-13T11:38:28+00:00,2026-04-13T11:38:28+00:00,0,accepted,,,0,0,
run_20260413T113749Z,673724924c23352641bbd4d1f9fc61e1f039166f,PS-02_AIGR-S66270_NCIIPC_02_03_2026.xlsx,https://cloud-ideas.com,dns_gate,1,ray-dns-gate,2026-04-13T11:38:28+00:00,2026-04-13T11:38:28+00:00,0,accepted,,,0,0,
run_20260413T113749Z,9fbaf501c5c20cf4c72398c07d6b47ef0cb71dc7,PS-02_AIGR-S66270_NCIIPC_02_03_2026.xlsx,https://ssfact.com,dns_gate,1,ray-dns-gate,2026-04-13T11:38:28+00:00,2026-04-13T11:38:28+00:00,0,accepted,,,0,0,
run_20260413T113749Z,e705783a66a6b3cc23189ab605021d4f99ef5d95,PS-02_AIGR-S66270_NCIIPC_02_03_2026.xlsx,https://cloudcommandcenter.com,dns_gate,1,ray-dns-gate,2026-04-13T11:38:28+00:00,2026-04-13T11:38:28+00:00,0,accepted,,,0,0,
run_20260413T113749Z,52acd39cfe13cf1f370022a96f14e7cc86c8b861,PS-02_AIGR-S66270_NCIIPC_02_03_2026.xlsx,https://ai9cloud.com,dns_gate,1,ray-dns-gate,2026-04-13T11:38:28+00:00,2026-04-13T11:38:28+00:00,0,accepted,,,0,0,
run_20260413T113749Z,8cb48de04ef4af0014298b43c46809d7ab5fcc2e,PS-02_AIGR-S66270_NCIIPC_02_03_2026.xlsx,https://qshcloud.com,dns_gate,1,ray-dns-gate,2026-04-13T11:38:28+00:00,2026-04-13T11:38:28+00:00,0,accepted,,,0,0,
run_20260413T113749Z,f5f8aa320e40ddee6f2f7f3d720ff1b1c71bb1aa,PS-02_AIGR-S66270_NCIIPC_02_03_2026.xlsx,https://icloudbr.com,dns_gate,1,ray-dns-gate,2026-04-13T11:38:28+00:00,2026-04-13T11:38:28+00:00,0,accepted,,,0,0,
run_20260413T113749Z,ae4657e1026e023a1326b9cac7e6220d7aebbb82,PS-02_AIGR-S66270_NCIIPC_02_03_2026.xlsx,https://cloudtoolstack.com,dns_gate,1,ray-dns-gate,2026-04-13T11:38:28+00:00,2026-04-13T11:38:28+00:00,0,accepted,,,0,0,
run_20260413T113749Z,81083a9d4412d93ecdb1d919665e2f7184c1a424,PS-02_AIGR-S66270_NCIIPC_02_03_2026.xlsx,http://cloudveilwinery.com,dns_gate,1,ray-dns-gate,2026-04-13T11:38:28+00:00,2026-04-13T11:38:28+00:00,0,accepted,,,0,0,
run_20260413T113749Z,3ed8f7abe0961d201a7fe8bf8a6ac4435cf373cf,PS-02_AIGR-S66270_NCIIPC_02_03_2026.xlsx,https://cloudscopyhq.com,dns_gate,1,ray-dns-gate,2026-04-13T11:38:28+00:00,2026-04-13T11:38:28+00:00,0,accepted,,,0,0,
run_20260413T113749Z,4d2e01ec308f4d78708684345d19c85891267530,PS-02_AIGR-S66270_NCIIPC_02_03_2026.xlsx,https://cloudchatbots.xyz,dns_gate,1,ray-dns-gate,2026-04-13T11:38:28+00:00,2026-04-13T11:38:28+00:00,0,filtered_dns_inactive,dns_gate_no_answer,no A/AAAA answers for cloudchatbots.xyz,0,0,
run_20260413T113749Z,611311f6aa5a162b9c932f7329cdf995c61abd66,PS-02_AIGR-S66270_NCIIPC_02_03_2026.xlsx,https://indigedesigncollab.com,dns_gate,1,ray-dns-gate,2026-04-13T11:38:28+00:00,2026-04-13T11:38:28+00:00,0,filtered_dns_inactive,dns_gate_no_answer,no A/AAAA answers for indigedesigncollab.com,0,0,
run_20260413T113749Z,2afbb8276c11f8b36bba452f2b629dd28bf535b5,PS-02_AIGR-S66270_NCIIPC_02_03_2026.xlsx,https://cloudbolts.xyz,dns_gate,1,ray-dns-gate,2026-04-13T11:38:28+00:00,2026-04-13T11:38:28+00:00,0,filtered_dns_inactive,dns_gate_no_answer,no A/AAAA answers for cloudbolts.xyz,0,0,
run_20260413T113749Z,0f973365883c26cb22f4ea995e6645ca759dd3fe,PS-02_AIGR-S66270_NCIIPC_02_03_2026.xlsx,https://cloudinnovatorslife.com,dns_gate,1,ray-dns-gate,2026-04-13T11:38:28+00:00,2026-04-13T11:38:28+00:00,0,filtered_dns_inactive,dns_gate_no_answer,no A/AAAA answers for cloudinnovatorslife.com,0,0,
run_20260413T113749Z,1fa080203f9b2e9b7ab0283b1220d71b2c4efbfb,PS-02_AIGR-S66270_NCIIPC_02_03_2026.xlsx,https://cloudadvances.xyz,dns_gate,1,ray-dns-gate,2026-04-13T11:38:28+00:00,2026-04-13T11:38:28+00:00,0,filtered_dns_inactive,dns_gate_no_answer,no A/AAAA answers for cloudadvances.xyz,0,0,
run_20260413T113749Z,3e003c14a1d97a3a2516d40ff534328ea20b1e4c,PS-02_AIGR-S66270_NCIIPC_02_03_2026.xlsx,https://witcloud.xyz,dns_gate,1,ray-dns-gate,2026-04-13T11:38:28+00:00,2026-04-13T11:38:28+00:00,0,filtered_dns_inactive,dns_gate_no_answer,no A/AAAA answers for witcloud.xyz,0,0,
run_20260413T113749Z,4a11c98d135e8b6712e43ccfc58c90cb75585127,PS-02_AIGR-S66270_NCIIPC_02_03_2026.xlsx,https://cloudimagine.xyz,dns_gate,1,ray-dns-gate,2026-04-13T11:38:28+00:00,2026-04-13T11:38:28+00:00,0,filtered_dns_inactive,dns_gate_no_answer,no A/AAAA answers for cloudimagine.xyz,0,0,
run_20260413T113749Z,d82e337488c87b6314f1c6055a19968453af121b,PS-02_AIGR-S66270_NCIIPC_02_03_2026.xlsx,https://cloudlineoutfitter.com,dns_gate,1,ray-dns-gate,2026-04-13T11:38:28+00:00,2026-04-13T11:38:28+00:00,0,filtered_dns_inactive,dns_gate_no_answer,no A/AAAA answers for cloudlineoutfitter.com,0,0,
run_20260413T113749Z,c52c11be81a2c1f256a0faeb1f0b58dcc4ed8f63,PS-02_AIGR-S66270_NCIIPC_02_03_2026.xlsx,https://cloudembassies.xyz,dns_gate,1,ray-dns-gate,2026-04-13T11:38:28+00:00,2026-04-13T11:38:28+00:00,0,filtered_dns_inactive,dns_gate_no_answer,no A/AAAA answers for cloudembassies.xyz,0,0,
run_20260413T113749Z,ad6369ebdb06e4a0b7af5cc8c970ec24942e36d5,PS-02_AIGR-S66270_NCIIPC_02_03_2026.xlsx,https://cloudgates.xyz,dns_gate,1,ray-dns-gate,2026-04-13T11:38:28+00:00,2026-04-13T11:38:28+00:00,0,filtered_dns_inactive,dns_gate_no_answer,no A/AAAA answers for cloudgates.xyz,0,0,
run_20260413T113749Z,2e00f171921da9bef2dfa80d4f0991ba3b96eaa0,PS-02_AIGR-S66270_NCIIPC_02_03_2026.xlsx,https://onlinewebsitedesigner.com,hash,1,ray-hash-admit,2026-04-13T11:38:28+00:00,2026-04-13T11:38:28+00:00,0,admitted,,,0,0,
run_20260413T113749Z,2b6658f7fa5721d0d6c71eea2c0739f7fb67f46e,PS-02_AIGR-S66270_NCIIPC_02_03_2026.xlsx,https://indiancontracting.com,stage1,1,ray-stage1,2026-04-13T11:38:22+00:00,2026-04-13T11:38:39+00:00,17261,failed,,,0,0,
run_20260413T113749Z,384c5429e62b9406fe6343178a0b7cc23d62cdc9,PS-02_AIGR-S66270_NCIIPC_02_03_2026.xlsx,https://in-clouds.com,stage1,1,ray-stage1,2026-04-13T11:38:22+00:00,2026-04-13T11:38:40+00:00,18279,failed,,,0,0,
run_20260413T113749Z,fa58ed250976d551fe7c1a4d615c09550a09c5aa,PS-02_AIGR-S66270_NCIIPC_02_03_2026.xlsx,https://ciresindia.com,stage1,1,ray-stage1,2026-04-13T11:38:22+00:00,2026-04-13T11:38:46+00:00,24326,failed,,,0,0,
run_20260413T113749Z,569f71922de470609bd8ad3bd4fd71f8a99e5500,PS-02_AIGR-S66270_NCIIPC_02_03_2026.xlsx,https://cloudaidev.com,stage1,1,ray-stage1,2026-04-13T11:38:22+00:00,2026-04-13T11:38:47+00:00,25343,failed,,,0,0,
run_20260413T113749Z,fd6e62321220c8ad28857893ef9ae224ce433b07,PS-02_AIGR-S66270_NCIIPC_02_03_2026.xlsx,https://pfcloud.email,stage1,1,ray-stage1,2026-04-13T11:38:22+00:00,2026-04-13T11:38:48+00:00,26359,failed,,,0,0,
run_20260413T113749Z,e6dc0d9603f86b3086a722a5b314147541fd9340,PS-02_AIGR-S66270_NCIIPC_02_03_2026.xlsx,https://airficial.com,stage1,1,ray-stage1,2026-04-13T11:38:22+00:00,2026-04-13T11:38:49+00:00,27380,failed,,,0,0,
run_20260413T113749Z,ea2519853ea3d75e81a13609d897cdab7122e8fd,PS-02_AIGR-S66270_NCIIPC_02_03_2026.xlsx,http://coalitionlegal.com,stage1,1,ray-stage1,2026-04-13T11:38:22+00:00,2026-04-13T11:38:55+00:00,33430,failed,,,0,0,
run_20260413T113749Z,996bbc31479a67dc84ab8eaa484427e3f89173c2,PS-02_AIGR-S66270_NCIIPC_02_03_2026.xlsx,https://cloudsystems.email,stage1,1,ray-stage1,2026-04-13T11:38:22+00:00,2026-04-13T11:39:01+00:00,39497,failed,,,0,0,
run_20260413T113749Z,9f0400e3b904c9f3afcdebb2d8f6961302fcf5e1,PS-02_AIGR-S66270_NCIIPC_02_03_2026.xlsx,http://ns.gold,stage1,1,ray-stage1,2026-04-13T11:38:22+00:00,2026-04-13T11:39:03+00:00,41515,failed,,,0,0,
run_20260413T113749Z,04451a126add79b9bd516772df22feb800f7bd02,PS-02_AIGR-S66270_NCIIPC_02_03_2026.xlsx,https://incogmeeto.com,stage1,1,ray-stage1,2026-04-13T11:38:22+00:00,2026-04-13T11:39:09+00:00,47545,failed,,,0,0,
run_20260413T113749Z,673724924c23352641bbd4d1f9fc61e1f039166f,PS-02_AIGR-S66270_NCIIPC_02_03_2026.xlsx,https://cloud-ideas.com,stage1,1,ray-stage1,2026-04-13T11:38:22+00:00,2026-04-13T11:39:11+00:00,49562,failed,,,0,0,
run_20260413T113749Z,1aceda9fc506cbcef193cdf66c81768bcfec20d8,PS-02_AIGR-S66270_NCIIPC_02_03_2026.xlsx,https://buildaion.com,hash,1,ray-hash-admit,2026-04-13T11:39:15+00:00,2026-04-13T11:39:15+00:00,0,admitted,,,0,0,
run_20260413T113749Z,9fbaf501c5c20cf4c72398c07d6b47ef0cb71dc7,PS-02_AIGR-S66270_NCIIPC_02_03_2026.xlsx,https://ssfact.com,stage1,1,ray-stage1,2026-04-13T11:38:22+00:00,2026-04-13T11:39:19+00:00,56661,failed,,,0,0,
run_20260413T113749Z,e705783a66a6b3cc23189ab605021d4f99ef5d95,PS-02_AIGR-S66270_NCIIPC_02_03_2026.xlsx,https://cloudcommandcenter.com,stage1,1,ray-stage1,2026-04-13T11:38:22+00:00,2026-04-13T11:39:25+00:00,62703,failed,,,0,0,
run_20260413T113749Z,52acd39cfe13cf1f370022a96f14e7cc86c8b861,PS-02_AIGR-S66270_NCIIPC_02_03_2026.xlsx,https://ai9cloud.com,stage1,1,ray-stage1,2026-04-13T11:38:22+00:00,2026-04-13T11:39:26+00:00,63709,failed,,,0,0,
run_20260413T113749Z,8cb48de04ef4af0014298b43c46809d7ab5fcc2e,PS-02_AIGR-S66270_NCIIPC_02_03_2026.xlsx,https://qshcloud.com,stage1,1,ray-stage1,2026-04-13T11:38:22+00:00,2026-04-13T11:39:27+00:00,64714,failed,,,0,0,
run_20260413T113749Z,2b10223cf1e0dce6df2891b54986d40496173258,PS-02_AIGR-S66270_NCIIPC_02_03_2026.xlsx,https://abdusms.com,hash,1,ray-hash-admit,2026-04-13T11:39:27+00:00,2026-04-13T11:39:27+00:00,0,admitted,,,0,0,
run_20260413T113749Z,f5f8aa320e40ddee6f2f7f3d720ff1b1c71bb1aa,PS-02_AIGR-S66270_NCIIPC_02_03_2026.xlsx,https://icloudbr.com,stage1,1,ray-stage1,2026-04-13T11:38:22+00:00,2026-04-13T11:39:30+00:00,68518,failed,RaySystemError,"System error: Unable to allocate internal buffer.
traceback: Traceback (most recent call last):
  File ""C:\Users\SATWIK\Documents\Phishing\venv\lib\site-packages\ray\_private\serialization.py"", line 590, in deserialize_objects
    obj = self._deserialize_object(
  File ""C:\Users\SATWIK\Documents\Phishing\venv\lib\site-packages\ray\_private\serialization.py"", line 436, in _deserialize_object
    return self._deserialize_msgpack_data(
  File ""C:\Users\SATWIK\Documents\Phishing\venv\lib\site-packages\ray\_private\serialization.py"", line 380, in _deserialize_msgpack_data
    msgpack_data, pickle5_data = split_buffer(data)
  File ""python\\ray\\includes/serialization.pxi"", line 205, in ray._raylet.split_buffer
  File ""msgpack/_unpacker.pyx"", line 372, in msgpack._cmsgpack.Unpacker.__init__
MemoryError: Unable to allocate internal buffer.
",0,0,
run_20260413T113749Z,3ed8f7abe0961d201a7fe8bf8a6ac4435cf373cf,PS-02_AIGR-S66270_NCIIPC_02_03_2026.xlsx,https://cloudscopyhq.com,stage1,1,ray-stage1,2026-04-13T11:38:22+00:00,2026-04-13T11:39:36+00:00,74198,failed,RaySystemError,"System error: Unable to allocate internal buffer.
traceback: Traceback (most recent call last):
  File ""C:\Users\SATWIK\Documents\Phishing\venv\lib\site-packages\ray\_private\serialization.py"", line 590, in deserialize_objects
    obj = self._deserialize_object(
  File ""C:\Users\SATWIK\Documents\Phishing\venv\lib\site-packages\ray\_private\serialization.py"", line 464, in _deserialize_object
    obj = self._deserialize_msgpack_data(
  File ""C:\Users\SATWIK\Documents\Phishing\venv\lib\site-packages\ray\_private\serialization.py"", line 380, in _deserialize_msgpack_data
    msgpack_data, pickle5_data = split_buffer(data)
  File ""python\\ray\\includes/serialization.pxi"", line 205, in ray._raylet.split_buffer
  File ""msgpack/_unpacker.pyx"", line 372, in msgpack._cmsgpack.Unpacker.__init__
MemoryError: Unable to allocate internal buffer.
",0,0,
run_20260413T113749Z,81083a9d4412d93ecdb1d919665e2f7184c1a424,PS-02_AIGR-S66270_NCIIPC_02_03_2026.xlsx,http://cloudveilwinery.com,stage1,1,ray-stage1,2026-04-13T11:38:22+00:00,2026-04-13T11:40:17+00:00,114855,failed,RayTaskError(RuntimeError),"[36mray::_stage1_parse_task_impl()[39m (pid=22580, ip=127.0.0.1)
  File ""python\\ray\\_raylet.pyx"", line 1818, in ray._raylet.execute_task
  File ""C:\Users\SATWIK\Documents\Phishing\venv\lib\site-packages\ray\_private\function_manager.py"", line 299, in f
    raise RuntimeError(
RuntimeError: The remote function failed to import on the worker. This may be because needed library dependencies are not installed in the worker environment or cannot be found from sys.path ['C:\\Users\\SATWIK\\Documents\\Phishing', 'C:\\Users\\SATWIK\\Documents\\Phishing\\venv\\lib\\site-packages\\ray\\thirdparty_files', 'C:\\Users\\SATWIK\\Documents\\Phishing\\venv\\lib\\site-packages\\ray\\_private\\workers', 'C:\\Users\\SATWIK\\AppData\\Local\\Programs\\Python\\Python310\\python310.zip', 'C:\\Users\\SATWIK\\AppData\\Local\\Programs\\Python\\Python310\\DLLs', 'C:\\Users\\SATWIK\\AppData\\Local\\Programs\\Python\\Python310\\lib', 'C:\\Users\\SATWIK\\AppData\\Local\\Programs\\Python\\Python310', 'C:\\Users\\SATWIK\\Documents\\Phishing\\venv', 'C:\\Users\\SATWIK\\Documents\\Phishing\\venv\\lib\\site-packages']:

[36mray::_stage1_parse_task_impl()[39m (pid=22580, ip=127.0.0.1)
  File ""C:\Users\SATWIK\Documents\Phishing\venv\lib\site-packages\ray\_private\function_manager.py"", line 291, in fetch_and_register_remote_function
    function = pickle.loads(serialized_function)
  File ""C:\Users\SATWIK\Documents\Phishing\phishing_pipeline\ray_runtime.py"", line 13, in <module>
    import pandas as pd
  File ""C:\Users\SATWIK\Documents\Phishing\venv\lib\site-packages\pandas\__init__.py"", line 61, in <module>
    from pandas.core.api import (
  File ""C:\Users\SATWIK\Documents\Phishing\venv\lib\site-packages\pandas\core\api.py"", line 47, in <module>
    from pandas.core.groupby import (
  File ""C:\Users\SATWIK\Documents\Phishing\venv\lib\site-packages\pandas\core\groupby\__init__.py"", line 1, in <module>
    from pandas.core.groupby.generic import (
  File ""C:\Users\SATWIK\Documents\Phishing\venv\lib\site-packages\pandas\core\groupby\generic.py"", line 69, in <module>
    from pandas.core.groupby import (
  File ""C:\Users\SATWIK\Documents\Phishing\venv\lib\site-packages\pandas\core\groupby\ops.py"", line 26, in <module>
    import pandas._libs.groupby as libgroupby
ImportError: DLL load failed while importing groupby: The paging file is too small for this operation to complete.",0,0,
run_20260413T113749Z,3455c6d2ea3a256503f2ac30f79f428aea8b3c7e,PS-02_AIGR-S66270_NCIIPC_02_03_2026.xlsx,https://homehealthconsult.com,hash,1,ray-hash-admit,2026-04-13T11:40:17+00:00,2026-04-13T11:40:17+00:00,0,admitted,,,0,0,
run_20260413T113749Z,ae4657e1026e023a1326b9cac7e6220d7aebbb82,PS-02_AIGR-S66270_NCIIPC_02_03_2026.xlsx,https://cloudtoolstack.com,stage1,1,ray-stage1,2026-04-13T11:38:22+00:00,2026-04-13T11:40:20+00:00,117902,failed,RayTaskError(OSError),"[36mray::_stage1_parse_task_impl()[39m (pid=23696, ip=127.0.0.1)
  File ""python\\ray\\_raylet.pyx"", line 1818, in ray._raylet.execute_task
  File ""C:\Users\SATWIK\Documents\Phishing\phishing_pipeline\ray_runtime.py"", line 893, in _stage1_parse_task_impl
    from .stage1_http_analyzer import (
  File ""C:\Users\SATWIK\Documents\Phishing\phishing_pipeline\stage1_http_analyzer.py"", line 33, in <module>
    from .utils import _get_tvc_brand_catalog, _normalize_tvc_text
  File ""C:\Users\SATWIK\Documents\Phishing\phishing_pipeline\utils.py"", line 14, in <module>
    import torch
  File ""C:\Users\SATWIK\Documents\Phishing\venv\lib\site-packages\torch\__init__.py"", line 274, in <module>
    _load_dll_libraries()
  File ""C:\Users\SATWIK\Documents\Phishing\venv\lib\site-packages\torch\__init__.py"", line 257, in _load_dll_libraries
    raise err
OSError: [WinError 1455] The paging file is too small for this operation to complete. Error loading ""C:\Users\SATWIK\Documents\Phishing\venv\lib\site-packages\torch\lib\cufft64_11.dll"" or one of its dependencies.",0,0,
run_20260413T113749Z,05e339eb7710010ba4599ae6f398142dd0ac2e90,PS-02_AIGR-S66270_NCIIPC_02_03_2026.xlsx,https://nhua.com,hash,1,ray-hash-admit,2026-04-13T11:40:48+00:00,2026-04-13T11:40:48+00:00,0,admitted,,,0,0,
run_20260413T113749Z,9b8be23158eb9eb1c0e7e09f3fdb10d5ea3806d7,PS-02_AIGR-S66270_NCIIPC_02_03_2026.xlsx,https://sbplih.help,hash,1,ray-hash-admit,2026-04-13T11:40:51+00:00,2026-04-13T11:40:51+00:00,0,admitted,,,0,0,
run_20260413T113749Z,c3b2c8116829860e45fe6e9918c7168ac34b9e7f,PS-02_AIGR-S66270_NCIIPC_02_03_2026.xlsx,http://incometaxqueries.com,hash,1,ray-hash-admit,2026-04-13T11:40:53+00:00,2026-04-13T11:40:53+00:00,0,admitted,,,0,0,
run_20260413T113749Z,15c092ff62d959506ce902d36331f7a5dab3bad2,PS-02_AIGR-S66270_NCIIPC_02_03_2026.xlsx,https://nihwan.com,hash,1,ray-hash-admit,2026-04-13T11:43:54+00:00,2026-04-13T11:43:54+00:00,0,admitted,,,0,0,
run_20260413T113749Z,bccc53bca2327f52cc3ef50260dd7ade29bdd2b4,PS-02_AIGR-S66270_NCIIPC_02_03_2026.xlsx,https://keitech.xyz,stage0,1,ray-stage0,2026-04-13T12:18:14+00:00,2026-04-13T12:18:14+00:00,0,lexical_hit,,,0,0,
run_20260413T113749Z,2e00f171921da9bef2dfa80d4f0991ba3b96eaa0,PS-02_AIGR-S66270_NCIIPC_02_03_2026.xlsx,https://onlinewebsitedesigner.com,stage0,1,ray-stage0,2026-04-13T12:18:14+00:00,2026-04-13T12:18:14+00:00,0,lexical_hit,,,0,0,
run_20260413T113749Z,3455c6d2ea3a256503f2ac30f79f428aea8b3c7e,PS-02_AIGR-S66270_NCIIPC_02_03_2026.xlsx,https://homehealthconsult.com,stage0,1,ray-stage0,2026-04-13T12:18:14+00:00,2026-04-13T12:18:14+00:00,0,lexical_hit,,,0,0,
run_20260413T113749Z,05e339eb7710010ba4599ae6f398142dd0ac2e90,PS-02_AIGR-S66270_NCIIPC_02_03_2026.xlsx,https://nhua.com,stage0,1,ray-stage0,2026-04-13T12:18:14+00:00,2026-04-13T12:18:14+00:00,0,lexical_hit,,,0,0,
run_20260413T113749Z,1aceda9fc506cbcef193cdf66c81768bcfec20d8,PS-02_AIGR-S66270_NCIIPC_02_03_2026.xlsx,https://buildaion.com,stage0,1,ray-stage0,2026-04-13T12:18:14+00:00,2026-04-13T12:18:14+00:00,0,lexical_hit,,,0,0,
run_20260413T113749Z,2b10223cf1e0dce6df2891b54986d40496173258,PS-02_AIGR-S66270_NCIIPC_02_03_2026.xlsx,https://abdusms.com,stage0,1,ray-stage0,2026-04-13T12:18:14+00:00,2026-04-13T12:18:14+00:00,0,lexical_hit,,,0,0,
run_20260413T113749Z,18fbe0a5e762317688899a7dffa1f5b2aa7b26c1,PS-02_AIGR-S66270_NCIIPC_02_03_2026.xlsx,https://axiaseo.com,stage0,1,ray-stage0,2026-04-13T12:18:14+00:00,2026-04-13T12:18:14+00:00,0,lexical_hit,,,0,0,
run_20260413T113749Z,aeefa24dc13e63add261be6a88e5711bacd20061,PS-02_AIGR-S66270_NCIIPC_02_03_2026.xlsx,https://industrialsanderbelts.com,stage0,1,ray-stage0,2026-04-13T12:18:14+00:00,2026-04-13T12:18:14+00:00,0,lexical_hit,,,0,0,
run_20260413T113749Z,38e224312f26285a09eedbb7f02484f5484ed0aa,PS-02_AIGR-S66270_NCIIPC_02_03_2026.xlsx,https://taxiski.com,stage0,1,ray-stage0,2026-04-13T12:18:14+00:00,2026-04-13T12:18:14+00:00,0,lexical_hit,,,0,0,
run_20260413T113749Z,476086334115d038d8fb4995243393997b08f803,PS-02_AIGR-S66270_NCIIPC_02_03_2026.xlsx,https://byteindian.xyz,stage0,1,ray-stage0,2026-04-13T12:18:14+00:00,2026-04-13T12:18:14+00:00,0,lexical_hit,,,0,0,
run_20260413T113749Z,d633e76a8f42858d145cbf7189df5a18a65665db,PS-02_AIGR-S66270_NCIIPC_02_03_2026.xlsx,https://onlinesai.xyz,stage0,1,ray-stage0,2026-04-13T12:18:14+00:00,2026-04-13T12:18:14+00:00,0,lexical_hit,,,0,0,
run_20260413T113749Z,c43fabeddfcc938db957a529db2536b77fecb839,PS-02_AIGR-S66270_NCIIPC_02_03_2026.xlsx,https://panbe.website,stage0,1,ray-stage0,2026-04-13T12:18:14+00:00,2026-04-13T12:18:14+00:00,0,lexical_hit,,,0,0,
run_20260413T113749Z,e23aa02f63939e26d1dd9d74e682a073341a64b4,PS-02_AIGR-S66270_NCIIPC_02_03_2026.xlsx,https://airlectron.xyz,stage0,1,ray-stage0,2026-04-13T12:18:14+00:00,2026-04-13T12:18:14+00:00,0,lexical_hit,,,0,0,
run_20260413T113749Z,9b8be23158eb9eb1c0e7e09f3fdb10d5ea3806d7,PS-02_AIGR-S66270_NCIIPC_02_03_2026.xlsx,https://sbplih.help,stage0,1,ray-stage0,2026-04-13T12:18:14+00:00,2026-04-13T12:18:14+00:00,0,lexical_hit,,,0,0,
run_20260413T113749Z,8324d3c185d2e4d27c71588c5676ba3ec6d8776e,PS-02_AIGR-S66270_NCIIPC_02_03_2026.xlsx,https://incomewithfatima.com,stage0,1,ray-stage0,2026-04-13T12:18:14+00:00,2026-04-13T12:18:14+00:00,0,lexical_hit,,,0,0,
run_20260413T113749Z,c3b2c8116829860e45fe6e9918c7168ac34b9e7f,PS-02_AIGR-S66270_NCIIPC_02_03_2026.xlsx,http://incometaxqueries.com,stage0,1,ray-stage0,2026-04-13T12:18:14+00:00,2026-04-13T12:18:14+00:00,0,lexical_hit,,,0,0,
run_20260413T113749Z,e8172065849714d752337295f12805392c58ed88,PS-02_AIGR-S66270_NCIIPC_02_03_2026.xlsx,https://sabiko.app,stage0,1,ray-stage0,2026-04-13T12:18:14+00:00,2026-04-13T12:18:14+00:00,0,lexical_hit,,,0,0,
run_20260413T113749Z,15c092ff62d959506ce902d36331f7a5dab3bad2,PS-02_AIGR-S66270_NCIIPC_02_03_2026.xlsx,https://nihwan.com,stage0,1,ray-stage0,2026-04-13T12:18:14+00:00,2026-04-13T12:18:14+00:00,0,lexical_hit,,,0,0,
run_20260413T113749Z,bcbe0962fb3d0b4e715febea80a07133b59b79a6,PS-02_AIGR-S66270_NCIIPC_02_03_2026.xlsx,https://bizzcard.store,stage0,1,ray-stage0,2026-04-13T12:18:14+00:00,2026-04-13T12:18:14+00:00,0,lexical_hit,,,0,0,
run_20260413T113749Z,d55d19b31074b6ab8e54904924d212a4a384b639,PS-02_AIGR-S66270_NCIIPC_02_03_2026.xlsx,https://albd.app,stage0,1,ray-stage0,2026-04-13T12:18:14+00:00,2026-04-13T12:18:14+00:00,0,lexical_hit,,,0,0,
run_20260413T113749Z,7cbf30a12460d304cc781ff61dc5c3ee010277d2,PS-02_AIGR-S66270_NCIIPC_02_03_2026.xlsx,https://onlinesteal.com,stage0,1,ray-stage0,2026-04-13T12:18:14+00:00,2026-04-13T12:18:14+00:00,0,lexical_hit,,,0,0,
run_20260413T113749Z,9596376b574cf85dcdc87c06794472e23f31b7eb,PS-02_AIGR-S66270_NCIIPC_02_03_2026.xlsx,https://orbis.channel,stage0,1,ray-stage0,2026-04-13T12:18:14+00:00,2026-04-13T12:18:14+00:00,0,lexical_hit,,,0,0,
run_20260413T113749Z,ad106cf0adc9cab906701e605d24007c21280197,PS-02_AIGR-S66270_NCIIPC_02_03_2026.xlsx,https://canariasenbici.com,stage0,1,ray-stage0,2026-04-13T12:18:14+00:00,2026-04-13T12:18:14+00:00,0,lexical_hit,,,0,0,
run_20260413T113749Z,dd69d3d0986365cce3c1a9953c089c2693fcee58,PS-02_AIGR-S66270_NCIIPC_02_03_2026.xlsx,https://axiorashop.com,stage0,1,ray-stage0,2026-04-13T12:18:14+00:00,2026-04-13T12:18:14+00:00,0,lexical_hit,,,0,0,
run_20260413T113749Z,27023288ef8dda9d26726d8fe6daa5999b0e53ea,PS-02_AIGR-S66270_NCIIPC_02_03_2026.xlsx,http://sricard.com,stage0,1,ray-stage0,2026-04-13T12:18:14+00:00,2026-04-13T12:18:14+00:00,0,lexical_hit,,,0,0,
run_20260413T113749Z,11477ae98002a28aa54f9759e5a4b4494e013bf6,PS-02_AIGR-S66270_NCIIPC_02_03_2026.xlsx,https://onlinepredict.xyz,stage0,1,ray-stage0,2026-04-13T12:18:14+00:00,2026-04-13T12:18:14+00:00,0,lexical_hit,,,0,0,
run_20260413T113749Z,913210f39f9325a608748d192a36f04c2a9563fa,PS-02_AIGR-S66270_NCIIPC_02_03_2026.xlsx,https://ifocloud.com,stage0,1,ray-stage0,2026-04-13T12:18:14+00:00,2026-04-13T12:18:14+00:00,0,lexical_hit,,,0,0,
run_20260413T113749Z,299a24a0617b07c7b2ba9ec58d9c824604bf8f60,PS-02_AIGR-S66270_NCIIPC_02_03_2026.xlsx,https://homesforsaleinalaska.com,stage0,1,ray-stage0,2026-04-13T12:18:14+00:00,2026-04-13T12:18:14+00:00,0,lexical_hit,,,0,0,
run_20260413T113749Z,1d4f5721062dad7068e84ee3f2f858b321af3428,PS-02_AIGR-S66270_NCIIPC_02_03_2026.xlsx,https://valtricpayments.com,stage0,1,ray-stage0,2026-04-13T12:18:14+00:00,2026-04-13T12:18:14+00:00,0,lexical_hit,,,0,0,
run_20260413T113749Z,863759e97c20a507c09bae0bb6d2da1eca02f3d0,PS-02_AIGR-S66270_NCIIPC_02_03_2026.xlsx,https://onlinemodding.com,stage0,1,ray-stage0,2026-04-13T12:18:14+00:00,2026-04-13T12:18:14+00:00,0,lexical_hit,,,0,0,
run_20260413T113749Z,f12e3814fa1c0dc8ef79fa19b6ecf9ee3847438f,PS-02_AIGR-S66270_NCIIPC_02_03_2026.xlsx,https://onlydine.com,stage0,1,ray-stage0,2026-04-13T12:18:14+00:00,2026-04-13T12:18:14+00:00,0,lexical_hit,,,0,0,
run_20260413T113749Z,e8ab9b56a2a2213cf17250286d5a10ea6dc29ac7,PS-02_AIGR-S66270_NCIIPC_02_03_2026.xlsx,https://myvirtusinc.com,stage0,1,ray-stage0,2026-04-13T12:18:14+00:00,2026-04-13T12:18:14+00:00,0,lexical_hit,,,0,0,
run_20260413T113749Z,5eb158217662a042765ea963fba6a20b5ec3b747,PS-02_AIGR-S66270_NCIIPC_02_03_2026.xlsx,https://homease.xyz,stage0,1,ray-stage0,2026-04-13T12:18:14+00:00,2026-04-13T12:18:14+00:00,0,lexical_hit,,,0,0,
run_20260413T113749Z,3f84477d70cbd99d0a5ee8673b98d0deeec182d1,PS-02_AIGR-S66270_NCIIPC_02_03_2026.xlsx,https://byteindian.com,stage0,1,ray-stage0,2026-04-13T12:18:14+00:00,2026-04-13T12:18:14+00:00,0,lexical_hit,,,0,0,
run_20260413T113749Z,cd18474b9574489fccb56a2193bc97273586bd9d,PS-02_AIGR-S66270_NCIIPC_02_03_2026.xlsx,https://axisrocket.xyz,stage0,1,ray-stage0,2026-04-13T12:18:14+00:00,2026-04-13T12:18:14+00:00,0,lexical_hit,,,0,0,
run_20260413T113749Z,58f2a069300714c3256c8deff893e3f0cf61f816,PS-02_AIGR-S66270_NCIIPC_02_03_2026.xlsx,https://homelyda.com,stage0,1,ray-stage0,2026-04-13T12:18:14+00:00,2026-04-13T12:18:14+00:00,0,lexical_hit,,,0,0,
run_20260413T113749Z,9c84e8cf24e5c6b375a8d3a3ca664ae5db1085c9,PS-02_AIGR-S66270_NCIIPC_02_03_2026.xlsx,https://cloudwayfulfillment.com,stage0,1,ray-stage0,2026-04-13T12:18:14+00:00,2026-04-13T12:18:14+00:00,0,filtered_lexical_miss,,,0,0,
run_20260413T113749Z,fd29ce7a0f29c9de6a255256eb411a4417c6d8b1,PS-02_AIGR-S66270_NCIIPC_02_03_2026.xlsx,http://indiaonai.com,stage0,1,ray-stage0,2026-04-13T12:18:14+00:00,2026-04-13T12:18:14+00:00,0,filtered_lexical_miss,,,0,0,
run_20260413T113749Z,bfaf3561a093c2e09d2dbd6b91c89d05c1c4930d,PS-02_AIGR-S66270_NCIIPC_02_03_2026.xlsx,https://indside.com,stage0,1,ray-stage0,2026-04-13T12:18:14+00:00,2026-04-13T12:18:14+00:00,0,lexical_hit,,,0,0,
run_20260413T113749Z,b334bb46498f8b6aa3e525afb5a7db8d05c93f65,PS-02_AIGR-S66270_NCIIPC_02_03_2026.xlsx,https://cloudnet365.com,stage0,1,ray-stage0,2026-04-13T12:18:14+00:00,2026-04-13T12:18:14+00:00,0,filtered_lexical_miss,,,0,0,
run_20260413T113749Z,49f4ce949a59c27fd2e36fad77f8eb92a18ee94e,PS-02_AIGR-S66270_NCIIPC_02_03_2026.xlsx,https://onlinewebart.info,stage0,1,ray-stage0,2026-04-13T12:18:14+00:00,2026-04-13T12:18:14+00:00,0,lexical_hit,,,0,0,
run_20260413T113749Z,9a375ee9380a5b846ca20c096f03c6b7bf753591,PS-02_AIGR-S66270_NCIIPC_02_03_2026.xlsx,https://cloudsprovider.org,stage0,1,ray-stage0,2026-04-13T12:18:14+00:00,2026-04-13T12:18:14+00:00,0,filtered_lexical_miss,,,0,0,
run_20260413T113749Z,25628bef10ca05a0fcd56cf39193bddc6ec15358,PS-02_AIGR-S66270_NCIIPC_02_03_2026.xlsx,https://jixnov.com,stage0,1,ray-stage0,2026-04-13T12:18:14+00:00,2026-04-13T12:18:14+00:00,0,lexical_hit,,,0,0,
run_20260413T113749Z,72b23eedcc4bc70437643f22928f1540bd9fad49,PS-02_AIGR-S66270_NCIIPC_02_03_2026.xlsx,https://onlinegamblingtv.com,stage0,1,ray-stage0,2026-04-13T12:18:14+00:00,2026-04-13T12:18:14+00:00,0,lexical_hit,,,0,0,
run_20260413T113749Z,70f360e7254432b8cdf4bca04f73ba9cc5f7c07a,PS-02_AIGR-S66270_NCIIPC_02_03_2026.xlsx,https://rboji4.makeup,stage0,1,ray-stage0,2026-04-13T12:18:14+00:00,2026-04-13T12:18:14+00:00,0,lexical_hit,,,0,0,
run_20260413T113749Z,3aa3b416c19fcbfaa5002bdf7ad3a6878f8778a2,PS-02_AIGR-S66270_NCIIPC_02_03_2026.xlsx,https://diary-learning.sa.com,stage0,1,ray-stage0,2026-04-13T12:18:14+00:00,2026-04-13T12:18:14+00:00,0,filtered_lexical_miss,,,0,0,
run_20260413T113749Z,87fe35f3659d1e748623e9f94d2464d62da0afed,PS-02_AIGR-S66270_NCIIPC_02_03_2026.xlsx,https://homecinemasolutions.com,stage0,1,ray-stage0,2026-04-13T12:18:14+00:00,2026-04-13T12:18:14+00:00,0,lexical_hit,,,0,0,
run_20260413T113749Z,e3c86377b0669c0f67630403ab9cb99140cd40a0,PS-02_AIGR-S66270_NCIIPC_02_03_2026.xlsx,https://onlifts.com,stage0,1,ray-stage0,2026-04-13T12:18:14+00:00,2026-04-13T12:18:14+00:00,0,lexical_hit,,,0,0,
run_20260413T113749Z,b40217f4f058866e552c79fc452aa56ab066350e,PS-02_AIGR-S66270_NCIIPC_02_03_2026.xlsx,https://cloud-idsupport.info,stage0,1,ray-stage0,2026-04-13T12:18:14+00:00,2026-04-13T12:18:14+00:00,0,filtered_lexical_miss,,,0,0,
run_20260413T113749Z,ee9acf4c4c2eadfde15e0bddc2381a567b5a3e37,PS-02_AIGR-S66270_NCIIPC_02_03_2026.xlsx,http://myvirualmate.com,stage0,1,ray-stage0,2026-04-13T12:18:14+00:00,2026-04-13T12:18:14+00:00,0,lexical_hit,,,0,0,
run_20260413T113749Z,0156f1709482633d3ee274f945eab3047275301b,PS-02_AIGR-S66270_NCIIPC_02_03_2026.xlsx,https://cloudportal.link,stage0,1,ray-stage0,2026-04-13T12:18:14+00:00,2026-04-13T12:18:14+00:00,0,filtered_lexical_miss,,,0,0,
run_20260413T113749Z,79718c78e7297b737c970ebac9fc1c599ab2aef7,PS-02_AIGR-S66270_NCIIPC_02_03_2026.xlsx,https://homtels.net,stage0,1,ray-stage0,2026-04-13T12:18:14+00:00,2026-04-13T12:18:14+00:00,0,lexical_hit,,,0,0,
run_20260413T113749Z,b0d4ad4680c568e36008b713db6a0f3dbf652914,PS-02_AIGR-S66270_NCIIPC_02_03_2026.xlsx,https://home1restoration.com,stage0,1,ray-stage0,2026-04-13T12:18:14+00:00,2026-04-13T12:18:14+00:00,0,lexical_hit,,,0,0,
run_20260413T113749Z,6d3fbc2a9c4715ffe12366e59ad148db8a4b6909,PS-02_AIGR-S66270_NCIIPC_02_03_2026.xlsx,https://cloudautonomy.xyz,stage0,1,ray-stage0,2026-04-13T12:18:14+00:00,2026-04-13T12:18:14+00:00,0,filtered_lexical_miss,,,0,0,
run_20260413T113749Z,69da454c7ba1bf77f614774ffa43e0798b65ac88,PS-02_AIGR-S66270_NCIIPC_02_03_2026.xlsx,https://panbe.buzz,stage0,1,ray-stage0,2026-04-13T12:18:14+00:00,2026-04-13T12:18:14+00:00,0,lexical_hit,,,0,0,
run_20260413T113749Z,2c989fbfd60ebe53b7f597c96b13df59518b9bfd,PS-02_AIGR-S66270_NCIIPC_02_03_2026.xlsx,https://cloudsonasunnyday.com,stage0,1,ray-stage0,2026-04-13T12:18:14+00:00,2026-04-13T12:18:14+00:00,0,filtered_lexical_miss,,,0,0,
run_20260413T113749Z,23055deceae9a6aa478d96aff3d26e18e1d07338,PS-02_AIGR-S66270_NCIIPC_02_03_2026.xlsx,https://cloudcryptominer.xyz,stage0,1,ray-stage0,2026-04-13T12:18:14+00:00,2026-04-13T12:18:14+00:00,0,filtered_lexical_miss,,,0,0,
run_20260413T113749Z,c43774f0f930a9adfff4e549a5f928cace65bcbe,PS-02_AIGR-S66270_NCIIPC_02_03_2026.xlsx,https://exacia.com,stage0,1,ray-stage0,2026-04-13T12:18:14+00:00,2026-04-13T12:18:14+00:00,0,lexical_hit,,,0,0,
run_20260413T113749Z,b105d9672985d192418abea783255f72fa805eeb,PS-02_AIGR-S66270_NCIIPC_02_03_2026.xlsx,https://iceaichi.com,stage0,1,ray-stage0,2026-04-13T12:18:14+00:00,2026-04-13T12:18:14+00:00,0,lexical_hit,,,0,0,
run_20260413T113749Z,4b31c95c573f9011184022924dd3dd97322e5403,PS-02_AIGR-S66270_NCIIPC_02_03_2026.xlsx,https://sixcloud.xyz,stage0,1,ray-stage0,2026-04-13T12:18:14+00:00,2026-04-13T12:18:14+00:00,0,filtered_lexical_miss,,,0,0,
run_20260413T113749Z,fa19da1c276fdb197226d455b6f74e13e3f7d72d,PS-02_AIGR-S66270_NCIIPC_02_03_2026.xlsx,https://colidir.ca,stage0,1,ray-stage0,2026-04-13T12:18:14+00:00,2026-04-13T12:18:14+00:00,0,filtered_lexical_miss,,,0,0,
run_20260413T113749Z,6a8a52ed7da930a7dced0d0d0f8b2b9f0c8de98c,PS-02_AIGR-S66270_NCIIPC_02_03_2026.xlsx,https://agentipayment.com,stage0,1,ray-stage0,2026-04-13T12:18:14+00:00,2026-04-13T12:18:14+00:00,0,lexical_hit,,,0,0,
run_20260413T113749Z,8aa91782ab05dfa84634714dbb68d53628c7ef11,PS-02_AIGR-S66270_NCIIPC_02_03_2026.xlsx,https://cloudathena.xyz,stage0,1,ray-stage0,2026-04-13T12:18:14+00:00,2026-04-13T12:18:14+00:00,0,filtered_lexical_miss,,,0,0,
run_20260413T113749Z,0091cfd754377888e15d6ec0cc0161e03a11322f,PS-02_AIGR-S66270_NCIIPC_02_03_2026.xlsx,https://iuntech.com,stage0,1,ray-stage0,2026-04-13T12:18:14+00:00,2026-04-13T12:18:14+00:00,0,lexical_hit,,,0,0,
run_20260413T113749Z,1aceda9fc506cbcef193cdf66c81768bcfec20d8,PS-02_AIGR-S66270_NCIIPC_02_03_2026.xlsx,https://buildaion.com,dns_gate,1,ray-dns-gate,2026-04-13T12:18:17+00:00,2026-04-13T12:18:17+00:00,0,accepted,,,0,0,
run_20260413T113749Z,2b10223cf1e0dce6df2891b54986d40496173258,PS-02_AIGR-S66270_NCIIPC_02_03_2026.xlsx,https://abdusms.com,dns_gate,1,ray-dns-gate,2026-04-13T12:18:17+00:00,2026-04-13T12:18:17+00:00,0,accepted,,,0,0,
run_20260413T113749Z,2e00f171921da9bef2dfa80d4f0991ba3b96eaa0,PS-02_AIGR-S66270_NCIIPC_02_03_2026.xlsx,https://onlinewebsitedesigner.com,dns_gate,1,ray-dns-gate,2026-04-13T12:18:17+00:00,2026-04-13T12:18:17+00:00,0,accepted,,,0,0,
run_20260413T113749Z,3455c6d2ea3a256503f2ac30f79f428aea8b3c7e,PS-02_AIGR-S66270_NCIIPC_02_03_2026.xlsx,https://homehealthconsult.com,dns_gate,1,ray-dns-gate,2026-04-13T12:18:17+00:00,2026-04-13T12:18:17+00:00,0,accepted,,,0,0,
run_20260413T113749Z,05e339eb7710010ba4599ae6f398142dd0ac2e90,PS-02_AIGR-S66270_NCIIPC_02_03_2026.xlsx,https://nhua.com,dns_gate,1,ray-dns-gate,2026-04-13T12:18:17+00:00,2026-04-13T12:18:17+00:00,0,accepted,,,0,0,
run_20260413T113749Z,9b8be23158eb9eb1c0e7e09f3fdb10d5ea3806d7,PS-02_AIGR-S66270_NCIIPC_02_03_2026.xlsx,https://sbplih.help,dns_gate,1,ray-dns-gate,2026-04-13T12:18:17+00:00,2026-04-13T12:18:17+00:00,0,accepted,,,0,0,
run_20260413T113749Z,c3b2c8116829860e45fe6e9918c7168ac34b9e7f,PS-02_AIGR-S66270_NCIIPC_02_03_2026.xlsx,http://incometaxqueries.com,dns_gate,1,ray-dns-gate,2026-04-13T12:18:17+00:00,2026-04-13T12:18:17+00:00,0,accepted,,,0,0,
run_20260413T113749Z,15c092ff62d959506ce902d36331f7a5dab3bad2,PS-02_AIGR-S66270_NCIIPC_02_03_2026.xlsx,https://nihwan.com,dns_gate,1,ray-dns-gate,2026-04-13T12:18:17+00:00,2026-04-13T12:18:17+00:00,0,accepted,,,0,0,
run_20260413T113749Z,e8172065849714d752337295f12805392c58ed88,PS-02_AIGR-S66270_NCIIPC_02_03_2026.xlsx,https://sabiko.app,dns_gate,1,ray-dns-gate,2026-04-13T12:18:17+00:00,2026-04-13T12:18:17+00:00,0,accepted,,,0,0,
run_20260413T113749Z,bcbe0962fb3d0b4e715febea80a07133b59b79a6,PS-02_AIGR-S66270_NCIIPC_02_03_2026.xlsx,https://bizzcard.store,dns_gate,1,ray-dns-gate,2026-04-13T12:18:17+00:00,2026-04-13T12:18:17+00:00,0,accepted,,,0,0,
run_20260413T113749Z,7cbf30a12460d304cc781ff61dc5c3ee010277d2,PS-02_AIGR-S66270_NCIIPC_02_03_2026.xlsx,https://onlinesteal.com,dns_gate,1,ray-dns-gate,2026-04-13T12:18:17+00:00,2026-04-13T12:18:17+00:00,0,accepted,,,0,0,
run_20260413T113749Z,dd69d3d0986365cce3c1a9953c089c2693fcee58,PS-02_AIGR-S66270_NCIIPC_02_03_2026.xlsx,https://axiorashop.com,dns_gate,1,ray-dns-gate,2026-04-13T12:18:17+00:00,2026-04-13T12:18:17+00:00,0,accepted,,,0,0,
run_20260413T113749Z,27023288ef8dda9d26726d8fe6daa5999b0e53ea,PS-02_AIGR-S66270_NCIIPC_02_03_2026.xlsx,http://sricard.com,dns_gate,1,ray-dns-gate,2026-04-13T12:18:17+00:00,2026-04-13T12:18:17+00:00,0,accepted,,,0,0,
run_20260413T113749Z,299a24a0617b07c7b2ba9ec58d9c824604bf8f60,PS-02_AIGR-S66270_NCIIPC_02_03_2026.xlsx,https://homesforsaleinalaska.com,dns_gate,1,ray-dns-gate,2026-04-13T12:18:17+00:00,2026-04-13T12:18:17+00:00,0,accepted,,,0,0,
run_20260413T113749Z,e8ab9b56a2a2213cf17250286d5a10ea6dc29ac7,PS-02_AIGR-S66270_NCIIPC_02_03_2026.xlsx,https://myvirtusinc.com,dns_gate,1,ray-dns-gate,2026-04-13T12:18:17+00:00,2026-04-13T12:18:17+00:00,0,accepted,,,0,0,
run_20260413T113749Z,913210f39f9325a608748d192a36f04c2a9563fa,PS-02_AIGR-S66270_NCIIPC_02_03_2026.xlsx,https://ifocloud.com,dns_gate,1,ray-dns-gate,2026-04-13T12:18:17+00:00,2026-04-13T12:18:17+00:00,0,accepted,,,0,0,
run_20260413T113749Z,f12e3814fa1c0dc8ef79fa19b6ecf9ee3847438f,PS-02_AIGR-S66270_NCIIPC_02_03_2026.xlsx,https://onlydine.com,dns_gate,1,ray-dns-gate,2026-04-13T12:18:17+00:00,2026-04-13T12:18:17+00:00,0,accepted,,,0,0,
run_20260413T113749Z,1d4f5721062dad7068e84ee3f2f858b321af3428,PS-02_AIGR-S66270_NCIIPC_02_03_2026.xlsx,https://valtricpayments.com,dns_gate,1,ray-dns-gate,2026-04-13T12:18:17+00:00,2026-04-13T12:18:17+00:00,0,accepted,,,0,0,
run_20260413T113749Z,58f2a069300714c3256c8deff893e3f0cf61f816,PS-02_AIGR-S66270_NCIIPC_02_03_2026.xlsx,https://homelyda.com,dns_gate,1,ray-dns-gate,2026-04-13T12:18:17+00:00,2026-04-13T12:18:17+00:00,0,accepted,,,0,0,
run_20260413T113749Z,bfaf3561a093c2e09d2dbd6b91c89d05c1c4930d,PS-02_AIGR-S66270_NCIIPC_02_03_2026.xlsx,https://indside.com,dns_gate,1,ray-dns-gate,2026-04-13T12:18:17+00:00,2026-04-13T12:18:17+00:00,0,accepted,,,0,0,
run_20260413T113749Z,ad106cf0adc9cab906701e605d24007c21280197,PS-02_AIGR-S66270_NCIIPC_02_03_2026.xlsx,https://canariasenbici.com,dns_gate,1,ray-dns-gate,2026-04-13T12:18:17+00:00,2026-04-13T12:18:17+00:00,0,accepted,,,0,0,
run_20260413T113749Z,72b23eedcc4bc70437643f22928f1540bd9fad49,PS-02_AIGR-S66270_NCIIPC_02_03_2026.xlsx,https://onlinegamblingtv.com,dns_gate,1,ray-dns-gate,2026-04-13T12:18:17+00:00,2026-04-13T12:18:17+00:00,0,accepted,,,0,0,
run_20260413T113749Z,79718c78e7297b737c970ebac9fc1c599ab2aef7,PS-02_AIGR-S66270_NCIIPC_02_03_2026.xlsx,https://homtels.net,dns_gate,1,ray-dns-gate,2026-04-13T12:18:17+00:00,2026-04-13T12:18:17+00:00,0,accepted,,,0,0,
run_20260413T113749Z,e3c86377b0669c0f67630403ab9cb99140cd40a0,PS-02_AIGR-S66270_NCIIPC_02_03_2026.xlsx,https://onlifts.com,dns_gate,1,ray-dns-gate,2026-04-13T12:18:17+00:00,2026-04-13T12:18:17+00:00,0,accepted,,,0,0,
run_20260413T113749Z,b0d4ad4680c568e36008b713db6a0f3dbf652914,PS-02_AIGR-S66270_NCIIPC_02_03_2026.xlsx,https://home1restoration.com,dns_gate,1,ray-dns-gate,2026-04-13T12:18:17+00:00,2026-04-13T12:18:17+00:00,0,accepted,,,0,0,
run_20260413T113749Z,b105d9672985d192418abea783255f72fa805eeb,PS-02_AIGR-S66270_NCIIPC_02_03_2026.xlsx,https://iceaichi.com,dns_gate,1,ray-dns-gate,2026-04-13T12:18:17+00:00,2026-04-13T12:18:17+00:00,0,accepted,,,0,0,
run_20260413T113749Z,c43774f0f930a9adfff4e549a5f928cace65bcbe,PS-02_AIGR-S66270_NCIIPC_02_03_2026.xlsx,https://exacia.com,dns_gate,1,ray-dns-gate,2026-04-13T12:18:17+00:00,2026-04-13T12:18:17+00:00,0,accepted,,,0,0,
run_20260413T113749Z,6a8a52ed7da930a7dced0d0d0f8b2b9f0c8de98c,PS-02_AIGR-S66270_NCIIPC_02_03_2026.xlsx,https://agentipayment.com,dns_gate,1,ray-dns-gate,2026-04-13T12:18:17+00:00,2026-04-13T12:18:17+00:00,0,accepted,,,0,0,
run_20260413T113749Z,0091cfd754377888e15d6ec0cc0161e03a11322f,PS-02_AIGR-S66270_NCIIPC_02_03_2026.xlsx,https://iuntech.com,dns_gate,1,ray-dns-gate,2026-04-13T12:18:17+00:00,2026-04-13T12:18:17+00:00,0,accepted,,,0,0,
run_20260413T113749Z,bccc53bca2327f52cc3ef50260dd7ade29bdd2b4,PS-02_AIGR-S66270_NCIIPC_02_03_2026.xlsx,https://keitech.xyz,dns_gate,1,ray-dns-gate,2026-04-13T12:18:17+00:00,2026-04-13T12:18:17+00:00,0,registration_passthrough,dns_gate_no_answer,no A/AAAA answers for keitech.xyz,0,0,
run_20260413T113749Z,18fbe0a5e762317688899a7dffa1f5b2aa7b26c1,PS-02_AIGR-S66270_NCIIPC_02_03_2026.xlsx,https://axiaseo.com,dns_gate,1,ray-dns-gate,2026-04-13T12:18:17+00:00,2026-04-13T12:18:17+00:00,0,registration_passthrough,dns_gate_no_answer,no A/AAAA answers for axiaseo.com,0,0,
run_20260413T113749Z,c43fabeddfcc938db957a529db2536b77fecb839,PS-02_AIGR-S66270_NCIIPC_02_03_2026.xlsx,https://panbe.website,dns_gate,1,ray-dns-gate,2026-04-13T12:18:17+00:00,2026-04-13T12:18:17+00:00,0,registration_passthrough,dns_gate_no_answer,no A/AAAA answers for panbe.website,0,0,
run_20260413T113749Z,476086334115d038d8fb4995243393997b08f803,PS-02_AIGR-S66270_NCIIPC_02_03_2026.xlsx,https://byteindian.xyz,dns_gate,1,ray-dns-gate,2026-04-13T12:18:17+00:00,2026-04-13T12:18:17+00:00,0,registration_passthrough,dns_gate_no_answer,no A/AAAA answers for byteindian.xyz,0,0,
run_20260413T113749Z,aeefa24dc13e63add261be6a88e5711bacd20061,PS-02_AIGR-S66270_NCIIPC_02_03_2026.xlsx,https://industrialsanderbelts.com,dns_gate,1,ray-dns-gate,2026-04-13T12:18:17+00:00,2026-04-13T12:18:17+00:00,0,registration_passthrough,dns_gate_no_answer,no A/AAAA answers for industrialsanderbelts.com,0,0,
run_20260413T113749Z,38e224312f26285a09eedbb7f02484f5484ed0aa,PS-02_AIGR-S66270_NCIIPC_02_03_2026.xlsx,https://taxiski.com,dns_gate,1,ray-dns-gate,2026-04-13T12:18:17+00:00,2026-04-13T12:18:17+00:00,0,registration_passthrough,dns_gate_no_answer,no A/AAAA answers for taxiski.com,0,0,
run_20260413T113749Z,d633e76a8f42858d145cbf7189df5a18a65665db,PS-02_AIGR-S66270_NCIIPC_02_03_2026.xlsx,https://onlinesai.xyz,dns_gate,1,ray-dns-gate,2026-04-13T12:18:17+00:00,2026-04-13T12:18:17+00:00,0,registration_passthrough,dns_gate_no_answer,no A/AAAA answers for onlinesai.xyz,0,0,
run_20260413T113749Z,e23aa02f63939e26d1dd9d74e682a073341a64b4,PS-02_AIGR-S66270_NCIIPC_02_03_2026.xlsx,https://airlectron.xyz,dns_gate,1,ray-dns-gate,2026-04-13T12:18:17+00:00,2026-04-13T12:18:17+00:00,0,registration_passthrough,dns_gate_no_answer,no A/AAAA answers for airlectron.xyz,0,0,
run_20260413T113749Z,8324d3c185d2e4d27c71588c5676ba3ec6d8776e,PS-02_AIGR-S66270_NCIIPC_02_03_2026.xlsx,https://incomewithfatima.com,dns_gate,1,ray-dns-gate,2026-04-13T12:18:17+00:00,2026-04-13T12:18:17+00:00,0,registration_passthrough,dns_gate_no_answer,no A/AAAA answers for incomewithfatima.com,0,0,
run_20260413T113749Z,9596376b574cf85dcdc87c06794472e23f31b7eb,PS-02_AIGR-S66270_NCIIPC_02_03_2026.xlsx,https://orbis.channel,dns_gate,1,ray-dns-gate,2026-04-13T12:18:17+00:00,2026-04-13T12:18:17+00:00,0,registration_passthrough,dns_gate_no_answer,no A/AAAA answers for orbis.channel,0,0,
run_20260413T113749Z,d55d19b31074b6ab8e54904924d212a4a384b639,PS-02_AIGR-S66270_NCIIPC_02_03_2026.xlsx,https://albd.app,dns_gate,1,ray-dns-gate,2026-04-13T12:18:17+00:00,2026-04-13T12:18:17+00:00,0,registration_passthrough,dns_gate_no_answer,no A/AAAA answers for albd.app,0,0,
run_20260413T113749Z,11477ae98002a28aa54f9759e5a4b4494e013bf6,PS-02_AIGR-S66270_NCIIPC_02_03_2026.xlsx,https://onlinepredict.xyz,dns_gate,1,ray-dns-gate,2026-04-13T12:18:17+00:00,2026-04-13T12:18:17+00:00,0,registration_passthrough,dns_gate_no_answer,no A/AAAA answers for onlinepredict.xyz,0,0,
run_20260413T113749Z,863759e97c20a507c09bae0bb6d2da1eca02f3d0,PS-02_AIGR-S66270_NCIIPC_02_03_2026.xlsx,https://onlinemodding.com,dns_gate,1,ray-dns-gate,2026-04-13T12:18:17+00:00,2026-04-13T12:18:17+00:00,0,registration_passthrough,dns_gate_no_answer,no A/AAAA answers for onlinemodding.com,0,0,
run_20260413T113749Z,5eb158217662a042765ea963fba6a20b5ec3b747,PS-02_AIGR-S66270_NCIIPC_02_03_2026.xlsx,https://homease.xyz,dns_gate,1,ray-dns-gate,2026-04-13T12:18:17+00:00,2026-04-13T12:18:17+00:00,0,registration_passthrough,dns_gate_no_answer,no A/AAAA answers for homease.xyz,0,0,
run_20260413T113749Z,3f84477d70cbd99d0a5ee8673b98d0deeec182d1,PS-02_AIGR-S66270_NCIIPC_02_03_2026.xlsx,https://byteindian.com,dns_gate,1,ray-dns-gate,2026-04-13T12:18:17+00:00,2026-04-13T12:18:17+00:00,0,registration_passthrough,dns_gate_no_answer,no A/AAAA answers for byteindian.com,0,0,
run_20260413T113749Z,cd18474b9574489fccb56a2193bc97273586bd9d,PS-02_AIGR-S66270_NCIIPC_02_03_2026.xlsx,https://axisrocket.xyz,dns_gate,1,ray-dns-gate,2026-04-13T12:18:17+00:00,2026-04-13T12:18:17+00:00,0,registration_passthrough,dns_gate_no_answer,no A/AAAA answers for axisrocket.xyz,0,0,
run_20260413T113749Z,49f4ce949a59c27fd2e36fad77f8eb92a18ee94e,PS-02_AIGR-S66270_NCIIPC_02_03_2026.xlsx,https://onlinewebart.info,dns_gate,1,ray-dns-gate,2026-04-13T12:18:17+00:00,2026-04-13T12:18:17+00:00,0,registration_passthrough,dns_gate_no_answer,no A/AAAA answers for onlinewebart.info,0,0,
run_20260413T113749Z,70f360e7254432b8cdf4bca04f73ba9cc5f7c07a,PS-02_AIGR-S66270_NCIIPC_02_03_2026.xlsx,https://rboji4.makeup,dns_gate,1,ray-dns-gate,2026-04-13T12:18:17+00:00,2026-04-13T12:18:17+00:00,0,registration_passthrough,dns_gate_no_answer,no A/AAAA answers for rboji4.makeup,0,0,
run_20260413T113749Z,ee9acf4c4c2eadfde15e0bddc2381a567b5a3e37,PS-02_AIGR-S66270_NCIIPC_02_03_2026.xlsx,http://myvirualmate.com,dns_gate,1,ray-dns-gate,2026-04-13T12:18:17+00:00,2026-04-13T12:18:17+00:00,0,registration_passthrough,dns_gate_no_answer,no A/AAAA answers for myvirualmate.com,0,0,
run_20260413T113749Z,87fe35f3659d1e748623e9f94d2464d62da0afed,PS-02_AIGR-S66270_NCIIPC_02_03_2026.xlsx,https://homecinemasolutions.com,dns_gate,1,ray-dns-gate,2026-04-13T12:18:17+00:00,2026-04-13T12:18:17+00:00,0,registration_passthrough,dns_gate_no_answer,no A/AAAA answers for homecinemasolutions.com,0,0,
run_20260413T113749Z,25628bef10ca05a0fcd56cf39193bddc6ec15358,PS-02_AIGR-S66270_NCIIPC_02_03_2026.xlsx,https://jixnov.com,dns_gate,1,ray-dns-gate,2026-04-13T12:18:17+00:00,2026-04-13T12:18:17+00:00,0,registration_passthrough,dns_gate_no_answer,no A/AAAA answers for jixnov.com,0,0,
run_20260413T113749Z,69da454c7ba1bf77f614774ffa43e0798b65ac88,PS-02_AIGR-S66270_NCIIPC_02_03_2026.xlsx,https://panbe.buzz,dns_gate,1,ray-dns-gate,2026-04-13T12:18:17+00:00,2026-04-13T12:18:17+00:00,0,registration_passthrough,dns_gate_no_answer,no A/AAAA answers for panbe.buzz,0,0,
run_20260413T113749Z,b334bb46498f8b6aa3e525afb5a7db8d05c93f65,PS-02_AIGR-S66270_NCIIPC_02_03_2026.xlsx,https://cloudnet365.com,dns_gate,1,ray-dns-gate,2026-04-13T12:18:20+00:00,2026-04-13T12:18:20+00:00,0,accepted,,,0,0,
run_20260413T113749Z,9c84e8cf24e5c6b375a8d3a3ca664ae5db1085c9,PS-02_AIGR-S66270_NCIIPC_02_03_2026.xlsx,https://cloudwayfulfillment.com,dns_gate,1,ray-dns-gate,2026-04-13T12:18:20+00:00,2026-04-13T12:18:20+00:00,0,accepted,,,0,0,
run_20260413T113749Z,fd29ce7a0f29c9de6a255256eb411a4417c6d8b1,PS-02_AIGR-S66270_NCIIPC_02_03_2026.xlsx,http://indiaonai.com,dns_gate,1,ray-dns-gate,2026-04-13T12:18:20+00:00,2026-04-13T12:18:20+00:00,0,accepted,,,0,0,
run_20260413T113749Z,9a375ee9380a5b846ca20c096f03c6b7bf753591,PS-02_AIGR-S66270_NCIIPC_02_03_2026.xlsx,https://cloudsprovider.org,dns_gate,1,ray-dns-gate,2026-04-13T12:18:20+00:00,2026-04-13T12:18:20+00:00,0,accepted,,,0,0,
run_20260413T113749Z,3aa3b416c19fcbfaa5002bdf7ad3a6878f8778a2,PS-02_AIGR-S66270_NCIIPC_02_03_2026.xlsx,https://diary-learning.sa.com,dns_gate,1,ray-dns-gate,2026-04-13T12:18:20+00:00,2026-04-13T12:18:20+00:00,0,accepted,,,0,0,
run_20260413T113749Z,2c989fbfd60ebe53b7f597c96b13df59518b9bfd,PS-02_AIGR-S66270_NCIIPC_02_03_2026.xlsx,https://cloudsonasunnyday.com,dns_gate,1,ray-dns-gate,2026-04-13T12:18:20+00:00,2026-04-13T12:18:20+00:00,0,accepted,,,0,0,
run_20260413T113749Z,fa19da1c276fdb197226d455b6f74e13e3f7d72d,PS-02_AIGR-S66270_NCIIPC_02_03_2026.xlsx,https://colidir.ca,dns_gate,1,ray-dns-gate,2026-04-13T12:18:20+00:00,2026-04-13T12:18:20+00:00,0,accepted,,,0,0,
run_20260413T113749Z,b40217f4f058866e552c79fc452aa56ab066350e,PS-02_AIGR-S66270_NCIIPC_02_03_2026.xlsx,https://cloud-idsupport.info,dns_gate,1,ray-dns-gate,2026-04-13T12:18:20+00:00,2026-04-13T12:18:20+00:00,0,filtered_dns_inactive,dns_gate_no_answer,no A/AAAA answers for cloud-idsupport.info,0,0,
run_20260413T113749Z,23055deceae9a6aa478d96aff3d26e18e1d07338,PS-02_AIGR-S66270_NCIIPC_02_03_2026.xlsx,https://cloudcryptominer.xyz,dns_gate,1,ray-dns-gate,2026-04-13T12:18:20+00:00,2026-04-13T12:18:20+00:00,0,filtered_dns_inactive,dns_gate_no_answer,no A/AAAA answers for cloudcryptominer.xyz,0,0,
run_20260413T113749Z,0156f1709482633d3ee274f945eab3047275301b,PS-02_AIGR-S66270_NCIIPC_02_03_2026.xlsx,https://cloudportal.link,dns_gate,1,ray-dns-gate,2026-04-13T12:18:20+00:00,2026-04-13T12:18:20+00:00,0,filtered_dns_inactive,dns_gate_no_answer,no A/AAAA answers for cloudportal.link,0,0,
run_20260413T113749Z,6d3fbc2a9c4715ffe12366e59ad148db8a4b6909,PS-02_AIGR-S66270_NCIIPC_02_03_2026.xlsx,https://cloudautonomy.xyz,dns_gate,1,ray-dns-gate,2026-04-13T12:18:20+00:00,2026-04-13T12:18:20+00:00,0,filtered_dns_inactive,dns_gate_no_answer,no A/AAAA answers for cloudautonomy.xyz,0,0,
run_20260413T113749Z,4b31c95c573f9011184022924dd3dd97322e5403,PS-02_AIGR-S66270_NCIIPC_02_03_2026.xlsx,https://sixcloud.xyz,dns_gate,1,ray-dns-gate,2026-04-13T12:18:20+00:00,2026-04-13T12:18:20+00:00,0,filtered_dns_inactive,dns_gate_no_answer,no A/AAAA answers for sixcloud.xyz,0,0,
run_20260413T113749Z,8aa91782ab05dfa84634714dbb68d53628c7ef11,PS-02_AIGR-S66270_NCIIPC_02_03_2026.xlsx,https://cloudathena.xyz,dns_gate,1,ray-dns-gate,2026-04-13T12:18:20+00:00,2026-04-13T12:18:20+00:00,0,filtered_dns_inactive,dns_gate_no_answer,no A/AAAA answers for cloudathena.xyz,0,0,
run_20260413T113749Z,2e00f171921da9bef2dfa80d4f0991ba3b96eaa0,PS-02_AIGR-S66270_NCIIPC_02_03_2026.xlsx,https://onlinewebsitedesigner.com,hash,1,ray-hash-admit,2026-04-13T12:18:20+00:00,2026-04-13T12:18:20+00:00,0,admitted,,,0,0,
run_20260413T113749Z,9c84e8cf24e5c6b375a8d3a3ca664ae5db1085c9,PS-02_AIGR-S66270_NCIIPC_02_03_2026.xlsx,https://cloudwayfulfillment.com,stage1,1,ray-stage1,2026-04-13T12:18:14+00:00,2026-04-13T12:18:28+00:00,14283,failed,,,0,0,
run_20260413T113749Z,b334bb46498f8b6aa3e525afb5a7db8d05c93f65,PS-02_AIGR-S66270_NCIIPC_02_03_2026.xlsx,https://cloudnet365.com,stage1,1,ray-stage1,2026-04-13T12:18:14+00:00,2026-04-13T12:18:29+00:00,15292,failed,,,0,0,
run_20260413T113749Z,fd29ce7a0f29c9de6a255256eb411a4417c6d8b1,PS-02_AIGR-S66270_NCIIPC_02_03_2026.xlsx,http://indiaonai.com,stage1,1,ray-stage1,2026-04-13T12:18:14+00:00,2026-04-13T12:18:35+00:00,21328,failed,,,0,0,
run_20260413T113749Z,3aa3b416c19fcbfaa5002bdf7ad3a6878f8778a2,PS-02_AIGR-S66270_NCIIPC_02_03_2026.xlsx,https://diary-learning.sa.com,stage1,1,ray-stage1,2026-04-13T12:18:14+00:00,2026-04-13T12:18:37+00:00,23337,failed,,,0,0,
run_20260413T113749Z,bccc53bca2327f52cc3ef50260dd7ade29bdd2b4,PS-02_AIGR-S66270_NCIIPC_02_03_2026.xlsx,https://keitech.xyz,stage0,1,ray-stage0,2026-04-13T14:01:27+00:00,2026-04-13T14:01:27+00:00,0,lexical_hit,,,0,0,
run_20260413T113749Z,2e00f171921da9bef2dfa80d4f0991ba3b96eaa0,PS-02_AIGR-S66270_NCIIPC_02_03_2026.xlsx,https://onlinewebsitedesigner.com,stage0,1,ray-stage0,2026-04-13T14:01:27+00:00,2026-04-13T14:01:27+00:00,0,lexical_hit,,,0,0,
run_20260413T113749Z,1aceda9fc506cbcef193cdf66c81768bcfec20d8,PS-02_AIGR-S66270_NCIIPC_02_03_2026.xlsx,https://buildaion.com,stage0,1,ray-stage0,2026-04-13T14:01:27+00:00,2026-04-13T14:01:27+00:00,0,lexical_hit,,,0,0,
run_20260413T113749Z,18fbe0a5e762317688899a7dffa1f5b2aa7b26c1,PS-02_AIGR-S66270_NCIIPC_02_03_2026.xlsx,https://axiaseo.com,stage0,1,ray-stage0,2026-04-13T14:01:27+00:00,2026-04-13T14:01:27+00:00,0,lexical_hit,,,0,0,
run_20260413T113749Z,2b10223cf1e0dce6df2891b54986d40496173258,PS-02_AIGR-S66270_NCIIPC_02_03_2026.xlsx,https://abdusms.com,stage0,1,ray-stage0,2026-04-13T14:01:27+00:00,2026-04-13T14:01:27+00:00,0,lexical_hit,,,0,0,
run_20260413T113749Z,05e339eb7710010ba4599ae6f398142dd0ac2e90,PS-02_AIGR-S66270_NCIIPC_02_03_2026.xlsx,https://nhua.com,stage0,1,ray-stage0,2026-04-13T14:01:27+00:00,2026-04-13T14:01:27+00:00,0,lexical_hit,,,0,0,
run_20260413T113749Z,c43fabeddfcc938db957a529db2536b77fecb839,PS-02_AIGR-S66270_NCIIPC_02_03_2026.xlsx,https://panbe.website,stage0,1,ray-stage0,2026-04-13T14:01:27+00:00,2026-04-13T14:01:27+00:00,0,lexical_hit,,,0,0,
run_20260413T113749Z,aeefa24dc13e63add261be6a88e5711bacd20061,PS-02_AIGR-S66270_NCIIPC_02_03_2026.xlsx,https://industrialsanderbelts.com,stage0,1,ray-stage0,2026-04-13T14:01:27+00:00,2026-04-13T14:01:27+00:00,0,lexical_hit,,,0,0,
run_20260413T113749Z,3455c6d2ea3a256503f2ac30f79f428aea8b3c7e,PS-02_AIGR-S66270_NCIIPC_02_03_2026.xlsx,https://homehealthconsult.com,stage0,1,ray-stage0,2026-04-13T14:01:27+00:00,2026-04-13T14:01:27+00:00,0,lexical_hit,,,0,0,
run_20260413T113749Z,476086334115d038d8fb4995243393997b08f803,PS-02_AIGR-S66270_NCIIPC_02_03_2026.xlsx,https://byteindian.xyz,stage0,1,ray-stage0,2026-04-13T14:01:27+00:00,2026-04-13T14:01:27+00:00,0,lexical_hit,,,0,0,
run_20260413T113749Z,38e224312f26285a09eedbb7f02484f5484ed0aa,PS-02_AIGR-S66270_NCIIPC_02_03_2026.xlsx,https://taxiski.com,stage0,1,ray-stage0,2026-04-13T14:01:27+00:00,2026-04-13T14:01:27+00:00,0,lexical_hit,,,0,0,
run_20260413T113749Z,d633e76a8f42858d145cbf7189df5a18a65665db,PS-02_AIGR-S66270_NCIIPC_02_03_2026.xlsx,https://onlinesai.xyz,stage0,1,ray-stage0,2026-04-13T14:01:27+00:00,2026-04-13T14:01:27+00:00,0,lexical_hit,,,0,0,
run_20260413T113749Z,e23aa02f63939e26d1dd9d74e682a073341a64b4,PS-02_AIGR-S66270_NCIIPC_02_03_2026.xlsx,https://airlectron.xyz,stage0,1,ray-stage0,2026-04-13T14:01:27+00:00,2026-04-13T14:01:27+00:00,0,lexical_hit,,,0,0,
run_20260413T113749Z,8324d3c185d2e4d27c71588c5676ba3ec6d8776e,PS-02_AIGR-S66270_NCIIPC_02_03_2026.xlsx,https://incomewithfatima.com,stage0,1,ray-stage0,2026-04-13T14:01:27+00:00,2026-04-13T14:01:27+00:00,0,lexical_hit,,,0,0,
run_20260413T113749Z,9b8be23158eb9eb1c0e7e09f3fdb10d5ea3806d7,PS-02_AIGR-S66270_NCIIPC_02_03_2026.xlsx,https://sbplih.help,stage0,1,ray-stage0,2026-04-13T14:01:27+00:00,2026-04-13T14:01:27+00:00,0,lexical_hit,,,0,0,
run_20260413T113749Z,15c092ff62d959506ce902d36331f7a5dab3bad2,PS-02_AIGR-S66270_NCIIPC_02_03_2026.xlsx,https://nihwan.com,stage0,1,ray-stage0,2026-04-13T14:01:27+00:00,2026-04-13T14:01:27+00:00,0,lexical_hit,,,0,0,
run_20260413T113749Z,e8172065849714d752337295f12805392c58ed88,PS-02_AIGR-S66270_NCIIPC_02_03_2026.xlsx,https://sabiko.app,stage0,1,ray-stage0,2026-04-13T14:01:27+00:00,2026-04-13T14:01:27+00:00,0,lexical_hit,,,0,0,
run_20260413T113749Z,bcbe0962fb3d0b4e715febea80a07133b59b79a6,PS-02_AIGR-S66270_NCIIPC_02_03_2026.xlsx,https://bizzcard.store,stage0,1,ray-stage0,2026-04-13T14:01:27+00:00,2026-04-13T14:01:27+00:00,0,lexical_hit,,,0,0,
run_20260413T113749Z,c3b2c8116829860e45fe6e9918c7168ac34b9e7f,PS-02_AIGR-S66270_NCIIPC_02_03_2026.xlsx,http://incometaxqueries.com,stage0,1,ray-stage0,2026-04-13T14:01:27+00:00,2026-04-13T14:01:27+00:00,0,lexical_hit,,,0,0,
run_20260413T113749Z,9596376b574cf85dcdc87c06794472e23f31b7eb,PS-02_AIGR-S66270_NCIIPC_02_03_2026.xlsx,https://orbis.channel,stage0,1,ray-stage0,2026-04-13T14:01:27+00:00,2026-04-13T14:01:27+00:00,0,lexical_hit,,,0,0,
run_20260413T113749Z,d55d19b31074b6ab8e54904924d212a4a384b639,PS-02_AIGR-S66270_NCIIPC_02_03_2026.xlsx,https://albd.app,stage0,1,ray-stage0,2026-04-13T14:01:27+00:00,2026-04-13T14:01:27+00:00,0,lexical_hit,,,0,0,
run_20260413T113749Z,7cbf30a12460d304cc781ff61dc5c3ee010277d2,PS-02_AIGR-S66270_NCIIPC_02_03_2026.xlsx,https://onlinesteal.com,stage0,1,ray-stage0,2026-04-13T14:01:27+00:00,2026-04-13T14:01:27+00:00,0,lexical_hit,,,0,0,
run_20260413T113749Z,dd69d3d0986365cce3c1a9953c089c2693fcee58,PS-02_AIGR-S66270_NCIIPC_02_03_2026.xlsx,https://axiorashop.com,stage0,1,ray-stage0,2026-04-13T14:01:27+00:00,2026-04-13T14:01:27+00:00,0,lexical_hit,,,0,0,
run_20260413T113749Z,27023288ef8dda9d26726d8fe6daa5999b0e53ea,PS-02_AIGR-S66270_NCIIPC_02_03_2026.xlsx,http://sricard.com,stage0,1,ray-stage0,2026-04-13T14:01:27+00:00,2026-04-13T14:01:27+00:00,0,lexical_hit,,,0,0,
run_20260413T113749Z,11477ae98002a28aa54f9759e5a4b4494e013bf6,PS-02_AIGR-S66270_NCIIPC_02_03_2026.xlsx,https://onlinepredict.xyz,stage0,1,ray-stage0,2026-04-13T14:01:27+00:00,2026-04-13T14:01:27+00:00,0,lexical_hit,,,0,0,
run_20260413T113749Z,ad106cf0adc9cab906701e605d24007c21280197,PS-02_AIGR-S66270_NCIIPC_02_03_2026.xlsx,https://canariasenbici.com,stage0,1,ray-stage0,2026-04-13T14:01:27+00:00,2026-04-13T14:01:27+00:00,0,lexical_hit,,,0,0,
run_20260413T113749Z,299a24a0617b07c7b2ba9ec58d9c824604bf8f60,PS-02_AIGR-S66270_NCIIPC_02_03_2026.xlsx,https://homesforsaleinalaska.com,stage0,1,ray-stage0,2026-04-13T14:01:27+00:00,2026-04-13T14:01:27+00:00,0,lexical_hit,,,0,0,
run_20260413T113749Z,e8ab9b56a2a2213cf17250286d5a10ea6dc29ac7,PS-02_AIGR-S66270_NCIIPC_02_03_2026.xlsx,https://myvirtusinc.com,stage0,1,ray-stage0,2026-04-13T14:01:27+00:00,2026-04-13T14:01:27+00:00,0,lexical_hit,,,0,0,
run_20260413T113749Z,1d4f5721062dad7068e84ee3f2f858b321af3428,PS-02_AIGR-S66270_NCIIPC_02_03_2026.xlsx,https://valtricpayments.com,stage0,1,ray-stage0,2026-04-13T14:01:27+00:00,2026-04-13T14:01:27+00:00,0,lexical_hit,,,0,0,
run_20260413T113749Z,913210f39f9325a608748d192a36f04c2a9563fa,PS-02_AIGR-S66270_NCIIPC_02_03_2026.xlsx,https://ifocloud.com,stage0,1,ray-stage0,2026-04-13T14:01:27+00:00,2026-04-13T14:01:27+00:00,0,lexical_hit,,,0,0,
run_20260413T113749Z,863759e97c20a507c09bae0bb6d2da1eca02f3d0,PS-02_AIGR-S66270_NCIIPC_02_03_2026.xlsx,https://onlinemodding.com,stage0,1,ray-stage0,2026-04-13T14:01:27+00:00,2026-04-13T14:01:27+00:00,0,lexical_hit,,,0,0,
run_20260413T113749Z,f12e3814fa1c0dc8ef79fa19b6ecf9ee3847438f,PS-02_AIGR-S66270_NCIIPC_02_03_2026.xlsx,https://onlydine.com,stage0,1,ray-stage0,2026-04-13T14:01:27+00:00,2026-04-13T14:01:27+00:00,0,lexical_hit,,,0,0,
run_20260413T113749Z,5eb158217662a042765ea963fba6a20b5ec3b747,PS-02_AIGR-S66270_NCIIPC_02_03_2026.xlsx,https://homease.xyz,stage0,1,ray-stage0,2026-04-13T14:01:27+00:00,2026-04-13T14:01:27+00:00,0,lexical_hit,,,0,0,
run_20260413T113749Z,3f84477d70cbd99d0a5ee8673b98d0deeec182d1,PS-02_AIGR-S66270_NCIIPC_02_03_2026.xlsx,https://byteindian.com,stage0,1,ray-stage0,2026-04-13T14:01:27+00:00,2026-04-13T14:01:27+00:00,0,lexical_hit,,,0,0,
run_20260413T113749Z,cd18474b9574489fccb56a2193bc97273586bd9d,PS-02_AIGR-S66270_NCIIPC_02_03_2026.xlsx,https://axisrocket.xyz,stage0,1,ray-stage0,2026-04-13T14:01:27+00:00,2026-04-13T14:01:27+00:00,0,lexical_hit,,,0,0,
run_20260413T113749Z,70f360e7254432b8cdf4bca04f73ba9cc5f7c07a,PS-02_AIGR-S66270_NCIIPC_02_03_2026.xlsx,https://rboji4.makeup,stage0,1,ray-stage0,2026-04-13T14:01:27+00:00,2026-04-13T14:01:27+00:00,0,lexical_hit,,,0,0,
run_20260413T113749Z,58f2a069300714c3256c8deff893e3f0cf61f816,PS-02_AIGR-S66270_NCIIPC_02_03_2026.xlsx,https://homelyda.com,stage0,1,ray-stage0,2026-04-13T14:01:27+00:00,2026-04-13T14:01:27+00:00,0,lexical_hit,,,0,0,
run_20260413T113749Z,bfaf3561a093c2e09d2dbd6b91c89d05c1c4930d,PS-02_AIGR-S66270_NCIIPC_02_03_2026.xlsx,https://indside.com,stage0,1,ray-stage0,2026-04-13T14:01:27+00:00,2026-04-13T14:01:27+00:00,0,lexical_hit,,,0,0,
run_20260413T113749Z,9a375ee9380a5b846ca20c096f03c6b7bf753591,PS-02_AIGR-S66270_NCIIPC_02_03_2026.xlsx,https://cloudsprovider.org,stage0,1,ray-stage0,2026-04-13T14:01:27+00:00,2026-04-13T14:01:27+00:00,0,filtered_lexical_miss,,,0,0,
run_20260413T113749Z,25628bef10ca05a0fcd56cf39193bddc6ec15358,PS-02_AIGR-S66270_NCIIPC_02_03_2026.xlsx,https://jixnov.com,stage0,1,ray-stage0,2026-04-13T14:01:27+00:00,2026-04-13T14:01:27+00:00,0,lexical_hit,,,0,0,
run_20260413T113749Z,49f4ce949a59c27fd2e36fad77f8eb92a18ee94e,PS-02_AIGR-S66270_NCIIPC_02_03_2026.xlsx,https://onlinewebart.info,stage0,1,ray-stage0,2026-04-13T14:01:27+00:00,2026-04-13T14:01:27+00:00,0,lexical_hit,,,0,0,
run_20260413T113749Z,ee9acf4c4c2eadfde15e0bddc2381a567b5a3e37,PS-02_AIGR-S66270_NCIIPC_02_03_2026.xlsx,http://myvirualmate.com,stage0,1,ray-stage0,2026-04-13T14:01:27+00:00,2026-04-13T14:01:27+00:00,0,lexical_hit,,,0,0,
run_20260413T113749Z,87fe35f3659d1e748623e9f94d2464d62da0afed,PS-02_AIGR-S66270_NCIIPC_02_03_2026.xlsx,https://homecinemasolutions.com,stage0,1,ray-stage0,2026-04-13T14:01:27+00:00,2026-04-13T14:01:27+00:00,0,lexical_hit,,,0,0,
run_20260413T113749Z,e3c86377b0669c0f67630403ab9cb99140cd40a0,PS-02_AIGR-S66270_NCIIPC_02_03_2026.xlsx,https://onlifts.com,stage0,1,ray-stage0,2026-04-13T14:01:27+00:00,2026-04-13T14:01:27+00:00,0,lexical_hit,,,0,0,
run_20260413T113749Z,79718c78e7297b737c970ebac9fc1c599ab2aef7,PS-02_AIGR-S66270_NCIIPC_02_03_2026.xlsx,https://homtels.net,stage0,1,ray-stage0,2026-04-13T14:01:27+00:00,2026-04-13T14:01:27+00:00,0,lexical_hit,,,0,0,
run_20260413T113749Z,72b23eedcc4bc70437643f22928f1540bd9fad49,PS-02_AIGR-S66270_NCIIPC_02_03_2026.xlsx,https://onlinegamblingtv.com,stage0,1,ray-stage0,2026-04-13T14:01:27+00:00,2026-04-13T14:01:27+00:00,0,lexical_hit,,,0,0,
run_20260413T113749Z,b0d4ad4680c568e36008b713db6a0f3dbf652914,PS-02_AIGR-S66270_NCIIPC_02_03_2026.xlsx,https://home1restoration.com,stage0,1,ray-stage0,2026-04-13T14:01:27+00:00,2026-04-13T14:01:27+00:00,0,lexical_hit,,,0,0,
run_20260413T113749Z,69da454c7ba1bf77f614774ffa43e0798b65ac88,PS-02_AIGR-S66270_NCIIPC_02_03_2026.xlsx,https://panbe.buzz,stage0,1,ray-stage0,2026-04-13T14:01:27+00:00,2026-04-13T14:01:27+00:00,0,lexical_hit,,,0,0,
run_20260413T113749Z,2c989fbfd60ebe53b7f597c96b13df59518b9bfd,PS-02_AIGR-S66270_NCIIPC_02_03_2026.xlsx,https://cloudsonasunnyday.com,stage0,1,ray-stage0,2026-04-13T14:01:27+00:00,2026-04-13T14:01:27+00:00,0,filtered_lexical_miss,,,0,0,
run_20260413T113749Z,b105d9672985d192418abea783255f72fa805eeb,PS-02_AIGR-S66270_NCIIPC_02_03_2026.xlsx,https://iceaichi.com,stage0,1,ray-stage0,2026-04-13T14:01:27+00:00,2026-04-13T14:01:27+00:00,0,lexical_hit,,,0,0,
run_20260413T113749Z,fa19da1c276fdb197226d455b6f74e13e3f7d72d,PS-02_AIGR-S66270_NCIIPC_02_03_2026.xlsx,https://colidir.ca,stage0,1,ray-stage0,2026-04-13T14:01:27+00:00,2026-04-13T14:01:27+00:00,0,filtered_lexical_miss,,,0,0,
run_20260413T113749Z,6a8a52ed7da930a7dced0d0d0f8b2b9f0c8de98c,PS-02_AIGR-S66270_NCIIPC_02_03_2026.xlsx,https://agentipayment.com,stage0,1,ray-stage0,2026-04-13T14:01:27+00:00,2026-04-13T14:01:27+00:00,0,lexical_hit,,,0,0,
run_20260413T113749Z,c43774f0f930a9adfff4e549a5f928cace65bcbe,PS-02_AIGR-S66270_NCIIPC_02_03_2026.xlsx,https://exacia.com,stage0,1,ray-stage0,2026-04-13T14:01:27+00:00,2026-04-13T14:01:27+00:00,0,lexical_hit,,,0,0,
run_20260413T113749Z,0091cfd754377888e15d6ec0cc0161e03a11322f,PS-02_AIGR-S66270_NCIIPC_02_03_2026.xlsx,https://iuntech.com,stage0,1,ray-stage0,2026-04-13T14:01:27+00:00,2026-04-13T14:01:27+00:00,0,lexical_hit,,,0,0,
run_20260413T113749Z,c1cdcea51f268c347fe7db3bbfaa17555f6abe9f,PS-02_AIGR-S66270_NCIIPC_02_03_2026.xlsx,https://cloudybooks.com,stage0,1,ray-stage0,2026-04-13T14:01:27+00:00,2026-04-13T14:01:27+00:00,0,filtered_lexical_miss,,,0,0,
run_20260413T113749Z,4fbe8283a00cf01adbc55382455dfc3ec5e557fc,PS-02_AIGR-S66270_NCIIPC_02_03_2026.xlsx,https://suacom.com,stage0,1,ray-stage0,2026-04-13T14:01:27+00:00,2026-04-13T14:01:27+00:00,0,filtered_lexical_miss,,,0,0,
run_20260413T113749Z,e4ac0f0feb0b21108678bc830dc45dae3f12f6da,PS-02_AIGR-S66270_NCIIPC_02_03_2026.xlsx,https://cloudsentiment.xyz,stage0,1,ray-stage0,2026-04-13T14:01:27+00:00,2026-04-13T14:01:27+00:00,0,filtered_lexical_miss,,,0,0,
run_20260413T113749Z,b743f3a32aab34d3f7840ceff85b24bea4ec68ea,PS-02_AIGR-S66270_NCIIPC_02_03_2026.xlsx,https://abudima.com,stage0,1,ray-stage0,2026-04-13T14:01:27+00:00,2026-04-13T14:01:27+00:00,0,lexical_hit,,,0,0,
run_20260413T113749Z,6bfba31b8840a3f8cf618aaf46a821100725a4f5,PS-02_AIGR-S66270_NCIIPC_02_03_2026.xlsx,https://home1300.com,stage0,1,ray-stage0,2026-04-13T14:01:27+00:00,2026-04-13T14:01:27+00:00,0,lexical_hit,,,0,0,
run_20260413T113749Z,f5030ef7d079216ce8ae5c5199344589ade87eab,PS-02_AIGR-S66270_NCIIPC_02_03_2026.xlsx,https://sachviet.us,stage0,1,ray-stage0,2026-04-13T14:01:27+00:00,2026-04-13T14:01:27+00:00,0,filtered_lexical_miss,,,0,0,
run_20260413T113749Z,73ff015c14fefdc2265e3ee34df12a7c9dcc28da,PS-02_AIGR-S66270_NCIIPC_02_03_2026.xlsx,https://industrialny.pl,stage0,1,ray-stage0,2026-04-13T14:01:27+00:00,2026-04-13T14:01:27+00:00,0,lexical_hit,,,0,0,
run_20260413T113749Z,15ebbede02dfcd6c6567b158f158dc0908cfe932,PS-02_AIGR-S66270_NCIIPC_02_03_2026.xlsx,https://cloudagentfi.com,stage0,1,ray-stage0,2026-04-13T14:01:27+00:00,2026-04-13T14:01:27+00:00,0,filtered_lexical_miss,,,0,0,
run_20260413T113749Z,f486a44938cba3da44eac153a3732b02913771d9,PS-02_AIGR-S66270_NCIIPC_02_03_2026.xlsx,https://airtaxiraleigh.com,stage0,1,ray-stage0,2026-04-13T14:01:27+00:00,2026-04-13T14:01:27+00:00,0,lexical_hit,,,0,0,
run_20260413T113749Z,95c4be76275d3bdc511a1253c8b6393be223aa14,PS-02_AIGR-S66270_NCIIPC_02_03_2026.xlsx,https://eindias.com,stage0,1,ray-stage0,2026-04-13T14:01:27+00:00,2026-04-13T14:01:27+00:00,0,lexical_hit,,,0,0,
run_20260413T113749Z,2e00f171921da9bef2dfa80d4f0991ba3b96eaa0,PS-02_AIGR-S66270_NCIIPC_02_03_2026.xlsx,https://onlinewebsitedesigner.com,dns_gate,1,ray-dns-gate,2026-04-13T14:01:30+00:00,2026-04-13T14:01:30+00:00,0,accepted,,,0,0,
run_20260413T113749Z,1aceda9fc506cbcef193cdf66c81768bcfec20d8,PS-02_AIGR-S66270_NCIIPC_02_03_2026.xlsx,https://buildaion.com,dns_gate,1,ray-dns-gate,2026-04-13T14:01:30+00:00,2026-04-13T14:01:30+00:00,0,accepted,,,0,0,
run_20260413T113749Z,3455c6d2ea3a256503f2ac30f79f428aea8b3c7e,PS-02_AIGR-S66270_NCIIPC_02_03_2026.xlsx,https://homehealthconsult.com,dns_gate,1,ray-dns-gate,2026-04-13T14:01:30+00:00,2026-04-13T14:01:30+00:00,0,accepted,,,0,0,
run_20260413T113749Z,9b8be23158eb9eb1c0e7e09f3fdb10d5ea3806d7,PS-02_AIGR-S66270_NCIIPC_02_03_2026.xlsx,https://sbplih.help,dns_gate,1,ray-dns-gate,2026-04-13T14:01:30+00:00,2026-04-13T14:01:30+00:00,0,accepted,,,0,0,
run_20260413T113749Z,05e339eb7710010ba4599ae6f398142dd0ac2e90,PS-02_AIGR-S66270_NCIIPC_02_03_2026.xlsx,https://nhua.com,dns_gate,1,ray-dns-gate,2026-04-13T14:01:30+00:00,2026-04-13T14:01:30+00:00,0,accepted,,,0,0,
run_20260413T113749Z,2b10223cf1e0dce6df2891b54986d40496173258,PS-02_AIGR-S66270_NCIIPC_02_03_2026.xlsx,https://abdusms.com,dns_gate,1,ray-dns-gate,2026-04-13T14:01:30+00:00,2026-04-13T14:01:30+00:00,0,accepted,,,0,0,
run_20260413T113749Z,e8172065849714d752337295f12805392c58ed88,PS-02_AIGR-S66270_NCIIPC_02_03_2026.xlsx,https://sabiko.app,dns_gate,1,ray-dns-gate,2026-04-13T14:01:30+00:00,2026-04-13T14:01:30+00:00,0,accepted,,,0,0,
run_20260413T113749Z,c3b2c8116829860e45fe6e9918c7168ac34b9e7f,PS-02_AIGR-S66270_NCIIPC_02_03_2026.xlsx,http://incometaxqueries.com,dns_gate,1,ray-dns-gate,2026-04-13T14:01:30+00:00,2026-04-13T14:01:30+00:00,0,accepted,,,0,0,
run_20260413T113749Z,15c092ff62d959506ce902d36331f7a5dab3bad2,PS-02_AIGR-S66270_NCIIPC_02_03_2026.xlsx,https://nihwan.com,dns_gate,1,ray-dns-gate,2026-04-13T14:01:30+00:00,2026-04-13T14:01:30+00:00,0,accepted,,,0,0,
run_20260413T113749Z,bcbe0962fb3d0b4e715febea80a07133b59b79a6,PS-02_AIGR-S66270_NCIIPC_02_03_2026.xlsx,https://bizzcard.store,dns_gate,1,ray-dns-gate,2026-04-13T14:01:30+00:00,2026-04-13T14:01:30+00:00,0,accepted,,,0,0,
run_20260413T113749Z,7cbf30a12460d304cc781ff61dc5c3ee010277d2,PS-02_AIGR-S66270_NCIIPC_02_03_2026.xlsx,https://onlinesteal.com,dns_gate,1,ray-dns-gate,2026-04-13T14:01:30+00:00,2026-04-13T14:01:30+00:00,0,accepted,,,0,0,
run_20260413T113749Z,dd69d3d0986365cce3c1a9953c089c2693fcee58,PS-02_AIGR-S66270_NCIIPC_02_03_2026.xlsx,https://axiorashop.com,dns_gate,1,ray-dns-gate,2026-04-13T14:01:30+00:00,2026-04-13T14:01:30+00:00,0,accepted,,,0,0,
run_20260413T113749Z,ad106cf0adc9cab906701e605d24007c21280197,PS-02_AIGR-S66270_NCIIPC_02_03_2026.xlsx,https://canariasenbici.com,dns_gate,1,ray-dns-gate,2026-04-13T14:01:30+00:00,2026-04-13T14:01:30+00:00,0,accepted,,,0,0,
run_20260413T113749Z,299a24a0617b07c7b2ba9ec58d9c824604bf8f60,PS-02_AIGR-S66270_NCIIPC_02_03_2026.xlsx,https://homesforsaleinalaska.com,dns_gate,1,ray-dns-gate,2026-04-13T14:01:30+00:00,2026-04-13T14:01:30+00:00,0,accepted,,,0,0,
run_20260413T113749Z,27023288ef8dda9d26726d8fe6daa5999b0e53ea,PS-02_AIGR-S66270_NCIIPC_02_03_2026.xlsx,http://sricard.com,dns_gate,1,ray-dns-gate,2026-04-13T14:01:30+00:00,2026-04-13T14:01:30+00:00,0,accepted,,,0,0,
run_20260413T113749Z,913210f39f9325a608748d192a36f04c2a9563fa,PS-02_AIGR-S66270_NCIIPC_02_03_2026.xlsx,https://ifocloud.com,dns_gate,1,ray-dns-gate,2026-04-13T14:01:30+00:00,2026-04-13T14:01:30+00:00,0,accepted,,,0,0,
run_20260413T113749Z,1d4f5721062dad7068e84ee3f2f858b321af3428,PS-02_AIGR-S66270_NCIIPC_02_03_2026.xlsx,https://valtricpayments.com,dns_gate,1,ray-dns-gate,2026-04-13T14:01:30+00:00,2026-04-13T14:01:30+00:00,0,accepted,,,0,0,
run_20260413T113749Z,e8ab9b56a2a2213cf17250286d5a10ea6dc29ac7,PS-02_AIGR-S66270_NCIIPC_02_03_2026.xlsx,https://myvirtusinc.com,dns_gate,1,ray-dns-gate,2026-04-13T14:01:30+00:00,2026-04-13T14:01:30+00:00,0,accepted,,,0,0,
run_20260413T113749Z,f12e3814fa1c0dc8ef79fa19b6ecf9ee3847438f,PS-02_AIGR-S66270_NCIIPC_02_03_2026.xlsx,https://onlydine.com,dns_gate,1,ray-dns-gate,2026-04-13T14:01:30+00:00,2026-04-13T14:01:30+00:00,0,accepted,,,0,0,
run_20260413T113749Z,bfaf3561a093c2e09d2dbd6b91c89d05c1c4930d,PS-02_AIGR-S66270_NCIIPC_02_03_2026.xlsx,https://indside.com,dns_gate,1,ray-dns-gate,2026-04-13T14:01:30+00:00,2026-04-13T14:01:30+00:00,0,accepted,,,0,0,
run_20260413T113749Z,72b23eedcc4bc70437643f22928f1540bd9fad49,PS-02_AIGR-S66270_NCIIPC_02_03_2026.xlsx,https://onlinegamblingtv.com,dns_gate,1,ray-dns-gate,2026-04-13T14:01:30+00:00,2026-04-13T14:01:30+00:00,0,accepted,,,0,0,
run_20260413T113749Z,58f2a069300714c3256c8deff893e3f0cf61f816,PS-02_AIGR-S66270_NCIIPC_02_03_2026.xlsx,https://homelyda.com,dns_gate,1,ray-dns-gate,2026-04-13T14:01:30+00:00,2026-04-13T14:01:30+00:00,0,accepted,,,0,0,
run_20260413T113749Z,e3c86377b0669c0f67630403ab9cb99140cd40a0,PS-02_AIGR-S66270_NCIIPC_02_03_2026.xlsx,https://onlifts.com,dns_gate,1,ray-dns-gate,2026-04-13T14:01:30+00:00,2026-04-13T14:01:30+00:00,0,accepted,,,0,0,
run_20260413T113749Z,b0d4ad4680c568e36008b713db6a0f3dbf652914,PS-02_AIGR-S66270_NCIIPC_02_03_2026.xlsx,https://home1restoration.com,dns_gate,1,ray-dns-gate,2026-04-13T14:01:30+00:00,2026-04-13T14:01:30+00:00,0,accepted,,,0,0,
run_20260413T113749Z,79718c78e7297b737c970ebac9fc1c599ab2aef7,PS-02_AIGR-S66270_NCIIPC_02_03_2026.xlsx,https://homtels.net,dns_gate,1,ray-dns-gate,2026-04-13T14:01:30+00:00,2026-04-13T14:01:30+00:00,0,accepted,,,0,0,
run_20260413T113749Z,b105d9672985d192418abea783255f72fa805eeb,PS-02_AIGR-S66270_NCIIPC_02_03_2026.xlsx,https://iceaichi.com,dns_gate,1,ray-dns-gate,2026-04-13T14:01:30+00:00,2026-04-13T14:01:30+00:00,0,accepted,,,0,0,
run_20260413T113749Z,c43774f0f930a9adfff4e549a5f928cace65bcbe,PS-02_AIGR-S66270_NCIIPC_02_03_2026.xlsx,https://exacia.com,dns_gate,1,ray-dns-gate,2026-04-13T14:01:30+00:00,2026-04-13T14:01:30+00:00,0,accepted,,,0,0,
run_20260413T113749Z,0091cfd754377888e15d6ec0cc0161e03a11322f,PS-02_AIGR-S66270_NCIIPC_02_03_2026.xlsx,https://iuntech.com,dns_gate,1,ray-dns-gate,2026-04-13T14:01:30+00:00,2026-04-13T14:01:30+00:00,0,accepted,,,0,0,
run_20260413T113749Z,6a8a52ed7da930a7dced0d0d0f8b2b9f0c8de98c,PS-02_AIGR-S66270_NCIIPC_02_03_2026.xlsx,https://agentipayment.com,dns_gate,1,ray-dns-gate,2026-04-13T14:01:30+00:00,2026-04-13T14:01:30+00:00,0,accepted,,,0,0,
run_20260413T113749Z,6bfba31b8840a3f8cf618aaf46a821100725a4f5,PS-02_AIGR-S66270_NCIIPC_02_03_2026.xlsx,https://home1300.com,dns_gate,1,ray-dns-gate,2026-04-13T14:01:30+00:00,2026-04-13T14:01:30+00:00,0,accepted,,,0,0,
run_20260413T113749Z,73ff015c14fefdc2265e3ee34df12a7c9dcc28da,PS-02_AIGR-S66270_NCIIPC_02_03_2026.xlsx,https://industrialny.pl,dns_gate,1,ray-dns-gate,2026-04-13T14:01:30+00:00,2026-04-13T14:01:30+00:00,0,accepted,,,0,0,
run_20260413T113749Z,bccc53bca2327f52cc3ef50260dd7ade29bdd2b4,PS-02_AIGR-S66270_NCIIPC_02_03_2026.xlsx,https://keitech.xyz,dns_gate,1,ray-dns-gate,2026-04-13T14:01:30+00:00,2026-04-13T14:01:30+00:00,0,registration_passthrough,dns_gate_no_answer,no A/AAAA answers for keitech.xyz,0,0,
run_20260413T113749Z,18fbe0a5e762317688899a7dffa1f5b2aa7b26c1,PS-02_AIGR-S66270_NCIIPC_02_03_2026.xlsx,https://axiaseo.com,dns_gate,1,ray-dns-gate,2026-04-13T14:01:30+00:00,2026-04-13T14:01:30+00:00,0,registration_passthrough,dns_gate_no_answer,no A/AAAA answers for axiaseo.com,0,0,
run_20260413T113749Z,95c4be76275d3bdc511a1253c8b6393be223aa14,PS-02_AIGR-S66270_NCIIPC_02_03_2026.xlsx,https://eindias.com,dns_gate,1,ray-dns-gate,2026-04-13T14:01:30+00:00,2026-04-13T14:01:30+00:00,0,accepted,,,0,0,
run_20260413T113749Z,aeefa24dc13e63add261be6a88e5711bacd20061,PS-02_AIGR-S66270_NCIIPC_02_03_2026.xlsx,https://industrialsanderbelts.com,dns_gate,1,ray-dns-gate,2026-04-13T14:01:30+00:00,2026-04-13T14:01:30+00:00,0,registration_passthrough,dns_gate_no_answer,no A/AAAA answers for industrialsanderbelts.com,0,0,
run_20260413T113749Z,476086334115d038d8fb4995243393997b08f803,PS-02_AIGR-S66270_NCIIPC_02_03_2026.xlsx,https://byteindian.xyz,dns_gate,1,ray-dns-gate,2026-04-13T14:01:30+00:00,2026-04-13T14:01:30+00:00,0,registration_passthrough,dns_gate_no_answer,no A/AAAA answers for byteindian.xyz,0,0,
run_20260413T113749Z,d633e76a8f42858d145cbf7189df5a18a65665db,PS-02_AIGR-S66270_NCIIPC_02_03_2026.xlsx,https://onlinesai.xyz,dns_gate,1,ray-dns-gate,2026-04-13T14:01:30+00:00,2026-04-13T14:01:30+00:00,0,registration_passthrough,dns_gate_no_answer,no A/AAAA answers for onlinesai.xyz,0,0,
run_20260413T113749Z,c43fabeddfcc938db957a529db2536b77fecb839,PS-02_AIGR-S66270_NCIIPC_02_03_2026.xlsx,https://panbe.website,dns_gate,1,ray-dns-gate,2026-04-13T14:01:30+00:00,2026-04-13T14:01:30+00:00,0,registration_passthrough,dns_gate_no_answer,no A/AAAA answers for panbe.website,0,0,
run_20260413T113749Z,38e224312f26285a09eedbb7f02484f5484ed0aa,PS-02_AIGR-S66270_NCIIPC_02_03_2026.xlsx,https://taxiski.com,dns_gate,1,ray-dns-gate,2026-04-13T14:01:30+00:00,2026-04-13T14:01:30+00:00,0,registration_passthrough,dns_gate_no_answer,no A/AAAA answers for taxiski.com,0,0,
run_20260413T113749Z,e23aa02f63939e26d1dd9d74e682a073341a64b4,PS-02_AIGR-S66270_NCIIPC_02_03_2026.xlsx,https://airlectron.xyz,dns_gate,1,ray-dns-gate,2026-04-13T14:01:30+00:00,2026-04-13T14:01:30+00:00,0,registration_passthrough,dns_gate_no_answer,no A/AAAA answers for airlectron.xyz,0,0,
run_20260413T113749Z,8324d3c185d2e4d27c71588c5676ba3ec6d8776e,PS-02_AIGR-S66270_NCIIPC_02_03_2026.xlsx,https://incomewithfatima.com,dns_gate,1,ray-dns-gate,2026-04-13T14:01:30+00:00,2026-04-13T14:01:30+00:00,0,registration_passthrough,dns_gate_no_answer,no A/AAAA answers for incomewithfatima.com,0,0,
run_20260413T113749Z,d55d19b31074b6ab8e54904924d212a4a384b639,PS-02_AIGR-S66270_NCIIPC_02_03_2026.xlsx,https://albd.app,dns_gate,1,ray-dns-gate,2026-04-13T14:01:30+00:00,2026-04-13T14:01:30+00:00,0,registration_passthrough,dns_gate_no_answer,no A/AAAA answers for albd.app,0,0,
run_20260413T113749Z,9596376b574cf85dcdc87c06794472e23f31b7eb,PS-02_AIGR-S66270_NCIIPC_02_03_2026.xlsx,https://orbis.channel,dns_gate,1,ray-dns-gate,2026-04-13T14:01:30+00:00,2026-04-13T14:01:30+00:00,0,registration_passthrough,dns_gate_no_answer,no A/AAAA answers for orbis.channel,0,0,
run_20260413T113749Z,11477ae98002a28aa54f9759e5a4b4494e013bf6,PS-02_AIGR-S66270_NCIIPC_02_03_2026.xlsx,https://onlinepredict.xyz,dns_gate,1,ray-dns-gate,2026-04-13T14:01:30+00:00,2026-04-13T14:01:30+00:00,0,registration_passthrough,dns_gate_no_answer,no A/AAAA answers for onlinepredict.xyz,0,0,
run_20260413T113749Z,863759e97c20a507c09bae0bb6d2da1eca02f3d0,PS-02_AIGR-S66270_NCIIPC_02_03_2026.xlsx,https://onlinemodding.com,dns_gate,1,ray-dns-gate,2026-04-13T14:01:30+00:00,2026-04-13T14:01:30+00:00,0,registration_passthrough,dns_gate_no_answer,no A/AAAA answers for onlinemodding.com,0,0,
run_20260413T113749Z,5eb158217662a042765ea963fba6a20b5ec3b747,PS-02_AIGR-S66270_NCIIPC_02_03_2026.xlsx,https://homease.xyz,dns_gate,1,ray-dns-gate,2026-04-13T14:01:30+00:00,2026-04-13T14:01:30+00:00,0,registration_passthrough,dns_gate_no_answer,no A/AAAA answers for homease.xyz,0,0,
run_20260413T113749Z,3f84477d70cbd99d0a5ee8673b98d0deeec182d1,PS-02_AIGR-S66270_NCIIPC_02_03_2026.xlsx,https://byteindian.com,dns_gate,1,ray-dns-gate,2026-04-13T14:01:30+00:00,2026-04-13T14:01:30+00:00,0,registration_passthrough,dns_gate_no_answer,no A/AAAA answers for byteindian.com,0,0,
run_20260413T113749Z,cd18474b9574489fccb56a2193bc97273586bd9d,PS-02_AIGR-S66270_NCIIPC_02_03_2026.xlsx,https://axisrocket.xyz,dns_gate,1,ray-dns-gate,2026-04-13T14:01:30+00:00,2026-04-13T14:01:30+00:00,0,registration_passthrough,dns_gate_no_answer,no A/AAAA answers for axisrocket.xyz,0,0,
run_20260413T113749Z,87fe35f3659d1e748623e9f94d2464d62da0afed,PS-02_AIGR-S66270_NCIIPC_02_03_2026.xlsx,https://homecinemasolutions.com,dns_gate,1,ray-dns-gate,2026-04-13T14:01:30+00:00,2026-04-13T14:01:30+00:00,0,registration_passthrough,dns_gate_no_answer,no A/AAAA answers for homecinemasolutions.com,0,0,
run_20260413T113749Z,49f4ce949a59c27fd2e36fad77f8eb92a18ee94e,PS-02_AIGR-S66270_NCIIPC_02_03_2026.xlsx,https://onlinewebart.info,dns_gate,1,ray-dns-gate,2026-04-13T14:01:30+00:00,2026-04-13T14:01:30+00:00,0,registration_passthrough,dns_gate_no_answer,no A/AAAA answers for onlinewebart.info,0,0,
run_20260413T113749Z,70f360e7254432b8cdf4bca04f73ba9cc5f7c07a,PS-02_AIGR-S66270_NCIIPC_02_03_2026.xlsx,https://rboji4.makeup,dns_gate,1,ray-dns-gate,2026-04-13T14:01:30+00:00,2026-04-13T14:01:30+00:00,0,registration_passthrough,dns_gate_no_answer,no A/AAAA answers for rboji4.makeup,0,0,
run_20260413T113749Z,69da454c7ba1bf77f614774ffa43e0798b65ac88,PS-02_AIGR-S66270_NCIIPC_02_03_2026.xlsx,https://panbe.buzz,dns_gate,1,ray-dns-gate,2026-04-13T14:01:30+00:00,2026-04-13T14:01:30+00:00,0,registration_passthrough,dns_gate_no_answer,no A/AAAA answers for panbe.buzz,0,0,
run_20260413T113749Z,ee9acf4c4c2eadfde15e0bddc2381a567b5a3e37,PS-02_AIGR-S66270_NCIIPC_02_03_2026.xlsx,http://myvirualmate.com,dns_gate,1,ray-dns-gate,2026-04-13T14:01:30+00:00,2026-04-13T14:01:30+00:00,0,registration_passthrough,dns_gate_no_answer,no A/AAAA answers for myvirualmate.com,0,0,
run_20260413T113749Z,f486a44938cba3da44eac153a3732b02913771d9,PS-02_AIGR-S66270_NCIIPC_02_03_2026.xlsx,https://airtaxiraleigh.com,dns_gate,1,ray-dns-gate,2026-04-13T14:01:30+00:00,2026-04-13T14:01:30+00:00,0,registration_passthrough,dns_gate_no_answer,no A/AAAA answers for airtaxiraleigh.com,0,0,
run_20260413T113749Z,b743f3a32aab34d3f7840ceff85b24bea4ec68ea,PS-02_AIGR-S66270_NCIIPC_02_03_2026.xlsx,https://abudima.com,dns_gate,1,ray-dns-gate,2026-04-13T14:01:30+00:00,2026-04-13T14:01:30+00:00,0,registration_passthrough,dns_gate_no_answer,no A/AAAA answers for abudima.com,0,0,
run_20260413T113749Z,25628bef10ca05a0fcd56cf39193bddc6ec15358,PS-02_AIGR-S66270_NCIIPC_02_03_2026.xlsx,https://jixnov.com,dns_gate,1,ray-dns-gate,2026-04-13T14:01:30+00:00,2026-04-13T14:01:30+00:00,0,registration_passthrough,dns_gate_no_answer,no A/AAAA answers for jixnov.com,0,0,
run_20260413T113749Z,fa19da1c276fdb197226d455b6f74e13e3f7d72d,PS-02_AIGR-S66270_NCIIPC_02_03_2026.xlsx,https://colidir.ca,dns_gate,1,ray-dns-gate,2026-04-13T14:01:30+00:00,2026-04-13T14:01:30+00:00,0,accepted,,,0,0,
run_20260413T113749Z,2c989fbfd60ebe53b7f597c96b13df59518b9bfd,PS-02_AIGR-S66270_NCIIPC_02_03_2026.xlsx,https://cloudsonasunnyday.com,dns_gate,1,ray-dns-gate,2026-04-13T14:01:30+00:00,2026-04-13T14:01:30+00:00,0,accepted,,,0,0,
run_20260413T113749Z,c1cdcea51f268c347fe7db3bbfaa17555f6abe9f,PS-02_AIGR-S66270_NCIIPC_02_03_2026.xlsx,https://cloudybooks.com,dns_gate,1,ray-dns-gate,2026-04-13T14:01:30+00:00,2026-04-13T14:01:30+00:00,0,accepted,,,0,0,
run_20260413T113749Z,9a375ee9380a5b846ca20c096f03c6b7bf753591,PS-02_AIGR-S66270_NCIIPC_02_03_2026.xlsx,https://cloudsprovider.org,dns_gate,1,ray-dns-gate,2026-04-13T14:01:30+00:00,2026-04-13T14:01:30+00:00,0,accepted,,,0,0,
run_20260413T113749Z,15ebbede02dfcd6c6567b158f158dc0908cfe932,PS-02_AIGR-S66270_NCIIPC_02_03_2026.xlsx,https://cloudagentfi.com,dns_gate,1,ray-dns-gate,2026-04-13T14:01:30+00:00,2026-04-13T14:01:30+00:00,0,accepted,,,0,0,
run_20260413T113749Z,4fbe8283a00cf01adbc55382455dfc3ec5e557fc,PS-02_AIGR-S66270_NCIIPC_02_03_2026.xlsx,https://suacom.com,dns_gate,1,ray-dns-gate,2026-04-13T14:01:30+00:00,2026-04-13T14:01:30+00:00,0,filtered_dns_inactive,dns_gate_no_answer,no A/AAAA answers for suacom.com,0,0,
run_20260413T113749Z,e4ac0f0feb0b21108678bc830dc45dae3f12f6da,PS-02_AIGR-S66270_NCIIPC_02_03_2026.xlsx,https://cloudsentiment.xyz,dns_gate,1,ray-dns-gate,2026-04-13T14:01:30+00:00,2026-04-13T14:01:30+00:00,0,filtered_dns_inactive,dns_gate_no_answer,no A/AAAA answers for cloudsentiment.xyz,0,0,
run_20260413T113749Z,f5030ef7d079216ce8ae5c5199344589ade87eab,PS-02_AIGR-S66270_NCIIPC_02_03_2026.xlsx,https://sachviet.us,dns_gate,1,ray-dns-gate,2026-04-13T14:01:30+00:00,2026-04-13T14:01:30+00:00,0,accepted,,,0,0,
run_20260413T113749Z,2e00f171921da9bef2dfa80d4f0991ba3b96eaa0,PS-02_AIGR-S66270_NCIIPC_02_03_2026.xlsx,https://onlinewebsitedesigner.com,hash,1,ray-hash-admit,2026-04-13T14:01:30+00:00,2026-04-13T14:01:30+00:00,0,admitted,,,0,0,
run_20260413T113749Z,9a375ee9380a5b846ca20c096f03c6b7bf753591,PS-02_AIGR-S66270_NCIIPC_02_03_2026.xlsx,https://cloudsprovider.org,stage1,1,ray-stage1,2026-04-13T14:01:27+00:00,2026-04-13T14:01:39+00:00,12594,failed,,,0,0,
run_20260413T113749Z,2c989fbfd60ebe53b7f597c96b13df59518b9bfd,PS-02_AIGR-S66270_NCIIPC_02_03_2026.xlsx,https://cloudsonasunnyday.com,stage1,1,ray-stage1,2026-04-13T14:01:27+00:00,2026-04-13T14:01:43+00:00,16304,failed,,,0,0,
run_20260413T113749Z,1aceda9fc506cbcef193cdf66c81768bcfec20d8,PS-02_AIGR-S66270_NCIIPC_02_03_2026.xlsx,https://buildaion.com,hash,1,ray-hash-admit,2026-04-13T14:01:43+00:00,2026-04-13T14:01:43+00:00,0,admitted,,,0,0,
run_20260413T113749Z,fa19da1c276fdb197226d455b6f74e13e3f7d72d,PS-02_AIGR-S66270_NCIIPC_02_03_2026.xlsx,https://colidir.ca,stage1,1,ray-stage1,2026-04-13T14:01:27+00:00,2026-04-13T14:01:44+00:00,17314,failed,,,0,0,
run_20260413T113749Z,c1cdcea51f268c347fe7db3bbfaa17555f6abe9f,PS-02_AIGR-S66270_NCIIPC_02_03_2026.xlsx,https://cloudybooks.com,stage1,1,ray-stage1,2026-04-13T14:01:27+00:00,2026-04-13T14:01:46+00:00,19333,failed,,,0,0,
run_20260413T113749Z,2b10223cf1e0dce6df2891b54986d40496173258,PS-02_AIGR-S66270_NCIIPC_02_03_2026.xlsx,https://abdusms.com,hash,1,ray-hash-admit,2026-04-13T14:01:48+00:00,2026-04-13T14:01:48+00:00,0,admitted,,,0,0,
run_20260413T113749Z,f5030ef7d079216ce8ae5c5199344589ade87eab,PS-02_AIGR-S66270_NCIIPC_02_03_2026.xlsx,https://sachviet.us,stage1,1,ray-stage1,2026-04-13T14:01:27+00:00,2026-04-13T14:01:50+00:00,23392,failed,,,0,0,
run_20260413T113749Z,3455c6d2ea3a256503f2ac30f79f428aea8b3c7e,PS-02_AIGR-S66270_NCIIPC_02_03_2026.xlsx,https://homehealthconsult.com,hash,1,ray-hash-admit,2026-04-13T14:01:50+00:00,2026-04-13T14:01:50+00:00,0,admitted,,,0,0,
run_20260413T113749Z,05e339eb7710010ba4599ae6f398142dd0ac2e90,PS-02_AIGR-S66270_NCIIPC_02_03_2026.xlsx,https://nhua.com,hash,1,ray-hash-admit,2026-04-13T14:01:52+00:00,2026-04-13T14:01:52+00:00,0,admitted,,,0,0,
run_20260413T113749Z,9b8be23158eb9eb1c0e7e09f3fdb10d5ea3806d7,PS-02_AIGR-S66270_NCIIPC_02_03_2026.xlsx,https://sbplih.help,hash,1,ray-hash-admit,2026-04-13T14:01:55+00:00,2026-04-13T14:01:55+00:00,0,admitted,,,0,0,
run_20260413T113749Z,c3b2c8116829860e45fe6e9918c7168ac34b9e7f,PS-02_AIGR-S66270_NCIIPC_02_03_2026.xlsx,http://incometaxqueries.com,hash,1,ray-hash-admit,2026-04-13T14:01:56+00:00,2026-04-13T14:01:56+00:00,0,admitted,,,0,0,
run_20260413T113749Z,15ebbede02dfcd6c6567b158f158dc0908cfe932,PS-02_AIGR-S66270_NCIIPC_02_03_2026.xlsx,https://cloudagentfi.com,stage1,1,ray-stage1,2026-04-13T14:01:27+00:00,2026-04-13T14:01:57+00:00,30600,failed,,,0,0,
run_20260413T113749Z,15c092ff62d959506ce902d36331f7a5dab3bad2,PS-02_AIGR-S66270_NCIIPC_02_03_2026.xlsx,https://nihwan.com,hash,1,ray-hash-admit,2026-04-13T14:01:57+00:00,2026-04-13T14:01:57+00:00,0,admitted,,,0,0,
run_20260413T113749Z,e8172065849714d752337295f12805392c58ed88,PS-02_AIGR-S66270_NCIIPC_02_03_2026.xlsx,https://sabiko.app,hash,1,ray-hash-admit,2026-04-13T14:02:06+00:00,2026-04-13T14:02:06+00:00,0,admitted,,,0,0,
run_20260413T113749Z,bcbe0962fb3d0b4e715febea80a07133b59b79a6,PS-02_AIGR-S66270_NCIIPC_02_03_2026.xlsx,https://bizzcard.store,hash,1,ray-hash-admit,2026-04-13T14:02:07+00:00,2026-04-13T14:02:07+00:00,0,admitted,,,0,0,
run_20260413T113749Z,7cbf30a12460d304cc781ff61dc5c3ee010277d2,PS-02_AIGR-S66270_NCIIPC_02_03_2026.xlsx,https://onlinesteal.com,hash,1,ray-hash-admit,2026-04-13T14:02:08+00:00,2026-04-13T14:02:08+00:00,0,admitted,,,0,0,
run_20260413T113749Z,dd69d3d0986365cce3c1a9953c089c2693fcee58,PS-02_AIGR-S66270_NCIIPC_02_03_2026.xlsx,https://axiorashop.com,hash,1,ray-hash-admit,2026-04-13T14:02:09+00:00,2026-04-13T14:02:09+00:00,0,admitted,,,0,0,
run_20260413T113749Z,ad106cf0adc9cab906701e605d24007c21280197,PS-02_AIGR-S66270_NCIIPC_02_03_2026.xlsx,https://canariasenbici.com,hash,1,ray-hash-admit,2026-04-13T14:02:10+00:00,2026-04-13T14:02:10+00:00,0,admitted,,,0,0,
run_20260413T113749Z,27023288ef8dda9d26726d8fe6daa5999b0e53ea,PS-02_AIGR-S66270_NCIIPC_02_03_2026.xlsx,http://sricard.com,hash,1,ray-hash-admit,2026-04-13T14:02:14+00:00,2026-04-13T14:02:14+00:00,0,admitted,,,0,0,
run_20260413T113749Z,299a24a0617b07c7b2ba9ec58d9c824604bf8f60,PS-02_AIGR-S66270_NCIIPC_02_03_2026.xlsx,https://homesforsaleinalaska.com,hash,1,ray-hash-admit,2026-04-13T14:02:17+00:00,2026-04-13T14:02:17+00:00,0,admitted,,,0,0,
run_20260413T113749Z,913210f39f9325a608748d192a36f04c2a9563fa,PS-02_AIGR-S66270_NCIIPC_02_03_2026.xlsx,https://ifocloud.com,hash,1,ray-hash-admit,2026-04-13T14:02:19+00:00,2026-04-13T14:02:19+00:00,0,admitted,,,0,0,
run_20260413T113749Z,bccc53bca2327f52cc3ef50260dd7ade29bdd2b4,PS-02_AIGR-S66270_NCIIPC_02_03_2026.xlsx,https://keitech.xyz,stage0,1,ray-stage0,2026-04-13T15:35:52+00:00,2026-04-13T15:35:52+00:00,0,lexical_hit,,,0,0,
run_20260413T113749Z,2e00f171921da9bef2dfa80d4f0991ba3b96eaa0,PS-02_AIGR-S66270_NCIIPC_02_03_2026.xlsx,https://onlinewebsitedesigner.com,stage0,1,ray-stage0,2026-04-13T15:35:52+00:00,2026-04-13T15:35:52+00:00,0,lexical_hit,,,0,0,
run_20260413T113749Z,18fbe0a5e762317688899a7dffa1f5b2aa7b26c1,PS-02_AIGR-S66270_NCIIPC_02_03_2026.xlsx,https://axiaseo.com,stage0,1,ray-stage0,2026-04-13T15:35:52+00:00,2026-04-13T15:35:52+00:00,0,lexical_hit,,,0,0,
run_20260413T113749Z,1aceda9fc506cbcef193cdf66c81768bcfec20d8,PS-02_AIGR-S66270_NCIIPC_02_03_2026.xlsx,https://buildaion.com,stage0,1,ray-stage0,2026-04-13T15:35:52+00:00,2026-04-13T15:35:52+00:00,0,lexical_hit,,,0,0,
run_20260413T113749Z,2b10223cf1e0dce6df2891b54986d40496173258,PS-02_AIGR-S66270_NCIIPC_02_03_2026.xlsx,https://abdusms.com,stage0,1,ray-stage0,2026-04-13T15:35:52+00:00,2026-04-13T15:35:52+00:00,0,lexical_hit,,,0,0,
run_20260413T113749Z,3455c6d2ea3a256503f2ac30f79f428aea8b3c7e,PS-02_AIGR-S66270_NCIIPC_02_03_2026.xlsx,https://homehealthconsult.com,stage0,1,ray-stage0,2026-04-13T15:35:52+00:00,2026-04-13T15:35:52+00:00,0,lexical_hit,,,0,0,
run_20260413T113749Z,aeefa24dc13e63add261be6a88e5711bacd20061,PS-02_AIGR-S66270_NCIIPC_02_03_2026.xlsx,https://industrialsanderbelts.com,stage0,1,ray-stage0,2026-04-13T15:35:52+00:00,2026-04-13T15:35:52+00:00,0,lexical_hit,,,0,0,
run_20260413T113749Z,05e339eb7710010ba4599ae6f398142dd0ac2e90,PS-02_AIGR-S66270_NCIIPC_02_03_2026.xlsx,https://nhua.com,stage0,1,ray-stage0,2026-04-13T15:35:52+00:00,2026-04-13T15:35:52+00:00,0,lexical_hit,,,0,0,
run_20260413T113749Z,c43fabeddfcc938db957a529db2536b77fecb839,PS-02_AIGR-S66270_NCIIPC_02_03_2026.xlsx,https://panbe.website,stage0,1,ray-stage0,2026-04-13T15:35:52+00:00,2026-04-13T15:35:52+00:00,0,lexical_hit,,,0,0,
run_20260413T113749Z,476086334115d038d8fb4995243393997b08f803,PS-02_AIGR-S66270_NCIIPC_02_03_2026.xlsx,https://byteindian.xyz,stage0,1,ray-stage0,2026-04-13T15:35:52+00:00,2026-04-13T15:35:52+00:00,0,lexical_hit,,,0,0,
run_20260413T113749Z,38e224312f26285a09eedbb7f02484f5484ed0aa,PS-02_AIGR-S66270_NCIIPC_02_03_2026.xlsx,https://taxiski.com,stage0,1,ray-stage0,2026-04-13T15:35:52+00:00,2026-04-13T15:35:52+00:00,0,lexical_hit,,,0,0,
run_20260413T113749Z,d633e76a8f42858d145cbf7189df5a18a65665db,PS-02_AIGR-S66270_NCIIPC_02_03_2026.xlsx,https://onlinesai.xyz,stage0,1,ray-stage0,2026-04-13T15:35:52+00:00,2026-04-13T15:35:52+00:00,0,lexical_hit,,,0,0,
run_20260413T113749Z,e23aa02f63939e26d1dd9d74e682a073341a64b4,PS-02_AIGR-S66270_NCIIPC_02_03_2026.xlsx,https://airlectron.xyz,stage0,1,ray-stage0,2026-04-13T15:35:52+00:00,2026-04-13T15:35:52+00:00,0,lexical_hit,,,0,0,
run_20260413T113749Z,8324d3c185d2e4d27c71588c5676ba3ec6d8776e,PS-02_AIGR-S66270_NCIIPC_02_03_2026.xlsx,https://incomewithfatima.com,stage0,1,ray-stage0,2026-04-13T15:35:52+00:00,2026-04-13T15:35:52+00:00,0,lexical_hit,,,0,0,
run_20260413T113749Z,9b8be23158eb9eb1c0e7e09f3fdb10d5ea3806d7,PS-02_AIGR-S66270_NCIIPC_02_03_2026.xlsx,https://sbplih.help,stage0,1,ray-stage0,2026-04-13T15:35:52+00:00,2026-04-13T15:35:52+00:00,0,lexical_hit,,,0,0,
run_20260413T113749Z,c3b2c8116829860e45fe6e9918c7168ac34b9e7f,PS-02_AIGR-S66270_NCIIPC_02_03_2026.xlsx,http://incometaxqueries.com,stage0,1,ray-stage0,2026-04-13T15:35:52+00:00,2026-04-13T15:35:52+00:00,0,lexical_hit,,,0,0,
run_20260413T113749Z,15c092ff62d959506ce902d36331f7a5dab3bad2,PS-02_AIGR-S66270_NCIIPC_02_03_2026.xlsx,https://nihwan.com,stage0,1,ray-stage0,2026-04-13T15:35:52+00:00,2026-04-13T15:35:52+00:00,0,lexical_hit,,,0,0,
run_20260413T113749Z,e8172065849714d752337295f12805392c58ed88,PS-02_AIGR-S66270_NCIIPC_02_03_2026.xlsx,https://sabiko.app,stage0,1,ray-stage0,2026-04-13T15:35:52+00:00,2026-04-13T15:35:52+00:00,0,lexical_hit,,,0,0,
run_20260413T113749Z,bcbe0962fb3d0b4e715febea80a07133b59b79a6,PS-02_AIGR-S66270_NCIIPC_02_03_2026.xlsx,https://bizzcard.store,stage0,1,ray-stage0,2026-04-13T15:35:52+00:00,2026-04-13T15:35:52+00:00,0,lexical_hit,,,0,0,
run_20260413T113749Z,9596376b574cf85dcdc87c06794472e23f31b7eb,PS-02_AIGR-S66270_NCIIPC_02_03_2026.xlsx,https://orbis.channel,stage0,1,ray-stage0,2026-04-13T15:35:52+00:00,2026-04-13T15:35:52+00:00,0,lexical_hit,,,0,0,
run_20260413T113749Z,d55d19b31074b6ab8e54904924d212a4a384b639,PS-02_AIGR-S66270_NCIIPC_02_03_2026.xlsx,https://albd.app,stage0,1,ray-stage0,2026-04-13T15:35:52+00:00,2026-04-13T15:35:52+00:00,0,lexical_hit,,,0,0,
run_20260413T113749Z,dd69d3d0986365cce3c1a9953c089c2693fcee58,PS-02_AIGR-S66270_NCIIPC_02_03_2026.xlsx,https://axiorashop.com,stage0,1,ray-stage0,2026-04-13T15:35:52+00:00,2026-04-13T15:35:52+00:00,0,lexical_hit,,,0,0,
run_20260413T113749Z,7cbf30a12460d304cc781ff61dc5c3ee010277d2,PS-02_AIGR-S66270_NCIIPC_02_03_2026.xlsx,https://onlinesteal.com,stage0,1,ray-stage0,2026-04-13T15:35:52+00:00,2026-04-13T15:35:52+00:00,0,lexical_hit,,,0,0,
run_20260413T113749Z,ad106cf0adc9cab906701e605d24007c21280197,PS-02_AIGR-S66270_NCIIPC_02_03_2026.xlsx,https://canariasenbici.com,stage0,1,ray-stage0,2026-04-13T15:35:52+00:00,2026-04-13T15:35:52+00:00,0,lexical_hit,,,0,0,
run_20260413T113749Z,27023288ef8dda9d26726d8fe6daa5999b0e53ea,PS-02_AIGR-S66270_NCIIPC_02_03_2026.xlsx,http://sricard.com,stage0,1,ray-stage0,2026-04-13T15:35:52+00:00,2026-04-13T15:35:52+00:00,0,lexical_hit,,,0,0,
run_20260413T113749Z,299a24a0617b07c7b2ba9ec58d9c824604bf8f60,PS-02_AIGR-S66270_NCIIPC_02_03_2026.xlsx,https://homesforsaleinalaska.com,stage0,1,ray-stage0,2026-04-13T15:35:52+00:00,2026-04-13T15:35:52+00:00,0,lexical_hit,,,0,0,
run_20260413T113749Z,913210f39f9325a608748d192a36f04c2a9563fa,PS-02_AIGR-S66270_NCIIPC_02_03_2026.xlsx,https://ifocloud.com,stage0,1,ray-stage0,2026-04-13T15:35:52+00:00,2026-04-13T15:35:52+00:00,0,lexical_hit,,,0,0,
run_20260413T113749Z,e8ab9b56a2a2213cf17250286d5a10ea6dc29ac7,PS-02_AIGR-S66270_NCIIPC_02_03_2026.xlsx,https://myvirtusinc.com,stage0,1,ray-stage0,2026-04-13T15:35:52+00:00,2026-04-13T15:35:52+00:00,0,lexical_hit,,,0,0,
run_20260413T113749Z,11477ae98002a28aa54f9759e5a4b4494e013bf6,PS-02_AIGR-S66270_NCIIPC_02_03_2026.xlsx,https://onlinepredict.xyz,stage0,1,ray-stage0,2026-04-13T15:35:52+00:00,2026-04-13T15:35:52+00:00,0,lexical_hit,,,0,0,
run_20260413T113749Z,863759e97c20a507c09bae0bb6d2da1eca02f3d0,PS-02_AIGR-S66270_NCIIPC_02_03_2026.xlsx,https://onlinemodding.com,stage0,1,ray-stage0,2026-04-13T15:35:52+00:00,2026-04-13T15:35:52+00:00,0,lexical_hit,,,0,0,
run_20260413T113749Z,1d4f5721062dad7068e84ee3f2f858b321af3428,PS-02_AIGR-S66270_NCIIPC_02_03_2026.xlsx,https://valtricpayments.com,stage0,1,ray-stage0,2026-04-13T15:35:52+00:00,2026-04-13T15:35:52+00:00,0,lexical_hit,,,0,0,
run_20260413T113749Z,f12e3814fa1c0dc8ef79fa19b6ecf9ee3847438f,PS-02_AIGR-S66270_NCIIPC_02_03_2026.xlsx,https://onlydine.com,stage0,1,ray-stage0,2026-04-13T15:35:52+00:00,2026-04-13T15:35:52+00:00,0,lexical_hit,,,0,0,
run_20260413T113749Z,5eb158217662a042765ea963fba6a20b5ec3b747,PS-02_AIGR-S66270_NCIIPC_02_03_2026.xlsx,https://homease.xyz,stage0,1,ray-stage0,2026-04-13T15:35:52+00:00,2026-04-13T15:35:52+00:00,0,lexical_hit,,,0,0,
run_20260413T113749Z,3f84477d70cbd99d0a5ee8673b98d0deeec182d1,PS-02_AIGR-S66270_NCIIPC_02_03_2026.xlsx,https://byteindian.com,stage0,1,ray-stage0,2026-04-13T15:35:52+00:00,2026-04-13T15:35:52+00:00,0,lexical_hit,,,0,0,
run_20260413T113749Z,cd18474b9574489fccb56a2193bc97273586bd9d,PS-02_AIGR-S66270_NCIIPC_02_03_2026.xlsx,https://axisrocket.xyz,stage0,1,ray-stage0,2026-04-13T15:35:52+00:00,2026-04-13T15:35:52+00:00,0,lexical_hit,,,0,0,
run_20260413T113749Z,58f2a069300714c3256c8deff893e3f0cf61f816,PS-02_AIGR-S66270_NCIIPC_02_03_2026.xlsx,https://homelyda.com,stage0,1,ray-stage0,2026-04-13T15:35:52+00:00,2026-04-13T15:35:52+00:00,0,lexical_hit,,,0,0,
run_20260413T113749Z,70f360e7254432b8cdf4bca04f73ba9cc5f7c07a,PS-02_AIGR-S66270_NCIIPC_02_03_2026.xlsx,https://rboji4.makeup,stage0,1,ray-stage0,2026-04-13T15:35:52+00:00,2026-04-13T15:35:52+00:00,0,lexical_hit,,,0,0,
run_20260413T113749Z,bfaf3561a093c2e09d2dbd6b91c89d05c1c4930d,PS-02_AIGR-S66270_NCIIPC_02_03_2026.xlsx,https://indside.com,stage0,1,ray-stage0,2026-04-13T15:35:52+00:00,2026-04-13T15:35:52+00:00,0,lexical_hit,,,0,0,
run_20260413T113749Z,87fe35f3659d1e748623e9f94d2464d62da0afed,PS-02_AIGR-S66270_NCIIPC_02_03_2026.xlsx,https://homecinemasolutions.com,stage0,1,ray-stage0,2026-04-13T15:35:52+00:00,2026-04-13T15:35:52+00:00,0,lexical_hit,,,0,0,
run_20260413T113749Z,49f4ce949a59c27fd2e36fad77f8eb92a18ee94e,PS-02_AIGR-S66270_NCIIPC_02_03_2026.xlsx,https://onlinewebart.info,stage0,1,ray-stage0,2026-04-13T15:35:52+00:00,2026-04-13T15:35:52+00:00,0,lexical_hit,,,0,0,
run_20260413T113749Z,ee9acf4c4c2eadfde15e0bddc2381a567b5a3e37,PS-02_AIGR-S66270_NCIIPC_02_03_2026.xlsx,http://myvirualmate.com,stage0,1,ray-stage0,2026-04-13T15:35:52+00:00,2026-04-13T15:35:52+00:00,0,lexical_hit,,,0,0,
run_20260413T113749Z,25628bef10ca05a0fcd56cf39193bddc6ec15358,PS-02_AIGR-S66270_NCIIPC_02_03_2026.xlsx,https://jixnov.com,stage0,1,ray-stage0,2026-04-13T15:35:52+00:00,2026-04-13T15:35:52+00:00,0,lexical_hit,,,0,0,
run_20260413T113749Z,72b23eedcc4bc70437643f22928f1540bd9fad49,PS-02_AIGR-S66270_NCIIPC_02_03_2026.xlsx,https://onlinegamblingtv.com,stage0,1,ray-stage0,2026-04-13T15:35:52+00:00,2026-04-13T15:35:52+00:00,0,lexical_hit,,,0,0,
run_20260413T113749Z,e3c86377b0669c0f67630403ab9cb99140cd40a0,PS-02_AIGR-S66270_NCIIPC_02_03_2026.xlsx,https://onlifts.com,stage0,1,ray-stage0,2026-04-13T15:35:52+00:00,2026-04-13T15:35:52+00:00,0,lexical_hit,,,0,0,
run_20260413T113749Z,b0d4ad4680c568e36008b713db6a0f3dbf652914,PS-02_AIGR-S66270_NCIIPC_02_03_2026.xlsx,https://home1restoration.com,stage0,1,ray-stage0,2026-04-13T15:35:52+00:00,2026-04-13T15:35:52+00:00,0,lexical_hit,,,0,0,
run_20260413T113749Z,b105d9672985d192418abea783255f72fa805eeb,PS-02_AIGR-S66270_NCIIPC_02_03_2026.xlsx,https://iceaichi.com,stage0,1,ray-stage0,2026-04-13T15:35:52+00:00,2026-04-13T15:35:52+00:00,0,lexical_hit,,,0,0,
run_20260413T113749Z,79718c78e7297b737c970ebac9fc1c599ab2aef7,PS-02_AIGR-S66270_NCIIPC_02_03_2026.xlsx,https://homtels.net,stage0,1,ray-stage0,2026-04-13T15:35:52+00:00,2026-04-13T15:35:52+00:00,0,lexical_hit,,,0,0,
run_20260413T113749Z,69da454c7ba1bf77f614774ffa43e0798b65ac88,PS-02_AIGR-S66270_NCIIPC_02_03_2026.xlsx,https://panbe.buzz,stage0,1,ray-stage0,2026-04-13T15:35:52+00:00,2026-04-13T15:35:52+00:00,0,lexical_hit,,,0,0,
run_20260413T113749Z,6a8a52ed7da930a7dced0d0d0f8b2b9f0c8de98c,PS-02_AIGR-S66270_NCIIPC_02_03_2026.xlsx,https://agentipayment.com,stage0,1,ray-stage0,2026-04-13T15:35:52+00:00,2026-04-13T15:35:52+00:00,0,lexical_hit,,,0,0,
run_20260413T113749Z,c43774f0f930a9adfff4e549a5f928cace65bcbe,PS-02_AIGR-S66270_NCIIPC_02_03_2026.xlsx,https://exacia.com,stage0,1,ray-stage0,2026-04-13T15:35:52+00:00,2026-04-13T15:35:52+00:00,0,lexical_hit,,,0,0,
run_20260413T113749Z,b743f3a32aab34d3f7840ceff85b24bea4ec68ea,PS-02_AIGR-S66270_NCIIPC_02_03_2026.xlsx,https://abudima.com,stage0,1,ray-stage0,2026-04-13T15:35:52+00:00,2026-04-13T15:35:52+00:00,0,lexical_hit,,,0,0,
run_20260413T113749Z,6bfba31b8840a3f8cf618aaf46a821100725a4f5,PS-02_AIGR-S66270_NCIIPC_02_03_2026.xlsx,https://home1300.com,stage0,1,ray-stage0,2026-04-13T15:35:52+00:00,2026-04-13T15:35:52+00:00,0,lexical_hit,,,0,0,
run_20260413T113749Z,0091cfd754377888e15d6ec0cc0161e03a11322f,PS-02_AIGR-S66270_NCIIPC_02_03_2026.xlsx,https://iuntech.com,stage0,1,ray-stage0,2026-04-13T15:35:52+00:00,2026-04-13T15:35:52+00:00,0,lexical_hit,,,0,0,
run_20260413T113749Z,73ff015c14fefdc2265e3ee34df12a7c9dcc28da,PS-02_AIGR-S66270_NCIIPC_02_03_2026.xlsx,https://industrialny.pl,stage0,1,ray-stage0,2026-04-13T15:35:52+00:00,2026-04-13T15:35:52+00:00,0,lexical_hit,,,0,0,
run_20260413T113749Z,f486a44938cba3da44eac153a3732b02913771d9,PS-02_AIGR-S66270_NCIIPC_02_03_2026.xlsx,https://airtaxiraleigh.com,stage0,1,ray-stage0,2026-04-13T15:35:52+00:00,2026-04-13T15:35:52+00:00,0,lexical_hit,,,0,0,
run_20260413T113749Z,95c4be76275d3bdc511a1253c8b6393be223aa14,PS-02_AIGR-S66270_NCIIPC_02_03_2026.xlsx,https://eindias.com,stage0,1,ray-stage0,2026-04-13T15:35:52+00:00,2026-04-13T15:35:52+00:00,0,lexical_hit,,,0,0,
run_20260413T113749Z,eeada0ac4d4f12e6d7eaf47b1e54519ae02c56a1,PS-02_AIGR-S66270_NCIIPC_02_03_2026.xlsx,https://cloudciphers.xyz,stage0,1,ray-stage0,2026-04-13T15:35:52+00:00,2026-04-13T15:35:52+00:00,0,filtered_lexical_miss,,,0,0,
run_20260413T113749Z,5183ba42d3163028ae5433a915677f773c2c0fcf,PS-02_AIGR-S66270_NCIIPC_02_03_2026.xlsx,https://cloudburger.com,stage0,1,ray-stage0,2026-04-13T15:35:52+00:00,2026-04-13T15:35:52+00:00,0,filtered_lexical_miss,,,0,0,
run_20260413T113749Z,13c6669236a4738274faed1704806b9d18cddda6,PS-02_AIGR-S66270_NCIIPC_02_03_2026.xlsx,https://onlineoz.com,stage0,1,ray-stage0,2026-04-13T15:35:52+00:00,2026-04-13T15:35:52+00:00,0,lexical_hit,,,0,0,
run_20260413T113749Z,d185908f9f99e220b5564fffaab75c0a1f1a69e5,PS-02_AIGR-S66270_NCIIPC_02_03_2026.xlsx,https://sironasecurities.com,stage0,1,ray-stage0,2026-04-13T15:35:52+00:00,2026-04-13T15:35:52+00:00,0,lexical_hit,,,0,0,
run_20260413T113749Z,887537ef8a49f972d4af102077794acea4b996c8,PS-02_AIGR-S66270_NCIIPC_02_03_2026.xlsx,https://onlineparkbd.com,stage0,1,ray-stage0,2026-04-13T15:35:52+00:00,2026-04-13T15:35:52+00:00,0,lexical_hit,,,0,0,
run_20260413T113749Z,502abd51965220f5433e1a1c550b3e477b102b8c,PS-02_AIGR-S66270_NCIIPC_02_03_2026.xlsx,https://myviralmailer.com,stage0,1,ray-stage0,2026-04-13T15:35:52+00:00,2026-04-13T15:35:52+00:00,0,lexical_hit,,,0,0,
run_20260413T113749Z,45aabb32ef960aa9fce08a5d79d70a4343ee4f79,PS-02_AIGR-S66270_NCIIPC_02_03_2026.xlsx,https://jimtor.com,stage0,1,ray-stage0,2026-04-13T15:35:52+00:00,2026-04-13T15:35:52+00:00,0,lexical_hit,,,0,0,
run_20260413T113749Z,027c1aa81cb60bc79651f3bac7e17160466c2517,PS-02_AIGR-S66270_NCIIPC_02_03_2026.xlsx,https://cloudcareers.xyz,stage0,1,ray-stage0,2026-04-13T15:35:52+00:00,2026-04-13T15:35:52+00:00,0,filtered_lexical_miss,,,0,0,
run_20260413T113749Z,1aceda9fc506cbcef193cdf66c81768bcfec20d8,PS-02_AIGR-S66270_NCIIPC_02_03_2026.xlsx,https://buildaion.com,dns_gate,1,ray-dns-gate,2026-04-13T15:35:54+00:00,2026-04-13T15:35:54+00:00,0,accepted,,,0,0,
run_20260413T113749Z,3455c6d2ea3a256503f2ac30f79f428aea8b3c7e,PS-02_AIGR-S66270_NCIIPC_02_03_2026.xlsx,https://homehealthconsult.com,dns_gate,1,ray-dns-gate,2026-04-13T15:35:54+00:00,2026-04-13T15:35:54+00:00,0,accepted,,,0,0,
run_20260413T113749Z,2e00f171921da9bef2dfa80d4f0991ba3b96eaa0,PS-02_AIGR-S66270_NCIIPC_02_03_2026.xlsx,https://onlinewebsitedesigner.com,dns_gate,1,ray-dns-gate,2026-04-13T15:35:54+00:00,2026-04-13T15:35:54+00:00,0,accepted,,,0,0,
run_20260413T113749Z,05e339eb7710010ba4599ae6f398142dd0ac2e90,PS-02_AIGR-S66270_NCIIPC_02_03_2026.xlsx,https://nhua.com,dns_gate,1,ray-dns-gate,2026-04-13T15:35:54+00:00,2026-04-13T15:35:54+00:00,0,accepted,,,0,0,
run_20260413T113749Z,2b10223cf1e0dce6df2891b54986d40496173258,PS-02_AIGR-S66270_NCIIPC_02_03_2026.xlsx,https://abdusms.com,dns_gate,1,ray-dns-gate,2026-04-13T15:35:54+00:00,2026-04-13T15:35:54+00:00,0,accepted,,,0,0,
run_20260413T113749Z,c3b2c8116829860e45fe6e9918c7168ac34b9e7f,PS-02_AIGR-S66270_NCIIPC_02_03_2026.xlsx,http://incometaxqueries.com,dns_gate,1,ray-dns-gate,2026-04-13T15:35:54+00:00,2026-04-13T15:35:54+00:00,0,accepted,,,0,0,
run_20260413T113749Z,15c092ff62d959506ce902d36331f7a5dab3bad2,PS-02_AIGR-S66270_NCIIPC_02_03_2026.xlsx,https://nihwan.com,dns_gate,1,ray-dns-gate,2026-04-13T15:35:54+00:00,2026-04-13T15:35:54+00:00,0,accepted,,,0,0,
run_20260413T113749Z,9b8be23158eb9eb1c0e7e09f3fdb10d5ea3806d7,PS-02_AIGR-S66270_NCIIPC_02_03_2026.xlsx,https://sbplih.help,dns_gate,1,ray-dns-gate,2026-04-13T15:35:54+00:00,2026-04-13T15:35:54+00:00,0,accepted,,,0,0,
run_20260413T113749Z,bcbe0962fb3d0b4e715febea80a07133b59b79a6,PS-02_AIGR-S66270_NCIIPC_02_03_2026.xlsx,https://bizzcard.store,dns_gate,1,ray-dns-gate,2026-04-13T15:35:54+00:00,2026-04-13T15:35:54+00:00,0,accepted,,,0,0,
run_20260413T113749Z,e8172065849714d752337295f12805392c58ed88,PS-02_AIGR-S66270_NCIIPC_02_03_2026.xlsx,https://sabiko.app,dns_gate,1,ray-dns-gate,2026-04-13T15:35:54+00:00,2026-04-13T15:35:54+00:00,0,accepted,,,0,0,
run_20260413T113749Z,dd69d3d0986365cce3c1a9953c089c2693fcee58,PS-02_AIGR-S66270_NCIIPC_02_03_2026.xlsx,https://axiorashop.com,dns_gate,1,ray-dns-gate,2026-04-13T15:35:54+00:00,2026-04-13T15:35:54+00:00,0,accepted,,,0,0,
run_20260413T113749Z,7cbf30a12460d304cc781ff61dc5c3ee010277d2,PS-02_AIGR-S66270_NCIIPC_02_03_2026.xlsx,https://onlinesteal.com,dns_gate,1,ray-dns-gate,2026-04-13T15:35:54+00:00,2026-04-13T15:35:54+00:00,0,accepted,,,0,0,
run_20260413T113749Z,ad106cf0adc9cab906701e605d24007c21280197,PS-02_AIGR-S66270_NCIIPC_02_03_2026.xlsx,https://canariasenbici.com,dns_gate,1,ray-dns-gate,2026-04-13T15:35:54+00:00,2026-04-13T15:35:54+00:00,0,accepted,,,0,0,
run_20260413T113749Z,27023288ef8dda9d26726d8fe6daa5999b0e53ea,PS-02_AIGR-S66270_NCIIPC_02_03_2026.xlsx,http://sricard.com,dns_gate,1,ray-dns-gate,2026-04-13T15:35:54+00:00,2026-04-13T15:35:54+00:00,0,accepted,,,0,0,
run_20260413T113749Z,299a24a0617b07c7b2ba9ec58d9c824604bf8f60,PS-02_AIGR-S66270_NCIIPC_02_03_2026.xlsx,https://homesforsaleinalaska.com,dns_gate,1,ray-dns-gate,2026-04-13T15:35:54+00:00,2026-04-13T15:35:54+00:00,0,accepted,,,0,0,
run_20260413T113749Z,913210f39f9325a608748d192a36f04c2a9563fa,PS-02_AIGR-S66270_NCIIPC_02_03_2026.xlsx,https://ifocloud.com,dns_gate,1,ray-dns-gate,2026-04-13T15:35:54+00:00,2026-04-13T15:35:54+00:00,0,accepted,,,0,0,
run_20260413T113749Z,1d4f5721062dad7068e84ee3f2f858b321af3428,PS-02_AIGR-S66270_NCIIPC_02_03_2026.xlsx,https://valtricpayments.com,dns_gate,1,ray-dns-gate,2026-04-13T15:35:54+00:00,2026-04-13T15:35:54+00:00,0,accepted,,,0,0,
run_20260413T113749Z,e8ab9b56a2a2213cf17250286d5a10ea6dc29ac7,PS-02_AIGR-S66270_NCIIPC_02_03_2026.xlsx,https://myvirtusinc.com,dns_gate,1,ray-dns-gate,2026-04-13T15:35:54+00:00,2026-04-13T15:35:54+00:00,0,accepted,,,0,0,
run_20260413T113749Z,f12e3814fa1c0dc8ef79fa19b6ecf9ee3847438f,PS-02_AIGR-S66270_NCIIPC_02_03_2026.xlsx,https://onlydine.com,dns_gate,1,ray-dns-gate,2026-04-13T15:35:54+00:00,2026-04-13T15:35:54+00:00,0,accepted,,,0,0,
run_20260413T113749Z,72b23eedcc4bc70437643f22928f1540bd9fad49,PS-02_AIGR-S66270_NCIIPC_02_03_2026.xlsx,https://onlinegamblingtv.com,dns_gate,1,ray-dns-gate,2026-04-13T15:35:54+00:00,2026-04-13T15:35:54+00:00,0,accepted,,,0,0,
run_20260413T113749Z,bfaf3561a093c2e09d2dbd6b91c89d05c1c4930d,PS-02_AIGR-S66270_NCIIPC_02_03_2026.xlsx,https://indside.com,dns_gate,1,ray-dns-gate,2026-04-13T15:35:54+00:00,2026-04-13T15:35:54+00:00,0,accepted,,,0,0,
run_20260413T113749Z,e3c86377b0669c0f67630403ab9cb99140cd40a0,PS-02_AIGR-S66270_NCIIPC_02_03_2026.xlsx,https://onlifts.com,dns_gate,1,ray-dns-gate,2026-04-13T15:35:54+00:00,2026-04-13T15:35:54+00:00,0,accepted,,,0,0,
run_20260413T113749Z,79718c78e7297b737c970ebac9fc1c599ab2aef7,PS-02_AIGR-S66270_NCIIPC_02_03_2026.xlsx,https://homtels.net,dns_gate,1,ray-dns-gate,2026-04-13T15:35:54+00:00,2026-04-13T15:35:54+00:00,0,accepted,,,0,0,
run_20260413T113749Z,58f2a069300714c3256c8deff893e3f0cf61f816,PS-02_AIGR-S66270_NCIIPC_02_03_2026.xlsx,https://homelyda.com,dns_gate,1,ray-dns-gate,2026-04-13T15:35:54+00:00,2026-04-13T15:35:54+00:00,0,accepted,,,0,0,
run_20260413T113749Z,b0d4ad4680c568e36008b713db6a0f3dbf652914,PS-02_AIGR-S66270_NCIIPC_02_03_2026.xlsx,https://home1restoration.com,dns_gate,1,ray-dns-gate,2026-04-13T15:35:54+00:00,2026-04-13T15:35:54+00:00,0,accepted,,,0,0,
run_20260413T113749Z,b105d9672985d192418abea783255f72fa805eeb,PS-02_AIGR-S66270_NCIIPC_02_03_2026.xlsx,https://iceaichi.com,dns_gate,1,ray-dns-gate,2026-04-13T15:35:54+00:00,2026-04-13T15:35:54+00:00,0,accepted,,,0,0,
run_20260413T113749Z,c43774f0f930a9adfff4e549a5f928cace65bcbe,PS-02_AIGR-S66270_NCIIPC_02_03_2026.xlsx,https://exacia.com,dns_gate,1,ray-dns-gate,2026-04-13T15:35:54+00:00,2026-04-13T15:35:54+00:00,0,accepted,,,0,0,
run_20260413T113749Z,6a8a52ed7da930a7dced0d0d0f8b2b9f0c8de98c,PS-02_AIGR-S66270_NCIIPC_02_03_2026.xlsx,https://agentipayment.com,dns_gate,1,ray-dns-gate,2026-04-13T15:35:54+00:00,2026-04-13T15:35:54+00:00,0,accepted,,,0,0,
run_20260413T113749Z,0091cfd754377888e15d6ec0cc0161e03a11322f,PS-02_AIGR-S66270_NCIIPC_02_03_2026.xlsx,https://iuntech.com,dns_gate,1,ray-dns-gate,2026-04-13T15:35:54+00:00,2026-04-13T15:35:54+00:00,0,accepted,,,0,0,
run_20260413T113749Z,95c4be76275d3bdc511a1253c8b6393be223aa14,PS-02_AIGR-S66270_NCIIPC_02_03_2026.xlsx,https://eindias.com,dns_gate,1,ray-dns-gate,2026-04-13T15:35:54+00:00,2026-04-13T15:35:54+00:00,0,accepted,,,0,0,
run_20260413T113749Z,73ff015c14fefdc2265e3ee34df12a7c9dcc28da,PS-02_AIGR-S66270_NCIIPC_02_03_2026.xlsx,https://industrialny.pl,dns_gate,1,ray-dns-gate,2026-04-13T15:35:54+00:00,2026-04-13T15:35:54+00:00,0,accepted,,,0,0,
run_20260413T113749Z,6bfba31b8840a3f8cf618aaf46a821100725a4f5,PS-02_AIGR-S66270_NCIIPC_02_03_2026.xlsx,https://home1300.com,dns_gate,1,ray-dns-gate,2026-04-13T15:35:54+00:00,2026-04-13T15:35:54+00:00,0,accepted,,,0,0,
run_20260413T113749Z,13c6669236a4738274faed1704806b9d18cddda6,PS-02_AIGR-S66270_NCIIPC_02_03_2026.xlsx,https://onlineoz.com,dns_gate,1,ray-dns-gate,2026-04-13T15:35:54+00:00,2026-04-13T15:35:54+00:00,0,accepted,,,0,0,
run_20260413T113749Z,d185908f9f99e220b5564fffaab75c0a1f1a69e5,PS-02_AIGR-S66270_NCIIPC_02_03_2026.xlsx,https://sironasecurities.com,dns_gate,1,ray-dns-gate,2026-04-13T15:35:54+00:00,2026-04-13T15:35:54+00:00,0,accepted,,,0,0,
run_20260413T113749Z,887537ef8a49f972d4af102077794acea4b996c8,PS-02_AIGR-S66270_NCIIPC_02_03_2026.xlsx,https://onlineparkbd.com,dns_gate,1,ray-dns-gate,2026-04-13T15:35:54+00:00,2026-04-13T15:35:54+00:00,0,accepted,,,0,0,
run_20260413T113749Z,45aabb32ef960aa9fce08a5d79d70a4343ee4f79,PS-02_AIGR-S66270_NCIIPC_02_03_2026.xlsx,https://jimtor.com,dns_gate,1,ray-dns-gate,2026-04-13T15:35:54+00:00,2026-04-13T15:35:54+00:00,0,accepted,,,0,0,
run_20260413T113749Z,502abd51965220f5433e1a1c550b3e477b102b8c,PS-02_AIGR-S66270_NCIIPC_02_03_2026.xlsx,https://myviralmailer.com,dns_gate,1,ray-dns-gate,2026-04-13T15:35:54+00:00,2026-04-13T15:35:54+00:00,0,accepted,,,0,0,
run_20260413T113749Z,18fbe0a5e762317688899a7dffa1f5b2aa7b26c1,PS-02_AIGR-S66270_NCIIPC_02_03_2026.xlsx,https://axiaseo.com,dns_gate,1,ray-dns-gate,2026-04-13T15:35:54+00:00,2026-04-13T15:35:54+00:00,0,registration_passthrough,dns_gate_no_answer,no A/AAAA answers for axiaseo.com,0,0,
run_20260413T113749Z,bccc53bca2327f52cc3ef50260dd7ade29bdd2b4,PS-02_AIGR-S66270_NCIIPC_02_03_2026.xlsx,https://keitech.xyz,dns_gate,1,ray-dns-gate,2026-04-13T15:35:54+00:00,2026-04-13T15:35:54+00:00,0,registration_passthrough,dns_gate_no_answer,no A/AAAA answers for keitech.xyz,0,0,
run_20260413T113749Z,aeefa24dc13e63add261be6a88e5711bacd20061,PS-02_AIGR-S66270_NCIIPC_02_03_2026.xlsx,https://industrialsanderbelts.com,dns_gate,1,ray-dns-gate,2026-04-13T15:35:54+00:00,2026-04-13T15:35:54+00:00,0,registration_passthrough,dns_gate_no_answer,no A/AAAA answers for industrialsanderbelts.com,0,0,
run_20260413T113749Z,c43fabeddfcc938db957a529db2536b77fecb839,PS-02_AIGR-S66270_NCIIPC_02_03_2026.xlsx,https://panbe.website,dns_gate,1,ray-dns-gate,2026-04-13T15:35:54+00:00,2026-04-13T15:35:54+00:00,0,registration_passthrough,dns_gate_no_answer,no A/AAAA answers for panbe.website,0,0,
run_20260413T113749Z,476086334115d038d8fb4995243393997b08f803,PS-02_AIGR-S66270_NCIIPC_02_03_2026.xlsx,https://byteindian.xyz,dns_gate,1,ray-dns-gate,2026-04-13T15:35:54+00:00,2026-04-13T15:35:54+00:00,0,registration_passthrough,dns_gate_no_answer,no A/AAAA answers for byteindian.xyz,0,0,
run_20260413T113749Z,38e224312f26285a09eedbb7f02484f5484ed0aa,PS-02_AIGR-S66270_NCIIPC_02_03_2026.xlsx,https://taxiski.com,dns_gate,1,ray-dns-gate,2026-04-13T15:35:54+00:00,2026-04-13T15:35:54+00:00,0,registration_passthrough,dns_gate_no_answer,no A/AAAA answers for taxiski.com,0,0,
run_20260413T113749Z,e23aa02f63939e26d1dd9d74e682a073341a64b4,PS-02_AIGR-S66270_NCIIPC_02_03_2026.xlsx,https://airlectron.xyz,dns_gate,1,ray-dns-gate,2026-04-13T15:35:54+00:00,2026-04-13T15:35:54+00:00,0,registration_passthrough,dns_gate_no_answer,no A/AAAA answers for airlectron.xyz,0,0,
run_20260413T113749Z,8324d3c185d2e4d27c71588c5676ba3ec6d8776e,PS-02_AIGR-S66270_NCIIPC_02_03_2026.xlsx,https://incomewithfatima.com,dns_gate,1,ray-dns-gate,2026-04-13T15:35:54+00:00,2026-04-13T15:35:54+00:00,0,registration_passthrough,dns_gate_no_answer,no A/AAAA answers for incomewithfatima.com,0,0,
run_20260413T113749Z,9596376b574cf85dcdc87c06794472e23f31b7eb,PS-02_AIGR-S66270_NCIIPC_02_03_2026.xlsx,https://orbis.channel,dns_gate,1,ray-dns-gate,2026-04-13T15:35:54+00:00,2026-04-13T15:35:54+00:00,0,registration_passthrough,dns_gate_no_answer,no A/AAAA answers for orbis.channel,0,0,
run_20260413T113749Z,d55d19b31074b6ab8e54904924d212a4a384b639,PS-02_AIGR-S66270_NCIIPC_02_03_2026.xlsx,https://albd.app,dns_gate,1,ray-dns-gate,2026-04-13T15:35:54+00:00,2026-04-13T15:35:54+00:00,0,registration_passthrough,dns_gate_no_answer,no A/AAAA answers for albd.app,0,0,
run_20260413T113749Z,d633e76a8f42858d145cbf7189df5a18a65665db,PS-02_AIGR-S66270_NCIIPC_02_03_2026.xlsx,https://onlinesai.xyz,dns_gate,1,ray-dns-gate,2026-04-13T15:35:54+00:00,2026-04-13T15:35:54+00:00,0,registration_passthrough,dns_gate_no_answer,no A/AAAA answers for onlinesai.xyz,0,0,
run_20260413T113749Z,11477ae98002a28aa54f9759e5a4b4494e013bf6,PS-02_AIGR-S66270_NCIIPC_02_03_2026.xlsx,https://onlinepredict.xyz,dns_gate,1,ray-dns-gate,2026-04-13T15:35:54+00:00,2026-04-13T15:35:54+00:00,0,registration_passthrough,dns_gate_no_answer,no A/AAAA answers for onlinepredict.xyz,0,0,
run_20260413T113749Z,5eb158217662a042765ea963fba6a20b5ec3b747,PS-02_AIGR-S66270_NCIIPC_02_03_2026.xlsx,https://homease.xyz,dns_gate,1,ray-dns-gate,2026-04-13T15:35:54+00:00,2026-04-13T15:35:54+00:00,0,registration_passthrough,dns_gate_no_answer,no A/AAAA answers for homease.xyz,0,0,
run_20260413T113749Z,863759e97c20a507c09bae0bb6d2da1eca02f3d0,PS-02_AIGR-S66270_NCIIPC_02_03_2026.xlsx,https://onlinemodding.com,dns_gate,1,ray-dns-gate,2026-04-13T15:35:54+00:00,2026-04-13T15:35:54+00:00,0,registration_passthrough,dns_gate_no_answer,no A/AAAA answers for onlinemodding.com,0,0,
run_20260413T113749Z,3f84477d70cbd99d0a5ee8673b98d0deeec182d1,PS-02_AIGR-S66270_NCIIPC_02_03_2026.xlsx,https://byteindian.com,dns_gate,1,ray-dns-gate,2026-04-13T15:35:54+00:00,2026-04-13T15:35:54+00:00,0,registration_passthrough,dns_gate_no_answer,no A/AAAA answers for byteindian.com,0,0,
run_20260413T113749Z,cd18474b9574489fccb56a2193bc97273586bd9d,PS-02_AIGR-S66270_NCIIPC_02_03_2026.xlsx,https://axisrocket.xyz,dns_gate,1,ray-dns-gate,2026-04-13T15:35:54+00:00,2026-04-13T15:35:54+00:00,0,registration_passthrough,dns_gate_no_answer,no A/AAAA answers for axisrocket.xyz,0,0,
run_20260413T113749Z,87fe35f3659d1e748623e9f94d2464d62da0afed,PS-02_AIGR-S66270_NCIIPC_02_03_2026.xlsx,https://homecinemasolutions.com,dns_gate,1,ray-dns-gate,2026-04-13T15:35:54+00:00,2026-04-13T15:35:54+00:00,0,registration_passthrough,dns_gate_no_answer,no A/AAAA answers for homecinemasolutions.com,0,0,
run_20260413T113749Z,70f360e7254432b8cdf4bca04f73ba9cc5f7c07a,PS-02_AIGR-S66270_NCIIPC_02_03_2026.xlsx,https://rboji4.makeup,dns_gate,1,ray-dns-gate,2026-04-13T15:35:54+00:00,2026-04-13T15:35:54+00:00,0,registration_passthrough,dns_gate_no_answer,no A/AAAA answers for rboji4.makeup,0,0,
run_20260413T113749Z,25628bef10ca05a0fcd56cf39193bddc6ec15358,PS-02_AIGR-S66270_NCIIPC_02_03_2026.xlsx,https://jixnov.com,dns_gate,1,ray-dns-gate,2026-04-13T15:35:54+00:00,2026-04-13T15:35:54+00:00,0,registration_passthrough,dns_gate_no_answer,no A/AAAA answers for jixnov.com,0,0,
run_20260413T113749Z,ee9acf4c4c2eadfde15e0bddc2381a567b5a3e37,PS-02_AIGR-S66270_NCIIPC_02_03_2026.xlsx,http://myvirualmate.com,dns_gate,1,ray-dns-gate,2026-04-13T15:35:54+00:00,2026-04-13T15:35:54+00:00,0,registration_passthrough,dns_gate_no_answer,no A/AAAA answers for myvirualmate.com,0,0,
run_20260413T113749Z,49f4ce949a59c27fd2e36fad77f8eb92a18ee94e,PS-02_AIGR-S66270_NCIIPC_02_03_2026.xlsx,https://onlinewebart.info,dns_gate,1,ray-dns-gate,2026-04-13T15:35:54+00:00,2026-04-13T15:35:54+00:00,0,registration_passthrough,dns_gate_no_answer,no A/AAAA answers for onlinewebart.info,0,0,
run_20260413T113749Z,b743f3a32aab34d3f7840ceff85b24bea4ec68ea,PS-02_AIGR-S66270_NCIIPC_02_03_2026.xlsx,https://abudima.com,dns_gate,1,ray-dns-gate,2026-04-13T15:35:54+00:00,2026-04-13T15:35:54+00:00,0,registration_passthrough,dns_gate_no_answer,no A/AAAA answers for abudima.com,0,0,
run_20260413T113749Z,f486a44938cba3da44eac153a3732b02913771d9,PS-02_AIGR-S66270_NCIIPC_02_03_2026.xlsx,https://airtaxiraleigh.com,dns_gate,1,ray-dns-gate,2026-04-13T15:35:54+00:00,2026-04-13T15:35:54+00:00,0,registration_passthrough,dns_gate_no_answer,no A/AAAA answers for airtaxiraleigh.com,0,0,
run_20260413T113749Z,69da454c7ba1bf77f614774ffa43e0798b65ac88,PS-02_AIGR-S66270_NCIIPC_02_03_2026.xlsx,https://panbe.buzz,dns_gate,1,ray-dns-gate,2026-04-13T15:35:54+00:00,2026-04-13T15:35:54+00:00,0,registration_passthrough,dns_gate_no_answer,no A/AAAA answers for panbe.buzz,0,0,
run_20260413T113749Z,eeada0ac4d4f12e6d7eaf47b1e54519ae02c56a1,PS-02_AIGR-S66270_NCIIPC_02_03_2026.xlsx,https://cloudciphers.xyz,dns_gate,1,ray-dns-gate,2026-04-13T15:35:55+00:00,2026-04-13T15:35:55+00:00,0,filtered_dns_inactive,dns_gate_no_answer,no A/AAAA answers for cloudciphers.xyz,0,0,
run_20260413T113749Z,5183ba42d3163028ae5433a915677f773c2c0fcf,PS-02_AIGR-S66270_NCIIPC_02_03_2026.xlsx,https://cloudburger.com,dns_gate,1,ray-dns-gate,2026-04-13T15:35:55+00:00,2026-04-13T15:35:55+00:00,0,accepted,,,0,0,
run_20260413T113749Z,027c1aa81cb60bc79651f3bac7e17160466c2517,PS-02_AIGR-S66270_NCIIPC_02_03_2026.xlsx,https://cloudcareers.xyz,dns_gate,1,ray-dns-gate,2026-04-13T15:35:55+00:00,2026-04-13T15:35:55+00:00,0,filtered_dns_inactive,dns_gate_no_answer,no A/AAAA answers for cloudcareers.xyz,0,0,
run_20260413T113749Z,2e00f171921da9bef2dfa80d4f0991ba3b96eaa0,PS-02_AIGR-S66270_NCIIPC_02_03_2026.xlsx,https://onlinewebsitedesigner.com,hash,1,ray-hash-admit,2026-04-13T15:35:55+00:00,2026-04-13T15:35:55+00:00,0,admitted,,,0,0,
run_20260413T113749Z,5183ba42d3163028ae5433a915677f773c2c0fcf,PS-02_AIGR-S66270_NCIIPC_02_03_2026.xlsx,https://cloudburger.com,stage1,1,ray-stage1,2026-04-13T15:35:52+00:00,2026-04-13T15:36:06+00:00,14562,failed,,,0,0,
run_20260413T113749Z,1aceda9fc506cbcef193cdf66c81768bcfec20d8,PS-02_AIGR-S66270_NCIIPC_02_03_2026.xlsx,https://buildaion.com,hash,1,ray-hash-admit,2026-04-13T15:36:06+00:00,2026-04-13T15:36:06+00:00,0,admitted,,,0,0,
run_20260413T113749Z,2b10223cf1e0dce6df2891b54986d40496173258,PS-02_AIGR-S66270_NCIIPC_02_03_2026.xlsx,https://abdusms.com,hash,1,ray-hash-admit,2026-04-13T15:36:11+00:00,2026-04-13T15:36:11+00:00,0,admitted,,,0,0,
run_20260413T113749Z,3455c6d2ea3a256503f2ac30f79f428aea8b3c7e,PS-02_AIGR-S66270_NCIIPC_02_03_2026.xlsx,https://homehealthconsult.com,hash,1,ray-hash-admit,2026-04-13T15:36:13+00:00,2026-04-13T15:36:13+00:00,0,admitted,,,0,0,
run_20260413T113749Z,05e339eb7710010ba4599ae6f398142dd0ac2e90,PS-02_AIGR-S66270_NCIIPC_02_03_2026.xlsx,https://nhua.com,hash,1,ray-hash-admit,2026-04-13T15:36:15+00:00,2026-04-13T15:36:15+00:00,0,admitted,,,0,0,
run_20260413T113749Z,9b8be23158eb9eb1c0e7e09f3fdb10d5ea3806d7,PS-02_AIGR-S66270_NCIIPC_02_03_2026.xlsx,https://sbplih.help,hash,1,ray-hash-admit,2026-04-13T15:36:18+00:00,2026-04-13T15:36:18+00:00,0,admitted,,,0,0,
run_20260413T113749Z,c3b2c8116829860e45fe6e9918c7168ac34b9e7f,PS-02_AIGR-S66270_NCIIPC_02_03_2026.xlsx,http://incometaxqueries.com,hash,1,ray-hash-admit,2026-04-13T15:36:19+00:00,2026-04-13T15:36:19+00:00,0,admitted,,,0,0,
run_20260413T113749Z,15c092ff62d959506ce902d36331f7a5dab3bad2,PS-02_AIGR-S66270_NCIIPC_02_03_2026.xlsx,https://nihwan.com,hash,1,ray-hash-admit,2026-04-13T15:36:20+00:00,2026-04-13T15:36:20+00:00,0,admitted,,,0,0,
run_20260413T113749Z,e8172065849714d752337295f12805392c58ed88,PS-02_AIGR-S66270_NCIIPC_02_03_2026.xlsx,https://sabiko.app,hash,1,ray-hash-admit,2026-04-13T15:36:27+00:00,2026-04-13T15:36:27+00:00,0,admitted,,,0,0,
run_20260413T113749Z,bcbe0962fb3d0b4e715febea80a07133b59b79a6,PS-02_AIGR-S66270_NCIIPC_02_03_2026.xlsx,https://bizzcard.store,hash,1,ray-hash-admit,2026-04-13T15:36:28+00:00,2026-04-13T15:36:28+00:00,0,admitted,,,0,0,
run_20260413T113749Z,7cbf30a12460d304cc781ff61dc5c3ee010277d2,PS-02_AIGR-S66270_NCIIPC_02_03_2026.xlsx,https://onlinesteal.com,hash,1,ray-hash-admit,2026-04-13T15:36:30+00:00,2026-04-13T15:36:30+00:00,0,admitted,,,0,0,
run_20260413T113749Z,dd69d3d0986365cce3c1a9953c089c2693fcee58,PS-02_AIGR-S66270_NCIIPC_02_03_2026.xlsx,https://axiorashop.com,hash,1,ray-hash-admit,2026-04-13T15:36:32+00:00,2026-04-13T15:36:32+00:00,0,admitted,,,0,0,
run_20260413T113749Z,ad106cf0adc9cab906701e605d24007c21280197,PS-02_AIGR-S66270_NCIIPC_02_03_2026.xlsx,https://canariasenbici.com,hash,1,ray-hash-admit,2026-04-13T15:36:33+00:00,2026-04-13T15:36:33+00:00,0,admitted,,,0,0,
run_20260413T113749Z,27023288ef8dda9d26726d8fe6daa5999b0e53ea,PS-02_AIGR-S66270_NCIIPC_02_03_2026.xlsx,http://sricard.com,hash,1,ray-hash-admit,2026-04-13T15:36:36+00:00,2026-04-13T15:36:36+00:00,0,admitted,,,0,0,
run_20260413T113749Z,299a24a0617b07c7b2ba9ec58d9c824604bf8f60,PS-02_AIGR-S66270_NCIIPC_02_03_2026.xlsx,https://homesforsaleinalaska.com,hash,1,ray-hash-admit,2026-04-13T15:36:39+00:00,2026-04-13T15:36:39+00:00,0,admitted,,,0,0,
run_20260413T113749Z,913210f39f9325a608748d192a36f04c2a9563fa,PS-02_AIGR-S66270_NCIIPC_02_03_2026.xlsx,https://ifocloud.com,hash,1,ray-hash-admit,2026-04-13T15:36:41+00:00,2026-04-13T15:36:41+00:00,0,admitted,,,0,0,
run_20260413T113749Z,bbcf29a75342a2f4c4125aaa2165a2b2881d78f9,AIGR-S66270_Ground_Truth.xlsx,https://airtel-merchants.club,stage0,1,ray-stage0,2026-04-13T17:07:07+00:00,2026-04-13T17:07:07+00:00,0,lexical_hit,,,0,0,
run_20260413T113749Z,a365ab49be30fe9efa8d30432f4e75c1f782a9de,AIGR-S66270_Ground_Truth.xlsx,https://airtell.ai,stage0,1,ray-stage0,2026-04-13T17:07:07+00:00,2026-04-13T17:07:07+00:00,0,lexical_hit,,,0,0,
run_20260413T113749Z,9579f28b5d5c10464d0ee3d94b169220a6b4c34d,AIGR-S66270_Ground_Truth.xlsx,https://paarivahan.com,stage0,1,ray-stage0,2026-04-13T17:07:07+00:00,2026-04-13T17:07:07+00:00,0,lexical_hit,,,0,0,
run_20260413T113749Z,8106e6b987cc8eb63a5409193483c125cb7554e4,AIGR-S66270_Ground_Truth.xlsx,https://airtele.xyz,stage0,1,ray-stage0,2026-04-13T17:07:07+00:00,2026-04-13T17:07:07+00:00,0,lexical_hit,,,0,0,
run_20260413T113749Z,69eece6874e8bd6685d7cff34e23e43bf64fcb6f,AIGR-S66270_Ground_Truth.xlsx,https://axisupi.com,stage0,1,ray-stage0,2026-04-13T17:07:07+00:00,2026-04-13T17:07:07+00:00,0,lexical_hit,,,0,0,
run_20260413T113749Z,1dc99dcad3f60e8f0459b0dfc2f693aaf35d56ef,AIGR-S66270_Ground_Truth.xlsx,https://uidaiaadhardownload.com,stage0,1,ray-stage0,2026-04-13T17:07:07+00:00,2026-04-13T17:07:07+00:00,0,lexical_hit,,,0,0,
run_20260413T113749Z,2f276295851b3a55b85b394651adb99ecec551ff,AIGR-S66270_Ground_Truth.xlsx,https://sbireward.com,stage0,1,ray-stage0,2026-04-13T17:07:07+00:00,2026-04-13T17:07:07+00:00,0,lexical_hit,,,0,0,
run_20260413T113749Z,940eb306b2ee741867df26d1e572fb9b78857c55,AIGR-S66270_Ground_Truth.xlsx,https://airtel-zungusha.lol,stage0,1,ray-stage0,2026-04-13T17:07:07+00:00,2026-04-13T17:07:07+00:00,0,lexical_hit,,,0,0,
run_20260413T113749Z,784258a0bbb6ac3748abf0020c8b3de473b88f5f,AIGR-S66270_Ground_Truth.xlsx,https://airtelmetaverse.com,stage0,1,ray-stage0,2026-04-13T17:07:07+00:00,2026-04-13T17:07:07+00:00,0,lexical_hit,,,0,0,
run_20260413T113749Z,e231312fb7845b911bed08ea7f870e658c3516a0,AIGR-S66270_Ground_Truth.xlsx,https://incometaxgov.info,stage0,1,ray-stage0,2026-04-13T17:07:07+00:00,2026-04-13T17:07:07+00:00,0,lexical_hit,,,0,0,
run_20260413T113749Z,176651ed49e2714a5b4eb7523e0fc134f0036466,AIGR-S66270_Ground_Truth.xlsx,https://incometaxgov.org,stage0,1,ray-stage0,2026-04-13T17:07:07+00:00,2026-04-13T17:07:07+00:00,0,lexical_hit,,,0,0,
run_20260413T113749Z,93605707d1a3e004da080067d58bc1cde6cb270d,AIGR-S66270_Ground_Truth.xlsx,https://crsor.info,stage0,1,ray-stage0,2026-04-13T17:07:07+00:00,2026-04-13T17:07:07+00:00,0,lexical_hit,,,0,0,
run_20260413T113749Z,784258a0bbb6ac3748abf0020c8b3de473b88f5f,AIGR-S66270_Ground_Truth.xlsx,https://airtelmetaverse.com,dns_gate,1,ray-dns-gate,2026-04-13T17:07:07+00:00,2026-04-13T17:07:07+00:00,0,accepted,,,0,0,
run_20260413T113749Z,69eece6874e8bd6685d7cff34e23e43bf64fcb6f,AIGR-S66270_Ground_Truth.xlsx,https://axisupi.com,dns_gate,1,ray-dns-gate,2026-04-13T17:07:07+00:00,2026-04-13T17:07:07+00:00,0,accepted,,,0,0,
run_20260413T113749Z,1dc99dcad3f60e8f0459b0dfc2f693aaf35d56ef,AIGR-S66270_Ground_Truth.xlsx,https://uidaiaadhardownload.com,dns_gate,1,ray-dns-gate,2026-04-13T17:07:07+00:00,2026-04-13T17:07:07+00:00,0,accepted,,,0,0,
run_20260413T113749Z,a365ab49be30fe9efa8d30432f4e75c1f782a9de,AIGR-S66270_Ground_Truth.xlsx,https://airtell.ai,dns_gate,1,ray-dns-gate,2026-04-13T17:07:07+00:00,2026-04-13T17:07:07+00:00,0,accepted,,,0,0,
run_20260413T113749Z,e231312fb7845b911bed08ea7f870e658c3516a0,AIGR-S66270_Ground_Truth.xlsx,https://incometaxgov.info,dns_gate,1,ray-dns-gate,2026-04-13T17:07:07+00:00,2026-04-13T17:07:07+00:00,0,accepted,,,0,0,
run_20260413T113749Z,176651ed49e2714a5b4eb7523e0fc134f0036466,AIGR-S66270_Ground_Truth.xlsx,https://incometaxgov.org,dns_gate,1,ray-dns-gate,2026-04-13T17:07:07+00:00,2026-04-13T17:07:07+00:00,0,accepted,,,0,0,
run_20260413T113749Z,93605707d1a3e004da080067d58bc1cde6cb270d,AIGR-S66270_Ground_Truth.xlsx,https://crsor.info,dns_gate,1,ray-dns-gate,2026-04-13T17:07:07+00:00,2026-04-13T17:07:07+00:00,0,accepted,,,0,0,
run_20260413T113749Z,bbcf29a75342a2f4c4125aaa2165a2b2881d78f9,AIGR-S66270_Ground_Truth.xlsx,https://airtel-merchants.club,dns_gate,1,ray-dns-gate,2026-04-13T17:07:07+00:00,2026-04-13T17:07:07+00:00,0,registration_passthrough,dns_gate_no_answer,no A/AAAA answers for airtel-merchants.club,0,0,
run_20260413T113749Z,8106e6b987cc8eb63a5409193483c125cb7554e4,AIGR-S66270_Ground_Truth.xlsx,https://airtele.xyz,dns_gate,1,ray-dns-gate,2026-04-13T17:07:07+00:00,2026-04-13T17:07:07+00:00,0,registration_passthrough,dns_gate_no_answer,no A/AAAA answers for airtele.xyz,0,0,
run_20260413T113749Z,9579f28b5d5c10464d0ee3d94b169220a6b4c34d,AIGR-S66270_Ground_Truth.xlsx,https://paarivahan.com,dns_gate,1,ray-dns-gate,2026-04-13T17:07:07+00:00,2026-04-13T17:07:07+00:00,0,registration_passthrough,dns_gate_no_answer,no A/AAAA answers for paarivahan.com,0,0,
run_20260413T113749Z,2f276295851b3a55b85b394651adb99ecec551ff,AIGR-S66270_Ground_Truth.xlsx,https://sbireward.com,dns_gate,1,ray-dns-gate,2026-04-13T17:07:07+00:00,2026-04-13T17:07:07+00:00,0,registration_passthrough,dns_gate_no_answer,no A/AAAA answers for sbireward.com,0,0,
run_20260413T113749Z,940eb306b2ee741867df26d1e572fb9b78857c55,AIGR-S66270_Ground_Truth.xlsx,https://airtel-zungusha.lol,dns_gate,1,ray-dns-gate,2026-04-13T17:07:07+00:00,2026-04-13T17:07:07+00:00,0,registration_passthrough,dns_gate_no_answer,no A/AAAA answers for airtel-zungusha.lol,0,0,
run_20260413T113749Z,a365ab49be30fe9efa8d30432f4e75c1f782a9de,AIGR-S66270_Ground_Truth.xlsx,https://airtell.ai,hash,1,ray-hash-admit,2026-04-13T17:07:07+00:00,2026-04-13T17:07:07+00:00,0,admitted,,,0,0,
run_20260413T113749Z,69eece6874e8bd6685d7cff34e23e43bf64fcb6f,AIGR-S66270_Ground_Truth.xlsx,https://axisupi.com,hash,1,ray-hash-admit,2026-04-13T17:07:21+00:00,2026-04-13T17:07:21+00:00,0,admitted,,,0,0,
run_20260413T113749Z,1dc99dcad3f60e8f0459b0dfc2f693aaf35d56ef,AIGR-S66270_Ground_Truth.xlsx,https://uidaiaadhardownload.com,hash,1,ray-hash-admit,2026-04-13T17:07:42+00:00,2026-04-13T17:07:42+00:00,0,admitted,,,0,0,
run_20260413T113749Z,784258a0bbb6ac3748abf0020c8b3de473b88f5f,AIGR-S66270_Ground_Truth.xlsx,https://airtelmetaverse.com,hash,1,ray-hash-admit,2026-04-13T17:07:43+00:00,2026-04-13T17:07:43+00:00,0,admitted,,,0,0,
run_20260413T113749Z,e231312fb7845b911bed08ea7f870e658c3516a0,AIGR-S66270_Ground_Truth.xlsx,https://incometaxgov.info,hash,1,ray-hash-admit,2026-04-13T17:07:45+00:00,2026-04-13T17:07:45+00:00,0,admitted,,,0,0,
run_20260413T113749Z,176651ed49e2714a5b4eb7523e0fc134f0036466,AIGR-S66270_Ground_Truth.xlsx,https://incometaxgov.org,hash,1,ray-hash-admit,2026-04-13T17:07:48+00:00,2026-04-13T17:07:48+00:00,0,admitted,,,0,0,
run_20260413T113749Z,93605707d1a3e004da080067d58bc1cde6cb270d,AIGR-S66270_Ground_Truth.xlsx,https://crsor.info,hash,1,ray-hash-admit,2026-04-13T17:07:51+00:00,2026-04-13T17:07:51+00:00,0,admitted,,,0,0,
run_20260413T113749Z,a365ab49be30fe9efa8d30432f4e75c1f782a9de,AIGR-S66270_Ground_Truth.xlsx,https://airtell.ai,classify,1,ray-classify,2026-04-13T17:08:03+00:00,2026-04-13T17:08:12+00:00,9586,lexical_gate_plus_weak_direct_evidence,,,0,0,
run_20260413T113749Z,1dc99dcad3f60e8f0459b0dfc2f693aaf35d56ef,AIGR-S66270_Ground_Truth.xlsx,https://uidaiaadhardownload.com,classify,1,ray-classify,2026-04-13T17:08:12+00:00,2026-04-13T17:08:15+00:00,2192,strict_lexical_plus_direct_evidence,,,0,0,
run_20260413T113749Z,784258a0bbb6ac3748abf0020c8b3de473b88f5f,AIGR-S66270_Ground_Truth.xlsx,https://airtelmetaverse.com,classify,1,ray-classify,2026-04-13T17:08:15+00:00,2026-04-13T17:08:16+00:00,1297,lexical_gate_plus_weak_direct_evidence,,,0,0,
run_20260413T113749Z,176651ed49e2714a5b4eb7523e0fc134f0036466,AIGR-S66270_Ground_Truth.xlsx,https://incometaxgov.org,classify,1,ray-classify,2026-04-13T17:08:16+00:00,2026-04-13T17:08:18+00:00,1929,lexical_gate_plus_weak_direct_evidence,,,0,0,
run_20260413T113749Z,93605707d1a3e004da080067d58bc1cde6cb270d,AIGR-S66270_Ground_Truth.xlsx,https://crsor.info,classify,1,ray-classify,2026-04-13T17:08:18+00:00,2026-04-13T17:08:20+00:00,2436,lexical_gate_plus_weak_direct_evidence,,,0,0,
run_20260413T113749Z,69eece6874e8bd6685d7cff34e23e43bf64fcb6f,AIGR-S66270_Ground_Truth.xlsx,https://axisupi.com,classify,1,ray-classify,2026-04-13T17:08:20+00:00,2026-04-13T17:08:20+00:00,0,strict_lexical_fetch_evidence_unavailable_suspected,,,0,0,
run_20260413T113749Z,e231312fb7845b911bed08ea7f870e658c3516a0,AIGR-S66270_Ground_Truth.xlsx,https://incometaxgov.info,classify,1,ray-classify,2026-04-13T17:08:20+00:00,2026-04-13T17:08:20+00:00,0,strict_lexical_fetch_evidence_unavailable_suspected,,,0,0,
run_20260413T113749Z,bbcf29a75342a2f4c4125aaa2165a2b2881d78f9,AIGR-S66270_Ground_Truth.xlsx,https://airtel-merchants.club,classify,1,ray-classify,2026-04-13T17:08:20+00:00,2026-04-13T17:08:22+00:00,1620,strict_lexical_fetch_evidence_unavailable_suspected,,,0,0,
run_20260413T113749Z,8106e6b987cc8eb63a5409193483c125cb7554e4,AIGR-S66270_Ground_Truth.xlsx,https://airtele.xyz,classify,1,ray-classify,2026-04-13T17:08:22+00:00,2026-04-13T17:08:23+00:00,1096,strict_lexical_fetch_evidence_unavailable_suspected,,,0,0,
run_20260413T113749Z,9579f28b5d5c10464d0ee3d94b169220a6b4c34d,AIGR-S66270_Ground_Truth.xlsx,https://paarivahan.com,classify,1,ray-classify,2026-04-13T17:08:23+00:00,2026-04-13T17:08:24+00:00,917,strict_lexical_fetch_evidence_unavailable_suspected,,,0,0,
run_20260413T113749Z,2f276295851b3a55b85b394651adb99ecec551ff,AIGR-S66270_Ground_Truth.xlsx,https://sbireward.com,classify,1,ray-classify,2026-04-13T17:08:24+00:00,2026-04-13T17:08:25+00:00,863,not_registered_domain,,,0,0,
run_20260413T113749Z,940eb306b2ee741867df26d1e572fb9b78857c55,AIGR-S66270_Ground_Truth.xlsx,https://airtel-zungusha.lol,classify,1,ray-classify,2026-04-13T17:08:25+00:00,2026-04-13T17:08:25+00:00,447,strict_lexical_fetch_evidence_unavailable_suspected,,,0,0,
