run_id,record_key,source_workbook,raw_url,normalized_url,current_stage,stage_status,stage_error_type,stage_error_message,retry_count,timeout_hit,skipped_due_to_previous_failure,fallback_taken,worker_id,stage_started_at,stage_finished_at,duration_ms,stage0_status,stage1_status,dns_stage_status,hash_stage_status,classify_stage_status,final_pipeline_status,final_decision,failure_reason,processing_time_ms,submission_record_json,last_updated_at
run_20260413T113749Z,8203b74f7a4f5d792ec45d51a8bab4641e704489,PS-02_AIGR-S66270_NCIIPC_02_03_2026.xlsx,http://5af3c3.shop,http://5af3c3.shop,,,,,0,0,0,,,,,0,pending,pending,pending,pending,pending,pending,,,0,,2026-04-13T15:35:44+00:00
run_20260413T113749Z,5a27168d0152d9b6ac11fc3396832ff8d67485a2,PS-02_AIGR-S66270_NCIIPC_02_03_2026.xlsx,http://5krace.com,http://5krace.com,,,,,0,0,0,,,,,0,pending,pending,pending,pending,pending,pending,,,0,,2026-04-13T15:35:44+00:00
run_20260413T113749Z,6b68c795d1cce14a0b93c7385947c56171b7a868,PS-02_AIGR-S66270_NCIIPC_02_03_2026.xlsx,http://adcsdonline.com,http://adcsdonline.com,,,,,0,0,0,,,,,0,pending,pending,pending,pending,pending,pending,,,0,,2026-04-13T15:35:44+00:00
run_20260413T113749Z,9773d6fd13c5bc3d81abcd43f2c7399927d0e0bd,PS-02_AIGR-S66270_NCIIPC_02_03_2026.xlsx,http://agentfipayments.com,http://agentfipayments.com,,,,,0,0,0,,,,,0,pending,pending,pending,pending,pending,pending,,,0,,2026-04-13T15:35:44+00:00
run_20260413T113749Z,a54fa9cc3213ebf0f97dfda52ada27137614b939,PS-02_AIGR-S66270_NCIIPC_02_03_2026.xlsx,http://ai3.pro,http://ai3.pro,,,,,0,0,0,,,,,0,pending,pending,pending,pending,pending,pending,,,0,,2026-04-13T15:35:44+00:00
run_20260413T113749Z,3289d1a0cd92cd263371dbf763e6222036459960,PS-02_AIGR-S66270_NCIIPC_02_03_2026.xlsx,http://aicloudy.com,http://aicloudy.com,,,,,0,0,0,,,,,0,pending,pending,pending,pending,pending,pending,,,0,,2026-04-13T15:35:44+00:00
run_20260413T113749Z,bc5272b3942891fefb06c161502df35469c18d70,PS-02_AIGR-S66270_NCIIPC_02_03_2026.xlsx,http://aidids.com,http://aidids.com,,,,,0,0,0,,,,,0,pending,pending,pending,pending,pending,pending,,,0,,2026-04-13T15:35:44+00:00
run_20260413T113749Z,09b6513648a2135420625d184a77a73994ae62b4,PS-02_AIGR-S66270_NCIIPC_02_03_2026.xlsx,http://aios.bot,http://aios.bot,,,,,0,0,0,,,,,0,pending,pending,pending,pending,pending,pending,,,0,,2026-04-13T15:35:44+00:00
run_20260413T113749Z,d554258a9464d05cfb78a4b490414a1bfd483b3c,PS-02_AIGR-S66270_NCIIPC_02_03_2026.xlsx,http://aireadiness.life,http://aireadiness.life,,,,,0,0,0,,,,,0,pending,pending,pending,pending,pending,pending,,,0,,2026-04-13T15:35:44+00:00
run_20260413T113749Z,77a9b45e9e0d62a0ee516f03ee5e250abc16170d,PS-02_AIGR-S66270_NCIIPC_02_03_2026.xlsx,http://aireplacement.com,http://aireplacement.com,,,,,0,0,0,,,,,0,pending,pending,pending,pending,pending,pending,,,0,,2026-04-13T15:35:44+00:00
run_20260413T113749Z,17b9101e1c7b17f671680bff35c61d233908b10d,PS-02_AIGR-S66270_NCIIPC_02_03_2026.xlsx,http://airt18.com,http://airt18.com,,,,,0,0,0,,,,,0,pending,pending,pending,pending,pending,pending,,,0,,2026-04-13T15:35:44+00:00
run_20260413T113749Z,efd624e8ede3b0d124b1e199e1bb93e6322a456e,PS-02_AIGR-S66270_NCIIPC_02_03_2026.xlsx,http://airtuned.com,http://airtuned.com,,,,,0,0,0,,,,,0,pending,pending,pending,pending,pending,pending,,,0,,2026-04-13T15:35:44+00:00
run_20260413T113749Z,c67abc326cd2ef21c1cafcd5b65384fe5ca4d603,PS-02_AIGR-S66270_NCIIPC_02_03_2026.xlsx,http://arbit.net.pl,http://arbit.net.pl,,,,,0,0,0,,,,,0,pending,pending,pending,pending,pending,pending,,,0,,2026-04-13T15:35:44+00:00
run_20260413T113749Z,d6157564f624fdf25d54f3a57fd639ddd2f202ca,PS-02_AIGR-S66270_NCIIPC_02_03_2026.xlsx,http://authbandit.com,http://authbandit.com,,,,,0,0,0,,,,,0,pending,pending,pending,pending,pending,pending,,,0,,2026-04-13T15:35:44+00:00
run_20260413T113749Z,0fc32fe352d148792f52d2baddebd7eeba99567c,PS-02_AIGR-S66270_NCIIPC_02_03_2026.xlsx,http://avacloud.online,http://avacloud.online,,,,,0,0,0,,,,,0,pending,pending,pending,pending,pending,pending,,,0,,2026-04-13T15:35:44+00:00
run_20260413T113749Z,b5982b522f3a506350b22fb3f3ecd1837b74d990,PS-02_AIGR-S66270_NCIIPC_02_03_2026.xlsx,http://axiosbio.com,http://axiosbio.com,,,,,0,0,0,,,,,0,pending,pending,pending,pending,pending,pending,,,0,,2026-04-13T15:35:44+00:00
run_20260413T113749Z,c978253378aac22b7074dd04db99adb76b6afcef,PS-02_AIGR-S66270_NCIIPC_02_03_2026.xlsx,http://axiscout.com,http://axiscout.com,,,,,0,0,0,,,,,0,pending,pending,pending,pending,pending,pending,,,0,,2026-04-13T15:35:44+00:00
run_20260413T113749Z,9d7128684109e527d68c991eeaa2b9d96e118887,PS-02_AIGR-S66270_NCIIPC_02_03_2026.xlsx,http://axistogelkita.com,http://axistogelkita.com,,,,,0,0,0,,,,,0,pending,pending,pending,pending,pending,pending,,,0,,2026-04-13T15:35:44+00:00
run_20260413T113749Z,c31347d80080f09a6f844c78d79e6292a66cec81,PS-02_AIGR-S66270_NCIIPC_02_03_2026.xlsx,http://axisvibrantia.ch,http://axisvibrantia.ch,,,,,0,0,0,,,,,0,pending,pending,pending,pending,pending,pending,,,0,,2026-04-13T15:35:44+00:00
run_20260413T113749Z,83329164bfe950bc921972f54c1bec7b0c81ffbb,PS-02_AIGR-S66270_NCIIPC_02_03_2026.xlsx,http://bankfraudbyron.com,http://bankfraudbyron.com,,,,,0,0,0,,,,,0,pending,pending,pending,pending,pending,pending,,,0,,2026-04-13T15:35:44+00:00
run_20260413T113749Z,c1dafa260b96dc3665e552472903a9f6240ac47d,PS-02_AIGR-S66270_NCIIPC_02_03_2026.xlsx,http://bankofandorra.com,http://bankofandorra.com,,,,,0,0,0,,,,,0,pending,pending,pending,pending,pending,pending,,,0,,2026-04-13T15:35:44+00:00
run_20260413T113749Z,e919e5e7feac5655dea87a0b15d027032b58293a,PS-02_AIGR-S66270_NCIIPC_02_03_2026.xlsx,http://bankofhbar.com,http://bankofhbar.com,,,,,0,0,0,,,,,0,pending,pending,pending,pending,pending,pending,,,0,,2026-04-13T15:35:44+00:00
run_20260413T113749Z,bdb3072ebee26538f4cba457a8cb4fa84f94c264,PS-02_AIGR-S66270_NCIIPC_02_03_2026.xlsx,http://bankofliaoyang.com,http://bankofliaoyang.com,,,,,0,0,0,,,,,0,pending,pending,pending,pending,pending,pending,,,0,,2026-04-13T15:35:44+00:00
run_20260413T113749Z,fc9279d1b2b8521d708d23a3037700a8b403fda1,PS-02_AIGR-S66270_NCIIPC_02_03_2026.xlsx,http://bankofserbia.com,http://bankofserbia.com,,,,,0,0,0,,,,,0,pending,pending,pending,pending,pending,pending,,,0,,2026-04-13T15:35:44+00:00
run_20260413T113749Z,95af3ea3c3fadfe0fd60ff63b4c8a8eb7b19ebbe,PS-02_AIGR-S66270_NCIIPC_02_03_2026.xlsx,http://beritx.lat,http://beritx.lat,,,,,0,0,0,,,,,0,pending,pending,pending,pending,pending,pending,,,0,,2026-04-13T15:35:44+00:00
run_20260413T113749Z,4e73fdfc7cdbd812e99ec42ec35649263a668cf8,PS-02_AIGR-S66270_NCIIPC_02_03_2026.xlsx,http://bhnl.org,http://bhnl.org,,,,,0,0,0,,,,,0,pending,pending,pending,pending,pending,pending,,,0,,2026-04-13T15:35:44+00:00
run_20260413T113749Z,2766454f92624c898bed69a9414b63491bfcf406,PS-02_AIGR-S66270_NCIIPC_02_03_2026.xlsx,http://bnl.one,http://bnl.one,,,,,0,0,0,,,,,0,pending,pending,pending,pending,pending,pending,,,0,,2026-04-13T15:35:44+00:00
run_20260413T113749Z,de6a7b4d503cfa002a081a9628a0aab7cd102cca,PS-02_AIGR-S66270_NCIIPC_02_03_2026.xlsx,http://bs4l.online,http://bs4l.online,,,,,0,0,0,,,,,0,pending,pending,pending,pending,pending,pending,,,0,,2026-04-13T15:35:44+00:00
run_20260413T113749Z,a9d94c42c9f5089aaa24cf8d180c4e51c70f1ab2,PS-02_AIGR-S66270_NCIIPC_02_03_2026.xlsx,http://calinira.com,http://calinira.com,,,,,0,0,0,,,,,0,pending,pending,pending,pending,pending,pending,,,0,,2026-04-13T15:35:44+00:00
run_20260413T113749Z,52fc78798e63da2911bf6f340714ae9317e3499f,PS-02_AIGR-S66270_NCIIPC_02_03_2026.xlsx,http://canawave.com,http://canawave.com,,,,,0,0,0,,,,,0,pending,pending,pending,pending,pending,pending,,,0,,2026-04-13T15:35:44+00:00
run_20260413T113749Z,60fdad54701443741f4fc0d489e6e5d00702f194,PS-02_AIGR-S66270_NCIIPC_02_03_2026.xlsx,http://cashlie.com,http://cashlie.com,,,,,0,0,0,,,,,0,pending,pending,pending,pending,pending,pending,,,0,,2026-04-13T15:35:44+00:00
run_20260413T113749Z,860dfb9d78a0ce3e14ea06ec4307bf97c81296f5,PS-02_AIGR-S66270_NCIIPC_02_03_2026.xlsx,http://ccloudc.com,http://ccloudc.com,,,,,0,0,0,,,,,0,pending,pending,pending,pending,pending,pending,,,0,,2026-04-13T15:35:44+00:00
run_20260413T113749Z,134834d7c9293d62cf5cd5070d4b31341be5277a,PS-02_AIGR-S66270_NCIIPC_02_03_2026.xlsx,http://cloudapipanel.com,http://cloudapipanel.com,,,,,0,0,0,,,,,0,pending,pending,pending,pending,pending,pending,,,0,,2026-04-13T15:35:44+00:00
run_20260413T113749Z,ba5df4e283e122398cc518b78c3239c2fcbc8179,PS-02_AIGR-S66270_NCIIPC_02_03_2026.xlsx,http://cloudbrain.dev,http://cloudbrain.dev,,,,,0,0,0,,,,,0,pending,pending,pending,pending,pending,pending,,,0,,2026-04-13T15:35:44+00:00
run_20260413T113749Z,381bac6ffb4d85ed7a7ccb2d59723c6b418d3d23,PS-02_AIGR-S66270_NCIIPC_02_03_2026.xlsx,http://cloudchat.vip,http://cloudchat.vip,,,,,0,0,0,,,,,0,pending,pending,pending,pending,pending,pending,,,0,,2026-04-13T15:35:44+00:00
run_20260413T113749Z,5813af3df00283b76dafe62c245db4afa9cc53dc,PS-02_AIGR-S66270_NCIIPC_02_03_2026.xlsx,http://cloudedgeai.com,http://cloudedgeai.com,,,,,0,0,0,,,,,0,pending,pending,pending,pending,pending,pending,,,0,,2026-04-13T15:35:44+00:00
run_20260413T113749Z,c205cc9a7c93ff38df7a96874c436d603eb2b446,PS-02_AIGR-S66270_NCIIPC_02_03_2026.xlsx,http://cloudeus.click,http://cloudeus.click,,,,,0,0,0,,,,,0,pending,pending,pending,pending,pending,pending,,,0,,2026-04-13T15:35:44+00:00
run_20260413T113749Z,b2ad0f723777ebb16d698e297816f7b5f46763fb,PS-02_AIGR-S66270_NCIIPC_02_03_2026.xlsx,http://cloudeus.info,http://cloudeus.info,,,,,0,0,0,,,,,0,pending,pending,pending,pending,pending,pending,,,0,,2026-04-13T15:35:44+00:00
run_20260413T113749Z,2b865eb610a7f6b518301e95f42cad03a52e20a9,PS-02_AIGR-S66270_NCIIPC_02_03_2026.xlsx,http://cloudeus.link,http://cloudeus.link,,,,,0,0,0,,,,,0,pending,pending,pending,pending,pending,pending,,,0,,2026-04-13T15:35:44+00:00
run_20260413T113749Z,f7c77669e489c64ccf54a0bea65fe211b36d8581,PS-02_AIGR-S66270_NCIIPC_02_03_2026.xlsx,http://cloudeus.org,http://cloudeus.org,,,,,0,0,0,,,,,0,pending,pending,pending,pending,pending,pending,,,0,,2026-04-13T15:35:44+00:00
run_20260413T113749Z,4569a66780c520fc87c3f981b5e317a817dab173,PS-02_AIGR-S66270_NCIIPC_02_03_2026.xlsx,http://cloudeus.pro,http://cloudeus.pro,,,,,0,0,0,,,,,0,pending,pending,pending,pending,pending,pending,,,0,,2026-04-13T15:35:44+00:00
run_20260413T113749Z,dd7f70d9d047e2780948e7ef6b2d7ceb69976f69,PS-02_AIGR-S66270_NCIIPC_02_03_2026.xlsx,http://cloudeus.vip,http://cloudeus.vip,,,,,0,0,0,,,,,0,pending,pending,pending,pending,pending,pending,,,0,,2026-04-13T15:35:44+00:00
run_20260413T113749Z,8f8e3bb24d6eeb3051ef0d3142d20a68f59cb2da,PS-02_AIGR-S66270_NCIIPC_02_03_2026.xlsx,http://cloudexaai.com,http://cloudexaai.com,,,,,0,0,0,,,,,0,pending,pending,pending,pending,pending,pending,,,0,,2026-04-13T15:35:44+00:00
run_20260413T113749Z,9879f58909e761bb5a91f5b3bc389306a1d10624,PS-02_AIGR-S66270_NCIIPC_02_03_2026.xlsx,http://cloudgolfer.com,http://cloudgolfer.com,,,,,0,0,0,,,,,0,pending,pending,pending,pending,pending,pending,,,0,,2026-04-13T15:35:44+00:00
run_20260413T113749Z,8ad77e47e5539c095ff1c372bdb09648e45f4d52,PS-02_AIGR-S66270_NCIIPC_02_03_2026.xlsx,http://cloudheed.cloud,http://cloudheed.cloud,,,,,0,0,0,,,,,0,pending,pending,pending,pending,pending,pending,,,0,,2026-04-13T15:35:44+00:00
run_20260413T113749Z,0395b3c2423b3963d8f1efdff9bf4f21add3a268,PS-02_AIGR-S66270_NCIIPC_02_03_2026.xlsx,http://cloudifysmm.app,http://cloudifysmm.app,,,,,0,0,0,,,,,0,pending,pending,pending,pending,pending,pending,,,0,,2026-04-13T15:35:44+00:00
run_20260413T113749Z,6286ec887cebca8e9dc511ed9c1d6234173985a5,PS-02_AIGR-S66270_NCIIPC_02_03_2026.xlsx,http://cloudin.asia,http://cloudin.asia,,,,,0,0,0,,,,,0,pending,pending,pending,pending,pending,pending,,,0,,2026-04-13T15:35:44+00:00
run_20260413T113749Z,68e137081738d90ef1a49c1c4d4418a2cc3af5b7,PS-02_AIGR-S66270_NCIIPC_02_03_2026.xlsx,http://cloudjuno.com,http://cloudjuno.com,,,,,0,0,0,,,,,0,pending,pending,pending,pending,pending,pending,,,0,,2026-04-13T15:35:44+00:00
run_20260413T113749Z,5638caceedabeea91317166485b10a469606a1ce,PS-02_AIGR-S66270_NCIIPC_02_03_2026.xlsx,http://cloudkujionai.com,http://cloudkujionai.com,,,,,0,0,0,,,,,0,pending,pending,pending,pending,pending,pending,,,0,,2026-04-13T15:35:44+00:00
run_20260413T113749Z,917f990bc5808e8737b02456a0a07f1bc3a491a9,PS-02_AIGR-S66270_NCIIPC_02_03_2026.xlsx,http://cloudl.help,http://cloudl.help,,,,,0,0,0,,,,,0,pending,pending,pending,pending,pending,pending,,,0,,2026-04-13T15:35:44+00:00
run_20260413T113749Z,8808ab1ae12c50adcaee3b7778e14f16a9b48161,PS-02_AIGR-S66270_NCIIPC_02_03_2026.xlsx,http://cloudlasers.com,http://cloudlasers.com,,,,,0,0,0,,,,,0,pending,pending,pending,pending,pending,pending,,,0,,2026-04-13T15:35:44+00:00
run_20260413T113749Z,c3442a19135c3e1c6e79cbd22fc4cedcb9fe62a7,PS-02_AIGR-S66270_NCIIPC_02_03_2026.xlsx,http://cloudmerchants.com,http://cloudmerchants.com,,,,,0,0,0,,,,,0,pending,pending,pending,pending,pending,pending,,,0,,2026-04-13T15:35:44+00:00
run_20260413T113749Z,9fc25e796f1e72a96cc5ffcf57c59b66bc96b605,PS-02_AIGR-S66270_NCIIPC_02_03_2026.xlsx,http://cloudneighbourhood.com,http://cloudneighbourhood.com,,,,,0,0,0,,,,,0,pending,pending,pending,pending,pending,pending,,,0,,2026-04-13T15:35:44+00:00
run_20260413T113749Z,c6d632aa41eab8f2c8114f3cba656a8f7a77feb9,PS-02_AIGR-S66270_NCIIPC_02_03_2026.xlsx,http://cloudnineonthesquare.com,http://cloudnineonthesquare.com,,,,,0,0,0,,,,,0,pending,pending,pending,pending,pending,pending,,,0,,2026-04-13T15:35:44+00:00
run_20260413T113749Z,d844b3a5d54f1f6f87a2891b9f30b2c226ef9801,PS-02_AIGR-S66270_NCIIPC_02_03_2026.xlsx,http://clouds.bot,http://clouds.bot,,,,,0,0,0,,,,,0,pending,pending,pending,pending,pending,pending,,,0,,2026-04-13T15:35:44+00:00
run_20260413T113749Z,d733f5ee464e0d808bc9edc75b17a3e8a3808125,PS-02_AIGR-S66270_NCIIPC_02_03_2026.xlsx,http://cloudsecuritypodcast.com,http://cloudsecuritypodcast.com,,,,,0,0,0,,,,,0,pending,pending,pending,pending,pending,pending,,,0,,2026-04-13T15:35:44+00:00
run_20260413T113749Z,4dc71425238d04e554e5b0b866689f9c3a0dc0f0,PS-02_AIGR-S66270_NCIIPC_02_03_2026.xlsx,http://cloudsteps-boutique.com,http://cloudsteps-boutique.com,,,,,0,0,0,,,,,0,pending,pending,pending,pending,pending,pending,,,0,,2026-04-13T15:35:44+00:00
run_20260413T113749Z,a4b2ffda260d5ab4be47e88003d75f0d647cb28f,PS-02_AIGR-S66270_NCIIPC_02_03_2026.xlsx,http://cloudsxiamen.com,http://cloudsxiamen.com,,,,,0,0,0,,,,,0,pending,pending,pending,pending,pending,pending,,,0,,2026-04-13T15:35:44+00:00
run_20260413T113749Z,81083a9d4412d93ecdb1d919665e2f7184c1a424,PS-02_AIGR-S66270_NCIIPC_02_03_2026.xlsx,http://cloudveilwinery.com,http://cloudveilwinery.com,stage1,failed,RayTaskError(RuntimeError),"[36mray::_stage1_parse_task_impl()[39m (pid=22580, ip=127.0.0.1)
  File ""python\\ray\\_raylet.pyx"", line 1818, in ray._raylet.execute_task
  File ""C:\Users\SATWIK\Documents\Phishing\venv\lib\site-packages\ray\_private\function_manager.py"", line 299, in f
    raise RuntimeError(
RuntimeError: The remote function failed to import on the worker. This may be because needed library dependencies are not installed in the worker environment or cannot be found from sys.path ['C:\\Users\\SATWIK\\Documents\\Phishing', 'C:\\Users\\SATWIK\\Documents\\Phishing\\venv\\lib\\site-packages\\ray\\thirdparty_files', 'C:\\Users\\SATWIK\\Documents\\Phishing\\venv\\lib\\site-packages\\ray\\_private\\workers', 'C:\\Users\\SATWIK\\AppData\\Local\\Programs\\Python\\Python310\\python310.zip', 'C:\\Users\\SATWIK\\AppData\\Local\\Programs\\Python\\Python310\\DLLs', 'C:\\Users\\SATWIK\\AppData\\Local\\Programs\\Python\\Python310\\lib', 'C:\\Users\\SATWIK\\AppData\\Local\\Programs\\Python\\Python310', 'C:\\Users\\SATWIK\\Documents\\Phishing\\venv', 'C:\\Users\\SATWIK\\Documents\\Phishing\\venv\\lib\\site-packages']:

[36mray::_stage1_parse_task_impl()[39m (pid=22580, ip=127.0.0.1)
  File ""C:\Users\SATWIK\Documents\Phishing\venv\lib\site-packages\ray\_private\function_manager.py"", line 291, in fetch_and_register_remote_function
    function = pickle.loads(serialized_function)
  File ""C:\Users\SATWIK\Documents\Phishing\phishing_pipeline\ray_runtime.py"", line 13, in <module>
    import pandas as pd
  File ""C:\Users\SATWIK\Documents\Phishing\venv\lib\site-packages\pandas\__init__.py"", line 61, in <module>
    from pandas.core.api import (
  File ""C:\Users\SATWIK\Documents\Phishing\venv\lib\site-packages\pandas\core\api.py"", line 47, in <module>
    from pandas.core.groupby import (
  File ""C:\Users\SATWIK\Documents\Phishing\venv\lib\site-packages\pandas\core\groupby\__init__.py"", line 1, in <module>
    from pandas.core.groupby.generic import (
  File ""C:\Users\SATWIK\Documents\Phishing\venv\lib\site-packages\pandas\core\groupby\generic.py"", line 69, in <module>
    from pandas.core.groupby import (
  File ""C:\Users\SATWIK\Documents\Phishing\venv\lib\site-packages\pandas\core\groupby\ops.py"", line 26, in <module>
    import pandas._libs.groupby as libgroupby
ImportError: DLL load failed while importing groupby: The paging file is too small for this operation to complete.",0,0,0,,ray-stage1,,,0,pending,failed,pending,pending,pending,filtered_lexical_miss,,stage1_task_failed,0,,2026-04-13T11:40:17+00:00
run_20260413T113749Z,e070c6994b3123d1ed47978c24fb025113aab182,PS-02_AIGR-S66270_NCIIPC_02_03_2026.xlsx,http://cloudwitharyan.tech,http://cloudwitharyan.tech,,,,,0,0,0,,,,,0,pending,pending,pending,pending,pending,pending,,,0,,2026-04-13T15:35:44+00:00
run_20260413T113749Z,eacdcf053651a1a773fd7e78093182569c6ed2b4,PS-02_AIGR-S66270_NCIIPC_02_03_2026.xlsx,http://cloudworldinc.com,http://cloudworldinc.com,,,,,0,0,0,,,,,0,pending,pending,pending,pending,pending,pending,,,0,,2026-04-13T15:35:44+00:00
run_20260413T113749Z,ea2519853ea3d75e81a13609d897cdab7122e8fd,PS-02_AIGR-S66270_NCIIPC_02_03_2026.xlsx,http://coalitionlegal.com,http://coalitionlegal.com,stage1,failed,,,0,0,0,,ray-stage1,,,0,pending,failed,pending,pending,pending,filtered_lexical_miss,,,0,,2026-04-13T11:38:55+00:00
run_20260413T113749Z,7c38b4121342ffbd112b3b7e7d0deb55c9fd9df5,PS-02_AIGR-S66270_NCIIPC_02_03_2026.xlsx,http://corsidgr.com,http://corsidgr.com,,,,,0,0,0,,,,,0,pending,pending,pending,pending,pending,pending,,,0,,2026-04-13T15:35:44+00:00
run_20260413T113749Z,bb8b9146d8ba8263244ae189a5f2de81f34bfa0b,PS-02_AIGR-S66270_NCIIPC_02_03_2026.xlsx,http://crogs.com,http://crogs.com,,,,,0,0,0,,,,,0,pending,pending,pending,pending,pending,pending,,,0,,2026-04-13T15:35:44+00:00
run_20260413T113749Z,46c97bd6152cc2241aa4eb2d57e4059db3c890e0,PS-02_AIGR-S66270_NCIIPC_02_03_2026.xlsx,http://crumbsonline.com,http://crumbsonline.com,,,,,0,0,0,,,,,0,pending,pending,pending,pending,pending,pending,,,0,,2026-04-13T15:35:44+00:00
run_20260413T113749Z,3407920cdbf37917f47c3650aedd2a42b48b0610,PS-02_AIGR-S66270_NCIIPC_02_03_2026.xlsx,http://diary-edition.sa.com,http://diary-edition.sa.com,,,,,0,0,0,,,,,0,pending,pending,pending,pending,pending,pending,,,0,,2026-04-13T15:35:44+00:00
run_20260413T113749Z,fb50c4b36d8adfc61f260c9f189b954cd4f013f6,PS-02_AIGR-S66270_NCIIPC_02_03_2026.xlsx,http://directci.info,http://directci.info,,,,,0,0,0,,,,,0,pending,pending,pending,pending,pending,pending,,,0,,2026-04-13T15:35:44+00:00
run_20260413T113749Z,13355020210d0917ba9335fa2cc6c03f21886e10,PS-02_AIGR-S66270_NCIIPC_02_03_2026.xlsx,http://ecigtec.com,http://ecigtec.com,,,,,0,0,0,,,,,0,pending,pending,pending,pending,pending,pending,,,0,,2026-04-13T15:35:44+00:00
run_20260413T113749Z,3e702099a78330cdb71afa0738370e066cc44d62,PS-02_AIGR-S66270_NCIIPC_02_03_2026.xlsx,http://ecncloud.com,http://ecncloud.com,,,,,0,0,0,,,,,0,pending,pending,pending,pending,pending,pending,,,0,,2026-04-13T15:35:44+00:00
run_20260413T113749Z,177f6be6683e54fbc01f0fa5024a0fd73e403695,PS-02_AIGR-S66270_NCIIPC_02_03_2026.xlsx,http://ecowin.info,http://ecowin.info,,,,,0,0,0,,,,,0,pending,pending,pending,pending,pending,pending,,,0,,2026-04-13T15:35:44+00:00
run_20260413T113749Z,1d05984f6a2763325a85c7b520e41ebfb28ba8e4,PS-02_AIGR-S66270_NCIIPC_02_03_2026.xlsx,http://fintechta.ai,http://fintechta.ai,,,,,0,0,0,,,,,0,pending,pending,pending,pending,pending,pending,,,0,,2026-04-13T15:35:44+00:00
run_20260413T113749Z,5cb53bada7e123b3f4b444f87ee2e9eabbfe3384,PS-02_AIGR-S66270_NCIIPC_02_03_2026.xlsx,http://hdlife.ai,http://hdlife.ai,,,,,0,0,0,,,,,0,pending,pending,pending,pending,pending,pending,,,0,,2026-04-13T15:35:44+00:00
run_20260413T113749Z,eb20f7342065c4c6ad45f7c1d9e96483be40806f,PS-02_AIGR-S66270_NCIIPC_02_03_2026.xlsx,http://homeclaw.online,http://homeclaw.online,,,,,0,0,0,,,,,0,pending,pending,pending,pending,pending,pending,,,0,,2026-04-13T15:35:44+00:00
run_20260413T113749Z,07aeb4a2f3b1bbb54e1c9c3021a082a03fc6d99d,PS-02_AIGR-S66270_NCIIPC_02_03_2026.xlsx,http://homeforsalemankato.com,http://homeforsalemankato.com,,,,,0,0,0,,,,,0,pending,pending,pending,pending,pending,pending,,,0,,2026-04-13T15:35:44+00:00
run_20260413T113749Z,79a2e0b8a5a134ddbf07a075dfc4111e54b478cd,PS-02_AIGR-S66270_NCIIPC_02_03_2026.xlsx,http://homeleads.biz,http://homeleads.biz,,,,,0,0,0,,,,,0,pending,pending,pending,pending,pending,pending,,,0,,2026-04-13T15:35:44+00:00
run_20260413T113749Z,8d8a453f87fea0e93666b0f7cb5fc241cbb10368,PS-02_AIGR-S66270_NCIIPC_02_03_2026.xlsx,http://homeloansbydani.com,http://homeloansbydani.com,,,,,0,0,0,,,,,0,pending,pending,pending,pending,pending,pending,,,0,,2026-04-13T15:35:44+00:00
run_20260413T113749Z,54a2071bf02e17bc03c5ed3eda0dfe56c74b4516,PS-02_AIGR-S66270_NCIIPC_02_03_2026.xlsx,http://homeloanservice.com,http://homeloanservice.com,,,,,0,0,0,,,,,0,pending,pending,pending,pending,pending,pending,,,0,,2026-04-13T15:35:44+00:00
run_20260413T113749Z,13d258750a26f705874c30101a85f6a547d8fa5d,PS-02_AIGR-S66270_NCIIPC_02_03_2026.xlsx,http://homelotterynews.com,http://homelotterynews.com,,,,,0,0,0,,,,,0,pending,pending,pending,pending,pending,pending,,,0,,2026-04-13T15:35:44+00:00
run_20260413T113749Z,13c9c6c9e939898285d5a7bde32de252bdfb8cd8,PS-02_AIGR-S66270_NCIIPC_02_03_2026.xlsx,http://homeplatesla.com,http://homeplatesla.com,,,,,0,0,0,,,,,0,pending,pending,pending,pending,pending,pending,,,0,,2026-04-13T15:35:44+00:00
run_20260413T113749Z,14d875a8aa0217f6633e42eaa4029dc98162a94e,PS-02_AIGR-S66270_NCIIPC_02_03_2026.xlsx,http://homeplustab.com,http://homeplustab.com,,,,,0,0,0,,,,,0,pending,pending,pending,pending,pending,pending,,,0,,2026-04-13T15:35:44+00:00
run_20260413T113749Z,71a75b435719be46a1454186b032aeef41406842,PS-02_AIGR-S66270_NCIIPC_02_03_2026.xlsx,http://homesbylangstonturner.com,http://homesbylangstonturner.com,,,,,0,0,0,,,,,0,pending,pending,pending,pending,pending,pending,,,0,,2026-04-13T15:35:44+00:00
run_20260413T113749Z,a46e3c2fdcf5eec958c532eb7a8a2e350fc3137f,PS-02_AIGR-S66270_NCIIPC_02_03_2026.xlsx,http://homesforsaleinchicoca.com,http://homesforsaleinchicoca.com,,,,,0,0,0,,,,,0,pending,pending,pending,pending,pending,pending,,,0,,2026-04-13T15:35:44+00:00
run_20260413T113749Z,7aa7b0f7891e56d129befc72792095c7816a97ab,PS-02_AIGR-S66270_NCIIPC_02_03_2026.xlsx,http://homesonline.store,http://homesonline.store,,,,,0,0,0,,,,,0,pending,pending,pending,pending,pending,pending,,,0,,2026-04-13T15:35:44+00:00
run_20260413T113749Z,24b0be86a28a4e4aabd134eb57e364f0bfbf7329,PS-02_AIGR-S66270_NCIIPC_02_03_2026.xlsx,http://icola.net,http://icola.net,,,,,0,0,0,,,,,0,pending,pending,pending,pending,pending,pending,,,0,,2026-04-13T15:35:44+00:00
run_20260413T113749Z,fdc66ee8101f1edfbe30f7ca672ef85301c4287a,PS-02_AIGR-S66270_NCIIPC_02_03_2026.xlsx,http://iecci.click,http://iecci.click,,,,,0,0,0,,,,,0,pending,pending,pending,pending,pending,pending,,,0,,2026-04-13T15:35:44+00:00
run_20260413T113749Z,9fe44d3a45568cbd5ddcef12f8f38ea430365aba,PS-02_AIGR-S66270_NCIIPC_02_03_2026.xlsx,http://iimsn.com,http://iimsn.com,,,,,0,0,0,,,,,0,pending,pending,pending,pending,pending,pending,,,0,,2026-04-13T15:35:44+00:00
run_20260413T113749Z,039a89a42284066dd759b9e056c21ae227c190fd,PS-02_AIGR-S66270_NCIIPC_02_03_2026.xlsx,http://impractico.com,http://impractico.com,,,,,0,0,0,,,,,0,pending,pending,pending,pending,pending,pending,,,0,,2026-04-13T15:35:44+00:00
run_20260413T113749Z,32a91d70ad154364f8fc8e3daff22e82a71506c3,PS-02_AIGR-S66270_NCIIPC_02_03_2026.xlsx,http://incomarkt.com,http://incomarkt.com,,,,,0,0,0,,,,,0,pending,pending,pending,pending,pending,pending,,,0,,2026-04-13T15:35:44+00:00
run_20260413T113749Z,9804b2e26eec0bdb7fd7734121702bb5ce91113f,PS-02_AIGR-S66270_NCIIPC_02_03_2026.xlsx,http://incomeinsidertv.com,http://incomeinsidertv.com,,,,,0,0,0,,,,,0,pending,pending,pending,pending,pending,pending,,,0,,2026-04-13T15:35:44+00:00
run_20260413T113749Z,c3b2c8116829860e45fe6e9918c7168ac34b9e7f,PS-02_AIGR-S66270_NCIIPC_02_03_2026.xlsx,http://incometaxqueries.com,http://incometaxqueries.com,hash,admitted,,,0,0,0,,ray-hash-admit,,,0,pending,pending,pending,admitted,pending,pending,,,0,,2026-04-13T15:36:19+00:00
run_20260413T113749Z,fe90bfa7fd59bf80ab8f6b6135e285b416635ca8,PS-02_AIGR-S66270_NCIIPC_02_03_2026.xlsx,http://indianfood1a.com,http://indianfood1a.com,,,,,0,0,0,,,,,0,pending,pending,pending,pending,pending,pending,,,0,,2026-04-13T15:35:44+00:00
run_20260413T113749Z,fd29ce7a0f29c9de6a255256eb411a4417c6d8b1,PS-02_AIGR-S66270_NCIIPC_02_03_2026.xlsx,http://indiaonai.com,http://indiaonai.com,stage1,failed,,,0,0,0,,ray-stage1,,,0,pending,failed,pending,pending,pending,filtered_lexical_miss,,,0,,2026-04-13T12:18:35+00:00
run_20260413T113749Z,df61c80469dbdb27b87f25ef4f4ca10cc95e0ee1,PS-02_AIGR-S66270_NCIIPC_02_03_2026.xlsx,http://industrialdash.com,http://industrialdash.com,,,,,0,0,0,,,,,0,pending,pending,pending,pending,pending,pending,,,0,,2026-04-13T15:35:44+00:00
run_20260413T113749Z,f60fce429d1d9bcce593b781446fa2844a91d8ba,PS-02_AIGR-S66270_NCIIPC_02_03_2026.xlsx,http://industriallandscape.com,http://industriallandscape.com,,,,,0,0,0,,,,,0,pending,pending,pending,pending,pending,pending,,,0,,2026-04-13T15:35:44+00:00
run_20260413T113749Z,7e6eb5b3af47d89d0ff5e351048f8982367a6c75,PS-02_AIGR-S66270_NCIIPC_02_03_2026.xlsx,http://industrialsyndications.net,http://industrialsyndications.net,,,,,0,0,0,,,,,0,pending,pending,pending,pending,pending,pending,,,0,,2026-04-13T15:35:44+00:00
run_20260413T113749Z,17ebb6b13e1e9eb72ff165ebfb202337caa9399c,PS-02_AIGR-S66270_NCIIPC_02_03_2026.xlsx,http://industrie2.ch,http://industrie2.ch,,,,,0,0,0,,,,,0,pending,pending,pending,pending,pending,pending,,,0,,2026-04-13T15:35:44+00:00
run_20260413T113749Z,b29c82d013b48ba82ae0bbde92a78e500df8738e,PS-02_AIGR-S66270_NCIIPC_02_03_2026.xlsx,http://industriedekor.com,http://industriedekor.com,,,,,0,0,0,,,,,0,pending,pending,pending,pending,pending,pending,,,0,,2026-04-13T15:35:44+00:00
run_20260413T113749Z,e2f10a01246e13b10050653692b1570ecee645a5,PS-02_AIGR-S66270_NCIIPC_02_03_2026.xlsx,http://inmeca.com,http://inmeca.com,,,,,0,0,0,,,,,0,pending,pending,pending,pending,pending,pending,,,0,,2026-04-13T15:35:44+00:00
run_20260413T113749Z,d788011af31c2f931b6a94226e54d66b7f8fb82c,PS-02_AIGR-S66270_NCIIPC_02_03_2026.xlsx,http://insproit.com,http://insproit.com,,,,,0,0,0,,,,,0,pending,pending,pending,pending,pending,pending,,,0,,2026-04-13T15:35:44+00:00
run_20260413T113749Z,a8f79fc362a7ff1c5cdb2a0dfebe5f629d6c3c1d,PS-02_AIGR-S66270_NCIIPC_02_03_2026.xlsx,http://inxtech.com,http://inxtech.com,,,,,0,0,0,,,,,0,pending,pending,pending,pending,pending,pending,,,0,,2026-04-13T15:35:44+00:00
run_20260413T113749Z,e04200753859f9b688587d599480ef82ef7bbbb7,PS-02_AIGR-S66270_NCIIPC_02_03_2026.xlsx,http://iol.one,http://iol.one,,,,,0,0,0,,,,,0,pending,pending,pending,pending,pending,pending,,,0,,2026-04-13T15:35:44+00:00
run_20260413T113749Z,e3385de408cc01f00f4ca36e2aa813ed6774e251,PS-02_AIGR-S66270_NCIIPC_02_03_2026.xlsx,http://irccd.click,http://irccd.click,,,,,0,0,0,,,,,0,pending,pending,pending,pending,pending,pending,,,0,,2026-04-13T15:35:44+00:00
run_20260413T113749Z,c7d17910a0fee369c8bca6258b3c09b968581866,PS-02_AIGR-S66270_NCIIPC_02_03_2026.xlsx,http://irt3.com,http://irt3.com,,,,,0,0,0,,,,,0,pending,pending,pending,pending,pending,pending,,,0,,2026-04-13T15:35:44+00:00
run_20260413T113749Z,1ce2036bc9d3607be500ab93dd523d73091679f8,PS-02_AIGR-S66270_NCIIPC_02_03_2026.xlsx,http://isdo.xyz,http://isdo.xyz,,,,,0,0,0,,,,,0,pending,pending,pending,pending,pending,pending,,,0,,2026-04-13T15:35:44+00:00
run_20260413T113749Z,2293d18065def454a62efd3c7a33ee4cfe585136,PS-02_AIGR-S66270_NCIIPC_02_03_2026.xlsx,http://isoe.net.in,http://isoe.net.in,,,,,0,0,0,,,,,0,pending,pending,pending,pending,pending,pending,,,0,,2026-04-13T15:35:44+00:00
run_20260413T113749Z,36af7072a2fea2815065759a378e651a5c1f797c,PS-02_AIGR-S66270_NCIIPC_02_03_2026.xlsx,http://israel2020.com,http://israel2020.com,,,,,0,0,0,,,,,0,pending,pending,pending,pending,pending,pending,,,0,,2026-04-13T15:35:44+00:00
run_20260413T113749Z,eb6d8cf6afccda0e834dfcbdfe9cfadaaec81f4b,PS-02_AIGR-S66270_NCIIPC_02_03_2026.xlsx,http://israwow.com,http://israwow.com,,,,,0,0,0,,,,,0,pending,pending,pending,pending,pending,pending,,,0,,2026-04-13T15:35:44+00:00
run_20260413T113749Z,2d2045a8416dbc58fe13b5053d10adb97e1194aa,PS-02_AIGR-S66270_NCIIPC_02_03_2026.xlsx,http://itsrooh.com,http://itsrooh.com,,,,,0,0,0,,,,,0,pending,pending,pending,pending,pending,pending,,,0,,2026-04-13T15:35:44+00:00
run_20260413T113749Z,d59b220820c02bf8fe6ef70b9ffc8ecb0f15e688,PS-02_AIGR-S66270_NCIIPC_02_03_2026.xlsx,http://jairos.fr,http://jairos.fr,,,,,0,0,0,,,,,0,pending,pending,pending,pending,pending,pending,,,0,,2026-04-13T15:35:44+00:00
run_20260413T113749Z,65c316115046b0680cc87fd1f20d9692b487d795,PS-02_AIGR-S66270_NCIIPC_02_03_2026.xlsx,http://jamioy.com,http://jamioy.com,,,,,0,0,0,,,,,0,pending,pending,pending,pending,pending,pending,,,0,,2026-04-13T15:35:44+00:00
run_20260413T113749Z,f4d3c91ad19349c4dcd8b7082df8f21c2192b163,PS-02_AIGR-S66270_NCIIPC_02_03_2026.xlsx,http://jesindia.com,http://jesindia.com,,,,,0,0,0,,,,,0,pending,pending,pending,pending,pending,pending,,,0,,2026-04-13T15:35:44+00:00
run_20260413T113749Z,3ff725a35fba455408be27b729f8a2082f5e89bf,PS-02_AIGR-S66270_NCIIPC_02_03_2026.xlsx,http://jiong100.com,http://jiong100.com,,,,,0,0,0,,,,,0,pending,pending,pending,pending,pending,pending,,,0,,2026-04-13T15:35:44+00:00
run_20260413T113749Z,b2c5b4fcdd5e7e1712cc62ccb5f74aaceecd08d7,PS-02_AIGR-S66270_NCIIPC_02_03_2026.xlsx,http://jiotm.com,http://jiotm.com,,,,,0,0,0,,,,,0,pending,pending,pending,pending,pending,pending,,,0,,2026-04-13T15:35:44+00:00
run_20260413T113749Z,c26a56ffca4c1e525f46da16af2a696d229bd59a,PS-02_AIGR-S66270_NCIIPC_02_03_2026.xlsx,http://jioxx.gs,http://jioxx.gs,,,,,0,0,0,,,,,0,pending,pending,pending,pending,pending,pending,,,0,,2026-04-13T15:35:44+00:00
run_20260413T113749Z,83bb4b60796c116fbbad454bfa285407d845d9eb,PS-02_AIGR-S66270_NCIIPC_02_03_2026.xlsx,http://jkdhomeloan.com,http://jkdhomeloan.com,,,,,0,0,0,,,,,0,pending,pending,pending,pending,pending,pending,,,0,,2026-04-13T15:35:44+00:00
run_20260413T113749Z,40165399d2b1011448efe23a057602cef423b107,PS-02_AIGR-S66270_NCIIPC_02_03_2026.xlsx,http://maonline2.xyz,http://maonline2.xyz,,,,,0,0,0,,,,,0,pending,pending,pending,pending,pending,pending,,,0,,2026-04-13T15:35:44+00:00
run_20260413T113749Z,2a842ef218e4a9fcca8033882f9c6c7d12feb984,PS-02_AIGR-S66270_NCIIPC_02_03_2026.xlsx,http://mcgold.in,http://mcgold.in,,,,,0,0,0,,,,,0,pending,pending,pending,pending,pending,pending,,,0,,2026-04-13T15:35:44+00:00
run_20260413T113749Z,9f311d242f0f96bd8777aff1c2e7531fb3f02392,PS-02_AIGR-S66270_NCIIPC_02_03_2026.xlsx,http://myclouddy.com,http://myclouddy.com,,,,,0,0,0,,,,,0,pending,pending,pending,pending,pending,pending,,,0,,2026-04-13T15:35:44+00:00
run_20260413T113749Z,6f4f500fb3c5d7678201b3d279d95c25685039ca,PS-02_AIGR-S66270_NCIIPC_02_03_2026.xlsx,http://myrvia.com,http://myrvia.com,,,,,0,0,0,,,,,0,pending,pending,pending,pending,pending,pending,,,0,,2026-04-13T15:35:44+00:00
run_20260413T113749Z,ee9acf4c4c2eadfde15e0bddc2381a567b5a3e37,PS-02_AIGR-S66270_NCIIPC_02_03_2026.xlsx,http://myvirualmate.com,http://myvirualmate.com,dns_gate,registration_passthrough,dns_gate_no_answer,no A/AAAA answers for myvirualmate.com,0,0,0,,ray-dns-gate,,,0,pending,pending,pending,pending,pending,pending,,dns_not_mapped_to_ip,0,,2026-04-13T15:35:54+00:00
run_20260413T113749Z,bdd7ca352ba7e181ddc244d1288244d38f521042,PS-02_AIGR-S66270_NCIIPC_02_03_2026.xlsx,http://netpoint-its.com,http://netpoint-its.com,,,,,0,0,0,,,,,0,pending,pending,pending,pending,pending,pending,,,0,,2026-04-13T15:35:44+00:00
run_20260413T113749Z,203f4575d8c837f38ac5ed4b70a4074d6a387f4b,PS-02_AIGR-S66270_NCIIPC_02_03_2026.xlsx,http://nhantd.com,http://nhantd.com,,,,,0,0,0,,,,,0,pending,pending,pending,pending,pending,pending,,,0,,2026-04-13T15:35:44+00:00
run_20260413T113749Z,87ac2ec18970bba587bea25a2c9c171f79cf02fc,PS-02_AIGR-S66270_NCIIPC_02_03_2026.xlsx,http://nhgam.xyz,http://nhgam.xyz,,,,,0,0,0,,,,,0,pending,pending,pending,pending,pending,pending,,,0,,2026-04-13T15:35:44+00:00
run_20260413T113749Z,9f0400e3b904c9f3afcdebb2d8f6961302fcf5e1,PS-02_AIGR-S66270_NCIIPC_02_03_2026.xlsx,http://ns.gold,http://ns.gold,stage1,failed,,,0,0,0,,ray-stage1,,,0,pending,failed,pending,pending,pending,filtered_lexical_miss,,,0,,2026-04-13T11:39:03+00:00
run_20260413T113749Z,e7790d9eba0db9795b62ffd1bcf9b102c62c9b0c,PS-02_AIGR-S66270_NCIIPC_02_03_2026.xlsx,http://online-hoa.com,http://online-hoa.com,,,,,0,0,0,,,,,0,pending,pending,pending,pending,pending,pending,,,0,,2026-04-13T15:35:44+00:00
run_20260413T113749Z,a990615234170c1256a453e416aee976703b08a7,PS-02_AIGR-S66270_NCIIPC_02_03_2026.xlsx,http://onlinecasinomagic.net,http://onlinecasinomagic.net,,,,,0,0,0,,,,,0,pending,pending,pending,pending,pending,pending,,,0,,2026-04-13T15:35:44+00:00
run_20260413T113749Z,713991836b9e18bcc47e534b296dbacd827cd0d1,PS-02_AIGR-S66270_NCIIPC_02_03_2026.xlsx,http://onlineguides.shop,http://onlineguides.shop,,,,,0,0,0,,,,,0,pending,pending,pending,pending,pending,pending,,,0,,2026-04-13T15:35:44+00:00
run_20260413T113749Z,8c79c63083352887a0117b8b512180133ee930d8,PS-02_AIGR-S66270_NCIIPC_02_03_2026.xlsx,http://onlinemozio.com,http://onlinemozio.com,,,,,0,0,0,,,,,0,pending,pending,pending,pending,pending,pending,,,0,,2026-04-13T15:35:44+00:00
run_20260413T113749Z,9804742b620986e21d1f2d0ede172e853928b4b6,PS-02_AIGR-S66270_NCIIPC_02_03_2026.xlsx,http://onlineokinawa.com,http://onlineokinawa.com,,,,,0,0,0,,,,,0,pending,pending,pending,pending,pending,pending,,,0,,2026-04-13T15:35:44+00:00
run_20260413T113749Z,9be94ca2536117050400b29534bdb26b6740dcc9,PS-02_AIGR-S66270_NCIIPC_02_03_2026.xlsx,http://onlinetickets.info,http://onlinetickets.info,,,,,0,0,0,,,,,0,pending,pending,pending,pending,pending,pending,,,0,,2026-04-13T15:35:44+00:00
run_20260413T113749Z,8faa085650697e481a2364f7b8dccffe297f3349,PS-02_AIGR-S66270_NCIIPC_02_03_2026.xlsx,http://pamsonline.com,http://pamsonline.com,,,,,0,0,0,,,,,0,pending,pending,pending,pending,pending,pending,,,0,,2026-04-13T15:35:44+00:00
run_20260413T113749Z,aa1959a9e6004c124e2ea54f0723c539c72524b1,PS-02_AIGR-S66270_NCIIPC_02_03_2026.xlsx,http://parashine.com,http://parashine.com,,,,,0,0,0,,,,,0,pending,pending,pending,pending,pending,pending,,,0,,2026-04-13T15:35:44+00:00
run_20260413T113749Z,42461406d5ad3adf4762e791976020b8e26433aa,PS-02_AIGR-S66270_NCIIPC_02_03_2026.xlsx,http://quidia.com,http://quidia.com,,,,,0,0,0,,,,,0,pending,pending,pending,pending,pending,pending,,,0,,2026-04-13T15:35:44+00:00
run_20260413T113749Z,2cbba5219d6dcfe2800156d332a937661308e105,PS-02_AIGR-S66270_NCIIPC_02_03_2026.xlsx,http://rebalio.com,http://rebalio.com,,,,,0,0,0,,,,,0,pending,pending,pending,pending,pending,pending,,,0,,2026-04-13T15:35:44+00:00
run_20260413T113749Z,6aa1d92b577181e4a886dbe89cec4c4f91c9f0f7,PS-02_AIGR-S66270_NCIIPC_02_03_2026.xlsx,http://rebellite.com,http://rebellite.com,,,,,0,0,0,,,,,0,pending,pending,pending,pending,pending,pending,,,0,,2026-04-13T15:35:44+00:00
run_20260413T113749Z,6baeb4f356dcc0032abbf57370e27cedc3dc4d80,PS-02_AIGR-S66270_NCIIPC_02_03_2026.xlsx,http://rebikini.com,http://rebikini.com,,,,,0,0,0,,,,,0,pending,pending,pending,pending,pending,pending,,,0,,2026-04-13T15:35:44+00:00
run_20260413T113749Z,e603f1570248baed1bd5f316681a463c323a3b5c,PS-02_AIGR-S66270_NCIIPC_02_03_2026.xlsx,http://refita.online,http://refita.online,,,,,0,0,0,,,,,0,pending,pending,pending,pending,pending,pending,,,0,,2026-04-13T15:35:44+00:00
run_20260413T113749Z,260eec016a56f736560a36804f07f3a359497bc0,PS-02_AIGR-S66270_NCIIPC_02_03_2026.xlsx,http://remitq.com,http://remitq.com,,,,,0,0,0,,,,,0,pending,pending,pending,pending,pending,pending,,,0,,2026-04-13T15:35:44+00:00
run_20260413T113749Z,4136475c418abaea7607f7cc2891767c067f6977,PS-02_AIGR-S66270_NCIIPC_02_03_2026.xlsx,http://rubix.xyz,http://rubix.xyz,,,,,0,0,0,,,,,0,pending,pending,pending,pending,pending,pending,,,0,,2026-04-13T15:35:44+00:00
run_20260413T113749Z,817c5eeb7491dc3d17b5335454c7a6aac1524953,PS-02_AIGR-S66270_NCIIPC_02_03_2026.xlsx,http://sacadera.com,http://sacadera.com,,,,,0,0,0,,,,,0,pending,pending,pending,pending,pending,pending,,,0,,2026-04-13T15:35:44+00:00
run_20260413T113749Z,86171f623e81386cdfc272af83b40652a2d64461,PS-02_AIGR-S66270_NCIIPC_02_03_2026.xlsx,http://sacntum.online,http://sacntum.online,,,,,0,0,0,,,,,0,pending,pending,pending,pending,pending,pending,,,0,,2026-04-13T15:35:44+00:00
run_20260413T113749Z,c3233a14a4894ad705d9fcec52dcd3b696b3181e,PS-02_AIGR-S66270_NCIIPC_02_03_2026.xlsx,http://sacperu.com,http://sacperu.com,,,,,0,0,0,,,,,0,pending,pending,pending,pending,pending,pending,,,0,,2026-04-13T15:35:44+00:00
run_20260413T113749Z,64f0ec23a930a97b98ab02ed56b500ce870bdce9,PS-02_AIGR-S66270_NCIIPC_02_03_2026.xlsx,http://scanline.club,http://scanline.club,,,,,0,0,0,,,,,0,pending,pending,pending,pending,pending,pending,,,0,,2026-04-13T15:35:44+00:00
run_20260413T113749Z,481b386bc24d585a7bf538232615e60470aa05a0,PS-02_AIGR-S66270_NCIIPC_02_03_2026.xlsx,http://scbiet.com,http://scbiet.com,,,,,0,0,0,,,,,0,pending,pending,pending,pending,pending,pending,,,0,,2026-04-13T15:35:44+00:00
run_20260413T113749Z,83a933f7f14f26883bdf47a938e3472e3c7db810,PS-02_AIGR-S66270_NCIIPC_02_03_2026.xlsx,http://siacm.gs,http://siacm.gs,,,,,0,0,0,,,,,0,pending,pending,pending,pending,pending,pending,,,0,,2026-04-13T15:35:44+00:00
run_20260413T113749Z,27023288ef8dda9d26726d8fe6daa5999b0e53ea,PS-02_AIGR-S66270_NCIIPC_02_03_2026.xlsx,http://sricard.com,http://sricard.com,hash,admitted,,,0,0,0,,ray-hash-admit,,,0,pending,pending,pending,admitted,pending,pending,,,0,,2026-04-13T15:36:36+00:00
run_20260413T113749Z,7563a5b3f0880ed68bd2e903369be347d5783594,PS-02_AIGR-S66270_NCIIPC_02_03_2026.xlsx,http://trellbit.com,http://trellbit.com,,,,,0,0,0,,,,,0,pending,pending,pending,pending,pending,pending,,,0,,2026-04-13T15:35:44+00:00
run_20260413T113749Z,6fb3f2fdbdac5f675694bd9d4523fd5469ab410c,PS-02_AIGR-S66270_NCIIPC_02_03_2026.xlsx,http://udoai.com,http://udoai.com,,,,,0,0,0,,,,,0,pending,pending,pending,pending,pending,pending,,,0,,2026-04-13T15:35:44+00:00
run_20260413T113749Z,fd9c63291e1d62cdb39e0daedd9cd554e0b04ca3,PS-02_AIGR-S66270_NCIIPC_02_03_2026.xlsx,http://windcc.ec.cc,http://windcc.ec.cc,,,,,0,0,0,,,,,0,pending,pending,pending,pending,pending,pending,,,0,,2026-04-13T15:35:44+00:00
run_20260413T113749Z,23c1f61f733cc04c147776992c22a828d6594ab3,PS-02_AIGR-S66270_NCIIPC_02_03_2026.xlsx,http://xnhau.link,http://xnhau.link,,,,,0,0,0,,,,,0,pending,pending,pending,pending,pending,pending,,,0,,2026-04-13T15:35:44+00:00
run_20260413T113749Z,acbbfaa9b8931eccc46e6fe87d83624d75da4c2d,PS-02_AIGR-S66270_NCIIPC_02_03_2026.xlsx,https://24onlinesmi.com,https://24onlinesmi.com,,,,,0,0,0,,,,,0,pending,pending,pending,pending,pending,pending,,,0,,2026-04-13T15:35:44+00:00
run_20260413T113749Z,5be3167acbd2e67da7a86ea91f16d3e0069fc186,PS-02_AIGR-S66270_NCIIPC_02_03_2026.xlsx,32bit.watch,https://32bit.watch,,,,,0,0,0,,,,,0,pending,pending,pending,pending,pending,pending,,,0,,2026-04-13T15:35:44+00:00
run_20260413T113749Z,d7aecd23da45f3c85b63274cc5823302ca8fa4f9,PS-02_AIGR-S66270_NCIIPC_02_03_2026.xlsx,35clouds.com,https://35clouds.com,,,,,0,0,0,,,,,0,pending,pending,pending,pending,pending,pending,,,0,,2026-04-13T15:35:44+00:00
run_20260413T113749Z,3f8b3f7c709a11f3baa5bed91db69a2b5e380780,PS-02_AIGR-S66270_NCIIPC_02_03_2026.xlsx,3coins.com,https://3coins.com,,,,,0,0,0,,,,,0,pending,pending,pending,pending,pending,pending,,,0,,2026-04-13T15:35:44+00:00
run_20260413T113749Z,a90b45f4fd92c8ba3e35b761d4aef628c6a18e3e,PS-02_AIGR-S66270_NCIIPC_02_03_2026.xlsx,4-clouds.online,https://4-clouds.online,,,,,0,0,0,,,,,0,pending,pending,pending,pending,pending,pending,,,0,,2026-04-13T15:35:44+00:00
run_20260413T113749Z,0a5445ec576696be6bf58824c79fdccefe9e067e,PS-02_AIGR-S66270_NCIIPC_02_03_2026.xlsx,4-clouds.ru,https://4-clouds.ru,,,,,0,0,0,,,,,0,pending,pending,pending,pending,pending,pending,,,0,,2026-04-13T15:35:44+00:00
run_20260413T113749Z,80dad5bc3a1340ce7d8663ababf0f678b69f6832,PS-02_AIGR-S66270_NCIIPC_02_03_2026.xlsx,4-clouds.tech,https://4-clouds.tech,,,,,0,0,0,,,,,0,pending,pending,pending,pending,pending,pending,,,0,,2026-04-13T15:35:44+00:00
run_20260413T113749Z,34a91e528d8e49cf89c1abd288dd3f2f9bb6557d,PS-02_AIGR-S66270_NCIIPC_02_03_2026.xlsx,53face.com,https://53face.com,,,,,0,0,0,,,,,0,pending,pending,pending,pending,pending,pending,,,0,,2026-04-13T15:35:44+00:00
run_20260413T113749Z,267861a499f3c0dfa9d877bcaf736479087af53e,PS-02_AIGR-S66270_NCIIPC_02_03_2026.xlsx,5acu3379.com,https://5acu3379.com,,,,,0,0,0,,,,,0,pending,pending,pending,pending,pending,pending,,,0,,2026-04-13T15:35:44+00:00
run_20260413T113749Z,5e89027b691bf18ae3df178d87a150d15951642b,PS-02_AIGR-S66270_NCIIPC_02_03_2026.xlsx,5bbifb.shop,https://5bbifb.shop,,,,,0,0,0,,,,,0,pending,pending,pending,pending,pending,pending,,,0,,2026-04-13T15:35:44+00:00
run_20260413T113749Z,7d7db5031b3065a197ceaeb7c67853dbf249ef47,PS-02_AIGR-S66270_NCIIPC_02_03_2026.xlsx,5biz.xyz,https://5biz.xyz,,,,,0,0,0,,,,,0,pending,pending,pending,pending,pending,pending,,,0,,2026-04-13T15:35:44+00:00
run_20260413T113749Z,70d215ecdab0f02e5b5b8b3fe582d5bcf0c1ca4f,PS-02_AIGR-S66270_NCIIPC_02_03_2026.xlsx,https://5ifirst.com,https://5ifirst.com,,,,,0,0,0,,,,,0,pending,pending,pending,pending,pending,pending,,,0,,2026-04-13T15:35:44+00:00
run_20260413T113749Z,46c96b82bb2a8b121b841c82f2bcabdb77bea163,PS-02_AIGR-S66270_NCIIPC_02_03_2026.xlsx,5life.xyz,https://5life.xyz,,,,,0,0,0,,,,,0,pending,pending,pending,pending,pending,pending,,,0,,2026-04-13T15:35:44+00:00
run_20260413T113749Z,45d5c06006e8707a895995acdb59adb24cc20bb3,PS-02_AIGR-S66270_NCIIPC_02_03_2026.xlsx,6cloud.store,https://6cloud.store,,,,,0,0,0,,,,,0,pending,pending,pending,pending,pending,pending,,,0,,2026-04-13T15:35:44+00:00
run_20260413T113749Z,0fc1b275256fd1760513b2a2b6077882de18538a,PS-02_AIGR-S66270_NCIIPC_02_03_2026.xlsx,7sacn.com,https://7sacn.com,,,,,0,0,0,,,,,0,pending,pending,pending,pending,pending,pending,,,0,,2026-04-13T15:35:44+00:00
run_20260413T113749Z,88dac5e6adb8145f11d7caea5e176cb970276f8e,PS-02_AIGR-S66270_NCIIPC_02_03_2026.xlsx,88-xx.sa.com,https://88-xx.sa.com,,,,,0,0,0,,,,,0,pending,pending,pending,pending,pending,pending,,,0,,2026-04-13T15:35:44+00:00
run_20260413T113749Z,f893bd88c423f7c633b930ff1d388bfd3179160c,PS-02_AIGR-S66270_NCIIPC_02_03_2026.xlsx,abad.win,https://abad.win,,,,,0,0,0,,,,,0,pending,pending,pending,pending,pending,pending,,,0,,2026-04-13T15:35:44+00:00
run_20260413T113749Z,c5b6ea9067af9d0ee615750d9c9502d631278277,PS-02_AIGR-S66270_NCIIPC_02_03_2026.xlsx,abdmfacts.com,https://abdmfacts.com,,,,,0,0,0,,,,,0,pending,pending,pending,pending,pending,pending,,,0,,2026-04-13T15:35:44+00:00
run_20260413T113749Z,bd84aa6c3c97c74e4176575979156e3b6ebee962,PS-02_AIGR-S66270_NCIIPC_02_03_2026.xlsx,https://abdulmanan.cv,https://abdulmanan.cv,,,,,0,0,0,,,,,0,pending,pending,pending,pending,pending,pending,,,0,,2026-04-13T15:35:44+00:00
run_20260413T113749Z,cfd9764b3919e5b0b61c6b5662db8dbfe2c8ac9c,PS-02_AIGR-S66270_NCIIPC_02_03_2026.xlsx,abdulmateen.com,https://abdulmateen.com,,,,,0,0,0,,,,,0,pending,pending,pending,pending,pending,pending,,,0,,2026-04-13T15:35:44+00:00
run_20260413T113749Z,74f5233b174dbe71c7a7b4e5de542d5c231df833,PS-02_AIGR-S66270_NCIIPC_02_03_2026.xlsx,abdulmuzeer.cv,https://abdulmuzeer.cv,,,,,0,0,0,,,,,0,pending,pending,pending,pending,pending,pending,,,0,,2026-04-13T15:35:44+00:00
run_20260413T113749Z,2b10223cf1e0dce6df2891b54986d40496173258,PS-02_AIGR-S66270_NCIIPC_02_03_2026.xlsx,abdusms.com,https://abdusms.com,hash,admitted,,,0,0,0,,ray-hash-admit,,,0,pending,pending,pending,admitted,pending,pending,,,0,,2026-04-13T15:36:11+00:00
run_20260413T113749Z,05011c861641a02f780b7455690f92ab1aad808a,PS-02_AIGR-S66270_NCIIPC_02_03_2026.xlsx,abed.blog,https://abed.blog,,,,,0,0,0,,,,,0,pending,pending,pending,pending,pending,pending,,,0,,2026-04-13T15:35:44+00:00
run_20260413T113749Z,b743f3a32aab34d3f7840ceff85b24bea4ec68ea,PS-02_AIGR-S66270_NCIIPC_02_03_2026.xlsx,abudima.com,https://abudima.com,dns_gate,registration_passthrough,dns_gate_no_answer,no A/AAAA answers for abudima.com,0,0,0,,ray-dns-gate,,,0,pending,pending,pending,pending,pending,pending,,dns_not_mapped_to_ip,0,,2026-04-13T15:35:54+00:00
run_20260413T113749Z,7a70690b097c8038dc3d29c1dfc1ac82eff7c11d,PS-02_AIGR-S66270_NCIIPC_02_03_2026.xlsx,adm2.com,https://adm2.com,,,,,0,0,0,,,,,0,pending,pending,pending,pending,pending,pending,,,0,,2026-04-13T15:35:44+00:00
run_20260413T113749Z,41d56c768ece8d1f46ddd517a0f6f8108a6a6c4a,PS-02_AIGR-S66270_NCIIPC_02_03_2026.xlsx,adma.com,https://adma.com,,,,,0,0,0,,,,,0,pending,pending,pending,pending,pending,pending,,,0,,2026-04-13T15:35:44+00:00
run_20260413T113749Z,7a897a18e5156a27d664eddde3ce7044dd623388,PS-02_AIGR-S66270_NCIIPC_02_03_2026.xlsx,aeronomad.net.ru,https://aeronomad.net.ru,,,,,0,0,0,,,,,0,pending,pending,pending,pending,pending,pending,,,0,,2026-04-13T15:35:44+00:00
run_20260413T113749Z,6a8a52ed7da930a7dced0d0d0f8b2b9f0c8de98c,PS-02_AIGR-S66270_NCIIPC_02_03_2026.xlsx,agentipayment.com,https://agentipayment.com,dns_gate,accepted,,,0,0,0,,ray-dns-gate,,,0,pending,pending,pending,pending,pending,pending,,,0,,2026-04-13T15:35:54+00:00
run_20260413T113749Z,d55b04f458beb83b6700368bfdbdfe41ecf2e6b7,PS-02_AIGR-S66270_NCIIPC_02_03_2026.xlsx,ahxins.com,https://ahxins.com,,,,,0,0,0,,,,,0,pending,pending,pending,pending,pending,pending,,,0,,2026-04-13T15:35:44+00:00
run_20260413T113749Z,ab6ea965bd1dc7116c78545aba4d88ea70931400,PS-02_AIGR-S66270_NCIIPC_02_03_2026.xlsx,https://ai-ind.net,https://ai-ind.net,,,,,0,0,0,,,,,0,pending,pending,pending,pending,pending,pending,,,0,,2026-04-13T15:35:44+00:00
run_20260413T113749Z,daa4b71893369c303acef4d2f281b218f2c04c9d,PS-02_AIGR-S66270_NCIIPC_02_03_2026.xlsx,ai-ios.com,https://ai-ios.com,,,,,0,0,0,,,,,0,pending,pending,pending,pending,pending,pending,,,0,,2026-04-13T15:35:44+00:00
run_20260413T113749Z,c6deb165e5a862fba8e5e29798bef58b88db280e,PS-02_AIGR-S66270_NCIIPC_02_03_2026.xlsx,ai-isc.org,https://ai-isc.org,,,,,0,0,0,,,,,0,pending,pending,pending,pending,pending,pending,,,0,,2026-04-13T15:35:44+00:00
run_20260413T113749Z,3eb00fb2e0a9ce512c5dafaf60a58ed4a27af1c7,PS-02_AIGR-S66270_NCIIPC_02_03_2026.xlsx,ai-isms.store,https://ai-isms.store,,,,,0,0,0,,,,,0,pending,pending,pending,pending,pending,pending,,,0,,2026-04-13T15:35:44+00:00
run_20260413T113749Z,52acd39cfe13cf1f370022a96f14e7cc86c8b861,PS-02_AIGR-S66270_NCIIPC_02_03_2026.xlsx,ai9cloud.com,https://ai9cloud.com,stage1,failed,,,0,0,0,,ray-stage1,,,0,pending,failed,pending,pending,pending,filtered_lexical_miss,,,0,,2026-04-13T11:39:26+00:00
run_20260413T113749Z,cee1388331fea35e19a464bb20a4a7ef57599f1a,PS-02_AIGR-S66270_NCIIPC_02_03_2026.xlsx,aiairhotel.com,https://aiairhotel.com,,,,,0,0,0,,,,,0,pending,pending,pending,pending,pending,pending,,,0,,2026-04-13T15:35:44+00:00
run_20260413T113749Z,c15ca61571ef29c1eb138c0c34f5005f98b19af2,PS-02_AIGR-S66270_NCIIPC_02_03_2026.xlsx,aicartel.site,https://aicartel.site,,,,,0,0,0,,,,,0,pending,pending,pending,pending,pending,pending,,,0,,2026-04-13T15:35:44+00:00
run_20260413T113749Z,77e9056a29ec1331f570b605a7984084190a64a6,PS-02_AIGR-S66270_NCIIPC_02_03_2026.xlsx,aiearthly.com,https://aiearthly.com,,,,,0,0,0,,,,,0,pending,pending,pending,pending,pending,pending,,,0,,2026-04-13T15:35:44+00:00
run_20260413T113749Z,ccdf7f17be6232b0835b5b25296070f7548f850f,PS-02_AIGR-S66270_NCIIPC_02_03_2026.xlsx,aiegis.app,https://aiegis.app,,,,,0,0,0,,,,,0,pending,pending,pending,pending,pending,pending,,,0,,2026-04-13T15:35:44+00:00
run_20260413T113749Z,e7882087fbbaa78071382fc917ecac1d4e04bc82,PS-02_AIGR-S66270_NCIIPC_02_03_2026.xlsx,aietra.com,https://aietra.com,,,,,0,0,0,,,,,0,pending,pending,pending,pending,pending,pending,,,0,,2026-04-13T15:35:44+00:00
run_20260413T113749Z,de7d1c27bdb54651cb242ffaacc57e1e98ac590b,PS-02_AIGR-S66270_NCIIPC_02_03_2026.xlsx,aifish.in,https://aifish.in,,,,,0,0,0,,,,,0,pending,pending,pending,pending,pending,pending,,,0,,2026-04-13T15:35:44+00:00
run_20260413T113749Z,6c92fa9f4210cc0de7dc73b2653e619eee1dfb84,PS-02_AIGR-S66270_NCIIPC_02_03_2026.xlsx,aifortelecom.com,https://aifortelecom.com,,,,,0,0,0,,,,,0,pending,pending,pending,pending,pending,pending,,,0,,2026-04-13T15:35:44+00:00
run_20260413T113749Z,0cebb891cd96bf316c3304fef9e747875c78cd06,PS-02_AIGR-S66270_NCIIPC_02_03_2026.xlsx,aihotels.agency,https://aihotels.agency,,,,,0,0,0,,,,,0,pending,pending,pending,pending,pending,pending,,,0,,2026-04-13T15:35:44+00:00
run_20260413T113749Z,7c827b13c8f323813626fe0806ecd57413281f4c,PS-02_AIGR-S66270_NCIIPC_02_03_2026.xlsx,aiiks.com,https://aiiks.com,,,,,0,0,0,,,,,0,pending,pending,pending,pending,pending,pending,,,0,,2026-04-13T15:35:44+00:00
run_20260413T113749Z,63f72952bfde47a2b8d6e19f28747518fab56813,PS-02_AIGR-S66270_NCIIPC_02_03_2026.xlsx,aiim-demo.com,https://aiim-demo.com,,,,,0,0,0,,,,,0,pending,pending,pending,pending,pending,pending,,,0,,2026-04-13T15:35:44+00:00
run_20260413T113749Z,a1859dfdbd72c099383403431870e623bbe79909,PS-02_AIGR-S66270_NCIIPC_02_03_2026.xlsx,aiimageshub.com,https://aiimageshub.com,,,,,0,0,0,,,,,0,pending,pending,pending,pending,pending,pending,,,0,,2026-04-13T15:35:44+00:00
run_20260413T113749Z,6543e46997a5b7326abffece80bb1cb9da522128,PS-02_AIGR-S66270_NCIIPC_02_03_2026.xlsx,aiimai.dev,https://aiimai.dev,,,,,0,0,0,,,,,0,pending,pending,pending,pending,pending,pending,,,0,,2026-04-13T15:35:44+00:00
run_20260413T113749Z,ba49c05bfe36ee8b8a01fe358d857d817e65c850,PS-02_AIGR-S66270_NCIIPC_02_03_2026.xlsx,https://aiimpact.world,https://aiimpact.world,,,,,0,0,0,,,,,0,pending,pending,pending,pending,pending,pending,,,0,,2026-04-13T15:35:44+00:00
run_20260413T113749Z,245b4249b35161df49fd348f94c9a63c50dbdb51,PS-02_AIGR-S66270_NCIIPC_02_03_2026.xlsx,aiindex.one,https://aiindex.one,,,,,0,0,0,,,,,0,pending,pending,pending,pending,pending,pending,,,0,,2026-04-13T15:35:44+00:00
run_20260413T113749Z,7ecb58cbc7ff0817c332918ba199cbfd86de5532,PS-02_AIGR-S66270_NCIIPC_02_03_2026.xlsx,aiindianow.com,https://aiindianow.com,,,,,0,0,0,,,,,0,pending,pending,pending,pending,pending,pending,,,0,,2026-04-13T15:35:44+00:00
run_20260413T113749Z,dae195f51382216263e95d24c38f96bec852eaa7,PS-02_AIGR-S66270_NCIIPC_02_03_2026.xlsx,https://aiinertia.com,https://aiinertia.com,,,,,0,0,0,,,,,0,pending,pending,pending,pending,pending,pending,,,0,,2026-04-13T15:35:44+00:00
run_20260413T113749Z,14616fd33eecf8cd758cb7d4f9d8ab7ad4eed7e2,PS-02_AIGR-S66270_NCIIPC_02_03_2026.xlsx,aiirish.com,https://aiirish.com,,,,,0,0,0,,,,,0,pending,pending,pending,pending,pending,pending,,,0,,2026-04-13T15:35:44+00:00
run_20260413T113749Z,e9262571c56b4fc77227ec00ccd37f64321b0c7b,PS-02_AIGR-S66270_NCIIPC_02_03_2026.xlsx,aijte.com,https://aijte.com,,,,,0,0,0,,,,,0,pending,pending,pending,pending,pending,pending,,,0,,2026-04-13T15:35:44+00:00
run_20260413T113749Z,0960d6db0462f092548978a43c9e5aea50f00b36,PS-02_AIGR-S66270_NCIIPC_02_03_2026.xlsx,ailina.chat,https://ailina.chat,,,,,0,0,0,,,,,0,pending,pending,pending,pending,pending,pending,,,0,,2026-04-13T15:35:44+00:00
run_20260413T113749Z,963bc3184ac1b0ec500963fab193e959b1bde953,PS-02_AIGR-S66270_NCIIPC_02_03_2026.xlsx,aimcps.com,https://aimcps.com,,,,,0,0,0,,,,,0,pending,pending,pending,pending,pending,pending,,,0,,2026-04-13T15:35:44+00:00
run_20260413T113749Z,e45710ed8b65e75d2fcba228c50ac8df105820f0,PS-02_AIGR-S66270_NCIIPC_02_03_2026.xlsx,aimids.com,https://aimids.com,,,,,0,0,0,,,,,0,pending,pending,pending,pending,pending,pending,,,0,,2026-04-13T15:35:44+00:00
run_20260413T113749Z,fc3c5407fdd1ccc255fbeccee4c6c9eeace63f42,PS-02_AIGR-S66270_NCIIPC_02_03_2026.xlsx,aimoms.com,https://aimoms.com,,,,,0,0,0,,,,,0,pending,pending,pending,pending,pending,pending,,,0,,2026-04-13T15:35:44+00:00
run_20260413T113749Z,05008fc3e4a947856a5a0b9efc2090199a58f5a4,PS-02_AIGR-S66270_NCIIPC_02_03_2026.xlsx,aimv5g.com,https://aimv5g.com,,,,,0,0,0,,,,,0,pending,pending,pending,pending,pending,pending,,,0,,2026-04-13T15:35:44+00:00
run_20260413T113749Z,1d223abe80679d1dd0fd998e4128dc28b41dd8e5,PS-02_AIGR-S66270_NCIIPC_02_03_2026.xlsx,https://aioids.com,https://aioids.com,,,,,0,0,0,,,,,0,pending,pending,pending,pending,pending,pending,,,0,,2026-04-13T15:35:44+00:00
run_20260413T113749Z,84d7fda6f01629e201e07c7bcfbad1fc9c597d3e,PS-02_AIGR-S66270_NCIIPC_02_03_2026.xlsx,aioncli.info,https://aioncli.info,,,,,0,0,0,,,,,0,pending,pending,pending,pending,pending,pending,,,0,,2026-04-13T15:35:44+00:00
run_20260413T113749Z,1ceb61a52993ea5ec30819653ed610d3e34afd8c,PS-02_AIGR-S66270_NCIIPC_02_03_2026.xlsx,aionis.site,https://aionis.site,,,,,0,0,0,,,,,0,pending,pending,pending,pending,pending,pending,,,0,,2026-04-13T15:35:44+00:00
run_20260413T113749Z,c31dba1265453321fa4e5e2e1df2fa382c1104de,PS-02_AIGR-S66270_NCIIPC_02_03_2026.xlsx,aionreal.com,https://aionreal.com,,,,,0,0,0,,,,,0,pending,pending,pending,pending,pending,pending,,,0,,2026-04-13T15:35:44+00:00
run_20260413T113749Z,7e7b0f8d48176d535c04feee6f676ca356340f8f,PS-02_AIGR-S66270_NCIIPC_02_03_2026.xlsx,aionreal.info,https://aionreal.info,,,,,0,0,0,,,,,0,pending,pending,pending,pending,pending,pending,,,0,,2026-04-13T15:35:44+00:00
run_20260413T113749Z,2a14b9205ab58a336930e9070db1997220f86205,PS-02_AIGR-S66270_NCIIPC_02_03_2026.xlsx,aionreal.online,https://aionreal.online,,,,,0,0,0,,,,,0,pending,pending,pending,pending,pending,pending,,,0,,2026-04-13T15:35:44+00:00
run_20260413T113749Z,4d967499048f1e9bc15998d766bfd0fc1981b927,PS-02_AIGR-S66270_NCIIPC_02_03_2026.xlsx,aionreal.site,https://aionreal.site,,,,,0,0,0,,,,,0,pending,pending,pending,pending,pending,pending,,,0,,2026-04-13T15:35:44+00:00
run_20260413T113749Z,c42583692f01c7f63d631abbb47ff184df5e885f,PS-02_AIGR-S66270_NCIIPC_02_03_2026.xlsx,aiperindia.com,https://aiperindia.com,,,,,0,0,0,,,,,0,pending,pending,pending,pending,pending,pending,,,0,,2026-04-13T15:35:44+00:00
run_20260413T113749Z,11c8f6debb49c6b498175a8cd29b371f25b26ac1,PS-02_AIGR-S66270_NCIIPC_02_03_2026.xlsx,aiprimordial.com,https://aiprimordial.com,,,,,0,0,0,,,,,0,pending,pending,pending,pending,pending,pending,,,0,,2026-04-13T15:35:44+00:00
run_20260413T113749Z,e10130935eaee6f8baccb3573304ced4309e8c33,PS-02_AIGR-S66270_NCIIPC_02_03_2026.xlsx,air-industriel.fr,https://air-industriel.fr,,,,,0,0,0,,,,,0,pending,pending,pending,pending,pending,pending,,,0,,2026-04-13T15:35:44+00:00
run_20260413T113749Z,7841f6823c961a9f6d0aa320a9259916b709532d,PS-02_AIGR-S66270_NCIIPC_02_03_2026.xlsx,airbanter.xyz,https://airbanter.xyz,,,,,0,0,0,,,,,0,pending,pending,pending,pending,pending,pending,,,0,,2026-04-13T15:35:44+00:00
run_20260413T113749Z,3dc79d9b2e81113a24155300118ec750939cd83d,PS-02_AIGR-S66270_NCIIPC_02_03_2026.xlsx,aireadyminds.com,https://aireadyminds.com,,,,,0,0,0,,,,,0,pending,pending,pending,pending,pending,pending,,,0,,2026-04-13T15:35:44+00:00
run_20260413T113749Z,ee489842c1c9ce9f9250deecae1b4613a8289a93,PS-02_AIGR-S66270_NCIIPC_02_03_2026.xlsx,https://aireal.agency,https://aireal.agency,,,,,0,0,0,,,,,0,pending,pending,pending,pending,pending,pending,,,0,,2026-04-13T15:35:44+00:00
run_20260413T113749Z,216bde13476d550d102888e5a45692c5a6901ff3,PS-02_AIGR-S66270_NCIIPC_02_03_2026.xlsx,aireflexe.com,https://aireflexe.com,,,,,0,0,0,,,,,0,pending,pending,pending,pending,pending,pending,,,0,,2026-04-13T15:35:44+00:00
run_20260413T113749Z,72a0f78ba217fcda7f180cc13c8fd3766a95b3dd,PS-02_AIGR-S66270_NCIIPC_02_03_2026.xlsx,https://airek.store,https://airek.store,,,,,0,0,0,,,,,0,pending,pending,pending,pending,pending,pending,,,0,,2026-04-13T15:35:44+00:00
run_20260413T113749Z,bd9f408bf9a5c14b173eb1201674147081f78ee6,PS-02_AIGR-S66270_NCIIPC_02_03_2026.xlsx,airelator.com,https://airelator.com,,,,,0,0,0,,,,,0,pending,pending,pending,pending,pending,pending,,,0,,2026-04-13T15:35:44+00:00
run_20260413T113749Z,b1b5daa5c07dc5c742a60b12dc61fbd6ef906662,PS-02_AIGR-S66270_NCIIPC_02_03_2026.xlsx,https://aireptile.com,https://aireptile.com,,,,,0,0,0,,,,,0,pending,pending,pending,pending,pending,pending,,,0,,2026-04-13T15:35:44+00:00
run_20260413T113749Z,78970b39c3085da1efd2b7f0c96aa7ecf0e34d9f,PS-02_AIGR-S66270_NCIIPC_02_03_2026.xlsx,https://airets.com,https://airets.com,,,,,0,0,0,,,,,0,pending,pending,pending,pending,pending,pending,,,0,,2026-04-13T15:35:44+00:00
run_20260413T113749Z,e6dc0d9603f86b3086a722a5b314147541fd9340,PS-02_AIGR-S66270_NCIIPC_02_03_2026.xlsx,airficial.com,https://airficial.com,stage1,failed,,,0,0,0,,ray-stage1,,,0,pending,failed,pending,pending,pending,filtered_lexical_miss,,,0,,2026-04-13T11:38:49+00:00
run_20260413T113749Z,10382454871ddeb392ec15de684c33a6ce4af6b2,PS-02_AIGR-S66270_NCIIPC_02_03_2026.xlsx,airinception.xyz,https://airinception.xyz,,,,,0,0,0,,,,,0,pending,pending,pending,pending,pending,pending,,,0,,2026-04-13T15:35:44+00:00
run_20260413T113749Z,b1f6c41a1a5d5126edabcabeb96dcdab44f504bf,PS-02_AIGR-S66270_NCIIPC_02_03_2026.xlsx,airindiaai.com,https://airindiaai.com,,,,,0,0,0,,,,,0,pending,pending,pending,pending,pending,pending,,,0,,2026-04-13T15:35:44+00:00
run_20260413T113749Z,ab91182428e4032629021b9dbb107ddc11891c15,PS-02_AIGR-S66270_NCIIPC_02_03_2026.xlsx,airinitiative.xyz,https://airinitiative.xyz,,,,,0,0,0,,,,,0,pending,pending,pending,pending,pending,pending,,,0,,2026-04-13T15:35:44+00:00
run_20260413T113749Z,06722db32b719a2e438ca291e9bbe48cb7be5707,PS-02_AIGR-S66270_NCIIPC_02_03_2026.xlsx,airiseoul.com,https://airiseoul.com,,,,,0,0,0,,,,,0,pending,pending,pending,pending,pending,pending,,,0,,2026-04-13T15:35:44+00:00
run_20260413T113749Z,0009dd8b26e6d92ec14919c9d1e3029f9ea333b7,PS-02_AIGR-S66270_NCIIPC_02_03_2026.xlsx,https://airjet.xyz,https://airjet.xyz,,,,,0,0,0,,,,,0,pending,pending,pending,pending,pending,pending,,,0,,2026-04-13T15:35:44+00:00
run_20260413T113749Z,aca684736356fdfbd21d6dfe9be16cd071802bc0,PS-02_AIGR-S66270_NCIIPC_02_03_2026.xlsx,https://airjetfuel.com,https://airjetfuel.com,,,,,0,0,0,,,,,0,pending,pending,pending,pending,pending,pending,,,0,,2026-04-13T15:35:44+00:00
run_20260413T113749Z,8f79057d637066b7bf7b6f02f9e71c14bff9782a,PS-02_AIGR-S66270_NCIIPC_02_03_2026.xlsx,airkestrel.com,https://airkestrel.com,,,,,0,0,0,,,,,0,pending,pending,pending,pending,pending,pending,,,0,,2026-04-13T15:35:44+00:00
run_20260413T113749Z,430a71513db689656bb95de194f36aff35494852,PS-02_AIGR-S66270_NCIIPC_02_03_2026.xlsx,airkid.com,https://airkid.com,,,,,0,0,0,,,,,0,pending,pending,pending,pending,pending,pending,,,0,,2026-04-13T15:35:44+00:00
run_20260413T113749Z,e23aa02f63939e26d1dd9d74e682a073341a64b4,PS-02_AIGR-S66270_NCIIPC_02_03_2026.xlsx,airlectron.xyz,https://airlectron.xyz,dns_gate,registration_passthrough,dns_gate_no_answer,no A/AAAA answers for airlectron.xyz,0,0,0,,ray-dns-gate,,,0,pending,pending,pending,pending,pending,pending,,dns_not_mapped_to_ip,0,,2026-04-13T15:35:54+00:00
run_20260413T113749Z,83faae6554ab8e2f5b5016cef417734b2fcc38ab,PS-02_AIGR-S66270_NCIIPC_02_03_2026.xlsx,airlne.com,https://airlne.com,,,,,0,0,0,,,,,0,pending,pending,pending,pending,pending,pending,,,0,,2026-04-13T15:35:44+00:00
run_20260413T113749Z,d84a3caece0062c4f41c979aaf3a7c1f126db416,PS-02_AIGR-S66270_NCIIPC_02_03_2026.xlsx,https://airlst.com,https://airlst.com,,,,,0,0,0,,,,,0,pending,pending,pending,pending,pending,pending,,,0,,2026-04-13T15:35:44+00:00
run_20260413T113749Z,dc475ff6db5df8e5ff975fdf623fb52d98510a85,PS-02_AIGR-S66270_NCIIPC_02_03_2026.xlsx,airmarrel.com,https://airmarrel.com,,,,,0,0,0,,,,,0,pending,pending,pending,pending,pending,pending,,,0,,2026-04-13T15:35:44+00:00
run_20260413T113749Z,9cc1fed6b0301edb6b823fb321877d8f89da4cb0,PS-02_AIGR-S66270_NCIIPC_02_03_2026.xlsx,airmaxexpresss.com,https://airmaxexpresss.com,,,,,0,0,0,,,,,0,pending,pending,pending,pending,pending,pending,,,0,,2026-04-13T15:35:44+00:00
run_20260413T113749Z,41d6a667c26bfb1d86bcfda01732de84b1a83aa0,PS-02_AIGR-S66270_NCIIPC_02_03_2026.xlsx,airmeta.xyz,https://airmeta.xyz,,,,,0,0,0,,,,,0,pending,pending,pending,pending,pending,pending,,,0,,2026-04-13T15:35:44+00:00
run_20260413T113749Z,9694fc5002f744c75a306ee512642d67c91aea95,PS-02_AIGR-S66270_NCIIPC_02_03_2026.xlsx,airniteai.xyz,https://airniteai.xyz,,,,,0,0,0,,,,,0,pending,pending,pending,pending,pending,pending,,,0,,2026-04-13T15:35:44+00:00
run_20260413T113749Z,b97a26a97ddce8330c673b59570c462606c01f8a,PS-02_AIGR-S66270_NCIIPC_02_03_2026.xlsx,https://airt.biz,https://airt.biz,,,,,0,0,0,,,,,0,pending,pending,pending,pending,pending,pending,,,0,,2026-04-13T15:35:44+00:00
run_20260413T113749Z,37712263a7440caab01c45fb9a8f640fcf5c3f6f,PS-02_AIGR-S66270_NCIIPC_02_03_2026.xlsx,airtalo.com,https://airtalo.com,,,,,0,0,0,,,,,0,pending,pending,pending,pending,pending,pending,,,0,,2026-04-13T15:35:44+00:00
run_20260413T113749Z,f9ea53c89ac4f5ee8d6d5606f27faf7db489a5c9,PS-02_AIGR-S66270_NCIIPC_02_03_2026.xlsx,airtaskee.com,https://airtaskee.com,,,,,0,0,0,,,,,0,pending,pending,pending,pending,pending,pending,,,0,,2026-04-13T15:35:44+00:00
run_20260413T113749Z,68ced9410400cc6547a16539154221a8280ea3e5,PS-02_AIGR-S66270_NCIIPC_02_03_2026.xlsx,airtasket.com,https://airtasket.com,,,,,0,0,0,,,,,0,pending,pending,pending,pending,pending,pending,,,0,,2026-04-13T15:35:44+00:00
run_20260413T113749Z,ad0d4c56e75795b0a49d25fd2909b28387877b6b,PS-02_AIGR-S66270_NCIIPC_02_03_2026.xlsx,airtaxi911.com,https://airtaxi911.com,,,,,0,0,0,,,,,0,pending,pending,pending,pending,pending,pending,,,0,,2026-04-13T15:35:44+00:00
run_20260413T113749Z,f486a44938cba3da44eac153a3732b02913771d9,PS-02_AIGR-S66270_NCIIPC_02_03_2026.xlsx,airtaxiraleigh.com,https://airtaxiraleigh.com,dns_gate,registration_passthrough,dns_gate_no_answer,no A/AAAA answers for airtaxiraleigh.com,0,0,0,,ray-dns-gate,,,0,pending,pending,pending,pending,pending,pending,,dns_not_mapped_to_ip,0,,2026-04-13T15:35:54+00:00
run_20260413T113749Z,0200d48923c33bdd70c914121dd98e3ed10ccedf,PS-02_AIGR-S66270_NCIIPC_02_03_2026.xlsx,https://airtaxirelief.com,https://airtaxirelief.com,,,,,0,0,0,,,,,0,pending,pending,pending,pending,pending,pending,,,0,,2026-04-13T15:35:44+00:00
run_20260413T113749Z,526ec063cbc7bfa3463a2a99297a9ee528d17185,PS-02_AIGR-S66270_NCIIPC_02_03_2026.xlsx,https://airtechhub.site,https://airtechhub.site,,,,,0,0,0,,,,,0,pending,pending,pending,pending,pending,pending,,,0,,2026-04-13T15:35:44+00:00
run_20260413T113749Z,2432dcbcfcdd402d168d6876c7cf6ff676f6a318,PS-02_AIGR-S66270_NCIIPC_02_03_2026.xlsx,airtele.xyz,https://airtele.xyz,,,,,0,0,0,,,,,0,pending,pending,pending,pending,pending,pending,,,0,,2026-04-13T15:35:44+00:00
run_20260413T113749Z,da22b367a28962b9ff04ae6eeb2ec46e293ea277,PS-02_AIGR-S66270_NCIIPC_02_03_2026.xlsx,https://airtell.ai,https://airtell.ai,,,,,0,0,0,,,,,0,pending,pending,pending,pending,pending,pending,,,0,,2026-04-13T15:35:44+00:00
run_20260413T113749Z,68a52a9ddf06ab625731ff8af1f611810c948b84,PS-02_AIGR-S66270_NCIIPC_02_03_2026.xlsx,https://airtelmetaverse.com,https://airtelmetaverse.com,,,,,0,0,0,,,,,0,pending,pending,pending,pending,pending,pending,,,0,,2026-04-13T15:35:44+00:00
run_20260413T113749Z,ea1ad74fab445a6ab1d99ed8b369812dd752cc36,PS-02_AIGR-S66270_NCIIPC_02_03_2026.xlsx,airtempo.xyz,https://airtempo.xyz,,,,,0,0,0,,,,,0,pending,pending,pending,pending,pending,pending,,,0,,2026-04-13T15:35:44+00:00
run_20260413T113749Z,8b74cd8036e00c4e3cecee9fc7e6ca42f1478b9a,PS-02_AIGR-S66270_NCIIPC_02_03_2026.xlsx,https://airtkt.in,https://airtkt.in,,,,,0,0,0,,,,,0,pending,pending,pending,pending,pending,pending,,,0,,2026-04-13T15:35:44+00:00
run_20260413T113749Z,073ad68db865e77804b88aae2c38750ba092aeb8,PS-02_AIGR-S66270_NCIIPC_02_03_2026.xlsx,https://airtm.coffee,https://airtm.coffee,,,,,0,0,0,,,,,0,pending,pending,pending,pending,pending,pending,,,0,,2026-04-13T15:35:44+00:00
run_20260413T113749Z,90514b39304ad724229d12f71ad6c388414111af,PS-02_AIGR-S66270_NCIIPC_02_03_2026.xlsx,https://airtm.dating,https://airtm.dating,,,,,0,0,0,,,,,0,pending,pending,pending,pending,pending,pending,,,0,,2026-04-13T15:35:44+00:00
run_20260413T113749Z,10bdb23d731c7245989754fd1c601a1c21d909e1,PS-02_AIGR-S66270_NCIIPC_02_03_2026.xlsx,airtoenergy.com,https://airtoenergy.com,,,,,0,0,0,,,,,0,pending,pending,pending,pending,pending,pending,,,0,,2026-04-13T15:35:44+00:00
run_20260413T113749Z,bf34207c456b050c463956ec4d6561345d5ae442,PS-02_AIGR-S66270_NCIIPC_02_03_2026.xlsx,airtoolparts.com,https://airtoolparts.com,,,,,0,0,0,,,,,0,pending,pending,pending,pending,pending,pending,,,0,,2026-04-13T15:35:44+00:00
run_20260413T113749Z,86f2b34df3049d431ab5a8a4ddf104d33aea1b21,PS-02_AIGR-S66270_NCIIPC_02_03_2026.xlsx,airtravelspecialties.com,https://airtravelspecialties.com,,,,,0,0,0,,,,,0,pending,pending,pending,pending,pending,pending,,,0,,2026-04-13T15:35:44+00:00
run_20260413T113749Z,d74ef79c3ac30db171e744beb313cc14766218a8,PS-02_AIGR-S66270_NCIIPC_02_03_2026.xlsx,airtrayman.com,https://airtrayman.com,,,,,0,0,0,,,,,0,pending,pending,pending,pending,pending,pending,,,0,,2026-04-13T15:35:44+00:00
run_20260413T113749Z,98639ea9fe9db8449f7812407a19e551d8712a07,PS-02_AIGR-S66270_NCIIPC_02_03_2026.xlsx,airturf307.com,https://airturf307.com,,,,,0,0,0,,,,,0,pending,pending,pending,pending,pending,pending,,,0,,2026-04-13T15:35:44+00:00
run_20260413T113749Z,15278d5d2ab3de5557f0c2ce56774dd8fa27780e,PS-02_AIGR-S66270_NCIIPC_02_03_2026.xlsx,airtv.io,https://airtv.io,,,,,0,0,0,,,,,0,pending,pending,pending,pending,pending,pending,,,0,,2026-04-13T15:35:44+00:00
run_20260413T113749Z,679cde3a2712d7250a496a58e11fac38de73043d,PS-02_AIGR-S66270_NCIIPC_02_03_2026.xlsx,airwestindies.com,https://airwestindies.com,,,,,0,0,0,,,,,0,pending,pending,pending,pending,pending,pending,,,0,,2026-04-13T15:35:44+00:00
run_20260413T113749Z,cbb525fb57a6df71611a424c59e1d21aff6b1265,PS-02_AIGR-S66270_NCIIPC_02_03_2026.xlsx,airze.com,https://airze.com,,,,,0,0,0,,,,,0,pending,pending,pending,pending,pending,pending,,,0,,2026-04-13T15:35:44+00:00
run_20260413T113749Z,78666a709a860d890d5225bba1b3f59c0e7a9d4e,PS-02_AIGR-S66270_NCIIPC_02_03_2026.xlsx,aisc.website,https://aisc.website,,,,,0,0,0,,,,,0,pending,pending,pending,pending,pending,pending,,,0,,2026-04-13T15:35:44+00:00
run_20260413T113749Z,1f303ea725c4049f423afc0e30e918f68e51451a,PS-02_AIGR-S66270_NCIIPC_02_03_2026.xlsx,https://aiseras.com,https://aiseras.com,,,,,0,0,0,,,,,0,pending,pending,pending,pending,pending,pending,,,0,,2026-04-13T15:35:44+00:00
run_20260413T113749Z,b81a0fadcdef3c886f42cea14cac67d90872f0eb,PS-02_AIGR-S66270_NCIIPC_02_03_2026.xlsx,https://aiseros.com,https://aiseros.com,,,,,0,0,0,,,,,0,pending,pending,pending,pending,pending,pending,,,0,,2026-04-13T15:35:44+00:00
run_20260413T113749Z,15dbfd1a185c5305dcb1668016f66c59fdd7c6df,PS-02_AIGR-S66270_NCIIPC_02_03_2026.xlsx,aitecsrl.info,https://aitecsrl.info,,,,,0,0,0,,,,,0,pending,pending,pending,pending,pending,pending,,,0,,2026-04-13T15:35:44+00:00
run_20260413T113749Z,2df6802edf9758ef9296d0a8b79b5239f4f75dd8,PS-02_AIGR-S66270_NCIIPC_02_03_2026.xlsx,aitell.com,https://aitell.com,,,,,0,0,0,,,,,0,pending,pending,pending,pending,pending,pending,,,0,,2026-04-13T15:35:44+00:00
run_20260413T113749Z,a6b315ab0825d484ba7ca5cc72d16c1f0a8c37e2,PS-02_AIGR-S66270_NCIIPC_02_03_2026.xlsx,https://aitherlab.org,https://aitherlab.org,,,,,0,0,0,,,,,0,pending,pending,pending,pending,pending,pending,,,0,,2026-04-13T15:35:44+00:00
run_20260413T113749Z,bca2be0d7a5e9cce5f50d97689cfb91f3b7f05ff,PS-02_AIGR-S66270_NCIIPC_02_03_2026.xlsx,aitripideas.com,https://aitripideas.com,,,,,0,0,0,,,,,0,pending,pending,pending,pending,pending,pending,,,0,,2026-04-13T15:35:44+00:00
run_20260413T113749Z,f17eedb55944008b2bc60e855710ffe9faa751b2,PS-02_AIGR-S66270_NCIIPC_02_03_2026.xlsx,https://aius.in,https://aius.in,,,,,0,0,0,,,,,0,pending,pending,pending,pending,pending,pending,,,0,,2026-04-13T15:35:44+00:00
run_20260413T113749Z,22577d095fbf3f7e5971349e6883350dad0399a3,PS-02_AIGR-S66270_NCIIPC_02_03_2026.xlsx,aivids.health,https://aivids.health,,,,,0,0,0,,,,,0,pending,pending,pending,pending,pending,pending,,,0,,2026-04-13T15:35:44+00:00
run_20260413T113749Z,11320b64a4b330856c0aba781fe9266a33e3e015,PS-02_AIGR-S66270_NCIIPC_02_03_2026.xlsx,aivitamuse.com,https://aivitamuse.com,,,,,0,0,0,,,,,0,pending,pending,pending,pending,pending,pending,,,0,,2026-04-13T15:35:44+00:00
run_20260413T113749Z,e854a779bee8423647b969cd46e6aa6257059539,PS-02_AIGR-S66270_NCIIPC_02_03_2026.xlsx,aivoraindia.com,https://aivoraindia.com,,,,,0,0,0,,,,,0,pending,pending,pending,pending,pending,pending,,,0,,2026-04-13T15:35:44+00:00
run_20260413T113749Z,6fda42a33d990a287d3f863b0eb9af6fb7b28553,PS-02_AIGR-S66270_NCIIPC_02_03_2026.xlsx,https://aiys.com,https://aiys.com,,,,,0,0,0,,,,,0,pending,pending,pending,pending,pending,pending,,,0,,2026-04-13T15:35:44+00:00
run_20260413T113749Z,b0e1d2648081cac47b36c6c3410e2459fb0d4913,PS-02_AIGR-S66270_NCIIPC_02_03_2026.xlsx,ajbdmtke.xyz,https://ajbdmtke.xyz,,,,,0,0,0,,,,,0,pending,pending,pending,pending,pending,pending,,,0,,2026-04-13T15:35:44+00:00
run_20260413T113749Z,8e51724853e112343e4613d10375dcaa8688bae5,PS-02_AIGR-S66270_NCIIPC_02_03_2026.xlsx,https://akclouds.com,https://akclouds.com,,,,,0,0,0,,,,,0,pending,pending,pending,pending,pending,pending,,,0,,2026-04-13T15:35:44+00:00
run_20260413T113749Z,183df1cfdae008f8831abbd445f34cac37f73fc8,PS-02_AIGR-S66270_NCIIPC_02_03_2026.xlsx,akfireindia.com,https://akfireindia.com,,,,,0,0,0,,,,,0,pending,pending,pending,pending,pending,pending,,,0,,2026-04-13T15:35:44+00:00
run_20260413T113749Z,d55d19b31074b6ab8e54904924d212a4a384b639,PS-02_AIGR-S66270_NCIIPC_02_03_2026.xlsx,albd.app,https://albd.app,dns_gate,registration_passthrough,dns_gate_no_answer,no A/AAAA answers for albd.app,0,0,0,,ray-dns-gate,,,0,pending,pending,pending,pending,pending,pending,,dns_not_mapped_to_ip,0,,2026-04-13T15:35:54+00:00
run_20260413T113749Z,bcfeb8262532ae25567c01dcd593e7f4ae5bff48,PS-02_AIGR-S66270_NCIIPC_02_03_2026.xlsx,albd.dev,https://albd.dev,,,,,0,0,0,,,,,0,pending,pending,pending,pending,pending,pending,,,0,,2026-04-13T15:35:44+00:00
run_20260413T113749Z,03d277fb28b6d8d98d4d46d3189a9f9f71864027,PS-02_AIGR-S66270_NCIIPC_02_03_2026.xlsx,alexis66.com,https://alexis66.com,,,,,0,0,0,,,,,0,pending,pending,pending,pending,pending,pending,,,0,,2026-04-13T15:35:44+00:00
run_20260413T113749Z,356508fea200d11e6f6a1a59494225fa4b4ed1d4,PS-02_AIGR-S66270_NCIIPC_02_03_2026.xlsx,aliisme.com,https://aliisme.com,,,,,0,0,0,,,,,0,pending,pending,pending,pending,pending,pending,,,0,,2026-04-13T15:35:44+00:00
run_20260413T113749Z,07bec803cb34f8683ada0f8ddbedc58c833b82b4,PS-02_AIGR-S66270_NCIIPC_02_03_2026.xlsx,aloud.live,https://aloud.live,,,,,0,0,0,,,,,0,pending,pending,pending,pending,pending,pending,,,0,,2026-04-13T15:35:44+00:00
run_20260413T113749Z,d38ce24fada3f6f16a378b96f2d191bf7a8a6654,PS-02_AIGR-S66270_NCIIPC_02_03_2026.xlsx,amitis.style,https://amitis.style,,,,,0,0,0,,,,,0,pending,pending,pending,pending,pending,pending,,,0,,2026-04-13T15:35:44+00:00
run_20260413T113749Z,3fe9eb2aa2fccc9a5630501b1c094b6dbb614010,PS-02_AIGR-S66270_NCIIPC_02_03_2026.xlsx,amsouthonline.us,https://amsouthonline.us,,,,,0,0,0,,,,,0,pending,pending,pending,pending,pending,pending,,,0,,2026-04-13T15:35:44+00:00
run_20260413T113749Z,efdf0a9ac734a239681f5f9707d31579ec351eb1,PS-02_AIGR-S66270_NCIIPC_02_03_2026.xlsx,anfitech.dev,https://anfitech.dev,,,,,0,0,0,,,,,0,pending,pending,pending,pending,pending,pending,,,0,,2026-04-13T15:35:44+00:00
run_20260413T113749Z,435d9c91a681f57563a2470bd6df264507f1152a,PS-02_AIGR-S66270_NCIIPC_02_03_2026.xlsx,https://animalfixer.com,https://animalfixer.com,,,,,0,0,0,,,,,0,pending,pending,pending,pending,pending,pending,,,0,,2026-04-13T15:35:44+00:00
run_20260413T113749Z,123411c56992996540e7b6f4bc28af5d02e9f43f,PS-02_AIGR-S66270_NCIIPC_02_03_2026.xlsx,annabaran.com,https://annabaran.com,,,,,0,0,0,,,,,0,pending,pending,pending,pending,pending,pending,,,0,,2026-04-13T15:35:44+00:00
run_20260413T113749Z,8d18253977718d41aa05da17ba3ce1bdfbaa0d23,PS-02_AIGR-S66270_NCIIPC_02_03_2026.xlsx,aovcloud.com,https://aovcloud.com,,,,,0,0,0,,,,,0,pending,pending,pending,pending,pending,pending,,,0,,2026-04-13T15:35:44+00:00
run_20260413T113749Z,3ce98cb3e9d10b9a12e5beafc3cf95d3930ec8bc,PS-02_AIGR-S66270_NCIIPC_02_03_2026.xlsx,arbi.business,https://arbi.business,,,,,0,0,0,,,,,0,pending,pending,pending,pending,pending,pending,,,0,,2026-04-13T15:35:44+00:00
run_20260413T113749Z,61d75bc87e0800acec6a9854743cd2ce26d245ba,PS-02_AIGR-S66270_NCIIPC_02_03_2026.xlsx,arcabank.com,https://arcabank.com,,,,,0,0,0,,,,,0,pending,pending,pending,pending,pending,pending,,,0,,2026-04-13T15:35:44+00:00
run_20260413T113749Z,d2c06f507095aadbe47a39fabf6ae73577046b52,PS-02_AIGR-S66270_NCIIPC_02_03_2026.xlsx,aris.dev,https://aris.dev,,,,,0,0,0,,,,,0,pending,pending,pending,pending,pending,pending,,,0,,2026-04-13T15:35:44+00:00
run_20260413T113749Z,953a91f69d9c55146a563e58ecda61d9f2a35544,PS-02_AIGR-S66270_NCIIPC_02_03_2026.xlsx,arisanlife.com,https://arisanlife.com,,,,,0,0,0,,,,,0,pending,pending,pending,pending,pending,pending,,,0,,2026-04-13T15:35:44+00:00
run_20260413T113749Z,e5ce378e12fc3dec360598be6d067ab6306d9f83,PS-02_AIGR-S66270_NCIIPC_02_03_2026.xlsx,aristelle.online,https://aristelle.online,,,,,0,0,0,,,,,0,pending,pending,pending,pending,pending,pending,,,0,,2026-04-13T15:35:44+00:00
run_20260413T113749Z,8fe8bd7bd6c026e36fe362c1b8814e4afc5c920c,PS-02_AIGR-S66270_NCIIPC_02_03_2026.xlsx,aristelle.ru,https://aristelle.ru,,,,,0,0,0,,,,,0,pending,pending,pending,pending,pending,pending,,,0,,2026-04-13T15:35:44+00:00
run_20260413T113749Z,dd65321e8a22426e8cdec776a4fc2f6157206ad3,PS-02_AIGR-S66270_NCIIPC_02_03_2026.xlsx,artdiesel.com,https://artdiesel.com,,,,,0,0,0,,,,,0,pending,pending,pending,pending,pending,pending,,,0,,2026-04-13T15:35:44+00:00
run_20260413T113749Z,8f52f13dcc59b8eea9908cd2a7d4fef9bfd409de,PS-02_AIGR-S66270_NCIIPC_02_03_2026.xlsx,artello.web.tr,https://artello.web.tr,,,,,0,0,0,,,,,0,pending,pending,pending,pending,pending,pending,,,0,,2026-04-13T15:35:44+00:00
run_20260413T113749Z,410f75365d8ab39f12428acdd69128965d3eb5f2,PS-02_AIGR-S66270_NCIIPC_02_03_2026.xlsx,artiquely.com,https://artiquely.com,,,,,0,0,0,,,,,0,pending,pending,pending,pending,pending,pending,,,0,,2026-04-13T15:35:44+00:00
run_20260413T113749Z,c2419d32acfe9cd2799729df68a009b63dba3974,PS-02_AIGR-S66270_NCIIPC_02_03_2026.xlsx,atmocloud.com,https://atmocloud.com,,,,,0,0,0,,,,,0,pending,pending,pending,pending,pending,pending,,,0,,2026-04-13T15:35:44+00:00
run_20260413T113749Z,473d4790739b681439cdd694b4df15540763d16a,PS-02_AIGR-S66270_NCIIPC_02_03_2026.xlsx,https://authbrandly.com,https://authbrandly.com,,,,,0,0,0,,,,,0,pending,pending,pending,pending,pending,pending,,,0,,2026-04-13T15:35:44+00:00
run_20260413T113749Z,73065b0e54358aeb9f70cde5e8569746bcd18e49,PS-02_AIGR-S66270_NCIIPC_02_03_2026.xlsx,authease.xyz,https://authease.xyz,,,,,0,0,0,,,,,0,pending,pending,pending,pending,pending,pending,,,0,,2026-04-13T15:35:44+00:00
run_20260413T113749Z,622be0a1d93075b4db7cb67ef5e0d0e658e9d374,PS-02_AIGR-S66270_NCIIPC_02_03_2026.xlsx,authedgeai.xyz,https://authedgeai.xyz,,,,,0,0,0,,,,,0,pending,pending,pending,pending,pending,pending,,,0,,2026-04-13T15:35:44+00:00
run_20260413T113749Z,c4beb7d10c59187ccab88e81cd9e4d4f044d61f6,PS-02_AIGR-S66270_NCIIPC_02_03_2026.xlsx,authen.help,https://authen.help,,,,,0,0,0,,,,,0,pending,pending,pending,pending,pending,pending,,,0,,2026-04-13T15:35:44+00:00
run_20260413T113749Z,22e1c4ff5b12d7d16d69003491b7cd65611ec6c5,PS-02_AIGR-S66270_NCIIPC_02_03_2026.xlsx,authenticiemalli.world,https://authenticiemalli.world,,,,,0,0,0,,,,,0,pending,pending,pending,pending,pending,pending,,,0,,2026-04-13T15:35:44+00:00
run_20260413T113749Z,a58fe03382232dbeaff6adec6141950acb9f34c6,PS-02_AIGR-S66270_NCIIPC_02_03_2026.xlsx,authiemobilhome.com,https://authiemobilhome.com,,,,,0,0,0,,,,,0,pending,pending,pending,pending,pending,pending,,,0,,2026-04-13T15:35:44+00:00
run_20260413T113749Z,a2c778554d57dc9c6d8be93d295af6c7fe5bdacb,PS-02_AIGR-S66270_NCIIPC_02_03_2026.xlsx,authstealth.xyz,https://authstealth.xyz,,,,,0,0,0,,,,,0,pending,pending,pending,pending,pending,pending,,,0,,2026-04-13T15:35:44+00:00
run_20260413T113749Z,6087d32c4b638ca9907a0afd4701714e872aa1f9,PS-02_AIGR-S66270_NCIIPC_02_03_2026.xlsx,authub.online,https://authub.online,,,,,0,0,0,,,,,0,pending,pending,pending,pending,pending,pending,,,0,,2026-04-13T15:35:44+00:00
run_20260413T113749Z,213d249582a267da80a137e66ad632bf4e84622f,PS-02_AIGR-S66270_NCIIPC_02_03_2026.xlsx,authwise.xyz,https://authwise.xyz,,,,,0,0,0,,,,,0,pending,pending,pending,pending,pending,pending,,,0,,2026-04-13T15:35:44+00:00
run_20260413T113749Z,d28b62e2dff4f27455707cfa1650990b9397c546,PS-02_AIGR-S66270_NCIIPC_02_03_2026.xlsx,axchan.sa.com,https://axchan.sa.com,,,,,0,0,0,,,,,0,pending,pending,pending,pending,pending,pending,,,0,,2026-04-13T15:35:44+00:00
run_20260413T113749Z,9dced4d42c5852f1484513d96db6015af6b096f5,PS-02_AIGR-S66270_NCIIPC_02_03_2026.xlsx,axcs.club,https://axcs.club,,,,,0,0,0,,,,,0,pending,pending,pending,pending,pending,pending,,,0,,2026-04-13T15:35:44+00:00
run_20260413T113749Z,1cee91c2cdf825e9f4b6e3b2cfac96bae1a16e15,PS-02_AIGR-S66270_NCIIPC_02_03_2026.xlsx,axi2.com,https://axi2.com,,,,,0,0,0,,,,,0,pending,pending,pending,pending,pending,pending,,,0,,2026-04-13T15:35:44+00:00
run_20260413T113749Z,192f37cb59bb2a6bbddad64bd5fd7cd4e6f206b6,PS-02_AIGR-S66270_NCIIPC_02_03_2026.xlsx,axial-e.com,https://axial-e.com,,,,,0,0,0,,,,,0,pending,pending,pending,pending,pending,pending,,,0,,2026-04-13T15:35:44+00:00
run_20260413T113749Z,18fbe0a5e762317688899a7dffa1f5b2aa7b26c1,PS-02_AIGR-S66270_NCIIPC_02_03_2026.xlsx,axiaseo.com,https://axiaseo.com,dns_gate,registration_passthrough,dns_gate_no_answer,no A/AAAA answers for axiaseo.com,0,0,0,,ray-dns-gate,,,0,pending,pending,pending,pending,pending,pending,,dns_not_mapped_to_ip,0,,2026-04-13T15:35:54+00:00
run_20260413T113749Z,4e912f6f4e05f32097c0e75952b573cf635558d4,PS-02_AIGR-S66270_NCIIPC_02_03_2026.xlsx,axies.engineer,https://axies.engineer,,,,,0,0,0,,,,,0,pending,pending,pending,pending,pending,pending,,,0,,2026-04-13T15:35:44+00:00
run_20260413T113749Z,24070307b5631e4be71eb8efebdfdd129fe7be1c,PS-02_AIGR-S66270_NCIIPC_02_03_2026.xlsx,axiids.com,https://axiids.com,,,,,0,0,0,,,,,0,pending,pending,pending,pending,pending,pending,,,0,,2026-04-13T15:35:44+00:00
run_20260413T113749Z,dfecc5fc798d75962f9fd145553ea9a272e7e7f6,PS-02_AIGR-S66270_NCIIPC_02_03_2026.xlsx,axil.dev,https://axil.dev,,,,,0,0,0,,,,,0,pending,pending,pending,pending,pending,pending,,,0,,2026-04-13T15:35:44+00:00
run_20260413T113749Z,e7ad9642eb60e52924ebeafca3a99600a3c05200,PS-02_AIGR-S66270_NCIIPC_02_03_2026.xlsx,aximo.cfd,https://aximo.cfd,,,,,0,0,0,,,,,0,pending,pending,pending,pending,pending,pending,,,0,,2026-04-13T15:35:44+00:00
run_20260413T113749Z,14b49e2aa6500c3a025a0b1bc9ed1c72f86a894e,PS-02_AIGR-S66270_NCIIPC_02_03_2026.xlsx,aximofood.com,https://aximofood.com,,,,,0,0,0,,,,,0,pending,pending,pending,pending,pending,pending,,,0,,2026-04-13T15:35:44+00:00
run_20260413T113749Z,bbe7ebc664bd62ee8c71f95765e865c9d6f6c396,PS-02_AIGR-S66270_NCIIPC_02_03_2026.xlsx,axiom.foundation,https://axiom.foundation,,,,,0,0,0,,,,,0,pending,pending,pending,pending,pending,pending,,,0,,2026-04-13T15:35:44+00:00
run_20260413T113749Z,da67fc37e468ad7290f5930ee1c12e8840c5d802,PS-02_AIGR-S66270_NCIIPC_02_03_2026.xlsx,axiomai.ltd,https://axiomai.ltd,,,,,0,0,0,,,,,0,pending,pending,pending,pending,pending,pending,,,0,,2026-04-13T15:35:44+00:00
run_20260413T113749Z,064657ced541d2fdccbe1f861bdeae95d64561e0,PS-02_AIGR-S66270_NCIIPC_02_03_2026.xlsx,axiomlife.xyz,https://axiomlife.xyz,,,,,0,0,0,,,,,0,pending,pending,pending,pending,pending,pending,,,0,,2026-04-13T15:35:44+00:00
run_20260413T113749Z,f458c9d6649382dfb1964b82538abe03e2b290b1,PS-02_AIGR-S66270_NCIIPC_02_03_2026.xlsx,axiomsfx.xyz,https://axiomsfx.xyz,,,,,0,0,0,,,,,0,pending,pending,pending,pending,pending,pending,,,0,,2026-04-13T15:35:44+00:00
run_20260413T113749Z,032f8615316290935d780c63a565dd0cb531f9b5,PS-02_AIGR-S66270_NCIIPC_02_03_2026.xlsx,https://axiomstore.com,https://axiomstore.com,,,,,0,0,0,,,,,0,pending,pending,pending,pending,pending,pending,,,0,,2026-04-13T15:35:44+00:00
run_20260413T113749Z,93160474b588bee29375d1654a2a6fda367f191f,PS-02_AIGR-S66270_NCIIPC_02_03_2026.xlsx,axiomsway.com,https://axiomsway.com,,,,,0,0,0,,,,,0,pending,pending,pending,pending,pending,pending,,,0,,2026-04-13T15:35:44+00:00
run_20260413T113749Z,f3bbadd7b7c8142e43a48ae40fc8942a7de7d81c,PS-02_AIGR-S66270_NCIIPC_02_03_2026.xlsx,axionistech.com,https://axionistech.com,,,,,0,0,0,,,,,0,pending,pending,pending,pending,pending,pending,,,0,,2026-04-13T15:35:44+00:00
run_20260413T113749Z,dd69d3d0986365cce3c1a9953c089c2693fcee58,PS-02_AIGR-S66270_NCIIPC_02_03_2026.xlsx,axiorashop.com,https://axiorashop.com,hash,admitted,,,0,0,0,,ray-hash-admit,,,0,pending,pending,pending,admitted,pending,pending,,,0,,2026-04-13T15:36:32+00:00
run_20260413T113749Z,26572ec60b73337c83664bcc13e89b2f374e2dd4,PS-02_AIGR-S66270_NCIIPC_02_03_2026.xlsx,axioslab.com.br,https://axioslab.com.br,,,,,0,0,0,,,,,0,pending,pending,pending,pending,pending,pending,,,0,,2026-04-13T15:35:44+00:00
run_20260413T113749Z,8b384ce783fb5e8294aed92d946db69a8200a33d,PS-02_AIGR-S66270_NCIIPC_02_03_2026.xlsx,axirashop.com,https://axirashop.com,,,,,0,0,0,,,,,0,pending,pending,pending,pending,pending,pending,,,0,,2026-04-13T15:35:44+00:00
run_20260413T113749Z,e7b77adb9aecbe0c28c06dbc2d41d15cc5657078,PS-02_AIGR-S66270_NCIIPC_02_03_2026.xlsx,axis-health.co.uk,https://axis-health.co.uk,,,,,0,0,0,,,,,0,pending,pending,pending,pending,pending,pending,,,0,,2026-04-13T15:35:44+00:00
run_20260413T113749Z,37a602d8653b5541facd5ff890d7e4cc0c30fc0b,PS-02_AIGR-S66270_NCIIPC_02_03_2026.xlsx,axis-of-worlds.com,https://axis-of-worlds.com,,,,,0,0,0,,,,,0,pending,pending,pending,pending,pending,pending,,,0,,2026-04-13T15:35:44+00:00
run_20260413T113749Z,ae2b1f374c57689d6cd5aa7c222df185d62c2d35,PS-02_AIGR-S66270_NCIIPC_02_03_2026.xlsx,axis4.site,https://axis4.site,,,,,0,0,0,,,,,0,pending,pending,pending,pending,pending,pending,,,0,,2026-04-13T15:35:44+00:00
run_20260413T113749Z,bd0c57df9344476ae691c3d917bd5b653a3dbb4c,PS-02_AIGR-S66270_NCIIPC_02_03_2026.xlsx,axisadvisorypr.com,https://axisadvisorypr.com,,,,,0,0,0,,,,,0,pending,pending,pending,pending,pending,pending,,,0,,2026-04-13T15:35:44+00:00
run_20260413T113749Z,3fbf0365a05e7f92991e69c66cc2172603821c22,PS-02_AIGR-S66270_NCIIPC_02_03_2026.xlsx,https://axisaicore.com,https://axisaicore.com,,,,,0,0,0,,,,,0,pending,pending,pending,pending,pending,pending,,,0,,2026-04-13T15:35:44+00:00
run_20260413T113749Z,613c62447ba57f63ffd90269b4403e5526a93194,PS-02_AIGR-S66270_NCIIPC_02_03_2026.xlsx,axisandoak.com,https://axisandoak.com,,,,,0,0,0,,,,,0,pending,pending,pending,pending,pending,pending,,,0,,2026-04-13T15:35:44+00:00
run_20260413T113749Z,6fbbd1aae28468a0247bd69ee38bdc1b612df746,PS-02_AIGR-S66270_NCIIPC_02_03_2026.xlsx,axisbiodiscovery.com,https://axisbiodiscovery.com,,,,,0,0,0,,,,,0,pending,pending,pending,pending,pending,pending,,,0,,2026-04-13T15:35:44+00:00
run_20260413T113749Z,99f2907dd23fffeabce628ea0f0658daa9920239,PS-02_AIGR-S66270_NCIIPC_02_03_2026.xlsx,axischange.com,https://axischange.com,,,,,0,0,0,,,,,0,pending,pending,pending,pending,pending,pending,,,0,,2026-04-13T15:35:44+00:00
run_20260413T113749Z,3c614d23fa2f52ebe3c6738deed26e47a5d21703,PS-02_AIGR-S66270_NCIIPC_02_03_2026.xlsx,https://axischiroclinic.com,https://axischiroclinic.com,,,,,0,0,0,,,,,0,pending,pending,pending,pending,pending,pending,,,0,,2026-04-13T15:35:44+00:00
run_20260413T113749Z,74a7c17c251b2b821f99c3ee619463b3cbf09516,PS-02_AIGR-S66270_NCIIPC_02_03_2026.xlsx,axisconveyor.com,https://axisconveyor.com,,,,,0,0,0,,,,,0,pending,pending,pending,pending,pending,pending,,,0,,2026-04-13T15:35:44+00:00
run_20260413T113749Z,6bf677c2cb096af53939501d37ef4aa080dd3057,PS-02_AIGR-S66270_NCIIPC_02_03_2026.xlsx,axiservicecard.com,https://axiservicecard.com,,,,,0,0,0,,,,,0,pending,pending,pending,pending,pending,pending,,,0,,2026-04-13T15:35:44+00:00
run_20260413T113749Z,28edd556392133c2d3d61eb6474324c8afac49c1,PS-02_AIGR-S66270_NCIIPC_02_03_2026.xlsx,https://axisfab3d.ch,https://axisfab3d.ch,,,,,0,0,0,,,,,0,pending,pending,pending,pending,pending,pending,,,0,,2026-04-13T15:35:44+00:00
run_20260413T113749Z,529970b558bbc9eba9f7b722f972f339dfbd723e,PS-02_AIGR-S66270_NCIIPC_02_03_2026.xlsx,axisfab3d.com,https://axisfab3d.com,,,,,0,0,0,,,,,0,pending,pending,pending,pending,pending,pending,,,0,,2026-04-13T15:35:44+00:00
run_20260413T113749Z,e8137141c042d87c32d45be8faa84837252e42ba,PS-02_AIGR-S66270_NCIIPC_02_03_2026.xlsx,https://axisframing.co.uk,https://axisframing.co.uk,,,,,0,0,0,,,,,0,pending,pending,pending,pending,pending,pending,,,0,,2026-04-13T15:35:44+00:00
run_20260413T113749Z,3b29b967ddf27a821122bc2a7a56fcc72207f147,PS-02_AIGR-S66270_NCIIPC_02_03_2026.xlsx,axisframing.net,https://axisframing.net,,,,,0,0,0,,,,,0,pending,pending,pending,pending,pending,pending,,,0,,2026-04-13T15:35:44+00:00
run_20260413T113749Z,0608f4459462274af2285d3dac4d7abb439c03d2,PS-02_AIGR-S66270_NCIIPC_02_03_2026.xlsx,axisglobalone.com,https://axisglobalone.com,,,,,0,0,0,,,,,0,pending,pending,pending,pending,pending,pending,,,0,,2026-04-13T15:35:44+00:00
run_20260413T113749Z,ee07efdce7f96c31cca921dbb54953d666946e3d,PS-02_AIGR-S66270_NCIIPC_02_03_2026.xlsx,axishealthsupply.com,https://axishealthsupply.com,,,,,0,0,0,,,,,0,pending,pending,pending,pending,pending,pending,,,0,,2026-04-13T15:35:44+00:00
run_20260413T113749Z,1fb651e2169a07bf42c71ee75eaf73024f2b18e7,PS-02_AIGR-S66270_NCIIPC_02_03_2026.xlsx,axisinvestment.xyz,https://axisinvestment.xyz,,,,,0,0,0,,,,,0,pending,pending,pending,pending,pending,pending,,,0,,2026-04-13T15:35:44+00:00
run_20260413T113749Z,a47540cef71a7f96bc1e13939416bf306ae93281,PS-02_AIGR-S66270_NCIIPC_02_03_2026.xlsx,axisitbd.com,https://axisitbd.com,,,,,0,0,0,,,,,0,pending,pending,pending,pending,pending,pending,,,0,,2026-04-13T15:35:44+00:00
run_20260413T113749Z,68f32c6db8a0d695d4f0f03b0280125cc2d5acd0,PS-02_AIGR-S66270_NCIIPC_02_03_2026.xlsx,axislawnsprocare.com,https://axislawnsprocare.com,,,,,0,0,0,,,,,0,pending,pending,pending,pending,pending,pending,,,0,,2026-04-13T15:35:44+00:00
run_20260413T113749Z,0d898183257811c2c7a37fab20eb3f848d58f7cb,PS-02_AIGR-S66270_NCIIPC_02_03_2026.xlsx,axislicense.com,https://axislicense.com,,,,,0,0,0,,,,,0,pending,pending,pending,pending,pending,pending,,,0,,2026-04-13T15:35:44+00:00
run_20260413T113749Z,50b55c56ad62a82f068f3c7ea94e2adff8dc5f0c,PS-02_AIGR-S66270_NCIIPC_02_03_2026.xlsx,axismundigroup.com,https://axismundigroup.com,,,,,0,0,0,,,,,0,pending,pending,pending,pending,pending,pending,,,0,,2026-04-13T15:35:44+00:00
run_20260413T113749Z,7e35526e9557e7b3ed3d44b01ab569787c6b5d93,PS-02_AIGR-S66270_NCIIPC_02_03_2026.xlsx,axispacks.com,https://axispacks.com,,,,,0,0,0,,,,,0,pending,pending,pending,pending,pending,pending,,,0,,2026-04-13T15:35:44+00:00
run_20260413T113749Z,1534c6d373ff5f6520113e4cc9467ee34e5cfc59,PS-02_AIGR-S66270_NCIIPC_02_03_2026.xlsx,axisprints.com,https://axisprints.com,,,,,0,0,0,,,,,0,pending,pending,pending,pending,pending,pending,,,0,,2026-04-13T15:35:44+00:00
run_20260413T113749Z,3f014121544c5347208d6d83c22e6d4b0c1adff5,PS-02_AIGR-S66270_NCIIPC_02_03_2026.xlsx,axisprojekt.com,https://axisprojekt.com,,,,,0,0,0,,,,,0,pending,pending,pending,pending,pending,pending,,,0,,2026-04-13T15:35:44+00:00
run_20260413T113749Z,cd18474b9574489fccb56a2193bc97273586bd9d,PS-02_AIGR-S66270_NCIIPC_02_03_2026.xlsx,axisrocket.xyz,https://axisrocket.xyz,dns_gate,registration_passthrough,dns_gate_no_answer,no A/AAAA answers for axisrocket.xyz,0,0,0,,ray-dns-gate,,,0,pending,pending,pending,pending,pending,pending,,dns_not_mapped_to_ip,0,,2026-04-13T15:35:54+00:00
run_20260413T113749Z,061388666d8dec62714b27efa8075d466352d8aa,PS-02_AIGR-S66270_NCIIPC_02_03_2026.xlsx,axisscheduling.co.bw,https://axisscheduling.co.bw,,,,,0,0,0,,,,,0,pending,pending,pending,pending,pending,pending,,,0,,2026-04-13T15:35:44+00:00
run_20260413T113749Z,04d001bd9ee91c7a1e88b09eaf60e0b9b3163129,PS-02_AIGR-S66270_NCIIPC_02_03_2026.xlsx,https://axisstar.com,https://axisstar.com,,,,,0,0,0,,,,,0,pending,pending,pending,pending,pending,pending,,,0,,2026-04-13T15:35:44+00:00
run_20260413T113749Z,bd70c82e7c2434a9d3deb95133962098c2de99e8,PS-02_AIGR-S66270_NCIIPC_02_03_2026.xlsx,axistimepieces.com,https://axistimepieces.com,,,,,0,0,0,,,,,0,pending,pending,pending,pending,pending,pending,,,0,,2026-04-13T15:35:44+00:00
run_20260413T113749Z,6222804a48d3af27f184db407c91b4a570a275e6,PS-02_AIGR-S66270_NCIIPC_02_03_2026.xlsx,axistrading.xyz,https://axistrading.xyz,,,,,0,0,0,,,,,0,pending,pending,pending,pending,pending,pending,,,0,,2026-04-13T15:35:44+00:00
run_20260413T113749Z,928d84aeb80ef2bcb7dfd9032f9ccb7af5b1c82a,PS-02_AIGR-S66270_NCIIPC_02_03_2026.xlsx,axisvibrantia.com,https://axisvibrantia.com,,,,,0,0,0,,,,,0,pending,pending,pending,pending,pending,pending,,,0,,2026-04-13T15:35:44+00:00
run_20260413T113749Z,cb0a0a05dd29d48db128c95a8225e157aad943d4,PS-02_AIGR-S66270_NCIIPC_02_03_2026.xlsx,axiusprime.com,https://axiusprime.com,,,,,0,0,0,,,,,0,pending,pending,pending,pending,pending,pending,,,0,,2026-04-13T15:35:44+00:00
run_20260413T113749Z,178118d20d9ffd070f3bff3c9c3e183f559bcb79,PS-02_AIGR-S66270_NCIIPC_02_03_2026.xlsx,axsi.xyz,https://axsi.xyz,,,,,0,0,0,,,,,0,pending,pending,pending,pending,pending,pending,,,0,,2026-04-13T15:35:44+00:00
run_20260413T113749Z,c1abd4ad6834df8770996d467fa1ab096bae9471,PS-02_AIGR-S66270_NCIIPC_02_03_2026.xlsx,aynlcht.sa.com,https://aynlcht.sa.com,,,,,0,0,0,,,,,0,pending,pending,pending,pending,pending,pending,,,0,,2026-04-13T15:35:44+00:00
run_20260413T113749Z,1676826dcdf66901974451dda7f07c12d6761a5e,PS-02_AIGR-S66270_NCIIPC_02_03_2026.xlsx,b516.com,https://b516.com,,,,,0,0,0,,,,,0,pending,pending,pending,pending,pending,pending,,,0,,2026-04-13T15:35:44+00:00
run_20260413T113749Z,5f49ea899bfdada118d4f3bb275186ebdfb7a3eb,PS-02_AIGR-S66270_NCIIPC_02_03_2026.xlsx,bailifei.com,https://bailifei.com,,,,,0,0,0,,,,,0,pending,pending,pending,pending,pending,pending,,,0,,2026-04-13T15:35:44+00:00
run_20260413T113749Z,bb4bb09a6e2de320fc6c36ade2216620e977163a,PS-02_AIGR-S66270_NCIIPC_02_03_2026.xlsx,bandotblackraban.xyz,https://bandotblackraban.xyz,,,,,0,0,0,,,,,0,pending,pending,pending,pending,pending,pending,,,0,,2026-04-13T15:35:44+00:00
run_20260413T113749Z,96a93988274d689c52e964a3e3206b4b8396a69a,PS-02_AIGR-S66270_NCIIPC_02_03_2026.xlsx,bankbread.com,https://bankbread.com,,,,,0,0,0,,,,,0,pending,pending,pending,pending,pending,pending,,,0,,2026-04-13T15:35:44+00:00
run_20260413T113749Z,0ec77ce9e3f4d6f362ebc5107f16b95b7965a82b,PS-02_AIGR-S66270_NCIIPC_02_03_2026.xlsx,https://bankforcannabis.com,https://bankforcannabis.com,,,,,0,0,0,,,,,0,pending,pending,pending,pending,pending,pending,,,0,,2026-04-13T15:35:44+00:00
run_20260413T113749Z,bbd0b1be59496949a0eb3cb34946235876c2352d,PS-02_AIGR-S66270_NCIIPC_02_03_2026.xlsx,bankfs.com,https://bankfs.com,,,,,0,0,0,,,,,0,pending,pending,pending,pending,pending,pending,,,0,,2026-04-13T15:35:44+00:00
run_20260413T113749Z,13c86af3d81088beabc8c06ea2a5ed4628225200,PS-02_AIGR-S66270_NCIIPC_02_03_2026.xlsx,bankhead.com,https://bankhead.com,,,,,0,0,0,,,,,0,pending,pending,pending,pending,pending,pending,,,0,,2026-04-13T15:35:44+00:00
run_20260413T113749Z,005a9e8a641df5a7495b1372c236961d5c8ccfcb,PS-02_AIGR-S66270_NCIIPC_02_03_2026.xlsx,bankld.xyz,https://bankld.xyz,,,,,0,0,0,,,,,0,pending,pending,pending,pending,pending,pending,,,0,,2026-04-13T15:35:44+00:00
run_20260413T113749Z,bd7208c98cb660af3aa864d3f1f8c03ac3856108,PS-02_AIGR-S66270_NCIIPC_02_03_2026.xlsx,bankofajerica.com,https://bankofajerica.com,,,,,0,0,0,,,,,0,pending,pending,pending,pending,pending,pending,,,0,,2026-04-13T15:35:44+00:00
run_20260413T113749Z,c215ca1d3bab28b2680c9f95e19c0a89e152898e,PS-02_AIGR-S66270_NCIIPC_02_03_2026.xlsx,bankofamdrica.com,https://bankofamdrica.com,,,,,0,0,0,,,,,0,pending,pending,pending,pending,pending,pending,,,0,,2026-04-13T15:35:44+00:00
run_20260413T113749Z,5d11e294389a6f41996bb19ab88769937eb2a7ef,PS-02_AIGR-S66270_NCIIPC_02_03_2026.xlsx,bankofcadiz.com,https://bankofcadiz.com,,,,,0,0,0,,,,,0,pending,pending,pending,pending,pending,pending,,,0,,2026-04-13T15:35:44+00:00
run_20260413T113749Z,10a20f135d9e2abbaafb1ae35e2f8a800a7fd610,PS-02_AIGR-S66270_NCIIPC_02_03_2026.xlsx,bankofcostarica.com,https://bankofcostarica.com,,,,,0,0,0,,,,,0,pending,pending,pending,pending,pending,pending,,,0,,2026-04-13T15:35:44+00:00
run_20260413T113749Z,2b6b019e278e05714007be102a429bd96c185db0,PS-02_AIGR-S66270_NCIIPC_02_03_2026.xlsx,bankofcuracao.com,https://bankofcuracao.com,,,,,0,0,0,,,,,0,pending,pending,pending,pending,pending,pending,,,0,,2026-04-13T15:35:44+00:00
run_20260413T113749Z,c4a0d04b5dc8586bc2886309cb0ed749a6468536,PS-02_AIGR-S66270_NCIIPC_02_03_2026.xlsx,https://bankofenglandtroy.com,https://bankofenglandtroy.com,,,,,0,0,0,,,,,0,pending,pending,pending,pending,pending,pending,,,0,,2026-04-13T15:35:44+00:00
run_20260413T113749Z,f2b93a74cc6cf61b69e957da455be24d3cec503f,PS-02_AIGR-S66270_NCIIPC_02_03_2026.xlsx,bankoflamerica.com,https://bankoflamerica.com,,,,,0,0,0,,,,,0,pending,pending,pending,pending,pending,pending,,,0,,2026-04-13T15:35:44+00:00
run_20260413T113749Z,4e0984929e432b5995053a8f9b11c3ead908946a,PS-02_AIGR-S66270_NCIIPC_02_03_2026.xlsx,bankofmesa.com,https://bankofmesa.com,,,,,0,0,0,,,,,0,pending,pending,pending,pending,pending,pending,,,0,,2026-04-13T15:35:44+00:00
run_20260413T113749Z,fb82ef0c64b7f7cb1c65108aad2a04e233d177bd,PS-02_AIGR-S66270_NCIIPC_02_03_2026.xlsx,bankofmontreal.asia,https://bankofmontreal.asia,,,,,0,0,0,,,,,0,pending,pending,pending,pending,pending,pending,,,0,,2026-04-13T15:35:44+00:00
run_20260413T113749Z,a8443c6a47317ef27dab735b6f8a938cecb62cd4,PS-02_AIGR-S66270_NCIIPC_02_03_2026.xlsx,bankofuae.com,https://bankofuae.com,,,,,0,0,0,,,,,0,pending,pending,pending,pending,pending,pending,,,0,,2026-04-13T15:35:44+00:00
run_20260413T113749Z,ff22bcd6c4adb3f00a6d9bb225ef6f5effb860ae,PS-02_AIGR-S66270_NCIIPC_02_03_2026.xlsx,banksadda.com,https://banksadda.com,,,,,0,0,0,,,,,0,pending,pending,pending,pending,pending,pending,,,0,,2026-04-13T15:35:44+00:00
run_20260413T113749Z,e8bc0ac4de008837954681e637e63cc5e6d7b9b9,PS-02_AIGR-S66270_NCIIPC_02_03_2026.xlsx,bankwawa.com,https://bankwawa.com,,,,,0,0,0,,,,,0,pending,pending,pending,pending,pending,pending,,,0,,2026-04-13T15:35:44+00:00
run_20260413T113749Z,4b4dc35ec763269baea74771de3439fe0939f3b6,PS-02_AIGR-S66270_NCIIPC_02_03_2026.xlsx,basestar.ovh,https://basestar.ovh,,,,,0,0,0,,,,,0,pending,pending,pending,pending,pending,pending,,,0,,2026-04-13T15:35:44+00:00
run_20260413T113749Z,37bd424c66e8d6f3f9b1ab76b52abe3ab01b9eb0,PS-02_AIGR-S66270_NCIIPC_02_03_2026.xlsx,bbsindia.com,https://bbsindia.com,,,,,0,0,0,,,,,0,pending,pending,pending,pending,pending,pending,,,0,,2026-04-13T15:35:44+00:00
run_20260413T113749Z,a61366b65fff72624cf969328f13cf8cf907dcae,PS-02_AIGR-S66270_NCIIPC_02_03_2026.xlsx,bend.fit,https://bend.fit,,,,,0,0,0,,,,,0,pending,pending,pending,pending,pending,pending,,,0,,2026-04-13T15:35:44+00:00
run_20260413T113749Z,06330896f99f6aa1e7f5512e9c9806756a4c0200,PS-02_AIGR-S66270_NCIIPC_02_03_2026.xlsx,bestfarm.cfd,https://bestfarm.cfd,,,,,0,0,0,,,,,0,pending,pending,pending,pending,pending,pending,,,0,,2026-04-13T15:35:44+00:00
run_20260413T113749Z,83d8763645c4fff03c90253f3af9f97d6d6cbbac,PS-02_AIGR-S66270_NCIIPC_02_03_2026.xlsx,bfsn.com,https://bfsn.com,,,,,0,0,0,,,,,0,pending,pending,pending,pending,pending,pending,,,0,,2026-04-13T15:35:44+00:00
run_20260413T113749Z,1eb608cbc5b491c66fbb6d98c806cd1f7991924b,PS-02_AIGR-S66270_NCIIPC_02_03_2026.xlsx,biciclick.com,https://biciclick.com,,,,,0,0,0,,,,,0,pending,pending,pending,pending,pending,pending,,,0,,2026-04-13T15:35:44+00:00
run_20260413T113749Z,d9930abe3f881771e91316c9d98e40c4d052f460,PS-02_AIGR-S66270_NCIIPC_02_03_2026.xlsx,https://bicii.com,https://bicii.com,,,,,0,0,0,,,,,0,pending,pending,pending,pending,pending,pending,,,0,,2026-04-13T15:35:44+00:00
run_20260413T113749Z,5ba518cd9507919cc6403b156ba8652f8b3ae871,PS-02_AIGR-S66270_NCIIPC_02_03_2026.xlsx,bigcloud.dev,https://bigcloud.dev,,,,,0,0,0,,,,,0,pending,pending,pending,pending,pending,pending,,,0,,2026-04-13T15:35:44+00:00
run_20260413T113749Z,28abd9928bc0a54b27f9d9fc9c1245d57b095373,PS-02_AIGR-S66270_NCIIPC_02_03_2026.xlsx,bimssecurities.com,https://bimssecurities.com,,,,,0,0,0,,,,,0,pending,pending,pending,pending,pending,pending,,,0,,2026-04-13T15:35:44+00:00
run_20260413T113749Z,e81c05259a62f1ef8551dcab9d87b0908c69dd24,PS-02_AIGR-S66270_NCIIPC_02_03_2026.xlsx,biocelo.com,https://biocelo.com,,,,,0,0,0,,,,,0,pending,pending,pending,pending,pending,pending,,,0,,2026-04-13T15:35:44+00:00
run_20260413T113749Z,6c7052d95dd78c9c023513d40417f92c44a1b43a,PS-02_AIGR-S66270_NCIIPC_02_03_2026.xlsx,biondia.com,https://biondia.com,,,,,0,0,0,,,,,0,pending,pending,pending,pending,pending,pending,,,0,,2026-04-13T15:35:44+00:00
run_20260413T113749Z,862e1ddc1bb95f13b5e7a4a303fcbe8cbd63d469,PS-02_AIGR-S66270_NCIIPC_02_03_2026.xlsx,bisngolf.ca,https://bisngolf.ca,,,,,0,0,0,,,,,0,pending,pending,pending,pending,pending,pending,,,0,,2026-04-13T15:35:44+00:00
run_20260413T113749Z,bcbe0962fb3d0b4e715febea80a07133b59b79a6,PS-02_AIGR-S66270_NCIIPC_02_03_2026.xlsx,bizzcard.store,https://bizzcard.store,hash,admitted,,,0,0,0,,ray-hash-admit,,,0,pending,pending,pending,admitted,pending,pending,,,0,,2026-04-13T15:36:28+00:00
run_20260413T113749Z,827cee95347986317f4ae01c2045339df0b9f53e,PS-02_AIGR-S66270_NCIIPC_02_03_2026.xlsx,blueoindia.in,https://blueoindia.in,,,,,0,0,0,,,,,0,pending,pending,pending,pending,pending,pending,,,0,,2026-04-13T15:35:44+00:00
run_20260413T113749Z,afb766eebe48797f9cd5e98ae1c541684b4a7b5a,PS-02_AIGR-S66270_NCIIPC_02_03_2026.xlsx,bnhaa.fit,https://bnhaa.fit,,,,,0,0,0,,,,,0,pending,pending,pending,pending,pending,pending,,,0,,2026-04-13T15:35:44+00:00
run_20260413T113749Z,9036904d6370d7e651b23f31f542ba68d2f000f4,PS-02_AIGR-S66270_NCIIPC_02_03_2026.xlsx,bobrod.com,https://bobrod.com,,,,,0,0,0,,,,,0,pending,pending,pending,pending,pending,pending,,,0,,2026-04-13T15:35:44+00:00
run_20260413T113749Z,a613481ad0bd3aa948e15fb3553da3e0ff3e2f22,PS-02_AIGR-S66270_NCIIPC_02_03_2026.xlsx,bossicardi.com,https://bossicardi.com,,,,,0,0,0,,,,,0,pending,pending,pending,pending,pending,pending,,,0,,2026-04-13T15:35:44+00:00
run_20260413T113749Z,d9a426b41628176d4b57f785a7871f85f9ba0edf,PS-02_AIGR-S66270_NCIIPC_02_03_2026.xlsx,bs4l.com,https://bs4l.com,,,,,0,0,0,,,,,0,pending,pending,pending,pending,pending,pending,,,0,,2026-04-13T15:35:44+00:00
run_20260413T113749Z,850d50a99a1926feabacbd028e1b64516ef7adbb,PS-02_AIGR-S66270_NCIIPC_02_03_2026.xlsx,bsn111.com,https://bsn111.com,,,,,0,0,0,,,,,0,pending,pending,pending,pending,pending,pending,,,0,,2026-04-13T15:35:44+00:00
run_20260413T113749Z,a17e10c9f939b03365e041aefb2abc7698699763,PS-02_AIGR-S66270_NCIIPC_02_03_2026.xlsx,bsnda.gs,https://bsnda.gs,,,,,0,0,0,,,,,0,pending,pending,pending,pending,pending,pending,,,0,,2026-04-13T15:35:44+00:00
run_20260413T113749Z,ac23dbf26e99549084a8c10c8d7aa5276761180b,PS-02_AIGR-S66270_NCIIPC_02_03_2026.xlsx,bsnehls.com,https://bsnehls.com,,,,,0,0,0,,,,,0,pending,pending,pending,pending,pending,pending,,,0,,2026-04-13T15:35:44+00:00
run_20260413T113749Z,fd9f9fc26d818b1aab022cf1fd4661fbd0893e25,PS-02_AIGR-S66270_NCIIPC_02_03_2026.xlsx,bsnider.dev,https://bsnider.dev,,,,,0,0,0,,,,,0,pending,pending,pending,pending,pending,pending,,,0,,2026-04-13T15:35:44+00:00
run_20260413T113749Z,9fcc5e5db89826f04d376412b5e05bcf19f3aed1,PS-02_AIGR-S66270_NCIIPC_02_03_2026.xlsx,buildafig.com,https://buildafig.com,,,,,0,0,0,,,,,0,pending,pending,pending,pending,pending,pending,,,0,,2026-04-13T15:35:44+00:00
run_20260413T113749Z,1aceda9fc506cbcef193cdf66c81768bcfec20d8,PS-02_AIGR-S66270_NCIIPC_02_03_2026.xlsx,buildaion.com,https://buildaion.com,hash,admitted,,,0,0,0,,ray-hash-admit,,,0,pending,pending,pending,admitted,pending,pending,,,0,,2026-04-13T15:36:06+00:00
run_20260413T113749Z,51dcc05c5a4216f31945ac1d96b233813273fc9d,PS-02_AIGR-S66270_NCIIPC_02_03_2026.xlsx,buildaion.online,https://buildaion.online,,,,,0,0,0,,,,,0,pending,pending,pending,pending,pending,pending,,,0,,2026-04-13T15:35:44+00:00
run_20260413T113749Z,cf7f79f328343fc23b2e4dfe452a1574277ca5dd,PS-02_AIGR-S66270_NCIIPC_02_03_2026.xlsx,bukeindia.com,https://bukeindia.com,,,,,0,0,0,,,,,0,pending,pending,pending,pending,pending,pending,,,0,,2026-04-13T15:35:44+00:00
run_20260413T113749Z,aca4c9c150a2a957789602eb8f4a8a2887aff50c,PS-02_AIGR-S66270_NCIIPC_02_03_2026.xlsx,byindian.com,https://byindian.com,,,,,0,0,0,,,,,0,pending,pending,pending,pending,pending,pending,,,0,,2026-04-13T15:35:44+00:00
run_20260413T113749Z,3f84477d70cbd99d0a5ee8673b98d0deeec182d1,PS-02_AIGR-S66270_NCIIPC_02_03_2026.xlsx,byteindian.com,https://byteindian.com,dns_gate,registration_passthrough,dns_gate_no_answer,no A/AAAA answers for byteindian.com,0,0,0,,ray-dns-gate,,,0,pending,pending,pending,pending,pending,pending,,dns_not_mapped_to_ip,0,,2026-04-13T15:35:54+00:00
run_20260413T113749Z,476086334115d038d8fb4995243393997b08f803,PS-02_AIGR-S66270_NCIIPC_02_03_2026.xlsx,byteindian.xyz,https://byteindian.xyz,dns_gate,registration_passthrough,dns_gate_no_answer,no A/AAAA answers for byteindian.xyz,0,0,0,,ray-dns-gate,,,0,pending,pending,pending,pending,pending,pending,,dns_not_mapped_to_ip,0,,2026-04-13T15:35:54+00:00
run_20260413T113749Z,08585a1407e015119449048e6da2a73e4dac2c60,PS-02_AIGR-S66270_NCIIPC_02_03_2026.xlsx,cacloudls.com,https://cacloudls.com,,,,,0,0,0,,,,,0,pending,pending,pending,pending,pending,pending,,,0,,2026-04-13T15:35:44+00:00
run_20260413T113749Z,db153769ab21d581a6e5dcb8b68027f21389a1e6,PS-02_AIGR-S66270_NCIIPC_02_03_2026.xlsx,https://cafesonline.com,https://cafesonline.com,,,,,0,0,0,,,,,0,pending,pending,pending,pending,pending,pending,,,0,,2026-04-13T15:35:44+00:00
run_20260413T113749Z,499b2bd3725a377e0ac807593f7d47766340fed2,PS-02_AIGR-S66270_NCIIPC_02_03_2026.xlsx,cafesonline.info,https://cafesonline.info,,,,,0,0,0,,,,,0,pending,pending,pending,pending,pending,pending,,,0,,2026-04-13T15:35:44+00:00
run_20260413T113749Z,68d1bbb262374738c5c64f09bf0e523f82a6aa9b,PS-02_AIGR-S66270_NCIIPC_02_03_2026.xlsx,https://cafmonline.com,https://cafmonline.com,,,,,0,0,0,,,,,0,pending,pending,pending,pending,pending,pending,,,0,,2026-04-13T15:35:44+00:00
run_20260413T113749Z,42e464aa52b67d35ea31cf6e5bc0aeba2b125fbc,PS-02_AIGR-S66270_NCIIPC_02_03_2026.xlsx,https://calnia.com,https://calnia.com,,,,,0,0,0,,,,,0,pending,pending,pending,pending,pending,pending,,,0,,2026-04-13T15:35:44+00:00
run_20260413T113749Z,2bf14aff931db6bf151a0fccb15a2ed284f08bb3,PS-02_AIGR-S66270_NCIIPC_02_03_2026.xlsx,calorinda.com,https://calorinda.com,,,,,0,0,0,,,,,0,pending,pending,pending,pending,pending,pending,,,0,,2026-04-13T15:35:44+00:00
run_20260413T113749Z,8a132cc111adecdc2bfb73fbb186a055be6ebc3e,PS-02_AIGR-S66270_NCIIPC_02_03_2026.xlsx,https://camacconsulting.com,https://camacconsulting.com,,,,,0,0,0,,,,,0,pending,pending,pending,pending,pending,pending,,,0,,2026-04-13T15:35:44+00:00
run_20260413T113749Z,ace45f6c605f3ba9b83620e1ae0cd1e293fa997f,PS-02_AIGR-S66270_NCIIPC_02_03_2026.xlsx,camilo.bio,https://camilo.bio,,,,,0,0,0,,,,,0,pending,pending,pending,pending,pending,pending,,,0,,2026-04-13T15:35:44+00:00
run_20260413T113749Z,604cf37c5fce1ca660ac5f744c8a9dbc58d0efe3,PS-02_AIGR-S66270_NCIIPC_02_03_2026.xlsx,camions117.ca,https://camions117.ca,,,,,0,0,0,,,,,0,pending,pending,pending,pending,pending,pending,,,0,,2026-04-13T15:35:44+00:00
run_20260413T113749Z,632cc24c51d90c2652eb011ee88d6564bd9a21d3,PS-02_AIGR-S66270_NCIIPC_02_03_2026.xlsx,camisnew.com,https://camisnew.com,,,,,0,0,0,,,,,0,pending,pending,pending,pending,pending,pending,,,0,,2026-04-13T15:35:44+00:00
run_20260413T113749Z,0a2d5194fe545581b7c99b959a27ce70e85b66d7,PS-02_AIGR-S66270_NCIIPC_02_03_2026.xlsx,campaponline.com,https://campaponline.com,,,,,0,0,0,,,,,0,pending,pending,pending,pending,pending,pending,,,0,,2026-04-13T15:35:44+00:00
run_20260413T113749Z,d33be0dc29c399e335213fb11291ef03c5e4ca91,PS-02_AIGR-S66270_NCIIPC_02_03_2026.xlsx,https://campusone.xyz,https://campusone.xyz,,,,,0,0,0,,,,,0,pending,pending,pending,pending,pending,pending,,,0,,2026-04-13T15:35:44+00:00
run_20260413T113749Z,54a5f37107fb80cf58524ff0ad34eee1a0fc002e,PS-02_AIGR-S66270_NCIIPC_02_03_2026.xlsx,campusonlinemarket.com,https://campusonlinemarket.com,,,,,0,0,0,,,,,0,pending,pending,pending,pending,pending,pending,,,0,,2026-04-13T15:35:44+00:00
run_20260413T113749Z,414009fc9850ecb7b82fc2688c2fa947835e9e06,PS-02_AIGR-S66270_NCIIPC_02_03_2026.xlsx,camscannerdl.com,https://camscannerdl.com,,,,,0,0,0,,,,,0,pending,pending,pending,pending,pending,pending,,,0,,2026-04-13T15:35:44+00:00
run_20260413T113749Z,5a78cd7a7cc6708c5b760cdca76aa34ff1153993,PS-02_AIGR-S66270_NCIIPC_02_03_2026.xlsx,camshel.com,https://camshel.com,,,,,0,0,0,,,,,0,pending,pending,pending,pending,pending,pending,,,0,,2026-04-13T15:35:44+00:00
run_20260413T113749Z,3831cdba99e1c9eb9dc75ae06f13c07d4b432dd6,PS-02_AIGR-S66270_NCIIPC_02_03_2026.xlsx,camshield.app,https://camshield.app,,,,,0,0,0,,,,,0,pending,pending,pending,pending,pending,pending,,,0,,2026-04-13T15:35:44+00:00
run_20260413T113749Z,d0c29ab2e6692b25a8d998edc295541bf9942a82,PS-02_AIGR-S66270_NCIIPC_02_03_2026.xlsx,camsilk.com,https://camsilk.com,,,,,0,0,0,,,,,0,pending,pending,pending,pending,pending,pending,,,0,,2026-04-13T15:35:44+00:00
run_20260413T113749Z,be9bbaddf3990edba36ce5cabff8dbe70b0b02a0,PS-02_AIGR-S66270_NCIIPC_02_03_2026.xlsx,canabook.com,https://canabook.com,,,,,0,0,0,,,,,0,pending,pending,pending,pending,pending,pending,,,0,,2026-04-13T15:35:44+00:00
run_20260413T113749Z,f3be26e75cb3c2c205c36d46a38641a64aa1594d,PS-02_AIGR-S66270_NCIIPC_02_03_2026.xlsx,https://canadabroadcasting.com,https://canadabroadcasting.com,,,,,0,0,0,,,,,0,pending,pending,pending,pending,pending,pending,,,0,,2026-04-13T15:35:44+00:00
run_20260413T113749Z,fb615dccea4ca92cbf2f0c4503c6eedcdc5df4af,PS-02_AIGR-S66270_NCIIPC_02_03_2026.xlsx,https://canadagaming.online,https://canadagaming.online,,,,,0,0,0,,,,,0,pending,pending,pending,pending,pending,pending,,,0,,2026-04-13T15:35:44+00:00
run_20260413T113749Z,92234972bc90ea16ae7216bf2483fe4e2ca47c9e,PS-02_AIGR-S66270_NCIIPC_02_03_2026.xlsx,canadaifrs.com,https://canadaifrs.com,,,,,0,0,0,,,,,0,pending,pending,pending,pending,pending,pending,,,0,,2026-04-13T15:35:44+00:00
run_20260413T113749Z,d7899c1bb5baf3b0efa9b5014e51f83ce2b777fb,PS-02_AIGR-S66270_NCIIPC_02_03_2026.xlsx,canadaincorporated.com,https://canadaincorporated.com,,,,,0,0,0,,,,,0,pending,pending,pending,pending,pending,pending,,,0,,2026-04-13T15:35:44+00:00
run_20260413T113749Z,b0c785c88f269216016c394848bd665b776aec31,PS-02_AIGR-S66270_NCIIPC_02_03_2026.xlsx,canadasite.com,https://canadasite.com,,,,,0,0,0,,,,,0,pending,pending,pending,pending,pending,pending,,,0,,2026-04-13T15:35:44+00:00
run_20260413T113749Z,cae44046e1c75afe54b2c6fe1fde97b958319c45,PS-02_AIGR-S66270_NCIIPC_02_03_2026.xlsx,canadianbread.com,https://canadianbread.com,,,,,0,0,0,,,,,0,pending,pending,pending,pending,pending,pending,,,0,,2026-04-13T15:35:44+00:00
run_20260413T113749Z,d6593ca391de2daed64fd3f4ce162c202e574985,PS-02_AIGR-S66270_NCIIPC_02_03_2026.xlsx,canadianmarketindex.com,https://canadianmarketindex.com,,,,,0,0,0,,,,,0,pending,pending,pending,pending,pending,pending,,,0,,2026-04-13T15:35:44+00:00
run_20260413T113749Z,1fcac03167c0b6e2707d1b3e88efeb4c22eb24b6,PS-02_AIGR-S66270_NCIIPC_02_03_2026.xlsx,canala-sa.com,https://canala-sa.com,,,,,0,0,0,,,,,0,pending,pending,pending,pending,pending,pending,,,0,,2026-04-13T15:35:44+00:00
run_20260413T113749Z,f3778a2e87e8ed2405bcefcf57aceea09a65e1c2,PS-02_AIGR-S66270_NCIIPC_02_03_2026.xlsx,canaldiez.com,https://canaldiez.com,,,,,0,0,0,,,,,0,pending,pending,pending,pending,pending,pending,,,0,,2026-04-13T15:35:44+00:00
run_20260413T113749Z,b00bbeb8d295144c7bc90e164a3d7890bb995a13,PS-02_AIGR-S66270_NCIIPC_02_03_2026.xlsx,canandakisa.com.br,https://canandakisa.com.br,,,,,0,0,0,,,,,0,pending,pending,pending,pending,pending,pending,,,0,,2026-04-13T15:35:44+00:00
run_20260413T113749Z,a2fcee9dbcd836f9a3510dc1ded9130dc83208df,PS-02_AIGR-S66270_NCIIPC_02_03_2026.xlsx,canapacard.com,https://canapacard.com,,,,,0,0,0,,,,,0,pending,pending,pending,pending,pending,pending,,,0,,2026-04-13T15:35:44+00:00
run_20260413T113749Z,a5659a4ac59ee0e2c15fc13e78eaf20c37069ceb,PS-02_AIGR-S66270_NCIIPC_02_03_2026.xlsx,https://canarias.events,https://canarias.events,,,,,0,0,0,,,,,0,pending,pending,pending,pending,pending,pending,,,0,,2026-04-13T15:35:44+00:00
run_20260413T113749Z,ad106cf0adc9cab906701e605d24007c21280197,PS-02_AIGR-S66270_NCIIPC_02_03_2026.xlsx,canariasenbici.com,https://canariasenbici.com,hash,admitted,,,0,0,0,,ray-hash-admit,,,0,pending,pending,pending,admitted,pending,pending,,,0,,2026-04-13T15:36:33+00:00
run_20260413T113749Z,a64b2477e4c7c35cab1fe74e477caef8899b8936,PS-02_AIGR-S66270_NCIIPC_02_03_2026.xlsx,canaryseason.com,https://canaryseason.com,,,,,0,0,0,,,,,0,pending,pending,pending,pending,pending,pending,,,0,,2026-04-13T15:35:44+00:00
run_20260413T113749Z,5429e4a47d7d21a8c6eb9bc170b7fc4bfdd8ef06,PS-02_AIGR-S66270_NCIIPC_02_03_2026.xlsx,https://canastranews.com,https://canastranews.com,,,,,0,0,0,,,,,0,pending,pending,pending,pending,pending,pending,,,0,,2026-04-13T15:35:44+00:00
run_20260413T113749Z,1e3eb70755b6b05e5f846302e89b78677731151c,PS-02_AIGR-S66270_NCIIPC_02_03_2026.xlsx,canasuc.com,https://canasuc.com,,,,,0,0,0,,,,,0,pending,pending,pending,pending,pending,pending,,,0,,2026-04-13T15:35:44+00:00
run_20260413T113749Z,2435b5f6595b95bcd89f94b6a511e605de4fad17,PS-02_AIGR-S66270_NCIIPC_02_03_2026.xlsx,candia.info,https://candia.info,,,,,0,0,0,,,,,0,pending,pending,pending,pending,pending,pending,,,0,,2026-04-13T15:35:44+00:00
run_20260413T113749Z,05c69988bc38be65cffab3238aa406453e2227b5,PS-02_AIGR-S66270_NCIIPC_02_03_2026.xlsx,https://cannabe.com,https://cannabe.com,,,,,0,0,0,,,,,0,pending,pending,pending,pending,pending,pending,,,0,,2026-04-13T15:35:44+00:00
run_20260413T113749Z,3b3ae5bee3f798a060979d288d387e0fb44c51b9,PS-02_AIGR-S66270_NCIIPC_02_03_2026.xlsx,https://canvasbrief.art,https://canvasbrief.art,,,,,0,0,0,,,,,0,pending,pending,pending,pending,pending,pending,,,0,,2026-04-13T15:35:44+00:00
run_20260413T113749Z,0ee79cc9c019ffbb7907b7996b2d5ecb09eca8a1,PS-02_AIGR-S66270_NCIIPC_02_03_2026.xlsx,cashmirindia.com,https://cashmirindia.com,,,,,0,0,0,,,,,0,pending,pending,pending,pending,pending,pending,,,0,,2026-04-13T15:35:44+00:00
run_20260413T113749Z,5d4dab3cd4e5b77da6c3f6c485da0ccfd93d899f,PS-02_AIGR-S66270_NCIIPC_02_03_2026.xlsx,casimoney.bet,https://casimoney.bet,,,,,0,0,0,,,,,0,pending,pending,pending,pending,pending,pending,,,0,,2026-04-13T15:35:44+00:00
run_20260413T113749Z,78834195811604bf803d89ff68e6bfa4c32b289e,PS-02_AIGR-S66270_NCIIPC_02_03_2026.xlsx,https://casinoloan.com,https://casinoloan.com,,,,,0,0,0,,,,,0,pending,pending,pending,pending,pending,pending,,,0,,2026-04-13T15:35:44+00:00
run_20260413T113749Z,dae6fd73a2440130b2b95a34b84b1cf8464b009f,PS-02_AIGR-S66270_NCIIPC_02_03_2026.xlsx,casoniq.com,https://casoniq.com,,,,,0,0,0,,,,,0,pending,pending,pending,pending,pending,pending,,,0,,2026-04-13T15:35:44+00:00
run_20260413T113749Z,6a41d8fc257fabc1da4acb28581cd89bed1039d0,PS-02_AIGR-S66270_NCIIPC_02_03_2026.xlsx,castleinn.info,https://castleinn.info,,,,,0,0,0,,,,,0,pending,pending,pending,pending,pending,pending,,,0,,2026-04-13T15:35:44+00:00
run_20260413T113749Z,66c2818af0623c63e75781cf5bd9f4a69520c96a,PS-02_AIGR-S66270_NCIIPC_02_03_2026.xlsx,catxonline.com,https://catxonline.com,,,,,0,0,0,,,,,0,pending,pending,pending,pending,pending,pending,,,0,,2026-04-13T15:35:44+00:00
run_20260413T113749Z,1d5a077416870490cd5a1c5e1ca4b961fd2118f9,PS-02_AIGR-S66270_NCIIPC_02_03_2026.xlsx,ccbcloud.com,https://ccbcloud.com,,,,,0,0,0,,,,,0,pending,pending,pending,pending,pending,pending,,,0,,2026-04-13T15:35:44+00:00
run_20260413T113749Z,c9e7bddc96eb0b864d2e2ff8ae2a6889a3172bab,PS-02_AIGR-S66270_NCIIPC_02_03_2026.xlsx,cffund.com,https://cffund.com,,,,,0,0,0,,,,,0,pending,pending,pending,pending,pending,pending,,,0,,2026-04-13T15:35:44+00:00
run_20260413T113749Z,7d33719ddff3dd17eb1c3da5824d85de0e318fef,PS-02_AIGR-S66270_NCIIPC_02_03_2026.xlsx,ciiic.gs,https://ciiic.gs,,,,,0,0,0,,,,,0,pending,pending,pending,pending,pending,pending,,,0,,2026-04-13T15:35:44+00:00
run_20260413T113749Z,fa58ed250976d551fe7c1a4d615c09550a09c5aa,PS-02_AIGR-S66270_NCIIPC_02_03_2026.xlsx,ciresindia.com,https://ciresindia.com,stage1,failed,,,0,0,0,,ray-stage1,,,0,pending,failed,pending,pending,pending,filtered_lexical_miss,,,0,,2026-04-13T11:38:46+00:00
run_20260413T113749Z,7e5d54a049753c28d57b2a3861496f88adaf27fc,PS-02_AIGR-S66270_NCIIPC_02_03_2026.xlsx,clawfoundry.io,https://clawfoundry.io,,,,,0,0,0,,,,,0,pending,pending,pending,pending,pending,pending,,,0,,2026-04-13T15:35:44+00:00
run_20260413T113749Z,26c47b85d80c55454ada88dfc4332675744b05bb,PS-02_AIGR-S66270_NCIIPC_02_03_2026.xlsx,cliopud.com,https://cliopud.com,,,,,0,0,0,,,,,0,pending,pending,pending,pending,pending,pending,,,0,,2026-04-13T15:35:44+00:00
run_20260413T113749Z,a23ea911cd8c07cd057584346272b36e263be887,PS-02_AIGR-S66270_NCIIPC_02_03_2026.xlsx,clipud.xyz,https://clipud.xyz,,,,,0,0,0,,,,,0,pending,pending,pending,pending,pending,pending,,,0,,2026-04-13T15:35:44+00:00
run_20260413T113749Z,1b99bf777e852aa7713ed0661ef4aedeba430fae,PS-02_AIGR-S66270_NCIIPC_02_03_2026.xlsx,cloaude.com,https://cloaude.com,,,,,0,0,0,,,,,0,pending,pending,pending,pending,pending,pending,,,0,,2026-04-13T15:35:44+00:00
run_20260413T113749Z,e4e04793613424be06a144f2bd6f62a8f164e9e9,PS-02_AIGR-S66270_NCIIPC_02_03_2026.xlsx,clod67.xyz,https://clod67.xyz,,,,,0,0,0,,,,,0,pending,pending,pending,pending,pending,pending,,,0,,2026-04-13T15:35:44+00:00
run_20260413T113749Z,5950c866430225e9f396812231663daf9b464fe4,PS-02_AIGR-S66270_NCIIPC_02_03_2026.xlsx,clopdi.info,https://clopdi.info,,,,,0,0,0,,,,,0,pending,pending,pending,pending,pending,pending,,,0,,2026-04-13T15:35:44+00:00
run_20260413T113749Z,8fc9c2e1414b1969d54ce9d850aec63ebfde35b1,PS-02_AIGR-S66270_NCIIPC_02_03_2026.xlsx,cloud-9vapors.com,https://cloud-9vapors.com,,,,,0,0,0,,,,,0,pending,pending,pending,pending,pending,pending,,,0,,2026-04-13T15:35:44+00:00
run_20260413T113749Z,adcebb5ede263db97e986c0d58b196ead53c336e,PS-02_AIGR-S66270_NCIIPC_02_03_2026.xlsx,cloud-aegis-staging.com,https://cloud-aegis-staging.com,,,,,0,0,0,,,,,0,pending,pending,pending,pending,pending,pending,,,0,,2026-04-13T15:35:44+00:00
run_20260413T113749Z,06ac3c63ee1fef48d70a0c26539c18867421e657,PS-02_AIGR-S66270_NCIIPC_02_03_2026.xlsx,https://cloud-aion.com,https://cloud-aion.com,,,,,0,0,0,,,,,0,pending,pending,pending,pending,pending,pending,,,0,,2026-04-13T15:35:44+00:00
run_20260413T113749Z,f61f7f6e108ddb52baf30a9a37a4adc3087397ed,PS-02_AIGR-S66270_NCIIPC_02_03_2026.xlsx,cloud-capital.xyz,https://cloud-capital.xyz,,,,,0,0,0,,,,,0,pending,pending,pending,pending,pending,pending,,,0,,2026-04-13T15:35:44+00:00
run_20260413T113749Z,424249829442f4cc806fb50b72cd97c31d5e97b1,PS-02_AIGR-S66270_NCIIPC_02_03_2026.xlsx,cloud-containers.com,https://cloud-containers.com,,,,,0,0,0,,,,,0,pending,pending,pending,pending,pending,pending,,,0,,2026-04-13T15:35:44+00:00
run_20260413T113749Z,5fc48dfb5e7cabc16f11f4fe815d8c5cea67dd01,PS-02_AIGR-S66270_NCIIPC_02_03_2026.xlsx,https://cloud-database.com,https://cloud-database.com,,,,,0,0,0,,,,,0,pending,pending,pending,pending,pending,pending,,,0,,2026-04-13T15:35:44+00:00
run_20260413T113749Z,b807b4256ab459e5d63a00330b72dbd6a3fdad61,PS-02_AIGR-S66270_NCIIPC_02_03_2026.xlsx,cloud-develop.cn,https://cloud-develop.cn,,,,,0,0,0,,,,,0,pending,pending,pending,pending,pending,pending,,,0,,2026-04-13T15:35:44+00:00
run_20260413T113749Z,a8a21c18a369fca80377235dd9c1ae074bacbcfd,PS-02_AIGR-S66270_NCIIPC_02_03_2026.xlsx,cloud-dg.com,https://cloud-dg.com,,,,,0,0,0,,,,,0,pending,pending,pending,pending,pending,pending,,,0,,2026-04-13T15:35:44+00:00
run_20260413T113749Z,cd7559011f13572f966a339350e334f41db7ebe4,PS-02_AIGR-S66270_NCIIPC_02_03_2026.xlsx,cloud-dns-inc.com,https://cloud-dns-inc.com,,,,,0,0,0,,,,,0,pending,pending,pending,pending,pending,pending,,,0,,2026-04-13T15:35:44+00:00
run_20260413T113749Z,b139a427c8fa03dad6c019d6395c786679090e98,PS-02_AIGR-S66270_NCIIPC_02_03_2026.xlsx,cloud-doctor.com,https://cloud-doctor.com,,,,,0,0,0,,,,,0,pending,pending,pending,pending,pending,pending,,,0,,2026-04-13T15:35:44+00:00
run_20260413T113749Z,ceb439c8942e546cc1049e56197ff2411fbcfcf4,PS-02_AIGR-S66270_NCIIPC_02_03_2026.xlsx,cloud-events.click,https://cloud-events.click,,,,,0,0,0,,,,,0,pending,pending,pending,pending,pending,pending,,,0,,2026-04-13T15:35:44+00:00
run_20260413T113749Z,673724924c23352641bbd4d1f9fc61e1f039166f,PS-02_AIGR-S66270_NCIIPC_02_03_2026.xlsx,cloud-ideas.com,https://cloud-ideas.com,stage1,failed,,,0,0,0,,ray-stage1,,,0,pending,failed,pending,pending,pending,filtered_lexical_miss,,,0,,2026-04-13T11:39:11+00:00
run_20260413T113749Z,b40217f4f058866e552c79fc452aa56ab066350e,PS-02_AIGR-S66270_NCIIPC_02_03_2026.xlsx,cloud-idsupport.info,https://cloud-idsupport.info,dns_gate,filtered_dns_inactive,dns_gate_no_answer,no A/AAAA answers for cloud-idsupport.info,0,0,0,,ray-dns-gate,,,0,pending,pending,pending,pending,pending,filtered_lexical_miss,,dns_gate_inactive,0,,2026-04-13T12:18:20+00:00
run_20260413T113749Z,266f76e98ca303ff4f01d930ca88ef401a9bcc35,PS-02_AIGR-S66270_NCIIPC_02_03_2026.xlsx,cloud-kb.club,https://cloud-kb.club,,,,,0,0,0,,,,,0,pending,pending,pending,pending,pending,pending,,,0,,2026-04-13T15:35:44+00:00
run_20260413T113749Z,e36765b29be4ce760cbed5c8987dfb188de48dd6,PS-02_AIGR-S66270_NCIIPC_02_03_2026.xlsx,cloud-laboratory.com,https://cloud-laboratory.com,,,,,0,0,0,,,,,0,pending,pending,pending,pending,pending,pending,,,0,,2026-04-13T15:35:44+00:00
run_20260413T113749Z,46d9d0cbce2fab3a44f751ec75ff6e659c702306,PS-02_AIGR-S66270_NCIIPC_02_03_2026.xlsx,cloud-lkkmedia.com,https://cloud-lkkmedia.com,,,,,0,0,0,,,,,0,pending,pending,pending,pending,pending,pending,,,0,,2026-04-13T15:35:44+00:00
run_20260413T113749Z,63264eaf115f738f5eb87ed98b4fa627b9937668,PS-02_AIGR-S66270_NCIIPC_02_03_2026.xlsx,cloud-man.com,https://cloud-man.com,,,,,0,0,0,,,,,0,pending,pending,pending,pending,pending,pending,,,0,,2026-04-13T15:35:44+00:00
run_20260413T113749Z,6482c6518d3d9ffd6bc9d52a5a1dcfa8ea8455b5,PS-02_AIGR-S66270_NCIIPC_02_03_2026.xlsx,https://cloud-nex.com,https://cloud-nex.com,,,,,0,0,0,,,,,0,pending,pending,pending,pending,pending,pending,,,0,,2026-04-13T15:35:44+00:00
run_20260413T113749Z,bb349373f32736d1d8752a5e7d695a2b96ff349e,PS-02_AIGR-S66270_NCIIPC_02_03_2026.xlsx,https://cloud-on-chip.com,https://cloud-on-chip.com,,,,,0,0,0,,,,,0,pending,pending,pending,pending,pending,pending,,,0,,2026-04-13T15:35:44+00:00
run_20260413T113749Z,078e987b27d801a2447031570be7ce8180557c20,PS-02_AIGR-S66270_NCIIPC_02_03_2026.xlsx,cloud-rectification.xyz,https://cloud-rectification.xyz,,,,,0,0,0,,,,,0,pending,pending,pending,pending,pending,pending,,,0,,2026-04-13T15:35:44+00:00
run_20260413T113749Z,5f673c3abd18d2ee5ed3cb98cf67960fd3f4ee7c,PS-02_AIGR-S66270_NCIIPC_02_03_2026.xlsx,https://cloud-sokuho.com,https://cloud-sokuho.com,,,,,0,0,0,,,,,0,pending,pending,pending,pending,pending,pending,,,0,,2026-04-13T15:35:44+00:00
run_20260413T113749Z,de799d6f8bf925fea5e4b68763573e2550ab020f,PS-02_AIGR-S66270_NCIIPC_02_03_2026.xlsx,cloud-stash.tech,https://cloud-stash.tech,,,,,0,0,0,,,,,0,pending,pending,pending,pending,pending,pending,,,0,,2026-04-13T15:35:44+00:00
run_20260413T113749Z,ceb667cc2441a574aa906ee72cec19bd62e99ec8,PS-02_AIGR-S66270_NCIIPC_02_03_2026.xlsx,cloud-storage-ca.click,https://cloud-storage-ca.click,,,,,0,0,0,,,,,0,pending,pending,pending,pending,pending,pending,,,0,,2026-04-13T15:35:44+00:00
run_20260413T113749Z,894310510e39c8038ed6dfe94a3a51156a220d13,PS-02_AIGR-S66270_NCIIPC_02_03_2026.xlsx,cloud-wmdhosting.com,https://cloud-wmdhosting.com,,,,,0,0,0,,,,,0,pending,pending,pending,pending,pending,pending,,,0,,2026-04-13T15:35:44+00:00
run_20260413T113749Z,981f744fe323b09040bb38e98504c5569b1fda18,PS-02_AIGR-S66270_NCIIPC_02_03_2026.xlsx,cloud-worknows.click,https://cloud-worknows.click,,,,,0,0,0,,,,,0,pending,pending,pending,pending,pending,pending,,,0,,2026-04-13T15:35:44+00:00
run_20260413T113749Z,dde488f6415d597cccd3070b154a9b1ff0a7a3fa,PS-02_AIGR-S66270_NCIIPC_02_03_2026.xlsx,https://cloud04.click,https://cloud04.click,,,,,0,0,0,,,,,0,pending,pending,pending,pending,pending,pending,,,0,,2026-04-13T15:35:44+00:00
run_20260413T113749Z,dde05cb313a8d804952b8a11db044fde6d960444,PS-02_AIGR-S66270_NCIIPC_02_03_2026.xlsx,cloud04.xyz,https://cloud04.xyz,,,,,0,0,0,,,,,0,pending,pending,pending,pending,pending,pending,,,0,,2026-04-13T15:35:44+00:00
run_20260413T113749Z,cb5a96c6c0783a78e6a25747c9df5c6c8a3b3117,PS-02_AIGR-S66270_NCIIPC_02_03_2026.xlsx,cloud1000x.xyz,https://cloud1000x.xyz,,,,,0,0,0,,,,,0,pending,pending,pending,pending,pending,pending,,,0,,2026-04-13T15:35:44+00:00
run_20260413T113749Z,30c1a647eaffc39e35f3a61c5628170576758e53,PS-02_AIGR-S66270_NCIIPC_02_03_2026.xlsx,cloud1agi.xyz,https://cloud1agi.xyz,,,,,0,0,0,,,,,0,pending,pending,pending,pending,pending,pending,,,0,,2026-04-13T15:35:44+00:00
run_20260413T113749Z,b9b6ef6bcb8fe36b337edfdb8a350df242ce6a2d,PS-02_AIGR-S66270_NCIIPC_02_03_2026.xlsx,cloud2agi.xyz,https://cloud2agi.xyz,,,,,0,0,0,,,,,0,pending,pending,pending,pending,pending,pending,,,0,,2026-04-13T15:35:44+00:00
run_20260413T113749Z,470df96eb6fac3db504d43c9086ed6671a2e26c1,PS-02_AIGR-S66270_NCIIPC_02_03_2026.xlsx,cloud2shop.xyz,https://cloud2shop.xyz,,,,,0,0,0,,,,,0,pending,pending,pending,pending,pending,pending,,,0,,2026-04-13T15:35:44+00:00
run_20260413T113749Z,9a4f62bf854b0c6ba2cbf1503d0cc5febe61a09f,PS-02_AIGR-S66270_NCIIPC_02_03_2026.xlsx,cloud42.dev,https://cloud42.dev,,,,,0,0,0,,,,,0,pending,pending,pending,pending,pending,pending,,,0,,2026-04-13T15:35:44+00:00
run_20260413T113749Z,99daf234a807d3cc6d0514b7efdb49ed061b1022,PS-02_AIGR-S66270_NCIIPC_02_03_2026.xlsx,cloud6miner.cloud,https://cloud6miner.cloud,,,,,0,0,0,,,,,0,pending,pending,pending,pending,pending,pending,,,0,,2026-04-13T15:35:44+00:00
run_20260413T113749Z,b74ed1667c42935af355fc36ef934cc50e464796,PS-02_AIGR-S66270_NCIIPC_02_03_2026.xlsx,cloud7-hookah.com,https://cloud7-hookah.com,,,,,0,0,0,,,,,0,pending,pending,pending,pending,pending,pending,,,0,,2026-04-13T15:35:44+00:00
run_20260413T113749Z,0e48facd4e252181422961eebd1b1ac6604e03d0,PS-02_AIGR-S66270_NCIIPC_02_03_2026.xlsx,https://cloud9cafeberks.com,https://cloud9cafeberks.com,,,,,0,0,0,,,,,0,pending,pending,pending,pending,pending,pending,,,0,,2026-04-13T15:35:44+00:00
run_20260413T113749Z,700927e56bb9c0463a99956a9dc4c7bfbe295455,PS-02_AIGR-S66270_NCIIPC_02_03_2026.xlsx,cloud9laundry.com,https://cloud9laundry.com,,,,,0,0,0,,,,,0,pending,pending,pending,pending,pending,pending,,,0,,2026-04-13T15:35:44+00:00
run_20260413T113749Z,ba9df2a7c742be9c4fe49d7fbe5345b8ed78e20b,PS-02_AIGR-S66270_NCIIPC_02_03_2026.xlsx,cloud9massageandmore.com,https://cloud9massageandmore.com,,,,,0,0,0,,,,,0,pending,pending,pending,pending,pending,pending,,,0,,2026-04-13T15:35:44+00:00
run_20260413T113749Z,b9d9fecbaa0cf0bad2296a567235325b50f0223e,PS-02_AIGR-S66270_NCIIPC_02_03_2026.xlsx,cloud9relay.com,https://cloud9relay.com,,,,,0,0,0,,,,,0,pending,pending,pending,pending,pending,pending,,,0,,2026-04-13T15:35:44+00:00
run_20260413T113749Z,56d9c99759959f24099c5006aa6d1c72e26d50e5,PS-02_AIGR-S66270_NCIIPC_02_03_2026.xlsx,cloud9salon-spa.com,https://cloud9salon-spa.com,,,,,0,0,0,,,,,0,pending,pending,pending,pending,pending,pending,,,0,,2026-04-13T15:35:44+00:00
run_20260413T113749Z,2285af3a66b3b3a40732b56158538f8c39a3277c,PS-02_AIGR-S66270_NCIIPC_02_03_2026.xlsx,https://cloudaball.com,https://cloudaball.com,,,,,0,0,0,,,,,0,pending,pending,pending,pending,pending,pending,,,0,,2026-04-13T15:35:44+00:00
run_20260413T113749Z,587f57fee9e470a2b1aa75a66ea9e77b13318d3a,PS-02_AIGR-S66270_NCIIPC_02_03_2026.xlsx,cloudaccountshq.biz,https://cloudaccountshq.biz,,,,,0,0,0,,,,,0,pending,pending,pending,pending,pending,pending,,,0,,2026-04-13T15:35:44+00:00
run_20260413T113749Z,301a8c8fb44565d2b6516dc91638509ca2834150,PS-02_AIGR-S66270_NCIIPC_02_03_2026.xlsx,cloudaccts.biz,https://cloudaccts.biz,,,,,0,0,0,,,,,0,pending,pending,pending,pending,pending,pending,,,0,,2026-04-13T15:35:44+00:00
run_20260413T113749Z,81e012faa397891abd53316820bb7c22e606e618,PS-02_AIGR-S66270_NCIIPC_02_03_2026.xlsx,cloudacquire.xyz,https://cloudacquire.xyz,,,,,0,0,0,,,,,0,pending,pending,pending,pending,pending,pending,,,0,,2026-04-13T15:35:44+00:00
run_20260413T113749Z,ab12b86cae4e194c7a4d4e5c73dd2c456ce83060,PS-02_AIGR-S66270_NCIIPC_02_03_2026.xlsx,cloudadopt.xyz,https://cloudadopt.xyz,,,,,0,0,0,,,,,0,pending,pending,pending,pending,pending,pending,,,0,,2026-04-13T15:35:44+00:00
run_20260413T113749Z,1fa080203f9b2e9b7ab0283b1220d71b2c4efbfb,PS-02_AIGR-S66270_NCIIPC_02_03_2026.xlsx,cloudadvances.xyz,https://cloudadvances.xyz,dns_gate,filtered_dns_inactive,dns_gate_no_answer,no A/AAAA answers for cloudadvances.xyz,0,0,0,,ray-dns-gate,,,0,pending,pending,pending,pending,pending,filtered_lexical_miss,,dns_gate_inactive,0,,2026-04-13T11:38:28+00:00
run_20260413T113749Z,15ebbede02dfcd6c6567b158f158dc0908cfe932,PS-02_AIGR-S66270_NCIIPC_02_03_2026.xlsx,cloudagentfi.com,https://cloudagentfi.com,stage1,failed,,,0,0,0,,ray-stage1,,,0,pending,failed,pending,pending,pending,filtered_lexical_miss,,,0,,2026-04-13T14:01:57+00:00
run_20260413T113749Z,572e14614b0a1f7ff007802f99a7d75959400687,PS-02_AIGR-S66270_NCIIPC_02_03_2026.xlsx,cloudaggregator.xyz,https://cloudaggregator.xyz,,,,,0,0,0,,,,,0,pending,pending,pending,pending,pending,pending,,,0,,2026-04-13T15:35:44+00:00
run_20260413T113749Z,18e003e08a013364460320d39118e37740a6a48a,PS-02_AIGR-S66270_NCIIPC_02_03_2026.xlsx,cloudahead.xyz,https://cloudahead.xyz,,,,,0,0,0,,,,,0,pending,pending,pending,pending,pending,pending,,,0,,2026-04-13T15:35:44+00:00
run_20260413T113749Z,8ee381cbfc01eb6248d0bd7f6d945178d55411de,PS-02_AIGR-S66270_NCIIPC_02_03_2026.xlsx,cloudaiarchives.xyz,https://cloudaiarchives.xyz,,,,,0,0,0,,,,,0,pending,pending,pending,pending,pending,pending,,,0,,2026-04-13T15:35:44+00:00
run_20260413T113749Z,cc4ac8f5cf8da9e5ddcfbe8bab7f2ebe0bb85a63,PS-02_AIGR-S66270_NCIIPC_02_03_2026.xlsx,cloudaicoding.xyz,https://cloudaicoding.xyz,,,,,0,0,0,,,,,0,pending,pending,pending,pending,pending,pending,,,0,,2026-04-13T15:35:44+00:00
run_20260413T113749Z,569f71922de470609bd8ad3bd4fd71f8a99e5500,PS-02_AIGR-S66270_NCIIPC_02_03_2026.xlsx,cloudaidev.com,https://cloudaidev.com,stage1,failed,,,0,0,0,,ray-stage1,,,0,pending,failed,pending,pending,pending,filtered_lexical_miss,,,0,,2026-04-13T11:38:47+00:00
run_20260413T113749Z,bd36a8f195e18551986f65aefafcd62f0af67929,PS-02_AIGR-S66270_NCIIPC_02_03_2026.xlsx,cloudaiforrookies.online,https://cloudaiforrookies.online,,,,,0,0,0,,,,,0,pending,pending,pending,pending,pending,pending,,,0,,2026-04-13T15:35:44+00:00
run_20260413T113749Z,dce54b505ac6830e0681b53a622779c29dd791f5,PS-02_AIGR-S66270_NCIIPC_02_03_2026.xlsx,cloudaion.info,https://cloudaion.info,,,,,0,0,0,,,,,0,pending,pending,pending,pending,pending,pending,,,0,,2026-04-13T15:35:44+00:00
run_20260413T113749Z,031a8cdd0cb1efdeeaadf38a9a0ed9986116fa8a,PS-02_AIGR-S66270_NCIIPC_02_03_2026.xlsx,cloudaion.online,https://cloudaion.online,,,,,0,0,0,,,,,0,pending,pending,pending,pending,pending,pending,,,0,,2026-04-13T15:35:44+00:00
run_20260413T113749Z,8245fb503f0bd3004b31d51665d8effdd09a8dd1,PS-02_AIGR-S66270_NCIIPC_02_03_2026.xlsx,cloudaion.site,https://cloudaion.site,,,,,0,0,0,,,,,0,pending,pending,pending,pending,pending,pending,,,0,,2026-04-13T15:35:44+00:00
run_20260413T113749Z,2ff3276088cd7f009f72cc6901504f5f27bce442,PS-02_AIGR-S66270_NCIIPC_02_03_2026.xlsx,cloudale.xyz,https://cloudale.xyz,,,,,0,0,0,,,,,0,pending,pending,pending,pending,pending,pending,,,0,,2026-04-13T15:35:44+00:00
run_20260413T113749Z,bd65311caecbb911972b1f3d47e40596ddb2c5b2,PS-02_AIGR-S66270_NCIIPC_02_03_2026.xlsx,https://cloudali.com,https://cloudali.com,,,,,0,0,0,,,,,0,pending,pending,pending,pending,pending,pending,,,0,,2026-04-13T15:35:44+00:00
run_20260413T113749Z,bc2e0546a254c5d9d1148b343e58241ea2dd9aae,PS-02_AIGR-S66270_NCIIPC_02_03_2026.xlsx,https://cloudalpanet.com,https://cloudalpanet.com,,,,,0,0,0,,,,,0,pending,pending,pending,pending,pending,pending,,,0,,2026-04-13T15:35:44+00:00
run_20260413T113749Z,3cc8fc478e465791819a9c5eb78ffd36fe177d7a,PS-02_AIGR-S66270_NCIIPC_02_03_2026.xlsx,cloudaltar.xyz,https://cloudaltar.xyz,,,,,0,0,0,,,,,0,pending,pending,pending,pending,pending,pending,,,0,,2026-04-13T15:35:44+00:00
run_20260413T113749Z,f02d8b2c92953c8595850b6ce0a30416ab9a8a28,PS-02_AIGR-S66270_NCIIPC_02_03_2026.xlsx,cloudambassador.xyz,https://cloudambassador.xyz,,,,,0,0,0,,,,,0,pending,pending,pending,pending,pending,pending,,,0,,2026-04-13T15:35:44+00:00
run_20260413T113749Z,a93e83107d262e6f25d5b927a432c3c7d3f4eecf,PS-02_AIGR-S66270_NCIIPC_02_03_2026.xlsx,https://cloudambient.com,https://cloudambient.com,,,,,0,0,0,,,,,0,pending,pending,pending,pending,pending,pending,,,0,,2026-04-13T15:35:44+00:00
run_20260413T113749Z,692738df83df65561c1d68f4e325fa397b2c45c5,PS-02_AIGR-S66270_NCIIPC_02_03_2026.xlsx,cloudanceai.xyz,https://cloudanceai.xyz,,,,,0,0,0,,,,,0,pending,pending,pending,pending,pending,pending,,,0,,2026-04-13T15:35:44+00:00
run_20260413T113749Z,816a7c980c062c32bb2e197d3103ae98c8135d67,PS-02_AIGR-S66270_NCIIPC_02_03_2026.xlsx,cloudandhug-quebec.com,https://cloudandhug-quebec.com,,,,,0,0,0,,,,,0,pending,pending,pending,pending,pending,pending,,,0,,2026-04-13T15:35:44+00:00
run_20260413T113749Z,ad90fc3c38f3e1fc9db2c394823f43ce8621cac3,PS-02_AIGR-S66270_NCIIPC_02_03_2026.xlsx,https://cloudandhug.com,https://cloudandhug.com,,,,,0,0,0,,,,,0,pending,pending,pending,pending,pending,pending,,,0,,2026-04-13T15:35:44+00:00
run_20260413T113749Z,b483fdff8bb58b1ceb55021e0ccef9cc3f40ba50,PS-02_AIGR-S66270_NCIIPC_02_03_2026.xlsx,cloudanydevice.com,https://cloudanydevice.com,,,,,0,0,0,,,,,0,pending,pending,pending,pending,pending,pending,,,0,,2026-04-13T15:35:44+00:00
run_20260413T113749Z,de1cb29bcb1b3d68cd436df64337e15373cd0250,PS-02_AIGR-S66270_NCIIPC_02_03_2026.xlsx,cloudapollo.xyz,https://cloudapollo.xyz,,,,,0,0,0,,,,,0,pending,pending,pending,pending,pending,pending,,,0,,2026-04-13T15:35:44+00:00
run_20260413T113749Z,6d2625300395b7292bc2b877d24265d72798a004,PS-02_AIGR-S66270_NCIIPC_02_03_2026.xlsx,cloudarax.com,https://cloudarax.com,,,,,0,0,0,,,,,0,pending,pending,pending,pending,pending,pending,,,0,,2026-04-13T15:35:44+00:00
run_20260413T113749Z,abdeb24ae7b9496d8d0622de1aecb3846242f912,PS-02_AIGR-S66270_NCIIPC_02_03_2026.xlsx,cloudark.xyz,https://cloudark.xyz,,,,,0,0,0,,,,,0,pending,pending,pending,pending,pending,pending,,,0,,2026-04-13T15:35:44+00:00
run_20260413T113749Z,923726875a3ad9e73f66db675ffa9a565ffc4af6,PS-02_AIGR-S66270_NCIIPC_02_03_2026.xlsx,cloudaroq.com,https://cloudaroq.com,,,,,0,0,0,,,,,0,pending,pending,pending,pending,pending,pending,,,0,,2026-04-13T15:35:44+00:00
run_20260413T113749Z,434edf35b00032d7ecade48020963407eb310dd4,PS-02_AIGR-S66270_NCIIPC_02_03_2026.xlsx,cloudart.tf,https://cloudart.tf,,,,,0,0,0,,,,,0,pending,pending,pending,pending,pending,pending,,,0,,2026-04-13T15:35:44+00:00
run_20260413T113749Z,430104614cadc41cafc9b495f62425f50d447f88,PS-02_AIGR-S66270_NCIIPC_02_03_2026.xlsx,cloudart.yt,https://cloudart.yt,,,,,0,0,0,,,,,0,pending,pending,pending,pending,pending,pending,,,0,,2026-04-13T15:35:44+00:00
run_20260413T113749Z,384233e4bb6eb884594a885701f40a1c827eabdd,PS-02_AIGR-S66270_NCIIPC_02_03_2026.xlsx,cloudartists.xyz,https://cloudartists.xyz,,,,,0,0,0,,,,,0,pending,pending,pending,pending,pending,pending,,,0,,2026-04-13T15:35:44+00:00
run_20260413T113749Z,a1ce444df222d39a6fc5ad1fdbf4428be55e5687,PS-02_AIGR-S66270_NCIIPC_02_03_2026.xlsx,cloudassay.xyz,https://cloudassay.xyz,,,,,0,0,0,,,,,0,pending,pending,pending,pending,pending,pending,,,0,,2026-04-13T15:35:44+00:00
run_20260413T113749Z,9f714a0eccc449e57f701e4df4b12f195acebd1e,PS-02_AIGR-S66270_NCIIPC_02_03_2026.xlsx,cloudasteroid.xyz,https://cloudasteroid.xyz,,,,,0,0,0,,,,,0,pending,pending,pending,pending,pending,pending,,,0,,2026-04-13T15:35:44+00:00
run_20260413T113749Z,8aa91782ab05dfa84634714dbb68d53628c7ef11,PS-02_AIGR-S66270_NCIIPC_02_03_2026.xlsx,cloudathena.xyz,https://cloudathena.xyz,dns_gate,filtered_dns_inactive,dns_gate_no_answer,no A/AAAA answers for cloudathena.xyz,0,0,0,,ray-dns-gate,,,0,pending,pending,pending,pending,pending,filtered_lexical_miss,,dns_gate_inactive,0,,2026-04-13T12:18:20+00:00
run_20260413T113749Z,7a391e51d66322b7a1c6965a8cac7b647d518792,PS-02_AIGR-S66270_NCIIPC_02_03_2026.xlsx,cloudatom.xyz,https://cloudatom.xyz,,,,,0,0,0,,,,,0,pending,pending,pending,pending,pending,pending,,,0,,2026-04-13T15:35:44+00:00
run_20260413T113749Z,07fe3e11168717d21564772ef306b4318c7c0c7c,PS-02_AIGR-S66270_NCIIPC_02_03_2026.xlsx,cloudattitude.xyz,https://cloudattitude.xyz,,,,,0,0,0,,,,,0,pending,pending,pending,pending,pending,pending,,,0,,2026-04-13T15:35:44+00:00
run_20260413T113749Z,6d3fbc2a9c4715ffe12366e59ad148db8a4b6909,PS-02_AIGR-S66270_NCIIPC_02_03_2026.xlsx,cloudautonomy.xyz,https://cloudautonomy.xyz,dns_gate,filtered_dns_inactive,dns_gate_no_answer,no A/AAAA answers for cloudautonomy.xyz,0,0,0,,ray-dns-gate,,,0,pending,pending,pending,pending,pending,filtered_lexical_miss,,dns_gate_inactive,0,,2026-04-13T12:18:20+00:00
run_20260413T113749Z,6fa927e2ae0ba000aa489e5341102e2f47f3bd34,PS-02_AIGR-S66270_NCIIPC_02_03_2026.xlsx,cloudaxion.com,https://cloudaxion.com,,,,,0,0,0,,,,,0,pending,pending,pending,pending,pending,pending,,,0,,2026-04-13T15:35:44+00:00
run_20260413T113749Z,5480ff2f85305a995751ec33bf94d3289ff9be3c,PS-02_AIGR-S66270_NCIIPC_02_03_2026.xlsx,cloudaxis.xyz,https://cloudaxis.xyz,,,,,0,0,0,,,,,0,pending,pending,pending,pending,pending,pending,,,0,,2026-04-13T15:35:44+00:00
run_20260413T113749Z,24419dd766089d3af7717dec18f9b3322b085087,PS-02_AIGR-S66270_NCIIPC_02_03_2026.xlsx,cloudaxisglobal.com,https://cloudaxisglobal.com,,,,,0,0,0,,,,,0,pending,pending,pending,pending,pending,pending,,,0,,2026-04-13T15:35:44+00:00
run_20260413T113749Z,b4e67c990f5d1e661827770c6393f37af9fce329,PS-02_AIGR-S66270_NCIIPC_02_03_2026.xlsx,https://cloudaxon.com,https://cloudaxon.com,,,,,0,0,0,,,,,0,pending,pending,pending,pending,pending,pending,,,0,,2026-04-13T15:35:44+00:00
run_20260413T113749Z,7f6a6a9dddc567ee82c5439d628e498f484e2c1b,PS-02_AIGR-S66270_NCIIPC_02_03_2026.xlsx,cloudazz.com,https://cloudazz.com,,,,,0,0,0,,,,,0,pending,pending,pending,pending,pending,pending,,,0,,2026-04-13T15:35:44+00:00
run_20260413T113749Z,df0b77c4853159fcebbbf09d78f888bf4a3f30e4,PS-02_AIGR-S66270_NCIIPC_02_03_2026.xlsx,cloudbackbone.xyz,https://cloudbackbone.xyz,,,,,0,0,0,,,,,0,pending,pending,pending,pending,pending,pending,,,0,,2026-04-13T15:35:44+00:00
run_20260413T113749Z,4debca23d89c62617c1a70cd97756d8ff62c48d0,PS-02_AIGR-S66270_NCIIPC_02_03_2026.xlsx,https://cloudbackupnow.com,https://cloudbackupnow.com,,,,,0,0,0,,,,,0,pending,pending,pending,pending,pending,pending,,,0,,2026-04-13T15:35:44+00:00
run_20260413T113749Z,e3f8b3b43ae006a468d9e7a0dfbb10c50671c945,PS-02_AIGR-S66270_NCIIPC_02_03_2026.xlsx,cloudbearer.xyz,https://cloudbearer.xyz,,,,,0,0,0,,,,,0,pending,pending,pending,pending,pending,pending,,,0,,2026-04-13T15:35:44+00:00
run_20260413T113749Z,0e8e4f43b38e520899091b3a638190b352b3dbff,PS-02_AIGR-S66270_NCIIPC_02_03_2026.xlsx,cloudbera.com,https://cloudbera.com,,,,,0,0,0,,,,,0,pending,pending,pending,pending,pending,pending,,,0,,2026-04-13T15:35:44+00:00
run_20260413T113749Z,b5957d77981620c48bf87229a3fc239594fee48b,PS-02_AIGR-S66270_NCIIPC_02_03_2026.xlsx,https://cloudberryboutique.com,https://cloudberryboutique.com,,,,,0,0,0,,,,,0,pending,pending,pending,pending,pending,pending,,,0,,2026-04-13T15:35:44+00:00
run_20260413T113749Z,a5cf4d76a5fdccc0f772ab71a6a08e1cdb344103,PS-02_AIGR-S66270_NCIIPC_02_03_2026.xlsx,cloudbidder.xyz,https://cloudbidder.xyz,,,,,0,0,0,,,,,0,pending,pending,pending,pending,pending,pending,,,0,,2026-04-13T15:35:44+00:00
run_20260413T113749Z,9d30166733834487c5b072162b1486be4ab61f04,PS-02_AIGR-S66270_NCIIPC_02_03_2026.xlsx,cloudbloc.xyz,https://cloudbloc.xyz,,,,,0,0,0,,,,,0,pending,pending,pending,pending,pending,pending,,,0,,2026-04-13T15:35:44+00:00
run_20260413T113749Z,86cc66f510b1745ae7cde89fb4e7ae8ab67f53f4,PS-02_AIGR-S66270_NCIIPC_02_03_2026.xlsx,cloudblossom.xyz,https://cloudblossom.xyz,,,,,0,0,0,,,,,0,pending,pending,pending,pending,pending,pending,,,0,,2026-04-13T15:35:44+00:00
run_20260413T113749Z,2afbb8276c11f8b36bba452f2b629dd28bf535b5,PS-02_AIGR-S66270_NCIIPC_02_03_2026.xlsx,cloudbolts.xyz,https://cloudbolts.xyz,dns_gate,filtered_dns_inactive,dns_gate_no_answer,no A/AAAA answers for cloudbolts.xyz,0,0,0,,ray-dns-gate,,,0,pending,pending,pending,pending,pending,filtered_lexical_miss,,dns_gate_inactive,0,,2026-04-13T11:38:28+00:00
run_20260413T113749Z,fe7221477ab7a8bb7c795f4726b8dcd8daaa7cb8,PS-02_AIGR-S66270_NCIIPC_02_03_2026.xlsx,cloudbond.xyz,https://cloudbond.xyz,,,,,0,0,0,,,,,0,pending,pending,pending,pending,pending,pending,,,0,,2026-04-13T15:35:44+00:00
run_20260413T113749Z,03c7a2b2edd4455ad436945fe231c76d3b00056d,PS-02_AIGR-S66270_NCIIPC_02_03_2026.xlsx,cloudbonsai.xyz,https://cloudbonsai.xyz,,,,,0,0,0,,,,,0,pending,pending,pending,pending,pending,pending,,,0,,2026-04-13T15:35:44+00:00
run_20260413T113749Z,52a549b226c9c8905e2b2a93667ae396fd45476e,PS-02_AIGR-S66270_NCIIPC_02_03_2026.xlsx,cloudbooktech.com,https://cloudbooktech.com,,,,,0,0,0,,,,,0,pending,pending,pending,pending,pending,pending,,,0,,2026-04-13T15:35:44+00:00
run_20260413T113749Z,241fdbcf75ab0c35c88f90320cdb54ceb0b4fa56,PS-02_AIGR-S66270_NCIIPC_02_03_2026.xlsx,cloudboxxvapes.com,https://cloudboxxvapes.com,,,,,0,0,0,,,,,0,pending,pending,pending,pending,pending,pending,,,0,,2026-04-13T15:35:44+00:00
run_20260413T113749Z,2cc07d1744aaf4484a2dfa5ecf70726d5468469b,PS-02_AIGR-S66270_NCIIPC_02_03_2026.xlsx,cloudboyproductions.com,https://cloudboyproductions.com,,,,,0,0,0,,,,,0,pending,pending,pending,pending,pending,pending,,,0,,2026-04-13T15:35:44+00:00
run_20260413T113749Z,bb3237546ccefe55963e6611d93ae9bbc35e54df,PS-02_AIGR-S66270_NCIIPC_02_03_2026.xlsx,cloudbreakcannabis.com,https://cloudbreakcannabis.com,,,,,0,0,0,,,,,0,pending,pending,pending,pending,pending,pending,,,0,,2026-04-13T15:35:44+00:00
run_20260413T113749Z,7f6d6d891dfe6856b2058a89a1a01aa196b6df43,PS-02_AIGR-S66270_NCIIPC_02_03_2026.xlsx,cloudbreakthrough.xyz,https://cloudbreakthrough.xyz,,,,,0,0,0,,,,,0,pending,pending,pending,pending,pending,pending,,,0,,2026-04-13T15:35:44+00:00
run_20260413T113749Z,ef0ad45d629e60869ca3c8e16651a51c9346e404,PS-02_AIGR-S66270_NCIIPC_02_03_2026.xlsx,https://cloudbridge.dev,https://cloudbridge.dev,,,,,0,0,0,,,,,0,pending,pending,pending,pending,pending,pending,,,0,,2026-04-13T15:35:44+00:00
run_20260413T113749Z,cb7dfe52bde1b80975aff9ffb39c8c942f70be08,PS-02_AIGR-S66270_NCIIPC_02_03_2026.xlsx,cloudbroker.fyi,https://cloudbroker.fyi,,,,,0,0,0,,,,,0,pending,pending,pending,pending,pending,pending,,,0,,2026-04-13T15:35:44+00:00
run_20260413T113749Z,10407b4bc0aeb73a88a8f32a4970626641470ad8,PS-02_AIGR-S66270_NCIIPC_02_03_2026.xlsx,cloudbuffer.xyz,https://cloudbuffer.xyz,,,,,0,0,0,,,,,0,pending,pending,pending,pending,pending,pending,,,0,,2026-04-13T15:35:44+00:00
run_20260413T113749Z,7862c730ff282014cb8da7809a08e0ef7b58fad5,PS-02_AIGR-S66270_NCIIPC_02_03_2026.xlsx,cloudbulwark.xyz,https://cloudbulwark.xyz,,,,,0,0,0,,,,,0,pending,pending,pending,pending,pending,pending,,,0,,2026-04-13T15:35:44+00:00
run_20260413T113749Z,5183ba42d3163028ae5433a915677f773c2c0fcf,PS-02_AIGR-S66270_NCIIPC_02_03_2026.xlsx,cloudburger.com,https://cloudburger.com,stage1,failed,,,0,0,0,,ray-stage1,,,0,pending,failed,pending,pending,pending,filtered_lexical_miss,,,0,,2026-04-13T15:36:06+00:00
run_20260413T113749Z,ba06317f047f782a9999284d9f1fd71169b7af6c,PS-02_AIGR-S66270_NCIIPC_02_03_2026.xlsx,cloudburst.fyi,https://cloudburst.fyi,,,,,0,0,0,,,,,0,pending,pending,pending,pending,pending,pending,,,0,,2026-04-13T15:35:44+00:00
run_20260413T113749Z,6fd4d84e15a4bd28999520cf0e564334a2ee4425,PS-02_AIGR-S66270_NCIIPC_02_03_2026.xlsx,cloudburstident.com,https://cloudburstident.com,,,,,0,0,0,,,,,0,pending,pending,pending,pending,pending,pending,,,0,,2026-04-13T15:35:44+00:00
run_20260413T113749Z,aa8be5c75e37be40d647e1328380f266e96827bb,PS-02_AIGR-S66270_NCIIPC_02_03_2026.xlsx,cloudbustechnologies.com,https://cloudbustechnologies.com,,,,,0,0,0,,,,,0,pending,pending,pending,pending,pending,pending,,,0,,2026-04-13T15:35:44+00:00
run_20260413T113749Z,bc8f0a52e6994a9b0e63d1d971e4ebbf8ea4e570,PS-02_AIGR-S66270_NCIIPC_02_03_2026.xlsx,cloudbyrevolutions.com,https://cloudbyrevolutions.com,,,,,0,0,0,,,,,0,pending,pending,pending,pending,pending,pending,,,0,,2026-04-13T15:35:44+00:00
run_20260413T113749Z,e1405a706dc4d455cde0a075eb04962aa46127b5,PS-02_AIGR-S66270_NCIIPC_02_03_2026.xlsx,cloudcabinet.xyz,https://cloudcabinet.xyz,,,,,0,0,0,,,,,0,pending,pending,pending,pending,pending,pending,,,0,,2026-04-13T15:35:44+00:00
run_20260413T113749Z,aad04e0307c987026bf59ee50cacd801e2924e86,PS-02_AIGR-S66270_NCIIPC_02_03_2026.xlsx,cloudcaledonia.com,https://cloudcaledonia.com,,,,,0,0,0,,,,,0,pending,pending,pending,pending,pending,pending,,,0,,2026-04-13T15:35:44+00:00
run_20260413T113749Z,27085efd9ca2bf249d55b12043befa6116668db7,PS-02_AIGR-S66270_NCIIPC_02_03_2026.xlsx,cloudcamp-poc.cloud,https://cloudcamp-poc.cloud,,,,,0,0,0,,,,,0,pending,pending,pending,pending,pending,pending,,,0,,2026-04-13T15:35:44+00:00
run_20260413T113749Z,dff6d64d0103b89386b10ef1096b773aa0628947,PS-02_AIGR-S66270_NCIIPC_02_03_2026.xlsx,cloudcampuscases.com,https://cloudcampuscases.com,,,,,0,0,0,,,,,0,pending,pending,pending,pending,pending,pending,,,0,,2026-04-13T15:35:44+00:00
run_20260413T113749Z,c7006dcc991fb10b52944c897cbd1e4e842dfc02,PS-02_AIGR-S66270_NCIIPC_02_03_2026.xlsx,cloudcapsule.cloud,https://cloudcapsule.cloud,,,,,0,0,0,,,,,0,pending,pending,pending,pending,pending,pending,,,0,,2026-04-13T15:35:44+00:00
run_20260413T113749Z,71c95947c70636d4c29f0541d435d558c78cb27d,PS-02_AIGR-S66270_NCIIPC_02_03_2026.xlsx,cloudcardinal.xyz,https://cloudcardinal.xyz,,,,,0,0,0,,,,,0,pending,pending,pending,pending,pending,pending,,,0,,2026-04-13T15:35:44+00:00
run_20260413T113749Z,027c1aa81cb60bc79651f3bac7e17160466c2517,PS-02_AIGR-S66270_NCIIPC_02_03_2026.xlsx,cloudcareers.xyz,https://cloudcareers.xyz,dns_gate,filtered_dns_inactive,dns_gate_no_answer,no A/AAAA answers for cloudcareers.xyz,0,0,0,,ray-dns-gate,,,0,pending,pending,pending,pending,pending,filtered_lexical_miss,,dns_gate_inactive,0,,2026-04-13T15:35:55+00:00
run_20260413T113749Z,fc4b10354daa7d80af6b4cf6b7793492ccc26b8a,PS-02_AIGR-S66270_NCIIPC_02_03_2026.xlsx,cloudcasts.xyz,https://cloudcasts.xyz,,,,,0,0,0,,,,,0,pending,pending,pending,pending,pending,pending,,,0,,2026-04-13T15:35:44+00:00
run_20260413T113749Z,8eea5130b9bf4b6c935fddcce1eaca948f12203a,PS-02_AIGR-S66270_NCIIPC_02_03_2026.xlsx,cloudcatchermusic.com,https://cloudcatchermusic.com,,,,,0,0,0,,,,,0,pending,pending,pending,pending,pending,pending,,,0,,2026-04-13T15:35:44+00:00
run_20260413T113749Z,4f79d3d374e43fe14c40d130fde8009bced023f6,PS-02_AIGR-S66270_NCIIPC_02_03_2026.xlsx,cloudcentricpulse.click,https://cloudcentricpulse.click,,,,,0,0,0,,,,,0,pending,pending,pending,pending,pending,pending,,,0,,2026-04-13T15:35:44+00:00
run_20260413T113749Z,d7d3a5204174dc50cdd9ed99bde0ade050704a15,PS-02_AIGR-S66270_NCIIPC_02_03_2026.xlsx,cloudcertguru.com,https://cloudcertguru.com,,,,,0,0,0,,,,,0,pending,pending,pending,pending,pending,pending,,,0,,2026-04-13T15:35:44+00:00
run_20260413T113749Z,372d1d4a114e342d42b64636b3255c6427ecf5de,PS-02_AIGR-S66270_NCIIPC_02_03_2026.xlsx,cloudchainhub.xyz,https://cloudchainhub.xyz,,,,,0,0,0,,,,,0,pending,pending,pending,pending,pending,pending,,,0,,2026-04-13T15:35:44+00:00
run_20260413T113749Z,3691dc7b58129d3bdf6a3e1217d2f958d138b000,PS-02_AIGR-S66270_NCIIPC_02_03_2026.xlsx,https://cloudchangxunt.com,https://cloudchangxunt.com,,,,,0,0,0,,,,,0,pending,pending,pending,pending,pending,pending,,,0,,2026-04-13T15:35:44+00:00
run_20260413T113749Z,d086e799300ac442eb200b9b1656a7c6f4bc9951,PS-02_AIGR-S66270_NCIIPC_02_03_2026.xlsx,cloudcharacter.xyz,https://cloudcharacter.xyz,,,,,0,0,0,,,,,0,pending,pending,pending,pending,pending,pending,,,0,,2026-04-13T15:35:44+00:00
run_20260413T113749Z,1653149b55df421e134efd1be95726a07cccf479,PS-02_AIGR-S66270_NCIIPC_02_03_2026.xlsx,cloudcharm.xyz,https://cloudcharm.xyz,,,,,0,0,0,,,,,0,pending,pending,pending,pending,pending,pending,,,0,,2026-04-13T15:35:44+00:00
run_20260413T113749Z,8c51b3d18cb987ae92e61b651fa70a8daa086d4a,PS-02_AIGR-S66270_NCIIPC_02_03_2026.xlsx,https://cloudchaser.coffee,https://cloudchaser.coffee,,,,,0,0,0,,,,,0,pending,pending,pending,pending,pending,pending,,,0,,2026-04-13T15:35:44+00:00
run_20260413T113749Z,4d2e01ec308f4d78708684345d19c85891267530,PS-02_AIGR-S66270_NCIIPC_02_03_2026.xlsx,cloudchatbots.xyz,https://cloudchatbots.xyz,dns_gate,filtered_dns_inactive,dns_gate_no_answer,no A/AAAA answers for cloudchatbots.xyz,0,0,0,,ray-dns-gate,,,0,pending,pending,pending,pending,pending,filtered_lexical_miss,,dns_gate_inactive,0,,2026-04-13T11:38:28+00:00
run_20260413T113749Z,e122222b4371518405a16ca400a04e7bd84443c7,PS-02_AIGR-S66270_NCIIPC_02_03_2026.xlsx,cloudchill.xyz,https://cloudchill.xyz,,,,,0,0,0,,,,,0,pending,pending,pending,pending,pending,pending,,,0,,2026-04-13T15:35:44+00:00
run_20260413T113749Z,35ec5266cd5f022d286b414e5a42728ebcc336a8,PS-02_AIGR-S66270_NCIIPC_02_03_2026.xlsx,cloudchimp.xyz,https://cloudchimp.xyz,,,,,0,0,0,,,,,0,pending,pending,pending,pending,pending,pending,,,0,,2026-04-13T15:35:44+00:00
run_20260413T113749Z,eeada0ac4d4f12e6d7eaf47b1e54519ae02c56a1,PS-02_AIGR-S66270_NCIIPC_02_03_2026.xlsx,cloudciphers.xyz,https://cloudciphers.xyz,dns_gate,filtered_dns_inactive,dns_gate_no_answer,no A/AAAA answers for cloudciphers.xyz,0,0,0,,ray-dns-gate,,,0,pending,pending,pending,pending,pending,filtered_lexical_miss,,dns_gate_inactive,0,,2026-04-13T15:35:55+00:00
run_20260413T113749Z,0abdeb9a056bcc4659f0a794ecf0bf5ff88e33d8,PS-02_AIGR-S66270_NCIIPC_02_03_2026.xlsx,cloudcleaning.xyz,https://cloudcleaning.xyz,,,,,0,0,0,,,,,0,pending,pending,pending,pending,pending,pending,,,0,,2026-04-13T15:35:44+00:00
run_20260413T113749Z,a43998b505cb219bd795c24506bcbd0682d7a372,PS-02_AIGR-S66270_NCIIPC_02_03_2026.xlsx,cloudcoinai.xyz,https://cloudcoinai.xyz,,,,,0,0,0,,,,,0,pending,pending,pending,pending,pending,pending,,,0,,2026-04-13T15:35:44+00:00
run_20260413T113749Z,aa2495dc51c71a44ebdb8d6cd94e3b5aab831bed,PS-02_AIGR-S66270_NCIIPC_02_03_2026.xlsx,cloudcoinclub.xyz,https://cloudcoinclub.xyz,,,,,0,0,0,,,,,0,pending,pending,pending,pending,pending,pending,,,0,,2026-04-13T15:35:44+00:00
run_20260413T113749Z,c2e39b989c5209c7c7792e1e3a10b6e3cf92d7cb,PS-02_AIGR-S66270_NCIIPC_02_03_2026.xlsx,cloudcoins.xyz,https://cloudcoins.xyz,,,,,0,0,0,,,,,0,pending,pending,pending,pending,pending,pending,,,0,,2026-04-13T15:35:44+00:00
run_20260413T113749Z,dd5cdf95b26194fa834c63ff5dfb8ccf6f09da4f,PS-02_AIGR-S66270_NCIIPC_02_03_2026.xlsx,cloudcollectivekids.com,https://cloudcollectivekids.com,,,,,0,0,0,,,,,0,pending,pending,pending,pending,pending,pending,,,0,,2026-04-13T15:35:44+00:00
run_20260413T113749Z,e705783a66a6b3cc23189ab605021d4f99ef5d95,PS-02_AIGR-S66270_NCIIPC_02_03_2026.xlsx,https://cloudcommandcenter.com,https://cloudcommandcenter.com,stage1,failed,,,0,0,0,,ray-stage1,,,0,pending,failed,pending,pending,pending,filtered_lexical_miss,,,0,,2026-04-13T11:39:25+00:00
run_20260413T113749Z,3aeee4ef2f14be352a25b08474e9d5903969ae21,PS-02_AIGR-S66270_NCIIPC_02_03_2026.xlsx,cloudcommunications.xyz,https://cloudcommunications.xyz,,,,,0,0,0,,,,,0,pending,pending,pending,pending,pending,pending,,,0,,2026-04-13T15:35:44+00:00
run_20260413T113749Z,7f92645942152a995ac9a347c00afdb8ac53ea1f,PS-02_AIGR-S66270_NCIIPC_02_03_2026.xlsx,cloudcompiler.xyz,https://cloudcompiler.xyz,,,,,0,0,0,,,,,0,pending,pending,pending,pending,pending,pending,,,0,,2026-04-13T15:35:44+00:00
run_20260413T113749Z,3161e353dfe86ee80ef3dd4083e70d7066ba9269,PS-02_AIGR-S66270_NCIIPC_02_03_2026.xlsx,cloudconfidence.xyz,https://cloudconfidence.xyz,,,,,0,0,0,,,,,0,pending,pending,pending,pending,pending,pending,,,0,,2026-04-13T15:35:44+00:00
run_20260413T113749Z,0edd6baa75b7c1eb0757b03f8280ddfa59c0def1,PS-02_AIGR-S66270_NCIIPC_02_03_2026.xlsx,cloudconnector.xyz,https://cloudconnector.xyz,,,,,0,0,0,,,,,0,pending,pending,pending,pending,pending,pending,,,0,,2026-04-13T15:35:44+00:00
run_20260413T113749Z,e8390ebb9d791f3e93cc7c3bb6ce64e8c579efef,PS-02_AIGR-S66270_NCIIPC_02_03_2026.xlsx,cloudconnects.xyz,https://cloudconnects.xyz,,,,,0,0,0,,,,,0,pending,pending,pending,pending,pending,pending,,,0,,2026-04-13T15:35:44+00:00
run_20260413T113749Z,265313c942643f793b1d260771f131d790c803d0,PS-02_AIGR-S66270_NCIIPC_02_03_2026.xlsx,cloudcontrol-media.com,https://cloudcontrol-media.com,,,,,0,0,0,,,,,0,pending,pending,pending,pending,pending,pending,,,0,,2026-04-13T15:35:44+00:00
run_20260413T113749Z,a6438ddb85c410333d98f1bd98247a6a0c5c80c1,PS-02_AIGR-S66270_NCIIPC_02_03_2026.xlsx,cloudcooperative.xyz,https://cloudcooperative.xyz,,,,,0,0,0,,,,,0,pending,pending,pending,pending,pending,pending,,,0,,2026-04-13T15:35:44+00:00
run_20260413T113749Z,0693af3405723e631c39055571dedbeac12098fa,PS-02_AIGR-S66270_NCIIPC_02_03_2026.xlsx,cloudcostdoctor.com,https://cloudcostdoctor.com,,,,,0,0,0,,,,,0,pending,pending,pending,pending,pending,pending,,,0,,2026-04-13T15:35:44+00:00
run_20260413T113749Z,463984c4ca6df4d3fd53d57664412ff0ffc54de4,PS-02_AIGR-S66270_NCIIPC_02_03_2026.xlsx,cloudcostreview.com,https://cloudcostreview.com,,,,,0,0,0,,,,,0,pending,pending,pending,pending,pending,pending,,,0,,2026-04-13T15:35:44+00:00
run_20260413T113749Z,b17433fa5f1d101b18c67b1b717fe95d0ee39e08,PS-02_AIGR-S66270_NCIIPC_02_03_2026.xlsx,https://cloudcounting.com,https://cloudcounting.com,,,,,0,0,0,,,,,0,pending,pending,pending,pending,pending,pending,,,0,,2026-04-13T15:35:44+00:00
run_20260413T113749Z,ab9bc8662683a5bd52ff866ec530c8c39a0f62da,PS-02_AIGR-S66270_NCIIPC_02_03_2026.xlsx,cloudcrack.info,https://cloudcrack.info,,,,,0,0,0,,,,,0,pending,pending,pending,pending,pending,pending,,,0,,2026-04-13T15:35:44+00:00
run_20260413T113749Z,e030bb37540983e47bfdc4550af293fbf636c049,PS-02_AIGR-S66270_NCIIPC_02_03_2026.xlsx,cloudcraft.dev,https://cloudcraft.dev,,,,,0,0,0,,,,,0,pending,pending,pending,pending,pending,pending,,,0,,2026-04-13T15:35:44+00:00
run_20260413T113749Z,46c36da5be9bba2f432b9a3ea290f2bf1a4c7a44,PS-02_AIGR-S66270_NCIIPC_02_03_2026.xlsx,cloudcrafthq.com,https://cloudcrafthq.com,,,,,0,0,0,,,,,0,pending,pending,pending,pending,pending,pending,,,0,,2026-04-13T15:35:44+00:00
run_20260413T113749Z,b745cec3462dcb11f0d980195efb1d72c393af53,PS-02_AIGR-S66270_NCIIPC_02_03_2026.xlsx,cloudcrd.com,https://cloudcrd.com,,,,,0,0,0,,,,,0,pending,pending,pending,pending,pending,pending,,,0,,2026-04-13T15:35:44+00:00
run_20260413T113749Z,eef5a63dc885a4ccaa4688bcfdc01ad9698c1295,PS-02_AIGR-S66270_NCIIPC_02_03_2026.xlsx,cloudcreation.xyz,https://cloudcreation.xyz,,,,,0,0,0,,,,,0,pending,pending,pending,pending,pending,pending,,,0,,2026-04-13T15:35:44+00:00
run_20260413T113749Z,70fc7b8a3d55930615b090a042c6178b4540c873,PS-02_AIGR-S66270_NCIIPC_02_03_2026.xlsx,cloudcroft-motel.com,https://cloudcroft-motel.com,,,,,0,0,0,,,,,0,pending,pending,pending,pending,pending,pending,,,0,,2026-04-13T15:35:44+00:00
run_20260413T113749Z,1e1ae65a17c089bfd0b054d81a2db9490d614fc0,PS-02_AIGR-S66270_NCIIPC_02_03_2026.xlsx,cloudcroftvillages.com,https://cloudcroftvillages.com,,,,,0,0,0,,,,,0,pending,pending,pending,pending,pending,pending,,,0,,2026-04-13T15:35:44+00:00
run_20260413T113749Z,2a0fb72d13706289cb71c14746b40282bcfb0f50,PS-02_AIGR-S66270_NCIIPC_02_03_2026.xlsx,cloudcrypt.xyz,https://cloudcrypt.xyz,,,,,0,0,0,,,,,0,pending,pending,pending,pending,pending,pending,,,0,,2026-04-13T15:35:44+00:00
run_20260413T113749Z,23055deceae9a6aa478d96aff3d26e18e1d07338,PS-02_AIGR-S66270_NCIIPC_02_03_2026.xlsx,cloudcryptominer.xyz,https://cloudcryptominer.xyz,dns_gate,filtered_dns_inactive,dns_gate_no_answer,no A/AAAA answers for cloudcryptominer.xyz,0,0,0,,ray-dns-gate,,,0,pending,pending,pending,pending,pending,filtered_lexical_miss,,dns_gate_inactive,0,,2026-04-13T12:18:20+00:00
run_20260413T113749Z,3075eef5a621b7c0ce83c21f781b1af8fb045b79,PS-02_AIGR-S66270_NCIIPC_02_03_2026.xlsx,cloudcube.vip,https://cloudcube.vip,,,,,0,0,0,,,,,0,pending,pending,pending,pending,pending,pending,,,0,,2026-04-13T15:35:44+00:00
run_20260413T113749Z,a9b8ab44ed58ea34e2ecc1a2c5e158efd346c780,PS-02_AIGR-S66270_NCIIPC_02_03_2026.xlsx,cloudculturestudio.com,https://cloudculturestudio.com,,,,,0,0,0,,,,,0,pending,pending,pending,pending,pending,pending,,,0,,2026-04-13T15:35:44+00:00
run_20260413T113749Z,a03505c395f259e113232ab57e7d87a088617cd9,PS-02_AIGR-S66270_NCIIPC_02_03_2026.xlsx,clouddatahelp.com,https://clouddatahelp.com,,,,,0,0,0,,,,,0,pending,pending,pending,pending,pending,pending,,,0,,2026-04-13T15:35:44+00:00
run_20260413T113749Z,4450979c01468fa9b2ab13dc9e9ff193a0bb8ce8,PS-02_AIGR-S66270_NCIIPC_02_03_2026.xlsx,https://clouddatalayer.com,https://clouddatalayer.com,,,,,0,0,0,,,,,0,pending,pending,pending,pending,pending,pending,,,0,,2026-04-13T15:35:44+00:00
run_20260413T113749Z,556606cf02519ac4f06196dd14760c071236c5e2,PS-02_AIGR-S66270_NCIIPC_02_03_2026.xlsx,clouddebater.xyz,https://clouddebater.xyz,,,,,0,0,0,,,,,0,pending,pending,pending,pending,pending,pending,,,0,,2026-04-13T15:35:44+00:00
run_20260413T113749Z,48a41d40ccb0cb8496245a4d54933a9b1b1403ca,PS-02_AIGR-S66270_NCIIPC_02_03_2026.xlsx,clouddecentral.com,https://clouddecentral.com,,,,,0,0,0,,,,,0,pending,pending,pending,pending,pending,pending,,,0,,2026-04-13T15:35:44+00:00
run_20260413T113749Z,ab363cd9c8381aefac09424efe6eeeab2dae7eb8,PS-02_AIGR-S66270_NCIIPC_02_03_2026.xlsx,clouddefenders.xyz,https://clouddefenders.xyz,,,,,0,0,0,,,,,0,pending,pending,pending,pending,pending,pending,,,0,,2026-04-13T15:35:44+00:00
run_20260413T113749Z,be181bb837b5a55778aec88f2abcd6b4c83f4091,PS-02_AIGR-S66270_NCIIPC_02_03_2026.xlsx,clouddiamond.xyz,https://clouddiamond.xyz,,,,,0,0,0,,,,,0,pending,pending,pending,pending,pending,pending,,,0,,2026-04-13T15:35:44+00:00
run_20260413T113749Z,822e55c977bfc27f2dc1530bde4f87f81669f254,PS-02_AIGR-S66270_NCIIPC_02_03_2026.xlsx,clouddl.xyz,https://clouddl.xyz,,,,,0,0,0,,,,,0,pending,pending,pending,pending,pending,pending,,,0,,2026-04-13T15:35:44+00:00
run_20260413T113749Z,91dcac3d2a6ffc6606b4d22f0ade4f1680205d06,PS-02_AIGR-S66270_NCIIPC_02_03_2026.xlsx,clouddominator.xyz,https://clouddominator.xyz,,,,,0,0,0,,,,,0,pending,pending,pending,pending,pending,pending,,,0,,2026-04-13T15:35:44+00:00
run_20260413T113749Z,42cca56d2b1f87e1c383c97bd52f98b702305dc3,PS-02_AIGR-S66270_NCIIPC_02_03_2026.xlsx,clouddreamer.xyz,https://clouddreamer.xyz,,,,,0,0,0,,,,,0,pending,pending,pending,pending,pending,pending,,,0,,2026-04-13T15:35:44+00:00
run_20260413T113749Z,90863a175c0449bcae7770ae578d8adf0b4beec9,PS-02_AIGR-S66270_NCIIPC_02_03_2026.xlsx,clouddy.cloud,https://clouddy.cloud,,,,,0,0,0,,,,,0,pending,pending,pending,pending,pending,pending,,,0,,2026-04-13T15:35:44+00:00
run_20260413T113749Z,955de3aeb88abb2e42977b59fa5e31c126504a36,PS-02_AIGR-S66270_NCIIPC_02_03_2026.xlsx,clouddynasty.xyz,https://clouddynasty.xyz,,,,,0,0,0,,,,,0,pending,pending,pending,pending,pending,pending,,,0,,2026-04-13T15:35:44+00:00
run_20260413T113749Z,9324be80ecb061a60320afd11185552f7977cdc4,PS-02_AIGR-S66270_NCIIPC_02_03_2026.xlsx,cloudecho.xyz,https://cloudecho.xyz,,,,,0,0,0,,,,,0,pending,pending,pending,pending,pending,pending,,,0,,2026-04-13T15:35:44+00:00
run_20260413T113749Z,4e2780467fc2278cc3721d09db1711bd16841305,PS-02_AIGR-S66270_NCIIPC_02_03_2026.xlsx,clouded-minds.com,https://clouded-minds.com,,,,,0,0,0,,,,,0,pending,pending,pending,pending,pending,pending,,,0,,2026-04-13T15:35:44+00:00
run_20260413T113749Z,c52c11be81a2c1f256a0faeb1f0b58dcc4ed8f63,PS-02_AIGR-S66270_NCIIPC_02_03_2026.xlsx,cloudembassies.xyz,https://cloudembassies.xyz,dns_gate,filtered_dns_inactive,dns_gate_no_answer,no A/AAAA answers for cloudembassies.xyz,0,0,0,,ray-dns-gate,,,0,pending,pending,pending,pending,pending,filtered_lexical_miss,,dns_gate_inactive,0,,2026-04-13T11:38:28+00:00
run_20260413T113749Z,0cbeee428757d627bd00508aa24fed3d8162a70c,PS-02_AIGR-S66270_NCIIPC_02_03_2026.xlsx,cloudemy.app,https://cloudemy.app,,,,,0,0,0,,,,,0,pending,pending,pending,pending,pending,pending,,,0,,2026-04-13T15:35:44+00:00
run_20260413T113749Z,9309ea630e396dbac7cfe872758023a4931d5cfb,PS-02_AIGR-S66270_NCIIPC_02_03_2026.xlsx,cloudencryption.xyz,https://cloudencryption.xyz,,,,,0,0,0,,,,,0,pending,pending,pending,pending,pending,pending,,,0,,2026-04-13T15:35:44+00:00
run_20260413T113749Z,a7318addd5202e2e52854fb49b54ad0774c7ad36,PS-02_AIGR-S66270_NCIIPC_02_03_2026.xlsx,cloudenergy.tech,https://cloudenergy.tech,,,,,0,0,0,,,,,0,pending,pending,pending,pending,pending,pending,,,0,,2026-04-13T15:35:44+00:00
run_20260413T113749Z,636e90ebe0c9a53dba69601d22b0df91c1fc5a7a,PS-02_AIGR-S66270_NCIIPC_02_03_2026.xlsx,cloudenterahora.site,https://cloudenterahora.site,,,,,0,0,0,,,,,0,pending,pending,pending,pending,pending,pending,,,0,,2026-04-13T15:35:44+00:00
run_20260413T113749Z,aac4c4ad5e187b3a38ec1093917b0d77e926096e,PS-02_AIGR-S66270_NCIIPC_02_03_2026.xlsx,cloudenthusiasts.xyz,https://cloudenthusiasts.xyz,,,,,0,0,0,,,,,0,pending,pending,pending,pending,pending,pending,,,0,,2026-04-13T15:35:44+00:00
run_20260413T113749Z,4b932a387cfa76831eb27530b587aae06aab6e41,PS-02_AIGR-S66270_NCIIPC_02_03_2026.xlsx,cloudeo.xyz,https://cloudeo.xyz,,,,,0,0,0,,,,,0,pending,pending,pending,pending,pending,pending,,,0,,2026-04-13T15:35:44+00:00
run_20260413T113749Z,20d8482f01477d517e7da349af3f9d633707518d,PS-02_AIGR-S66270_NCIIPC_02_03_2026.xlsx,https://clouderio.com,https://clouderio.com,,,,,0,0,0,,,,,0,pending,pending,pending,pending,pending,pending,,,0,,2026-04-13T15:35:44+00:00
run_20260413T113749Z,3b8d485dbd4afb964d7b6c6ca1dbde1b7e09e4ae,PS-02_AIGR-S66270_NCIIPC_02_03_2026.xlsx,cloudeus.cloud,https://cloudeus.cloud,,,,,0,0,0,,,,,0,pending,pending,pending,pending,pending,pending,,,0,,2026-04-13T15:35:44+00:00
run_20260413T113749Z,c2c354472f862d76b4b3387c3b673082073e7815,PS-02_AIGR-S66270_NCIIPC_02_03_2026.xlsx,cloudeus.pics,https://cloudeus.pics,,,,,0,0,0,,,,,0,pending,pending,pending,pending,pending,pending,,,0,,2026-04-13T15:35:44+00:00
run_20260413T113749Z,9c5ccf2bbf2a6afb4a72a55215d53220ef2bb043,PS-02_AIGR-S66270_NCIIPC_02_03_2026.xlsx,cloudeus.xyz,https://cloudeus.xyz,,,,,0,0,0,,,,,0,pending,pending,pending,pending,pending,pending,,,0,,2026-04-13T15:35:44+00:00
run_20260413T113749Z,070257fce12ea6937ee329faa4a2a3c0e59f79be,PS-02_AIGR-S66270_NCIIPC_02_03_2026.xlsx,cloudevergreen.com,https://cloudevergreen.com,,,,,0,0,0,,,,,0,pending,pending,pending,pending,pending,pending,,,0,,2026-04-13T15:35:44+00:00
run_20260413T113749Z,71c2e625e4dc6ee4c8423772c1498f7d8102850d,PS-02_AIGR-S66270_NCIIPC_02_03_2026.xlsx,cloudevolution.xyz,https://cloudevolution.xyz,,,,,0,0,0,,,,,0,pending,pending,pending,pending,pending,pending,,,0,,2026-04-13T15:35:44+00:00
run_20260413T113749Z,01a1a5f99f8b6d6a852b38e2ab293ee2231477e0,PS-02_AIGR-S66270_NCIIPC_02_03_2026.xlsx,cloudexclusive.xyz,https://cloudexclusive.xyz,,,,,0,0,0,,,,,0,pending,pending,pending,pending,pending,pending,,,0,,2026-04-13T15:35:44+00:00
run_20260413T113749Z,7654535c290b3ddb6b77ab69f4c755832d5cf0ca,PS-02_AIGR-S66270_NCIIPC_02_03_2026.xlsx,cloudexecutive.xyz,https://cloudexecutive.xyz,,,,,0,0,0,,,,,0,pending,pending,pending,pending,pending,pending,,,0,,2026-04-13T15:35:44+00:00
run_20260413T113749Z,f0ed80b141de5e235e8ad35ea927a4c23aac8424,PS-02_AIGR-S66270_NCIIPC_02_03_2026.xlsx,cloudfactor.xyz,https://cloudfactor.xyz,,,,,0,0,0,,,,,0,pending,pending,pending,pending,pending,pending,,,0,,2026-04-13T15:35:44+00:00
run_20260413T113749Z,de50d6a928c8304cc817cf9b9a8c4652561816ef,PS-02_AIGR-S66270_NCIIPC_02_03_2026.xlsx,cloudfastmail.com,https://cloudfastmail.com,,,,,0,0,0,,,,,0,pending,pending,pending,pending,pending,pending,,,0,,2026-04-13T15:35:44+00:00
run_20260413T113749Z,5b428332b0a30a2bc521addfc391a7da55aa5030,PS-02_AIGR-S66270_NCIIPC_02_03_2026.xlsx,cloudficient.com,https://cloudficient.com,,,,,0,0,0,,,,,0,pending,pending,pending,pending,pending,pending,,,0,,2026-04-13T15:35:44+00:00
run_20260413T113749Z,e2b7d08d42e8601aeb1e1c117f8488015fe037a8,PS-02_AIGR-S66270_NCIIPC_02_03_2026.xlsx,cloudfiction.xyz,https://cloudfiction.xyz,,,,,0,0,0,,,,,0,pending,pending,pending,pending,pending,pending,,,0,,2026-04-13T15:35:44+00:00
run_20260413T113749Z,3a3b97da0908d2c67d87b1e70cef1caa29c581c0,PS-02_AIGR-S66270_NCIIPC_02_03_2026.xlsx,https://cloudfinanceteam.com,https://cloudfinanceteam.com,,,,,0,0,0,,,,,0,pending,pending,pending,pending,pending,pending,,,0,,2026-04-13T15:35:44+00:00
run_20260413T113749Z,c4b815f112b5a8523b6ead7aa699306c30f5a3cb,PS-02_AIGR-S66270_NCIIPC_02_03_2026.xlsx,cloudfinancing.xyz,https://cloudfinancing.xyz,,,,,0,0,0,,,,,0,pending,pending,pending,pending,pending,pending,,,0,,2026-04-13T15:35:44+00:00
run_20260413T113749Z,97c95edced61d4e0c7445362813d24f0118fd1c7,PS-02_AIGR-S66270_NCIIPC_02_03_2026.xlsx,cloudfirstsolutions.com,https://cloudfirstsolutions.com,,,,,0,0,0,,,,,0,pending,pending,pending,pending,pending,pending,,,0,,2026-04-13T15:35:44+00:00
run_20260413T113749Z,35d79e76230780c1c74eca68994208cc44738cf3,PS-02_AIGR-S66270_NCIIPC_02_03_2026.xlsx,cloudfish.sbs,https://cloudfish.sbs,,,,,0,0,0,,,,,0,pending,pending,pending,pending,pending,pending,,,0,,2026-04-13T15:35:44+00:00
run_20260413T113749Z,d338c3ad4eec084dec5f8f99c9a3b4bfb1f18796,PS-02_AIGR-S66270_NCIIPC_02_03_2026.xlsx,cloudflap.xyz,https://cloudflap.xyz,,,,,0,0,0,,,,,0,pending,pending,pending,pending,pending,pending,,,0,,2026-04-13T15:35:44+00:00
run_20260413T113749Z,740d55796aaa47fb5ea88ec25de10565cbdc01a1,PS-02_AIGR-S66270_NCIIPC_02_03_2026.xlsx,cloudflare.cfd,https://cloudflare.cfd,,,,,0,0,0,,,,,0,pending,pending,pending,pending,pending,pending,,,0,,2026-04-13T15:35:44+00:00
run_20260413T113749Z,651c3d2d6413c791e322efbd441226af6d48c8b4,PS-02_AIGR-S66270_NCIIPC_02_03_2026.xlsx,cloudflarereserv.click,https://cloudflarereserv.click,,,,,0,0,0,,,,,0,pending,pending,pending,pending,pending,pending,,,0,,2026-04-13T15:35:44+00:00
run_20260413T113749Z,c5eb8e548adc5e6a81bc63948dd67b2bedce63ea,PS-02_AIGR-S66270_NCIIPC_02_03_2026.xlsx,cloudfleet.xyz,https://cloudfleet.xyz,,,,,0,0,0,,,,,0,pending,pending,pending,pending,pending,pending,,,0,,2026-04-13T15:35:44+00:00
run_20260413T113749Z,e1d2d75424235e14babdaf169c6854219dbbbca8,PS-02_AIGR-S66270_NCIIPC_02_03_2026.xlsx,cloudflowers.net,https://cloudflowers.net,,,,,0,0,0,,,,,0,pending,pending,pending,pending,pending,pending,,,0,,2026-04-13T15:35:44+00:00
run_20260413T113749Z,e7e93e7a339644f4d7aa05d7b8056e49a4685b2f,PS-02_AIGR-S66270_NCIIPC_02_03_2026.xlsx,cloudforhealthcare.com,https://cloudforhealthcare.com,,,,,0,0,0,,,,,0,pending,pending,pending,pending,pending,pending,,,0,,2026-04-13T15:35:44+00:00
run_20260413T113749Z,32cd7c9fad23899bf39a767e4622e660ee435e33,PS-02_AIGR-S66270_NCIIPC_02_03_2026.xlsx,cloudformula.xyz,https://cloudformula.xyz,,,,,0,0,0,,,,,0,pending,pending,pending,pending,pending,pending,,,0,,2026-04-13T15:35:44+00:00
run_20260413T113749Z,6a36189a7c9f92b36e360059b483fa82c473f641,PS-02_AIGR-S66270_NCIIPC_02_03_2026.xlsx,cloudfounder.xyz,https://cloudfounder.xyz,,,,,0,0,0,,,,,0,pending,pending,pending,pending,pending,pending,,,0,,2026-04-13T15:35:44+00:00
run_20260413T113749Z,a29043caa9639ebc21970d265165b0c86747e3b9,PS-02_AIGR-S66270_NCIIPC_02_03_2026.xlsx,cloudfractal.xyz,https://cloudfractal.xyz,,,,,0,0,0,,,,,0,pending,pending,pending,pending,pending,pending,,,0,,2026-04-13T15:35:44+00:00
run_20260413T113749Z,493cf621c3b3d728d9d16e2e4aae2b581784f550,PS-02_AIGR-S66270_NCIIPC_02_03_2026.xlsx,cloudfraction.link,https://cloudfraction.link,,,,,0,0,0,,,,,0,pending,pending,pending,pending,pending,pending,,,0,,2026-04-13T15:35:44+00:00
run_20260413T113749Z,a4230f3292a77da0e1acd0295a20e8d84bbe9781,PS-02_AIGR-S66270_NCIIPC_02_03_2026.xlsx,cloudframes.xyz,https://cloudframes.xyz,,,,,0,0,0,,,,,0,pending,pending,pending,pending,pending,pending,,,0,,2026-04-13T15:35:44+00:00
run_20260413T113749Z,e19755896d771fb899b5ca578bf76c88f3093cc7,PS-02_AIGR-S66270_NCIIPC_02_03_2026.xlsx,cloudftw.com,https://cloudftw.com,,,,,0,0,0,,,,,0,pending,pending,pending,pending,pending,pending,,,0,,2026-04-13T15:35:44+00:00
run_20260413T113749Z,7d45aa897fa4465e284d379af38a8eafbce19e63,PS-02_AIGR-S66270_NCIIPC_02_03_2026.xlsx,https://cloudfullstack.com,https://cloudfullstack.com,,,,,0,0,0,,,,,0,pending,pending,pending,pending,pending,pending,,,0,,2026-04-13T15:35:44+00:00
run_20260413T113749Z,1605f3665d040cb02e4ecefd4dfd86bb6c12f1d3,PS-02_AIGR-S66270_NCIIPC_02_03_2026.xlsx,cloudfunds.xyz,https://cloudfunds.xyz,,,,,0,0,0,,,,,0,pending,pending,pending,pending,pending,pending,,,0,,2026-04-13T15:35:44+00:00
run_20260413T113749Z,a180bf8790ddc7e055ebc6ab46c523ea04af5052,PS-02_AIGR-S66270_NCIIPC_02_03_2026.xlsx,cloudgarrison.xyz,https://cloudgarrison.xyz,,,,,0,0,0,,,,,0,pending,pending,pending,pending,pending,pending,,,0,,2026-04-13T15:35:44+00:00
run_20260413T113749Z,ad6369ebdb06e4a0b7af5cc8c970ec24942e36d5,PS-02_AIGR-S66270_NCIIPC_02_03_2026.xlsx,cloudgates.xyz,https://cloudgates.xyz,dns_gate,filtered_dns_inactive,dns_gate_no_answer,no A/AAAA answers for cloudgates.xyz,0,0,0,,ray-dns-gate,,,0,pending,pending,pending,pending,pending,filtered_lexical_miss,,dns_gate_inactive,0,,2026-04-13T11:38:28+00:00
run_20260413T113749Z,877bd7845b5d61e3264cbe29fe7d8e5279d3c290,PS-02_AIGR-S66270_NCIIPC_02_03_2026.xlsx,https://cloudgensolutions.com,https://cloudgensolutions.com,,,,,0,0,0,,,,,0,pending,pending,pending,pending,pending,pending,,,0,,2026-04-13T15:35:44+00:00
run_20260413T113749Z,6c59d72e8c060dda32675a9f117017b079050085,PS-02_AIGR-S66270_NCIIPC_02_03_2026.xlsx,cloudgiving.com,https://cloudgiving.com,,,,,0,0,0,,,,,0,pending,pending,pending,pending,pending,pending,,,0,,2026-04-13T15:35:44+00:00
run_20260413T113749Z,20c3bf2a176e48982fb497e9c955e655e43f299b,PS-02_AIGR-S66270_NCIIPC_02_03_2026.xlsx,cloudgoddess.xyz,https://cloudgoddess.xyz,,,,,0,0,0,,,,,0,pending,pending,pending,pending,pending,pending,,,0,,2026-04-13T15:35:44+00:00
run_20260413T113749Z,e8f85c210bbd2a3ed634550810e2c258a7d16b48,PS-02_AIGR-S66270_NCIIPC_02_03_2026.xlsx,cloudgrants.xyz,https://cloudgrants.xyz,,,,,0,0,0,,,,,0,pending,pending,pending,pending,pending,pending,,,0,,2026-04-13T15:35:44+00:00
run_20260413T113749Z,53d9140134f514dd5b2548a95bf2e0c2012192aa,PS-02_AIGR-S66270_NCIIPC_02_03_2026.xlsx,https://cloudgrass.com,https://cloudgrass.com,,,,,0,0,0,,,,,0,pending,pending,pending,pending,pending,pending,,,0,,2026-04-13T15:35:44+00:00
run_20260413T113749Z,34f6d453e9ccc6703b3d46053f7e3a288f31a61d,PS-02_AIGR-S66270_NCIIPC_02_03_2026.xlsx,cloudguided.xyz,https://cloudguided.xyz,,,,,0,0,0,,,,,0,pending,pending,pending,pending,pending,pending,,,0,,2026-04-13T15:35:44+00:00
run_20260413T113749Z,c2256cb00ac9cc155338920082462afd3240f07f,PS-02_AIGR-S66270_NCIIPC_02_03_2026.xlsx,cloudguideline.xyz,https://cloudguideline.xyz,,,,,0,0,0,,,,,0,pending,pending,pending,pending,pending,pending,,,0,,2026-04-13T15:35:44+00:00
run_20260413T113749Z,17bcc1e4c404bd6b19d3f64004354d3000888d28,PS-02_AIGR-S66270_NCIIPC_02_03_2026.xlsx,cloudgull.com,https://cloudgull.com,,,,,0,0,0,,,,,0,pending,pending,pending,pending,pending,pending,,,0,,2026-04-13T15:35:44+00:00
run_20260413T113749Z,0ef40f0ec7b694ea7bcf693a864b00e2bd68d040,PS-02_AIGR-S66270_NCIIPC_02_03_2026.xlsx,cloudhabitats.xyz,https://cloudhabitats.xyz,,,,,0,0,0,,,,,0,pending,pending,pending,pending,pending,pending,,,0,,2026-04-13T15:35:44+00:00
run_20260413T113749Z,c1bc51f565ad2c8170f4f7458a8813fa7432dd7f,PS-02_AIGR-S66270_NCIIPC_02_03_2026.xlsx,cloudhazy.com,https://cloudhazy.com,,,,,0,0,0,,,,,0,pending,pending,pending,pending,pending,pending,,,0,,2026-04-13T15:35:44+00:00
run_20260413T113749Z,7f4ff0c796bdfe0a8a4fe57b7603ddb3e752c3a9,PS-02_AIGR-S66270_NCIIPC_02_03_2026.xlsx,cloudhealings.com,https://cloudhealings.com,,,,,0,0,0,,,,,0,pending,pending,pending,pending,pending,pending,,,0,,2026-04-13T15:35:44+00:00
run_20260413T113749Z,5778c2394ba6c6bac8daf1575a61c7ba548c671c,PS-02_AIGR-S66270_NCIIPC_02_03_2026.xlsx,cloudhealthchecks.co.uk,https://cloudhealthchecks.co.uk,,,,,0,0,0,,,,,0,pending,pending,pending,pending,pending,pending,,,0,,2026-04-13T15:35:44+00:00
run_20260413T113749Z,194a6814164a12913621cea4e6d44a225f749214,PS-02_AIGR-S66270_NCIIPC_02_03_2026.xlsx,cloudhighway.xyz,https://cloudhighway.xyz,,,,,0,0,0,,,,,0,pending,pending,pending,pending,pending,pending,,,0,,2026-04-13T15:35:44+00:00
run_20260413T113749Z,42a4d38ca0c2a6215f6f738ccbee7920f205f0eb,PS-02_AIGR-S66270_NCIIPC_02_03_2026.xlsx,cloudhood.xyz,https://cloudhood.xyz,,,,,0,0,0,,,,,0,pending,pending,pending,pending,pending,pending,,,0,,2026-04-13T15:35:44+00:00
run_20260413T113749Z,1f71d2132ac654f6259578223dca85117ddd96b2,PS-02_AIGR-S66270_NCIIPC_02_03_2026.xlsx,cloudhop.xyz,https://cloudhop.xyz,,,,,0,0,0,,,,,0,pending,pending,pending,pending,pending,pending,,,0,,2026-04-13T15:35:44+00:00
run_20260413T113749Z,f3ffaefc220e2434c7d4f55e9e881c6165e25871,PS-02_AIGR-S66270_NCIIPC_02_03_2026.xlsx,cloudiacity.com,https://cloudiacity.com,,,,,0,0,0,,,,,0,pending,pending,pending,pending,pending,pending,,,0,,2026-04-13T15:35:44+00:00
run_20260413T113749Z,461b20f8e8fce720b780e37785c342bfacc6c424,PS-02_AIGR-S66270_NCIIPC_02_03_2026.xlsx,cloudiaglobal.com,https://cloudiaglobal.com,,,,,0,0,0,,,,,0,pending,pending,pending,pending,pending,pending,,,0,,2026-04-13T15:35:44+00:00
run_20260413T113749Z,2dc8fd54ab6721f87dd45cc2286ed99534587669,PS-02_AIGR-S66270_NCIIPC_02_03_2026.xlsx,cloudigh.com,https://cloudigh.com,,,,,0,0,0,,,,,0,pending,pending,pending,pending,pending,pending,,,0,,2026-04-13T15:35:44+00:00
run_20260413T113749Z,cc8bf39ae8fa3002d573964a012a12beb592d4cc,PS-02_AIGR-S66270_NCIIPC_02_03_2026.xlsx,cloudignite.xyz,https://cloudignite.xyz,,,,,0,0,0,,,,,0,pending,pending,pending,pending,pending,pending,,,0,,2026-04-13T15:35:44+00:00
run_20260413T113749Z,b0324d56a37fc6cc97e9671a45fd5336560fba21,PS-02_AIGR-S66270_NCIIPC_02_03_2026.xlsx,https://cloudilewis.co.uk,https://cloudilewis.co.uk,,,,,0,0,0,,,,,0,pending,pending,pending,pending,pending,pending,,,0,,2026-04-13T15:35:44+00:00
run_20260413T113749Z,4a11c98d135e8b6712e43ccfc58c90cb75585127,PS-02_AIGR-S66270_NCIIPC_02_03_2026.xlsx,cloudimagine.xyz,https://cloudimagine.xyz,dns_gate,filtered_dns_inactive,dns_gate_no_answer,no A/AAAA answers for cloudimagine.xyz,0,0,0,,ray-dns-gate,,,0,pending,pending,pending,pending,pending,filtered_lexical_miss,,dns_gate_inactive,0,,2026-04-13T11:38:28+00:00
run_20260413T113749Z,0619b25dc516b8a91f412e7caf5c7868746770e2,PS-02_AIGR-S66270_NCIIPC_02_03_2026.xlsx,cloudimmersive.com,https://cloudimmersive.com,,,,,0,0,0,,,,,0,pending,pending,pending,pending,pending,pending,,,0,,2026-04-13T15:35:44+00:00
run_20260413T113749Z,923d0a3b6aa654425525b0fb487ae106f9f01120,PS-02_AIGR-S66270_NCIIPC_02_03_2026.xlsx,cloudimpulse.xyz,https://cloudimpulse.xyz,,,,,0,0,0,,,,,0,pending,pending,pending,pending,pending,pending,,,0,,2026-04-13T15:35:44+00:00
run_20260413T113749Z,540e920dbe3d64d986b99ea76e6bf3bc7b47946b,PS-02_AIGR-S66270_NCIIPC_02_03_2026.xlsx,cloudinfinity.xyz,https://cloudinfinity.xyz,,,,,0,0,0,,,,,0,pending,pending,pending,pending,pending,pending,,,0,,2026-04-13T15:35:44+00:00
run_20260413T113749Z,a7658c369fa45456b1323bb73830150f6f635961,PS-02_AIGR-S66270_NCIIPC_02_03_2026.xlsx,cloudingtech.com,https://cloudingtech.com,,,,,0,0,0,,,,,0,pending,pending,pending,pending,pending,pending,,,0,,2026-04-13T15:35:44+00:00
run_20260413T113749Z,0f973365883c26cb22f4ea995e6645ca759dd3fe,PS-02_AIGR-S66270_NCIIPC_02_03_2026.xlsx,cloudinnovatorslife.com,https://cloudinnovatorslife.com,dns_gate,filtered_dns_inactive,dns_gate_no_answer,no A/AAAA answers for cloudinnovatorslife.com,0,0,0,,ray-dns-gate,,,0,pending,pending,pending,pending,pending,filtered_lexical_miss,,dns_gate_inactive,0,,2026-04-13T11:38:28+00:00
run_20260413T113749Z,8e0d35eb3bf4be22cd58c2939fd118e0823941e4,PS-02_AIGR-S66270_NCIIPC_02_03_2026.xlsx,cloudinspire.xyz,https://cloudinspire.xyz,,,,,0,0,0,,,,,0,pending,pending,pending,pending,pending,pending,,,0,,2026-04-13T15:35:44+00:00
run_20260413T113749Z,a3aa224550dfa9bd1558e0cf3bc82d94e164dd9a,PS-02_AIGR-S66270_NCIIPC_02_03_2026.xlsx,cloudinstruments.xyz,https://cloudinstruments.xyz,,,,,0,0,0,,,,,0,pending,pending,pending,pending,pending,pending,,,0,,2026-04-13T15:35:44+00:00
run_20260413T113749Z,57ac09ad62fdabe820904dda6ea8053a11f8bb89,PS-02_AIGR-S66270_NCIIPC_02_03_2026.xlsx,cloudinvestors.xyz,https://cloudinvestors.xyz,,,,,0,0,0,,,,,0,pending,pending,pending,pending,pending,pending,,,0,,2026-04-13T15:35:44+00:00
run_20260413T113749Z,ced52c8ca5ee9454c48c3702c0b468411711ed8e,PS-02_AIGR-S66270_NCIIPC_02_03_2026.xlsx,cloudiosolutions.tech,https://cloudiosolutions.tech,,,,,0,0,0,,,,,0,pending,pending,pending,pending,pending,pending,,,0,,2026-04-13T15:35:44+00:00
run_20260413T113749Z,e19903d167a0f2fb0543ba53fb80cdbdbdb06859,PS-02_AIGR-S66270_NCIIPC_02_03_2026.xlsx,cloudioxk.com,https://cloudioxk.com,,,,,0,0,0,,,,,0,pending,pending,pending,pending,pending,pending,,,0,,2026-04-13T15:35:44+00:00
run_20260413T113749Z,22ea7c25752be505df48f3852b564869917531cb,PS-02_AIGR-S66270_NCIIPC_02_03_2026.xlsx,cloudiqconsult.com,https://cloudiqconsult.com,,,,,0,0,0,,,,,0,pending,pending,pending,pending,pending,pending,,,0,,2026-04-13T15:35:44+00:00
run_20260413T113749Z,42d2c75a957d04a33a855ad84e74e7c449f5a9af,PS-02_AIGR-S66270_NCIIPC_02_03_2026.xlsx,cloudix-digital.com,https://cloudix-digital.com,,,,,0,0,0,,,,,0,pending,pending,pending,pending,pending,pending,,,0,,2026-04-13T15:35:44+00:00
run_20260413T113749Z,deb5f3b5e9a04f8bf4404d3401ce59b039e6b318,PS-02_AIGR-S66270_NCIIPC_02_03_2026.xlsx,https://cloudjars.com,https://cloudjars.com,,,,,0,0,0,,,,,0,pending,pending,pending,pending,pending,pending,,,0,,2026-04-13T15:35:44+00:00
run_20260413T113749Z,d06a2eda30c44e97f707d4d36e5193f0e149a2c4,PS-02_AIGR-S66270_NCIIPC_02_03_2026.xlsx,cloudkarma.xyz,https://cloudkarma.xyz,,,,,0,0,0,,,,,0,pending,pending,pending,pending,pending,pending,,,0,,2026-04-13T15:35:44+00:00
run_20260413T113749Z,8a0622c40f1371c11ffbf2937ab0563592067b0f,PS-02_AIGR-S66270_NCIIPC_02_03_2026.xlsx,cloudkitchenhealth.xyz,https://cloudkitchenhealth.xyz,,,,,0,0,0,,,,,0,pending,pending,pending,pending,pending,pending,,,0,,2026-04-13T15:35:44+00:00
run_20260413T113749Z,b2804eeab7de85dba6a8b6bc3588ec43d2fc44ab,PS-02_AIGR-S66270_NCIIPC_02_03_2026.xlsx,cloudkoisecurity.com,https://cloudkoisecurity.com,,,,,0,0,0,,,,,0,pending,pending,pending,pending,pending,pending,,,0,,2026-04-13T15:35:44+00:00
run_20260413T113749Z,59d182f253a83ec59d240420578e7416b744519a,PS-02_AIGR-S66270_NCIIPC_02_03_2026.xlsx,cloudlab.biz,https://cloudlab.biz,,,,,0,0,0,,,,,0,pending,pending,pending,pending,pending,pending,,,0,,2026-04-13T15:35:44+00:00
run_20260413T113749Z,70ee2fb8db400f5839da5751fef57390d3b2e999,PS-02_AIGR-S66270_NCIIPC_02_03_2026.xlsx,cloudlakellc.com,https://cloudlakellc.com,,,,,0,0,0,,,,,0,pending,pending,pending,pending,pending,pending,,,0,,2026-04-13T15:35:44+00:00
run_20260413T113749Z,85819b243b3905bebbbe0607bd6f1aad50da89fd,PS-02_AIGR-S66270_NCIIPC_02_03_2026.xlsx,cloudlane.biz,https://cloudlane.biz,,,,,0,0,0,,,,,0,pending,pending,pending,pending,pending,pending,,,0,,2026-04-13T15:35:44+00:00
run_20260413T113749Z,1e0c8c290b8414341f46d6d556f40d1bac201834,PS-02_AIGR-S66270_NCIIPC_02_03_2026.xlsx,cloudlavender.com,https://cloudlavender.com,,,,,0,0,0,,,,,0,pending,pending,pending,pending,pending,pending,,,0,,2026-04-13T15:35:44+00:00
run_20260413T113749Z,e5321c504e965f46177a5dd947f9fd36b0364117,PS-02_AIGR-S66270_NCIIPC_02_03_2026.xlsx,cloudlayer1.xyz,https://cloudlayer1.xyz,,,,,0,0,0,,,,,0,pending,pending,pending,pending,pending,pending,,,0,,2026-04-13T15:35:44+00:00
run_20260413T113749Z,2de1084b712de73483da4a0fa224b6471113187d,PS-02_AIGR-S66270_NCIIPC_02_03_2026.xlsx,https://cloudlineofficial.com,https://cloudlineofficial.com,,,,,0,0,0,,,,,0,pending,pending,pending,pending,pending,pending,,,0,,2026-04-13T15:35:44+00:00
run_20260413T113749Z,d82e337488c87b6314f1c6055a19968453af121b,PS-02_AIGR-S66270_NCIIPC_02_03_2026.xlsx,https://cloudlineoutfitter.com,https://cloudlineoutfitter.com,dns_gate,filtered_dns_inactive,dns_gate_no_answer,no A/AAAA answers for cloudlineoutfitter.com,0,0,0,,ray-dns-gate,,,0,pending,pending,pending,pending,pending,filtered_lexical_miss,,dns_gate_inactive,0,,2026-04-13T11:38:28+00:00
run_20260413T113749Z,b2f93d90d42d84f827af97bcb8572ec1d904e3a9,PS-02_AIGR-S66270_NCIIPC_02_03_2026.xlsx,cloudlivechat.xyz,https://cloudlivechat.xyz,,,,,0,0,0,,,,,0,pending,pending,pending,pending,pending,pending,,,0,,2026-04-13T15:35:44+00:00
run_20260413T113749Z,e6ffe98774159d3be4fd7986e659c8a917be9141,PS-02_AIGR-S66270_NCIIPC_02_03_2026.xlsx,https://cloudlogging.com,https://cloudlogging.com,,,,,0,0,0,,,,,0,pending,pending,pending,pending,pending,pending,,,0,,2026-04-13T15:35:44+00:00
run_20260413T113749Z,8562d9234ed12d41477bbe9a39e9c4e4f2a7d185,PS-02_AIGR-S66270_NCIIPC_02_03_2026.xlsx,cloudlords.xyz,https://cloudlords.xyz,,,,,0,0,0,,,,,0,pending,pending,pending,pending,pending,pending,,,0,,2026-04-13T15:35:44+00:00
run_20260413T113749Z,f03d0c2127026d8475da544894c5362be442b6ad,PS-02_AIGR-S66270_NCIIPC_02_03_2026.xlsx,cloudlsolutions.com,https://cloudlsolutions.com,,,,,0,0,0,,,,,0,pending,pending,pending,pending,pending,pending,,,0,,2026-04-13T15:35:44+00:00
run_20260413T113749Z,cc23949191b156114360e14dd4ce445b33773ec6,PS-02_AIGR-S66270_NCIIPC_02_03_2026.xlsx,cloudlvr.ch,https://cloudlvr.ch,,,,,0,0,0,,,,,0,pending,pending,pending,pending,pending,pending,,,0,,2026-04-13T15:35:44+00:00
run_20260413T113749Z,964d40ed37aea3d7bbde805864f841665183c1c7,PS-02_AIGR-S66270_NCIIPC_02_03_2026.xlsx,cloudlytr.cloud,https://cloudlytr.cloud,,,,,0,0,0,,,,,0,pending,pending,pending,pending,pending,pending,,,0,,2026-04-13T15:35:44+00:00
run_20260413T113749Z,d9bb2e8d7ae05aab75ea999e68a19d619deaf769,PS-02_AIGR-S66270_NCIIPC_02_03_2026.xlsx,cloudmagnet.xyz,https://cloudmagnet.xyz,,,,,0,0,0,,,,,0,pending,pending,pending,pending,pending,pending,,,0,,2026-04-13T15:35:44+00:00
run_20260413T113749Z,dfb2b8cb51c167de66171357b76a2671faf4fbfe,PS-02_AIGR-S66270_NCIIPC_02_03_2026.xlsx,cloudmailerhub.us,https://cloudmailerhub.us,,,,,0,0,0,,,,,0,pending,pending,pending,pending,pending,pending,,,0,,2026-04-13T15:35:44+00:00
run_20260413T113749Z,834999b56a986d8b095b2445de32496e2a4645f8,PS-02_AIGR-S66270_NCIIPC_02_03_2026.xlsx,cloudmain.eu,https://cloudmain.eu,,,,,0,0,0,,,,,0,pending,pending,pending,pending,pending,pending,,,0,,2026-04-13T15:35:44+00:00
run_20260413T113749Z,9b76e6c403ef2b676667ef4dcab8210916e7c78e,PS-02_AIGR-S66270_NCIIPC_02_03_2026.xlsx,cloudmap.dev,https://cloudmap.dev,,,,,0,0,0,,,,,0,pending,pending,pending,pending,pending,pending,,,0,,2026-04-13T15:35:44+00:00
run_20260413T113749Z,1f9b60597d49798a1cbc090cc6fd20c152f9ff24,PS-02_AIGR-S66270_NCIIPC_02_03_2026.xlsx,cloudmes.club,https://cloudmes.club,,,,,0,0,0,,,,,0,pending,pending,pending,pending,pending,pending,,,0,,2026-04-13T15:35:44+00:00
run_20260413T113749Z,a46ff3f1e6c26f80dafca4b89a75bafd7b9bc726,PS-02_AIGR-S66270_NCIIPC_02_03_2026.xlsx,cloudmiral.com,https://cloudmiral.com,,,,,0,0,0,,,,,0,pending,pending,pending,pending,pending,pending,,,0,,2026-04-13T15:35:44+00:00
run_20260413T113749Z,a14a99e127aa3bf90bf9786b67f4f969196fb00e,PS-02_AIGR-S66270_NCIIPC_02_03_2026.xlsx,cloudmonster.com,https://cloudmonster.com,,,,,0,0,0,,,,,0,pending,pending,pending,pending,pending,pending,,,0,,2026-04-13T15:35:44+00:00
run_20260413T113749Z,0f4ff6e178e1f5d32a542fc389f382313860a886,PS-02_AIGR-S66270_NCIIPC_02_03_2026.xlsx,cloudmuse.xyz,https://cloudmuse.xyz,,,,,0,0,0,,,,,0,pending,pending,pending,pending,pending,pending,,,0,,2026-04-13T15:35:44+00:00
run_20260413T113749Z,d3c116b2203104a64d97b46e1ee6c2e0e5a45432,PS-02_AIGR-S66270_NCIIPC_02_03_2026.xlsx,cloudmy.site,https://cloudmy.site,,,,,0,0,0,,,,,0,pending,pending,pending,pending,pending,pending,,,0,,2026-04-13T15:35:44+00:00
run_20260413T113749Z,93916bbf183c55542d467e74d1d83f1a186a9d25,PS-02_AIGR-S66270_NCIIPC_02_03_2026.xlsx,https://cloudnarbonne.com,https://cloudnarbonne.com,,,,,0,0,0,,,,,0,pending,pending,pending,pending,pending,pending,,,0,,2026-04-13T15:35:44+00:00
run_20260413T113749Z,88600b8603a397ccb0ea75d4b1aa24461eb48f54,PS-02_AIGR-S66270_NCIIPC_02_03_2026.xlsx,cloudnative.click,https://cloudnative.click,,,,,0,0,0,,,,,0,pending,pending,pending,pending,pending,pending,,,0,,2026-04-13T15:35:44+00:00
run_20260413T113749Z,fb26dc9449f776219380122dcb7945626b73ebce,PS-02_AIGR-S66270_NCIIPC_02_03_2026.xlsx,cloudnestsystems.tech,https://cloudnestsystems.tech,,,,,0,0,0,,,,,0,pending,pending,pending,pending,pending,pending,,,0,,2026-04-13T15:35:44+00:00
run_20260413T113749Z,b334bb46498f8b6aa3e525afb5a7db8d05c93f65,PS-02_AIGR-S66270_NCIIPC_02_03_2026.xlsx,cloudnet365.com,https://cloudnet365.com,stage1,failed,,,0,0,0,,ray-stage1,,,0,pending,failed,pending,pending,pending,filtered_lexical_miss,,,0,,2026-04-13T12:18:29+00:00
run_20260413T113749Z,b62c0c00a5235d743dbc3cfd0bd1a33c97712b5c,PS-02_AIGR-S66270_NCIIPC_02_03_2026.xlsx,cloudnet75.com,https://cloudnet75.com,,,,,0,0,0,,,,,0,pending,pending,pending,pending,pending,pending,,,0,,2026-04-13T15:35:44+00:00
run_20260413T113749Z,5e1faf4c278c64227601b632589961fe953ff962,PS-02_AIGR-S66270_NCIIPC_02_03_2026.xlsx,cloudnetsoft.net,https://cloudnetsoft.net,,,,,0,0,0,,,,,0,pending,pending,pending,pending,pending,pending,,,0,,2026-04-13T15:35:44+00:00
run_20260413T113749Z,cc5cd95e5bd7fbbbb6ef464baaadb811ebc3ecb4,PS-02_AIGR-S66270_NCIIPC_02_03_2026.xlsx,cloudninedating.com,https://cloudninedating.com,,,,,0,0,0,,,,,0,pending,pending,pending,pending,pending,pending,,,0,,2026-04-13T15:35:44+00:00
run_20260413T113749Z,135c16de1dc9325fe43f06e1bab275bce83e207c,PS-02_AIGR-S66270_NCIIPC_02_03_2026.xlsx,https://cloudninefamilysleep.com,https://cloudninefamilysleep.com,,,,,0,0,0,,,,,0,pending,pending,pending,pending,pending,pending,,,0,,2026-04-13T15:35:44+00:00
run_20260413T113749Z,da61a00832d8a63ce6b915f4acd82bb63b49bf06,PS-02_AIGR-S66270_NCIIPC_02_03_2026.xlsx,cloudniteai.xyz,https://cloudniteai.xyz,,,,,0,0,0,,,,,0,pending,pending,pending,pending,pending,pending,,,0,,2026-04-13T15:35:44+00:00
run_20260413T113749Z,4b1cec1409129efdd3d5c8deb38051ad8c7ca6ad,PS-02_AIGR-S66270_NCIIPC_02_03_2026.xlsx,cloudno.com,https://cloudno.com,,,,,0,0,0,,,,,0,pending,pending,pending,pending,pending,pending,,,0,,2026-04-13T15:35:44+00:00
run_20260413T113749Z,97ab6ea2438940e7a3b7017c94bc239764123765,PS-02_AIGR-S66270_NCIIPC_02_03_2026.xlsx,cloudnordicsolutions.com,https://cloudnordicsolutions.com,,,,,0,0,0,,,,,0,pending,pending,pending,pending,pending,pending,,,0,,2026-04-13T15:35:44+00:00
run_20260413T113749Z,3b2c52ef378bb7b711049199141c3793da3eaa92,PS-02_AIGR-S66270_NCIIPC_02_03_2026.xlsx,cloudnovaus.com,https://cloudnovaus.com,,,,,0,0,0,,,,,0,pending,pending,pending,pending,pending,pending,,,0,,2026-04-13T15:35:44+00:00
run_20260413T113749Z,16e383f40f1dbd7b5fe18934db1fc2a7d5210219,PS-02_AIGR-S66270_NCIIPC_02_03_2026.xlsx,https://cloudnow.dev,https://cloudnow.dev,,,,,0,0,0,,,,,0,pending,pending,pending,pending,pending,pending,,,0,,2026-04-13T15:35:44+00:00
run_20260413T113749Z,c001a0b811bbd0b342b262f9518f8c1bc366241d,PS-02_AIGR-S66270_NCIIPC_02_03_2026.xlsx,cloudoffice.site,https://cloudoffice.site,,,,,0,0,0,,,,,0,pending,pending,pending,pending,pending,pending,,,0,,2026-04-13T15:35:44+00:00
run_20260413T113749Z,67cf11b06aa05f95f1bc72f31e4a2e3f19de25b0,PS-02_AIGR-S66270_NCIIPC_02_03_2026.xlsx,cloudofficekeo.store,https://cloudofficekeo.store,,,,,0,0,0,,,,,0,pending,pending,pending,pending,pending,pending,,,0,,2026-04-13T15:35:44+00:00
run_20260413T113749Z,bcc716fbc4f18f57038436f19051e026c47efd0a,PS-02_AIGR-S66270_NCIIPC_02_03_2026.xlsx,cloudonchip.com,https://cloudonchip.com,,,,,0,0,0,,,,,0,pending,pending,pending,pending,pending,pending,,,0,,2026-04-13T15:35:44+00:00
run_20260413T113749Z,4fd59f4434f5090c8f4836b5202a71ddc9213f90,PS-02_AIGR-S66270_NCIIPC_02_03_2026.xlsx,cloudonymous.com,https://cloudonymous.com,,,,,0,0,0,,,,,0,pending,pending,pending,pending,pending,pending,,,0,,2026-04-13T15:35:44+00:00
run_20260413T113749Z,232a5d070b800e36e226aa8e46fb1a291de5228d,PS-02_AIGR-S66270_NCIIPC_02_03_2026.xlsx,https://cloudopsbench.com,https://cloudopsbench.com,,,,,0,0,0,,,,,0,pending,pending,pending,pending,pending,pending,,,0,,2026-04-13T15:35:44+00:00
run_20260413T113749Z,0c556f02c82066384028d8a3cfc2848c2cf4fa1d,PS-02_AIGR-S66270_NCIIPC_02_03_2026.xlsx,cloudorigin.xyz,https://cloudorigin.xyz,,,,,0,0,0,,,,,0,pending,pending,pending,pending,pending,pending,,,0,,2026-04-13T15:35:44+00:00
run_20260413T113749Z,c0ea2f9cd6dce0fec4fbdee25ca507e83c886823,PS-02_AIGR-S66270_NCIIPC_02_03_2026.xlsx,cloudoverparadise.com,https://cloudoverparadise.com,,,,,0,0,0,,,,,0,pending,pending,pending,pending,pending,pending,,,0,,2026-04-13T15:35:44+00:00
run_20260413T113749Z,14f65376a6e42635bd2ecc13af3a18df3444fb3e,PS-02_AIGR-S66270_NCIIPC_02_03_2026.xlsx,https://cloudpagetutorials.com,https://cloudpagetutorials.com,,,,,0,0,0,,,,,0,pending,pending,pending,pending,pending,pending,,,0,,2026-04-13T15:35:44+00:00
run_20260413T113749Z,7869d64ed4592c2aaf454274b001f183c0ca9bdd,PS-02_AIGR-S66270_NCIIPC_02_03_2026.xlsx,cloudpainter.xyz,https://cloudpainter.xyz,,,,,0,0,0,,,,,0,pending,pending,pending,pending,pending,pending,,,0,,2026-04-13T15:35:44+00:00
run_20260413T113749Z,74d3098d348b6014a0ff7b4032f1ff6756bc41af,PS-02_AIGR-S66270_NCIIPC_02_03_2026.xlsx,cloudpaintings.xyz,https://cloudpaintings.xyz,,,,,0,0,0,,,,,0,pending,pending,pending,pending,pending,pending,,,0,,2026-04-13T15:35:44+00:00
run_20260413T113749Z,337eb553eaa3f91aa84ace26d845925cf4248a45,PS-02_AIGR-S66270_NCIIPC_02_03_2026.xlsx,cloudparabolicagency.info,https://cloudparabolicagency.info,,,,,0,0,0,,,,,0,pending,pending,pending,pending,pending,pending,,,0,,2026-04-13T15:35:44+00:00
run_20260413T113749Z,c9ac730b0c01072cf162c0f93e81ec977403bc8f,PS-02_AIGR-S66270_NCIIPC_02_03_2026.xlsx,cloudpasha.link,https://cloudpasha.link,,,,,0,0,0,,,,,0,pending,pending,pending,pending,pending,pending,,,0,,2026-04-13T15:35:44+00:00
run_20260413T113749Z,65b4dfc201b4e286ed054da9a210aa7860d53ba0,PS-02_AIGR-S66270_NCIIPC_02_03_2026.xlsx,cloudpaws.store,https://cloudpaws.store,,,,,0,0,0,,,,,0,pending,pending,pending,pending,pending,pending,,,0,,2026-04-13T15:35:44+00:00
run_20260413T113749Z,1eb2a096245a9c9fec21c3dca0a5535b0f8e6ff4,PS-02_AIGR-S66270_NCIIPC_02_03_2026.xlsx,cloudpay.city,https://cloudpay.city,,,,,0,0,0,,,,,0,pending,pending,pending,pending,pending,pending,,,0,,2026-04-13T15:35:44+00:00
run_20260413T113749Z,f06dbaa5d3995d48f6705d2ca275708ca8e1f407,PS-02_AIGR-S66270_NCIIPC_02_03_2026.xlsx,https://cloudpay.cloud,https://cloudpay.cloud,,,,,0,0,0,,,,,0,pending,pending,pending,pending,pending,pending,,,0,,2026-04-13T15:35:44+00:00
run_20260413T113749Z,1a3d0ee8d6f375a462ea1593cff1cef30c6d6a35,PS-02_AIGR-S66270_NCIIPC_02_03_2026.xlsx,cloudphilippines.com,https://cloudphilippines.com,,,,,0,0,0,,,,,0,pending,pending,pending,pending,pending,pending,,,0,,2026-04-13T15:35:44+00:00
run_20260413T113749Z,1384efcc2f5606700230293d78e25f24c6dc3c15,PS-02_AIGR-S66270_NCIIPC_02_03_2026.xlsx,cloudphotos.xyz,https://cloudphotos.xyz,,,,,0,0,0,,,,,0,pending,pending,pending,pending,pending,pending,,,0,,2026-04-13T15:35:44+00:00
run_20260413T113749Z,81e15b2557457a1d9b9fb8d649f06dcf87360ed0,PS-02_AIGR-S66270_NCIIPC_02_03_2026.xlsx,cloudpickai.com,https://cloudpickai.com,,,,,0,0,0,,,,,0,pending,pending,pending,pending,pending,pending,,,0,,2026-04-13T15:35:44+00:00
run_20260413T113749Z,b70c2c16cc3c6257a0f4d48aead90d38e6ce6c60,PS-02_AIGR-S66270_NCIIPC_02_03_2026.xlsx,cloudpig.co.uk,https://cloudpig.co.uk,,,,,0,0,0,,,,,0,pending,pending,pending,pending,pending,pending,,,0,,2026-04-13T15:35:44+00:00
run_20260413T113749Z,05c003231292b056961de58b2bbe09cdac1810fb,PS-02_AIGR-S66270_NCIIPC_02_03_2026.xlsx,cloudpilottech.com,https://cloudpilottech.com,,,,,0,0,0,,,,,0,pending,pending,pending,pending,pending,pending,,,0,,2026-04-13T15:35:44+00:00
run_20260413T113749Z,fee06ba4dc1cd6898ad5a42184df201f40875e0a,PS-02_AIGR-S66270_NCIIPC_02_03_2026.xlsx,cloudpip.com,https://cloudpip.com,,,,,0,0,0,,,,,0,pending,pending,pending,pending,pending,pending,,,0,,2026-04-13T15:35:44+00:00
run_20260413T113749Z,539664d4456a63125a7bbb5f122500229be3e790,PS-02_AIGR-S66270_NCIIPC_02_03_2026.xlsx,cloudpivot.xyz,https://cloudpivot.xyz,,,,,0,0,0,,,,,0,pending,pending,pending,pending,pending,pending,,,0,,2026-04-13T15:35:44+00:00
run_20260413T113749Z,8b3f658608416f95c8f597271f3cfa9da03a857f,PS-02_AIGR-S66270_NCIIPC_02_03_2026.xlsx,cloudplayarena.link,https://cloudplayarena.link,,,,,0,0,0,,,,,0,pending,pending,pending,pending,pending,pending,,,0,,2026-04-13T15:35:44+00:00
run_20260413T113749Z,ecf0a57d57dafe2fa82b0e396838b738f551125a,PS-02_AIGR-S66270_NCIIPC_02_03_2026.xlsx,cloudpoie.com,https://cloudpoie.com,,,,,0,0,0,,,,,0,pending,pending,pending,pending,pending,pending,,,0,,2026-04-13T15:35:44+00:00
run_20260413T113749Z,0156f1709482633d3ee274f945eab3047275301b,PS-02_AIGR-S66270_NCIIPC_02_03_2026.xlsx,cloudportal.link,https://cloudportal.link,dns_gate,filtered_dns_inactive,dns_gate_no_answer,no A/AAAA answers for cloudportal.link,0,0,0,,ray-dns-gate,,,0,pending,pending,pending,pending,pending,filtered_lexical_miss,,dns_gate_inactive,0,,2026-04-13T12:18:20+00:00
run_20260413T113749Z,21e249f04314ed6518385f7b8d60695cdb7de52a,PS-02_AIGR-S66270_NCIIPC_02_03_2026.xlsx,cloudpredator.xyz,https://cloudpredator.xyz,,,,,0,0,0,,,,,0,pending,pending,pending,pending,pending,pending,,,0,,2026-04-13T15:35:44+00:00
run_20260413T113749Z,7c0afb95ed485a807e95a814706b13633d8bcdbc,PS-02_AIGR-S66270_NCIIPC_02_03_2026.xlsx,cloudprix.xyz,https://cloudprix.xyz,,,,,0,0,0,,,,,0,pending,pending,pending,pending,pending,pending,,,0,,2026-04-13T15:35:44+00:00
run_20260413T113749Z,baef2342b94c533779cfb9bbe2aabf28a8aa42f9,PS-02_AIGR-S66270_NCIIPC_02_03_2026.xlsx,cloudprofessor.xyz,https://cloudprofessor.xyz,,,,,0,0,0,,,,,0,pending,pending,pending,pending,pending,pending,,,0,,2026-04-13T15:35:44+00:00
run_20260413T113749Z,275c8ceb0aaac7330baaafa664f040b25ccc8626,PS-02_AIGR-S66270_NCIIPC_02_03_2026.xlsx,cloudpublish.xyz,https://cloudpublish.xyz,,,,,0,0,0,,,,,0,pending,pending,pending,pending,pending,pending,,,0,,2026-04-13T15:35:44+00:00
run_20260413T113749Z,bd6338f048c582e2fee098c7ab59f8fba0dd4ac7,PS-02_AIGR-S66270_NCIIPC_02_03_2026.xlsx,cloudranges.xyz,https://cloudranges.xyz,,,,,0,0,0,,,,,0,pending,pending,pending,pending,pending,pending,,,0,,2026-04-13T15:35:44+00:00
run_20260413T113749Z,8d252d9eae56c06d75935a02d9e9eeaec4b52319,PS-02_AIGR-S66270_NCIIPC_02_03_2026.xlsx,cloudrede.com,https://cloudrede.com,,,,,0,0,0,,,,,0,pending,pending,pending,pending,pending,pending,,,0,,2026-04-13T15:35:44+00:00
run_20260413T113749Z,005c1c7ea1f691af7b75e3585636af49935b5504,PS-02_AIGR-S66270_NCIIPC_02_03_2026.xlsx,cloudrelay.sbs,https://cloudrelay.sbs,,,,,0,0,0,,,,,0,pending,pending,pending,pending,pending,pending,,,0,,2026-04-13T15:35:44+00:00
run_20260413T113749Z,9bcedbe1d11c6de2dc2e8a64a7ba807a2cbed151,PS-02_AIGR-S66270_NCIIPC_02_03_2026.xlsx,cloudrender.nl,https://cloudrender.nl,,,,,0,0,0,,,,,0,pending,pending,pending,pending,pending,pending,,,0,,2026-04-13T15:35:44+00:00
run_20260413T113749Z,62dbc1f5eb166ed57ea83383a1977523e069f048,PS-02_AIGR-S66270_NCIIPC_02_03_2026.xlsx,cloudrescue24.com,https://cloudrescue24.com,,,,,0,0,0,,,,,0,pending,pending,pending,pending,pending,pending,,,0,,2026-04-13T15:35:44+00:00
run_20260413T113749Z,15c93e6f50fac0b5ada501dee1bc63c3ee1ba995,PS-02_AIGR-S66270_NCIIPC_02_03_2026.xlsx,cloudretailhub.com,https://cloudretailhub.com,,,,,0,0,0,,,,,0,pending,pending,pending,pending,pending,pending,,,0,,2026-04-13T15:35:44+00:00
run_20260413T113749Z,abbc136da237de89980601a85a8c51923acc9b7a,PS-02_AIGR-S66270_NCIIPC_02_03_2026.xlsx,cloudridge-digital.uk,https://cloudridge-digital.uk,,,,,0,0,0,,,,,0,pending,pending,pending,pending,pending,pending,,,0,,2026-04-13T15:35:44+00:00
run_20260413T113749Z,48c42f38beae880b10246028cf401316f223af2c,PS-02_AIGR-S66270_NCIIPC_02_03_2026.xlsx,cloudrisksolutions.com,https://cloudrisksolutions.com,,,,,0,0,0,,,,,0,pending,pending,pending,pending,pending,pending,,,0,,2026-04-13T15:35:44+00:00
run_20260413T113749Z,c94b3b981a169872d0d1684c465d5523bea1aa44,PS-02_AIGR-S66270_NCIIPC_02_03_2026.xlsx,cloudroar.xyz,https://cloudroar.xyz,,,,,0,0,0,,,,,0,pending,pending,pending,pending,pending,pending,,,0,,2026-04-13T15:35:44+00:00
run_20260413T113749Z,c556898ee1cc61e8d366c29620129d946aff54f1,PS-02_AIGR-S66270_NCIIPC_02_03_2026.xlsx,cloudrobotic.xyz,https://cloudrobotic.xyz,,,,,0,0,0,,,,,0,pending,pending,pending,pending,pending,pending,,,0,,2026-04-13T15:35:44+00:00
run_20260413T113749Z,57b97a58ca1206a9aa4132779e4fa574d04d5f6d,PS-02_AIGR-S66270_NCIIPC_02_03_2026.xlsx,cloudroomstudio.com,https://cloudroomstudio.com,,,,,0,0,0,,,,,0,pending,pending,pending,pending,pending,pending,,,0,,2026-04-13T15:35:44+00:00
run_20260413T113749Z,f053942075d7a25d88f14657f6d7090d891185db,PS-02_AIGR-S66270_NCIIPC_02_03_2026.xlsx,cloudrosemage.com,https://cloudrosemage.com,,,,,0,0,0,,,,,0,pending,pending,pending,pending,pending,pending,,,0,,2026-04-13T15:35:44+00:00
run_20260413T113749Z,a04461db3b887e7d26f727cf57f80e64bfabcae8,PS-02_AIGR-S66270_NCIIPC_02_03_2026.xlsx,cloudrunner.ai,https://cloudrunner.ai,,,,,0,0,0,,,,,0,pending,pending,pending,pending,pending,pending,,,0,,2026-04-13T15:35:44+00:00
run_20260413T113749Z,2e9a08040c9a9563080b04accfb211dd722c95c4,PS-02_AIGR-S66270_NCIIPC_02_03_2026.xlsx,clouds-mail.com,https://clouds-mail.com,,,,,0,0,0,,,,,0,pending,pending,pending,pending,pending,pending,,,0,,2026-04-13T15:35:44+00:00
run_20260413T113749Z,f75fbbe26325dfdb038f458a61819dd3901b0353,PS-02_AIGR-S66270_NCIIPC_02_03_2026.xlsx,cloudsart.com,https://cloudsart.com,,,,,0,0,0,,,,,0,pending,pending,pending,pending,pending,pending,,,0,,2026-04-13T15:35:44+00:00
run_20260413T113749Z,ba6886ab2ef27d0e9c2d6329e41126c44ff3b1f5,PS-02_AIGR-S66270_NCIIPC_02_03_2026.xlsx,cloudsaur.com,https://cloudsaur.com,,,,,0,0,0,,,,,0,pending,pending,pending,pending,pending,pending,,,0,,2026-04-13T15:35:44+00:00
run_20260413T113749Z,72850794c7888438ac84c6dee4c70a744b315b65,PS-02_AIGR-S66270_NCIIPC_02_03_2026.xlsx,cloudscapeproperties.com,https://cloudscapeproperties.com,,,,,0,0,0,,,,,0,pending,pending,pending,pending,pending,pending,,,0,,2026-04-13T15:35:44+00:00
run_20260413T113749Z,3ed8f7abe0961d201a7fe8bf8a6ac4435cf373cf,PS-02_AIGR-S66270_NCIIPC_02_03_2026.xlsx,https://cloudscopyhq.com,https://cloudscopyhq.com,stage1,failed,RaySystemError,"System error: Unable to allocate internal buffer.
traceback: Traceback (most recent call last):
  File ""C:\Users\SATWIK\Documents\Phishing\venv\lib\site-packages\ray\_private\serialization.py"", line 590, in deserialize_objects
    obj = self._deserialize_object(
  File ""C:\Users\SATWIK\Documents\Phishing\venv\lib\site-packages\ray\_private\serialization.py"", line 464, in _deserialize_object
    obj = self._deserialize_msgpack_data(
  File ""C:\Users\SATWIK\Documents\Phishing\venv\lib\site-packages\ray\_private\serialization.py"", line 380, in _deserialize_msgpack_data
    msgpack_data, pickle5_data = split_buffer(data)
  File ""python\\ray\\includes/serialization.pxi"", line 205, in ray._raylet.split_buffer
  File ""msgpack/_unpacker.pyx"", line 372, in msgpack._cmsgpack.Unpacker.__init__
MemoryError: Unable to allocate internal buffer.
",0,0,0,,ray-stage1,,,0,pending,failed,pending,pending,pending,filtered_lexical_miss,,stage1_task_failed,0,,2026-04-13T11:40:16+00:00
run_20260413T113749Z,e352edc0fddbf5c5bff18e790245ecacc51a81a2,PS-02_AIGR-S66270_NCIIPC_02_03_2026.xlsx,cloudscores.xyz,https://cloudscores.xyz,,,,,0,0,0,,,,,0,pending,pending,pending,pending,pending,pending,,,0,,2026-04-13T15:35:44+00:00
run_20260413T113749Z,79ac2aba7189a11589326adafe48e2a73a463b0a,PS-02_AIGR-S66270_NCIIPC_02_03_2026.xlsx,cloudsecurity.win,https://cloudsecurity.win,,,,,0,0,0,,,,,0,pending,pending,pending,pending,pending,pending,,,0,,2026-04-13T15:35:44+00:00
run_20260413T113749Z,ae55d5748ad47f2d9ee9f8c4d6b2f95b4adc282a,PS-02_AIGR-S66270_NCIIPC_02_03_2026.xlsx,https://cloudsecuritybox.com,https://cloudsecuritybox.com,,,,,0,0,0,,,,,0,pending,pending,pending,pending,pending,pending,,,0,,2026-04-13T15:35:44+00:00
run_20260413T113749Z,e042b5aff0403e133705496a88c533606f7d72a2,PS-02_AIGR-S66270_NCIIPC_02_03_2026.xlsx,cloudsensors.xyz,https://cloudsensors.xyz,,,,,0,0,0,,,,,0,pending,pending,pending,pending,pending,pending,,,0,,2026-04-13T15:35:44+00:00
run_20260413T113749Z,e4ac0f0feb0b21108678bc830dc45dae3f12f6da,PS-02_AIGR-S66270_NCIIPC_02_03_2026.xlsx,cloudsentiment.xyz,https://cloudsentiment.xyz,dns_gate,filtered_dns_inactive,dns_gate_no_answer,no A/AAAA answers for cloudsentiment.xyz,0,0,0,,ray-dns-gate,,,0,pending,pending,pending,pending,pending,filtered_lexical_miss,,dns_gate_inactive,0,,2026-04-13T14:01:30+00:00
run_20260413T113749Z,10d0e233170d913010780618053c9c49d7770a80,PS-02_AIGR-S66270_NCIIPC_02_03_2026.xlsx,https://cloudsermon.com,https://cloudsermon.com,,,,,0,0,0,,,,,0,pending,pending,pending,pending,pending,pending,,,0,,2026-04-13T15:35:44+00:00
run_20260413T113749Z,6c5f9f199201c8ef058f20ee2607ca5650f54bfd,PS-02_AIGR-S66270_NCIIPC_02_03_2026.xlsx,https://cloudserverspk.com,https://cloudserverspk.com,,,,,0,0,0,,,,,0,pending,pending,pending,pending,pending,pending,,,0,,2026-04-13T15:35:44+00:00
run_20260413T113749Z,17ef476030a0a58f83dc692714e4d5c3cf94c2ed,PS-02_AIGR-S66270_NCIIPC_02_03_2026.xlsx,cloudsforless.com,https://cloudsforless.com,,,,,0,0,0,,,,,0,pending,pending,pending,pending,pending,pending,,,0,,2026-04-13T15:35:44+00:00
run_20260413T113749Z,8820f0263a830a2e54d03ed0696f637b7c67ba5e,PS-02_AIGR-S66270_NCIIPC_02_03_2026.xlsx,cloudshiftapp.com,https://cloudshiftapp.com,,,,,0,0,0,,,,,0,pending,pending,pending,pending,pending,pending,,,0,,2026-04-13T15:35:44+00:00
run_20260413T113749Z,ccd3fd12c7b4b37b515505eee265cf54513d5024,PS-02_AIGR-S66270_NCIIPC_02_03_2026.xlsx,cloudshikshak.com,https://cloudshikshak.com,,,,,0,0,0,,,,,0,pending,pending,pending,pending,pending,pending,,,0,,2026-04-13T15:35:44+00:00
run_20260413T113749Z,cab1d4d338371a0c816b613ac3afc814abc6afdb,PS-02_AIGR-S66270_NCIIPC_02_03_2026.xlsx,cloudskillgames.com,https://cloudskillgames.com,,,,,0,0,0,,,,,0,pending,pending,pending,pending,pending,pending,,,0,,2026-04-13T15:35:44+00:00
run_20260413T113749Z,21663f3bd7d7d2e86a35c8ac96071aa60f9067cb,PS-02_AIGR-S66270_NCIIPC_02_03_2026.xlsx,cloudsnack.net,https://cloudsnack.net,,,,,0,0,0,,,,,0,pending,pending,pending,pending,pending,pending,,,0,,2026-04-13T15:35:44+00:00
run_20260413T113749Z,0da4a6b5e45201f56e52e311042c8aa07676e942,PS-02_AIGR-S66270_NCIIPC_02_03_2026.xlsx,cloudsoar.xyz,https://cloudsoar.xyz,,,,,0,0,0,,,,,0,pending,pending,pending,pending,pending,pending,,,0,,2026-04-13T15:35:44+00:00
run_20260413T113749Z,721ed97b9c2e4fe065f105e9b8bacc913fd4de77,PS-02_AIGR-S66270_NCIIPC_02_03_2026.xlsx,cloudsofadupe.com,https://cloudsofadupe.com,,,,,0,0,0,,,,,0,pending,pending,pending,pending,pending,pending,,,0,,2026-04-13T15:35:44+00:00
run_20260413T113749Z,2c989fbfd60ebe53b7f597c96b13df59518b9bfd,PS-02_AIGR-S66270_NCIIPC_02_03_2026.xlsx,cloudsonasunnyday.com,https://cloudsonasunnyday.com,stage1,failed,,,0,0,0,,ray-stage1,,,0,pending,failed,pending,pending,pending,filtered_lexical_miss,,,0,,2026-04-13T14:01:43+00:00
run_20260413T113749Z,bb7501b81211f3be0ade0b384e221481ca393fd4,PS-02_AIGR-S66270_NCIIPC_02_03_2026.xlsx,cloudsorchestration.com,https://cloudsorchestration.com,,,,,0,0,0,,,,,0,pending,pending,pending,pending,pending,pending,,,0,,2026-04-13T15:35:44+00:00
run_20260413T113749Z,ac62e10713a1dd6f15b9c8aa044a33313b13a2f8,PS-02_AIGR-S66270_NCIIPC_02_03_2026.xlsx,cloudspire-work.com,https://cloudspire-work.com,,,,,0,0,0,,,,,0,pending,pending,pending,pending,pending,pending,,,0,,2026-04-13T15:35:44+00:00
run_20260413T113749Z,b4d4e338829340b788eb7010a9fddc35722bb07a,PS-02_AIGR-S66270_NCIIPC_02_03_2026.xlsx,https://cloudspire360.com,https://cloudspire360.com,,,,,0,0,0,,,,,0,pending,pending,pending,pending,pending,pending,,,0,,2026-04-13T15:35:44+00:00
run_20260413T113749Z,9a375ee9380a5b846ca20c096f03c6b7bf753591,PS-02_AIGR-S66270_NCIIPC_02_03_2026.xlsx,cloudsprovider.org,https://cloudsprovider.org,stage1,failed,,,0,0,0,,ray-stage1,,,0,pending,failed,pending,pending,pending,filtered_lexical_miss,,,0,,2026-04-13T14:01:39+00:00
run_20260413T113749Z,20f78cf5b214902f660407a1663f527ed8ac9971,PS-02_AIGR-S66270_NCIIPC_02_03_2026.xlsx,cloudsquid.xyz,https://cloudsquid.xyz,,,,,0,0,0,,,,,0,pending,pending,pending,pending,pending,pending,,,0,,2026-04-13T15:35:44+00:00
run_20260413T113749Z,5ba7e1578b30643f30bab8b994c452d510d4b298,PS-02_AIGR-S66270_NCIIPC_02_03_2026.xlsx,cloudstacked.com,https://cloudstacked.com,,,,,0,0,0,,,,,0,pending,pending,pending,pending,pending,pending,,,0,,2026-04-13T15:35:44+00:00
run_20260413T113749Z,928a6e32e9dbdf8f69fdecf980fdd0882956ff89,PS-02_AIGR-S66270_NCIIPC_02_03_2026.xlsx,cloudstash.tech,https://cloudstash.tech,,,,,0,0,0,,,,,0,pending,pending,pending,pending,pending,pending,,,0,,2026-04-13T15:35:44+00:00
run_20260413T113749Z,96518ac6a2298b6f3741df29f12df1fa5012acef,PS-02_AIGR-S66270_NCIIPC_02_03_2026.xlsx,https://cloudstorages.com,https://cloudstorages.com,,,,,0,0,0,,,,,0,pending,pending,pending,pending,pending,pending,,,0,,2026-04-13T15:35:44+00:00
run_20260413T113749Z,9c637c0413061f9e9e6c56498bca918e2d4069ea,PS-02_AIGR-S66270_NCIIPC_02_03_2026.xlsx,cloudstoreitanvision.com,https://cloudstoreitanvision.com,,,,,0,0,0,,,,,0,pending,pending,pending,pending,pending,pending,,,0,,2026-04-13T15:35:44+00:00
run_20260413T113749Z,0963cc5fe2be2cfc6fd60219dd7288b2ad89a6ee,PS-02_AIGR-S66270_NCIIPC_02_03_2026.xlsx,cloudstorm.info,https://cloudstorm.info,,,,,0,0,0,,,,,0,pending,pending,pending,pending,pending,pending,,,0,,2026-04-13T15:35:44+00:00
run_20260413T113749Z,0820a0bf17827623d3ccea036d4dcb4b30119781,PS-02_AIGR-S66270_NCIIPC_02_03_2026.xlsx,cloudstreamsoftware.cloud,https://cloudstreamsoftware.cloud,,,,,0,0,0,,,,,0,pending,pending,pending,pending,pending,pending,,,0,,2026-04-13T15:35:44+00:00
run_20260413T113749Z,8061a197b477708388016f4a5e550d1f8a303019,PS-02_AIGR-S66270_NCIIPC_02_03_2026.xlsx,cloudstrm.com,https://cloudstrm.com,,,,,0,0,0,,,,,0,pending,pending,pending,pending,pending,pending,,,0,,2026-04-13T15:35:44+00:00
run_20260413T113749Z,1b3e4b958a065bead111c222c4b9cc35e46b08c7,PS-02_AIGR-S66270_NCIIPC_02_03_2026.xlsx,cloudsuperapp.net,https://cloudsuperapp.net,,,,,0,0,0,,,,,0,pending,pending,pending,pending,pending,pending,,,0,,2026-04-13T15:35:44+00:00
run_20260413T113749Z,0bead5b7c36ecaa01900c6ed3e0286e135a03ebc,PS-02_AIGR-S66270_NCIIPC_02_03_2026.xlsx,cloudsustain.xyz,https://cloudsustain.xyz,,,,,0,0,0,,,,,0,pending,pending,pending,pending,pending,pending,,,0,,2026-04-13T15:35:44+00:00
run_20260413T113749Z,004cfa11d979ad987a7680dbaf164a45ea416406,PS-02_AIGR-S66270_NCIIPC_02_03_2026.xlsx,cloudswifts.com,https://cloudswifts.com,,,,,0,0,0,,,,,0,pending,pending,pending,pending,pending,pending,,,0,,2026-04-13T15:35:44+00:00
run_20260413T113749Z,b1e3bf4cafb9142ee9ea34474a0d18c395d1cfec,PS-02_AIGR-S66270_NCIIPC_02_03_2026.xlsx,cloudsyncs.com,https://cloudsyncs.com,,,,,0,0,0,,,,,0,pending,pending,pending,pending,pending,pending,,,0,,2026-04-13T15:35:44+00:00
run_20260413T113749Z,7957b1fa1bbe81b330dadd2882b03b4887c4f59d,PS-02_AIGR-S66270_NCIIPC_02_03_2026.xlsx,cloudsynvicktrade.com,https://cloudsynvicktrade.com,,,,,0,0,0,,,,,0,pending,pending,pending,pending,pending,pending,,,0,,2026-04-13T15:35:44+00:00
run_20260413T113749Z,0ee43c84e245305410a560e6ad7f7a455eaea2a9,PS-02_AIGR-S66270_NCIIPC_02_03_2026.xlsx,cloudsystems.cloud,https://cloudsystems.cloud,,,,,0,0,0,,,,,0,pending,pending,pending,pending,pending,pending,,,0,,2026-04-13T15:35:44+00:00
run_20260413T113749Z,b3c4f4324063335db3403c4edc59f56d8ebc7f3b,PS-02_AIGR-S66270_NCIIPC_02_03_2026.xlsx,cloudsystems.consulting,https://cloudsystems.consulting,,,,,0,0,0,,,,,0,pending,pending,pending,pending,pending,pending,,,0,,2026-04-13T15:35:44+00:00
run_20260413T113749Z,996bbc31479a67dc84ab8eaa484427e3f89173c2,PS-02_AIGR-S66270_NCIIPC_02_03_2026.xlsx,cloudsystems.email,https://cloudsystems.email,stage1,failed,,,0,0,0,,ray-stage1,,,0,pending,failed,pending,pending,pending,filtered_lexical_miss,,,0,,2026-04-13T11:39:01+00:00
run_20260413T113749Z,66f5d552085f7d9954351eef3551b4c83a355738,PS-02_AIGR-S66270_NCIIPC_02_03_2026.xlsx,cloudsystems.gmbh,https://cloudsystems.gmbh,,,,,0,0,0,,,,,0,pending,pending,pending,pending,pending,pending,,,0,,2026-04-13T15:35:44+00:00
run_20260413T113749Z,726f5b48411805fc9efb93f45c5cf29089964b34,PS-02_AIGR-S66270_NCIIPC_02_03_2026.xlsx,cloudsystems.mobi,https://cloudsystems.mobi,,,,,0,0,0,,,,,0,pending,pending,pending,pending,pending,pending,,,0,,2026-04-13T15:35:44+00:00
run_20260413T113749Z,66e1edfe25e723e9272ffc3eb1659aab4adf048a,PS-02_AIGR-S66270_NCIIPC_02_03_2026.xlsx,cloudsystems.network,https://cloudsystems.network,,,,,0,0,0,,,,,0,pending,pending,pending,pending,pending,pending,,,0,,2026-04-13T15:35:44+00:00
run_20260413T113749Z,fa4ddeb6edeb3b4e90e2702703dcdd90db41e7d3,PS-02_AIGR-S66270_NCIIPC_02_03_2026.xlsx,cloudtalentbrief.com,https://cloudtalentbrief.com,,,,,0,0,0,,,,,0,pending,pending,pending,pending,pending,pending,,,0,,2026-04-13T15:35:44+00:00
run_20260413T113749Z,56c4f5f7de552ef9ca2a5e1c0654797a1d5d5ed0,PS-02_AIGR-S66270_NCIIPC_02_03_2026.xlsx,cloudtank.xyz,https://cloudtank.xyz,,,,,0,0,0,,,,,0,pending,pending,pending,pending,pending,pending,,,0,,2026-04-13T15:35:44+00:00
run_20260413T113749Z,8083072ba42a2922df6c8c31a0512fb118ba6a20,PS-02_AIGR-S66270_NCIIPC_02_03_2026.xlsx,cloudtechksa.com,https://cloudtechksa.com,,,,,0,0,0,,,,,0,pending,pending,pending,pending,pending,pending,,,0,,2026-04-13T15:35:44+00:00
run_20260413T113749Z,8404bcbd1a8f52d2beafcbfb70428c64cc98a708,PS-02_AIGR-S66270_NCIIPC_02_03_2026.xlsx,cloudteksolutions.com,https://cloudteksolutions.com,,,,,0,0,0,,,,,0,pending,pending,pending,pending,pending,pending,,,0,,2026-04-13T15:35:44+00:00
run_20260413T113749Z,05cf9dfccc480fba51aac66c8c27eff4b616f16a,PS-02_AIGR-S66270_NCIIPC_02_03_2026.xlsx,cloudterritory.xyz,https://cloudterritory.xyz,,,,,0,0,0,,,,,0,pending,pending,pending,pending,pending,pending,,,0,,2026-04-13T15:35:44+00:00
run_20260413T113749Z,267aa659887d61ceda6f0675a712cb934c2a9b1c,PS-02_AIGR-S66270_NCIIPC_02_03_2026.xlsx,https://cloudtherapies.com,https://cloudtherapies.com,,,,,0,0,0,,,,,0,pending,pending,pending,pending,pending,pending,,,0,,2026-04-13T15:35:44+00:00
run_20260413T113749Z,9c951d7a4b53b2e33029481542280e92443d9b57,PS-02_AIGR-S66270_NCIIPC_02_03_2026.xlsx,cloudtomorrow.xyz,https://cloudtomorrow.xyz,,,,,0,0,0,,,,,0,pending,pending,pending,pending,pending,pending,,,0,,2026-04-13T15:35:44+00:00
run_20260413T113749Z,ae4657e1026e023a1326b9cac7e6220d7aebbb82,PS-02_AIGR-S66270_NCIIPC_02_03_2026.xlsx,cloudtoolstack.com,https://cloudtoolstack.com,stage1,failed,RayTaskError(OSError),"[36mray::_stage1_parse_task_impl()[39m (pid=23696, ip=127.0.0.1)
  File ""python\\ray\\_raylet.pyx"", line 1818, in ray._raylet.execute_task
  File ""C:\Users\SATWIK\Documents\Phishing\phishing_pipeline\ray_runtime.py"", line 893, in _stage1_parse_task_impl
    from .stage1_http_analyzer import (
  File ""C:\Users\SATWIK\Documents\Phishing\phishing_pipeline\stage1_http_analyzer.py"", line 33, in <module>
    from .utils import _get_tvc_brand_catalog, _normalize_tvc_text
  File ""C:\Users\SATWIK\Documents\Phishing\phishing_pipeline\utils.py"", line 14, in <module>
    import torch
  File ""C:\Users\SATWIK\Documents\Phishing\venv\lib\site-packages\torch\__init__.py"", line 274, in <module>
    _load_dll_libraries()
  File ""C:\Users\SATWIK\Documents\Phishing\venv\lib\site-packages\torch\__init__.py"", line 257, in _load_dll_libraries
    raise err
OSError: [WinError 1455] The paging file is too small for this operation to complete. Error loading ""C:\Users\SATWIK\Documents\Phishing\venv\lib\site-packages\torch\lib\cufft64_11.dll"" or one of its dependencies.",0,0,0,,ray-stage1,,,0,pending,failed,pending,pending,pending,filtered_lexical_miss,,stage1_task_failed,0,,2026-04-13T11:40:20+00:00
run_20260413T113749Z,0923ff827bc41307c49ac0d36ebe40ccb44e3ff3,PS-02_AIGR-S66270_NCIIPC_02_03_2026.xlsx,cloudtopia.com,https://cloudtopia.com,,,,,0,0,0,,,,,0,pending,pending,pending,pending,pending,pending,,,0,,2026-04-13T15:35:44+00:00
run_20260413T113749Z,c2ee427bbc71b7c389e0bb8d06d8643172ec453e,PS-02_AIGR-S66270_NCIIPC_02_03_2026.xlsx,cloudtraceai.com,https://cloudtraceai.com,,,,,0,0,0,,,,,0,pending,pending,pending,pending,pending,pending,,,0,,2026-04-13T15:35:44+00:00
run_20260413T113749Z,a31485e6b41ecdf452da51707e6bbb5dc57e79ec,PS-02_AIGR-S66270_NCIIPC_02_03_2026.xlsx,cloudtreasure.xyz,https://cloudtreasure.xyz,,,,,0,0,0,,,,,0,pending,pending,pending,pending,pending,pending,,,0,,2026-04-13T15:35:44+00:00
run_20260413T113749Z,c77bc4730d864bcd29040a60f61e5ce03a4d0a7f,PS-02_AIGR-S66270_NCIIPC_02_03_2026.xlsx,cloudtrillion.xyz,https://cloudtrillion.xyz,,,,,0,0,0,,,,,0,pending,pending,pending,pending,pending,pending,,,0,,2026-04-13T15:35:44+00:00
run_20260413T113749Z,705c9ad917b3d89a9640863daa97eb965cc5e2e4,PS-02_AIGR-S66270_NCIIPC_02_03_2026.xlsx,cloudtuk.com,https://cloudtuk.com,,,,,0,0,0,,,,,0,pending,pending,pending,pending,pending,pending,,,0,,2026-04-13T15:35:44+00:00
run_20260413T113749Z,2123ff1799eb6830868f4bb9c84b01f350f7cddc,PS-02_AIGR-S66270_NCIIPC_02_03_2026.xlsx,cloudtwin.xyz,https://cloudtwin.xyz,,,,,0,0,0,,,,,0,pending,pending,pending,pending,pending,pending,,,0,,2026-04-13T15:35:44+00:00
run_20260413T113749Z,1b8b730f6cabec647b7f486a7114a469e3dcb4e0,PS-02_AIGR-S66270_NCIIPC_02_03_2026.xlsx,cloudulp.com,https://cloudulp.com,,,,,0,0,0,,,,,0,pending,pending,pending,pending,pending,pending,,,0,,2026-04-13T15:35:44+00:00
run_20260413T113749Z,086c05ab8bd4e84b6e107cd35ab85d1886f1f538,PS-02_AIGR-S66270_NCIIPC_02_03_2026.xlsx,cloudvaulted.xyz,https://cloudvaulted.xyz,,,,,0,0,0,,,,,0,pending,pending,pending,pending,pending,pending,,,0,,2026-04-13T15:35:44+00:00
run_20260413T113749Z,70a1404955cfa9b43adc874b51e4d01b0edee475,PS-02_AIGR-S66270_NCIIPC_02_03_2026.xlsx,cloudvector.xyz,https://cloudvector.xyz,,,,,0,0,0,,,,,0,pending,pending,pending,pending,pending,pending,,,0,,2026-04-13T15:35:44+00:00
run_20260413T113749Z,9493ac52f99e2a4fdd863c7b2702b9ded31cdf55,PS-02_AIGR-S66270_NCIIPC_02_03_2026.xlsx,cloudvendors.xyz,https://cloudvendors.xyz,,,,,0,0,0,,,,,0,pending,pending,pending,pending,pending,pending,,,0,,2026-04-13T15:35:44+00:00
run_20260413T113749Z,b895c8f6442a49c80989ff4994ebf00a0d3fd8c2,PS-02_AIGR-S66270_NCIIPC_02_03_2026.xlsx,cloudvidyashram.com,https://cloudvidyashram.com,,,,,0,0,0,,,,,0,pending,pending,pending,pending,pending,pending,,,0,,2026-04-13T15:35:44+00:00
run_20260413T113749Z,d216e02648c50f1cf0149a056ec538006fcedd54,PS-02_AIGR-S66270_NCIIPC_02_03_2026.xlsx,cloudvionsystems.com,https://cloudvionsystems.com,,,,,0,0,0,,,,,0,pending,pending,pending,pending,pending,pending,,,0,,2026-04-13T15:35:44+00:00
run_20260413T113749Z,1964283b823f858d96fd11f0f301f691eff1d0c8,PS-02_AIGR-S66270_NCIIPC_02_03_2026.xlsx,cloudvirtue.xyz,https://cloudvirtue.xyz,,,,,0,0,0,,,,,0,pending,pending,pending,pending,pending,pending,,,0,,2026-04-13T15:35:44+00:00
run_20260413T113749Z,8e7974a333191480bc5d7e20e53e2b82884fb124,PS-02_AIGR-S66270_NCIIPC_02_03_2026.xlsx,cloudvlog.xyz,https://cloudvlog.xyz,,,,,0,0,0,,,,,0,pending,pending,pending,pending,pending,pending,,,0,,2026-04-13T15:35:44+00:00
run_20260413T113749Z,c14557902944f2afc934d9377c432412ddf22fa7,PS-02_AIGR-S66270_NCIIPC_02_03_2026.xlsx,https://cloudvolunteer.com,https://cloudvolunteer.com,,,,,0,0,0,,,,,0,pending,pending,pending,pending,pending,pending,,,0,,2026-04-13T15:35:44+00:00
run_20260413T113749Z,de1ba5be3d2c327eae54d37e7ff38e70fe477db4,PS-02_AIGR-S66270_NCIIPC_02_03_2026.xlsx,cloudvory.store,https://cloudvory.store,,,,,0,0,0,,,,,0,pending,pending,pending,pending,pending,pending,,,0,,2026-04-13T15:35:44+00:00
run_20260413T113749Z,a5e5a5409c43a6b53d9c8acaced6387c89dd0c41,PS-02_AIGR-S66270_NCIIPC_02_03_2026.xlsx,https://cloudvrgames.com,https://cloudvrgames.com,,,,,0,0,0,,,,,0,pending,pending,pending,pending,pending,pending,,,0,,2026-04-13T15:35:44+00:00
run_20260413T113749Z,fc5a9149537ac6b75761155631ce737a9b47c42c,PS-02_AIGR-S66270_NCIIPC_02_03_2026.xlsx,cloudvtech.net,https://cloudvtech.net,,,,,0,0,0,,,,,0,pending,pending,pending,pending,pending,pending,,,0,,2026-04-13T15:35:44+00:00
run_20260413T113749Z,6cfc772b0ac223bcd354da6d29f4fae55e8f17a5,PS-02_AIGR-S66270_NCIIPC_02_03_2026.xlsx,cloudwahs.com,https://cloudwahs.com,,,,,0,0,0,,,,,0,pending,pending,pending,pending,pending,pending,,,0,,2026-04-13T15:35:44+00:00
run_20260413T113749Z,6b48c50f89988c9c645dec2adc834c7a99712c3c,PS-02_AIGR-S66270_NCIIPC_02_03_2026.xlsx,cloudwasm.xyz,https://cloudwasm.xyz,,,,,0,0,0,,,,,0,pending,pending,pending,pending,pending,pending,,,0,,2026-04-13T15:35:44+00:00
run_20260413T113749Z,045e4c9c8c040a2d921a4d364f88b6bf46a0f579,PS-02_AIGR-S66270_NCIIPC_02_03_2026.xlsx,cloudwaste.io,https://cloudwaste.io,,,,,0,0,0,,,,,0,pending,pending,pending,pending,pending,pending,,,0,,2026-04-13T15:35:44+00:00
run_20260413T113749Z,9c84e8cf24e5c6b375a8d3a3ca664ae5db1085c9,PS-02_AIGR-S66270_NCIIPC_02_03_2026.xlsx,cloudwayfulfillment.com,https://cloudwayfulfillment.com,stage1,failed,,,0,0,0,,ray-stage1,,,0,pending,failed,pending,pending,pending,filtered_lexical_miss,,,0,,2026-04-13T12:18:28+00:00
run_20260413T113749Z,761e57f26ec61712e21cad04fc31250254e937de,PS-02_AIGR-S66270_NCIIPC_02_03_2026.xlsx,cloudwebdata.com,https://cloudwebdata.com,,,,,0,0,0,,,,,0,pending,pending,pending,pending,pending,pending,,,0,,2026-04-13T15:35:44+00:00
run_20260413T113749Z,e0d7be0a81c006b053e5fa71bb7922bcbf96618d,PS-02_AIGR-S66270_NCIIPC_02_03_2026.xlsx,https://cloudwebspace.com,https://cloudwebspace.com,,,,,0,0,0,,,,,0,pending,pending,pending,pending,pending,pending,,,0,,2026-04-13T15:35:44+00:00
run_20260413T113749Z,a5f42905396c5c6ad540f7e94cb31f7b5774c361,PS-02_AIGR-S66270_NCIIPC_02_03_2026.xlsx,cloudwinds.xyz,https://cloudwinds.xyz,,,,,0,0,0,,,,,0,pending,pending,pending,pending,pending,pending,,,0,,2026-04-13T15:35:44+00:00
run_20260413T113749Z,18bad46a8caa0c0747df5119a0216d4373bba7f2,PS-02_AIGR-S66270_NCIIPC_02_03_2026.xlsx,cloudwiz.cloud,https://cloudwiz.cloud,,,,,0,0,0,,,,,0,pending,pending,pending,pending,pending,pending,,,0,,2026-04-13T15:35:44+00:00
run_20260413T113749Z,ffe3f10d702904e93f02b633a357b00404c50885,PS-02_AIGR-S66270_NCIIPC_02_03_2026.xlsx,cloudwizard.xyz,https://cloudwizard.xyz,,,,,0,0,0,,,,,0,pending,pending,pending,pending,pending,pending,,,0,,2026-04-13T15:35:44+00:00
run_20260413T113749Z,bc29fcd5c861ed946f2fbcb069ada1d2b0a08aa4,PS-02_AIGR-S66270_NCIIPC_02_03_2026.xlsx,cloudwrites.xyz,https://cloudwrites.xyz,,,,,0,0,0,,,,,0,pending,pending,pending,pending,pending,pending,,,0,,2026-04-13T15:35:44+00:00
run_20260413T113749Z,cceddb8b0e46ad94e045e799990fedd8ed4ef7ee,PS-02_AIGR-S66270_NCIIPC_02_03_2026.xlsx,https://cloudxbrl.com,https://cloudxbrl.com,,,,,0,0,0,,,,,0,pending,pending,pending,pending,pending,pending,,,0,,2026-04-13T15:35:44+00:00
run_20260413T113749Z,7f25ff3e37cb2a77ff3ec35023af8fe0de03e232,PS-02_AIGR-S66270_NCIIPC_02_03_2026.xlsx,cloudxits.com,https://cloudxits.com,,,,,0,0,0,,,,,0,pending,pending,pending,pending,pending,pending,,,0,,2026-04-13T15:35:44+00:00
run_20260413T113749Z,c1cdcea51f268c347fe7db3bbfaa17555f6abe9f,PS-02_AIGR-S66270_NCIIPC_02_03_2026.xlsx,cloudybooks.com,https://cloudybooks.com,stage1,failed,,,0,0,0,,ray-stage1,,,0,pending,failed,pending,pending,pending,filtered_lexical_miss,,,0,,2026-04-13T14:01:46+00:00
run_20260413T113749Z,b7ef61c7afe2f84e4c8898eab021883d97b03a53,PS-02_AIGR-S66270_NCIIPC_02_03_2026.xlsx,https://cloudyland.hu,https://cloudyland.hu,,,,,0,0,0,,,,,0,pending,pending,pending,pending,pending,pending,,,0,,2026-04-13T15:35:44+00:00
run_20260413T113749Z,706e61b13fce076eb1255e5bf32705c102e44340,PS-02_AIGR-S66270_NCIIPC_02_03_2026.xlsx,cloudynergy.xyz,https://cloudynergy.xyz,,,,,0,0,0,,,,,0,pending,pending,pending,pending,pending,pending,,,0,,2026-04-13T15:35:44+00:00
run_20260413T113749Z,a62af817af297d665699b1eb4518e99881198722,PS-02_AIGR-S66270_NCIIPC_02_03_2026.xlsx,cloudyum.com,https://cloudyum.com,,,,,0,0,0,,,,,0,pending,pending,pending,pending,pending,pending,,,0,,2026-04-13T15:35:44+00:00
run_20260413T113749Z,23d443032d1027a700d024b32f3f4ebc82b955df,PS-02_AIGR-S66270_NCIIPC_02_03_2026.xlsx,cloudyvapor.com,https://cloudyvapor.com,,,,,0,0,0,,,,,0,pending,pending,pending,pending,pending,pending,,,0,,2026-04-13T15:35:44+00:00
run_20260413T113749Z,8457bcc03a4b202f1ab59b7bb9a315643e12f86a,PS-02_AIGR-S66270_NCIIPC_02_03_2026.xlsx,cloudzep.com,https://cloudzep.com,,,,,0,0,0,,,,,0,pending,pending,pending,pending,pending,pending,,,0,,2026-04-13T15:35:44+00:00
run_20260413T113749Z,dbf1bc70f05db3818eb24af02785127158b76bc5,PS-02_AIGR-S66270_NCIIPC_02_03_2026.xlsx,cloudziips.com,https://cloudziips.com,,,,,0,0,0,,,,,0,pending,pending,pending,pending,pending,pending,,,0,,2026-04-13T15:35:44+00:00
run_20260413T113749Z,db5241c557627367fe4c964177d0f937a1af6c2e,PS-02_AIGR-S66270_NCIIPC_02_03_2026.xlsx,cloudzo.in,https://cloudzo.in,,,,,0,0,0,,,,,0,pending,pending,pending,pending,pending,pending,,,0,,2026-04-13T15:35:44+00:00
run_20260413T113749Z,2ec7405e7b07d12ca7d43a4bf9cf52a58fabe13f,PS-02_AIGR-S66270_NCIIPC_02_03_2026.xlsx,cloutdefined.biz,https://cloutdefined.biz,,,,,0,0,0,,,,,0,pending,pending,pending,pending,pending,pending,,,0,,2026-04-13T15:35:44+00:00
run_20260413T113749Z,0ccc73994490d485183144e2bde501c707125ff4,PS-02_AIGR-S66270_NCIIPC_02_03_2026.xlsx,https://clouuds-sa.com,https://clouuds-sa.com,,,,,0,0,0,,,,,0,pending,pending,pending,pending,pending,pending,,,0,,2026-04-13T15:35:44+00:00
run_20260413T113749Z,7f5b5bf37a5ebad1c48450c34186a04746205a6f,PS-02_AIGR-S66270_NCIIPC_02_03_2026.xlsx,cloverfunding.xyz,https://cloverfunding.xyz,,,,,0,0,0,,,,,0,pending,pending,pending,pending,pending,pending,,,0,,2026-04-13T15:35:44+00:00
run_20260413T113749Z,26cc64997d11c3922a36aaaf3cc44dc0723b7119,PS-02_AIGR-S66270_NCIIPC_02_03_2026.xlsx,cluod.help,https://cluod.help,,,,,0,0,0,,,,,0,pending,pending,pending,pending,pending,pending,,,0,,2026-04-13T15:35:44+00:00
run_20260413T113749Z,ba641680325a2c2770345c7c636ba28ff4b8a973,PS-02_AIGR-S66270_NCIIPC_02_03_2026.xlsx,clustd.com,https://clustd.com,,,,,0,0,0,,,,,0,pending,pending,pending,pending,pending,pending,,,0,,2026-04-13T15:35:44+00:00
run_20260413T113749Z,043c4c197eb9536a961c70cd703ba6ff67b42003,PS-02_AIGR-S66270_NCIIPC_02_03_2026.xlsx,https://co1n.ai,https://co1n.ai,,,,,0,0,0,,,,,0,pending,pending,pending,pending,pending,pending,,,0,,2026-04-13T15:35:44+00:00
run_20260413T113749Z,73f9df91670955d2f45f4570885fc425d9db0b94,PS-02_AIGR-S66270_NCIIPC_02_03_2026.xlsx,https://coachclinics.com,https://coachclinics.com,,,,,0,0,0,,,,,0,pending,pending,pending,pending,pending,pending,,,0,,2026-04-13T15:35:44+00:00
run_20260413T113749Z,835082357a49a13c9141d82e8d4f581b12acead8,PS-02_AIGR-S66270_NCIIPC_02_03_2026.xlsx,coalindia.energy,https://coalindia.energy,,,,,0,0,0,,,,,0,pending,pending,pending,pending,pending,pending,,,0,,2026-04-13T15:35:44+00:00
run_20260413T113749Z,0eca780d66bba61c3a9442888c7f3258dda07628,PS-02_AIGR-S66270_NCIIPC_02_03_2026.xlsx,coalitionscan.com,https://coalitionscan.com,,,,,0,0,0,,,,,0,pending,pending,pending,pending,pending,pending,,,0,,2026-04-13T15:35:44+00:00
run_20260413T113749Z,0e08ec1e35a23ffeddf739386060923eeeee4989,PS-02_AIGR-S66270_NCIIPC_02_03_2026.xlsx,coalrietenbach.com,https://coalrietenbach.com,,,,,0,0,0,,,,,0,pending,pending,pending,pending,pending,pending,,,0,,2026-04-13T15:35:44+00:00
run_20260413T113749Z,31652a81ac6a471b9035710fd4e8d3a017e28050,PS-02_AIGR-S66270_NCIIPC_02_03_2026.xlsx,cocktailindia.com,https://cocktailindia.com,,,,,0,0,0,,,,,0,pending,pending,pending,pending,pending,pending,,,0,,2026-04-13T15:35:44+00:00
run_20260413T113749Z,fa19da1c276fdb197226d455b6f74e13e3f7d72d,PS-02_AIGR-S66270_NCIIPC_02_03_2026.xlsx,colidir.ca,https://colidir.ca,stage1,failed,,,0,0,0,,ray-stage1,,,0,pending,failed,pending,pending,pending,filtered_lexical_miss,,,0,,2026-04-13T14:01:44+00:00
run_20260413T113749Z,1ad8190cd339af089d9e36900b8213c844ae82ec,PS-02_AIGR-S66270_NCIIPC_02_03_2026.xlsx,colinial.com,https://colinial.com,,,,,0,0,0,,,,,0,pending,pending,pending,pending,pending,pending,,,0,,2026-04-13T15:35:44+00:00
run_20260413T113749Z,1c47296660c2b8cabefe0b394a39ea96f78668dd,PS-02_AIGR-S66270_NCIIPC_02_03_2026.xlsx,cometsonline.xyz,https://cometsonline.xyz,,,,,0,0,0,,,,,0,pending,pending,pending,pending,pending,pending,,,0,,2026-04-13T15:35:44+00:00
run_20260413T113749Z,5de3a39e5f98275aa46a5e80ebb5897ec0c406e3,PS-02_AIGR-S66270_NCIIPC_02_03_2026.xlsx,https://craindia.org,https://craindia.org,,,,,0,0,0,,,,,0,pending,pending,pending,pending,pending,pending,,,0,,2026-04-13T15:35:44+00:00
run_20260413T113749Z,8ad16ebe86987c97d73ae851539e5dd8a24b2e8e,PS-02_AIGR-S66270_NCIIPC_02_03_2026.xlsx,crmcloud.info,https://crmcloud.info,,,,,0,0,0,,,,,0,pending,pending,pending,pending,pending,pending,,,0,,2026-04-13T15:35:44+00:00
run_20260413T113749Z,4e5924b9519fb40e2c84839d5f01f74c5f8df7fc,PS-02_AIGR-S66270_NCIIPC_02_03_2026.xlsx,crumbsonlinehq.com,https://crumbsonlinehq.com,,,,,0,0,0,,,,,0,pending,pending,pending,pending,pending,pending,,,0,,2026-04-13T15:35:44+00:00
run_20260413T113749Z,ca7ffd8ac0841cce2c1523831c3b240982fd6a88,PS-02_AIGR-S66270_NCIIPC_02_03_2026.xlsx,crustoria.com,https://crustoria.com,,,,,0,0,0,,,,,0,pending,pending,pending,pending,pending,pending,,,0,,2026-04-13T15:35:44+00:00
run_20260413T113749Z,af316490ceed35db82c3f25f7aa8ed75bd907fd3,PS-02_AIGR-S66270_NCIIPC_02_03_2026.xlsx,cslindia.com,https://cslindia.com,,,,,0,0,0,,,,,0,pending,pending,pending,pending,pending,pending,,,0,,2026-04-13T15:35:44+00:00
run_20260413T113749Z,5e2468ac36f97ff71d74b35fa93986e6d83bd49b,PS-02_AIGR-S66270_NCIIPC_02_03_2026.xlsx,cursoonline.site,https://cursoonline.site,,,,,0,0,0,,,,,0,pending,pending,pending,pending,pending,pending,,,0,,2026-04-13T15:35:44+00:00
run_20260413T113749Z,6f1ee239d812ea6ef031d0749a36e96437bf0766,PS-02_AIGR-S66270_NCIIPC_02_03_2026.xlsx,darkwireunderground.net.ru,https://darkwireunderground.net.ru,,,,,0,0,0,,,,,0,pending,pending,pending,pending,pending,pending,,,0,,2026-04-13T15:35:44+00:00
run_20260413T113749Z,d1667c2facb8e7f42a4c12e9f373394c32340c79,PS-02_AIGR-S66270_NCIIPC_02_03_2026.xlsx,https://deaffirst.co.uk,https://deaffirst.co.uk,,,,,0,0,0,,,,,0,pending,pending,pending,pending,pending,pending,,,0,,2026-04-13T15:35:44+00:00
run_20260413T113749Z,6ab7914d6c18fea2eb43a502e89382975bd0f3d8,PS-02_AIGR-S66270_NCIIPC_02_03_2026.xlsx,decis.app,https://decis.app,,,,,0,0,0,,,,,0,pending,pending,pending,pending,pending,pending,,,0,,2026-04-13T15:35:44+00:00
run_20260413T113749Z,250cf7ced5c354932a05abe4d238cd028ccd47df,PS-02_AIGR-S66270_NCIIPC_02_03_2026.xlsx,desicard.com,https://desicard.com,,,,,0,0,0,,,,,0,pending,pending,pending,pending,pending,pending,,,0,,2026-04-13T15:35:44+00:00
run_20260413T113749Z,685e6522c2cab91fff3d69fab025c1652975218c,PS-02_AIGR-S66270_NCIIPC_02_03_2026.xlsx,diary-learn.sa.com,https://diary-learn.sa.com,,,,,0,0,0,,,,,0,pending,pending,pending,pending,pending,pending,,,0,,2026-04-13T15:35:44+00:00
run_20260413T113749Z,3aa3b416c19fcbfaa5002bdf7ad3a6878f8778a2,PS-02_AIGR-S66270_NCIIPC_02_03_2026.xlsx,diary-learning.sa.com,https://diary-learning.sa.com,stage1,failed,,,0,0,0,,ray-stage1,,,0,pending,failed,pending,pending,pending,filtered_lexical_miss,,,0,,2026-04-13T12:18:37+00:00
run_20260413T113749Z,ee0148b8be026dec9dfde175f0f0465924ab2777,PS-02_AIGR-S66270_NCIIPC_02_03_2026.xlsx,diary-notebook.sa.com,https://diary-notebook.sa.com,,,,,0,0,0,,,,,0,pending,pending,pending,pending,pending,pending,,,0,,2026-04-13T15:35:44+00:00
run_20260413T113749Z,d66aad2f9d2e96290fd746ce3f519b5e6215b3fe,PS-02_AIGR-S66270_NCIIPC_02_03_2026.xlsx,diary-student.sa.com,https://diary-student.sa.com,,,,,0,0,0,,,,,0,pending,pending,pending,pending,pending,pending,,,0,,2026-04-13T15:35:44+00:00
run_20260413T113749Z,e72d3761b65590118aea30ea2b144ff7ef1eb96a,PS-02_AIGR-S66270_NCIIPC_02_03_2026.xlsx,https://diary-world.sa.com,https://diary-world.sa.com,,,,,0,0,0,,,,,0,pending,pending,pending,pending,pending,pending,,,0,,2026-04-13T15:35:44+00:00
run_20260413T113749Z,d5f4e731864933a74d62ccb4de23c38adffb2753,PS-02_AIGR-S66270_NCIIPC_02_03_2026.xlsx,dsimlife.com,https://dsimlife.com,,,,,0,0,0,,,,,0,pending,pending,pending,pending,pending,pending,,,0,,2026-04-13T15:35:44+00:00
run_20260413T113749Z,ab0e6fdd273c0d9337f9881667407c0455c9fac3,PS-02_AIGR-S66270_NCIIPC_02_03_2026.xlsx,ebit.one,https://ebit.one,,,,,0,0,0,,,,,0,pending,pending,pending,pending,pending,pending,,,0,,2026-04-13T15:35:44+00:00
run_20260413T113749Z,f3fb35f20d72617a9fd5eb7f7b24ae4f45c6605b,PS-02_AIGR-S66270_NCIIPC_02_03_2026.xlsx,ec2win.com,https://ec2win.com,,,,,0,0,0,,,,,0,pending,pending,pending,pending,pending,pending,,,0,,2026-04-13T15:35:44+00:00
run_20260413T113749Z,f871e26477c01689a0f624b3850ddbd6ee84e997,PS-02_AIGR-S66270_NCIIPC_02_03_2026.xlsx,ecadif.com,https://ecadif.com,,,,,0,0,0,,,,,0,pending,pending,pending,pending,pending,pending,,,0,,2026-04-13T15:35:44+00:00
run_20260413T113749Z,db16c8928f45e24a4f440b69a3472d229ca72dcb,PS-02_AIGR-S66270_NCIIPC_02_03_2026.xlsx,https://ecerio.com,https://ecerio.com,,,,,0,0,0,,,,,0,pending,pending,pending,pending,pending,pending,,,0,,2026-04-13T15:35:44+00:00
run_20260413T113749Z,2b0c82f389937181776c3feaec2cff16980f8f8a,PS-02_AIGR-S66270_NCIIPC_02_03_2026.xlsx,ecfir.com,https://ecfir.com,,,,,0,0,0,,,,,0,pending,pending,pending,pending,pending,pending,,,0,,2026-04-13T15:35:44+00:00
run_20260413T113749Z,5ffbd843bbf7ca954ba62c55d939c0836e3c2172,PS-02_AIGR-S66270_NCIIPC_02_03_2026.xlsx,https://ecidum.rest,https://ecidum.rest,,,,,0,0,0,,,,,0,pending,pending,pending,pending,pending,pending,,,0,,2026-04-13T15:35:44+00:00
run_20260413T113749Z,c5c95408efc2ecf9e05ad0e397e05fc47a6d064b,PS-02_AIGR-S66270_NCIIPC_02_03_2026.xlsx,https://ecijapi.com,https://ecijapi.com,,,,,0,0,0,,,,,0,pending,pending,pending,pending,pending,pending,,,0,,2026-04-13T15:35:44+00:00
run_20260413T113749Z,21b246ebc0cd8eecfef6a42375c116009dc06e23,PS-02_AIGR-S66270_NCIIPC_02_03_2026.xlsx,ecitah.com,https://ecitah.com,,,,,0,0,0,,,,,0,pending,pending,pending,pending,pending,pending,,,0,,2026-04-13T15:35:44+00:00
run_20260413T113749Z,a23690584c7f625da89296d0a132a6753fdb4884,PS-02_AIGR-S66270_NCIIPC_02_03_2026.xlsx,https://ecofin.co.mz,https://ecofin.co.mz,,,,,0,0,0,,,,,0,pending,pending,pending,pending,pending,pending,,,0,,2026-04-13T15:35:44+00:00
run_20260413T113749Z,00b8a01174fb466479c12ac33aa3570e86cb6d12,PS-02_AIGR-S66270_NCIIPC_02_03_2026.xlsx,https://ecomin.app,https://ecomin.app,,,,,0,0,0,,,,,0,pending,pending,pending,pending,pending,pending,,,0,,2026-04-13T15:35:44+00:00
run_20260413T113749Z,5b71e338690222eac967d17d07d2e8dac5b7eac4,PS-02_AIGR-S66270_NCIIPC_02_03_2026.xlsx,ecomix.life,https://ecomix.life,,,,,0,0,0,,,,,0,pending,pending,pending,pending,pending,pending,,,0,,2026-04-13T15:35:44+00:00
run_20260413T113749Z,698bc1865716f43e97197e501d75e9f6e0f9c387,PS-02_AIGR-S66270_NCIIPC_02_03_2026.xlsx,ecomix.pl,https://ecomix.pl,,,,,0,0,0,,,,,0,pending,pending,pending,pending,pending,pending,,,0,,2026-04-13T15:35:44+00:00
run_20260413T113749Z,f5bca8818f4b6d0b3c0b270a9dd4d6e832472c70,PS-02_AIGR-S66270_NCIIPC_02_03_2026.xlsx,ecosiv.com,https://ecosiv.com,,,,,0,0,0,,,,,0,pending,pending,pending,pending,pending,pending,,,0,,2026-04-13T15:35:44+00:00
run_20260413T113749Z,2ac90b97046015c4fd7b93f6fee14f831414e66e,PS-02_AIGR-S66270_NCIIPC_02_03_2026.xlsx,ecpics.com,https://ecpics.com,,,,,0,0,0,,,,,0,pending,pending,pending,pending,pending,pending,,,0,,2026-04-13T15:35:44+00:00
run_20260413T113749Z,719f0904b310af24185e7c5bf0f349cbab98c2bb,PS-02_AIGR-S66270_NCIIPC_02_03_2026.xlsx,https://edfbank.com,https://edfbank.com,,,,,0,0,0,,,,,0,pending,pending,pending,pending,pending,pending,,,0,,2026-04-13T15:35:44+00:00
run_20260413T113749Z,a3a004a0dafff4a0f0216aee29938dace0fb39fe,PS-02_AIGR-S66270_NCIIPC_02_03_2026.xlsx,edition-daily.sa.com,https://edition-daily.sa.com,,,,,0,0,0,,,,,0,pending,pending,pending,pending,pending,pending,,,0,,2026-04-13T15:35:44+00:00
run_20260413T113749Z,24e581ef684aee8c4caf8ce968a02e54fd92cf1d,PS-02_AIGR-S66270_NCIIPC_02_03_2026.xlsx,edition-notebook.sa.com,https://edition-notebook.sa.com,,,,,0,0,0,,,,,0,pending,pending,pending,pending,pending,pending,,,0,,2026-04-13T15:35:44+00:00
run_20260413T113749Z,17f5d86c1029881400d093b00f29a73dae254141,PS-02_AIGR-S66270_NCIIPC_02_03_2026.xlsx,eechip.com,https://eechip.com,,,,,0,0,0,,,,,0,pending,pending,pending,pending,pending,pending,,,0,,2026-04-13T15:35:44+00:00
run_20260413T113749Z,95c4be76275d3bdc511a1253c8b6393be223aa14,PS-02_AIGR-S66270_NCIIPC_02_03_2026.xlsx,eindias.com,https://eindias.com,dns_gate,accepted,,,0,0,0,,ray-dns-gate,,,0,pending,pending,pending,pending,pending,pending,,,0,,2026-04-13T15:35:54+00:00
run_20260413T113749Z,715cc01744df63db22eaa5c0c7e0a28ee230c10e,PS-02_AIGR-S66270_NCIIPC_02_03_2026.xlsx,ejcinc.com,https://ejcinc.com,,,,,0,0,0,,,,,0,pending,pending,pending,pending,pending,pending,,,0,,2026-04-13T15:35:44+00:00
run_20260413T113749Z,d44223f56cf3e0e39659d3141c2253614fff7734,PS-02_AIGR-S66270_NCIIPC_02_03_2026.xlsx,emcloud.click,https://emcloud.click,,,,,0,0,0,,,,,0,pending,pending,pending,pending,pending,pending,,,0,,2026-04-13T15:35:44+00:00
run_20260413T113749Z,95d0cec595104b37327aab043aff30035c2f4fff,PS-02_AIGR-S66270_NCIIPC_02_03_2026.xlsx,enhaq.online,https://enhaq.online,,,,,0,0,0,,,,,0,pending,pending,pending,pending,pending,pending,,,0,,2026-04-13T15:35:44+00:00
run_20260413T113749Z,0482d9e53fd771f373da4db09550b0c9b7850153,PS-02_AIGR-S66270_NCIIPC_02_03_2026.xlsx,enscloud.xyz,https://enscloud.xyz,,,,,0,0,0,,,,,0,pending,pending,pending,pending,pending,pending,,,0,,2026-04-13T15:35:44+00:00
run_20260413T113749Z,ef7c7f5d1e6e4eb0c5648231a3bc571f7917f0a6,PS-02_AIGR-S66270_NCIIPC_02_03_2026.xlsx,erbits.com,https://erbits.com,,,,,0,0,0,,,,,0,pending,pending,pending,pending,pending,pending,,,0,,2026-04-13T15:35:44+00:00
run_20260413T113749Z,561d364e50aabbb70250e9a5c62dbddbb39a9fd2,PS-02_AIGR-S66270_NCIIPC_02_03_2026.xlsx,https://erobit.com,https://erobit.com,,,,,0,0,0,,,,,0,pending,pending,pending,pending,pending,pending,,,0,,2026-04-13T15:35:44+00:00
run_20260413T113749Z,4878da2c82f42f8a0a2289c70c4e48187760ece7,PS-02_AIGR-S66270_NCIIPC_02_03_2026.xlsx,https://esacp.com,https://esacp.com,,,,,0,0,0,,,,,0,pending,pending,pending,pending,pending,pending,,,0,,2026-04-13T15:35:44+00:00
run_20260413T113749Z,ed96d5e72fcca98a9b523b65c7417c7b21aec919,PS-02_AIGR-S66270_NCIIPC_02_03_2026.xlsx,esc5i4.makeup,https://esc5i4.makeup,,,,,0,0,0,,,,,0,pending,pending,pending,pending,pending,pending,,,0,,2026-04-13T15:35:44+00:00
run_20260413T113749Z,8b9923d6e2bb1599a9683f28a33bdac676aa695c,PS-02_AIGR-S66270_NCIIPC_02_03_2026.xlsx,ewaybanner.sa.com,https://ewaybanner.sa.com,,,,,0,0,0,,,,,0,pending,pending,pending,pending,pending,pending,,,0,,2026-04-13T15:35:44+00:00
run_20260413T113749Z,c43774f0f930a9adfff4e549a5f928cace65bcbe,PS-02_AIGR-S66270_NCIIPC_02_03_2026.xlsx,exacia.com,https://exacia.com,dns_gate,accepted,,,0,0,0,,ray-dns-gate,,,0,pending,pending,pending,pending,pending,pending,,,0,,2026-04-13T15:35:54+00:00
run_20260413T113749Z,2c0da37bfb534b1598e207ff676cc2eeb4655f23,PS-02_AIGR-S66270_NCIIPC_02_03_2026.xlsx,expense.sa.com,https://expense.sa.com,,,,,0,0,0,,,,,0,pending,pending,pending,pending,pending,pending,,,0,,2026-04-13T15:35:44+00:00
run_20260413T113749Z,2f9c98b3444bcb853c52f495bb908109431501b2,PS-02_AIGR-S66270_NCIIPC_02_03_2026.xlsx,exscir.com,https://exscir.com,,,,,0,0,0,,,,,0,pending,pending,pending,pending,pending,pending,,,0,,2026-04-13T15:35:44+00:00
run_20260413T113749Z,97a7346bb99c9be0e79345a0c7fd127199e3df17,PS-02_AIGR-S66270_NCIIPC_02_03_2026.xlsx,ezcidr.com,https://ezcidr.com,,,,,0,0,0,,,,,0,pending,pending,pending,pending,pending,pending,,,0,,2026-04-13T15:35:44+00:00
run_20260413T113749Z,9aa545607eedee22ae5309512d18cf18b89c8e15,PS-02_AIGR-S66270_NCIIPC_02_03_2026.xlsx,https://fair-garage.sa.com,https://fair-garage.sa.com,,,,,0,0,0,,,,,0,pending,pending,pending,pending,pending,pending,,,0,,2026-04-13T15:35:44+00:00
run_20260413T113749Z,99c7dc92e8dc8d0e6de4279724776b8b320a0390,PS-02_AIGR-S66270_NCIIPC_02_03_2026.xlsx,fairysinda.com,https://fairysinda.com,,,,,0,0,0,,,,,0,pending,pending,pending,pending,pending,pending,,,0,,2026-04-13T15:35:44+00:00
run_20260413T113749Z,817c77417ff03689d7c5adc1e2ed40b2ba62002f,PS-02_AIGR-S66270_NCIIPC_02_03_2026.xlsx,fashiontrends.sa.com,https://fashiontrends.sa.com,,,,,0,0,0,,,,,0,pending,pending,pending,pending,pending,pending,,,0,,2026-04-13T15:35:44+00:00
run_20260413T113749Z,fdf7076880c068f6c65bb38124564875dd31b367,PS-02_AIGR-S66270_NCIIPC_02_03_2026.xlsx,fastlionworldmoon.sa.com,https://fastlionworldmoon.sa.com,,,,,0,0,0,,,,,0,pending,pending,pending,pending,pending,pending,,,0,,2026-04-13T15:35:44+00:00
run_20260413T113749Z,66c67c845d17221bf922d4dccfe06137a4c1b8bb,PS-02_AIGR-S66270_NCIIPC_02_03_2026.xlsx,feibeo4.sa.com,https://feibeo4.sa.com,,,,,0,0,0,,,,,0,pending,pending,pending,pending,pending,pending,,,0,,2026-04-13T15:35:44+00:00
run_20260413T113749Z,4c6be81e6eb920cdefa47d52ecc540fee5d39351,PS-02_AIGR-S66270_NCIIPC_02_03_2026.xlsx,feigege.ec.cc,https://feigege.ec.cc,,,,,0,0,0,,,,,0,pending,pending,pending,pending,pending,pending,,,0,,2026-04-13T15:35:44+00:00
run_20260413T113749Z,c542205b0b44bddd3b6b1c2190da1434a0bef937,PS-02_AIGR-S66270_NCIIPC_02_03_2026.xlsx,fgtk.sa.com,https://fgtk.sa.com,,,,,0,0,0,,,,,0,pending,pending,pending,pending,pending,pending,,,0,,2026-04-13T15:35:44+00:00
run_20260413T113749Z,df4fff353020a1b690151db802088887e32d5a69,PS-02_AIGR-S66270_NCIIPC_02_03_2026.xlsx,fi-intech.com,https://fi-intech.com,,,,,0,0,0,,,,,0,pending,pending,pending,pending,pending,pending,,,0,,2026-04-13T15:35:44+00:00
run_20260413T113749Z,d39ba9481988dfcf8ac539b1bd0a0119569dcc64,PS-02_AIGR-S66270_NCIIPC_02_03_2026.xlsx,fintech.ac.id,https://fintech.ac.id,,,,,0,0,0,,,,,0,pending,pending,pending,pending,pending,pending,,,0,,2026-04-13T15:35:44+00:00
run_20260413T113749Z,1d4b81a053c9a455292f0c8ff8d45d9c61f8da5a,PS-02_AIGR-S66270_NCIIPC_02_03_2026.xlsx,fintechgo.com,https://fintechgo.com,,,,,0,0,0,,,,,0,pending,pending,pending,pending,pending,pending,,,0,,2026-04-13T15:35:44+00:00
run_20260413T113749Z,0c34fcecf42408372224d9bd068da5e65d9c0623,PS-02_AIGR-S66270_NCIIPC_02_03_2026.xlsx,fintechre.com,https://fintechre.com,,,,,0,0,0,,,,,0,pending,pending,pending,pending,pending,pending,,,0,,2026-04-13T15:35:44+00:00
run_20260413T113749Z,88eadef4c1cac51d697a78d563e03a873dc0ce3b,PS-02_AIGR-S66270_NCIIPC_02_03_2026.xlsx,fintechtr.com,https://fintechtr.com,,,,,0,0,0,,,,,0,pending,pending,pending,pending,pending,pending,,,0,,2026-04-13T15:35:44+00:00
run_20260413T113749Z,8992a19349ef4fe04f0de6a9b51ff572b4f1b048,PS-02_AIGR-S66270_NCIIPC_02_03_2026.xlsx,firstchoice-cu.sa.com,https://firstchoice-cu.sa.com,,,,,0,0,0,,,,,0,pending,pending,pending,pending,pending,pending,,,0,,2026-04-13T15:35:44+00:00
run_20260413T113749Z,bc22899ef0d275ef71b3b4f7fee5d9f11ab6168a,PS-02_AIGR-S66270_NCIIPC_02_03_2026.xlsx,fistroi.com,https://fistroi.com,,,,,0,0,0,,,,,0,pending,pending,pending,pending,pending,pending,,,0,,2026-04-13T15:35:44+00:00
run_20260413T113749Z,4161c68bd27ab437e3ca8a42df66e67d6bed2091,PS-02_AIGR-S66270_NCIIPC_02_03_2026.xlsx,flow-arch.sa.com,https://flow-arch.sa.com,,,,,0,0,0,,,,,0,pending,pending,pending,pending,pending,pending,,,0,,2026-04-13T15:35:44+00:00
run_20260413T113749Z,811d2aea68368e52eaec5cab7546df609e7d130d,PS-02_AIGR-S66270_NCIIPC_02_03_2026.xlsx,fluidapi.com,https://fluidapi.com,,,,,0,0,0,,,,,0,pending,pending,pending,pending,pending,pending,,,0,,2026-04-13T15:35:44+00:00
run_20260413T113749Z,b2ff023051ca6781f626684c826db3aa9c50ef02,PS-02_AIGR-S66270_NCIIPC_02_03_2026.xlsx,flyingtech.xyz,https://flyingtech.xyz,,,,,0,0,0,,,,,0,pending,pending,pending,pending,pending,pending,,,0,,2026-04-13T15:35:44+00:00
run_20260413T113749Z,4cb1e8f9dcc09f130b32b62c1a531b3b1e27d7b8,PS-02_AIGR-S66270_NCIIPC_02_03_2026.xlsx,https://fmsonline.us,https://fmsonline.us,,,,,0,0,0,,,,,0,pending,pending,pending,pending,pending,pending,,,0,,2026-04-13T15:35:44+00:00
run_20260413T113749Z,86be79a5d6b594586914a2e3c4b99cfc6ec2574e,PS-02_AIGR-S66270_NCIIPC_02_03_2026.xlsx,fntec.com,https://fntec.com,,,,,0,0,0,,,,,0,pending,pending,pending,pending,pending,pending,,,0,,2026-04-13T15:35:44+00:00
run_20260413T113749Z,7b69371cd339d38dade769501f025f6b344df0bb,PS-02_AIGR-S66270_NCIIPC_02_03_2026.xlsx,foamindia.com,https://foamindia.com,,,,,0,0,0,,,,,0,pending,pending,pending,pending,pending,pending,,,0,,2026-04-13T15:35:44+00:00
run_20260413T113749Z,52dda88d6d34c4dbe3c63a2a0a55a5b970206527,PS-02_AIGR-S66270_NCIIPC_02_03_2026.xlsx,ftech.xyz,https://ftech.xyz,,,,,0,0,0,,,,,0,pending,pending,pending,pending,pending,pending,,,0,,2026-04-13T15:35:44+00:00
run_20260413T113749Z,6eb8ef5e853be82127b934ddf1ae65f7787867be,PS-02_AIGR-S66270_NCIIPC_02_03_2026.xlsx,fulida-ic.com,https://fulida-ic.com,,,,,0,0,0,,,,,0,pending,pending,pending,pending,pending,pending,,,0,,2026-04-13T15:35:44+00:00
run_20260413T113749Z,ec99f3ee6616b77f8872642ce7b245749a64e904,PS-02_AIGR-S66270_NCIIPC_02_03_2026.xlsx,goghcloud.xyz,https://goghcloud.xyz,,,,,0,0,0,,,,,0,pending,pending,pending,pending,pending,pending,,,0,,2026-04-13T15:35:44+00:00
run_20260413T113749Z,ebc1297cf26c184e528168b8a69a1368df6caed8,PS-02_AIGR-S66270_NCIIPC_02_03_2026.xlsx,grncloud.cloud,https://grncloud.cloud,,,,,0,0,0,,,,,0,pending,pending,pending,pending,pending,pending,,,0,,2026-04-13T15:35:44+00:00
run_20260413T113749Z,0fcac57acee3113d74cff949f2bcfd56538f357f,PS-02_AIGR-S66270_NCIIPC_02_03_2026.xlsx,gsfintech.com,https://gsfintech.com,,,,,0,0,0,,,,,0,pending,pending,pending,pending,pending,pending,,,0,,2026-04-13T15:35:44+00:00
run_20260413T113749Z,abe602861d01b13e71b126345733d71055e38aad,PS-02_AIGR-S66270_NCIIPC_02_03_2026.xlsx,guildair.xyz,https://guildair.xyz,,,,,0,0,0,,,,,0,pending,pending,pending,pending,pending,pending,,,0,,2026-04-13T15:35:44+00:00
run_20260413T113749Z,446330f223f4e6c73e79332e35dec80bdc3241c8,PS-02_AIGR-S66270_NCIIPC_02_03_2026.xlsx,harianexpress.net,https://harianexpress.net,,,,,0,0,0,,,,,0,pending,pending,pending,pending,pending,pending,,,0,,2026-04-13T15:35:44+00:00
run_20260413T113749Z,46c0dab9474deb7ccdbba73a2957339047069316,PS-02_AIGR-S66270_NCIIPC_02_03_2026.xlsx,hclindia.com,https://hclindia.com,,,,,0,0,0,,,,,0,pending,pending,pending,pending,pending,pending,,,0,,2026-04-13T15:35:44+00:00
run_20260413T113749Z,458bc32eff2353a8691a6e21bd8e686a721a44df,PS-02_AIGR-S66270_NCIIPC_02_03_2026.xlsx,hdf-scope.fr,https://hdf-scope.fr,,,,,0,0,0,,,,,0,pending,pending,pending,pending,pending,pending,,,0,,2026-04-13T15:35:44+00:00
run_20260413T113749Z,bdca9385ddc6bac790c90e38c086bc8dc8bd34e8,PS-02_AIGR-S66270_NCIIPC_02_03_2026.xlsx,hficloud.com,https://hficloud.com,,,,,0,0,0,,,,,0,pending,pending,pending,pending,pending,pending,,,0,,2026-04-13T15:35:44+00:00
run_20260413T113749Z,1089c4b963bc02d396c3ea1ffa1ee15d1bb698ee,PS-02_AIGR-S66270_NCIIPC_02_03_2026.xlsx,hindfusion.com,https://hindfusion.com,,,,,0,0,0,,,,,0,pending,pending,pending,pending,pending,pending,,,0,,2026-04-13T15:35:44+00:00
run_20260413T113749Z,a74d277254ad922a9e47bc906bb1b9570d0ad038,PS-02_AIGR-S66270_NCIIPC_02_03_2026.xlsx,hola.tax,https://hola.tax,,,,,0,0,0,,,,,0,pending,pending,pending,pending,pending,pending,,,0,,2026-04-13T15:35:44+00:00
run_20260413T113749Z,c47e0dd90d982d37f39cfa64740fd4d50928c39e,PS-02_AIGR-S66270_NCIIPC_02_03_2026.xlsx,homan.dev,https://homan.dev,,,,,0,0,0,,,,,0,pending,pending,pending,pending,pending,pending,,,0,,2026-04-13T15:35:44+00:00
run_20260413T113749Z,daa98ab278883f90e6c0116cbc9e573bdd121b4a,PS-02_AIGR-S66270_NCIIPC_02_03_2026.xlsx,homdeal.com,https://homdeal.com,,,,,0,0,0,,,,,0,pending,pending,pending,pending,pending,pending,,,0,,2026-04-13T15:35:44+00:00
run_20260413T113749Z,77bed437e17cb6e4995961cd0ad496502c4912c5,PS-02_AIGR-S66270_NCIIPC_02_03_2026.xlsx,https://home-850.com,https://home-850.com,,,,,0,0,0,,,,,0,pending,pending,pending,pending,pending,pending,,,0,,2026-04-13T15:35:44+00:00
run_20260413T113749Z,7e27615fd585f0d014052b28637c174600ad26ca,PS-02_AIGR-S66270_NCIIPC_02_03_2026.xlsx,home-agent.ai,https://home-agent.ai,,,,,0,0,0,,,,,0,pending,pending,pending,pending,pending,pending,,,0,,2026-04-13T15:35:44+00:00
run_20260413T113749Z,460163f69d89c87582c5585fab375fc4270ad644,PS-02_AIGR-S66270_NCIIPC_02_03_2026.xlsx,home-liaison.store,https://home-liaison.store,,,,,0,0,0,,,,,0,pending,pending,pending,pending,pending,pending,,,0,,2026-04-13T15:35:44+00:00
run_20260413T113749Z,73d9f8857d8bb6f9b26b5aee116c015e76e6ac6c,PS-02_AIGR-S66270_NCIIPC_02_03_2026.xlsx,home-luca.com,https://home-luca.com,,,,,0,0,0,,,,,0,pending,pending,pending,pending,pending,pending,,,0,,2026-04-13T15:35:44+00:00
run_20260413T113749Z,6bfba31b8840a3f8cf618aaf46a821100725a4f5,PS-02_AIGR-S66270_NCIIPC_02_03_2026.xlsx,home1300.com,https://home1300.com,dns_gate,accepted,,,0,0,0,,ray-dns-gate,,,0,pending,pending,pending,pending,pending,pending,,,0,,2026-04-13T15:35:54+00:00
run_20260413T113749Z,450ee71f3fcac3b01d88d2d18360ffbb73243230,PS-02_AIGR-S66270_NCIIPC_02_03_2026.xlsx,https://home18.org,https://home18.org,,,,,0,0,0,,,,,0,pending,pending,pending,pending,pending,pending,,,0,,2026-04-13T15:35:44+00:00
run_20260413T113749Z,b0d4ad4680c568e36008b713db6a0f3dbf652914,PS-02_AIGR-S66270_NCIIPC_02_03_2026.xlsx,home1restoration.com,https://home1restoration.com,dns_gate,accepted,,,0,0,0,,ray-dns-gate,,,0,pending,pending,pending,pending,pending,pending,,,0,,2026-04-13T15:35:54+00:00
run_20260413T113749Z,49133bde75b288ab587731432bc78bfd389bfc44,PS-02_AIGR-S66270_NCIIPC_02_03_2026.xlsx,home2sold.com,https://home2sold.com,,,,,0,0,0,,,,,0,pending,pending,pending,pending,pending,pending,,,0,,2026-04-13T15:35:44+00:00
run_20260413T113749Z,76417c8b17d8c8d92fb7c023be2e90475059905a,PS-02_AIGR-S66270_NCIIPC_02_03_2026.xlsx,home55.org,https://home55.org,,,,,0,0,0,,,,,0,pending,pending,pending,pending,pending,pending,,,0,,2026-04-13T15:35:44+00:00
run_20260413T113749Z,45b3493e5248b1fabde059488d4e7f825d466b63,PS-02_AIGR-S66270_NCIIPC_02_03_2026.xlsx,home60515.com,https://home60515.com,,,,,0,0,0,,,,,0,pending,pending,pending,pending,pending,pending,,,0,,2026-04-13T15:35:44+00:00
run_20260413T113749Z,d0c80aa4a0edac5e404cf8318c1ff338787cd5ed,PS-02_AIGR-S66270_NCIIPC_02_03_2026.xlsx,home850.com,https://home850.com,,,,,0,0,0,,,,,0,pending,pending,pending,pending,pending,pending,,,0,,2026-04-13T15:35:44+00:00
run_20260413T113749Z,57ea9b51ea891a36caa423e4095de88cdd360f42,PS-02_AIGR-S66270_NCIIPC_02_03_2026.xlsx,homeaaa.com,https://homeaaa.com,,,,,0,0,0,,,,,0,pending,pending,pending,pending,pending,pending,,,0,,2026-04-13T15:35:44+00:00
run_20260413T113749Z,5eb158217662a042765ea963fba6a20b5ec3b747,PS-02_AIGR-S66270_NCIIPC_02_03_2026.xlsx,homease.xyz,https://homease.xyz,dns_gate,registration_passthrough,dns_gate_no_answer,no A/AAAA answers for homease.xyz,0,0,0,,ray-dns-gate,,,0,pending,pending,pending,pending,pending,pending,,dns_not_mapped_to_ip,0,,2026-04-13T15:35:54+00:00
run_20260413T113749Z,d6daf03e3731a321fa7b820920b8b1b7b9b92281,PS-02_AIGR-S66270_NCIIPC_02_03_2026.xlsx,https://homeblaze.com,https://homeblaze.com,,,,,0,0,0,,,,,0,pending,pending,pending,pending,pending,pending,,,0,,2026-04-13T15:35:44+00:00
run_20260413T113749Z,550d0d1cb278936685a8497d0bdcfd2b2fe23126,PS-02_AIGR-S66270_NCIIPC_02_03_2026.xlsx,homebodyhappiness.com,https://homebodyhappiness.com,,,,,0,0,0,,,,,0,pending,pending,pending,pending,pending,pending,,,0,,2026-04-13T15:35:44+00:00
run_20260413T113749Z,d89e767d9f09209890293f23e58a70899e327514,PS-02_AIGR-S66270_NCIIPC_02_03_2026.xlsx,homebox.direct,https://homebox.direct,,,,,0,0,0,,,,,0,pending,pending,pending,pending,pending,pending,,,0,,2026-04-13T15:35:44+00:00
run_20260413T113749Z,fc9b360900560a8e2eebf2cf9eb4f38db68f0d24,PS-02_AIGR-S66270_NCIIPC_02_03_2026.xlsx,homebroken.com,https://homebroken.com,,,,,0,0,0,,,,,0,pending,pending,pending,pending,pending,pending,,,0,,2026-04-13T15:35:44+00:00
run_20260413T113749Z,87fe35f3659d1e748623e9f94d2464d62da0afed,PS-02_AIGR-S66270_NCIIPC_02_03_2026.xlsx,homecinemasolutions.com,https://homecinemasolutions.com,dns_gate,registration_passthrough,dns_gate_no_answer,no A/AAAA answers for homecinemasolutions.com,0,0,0,,ray-dns-gate,,,0,pending,pending,pending,pending,pending,pending,,dns_not_mapped_to_ip,0,,2026-04-13T15:35:54+00:00
run_20260413T113749Z,9c4844c43468ab2e143f1ef75fb2455bb03cbd1a,PS-02_AIGR-S66270_NCIIPC_02_03_2026.xlsx,homeclaw.app,https://homeclaw.app,,,,,0,0,0,,,,,0,pending,pending,pending,pending,pending,pending,,,0,,2026-04-13T15:35:44+00:00
run_20260413T113749Z,1c8d2c10f21ce4007c0a65d26ebf54c7f36aff07,PS-02_AIGR-S66270_NCIIPC_02_03_2026.xlsx,homeclaw.dev,https://homeclaw.dev,,,,,0,0,0,,,,,0,pending,pending,pending,pending,pending,pending,,,0,,2026-04-13T15:35:44+00:00
run_20260413T113749Z,db62050543c4d0fe5dadfb14fa28ad9cbb1754cb,PS-02_AIGR-S66270_NCIIPC_02_03_2026.xlsx,homecoming.health,https://homecoming.health,,,,,0,0,0,,,,,0,pending,pending,pending,pending,pending,pending,,,0,,2026-04-13T15:35:44+00:00
run_20260413T113749Z,976e2ad6ea203228c2b713c917b7d486b979e3fd,PS-02_AIGR-S66270_NCIIPC_02_03_2026.xlsx,homecomings.store,https://homecomings.store,,,,,0,0,0,,,,,0,pending,pending,pending,pending,pending,pending,,,0,,2026-04-13T15:35:44+00:00
run_20260413T113749Z,36e1810ed63d5488caf0ef8ad4e0fd4ff4e64254,PS-02_AIGR-S66270_NCIIPC_02_03_2026.xlsx,https://homedataonline.com,https://homedataonline.com,,,,,0,0,0,,,,,0,pending,pending,pending,pending,pending,pending,,,0,,2026-04-13T15:35:44+00:00
run_20260413T113749Z,3fbdb8f7f8550535bad1fe035c9c13a812645e11,PS-02_AIGR-S66270_NCIIPC_02_03_2026.xlsx,https://homedecorhacks.com,https://homedecorhacks.com,,,,,0,0,0,,,,,0,pending,pending,pending,pending,pending,pending,,,0,,2026-04-13T15:35:44+00:00
run_20260413T113749Z,67d64b99d24daff641e28754253af88023f0eb93,PS-02_AIGR-S66270_NCIIPC_02_03_2026.xlsx,homedepotn.com,https://homedepotn.com,,,,,0,0,0,,,,,0,pending,pending,pending,pending,pending,pending,,,0,,2026-04-13T15:35:44+00:00
run_20260413T113749Z,4703bd94d24b9cde33f6b6c5e8343322df3f6939,PS-02_AIGR-S66270_NCIIPC_02_03_2026.xlsx,homedesigna.com,https://homedesigna.com,,,,,0,0,0,,,,,0,pending,pending,pending,pending,pending,pending,,,0,,2026-04-13T15:35:44+00:00
run_20260413T113749Z,6f3f234ef09117196b99e27ebf929c401366a5f7,PS-02_AIGR-S66270_NCIIPC_02_03_2026.xlsx,homedogtreats.com,https://homedogtreats.com,,,,,0,0,0,,,,,0,pending,pending,pending,pending,pending,pending,,,0,,2026-04-13T15:35:44+00:00
run_20260413T113749Z,335c1e04479b54836f6b5a1c425010d3d2f1f8f1,PS-02_AIGR-S66270_NCIIPC_02_03_2026.xlsx,homeeai.com,https://homeeai.com,,,,,0,0,0,,,,,0,pending,pending,pending,pending,pending,pending,,,0,,2026-04-13T15:35:44+00:00
run_20260413T113749Z,6b6e7236fe14589a21d03dcb42745eded0156605,PS-02_AIGR-S66270_NCIIPC_02_03_2026.xlsx,homeeasezone.click,https://homeeasezone.click,,,,,0,0,0,,,,,0,pending,pending,pending,pending,pending,pending,,,0,,2026-04-13T15:35:44+00:00
run_20260413T113749Z,3bb1df21b4fe5fc0fda430c6e77374b0f27184d2,PS-02_AIGR-S66270_NCIIPC_02_03_2026.xlsx,homefamilypoint.com,https://homefamilypoint.com,,,,,0,0,0,,,,,0,pending,pending,pending,pending,pending,pending,,,0,,2026-04-13T15:35:44+00:00
run_20260413T113749Z,c5e2ed1e2b530ca41e5d3ad0900f1f6c558ac753,PS-02_AIGR-S66270_NCIIPC_02_03_2026.xlsx,homefiberglass.com,https://homefiberglass.com,,,,,0,0,0,,,,,0,pending,pending,pending,pending,pending,pending,,,0,,2026-04-13T15:35:44+00:00
run_20260413T113749Z,f2cb8bc7369ba4ee881a01ec964136a72258ac03,PS-02_AIGR-S66270_NCIIPC_02_03_2026.xlsx,homefilmcompany.online,https://homefilmcompany.online,,,,,0,0,0,,,,,0,pending,pending,pending,pending,pending,pending,,,0,,2026-04-13T15:35:44+00:00
run_20260413T113749Z,909c77fdb1aa82ab4a317cd6f70ce15a6a80491d,PS-02_AIGR-S66270_NCIIPC_02_03_2026.xlsx,https://homefloodguards.us,https://homefloodguards.us,,,,,0,0,0,,,,,0,pending,pending,pending,pending,pending,pending,,,0,,2026-04-13T15:35:44+00:00
run_20260413T113749Z,a1413141ee9446bac38f6244ccd58c100095b45f,PS-02_AIGR-S66270_NCIIPC_02_03_2026.xlsx,https://homeflorists.com,https://homeflorists.com,,,,,0,0,0,,,,,0,pending,pending,pending,pending,pending,pending,,,0,,2026-04-13T15:35:44+00:00
run_20260413T113749Z,9141b4aecd708045448a4cb4bf683f09f9c92dd8,PS-02_AIGR-S66270_NCIIPC_02_03_2026.xlsx,homefrontbooks.com,https://homefrontbooks.com,,,,,0,0,0,,,,,0,pending,pending,pending,pending,pending,pending,,,0,,2026-04-13T15:35:44+00:00
run_20260413T113749Z,08c24e73acf14b85cf56f3000614bcf4609e9fe5,PS-02_AIGR-S66270_NCIIPC_02_03_2026.xlsx,homegames.dev,https://homegames.dev,,,,,0,0,0,,,,,0,pending,pending,pending,pending,pending,pending,,,0,,2026-04-13T15:35:44+00:00
run_20260413T113749Z,254970e74153fe866ae3067e3ed51e6764d50267,PS-02_AIGR-S66270_NCIIPC_02_03_2026.xlsx,https://homegrownkits.com,https://homegrownkits.com,,,,,0,0,0,,,,,0,pending,pending,pending,pending,pending,pending,,,0,,2026-04-13T15:35:44+00:00
run_20260413T113749Z,d76c1db96bd2be0fed7d99d3824008e6a507cf33,PS-02_AIGR-S66270_NCIIPC_02_03_2026.xlsx,homegrownparaelclasico.com,https://homegrownparaelclasico.com,,,,,0,0,0,,,,,0,pending,pending,pending,pending,pending,pending,,,0,,2026-04-13T15:35:44+00:00
run_20260413T113749Z,037b607146f4cffdc38cf9ca599a50c0b531003d,PS-02_AIGR-S66270_NCIIPC_02_03_2026.xlsx,homegrownxelclasico.com,https://homegrownxelclasico.com,,,,,0,0,0,,,,,0,pending,pending,pending,pending,pending,pending,,,0,,2026-04-13T15:35:44+00:00
run_20260413T113749Z,90f408ea297675a42979e72cd69921603454c21e,PS-02_AIGR-S66270_NCIIPC_02_03_2026.xlsx,homehaven.blog,https://homehaven.blog,,,,,0,0,0,,,,,0,pending,pending,pending,pending,pending,pending,,,0,,2026-04-13T15:35:44+00:00
run_20260413T113749Z,3455c6d2ea3a256503f2ac30f79f428aea8b3c7e,PS-02_AIGR-S66270_NCIIPC_02_03_2026.xlsx,https://homehealthconsult.com,https://homehealthconsult.com,hash,admitted,,,0,0,0,,ray-hash-admit,,,0,pending,pending,pending,admitted,pending,pending,,,0,,2026-04-13T15:36:13+00:00
run_20260413T113749Z,7b899d8421ad0deee5186e084ec9ad982f6c7714,PS-02_AIGR-S66270_NCIIPC_02_03_2026.xlsx,https://homeholy.com,https://homeholy.com,,,,,0,0,0,,,,,0,pending,pending,pending,pending,pending,pending,,,0,,2026-04-13T15:35:44+00:00
run_20260413T113749Z,632573bb4980848c24669fa00fdc1860cabc8b49,PS-02_AIGR-S66270_NCIIPC_02_03_2026.xlsx,homeinsobha.com,https://homeinsobha.com,,,,,0,0,0,,,,,0,pending,pending,pending,pending,pending,pending,,,0,,2026-04-13T15:35:44+00:00
run_20260413T113749Z,faf6053208ed8988003bd586f59d2b25399d7d7a,PS-02_AIGR-S66270_NCIIPC_02_03_2026.xlsx,homekindusa.com,https://homekindusa.com,,,,,0,0,0,,,,,0,pending,pending,pending,pending,pending,pending,,,0,,2026-04-13T15:35:44+00:00
run_20260413T113749Z,12ad06f2f736f28d7f4245b08b2a88a2719c8e23,PS-02_AIGR-S66270_NCIIPC_02_03_2026.xlsx,homelabpro.mx,https://homelabpro.mx,,,,,0,0,0,,,,,0,pending,pending,pending,pending,pending,pending,,,0,,2026-04-13T15:35:44+00:00
run_20260413T113749Z,f846254292c35c66611d4de4047bf7216a3bb0f3,PS-02_AIGR-S66270_NCIIPC_02_03_2026.xlsx,homelabworkshop.net,https://homelabworkshop.net,,,,,0,0,0,,,,,0,pending,pending,pending,pending,pending,pending,,,0,,2026-04-13T15:35:44+00:00
run_20260413T113749Z,6a73655dc21ea1dd12dbca4e60fbf8f90d5eaba8,PS-02_AIGR-S66270_NCIIPC_02_03_2026.xlsx,homelandgolf.com,https://homelandgolf.com,,,,,0,0,0,,,,,0,pending,pending,pending,pending,pending,pending,,,0,,2026-04-13T15:35:44+00:00
run_20260413T113749Z,1d0c36c39ad29b5fcd7fbccd6533dbc874cba4e2,PS-02_AIGR-S66270_NCIIPC_02_03_2026.xlsx,homelandsecuritynet.com,https://homelandsecuritynet.com,,,,,0,0,0,,,,,0,pending,pending,pending,pending,pending,pending,,,0,,2026-04-13T15:35:44+00:00
run_20260413T113749Z,358157aa478e05cd5607ef138a52ad24a56cb25f,PS-02_AIGR-S66270_NCIIPC_02_03_2026.xlsx,homelesscoinbsc.xyz,https://homelesscoinbsc.xyz,,,,,0,0,0,,,,,0,pending,pending,pending,pending,pending,pending,,,0,,2026-04-13T15:35:44+00:00
run_20260413T113749Z,127c87313c870769cc467dcdbc42925f2dab64f8,PS-02_AIGR-S66270_NCIIPC_02_03_2026.xlsx,homelink.us,https://homelink.us,,,,,0,0,0,,,,,0,pending,pending,pending,pending,pending,pending,,,0,,2026-04-13T15:35:44+00:00
run_20260413T113749Z,3208c4414e02329eac9af7b121ead34d3da2fa05,PS-02_AIGR-S66270_NCIIPC_02_03_2026.xlsx,homelivnest.com,https://homelivnest.com,,,,,0,0,0,,,,,0,pending,pending,pending,pending,pending,pending,,,0,,2026-04-13T15:35:44+00:00
run_20260413T113749Z,d762c8efbcd0aa4cf4c3c4401da29396f86bbdf2,PS-02_AIGR-S66270_NCIIPC_02_03_2026.xlsx,homeloan19.com,https://homeloan19.com,,,,,0,0,0,,,,,0,pending,pending,pending,pending,pending,pending,,,0,,2026-04-13T15:35:44+00:00
run_20260413T113749Z,2afdbf663021e3c334fc598069521b55ef3dad7e,PS-02_AIGR-S66270_NCIIPC_02_03_2026.xlsx,https://homeloanfreedom.com,https://homeloanfreedom.com,,,,,0,0,0,,,,,0,pending,pending,pending,pending,pending,pending,,,0,,2026-04-13T15:35:44+00:00
run_20260413T113749Z,bb0e3fc93a9bcb34b9c84350822e6cf8c170ee7d,PS-02_AIGR-S66270_NCIIPC_02_03_2026.xlsx,homeloanhobart.com,https://homeloanhobart.com,,,,,0,0,0,,,,,0,pending,pending,pending,pending,pending,pending,,,0,,2026-04-13T15:35:44+00:00
run_20260413T113749Z,fcdfa428da1de4d805e3ca6af2bf306504f86747,PS-02_AIGR-S66270_NCIIPC_02_03_2026.xlsx,homeloanplans.com,https://homeloanplans.com,,,,,0,0,0,,,,,0,pending,pending,pending,pending,pending,pending,,,0,,2026-04-13T15:35:44+00:00
run_20260413T113749Z,f3685d3938b12306ea41e54b107581115580732d,PS-02_AIGR-S66270_NCIIPC_02_03_2026.xlsx,homeloanrefund.com,https://homeloanrefund.com,,,,,0,0,0,,,,,0,pending,pending,pending,pending,pending,pending,,,0,,2026-04-13T15:35:44+00:00
run_20260413T113749Z,c6c29be409f8cfb8aa13214b8c801ba91c1d86de,PS-02_AIGR-S66270_NCIIPC_02_03_2026.xlsx,homeloansbybeatrice.com,https://homeloansbybeatrice.com,,,,,0,0,0,,,,,0,pending,pending,pending,pending,pending,pending,,,0,,2026-04-13T15:35:44+00:00
run_20260413T113749Z,4d3ae1103ebc072b37384d006d4b1a2f83956e29,PS-02_AIGR-S66270_NCIIPC_02_03_2026.xlsx,homeloansbyconnor.com,https://homeloansbyconnor.com,,,,,0,0,0,,,,,0,pending,pending,pending,pending,pending,pending,,,0,,2026-04-13T15:35:44+00:00
run_20260413T113749Z,e4653d9ab3273a4f4418707a828090cc5adf36e0,PS-02_AIGR-S66270_NCIIPC_02_03_2026.xlsx,homeloansbytyler.com,https://homeloansbytyler.com,,,,,0,0,0,,,,,0,pending,pending,pending,pending,pending,pending,,,0,,2026-04-13T15:35:44+00:00
run_20260413T113749Z,8de6bca1a72e80d35b677b2dcc79464ac0a27a47,PS-02_AIGR-S66270_NCIIPC_02_03_2026.xlsx,https://homeloansmichigan.com,https://homeloansmichigan.com,,,,,0,0,0,,,,,0,pending,pending,pending,pending,pending,pending,,,0,,2026-04-13T15:35:44+00:00
run_20260413T113749Z,11788c55bb06af4aa285b28bee1ea824c44c529f,PS-02_AIGR-S66270_NCIIPC_02_03_2026.xlsx,https://homeloanstitle.com,https://homeloanstitle.com,,,,,0,0,0,,,,,0,pending,pending,pending,pending,pending,pending,,,0,,2026-04-13T15:35:44+00:00
run_20260413T113749Z,65c39107d114e592277e93654be28d49da560a1a,PS-02_AIGR-S66270_NCIIPC_02_03_2026.xlsx,homeloantv.com,https://homeloantv.com,,,,,0,0,0,,,,,0,pending,pending,pending,pending,pending,pending,,,0,,2026-04-13T15:35:44+00:00
run_20260413T113749Z,81bb638d6efb277a4cedd0f84d92f54d28f91c17,PS-02_AIGR-S66270_NCIIPC_02_03_2026.xlsx,https://homelocalservices.biz,https://homelocalservices.biz,,,,,0,0,0,,,,,0,pending,pending,pending,pending,pending,pending,,,0,,2026-04-13T15:35:44+00:00
run_20260413T113749Z,5dcf0b949c0e3374487682c046a0589d2ed9d267,PS-02_AIGR-S66270_NCIIPC_02_03_2026.xlsx,homelogapp.com,https://homelogapp.com,,,,,0,0,0,,,,,0,pending,pending,pending,pending,pending,pending,,,0,,2026-04-13T15:35:44+00:00
run_20260413T113749Z,fbc1787d5fc3c74152799edcd95539889debb073,PS-02_AIGR-S66270_NCIIPC_02_03_2026.xlsx,homelogix.ai,https://homelogix.ai,,,,,0,0,0,,,,,0,pending,pending,pending,pending,pending,pending,,,0,,2026-04-13T15:35:44+00:00
run_20260413T113749Z,6ccd8cc4fca990c4f2f74ecf9a160e08461989cc,PS-02_AIGR-S66270_NCIIPC_02_03_2026.xlsx,homeloraestates.com,https://homeloraestates.com,,,,,0,0,0,,,,,0,pending,pending,pending,pending,pending,pending,,,0,,2026-04-13T15:35:44+00:00
run_20260413T113749Z,97dc4c761146819ceb2ca2af84e2492f012ae198,PS-02_AIGR-S66270_NCIIPC_02_03_2026.xlsx,homelove.com,https://homelove.com,,,,,0,0,0,,,,,0,pending,pending,pending,pending,pending,pending,,,0,,2026-04-13T15:35:44+00:00
run_20260413T113749Z,fec8f78476eb33e1de30719e7727e9d0f9481616,PS-02_AIGR-S66270_NCIIPC_02_03_2026.xlsx,https://homely.sl,https://homely.sl,,,,,0,0,0,,,,,0,pending,pending,pending,pending,pending,pending,,,0,,2026-04-13T15:35:44+00:00
run_20260413T113749Z,58f2a069300714c3256c8deff893e3f0cf61f816,PS-02_AIGR-S66270_NCIIPC_02_03_2026.xlsx,homelyda.com,https://homelyda.com,dns_gate,accepted,,,0,0,0,,ray-dns-gate,,,0,pending,pending,pending,pending,pending,pending,,,0,,2026-04-13T15:35:54+00:00
run_20260413T113749Z,fbb1ba17d2b298333191bbaf57e53d0f70f01976,PS-02_AIGR-S66270_NCIIPC_02_03_2026.xlsx,homelygardenly.com,https://homelygardenly.com,,,,,0,0,0,,,,,0,pending,pending,pending,pending,pending,pending,,,0,,2026-04-13T15:35:44+00:00
run_20260413T113749Z,f2cbfad24ef88ad3e834975b6cc0e3ccf05235f2,PS-02_AIGR-S66270_NCIIPC_02_03_2026.xlsx,homemates.app,https://homemates.app,,,,,0,0,0,,,,,0,pending,pending,pending,pending,pending,pending,,,0,,2026-04-13T15:35:44+00:00
run_20260413T113749Z,1cede8238d3129d905257bec1391644d051559c7,PS-02_AIGR-S66270_NCIIPC_02_03_2026.xlsx,homemdvalor.com.br,https://homemdvalor.com.br,,,,,0,0,0,,,,,0,pending,pending,pending,pending,pending,pending,,,0,,2026-04-13T15:35:44+00:00
run_20260413T113749Z,16953722c1d2b319109f82b9ff9aaac27f70b81e,PS-02_AIGR-S66270_NCIIPC_02_03_2026.xlsx,homemoses.com,https://homemoses.com,,,,,0,0,0,,,,,0,pending,pending,pending,pending,pending,pending,,,0,,2026-04-13T15:35:44+00:00
run_20260413T113749Z,95775c9d760f1bc3f605be9bd4cdd717164943ae,PS-02_AIGR-S66270_NCIIPC_02_03_2026.xlsx,homenestor.com,https://homenestor.com,,,,,0,0,0,,,,,0,pending,pending,pending,pending,pending,pending,,,0,,2026-04-13T15:35:44+00:00
run_20260413T113749Z,dbbc6abf045aeeaa97fd7daf7529e2c27d9de45d,PS-02_AIGR-S66270_NCIIPC_02_03_2026.xlsx,homenet.org.pl,https://homenet.org.pl,,,,,0,0,0,,,,,0,pending,pending,pending,pending,pending,pending,,,0,,2026-04-13T15:35:44+00:00
run_20260413T113749Z,ae528749ee685f54174a78311058ca7350a7a0b4,PS-02_AIGR-S66270_NCIIPC_02_03_2026.xlsx,homenode.uk,https://homenode.uk,,,,,0,0,0,,,,,0,pending,pending,pending,pending,pending,pending,,,0,,2026-04-13T15:35:44+00:00
run_20260413T113749Z,267262c5f9659f103ec301b7546a77f81204154b,PS-02_AIGR-S66270_NCIIPC_02_03_2026.xlsx,homensdaluta.com,https://homensdaluta.com,,,,,0,0,0,,,,,0,pending,pending,pending,pending,pending,pending,,,0,,2026-04-13T15:35:44+00:00
run_20260413T113749Z,093e1bfc7c364e12ef0e7fac255615098d3d4b83,PS-02_AIGR-S66270_NCIIPC_02_03_2026.xlsx,homeofdomehats.com,https://homeofdomehats.com,,,,,0,0,0,,,,,0,pending,pending,pending,pending,pending,pending,,,0,,2026-04-13T15:35:44+00:00
run_20260413T113749Z,25cc99da241c979f1aafa9af64715c0439b26c33,PS-02_AIGR-S66270_NCIIPC_02_03_2026.xlsx,homeofhighfantasy.com,https://homeofhighfantasy.com,,,,,0,0,0,,,,,0,pending,pending,pending,pending,pending,pending,,,0,,2026-04-13T15:35:44+00:00
run_20260413T113749Z,296748bf35a3cf92ebfed0c416dd74b333c9c6bc,PS-02_AIGR-S66270_NCIIPC_02_03_2026.xlsx,homeofshalom.com,https://homeofshalom.com,,,,,0,0,0,,,,,0,pending,pending,pending,pending,pending,pending,,,0,,2026-04-13T15:35:44+00:00
run_20260413T113749Z,2178f9808bc139a30025c13c9ea3b85f9c04e0b5,PS-02_AIGR-S66270_NCIIPC_02_03_2026.xlsx,https://homeofthehabs.com,https://homeofthehabs.com,,,,,0,0,0,,,,,0,pending,pending,pending,pending,pending,pending,,,0,,2026-04-13T15:35:44+00:00
run_20260413T113749Z,22336480337cf04c0a1d41c3ddab905155dbbd11,PS-02_AIGR-S66270_NCIIPC_02_03_2026.xlsx,homeoftreats.com,https://homeoftreats.com,,,,,0,0,0,,,,,0,pending,pending,pending,pending,pending,pending,,,0,,2026-04-13T15:35:44+00:00
run_20260413T113749Z,7918fd4383390b5b5a0b999469408bba2ffc6cca,PS-02_AIGR-S66270_NCIIPC_02_03_2026.xlsx,homeon.com,https://homeon.com,,,,,0,0,0,,,,,0,pending,pending,pending,pending,pending,pending,,,0,,2026-04-13T15:35:44+00:00
run_20260413T113749Z,f264430384f105636694d5437cf205298cbaf30c,PS-02_AIGR-S66270_NCIIPC_02_03_2026.xlsx,homeoptika.com,https://homeoptika.com,,,,,0,0,0,,,,,0,pending,pending,pending,pending,pending,pending,,,0,,2026-04-13T15:35:44+00:00
run_20260413T113749Z,1d9ce65654b2792513d765a0fc9ecb62d5f990bf,PS-02_AIGR-S66270_NCIIPC_02_03_2026.xlsx,homeorchards.com,https://homeorchards.com,,,,,0,0,0,,,,,0,pending,pending,pending,pending,pending,pending,,,0,,2026-04-13T15:35:44+00:00
run_20260413T113749Z,b9e2d5b94b76a5676c94a2d9ae242bfdf60c878c,PS-02_AIGR-S66270_NCIIPC_02_03_2026.xlsx,homeosud.com,https://homeosud.com,,,,,0,0,0,,,,,0,pending,pending,pending,pending,pending,pending,,,0,,2026-04-13T15:35:44+00:00
run_20260413T113749Z,38b1736be92bc5a597325ca82af942cbd8662ef0,PS-02_AIGR-S66270_NCIIPC_02_03_2026.xlsx,homeownersparty.com,https://homeownersparty.com,,,,,0,0,0,,,,,0,pending,pending,pending,pending,pending,pending,,,0,,2026-04-13T15:35:44+00:00
run_20260413T113749Z,8a7c8d7519348e2af03a0f06f0c0ca40651bb127,PS-02_AIGR-S66270_NCIIPC_02_03_2026.xlsx,https://homeownerstips.com,https://homeownerstips.com,,,,,0,0,0,,,,,0,pending,pending,pending,pending,pending,pending,,,0,,2026-04-13T15:35:44+00:00
run_20260413T113749Z,67d0b596e70aee39400672cca44b6f65f9e5e87e,PS-02_AIGR-S66270_NCIIPC_02_03_2026.xlsx,homepages.cloud,https://homepages.cloud,,,,,0,0,0,,,,,0,pending,pending,pending,pending,pending,pending,,,0,,2026-04-13T15:35:44+00:00
run_20260413T113749Z,128ada42c032fcd8cf65b6964bb82eed8ad880e6,PS-02_AIGR-S66270_NCIIPC_02_03_2026.xlsx,homeperson.net,https://homeperson.net,,,,,0,0,0,,,,,0,pending,pending,pending,pending,pending,pending,,,0,,2026-04-13T15:35:44+00:00
run_20260413T113749Z,e6780223cfedfbc3c4990f22cd62460b15ac2605,PS-02_AIGR-S66270_NCIIPC_02_03_2026.xlsx,homepersonalspace.ru,https://homepersonalspace.ru,,,,,0,0,0,,,,,0,pending,pending,pending,pending,pending,pending,,,0,,2026-04-13T15:35:44+00:00
run_20260413T113749Z,1d80ea7c936f3f0062d8ba07181b166c4c232726,PS-02_AIGR-S66270_NCIIPC_02_03_2026.xlsx,homeplate.dev,https://homeplate.dev,,,,,0,0,0,,,,,0,pending,pending,pending,pending,pending,pending,,,0,,2026-04-13T15:35:44+00:00
run_20260413T113749Z,e70437a1d60a7cfc918bc4696322aa1fe89c601c,PS-02_AIGR-S66270_NCIIPC_02_03_2026.xlsx,https://homeplatebrokers.com,https://homeplatebrokers.com,,,,,0,0,0,,,,,0,pending,pending,pending,pending,pending,pending,,,0,,2026-04-13T15:35:44+00:00
run_20260413T113749Z,8266fbd8b455695ba64456a5afc0a3288970121c,PS-02_AIGR-S66270_NCIIPC_02_03_2026.xlsx,homeplatecms.com,https://homeplatecms.com,,,,,0,0,0,,,,,0,pending,pending,pending,pending,pending,pending,,,0,,2026-04-13T15:35:44+00:00
run_20260413T113749Z,d3548aa5498f1ccbe30fb3834427d27e42308d76,PS-02_AIGR-S66270_NCIIPC_02_03_2026.xlsx,homeplus25.com,https://homeplus25.com,,,,,0,0,0,,,,,0,pending,pending,pending,pending,pending,pending,,,0,,2026-04-13T15:35:44+00:00
run_20260413T113749Z,9095399aaf42bd4aa94bb38380ee17d90d293821,PS-02_AIGR-S66270_NCIIPC_02_03_2026.xlsx,https://homepool.com,https://homepool.com,,,,,0,0,0,,,,,0,pending,pending,pending,pending,pending,pending,,,0,,2026-04-13T15:35:44+00:00
run_20260413T113749Z,191bbd0d4d28794d3a5905d1bd38f8b8088bffa8,PS-02_AIGR-S66270_NCIIPC_02_03_2026.xlsx,https://homeprops.com,https://homeprops.com,,,,,0,0,0,,,,,0,pending,pending,pending,pending,pending,pending,,,0,,2026-04-13T15:35:44+00:00
run_20260413T113749Z,c3e371ee394ef0a4bde3cf5f2c604a6e79d56df1,PS-02_AIGR-S66270_NCIIPC_02_03_2026.xlsx,homepwrsolutions.com,https://homepwrsolutions.com,,,,,0,0,0,,,,,0,pending,pending,pending,pending,pending,pending,,,0,,2026-04-13T15:35:44+00:00
run_20260413T113749Z,6a8086a76ff0a58a758f0ba2e9b7fa0a87b828d6,PS-02_AIGR-S66270_NCIIPC_02_03_2026.xlsx,homerecordings.us,https://homerecordings.us,,,,,0,0,0,,,,,0,pending,pending,pending,pending,pending,pending,,,0,,2026-04-13T15:35:44+00:00
run_20260413T113749Z,4d1e4f452fa9f1160d0d89dd0c9fd0bb52d6c475,PS-02_AIGR-S66270_NCIIPC_02_03_2026.xlsx,homeroo.cz,https://homeroo.cz,,,,,0,0,0,,,,,0,pending,pending,pending,pending,pending,pending,,,0,,2026-04-13T15:35:44+00:00
run_20260413T113749Z,e26c9533d7877cca819bbdf9ad6674708f8e8dab,PS-02_AIGR-S66270_NCIIPC_02_03_2026.xlsx,homeroofcleaner.com,https://homeroofcleaner.com,,,,,0,0,0,,,,,0,pending,pending,pending,pending,pending,pending,,,0,,2026-04-13T15:35:44+00:00
run_20260413T113749Z,28ce49be8c0e4108020b84e0c4db76f57ad43c9e,PS-02_AIGR-S66270_NCIIPC_02_03_2026.xlsx,homeroq.lt,https://homeroq.lt,,,,,0,0,0,,,,,0,pending,pending,pending,pending,pending,pending,,,0,,2026-04-13T15:35:44+00:00
run_20260413T113749Z,b395edf96c1ce2c095ad910ddb554212da7cde33,PS-02_AIGR-S66270_NCIIPC_02_03_2026.xlsx,homesales.help,https://homesales.help,,,,,0,0,0,,,,,0,pending,pending,pending,pending,pending,pending,,,0,,2026-04-13T15:35:44+00:00
run_20260413T113749Z,dbe7a315da4dea9976ad08330f854347abfe2beb,PS-02_AIGR-S66270_NCIIPC_02_03_2026.xlsx,https://homesbyjolondarealestate.com,https://homesbyjolondarealestate.com,,,,,0,0,0,,,,,0,pending,pending,pending,pending,pending,pending,,,0,,2026-04-13T15:35:44+00:00
run_20260413T113749Z,cbd7ff47f7454957aabb82206b4fb4dce38189a6,PS-02_AIGR-S66270_NCIIPC_02_03_2026.xlsx,homeschoolahoy.com,https://homeschoolahoy.com,,,,,0,0,0,,,,,0,pending,pending,pending,pending,pending,pending,,,0,,2026-04-13T15:35:44+00:00
run_20260413T113749Z,184a38ec51a6578db355a90961df52b6373f9829,PS-02_AIGR-S66270_NCIIPC_02_03_2026.xlsx,homeschoolmeals.com,https://homeschoolmeals.com,,,,,0,0,0,,,,,0,pending,pending,pending,pending,pending,pending,,,0,,2026-04-13T15:35:44+00:00
run_20260413T113749Z,305c4edbd5758b13a9a0457662e10a31badd897d,PS-02_AIGR-S66270_NCIIPC_02_03_2026.xlsx,homesdaytona.com,https://homesdaytona.com,,,,,0,0,0,,,,,0,pending,pending,pending,pending,pending,pending,,,0,,2026-04-13T15:35:44+00:00
run_20260413T113749Z,800d46a355269218acd8f71c52ba1e3d0f126165,PS-02_AIGR-S66270_NCIIPC_02_03_2026.xlsx,homesdealss.com,https://homesdealss.com,,,,,0,0,0,,,,,0,pending,pending,pending,pending,pending,pending,,,0,,2026-04-13T15:35:44+00:00
run_20260413T113749Z,75e6f5ea750a0330fb5bd844824ce832549d2fb9,PS-02_AIGR-S66270_NCIIPC_02_03_2026.xlsx,homeset10.com,https://homeset10.com,,,,,0,0,0,,,,,0,pending,pending,pending,pending,pending,pending,,,0,,2026-04-13T15:35:44+00:00
run_20260413T113749Z,407f3544110e74d4772a40410c43662ebfa06a56,PS-02_AIGR-S66270_NCIIPC_02_03_2026.xlsx,homesforfalcons.com,https://homesforfalcons.com,,,,,0,0,0,,,,,0,pending,pending,pending,pending,pending,pending,,,0,,2026-04-13T15:35:44+00:00
run_20260413T113749Z,299a24a0617b07c7b2ba9ec58d9c824604bf8f60,PS-02_AIGR-S66270_NCIIPC_02_03_2026.xlsx,homesforsaleinalaska.com,https://homesforsaleinalaska.com,hash,admitted,,,0,0,0,,ray-hash-admit,,,0,pending,pending,pending,admitted,pending,pending,,,0,,2026-04-13T15:36:39+00:00
run_20260413T113749Z,5896bb0a49fa45a7af8a6fa0b2428b5c39b5ce02,PS-02_AIGR-S66270_NCIIPC_02_03_2026.xlsx,homesforsalesandysprings.com,https://homesforsalesandysprings.com,,,,,0,0,0,,,,,0,pending,pending,pending,pending,pending,pending,,,0,,2026-04-13T15:35:44+00:00
run_20260413T113749Z,e236e7af74bd614dce6a312248dfb7a22de1295d,PS-02_AIGR-S66270_NCIIPC_02_03_2026.xlsx,homeshoplink.com,https://homeshoplink.com,,,,,0,0,0,,,,,0,pending,pending,pending,pending,pending,pending,,,0,,2026-04-13T15:35:44+00:00
run_20260413T113749Z,badfca010c839fc70b7ee1a3a57d3a63cde6d46e,PS-02_AIGR-S66270_NCIIPC_02_03_2026.xlsx,homesingles.com,https://homesingles.com,,,,,0,0,0,,,,,0,pending,pending,pending,pending,pending,pending,,,0,,2026-04-13T15:35:44+00:00
run_20260413T113749Z,76273f707df0fb313ddde7469ea1892b1341f19f,PS-02_AIGR-S66270_NCIIPC_02_03_2026.xlsx,homesinowasso.com,https://homesinowasso.com,,,,,0,0,0,,,,,0,pending,pending,pending,pending,pending,pending,,,0,,2026-04-13T15:35:44+00:00
run_20260413T113749Z,271cc878f974efd466e3911d382a281bf97027c8,PS-02_AIGR-S66270_NCIIPC_02_03_2026.xlsx,homeslegal.com,https://homeslegal.com,,,,,0,0,0,,,,,0,pending,pending,pending,pending,pending,pending,,,0,,2026-04-13T15:35:44+00:00
run_20260413T113749Z,51904f369544b3f195cda893723bd9bee2be7ba2,PS-02_AIGR-S66270_NCIIPC_02_03_2026.xlsx,homesolarac.com,https://homesolarac.com,,,,,0,0,0,,,,,0,pending,pending,pending,pending,pending,pending,,,0,,2026-04-13T15:35:44+00:00
run_20260413T113749Z,4cd485606ab76dfeba078522950cc78f5ba942bc,PS-02_AIGR-S66270_NCIIPC_02_03_2026.xlsx,homesomepai.com,https://homesomepai.com,,,,,0,0,0,,,,,0,pending,pending,pending,pending,pending,pending,,,0,,2026-04-13T15:35:44+00:00
run_20260413T113749Z,8d2928eac2d5e454ddff87e35a2dd228a0e5d023,PS-02_AIGR-S66270_NCIIPC_02_03_2026.xlsx,homestarone.com,https://homestarone.com,,,,,0,0,0,,,,,0,pending,pending,pending,pending,pending,pending,,,0,,2026-04-13T15:35:44+00:00
run_20260413T113749Z,19c5d2f308f83e1d900422be7e458544c5f518ab,PS-02_AIGR-S66270_NCIIPC_02_03_2026.xlsx,homestations.com,https://homestations.com,,,,,0,0,0,,,,,0,pending,pending,pending,pending,pending,pending,,,0,,2026-04-13T15:35:44+00:00
run_20260413T113749Z,396add44a9c21184e5514c3d57a167676ce49d1d,PS-02_AIGR-S66270_NCIIPC_02_03_2026.xlsx,homestylenagavci.com,https://homestylenagavci.com,,,,,0,0,0,,,,,0,pending,pending,pending,pending,pending,pending,,,0,,2026-04-13T15:35:44+00:00
run_20260413T113749Z,53b2a0bb71753d6d9f90654c950a27c3ca5f2f64,PS-02_AIGR-S66270_NCIIPC_02_03_2026.xlsx,https://homesvacations.com,https://homesvacations.com,,,,,0,0,0,,,,,0,pending,pending,pending,pending,pending,pending,,,0,,2026-04-13T15:35:44+00:00
run_20260413T113749Z,274fb2223740acd55e0fd3f41ce72d29b113c938,PS-02_AIGR-S66270_NCIIPC_02_03_2026.xlsx,https://hometonis.com,https://hometonis.com,,,,,0,0,0,,,,,0,pending,pending,pending,pending,pending,pending,,,0,,2026-04-13T15:35:44+00:00
run_20260413T113749Z,52c767755fe384178acacd0dcf0fc4787cf765b2,PS-02_AIGR-S66270_NCIIPC_02_03_2026.xlsx,hometoshak.com,https://hometoshak.com,,,,,0,0,0,,,,,0,pending,pending,pending,pending,pending,pending,,,0,,2026-04-13T15:35:44+00:00
run_20260413T113749Z,47508dfa42013175bfaa212045e696d793ca5b47,PS-02_AIGR-S66270_NCIIPC_02_03_2026.xlsx,hometownallday.com,https://hometownallday.com,,,,,0,0,0,,,,,0,pending,pending,pending,pending,pending,pending,,,0,,2026-04-13T15:35:44+00:00
run_20260413T113749Z,60b192ed7ce7a90da7c8f904bbd8feba2f824736,PS-02_AIGR-S66270_NCIIPC_02_03_2026.xlsx,https://hometowncellars.com,https://hometowncellars.com,,,,,0,0,0,,,,,0,pending,pending,pending,pending,pending,pending,,,0,,2026-04-13T15:35:44+00:00
run_20260413T113749Z,eb09d32f597f58c76025c437e565244b17019632,PS-02_AIGR-S66270_NCIIPC_02_03_2026.xlsx,https://homeweston.com,https://homeweston.com,,,,,0,0,0,,,,,0,pending,pending,pending,pending,pending,pending,,,0,,2026-04-13T15:35:44+00:00
run_20260413T113749Z,f20905914ddb14f5308bb5f7ee8f46e70ecb82d1,PS-02_AIGR-S66270_NCIIPC_02_03_2026.xlsx,homewillow.com,https://homewillow.com,,,,,0,0,0,,,,,0,pending,pending,pending,pending,pending,pending,,,0,,2026-04-13T15:35:44+00:00
run_20260413T113749Z,e1352486dd02c57d65c361f60ea31a95690f25ed,PS-02_AIGR-S66270_NCIIPC_02_03_2026.xlsx,https://homex-sa.com,https://homex-sa.com,,,,,0,0,0,,,,,0,pending,pending,pending,pending,pending,pending,,,0,,2026-04-13T15:35:44+00:00
run_20260413T113749Z,cea1853f368a8b338b994b33208053637b33bca6,PS-02_AIGR-S66270_NCIIPC_02_03_2026.xlsx,homezelo.link,https://homezelo.link,,,,,0,0,0,,,,,0,pending,pending,pending,pending,pending,pending,,,0,,2026-04-13T15:35:44+00:00
run_20260413T113749Z,3f319305d9a8860f38b9bb9e809308b2e180afe1,PS-02_AIGR-S66270_NCIIPC_02_03_2026.xlsx,https://homezoos.com,https://homezoos.com,,,,,0,0,0,,,,,0,pending,pending,pending,pending,pending,pending,,,0,,2026-04-13T15:35:44+00:00
run_20260413T113749Z,5b62ad9d5898dcd235769a40db65e99c81e645eb,PS-02_AIGR-S66270_NCIIPC_02_03_2026.xlsx,homiqons.com,https://homiqons.com,,,,,0,0,0,,,,,0,pending,pending,pending,pending,pending,pending,,,0,,2026-04-13T15:35:44+00:00
run_20260413T113749Z,881efbf35620c7fa0c769d12a285c1d2517e4c18,PS-02_AIGR-S66270_NCIIPC_02_03_2026.xlsx,homrella.com,https://homrella.com,,,,,0,0,0,,,,,0,pending,pending,pending,pending,pending,pending,,,0,,2026-04-13T15:35:44+00:00
run_20260413T113749Z,79718c78e7297b737c970ebac9fc1c599ab2aef7,PS-02_AIGR-S66270_NCIIPC_02_03_2026.xlsx,homtels.net,https://homtels.net,dns_gate,accepted,,,0,0,0,,ray-dns-gate,,,0,pending,pending,pending,pending,pending,pending,,,0,,2026-04-13T15:35:54+00:00
run_20260413T113749Z,e15bb3e8901b30f21d3efe121a3c7d0075cb75f8,PS-02_AIGR-S66270_NCIIPC_02_03_2026.xlsx,hormonesaf.com,https://hormonesaf.com,,,,,0,0,0,,,,,0,pending,pending,pending,pending,pending,pending,,,0,,2026-04-13T15:35:44+00:00
run_20260413T113749Z,b2beff8decad2e2c52da97f51fbfe12c04e87635,PS-02_AIGR-S66270_NCIIPC_02_03_2026.xlsx,house.sa.com,https://house.sa.com,,,,,0,0,0,,,,,0,pending,pending,pending,pending,pending,pending,,,0,,2026-04-13T15:35:44+00:00
run_20260413T113749Z,0713c3b805d264d380b733a9bba24f305900748d,PS-02_AIGR-S66270_NCIIPC_02_03_2026.xlsx,iacci.click,https://iacci.click,,,,,0,0,0,,,,,0,pending,pending,pending,pending,pending,pending,,,0,,2026-04-13T15:35:44+00:00
run_20260413T113749Z,f93cc3939e897147ec5c1e85e2390be7b1c7b003,PS-02_AIGR-S66270_NCIIPC_02_03_2026.xlsx,iams.info,https://iams.info,,,,,0,0,0,,,,,0,pending,pending,pending,pending,pending,pending,,,0,,2026-04-13T15:35:44+00:00
run_20260413T113749Z,b5e82a6ed9ecafe3913358bf2453447d4ce4badc,PS-02_AIGR-S66270_NCIIPC_02_03_2026.xlsx,iccmhi.com,https://iccmhi.com,,,,,0,0,0,,,,,0,pending,pending,pending,pending,pending,pending,,,0,,2026-04-13T15:35:44+00:00
run_20260413T113749Z,b105d9672985d192418abea783255f72fa805eeb,PS-02_AIGR-S66270_NCIIPC_02_03_2026.xlsx,iceaichi.com,https://iceaichi.com,dns_gate,accepted,,,0,0,0,,ray-dns-gate,,,0,pending,pending,pending,pending,pending,pending,,,0,,2026-04-13T15:35:54+00:00
run_20260413T113749Z,88ff2127090d3f38268b0cbe32943ccd57d42378,PS-02_AIGR-S66270_NCIIPC_02_03_2026.xlsx,https://icecarvers.com,https://icecarvers.com,,,,,0,0,0,,,,,0,pending,pending,pending,pending,pending,pending,,,0,,2026-04-13T15:35:44+00:00
run_20260413T113749Z,ec3cf0da20ef6e7b87a8e2163f88f50583244295,PS-02_AIGR-S66270_NCIIPC_02_03_2026.xlsx,ichiback.com,https://ichiback.com,,,,,0,0,0,,,,,0,pending,pending,pending,pending,pending,pending,,,0,,2026-04-13T15:35:44+00:00
run_20260413T113749Z,c4e32c19e8505b8a2c759218663cfbe3e26f64c0,PS-02_AIGR-S66270_NCIIPC_02_03_2026.xlsx,https://icicek.com,https://icicek.com,,,,,0,0,0,,,,,0,pending,pending,pending,pending,pending,pending,,,0,,2026-04-13T15:35:44+00:00
run_20260413T113749Z,6a3518923d069100c7ab621e98a538ec45431e9c,PS-02_AIGR-S66270_NCIIPC_02_03_2026.xlsx,https://icicilambard.com,https://icicilambard.com,,,,,0,0,0,,,,,0,pending,pending,pending,pending,pending,pending,,,0,,2026-04-13T15:35:44+00:00
run_20260413T113749Z,ae63a7ba1818f258992448fe423a6c22f0e1e392,PS-02_AIGR-S66270_NCIIPC_02_03_2026.xlsx,iciiess.com,https://iciiess.com,,,,,0,0,0,,,,,0,pending,pending,pending,pending,pending,pending,,,0,,2026-04-13T15:35:44+00:00
run_20260413T113749Z,0a26607341365dae9a2fa15a137c0f86acc3145a,PS-02_AIGR-S66270_NCIIPC_02_03_2026.xlsx,icispcs.com,https://icispcs.com,,,,,0,0,0,,,,,0,pending,pending,pending,pending,pending,pending,,,0,,2026-04-13T15:35:44+00:00
run_20260413T113749Z,4a74e14020f65e146807e04f69e3adf04e599a6d,PS-02_AIGR-S66270_NCIIPC_02_03_2026.xlsx,icloud-s.com,https://icloud-s.com,,,,,0,0,0,,,,,0,pending,pending,pending,pending,pending,pending,,,0,,2026-04-13T15:35:44+00:00
run_20260413T113749Z,f5f8aa320e40ddee6f2f7f3d720ff1b1c71bb1aa,PS-02_AIGR-S66270_NCIIPC_02_03_2026.xlsx,icloudbr.com,https://icloudbr.com,stage1,failed,RaySystemError,"System error: Unable to allocate internal buffer.
traceback: Traceback (most recent call last):
  File ""C:\Users\SATWIK\Documents\Phishing\venv\lib\site-packages\ray\_private\serialization.py"", line 590, in deserialize_objects
    obj = self._deserialize_object(
  File ""C:\Users\SATWIK\Documents\Phishing\venv\lib\site-packages\ray\_private\serialization.py"", line 436, in _deserialize_object
    return self._deserialize_msgpack_data(
  File ""C:\Users\SATWIK\Documents\Phishing\venv\lib\site-packages\ray\_private\serialization.py"", line 380, in _deserialize_msgpack_data
    msgpack_data, pickle5_data = split_buffer(data)
  File ""python\\ray\\includes/serialization.pxi"", line 205, in ray._raylet.split_buffer
  File ""msgpack/_unpacker.pyx"", line 372, in msgpack._cmsgpack.Unpacker.__init__
MemoryError: Unable to allocate internal buffer.
",0,0,0,,ray-stage1,,,0,pending,failed,pending,pending,pending,filtered_lexical_miss,,stage1_task_failed,0,,2026-04-13T11:39:31+00:00
run_20260413T113749Z,d4423750b582d0d93119b0aea4d7577fbe39bb22,PS-02_AIGR-S66270_NCIIPC_02_03_2026.xlsx,icloudbug.com,https://icloudbug.com,,,,,0,0,0,,,,,0,pending,pending,pending,pending,pending,pending,,,0,,2026-04-13T15:35:44+00:00
run_20260413T113749Z,812503b50a0e92031efc6b18184553010b5b424c,PS-02_AIGR-S66270_NCIIPC_02_03_2026.xlsx,icloudvay.com,https://icloudvay.com,,,,,0,0,0,,,,,0,pending,pending,pending,pending,pending,pending,,,0,,2026-04-13T15:35:44+00:00
run_20260413T113749Z,ab08e831bd2223fd403fcee22820ff9350317d5c,PS-02_AIGR-S66270_NCIIPC_02_03_2026.xlsx,iconickicks.com,https://iconickicks.com,,,,,0,0,0,,,,,0,pending,pending,pending,pending,pending,pending,,,0,,2026-04-13T15:35:44+00:00
run_20260413T113749Z,a3cbf4c75ae0773b87cfa14fbe8e5e7e9c13939d,PS-02_AIGR-S66270_NCIIPC_02_03_2026.xlsx,ictnc.com,https://ictnc.com,,,,,0,0,0,,,,,0,pending,pending,pending,pending,pending,pending,,,0,,2026-04-13T15:35:44+00:00
run_20260413T113749Z,053d927c8882d00e506a2c323d0a9e963b140ef2,PS-02_AIGR-S66270_NCIIPC_02_03_2026.xlsx,https://ifirst.biz,https://ifirst.biz,,,,,0,0,0,,,,,0,pending,pending,pending,pending,pending,pending,,,0,,2026-04-13T15:35:44+00:00
run_20260413T113749Z,f5e9c4c7bcaa9a702883fa52b42977a5728f1ad7,PS-02_AIGR-S66270_NCIIPC_02_03_2026.xlsx,ifirst.link,https://ifirst.link,,,,,0,0,0,,,,,0,pending,pending,pending,pending,pending,pending,,,0,,2026-04-13T15:35:44+00:00
run_20260413T113749Z,913210f39f9325a608748d192a36f04c2a9563fa,PS-02_AIGR-S66270_NCIIPC_02_03_2026.xlsx,ifocloud.com,https://ifocloud.com,hash,admitted,,,0,0,0,,ray-hash-admit,,,0,pending,pending,pending,admitted,pending,pending,,,0,,2026-04-13T15:36:42+00:00
run_20260413T113749Z,47b944860227c53406a86a228fee6362c003eb5b,PS-02_AIGR-S66270_NCIIPC_02_03_2026.xlsx,igrs.info,https://igrs.info,,,,,0,0,0,,,,,0,pending,pending,pending,pending,pending,pending,,,0,,2026-04-13T15:35:44+00:00
run_20260413T113749Z,2cecbe5776bce28e1e62d41b640e12a43d9295dd,PS-02_AIGR-S66270_NCIIPC_02_03_2026.xlsx,ihsgroup.africa,https://ihsgroup.africa,,,,,0,0,0,,,,,0,pending,pending,pending,pending,pending,pending,,,0,,2026-04-13T15:35:44+00:00
run_20260413T113749Z,0c2fc50791f059b3e2a082b56d71a2c0c58a1ede,PS-02_AIGR-S66270_NCIIPC_02_03_2026.xlsx,iies.com,https://iies.com,,,,,0,0,0,,,,,0,pending,pending,pending,pending,pending,pending,,,0,,2026-04-13T15:35:44+00:00
run_20260413T113749Z,101db424b80b9f48490c4a850c09067471ddd1c1,PS-02_AIGR-S66270_NCIIPC_02_03_2026.xlsx,imcci.click,https://imcci.click,,,,,0,0,0,,,,,0,pending,pending,pending,pending,pending,pending,,,0,,2026-04-13T15:35:44+00:00
run_20260413T113749Z,ffd2ad3d409a124882c725da9f24b493f113852e,PS-02_AIGR-S66270_NCIIPC_02_03_2026.xlsx,https://imnota.vc,https://imnota.vc,,,,,0,0,0,,,,,0,pending,pending,pending,pending,pending,pending,,,0,,2026-04-13T15:35:44+00:00
run_20260413T113749Z,384c5429e62b9406fe6343178a0b7cc23d62cdc9,PS-02_AIGR-S66270_NCIIPC_02_03_2026.xlsx,in-clouds.com,https://in-clouds.com,stage1,failed,,,0,0,0,,ray-stage1,,,0,pending,failed,pending,pending,pending,filtered_lexical_miss,,,0,,2026-04-13T11:38:40+00:00
run_20260413T113749Z,9a15b139891cdb7251e8c4122161cf527e004e0c,PS-02_AIGR-S66270_NCIIPC_02_03_2026.xlsx,inaction-media.com,https://inaction-media.com,,,,,0,0,0,,,,,0,pending,pending,pending,pending,pending,pending,,,0,,2026-04-13T15:35:44+00:00
run_20260413T113749Z,c841f84234f4c0ccedf0cef302d736e8d0f85021,PS-02_AIGR-S66270_NCIIPC_02_03_2026.xlsx,incaion.com,https://incaion.com,,,,,0,0,0,,,,,0,pending,pending,pending,pending,pending,pending,,,0,,2026-04-13T15:35:44+00:00
run_20260413T113749Z,623720ea8ce35d2e7f933466efcbd8043078452b,PS-02_AIGR-S66270_NCIIPC_02_03_2026.xlsx,incaion.info,https://incaion.info,,,,,0,0,0,,,,,0,pending,pending,pending,pending,pending,pending,,,0,,2026-04-13T15:35:44+00:00
run_20260413T113749Z,541564d254d791432e869fb5fa8193504ea88694,PS-02_AIGR-S66270_NCIIPC_02_03_2026.xlsx,incaion.online,https://incaion.online,,,,,0,0,0,,,,,0,pending,pending,pending,pending,pending,pending,,,0,,2026-04-13T15:35:44+00:00
run_20260413T113749Z,b6b800d7791a96c9586e014afb2da10bd174647e,PS-02_AIGR-S66270_NCIIPC_02_03_2026.xlsx,incaion.site,https://incaion.site,,,,,0,0,0,,,,,0,pending,pending,pending,pending,pending,pending,,,0,,2026-04-13T15:35:44+00:00
run_20260413T113749Z,4d0107a572cc4dd9e25797021d2480e8bc628e9c,PS-02_AIGR-S66270_NCIIPC_02_03_2026.xlsx,incandia.com,https://incandia.com,,,,,0,0,0,,,,,0,pending,pending,pending,pending,pending,pending,,,0,,2026-04-13T15:35:44+00:00
run_20260413T113749Z,79e25efec1f1e2c6cc492f30af936be581ff68f3,PS-02_AIGR-S66270_NCIIPC_02_03_2026.xlsx,incode.one,https://incode.one,,,,,0,0,0,,,,,0,pending,pending,pending,pending,pending,pending,,,0,,2026-04-13T15:35:44+00:00
run_20260413T113749Z,04451a126add79b9bd516772df22feb800f7bd02,PS-02_AIGR-S66270_NCIIPC_02_03_2026.xlsx,incogmeeto.com,https://incogmeeto.com,stage1,failed,,,0,0,0,,ray-stage1,,,0,pending,failed,pending,pending,pending,filtered_lexical_miss,,,0,,2026-04-13T11:39:09+00:00
run_20260413T113749Z,74bda420558762d8ebe8fcc2eca651a4c68847ee,PS-02_AIGR-S66270_NCIIPC_02_03_2026.xlsx,income-web.com,https://income-web.com,,,,,0,0,0,,,,,0,pending,pending,pending,pending,pending,pending,,,0,,2026-04-13T15:35:44+00:00
run_20260413T113749Z,4591ae79f0eea486e42a1340f61c8ba1b70acfce,PS-02_AIGR-S66270_NCIIPC_02_03_2026.xlsx,income0807.com,https://income0807.com,,,,,0,0,0,,,,,0,pending,pending,pending,pending,pending,pending,,,0,,2026-04-13T15:35:44+00:00
run_20260413T113749Z,5e6f50be96411f91f4490bba4e9ca174cc6abd5a,PS-02_AIGR-S66270_NCIIPC_02_03_2026.xlsx,incomecalctools.com,https://incomecalctools.com,,,,,0,0,0,,,,,0,pending,pending,pending,pending,pending,pending,,,0,,2026-04-13T15:35:44+00:00
run_20260413T113749Z,cffe080c7764b68ad4665873c07429f6b288fd87,PS-02_AIGR-S66270_NCIIPC_02_03_2026.xlsx,https://incomeethereum.xyz,https://incomeethereum.xyz,,,,,0,0,0,,,,,0,pending,pending,pending,pending,pending,pending,,,0,,2026-04-13T15:35:44+00:00
run_20260413T113749Z,09cbb0f998a4a5f2e079da38b00bb39c9a507139,PS-02_AIGR-S66270_NCIIPC_02_03_2026.xlsx,https://incomeinfinite.com,https://incomeinfinite.com,,,,,0,0,0,,,,,0,pending,pending,pending,pending,pending,pending,,,0,,2026-04-13T15:35:44+00:00
run_20260413T113749Z,6063f03adc74a86417037a96f2a3acaa007e3074,PS-02_AIGR-S66270_NCIIPC_02_03_2026.xlsx,incomeroadmaps.com,https://incomeroadmaps.com,,,,,0,0,0,,,,,0,pending,pending,pending,pending,pending,pending,,,0,,2026-04-13T15:35:44+00:00
run_20260413T113749Z,8b75777666fbf10e817ac8c015071d9b9b2e7768,PS-02_AIGR-S66270_NCIIPC_02_03_2026.xlsx,incomestreamstoday.com,https://incomestreamstoday.com,,,,,0,0,0,,,,,0,pending,pending,pending,pending,pending,pending,,,0,,2026-04-13T15:35:44+00:00
run_20260413T113749Z,29efb4dafe1ba78ee8dde4947d5f42a55a135acc,PS-02_AIGR-S66270_NCIIPC_02_03_2026.xlsx,incomesxb.shop,https://incomesxb.shop,,,,,0,0,0,,,,,0,pending,pending,pending,pending,pending,pending,,,0,,2026-04-13T15:35:44+00:00
run_20260413T113749Z,c849061abc629aa9f9b9c9d61309dc1634dfecb2,PS-02_AIGR-S66270_NCIIPC_02_03_2026.xlsx,incometax.click,https://incometax.click,,,,,0,0,0,,,,,0,pending,pending,pending,pending,pending,pending,,,0,,2026-04-13T15:35:44+00:00
run_20260413T113749Z,8324d3c185d2e4d27c71588c5676ba3ec6d8776e,PS-02_AIGR-S66270_NCIIPC_02_03_2026.xlsx,incomewithfatima.com,https://incomewithfatima.com,dns_gate,registration_passthrough,dns_gate_no_answer,no A/AAAA answers for incomewithfatima.com,0,0,0,,ray-dns-gate,,,0,pending,pending,pending,pending,pending,pending,,dns_not_mapped_to_ip,0,,2026-04-13T15:35:54+00:00
run_20260413T113749Z,d7dbb10a0acc1f3878f5a716c95419ad26aa5dac,PS-02_AIGR-S66270_NCIIPC_02_03_2026.xlsx,https://incomplte.com,https://incomplte.com,,,,,0,0,0,,,,,0,pending,pending,pending,pending,pending,pending,,,0,,2026-04-13T15:35:44+00:00
run_20260413T113749Z,f963b75c35f3672fd1c4113fcf3c87ff028f19ef,PS-02_AIGR-S66270_NCIIPC_02_03_2026.xlsx,https://inconx.org,https://inconx.org,,,,,0,0,0,,,,,0,pending,pending,pending,pending,pending,pending,,,0,,2026-04-13T15:35:44+00:00
run_20260413T113749Z,9340823b26746b65f068b90a509b34d8b2135e05,PS-02_AIGR-S66270_NCIIPC_02_03_2026.xlsx,https://incoperate.com,https://incoperate.com,,,,,0,0,0,,,,,0,pending,pending,pending,pending,pending,pending,,,0,,2026-04-13T15:35:44+00:00
run_20260413T113749Z,6f12742bfca60107cf81b4a1def363340a20f808,PS-02_AIGR-S66270_NCIIPC_02_03_2026.xlsx,incorvaia.com,https://incorvaia.com,,,,,0,0,0,,,,,0,pending,pending,pending,pending,pending,pending,,,0,,2026-04-13T15:35:44+00:00
run_20260413T113749Z,0d13213b4f0d8abf59c318a3af1cf569c64dac56,PS-02_AIGR-S66270_NCIIPC_02_03_2026.xlsx,incotermzealot.com,https://incotermzealot.com,,,,,0,0,0,,,,,0,pending,pending,pending,pending,pending,pending,,,0,,2026-04-13T15:35:44+00:00
run_20260413T113749Z,a8551acc88f073f19e1dcd9e368114ca8a677d38,PS-02_AIGR-S66270_NCIIPC_02_03_2026.xlsx,incount.xyz,https://incount.xyz,,,,,0,0,0,,,,,0,pending,pending,pending,pending,pending,pending,,,0,,2026-04-13T15:35:44+00:00
run_20260413T113749Z,a91a21fb8174e9f8f4fe3934546f13809c687be4,PS-02_AIGR-S66270_NCIIPC_02_03_2026.xlsx,indac.xyz,https://indac.xyz,,,,,0,0,0,,,,,0,pending,pending,pending,pending,pending,pending,,,0,,2026-04-13T15:35:44+00:00
run_20260413T113749Z,1c7141f61368f93b2e581dc82dfd3d9a9f7d8f85,PS-02_AIGR-S66270_NCIIPC_02_03_2026.xlsx,indacoin.exchange,https://indacoin.exchange,,,,,0,0,0,,,,,0,pending,pending,pending,pending,pending,pending,,,0,,2026-04-13T15:35:44+00:00
run_20260413T113749Z,171d1d77c72ca7a00de02e4d1ea574cb8b347083,PS-02_AIGR-S66270_NCIIPC_02_03_2026.xlsx,https://indi-tango.com,https://indi-tango.com,,,,,0,0,0,,,,,0,pending,pending,pending,pending,pending,pending,,,0,,2026-04-13T15:35:44+00:00
run_20260413T113749Z,3028653add944242979d45488570735e34ef9d68,PS-02_AIGR-S66270_NCIIPC_02_03_2026.xlsx,indiabanko.com,https://indiabanko.com,,,,,0,0,0,,,,,0,pending,pending,pending,pending,pending,pending,,,0,,2026-04-13T15:35:44+00:00
run_20260413T113749Z,53e24b9fa3713b6fda63f5c7c9dd0dd6f73cf5f5,PS-02_AIGR-S66270_NCIIPC_02_03_2026.xlsx,indiacriclegends.com,https://indiacriclegends.com,,,,,0,0,0,,,,,0,pending,pending,pending,pending,pending,pending,,,0,,2026-04-13T15:35:44+00:00
run_20260413T113749Z,67bba8691e7c97eb62f5778edee230b2b43a5072,PS-02_AIGR-S66270_NCIIPC_02_03_2026.xlsx,indiaeconomics.com,https://indiaeconomics.com,,,,,0,0,0,,,,,0,pending,pending,pending,pending,pending,pending,,,0,,2026-04-13T15:35:44+00:00
run_20260413T113749Z,016835aa34b7b48aabcafab639587487a7400ee8,PS-02_AIGR-S66270_NCIIPC_02_03_2026.xlsx,https://indiaepdcouncil.com,https://indiaepdcouncil.com,,,,,0,0,0,,,,,0,pending,pending,pending,pending,pending,pending,,,0,,2026-04-13T15:35:44+00:00
run_20260413T113749Z,6ddd92afc80278a5092e93e2208763910d43ddbc,PS-02_AIGR-S66270_NCIIPC_02_03_2026.xlsx,https://indiaepdcouncil.org,https://indiaepdcouncil.org,,,,,0,0,0,,,,,0,pending,pending,pending,pending,pending,pending,,,0,,2026-04-13T15:35:44+00:00
run_20260413T113749Z,2b2a179a8ca89086d10c4668fa5188fb5c358cab,PS-02_AIGR-S66270_NCIIPC_02_03_2026.xlsx,indiaexi.com,https://indiaexi.com,,,,,0,0,0,,,,,0,pending,pending,pending,pending,pending,pending,,,0,,2026-04-13T15:35:44+00:00
run_20260413T113749Z,36d7aa04d46e494a594033ca68ed5a26d397ab61,PS-02_AIGR-S66270_NCIIPC_02_03_2026.xlsx,indiafinder.com,https://indiafinder.com,,,,,0,0,0,,,,,0,pending,pending,pending,pending,pending,pending,,,0,,2026-04-13T15:35:44+00:00
run_20260413T113749Z,9309cf6693edc6e404b8cabb686ad58218ca7db2,PS-02_AIGR-S66270_NCIIPC_02_03_2026.xlsx,indiafolder.com,https://indiafolder.com,,,,,0,0,0,,,,,0,pending,pending,pending,pending,pending,pending,,,0,,2026-04-13T15:35:44+00:00
run_20260413T113749Z,e74bee6441d3342f37319a22e46c521b78b99756,PS-02_AIGR-S66270_NCIIPC_02_03_2026.xlsx,indiageo.com,https://indiageo.com,,,,,0,0,0,,,,,0,pending,pending,pending,pending,pending,pending,,,0,,2026-04-13T15:35:44+00:00
run_20260413T113749Z,acffd2f981e10004596eb9c1eb4d358a777d793e,PS-02_AIGR-S66270_NCIIPC_02_03_2026.xlsx,indiagpt.app,https://indiagpt.app,,,,,0,0,0,,,,,0,pending,pending,pending,pending,pending,pending,,,0,,2026-04-13T15:35:44+00:00
run_20260413T113749Z,880111470cdee0ae2adfe2165d8751c5747cfde7,PS-02_AIGR-S66270_NCIIPC_02_03_2026.xlsx,indiainternetworld.com,https://indiainternetworld.com,,,,,0,0,0,,,,,0,pending,pending,pending,pending,pending,pending,,,0,,2026-04-13T15:35:44+00:00
run_20260413T113749Z,a6ca4741959d6e0b70460e362be71e41894a99b4,PS-02_AIGR-S66270_NCIIPC_02_03_2026.xlsx,indialcs.com,https://indialcs.com,,,,,0,0,0,,,,,0,pending,pending,pending,pending,pending,pending,,,0,,2026-04-13T15:35:44+00:00
run_20260413T113749Z,182ec999d44e88a9eab6ae2908bb5e612f4a8e7f,PS-02_AIGR-S66270_NCIIPC_02_03_2026.xlsx,https://indialocalnews.com,https://indialocalnews.com,,,,,0,0,0,,,,,0,pending,pending,pending,pending,pending,pending,,,0,,2026-04-13T15:35:44+00:00
run_20260413T113749Z,215242704971577e853fddce84a558688524da39,PS-02_AIGR-S66270_NCIIPC_02_03_2026.xlsx,indiamandir.com,https://indiamandir.com,,,,,0,0,0,,,,,0,pending,pending,pending,pending,pending,pending,,,0,,2026-04-13T15:35:44+00:00
run_20260413T113749Z,812ed8032e5cd68df99d240c60c5b523376b67c5,PS-02_AIGR-S66270_NCIIPC_02_03_2026.xlsx,indiaminigolf.com,https://indiaminigolf.com,,,,,0,0,0,,,,,0,pending,pending,pending,pending,pending,pending,,,0,,2026-04-13T15:35:44+00:00
run_20260413T113749Z,29978fc59e76074237f74bb360261eea4b4ea6a9,PS-02_AIGR-S66270_NCIIPC_02_03_2026.xlsx,indiamondcleaning.com,https://indiamondcleaning.com,,,,,0,0,0,,,,,0,pending,pending,pending,pending,pending,pending,,,0,,2026-04-13T15:35:44+00:00
run_20260413T113749Z,71ee2a47fec434ad3b25d85e6b0bd9b35fa12399,PS-02_AIGR-S66270_NCIIPC_02_03_2026.xlsx,indiamondcleaningma.com,https://indiamondcleaningma.com,,,,,0,0,0,,,,,0,pending,pending,pending,pending,pending,pending,,,0,,2026-04-13T15:35:44+00:00
run_20260413T113749Z,b9c1f4fb438c242c98e1d8d53b723e6d450c9a1a,PS-02_AIGR-S66270_NCIIPC_02_03_2026.xlsx,https://indianacoatings.com,https://indianacoatings.com,,,,,0,0,0,,,,,0,pending,pending,pending,pending,pending,pending,,,0,,2026-04-13T15:35:44+00:00
run_20260413T113749Z,5ab700fafff4dee05f11a8a77659e7b7594dfe43,PS-02_AIGR-S66270_NCIIPC_02_03_2026.xlsx,https://indianadating.com,https://indianadating.com,,,,,0,0,0,,,,,0,pending,pending,pending,pending,pending,pending,,,0,,2026-04-13T15:35:44+00:00
run_20260413T113749Z,7a53ad387a09ea36a43aaf684d981a776747322f,PS-02_AIGR-S66270_NCIIPC_02_03_2026.xlsx,https://indianadog.com,https://indianadog.com,,,,,0,0,0,,,,,0,pending,pending,pending,pending,pending,pending,,,0,,2026-04-13T15:35:44+00:00
run_20260413T113749Z,32637831932bf1e4e28b1ffd045fb2d9e58f8776,PS-02_AIGR-S66270_NCIIPC_02_03_2026.xlsx,indianaduihelp.com,https://indianaduihelp.com,,,,,0,0,0,,,,,0,pending,pending,pending,pending,pending,pending,,,0,,2026-04-13T15:35:44+00:00
run_20260413T113749Z,a8157eb0ae397ec5abe94300d65fd9bb974286dd,PS-02_AIGR-S66270_NCIIPC_02_03_2026.xlsx,indianapolisadhd.com,https://indianapolisadhd.com,,,,,0,0,0,,,,,0,pending,pending,pending,pending,pending,pending,,,0,,2026-04-13T15:35:44+00:00
run_20260413T113749Z,030bb6c66e964347b18f3ae150a2a3dfafe1fba1,PS-02_AIGR-S66270_NCIIPC_02_03_2026.xlsx,indianapoliselectronicrecycling.com,https://indianapoliselectronicrecycling.com,,,,,0,0,0,,,,,0,pending,pending,pending,pending,pending,pending,,,0,,2026-04-13T15:35:44+00:00
run_20260413T113749Z,9e6664e1102ca29b3a3b666c8c52cbaf72d3d0a6,PS-02_AIGR-S66270_NCIIPC_02_03_2026.xlsx,indianasod.com,https://indianasod.com,,,,,0,0,0,,,,,0,pending,pending,pending,pending,pending,pending,,,0,,2026-04-13T15:35:44+00:00
run_20260413T113749Z,990913822e6cb1f1bab20806434d966181e4da77,PS-02_AIGR-S66270_NCIIPC_02_03_2026.xlsx,indianauctions.com,https://indianauctions.com,,,,,0,0,0,,,,,0,pending,pending,pending,pending,pending,pending,,,0,,2026-04-13T15:35:44+00:00
run_20260413T113749Z,0d58f5bb99ec4614d0d0e5836c4ce1635f74f524,PS-02_AIGR-S66270_NCIIPC_02_03_2026.xlsx,https://indianautolab.com,https://indianautolab.com,,,,,0,0,0,,,,,0,pending,pending,pending,pending,pending,pending,,,0,,2026-04-13T15:35:44+00:00
run_20260413T113749Z,85380e7df8e9c0ec09218d8f177c00d5803912d0,PS-02_AIGR-S66270_NCIIPC_02_03_2026.xlsx,indianbooking.com,https://indianbooking.com,,,,,0,0,0,,,,,0,pending,pending,pending,pending,pending,pending,,,0,,2026-04-13T15:35:44+00:00
run_20260413T113749Z,2b6658f7fa5721d0d6c71eea2c0739f7fb67f46e,PS-02_AIGR-S66270_NCIIPC_02_03_2026.xlsx,indiancontracting.com,https://indiancontracting.com,stage1,failed,,,0,0,0,,ray-stage1,,,0,pending,failed,pending,pending,pending,filtered_lexical_miss,,,0,,2026-04-13T11:38:39+00:00
run_20260413T113749Z,ce14bd39738137b9c260084f31b7e67a73a61195,PS-02_AIGR-S66270_NCIIPC_02_03_2026.xlsx,indiandb.com,https://indiandb.com,,,,,0,0,0,,,,,0,pending,pending,pending,pending,pending,pending,,,0,,2026-04-13T15:35:44+00:00
run_20260413T113749Z,152966c96ea4f91cb3f36c01032f0c3ad95de130,PS-02_AIGR-S66270_NCIIPC_02_03_2026.xlsx,indianecofuels.com,https://indianecofuels.com,,,,,0,0,0,,,,,0,pending,pending,pending,pending,pending,pending,,,0,,2026-04-13T15:35:44+00:00
run_20260413T113749Z,731747aa5c234f7dddf077d7e5c455e02effeb0b,PS-02_AIGR-S66270_NCIIPC_02_03_2026.xlsx,indiangas.info,https://indiangas.info,,,,,0,0,0,,,,,0,pending,pending,pending,pending,pending,pending,,,0,,2026-04-13T15:35:44+00:00
run_20260413T113749Z,3604945f1a74ddcd70c9c74374191ef5d47610f5,PS-02_AIGR-S66270_NCIIPC_02_03_2026.xlsx,indiangenie.com,https://indiangenie.com,,,,,0,0,0,,,,,0,pending,pending,pending,pending,pending,pending,,,0,,2026-04-13T15:35:44+00:00
run_20260413T113749Z,cfa776fe7ec9b184ef28affc575e1634256dc0c4,PS-02_AIGR-S66270_NCIIPC_02_03_2026.xlsx,indianideology.com,https://indianideology.com,,,,,0,0,0,,,,,0,pending,pending,pending,pending,pending,pending,,,0,,2026-04-13T15:35:44+00:00
run_20260413T113749Z,a5ba6b79b752295335f5a5b0affdb7a2b4593b03,PS-02_AIGR-S66270_NCIIPC_02_03_2026.xlsx,indianiks.com,https://indianiks.com,,,,,0,0,0,,,,,0,pending,pending,pending,pending,pending,pending,,,0,,2026-04-13T15:35:44+00:00
run_20260413T113749Z,c532c8fc4ab772ef4bee7e6b6ce495554d15dc5d,PS-02_AIGR-S66270_NCIIPC_02_03_2026.xlsx,indianmandionline.com,https://indianmandionline.com,,,,,0,0,0,,,,,0,pending,pending,pending,pending,pending,pending,,,0,,2026-04-13T15:35:44+00:00
run_20260413T113749Z,9be843eb23b747b0185e621ae52bbe2060d3c671,PS-02_AIGR-S66270_NCIIPC_02_03_2026.xlsx,indianmemorial.com,https://indianmemorial.com,,,,,0,0,0,,,,,0,pending,pending,pending,pending,pending,pending,,,0,,2026-04-13T15:35:44+00:00
run_20260413T113749Z,e581cd4cd0f05383f4d97d2b32f584d887153901,PS-02_AIGR-S66270_NCIIPC_02_03_2026.xlsx,indianmobility.com,https://indianmobility.com,,,,,0,0,0,,,,,0,pending,pending,pending,pending,pending,pending,,,0,,2026-04-13T15:35:44+00:00
run_20260413T113749Z,565f8cb91e2cce98bcf8a0f1922f17cc24c584e8,PS-02_AIGR-S66270_NCIIPC_02_03_2026.xlsx,indianoceanlu7.co.uk,https://indianoceanlu7.co.uk,,,,,0,0,0,,,,,0,pending,pending,pending,pending,pending,pending,,,0,,2026-04-13T15:35:44+00:00
run_20260413T113749Z,3e8d1793efbcae1a0554e7aaab202a7551858af5,PS-02_AIGR-S66270_NCIIPC_02_03_2026.xlsx,indianoceanportsguide.com,https://indianoceanportsguide.com,,,,,0,0,0,,,,,0,pending,pending,pending,pending,pending,pending,,,0,,2026-04-13T15:35:44+00:00
run_20260413T113749Z,42ef637282a71006ff37d67d00b53dde50284a3e,PS-02_AIGR-S66270_NCIIPC_02_03_2026.xlsx,indianolarecord.info,https://indianolarecord.info,,,,,0,0,0,,,,,0,pending,pending,pending,pending,pending,pending,,,0,,2026-04-13T15:35:44+00:00
run_20260413T113749Z,2edeeaa950b9c450a27b6716acdb16c390a45f47,PS-02_AIGR-S66270_NCIIPC_02_03_2026.xlsx,indianorganicglow.com,https://indianorganicglow.com,,,,,0,0,0,,,,,0,pending,pending,pending,pending,pending,pending,,,0,,2026-04-13T15:35:44+00:00
run_20260413T113749Z,5c1744e482913b97f1f0954a71b4a457fedb7ea1,PS-02_AIGR-S66270_NCIIPC_02_03_2026.xlsx,indianorganicshop.com,https://indianorganicshop.com,,,,,0,0,0,,,,,0,pending,pending,pending,pending,pending,pending,,,0,,2026-04-13T15:35:44+00:00
run_20260413T113749Z,813737b08fea3292a1e6f6b888bc1dc6b44bf6c1,PS-02_AIGR-S66270_NCIIPC_02_03_2026.xlsx,indiansolder.cam,https://indiansolder.cam,,,,,0,0,0,,,,,0,pending,pending,pending,pending,pending,pending,,,0,,2026-04-13T15:35:44+00:00
run_20260413T113749Z,d26af3436196639652fc17a4db9d788e4fb06893,PS-02_AIGR-S66270_NCIIPC_02_03_2026.xlsx,indianwellsca.com,https://indianwellsca.com,,,,,0,0,0,,,,,0,pending,pending,pending,pending,pending,pending,,,0,,2026-04-13T15:35:44+00:00
run_20260413T113749Z,ade7496176d67b883799afa6a0bfcfd1128d352b,PS-02_AIGR-S66270_NCIIPC_02_03_2026.xlsx,indianxxx2021.com,https://indianxxx2021.com,,,,,0,0,0,,,,,0,pending,pending,pending,pending,pending,pending,,,0,,2026-04-13T15:35:44+00:00
run_20260413T113749Z,3032fcaaf5b16573dc3948515606bf43cc5b4d6e,PS-02_AIGR-S66270_NCIIPC_02_03_2026.xlsx,https://indiapia.com,https://indiapia.com,,,,,0,0,0,,,,,0,pending,pending,pending,pending,pending,pending,,,0,,2026-04-13T15:35:44+00:00
run_20260413T113749Z,1d9a3fb428c32cf43cc39cd562cd28e8658aa507,PS-02_AIGR-S66270_NCIIPC_02_03_2026.xlsx,indiaradios.com,https://indiaradios.com,,,,,0,0,0,,,,,0,pending,pending,pending,pending,pending,pending,,,0,,2026-04-13T15:35:44+00:00
run_20260413T113749Z,36beb867a902e32ed6ba24a6f3efc97f8b3fbb32,PS-02_AIGR-S66270_NCIIPC_02_03_2026.xlsx,https://indiaring.com,https://indiaring.com,,,,,0,0,0,,,,,0,pending,pending,pending,pending,pending,pending,,,0,,2026-04-13T15:35:44+00:00
run_20260413T113749Z,a25bf93d579857b8a249b8da6fc121f0a67ca41e,PS-02_AIGR-S66270_NCIIPC_02_03_2026.xlsx,indiatronics.com,https://indiatronics.com,,,,,0,0,0,,,,,0,pending,pending,pending,pending,pending,pending,,,0,,2026-04-13T15:35:44+00:00
run_20260413T113749Z,d92c2cc362df2a227fd977ff781d641427b9c43d,PS-02_AIGR-S66270_NCIIPC_02_03_2026.xlsx,https://indicationlab.com,https://indicationlab.com,,,,,0,0,0,,,,,0,pending,pending,pending,pending,pending,pending,,,0,,2026-04-13T15:35:44+00:00
run_20260413T113749Z,8af534ee0b380468b8bb03ea708f8b8f7067adf8,PS-02_AIGR-S66270_NCIIPC_02_03_2026.xlsx,indicindia.com,https://indicindia.com,,,,,0,0,0,,,,,0,pending,pending,pending,pending,pending,pending,,,0,,2026-04-13T15:35:44+00:00
run_20260413T113749Z,d91a408026e610cf9ef6441e673cef51350b6291,PS-02_AIGR-S66270_NCIIPC_02_03_2026.xlsx,indicio.click,https://indicio.click,,,,,0,0,0,,,,,0,pending,pending,pending,pending,pending,pending,,,0,,2026-04-13T15:35:44+00:00
run_20260413T113749Z,d04fd96fe2360fa410bd1223d0214fd673d232f0,PS-02_AIGR-S66270_NCIIPC_02_03_2026.xlsx,indiclean.in,https://indiclean.in,,,,,0,0,0,,,,,0,pending,pending,pending,pending,pending,pending,,,0,,2026-04-13T15:35:44+00:00
run_20260413T113749Z,611311f6aa5a162b9c932f7329cdf995c61abd66,PS-02_AIGR-S66270_NCIIPC_02_03_2026.xlsx,indigedesigncollab.com,https://indigedesigncollab.com,dns_gate,filtered_dns_inactive,dns_gate_no_answer,no A/AAAA answers for indigedesigncollab.com,0,0,0,,ray-dns-gate,,,0,pending,pending,pending,pending,pending,filtered_lexical_miss,,dns_gate_inactive,0,,2026-04-13T11:38:28+00:00
run_20260413T113749Z,cbdfaec889d44888c64d3a059ac3cde476f5f42f,PS-02_AIGR-S66270_NCIIPC_02_03_2026.xlsx,indiogn.com,https://indiogn.com,,,,,0,0,0,,,,,0,pending,pending,pending,pending,pending,pending,,,0,,2026-04-13T15:35:44+00:00
run_20260413T113749Z,9f45c3126b2b024c8862f40977af5b6512b66948,PS-02_AIGR-S66270_NCIIPC_02_03_2026.xlsx,indipa.com,https://indipa.com,,,,,0,0,0,,,,,0,pending,pending,pending,pending,pending,pending,,,0,,2026-04-13T15:35:44+00:00
run_20260413T113749Z,db022cf024e6229d346755325fdf512625ed93bc,PS-02_AIGR-S66270_NCIIPC_02_03_2026.xlsx,https://indira.chat,https://indira.chat,,,,,0,0,0,,,,,0,pending,pending,pending,pending,pending,pending,,,0,,2026-04-13T15:35:44+00:00
run_20260413T113749Z,6dd8970170e7ccd186b8cecac86b8ea0a025fe3c,PS-02_AIGR-S66270_NCIIPC_02_03_2026.xlsx,indiria.com,https://indiria.com,,,,,0,0,0,,,,,0,pending,pending,pending,pending,pending,pending,,,0,,2026-04-13T15:35:44+00:00
run_20260413T113749Z,d132637e52440f0bc1596c71ea938c45d7f842e1,PS-02_AIGR-S66270_NCIIPC_02_03_2026.xlsx,indiskaspicenord.com,https://indiskaspicenord.com,,,,,0,0,0,,,,,0,pending,pending,pending,pending,pending,pending,,,0,,2026-04-13T15:35:44+00:00
run_20260413T113749Z,fdf3db88cefd41e64f5983ac7c7894b2032cfee7,PS-02_AIGR-S66270_NCIIPC_02_03_2026.xlsx,individualcoach.com,https://individualcoach.com,,,,,0,0,0,,,,,0,pending,pending,pending,pending,pending,pending,,,0,,2026-04-13T15:35:44+00:00
run_20260413T113749Z,aeace786a1b75c857f9bb0a5e0ec06df4ab54400,PS-02_AIGR-S66270_NCIIPC_02_03_2026.xlsx,indiya.digital,https://indiya.digital,,,,,0,0,0,,,,,0,pending,pending,pending,pending,pending,pending,,,0,,2026-04-13T15:35:44+00:00
run_20260413T113749Z,bfaf3561a093c2e09d2dbd6b91c89d05c1c4930d,PS-02_AIGR-S66270_NCIIPC_02_03_2026.xlsx,indside.com,https://indside.com,dns_gate,accepted,,,0,0,0,,ray-dns-gate,,,0,pending,pending,pending,pending,pending,pending,,,0,,2026-04-13T15:35:54+00:00
run_20260413T113749Z,e8dcb47cfd06095f51901a3ff22804dcb8403685,PS-02_AIGR-S66270_NCIIPC_02_03_2026.xlsx,indukbetid.com,https://indukbetid.com,,,,,0,0,0,,,,,0,pending,pending,pending,pending,pending,pending,,,0,,2026-04-13T15:35:44+00:00
run_20260413T113749Z,2a195e5105dfb394929ff19f7eee00d9e1f9c65f,PS-02_AIGR-S66270_NCIIPC_02_03_2026.xlsx,https://indulskin.com,https://indulskin.com,,,,,0,0,0,,,,,0,pending,pending,pending,pending,pending,pending,,,0,,2026-04-13T15:35:44+00:00
run_20260413T113749Z,a2dc26e933a8eb0fdcb7bee58ea7c9d93d5c5b2f,PS-02_AIGR-S66270_NCIIPC_02_03_2026.xlsx,indusafricaconnect.com,https://indusafricaconnect.com,,,,,0,0,0,,,,,0,pending,pending,pending,pending,pending,pending,,,0,,2026-04-13T15:35:44+00:00
run_20260413T113749Z,06ca6ebe9ab6e93b01cd38fad821454f8976ef58,PS-02_AIGR-S66270_NCIIPC_02_03_2026.xlsx,indusai.chat,https://indusai.chat,,,,,0,0,0,,,,,0,pending,pending,pending,pending,pending,pending,,,0,,2026-04-13T15:35:44+00:00
run_20260413T113749Z,9414e51c65224774630a530a71a6f37053ada76d,PS-02_AIGR-S66270_NCIIPC_02_03_2026.xlsx,indusbox.com,https://indusbox.com,,,,,0,0,0,,,,,0,pending,pending,pending,pending,pending,pending,,,0,,2026-04-13T15:35:44+00:00
run_20260413T113749Z,7e7afa9253ccb8f847a03a0cf3b1ff2030d44957,PS-02_AIGR-S66270_NCIIPC_02_03_2026.xlsx,indusigns.com,https://indusigns.com,,,,,0,0,0,,,,,0,pending,pending,pending,pending,pending,pending,,,0,,2026-04-13T15:35:44+00:00
run_20260413T113749Z,b020f31fc996bef00ee868d4bac611136a31fa3f,PS-02_AIGR-S66270_NCIIPC_02_03_2026.xlsx,indusiris.pk,https://indusiris.pk,,,,,0,0,0,,,,,0,pending,pending,pending,pending,pending,pending,,,0,,2026-04-13T15:35:44+00:00
run_20260413T113749Z,92b0439aa15f2b0f019e01ff8ec74b8020282737,PS-02_AIGR-S66270_NCIIPC_02_03_2026.xlsx,industri.us,https://industri.us,,,,,0,0,0,,,,,0,pending,pending,pending,pending,pending,pending,,,0,,2026-04-13T15:35:44+00:00
run_20260413T113749Z,99a5221d1bf3ea74a3f2033a5c79d65041d74cf3,PS-02_AIGR-S66270_NCIIPC_02_03_2026.xlsx,https://industrialcabinets.com,https://industrialcabinets.com,,,,,0,0,0,,,,,0,pending,pending,pending,pending,pending,pending,,,0,,2026-04-13T15:35:44+00:00
run_20260413T113749Z,c60368eed9f0cddd8e356b894adfc1b2a35bb463,PS-02_AIGR-S66270_NCIIPC_02_03_2026.xlsx,industrialcleaningdirect.info,https://industrialcleaningdirect.info,,,,,0,0,0,,,,,0,pending,pending,pending,pending,pending,pending,,,0,,2026-04-13T15:35:44+00:00
run_20260413T113749Z,a74a283caf09fc1ac28d1ce77e7bee68575bc4ba,PS-02_AIGR-S66270_NCIIPC_02_03_2026.xlsx,industrialdealflow.site,https://industrialdealflow.site,,,,,0,0,0,,,,,0,pending,pending,pending,pending,pending,pending,,,0,,2026-04-13T15:35:44+00:00
run_20260413T113749Z,8b64d340157373fd4a00b0a9a51831a53b0f1446,PS-02_AIGR-S66270_NCIIPC_02_03_2026.xlsx,industrialdigital.pl,https://industrialdigital.pl,,,,,0,0,0,,,,,0,pending,pending,pending,pending,pending,pending,,,0,,2026-04-13T15:35:44+00:00
run_20260413T113749Z,c9944ca5853ad37430b01b5963b45f8b5d2322f1,PS-02_AIGR-S66270_NCIIPC_02_03_2026.xlsx,https://industrialduct.com,https://industrialduct.com,,,,,0,0,0,,,,,0,pending,pending,pending,pending,pending,pending,,,0,,2026-04-13T15:35:44+00:00
run_20260413T113749Z,e7d5069bb71ba5901b90f6633eeee881db5643b9,PS-02_AIGR-S66270_NCIIPC_02_03_2026.xlsx,https://industrialhumanoid.com,https://industrialhumanoid.com,,,,,0,0,0,,,,,0,pending,pending,pending,pending,pending,pending,,,0,,2026-04-13T15:35:44+00:00
run_20260413T113749Z,0c23bdc061511eed41cfeb969fd92af316556176,PS-02_AIGR-S66270_NCIIPC_02_03_2026.xlsx,industrialironoak.com,https://industrialironoak.com,,,,,0,0,0,,,,,0,pending,pending,pending,pending,pending,pending,,,0,,2026-04-13T15:35:44+00:00
run_20260413T113749Z,3ff13cf5054377ddac6bc5d20b40ae6a8048d8b2,PS-02_AIGR-S66270_NCIIPC_02_03_2026.xlsx,https://industrialland.dev,https://industrialland.dev,,,,,0,0,0,,,,,0,pending,pending,pending,pending,pending,pending,,,0,,2026-04-13T15:35:44+00:00
run_20260413T113749Z,73ff015c14fefdc2265e3ee34df12a7c9dcc28da,PS-02_AIGR-S66270_NCIIPC_02_03_2026.xlsx,industrialny.pl,https://industrialny.pl,dns_gate,accepted,,,0,0,0,,ray-dns-gate,,,0,pending,pending,pending,pending,pending,pending,,,0,,2026-04-13T15:35:54+00:00
run_20260413T113749Z,aeefa24dc13e63add261be6a88e5711bacd20061,PS-02_AIGR-S66270_NCIIPC_02_03_2026.xlsx,industrialsanderbelts.com,https://industrialsanderbelts.com,dns_gate,registration_passthrough,dns_gate_no_answer,no A/AAAA answers for industrialsanderbelts.com,0,0,0,,ray-dns-gate,,,0,pending,pending,pending,pending,pending,pending,,dns_not_mapped_to_ip,0,,2026-04-13T15:35:54+00:00
run_20260413T113749Z,64d5a4b5762bbb24fd65c2df29ff58a7261a4fb9,PS-02_AIGR-S66270_NCIIPC_02_03_2026.xlsx,https://industriasdenim.com,https://industriasdenim.com,,,,,0,0,0,,,,,0,pending,pending,pending,pending,pending,pending,,,0,,2026-04-13T15:35:44+00:00
run_20260413T113749Z,11f06edf84bfb62d2395e80c05125daaccd0de01,PS-02_AIGR-S66270_NCIIPC_02_03_2026.xlsx,industrie-decor.com,https://industrie-decor.com,,,,,0,0,0,,,,,0,pending,pending,pending,pending,pending,pending,,,0,,2026-04-13T15:35:44+00:00
run_20260413T113749Z,ae63ea36fdfc5e0a3da00207c1f76d425d19fbfa,PS-02_AIGR-S66270_NCIIPC_02_03_2026.xlsx,industrie-dekor.com,https://industrie-dekor.com,,,,,0,0,0,,,,,0,pending,pending,pending,pending,pending,pending,,,0,,2026-04-13T15:35:44+00:00
run_20260413T113749Z,5b200942b1c9d3d242edc9f409b7cab61926a6d9,PS-02_AIGR-S66270_NCIIPC_02_03_2026.xlsx,industrie-intouch.com,https://industrie-intouch.com,,,,,0,0,0,,,,,0,pending,pending,pending,pending,pending,pending,,,0,,2026-04-13T15:35:44+00:00
run_20260413T113749Z,13d955e903f07fcf8028286a15b3c46cb54e45d6,PS-02_AIGR-S66270_NCIIPC_02_03_2026.xlsx,industriemodels.com,https://industriemodels.com,,,,,0,0,0,,,,,0,pending,pending,pending,pending,pending,pending,,,0,,2026-04-13T15:35:44+00:00
run_20260413T113749Z,0e2df12ab5615e386035b2315c6147248fddae23,PS-02_AIGR-S66270_NCIIPC_02_03_2026.xlsx,industrieosm.com,https://industrieosm.com,,,,,0,0,0,,,,,0,pending,pending,pending,pending,pending,pending,,,0,,2026-04-13T15:35:44+00:00
run_20260413T113749Z,d081d16f95bef94f4fdb8f0604f2b0e2d2509f49,PS-02_AIGR-S66270_NCIIPC_02_03_2026.xlsx,https://industryredy.com,https://industryredy.com,,,,,0,0,0,,,,,0,pending,pending,pending,pending,pending,pending,,,0,,2026-04-13T15:35:44+00:00
run_20260413T113749Z,8322a0746b158bd0f876883983f6f4811679555e,PS-02_AIGR-S66270_NCIIPC_02_03_2026.xlsx,inf0tech.com,https://inf0tech.com,,,,,0,0,0,,,,,0,pending,pending,pending,pending,pending,pending,,,0,,2026-04-13T15:35:44+00:00
run_20260413T113749Z,bb5ae77d82f627d73ac0d83a8dfe9e8c4c7c23c5,PS-02_AIGR-S66270_NCIIPC_02_03_2026.xlsx,inhouseind.com,https://inhouseind.com,,,,,0,0,0,,,,,0,pending,pending,pending,pending,pending,pending,,,0,,2026-04-13T15:35:44+00:00
run_20260413T113749Z,f8573dbb902307bc72f0d19da19b77429faee875,PS-02_AIGR-S66270_NCIIPC_02_03_2026.xlsx,inkedesignd.com,https://inkedesignd.com,,,,,0,0,0,,,,,0,pending,pending,pending,pending,pending,pending,,,0,,2026-04-13T15:35:44+00:00
run_20260413T113749Z,628b0f00bb14d4100f90ef2d6b7df9be652b3ca0,PS-02_AIGR-S66270_NCIIPC_02_03_2026.xlsx,inkmeta.com,https://inkmeta.com,,,,,0,0,0,,,,,0,pending,pending,pending,pending,pending,pending,,,0,,2026-04-13T15:35:44+00:00
run_20260413T113749Z,69a729417543610e84e591e1fc04b5fb25dc4793,PS-02_AIGR-S66270_NCIIPC_02_03_2026.xlsx,insround.com,https://insround.com,,,,,0,0,0,,,,,0,pending,pending,pending,pending,pending,pending,,,0,,2026-04-13T15:35:44+00:00
run_20260413T113749Z,ca1d1e31c1a6a3acfd6e65e40943e83f7fb2e761,PS-02_AIGR-S66270_NCIIPC_02_03_2026.xlsx,insurid.com,https://insurid.com,,,,,0,0,0,,,,,0,pending,pending,pending,pending,pending,pending,,,0,,2026-04-13T15:35:44+00:00
run_20260413T113749Z,7a363034525ad1987eb8dc9b8629f4f537f20819,PS-02_AIGR-S66270_NCIIPC_02_03_2026.xlsx,insurons.com,https://insurons.com,,,,,0,0,0,,,,,0,pending,pending,pending,pending,pending,pending,,,0,,2026-04-13T15:35:44+00:00
run_20260413T113749Z,8ee4ba9d6e59def6596a6bd19db2b29bf92f5140,PS-02_AIGR-S66270_NCIIPC_02_03_2026.xlsx,insuroq.com,https://insuroq.com,,,,,0,0,0,,,,,0,pending,pending,pending,pending,pending,pending,,,0,,2026-04-13T15:35:44+00:00
run_20260413T113749Z,e1f6418260612c74caf9c107db51a073bc88ed2f,PS-02_AIGR-S66270_NCIIPC_02_03_2026.xlsx,iotcloud.icu,https://iotcloud.icu,,,,,0,0,0,,,,,0,pending,pending,pending,pending,pending,pending,,,0,,2026-04-13T15:35:44+00:00
run_20260413T113749Z,aef722b122bf6a7ce7530bea25a4e0ee025094e6,PS-02_AIGR-S66270_NCIIPC_02_03_2026.xlsx,ipcci.click,https://ipcci.click,,,,,0,0,0,,,,,0,pending,pending,pending,pending,pending,pending,,,0,,2026-04-13T15:35:44+00:00
run_20260413T113749Z,adb3d86cae9543d3e491adf81ccb483ecd62769b,PS-02_AIGR-S66270_NCIIPC_02_03_2026.xlsx,irbis.land,https://irbis.land,,,,,0,0,0,,,,,0,pending,pending,pending,pending,pending,pending,,,0,,2026-04-13T15:35:44+00:00
run_20260413T113749Z,a32cc580d63bc8b36e8396a36d6b9de6f9bbc262,PS-02_AIGR-S66270_NCIIPC_02_03_2026.xlsx,ircbc.click,https://ircbc.click,,,,,0,0,0,,,,,0,pending,pending,pending,pending,pending,pending,,,0,,2026-04-13T15:35:44+00:00
run_20260413T113749Z,cef25d8084c5be8d6d320c9ea43884078ca23cc1,PS-02_AIGR-S66270_NCIIPC_02_03_2026.xlsx,irccj.click,https://irccj.click,,,,,0,0,0,,,,,0,pending,pending,pending,pending,pending,pending,,,0,,2026-04-13T15:35:44+00:00
run_20260413T113749Z,12807c02530b6f5d10ae8aa6d5f53534c22ed7fb,PS-02_AIGR-S66270_NCIIPC_02_03_2026.xlsx,ircindia.com,https://ircindia.com,,,,,0,0,0,,,,,0,pending,pending,pending,pending,pending,pending,,,0,,2026-04-13T15:35:44+00:00
run_20260413T113749Z,020ee759817ae1d5eef86e6dd33f2604c874235d,PS-02_AIGR-S66270_NCIIPC_02_03_2026.xlsx,iridan.com,https://iridan.com,,,,,0,0,0,,,,,0,pending,pending,pending,pending,pending,pending,,,0,,2026-04-13T15:35:44+00:00
run_20260413T113749Z,ec6e29d79502ae927bd04a96d6bab58db19ede81,PS-02_AIGR-S66270_NCIIPC_02_03_2026.xlsx,irini.design,https://irini.design,,,,,0,0,0,,,,,0,pending,pending,pending,pending,pending,pending,,,0,,2026-04-13T15:35:44+00:00
run_20260413T113749Z,340a942c358907fcc3f218ef660599e0e592a14c,PS-02_AIGR-S66270_NCIIPC_02_03_2026.xlsx,irise.one,https://irise.one,,,,,0,0,0,,,,,0,pending,pending,pending,pending,pending,pending,,,0,,2026-04-13T15:35:44+00:00
run_20260413T113749Z,49c41097958bd2b3003e5fe1f258b585810934f3,PS-02_AIGR-S66270_NCIIPC_02_03_2026.xlsx,iriso.shop,https://iriso.shop,,,,,0,0,0,,,,,0,pending,pending,pending,pending,pending,pending,,,0,,2026-04-13T15:35:44+00:00
run_20260413T113749Z,c9b293ad2a7c5149dd8d8d3ed69ce75f0cd03347,PS-02_AIGR-S66270_NCIIPC_02_03_2026.xlsx,https://ironclaw.ca,https://ironclaw.ca,,,,,0,0,0,,,,,0,pending,pending,pending,pending,pending,pending,,,0,,2026-04-13T15:35:44+00:00
run_20260413T113749Z,858e23a141125dba91d8d8103d75e50646fdae86,PS-02_AIGR-S66270_NCIIPC_02_03_2026.xlsx,isac.dev,https://isac.dev,,,,,0,0,0,,,,,0,pending,pending,pending,pending,pending,pending,,,0,,2026-04-13T15:35:44+00:00
run_20260413T113749Z,29065b37342bde659cb01b804cfb9ffd5a3fc3fc,PS-02_AIGR-S66270_NCIIPC_02_03_2026.xlsx,iscgroup.co.ke,https://iscgroup.co.ke,,,,,0,0,0,,,,,0,pending,pending,pending,pending,pending,pending,,,0,,2026-04-13T15:35:44+00:00
run_20260413T113749Z,1e33270d47c598df87ddf8d6bec87f8718c7d461,PS-02_AIGR-S66270_NCIIPC_02_03_2026.xlsx,ishr-o365.com,https://ishr-o365.com,,,,,0,0,0,,,,,0,pending,pending,pending,pending,pending,pending,,,0,,2026-04-13T15:35:44+00:00
run_20260413T113749Z,47c60486292bd11af241dd0e4fb8ceec0683fe3f,PS-02_AIGR-S66270_NCIIPC_02_03_2026.xlsx,https://isocalcx.ch,https://isocalcx.ch,,,,,0,0,0,,,,,0,pending,pending,pending,pending,pending,pending,,,0,,2026-04-13T15:35:44+00:00
run_20260413T113749Z,9fe18e01daa7ebff13bf9e9f64a7a187c3379d75,PS-02_AIGR-S66270_NCIIPC_02_03_2026.xlsx,israel2025.com,https://israel2025.com,,,,,0,0,0,,,,,0,pending,pending,pending,pending,pending,pending,,,0,,2026-04-13T15:35:44+00:00
run_20260413T113749Z,d2f7aba4c3e3b0e7029e08738f4186c5edbf9b37,PS-02_AIGR-S66270_NCIIPC_02_03_2026.xlsx,israelponte.xyz,https://israelponte.xyz,,,,,0,0,0,,,,,0,pending,pending,pending,pending,pending,pending,,,0,,2026-04-13T15:35:44+00:00
run_20260413T113749Z,d53260b12f48e8cc52bd50e2a153c31265bf0a10,PS-02_AIGR-S66270_NCIIPC_02_03_2026.xlsx,israelpost.xyz,https://israelpost.xyz,,,,,0,0,0,,,,,0,pending,pending,pending,pending,pending,pending,,,0,,2026-04-13T15:35:44+00:00
run_20260413T113749Z,e94625126bd177130366522bcef3abb63567ff95,PS-02_AIGR-S66270_NCIIPC_02_03_2026.xlsx,isrodeal.com,https://isrodeal.com,,,,,0,0,0,,,,,0,pending,pending,pending,pending,pending,pending,,,0,,2026-04-13T15:35:44+00:00
run_20260413T113749Z,e3b17b81e67dcdf9d4d0d1b85745d3fc3e511ee8,PS-02_AIGR-S66270_NCIIPC_02_03_2026.xlsx,itcloud.sbs,https://itcloud.sbs,,,,,0,0,0,,,,,0,pending,pending,pending,pending,pending,pending,,,0,,2026-04-13T15:35:44+00:00
run_20260413T113749Z,af519e8c6c1d01a686b8486f6e89ef14a63244cf,PS-02_AIGR-S66270_NCIIPC_02_03_2026.xlsx,itcloudx.com,https://itcloudx.com,,,,,0,0,0,,,,,0,pending,pending,pending,pending,pending,pending,,,0,,2026-04-13T15:35:44+00:00
run_20260413T113749Z,0091cfd754377888e15d6ec0cc0161e03a11322f,PS-02_AIGR-S66270_NCIIPC_02_03_2026.xlsx,iuntech.com,https://iuntech.com,dns_gate,accepted,,,0,0,0,,ray-dns-gate,,,0,pending,pending,pending,pending,pending,pending,,,0,,2026-04-13T15:35:54+00:00
run_20260413T113749Z,709b45ce0ad66f2fab61a85730fc74519f3b074d,PS-02_AIGR-S66270_NCIIPC_02_03_2026.xlsx,iusr.dev,https://iusr.dev,,,,,0,0,0,,,,,0,pending,pending,pending,pending,pending,pending,,,0,,2026-04-13T15:35:44+00:00
run_20260413T113749Z,2a515836ae003a23d68c6609fcf07f71176a7f51,PS-02_AIGR-S66270_NCIIPC_02_03_2026.xlsx,https://iuwebmail.com,https://iuwebmail.com,,,,,0,0,0,,,,,0,pending,pending,pending,pending,pending,pending,,,0,,2026-04-13T15:35:44+00:00
run_20260413T113749Z,a9d53efa1f87174c7fe93a836d9107959e1be015,PS-02_AIGR-S66270_NCIIPC_02_03_2026.xlsx,ixdai.com,https://ixdai.com,,,,,0,0,0,,,,,0,pending,pending,pending,pending,pending,pending,,,0,,2026-04-13T15:35:44+00:00
run_20260413T113749Z,c67d269bfafc0616db0fc96cb87b4c5fa91126f0,PS-02_AIGR-S66270_NCIIPC_02_03_2026.xlsx,jbliot.com,https://jbliot.com,,,,,0,0,0,,,,,0,pending,pending,pending,pending,pending,pending,,,0,,2026-04-13T15:35:44+00:00
run_20260413T113749Z,99d8f9ca3ca4376cf7978b4b4f12517b3d5fff54,PS-02_AIGR-S66270_NCIIPC_02_03_2026.xlsx,jiazoc.beauty,https://jiazoc.beauty,,,,,0,0,0,,,,,0,pending,pending,pending,pending,pending,pending,,,0,,2026-04-13T15:35:44+00:00
run_20260413T113749Z,8e3e3d75b090c96afa136884582e7910a2e4957f,PS-02_AIGR-S66270_NCIIPC_02_03_2026.xlsx,jidoka.com,https://jidoka.com,,,,,0,0,0,,,,,0,pending,pending,pending,pending,pending,pending,,,0,,2026-04-13T15:35:44+00:00
run_20260413T113749Z,45aabb32ef960aa9fce08a5d79d70a4343ee4f79,PS-02_AIGR-S66270_NCIIPC_02_03_2026.xlsx,jimtor.com,https://jimtor.com,dns_gate,accepted,,,0,0,0,,ray-dns-gate,,,0,pending,pending,pending,pending,pending,pending,,,0,,2026-04-13T15:35:54+00:00
run_20260413T113749Z,cca7edb3a5e3af436a8e4a1826ec66c27dda172e,PS-02_AIGR-S66270_NCIIPC_02_03_2026.xlsx,jincoz.cloud,https://jincoz.cloud,,,,,0,0,0,,,,,0,pending,pending,pending,pending,pending,pending,,,0,,2026-04-13T15:35:44+00:00
run_20260413T113749Z,d68f75bab5a8388af325affa635e3fc2faac7337,PS-02_AIGR-S66270_NCIIPC_02_03_2026.xlsx,jinmoa.com,https://jinmoa.com,,,,,0,0,0,,,,,0,pending,pending,pending,pending,pending,pending,,,0,,2026-04-13T15:35:44+00:00
run_20260413T113749Z,cfd8395319f1b30c49aee5c3b15623096c897b6f,PS-02_AIGR-S66270_NCIIPC_02_03_2026.xlsx,jio365.store,https://jio365.store,,,,,0,0,0,,,,,0,pending,pending,pending,pending,pending,pending,,,0,,2026-04-13T15:35:44+00:00
run_20260413T113749Z,21f10f66bcd505843235277c31eec095af3d3a41,PS-02_AIGR-S66270_NCIIPC_02_03_2026.xlsx,https://jiodigid.biz,https://jiodigid.biz,,,,,0,0,0,,,,,0,pending,pending,pending,pending,pending,pending,,,0,,2026-04-13T15:35:44+00:00
run_20260413T113749Z,321092e12eace4284396b6eeb7cc5d639508e95a,PS-02_AIGR-S66270_NCIIPC_02_03_2026.xlsx,jioepay.biz,https://jioepay.biz,,,,,0,0,0,,,,,0,pending,pending,pending,pending,pending,pending,,,0,,2026-04-13T15:35:44+00:00
run_20260413T113749Z,4608d28d1d4c5f3e50f146e17a3e16c6bc23aa13,PS-02_AIGR-S66270_NCIIPC_02_03_2026.xlsx,jioepay.com,https://jioepay.com,,,,,0,0,0,,,,,0,pending,pending,pending,pending,pending,pending,,,0,,2026-04-13T15:35:44+00:00
run_20260413T113749Z,41ce76243d4b9faa658d1fee897f814188999082,PS-02_AIGR-S66270_NCIIPC_02_03_2026.xlsx,jiongdao.com,https://jiongdao.com,,,,,0,0,0,,,,,0,pending,pending,pending,pending,pending,pending,,,0,,2026-04-13T15:35:44+00:00
run_20260413T113749Z,c4a68343419b7fdfe9c8f0aaeef369eae7a90bab,PS-02_AIGR-S66270_NCIIPC_02_03_2026.xlsx,https://jionx.com,https://jionx.com,,,,,0,0,0,,,,,0,pending,pending,pending,pending,pending,pending,,,0,,2026-04-13T15:35:44+00:00
run_20260413T113749Z,5a3b1dbb515d048f6fd9d8b701b49f2db826bd08,PS-02_AIGR-S66270_NCIIPC_02_03_2026.xlsx,jioushin.com,https://jioushin.com,,,,,0,0,0,,,,,0,pending,pending,pending,pending,pending,pending,,,0,,2026-04-13T15:35:44+00:00
run_20260413T113749Z,b534a98aa9d9a2a5a5738a50585f1f588882eab2,PS-02_AIGR-S66270_NCIIPC_02_03_2026.xlsx,jiovani.com,https://jiovani.com,,,,,0,0,0,,,,,0,pending,pending,pending,pending,pending,pending,,,0,,2026-04-13T15:35:44+00:00
run_20260413T113749Z,b97a6ca6e65b9a7f123f71b305e273cffe1a85bc,PS-02_AIGR-S66270_NCIIPC_02_03_2026.xlsx,jioworkz.com,https://jioworkz.com,,,,,0,0,0,,,,,0,pending,pending,pending,pending,pending,pending,,,0,,2026-04-13T15:35:44+00:00
run_20260413T113749Z,ca436b5ce9d1cf4f7df5a3d290a2b8ec0092eda2,PS-02_AIGR-S66270_NCIIPC_02_03_2026.xlsx,jiwon.zone,https://jiwon.zone,,,,,0,0,0,,,,,0,pending,pending,pending,pending,pending,pending,,,0,,2026-04-13T15:35:44+00:00
run_20260413T113749Z,25628bef10ca05a0fcd56cf39193bddc6ec15358,PS-02_AIGR-S66270_NCIIPC_02_03_2026.xlsx,jixnov.com,https://jixnov.com,dns_gate,registration_passthrough,dns_gate_no_answer,no A/AAAA answers for jixnov.com,0,0,0,,ray-dns-gate,,,0,pending,pending,pending,pending,pending,pending,,dns_not_mapped_to_ip,0,,2026-04-13T15:35:54+00:00
run_20260413T113749Z,e44541959fa6cff88660b1f03bbec29d48702c80,PS-02_AIGR-S66270_NCIIPC_02_03_2026.xlsx,jkliop.com,https://jkliop.com,,,,,0,0,0,,,,,0,pending,pending,pending,pending,pending,pending,,,0,,2026-04-13T15:35:44+00:00
run_20260413T113749Z,0ec5c1ff10888ea6c824613bbbb7078300596830,PS-02_AIGR-S66270_NCIIPC_02_03_2026.xlsx,jwaion.com,https://jwaion.com,,,,,0,0,0,,,,,0,pending,pending,pending,pending,pending,pending,,,0,,2026-04-13T15:35:44+00:00
run_20260413T113749Z,2043e0ca163a84fbf952f11402b18da7112471a2,PS-02_AIGR-S66270_NCIIPC_02_03_2026.xlsx,jwaion.info,https://jwaion.info,,,,,0,0,0,,,,,0,pending,pending,pending,pending,pending,pending,,,0,,2026-04-13T15:35:44+00:00
run_20260413T113749Z,5463e4355ac079c3dedd23f7e0a522d1dfc0de52,PS-02_AIGR-S66270_NCIIPC_02_03_2026.xlsx,jxccloud.com,https://jxccloud.com,,,,,0,0,0,,,,,0,pending,pending,pending,pending,pending,pending,,,0,,2026-04-13T15:35:44+00:00
run_20260413T113749Z,072cae762b31a20966fc61607607ed324c18465c,PS-02_AIGR-S66270_NCIIPC_02_03_2026.xlsx,https://jycloud.icu,https://jycloud.icu,,,,,0,0,0,,,,,0,pending,pending,pending,pending,pending,pending,,,0,,2026-04-13T15:35:44+00:00
run_20260413T113749Z,5b3dfc436a5c4bfd6bbfdd149b771d007055c610,PS-02_AIGR-S66270_NCIIPC_02_03_2026.xlsx,kaicloud.xyz,https://kaicloud.xyz,,,,,0,0,0,,,,,0,pending,pending,pending,pending,pending,pending,,,0,,2026-04-13T15:35:44+00:00
run_20260413T113749Z,4b07d97dfaf42b66476548337412b1de2e850e84,PS-02_AIGR-S66270_NCIIPC_02_03_2026.xlsx,kainadytech.com,https://kainadytech.com,,,,,0,0,0,,,,,0,pending,pending,pending,pending,pending,pending,,,0,,2026-04-13T15:35:44+00:00
run_20260413T113749Z,c266c9f8a9cdf002089720ad07e58a8a20ad9e90,PS-02_AIGR-S66270_NCIIPC_02_03_2026.xlsx,kcloude.ru,https://kcloude.ru,,,,,0,0,0,,,,,0,pending,pending,pending,pending,pending,pending,,,0,,2026-04-13T15:35:44+00:00
run_20260413T113749Z,bccc53bca2327f52cc3ef50260dd7ade29bdd2b4,PS-02_AIGR-S66270_NCIIPC_02_03_2026.xlsx,keitech.xyz,https://keitech.xyz,dns_gate,registration_passthrough,dns_gate_no_answer,no A/AAAA answers for keitech.xyz,0,0,0,,ray-dns-gate,,,0,pending,pending,pending,pending,pending,pending,,dns_not_mapped_to_ip,0,,2026-04-13T15:35:54+00:00
run_20260413T113749Z,ffcd7752635a1e9f76744ca1d7206ccd855cebd8,PS-02_AIGR-S66270_NCIIPC_02_03_2026.xlsx,kfina.com,https://kfina.com,,,,,0,0,0,,,,,0,pending,pending,pending,pending,pending,pending,,,0,,2026-04-13T15:35:44+00:00
run_20260413T113749Z,1e7fb25820ab9d6a3d0c7c445513b7828554d67f,PS-02_AIGR-S66270_NCIIPC_02_03_2026.xlsx,kinevtech.com,https://kinevtech.com,,,,,0,0,0,,,,,0,pending,pending,pending,pending,pending,pending,,,0,,2026-04-13T15:35:44+00:00
run_20260413T113749Z,095b04276bbacde377024ffdbe3c5d659953e6ea,PS-02_AIGR-S66270_NCIIPC_02_03_2026.xlsx,kitech4.com,https://kitech4.com,,,,,0,0,0,,,,,0,pending,pending,pending,pending,pending,pending,,,0,,2026-04-13T15:35:44+00:00
run_20260413T113749Z,12fbc3846520857a9e626ec9b0c78a02c63784a9,PS-02_AIGR-S66270_NCIIPC_02_03_2026.xlsx,kiwanotech.com,https://kiwanotech.com,,,,,0,0,0,,,,,0,pending,pending,pending,pending,pending,pending,,,0,,2026-04-13T15:35:44+00:00
run_20260413T113749Z,0da2069ab374f66933177753cd4a324c5855ed32,PS-02_AIGR-S66270_NCIIPC_02_03_2026.xlsx,koadingtech.com,https://koadingtech.com,,,,,0,0,0,,,,,0,pending,pending,pending,pending,pending,pending,,,0,,2026-04-13T15:35:44+00:00
run_20260413T113749Z,45450783c5068b6edaa52327f4745952b281ea07,PS-02_AIGR-S66270_NCIIPC_02_03_2026.xlsx,konytech.com,https://konytech.com,,,,,0,0,0,,,,,0,pending,pending,pending,pending,pending,pending,,,0,,2026-04-13T15:35:44+00:00
run_20260413T113749Z,d20b88b3ca9267591499c2996f9ad4a9ace4f7fa,PS-02_AIGR-S66270_NCIIPC_02_03_2026.xlsx,krbig.com,https://krbig.com,,,,,0,0,0,,,,,0,pending,pending,pending,pending,pending,pending,,,0,,2026-04-13T15:35:44+00:00
run_20260413T113749Z,8568c065fc091a59b27df6c346ed85bc183ce6c1,PS-02_AIGR-S66270_NCIIPC_02_03_2026.xlsx,https://krebsiti.com,https://krebsiti.com,,,,,0,0,0,,,,,0,pending,pending,pending,pending,pending,pending,,,0,,2026-04-13T15:35:44+00:00
run_20260413T113749Z,8228003af2e0a46c7d436bbf8f76d183dfb91517,PS-02_AIGR-S66270_NCIIPC_02_03_2026.xlsx,ktech.systems,https://ktech.systems,,,,,0,0,0,,,,,0,pending,pending,pending,pending,pending,pending,,,0,,2026-04-13T15:35:44+00:00
run_20260413T113749Z,f173c1c60e6f8193285a09799fa25f5da515d9e7,PS-02_AIGR-S66270_NCIIPC_02_03_2026.xlsx,kubicard.com,https://kubicard.com,,,,,0,0,0,,,,,0,pending,pending,pending,pending,pending,pending,,,0,,2026-04-13T15:35:44+00:00
run_20260413T113749Z,5fa2512703a092b3298360192944cd73d2c5ecb9,PS-02_AIGR-S66270_NCIIPC_02_03_2026.xlsx,kunjtech.xyz,https://kunjtech.xyz,,,,,0,0,0,,,,,0,pending,pending,pending,pending,pending,pending,,,0,,2026-04-13T15:35:44+00:00
run_20260413T113749Z,17ddce22af422089ade521a2b14c18983b841d56,PS-02_AIGR-S66270_NCIIPC_02_03_2026.xlsx,labsonline.xyz,https://labsonline.xyz,,,,,0,0,0,,,,,0,pending,pending,pending,pending,pending,pending,,,0,,2026-04-13T15:35:44+00:00
run_20260413T113749Z,606c1ab4e4461e4478993964aaac36ac85a52cac,PS-02_AIGR-S66270_NCIIPC_02_03_2026.xlsx,https://lorud.com,https://lorud.com,,,,,0,0,0,,,,,0,pending,pending,pending,pending,pending,pending,,,0,,2026-04-13T15:35:44+00:00
run_20260413T113749Z,196958d0ba993e08df01908c0c834ac55c479245,PS-02_AIGR-S66270_NCIIPC_02_03_2026.xlsx,lou.beauty,https://lou.beauty,,,,,0,0,0,,,,,0,pending,pending,pending,pending,pending,pending,,,0,,2026-04-13T15:35:44+00:00
run_20260413T113749Z,5e2db5e3f681a03894b59d2a4d7f094006e5245a,PS-02_AIGR-S66270_NCIIPC_02_03_2026.xlsx,lou.moscow,https://lou.moscow,,,,,0,0,0,,,,,0,pending,pending,pending,pending,pending,pending,,,0,,2026-04-13T15:35:44+00:00
run_20260413T113749Z,a01377d654113666eb65b85c0983cf142cf726e2,PS-02_AIGR-S66270_NCIIPC_02_03_2026.xlsx,maonline1.xyz,https://maonline1.xyz,,,,,0,0,0,,,,,0,pending,pending,pending,pending,pending,pending,,,0,,2026-04-13T15:35:44+00:00
run_20260413T113749Z,c2f6e47d4fc24e9aecb280c6aa8a90f55379bc13,PS-02_AIGR-S66270_NCIIPC_02_03_2026.xlsx,masonine.live,https://masonine.live,,,,,0,0,0,,,,,0,pending,pending,pending,pending,pending,pending,,,0,,2026-04-13T15:35:44+00:00
run_20260413T113749Z,f5f047e1500bacacc8788fddba2a467e58604c24,PS-02_AIGR-S66270_NCIIPC_02_03_2026.xlsx,https://mavi.network,https://mavi.network,,,,,0,0,0,,,,,0,pending,pending,pending,pending,pending,pending,,,0,,2026-04-13T15:35:44+00:00
run_20260413T113749Z,9b139d6f50b21c5fa5fc207a5961583552749a6b,PS-02_AIGR-S66270_NCIIPC_02_03_2026.xlsx,miatmongolianairlines.net.ru,https://miatmongolianairlines.net.ru,,,,,0,0,0,,,,,0,pending,pending,pending,pending,pending,pending,,,0,,2026-04-13T15:35:44+00:00
run_20260413T113749Z,6022200363475c4f075b6c2dae67e5f49b68c4ce,PS-02_AIGR-S66270_NCIIPC_02_03_2026.xlsx,mispro.asia,https://mispro.asia,,,,,0,0,0,,,,,0,pending,pending,pending,pending,pending,pending,,,0,,2026-04-13T15:35:44+00:00
run_20260413T113749Z,dba693bf4ab1d36c8b3ccc3b6f3ec65cea87143b,PS-02_AIGR-S66270_NCIIPC_02_03_2026.xlsx,mnham.com,https://mnham.com,,,,,0,0,0,,,,,0,pending,pending,pending,pending,pending,pending,,,0,,2026-04-13T15:35:44+00:00
run_20260413T113749Z,e3cc0f3b3a04aab0b03e949a6fcdc3d188a72917,PS-02_AIGR-S66270_NCIIPC_02_03_2026.xlsx,momicloud.com,https://momicloud.com,,,,,0,0,0,,,,,0,pending,pending,pending,pending,pending,pending,,,0,,2026-04-13T15:35:44+00:00
run_20260413T113749Z,7521331072fa723a9a888896a4597782b748827c,PS-02_AIGR-S66270_NCIIPC_02_03_2026.xlsx,moneyvit.com,https://moneyvit.com,,,,,0,0,0,,,,,0,pending,pending,pending,pending,pending,pending,,,0,,2026-04-13T15:35:44+00:00
run_20260413T113749Z,52298f68dae6d49b86c645606a4e57dbcb0a1dc6,PS-02_AIGR-S66270_NCIIPC_02_03_2026.xlsx,moodcloud.xyz,https://moodcloud.xyz,,,,,0,0,0,,,,,0,pending,pending,pending,pending,pending,pending,,,0,,2026-04-13T15:35:44+00:00
run_20260413T113749Z,2ee416ccd300b743792c993bd98f96a2c78def73,PS-02_AIGR-S66270_NCIIPC_02_03_2026.xlsx,mosaicsecurities.com,https://mosaicsecurities.com,,,,,0,0,0,,,,,0,pending,pending,pending,pending,pending,pending,,,0,,2026-04-13T15:35:44+00:00
run_20260413T113749Z,9626102f930064754d93af08693f6f21b60f4eef,PS-02_AIGR-S66270_NCIIPC_02_03_2026.xlsx,https://mponline.biz,https://mponline.biz,,,,,0,0,0,,,,,0,pending,pending,pending,pending,pending,pending,,,0,,2026-04-13T15:35:44+00:00
run_20260413T113749Z,2d26ae59ca74bbaa0e0c8d6adf91f8d69ed1555c,PS-02_AIGR-S66270_NCIIPC_02_03_2026.xlsx,mpyv.com,https://mpyv.com,,,,,0,0,0,,,,,0,pending,pending,pending,pending,pending,pending,,,0,,2026-04-13T15:35:44+00:00
run_20260413T113749Z,13d901b2379963f44c0c33ee3675f8b8f0a44b70,PS-02_AIGR-S66270_NCIIPC_02_03_2026.xlsx,mvincometax.com,https://mvincometax.com,,,,,0,0,0,,,,,0,pending,pending,pending,pending,pending,pending,,,0,,2026-04-13T15:35:44+00:00
run_20260413T113749Z,5c49b0a15717028c079aace96c840297e4bb3d84,PS-02_AIGR-S66270_NCIIPC_02_03_2026.xlsx,mvydi.gs,https://mvydi.gs,,,,,0,0,0,,,,,0,pending,pending,pending,pending,pending,pending,,,0,,2026-04-13T15:35:44+00:00
run_20260413T113749Z,c0514559d29bf17f6f918525a168862614bb3c01,PS-02_AIGR-S66270_NCIIPC_02_03_2026.xlsx,my1i.com,https://my1i.com,,,,,0,0,0,,,,,0,pending,pending,pending,pending,pending,pending,,,0,,2026-04-13T15:35:44+00:00
run_20260413T113749Z,5e26b377635a84bca2ee6c9e77958c2f4a2baa49,PS-02_AIGR-S66270_NCIIPC_02_03_2026.xlsx,myasvi.com,https://myasvi.com,,,,,0,0,0,,,,,0,pending,pending,pending,pending,pending,pending,,,0,,2026-04-13T15:35:44+00:00
run_20260413T113749Z,3a6e10934e4aa66b734dc671de43836c72e19914,PS-02_AIGR-S66270_NCIIPC_02_03_2026.xlsx,mybviajes.com,https://mybviajes.com,,,,,0,0,0,,,,,0,pending,pending,pending,pending,pending,pending,,,0,,2026-04-13T15:35:44+00:00
run_20260413T113749Z,f6d09d1485347ac9d72575115477d5b29b079aec,PS-02_AIGR-S66270_NCIIPC_02_03_2026.xlsx,myclouddb.com,https://myclouddb.com,,,,,0,0,0,,,,,0,pending,pending,pending,pending,pending,pending,,,0,,2026-04-13T15:35:44+00:00
run_20260413T113749Z,6e7fee5f2fb02d5b3560036493b01eb439b01a43,PS-02_AIGR-S66270_NCIIPC_02_03_2026.xlsx,myer-vip3.icu,https://myer-vip3.icu,,,,,0,0,0,,,,,0,pending,pending,pending,pending,pending,pending,,,0,,2026-04-13T15:35:44+00:00
run_20260413T113749Z,3b59ab67e5963f0cf78e76d5ce8dff8f419d540d,PS-02_AIGR-S66270_NCIIPC_02_03_2026.xlsx,myvapecity.com,https://myvapecity.com,,,,,0,0,0,,,,,0,pending,pending,pending,pending,pending,pending,,,0,,2026-04-13T15:35:44+00:00
run_20260413T113749Z,86188d0c637e9711bdcd3bc2d81027e2c9dd00be,PS-02_AIGR-S66270_NCIIPC_02_03_2026.xlsx,myvedicvibe.com,https://myvedicvibe.com,,,,,0,0,0,,,,,0,pending,pending,pending,pending,pending,pending,,,0,,2026-04-13T15:35:44+00:00
run_20260413T113749Z,aa647a3601f533daa7464d52f3ce00b49bc2126b,PS-02_AIGR-S66270_NCIIPC_02_03_2026.xlsx,myvelocity.website,https://myvelocity.website,,,,,0,0,0,,,,,0,pending,pending,pending,pending,pending,pending,,,0,,2026-04-13T15:35:44+00:00
run_20260413T113749Z,98e05833042d33752ae75752ed5de7e3d413573a,PS-02_AIGR-S66270_NCIIPC_02_03_2026.xlsx,myviasefurla.com,https://myviasefurla.com,,,,,0,0,0,,,,,0,pending,pending,pending,pending,pending,pending,,,0,,2026-04-13T15:35:44+00:00
run_20260413T113749Z,a4ad1de750fa67b02aa2ceb2457a0349993e3d53,PS-02_AIGR-S66270_NCIIPC_02_03_2026.xlsx,myvibes.com,https://myvibes.com,,,,,0,0,0,,,,,0,pending,pending,pending,pending,pending,pending,,,0,,2026-04-13T15:35:44+00:00
run_20260413T113749Z,c96a712c7209868fd403ee04ae109d44041a227d,PS-02_AIGR-S66270_NCIIPC_02_03_2026.xlsx,myviettelvn.click,https://myviettelvn.click,,,,,0,0,0,,,,,0,pending,pending,pending,pending,pending,pending,,,0,,2026-04-13T15:35:44+00:00
run_20260413T113749Z,3697f31ef0ec9f612fa9af1f8095e03d97158a7d,PS-02_AIGR-S66270_NCIIPC_02_03_2026.xlsx,myvillagelovesme.com,https://myvillagelovesme.com,,,,,0,0,0,,,,,0,pending,pending,pending,pending,pending,pending,,,0,,2026-04-13T15:35:44+00:00
run_20260413T113749Z,9763f0cf0c84494b51f86779f9ab5eabb02ba23d,PS-02_AIGR-S66270_NCIIPC_02_03_2026.xlsx,myviorashop.com,https://myviorashop.com,,,,,0,0,0,,,,,0,pending,pending,pending,pending,pending,pending,,,0,,2026-04-13T15:35:44+00:00
run_20260413T113749Z,5fc33ee6d109bbd49a45032e40ea5f9fb380d4ee,PS-02_AIGR-S66270_NCIIPC_02_03_2026.xlsx,myviptv.xyz,https://myviptv.xyz,,,,,0,0,0,,,,,0,pending,pending,pending,pending,pending,pending,,,0,,2026-04-13T15:35:44+00:00
run_20260413T113749Z,502abd51965220f5433e1a1c550b3e477b102b8c,PS-02_AIGR-S66270_NCIIPC_02_03_2026.xlsx,myviralmailer.com,https://myviralmailer.com,dns_gate,accepted,,,0,0,0,,ray-dns-gate,,,0,pending,pending,pending,pending,pending,pending,,,0,,2026-04-13T15:35:54+00:00
run_20260413T113749Z,9db7a0265e2c5f661ea98f69c0ff6631783f7ed7,PS-02_AIGR-S66270_NCIIPC_02_03_2026.xlsx,myvireo.com,https://myvireo.com,,,,,0,0,0,,,,,0,pending,pending,pending,pending,pending,pending,,,0,,2026-04-13T15:35:44+00:00
run_20260413T113749Z,7cfa5a82e14e444bb86ad7f589c652f272c1b2e0,PS-02_AIGR-S66270_NCIIPC_02_03_2026.xlsx,https://myvirtualbuddy.chat,https://myvirtualbuddy.chat,,,,,0,0,0,,,,,0,pending,pending,pending,pending,pending,pending,,,0,,2026-04-13T15:35:44+00:00
run_20260413T113749Z,e8ab9b56a2a2213cf17250286d5a10ea6dc29ac7,PS-02_AIGR-S66270_NCIIPC_02_03_2026.xlsx,myvirtusinc.com,https://myvirtusinc.com,dns_gate,accepted,,,0,0,0,,ray-dns-gate,,,0,pending,pending,pending,pending,pending,pending,,,0,,2026-04-13T15:35:54+00:00
run_20260413T113749Z,1a903a777f7fd51253e8a5d2dfc1e0a92383a546,PS-02_AIGR-S66270_NCIIPC_02_03_2026.xlsx,myvisionneeds.com,https://myvisionneeds.com,,,,,0,0,0,,,,,0,pending,pending,pending,pending,pending,pending,,,0,,2026-04-13T15:35:44+00:00
run_20260413T113749Z,e3d67dedf76d2f25435cae7ee0887f5f530be941,PS-02_AIGR-S66270_NCIIPC_02_03_2026.xlsx,myvisionof.com,https://myvisionof.com,,,,,0,0,0,,,,,0,pending,pending,pending,pending,pending,pending,,,0,,2026-04-13T15:35:44+00:00
run_20260413T113749Z,e4fb764ccbd513c8209dd3952b43cd3c1b9c2373,PS-02_AIGR-S66270_NCIIPC_02_03_2026.xlsx,myvisionritual.com,https://myvisionritual.com,,,,,0,0,0,,,,,0,pending,pending,pending,pending,pending,pending,,,0,,2026-04-13T15:35:44+00:00
run_20260413T113749Z,f841b0cb84b5a31bf771b4d41e18e293a55ae111,PS-02_AIGR-S66270_NCIIPC_02_03_2026.xlsx,myvisionservices.com,https://myvisionservices.com,,,,,0,0,0,,,,,0,pending,pending,pending,pending,pending,pending,,,0,,2026-04-13T15:35:44+00:00
run_20260413T113749Z,e9ad8589dea993f6f1437b685fc6b313803292a0,PS-02_AIGR-S66270_NCIIPC_02_03_2026.xlsx,myvisionshopping.com,https://myvisionshopping.com,,,,,0,0,0,,,,,0,pending,pending,pending,pending,pending,pending,,,0,,2026-04-13T15:35:44+00:00
run_20260413T113749Z,7a0fea2ee30faa319edd34f7e6ec674e26870b36,PS-02_AIGR-S66270_NCIIPC_02_03_2026.xlsx,myvistarahr.com,https://myvistarahr.com,,,,,0,0,0,,,,,0,pending,pending,pending,pending,pending,pending,,,0,,2026-04-13T15:35:44+00:00
run_20260413T113749Z,e5aec05329fef376dd8ccd103dce908f081ccfae,PS-02_AIGR-S66270_NCIIPC_02_03_2026.xlsx,myvitajourneys.com,https://myvitajourneys.com,,,,,0,0,0,,,,,0,pending,pending,pending,pending,pending,pending,,,0,,2026-04-13T15:35:44+00:00
run_20260413T113749Z,dee3363f865addbe96e7b6c657cbe5cd14de00e8,PS-02_AIGR-S66270_NCIIPC_02_03_2026.xlsx,myvitalearthist.com,https://myvitalearthist.com,,,,,0,0,0,,,,,0,pending,pending,pending,pending,pending,pending,,,0,,2026-04-13T15:35:44+00:00
run_20260413T113749Z,55d71000d1b4ec573d0451db99a3a1dacfdcebc1,PS-02_AIGR-S66270_NCIIPC_02_03_2026.xlsx,myvitaltag.com,https://myvitaltag.com,,,,,0,0,0,,,,,0,pending,pending,pending,pending,pending,pending,,,0,,2026-04-13T15:35:44+00:00
run_20260413T113749Z,cde29e634bfc4e4141c86c5f935f8cbd7cc4d7e1,PS-02_AIGR-S66270_NCIIPC_02_03_2026.xlsx,myvito.com,https://myvito.com,,,,,0,0,0,,,,,0,pending,pending,pending,pending,pending,pending,,,0,,2026-04-13T15:35:44+00:00
run_20260413T113749Z,44141cc489cb8626f7ba6af5b8c1b147f246bc31,PS-02_AIGR-S66270_NCIIPC_02_03_2026.xlsx,myvivabloom.com,https://myvivabloom.com,,,,,0,0,0,,,,,0,pending,pending,pending,pending,pending,pending,,,0,,2026-04-13T15:35:44+00:00
run_20260413T113749Z,44d85cc6dfc7c2e3d5279b4856a2c5f9f0478408,PS-02_AIGR-S66270_NCIIPC_02_03_2026.xlsx,myvivastyle.com,https://myvivastyle.com,,,,,0,0,0,,,,,0,pending,pending,pending,pending,pending,pending,,,0,,2026-04-13T15:35:44+00:00
run_20260413T113749Z,fab3fa8dc94071f2bc33e538038e3076fe71d8e9,PS-02_AIGR-S66270_NCIIPC_02_03_2026.xlsx,myvivatours.com,https://myvivatours.com,,,,,0,0,0,,,,,0,pending,pending,pending,pending,pending,pending,,,0,,2026-04-13T15:35:44+00:00
run_20260413T113749Z,1ffff7f04ee2ab9dec8fe340b6fd3834aeae5f10,PS-02_AIGR-S66270_NCIIPC_02_03_2026.xlsx,myvoip.link,https://myvoip.link,,,,,0,0,0,,,,,0,pending,pending,pending,pending,pending,pending,,,0,,2026-04-13T15:35:44+00:00
run_20260413T113749Z,2dc6d62ce582d9f60cedd68988fa74b3bb70cdcc,PS-02_AIGR-S66270_NCIIPC_02_03_2026.xlsx,nbsc.app,https://nbsc.app,,,,,0,0,0,,,,,0,pending,pending,pending,pending,pending,pending,,,0,,2026-04-13T15:35:44+00:00
run_20260413T113749Z,6fd5005fd1513d09a1d453a321b3fc976d8abd7a,PS-02_AIGR-S66270_NCIIPC_02_03_2026.xlsx,nchian.cc,https://nchian.cc,,,,,0,0,0,,,,,0,pending,pending,pending,pending,pending,pending,,,0,,2026-04-13T15:35:44+00:00
run_20260413T113749Z,89ae8cd7f4a112960a66a9c97d4bbbfd61017abc,PS-02_AIGR-S66270_NCIIPC_02_03_2026.xlsx,nchian.online,https://nchian.online,,,,,0,0,0,,,,,0,pending,pending,pending,pending,pending,pending,,,0,,2026-04-13T15:35:44+00:00
run_20260413T113749Z,5a0d5d213938f36d6091c916febc3c4db8264ee2,PS-02_AIGR-S66270_NCIIPC_02_03_2026.xlsx,https://nchian.vip,https://nchian.vip,,,,,0,0,0,,,,,0,pending,pending,pending,pending,pending,pending,,,0,,2026-04-13T15:35:44+00:00
run_20260413T113749Z,6a7f0443eec4a6b5d2f9d373a0610a8799875b8d,PS-02_AIGR-S66270_NCIIPC_02_03_2026.xlsx,nchomeloan.com,https://nchomeloan.com,,,,,0,0,0,,,,,0,pending,pending,pending,pending,pending,pending,,,0,,2026-04-13T15:35:44+00:00
run_20260413T113749Z,d7165885bb477d8a1fed3297a2cdd69c2e454141,PS-02_AIGR-S66270_NCIIPC_02_03_2026.xlsx,nchwaf.com,https://nchwaf.com,,,,,0,0,0,,,,,0,pending,pending,pending,pending,pending,pending,,,0,,2026-04-13T15:35:44+00:00
run_20260413T113749Z,8207ae28aed0390745f0da11bb6432c56ac8c1ed,PS-02_AIGR-S66270_NCIIPC_02_03_2026.xlsx,neghab.click,https://neghab.click,,,,,0,0,0,,,,,0,pending,pending,pending,pending,pending,pending,,,0,,2026-04-13T15:35:44+00:00
run_20260413T113749Z,a1eb6057e799c870b5dd9d17326893e338a4323d,PS-02_AIGR-S66270_NCIIPC_02_03_2026.xlsx,netpig.com,https://netpig.com,,,,,0,0,0,,,,,0,pending,pending,pending,pending,pending,pending,,,0,,2026-04-13T15:35:44+00:00
run_20260413T113749Z,9d556708cf80b2dfc29611184ec04f9cfbbee6e7,PS-02_AIGR-S66270_NCIIPC_02_03_2026.xlsx,netplango.com,https://netplango.com,,,,,0,0,0,,,,,0,pending,pending,pending,pending,pending,pending,,,0,,2026-04-13T15:35:44+00:00
run_20260413T113749Z,de188b2d6b5c1f8e2d02aabe8cf9169564b32aa0,PS-02_AIGR-S66270_NCIIPC_02_03_2026.xlsx,netpoint.id,https://netpoint.id,,,,,0,0,0,,,,,0,pending,pending,pending,pending,pending,pending,,,0,,2026-04-13T15:35:44+00:00
run_20260413T113749Z,6c0d5b0f0e46dad51c67233141dd02b22602814a,PS-02_AIGR-S66270_NCIIPC_02_03_2026.xlsx,nezha4.com,https://nezha4.com,,,,,0,0,0,,,,,0,pending,pending,pending,pending,pending,pending,,,0,,2026-04-13T15:35:44+00:00
run_20260413T113749Z,4f4bc2b16d044422cef1cb1c51c5e71b43fb9fe9,PS-02_AIGR-S66270_NCIIPC_02_03_2026.xlsx,nezha5.com,https://nezha5.com,,,,,0,0,0,,,,,0,pending,pending,pending,pending,pending,pending,,,0,,2026-04-13T15:35:44+00:00
run_20260413T113749Z,8c3cb337465213c8cb98adfd78089e9cb254d98b,PS-02_AIGR-S66270_NCIIPC_02_03_2026.xlsx,https://nezha8.xyz,https://nezha8.xyz,,,,,0,0,0,,,,,0,pending,pending,pending,pending,pending,pending,,,0,,2026-04-13T15:35:44+00:00
run_20260413T113749Z,c2d2b03dedaa1a01e3b39d44440e1cbf17801e66,PS-02_AIGR-S66270_NCIIPC_02_03_2026.xlsx,ngsc.xyz,https://ngsc.xyz,,,,,0,0,0,,,,,0,pending,pending,pending,pending,pending,pending,,,0,,2026-04-13T15:35:44+00:00
run_20260413T113749Z,a33b7c0945401c52000a205e6648c5d35b47a6c0,PS-02_AIGR-S66270_NCIIPC_02_03_2026.xlsx,nhadat.fun,https://nhadat.fun,,,,,0,0,0,,,,,0,pending,pending,pending,pending,pending,pending,,,0,,2026-04-13T15:35:44+00:00
run_20260413T113749Z,6c0c31006ca0ecb227f969a0caeaa5b439c702c5,PS-02_AIGR-S66270_NCIIPC_02_03_2026.xlsx,nhain3d.com,https://nhain3d.com,,,,,0,0,0,,,,,0,pending,pending,pending,pending,pending,pending,,,0,,2026-04-13T15:35:44+00:00
run_20260413T113749Z,405422c57ab6c7080e283828bbe61cff795bec65,PS-02_AIGR-S66270_NCIIPC_02_03_2026.xlsx,nhancio.com,https://nhancio.com,,,,,0,0,0,,,,,0,pending,pending,pending,pending,pending,pending,,,0,,2026-04-13T15:35:44+00:00
run_20260413T113749Z,060aa831ee4cebdcf58a31450e751534fb5152f9,PS-02_AIGR-S66270_NCIIPC_02_03_2026.xlsx,nhanthuc.com,https://nhanthuc.com,,,,,0,0,0,,,,,0,pending,pending,pending,pending,pending,pending,,,0,,2026-04-13T15:35:44+00:00
run_20260413T113749Z,5a9231d23ab15c80ffe1e19986b194763cd4e252,PS-02_AIGR-S66270_NCIIPC_02_03_2026.xlsx,nhath.me,https://nhath.me,,,,,0,0,0,,,,,0,pending,pending,pending,pending,pending,pending,,,0,,2026-04-13T15:35:44+00:00
run_20260413T113749Z,c508fbf2adae5fff87431042c85c9fe97580eeba,PS-02_AIGR-S66270_NCIIPC_02_03_2026.xlsx,nhsc.us,https://nhsc.us,,,,,0,0,0,,,,,0,pending,pending,pending,pending,pending,pending,,,0,,2026-04-13T15:35:44+00:00
run_20260413T113749Z,0935b9f3fe6cd79bb84d481b52893166ea59ab7b,PS-02_AIGR-S66270_NCIIPC_02_03_2026.xlsx,https://nhtpay.com,https://nhtpay.com,,,,,0,0,0,,,,,0,pending,pending,pending,pending,pending,pending,,,0,,2026-04-13T15:35:44+00:00
run_20260413T113749Z,05e339eb7710010ba4599ae6f398142dd0ac2e90,PS-02_AIGR-S66270_NCIIPC_02_03_2026.xlsx,nhua.com,https://nhua.com,hash,admitted,,,0,0,0,,ray-hash-admit,,,0,pending,pending,pending,admitted,pending,pending,,,0,,2026-04-13T15:36:15+00:00
run_20260413T113749Z,15c092ff62d959506ce902d36331f7a5dab3bad2,PS-02_AIGR-S66270_NCIIPC_02_03_2026.xlsx,nihwan.com,https://nihwan.com,hash,admitted,,,0,0,0,,ray-hash-admit,,,0,pending,pending,pending,admitted,pending,pending,,,0,,2026-04-13T15:36:20+00:00
run_20260413T113749Z,7b0ebbf9a9c893545c463c2efeb86e922b2f8506,PS-02_AIGR-S66270_NCIIPC_02_03_2026.xlsx,nisroc.com,https://nisroc.com,,,,,0,0,0,,,,,0,pending,pending,pending,pending,pending,pending,,,0,,2026-04-13T15:35:44+00:00
run_20260413T113749Z,ba8b279398ec26c2de50868122a1c7e6df5b503c,PS-02_AIGR-S66270_NCIIPC_02_03_2026.xlsx,nlohas.com,https://nlohas.com,,,,,0,0,0,,,,,0,pending,pending,pending,pending,pending,pending,,,0,,2026-04-13T15:35:44+00:00
run_20260413T113749Z,91db74cd8b206364ba74ce32f7c71248b0763951,PS-02_AIGR-S66270_NCIIPC_02_03_2026.xlsx,nmphan.com,https://nmphan.com,,,,,0,0,0,,,,,0,pending,pending,pending,pending,pending,pending,,,0,,2026-04-13T15:35:44+00:00
run_20260413T113749Z,aaec74b02c818d8ca74d763b37fd950ca7b1d3e8,PS-02_AIGR-S66270_NCIIPC_02_03_2026.xlsx,https://noreloans.com,https://noreloans.com,,,,,0,0,0,,,,,0,pending,pending,pending,pending,pending,pending,,,0,,2026-04-13T15:35:44+00:00
run_20260413T113749Z,a8f6caa66916eb9d4c688153c8a0da96ea5d5993,PS-02_AIGR-S66270_NCIIPC_02_03_2026.xlsx,norsch.com,https://norsch.com,,,,,0,0,0,,,,,0,pending,pending,pending,pending,pending,pending,,,0,,2026-04-13T15:35:44+00:00
run_20260413T113749Z,24ed97f350955ed197deeb045374db3397c0484c,PS-02_AIGR-S66270_NCIIPC_02_03_2026.xlsx,nros.net,https://nros.net,,,,,0,0,0,,,,,0,pending,pending,pending,pending,pending,pending,,,0,,2026-04-13T15:35:44+00:00
run_20260413T113749Z,9be36a226a919c99bff84772af4b50f70f29c5a2,PS-02_AIGR-S66270_NCIIPC_02_03_2026.xlsx,nrsh.xyz,https://nrsh.xyz,,,,,0,0,0,,,,,0,pending,pending,pending,pending,pending,pending,,,0,,2026-04-13T15:35:44+00:00
run_20260413T113749Z,176b590faa88c110c4e3367ccf27b87ca7444fe4,PS-02_AIGR-S66270_NCIIPC_02_03_2026.xlsx,nrstkc.beauty,https://nrstkc.beauty,,,,,0,0,0,,,,,0,pending,pending,pending,pending,pending,pending,,,0,,2026-04-13T15:35:44+00:00
run_20260413T113749Z,aed01031275dbae02af10192fca7552957ab7d74,PS-02_AIGR-S66270_NCIIPC_02_03_2026.xlsx,ntb1.sa.com,https://ntb1.sa.com,,,,,0,0,0,,,,,0,pending,pending,pending,pending,pending,pending,,,0,,2026-04-13T15:35:44+00:00
run_20260413T113749Z,53b5fad05414ef6e5d1728392f8b785a6389ba3f,PS-02_AIGR-S66270_NCIIPC_02_03_2026.xlsx,ntb3.sa.com,https://ntb3.sa.com,,,,,0,0,0,,,,,0,pending,pending,pending,pending,pending,pending,,,0,,2026-04-13T15:35:44+00:00
run_20260413T113749Z,c28c37798071b4ea676709cc1f587ebb7c1a574a,PS-02_AIGR-S66270_NCIIPC_02_03_2026.xlsx,o7nline.info,https://o7nline.info,,,,,0,0,0,,,,,0,pending,pending,pending,pending,pending,pending,,,0,,2026-04-13T15:35:44+00:00
run_20260413T113749Z,6524cb4042952f474d18c6f635ad2b56f0f79ebe,PS-02_AIGR-S66270_NCIIPC_02_03_2026.xlsx,on1ne.com,https://on1ne.com,,,,,0,0,0,,,,,0,pending,pending,pending,pending,pending,pending,,,0,,2026-04-13T15:35:44+00:00
run_20260413T113749Z,f3dd6691609ed9f65f0a7a474b3e113a6dc2d03a,PS-02_AIGR-S66270_NCIIPC_02_03_2026.xlsx,on7line.info,https://on7line.info,,,,,0,0,0,,,,,0,pending,pending,pending,pending,pending,pending,,,0,,2026-04-13T15:35:44+00:00
run_20260413T113749Z,11cf08f10baf419db3668958ba5a9b6952bcf7f3,PS-02_AIGR-S66270_NCIIPC_02_03_2026.xlsx,ones.agency,https://ones.agency,,,,,0,0,0,,,,,0,pending,pending,pending,pending,pending,pending,,,0,,2026-04-13T15:35:44+00:00
run_20260413T113749Z,9c2db5bbdfd59ef600fb51ab4c78fa38b28efc5d,PS-02_AIGR-S66270_NCIIPC_02_03_2026.xlsx,onlifeshop.com,https://onlifeshop.com,,,,,0,0,0,,,,,0,pending,pending,pending,pending,pending,pending,,,0,,2026-04-13T15:35:44+00:00
run_20260413T113749Z,e3c86377b0669c0f67630403ab9cb99140cd40a0,PS-02_AIGR-S66270_NCIIPC_02_03_2026.xlsx,onlifts.com,https://onlifts.com,dns_gate,accepted,,,0,0,0,,ray-dns-gate,,,0,pending,pending,pending,pending,pending,pending,,,0,,2026-04-13T15:35:54+00:00
run_20260413T113749Z,befa1c6283d8ad2b064bd2bf07fa3d4a0b697418,PS-02_AIGR-S66270_NCIIPC_02_03_2026.xlsx,online-astro.com,https://online-astro.com,,,,,0,0,0,,,,,0,pending,pending,pending,pending,pending,pending,,,0,,2026-04-13T15:35:44+00:00
run_20260413T113749Z,582ac816384e12f0d1406f755f64147614bd8945,PS-02_AIGR-S66270_NCIIPC_02_03_2026.xlsx,online-betting-uk.com,https://online-betting-uk.com,,,,,0,0,0,,,,,0,pending,pending,pending,pending,pending,pending,,,0,,2026-04-13T15:35:44+00:00
run_20260413T113749Z,b1f3c5c7828bb7434620863e96babb31624b327b,PS-02_AIGR-S66270_NCIIPC_02_03_2026.xlsx,online-bookstore.com,https://online-bookstore.com,,,,,0,0,0,,,,,0,pending,pending,pending,pending,pending,pending,,,0,,2026-04-13T15:35:44+00:00
run_20260413T113749Z,efafc7db5fd7f9f90081cdf7114f45225007e506,PS-02_AIGR-S66270_NCIIPC_02_03_2026.xlsx,online-casino-magyar.ink,https://online-casino-magyar.ink,,,,,0,0,0,,,,,0,pending,pending,pending,pending,pending,pending,,,0,,2026-04-13T15:35:44+00:00
run_20260413T113749Z,e4a11d904f0ba77ca33bfce6a691894dfda05987,PS-02_AIGR-S66270_NCIIPC_02_03_2026.xlsx,online-cuisine.dev,https://online-cuisine.dev,,,,,0,0,0,,,,,0,pending,pending,pending,pending,pending,pending,,,0,,2026-04-13T15:35:44+00:00
run_20260413T113749Z,146e1d15870b303bd55d8f29d054516e38e95a4d,PS-02_AIGR-S66270_NCIIPC_02_03_2026.xlsx,online-dtl.ru,https://online-dtl.ru,,,,,0,0,0,,,,,0,pending,pending,pending,pending,pending,pending,,,0,,2026-04-13T15:35:44+00:00
run_20260413T113749Z,694b049b3d6a81c4ba64aafc96dbb83b0b9c57b2,PS-02_AIGR-S66270_NCIIPC_02_03_2026.xlsx,online-finance.com,https://online-finance.com,,,,,0,0,0,,,,,0,pending,pending,pending,pending,pending,pending,,,0,,2026-04-13T15:35:44+00:00
run_20260413T113749Z,106320824ba69c2186670bfad85b23cd1e0d1c3c,PS-02_AIGR-S66270_NCIIPC_02_03_2026.xlsx,online-gambling.biz,https://online-gambling.biz,,,,,0,0,0,,,,,0,pending,pending,pending,pending,pending,pending,,,0,,2026-04-13T15:35:44+00:00
run_20260413T113749Z,45f2dc3d802c768db95ceda3be0742f11d9b0bca,PS-02_AIGR-S66270_NCIIPC_02_03_2026.xlsx,online-garanti.click,https://online-garanti.click,,,,,0,0,0,,,,,0,pending,pending,pending,pending,pending,pending,,,0,,2026-04-13T15:35:44+00:00
run_20260413T113749Z,8281ae209aa77e6664041693ebb785c0e5449a29,PS-02_AIGR-S66270_NCIIPC_02_03_2026.xlsx,online-idea.com,https://online-idea.com,,,,,0,0,0,,,,,0,pending,pending,pending,pending,pending,pending,,,0,,2026-04-13T15:35:44+00:00
run_20260413T113749Z,80b07a90959e2657aac73a6f17c70c78db4f9af6,PS-02_AIGR-S66270_NCIIPC_02_03_2026.xlsx,online-kredite.com,https://online-kredite.com,,,,,0,0,0,,,,,0,pending,pending,pending,pending,pending,pending,,,0,,2026-04-13T15:35:44+00:00
run_20260413T113749Z,3f79eb8c49a69eacef4f772f71e6a797e2fabb87,PS-02_AIGR-S66270_NCIIPC_02_03_2026.xlsx,online-leisulive.com,https://online-leisulive.com,,,,,0,0,0,,,,,0,pending,pending,pending,pending,pending,pending,,,0,,2026-04-13T15:35:44+00:00
run_20260413T113749Z,c692ffe640dfce66e7d47d98871e37fad932c96a,PS-02_AIGR-S66270_NCIIPC_02_03_2026.xlsx,online-linkt.com,https://online-linkt.com,,,,,0,0,0,,,,,0,pending,pending,pending,pending,pending,pending,,,0,,2026-04-13T15:35:44+00:00
run_20260413T113749Z,82424658690d683cbb3423b2aa2b0e061f4dd261,PS-02_AIGR-S66270_NCIIPC_02_03_2026.xlsx,online-msg-esl.cfd,https://online-msg-esl.cfd,,,,,0,0,0,,,,,0,pending,pending,pending,pending,pending,pending,,,0,,2026-04-13T15:35:44+00:00
run_20260413T113749Z,b8ca78451cdff68d065f135fe101584006f5204a,PS-02_AIGR-S66270_NCIIPC_02_03_2026.xlsx,online-msg-esl.sbs,https://online-msg-esl.sbs,,,,,0,0,0,,,,,0,pending,pending,pending,pending,pending,pending,,,0,,2026-04-13T15:35:44+00:00
run_20260413T113749Z,86efd05f904c7a5078a07f4820560b02dcebbba8,PS-02_AIGR-S66270_NCIIPC_02_03_2026.xlsx,online-msg-esl.xyz,https://online-msg-esl.xyz,,,,,0,0,0,,,,,0,pending,pending,pending,pending,pending,pending,,,0,,2026-04-13T15:35:44+00:00
run_20260413T113749Z,3fa2ece987cef4b2cc43f2b6b2a8ba18fbd49f4d,PS-02_AIGR-S66270_NCIIPC_02_03_2026.xlsx,https://online-resume.me,https://online-resume.me,,,,,0,0,0,,,,,0,pending,pending,pending,pending,pending,pending,,,0,,2026-04-13T15:35:44+00:00
run_20260413T113749Z,4cad3cd268ef2f5150c5ccca28331c6afef39999,PS-02_AIGR-S66270_NCIIPC_02_03_2026.xlsx,online-scalway.com,https://online-scalway.com,,,,,0,0,0,,,,,0,pending,pending,pending,pending,pending,pending,,,0,,2026-04-13T15:35:44+00:00
run_20260413T113749Z,b0bb1a5af8ad775312c6be0b56f1fa63f9a6b996,PS-02_AIGR-S66270_NCIIPC_02_03_2026.xlsx,online-seminar.jp,https://online-seminar.jp,,,,,0,0,0,,,,,0,pending,pending,pending,pending,pending,pending,,,0,,2026-04-13T15:35:44+00:00
run_20260413T113749Z,236792d3615988be0c81802295c23e67aa8412cb,PS-02_AIGR-S66270_NCIIPC_02_03_2026.xlsx,online-shop-tr.com,https://online-shop-tr.com,,,,,0,0,0,,,,,0,pending,pending,pending,pending,pending,pending,,,0,,2026-04-13T15:35:44+00:00
run_20260413T113749Z,73378931bce0bcc2aefae3fa61b3a956ac04e92f,PS-02_AIGR-S66270_NCIIPC_02_03_2026.xlsx,online-spirits-medium.com,https://online-spirits-medium.com,,,,,0,0,0,,,,,0,pending,pending,pending,pending,pending,pending,,,0,,2026-04-13T15:35:44+00:00
run_20260413T113749Z,5ca02ace6e877818b882c91cf510697b95c35d2c,PS-02_AIGR-S66270_NCIIPC_02_03_2026.xlsx,online0x.xyz,https://online0x.xyz,,,,,0,0,0,,,,,0,pending,pending,pending,pending,pending,pending,,,0,,2026-04-13T15:35:44+00:00
run_20260413T113749Z,0a626f912adefe79dbde76a61bd52fd7f396124c,PS-02_AIGR-S66270_NCIIPC_02_03_2026.xlsx,online152.com,https://online152.com,,,,,0,0,0,,,,,0,pending,pending,pending,pending,pending,pending,,,0,,2026-04-13T15:35:44+00:00
run_20260413T113749Z,6bc967cceba5e0a5591dcf145c56b9fce1520355,PS-02_AIGR-S66270_NCIIPC_02_03_2026.xlsx,https://online777slot.org,https://online777slot.org,,,,,0,0,0,,,,,0,pending,pending,pending,pending,pending,pending,,,0,,2026-04-13T15:35:44+00:00
run_20260413T113749Z,672f8a648284819d59e2c280b374a6f9c9eee0f2,PS-02_AIGR-S66270_NCIIPC_02_03_2026.xlsx,onlineaeh.com,https://onlineaeh.com,,,,,0,0,0,,,,,0,pending,pending,pending,pending,pending,pending,,,0,,2026-04-13T15:35:44+00:00
run_20260413T113749Z,a504cd45fd430e978861a52a452703388794ab79,PS-02_AIGR-S66270_NCIIPC_02_03_2026.xlsx,onlineainote.xyz,https://onlineainote.xyz,,,,,0,0,0,,,,,0,pending,pending,pending,pending,pending,pending,,,0,,2026-04-13T15:35:44+00:00
run_20260413T113749Z,cc635747a870f164549528858dc03ef364995302,PS-02_AIGR-S66270_NCIIPC_02_03_2026.xlsx,https://onlineampi.xyz,https://onlineampi.xyz,,,,,0,0,0,,,,,0,pending,pending,pending,pending,pending,pending,,,0,,2026-04-13T15:35:44+00:00
run_20260413T113749Z,48f32f8a1a473fab5ce6b51db4b552104bfcb92d,PS-02_AIGR-S66270_NCIIPC_02_03_2026.xlsx,onlineanvil.com,https://onlineanvil.com,,,,,0,0,0,,,,,0,pending,pending,pending,pending,pending,pending,,,0,,2026-04-13T15:35:44+00:00
run_20260413T113749Z,26c1fead056e13f1d2797935d194245508a7a6d3,PS-02_AIGR-S66270_NCIIPC_02_03_2026.xlsx,https://onlineapps.space,https://onlineapps.space,,,,,0,0,0,,,,,0,pending,pending,pending,pending,pending,pending,,,0,,2026-04-13T15:35:44+00:00
run_20260413T113749Z,9cc85e1c981f0c0bb355ebabbf214142917b223f,PS-02_AIGR-S66270_NCIIPC_02_03_2026.xlsx,onlineatms.com,https://onlineatms.com,,,,,0,0,0,,,,,0,pending,pending,pending,pending,pending,pending,,,0,,2026-04-13T15:35:44+00:00
run_20260413T113749Z,22902bcfa890bee97b91abd39d51b123192cd308,PS-02_AIGR-S66270_NCIIPC_02_03_2026.xlsx,onlineaxiom.xyz,https://onlineaxiom.xyz,,,,,0,0,0,,,,,0,pending,pending,pending,pending,pending,pending,,,0,,2026-04-13T15:35:44+00:00
run_20260413T113749Z,bd5e03f478553994d653a5d65891e712626896a5,PS-02_AIGR-S66270_NCIIPC_02_03_2026.xlsx,onlineberatung.plus,https://onlineberatung.plus,,,,,0,0,0,,,,,0,pending,pending,pending,pending,pending,pending,,,0,,2026-04-13T15:35:44+00:00
run_20260413T113749Z,1c915a6036836bbdecf335f821d8e20b2d179c7f,PS-02_AIGR-S66270_NCIIPC_02_03_2026.xlsx,onlinebettinggames.com,https://onlinebettinggames.com,,,,,0,0,0,,,,,0,pending,pending,pending,pending,pending,pending,,,0,,2026-04-13T15:35:44+00:00
run_20260413T113749Z,28370075e601f443d92ed678a63c4373d2417be6,PS-02_AIGR-S66270_NCIIPC_02_03_2026.xlsx,onlinebillpaychecks.com,https://onlinebillpaychecks.com,,,,,0,0,0,,,,,0,pending,pending,pending,pending,pending,pending,,,0,,2026-04-13T15:35:44+00:00
run_20260413T113749Z,428c251ca47ac707f06fa7614b24adb12383324b,PS-02_AIGR-S66270_NCIIPC_02_03_2026.xlsx,onlinebo2fa-authid.help,https://onlinebo2fa-authid.help,,,,,0,0,0,,,,,0,pending,pending,pending,pending,pending,pending,,,0,,2026-04-13T15:35:44+00:00
run_20260413T113749Z,54b900e056e00841e00e41ca0cb6b44d71734763,PS-02_AIGR-S66270_NCIIPC_02_03_2026.xlsx,onlinebotic.com,https://onlinebotic.com,,,,,0,0,0,,,,,0,pending,pending,pending,pending,pending,pending,,,0,,2026-04-13T15:35:44+00:00
run_20260413T113749Z,36fda361fec9e44139e42c2bc97bca4e9eb2d359,PS-02_AIGR-S66270_NCIIPC_02_03_2026.xlsx,onlinebuckss.co,https://onlinebuckss.co,,,,,0,0,0,,,,,0,pending,pending,pending,pending,pending,pending,,,0,,2026-04-13T15:35:44+00:00
run_20260413T113749Z,2bfc023142fcb6c54c396e8a247c2d139ea976cc,PS-02_AIGR-S66270_NCIIPC_02_03_2026.xlsx,https://onlinebusinessatlas.com,https://onlinebusinessatlas.com,,,,,0,0,0,,,,,0,pending,pending,pending,pending,pending,pending,,,0,,2026-04-13T15:35:44+00:00
run_20260413T113749Z,c8fc7b899182a7edc3a62e035de4aa622a44e8e0,PS-02_AIGR-S66270_NCIIPC_02_03_2026.xlsx,onlinecapital.xyz,https://onlinecapital.xyz,,,,,0,0,0,,,,,0,pending,pending,pending,pending,pending,pending,,,0,,2026-04-13T15:35:44+00:00
run_20260413T113749Z,6a990a7d060bc871f2884d8cd17fd5247588ad1a,PS-02_AIGR-S66270_NCIIPC_02_03_2026.xlsx,onlinecashflow.xyz,https://onlinecashflow.xyz,,,,,0,0,0,,,,,0,pending,pending,pending,pending,pending,pending,,,0,,2026-04-13T15:35:44+00:00
run_20260413T113749Z,35bff03a02be989f24f0a2948ce71ca5063c1808,PS-02_AIGR-S66270_NCIIPC_02_03_2026.xlsx,https://onlinecashmachine.com,https://onlinecashmachine.com,,,,,0,0,0,,,,,0,pending,pending,pending,pending,pending,pending,,,0,,2026-04-13T15:35:44+00:00
run_20260413T113749Z,512b51394898b85513ff4593e9f30736598ffe4c,PS-02_AIGR-S66270_NCIIPC_02_03_2026.xlsx,onlinecasino.win,https://onlinecasino.win,,,,,0,0,0,,,,,0,pending,pending,pending,pending,pending,pending,,,0,,2026-04-13T15:35:44+00:00
run_20260413T113749Z,5154a00806ceb02ee8668fe95d4c5515787160b4,PS-02_AIGR-S66270_NCIIPC_02_03_2026.xlsx,onlinecasinoblogincanada.com,https://onlinecasinoblogincanada.com,,,,,0,0,0,,,,,0,pending,pending,pending,pending,pending,pending,,,0,,2026-04-13T15:35:44+00:00
run_20260413T113749Z,074b3769ed433cd610ed2af12a87eb7a3441f9ac,PS-02_AIGR-S66270_NCIIPC_02_03_2026.xlsx,onlinecasinohunter.app,https://onlinecasinohunter.app,,,,,0,0,0,,,,,0,pending,pending,pending,pending,pending,pending,,,0,,2026-04-13T15:35:44+00:00
run_20260413T113749Z,506d9a9e0bbe3263d8c23f3b2f16970762b07d23,PS-02_AIGR-S66270_NCIIPC_02_03_2026.xlsx,onlinecasinolabs.com,https://onlinecasinolabs.com,,,,,0,0,0,,,,,0,pending,pending,pending,pending,pending,pending,,,0,,2026-04-13T15:35:44+00:00
run_20260413T113749Z,5bdca6af9f9996ccf2543c9c4ba36ce1ee51bdac,PS-02_AIGR-S66270_NCIIPC_02_03_2026.xlsx,https://onlinecasinoproject.com,https://onlinecasinoproject.com,,,,,0,0,0,,,,,0,pending,pending,pending,pending,pending,pending,,,0,,2026-04-13T15:35:44+00:00
run_20260413T113749Z,2e627d5f7bd8f4f6ce02dffb08889171669ad90c,PS-02_AIGR-S66270_NCIIPC_02_03_2026.xlsx,onlinecasinoreportspa.com,https://onlinecasinoreportspa.com,,,,,0,0,0,,,,,0,pending,pending,pending,pending,pending,pending,,,0,,2026-04-13T15:35:44+00:00
run_20260413T113749Z,8368a72dbcbff0e54fabc8fd53929e85ee0947b6,PS-02_AIGR-S66270_NCIIPC_02_03_2026.xlsx,https://onlinecasinos77belgium.com,https://onlinecasinos77belgium.com,,,,,0,0,0,,,,,0,pending,pending,pending,pending,pending,pending,,,0,,2026-04-13T15:35:44+00:00
run_20260413T113749Z,89b0359088f6f712aedb598830a4e67a03c707c7,PS-02_AIGR-S66270_NCIIPC_02_03_2026.xlsx,onlinecasinos77india.com,https://onlinecasinos77india.com,,,,,0,0,0,,,,,0,pending,pending,pending,pending,pending,pending,,,0,,2026-04-13T15:35:44+00:00
run_20260413T113749Z,0522171444314bdd43eca375ddc6390f6b3452b5,PS-02_AIGR-S66270_NCIIPC_02_03_2026.xlsx,onlinecasinos77poland.com,https://onlinecasinos77poland.com,,,,,0,0,0,,,,,0,pending,pending,pending,pending,pending,pending,,,0,,2026-04-13T15:35:44+00:00
run_20260413T113749Z,15273da029e0db00d475b06fc7325ef2007f8752,PS-02_AIGR-S66270_NCIIPC_02_03_2026.xlsx,onlinecasinos77za.com,https://onlinecasinos77za.com,,,,,0,0,0,,,,,0,pending,pending,pending,pending,pending,pending,,,0,,2026-04-13T15:35:44+00:00
run_20260413T113749Z,beff55e59d82954e5fc4cae3dcada815ad45bf00,PS-02_AIGR-S66270_NCIIPC_02_03_2026.xlsx,onlinecasinosformobile.com,https://onlinecasinosformobile.com,,,,,0,0,0,,,,,0,pending,pending,pending,pending,pending,pending,,,0,,2026-04-13T15:35:44+00:00
run_20260413T113749Z,7f75217be785b8161e5332745ec1b599a7e0dec3,PS-02_AIGR-S66270_NCIIPC_02_03_2026.xlsx,onlinecasinosvisa.com,https://onlinecasinosvisa.com,,,,,0,0,0,,,,,0,pending,pending,pending,pending,pending,pending,,,0,,2026-04-13T15:35:44+00:00
run_20260413T113749Z,9d7f3e3c624a7aa22ee61613778956e0432f72ad,PS-02_AIGR-S66270_NCIIPC_02_03_2026.xlsx,onlinecasinoutankonto.com,https://onlinecasinoutankonto.com,,,,,0,0,0,,,,,0,pending,pending,pending,pending,pending,pending,,,0,,2026-04-13T15:35:44+00:00
run_20260413T113749Z,3cfa7d49a849b45431a06bb5cd4471f0d8d4add9,PS-02_AIGR-S66270_NCIIPC_02_03_2026.xlsx,onlinecasinovelemenyek.net,https://onlinecasinovelemenyek.net,,,,,0,0,0,,,,,0,pending,pending,pending,pending,pending,pending,,,0,,2026-04-13T15:35:44+00:00
run_20260413T113749Z,bf16a6adfa41bca1539654648ab4a8f0ecb8d432,PS-02_AIGR-S66270_NCIIPC_02_03_2026.xlsx,onlinechatsohbet.com,https://onlinechatsohbet.com,,,,,0,0,0,,,,,0,pending,pending,pending,pending,pending,pending,,,0,,2026-04-13T15:35:44+00:00
run_20260413T113749Z,3859d5339f01610e280760f04b3dcfbc5fa26ff7,PS-02_AIGR-S66270_NCIIPC_02_03_2026.xlsx,onlinecinema.xyz,https://onlinecinema.xyz,,,,,0,0,0,,,,,0,pending,pending,pending,pending,pending,pending,,,0,,2026-04-13T15:35:44+00:00
run_20260413T113749Z,dd37af7bba2a6e8dcc36bfbe36ea5a4733fb0d9d,PS-02_AIGR-S66270_NCIIPC_02_03_2026.xlsx,onlinecoaching.click,https://onlinecoaching.click,,,,,0,0,0,,,,,0,pending,pending,pending,pending,pending,pending,,,0,,2026-04-13T15:35:44+00:00
run_20260413T113749Z,5621d6238e8d0c8dcf439f2cc3dcf20725283812,PS-02_AIGR-S66270_NCIIPC_02_03_2026.xlsx,onlinecocktail.com,https://onlinecocktail.com,,,,,0,0,0,,,,,0,pending,pending,pending,pending,pending,pending,,,0,,2026-04-13T15:35:44+00:00
run_20260413T113749Z,cbee7d6c25600419e8bc4d86a687a79ad94db884,PS-02_AIGR-S66270_NCIIPC_02_03_2026.xlsx,onlinecoinstore.com,https://onlinecoinstore.com,,,,,0,0,0,,,,,0,pending,pending,pending,pending,pending,pending,,,0,,2026-04-13T15:35:44+00:00
run_20260413T113749Z,e878e39e59f3a696606b9b1747b3234a91354512,PS-02_AIGR-S66270_NCIIPC_02_03_2026.xlsx,onlineconsultation.app,https://onlineconsultation.app,,,,,0,0,0,,,,,0,pending,pending,pending,pending,pending,pending,,,0,,2026-04-13T15:35:44+00:00
run_20260413T113749Z,bfc9cd7e963d67128e41897b6bc0f65a59d767f0,PS-02_AIGR-S66270_NCIIPC_02_03_2026.xlsx,onlinecq9.com,https://onlinecq9.com,,,,,0,0,0,,,,,0,pending,pending,pending,pending,pending,pending,,,0,,2026-04-13T15:35:44+00:00
run_20260413T113749Z,c0a46361f0c7c67d033886a5fba9991829b3f12d,PS-02_AIGR-S66270_NCIIPC_02_03_2026.xlsx,onlinecursos.digital,https://onlinecursos.digital,,,,,0,0,0,,,,,0,pending,pending,pending,pending,pending,pending,,,0,,2026-04-13T15:35:44+00:00
run_20260413T113749Z,be913df8ee0b4023bf0b7b2f00c4943cfe521c7e,PS-02_AIGR-S66270_NCIIPC_02_03_2026.xlsx,onlinedadu.live,https://onlinedadu.live,,,,,0,0,0,,,,,0,pending,pending,pending,pending,pending,pending,,,0,,2026-04-13T15:35:44+00:00
run_20260413T113749Z,ebb9e197407070c7e0383f2e39f4f6f1b6f87fe9,PS-02_AIGR-S66270_NCIIPC_02_03_2026.xlsx,onlinedashtrading.com,https://onlinedashtrading.com,,,,,0,0,0,,,,,0,pending,pending,pending,pending,pending,pending,,,0,,2026-04-13T15:35:44+00:00
run_20260413T113749Z,064652bb1339188859f0e2ffaca1e837e3049375,PS-02_AIGR-S66270_NCIIPC_02_03_2026.xlsx,onlinedatings767.xyz,https://onlinedatings767.xyz,,,,,0,0,0,,,,,0,pending,pending,pending,pending,pending,pending,,,0,,2026-04-13T15:35:44+00:00
run_20260413T113749Z,0394511e47b4878e7aef1b9e5e985e117a675112,PS-02_AIGR-S66270_NCIIPC_02_03_2026.xlsx,onlineddc.com,https://onlineddc.com,,,,,0,0,0,,,,,0,pending,pending,pending,pending,pending,pending,,,0,,2026-04-13T15:35:44+00:00
run_20260413T113749Z,eb3a392a26a135426fa0f8d2f3a050a8f3006283,PS-02_AIGR-S66270_NCIIPC_02_03_2026.xlsx,onlinedemosites.com,https://onlinedemosites.com,,,,,0,0,0,,,,,0,pending,pending,pending,pending,pending,pending,,,0,,2026-04-13T15:35:44+00:00
run_20260413T113749Z,b0e4d2811081f5944a92cd5d8d48dec605fc115e,PS-02_AIGR-S66270_NCIIPC_02_03_2026.xlsx,https://onlinedfs.com,https://onlinedfs.com,,,,,0,0,0,,,,,0,pending,pending,pending,pending,pending,pending,,,0,,2026-04-13T15:35:44+00:00
run_20260413T113749Z,5a328a9f49536f3f12fd01f87a4c18a41590043a,PS-02_AIGR-S66270_NCIIPC_02_03_2026.xlsx,onlineearniing.xyz,https://onlineearniing.xyz,,,,,0,0,0,,,,,0,pending,pending,pending,pending,pending,pending,,,0,,2026-04-13T15:35:44+00:00
run_20260413T113749Z,44425c3521a14d663eae2bf3687916577734d4df,PS-02_AIGR-S66270_NCIIPC_02_03_2026.xlsx,onlineebookwriters.com,https://onlineebookwriters.com,,,,,0,0,0,,,,,0,pending,pending,pending,pending,pending,pending,,,0,,2026-04-13T15:35:44+00:00
run_20260413T113749Z,ea138e67d3430700344b394bc19ccf4b6419aff0,PS-02_AIGR-S66270_NCIIPC_02_03_2026.xlsx,onlineedgeai.xyz,https://onlineedgeai.xyz,,,,,0,0,0,,,,,0,pending,pending,pending,pending,pending,pending,,,0,,2026-04-13T15:35:44+00:00
run_20260413T113749Z,07a70578dcd0e21b61e0359abcc5c89d9d6fc6c2,PS-02_AIGR-S66270_NCIIPC_02_03_2026.xlsx,onlineeinstein.xyz,https://onlineeinstein.xyz,,,,,0,0,0,,,,,0,pending,pending,pending,pending,pending,pending,,,0,,2026-04-13T15:35:44+00:00
run_20260413T113749Z,7872a184def0580c1ce9e59dee3e71dd21a3ede9,PS-02_AIGR-S66270_NCIIPC_02_03_2026.xlsx,https://onlineenglish.cv,https://onlineenglish.cv,,,,,0,0,0,,,,,0,pending,pending,pending,pending,pending,pending,,,0,,2026-04-13T15:35:44+00:00
run_20260413T113749Z,7006a26c7015266646aac757f99c0c32e1860b84,PS-02_AIGR-S66270_NCIIPC_02_03_2026.xlsx,onlinefantasylive.info,https://onlinefantasylive.info,,,,,0,0,0,,,,,0,pending,pending,pending,pending,pending,pending,,,0,,2026-04-13T15:35:44+00:00
run_20260413T113749Z,027cec4b4f716035c29c4328a8bb35924e00cb71,PS-02_AIGR-S66270_NCIIPC_02_03_2026.xlsx,onlinefantasyliveplay.info,https://onlinefantasyliveplay.info,,,,,0,0,0,,,,,0,pending,pending,pending,pending,pending,pending,,,0,,2026-04-13T15:35:44+00:00
run_20260413T113749Z,850d5dcadaf0cc7d5dff47e0ad435cf1f0a9dec1,PS-02_AIGR-S66270_NCIIPC_02_03_2026.xlsx,onlinefddeposit.com,https://onlinefddeposit.com,,,,,0,0,0,,,,,0,pending,pending,pending,pending,pending,pending,,,0,,2026-04-13T15:35:44+00:00
run_20260413T113749Z,5274847e1b2af16e90b136c2217ea0d2f106ab6b,PS-02_AIGR-S66270_NCIIPC_02_03_2026.xlsx,onlinegambling.one,https://onlinegambling.one,,,,,0,0,0,,,,,0,pending,pending,pending,pending,pending,pending,,,0,,2026-04-13T15:35:44+00:00
run_20260413T113749Z,69faf6d7ec606fc44e66f805af480718f4ea1218,PS-02_AIGR-S66270_NCIIPC_02_03_2026.xlsx,onlinegamblingcom.com,https://onlinegamblingcom.com,,,,,0,0,0,,,,,0,pending,pending,pending,pending,pending,pending,,,0,,2026-04-13T15:35:44+00:00
run_20260413T113749Z,72b23eedcc4bc70437643f22928f1540bd9fad49,PS-02_AIGR-S66270_NCIIPC_02_03_2026.xlsx,onlinegamblingtv.com,https://onlinegamblingtv.com,dns_gate,accepted,,,0,0,0,,ray-dns-gate,,,0,pending,pending,pending,pending,pending,pending,,,0,,2026-04-13T15:35:54+00:00
run_20260413T113749Z,4aadba5fbadee3eced8c17c0b663ab03d8a9d6f6,PS-02_AIGR-S66270_NCIIPC_02_03_2026.xlsx,onlinegan.xyz,https://onlinegan.xyz,,,,,0,0,0,,,,,0,pending,pending,pending,pending,pending,pending,,,0,,2026-04-13T15:35:44+00:00
run_20260413T113749Z,684e4cce79c74a0ca8415b0c4fbf3052926605a3,PS-02_AIGR-S66270_NCIIPC_02_03_2026.xlsx,onlinegoat.xyz,https://onlinegoat.xyz,,,,,0,0,0,,,,,0,pending,pending,pending,pending,pending,pending,,,0,,2026-04-13T15:35:44+00:00
run_20260413T113749Z,b8a6b853cb808469523179031f1dbd251f04aae7,PS-02_AIGR-S66270_NCIIPC_02_03_2026.xlsx,onlinegram.xyz,https://onlinegram.xyz,,,,,0,0,0,,,,,0,pending,pending,pending,pending,pending,pending,,,0,,2026-04-13T15:35:44+00:00
run_20260413T113749Z,fdcc00a619739005ea49c70c2a4f81537b50f941,PS-02_AIGR-S66270_NCIIPC_02_03_2026.xlsx,https://onlinegrittech.com,https://onlinegrittech.com,,,,,0,0,0,,,,,0,pending,pending,pending,pending,pending,pending,,,0,,2026-04-13T15:35:44+00:00
run_20260413T113749Z,fe271dce76cf9edc3b3fa035432bb5e0bdfb4fe8,PS-02_AIGR-S66270_NCIIPC_02_03_2026.xlsx,onlinegrowthbridge.info,https://onlinegrowthbridge.info,,,,,0,0,0,,,,,0,pending,pending,pending,pending,pending,pending,,,0,,2026-04-13T15:35:44+00:00
run_20260413T113749Z,752372b7b7023e918bf6e813247694a504caf894,PS-02_AIGR-S66270_NCIIPC_02_03_2026.xlsx,onlinegrowthbridge.org,https://onlinegrowthbridge.org,,,,,0,0,0,,,,,0,pending,pending,pending,pending,pending,pending,,,0,,2026-04-13T15:35:44+00:00
run_20260413T113749Z,751efb89c0d4790c4e0d3640c54a7f8c437d2571,PS-02_AIGR-S66270_NCIIPC_02_03_2026.xlsx,https://onlinehg.com,https://onlinehg.com,,,,,0,0,0,,,,,0,pending,pending,pending,pending,pending,pending,,,0,,2026-04-13T15:35:44+00:00
run_20260413T113749Z,cef3ab79ed8caf5e942145f05e4536069b48f963,PS-02_AIGR-S66270_NCIIPC_02_03_2026.xlsx,onlinehosting.website,https://onlinehosting.website,,,,,0,0,0,,,,,0,pending,pending,pending,pending,pending,pending,,,0,,2026-04-13T15:35:44+00:00
run_20260413T113749Z,be098bd7df612ce4c53191a0fdc634d6ac5476f0,PS-02_AIGR-S66270_NCIIPC_02_03_2026.xlsx,onlineian.com,https://onlineian.com,,,,,0,0,0,,,,,0,pending,pending,pending,pending,pending,pending,,,0,,2026-04-13T15:35:44+00:00
run_20260413T113749Z,adc63ca7a468734b9679d302485316654f6b7966,PS-02_AIGR-S66270_NCIIPC_02_03_2026.xlsx,onlineipo.xyz,https://onlineipo.xyz,,,,,0,0,0,,,,,0,pending,pending,pending,pending,pending,pending,,,0,,2026-04-13T15:35:44+00:00
run_20260413T113749Z,9fc979c9cb04ebcb8d30b102cd9c4d3e895cb495,PS-02_AIGR-S66270_NCIIPC_02_03_2026.xlsx,onlineiq.xyz,https://onlineiq.xyz,,,,,0,0,0,,,,,0,pending,pending,pending,pending,pending,pending,,,0,,2026-04-13T15:35:44+00:00
run_20260413T113749Z,b125236a4589fba0c8b473048a27973420c63824,PS-02_AIGR-S66270_NCIIPC_02_03_2026.xlsx,https://onlinejjp.com,https://onlinejjp.com,,,,,0,0,0,,,,,0,pending,pending,pending,pending,pending,pending,,,0,,2026-04-13T15:35:44+00:00
run_20260413T113749Z,756ce2aa0ee3d8b9447ad51319fc5955a34ebb7b,PS-02_AIGR-S66270_NCIIPC_02_03_2026.xlsx,https://onlinejobnest.com,https://onlinejobnest.com,,,,,0,0,0,,,,,0,pending,pending,pending,pending,pending,pending,,,0,,2026-04-13T15:35:44+00:00
run_20260413T113749Z,3d0a086d4143f0e4f31c7c457eba583c5de4e5a7,PS-02_AIGR-S66270_NCIIPC_02_03_2026.xlsx,onlinekickst.art,https://onlinekickst.art,,,,,0,0,0,,,,,0,pending,pending,pending,pending,pending,pending,,,0,,2026-04-13T15:35:44+00:00
run_20260413T113749Z,0c9935313b6c6ec57c4e01a0a15a4aa4a58bc9dc,PS-02_AIGR-S66270_NCIIPC_02_03_2026.xlsx,onlinekursyazilimi.com,https://onlinekursyazilimi.com,,,,,0,0,0,,,,,0,pending,pending,pending,pending,pending,pending,,,0,,2026-04-13T15:35:44+00:00
run_20260413T113749Z,11b238e24a7b1fb9701870ad6b215bb0cdcece09,PS-02_AIGR-S66270_NCIIPC_02_03_2026.xlsx,onlinelifestyle.site,https://onlinelifestyle.site,,,,,0,0,0,,,,,0,pending,pending,pending,pending,pending,pending,,,0,,2026-04-13T15:35:44+00:00
run_20260413T113749Z,7a956013cd6f581adb2bf295f5ac56c74167bcb1,PS-02_AIGR-S66270_NCIIPC_02_03_2026.xlsx,onlinelingo.xyz,https://onlinelingo.xyz,,,,,0,0,0,,,,,0,pending,pending,pending,pending,pending,pending,,,0,,2026-04-13T15:35:44+00:00
run_20260413T113749Z,c45f487b11bcc3cae2739a193355397880f9fe33,PS-02_AIGR-S66270_NCIIPC_02_03_2026.xlsx,onlinelinkscan.com,https://onlinelinkscan.com,,,,,0,0,0,,,,,0,pending,pending,pending,pending,pending,pending,,,0,,2026-04-13T15:35:44+00:00
run_20260413T113749Z,772d72a7ed8131147774d4fa18a27df348497ceb,PS-02_AIGR-S66270_NCIIPC_02_03_2026.xlsx,onlinellm.xyz,https://onlinellm.xyz,,,,,0,0,0,,,,,0,pending,pending,pending,pending,pending,pending,,,0,,2026-04-13T15:35:44+00:00
run_20260413T113749Z,949291557ee182ceb96fc8a667020caa38a44c1b,PS-02_AIGR-S66270_NCIIPC_02_03_2026.xlsx,onlineloanslouisiana.com,https://onlineloanslouisiana.com,,,,,0,0,0,,,,,0,pending,pending,pending,pending,pending,pending,,,0,,2026-04-13T15:35:44+00:00
run_20260413T113749Z,b50436462bdb24f096197813d17c45da043918f7,PS-02_AIGR-S66270_NCIIPC_02_03_2026.xlsx,onlinemarriage.pk,https://onlinemarriage.pk,,,,,0,0,0,,,,,0,pending,pending,pending,pending,pending,pending,,,0,,2026-04-13T15:35:44+00:00
run_20260413T113749Z,8f782fa1be518c0a9e7c5e29f6de1a559787c2c1,PS-02_AIGR-S66270_NCIIPC_02_03_2026.xlsx,onlinemedialaw.com,https://onlinemedialaw.com,,,,,0,0,0,,,,,0,pending,pending,pending,pending,pending,pending,,,0,,2026-04-13T15:35:44+00:00
run_20260413T113749Z,de37a7317bffc82ea6155abf496cc3237073dacf,PS-02_AIGR-S66270_NCIIPC_02_03_2026.xlsx,onlineminds.xyz,https://onlineminds.xyz,,,,,0,0,0,,,,,0,pending,pending,pending,pending,pending,pending,,,0,,2026-04-13T15:35:44+00:00
run_20260413T113749Z,863759e97c20a507c09bae0bb6d2da1eca02f3d0,PS-02_AIGR-S66270_NCIIPC_02_03_2026.xlsx,onlinemodding.com,https://onlinemodding.com,dns_gate,registration_passthrough,dns_gate_no_answer,no A/AAAA answers for onlinemodding.com,0,0,0,,ray-dns-gate,,,0,pending,pending,pending,pending,pending,pending,,dns_not_mapped_to_ip,0,,2026-04-13T15:35:54+00:00
run_20260413T113749Z,334efb75ccdd46fb25dfbbf8bc6cb3c4dc8020b6,PS-02_AIGR-S66270_NCIIPC_02_03_2026.xlsx,onlinemusicblog.com,https://onlinemusicblog.com,,,,,0,0,0,,,,,0,pending,pending,pending,pending,pending,pending,,,0,,2026-04-13T15:35:44+00:00
run_20260413T113749Z,8af2191bcd59568928e17a297cfb8d4f5f03d32d,PS-02_AIGR-S66270_NCIIPC_02_03_2026.xlsx,onlinemusicfestival.com,https://onlinemusicfestival.com,,,,,0,0,0,,,,,0,pending,pending,pending,pending,pending,pending,,,0,,2026-04-13T15:35:44+00:00
run_20260413T113749Z,b17cbeb58b0a9f4cb24ab6acd3e63d1358e34f95,PS-02_AIGR-S66270_NCIIPC_02_03_2026.xlsx,onlinemusicinstitute.com,https://onlinemusicinstitute.com,,,,,0,0,0,,,,,0,pending,pending,pending,pending,pending,pending,,,0,,2026-04-13T15:35:44+00:00
run_20260413T113749Z,923f395d5a925748dc6d43a76a8c38c145ab76c0,PS-02_AIGR-S66270_NCIIPC_02_03_2026.xlsx,onlinenodes.xyz,https://onlinenodes.xyz,,,,,0,0,0,,,,,0,pending,pending,pending,pending,pending,pending,,,0,,2026-04-13T15:35:44+00:00
run_20260413T113749Z,ddb8125124904944cceee41a2b89da5411a40200,PS-02_AIGR-S66270_NCIIPC_02_03_2026.xlsx,onlineocessoo.fun,https://onlineocessoo.fun,,,,,0,0,0,,,,,0,pending,pending,pending,pending,pending,pending,,,0,,2026-04-13T15:35:44+00:00
run_20260413T113749Z,79913f202522583ec14b8c220bd6e871bcd77b3c,PS-02_AIGR-S66270_NCIIPC_02_03_2026.xlsx,onlineordinal.xyz,https://onlineordinal.xyz,,,,,0,0,0,,,,,0,pending,pending,pending,pending,pending,pending,,,0,,2026-04-13T15:35:44+00:00
run_20260413T113749Z,13c6669236a4738274faed1704806b9d18cddda6,PS-02_AIGR-S66270_NCIIPC_02_03_2026.xlsx,onlineoz.com,https://onlineoz.com,dns_gate,accepted,,,0,0,0,,ray-dns-gate,,,0,pending,pending,pending,pending,pending,pending,,,0,,2026-04-13T15:35:54+00:00
run_20260413T113749Z,887537ef8a49f972d4af102077794acea4b996c8,PS-02_AIGR-S66270_NCIIPC_02_03_2026.xlsx,onlineparkbd.com,https://onlineparkbd.com,dns_gate,accepted,,,0,0,0,,ray-dns-gate,,,0,pending,pending,pending,pending,pending,pending,,,0,,2026-04-13T15:35:54+00:00
run_20260413T113749Z,c74a0bd416c29a87190f7628d35c1b5646936c2a,PS-02_AIGR-S66270_NCIIPC_02_03_2026.xlsx,onlinepatim.com,https://onlinepatim.com,,,,,0,0,0,,,,,0,pending,pending,pending,pending,pending,pending,,,0,,2026-04-13T15:35:44+00:00
run_20260413T113749Z,11477ae98002a28aa54f9759e5a4b4494e013bf6,PS-02_AIGR-S66270_NCIIPC_02_03_2026.xlsx,onlinepredict.xyz,https://onlinepredict.xyz,dns_gate,registration_passthrough,dns_gate_no_answer,no A/AAAA answers for onlinepredict.xyz,0,0,0,,ray-dns-gate,,,0,pending,pending,pending,pending,pending,pending,,dns_not_mapped_to_ip,0,,2026-04-13T15:35:54+00:00
run_20260413T113749Z,d9ab9b5cc060ce4b01712cf7cb3a4eef86056509,PS-02_AIGR-S66270_NCIIPC_02_03_2026.xlsx,onlinepsychicfaire.com,https://onlinepsychicfaire.com,,,,,0,0,0,,,,,0,pending,pending,pending,pending,pending,pending,,,0,,2026-04-13T15:35:44+00:00
run_20260413T113749Z,613bcd6388e8f7e45686e6c4c83556b2c82c432f,PS-02_AIGR-S66270_NCIIPC_02_03_2026.xlsx,onlinepsychics.online,https://onlinepsychics.online,,,,,0,0,0,,,,,0,pending,pending,pending,pending,pending,pending,,,0,,2026-04-13T15:35:44+00:00
run_20260413T113749Z,68c6448d23a08dfd91278c9ca53d8576b8b73fc6,PS-02_AIGR-S66270_NCIIPC_02_03_2026.xlsx,onlineqazn.us,https://onlineqazn.us,,,,,0,0,0,,,,,0,pending,pending,pending,pending,pending,pending,,,0,,2026-04-13T15:35:44+00:00
run_20260413T113749Z,c96817295c8800e7fc988a5f06f8aa17b0c3059d,PS-02_AIGR-S66270_NCIIPC_02_03_2026.xlsx,onlinereality.xyz,https://onlinereality.xyz,,,,,0,0,0,,,,,0,pending,pending,pending,pending,pending,pending,,,0,,2026-04-13T15:35:44+00:00
run_20260413T113749Z,d633e76a8f42858d145cbf7189df5a18a65665db,PS-02_AIGR-S66270_NCIIPC_02_03_2026.xlsx,onlinesai.xyz,https://onlinesai.xyz,dns_gate,registration_passthrough,dns_gate_no_answer,no A/AAAA answers for onlinesai.xyz,0,0,0,,ray-dns-gate,,,0,pending,pending,pending,pending,pending,pending,,dns_not_mapped_to_ip,0,,2026-04-13T15:35:54+00:00
run_20260413T113749Z,fee29344ee7d2753dfc441132b0f0bc082a08bb5,PS-02_AIGR-S66270_NCIIPC_02_03_2026.xlsx,onlinesalessite.com,https://onlinesalessite.com,,,,,0,0,0,,,,,0,pending,pending,pending,pending,pending,pending,,,0,,2026-04-13T15:35:44+00:00
run_20260413T113749Z,8800cf2672ced3f5d91a3491f526000d5773852e,PS-02_AIGR-S66270_NCIIPC_02_03_2026.xlsx,onlinesavingstoyou.com,https://onlinesavingstoyou.com,,,,,0,0,0,,,,,0,pending,pending,pending,pending,pending,pending,,,0,,2026-04-13T15:35:44+00:00
run_20260413T113749Z,4c113f3db7997be97d935793c45bdf99bf0228f5,PS-02_AIGR-S66270_NCIIPC_02_03_2026.xlsx,onlineseducer.com,https://onlineseducer.com,,,,,0,0,0,,,,,0,pending,pending,pending,pending,pending,pending,,,0,,2026-04-13T15:35:44+00:00
run_20260413T113749Z,5b996b73a8b1dafe92075a7420f6ece9fbabcf54,PS-02_AIGR-S66270_NCIIPC_02_03_2026.xlsx,onlinesentry.xyz,https://onlinesentry.xyz,,,,,0,0,0,,,,,0,pending,pending,pending,pending,pending,pending,,,0,,2026-04-13T15:35:44+00:00
run_20260413T113749Z,a9cb418b8b4a687e74a9105319a878661aded416,PS-02_AIGR-S66270_NCIIPC_02_03_2026.xlsx,onlineserver2.top,https://onlineserver2.top,,,,,0,0,0,,,,,0,pending,pending,pending,pending,pending,pending,,,0,,2026-04-13T15:35:44+00:00
run_20260413T113749Z,d04cab312f12d96501b473f9ad5199b8b455f71c,PS-02_AIGR-S66270_NCIIPC_02_03_2026.xlsx,onlineserver3.top,https://onlineserver3.top,,,,,0,0,0,,,,,0,pending,pending,pending,pending,pending,pending,,,0,,2026-04-13T15:35:44+00:00
run_20260413T113749Z,d273393aa9bede2fa3274faea5006e7f87f512f5,PS-02_AIGR-S66270_NCIIPC_02_03_2026.xlsx,onlinesgpt.xyz,https://onlinesgpt.xyz,,,,,0,0,0,,,,,0,pending,pending,pending,pending,pending,pending,,,0,,2026-04-13T15:35:44+00:00
run_20260413T113749Z,e425892d4a68260914b7c9e43b2ebf37b81187ba,PS-02_AIGR-S66270_NCIIPC_02_03_2026.xlsx,onlineshare.info,https://onlineshare.info,,,,,0,0,0,,,,,0,pending,pending,pending,pending,pending,pending,,,0,,2026-04-13T15:35:44+00:00
run_20260413T113749Z,7a863a481dab200f1aeb26c9f2415b1874b8fe92,PS-02_AIGR-S66270_NCIIPC_02_03_2026.xlsx,https://onlineshemale.com,https://onlineshemale.com,,,,,0,0,0,,,,,0,pending,pending,pending,pending,pending,pending,,,0,,2026-04-13T15:35:44+00:00
run_20260413T113749Z,eed1b47252575c474c985c6c9b96a0bbae5f7ac8,PS-02_AIGR-S66270_NCIIPC_02_03_2026.xlsx,onlineshop.fyi,https://onlineshop.fyi,,,,,0,0,0,,,,,0,pending,pending,pending,pending,pending,pending,,,0,,2026-04-13T15:35:44+00:00
run_20260413T113749Z,b6036bcc84322e3ea434c2a5b9878ef0d8296ed6,PS-02_AIGR-S66270_NCIIPC_02_03_2026.xlsx,onlineskillbuilder.com,https://onlineskillbuilder.com,,,,,0,0,0,,,,,0,pending,pending,pending,pending,pending,pending,,,0,,2026-04-13T15:35:44+00:00
run_20260413T113749Z,93c80566c0575cd801827880d6ddb963b5fa0bee,PS-02_AIGR-S66270_NCIIPC_02_03_2026.xlsx,https://onlinesleuth.com,https://onlinesleuth.com,,,,,0,0,0,,,,,0,pending,pending,pending,pending,pending,pending,,,0,,2026-04-13T15:35:44+00:00
run_20260413T113749Z,caabfc760388a1e8e4dea804609ede0b0a64c061,PS-02_AIGR-S66270_NCIIPC_02_03_2026.xlsx,onlineslotsempire.com,https://onlineslotsempire.com,,,,,0,0,0,,,,,0,pending,pending,pending,pending,pending,pending,,,0,,2026-04-13T15:35:44+00:00
run_20260413T113749Z,5c28527841e81561c319a3da25d7f6993534cd5d,PS-02_AIGR-S66270_NCIIPC_02_03_2026.xlsx,https://onlinesociologytutor.com,https://onlinesociologytutor.com,,,,,0,0,0,,,,,0,pending,pending,pending,pending,pending,pending,,,0,,2026-04-13T15:35:44+00:00
run_20260413T113749Z,9ff914575888ff3c1d9d67ab081e6c6ee24d39ef,PS-02_AIGR-S66270_NCIIPC_02_03_2026.xlsx,https://onlinesohbetchat.com,https://onlinesohbetchat.com,,,,,0,0,0,,,,,0,pending,pending,pending,pending,pending,pending,,,0,,2026-04-13T15:35:44+00:00
run_20260413T113749Z,302a3cb02a564ff2a2bda1cf60132ed511f5debf,PS-02_AIGR-S66270_NCIIPC_02_03_2026.xlsx,onlinesona.com,https://onlinesona.com,,,,,0,0,0,,,,,0,pending,pending,pending,pending,pending,pending,,,0,,2026-04-13T15:35:44+00:00
run_20260413T113749Z,8452919475ab77d56672425933507d5e2f56119d,PS-02_AIGR-S66270_NCIIPC_02_03_2026.xlsx,onlinesoon.com,https://onlinesoon.com,,,,,0,0,0,,,,,0,pending,pending,pending,pending,pending,pending,,,0,,2026-04-13T15:35:44+00:00
run_20260413T113749Z,5b9dc312d401d68ba80960e8d9fb37ff8a57ac95,PS-02_AIGR-S66270_NCIIPC_02_03_2026.xlsx,onlinespeaking.com,https://onlinespeaking.com,,,,,0,0,0,,,,,0,pending,pending,pending,pending,pending,pending,,,0,,2026-04-13T15:35:44+00:00
run_20260413T113749Z,ab409a5142388387a8ea5460d71f577c8b2999bb,PS-02_AIGR-S66270_NCIIPC_02_03_2026.xlsx,https://onlinespindle.com,https://onlinespindle.com,,,,,0,0,0,,,,,0,pending,pending,pending,pending,pending,pending,,,0,,2026-04-13T15:35:44+00:00
run_20260413T113749Z,9def448e1bcaa16e7d1614b26551662410587558,PS-02_AIGR-S66270_NCIIPC_02_03_2026.xlsx,onlinespringboard.co,https://onlinespringboard.co,,,,,0,0,0,,,,,0,pending,pending,pending,pending,pending,pending,,,0,,2026-04-13T15:35:44+00:00
run_20260413T113749Z,7005d50afd3e840684291b46da75239a52ce79c4,PS-02_AIGR-S66270_NCIIPC_02_03_2026.xlsx,onlinesssk.com,https://onlinesssk.com,,,,,0,0,0,,,,,0,pending,pending,pending,pending,pending,pending,,,0,,2026-04-13T15:35:44+00:00
run_20260413T113749Z,524a74afb458ec205e98bf16124c268b0689c319,PS-02_AIGR-S66270_NCIIPC_02_03_2026.xlsx,onlinestager.com,https://onlinestager.com,,,,,0,0,0,,,,,0,pending,pending,pending,pending,pending,pending,,,0,,2026-04-13T15:35:44+00:00
run_20260413T113749Z,7cbf30a12460d304cc781ff61dc5c3ee010277d2,PS-02_AIGR-S66270_NCIIPC_02_03_2026.xlsx,https://onlinesteal.com,https://onlinesteal.com,hash,admitted,,,0,0,0,,ray-hash-admit,,,0,pending,pending,pending,admitted,pending,pending,,,0,,2026-04-13T15:36:30+00:00
run_20260413T113749Z,0392525a9b15184077333940c4a12630e4e0a6ba,PS-02_AIGR-S66270_NCIIPC_02_03_2026.xlsx,onlinestoreai.link,https://onlinestoreai.link,,,,,0,0,0,,,,,0,pending,pending,pending,pending,pending,pending,,,0,,2026-04-13T15:35:44+00:00
run_20260413T113749Z,6a907984e1ff8ac1fff24ad0dd74703376f68f22,PS-02_AIGR-S66270_NCIIPC_02_03_2026.xlsx,onlinesummitacademy.com,https://onlinesummitacademy.com,,,,,0,0,0,,,,,0,pending,pending,pending,pending,pending,pending,,,0,,2026-04-13T15:35:44+00:00
run_20260413T113749Z,a8563b62dbec9cb4c6fd16fd9e378ecd0eddf113,PS-02_AIGR-S66270_NCIIPC_02_03_2026.xlsx,onlinesupervise.com,https://onlinesupervise.com,,,,,0,0,0,,,,,0,pending,pending,pending,pending,pending,pending,,,0,,2026-04-13T15:35:44+00:00
run_20260413T113749Z,080ff3a7a69c0ceead9d1bfc45baff0ff60f25a9,PS-02_AIGR-S66270_NCIIPC_02_03_2026.xlsx,https://onlinetalking.com,https://onlinetalking.com,,,,,0,0,0,,,,,0,pending,pending,pending,pending,pending,pending,,,0,,2026-04-13T15:35:44+00:00
run_20260413T113749Z,d854b8fbf5cb2d57d737eceed6a9cd6810bf9309,PS-02_AIGR-S66270_NCIIPC_02_03_2026.xlsx,onlinetexasltc.online,https://onlinetexasltc.online,,,,,0,0,0,,,,,0,pending,pending,pending,pending,pending,pending,,,0,,2026-04-13T15:35:44+00:00
run_20260413T113749Z,4080aa4eb799f8992182ca2b9e24cf15c6c74e30,PS-02_AIGR-S66270_NCIIPC_02_03_2026.xlsx,onlinetimes.site,https://onlinetimes.site,,,,,0,0,0,,,,,0,pending,pending,pending,pending,pending,pending,,,0,,2026-04-13T15:35:44+00:00
run_20260413T113749Z,9499e37daf193f816a946a8ddc35dc8a468a6754,PS-02_AIGR-S66270_NCIIPC_02_03_2026.xlsx,https://onlinetoolbase.com,https://onlinetoolbase.com,,,,,0,0,0,,,,,0,pending,pending,pending,pending,pending,pending,,,0,,2026-04-13T15:35:44+00:00
run_20260413T113749Z,ff43e036243f5b9aa81c08c207f06b69084ac3d2,PS-02_AIGR-S66270_NCIIPC_02_03_2026.xlsx,onlinetop.org,https://onlinetop.org,,,,,0,0,0,,,,,0,pending,pending,pending,pending,pending,pending,,,0,,2026-04-13T15:35:44+00:00
run_20260413T113749Z,adbef30880102e0e3689acc807388c7651dbbf89,PS-02_AIGR-S66270_NCIIPC_02_03_2026.xlsx,https://onlinetrials.com,https://onlinetrials.com,,,,,0,0,0,,,,,0,pending,pending,pending,pending,pending,pending,,,0,,2026-04-13T15:35:44+00:00
run_20260413T113749Z,51c62f55266a9c1ff8f01efb4f802e4cc34679b1,PS-02_AIGR-S66270_NCIIPC_02_03_2026.xlsx,onlinetry.ru,https://onlinetry.ru,,,,,0,0,0,,,,,0,pending,pending,pending,pending,pending,pending,,,0,,2026-04-13T15:35:44+00:00
run_20260413T113749Z,3465011c59da24a6c7fafb2e17d582bea57035cb,PS-02_AIGR-S66270_NCIIPC_02_03_2026.xlsx,onlinetutorsbiz.com,https://onlinetutorsbiz.com,,,,,0,0,0,,,,,0,pending,pending,pending,pending,pending,pending,,,0,,2026-04-13T15:35:44+00:00
run_20260413T113749Z,1030096aebe4ee262231a8c1bdc07abd1ef29608,PS-02_AIGR-S66270_NCIIPC_02_03_2026.xlsx,onlineus.art,https://onlineus.art,,,,,0,0,0,,,,,0,pending,pending,pending,pending,pending,pending,,,0,,2026-04-13T15:35:44+00:00
run_20260413T113749Z,e69fe64c491de710f373480b9fd90fb6b59d5a7d,PS-02_AIGR-S66270_NCIIPC_02_03_2026.xlsx,onlineutopia.xyz,https://onlineutopia.xyz,,,,,0,0,0,,,,,0,pending,pending,pending,pending,pending,pending,,,0,,2026-04-13T15:35:44+00:00
run_20260413T113749Z,c9c3abf2befe0b58bba482a98c52f440d012c47f,PS-02_AIGR-S66270_NCIIPC_02_03_2026.xlsx,onlinevillapro.com,https://onlinevillapro.com,,,,,0,0,0,,,,,0,pending,pending,pending,pending,pending,pending,,,0,,2026-04-13T15:35:44+00:00
run_20260413T113749Z,592690943e50df649fe9ee923e496b6e697c9c6b,PS-02_AIGR-S66270_NCIIPC_02_03_2026.xlsx,onlineviper.xyz,https://onlineviper.xyz,,,,,0,0,0,,,,,0,pending,pending,pending,pending,pending,pending,,,0,,2026-04-13T15:35:44+00:00
run_20260413T113749Z,5857062100e716c7611da536ff4ceba4c31f81b9,PS-02_AIGR-S66270_NCIIPC_02_03_2026.xlsx,https://onlinewaittime.com,https://onlinewaittime.com,,,,,0,0,0,,,,,0,pending,pending,pending,pending,pending,pending,,,0,,2026-04-13T15:35:44+00:00
run_20260413T113749Z,703712f22c774ea3aff7d56600da2873be4a7749,PS-02_AIGR-S66270_NCIIPC_02_03_2026.xlsx,onlinewale.com,https://onlinewale.com,,,,,0,0,0,,,,,0,pending,pending,pending,pending,pending,pending,,,0,,2026-04-13T15:35:44+00:00
run_20260413T113749Z,c441920ac9391ee4a2aece29a45ce20b27d00507,PS-02_AIGR-S66270_NCIIPC_02_03_2026.xlsx,onlinewebaccounting.com,https://onlinewebaccounting.com,,,,,0,0,0,,,,,0,pending,pending,pending,pending,pending,pending,,,0,,2026-04-13T15:35:44+00:00
run_20260413T113749Z,49f4ce949a59c27fd2e36fad77f8eb92a18ee94e,PS-02_AIGR-S66270_NCIIPC_02_03_2026.xlsx,onlinewebart.info,https://onlinewebart.info,dns_gate,registration_passthrough,dns_gate_no_answer,no A/AAAA answers for onlinewebart.info,0,0,0,,ray-dns-gate,,,0,pending,pending,pending,pending,pending,pending,,dns_not_mapped_to_ip,0,,2026-04-13T15:35:54+00:00
run_20260413T113749Z,76a4efc3b9c4c0bef2b598cbc9a7c1d5703a45bc,PS-02_AIGR-S66270_NCIIPC_02_03_2026.xlsx,onlinewebauth.icu,https://onlinewebauth.icu,,,,,0,0,0,,,,,0,pending,pending,pending,pending,pending,pending,,,0,,2026-04-13T15:35:44+00:00
run_20260413T113749Z,2e00f171921da9bef2dfa80d4f0991ba3b96eaa0,PS-02_AIGR-S66270_NCIIPC_02_03_2026.xlsx,onlinewebsitedesigner.com,https://onlinewebsitedesigner.com,hash,admitted,,,0,0,0,,ray-hash-admit,,,0,pending,pending,pending,admitted,pending,pending,,,0,,2026-04-13T15:35:55+00:00
run_20260413T113749Z,09053f3735e490705db32130e2fa217f3c2b4216,PS-02_AIGR-S66270_NCIIPC_02_03_2026.xlsx,onlinewizard.xyz,https://onlinewizard.xyz,,,,,0,0,0,,,,,0,pending,pending,pending,pending,pending,pending,,,0,,2026-04-13T15:35:44+00:00
run_20260413T113749Z,0f6faf529a5e7991a5cadbae3ff445a347d39d22,PS-02_AIGR-S66270_NCIIPC_02_03_2026.xlsx,https://onlinez.com,https://onlinez.com,,,,,0,0,0,,,,,0,pending,pending,pending,pending,pending,pending,,,0,,2026-04-13T15:35:44+00:00
run_20260413T113749Z,d18544768fa2a54b45d5eea2b843dd9944a26c64,PS-02_AIGR-S66270_NCIIPC_02_03_2026.xlsx,onlinezzp.com,https://onlinezzp.com,,,,,0,0,0,,,,,0,pending,pending,pending,pending,pending,pending,,,0,,2026-04-13T15:35:44+00:00
run_20260413T113749Z,6e0f05fdccebd55d58e7cd0ca1aa1834e2a82cf6,PS-02_AIGR-S66270_NCIIPC_02_03_2026.xlsx,onlirise.com,https://onlirise.com,,,,,0,0,0,,,,,0,pending,pending,pending,pending,pending,pending,,,0,,2026-04-13T15:35:44+00:00
run_20260413T113749Z,f12e3814fa1c0dc8ef79fa19b6ecf9ee3847438f,PS-02_AIGR-S66270_NCIIPC_02_03_2026.xlsx,onlydine.com,https://onlydine.com,dns_gate,accepted,,,0,0,0,,ray-dns-gate,,,0,pending,pending,pending,pending,pending,pending,,,0,,2026-04-13T15:35:54+00:00
run_20260413T113749Z,27c234c43f13bf200cf302c76b08eb60fe83fe6b,PS-02_AIGR-S66270_NCIIPC_02_03_2026.xlsx,onlytrainers.com,https://onlytrainers.com,,,,,0,0,0,,,,,0,pending,pending,pending,pending,pending,pending,,,0,,2026-04-13T15:35:44+00:00
run_20260413T113749Z,f47325250acd5e47c017cd9dcee17a6d5dff069b,PS-02_AIGR-S66270_NCIIPC_02_03_2026.xlsx,opnb.com,https://opnb.com,,,,,0,0,0,,,,,0,pending,pending,pending,pending,pending,pending,,,0,,2026-04-13T15:35:44+00:00
run_20260413T113749Z,06c416cd0797a4153fc110348ce12574c4d5c938,PS-02_AIGR-S66270_NCIIPC_02_03_2026.xlsx,orbi.cool,https://orbi.cool,,,,,0,0,0,,,,,0,pending,pending,pending,pending,pending,pending,,,0,,2026-04-13T15:35:44+00:00
run_20260413T113749Z,031c0a9f40455d0ed5baa24a3544e67dcc0bd92d,PS-02_AIGR-S66270_NCIIPC_02_03_2026.xlsx,orbi2.com,https://orbi2.com,,,,,0,0,0,,,,,0,pending,pending,pending,pending,pending,pending,,,0,,2026-04-13T15:35:44+00:00
run_20260413T113749Z,9596376b574cf85dcdc87c06794472e23f31b7eb,PS-02_AIGR-S66270_NCIIPC_02_03_2026.xlsx,orbis.channel,https://orbis.channel,dns_gate,registration_passthrough,dns_gate_no_answer,no A/AAAA answers for orbis.channel,0,0,0,,ray-dns-gate,,,0,pending,pending,pending,pending,pending,pending,,dns_not_mapped_to_ip,0,,2026-04-13T15:35:54+00:00
run_20260413T113749Z,a72f6a81e51221df7f071256e9d1d259e59f8657,PS-02_AIGR-S66270_NCIIPC_02_03_2026.xlsx,oswalindia.com,https://oswalindia.com,,,,,0,0,0,,,,,0,pending,pending,pending,pending,pending,pending,,,0,,2026-04-13T15:35:44+00:00
run_20260413T113749Z,d97086a65b6284e2364aedb11f3c8df5d3ae5ee5,PS-02_AIGR-S66270_NCIIPC_02_03_2026.xlsx,paarivahan.com,https://paarivahan.com,,,,,0,0,0,,,,,0,pending,pending,pending,pending,pending,pending,,,0,,2026-04-13T15:35:44+00:00
run_20260413T113749Z,6f47be483a38ba51fc935c53b062866cfd8c9b67,PS-02_AIGR-S66270_NCIIPC_02_03_2026.xlsx,panbe.bond,https://panbe.bond,,,,,0,0,0,,,,,0,pending,pending,pending,pending,pending,pending,,,0,,2026-04-13T15:35:44+00:00
run_20260413T113749Z,69da454c7ba1bf77f614774ffa43e0798b65ac88,PS-02_AIGR-S66270_NCIIPC_02_03_2026.xlsx,panbe.buzz,https://panbe.buzz,dns_gate,registration_passthrough,dns_gate_no_answer,no A/AAAA answers for panbe.buzz,0,0,0,,ray-dns-gate,,,0,pending,pending,pending,pending,pending,pending,,dns_not_mapped_to_ip,0,,2026-04-13T15:35:54+00:00
run_20260413T113749Z,94379da21314e9216a57579b7a71f512b80b1441,PS-02_AIGR-S66270_NCIIPC_02_03_2026.xlsx,panbe.cyou,https://panbe.cyou,,,,,0,0,0,,,,,0,pending,pending,pending,pending,pending,pending,,,0,,2026-04-13T15:35:44+00:00
run_20260413T113749Z,5f60d2dec967314abd51a57aa9bcc8b3f73dcf40,PS-02_AIGR-S66270_NCIIPC_02_03_2026.xlsx,panbe.site,https://panbe.site,,,,,0,0,0,,,,,0,pending,pending,pending,pending,pending,pending,,,0,,2026-04-13T15:35:44+00:00
run_20260413T113749Z,2d00f5103752c84285a327319cb064b02540218a,PS-02_AIGR-S66270_NCIIPC_02_03_2026.xlsx,panbe.space,https://panbe.space,,,,,0,0,0,,,,,0,pending,pending,pending,pending,pending,pending,,,0,,2026-04-13T15:35:44+00:00
run_20260413T113749Z,e6485f448a532ee77b8b6dc4949a1a5069f9c094,PS-02_AIGR-S66270_NCIIPC_02_03_2026.xlsx,panbe.store,https://panbe.store,,,,,0,0,0,,,,,0,pending,pending,pending,pending,pending,pending,,,0,,2026-04-13T15:35:44+00:00
run_20260413T113749Z,c43fabeddfcc938db957a529db2536b77fecb839,PS-02_AIGR-S66270_NCIIPC_02_03_2026.xlsx,panbe.website,https://panbe.website,dns_gate,registration_passthrough,dns_gate_no_answer,no A/AAAA answers for panbe.website,0,0,0,,ray-dns-gate,,,0,pending,pending,pending,pending,pending,pending,,dns_not_mapped_to_ip,0,,2026-04-13T15:35:54+00:00
run_20260413T113749Z,c847058ea489fdee4e1b4f139507b81cfed71249,PS-02_AIGR-S66270_NCIIPC_02_03_2026.xlsx,para.land,https://para.land,,,,,0,0,0,,,,,0,pending,pending,pending,pending,pending,pending,,,0,,2026-04-13T15:35:44+00:00
run_20260413T113749Z,e277574247fe23cdd8e41f2d53850ca222a3aa23,PS-02_AIGR-S66270_NCIIPC_02_03_2026.xlsx,paraaf.com,https://paraaf.com,,,,,0,0,0,,,,,0,pending,pending,pending,pending,pending,pending,,,0,,2026-04-13T15:35:44+00:00
run_20260413T113749Z,71398cf86c0fdf27ec24c199bf49c4fde3ef3be2,PS-02_AIGR-S66270_NCIIPC_02_03_2026.xlsx,https://parashiva.com,https://parashiva.com,,,,,0,0,0,,,,,0,pending,pending,pending,pending,pending,pending,,,0,,2026-04-13T15:35:44+00:00
run_20260413T113749Z,69cdc5bec2e159ff4b9f8786f9ee721127d635b3,PS-02_AIGR-S66270_NCIIPC_02_03_2026.xlsx,parathamna.com,https://parathamna.com,,,,,0,0,0,,,,,0,pending,pending,pending,pending,pending,pending,,,0,,2026-04-13T15:35:44+00:00
run_20260413T113749Z,95bd58a080062e9ffb659898cbaabaed0fd7af5d,PS-02_AIGR-S66270_NCIIPC_02_03_2026.xlsx,parevacchair.com,https://parevacchair.com,,,,,0,0,0,,,,,0,pending,pending,pending,pending,pending,pending,,,0,,2026-04-13T15:35:44+00:00
run_20260413T113749Z,d53420544d4b0c41e40d50c94455b7f8fac827a0,PS-02_AIGR-S66270_NCIIPC_02_03_2026.xlsx,https://pariaza.com,https://pariaza.com,,,,,0,0,0,,,,,0,pending,pending,pending,pending,pending,pending,,,0,,2026-04-13T15:35:44+00:00
run_20260413T113749Z,9ad939f5d389b1c75a2dcc0f5a91e5cbf951cdd3,PS-02_AIGR-S66270_NCIIPC_02_03_2026.xlsx,paridhi.com,https://paridhi.com,,,,,0,0,0,,,,,0,pending,pending,pending,pending,pending,pending,,,0,,2026-04-13T15:35:44+00:00
run_20260413T113749Z,4a52bd3f4e10d8fd782ff06275adf345d6105668,PS-02_AIGR-S66270_NCIIPC_02_03_2026.xlsx,parikshamanch.com,https://parikshamanch.com,,,,,0,0,0,,,,,0,pending,pending,pending,pending,pending,pending,,,0,,2026-04-13T15:35:44+00:00
run_20260413T113749Z,91c98eaaf91bec4e93166469c1de27683e9faacc,PS-02_AIGR-S66270_NCIIPC_02_03_2026.xlsx,paripakva.com,https://paripakva.com,,,,,0,0,0,,,,,0,pending,pending,pending,pending,pending,pending,,,0,,2026-04-13T15:35:44+00:00
run_20260413T113749Z,82c8e53b75e9aa49465e78d21e2745132b50a212,PS-02_AIGR-S66270_NCIIPC_02_03_2026.xlsx,parisandwatches.biz,https://parisandwatches.biz,,,,,0,0,0,,,,,0,pending,pending,pending,pending,pending,pending,,,0,,2026-04-13T15:35:44+00:00
run_20260413T113749Z,eebc8f71618257646b4a56efb6ff8c616e96e0a3,PS-02_AIGR-S66270_NCIIPC_02_03_2026.xlsx,https://parispa.com,https://parispa.com,,,,,0,0,0,,,,,0,pending,pending,pending,pending,pending,pending,,,0,,2026-04-13T15:35:44+00:00
run_20260413T113749Z,67bb64158f2a89f6731e4b9c87a8a69f581374a5,PS-02_AIGR-S66270_NCIIPC_02_03_2026.xlsx,parivartaan.com,https://parivartaan.com,,,,,0,0,0,,,,,0,pending,pending,pending,pending,pending,pending,,,0,,2026-04-13T15:35:44+00:00
run_20260413T113749Z,985e7c5d787d6c30aac5faf8d31e574bb398262d,PS-02_AIGR-S66270_NCIIPC_02_03_2026.xlsx,parivartan.fit,https://parivartan.fit,,,,,0,0,0,,,,,0,pending,pending,pending,pending,pending,pending,,,0,,2026-04-13T15:35:44+00:00
run_20260413T113749Z,e9e423964d611d3f632bf547c32c75db42a5b1b8,PS-02_AIGR-S66270_NCIIPC_02_03_2026.xlsx,parkia.xyz,https://parkia.xyz,,,,,0,0,0,,,,,0,pending,pending,pending,pending,pending,pending,,,0,,2026-04-13T15:35:44+00:00
run_20260413T113749Z,efb33259c887e43d22b55614a46ab7c2ec0248c5,PS-02_AIGR-S66270_NCIIPC_02_03_2026.xlsx,parmaviagens.com.br,https://parmaviagens.com.br,,,,,0,0,0,,,,,0,pending,pending,pending,pending,pending,pending,,,0,,2026-04-13T15:35:44+00:00
run_20260413T113749Z,54a3e97aae82cf4184398302f1fbddbdbd63875b,PS-02_AIGR-S66270_NCIIPC_02_03_2026.xlsx,partaban.com,https://partaban.com,,,,,0,0,0,,,,,0,pending,pending,pending,pending,pending,pending,,,0,,2026-04-13T15:35:44+00:00
run_20260413T113749Z,e31119061d71183e96d71f5ea90df097e3a6029f,PS-02_AIGR-S66270_NCIIPC_02_03_2026.xlsx,parval.info,https://parval.info,,,,,0,0,0,,,,,0,pending,pending,pending,pending,pending,pending,,,0,,2026-04-13T15:35:44+00:00
run_20260413T113749Z,8ab4190a164e0a730c65e0aee48d3f80de9396ba,PS-02_AIGR-S66270_NCIIPC_02_03_2026.xlsx,parzival-holding.com,https://parzival-holding.com,,,,,0,0,0,,,,,0,pending,pending,pending,pending,pending,pending,,,0,,2026-04-13T15:35:44+00:00
run_20260413T113749Z,7ed35d82164f539e698c8515c2ee464ebcd93c6c,PS-02_AIGR-S66270_NCIIPC_02_03_2026.xlsx,pcnbm.bond,https://pcnbm.bond,,,,,0,0,0,,,,,0,pending,pending,pending,pending,pending,pending,,,0,,2026-04-13T15:35:44+00:00
run_20260413T113749Z,fd6e62321220c8ad28857893ef9ae224ce433b07,PS-02_AIGR-S66270_NCIIPC_02_03_2026.xlsx,https://pfcloud.email,https://pfcloud.email,stage1,failed,,,0,0,0,,ray-stage1,,,0,pending,failed,pending,pending,pending,filtered_lexical_miss,,,0,,2026-04-13T11:38:48+00:00
run_20260413T113749Z,a445f720bf1f633307431f88717a012240d6297a,PS-02_AIGR-S66270_NCIIPC_02_03_2026.xlsx,piims.us,https://piims.us,,,,,0,0,0,,,,,0,pending,pending,pending,pending,pending,pending,,,0,,2026-04-13T15:35:44+00:00
run_20260413T113749Z,b9b45847426c6c66911b97e9c9d30dc2eacf66fe,PS-02_AIGR-S66270_NCIIPC_02_03_2026.xlsx,pinbtwn.com,https://pinbtwn.com,,,,,0,0,0,,,,,0,pending,pending,pending,pending,pending,pending,,,0,,2026-04-13T15:35:44+00:00
run_20260413T113749Z,da4a7c3eb1139e1989d799d94f0cc831d1cfec00,PS-02_AIGR-S66270_NCIIPC_02_03_2026.xlsx,plybooindia.com,https://plybooindia.com,,,,,0,0,0,,,,,0,pending,pending,pending,pending,pending,pending,,,0,,2026-04-13T15:35:44+00:00
run_20260413T113749Z,9883eb9f696c74a6ac0df63ec6b9ad2acfeaea26,PS-02_AIGR-S66270_NCIIPC_02_03_2026.xlsx,pmhfintech.com,https://pmhfintech.com,,,,,0,0,0,,,,,0,pending,pending,pending,pending,pending,pending,,,0,,2026-04-13T15:35:44+00:00
run_20260413T113749Z,1096971c77caf222c89d78166f6cf8c4f200eefa,PS-02_AIGR-S66270_NCIIPC_02_03_2026.xlsx,pnb-care.online,https://pnb-care.online,,,,,0,0,0,,,,,0,pending,pending,pending,pending,pending,pending,,,0,,2026-04-13T15:35:44+00:00
run_20260413T113749Z,c691fc7b28f575204cfb8b97ad7157b476242c40,PS-02_AIGR-S66270_NCIIPC_02_03_2026.xlsx,pnbde.vip,https://pnbde.vip,,,,,0,0,0,,,,,0,pending,pending,pending,pending,pending,pending,,,0,,2026-04-13T15:35:44+00:00
run_20260413T113749Z,b83587a9b58276880b1a5723196a2d36a503fd35,PS-02_AIGR-S66270_NCIIPC_02_03_2026.xlsx,pngbuy.com,https://pngbuy.com,,,,,0,0,0,,,,,0,pending,pending,pending,pending,pending,pending,,,0,,2026-04-13T15:35:44+00:00
run_20260413T113749Z,13a4206316cb2be0cee475138da6baca644ca679,PS-02_AIGR-S66270_NCIIPC_02_03_2026.xlsx,psfcloud.com,https://psfcloud.com,,,,,0,0,0,,,,,0,pending,pending,pending,pending,pending,pending,,,0,,2026-04-13T15:35:44+00:00
run_20260413T113749Z,8cb48de04ef4af0014298b43c46809d7ab5fcc2e,PS-02_AIGR-S66270_NCIIPC_02_03_2026.xlsx,qshcloud.com,https://qshcloud.com,stage1,failed,,,0,0,0,,ray-stage1,,,0,pending,failed,pending,pending,pending,filtered_lexical_miss,,,0,,2026-04-13T11:39:27+00:00
run_20260413T113749Z,e18621c31ffc04ce41c3756b83b267af18bf4039,PS-02_AIGR-S66270_NCIIPC_02_03_2026.xlsx,qsicloud.com,https://qsicloud.com,,,,,0,0,0,,,,,0,pending,pending,pending,pending,pending,pending,,,0,,2026-04-13T15:35:44+00:00
run_20260413T113749Z,fc430ea2037c8b1b2bc4b426611386deaadfca00,PS-02_AIGR-S66270_NCIIPC_02_03_2026.xlsx,r3eit.com,https://r3eit.com,,,,,0,0,0,,,,,0,pending,pending,pending,pending,pending,pending,,,0,,2026-04-13T15:35:44+00:00
run_20260413T113749Z,57b0800ee8e12c065484ea5daeda3ce5c59726c3,PS-02_AIGR-S66270_NCIIPC_02_03_2026.xlsx,rabisa.site,https://rabisa.site,,,,,0,0,0,,,,,0,pending,pending,pending,pending,pending,pending,,,0,,2026-04-13T15:35:44+00:00
run_20260413T113749Z,54b596e9aa031e0b995386588d138f2abbae2ca5,PS-02_AIGR-S66270_NCIIPC_02_03_2026.xlsx,rahbiz.com,https://rahbiz.com,,,,,0,0,0,,,,,0,pending,pending,pending,pending,pending,pending,,,0,,2026-04-13T15:35:44+00:00
run_20260413T113749Z,c49e43badd385c0aa29086755a73ca1c00854857,PS-02_AIGR-S66270_NCIIPC_02_03_2026.xlsx,raintel.dev,https://raintel.dev,,,,,0,0,0,,,,,0,pending,pending,pending,pending,pending,pending,,,0,,2026-04-13T15:35:44+00:00
run_20260413T113749Z,02d1719ea020ad1061d44b84b5f5539765fc608c,PS-02_AIGR-S66270_NCIIPC_02_03_2026.xlsx,rb0imt.beauty,https://rb0imt.beauty,,,,,0,0,0,,,,,0,pending,pending,pending,pending,pending,pending,,,0,,2026-04-13T15:35:44+00:00
run_20260413T113749Z,0ef4e5070f5e803155ed429932532f24ed631ef2,PS-02_AIGR-S66270_NCIIPC_02_03_2026.xlsx,https://rbi-g.com,https://rbi-g.com,,,,,0,0,0,,,,,0,pending,pending,pending,pending,pending,pending,,,0,,2026-04-13T15:35:44+00:00
run_20260413T113749Z,72776acff21ec92f08b6227df953882f6643c3d0,PS-02_AIGR-S66270_NCIIPC_02_03_2026.xlsx,rbifund.co.in,https://rbifund.co.in,,,,,0,0,0,,,,,0,pending,pending,pending,pending,pending,pending,,,0,,2026-04-13T15:35:44+00:00
run_20260413T113749Z,8365edefaca65d981be7c81f6cd93e26f35ee369,PS-02_AIGR-S66270_NCIIPC_02_03_2026.xlsx,rbit.dev,https://rbit.dev,,,,,0,0,0,,,,,0,pending,pending,pending,pending,pending,pending,,,0,,2026-04-13T15:35:44+00:00
run_20260413T113749Z,818bac83eef52be4bd5b4f6a2677a564dd0692eb,PS-02_AIGR-S66270_NCIIPC_02_03_2026.xlsx,rbizone.com,https://rbizone.com,,,,,0,0,0,,,,,0,pending,pending,pending,pending,pending,pending,,,0,,2026-04-13T15:35:44+00:00
run_20260413T113749Z,0f813b582376d9f40721ba79b502dab564d752a2,PS-02_AIGR-S66270_NCIIPC_02_03_2026.xlsx,rbmin.com,https://rbmin.com,,,,,0,0,0,,,,,0,pending,pending,pending,pending,pending,pending,,,0,,2026-04-13T15:35:44+00:00
run_20260413T113749Z,70f360e7254432b8cdf4bca04f73ba9cc5f7c07a,PS-02_AIGR-S66270_NCIIPC_02_03_2026.xlsx,rboji4.makeup,https://rboji4.makeup,dns_gate,registration_passthrough,dns_gate_no_answer,no A/AAAA answers for rboji4.makeup,0,0,0,,ray-dns-gate,,,0,pending,pending,pending,pending,pending,pending,,dns_not_mapped_to_ip,0,,2026-04-13T15:35:54+00:00
run_20260413T113749Z,fa2081627b8c87438b551f97766d7e47c70eaf63,PS-02_AIGR-S66270_NCIIPC_02_03_2026.xlsx,rbpi.info,https://rbpi.info,,,,,0,0,0,,,,,0,pending,pending,pending,pending,pending,pending,,,0,,2026-04-13T15:35:44+00:00
run_20260413T113749Z,fe461b604071fc319b65c116b857700e477a17fc,PS-02_AIGR-S66270_NCIIPC_02_03_2026.xlsx,rbsindia.com,https://rbsindia.com,,,,,0,0,0,,,,,0,pending,pending,pending,pending,pending,pending,,,0,,2026-04-13T15:35:44+00:00
run_20260413T113749Z,d8a19c9a1160942fcfff9711d4ca96ade8a79c71,PS-02_AIGR-S66270_NCIIPC_02_03_2026.xlsx,rbtxio.com,https://rbtxio.com,,,,,0,0,0,,,,,0,pending,pending,pending,pending,pending,pending,,,0,,2026-04-13T15:35:44+00:00
run_20260413T113749Z,c207ab0105207c813da91d6bab69c56f6bff27d8,PS-02_AIGR-S66270_NCIIPC_02_03_2026.xlsx,rbtxiq.com,https://rbtxiq.com,,,,,0,0,0,,,,,0,pending,pending,pending,pending,pending,pending,,,0,,2026-04-13T15:35:44+00:00
run_20260413T113749Z,96ab41118e0f5d14b04dc39a3ba3e5502cef7f14,PS-02_AIGR-S66270_NCIIPC_02_03_2026.xlsx,rebail.com,https://rebail.com,,,,,0,0,0,,,,,0,pending,pending,pending,pending,pending,pending,,,0,,2026-04-13T15:35:44+00:00
run_20260413T113749Z,9260109fca5def408994f33391f5ab1a9498df9c,PS-02_AIGR-S66270_NCIIPC_02_03_2026.xlsx,rebail.info,https://rebail.info,,,,,0,0,0,,,,,0,pending,pending,pending,pending,pending,pending,,,0,,2026-04-13T15:35:44+00:00
run_20260413T113749Z,0c99aa227e903cddeac46139912ae636b49da2bd,PS-02_AIGR-S66270_NCIIPC_02_03_2026.xlsx,rebainfratech.com,https://rebainfratech.com,,,,,0,0,0,,,,,0,pending,pending,pending,pending,pending,pending,,,0,,2026-04-13T15:35:44+00:00
run_20260413T113749Z,b8662ce27be4a878e9fb78b4d4f6752d3b454b94,PS-02_AIGR-S66270_NCIIPC_02_03_2026.xlsx,rebecaizoton.com,https://rebecaizoton.com,,,,,0,0,0,,,,,0,pending,pending,pending,pending,pending,pending,,,0,,2026-04-13T15:35:44+00:00
run_20260413T113749Z,d2aac53f7b10a6a1ce93e4df153e032cf1f974af,PS-02_AIGR-S66270_NCIIPC_02_03_2026.xlsx,reberth.com,https://reberth.com,,,,,0,0,0,,,,,0,pending,pending,pending,pending,pending,pending,,,0,,2026-04-13T15:35:44+00:00
run_20260413T113749Z,8023f53ad9f828c07cc332ec7394695d10f18eb5,PS-02_AIGR-S66270_NCIIPC_02_03_2026.xlsx,rebida.com,https://rebida.com,,,,,0,0,0,,,,,0,pending,pending,pending,pending,pending,pending,,,0,,2026-04-13T15:35:44+00:00
run_20260413T113749Z,44b06c3e0ee6261ed73a5db892e0abe36a2ac305,PS-02_AIGR-S66270_NCIIPC_02_03_2026.xlsx,rebirth-faro.com,https://rebirth-faro.com,,,,,0,0,0,,,,,0,pending,pending,pending,pending,pending,pending,,,0,,2026-04-13T15:35:44+00:00
run_20260413T113749Z,c2f4add4b3aa8bda587e5ed281951cc8c83a4eb5,PS-02_AIGR-S66270_NCIIPC_02_03_2026.xlsx,rebirthing-piano.com,https://rebirthing-piano.com,,,,,0,0,0,,,,,0,pending,pending,pending,pending,pending,pending,,,0,,2026-04-13T15:35:44+00:00
run_20260413T113749Z,c939fab09e7cbc31fbb5cc8988f5c5484128d6cc,PS-02_AIGR-S66270_NCIIPC_02_03_2026.xlsx,rebirthwellnessgroup.com,https://rebirthwellnessgroup.com,,,,,0,0,0,,,,,0,pending,pending,pending,pending,pending,pending,,,0,,2026-04-13T15:35:44+00:00
run_20260413T113749Z,825f9fae2cab4a8ca9c14a2ab2a1ac08028a46df,PS-02_AIGR-S66270_NCIIPC_02_03_2026.xlsx,rebise.com,https://rebise.com,,,,,0,0,0,,,,,0,pending,pending,pending,pending,pending,pending,,,0,,2026-04-13T15:35:44+00:00
run_20260413T113749Z,c49ef748adde4b1e20e7a8cba96bcbf7e8c32742,PS-02_AIGR-S66270_NCIIPC_02_03_2026.xlsx,rebofitness.com,https://rebofitness.com,,,,,0,0,0,,,,,0,pending,pending,pending,pending,pending,pending,,,0,,2026-04-13T15:35:44+00:00
run_20260413T113749Z,db0f3de4f248fbbae17ae59172f8189988cb7a61,PS-02_AIGR-S66270_NCIIPC_02_03_2026.xlsx,rebvis.com,https://rebvis.com,,,,,0,0,0,,,,,0,pending,pending,pending,pending,pending,pending,,,0,,2026-04-13T15:35:44+00:00
run_20260413T113749Z,6678bac1d88b5994dcb72f2268ccb31e1b7bbf0b,PS-02_AIGR-S66270_NCIIPC_02_03_2026.xlsx,recia.app,https://recia.app,,,,,0,0,0,,,,,0,pending,pending,pending,pending,pending,pending,,,0,,2026-04-13T15:35:44+00:00
run_20260413T113749Z,9e959d84d7cd8fed45f77ac9c99406f13336a0cc,PS-02_AIGR-S66270_NCIIPC_02_03_2026.xlsx,redseaairlines.net.ru,https://redseaairlines.net.ru,,,,,0,0,0,,,,,0,pending,pending,pending,pending,pending,pending,,,0,,2026-04-13T15:35:44+00:00
run_20260413T113749Z,391b68d6708e8cab0943b5b34e3d358787567c38,PS-02_AIGR-S66270_NCIIPC_02_03_2026.xlsx,refita.ru,https://refita.ru,,,,,0,0,0,,,,,0,pending,pending,pending,pending,pending,pending,,,0,,2026-04-13T15:35:44+00:00
run_20260413T113749Z,e3c078760ce90a3a75d9213e3a6db89ed2e44b61,PS-02_AIGR-S66270_NCIIPC_02_03_2026.xlsx,https://regint.io,https://regint.io,,,,,0,0,0,,,,,0,pending,pending,pending,pending,pending,pending,,,0,,2026-04-13T15:35:44+00:00
run_20260413T113749Z,a1683bb4dafb4e245df003aeac3e6f137f29be00,PS-02_AIGR-S66270_NCIIPC_02_03_2026.xlsx,rehability.hu,https://rehability.hu,,,,,0,0,0,,,,,0,pending,pending,pending,pending,pending,pending,,,0,,2026-04-13T15:35:44+00:00
run_20260413T113749Z,8185b36029997c718fa6647805987825249cd31c,PS-02_AIGR-S66270_NCIIPC_02_03_2026.xlsx,relint.xyz,https://relint.xyz,,,,,0,0,0,,,,,0,pending,pending,pending,pending,pending,pending,,,0,,2026-04-13T15:35:44+00:00
run_20260413T113749Z,b1fc29e65aa5d39d394b779962cdf220d3a90632,PS-02_AIGR-S66270_NCIIPC_02_03_2026.xlsx,rembyt.info,https://rembyt.info,,,,,0,0,0,,,,,0,pending,pending,pending,pending,pending,pending,,,0,,2026-04-13T15:35:44+00:00
run_20260413T113749Z,da2dd53d67823f200b2403fae111c308f3611842,PS-02_AIGR-S66270_NCIIPC_02_03_2026.xlsx,https://remkit.com,https://remkit.com,,,,,0,0,0,,,,,0,pending,pending,pending,pending,pending,pending,,,0,,2026-04-13T15:35:44+00:00
run_20260413T113749Z,c13fd1048602af4debd395afe3f5a5ff12721381,PS-02_AIGR-S66270_NCIIPC_02_03_2026.xlsx,reorbit.nl,https://reorbit.nl,,,,,0,0,0,,,,,0,pending,pending,pending,pending,pending,pending,,,0,,2026-04-13T15:35:44+00:00
run_20260413T113749Z,0781d007b7ad590b8a4e6ad0d65489432351a951,PS-02_AIGR-S66270_NCIIPC_02_03_2026.xlsx,https://rerabi.click,https://rerabi.click,,,,,0,0,0,,,,,0,pending,pending,pending,pending,pending,pending,,,0,,2026-04-13T15:35:44+00:00
run_20260413T113749Z,5916f57075a01e9578b0caa70632a6c8b8fe16f4,PS-02_AIGR-S66270_NCIIPC_02_03_2026.xlsx,https://resbet.top,https://resbet.top,,,,,0,0,0,,,,,0,pending,pending,pending,pending,pending,pending,,,0,,2026-04-13T15:35:44+00:00
run_20260413T113749Z,1acedb60795c6c651cd6ffa60235c5ac757f7744,PS-02_AIGR-S66270_NCIIPC_02_03_2026.xlsx,rescloud.dev,https://rescloud.dev,,,,,0,0,0,,,,,0,pending,pending,pending,pending,pending,pending,,,0,,2026-04-13T15:35:44+00:00
run_20260413T113749Z,7e5f3635e5686c20fa0103bfafcf126a7f1476a4,PS-02_AIGR-S66270_NCIIPC_02_03_2026.xlsx,resist.email,https://resist.email,,,,,0,0,0,,,,,0,pending,pending,pending,pending,pending,pending,,,0,,2026-04-13T15:35:44+00:00
run_20260413T113749Z,57b8a153a662235bc77a37545b7dd44360de3cee,PS-02_AIGR-S66270_NCIIPC_02_03_2026.xlsx,revbri.com,https://revbri.com,,,,,0,0,0,,,,,0,pending,pending,pending,pending,pending,pending,,,0,,2026-04-13T15:35:44+00:00
run_20260413T113749Z,b266a462acdac2dcf83a500399eb03cae82049d8,PS-02_AIGR-S66270_NCIIPC_02_03_2026.xlsx,rewrit.co,https://rewrit.co,,,,,0,0,0,,,,,0,pending,pending,pending,pending,pending,pending,,,0,,2026-04-13T15:35:44+00:00
run_20260413T113749Z,48177294dd5ebd24e5fc33221a74aa5f0a2d4571,PS-02_AIGR-S66270_NCIIPC_02_03_2026.xlsx,https://rexbet.com,https://rexbet.com,,,,,0,0,0,,,,,0,pending,pending,pending,pending,pending,pending,,,0,,2026-04-13T15:35:44+00:00
run_20260413T113749Z,7c250eae744e196b93a844c569250ac536491c69,PS-02_AIGR-S66270_NCIIPC_02_03_2026.xlsx,rezibot.com,https://rezibot.com,,,,,0,0,0,,,,,0,pending,pending,pending,pending,pending,pending,,,0,,2026-04-13T15:35:44+00:00
run_20260413T113749Z,69e757c8bf976a4de324c161c83c1336e4e3b3e7,PS-02_AIGR-S66270_NCIIPC_02_03_2026.xlsx,ricindia.com,https://ricindia.com,,,,,0,0,0,,,,,0,pending,pending,pending,pending,pending,pending,,,0,,2026-04-13T15:35:44+00:00
run_20260413T113749Z,edb02968b57b23c96b8e664ce6de81681d963409,PS-02_AIGR-S66270_NCIIPC_02_03_2026.xlsx,https://rjboii.com,https://rjboii.com,,,,,0,0,0,,,,,0,pending,pending,pending,pending,pending,pending,,,0,,2026-04-13T15:35:44+00:00
run_20260413T113749Z,6e660197209ab5c3f11a45eb86041eadfa85408e,PS-02_AIGR-S66270_NCIIPC_02_03_2026.xlsx,rmbiru.com,https://rmbiru.com,,,,,0,0,0,,,,,0,pending,pending,pending,pending,pending,pending,,,0,,2026-04-13T15:35:44+00:00
run_20260413T113749Z,dfc56d286dad033662eb05e0c77186c4a16f7cdc,PS-02_AIGR-S66270_NCIIPC_02_03_2026.xlsx,robin.by,https://robin.by,,,,,0,0,0,,,,,0,pending,pending,pending,pending,pending,pending,,,0,,2026-04-13T15:35:44+00:00
run_20260413T113749Z,5398db8aa5bb37c507ea3447bcd58ff3f7acdf59,PS-02_AIGR-S66270_NCIIPC_02_03_2026.xlsx,https://rubi.network,https://rubi.network,,,,,0,0,0,,,,,0,pending,pending,pending,pending,pending,pending,,,0,,2026-04-13T15:35:44+00:00
run_20260413T113749Z,d4785b54ccf38714506d623151ff691db4d11a60,PS-02_AIGR-S66270_NCIIPC_02_03_2026.xlsx,rubiks.com,https://rubiks.com,,,,,0,0,0,,,,,0,pending,pending,pending,pending,pending,pending,,,0,,2026-04-13T15:35:44+00:00
run_20260413T113749Z,294957979dafda500632fec67d83b14e8ae5d814,PS-02_AIGR-S66270_NCIIPC_02_03_2026.xlsx,https://rubil.org,https://rubil.org,,,,,0,0,0,,,,,0,pending,pending,pending,pending,pending,pending,,,0,,2026-04-13T15:35:44+00:00
run_20260413T113749Z,37ad3b3222d01035224aa0908994cd1cc17dee29,PS-02_AIGR-S66270_NCIIPC_02_03_2026.xlsx,runbix.com,https://runbix.com,,,,,0,0,0,,,,,0,pending,pending,pending,pending,pending,pending,,,0,,2026-04-13T15:35:44+00:00
run_20260413T113749Z,44bc41bc2067ac09ff8959145f31c2040b205804,PS-02_AIGR-S66270_NCIIPC_02_03_2026.xlsx,s5acgm.beauty,https://s5acgm.beauty,,,,,0,0,0,,,,,0,pending,pending,pending,pending,pending,pending,,,0,,2026-04-13T15:35:44+00:00
run_20260413T113749Z,5fb3dd8229d123fdff3078979ecab0bc2bf30a2d,PS-02_AIGR-S66270_NCIIPC_02_03_2026.xlsx,saackh.org,https://saackh.org,,,,,0,0,0,,,,,0,pending,pending,pending,pending,pending,pending,,,0,,2026-04-13T15:35:44+00:00
run_20260413T113749Z,c5193e81b74c9fdb655f2c016db875036690a1d9,PS-02_AIGR-S66270_NCIIPC_02_03_2026.xlsx,sabct.world,https://sabct.world,,,,,0,0,0,,,,,0,pending,pending,pending,pending,pending,pending,,,0,,2026-04-13T15:35:44+00:00
run_20260413T113749Z,f8376da62f50cb19458f2cc052d821d2cb6fd04b,PS-02_AIGR-S66270_NCIIPC_02_03_2026.xlsx,https://sabiiservices.com,https://sabiiservices.com,,,,,0,0,0,,,,,0,pending,pending,pending,pending,pending,pending,,,0,,2026-04-13T15:35:44+00:00
run_20260413T113749Z,e8172065849714d752337295f12805392c58ed88,PS-02_AIGR-S66270_NCIIPC_02_03_2026.xlsx,sabiko.app,https://sabiko.app,hash,admitted,,,0,0,0,,ray-hash-admit,,,0,pending,pending,pending,admitted,pending,pending,,,0,,2026-04-13T15:36:27+00:00
run_20260413T113749Z,6157336de25f86e2de4e3d2e722931e003cfe39e,PS-02_AIGR-S66270_NCIIPC_02_03_2026.xlsx,sac-dd.com,https://sac-dd.com,,,,,0,0,0,,,,,0,pending,pending,pending,pending,pending,pending,,,0,,2026-04-13T15:35:44+00:00
run_20260413T113749Z,5660daf5ea5dd46c508a6102e712f70335cd5e1e,PS-02_AIGR-S66270_NCIIPC_02_03_2026.xlsx,sac-gpt.com,https://sac-gpt.com,,,,,0,0,0,,,,,0,pending,pending,pending,pending,pending,pending,,,0,,2026-04-13T15:35:44+00:00
run_20260413T113749Z,b1004b1bcc830b0353cb673523a9e791850b640e,PS-02_AIGR-S66270_NCIIPC_02_03_2026.xlsx,sac4kids.com,https://sac4kids.com,,,,,0,0,0,,,,,0,pending,pending,pending,pending,pending,pending,,,0,,2026-04-13T15:35:44+00:00
run_20260413T113749Z,c539bc6950625b7fd40a4694c7ce29258ad935c9,PS-02_AIGR-S66270_NCIIPC_02_03_2026.xlsx,sacback.com,https://sacback.com,,,,,0,0,0,,,,,0,pending,pending,pending,pending,pending,pending,,,0,,2026-04-13T15:35:44+00:00
run_20260413T113749Z,f5030ef7d079216ce8ae5c5199344589ade87eab,PS-02_AIGR-S66270_NCIIPC_02_03_2026.xlsx,sachviet.us,https://sachviet.us,stage1,failed,,,0,0,0,,ray-stage1,,,0,pending,failed,pending,pending,pending,filtered_lexical_miss,,,0,,2026-04-13T14:01:50+00:00
run_20260413T113749Z,d21dfbd3e6adc1a4e41ce5afdb23cec34aad92a6,PS-02_AIGR-S66270_NCIIPC_02_03_2026.xlsx,sachwort.com,https://sachwort.com,,,,,0,0,0,,,,,0,pending,pending,pending,pending,pending,pending,,,0,,2026-04-13T15:35:44+00:00
run_20260413T113749Z,5f74505dce0db0fb5de0dd5ecdb2640825de80b5,PS-02_AIGR-S66270_NCIIPC_02_03_2026.xlsx,https://sackids.us,https://sackids.us,,,,,0,0,0,,,,,0,pending,pending,pending,pending,pending,pending,,,0,,2026-04-13T15:35:44+00:00
run_20260413T113749Z,30082100e4db51305aa1d87013ee3fca4f6fa371,PS-02_AIGR-S66270_NCIIPC_02_03_2026.xlsx,sackliem.ru,https://sackliem.ru,,,,,0,0,0,,,,,0,pending,pending,pending,pending,pending,pending,,,0,,2026-04-13T15:35:44+00:00
run_20260413T113749Z,9670737bbd2637876de9ed9ffef054081f678132,PS-02_AIGR-S66270_NCIIPC_02_03_2026.xlsx,https://sackss.com,https://sackss.com,,,,,0,0,0,,,,,0,pending,pending,pending,pending,pending,pending,,,0,,2026-04-13T15:35:44+00:00
run_20260413T113749Z,bb0d2e0fc7211a5572984c345a505e4be08f1460,PS-02_AIGR-S66270_NCIIPC_02_03_2026.xlsx,https://sacosai.com,https://sacosai.com,,,,,0,0,0,,,,,0,pending,pending,pending,pending,pending,pending,,,0,,2026-04-13T15:35:44+00:00
run_20260413T113749Z,b64950eeae63adb23ccac8fc8ded9218a63c908c,PS-02_AIGR-S66270_NCIIPC_02_03_2026.xlsx,sacstore.ma,https://sacstore.ma,,,,,0,0,0,,,,,0,pending,pending,pending,pending,pending,pending,,,0,,2026-04-13T15:35:44+00:00
run_20260413T113749Z,e01996db69fa131facfe1b68eb55ff9c3a0e1671,PS-02_AIGR-S66270_NCIIPC_02_03_2026.xlsx,sactoh.com,https://sactoh.com,,,,,0,0,0,,,,,0,pending,pending,pending,pending,pending,pending,,,0,,2026-04-13T15:35:44+00:00
run_20260413T113749Z,028fdcac074b9c83876655f087ce6915d7a10d15,PS-02_AIGR-S66270_NCIIPC_02_03_2026.xlsx,https://saecva.com,https://saecva.com,,,,,0,0,0,,,,,0,pending,pending,pending,pending,pending,pending,,,0,,2026-04-13T15:35:44+00:00
run_20260413T113749Z,fadeb3610b8a672dbb356e50abcd06e3915a9a4d,PS-02_AIGR-S66270_NCIIPC_02_03_2026.xlsx,https://safbii.com,https://safbii.com,,,,,0,0,0,,,,,0,pending,pending,pending,pending,pending,pending,,,0,,2026-04-13T15:35:44+00:00
run_20260413T113749Z,76fc8d22f2c87d376e8f041fb1067e5cc2f6bde1,PS-02_AIGR-S66270_NCIIPC_02_03_2026.xlsx,saicem.top,https://saicem.top,,,,,0,0,0,,,,,0,pending,pending,pending,pending,pending,pending,,,0,,2026-04-13T15:35:44+00:00
run_20260413T113749Z,70f347a9f58eafc5f6541cd31988217a37a8a5e4,PS-02_AIGR-S66270_NCIIPC_02_03_2026.xlsx,saifindia.com,https://saifindia.com,,,,,0,0,0,,,,,0,pending,pending,pending,pending,pending,pending,,,0,,2026-04-13T15:35:44+00:00
run_20260413T113749Z,4f167d22677227767db9c7722a3e4e357a6e7f6c,PS-02_AIGR-S66270_NCIIPC_02_03_2026.xlsx,sascms.com,https://sascms.com,,,,,0,0,0,,,,,0,pending,pending,pending,pending,pending,pending,,,0,,2026-04-13T15:35:44+00:00
run_20260413T113749Z,1a28177f69d00cd2d4657c5fbd87879c04f75ef7,PS-02_AIGR-S66270_NCIIPC_02_03_2026.xlsx,satcip.com,https://satcip.com,,,,,0,0,0,,,,,0,pending,pending,pending,pending,pending,pending,,,0,,2026-04-13T15:35:44+00:00
run_20260413T113749Z,7e28ef8d233536fa8ed9eff81179488a94c09eb0,PS-02_AIGR-S66270_NCIIPC_02_03_2026.xlsx,satcom.my.id,https://satcom.my.id,,,,,0,0,0,,,,,0,pending,pending,pending,pending,pending,pending,,,0,,2026-04-13T15:35:44+00:00
run_20260413T113749Z,835f178bfa7befbb0382bfed77570805f808d21e,PS-02_AIGR-S66270_NCIIPC_02_03_2026.xlsx,saucer.casa,https://saucer.casa,,,,,0,0,0,,,,,0,pending,pending,pending,pending,pending,pending,,,0,,2026-04-13T15:35:44+00:00
run_20260413T113749Z,f9bd19e2bf40c866198909984d87ce6ce6e80651,PS-02_AIGR-S66270_NCIIPC_02_03_2026.xlsx,saucer.me,https://saucer.me,,,,,0,0,0,,,,,0,pending,pending,pending,pending,pending,pending,,,0,,2026-04-13T15:35:44+00:00
run_20260413T113749Z,1adaab8bee950e04fc2ab326468ba343ba1078ae,PS-02_AIGR-S66270_NCIIPC_02_03_2026.xlsx,https://saucy.bot,https://saucy.bot,,,,,0,0,0,,,,,0,pending,pending,pending,pending,pending,pending,,,0,,2026-04-13T15:35:44+00:00
run_20260413T113749Z,70fc60374fc2fa2254117f131686d3891306da28,PS-02_AIGR-S66270_NCIIPC_02_03_2026.xlsx,sbacap.com,https://sbacap.com,,,,,0,0,0,,,,,0,pending,pending,pending,pending,pending,pending,,,0,,2026-04-13T15:35:44+00:00
run_20260413T113749Z,68c81df011bfa0c6c9c3538d55ac9877d2cfee4c,PS-02_AIGR-S66270_NCIIPC_02_03_2026.xlsx,https://sbacards.com,https://sbacards.com,,,,,0,0,0,,,,,0,pending,pending,pending,pending,pending,pending,,,0,,2026-04-13T15:35:44+00:00
run_20260413T113749Z,c578ce6a19350bbdcd26b4ab3e3f8595cd2093f8,PS-02_AIGR-S66270_NCIIPC_02_03_2026.xlsx,sbbig.co,https://sbbig.co,,,,,0,0,0,,,,,0,pending,pending,pending,pending,pending,pending,,,0,,2026-04-13T15:35:44+00:00
run_20260413T113749Z,5c409242631f39bcac2124ab8152f0346b2d7ec2,PS-02_AIGR-S66270_NCIIPC_02_03_2026.xlsx,https://sbenin.com,https://sbenin.com,,,,,0,0,0,,,,,0,pending,pending,pending,pending,pending,pending,,,0,,2026-04-13T15:35:44+00:00
run_20260413T113749Z,7f7d7649f0e2a928eb8ab567e4a0bfd77e8dcc25,PS-02_AIGR-S66270_NCIIPC_02_03_2026.xlsx,sbiff.com,https://sbiff.com,,,,,0,0,0,,,,,0,pending,pending,pending,pending,pending,pending,,,0,,2026-04-13T15:35:44+00:00
run_20260413T113749Z,01a3b35612051738c61a1c57e78684df9084c308,PS-02_AIGR-S66270_NCIIPC_02_03_2026.xlsx,sbionics.com,https://sbionics.com,,,,,0,0,0,,,,,0,pending,pending,pending,pending,pending,pending,,,0,,2026-04-13T15:35:44+00:00
run_20260413T113749Z,f14152982a74063862a8b96e230f8cd647fcb910,PS-02_AIGR-S66270_NCIIPC_02_03_2026.xlsx,https://sbmcloud.dev,https://sbmcloud.dev,,,,,0,0,0,,,,,0,pending,pending,pending,pending,pending,pending,,,0,,2026-04-13T15:35:44+00:00
run_20260413T113749Z,f11f18ad56dfbc2ac291dd0a3cc5ad5f61687adf,PS-02_AIGR-S66270_NCIIPC_02_03_2026.xlsx,sbnitm.com,https://sbnitm.com,,,,,0,0,0,,,,,0,pending,pending,pending,pending,pending,pending,,,0,,2026-04-13T15:35:44+00:00
run_20260413T113749Z,53da62e736c88f761a7194cc5d4b7ddf81360da5,PS-02_AIGR-S66270_NCIIPC_02_03_2026.xlsx,sboziy.com,https://sboziy.com,,,,,0,0,0,,,,,0,pending,pending,pending,pending,pending,pending,,,0,,2026-04-13T15:35:44+00:00
run_20260413T113749Z,9b8be23158eb9eb1c0e7e09f3fdb10d5ea3806d7,PS-02_AIGR-S66270_NCIIPC_02_03_2026.xlsx,sbplih.help,https://sbplih.help,hash,admitted,,,0,0,0,,ray-hash-admit,,,0,pending,pending,pending,admitted,pending,pending,,,0,,2026-04-13T15:36:18+00:00
run_20260413T113749Z,cbf6ccfe307e4607e961b5885ebad8d4ce9971fc,PS-02_AIGR-S66270_NCIIPC_02_03_2026.xlsx,school-research.sa.com,https://school-research.sa.com,,,,,0,0,0,,,,,0,pending,pending,pending,pending,pending,pending,,,0,,2026-04-13T15:35:44+00:00
run_20260413T113749Z,c136205a381ece9ea3a629b7a6064e899420b132,PS-02_AIGR-S66270_NCIIPC_02_03_2026.xlsx,school-student.sa.com,https://school-student.sa.com,,,,,0,0,0,,,,,0,pending,pending,pending,pending,pending,pending,,,0,,2026-04-13T15:35:44+00:00
run_20260413T113749Z,3258034409ae34b14828e7119db0c0ba9b18f4f0,PS-02_AIGR-S66270_NCIIPC_02_03_2026.xlsx,https://science-digital.sa.com,https://science-digital.sa.com,,,,,0,0,0,,,,,0,pending,pending,pending,pending,pending,pending,,,0,,2026-04-13T15:35:44+00:00
run_20260413T113749Z,31431ea752a2d2b0a0194592116cd0c20d2791ce,PS-02_AIGR-S66270_NCIIPC_02_03_2026.xlsx,https://search.forum,https://search.forum,,,,,0,0,0,,,,,0,pending,pending,pending,pending,pending,pending,,,0,,2026-04-13T15:35:44+00:00
run_20260413T113749Z,ede7372dde2979e23286b444b7a5ac1a9134acba,PS-02_AIGR-S66270_NCIIPC_02_03_2026.xlsx,seatcn.com,https://seatcn.com,,,,,0,0,0,,,,,0,pending,pending,pending,pending,pending,pending,,,0,,2026-04-13T15:35:44+00:00
run_20260413T113749Z,28c23b5e7d9c3496b70adf24ceeb99ae9be0cbc6,PS-02_AIGR-S66270_NCIIPC_02_03_2026.xlsx,https://selacs.com,https://selacs.com,,,,,0,0,0,,,,,0,pending,pending,pending,pending,pending,pending,,,0,,2026-04-13T15:35:44+00:00
run_20260413T113749Z,760bb902ad6ce9bf7838cf0f49970bb304029956,PS-02_AIGR-S66270_NCIIPC_02_03_2026.xlsx,serenity.net.ru,https://serenity.net.ru,,,,,0,0,0,,,,,0,pending,pending,pending,pending,pending,pending,,,0,,2026-04-13T15:35:44+00:00
run_20260413T113749Z,028cafb1325b83fdac3e581a6684bd99b0a857c5,PS-02_AIGR-S66270_NCIIPC_02_03_2026.xlsx,sexinlife.com,https://sexinlife.com,,,,,0,0,0,,,,,0,pending,pending,pending,pending,pending,pending,,,0,,2026-04-13T15:35:44+00:00
run_20260413T113749Z,13cc6b3c373c6ad98684b60c2e3dad77a2816a8e,PS-02_AIGR-S66270_NCIIPC_02_03_2026.xlsx,sezindian.com,https://sezindian.com,,,,,0,0,0,,,,,0,pending,pending,pending,pending,pending,pending,,,0,,2026-04-13T15:35:44+00:00
run_20260413T113749Z,5349c8e49b2bf9968302307dad62756d5228f1d3,PS-02_AIGR-S66270_NCIIPC_02_03_2026.xlsx,sfbigh.com,https://sfbigh.com,,,,,0,0,0,,,,,0,pending,pending,pending,pending,pending,pending,,,0,,2026-04-13T15:35:44+00:00
run_20260413T113749Z,ddda36b6b18c73d9b384015252f6538507058ad2,PS-02_AIGR-S66270_NCIIPC_02_03_2026.xlsx,shacko.com,https://shacko.com,,,,,0,0,0,,,,,0,pending,pending,pending,pending,pending,pending,,,0,,2026-04-13T15:35:44+00:00
run_20260413T113749Z,d42ec2605fbe119be08d69f84a3e2315c6936ca8,PS-02_AIGR-S66270_NCIIPC_02_03_2026.xlsx,shaclt.com,https://shaclt.com,,,,,0,0,0,,,,,0,pending,pending,pending,pending,pending,pending,,,0,,2026-04-13T15:35:44+00:00
run_20260413T113749Z,0078d7495ed74f6406c9e70b99d8d509c02c2bf4,PS-02_AIGR-S66270_NCIIPC_02_03_2026.xlsx,shacow.com,https://shacow.com,,,,,0,0,0,,,,,0,pending,pending,pending,pending,pending,pending,,,0,,2026-04-13T15:35:44+00:00
run_20260413T113749Z,0fe96c90e57f31accfd4cca827974b84f7b23bda,PS-02_AIGR-S66270_NCIIPC_02_03_2026.xlsx,sharcc.dev,https://sharcc.dev,,,,,0,0,0,,,,,0,pending,pending,pending,pending,pending,pending,,,0,,2026-04-13T15:35:44+00:00
run_20260413T113749Z,b6513c2cd1ba40fbc4b155b226dd53ccfe389fd5,PS-02_AIGR-S66270_NCIIPC_02_03_2026.xlsx,shbiya.com,https://shbiya.com,,,,,0,0,0,,,,,0,pending,pending,pending,pending,pending,pending,,,0,,2026-04-13T15:35:44+00:00
run_20260413T113749Z,b526fcc158b4a9efa91bf25903ab45b11164fb69,PS-02_AIGR-S66270_NCIIPC_02_03_2026.xlsx,sheindlina.com,https://sheindlina.com,,,,,0,0,0,,,,,0,pending,pending,pending,pending,pending,pending,,,0,,2026-04-13T15:35:44+00:00
run_20260413T113749Z,ec2088f82fa4a7a337220c0f1754108415c88bb5,PS-02_AIGR-S66270_NCIIPC_02_03_2026.xlsx,siliye.asia,https://siliye.asia,,,,,0,0,0,,,,,0,pending,pending,pending,pending,pending,pending,,,0,,2026-04-13T15:35:44+00:00
run_20260413T113749Z,d185908f9f99e220b5564fffaab75c0a1f1a69e5,PS-02_AIGR-S66270_NCIIPC_02_03_2026.xlsx,sironasecurities.com,https://sironasecurities.com,dns_gate,accepted,,,0,0,0,,ray-dns-gate,,,0,pending,pending,pending,pending,pending,pending,,,0,,2026-04-13T15:35:54+00:00
run_20260413T113749Z,4b31c95c573f9011184022924dd3dd97322e5403,PS-02_AIGR-S66270_NCIIPC_02_03_2026.xlsx,sixcloud.xyz,https://sixcloud.xyz,dns_gate,filtered_dns_inactive,dns_gate_no_answer,no A/AAAA answers for sixcloud.xyz,0,0,0,,ray-dns-gate,,,0,pending,pending,pending,pending,pending,filtered_lexical_miss,,dns_gate_inactive,0,,2026-04-13T12:18:20+00:00
run_20260413T113749Z,564e90af9fc285bc3344481696fb88913f80b1d3,PS-02_AIGR-S66270_NCIIPC_02_03_2026.xlsx,smackn.com,https://smackn.com,,,,,0,0,0,,,,,0,pending,pending,pending,pending,pending,pending,,,0,,2026-04-13T15:35:44+00:00
run_20260413T113749Z,5b727a2eee03636a9f8a40e683ee7319c589089a,PS-02_AIGR-S66270_NCIIPC_02_03_2026.xlsx,smsonline.pl,https://smsonline.pl,,,,,0,0,0,,,,,0,pending,pending,pending,pending,pending,pending,,,0,,2026-04-13T15:35:44+00:00
run_20260413T113749Z,bd26c0ee42a20c96386825e0d74b62c3ecfd03c3,PS-02_AIGR-S66270_NCIIPC_02_03_2026.xlsx,snackb.dev,https://snackb.dev,,,,,0,0,0,,,,,0,pending,pending,pending,pending,pending,pending,,,0,,2026-04-13T15:35:44+00:00
run_20260413T113749Z,18e93bec67e7f3ca0ecf21648bb4a8b34dca8ec6,PS-02_AIGR-S66270_NCIIPC_02_03_2026.xlsx,snacqo.com,https://snacqo.com,,,,,0,0,0,,,,,0,pending,pending,pending,pending,pending,pending,,,0,,2026-04-13T15:35:44+00:00
run_20260413T113749Z,d3b433d29dc5d63f34709704210828296c3b140d,PS-02_AIGR-S66270_NCIIPC_02_03_2026.xlsx,https://spacam.com,https://spacam.com,,,,,0,0,0,,,,,0,pending,pending,pending,pending,pending,pending,,,0,,2026-04-13T15:35:44+00:00
run_20260413T113749Z,e10c82baa7d61d4b9c88f14dae32581d5d78a67c,PS-02_AIGR-S66270_NCIIPC_02_03_2026.xlsx,space.sarl,https://space.sarl,,,,,0,0,0,,,,,0,pending,pending,pending,pending,pending,pending,,,0,,2026-04-13T15:35:44+00:00
run_20260413T113749Z,e7bb2c25bc1331ea7c97fdc0bf3136abb130d525,PS-02_AIGR-S66270_NCIIPC_02_03_2026.xlsx,spacex.vip,https://spacex.vip,,,,,0,0,0,,,,,0,pending,pending,pending,pending,pending,pending,,,0,,2026-04-13T15:35:44+00:00
run_20260413T113749Z,a54bca0eba3591de032921c965643394b607b16c,PS-02_AIGR-S66270_NCIIPC_02_03_2026.xlsx,spacex.wf,https://spacex.wf,,,,,0,0,0,,,,,0,pending,pending,pending,pending,pending,pending,,,0,,2026-04-13T15:35:44+00:00
run_20260413T113749Z,3132b7fa2c51e6199c18981a3dab9ac17d39a011,PS-02_AIGR-S66270_NCIIPC_02_03_2026.xlsx,spellindia.com,https://spellindia.com,,,,,0,0,0,,,,,0,pending,pending,pending,pending,pending,pending,,,0,,2026-04-13T15:35:44+00:00
run_20260413T113749Z,8a4af25a0f2fefb7a0abb53d70015454b4b0e5ef,PS-02_AIGR-S66270_NCIIPC_02_03_2026.xlsx,spybia.com,https://spybia.com,,,,,0,0,0,,,,,0,pending,pending,pending,pending,pending,pending,,,0,,2026-04-13T15:35:44+00:00
run_20260413T113749Z,9fbaf501c5c20cf4c72398c07d6b47ef0cb71dc7,PS-02_AIGR-S66270_NCIIPC_02_03_2026.xlsx,ssfact.com,https://ssfact.com,stage1,failed,,,0,0,0,,ray-stage1,,,0,pending,failed,pending,pending,pending,filtered_lexical_miss,,,0,,2026-04-13T11:39:19+00:00
run_20260413T113749Z,88054bd806c6316c31996b801da9dd62fba11e25,PS-02_AIGR-S66270_NCIIPC_02_03_2026.xlsx,sstar.uno,https://sstar.uno,,,,,0,0,0,,,,,0,pending,pending,pending,pending,pending,pending,,,0,,2026-04-13T15:35:44+00:00
run_20260413T113749Z,c37c4cf06289ab744115d05842e21c7060ef60fc,PS-02_AIGR-S66270_NCIIPC_02_03_2026.xlsx,https://stacy.coach,https://stacy.coach,,,,,0,0,0,,,,,0,pending,pending,pending,pending,pending,pending,,,0,,2026-04-13T15:35:44+00:00
run_20260413T113749Z,f3de85626a097e80e34e5724566143d108eb98a3,PS-02_AIGR-S66270_NCIIPC_02_03_2026.xlsx,stakeindia.biz,https://stakeindia.biz,,,,,0,0,0,,,,,0,pending,pending,pending,pending,pending,pending,,,0,,2026-04-13T15:35:44+00:00
run_20260413T113749Z,4e4e31c27a69a6ed37aaba887ed812715e483c1e,PS-02_AIGR-S66270_NCIIPC_02_03_2026.xlsx,https://stjacm.com,https://stjacm.com,,,,,0,0,0,,,,,0,pending,pending,pending,pending,pending,pending,,,0,,2026-04-13T15:35:44+00:00
run_20260413T113749Z,742f87ec615cd5bd0253723e90e3206f682455f9,PS-02_AIGR-S66270_NCIIPC_02_03_2026.xlsx,stracu.com,https://stracu.com,,,,,0,0,0,,,,,0,pending,pending,pending,pending,pending,pending,,,0,,2026-04-13T15:35:44+00:00
run_20260413T113749Z,5b2ad31f885bd0529af041030cc199fe3e1e42de,PS-02_AIGR-S66270_NCIIPC_02_03_2026.xlsx,stubsecurities.com,https://stubsecurities.com,,,,,0,0,0,,,,,0,pending,pending,pending,pending,pending,pending,,,0,,2026-04-13T15:35:44+00:00
run_20260413T113749Z,4fbe8283a00cf01adbc55382455dfc3ec5e557fc,PS-02_AIGR-S66270_NCIIPC_02_03_2026.xlsx,suacom.com,https://suacom.com,dns_gate,filtered_dns_inactive,dns_gate_no_answer,no A/AAAA answers for suacom.com,0,0,0,,ray-dns-gate,,,0,pending,pending,pending,pending,pending,filtered_lexical_miss,,dns_gate_inactive,0,,2026-04-13T14:01:30+00:00
run_20260413T113749Z,dd46993c20fd0a091b632a547696fedfdbfb3f47,PS-02_AIGR-S66270_NCIIPC_02_03_2026.xlsx,subib.com,https://subib.com,,,,,0,0,0,,,,,0,pending,pending,pending,pending,pending,pending,,,0,,2026-04-13T15:35:44+00:00
run_20260413T113749Z,66bc26b8678a2db868168291d1d8465cf049044b,PS-02_AIGR-S66270_NCIIPC_02_03_2026.xlsx,subito.today,https://subito.today,,,,,0,0,0,,,,,0,pending,pending,pending,pending,pending,pending,,,0,,2026-04-13T15:35:44+00:00
run_20260413T113749Z,12679c0d3834ce7da22075972e043f56aca7bc1f,PS-02_AIGR-S66270_NCIIPC_02_03_2026.xlsx,subvip.com,https://subvip.com,,,,,0,0,0,,,,,0,pending,pending,pending,pending,pending,pending,,,0,,2026-04-13T15:35:44+00:00
run_20260413T113749Z,0faf6f8cbf0b39bd826aa08da6397c24937044b2,PS-02_AIGR-S66270_NCIIPC_02_03_2026.xlsx,sumocloud.xyz,https://sumocloud.xyz,,,,,0,0,0,,,,,0,pending,pending,pending,pending,pending,pending,,,0,,2026-04-13T15:35:44+00:00
run_20260413T113749Z,d501320927478cff639df7d734bb7aa4b7f1976d,PS-02_AIGR-S66270_NCIIPC_02_03_2026.xlsx,swebid.com,https://swebid.com,,,,,0,0,0,,,,,0,pending,pending,pending,pending,pending,pending,,,0,,2026-04-13T15:35:44+00:00
run_20260413T113749Z,d0c46355ae838dd7903aaa95ae0afa14bfafabc2,PS-02_AIGR-S66270_NCIIPC_02_03_2026.xlsx,sxbig.com,https://sxbig.com,,,,,0,0,0,,,,,0,pending,pending,pending,pending,pending,pending,,,0,,2026-04-13T15:35:44+00:00
run_20260413T113749Z,63d0337399416eb9d0c139cf430f48eef4889ada,PS-02_AIGR-S66270_NCIIPC_02_03_2026.xlsx,syfcloud.com,https://syfcloud.com,,,,,0,0,0,,,,,0,pending,pending,pending,pending,pending,pending,,,0,,2026-04-13T15:35:44+00:00
run_20260413T113749Z,2a382b5425c2aaa3abf880aa862c4816ad457102,PS-02_AIGR-S66270_NCIIPC_02_03_2026.xlsx,tariffrepayment.com,https://tariffrepayment.com,,,,,0,0,0,,,,,0,pending,pending,pending,pending,pending,pending,,,0,,2026-04-13T15:35:44+00:00
run_20260413T113749Z,38e224312f26285a09eedbb7f02484f5484ed0aa,PS-02_AIGR-S66270_NCIIPC_02_03_2026.xlsx,taxiski.com,https://taxiski.com,dns_gate,registration_passthrough,dns_gate_no_answer,no A/AAAA answers for taxiski.com,0,0,0,,ray-dns-gate,,,0,pending,pending,pending,pending,pending,pending,,dns_not_mapped_to_ip,0,,2026-04-13T15:35:54+00:00
run_20260413T113749Z,979adffdf1e672cfd428f1d80444d736a91c3cb3,PS-02_AIGR-S66270_NCIIPC_02_03_2026.xlsx,tds.ceo,https://tds.ceo,,,,,0,0,0,,,,,0,pending,pending,pending,pending,pending,pending,,,0,,2026-04-13T15:35:44+00:00
run_20260413T113749Z,d625c01ff73836279425276055e0725c0d7b9aed,PS-02_AIGR-S66270_NCIIPC_02_03_2026.xlsx,tdscomputer.com,https://tdscomputer.com,,,,,0,0,0,,,,,0,pending,pending,pending,pending,pending,pending,,,0,,2026-04-13T15:35:44+00:00
run_20260413T113749Z,880f4273891509b0b073443bc80a312ab838b696,PS-02_AIGR-S66270_NCIIPC_02_03_2026.xlsx,tibbs4life.com,https://tibbs4life.com,,,,,0,0,0,,,,,0,pending,pending,pending,pending,pending,pending,,,0,,2026-04-13T15:35:44+00:00
run_20260413T113749Z,a9ece868b8f7997a5d57755cbdd29cf202694c8c,PS-02_AIGR-S66270_NCIIPC_02_03_2026.xlsx,tkz981.sa.com,https://tkz981.sa.com,,,,,0,0,0,,,,,0,pending,pending,pending,pending,pending,pending,,,0,,2026-04-13T15:35:44+00:00
run_20260413T113749Z,b6965367b9e2a71fb92f26f912e20d440643448f,PS-02_AIGR-S66270_NCIIPC_02_03_2026.xlsx,trendbite.com,https://trendbite.com,,,,,0,0,0,,,,,0,pending,pending,pending,pending,pending,pending,,,0,,2026-04-13T15:35:44+00:00
run_20260413T113749Z,df646c88a43a991c6ad9ca5af52c642d181d7a01,PS-02_AIGR-S66270_NCIIPC_02_03_2026.xlsx,tsc.co.mz,https://tsc.co.mz,,,,,0,0,0,,,,,0,pending,pending,pending,pending,pending,pending,,,0,,2026-04-13T15:35:44+00:00
run_20260413T113749Z,3dd70fa4be4ed1fc6f6382c72f73545850c17698,PS-02_AIGR-S66270_NCIIPC_02_03_2026.xlsx,uditrai.com,https://uditrai.com,,,,,0,0,0,,,,,0,pending,pending,pending,pending,pending,pending,,,0,,2026-04-13T15:35:44+00:00
run_20260413T113749Z,ccec0b382e776353033f49b0bc2ef24461a41336,PS-02_AIGR-S66270_NCIIPC_02_03_2026.xlsx,uikami.com,https://uikami.com,,,,,0,0,0,,,,,0,pending,pending,pending,pending,pending,pending,,,0,,2026-04-13T15:35:44+00:00
run_20260413T113749Z,472a5dc5cd3804d9fef0ed2e0015802139ba2a8e,PS-02_AIGR-S66270_NCIIPC_02_03_2026.xlsx,urbio.co,https://urbio.co,,,,,0,0,0,,,,,0,pending,pending,pending,pending,pending,pending,,,0,,2026-04-13T15:35:44+00:00
run_20260413T113749Z,47115ad35f7f630c76108bcb370ee3a96d181730,PS-02_AIGR-S66270_NCIIPC_02_03_2026.xlsx,https://uyiai.com,https://uyiai.com,,,,,0,0,0,,,,,0,pending,pending,pending,pending,pending,pending,,,0,,2026-04-13T15:35:44+00:00
run_20260413T113749Z,fe3c7824a9171e3bd655a3889636b55eb909cca2,PS-02_AIGR-S66270_NCIIPC_02_03_2026.xlsx,v5m5.dev,https://v5m5.dev,,,,,0,0,0,,,,,0,pending,pending,pending,pending,pending,pending,,,0,,2026-04-13T15:35:44+00:00
run_20260413T113749Z,1d4f5721062dad7068e84ee3f2f858b321af3428,PS-02_AIGR-S66270_NCIIPC_02_03_2026.xlsx,valtricpayments.com,https://valtricpayments.com,dns_gate,accepted,,,0,0,0,,ray-dns-gate,,,0,pending,pending,pending,pending,pending,pending,,,0,,2026-04-13T15:35:54+00:00
run_20260413T113749Z,965baf2e9cbc34a8167621ea2d481e4317b7d9c6,PS-02_AIGR-S66270_NCIIPC_02_03_2026.xlsx,vclouds.xyz,https://vclouds.xyz,,,,,0,0,0,,,,,0,pending,pending,pending,pending,pending,pending,,,0,,2026-04-13T15:35:44+00:00
run_20260413T113749Z,4020396ca87637fa0eecb38ad357745a5d023d0c,PS-02_AIGR-S66270_NCIIPC_02_03_2026.xlsx,https://vexcloud.com,https://vexcloud.com,,,,,0,0,0,,,,,0,pending,pending,pending,pending,pending,pending,,,0,,2026-04-13T15:35:44+00:00
run_20260413T113749Z,7e2fbd0c75f7eaf5f0f88be0fd92ec3b4d988052,PS-02_AIGR-S66270_NCIIPC_02_03_2026.xlsx,virginexpress.info,https://virginexpress.info,,,,,0,0,0,,,,,0,pending,pending,pending,pending,pending,pending,,,0,,2026-04-13T15:35:44+00:00
run_20260413T113749Z,55c9a0943f559790c4224b88ec3487d715913647,PS-02_AIGR-S66270_NCIIPC_02_03_2026.xlsx,visaroy.com,https://visaroy.com,,,,,0,0,0,,,,,0,pending,pending,pending,pending,pending,pending,,,0,,2026-04-13T15:35:44+00:00
run_20260413T113749Z,8fd39e4276a59809ead8dc3d61f66421be465e81,PS-02_AIGR-S66270_NCIIPC_02_03_2026.xlsx,visiindirect.com,https://visiindirect.com,,,,,0,0,0,,,,,0,pending,pending,pending,pending,pending,pending,,,0,,2026-04-13T15:35:44+00:00
run_20260413T113749Z,4ed6ba9fa9ba55d08852cdef82389942e2795031,PS-02_AIGR-S66270_NCIIPC_02_03_2026.xlsx,voss.bayern,https://voss.bayern,,,,,0,0,0,,,,,0,pending,pending,pending,pending,pending,pending,,,0,,2026-04-13T15:35:44+00:00
run_20260413T113749Z,c17f29cc729e82e246fe41a2f0140ea32591466d,PS-02_AIGR-S66270_NCIIPC_02_03_2026.xlsx,vpss.dev,https://vpss.dev,,,,,0,0,0,,,,,0,pending,pending,pending,pending,pending,pending,,,0,,2026-04-13T15:35:44+00:00
run_20260413T113749Z,c871459593bc6c5f7aec5469f3bbee60fd82d701,PS-02_AIGR-S66270_NCIIPC_02_03_2026.xlsx,vs85.com,https://vs85.com,,,,,0,0,0,,,,,0,pending,pending,pending,pending,pending,pending,,,0,,2026-04-13T15:35:44+00:00
run_20260413T113749Z,e558680d73425e405768a42bc7d5aceb4916ea73,PS-02_AIGR-S66270_NCIIPC_02_03_2026.xlsx,vsindia.com,https://vsindia.com,,,,,0,0,0,,,,,0,pending,pending,pending,pending,pending,pending,,,0,,2026-04-13T15:35:44+00:00
run_20260413T113749Z,132e26d9aef9205bba51b22051d3fe5bb2eb2b79,PS-02_AIGR-S66270_NCIIPC_02_03_2026.xlsx,wcloud.nz,https://wcloud.nz,,,,,0,0,0,,,,,0,pending,pending,pending,pending,pending,pending,,,0,,2026-04-13T15:35:44+00:00
run_20260413T113749Z,a6660cd21a471cdd61fe4b03f3dd62c75aed87b8,PS-02_AIGR-S66270_NCIIPC_02_03_2026.xlsx,whdsfck.com,https://whdsfck.com,,,,,0,0,0,,,,,0,pending,pending,pending,pending,pending,pending,,,0,,2026-04-13T15:35:44+00:00
run_20260413T113749Z,3e003c14a1d97a3a2516d40ff534328ea20b1e4c,PS-02_AIGR-S66270_NCIIPC_02_03_2026.xlsx,witcloud.xyz,https://witcloud.xyz,dns_gate,filtered_dns_inactive,dns_gate_no_answer,no A/AAAA answers for witcloud.xyz,0,0,0,,ray-dns-gate,,,0,pending,pending,pending,pending,pending,filtered_lexical_miss,,dns_gate_inactive,0,,2026-04-13T11:38:28+00:00
run_20260413T113749Z,bb30045847023f65c48b887d6de40134bbabd348,PS-02_AIGR-S66270_NCIIPC_02_03_2026.xlsx,xclouds.club,https://xclouds.club,,,,,0,0,0,,,,,0,pending,pending,pending,pending,pending,pending,,,0,,2026-04-13T15:35:44+00:00
run_20260413T113749Z,26f02ef95fe91b9fc9d93fb8d5b20e168340da33,PS-02_AIGR-S66270_NCIIPC_02_03_2026.xlsx,xercloud.net,https://xercloud.net,,,,,0,0,0,,,,,0,pending,pending,pending,pending,pending,pending,,,0,,2026-04-13T15:35:44+00:00
run_20260413T113749Z,dcb0fdc7003d69e9abc524190d45017cf12e76a6,PS-02_AIGR-S66270_NCIIPC_02_03_2026.xlsx,zhdftc.com,https://zhdftc.com,,,,,0,0,0,,,,,0,pending,pending,pending,pending,pending,pending,,,0,,2026-04-13T15:35:44+00:00
