run_id,hashed_at_utc,source_workbook,export_workbook,raw_url,normalized_url,final_landing_url,domain,final_domain,hash_mode,fetch_status,visual_status,fetch_error_type,fetch_error_detail,parking_provider,parking_reason,screenshot_path,target_url_sha256,favicon_hash_raw,ssl_hash_raw,html_hash_raw,page_hash_raw,domain_hash_raw,best_entity,best_matching_domain,hash_score,confidence_band,score_margin,lexical_score,direct_brand_evidence_count,deceptive_host_embedding,content_spoof_strong,favicon_hash_similarity,favicon_hash_distance,page_hash_similarity,page_hash_distance,domain_hash_similarity,domain_hash_distance,ssl_hash_similarity,ssl_hash_distance,signal_hit_favicon,signal_hit_ssl_hash,signal_hit_html_hash,signal_hit_domain_hash,hash_anchor,admission_path,review_reason
run_20260409T090716Z,2026-04-09T09:07:51+00:00,AIGR-S66270_Ground_Truth.xlsx|PS-02_AIGR-S66270_NCIIPC_28_02_2026.xlsx|urls.xlsx,PS-02_AIGR-S66270_NCIIPC_28_02_2026.xlsx,https://airtel-merchants.club,https://airtel-merchants.club,,airtel-merchants.club,airtel-merchants.club,exact,failed,not_attempted,navigation_error,"Page.goto: net::ERR_NAME_NOT_RESOLVED at https://airtel-merchants.club/ | Call log: - navigating to ""https://airtel-merchants.club/"", waiting until ""domcontentloaded""",,,,024bce4539d644727d55eb7ba57e33711e7613a88120094d62b280b5be71af14,,,,,,Airtel,airtel.in,0.0,Low,0.0,0.875,0,False,False,0.0,-1,0.0,-1,0.0,-1,0.0,-1,False,False,False,False,False,,
run_20260409T090716Z,2026-04-09T09:07:51+00:00,AIGR-S66270_Ground_Truth.xlsx|PS-02_AIGR-S66270_NCIIPC_28_02_2026.xlsx,PS-02_AIGR-S66270_NCIIPC_28_02_2026.xlsx,https://airtelmetaverse.com,https://airtelmetaverse.com,,airtelmetaverse.com,airtelmetaverse.com,exact,failed,not_attempted,navigation_error,"Page.goto: net::ERR_INSUFFICIENT_RESOURCES at https://airtelmetaverse.com/ | Call log: - navigating to ""https://airtelmetaverse.com/"", waiting until ""domcontentloaded""",,,,802e9eb34fb0c1b589b2a3c4e2df1f1a2d61c299652c5a94b92901bcd145bfd8,,,,,,Airtel,airtel.in,0.0,Low,0.0,0.88,0,False,False,0.0,-1,0.0,-1,0.0,-1,0.0,-1,False,False,False,False,False,,
run_20260409T090716Z,2026-04-09T09:07:51+00:00,AIGR-S66270_Ground_Truth.xlsx|PS-02_AIGR-S66270_NCIIPC_28_02_2026.xlsx,PS-02_AIGR-S66270_NCIIPC_28_02_2026.xlsx,https://incometaxgov.info,https://incometaxgov.info,,incometaxgov.info,incometaxgov.info,exact,failed,not_attempted,navigation_error,"Page.goto: net::ERR_CONNECTION_REFUSED at https://incometaxgov.info/ | Call log: - navigating to ""https://incometaxgov.info/"", waiting until ""domcontentloaded""",,,,4dc09b2ea68497f0a4b271845f5119e7e4f8135e0b9411696d37a0d374adfd87,,,,,,Income Tax Department,incometaxindia.gov.in,0.0,Low,0.0,0.8786,0,False,False,0.0,-1,0.0,-1,0.0,-1,0.0,-1,False,False,False,False,False,,
run_20260409T090716Z,2026-04-09T09:07:51+00:00,AIGR-S66270_Ground_Truth.xlsx|PS-02_AIGR-S66270_NCIIPC_28_02_2026.xlsx,PS-02_AIGR-S66270_NCIIPC_28_02_2026.xlsx,https://airtel-zungusha.lol,https://airtel-zungusha.lol,,airtel-zungusha.lol,airtel-zungusha.lol,exact,failed,not_attempted,navigation_error,"Page.goto: net::ERR_NAME_NOT_RESOLVED at https://airtel-zungusha.lol/ | Call log: - navigating to ""https://airtel-zungusha.lol/"", waiting until ""domcontentloaded""",,,,1a3b355fe4d6855ca0d571dc7b4f26d5cfa0f0a2f83753af927a405ede5021a3,,,,,,Airtel,airtel.in,0.0,Low,0.0,0.88,0,False,False,0.0,-1,0.0,-1,0.0,-1,0.0,-1,False,False,False,False,False,,
run_20260409T090716Z,2026-04-09T09:07:52+00:00,PS-02_AIGR-S66270_NCIIPC_28_02_2026.xlsx,PS-02_AIGR-S66270_NCIIPC_28_02_2026.xlsx,https://incometaxgov.org,https://incometaxgov.org,https://incometaxgov.org/,incometaxgov.org,incometaxgov.org,exact,fetched,available,,,,,c:\Users\SATWIK\Documents\Phishing\phishing_pipeline\screens\incometaxgov.org.png,1ca454c8d6d7c0190880b52b214f6cc7c3842a62d0b478caae7f255095cc8bd4,,,,,,Income Tax Department,incometaxindia.gov.in,37.6531,Low,37.6531,0.8786,0,False,False,0.0,-1,0.0,-1,0.0,-1,0.0,-1,False,False,False,False,False,weak_direct_evidence|network_corroboration,
run_20260409T090716Z,2026-04-09T09:07:56+00:00,PS-02_AIGR-S66270_NCIIPC_28_02_2026.xlsx,PS-02_AIGR-S66270_NCIIPC_28_02_2026.xlsx,https://incometaxgov.org,https://incometaxgov.org,https://incometaxgov.org/,incometaxgov.org,incometaxgov.org,exact,fetched,available,,,,,c:\Users\SATWIK\Documents\Phishing\phishing_pipeline\screens\incometaxgov.org.png,1ca454c8d6d7c0190880b52b214f6cc7c3842a62d0b478caae7f255095cc8bd4,,,,,,Income Tax Department,incometaxindia.gov.in,37.6531,Low,37.6531,0.8786,0,False,False,0.0,-1,0.0,-1,0.0,-1,0.0,-1,False,False,False,False,False,weak_direct_evidence|network_corroboration,
run_20260409T090716Z,2026-04-09T09:07:56+00:00,AIGR-S66270_Ground_Truth.xlsx|PS-02_AIGR-S66270_NCIIPC_28_02_2026.xlsx|urls.xlsx,PS-02_AIGR-S66270_NCIIPC_28_02_2026.xlsx,https://airtell.ai,https://airtell.ai,,airtell.ai,airtell.ai,exact,failed,not_attempted,navigation_transient_browser_error,"Page.goto: Target page, context or browser has been closed | Call log: - navigating to ""https://airtell.ai/"", waiting until ""commit""",,,,3f369f17116fd0be14dcf3e991285c626e0ea4399bf912bc0f7b444b24d9ccd2,,,,,,Airtel,airtel.in,0.0,Low,0.0,0.9714,0,False,False,0.0,-1,0.0,-1,0.0,-1,0.0,-1,False,False,False,False,False,,
run_20260409T090716Z,2026-04-09T09:08:20+00:00,PS-02_AIGR-S66270_NCIIPC_06_03_2026.xlsx|PS-02_AIGR-S66270_NCIIPC_28_02_2026.xlsx,PS-02_AIGR-S66270_NCIIPC_28_02_2026.xlsx,https://jidoka.com,https://jidoka.com,,jidoka.com,jidoka.com,exact,failed,not_attempted,navigation_transient_browser_error,"BrowserContext.new_page: Target page, context or browser has been closed",,,,94201da827b2e2c853f073b49cd73b13b92663659afa0832f2a3295fa398cbcf,,,,,,Jio,jio.com,0.0,Low,0.0,0.8667,0,False,False,0.0,-1,0.0,-1,0.0,-1,0.0,-1,False,False,False,False,False,,
run_20260409T090716Z,2026-04-09T09:08:20+00:00,PS-02_AIGR-S66270_NCIIPC_06_03_2026.xlsx|PS-02_AIGR-S66270_NCIIPC_28_02_2026.xlsx,PS-02_AIGR-S66270_NCIIPC_28_02_2026.xlsx,https://rebila.site,https://rebila.site,,rebila.site,rebila.site,exact,failed,not_attempted,navigation_transient_browser_error,"BrowserContext.new_page: Target page, context or browser has been closed",,,,d038de9467be1372bf248e257c3db8257f474d383fd6144d9d889675b99b4ce5,,,,,,Reserve Bank of India (RBI),rbi.org.in,0.0,Low,0.0,0.85,0,False,False,0.0,-1,0.0,-1,0.0,-1,0.0,-1,False,False,False,False,False,,
run_20260409T090716Z,2026-04-09T09:08:21+00:00,PS-02_AIGR-S66270_NCIIPC_28_02_2026.xlsx,PS-02_AIGR-S66270_NCIIPC_28_02_2026.xlsx,https://onlinecasinosmac.com,https://onlinecasinosmac.com,,onlinecasinosmac.com,onlinecasinosmac.com,exact,failed,not_attempted,navigation_transient_browser_error,"BrowserContext.new_page: Target page, context or browser has been closed",,,,0c25cad1e3e3ec53fd8dd95f2ea8fda5806af791a5719e73ee4c2648d1deaee4,,,,,,State Bank of India (SBI),corp.onlinesbi.sbi,0.0,Low,0.0,0.8778,0,False,False,0.0,-1,0.0,-1,0.0,-1,0.0,-1,False,False,False,False,False,,
run_20260409T090716Z,2026-04-09T09:08:21+00:00,PS-02_AIGR-S66270_NCIIPC_28_02_2026.xlsx,PS-02_AIGR-S66270_NCIIPC_28_02_2026.xlsx,https://axispaving.com,https://axispaving.com,,axispaving.com,axispaving.com,exact,failed,not_attempted,navigation_transient_browser_error,"BrowserContext.new_page: Target page, context or browser has been closed",,,,5c2e80f05a00c44d787bfebd377fb7a7a34892a207392ee4822121c7b8a3eb66,,,,,,Axis Bank,axismaxlife.com,0.0,Low,0.0,0.8291,0,False,False,0.0,-1,0.0,-1,0.0,-1,0.0,-1,False,False,False,False,False,,
run_20260409T090716Z,2026-04-09T09:08:21+00:00,PS-02_AIGR-S66270_NCIIPC_28_02_2026.xlsx,PS-02_AIGR-S66270_NCIIPC_28_02_2026.xlsx,https://buildaion.site,https://buildaion.site,,buildaion.site,buildaion.site,exact,failed,not_attempted,navigation_transient_browser_error,"BrowserContext.new_page: Target page, context or browser has been closed",,,,ee39273aad557c76a157cab32f691b107b7a448b3b2b12eee0e4a1296b028f02,,,,,,"Unique Identification Authority of India (UIDAI)
",uidai.gov.in,0.0,Low,0.0,0.8519,0,False,False,0.0,-1,0.0,-1,0.0,-1,0.0,-1,False,False,False,False,False,,
run_20260409T090716Z,2026-04-09T09:08:21+00:00,PS-02_AIGR-S66270_NCIIPC_28_02_2026.xlsx,PS-02_AIGR-S66270_NCIIPC_28_02_2026.xlsx,https://aisimps.com,https://aisimps.com,,aisimps.com,aisimps.com,exact,failed,not_attempted,navigation_transient_browser_error,"BrowserContext.new_page: Target page, context or browser has been closed",,,,51e976cd4f29ca5e021e818c74abf4f35ee92c6d85b6c865636237624b559d6f,,,,,,All India Institute of Medical Sciences (AIIMS),aiims.edu,0.0,Low,0.0,0.8705,0,False,False,0.0,-1,0.0,-1,0.0,-1,0.0,-1,False,False,False,False,False,,
run_20260409T090716Z,2026-04-09T09:08:21+00:00,PS-02_AIGR-S66270_NCIIPC_28_02_2026.xlsx,PS-02_AIGR-S66270_NCIIPC_28_02_2026.xlsx,https://airwaterclub.com,https://airwaterclub.com,,airwaterclub.com,airwaterclub.com,exact,failed,not_attempted,navigation_transient_browser_error,"BrowserContext.new_page: Target page, context or browser has been closed",,,,e023ddcb36e4608966710541b1c579241b0540ef17938b86cfec1eb451483adf,,,,,,Airtel,airtel.in,0.0,Low,0.0,0.8833,0,False,False,0.0,-1,0.0,-1,0.0,-1,0.0,-1,False,False,False,False,False,,
run_20260409T090716Z,2026-04-09T09:08:21+00:00,PS-02_AIGR-S66270_NCIIPC_28_02_2026.xlsx,PS-02_AIGR-S66270_NCIIPC_28_02_2026.xlsx,https://air-teo.com,https://air-teo.com,,air-teo.com,air-teo.com,exact,failed,not_attempted,navigation_transient_browser_error,"BrowserContext.new_page: Target page, context or browser has been closed",,,,5f076b03406fb76edc5d5a78a85e8ea6700739b1e4a0349b2d822f4b5b97a2e6,,,,,,Airtel,airtel.in,0.0,Low,0.0,0.8944,0,False,False,0.0,-1,0.0,-1,0.0,-1,0.0,-1,False,False,False,False,False,,
run_20260409T090716Z,2026-04-09T09:08:21+00:00,PS-02_AIGR-S66270_NCIIPC_28_02_2026.xlsx,PS-02_AIGR-S66270_NCIIPC_28_02_2026.xlsx,https://homegrowncigars.com,https://homegrowncigars.com,,homegrowncigars.com,homegrowncigars.com,exact,failed,not_attempted,navigation_transient_browser_error,"BrowserContext.new_page: Target page, context or browser has been closed",,,,c7f942726e552b46c9d4784c42628894d61b6d9101ad8f34b3cda7c31a60816f,,,,,,State Bank of India (SBI),homeloans.sbi,0.0,Low,0.0,0.8594,0,False,False,0.0,-1,0.0,-1,0.0,-1,0.0,-1,False,False,False,False,False,,
run_20260409T090716Z,2026-04-09T09:08:21+00:00,PS-02_AIGR-S66270_NCIIPC_28_02_2026.xlsx,PS-02_AIGR-S66270_NCIIPC_28_02_2026.xlsx,https://onlinesend.com,https://onlinesend.com,,onlinesend.com,onlinesend.com,exact,failed,not_attempted,navigation_transient_browser_error,"BrowserContext.new_page: Target page, context or browser has been closed",,,,8ae52c30489b9e41d79df5756e848f73f351c279570952ceeb703b6f1a60492b,,,,,,State Bank of India (SBI),corp.onlinesbi.sbi,0.0,Low,0.0,0.8956,0,False,False,0.0,-1,0.0,-1,0.0,-1,0.0,-1,False,False,False,False,False,,
run_20260409T090716Z,2026-04-09T09:08:21+00:00,PS-02_AIGR-S66270_NCIIPC_28_02_2026.xlsx,PS-02_AIGR-S66270_NCIIPC_28_02_2026.xlsx,https://indorsing.com,https://indorsing.com,,indorsing.com,indorsing.com,exact,failed,not_attempted,navigation_transient_browser_error,"BrowserContext.new_page: Target page, context or browser has been closed",,,,b076597fdfc31767dffdfb9f11733a69dabfdaa2d130da4bf72b326f38126e97,,,,,,State Bank of India (SBI),corp.onlinesbi.sbi,0.0,Low,0.0,0.6667,0,False,False,0.0,-1,0.0,-1,0.0,-1,0.0,-1,False,False,False,False,False,,
run_20260409T090716Z,2026-04-09T09:08:21+00:00,PS-02_AIGR-S66270_NCIIPC_28_02_2026.xlsx,PS-02_AIGR-S66270_NCIIPC_28_02_2026.xlsx,https://aionline.run,https://aionline.run,,aionline.run,aionline.run,exact,failed,not_attempted,navigation_transient_browser_error,"BrowserContext.new_page: Target page, context or browser has been closed",,,,8256e076e377e0eab7240458a0b4715374225985222684a777a470554e098495,,,,,,Computer Age Management Services Ltd. (CAMS),camsonline.com,0.0,Low,0.0,0.8583,0,False,False,0.0,-1,0.0,-1,0.0,-1,0.0,-1,False,False,False,False,False,,
run_20260409T090716Z,2026-04-09T09:08:21+00:00,PS-02_AIGR-S66270_NCIIPC_28_02_2026.xlsx,PS-02_AIGR-S66270_NCIIPC_28_02_2026.xlsx,https://homeloanstroy.com,https://homeloanstroy.com,,homeloanstroy.com,homeloanstroy.com,exact,failed,not_attempted,navigation_transient_browser_error,"BrowserContext.new_page: Target page, context or browser has been closed",,,,5724a901bb9c9f3b43f6e5094efde5dc6c077e4a07c0c6709f0031e5b1061e0b,,,,,,State Bank of India (SBI),homeloans.sbi,0.0,Low,0.0,0.9385,0,False,False,0.0,-1,0.0,-1,0.0,-1,0.0,-1,False,False,False,False,False,,
run_20260409T090716Z,2026-04-09T09:08:21+00:00,PS-02_AIGR-S66270_NCIIPC_28_02_2026.xlsx,PS-02_AIGR-S66270_NCIIPC_28_02_2026.xlsx,https://cannatanks.com,https://cannatanks.com,,cannatanks.com,cannatanks.com,exact,failed,not_attempted,navigation_transient_browser_error,"BrowserContext.new_page: Target page, context or browser has been closed",,,,28f78dbad346b96bd367d3dbd3a70745474b16849c41cfce623a292a39c09efb,,,,,,Coal India,coalindiatenders.nic.in,0.0,Low,0.0,0.7412,0,False,False,0.0,-1,0.0,-1,0.0,-1,0.0,-1,False,False,False,False,False,,
run_20260409T090716Z,2026-04-09T09:08:21+00:00,PS-02_AIGR-S66270_NCIIPC_28_02_2026.xlsx,PS-02_AIGR-S66270_NCIIPC_28_02_2026.xlsx,https://industriedecor.com,https://industriedecor.com,,industriedecor.com,industriedecor.com,exact,failed,not_attempted,navigation_transient_browser_error,"BrowserContext.new_page: Target page, context or browser has been closed",,,,1e5f772cd116055eca519bebaca1c9563d2b0e33493ba4763c0c405d4e8d90a1,,,,,,Coal India,coalindiatenders.nic.in,0.0,Low,0.0,0.6981,0,False,False,0.0,-1,0.0,-1,0.0,-1,0.0,-1,False,False,False,False,False,,
run_20260409T090716Z,2026-04-09T09:08:21+00:00,PS-02_AIGR-S66270_NCIIPC_28_02_2026.xlsx,PS-02_AIGR-S66270_NCIIPC_28_02_2026.xlsx,https://aristelli.ru,https://aristelli.ru,,aristelli.ru,aristelli.ru,exact,failed,not_attempted,navigation_transient_browser_error,"BrowserContext.new_page: Target page, context or browser has been closed",,,,04fd5896e6a53fd435a0b2516a7096c8f57e140f6bb1b0eb4a048218ff6e574a,,,,,,Airtel,airtel.in,0.0,Low,0.0,0.85,0,False,False,0.0,-1,0.0,-1,0.0,-1,0.0,-1,False,False,False,False,False,,
run_20260409T090716Z,2026-04-09T09:08:21+00:00,PS-02_AIGR-S66270_NCIIPC_28_02_2026.xlsx,PS-02_AIGR-S66270_NCIIPC_28_02_2026.xlsx,https://homelabserver.management,https://homelabserver.management,,homelabserver.management,homelabserver.management,exact,failed,not_attempted,navigation_transient_browser_error,"BrowserContext.new_page: Target page, context or browser has been closed",,,,0e75b6adcced86d815b5d1641b1e35a75e6ea9d46901de574c80affdc57ca700,,,,,,State Bank of India (SBI),homeloans.sbi,0.0,Low,0.0,0.8632,0,False,False,0.0,-1,0.0,-1,0.0,-1,0.0,-1,False,False,False,False,False,,
run_20260409T090716Z,2026-04-09T09:08:21+00:00,PS-02_AIGR-S66270_NCIIPC_28_02_2026.xlsx,PS-02_AIGR-S66270_NCIIPC_28_02_2026.xlsx,https://shbivz.com,https://shbivz.com,,shbivz.com,shbivz.com,exact,failed,not_attempted,navigation_transient_browser_error,"BrowserContext.new_page: Target page, context or browser has been closed",,,,5ccf5dcde4125655a87a7e6cd3562c73314adaa5f7d15891ab2f024d40b5e6ad,,,,,,State Bank of India (SBI),sbi.co.in,0.0,Low,0.0,0.85,0,False,False,0.0,-1,0.0,-1,0.0,-1,0.0,-1,False,False,False,False,False,,
run_20260409T090716Z,2026-04-09T09:08:21+00:00,PS-02_AIGR-S66270_NCIIPC_28_02_2026.xlsx,PS-02_AIGR-S66270_NCIIPC_28_02_2026.xlsx,https://crsar.com,https://crsar.com,,crsar.com,crsar.com,exact,failed,not_attempted,navigation_transient_browser_error,"BrowserContext.new_page: Target page, context or browser has been closed",,,,07d898a6c30dcc42c24995bc69254ba56263be6327e96052d7d56455f9679f44,,,,,,"Civil Registration System, MHA (RGCCI)",crsorgi.gov.in,0.0,Low,0.0,0.8533,0,False,False,0.0,-1,0.0,-1,0.0,-1,0.0,-1,False,False,False,False,False,,
run_20260409T090716Z,2026-04-09T09:08:21+00:00,PS-02_AIGR-S66270_NCIIPC_28_02_2026.xlsx,PS-02_AIGR-S66270_NCIIPC_28_02_2026.xlsx,https://homeandclosetspark.com,https://homeandclosetspark.com,,homeandclosetspark.com,homeandclosetspark.com,exact,failed,not_attempted,navigation_transient_browser_error,"BrowserContext.new_page: Target page, context or browser has been closed",,,,e308516eb8e0d47e471abc3c0123b82969646544cca59b984f847261c2610cfe,,,,,,State Bank of India (SBI),homeloans.sbi,0.0,Low,0.0,0.8556,0,False,False,0.0,-1,0.0,-1,0.0,-1,0.0,-1,False,False,False,False,False,,
run_20260409T090716Z,2026-04-09T09:08:21+00:00,PS-02_AIGR-S66270_NCIIPC_28_02_2026.xlsx,PS-02_AIGR-S66270_NCIIPC_28_02_2026.xlsx,https://nchian.com,https://nchian.com,,nchian.com,nchian.com,exact,failed,not_attempted,navigation_transient_browser_error,"BrowserContext.new_page: Target page, context or browser has been closed",,,,92715e743f106365ca04213a9736e221232a2a6979a6ea3b254eaa99ec66b448,,,,,,National Health Authority (NHA),nha.gov.in,0.0,Low,0.0,0.85,0,False,False,0.0,-1,0.0,-1,0.0,-1,0.0,-1,False,False,False,False,False,,
run_20260409T090716Z,2026-04-09T09:08:21+00:00,PS-02_AIGR-S66270_NCIIPC_28_02_2026.xlsx,PS-02_AIGR-S66270_NCIIPC_28_02_2026.xlsx,https://home-cooks.com,https://home-cooks.com,,home-cooks.com,home-cooks.com,exact,failed,not_attempted,navigation_transient_browser_error,"BrowserContext.new_page: Target page, context or browser has been closed",,,,6a750a502667d87bac160b6798a62c8234edc469848169cc5d3ba5de03d485c3,,,,,,State Bank of India (SBI),homeloans.sbi,0.0,Low,0.0,0.8533,0,False,False,0.0,-1,0.0,-1,0.0,-1,0.0,-1,False,False,False,False,False,,
run_20260409T090716Z,2026-04-09T09:08:21+00:00,PS-02_AIGR-S66270_NCIIPC_28_02_2026.xlsx,PS-02_AIGR-S66270_NCIIPC_28_02_2026.xlsx,https://onlinefiscal.com,https://onlinefiscal.com,,onlinefiscal.com,onlinefiscal.com,exact,failed,not_attempted,navigation_transient_browser_error,"BrowserContext.new_page: Target page, context or browser has been closed",,,,864d9735004073cb180c202365a41e91cbfce267b2d341749ce14315c978bb01,,,,,,State Bank of India (SBI),corp.onlinesbi.sbi,0.0,Low,0.0,0.8861,0,False,False,0.0,-1,0.0,-1,0.0,-1,0.0,-1,False,False,False,False,False,,
run_20260409T090716Z,2026-04-09T09:08:21+00:00,PS-02_AIGR-S66270_NCIIPC_28_02_2026.xlsx,PS-02_AIGR-S66270_NCIIPC_28_02_2026.xlsx,https://kfteach.com,https://kfteach.com,,kfteach.com,kfteach.com,exact,failed,not_attempted,navigation_transient_browser_error,"BrowserContext.new_page: Target page, context or browser has been closed",,,,009e4c3ab21065e8cd04b192d2c2087d165ff64eda94f6b970da7e482b0461a4,,,,,,Kfintech,kfintech.com,0.0,Low,0.0,0.8952,0,False,False,0.0,-1,0.0,-1,0.0,-1,0.0,-1,False,False,False,False,False,,
run_20260409T090716Z,2026-04-09T09:08:21+00:00,PS-02_AIGR-S66270_NCIIPC_28_02_2026.xlsx,PS-02_AIGR-S66270_NCIIPC_28_02_2026.xlsx,https://onlinehypnosistherapy.com,https://onlinehypnosistherapy.com,,onlinehypnosistherapy.com,onlinehypnosistherapy.com,exact,failed,not_attempted,navigation_transient_browser_error,"BrowserContext.new_page: Target page, context or browser has been closed",,,,0801ea79493a8bf6392cced41471d9a929ff4392f72e9b2e50492e628a357c19,,,,,,State Bank of India (SBI),corp.onlinesbi.sbi,0.0,Low,0.0,0.854,0,False,False,0.0,-1,0.0,-1,0.0,-1,0.0,-1,False,False,False,False,False,,
run_20260409T090716Z,2026-04-09T09:08:21+00:00,PS-02_AIGR-S66270_NCIIPC_28_02_2026.xlsx,PS-02_AIGR-S66270_NCIIPC_28_02_2026.xlsx,https://homely-nl.com,https://homely-nl.com,,homely-nl.com,homely-nl.com,exact,failed,not_attempted,navigation_transient_browser_error,"BrowserContext.new_page: Target page, context or browser has been closed",,,,069a0871e50086314cbc5bf77414e5450829adb091d69fa2b00b4c1fc3939264,,,,,,State Bank of India (SBI),homeloans.sbi,0.0,Low,0.0,0.8667,0,False,False,0.0,-1,0.0,-1,0.0,-1,0.0,-1,False,False,False,False,False,,
run_20260409T090716Z,2026-04-09T09:08:21+00:00,PS-02_AIGR-S66270_NCIIPC_28_02_2026.xlsx,PS-02_AIGR-S66270_NCIIPC_28_02_2026.xlsx,https://ecmair.com,https://ecmair.com,,ecmair.com,ecmair.com,exact,failed,not_attempted,navigation_transient_browser_error,"BrowserContext.new_page: Target page, context or browser has been closed",,,,855204c41eafc43246e7a15f201da12627216dbb56691541a5f29cfe4f9d0c7e,,,,,,Election Commision of India (ECI),eci.gov.in,0.0,Low,0.0,0.8667,0,False,False,0.0,-1,0.0,-1,0.0,-1,0.0,-1,False,False,False,False,False,,
run_20260409T090716Z,2026-04-09T09:08:21+00:00,PS-02_AIGR-S66270_NCIIPC_28_02_2026.xlsx,PS-02_AIGR-S66270_NCIIPC_28_02_2026.xlsx,https://onlinebbva.com,https://onlinebbva.com,,onlinebbva.com,onlinebbva.com,exact,failed,not_attempted,navigation_transient_browser_error,"BrowserContext.new_page: Target page, context or browser has been closed",,,,2483c08c48d5e0ae1dc8d2eb85995e8490b69729f4b167008091839e98a61734,,,,,,State Bank of India (SBI),corp.onlinesbi.sbi,0.0,Low,0.0,0.8956,0,False,False,0.0,-1,0.0,-1,0.0,-1,0.0,-1,False,False,False,False,False,,
run_20260409T090716Z,2026-04-09T09:08:21+00:00,PS-02_AIGR-S66270_NCIIPC_28_02_2026.xlsx,PS-02_AIGR-S66270_NCIIPC_28_02_2026.xlsx,https://home-heloc-loan-apply.click,https://home-heloc-loan-apply.click,,home-heloc-loan-apply.click,home-heloc-loan-apply.click,exact,failed,not_attempted,navigation_transient_browser_error,"BrowserContext.new_page: Target page, context or browser has been closed",,,,627c6164bdf63606b51f147a950bd13f3623ba239210768008d16165b8c65c30,,,,,,State Bank of India (SBI),homeloans.sbi,0.0,Low,0.0,0.854,0,False,False,0.0,-1,0.0,-1,0.0,-1,0.0,-1,False,False,False,False,False,,
run_20260409T090716Z,2026-04-09T09:08:21+00:00,PS-02_AIGR-S66270_NCIIPC_28_02_2026.xlsx,PS-02_AIGR-S66270_NCIIPC_28_02_2026.xlsx,https://gogicloud.com,https://gogicloud.com,,gogicloud.com,gogicloud.com,exact,failed,not_attempted,navigation_transient_browser_error,"BrowserContext.new_page: Target page, context or browser has been closed",,,,42fe50d2e73f471a96ce282fb0a8266e55e79d036c8ccbd1d1dc392ea5d4944d,,,,,,National Informatics Centre (NIC),accounts.mgovcloud.in,0.0,Low,0.0,0.8519,0,False,False,0.0,-1,0.0,-1,0.0,-1,0.0,-1,False,False,False,False,False,,
run_20260409T090716Z,2026-04-09T09:08:21+00:00,PS-02_AIGR-S66270_NCIIPC_28_02_2026.xlsx,PS-02_AIGR-S66270_NCIIPC_28_02_2026.xlsx,https://online0n.top,https://online0n.top,,online0n.top,online0n.top,exact,failed,not_attempted,navigation_transient_browser_error,"BrowserContext.new_page: Target page, context or browser has been closed",,,,3f1f544b7df387e2416f6d93589c39907a5e6ecdbec92942d204c7947cc8a074,,,,,,State Bank of India (SBI),corp.onlinesbi.sbi,0.0,Low,0.0,0.8833,0,False,False,0.0,-1,0.0,-1,0.0,-1,0.0,-1,False,False,False,False,False,,
run_20260409T090716Z,2026-04-09T09:08:21+00:00,PS-02_AIGR-S66270_NCIIPC_28_02_2026.xlsx,PS-02_AIGR-S66270_NCIIPC_28_02_2026.xlsx,https://onlineaiturbo.xyz,https://onlineaiturbo.xyz,,onlineaiturbo.xyz,onlineaiturbo.xyz,exact,failed,not_attempted,navigation_transient_browser_error,"BrowserContext.new_page: Target page, context or browser has been closed",,,,008749e46d395c1cf97447d195bebbb9c8e8052e0b32da107364a3d23dac811e,,,,,,State Bank of India (SBI),corp.onlinesbi.sbi,0.0,Low,0.0,0.8759,0,False,False,0.0,-1,0.0,-1,0.0,-1,0.0,-1,False,False,False,False,False,,
run_20260409T090716Z,2026-04-09T09:08:21+00:00,PS-02_AIGR-S66270_NCIIPC_28_02_2026.xlsx,PS-02_AIGR-S66270_NCIIPC_28_02_2026.xlsx,https://incometaxvaluer.com,https://incometaxvaluer.com,,incometaxvaluer.com,incometaxvaluer.com,exact,failed,not_attempted,navigation_transient_browser_error,"BrowserContext.new_page: Target page, context or browser has been closed",,,,bb9668a2589dd5b3bb8d675114c4095bf7dcc6e4cadf48a6c1475aa44581c57a,,,,,,Income Tax Department,incometaxindia.gov.in,0.0,Low,0.0,0.8762,0,False,False,0.0,-1,0.0,-1,0.0,-1,0.0,-1,False,False,False,False,False,,
run_20260409T090716Z,2026-04-09T09:08:21+00:00,PS-02_AIGR-S66270_NCIIPC_28_02_2026.xlsx,PS-02_AIGR-S66270_NCIIPC_28_02_2026.xlsx,https://jiohello.com,https://jiohello.com,,jiohello.com,jiohello.com,exact,failed,not_attempted,navigation_transient_browser_error,"BrowserContext.new_page: Target page, context or browser has been closed",,,,4e3cb2d7ff5a0a48711970e9621cad800942f164b6c7a6fac6984e2df52f1ecb,,,,,,Jio,jio.com,0.0,Low,0.0,0.8542,0,False,False,0.0,-1,0.0,-1,0.0,-1,0.0,-1,False,False,False,False,False,,
run_20260409T090716Z,2026-04-09T09:08:21+00:00,PS-02_AIGR-S66270_NCIIPC_28_02_2026.xlsx,PS-02_AIGR-S66270_NCIIPC_28_02_2026.xlsx,https://onlinefruitshop.com,https://onlinefruitshop.com,,onlinefruitshop.com,onlinefruitshop.com,exact,failed,not_attempted,navigation_transient_browser_error,"BrowserContext.new_page: Target page, context or browser has been closed",,,,04842054b972a235fbd4ad9b9367cbada124624bce445acaf72d0b385e153da0,,,,,,State Bank of India (SBI),corp.onlinesbi.sbi,0.0,Low,0.0,0.8594,0,False,False,0.0,-1,0.0,-1,0.0,-1,0.0,-1,False,False,False,False,False,,
run_20260409T090716Z,2026-04-09T09:08:21+00:00,PS-02_AIGR-S66270_NCIIPC_28_02_2026.xlsx,PS-02_AIGR-S66270_NCIIPC_28_02_2026.xlsx,https://taxistv.com,https://taxistv.com,,taxistv.com,taxistv.com,exact,failed,not_attempted,navigation_transient_browser_error,"BrowserContext.new_page: Target page, context or browser has been closed",,,,40e80dca7f8125b1880f0f9fd861037de2271d4504071f2b0667000fd9350d54,,,,,,Axis Bank,axismf.com,0.0,Low,0.0,0.746,0,False,False,0.0,-1,0.0,-1,0.0,-1,0.0,-1,False,False,False,False,False,,
run_20260409T090716Z,2026-04-09T09:08:21+00:00,PS-02_AIGR-S66270_NCIIPC_28_02_2026.xlsx,PS-02_AIGR-S66270_NCIIPC_28_02_2026.xlsx,https://mydnaview.com,https://mydnaview.com,,mydnaview.com,mydnaview.com,exact,failed,not_attempted,navigation_transient_browser_error,"BrowserContext.new_page: Target page, context or browser has been closed",,,,35e81da60c10511f7d8dc5d9e490a3f34e77a21eafc78999667da5eb604e05f0,,,,,,Vodafone Idea (VI),myvi.in,0.0,Low,0.0,0.8519,0,False,False,0.0,-1,0.0,-1,0.0,-1,0.0,-1,False,False,False,False,False,,
run_20260409T090716Z,2026-04-09T09:08:21+00:00,PS-02_AIGR-S66270_NCIIPC_28_02_2026.xlsx,PS-02_AIGR-S66270_NCIIPC_28_02_2026.xlsx,https://homecookin.app,https://homecookin.app,,homecookin.app,homecookin.app,exact,failed,not_attempted,navigation_transient_browser_error,"BrowserContext.new_page: Target page, context or browser has been closed",,,,43f4b484863d2243ea447d5bd0302c96eb3892b6815b1e62880a76aac5afa4d0,,,,,,State Bank of India (SBI),homeloans.sbi,0.0,Low,0.0,0.8533,0,False,False,0.0,-1,0.0,-1,0.0,-1,0.0,-1,False,False,False,False,False,,
run_20260409T090716Z,2026-04-09T09:08:21+00:00,PS-02_AIGR-S66270_NCIIPC_28_02_2026.xlsx,PS-02_AIGR-S66270_NCIIPC_28_02_2026.xlsx,https://ecamif.com,https://ecamif.com,,ecamif.com,ecamif.com,exact,failed,not_attempted,navigation_transient_browser_error,"BrowserContext.new_page: Target page, context or browser has been closed",,,,875f7cc153daec22d94962d9a27bbab081ca2789f162ee31a9a7af751371f731,,,,,,Election Commision of India (ECI),eci.gov.in,0.0,Low,0.0,0.8667,0,False,False,0.0,-1,0.0,-1,0.0,-1,0.0,-1,False,False,False,False,False,,
run_20260409T090716Z,2026-04-09T09:08:21+00:00,PS-02_AIGR-S66270_NCIIPC_28_02_2026.xlsx,PS-02_AIGR-S66270_NCIIPC_28_02_2026.xlsx,https://xnhau.com,https://xnhau.com,,xnhau.com,xnhau.com,exact,failed,not_attempted,navigation_transient_browser_error,"BrowserContext.new_page: Target page, context or browser has been closed",,,,9ef8c59f8805a894a749f76082eac93ed1875ce4b7ca540eaf740e794a0ad1f2,,,,,,National Health Authority (NHA),nha.gov.in,0.0,Low,0.0,0.8667,0,False,False,0.0,-1,0.0,-1,0.0,-1,0.0,-1,False,False,False,False,False,,
run_20260409T090716Z,2026-04-09T09:08:21+00:00,PS-02_AIGR-S66270_NCIIPC_28_02_2026.xlsx,PS-02_AIGR-S66270_NCIIPC_28_02_2026.xlsx,https://idahi.com,https://idahi.com,,idahi.com,idahi.com,exact,failed,not_attempted,navigation_transient_browser_error,"BrowserContext.new_page: Target page, context or browser has been closed",,,,e62207a701c1bf628f3ec391612b0f63862badbe6df82533f44f20aca93a719d,,,,,,"Unique Identification Authority of India (UIDAI)
",uidai.gov.in,0.0,Low,0.0,0.8667,0,False,False,0.0,-1,0.0,-1,0.0,-1,0.0,-1,False,False,False,False,False,,
run_20260409T090716Z,2026-04-09T09:08:21+00:00,PS-02_AIGR-S66270_NCIIPC_28_02_2026.xlsx,PS-02_AIGR-S66270_NCIIPC_28_02_2026.xlsx,https://idfconcert.com,https://idfconcert.com,,idfconcert.com,idfconcert.com,exact,failed,not_attempted,navigation_transient_browser_error,"BrowserContext.new_page: Target page, context or browser has been closed",,,,5a050e750f223d6448542f6b1fa933b6c65047a259c1c767c1792869c5f3456c,,,,,,ICICI Bank,icicidirect.com,0.0,Low,0.0,0.6835,0,False,False,0.0,-1,0.0,-1,0.0,-1,0.0,-1,False,False,False,False,False,,
run_20260409T090716Z,2026-04-09T09:08:21+00:00,PS-02_AIGR-S66270_NCIIPC_28_02_2026.xlsx,PS-02_AIGR-S66270_NCIIPC_28_02_2026.xlsx,https://hometeamnb.com,https://hometeamnb.com,,hometeamnb.com,hometeamnb.com,exact,failed,not_attempted,navigation_transient_browser_error,"BrowserContext.new_page: Target page, context or browser has been closed",,,,cb67320c46421052de549a57d8637ad3e0370fba48a8d6117aad99c187cfd160,,,,,,State Bank of India (SBI),homeloans.sbi,0.0,Low,0.0,0.8533,0,False,False,0.0,-1,0.0,-1,0.0,-1,0.0,-1,False,False,False,False,False,,
run_20260409T090716Z,2026-04-09T09:08:21+00:00,PS-02_AIGR-S66270_NCIIPC_28_02_2026.xlsx,PS-02_AIGR-S66270_NCIIPC_28_02_2026.xlsx,https://homeeasesc.com,https://homeeasesc.com,,homeeasesc.com,homeeasesc.com,exact,failed,not_attempted,navigation_transient_browser_error,"BrowserContext.new_page: Target page, context or browser has been closed",,,,5d38c2751cbb23bb0337e242fb59bc6ff646ca00a56beaeceddf775cc7f8d63a,,,,,,State Bank of India (SBI),homeloans.sbi,0.0,Low,0.0,0.8533,0,False,False,0.0,-1,0.0,-1,0.0,-1,0.0,-1,False,False,False,False,False,,
run_20260409T090716Z,2026-04-09T09:08:21+00:00,PS-02_AIGR-S66270_NCIIPC_28_02_2026.xlsx,PS-02_AIGR-S66270_NCIIPC_28_02_2026.xlsx,https://aihotel.us,https://aihotel.us,,aihotel.us,aihotel.us,exact,failed,not_attempted,navigation_transient_browser_error,"BrowserContext.new_page: Target page, context or browser has been closed",,,,5dd5f0f58386c21cef214f606f1e6f5611c9dfdd0840ca7d5c48a5f005d6d5f7,,,,,,Airtel,airtel.in,0.0,Low,0.0,0.8794,0,False,False,0.0,-1,0.0,-1,0.0,-1,0.0,-1,False,False,False,False,False,,
run_20260409T090716Z,2026-04-09T09:08:21+00:00,PS-02_AIGR-S66270_NCIIPC_28_02_2026.xlsx,PS-02_AIGR-S66270_NCIIPC_28_02_2026.xlsx,https://indufroid.site,https://indufroid.site,,indufroid.site,indufroid.site,exact,failed,not_attempted,navigation_transient_browser_error,"BrowserContext.new_page: Target page, context or browser has been closed",,,,1b79b02df0c153c55f903284c0dcc1831ca6dfa6d4fa468ff47c3581e168bf20,,,,,,"Unique Identification Authority of India (UIDAI)
",uidai.gov.in,0.0,Low,0.0,0.6648,0,False,False,0.0,-1,0.0,-1,0.0,-1,0.0,-1,False,False,False,False,False,,
run_20260409T090716Z,2026-04-09T09:08:21+00:00,PS-02_AIGR-S66270_NCIIPC_28_02_2026.xlsx,PS-02_AIGR-S66270_NCIIPC_28_02_2026.xlsx,https://robvip.pro,https://robvip.pro,,robvip.pro,robvip.pro,exact,failed,not_attempted,navigation_transient_browser_error,"BrowserContext.new_page: Target page, context or browser has been closed",,,,4db2da497765575059ffce809c9ca84394b27de3789f8aae3c837cc04369d089,,,,,,Reserve Bank of India (RBI),rbi.org.in,0.0,Low,0.0,0.85,0,False,False,0.0,-1,0.0,-1,0.0,-1,0.0,-1,False,False,False,False,False,,
run_20260409T090716Z,2026-04-09T09:08:21+00:00,PS-02_AIGR-S66270_NCIIPC_28_02_2026.xlsx,PS-02_AIGR-S66270_NCIIPC_28_02_2026.xlsx,https://nchian.cyou,https://nchian.cyou,,nchian.cyou,nchian.cyou,exact,failed,not_attempted,navigation_transient_browser_error,"BrowserContext.new_page: Target page, context or browser has been closed",,,,9351d92037bda015386941839ba2e00d00fd4f41dbb81d97e61fd1142797d16f,,,,,,National Health Authority (NHA),nha.gov.in,0.0,Low,0.0,0.85,0,False,False,0.0,-1,0.0,-1,0.0,-1,0.0,-1,False,False,False,False,False,,
run_20260409T090716Z,2026-04-09T09:08:21+00:00,PS-02_AIGR-S66270_NCIIPC_28_02_2026.xlsx,PS-02_AIGR-S66270_NCIIPC_28_02_2026.xlsx,https://airegulus.com,https://airegulus.com,,airegulus.com,airegulus.com,exact,failed,not_attempted,navigation_transient_browser_error,"BrowserContext.new_page: Target page, context or browser has been closed",,,,f8f9d2f9502da75ffc7613f99cf268c997842c979b6feb63e66e59ee3afc1cd4,,,,,,Airtel,airtel.in,0.0,Low,0.0,0.8574,0,False,False,0.0,-1,0.0,-1,0.0,-1,0.0,-1,False,False,False,False,False,,
run_20260409T090716Z,2026-04-09T09:08:21+00:00,PS-02_AIGR-S66270_NCIIPC_28_02_2026.xlsx,PS-02_AIGR-S66270_NCIIPC_28_02_2026.xlsx,https://aimaas.solutions,https://aimaas.solutions,,aimaas.solutions,aimaas.solutions,exact,failed,not_attempted,navigation_transient_browser_error,"BrowserContext.new_page: Target page, context or browser has been closed",,,,0ebf7b9b433b107a50bb249bb517c85134ee05d7fae89bc176e1a15e41799c25,,,,,,All India Institute of Medical Sciences (AIIMS),aiims.edu,0.0,Low,0.0,0.8578,0,False,False,0.0,-1,0.0,-1,0.0,-1,0.0,-1,False,False,False,False,False,,
run_20260409T090716Z,2026-04-09T09:08:21+00:00,PS-02_AIGR-S66270_NCIIPC_28_02_2026.xlsx,PS-02_AIGR-S66270_NCIIPC_28_02_2026.xlsx,https://retailpayment.io,https://retailpayment.io,,retailpayment.io,retailpayment.io,exact,failed,not_attempted,navigation_transient_browser_error,"BrowserContext.new_page: Target page, context or browser has been closed",,,,6dcb171a7ac4c760398e11ebb7c8ff2c8369ac6889c228afc69af5d0a2cdc075,,,,,,Airtel,airtel.in,0.0,Low,0.0,0.7094,0,False,False,0.0,-1,0.0,-1,0.0,-1,0.0,-1,False,False,False,False,False,,
run_20260409T090716Z,2026-04-09T09:08:21+00:00,PS-02_AIGR-S66270_NCIIPC_28_02_2026.xlsx,PS-02_AIGR-S66270_NCIIPC_28_02_2026.xlsx,https://rbaiyi.top,https://rbaiyi.top,,rbaiyi.top,rbaiyi.top,exact,failed,not_attempted,navigation_transient_browser_error,"BrowserContext.new_page: Target page, context or browser has been closed",,,,884ea47e5ade4688e66ab54abe6844629cc6e66585ac4090cc4187de6483e9b9,,,,,,Reserve Bank of India (RBI),rbi.org.in,0.0,Low,0.0,0.8667,0,False,False,0.0,-1,0.0,-1,0.0,-1,0.0,-1,False,False,False,False,False,,
run_20260409T090716Z,2026-04-09T09:08:21+00:00,PS-02_AIGR-S66270_NCIIPC_28_02_2026.xlsx,PS-02_AIGR-S66270_NCIIPC_28_02_2026.xlsx,https://panbe.sbs,https://panbe.sbs,,panbe.sbs,panbe.sbs,exact,failed,not_attempted,navigation_transient_browser_error,"BrowserContext.new_page: Target page, context or browser has been closed",,,,6726ed567ba828ce9254bf125c12302284c608a1cd33d049991173ae5a0ba4d8,,,,,,Canara Bank,canararobeco.com,0.0,Low,0.0,0.7111,0,False,False,0.0,-1,0.0,-1,0.0,-1,0.0,-1,False,False,False,False,False,,
run_20260409T090716Z,2026-04-09T09:08:21+00:00,PS-02_AIGR-S66270_NCIIPC_28_02_2026.xlsx,PS-02_AIGR-S66270_NCIIPC_28_02_2026.xlsx,https://nchian.top,https://nchian.top,,nchian.top,nchian.top,exact,failed,not_attempted,navigation_transient_browser_error,"BrowserContext.new_page: Target page, context or browser has been closed",,,,119118264b55772544bee18853deb6763f54dd02fe6b9d2f186f5545542d5f80,,,,,,National Health Authority (NHA),nha.gov.in,0.0,Low,0.0,0.85,0,False,False,0.0,-1,0.0,-1,0.0,-1,0.0,-1,False,False,False,False,False,,
run_20260409T090716Z,2026-04-09T09:08:21+00:00,PS-02_AIGR-S66270_NCIIPC_28_02_2026.xlsx,PS-02_AIGR-S66270_NCIIPC_28_02_2026.xlsx,https://homacreations.com,https://homacreations.com,,homacreations.com,homacreations.com,exact,failed,not_attempted,navigation_transient_browser_error,"BrowserContext.new_page: Target page, context or browser has been closed",,,,426a284cb38e699fd126633093abcf5e7acf7f122f7b7ed359152ac7bff18162,,,,,,State Bank of India (SBI),homeloans.sbi,0.0,Low,0.0,0.8552,0,False,False,0.0,-1,0.0,-1,0.0,-1,0.0,-1,False,False,False,False,False,,
run_20260409T090716Z,2026-04-09T09:08:21+00:00,PS-02_AIGR-S66270_NCIIPC_28_02_2026.xlsx,PS-02_AIGR-S66270_NCIIPC_28_02_2026.xlsx,https://on1ine.com,https://on1ine.com,,on1ine.com,on1ine.com,exact,failed,not_attempted,navigation_transient_browser_error,"BrowserContext.new_page: Target page, context or browser has been closed",,,,49e53c778fb5a4cd82645ef0d882db18b9f6c79864b4c5c51a37feb51a16afd1,,,,,,State Bank of India (SBI),corp.onlinesbi.sbi,0.0,Low,0.0,0.9333,0,False,False,0.0,-1,0.0,-1,0.0,-1,0.0,-1,False,False,False,False,False,,
run_20260409T090716Z,2026-04-09T09:08:21+00:00,PS-02_AIGR-S66270_NCIIPC_28_02_2026.xlsx,PS-02_AIGR-S66270_NCIIPC_28_02_2026.xlsx,https://onlinecasinoidealbetalen.com,https://onlinecasinoidealbetalen.com,,onlinecasinoidealbetalen.com,onlinecasinoidealbetalen.com,exact,failed,not_attempted,navigation_transient_browser_error,"BrowserContext.new_page: Target page, context or browser has been closed",,,,ee3a05ffc456358f9f36ee9970289ee1fd251c940179cf0089c9c96222dcc2fc,,,,,,State Bank of India (SBI),corp.onlinesbi.sbi,0.0,Low,0.0,0.8528,0,False,False,0.0,-1,0.0,-1,0.0,-1,0.0,-1,False,False,False,False,False,,
run_20260409T090716Z,2026-04-09T09:08:21+00:00,PS-02_AIGR-S66270_NCIIPC_28_02_2026.xlsx,PS-02_AIGR-S66270_NCIIPC_28_02_2026.xlsx,https://hdicfl.com,https://hdicfl.com,,hdicfl.com,hdicfl.com,exact,failed,not_attempted,navigation_transient_browser_error,"BrowserContext.new_page: Target page, context or browser has been closed",,,,18382b0650a160e5f3b7e9ab4401ce7763c5e8e149e416d3bbe116f88b3ed7c4,,,,,,HDFC Bank,hdfclife.com,0.0,Low,0.0,0.8889,0,False,False,0.0,-1,0.0,-1,0.0,-1,0.0,-1,False,False,False,False,False,,
run_20260409T090716Z,2026-04-09T09:08:21+00:00,PS-02_AIGR-S66270_NCIIPC_28_02_2026.xlsx,PS-02_AIGR-S66270_NCIIPC_28_02_2026.xlsx,https://rbiindex.com,https://rbiindex.com,,rbiindex.com,rbiindex.com,exact,failed,not_attempted,navigation_transient_browser_error,"BrowserContext.new_page: Target page, context or browser has been closed",,,,d0408910d66d4930bbef077939fee682e98234decb3abcb147bd67887998d610,,,,,,Reserve Bank of India (RBI),rbi.org.in,0.0,Low,0.0,0.8542,0,False,False,0.0,-1,0.0,-1,0.0,-1,0.0,-1,False,False,False,False,False,,
run_20260409T090716Z,2026-04-09T09:08:21+00:00,PS-02_AIGR-S66270_NCIIPC_28_02_2026.xlsx,PS-02_AIGR-S66270_NCIIPC_28_02_2026.xlsx,https://nhacc.xyz,https://nhacc.xyz,,nhacc.xyz,nhacc.xyz,exact,failed,not_attempted,navigation_transient_browser_error,"BrowserContext.new_page: Target page, context or browser has been closed",,,,02fe6ae989ae250a71273c17f42e72d839a558457c666758605ed69a9c8e67bb,,,,,,National Health Authority (NHA),nha.gov.in,0.0,Low,0.0,0.9067,0,False,False,0.0,-1,0.0,-1,0.0,-1,0.0,-1,False,False,False,False,False,,
run_20260409T090716Z,2026-04-09T09:08:21+00:00,PS-02_AIGR-S66270_NCIIPC_28_02_2026.xlsx,PS-02_AIGR-S66270_NCIIPC_28_02_2026.xlsx,https://jini09.com,https://jini09.com,,jini09.com,jini09.com,exact,failed,not_attempted,navigation_transient_browser_error,"BrowserContext.new_page: Target page, context or browser has been closed",,,,b41a92eb3b115eeaa69eb2036cb859bc7913abaf0e3a2a233f4e76be29d22a72,,,,,,Jio,jio.com,0.0,Low,0.0,0.8667,0,False,False,0.0,-1,0.0,-1,0.0,-1,0.0,-1,False,False,False,False,False,,
run_20260409T090716Z,2026-04-09T09:08:21+00:00,PS-02_AIGR-S66270_NCIIPC_28_02_2026.xlsx,PS-02_AIGR-S66270_NCIIPC_28_02_2026.xlsx,https://homecolonies.com,https://homecolonies.com,,homecolonies.com,homecolonies.com,exact,failed,not_attempted,navigation_transient_browser_error,"BrowserContext.new_page: Target page, context or browser has been closed",,,,e3a2ed20f994c63915c1612a1c28acbe2e18eaa9e973f4e5c6b9860a2054eecd,,,,,,State Bank of India (SBI),homeloans.sbi,0.0,Low,0.0,0.8861,0,False,False,0.0,-1,0.0,-1,0.0,-1,0.0,-1,False,False,False,False,False,,
run_20260409T090716Z,2026-04-09T09:08:21+00:00,PS-02_AIGR-S66270_NCIIPC_28_02_2026.xlsx,PS-02_AIGR-S66270_NCIIPC_28_02_2026.xlsx,https://parivartangroup.com,https://parivartangroup.com,,parivartangroup.com,parivartangroup.com,exact,failed,not_attempted,navigation_transient_browser_error,"BrowserContext.new_page: Target page, context or browser has been closed",,,,8c26f9d958e31c29c96ff05c69c17e0b6bad092abe3780daafdee0080443be1f,,,,,,parivahan sewa,parivahan.gov.in,0.0,Low,0.0,0.8844,0,False,False,0.0,-1,0.0,-1,0.0,-1,0.0,-1,False,False,False,False,False,,
run_20260409T090716Z,2026-04-09T09:08:21+00:00,PS-02_AIGR-S66270_NCIIPC_28_02_2026.xlsx,PS-02_AIGR-S66270_NCIIPC_28_02_2026.xlsx,https://jiongzhu.com,https://jiongzhu.com,,jiongzhu.com,jiongzhu.com,exact,failed,not_attempted,navigation_transient_browser_error,"BrowserContext.new_page: Target page, context or browser has been closed",,,,58b1081026fbb0097f550a2a0f9de5504f4a5c7115c7be9a5e88716135939777,,,,,,Jio,jio.com,0.0,Low,0.0,0.8542,0,False,False,0.0,-1,0.0,-1,0.0,-1,0.0,-1,False,False,False,False,False,,
run_20260409T090716Z,2026-04-09T09:08:21+00:00,PS-02_AIGR-S66270_NCIIPC_28_02_2026.xlsx,PS-02_AIGR-S66270_NCIIPC_28_02_2026.xlsx,https://aisexes.fun,https://aisexes.fun,,aisexes.fun,aisexes.fun,exact,failed,not_attempted,navigation_transient_browser_error,"BrowserContext.new_page: Target page, context or browser has been closed",,,,1d425c22b2c097b3ce98fddae6514681eb837736afbbdb7ce52ba500f79a27a3,,,,,,All India Institute of Medical Sciences (AIIMS),aiimsexams.ac.in,0.0,Low,0.0,0.8552,0,False,False,0.0,-1,0.0,-1,0.0,-1,0.0,-1,False,False,False,False,False,,
run_20260409T090716Z,2026-04-09T09:08:21+00:00,PS-02_AIGR-S66270_NCIIPC_28_02_2026.xlsx,PS-02_AIGR-S66270_NCIIPC_28_02_2026.xlsx,https://airateb.com,https://airateb.com,,airateb.com,airateb.com,exact,failed,not_attempted,navigation_transient_browser_error,"BrowserContext.new_page: Target page, context or browser has been closed",,,,3b3d864fbb4222d3195a1d3b676d0521a942a1a950b989ccae7d539abffae4e3,,,,,,Airtel,airtel.in,0.0,Low,0.0,0.8944,0,False,False,0.0,-1,0.0,-1,0.0,-1,0.0,-1,False,False,False,False,False,,
run_20260409T090716Z,2026-04-09T09:08:21+00:00,PS-02_AIGR-S66270_NCIIPC_28_02_2026.xlsx,PS-02_AIGR-S66270_NCIIPC_28_02_2026.xlsx,https://senda.coffee,https://senda.coffee,,senda.coffee,senda.coffee,exact,failed,not_attempted,navigation_transient_browser_error,"BrowserContext.new_page: Target page, context or browser has been closed",,,,57c2e5284c3759582bfca659efd0afe12ef299f52a993db29d13c2708f800bc4,,,,,,BSE Ltd.,bseindia.com,0.0,Low,0.0,0.875,0,False,False,0.0,-1,0.0,-1,0.0,-1,0.0,-1,False,False,False,False,False,,
run_20260409T090716Z,2026-04-09T09:08:21+00:00,PS-02_AIGR-S66270_NCIIPC_28_02_2026.xlsx,PS-02_AIGR-S66270_NCIIPC_28_02_2026.xlsx,https://industri.design,https://industri.design,,industri.design,industri.design,exact,failed,not_attempted,navigation_transient_browser_error,"BrowserContext.new_page: Target page, context or browser has been closed",,,,a28ebd01cb6a4c8ade8538b6eeb40906280ef108920ffc8ff0b2128be01df077,,,,,,"Unique Identification Authority of India (UIDAI)
",uidai.gov.in,0.0,Low,0.0,0.6833,0,False,False,0.0,-1,0.0,-1,0.0,-1,0.0,-1,False,False,False,False,False,,
run_20260409T090716Z,2026-04-09T09:08:21+00:00,PS-02_AIGR-S66270_NCIIPC_28_02_2026.xlsx,PS-02_AIGR-S66270_NCIIPC_28_02_2026.xlsx,https://casinolynx.com,https://casinolynx.com,,casinolynx.com,casinolynx.com,exact,failed,not_attempted,navigation_transient_browser_error,"BrowserContext.new_page: Target page, context or browser has been closed",,,,34099b3f4cafb4ce10f856f36ae0f1a288358df429c4f9beea5f8cc892db4976,,,,,,Computer Age Management Services Ltd. (CAMS),camsonline.com,0.0,Low,0.0,0.86,0,False,False,0.0,-1,0.0,-1,0.0,-1,0.0,-1,False,False,False,False,False,,
run_20260409T090716Z,2026-04-09T09:08:21+00:00,PS-02_AIGR-S66270_NCIIPC_28_02_2026.xlsx,PS-02_AIGR-S66270_NCIIPC_28_02_2026.xlsx,https://parkvistaband.com,https://parkvistaband.com,,parkvistaband.com,parkvistaband.com,exact,failed,not_attempted,navigation_transient_browser_error,"BrowserContext.new_page: Target page, context or browser has been closed",,,,231fbd6f4ac952d7c888446ed39c91e0daa8b6859aed140b606f8892fc73267e,,,,,,parivahan sewa,parivahan.gov.in,0.0,Low,0.0,0.8552,0,False,False,0.0,-1,0.0,-1,0.0,-1,0.0,-1,False,False,False,False,False,,
run_20260409T090716Z,2026-04-09T09:08:21+00:00,PS-02_AIGR-S66270_NCIIPC_28_02_2026.xlsx,PS-02_AIGR-S66270_NCIIPC_28_02_2026.xlsx,https://esciri.com,https://esciri.com,,esciri.com,esciri.com,exact,failed,not_attempted,navigation_transient_browser_error,"BrowserContext.new_page: Target page, context or browser has been closed",,,,4266b06a4ba80dd74e3390e08f0f1f293e9b51dd700c2ba4c7eccbc36d5b8133,,,,,,Election Commision of India (ECI),eci.gov.in,0.0,Low,0.0,0.85,0,False,False,0.0,-1,0.0,-1,0.0,-1,0.0,-1,False,False,False,False,False,,
run_20260409T090716Z,2026-04-09T09:08:21+00:00,PS-02_AIGR-S66270_NCIIPC_28_02_2026.xlsx,PS-02_AIGR-S66270_NCIIPC_28_02_2026.xlsx,https://mybi.com,https://mybi.com,,mybi.com,mybi.com,exact,failed,not_attempted,navigation_transient_browser_error,"BrowserContext.new_page: Target page, context or browser has been closed",,,,def269251d1b9c95adbf75b9f946865e020ebf9e4b262dd539bdd28ea764cfa3,,,,,,Vodafone Idea (VI),myvi.in,0.0,Low,0.0,0.8667,0,False,False,0.0,-1,0.0,-1,0.0,-1,0.0,-1,False,False,False,False,False,,
run_20260409T090716Z,2026-04-09T09:08:21+00:00,PS-02_AIGR-S66270_NCIIPC_28_02_2026.xlsx,PS-02_AIGR-S66270_NCIIPC_28_02_2026.xlsx,https://online-mietshop.com,https://online-mietshop.com,,online-mietshop.com,online-mietshop.com,exact,failed,not_attempted,navigation_transient_browser_error,"BrowserContext.new_page: Target page, context or browser has been closed",,,,a31e673f501b94cc531d6474ea823c045fa3a66782d53ff9d0ed9b6811d108a8,,,,,,State Bank of India (SBI),corp.onlinesbi.sbi,0.0,Low,0.0,0.8594,0,False,False,0.0,-1,0.0,-1,0.0,-1,0.0,-1,False,False,False,False,False,,
run_20260409T090716Z,2026-04-09T09:08:21+00:00,PS-02_AIGR-S66270_NCIIPC_28_02_2026.xlsx,PS-02_AIGR-S66270_NCIIPC_28_02_2026.xlsx,https://bankofcardiff.com,https://bankofcardiff.com,,bankofcardiff.com,bankofcardiff.com,exact,failed,not_attempted,navigation_transient_browser_error,"BrowserContext.new_page: Target page, context or browser has been closed",,,,189a9f034e46fc3c9269de3595e3397f6abc7ba87d5fbbd654b2e66cbc5367c6,,,,,,Bank of Baroda,onlinecasa.bankofbaroda.com,0.0,Low,0.0,0.8885,0,False,False,0.0,-1,0.0,-1,0.0,-1,0.0,-1,False,False,False,False,False,,
run_20260409T090716Z,2026-04-09T09:08:21+00:00,PS-02_AIGR-S66270_NCIIPC_28_02_2026.xlsx,PS-02_AIGR-S66270_NCIIPC_28_02_2026.xlsx,https://mydavid.cloud,https://mydavid.cloud,,mydavid.cloud,mydavid.cloud,exact,failed,not_attempted,navigation_transient_browser_error,"BrowserContext.new_page: Target page, context or browser has been closed",,,,c3f8d54348a2ad9910d1a9042116143c286221e1a496e40abbda826f59c6de1a,,,,,,Vodafone Idea (VI),myvi.in,0.0,Low,0.0,0.8857,0,False,False,0.0,-1,0.0,-1,0.0,-1,0.0,-1,False,False,False,False,False,,
run_20260409T090716Z,2026-04-09T09:08:21+00:00,PS-02_AIGR-S66270_NCIIPC_28_02_2026.xlsx,PS-02_AIGR-S66270_NCIIPC_28_02_2026.xlsx,https://onlinecrsahiper.cfd,https://onlinecrsahiper.cfd,,onlinecrsahiper.cfd,onlinecrsahiper.cfd,exact,failed,not_attempted,navigation_transient_browser_error,"BrowserContext.new_page: Target page, context or browser has been closed",,,,71ba354890024927b9d34ea79b507ddcca2af32f241bcf837892d804fea80223,,,,,,State Bank of India (SBI),corp.onlinesbi.sbi,0.0,Low,0.0,0.8844,0,False,False,0.0,-1,0.0,-1,0.0,-1,0.0,-1,False,False,False,False,False,,
run_20260409T090716Z,2026-04-09T09:08:21+00:00,PS-02_AIGR-S66270_NCIIPC_28_02_2026.xlsx,PS-02_AIGR-S66270_NCIIPC_28_02_2026.xlsx,https://homemaxshop.com,https://homemaxshop.com,,homemaxshop.com,homemaxshop.com,exact,failed,not_attempted,navigation_transient_browser_error,"BrowserContext.new_page: Target page, context or browser has been closed",,,,ac8a43abccc17e8cffcb53c0e382fdb49f6f277781690b1bb3de08b591b933ec,,,,,,State Bank of India (SBI),homeloans.sbi,0.0,Low,0.0,0.8543,0,False,False,0.0,-1,0.0,-1,0.0,-1,0.0,-1,False,False,False,False,False,,
run_20260409T090716Z,2026-04-09T09:08:21+00:00,PS-02_AIGR-S66270_NCIIPC_28_02_2026.xlsx,PS-02_AIGR-S66270_NCIIPC_28_02_2026.xlsx,https://carsonlin.dev,https://carsonlin.dev,,carsonlin.dev,carsonlin.dev,exact,failed,not_attempted,navigation_transient_browser_error,"BrowserContext.new_page: Target page, context or browser has been closed",,,,6cb775bee13de894fd612c81d1e9e6905d1a206e15d95400edecf96af9eba378,,,,,,Computer Age Management Services Ltd. (CAMS),camsonline.com,0.0,Low,0.0,0.917,0,False,False,0.0,-1,0.0,-1,0.0,-1,0.0,-1,False,False,False,False,False,,
run_20260409T090716Z,2026-04-09T09:08:21+00:00,PS-02_AIGR-S66270_NCIIPC_28_02_2026.xlsx,PS-02_AIGR-S66270_NCIIPC_28_02_2026.xlsx,https://inducify.com,https://inducify.com,,inducify.com,inducify.com,exact,failed,not_attempted,navigation_transient_browser_error,"BrowserContext.new_page: Target page, context or browser has been closed",,,,e5a3396d24f2eba013571956e3d42a2e169adc208a272e59f7a8e42ec43aa543,,,,,,"Unique Identification Authority of India (UIDAI)
",uidai.gov.in,0.0,Low,0.0,0.6833,0,False,False,0.0,-1,0.0,-1,0.0,-1,0.0,-1,False,False,False,False,False,,
run_20260409T090716Z,2026-04-09T09:08:21+00:00,PS-02_AIGR-S66270_NCIIPC_28_02_2026.xlsx,PS-02_AIGR-S66270_NCIIPC_28_02_2026.xlsx,https://intraindia.com,https://intraindia.com,,intraindia.com,intraindia.com,exact,failed,not_attempted,navigation_transient_browser_error,"BrowserContext.new_page: Target page, context or browser has been closed",,,,8bc623f19dc14c7e6f12ec35e84de32135789d382b4e8f7fd75d62e25bd6dcbd,,,,,,Income Tax Department,incometaxindia.gov.in,0.0,Low,0.0,0.8781,0,False,False,0.0,-1,0.0,-1,0.0,-1,0.0,-1,False,False,False,False,False,,
run_20260409T090716Z,2026-04-09T09:08:21+00:00,PS-02_AIGR-S66270_NCIIPC_28_02_2026.xlsx,PS-02_AIGR-S66270_NCIIPC_28_02_2026.xlsx,https://cankaratas.art,https://cankaratas.art,,cankaratas.art,cankaratas.art,exact,failed,not_attempted,navigation_transient_browser_error,"BrowserContext.new_page: Target page, context or browser has been closed",,,,3c13f497201d232e8b5fc20449fe986f858facba64f7d66faa278ece6aa95267,,,,,,Canara Bank,canarahsbclife.com,0.0,Low,0.0,0.8133,0,False,False,0.0,-1,0.0,-1,0.0,-1,0.0,-1,False,False,False,False,False,,
run_20260409T090716Z,2026-04-09T09:08:21+00:00,PS-02_AIGR-S66270_NCIIPC_28_02_2026.xlsx,PS-02_AIGR-S66270_NCIIPC_28_02_2026.xlsx,https://cafarafan.life,https://cafarafan.life,,cafarafan.life,cafarafan.life,exact,failed,not_attempted,navigation_transient_browser_error,"BrowserContext.new_page: Target page, context or browser has been closed",,,,200ef1b225c21a52383dc09fc657d67714d89a495345a746cd58735354c707a5,,,,,,Canara Bank,canarahsbclife.com,0.0,Low,0.0,0.664,0,False,False,0.0,-1,0.0,-1,0.0,-1,0.0,-1,False,False,False,False,False,,
run_20260409T090716Z,2026-04-09T09:08:21+00:00,PS-02_AIGR-S66270_NCIIPC_28_02_2026.xlsx,PS-02_AIGR-S66270_NCIIPC_28_02_2026.xlsx,https://comprasonlinemjo.com,https://comprasonlinemjo.com,,comprasonlinemjo.com,comprasonlinemjo.com,exact,failed,not_attempted,navigation_transient_browser_error,"BrowserContext.new_page: Target page, context or browser has been closed",,,,d83e3cfd81576a15c8331ef7e2d73605db98269f8d75fff0fdef28469a924363,,,,,,Computer Age Management Services Ltd. (CAMS),camsonline.com,0.0,Low,0.0,0.8575,0,False,False,0.0,-1,0.0,-1,0.0,-1,0.0,-1,False,False,False,False,False,,
run_20260409T090716Z,2026-04-09T09:08:21+00:00,PS-02_AIGR-S66270_NCIIPC_28_02_2026.xlsx,PS-02_AIGR-S66270_NCIIPC_28_02_2026.xlsx,https://53biz.com,https://53biz.com,,53biz.com,53biz.com,exact,failed,not_attempted,navigation_transient_browser_error,"BrowserContext.new_page: Target page, context or browser has been closed",,,,c1914d79ff0024790ccf9081fba42becf1d021f0d963dc6d1d425750f03e109a,,,,,,State Bank of India (SBI),sbi.co.in,0.0,Low,0.0,0.88,0,False,False,0.0,-1,0.0,-1,0.0,-1,0.0,-1,False,False,False,False,False,,
run_20260409T090716Z,2026-04-09T09:08:21+00:00,PS-02_AIGR-S66270_NCIIPC_28_02_2026.xlsx,PS-02_AIGR-S66270_NCIIPC_28_02_2026.xlsx,https://onlinegrok.com,https://onlinegrok.com,,onlinegrok.com,onlinegrok.com,exact,failed,not_attempted,navigation_transient_browser_error,"BrowserContext.new_page: Target page, context or browser has been closed",,,,154192b1c2476bb35fe7eb0b3199feaf7661b06bdc9790107370aa2b2611fed1,,,,,,State Bank of India (SBI),corp.onlinesbi.sbi,0.0,Low,0.0,0.8533,0,False,False,0.0,-1,0.0,-1,0.0,-1,0.0,-1,False,False,False,False,False,,
run_20260409T090716Z,2026-04-09T09:08:21+00:00,PS-02_AIGR-S66270_NCIIPC_28_02_2026.xlsx,PS-02_AIGR-S66270_NCIIPC_28_02_2026.xlsx,https://homelenders.com,https://homelenders.com,,homelenders.com,homelenders.com,exact,failed,not_attempted,navigation_transient_browser_error,"BrowserContext.new_page: Target page, context or browser has been closed",,,,f137192876006021a03d4f09d0cbefc179f1bedbb2d04e149a78456681229402,,,,,,State Bank of India (SBI),homeloans.sbi,0.0,Low,0.0,0.8828,0,False,False,0.0,-1,0.0,-1,0.0,-1,0.0,-1,False,False,False,False,False,,
run_20260409T090716Z,2026-04-09T09:08:21+00:00,PS-02_AIGR-S66270_NCIIPC_28_02_2026.xlsx,PS-02_AIGR-S66270_NCIIPC_28_02_2026.xlsx,https://homecoapp.uk,https://homecoapp.uk,,homecoapp.uk,homecoapp.uk,exact,failed,not_attempted,navigation_transient_browser_error,"BrowserContext.new_page: Target page, context or browser has been closed",,,,561ea7e1d4c9957602ef9fe5785a0aa5b1d08ad6c6d1ad7256f40bed6db7dd52,,,,,,State Bank of India (SBI),homeloans.sbi,0.0,Low,0.0,0.8667,0,False,False,0.0,-1,0.0,-1,0.0,-1,0.0,-1,False,False,False,False,False,,
run_20260409T090716Z,2026-04-09T09:08:21+00:00,PS-02_AIGR-S66270_NCIIPC_28_02_2026.xlsx,PS-02_AIGR-S66270_NCIIPC_28_02_2026.xlsx,https://online-casino-newsroom.com,https://online-casino-newsroom.com,,online-casino-newsroom.com,online-casino-newsroom.com,exact,failed,not_attempted,navigation_transient_browser_error,"BrowserContext.new_page: Target page, context or browser has been closed",,,,948140b717e0c17f95692f4bbadc0ee39005f28835a19488ce542a7559211ee9,,,,,,State Bank of India (SBI),corp.onlinesbi.sbi,0.0,Low,0.0,0.8505,0,False,False,0.0,-1,0.0,-1,0.0,-1,0.0,-1,False,False,False,False,False,,
run_20260409T090716Z,2026-04-09T09:08:21+00:00,PS-02_AIGR-S66270_NCIIPC_28_02_2026.xlsx,PS-02_AIGR-S66270_NCIIPC_28_02_2026.xlsx,https://homecorelivings.com,https://homecorelivings.com,,homecorelivings.com,homecorelivings.com,exact,failed,not_attempted,navigation_transient_browser_error,"BrowserContext.new_page: Target page, context or browser has been closed",,,,31c1e9fa44dd1895d2f222a36714378c1908454ac2b25d86226c7f73bb01c008,,,,,,State Bank of India (SBI),homeloans.sbi,0.0,Low,0.0,0.8594,0,False,False,0.0,-1,0.0,-1,0.0,-1,0.0,-1,False,False,False,False,False,,
run_20260409T090716Z,2026-04-09T09:08:21+00:00,PS-02_AIGR-S66270_NCIIPC_28_02_2026.xlsx,PS-02_AIGR-S66270_NCIIPC_28_02_2026.xlsx,https://aiimonline.com,https://aiimonline.com,,aiimonline.com,aiimonline.com,exact,failed,not_attempted,navigation_transient_browser_error,"BrowserContext.new_page: Target page, context or browser has been closed",,,,6fb62ee589f662b820d5dcb2f0a799263fb0d6339c9cb9eb3f06b19b64b07798,,,,,,Computer Age Management Services Ltd. (CAMS),camsonline.com,0.0,Low,0.0,0.8667,0,False,False,0.0,-1,0.0,-1,0.0,-1,0.0,-1,False,False,False,False,False,,
run_20260409T090716Z,2026-04-09T09:08:21+00:00,PS-02_AIGR-S66270_NCIIPC_28_02_2026.xlsx,PS-02_AIGR-S66270_NCIIPC_28_02_2026.xlsx,https://cbaconline.us,https://cbaconline.us,,cbaconline.us,cbaconline.us,exact,failed,not_attempted,navigation_transient_browser_error,"BrowserContext.new_page: Target page, context or browser has been closed",,,,f0c1adb45041bd6ca0467387f20c0173a1563196a906ab4384591d27d57df27d,,,,,,Computer Age Management Services Ltd. (CAMS),camsonline.com,0.0,Low,0.0,0.88,0,False,False,0.0,-1,0.0,-1,0.0,-1,0.0,-1,False,False,False,False,False,,
run_20260409T090716Z,2026-04-09T09:08:21+00:00,PS-02_AIGR-S66270_NCIIPC_28_02_2026.xlsx,PS-02_AIGR-S66270_NCIIPC_28_02_2026.xlsx,https://incometaxondemand.com,https://incometaxondemand.com,,incometaxondemand.com,incometaxondemand.com,exact,failed,not_attempted,navigation_transient_browser_error,"BrowserContext.new_page: Target page, context or browser has been closed",,,,8c02e13c0d74cce6476fe4e77c2354f4cff390f53fbecdd0b59b18e5ca079c04,,,,,,Income Tax Department,incometaxindia.gov.in,0.0,Low,0.0,0.9126,0,False,False,0.0,-1,0.0,-1,0.0,-1,0.0,-1,False,False,False,False,False,,
run_20260409T090716Z,2026-04-09T09:08:21+00:00,PS-02_AIGR-S66270_NCIIPC_28_02_2026.xlsx,PS-02_AIGR-S66270_NCIIPC_28_02_2026.xlsx,https://canadaeu.com,https://canadaeu.com,,canadaeu.com,canadaeu.com,exact,failed,not_attempted,navigation_transient_browser_error,"BrowserContext.new_page: Target page, context or browser has been closed",,,,fce69378bb1d2faeeeac3f6a969057a626093606d15315fe4df8587d103f3c34,,,,,,Canara Bank,canararobeco.com,0.0,Low,0.0,0.85,0,False,False,0.0,-1,0.0,-1,0.0,-1,0.0,-1,False,False,False,False,False,,
run_20260409T090716Z,2026-04-09T09:08:21+00:00,PS-02_AIGR-S66270_NCIIPC_28_02_2026.xlsx,PS-02_AIGR-S66270_NCIIPC_28_02_2026.xlsx,https://ecocie.com,https://ecocie.com,,ecocie.com,ecocie.com,exact,failed,not_attempted,navigation_transient_browser_error,"BrowserContext.new_page: Target page, context or browser has been closed",,,,bf4c4fedac76e3debbc7906880dd7f61a06818864186d52e06e7b15b2eb3ee9f,,,,,,Election Commision of India (ECI),eci.gov.in,0.0,Low,0.0,0.8667,0,False,False,0.0,-1,0.0,-1,0.0,-1,0.0,-1,False,False,False,False,False,,
run_20260409T090716Z,2026-04-09T09:08:21+00:00,PS-02_AIGR-S66270_NCIIPC_28_02_2026.xlsx,PS-02_AIGR-S66270_NCIIPC_28_02_2026.xlsx,https://aimusk.vip,https://aimusk.vip,,aimusk.vip,aimusk.vip,exact,failed,not_attempted,navigation_transient_browser_error,"BrowserContext.new_page: Target page, context or browser has been closed",,,,cecaae852d3dcea8c22a407fd6ebd578c3f5d781adde244b6d6733dece5e6de3,,,,,,All India Institute of Medical Sciences (AIIMS),aiims.edu,0.0,Low,0.0,0.8578,0,False,False,0.0,-1,0.0,-1,0.0,-1,0.0,-1,False,False,False,False,False,,
run_20260409T090716Z,2026-04-09T09:08:21+00:00,PS-02_AIGR-S66270_NCIIPC_28_02_2026.xlsx,PS-02_AIGR-S66270_NCIIPC_28_02_2026.xlsx,https://onlinesec.com,https://onlinesec.com,,onlinesec.com,onlinesec.com,exact,failed,not_attempted,navigation_transient_browser_error,"BrowserContext.new_page: Target page, context or browser has been closed",,,,a9a9c20367cfe459cfa9144cd11c8ec65856cb6d82dc0851edf80a516a2c57f2,,,,,,State Bank of India (SBI),corp.onlinesbi.sbi,0.0,Low,0.0,0.9111,0,False,False,0.0,-1,0.0,-1,0.0,-1,0.0,-1,False,False,False,False,False,,
run_20260409T090716Z,2026-04-09T09:08:21+00:00,PS-02_AIGR-S66270_NCIIPC_28_02_2026.xlsx,PS-02_AIGR-S66270_NCIIPC_28_02_2026.xlsx,https://suidayin.com,https://suidayin.com,,suidayin.com,suidayin.com,exact,failed,not_attempted,navigation_transient_browser_error,"BrowserContext.new_page: Target page, context or browser has been closed",,,,1fba24873ac38b8d5664d3e348c0b62b17ba05a0b6df7dc359de5971e1b7db3b,,,,,,"Unique Identification Authority of India (UIDAI)
",uidai.gov.in,0.0,Low,0.0,0.875,0,False,False,0.0,-1,0.0,-1,0.0,-1,0.0,-1,False,False,False,False,False,,
run_20260409T090716Z,2026-04-09T09:08:21+00:00,PS-02_AIGR-S66270_NCIIPC_28_02_2026.xlsx,PS-02_AIGR-S66270_NCIIPC_28_02_2026.xlsx,https://netpersonas.com,https://netpersonas.com,,netpersonas.com,netpersonas.com,exact,failed,not_attempted,navigation_transient_browser_error,"BrowserContext.new_page: Target page, context or browser has been closed",,,,d0f83705a80e151b1700a29ce09f26ee61cd9cecf56952560b31658dfdca385d,,,,,,Punjab National Bank (PNB),netpnb.com,0.0,Low,0.0,0.8576,0,False,False,0.0,-1,0.0,-1,0.0,-1,0.0,-1,False,False,False,False,False,,
run_20260409T090716Z,2026-04-09T09:08:21+00:00,PS-02_AIGR-S66270_NCIIPC_28_02_2026.xlsx,PS-02_AIGR-S66270_NCIIPC_28_02_2026.xlsx,https://rubicj.com,https://rubicj.com,,rubicj.com,rubicj.com,exact,failed,not_attempted,navigation_transient_browser_error,"BrowserContext.new_page: Target page, context or browser has been closed",,,,aeff5942d6af1f40f511809020cb4052f7e5b5a8f0575733e934e65dd8f9f51c,,,,,,Reserve Bank of India (RBI),rbi.org.in,0.0,Low,0.0,0.85,0,False,False,0.0,-1,0.0,-1,0.0,-1,0.0,-1,False,False,False,False,False,,
run_20260409T090716Z,2026-04-09T09:08:21+00:00,PS-02_AIGR-S66270_NCIIPC_28_02_2026.xlsx,PS-02_AIGR-S66270_NCIIPC_28_02_2026.xlsx,https://rapidexpress.com,https://rapidexpress.com,,rapidexpress.com,rapidexpress.com,exact,failed,not_attempted,navigation_transient_browser_error,"BrowserContext.new_page: Target page, context or browser has been closed",,,,7ffd26bd0ecf497413ddac32e1d2e43bfa38db82cc7a176555e0de65c3c309dc,,,,,,Air India,airindiaexpress.com,0.0,Low,0.0,0.853,0,False,False,0.0,-1,0.0,-1,0.0,-1,0.0,-1,False,False,False,False,False,,
run_20260409T090716Z,2026-04-09T09:08:21+00:00,PS-02_AIGR-S66270_NCIIPC_28_02_2026.xlsx,PS-02_AIGR-S66270_NCIIPC_28_02_2026.xlsx,https://onlinedwg.com,https://onlinedwg.com,,onlinedwg.com,onlinedwg.com,exact,failed,not_attempted,navigation_transient_browser_error,"BrowserContext.new_page: Target page, context or browser has been closed",,,,0e3c723af57720f09eeda28d380447a8a1ca0d0ce06e61970df9f8e7d77ab24a,,,,,,State Bank of India (SBI),corp.onlinesbi.sbi,0.0,Low,0.0,0.8667,0,False,False,0.0,-1,0.0,-1,0.0,-1,0.0,-1,False,False,False,False,False,,
run_20260409T090716Z,2026-04-09T09:08:21+00:00,PS-02_AIGR-S66270_NCIIPC_28_02_2026.xlsx,PS-02_AIGR-S66270_NCIIPC_28_02_2026.xlsx,https://onlinecentrodeservicio.com,https://onlinecentrodeservicio.com,,onlinecentrodeservicio.com,onlinecentrodeservicio.com,exact,failed,not_attempted,navigation_transient_browser_error,"BrowserContext.new_page: Target page, context or browser has been closed",,,,8d8717da7fd6a05d41cace124c003c51ce125cf52ce84df429c1b41b7233e226,,,,,,State Bank of India (SBI),corp.onlinesbi.sbi,0.0,Low,0.0,0.8505,0,False,False,0.0,-1,0.0,-1,0.0,-1,0.0,-1,False,False,False,False,False,,
run_20260409T090716Z,2026-04-09T09:08:21+00:00,PS-02_AIGR-S66270_NCIIPC_28_02_2026.xlsx,PS-02_AIGR-S66270_NCIIPC_28_02_2026.xlsx,https://idawi.com,https://idawi.com,,idawi.com,idawi.com,exact,failed,not_attempted,navigation_transient_browser_error,"BrowserContext.new_page: Target page, context or browser has been closed",,,,8643db7c972b0a4661e036aac1409000d2cd76cecfab8547fb84e4824e758c9e,,,,,,"Unique Identification Authority of India (UIDAI)
",uidai.gov.in,0.0,Low,0.0,0.8667,0,False,False,0.0,-1,0.0,-1,0.0,-1,0.0,-1,False,False,False,False,False,,
run_20260409T090716Z,2026-04-09T09:08:21+00:00,PS-02_AIGR-S66270_NCIIPC_28_02_2026.xlsx,PS-02_AIGR-S66270_NCIIPC_28_02_2026.xlsx,https://ayrahexpress.com,https://ayrahexpress.com,,ayrahexpress.com,ayrahexpress.com,exact,failed,not_attempted,navigation_transient_browser_error,"BrowserContext.new_page: Target page, context or browser has been closed",,,,e530d53c4f1863180fc1d8b9ae524be643a10cf236f080d687b86996a549b7dc,,,,,,Air India,airindiaexpress.com,0.0,Low,0.0,0.85,0,False,False,0.0,-1,0.0,-1,0.0,-1,0.0,-1,False,False,False,False,False,,
run_20260409T090716Z,2026-04-09T09:08:21+00:00,PS-02_AIGR-S66270_NCIIPC_28_02_2026.xlsx,PS-02_AIGR-S66270_NCIIPC_28_02_2026.xlsx,https://ecaify.com,https://ecaify.com,,ecaify.com,ecaify.com,exact,failed,not_attempted,navigation_transient_browser_error,"BrowserContext.new_page: Target page, context or browser has been closed",,,,def5454e8778b3c41d677729d97b4778d6687a9f217169f016946d589743c739,,,,,,Election Commision of India (ECI),eci.gov.in,0.0,Low,0.0,0.8667,0,False,False,0.0,-1,0.0,-1,0.0,-1,0.0,-1,False,False,False,False,False,,
run_20260409T090716Z,2026-04-09T09:08:21+00:00,PS-02_AIGR-S66270_NCIIPC_28_02_2026.xlsx,PS-02_AIGR-S66270_NCIIPC_28_02_2026.xlsx,https://onlineslotsalberta.com,https://onlineslotsalberta.com,,onlineslotsalberta.com,onlineslotsalberta.com,exact,failed,not_attempted,navigation_transient_browser_error,"BrowserContext.new_page: Target page, context or browser has been closed",,,,7546749b9a228b4b488b121669260d46938383fb8d81c54e054aa8557293005a,,,,,,State Bank of India (SBI),corp.onlinesbi.sbi,0.0,Low,0.0,0.8667,0,False,False,0.0,-1,0.0,-1,0.0,-1,0.0,-1,False,False,False,False,False,,
run_20260409T090716Z,2026-04-09T09:08:21+00:00,PS-02_AIGR-S66270_NCIIPC_28_02_2026.xlsx,PS-02_AIGR-S66270_NCIIPC_28_02_2026.xlsx,https://swwebcard.com,https://swwebcard.com,,swwebcard.com,swwebcard.com,exact,failed,not_attempted,navigation_transient_browser_error,"BrowserContext.new_page: Target page, context or browser has been closed",,,,c2d24e3b70efefe5d50156299b01ef3bff2361813f32e87691f8f0a724ed26c2,,,,,,State Bank of India (SBI),sbicard.com,0.0,Low,0.0,0.8571,0,False,False,0.0,-1,0.0,-1,0.0,-1,0.0,-1,False,False,False,False,False,,
run_20260409T090716Z,2026-04-09T09:08:21+00:00,PS-02_AIGR-S66270_NCIIPC_28_02_2026.xlsx,PS-02_AIGR-S66270_NCIIPC_28_02_2026.xlsx,https://airtei.com,https://airtei.com,,airtei.com,airtei.com,exact,failed,not_attempted,navigation_transient_browser_error,"BrowserContext.new_page: Target page, context or browser has been closed",,,,d18c935b822fa86ce4941c76f8d0460837677d8cfea06b1c7e35674a9066684f,,,,,,Airtel,airtel.in,0.0,Low,0.0,0.9333,0,False,False,0.0,-1,0.0,-1,0.0,-1,0.0,-1,False,False,False,False,False,,
run_20260409T090716Z,2026-04-09T09:08:21+00:00,PS-02_AIGR-S66270_NCIIPC_28_02_2026.xlsx,PS-02_AIGR-S66270_NCIIPC_28_02_2026.xlsx,https://canadaturk.com,https://canadaturk.com,,canadaturk.com,canadaturk.com,exact,failed,not_attempted,navigation_transient_browser_error,"BrowserContext.new_page: Target page, context or browser has been closed",,,,5e59ca8b6636682ed44154744d1df939422d9dd50eeadbe565c3052a42504148,,,,,,Coal India,coalindiatenders.nic.in,0.0,Low,0.0,0.6649,0,False,False,0.0,-1,0.0,-1,0.0,-1,0.0,-1,False,False,False,False,False,,
run_20260409T090716Z,2026-04-09T09:08:21+00:00,PS-02_AIGR-S66270_NCIIPC_28_02_2026.xlsx,PS-02_AIGR-S66270_NCIIPC_28_02_2026.xlsx,https://onlinejobspk.com,https://onlinejobspk.com,,onlinejobspk.com,onlinejobspk.com,exact,failed,not_attempted,navigation_transient_browser_error,"BrowserContext.new_page: Target page, context or browser has been closed",,,,48603fc040654fb9c05ae8d9ab12650041b1849101ffffdefad3057afeeb1239,,,,,,State Bank of India (SBI),corp.onlinesbi.sbi,0.0,Low,0.0,0.8861,0,False,False,0.0,-1,0.0,-1,0.0,-1,0.0,-1,False,False,False,False,False,,
run_20260409T090716Z,2026-04-09T09:08:21+00:00,PS-02_AIGR-S66270_NCIIPC_28_02_2026.xlsx,PS-02_AIGR-S66270_NCIIPC_28_02_2026.xlsx,https://nrhats.com,https://nrhats.com,,nrhats.com,nrhats.com,exact,failed,not_attempted,navigation_transient_browser_error,"BrowserContext.new_page: Target page, context or browser has been closed",,,,2ead7c39b86abbc8a882564fe98ad9051ea713ca4f9425a4db4d74f844176419,,,,,,National Health Authority (NHA),nha.gov.in,0.0,Low,0.0,0.85,0,False,False,0.0,-1,0.0,-1,0.0,-1,0.0,-1,False,False,False,False,False,,
run_20260409T090716Z,2026-04-09T09:08:21+00:00,PS-02_AIGR-S66270_NCIIPC_28_02_2026.xlsx,PS-02_AIGR-S66270_NCIIPC_28_02_2026.xlsx,https://parkaa.lat,https://parkaa.lat,,parkaa.lat,parkaa.lat,exact,failed,not_attempted,navigation_transient_browser_error,"BrowserContext.new_page: Target page, context or browser has been closed",,,,e8a59cebf978b194e3d764de3bc4103917e51c71447c913df01792343e724329,,,,,,parivahan sewa,parivahan.gov.in,0.0,Low,0.0,0.8574,0,False,False,0.0,-1,0.0,-1,0.0,-1,0.0,-1,False,False,False,False,False,,
run_20260409T090716Z,2026-04-09T09:08:21+00:00,PS-02_AIGR-S66270_NCIIPC_28_02_2026.xlsx,PS-02_AIGR-S66270_NCIIPC_28_02_2026.xlsx,https://srichards.us,https://srichards.us,,srichards.us,srichards.us,exact,failed,not_attempted,navigation_transient_browser_error,"BrowserContext.new_page: Target page, context or browser has been closed",,,,632034c1f60111f125c52a94704312cae75f1ea9c9afd4cd287b0ae9a8fe83b4,,,,,,State Bank of India (SBI),sbicard.com,0.0,Low,0.0,0.8571,0,False,False,0.0,-1,0.0,-1,0.0,-1,0.0,-1,False,False,False,False,False,,
run_20260409T090716Z,2026-04-09T09:08:21+00:00,PS-02_AIGR-S66270_NCIIPC_28_02_2026.xlsx,PS-02_AIGR-S66270_NCIIPC_28_02_2026.xlsx,https://nhacc.info,https://nhacc.info,,nhacc.info,nhacc.info,exact,failed,not_attempted,navigation_transient_browser_error,"BrowserContext.new_page: Target page, context or browser has been closed",,,,a97e80b30be66bce3b2af203e1cd1a5918762f9bf97b965c014086559f2f23a4,,,,,,National Health Authority (NHA),nha.gov.in,0.0,Low,0.0,0.9067,0,False,False,0.0,-1,0.0,-1,0.0,-1,0.0,-1,False,False,False,False,False,,
run_20260409T090716Z,2026-04-09T09:08:21+00:00,PS-02_AIGR-S66270_NCIIPC_28_02_2026.xlsx,PS-02_AIGR-S66270_NCIIPC_28_02_2026.xlsx,https://myviktor.com,https://myviktor.com,,myviktor.com,myviktor.com,exact,failed,not_attempted,navigation_transient_browser_error,"BrowserContext.new_page: Target page, context or browser has been closed",,,,cac84790b7fb1d863950aecfe7c54cc250cbfc568e420f9b3a44a8385ed9af9f,,,,,,Vodafone Idea (VI),myvi.in,0.0,Low,0.0,0.9,0,False,False,0.0,-1,0.0,-1,0.0,-1,0.0,-1,False,False,False,False,False,,
run_20260409T090716Z,2026-04-09T09:08:21+00:00,PS-02_AIGR-S66270_NCIIPC_28_02_2026.xlsx,PS-02_AIGR-S66270_NCIIPC_28_02_2026.xlsx,https://homems.com,https://homems.com,,homems.com,homems.com,exact,failed,not_attempted,navigation_transient_browser_error,"BrowserContext.new_page: Target page, context or browser has been closed",,,,763f0a1fa8e1c40dfe27eafd4c347b6034842d74735119d2258452d81e5e05a3,,,,,,State Bank of India (SBI),homeloans.sbi,0.0,Low,0.0,0.8778,0,False,False,0.0,-1,0.0,-1,0.0,-1,0.0,-1,False,False,False,False,False,,
run_20260409T090716Z,2026-04-09T09:08:21+00:00,PS-02_AIGR-S66270_NCIIPC_28_02_2026.xlsx,PS-02_AIGR-S66270_NCIIPC_28_02_2026.xlsx,https://jnhab.link,https://jnhab.link,,jnhab.link,jnhab.link,exact,failed,not_attempted,navigation_transient_browser_error,"BrowserContext.new_page: Target page, context or browser has been closed",,,,c8c92f0db37e21e3acc5094514d6f9a429e3e02b119658aea34d738cc95a71c8,,,,,,National Health Authority (NHA),nha.gov.in,0.0,Low,0.0,0.8667,0,False,False,0.0,-1,0.0,-1,0.0,-1,0.0,-1,False,False,False,False,False,,
run_20260409T090716Z,2026-04-09T09:08:21+00:00,PS-02_AIGR-S66270_NCIIPC_28_02_2026.xlsx,PS-02_AIGR-S66270_NCIIPC_28_02_2026.xlsx,https://onlineexregister.com,https://onlineexregister.com,,onlineexregister.com,onlineexregister.com,exact,failed,not_attempted,navigation_transient_browser_error,"BrowserContext.new_page: Target page, context or browser has been closed",,,,e6626bbbb5f154450f41713018a0fd226e3011428e4b9a2432503cd8b799ce95,,,,,,State Bank of India (SBI),corp.onlinesbi.sbi,0.0,Low,0.0,0.8528,0,False,False,0.0,-1,0.0,-1,0.0,-1,0.0,-1,False,False,False,False,False,,
run_20260409T090716Z,2026-04-09T09:08:21+00:00,PS-02_AIGR-S66270_NCIIPC_28_02_2026.xlsx,PS-02_AIGR-S66270_NCIIPC_28_02_2026.xlsx,https://candarli.com,https://candarli.com,,candarli.com,candarli.com,exact,failed,not_attempted,navigation_transient_browser_error,"BrowserContext.new_page: Target page, context or browser has been closed",,,,d4a6b011d2d52eea1eea36582c83dc4c0741ab26f2911e0d644635a364ca69a9,,,,,,Canara Bank,canarahsbclife.com,0.0,Low,0.0,0.8542,0,False,False,0.0,-1,0.0,-1,0.0,-1,0.0,-1,False,False,False,False,False,,
run_20260409T090716Z,2026-04-09T09:08:21+00:00,PS-02_AIGR-S66270_NCIIPC_28_02_2026.xlsx,PS-02_AIGR-S66270_NCIIPC_28_02_2026.xlsx,https://hdf.one,https://hdf.one,,hdf.one,hdf.one,exact,failed,not_attempted,navigation_transient_browser_error,"BrowserContext.new_page: Target page, context or browser has been closed",,,,97fab612edf4635bdc4ed08826abb55e3d76bcc1ca013159b2ddb82df50f9914,,,,,,HDFC Bank,hdfc.com,0.0,Low,0.0,0.9417,0,False,False,0.0,-1,0.0,-1,0.0,-1,0.0,-1,False,False,False,False,False,,
run_20260409T090716Z,2026-04-09T09:08:21+00:00,PS-02_AIGR-S66270_NCIIPC_28_02_2026.xlsx,PS-02_AIGR-S66270_NCIIPC_28_02_2026.xlsx,https://onlinevipkit.com,https://onlinevipkit.com,,onlinevipkit.com,onlinevipkit.com,exact,failed,not_attempted,navigation_transient_browser_error,"BrowserContext.new_page: Target page, context or browser has been closed",,,,3ce47d50b60ef2f8aa375e61903d1b34bc258baa646587baef5c086ffaee6d89,,,,,,State Bank of India (SBI),corp.onlinesbi.sbi,0.0,Low,0.0,0.8722,0,False,False,0.0,-1,0.0,-1,0.0,-1,0.0,-1,False,False,False,False,False,,
run_20260409T090716Z,2026-04-09T09:08:21+00:00,PS-02_AIGR-S66270_NCIIPC_28_02_2026.xlsx,PS-02_AIGR-S66270_NCIIPC_28_02_2026.xlsx,https://casinoplanet.xyz,https://casinoplanet.xyz,,casinoplanet.xyz,casinoplanet.xyz,exact,failed,not_attempted,navigation_transient_browser_error,"BrowserContext.new_page: Target page, context or browser has been closed",,,,a3a31deb288e66af676a7bc4f1ff7c034f16a87a2a6dfb8f34ab7ebadc85b13e,,,,,,Computer Age Management Services Ltd. (CAMS),camsonline.com,0.0,Low,0.0,0.877,0,False,False,0.0,-1,0.0,-1,0.0,-1,0.0,-1,False,False,False,False,False,,
run_20260409T090716Z,2026-04-09T09:08:21+00:00,PS-02_AIGR-S66270_NCIIPC_28_02_2026.xlsx,PS-02_AIGR-S66270_NCIIPC_28_02_2026.xlsx,https://paisonline.com,https://paisonline.com,,paisonline.com,paisonline.com,exact,failed,not_attempted,navigation_transient_browser_error,"BrowserContext.new_page: Target page, context or browser has been closed",,,,4cb0f2c9c6ab434419820322f6f4e9825b21bef1cc96381e20ff12e38ce979cc,,,,,,Computer Age Management Services Ltd. (CAMS),camsonline.com,0.0,Low,0.0,0.8667,0,False,False,0.0,-1,0.0,-1,0.0,-1,0.0,-1,False,False,False,False,False,,
run_20260409T090716Z,2026-04-09T09:08:21+00:00,PS-02_AIGR-S66270_NCIIPC_28_02_2026.xlsx,PS-02_AIGR-S66270_NCIIPC_28_02_2026.xlsx,https://aigms.com,https://aigms.com,,aigms.com,aigms.com,exact,failed,not_attempted,navigation_transient_browser_error,"BrowserContext.new_page: Target page, context or browser has been closed",,,,d761c70436a52cd18f4f66076338ab1b67c1bd4c6126113a9c681cef1eec3ca1,,,,,,All India Institute of Medical Sciences (AIIMS),aiims.edu,0.0,Low,0.0,0.8933,0,False,False,0.0,-1,0.0,-1,0.0,-1,0.0,-1,False,False,False,False,False,,
run_20260409T090716Z,2026-04-09T09:08:21+00:00,PS-02_AIGR-S66270_NCIIPC_28_02_2026.xlsx,PS-02_AIGR-S66270_NCIIPC_28_02_2026.xlsx,https://bntl.be,https://bntl.be,,bntl.be,bntl.be,exact,failed,not_attempted,navigation_transient_browser_error,"BrowserContext.new_page: Target page, context or browser has been closed",,,,fbde2b7d031c7299927942edec500c3253b8cd0bac6eebaa347e460823c3c3a6,,,,,,Bharat Sanchar Nigam Limited (BSNL),bsnl.co.in,0.0,Low,0.0,0.85,0,False,False,0.0,-1,0.0,-1,0.0,-1,0.0,-1,False,False,False,False,False,,
run_20260409T090716Z,2026-04-09T09:08:21+00:00,PS-02_AIGR-S66270_NCIIPC_28_02_2026.xlsx,PS-02_AIGR-S66270_NCIIPC_28_02_2026.xlsx,https://irici.com,https://irici.com,,irici.com,irici.com,exact,failed,not_attempted,navigation_transient_browser_error,"BrowserContext.new_page: Target page, context or browser has been closed",,,,37177611903495775757502088f3979b6ee416fb1e44907d192635d1cd6838f5,,,,,,Indian Railway Catering and Tourism Corporation (IRCTC),irctctourism.com,0.0,Low,0.0,0.7689,0,False,False,0.0,-1,0.0,-1,0.0,-1,0.0,-1,False,False,False,False,False,,
run_20260409T090716Z,2026-04-09T09:08:21+00:00,PS-02_AIGR-S66270_NCIIPC_28_02_2026.xlsx,PS-02_AIGR-S66270_NCIIPC_28_02_2026.xlsx,https://parimatch-casino-apk.com,https://parimatch-casino-apk.com,,parimatch-casino-apk.com,parimatch-casino-apk.com,exact,failed,not_attempted,navigation_transient_browser_error,"BrowserContext.new_page: Target page, context or browser has been closed",,,,800f655719a3babc3a60e3cc028fb246a5d715f1a7fe7fd68b042e4add91c6c6,,,,,,parivahan sewa,parivahan.gov.in,0.0,Low,0.0,0.8578,0,False,False,0.0,-1,0.0,-1,0.0,-1,0.0,-1,False,False,False,False,False,,
run_20260409T090716Z,2026-04-09T09:08:21+00:00,PS-02_AIGR-S66270_NCIIPC_28_02_2026.xlsx,PS-02_AIGR-S66270_NCIIPC_28_02_2026.xlsx,https://morecloud.fun,https://morecloud.fun,,morecloud.fun,morecloud.fun,exact,failed,not_attempted,navigation_error,"Page.goto: net::ERR_NAME_NOT_RESOLVED at https://morecloud.fun/ | Call log: - navigating to ""https://morecloud.fun/"", waiting until ""domcontentloaded""",,,,675d0789e3759a4fe56c1159e4dd39e3be343569df038c7551c68e5f1e8ae480,,,,,,National Informatics Centre (NIC),accounts.mgovcloud.in,0.0,Low,0.0,0.8667,0,False,False,0.0,-1,0.0,-1,0.0,-1,0.0,-1,False,False,False,False,False,,
run_20260409T090716Z,2026-04-09T09:08:21+00:00,PS-02_AIGR-S66270_NCIIPC_06_03_2026.xlsx|PS-02_AIGR-S66270_NCIIPC_28_02_2026.xlsx,PS-02_AIGR-S66270_NCIIPC_28_02_2026.xlsx,https://panbe.online,https://panbe.online,,panbe.online,panbe.online,exact,failed,not_attempted,navigation_transient_browser_error,"BrowserContext.new_page: Target page, context or browser has been closed",,,,8b383055cd4e42b1d737c0ddc7fa7b578442f30853e4a70a8df1773ae4fcdff4,,,,,,Canara Bank,canararobeco.com,0.0,Low,0.0,0.7111,0,False,False,0.0,-1,0.0,-1,0.0,-1,0.0,-1,False,False,False,False,False,,
run_20260409T090716Z,2026-04-09T09:08:21+00:00,PS-02_AIGR-S66270_NCIIPC_06_03_2026.xlsx|PS-02_AIGR-S66270_NCIIPC_28_02_2026.xlsx,PS-02_AIGR-S66270_NCIIPC_28_02_2026.xlsx,https://homelybox.com,https://homelybox.com,,homelybox.com,homelybox.com,exact,failed,not_attempted,navigation_transient_browser_error,"BrowserContext.new_page: Target page, context or browser has been closed",,,,5b8a724d2ca5dce1e795a8a1d37efc8aa889f76a7086da3abd8e501cdd7c2d23,,,,,,State Bank of India (SBI),homeloans.sbi,0.0,Low,0.0,0.8667,0,False,False,0.0,-1,0.0,-1,0.0,-1,0.0,-1,False,False,False,False,False,,
run_20260409T090716Z,2026-04-09T09:08:21+00:00,PS-02_AIGR-S66270_NCIIPC_28_02_2026.xlsx,PS-02_AIGR-S66270_NCIIPC_28_02_2026.xlsx,https://onlinesiker.com,https://onlinesiker.com,,onlinesiker.com,onlinesiker.com,exact,failed,not_attempted,navigation_transient_browser_error,"BrowserContext.new_page: Target page, context or browser has been closed",,,,08afab84e90f20197a4b2272d580c013f924555d630e51e8a856a725e62f92d8,,,,,,State Bank of India (SBI),corp.onlinesbi.sbi,0.0,Low,0.0,0.9232,0,False,False,0.0,-1,0.0,-1,0.0,-1,0.0,-1,False,False,False,False,False,,
run_20260409T090716Z,2026-04-09T09:08:21+00:00,PS-02_AIGR-S66270_NCIIPC_28_02_2026.xlsx,PS-02_AIGR-S66270_NCIIPC_28_02_2026.xlsx,https://onlinesube-garanti.click,https://onlinesube-garanti.click,,onlinesube-garanti.click,onlinesube-garanti.click,exact,failed,not_attempted,navigation_transient_browser_error,"BrowserContext.new_page: Target page, context or browser has been closed",,,,99f64f390dc22bceb2a1c7d590bf9cf9a534c0246b8d59e4e8994df24ef26ab6,,,,,,State Bank of India (SBI),corp.onlinesbi.sbi,0.0,Low,0.0,0.8667,0,False,False,0.0,-1,0.0,-1,0.0,-1,0.0,-1,False,False,False,False,False,,
run_20260409T090716Z,2026-04-09T09:08:21+00:00,PS-02_AIGR-S66270_NCIIPC_28_02_2026.xlsx,PS-02_AIGR-S66270_NCIIPC_28_02_2026.xlsx,https://bseksa.com,https://bseksa.com,,bseksa.com,bseksa.com,exact,failed,not_attempted,navigation_transient_browser_error,"BrowserContext.new_page: Target page, context or browser has been closed",,,,2eaf04bab4909e3cf3a471ad1074b163425506060933cd8d9c85dccfec39a170,,,,,,BSE Ltd.,bsestarmf.in,0.0,Low,0.0,0.8574,0,False,False,0.0,-1,0.0,-1,0.0,-1,0.0,-1,False,False,False,False,False,,
run_20260409T090716Z,2026-04-09T09:08:21+00:00,PS-02_AIGR-S66270_NCIIPC_28_02_2026.xlsx,PS-02_AIGR-S66270_NCIIPC_28_02_2026.xlsx,https://llfintech.com,https://llfintech.com,,llfintech.com,llfintech.com,exact,failed,not_attempted,navigation_transient_browser_error,"BrowserContext.new_page: Target page, context or browser has been closed",,,,617da4347b4ddcb5eced364d6009d2b04efea7ea59d52ca688e53783ccd25034,,,,,,Kfintech,kfintech.com,0.0,Low,0.0,0.8843,0,False,False,0.0,-1,0.0,-1,0.0,-1,0.0,-1,False,False,False,False,False,,
run_20260409T090716Z,2026-04-09T09:08:21+00:00,PS-02_AIGR-S66270_NCIIPC_28_02_2026.xlsx,PS-02_AIGR-S66270_NCIIPC_28_02_2026.xlsx,https://onlineamp.xyz,https://onlineamp.xyz,,onlineamp.xyz,onlineamp.xyz,exact,failed,not_attempted,navigation_transient_browser_error,"BrowserContext.new_page: Target page, context or browser has been closed",,,,ebd8229d2f11f24770a0ea845f9004b119d007313f846dc51ad6b71db1661148,,,,,,State Bank of India (SBI),corp.onlinesbi.sbi,0.0,Low,0.0,0.8667,0,False,False,0.0,-1,0.0,-1,0.0,-1,0.0,-1,False,False,False,False,False,,
run_20260409T090716Z,2026-04-09T09:08:21+00:00,PS-02_AIGR-S66270_NCIIPC_28_02_2026.xlsx,PS-02_AIGR-S66270_NCIIPC_28_02_2026.xlsx,https://sbhi.com,https://sbhi.com,,sbhi.com,sbhi.com,exact,failed,not_attempted,navigation_transient_browser_error,"BrowserContext.new_page: Target page, context or browser has been closed",,,,b44a55fe9fd3a10d520998519774b61f8ec5fc650351de7a8fd3772712305721,,,,,,State Bank of India (SBI),sbi.co.in,0.0,Low,0.0,0.9333,0,False,False,0.0,-1,0.0,-1,0.0,-1,0.0,-1,False,False,False,False,False,,
run_20260409T090716Z,2026-04-09T09:08:21+00:00,PS-02_AIGR-S66270_NCIIPC_28_02_2026.xlsx,PS-02_AIGR-S66270_NCIIPC_28_02_2026.xlsx,https://onlinesynth.com,https://onlinesynth.com,,onlinesynth.com,onlinesynth.com,exact,failed,not_attempted,navigation_transient_browser_error,"BrowserContext.new_page: Target page, context or browser has been closed",,,,b774faf52b603d8966c2adb01a5b8529577bb71b06d6d1bd0f1eea25f20bc6d2,,,,,,State Bank of India (SBI),corp.onlinesbi.sbi,0.0,Low,0.0,0.8828,0,False,False,0.0,-1,0.0,-1,0.0,-1,0.0,-1,False,False,False,False,False,,
run_20260409T090716Z,2026-04-09T09:08:21+00:00,PS-02_AIGR-S66270_NCIIPC_28_02_2026.xlsx,PS-02_AIGR-S66270_NCIIPC_28_02_2026.xlsx,https://sabini.xyz,https://sabini.xyz,,sabini.xyz,sabini.xyz,exact,failed,not_attempted,navigation_transient_browser_error,"BrowserContext.new_page: Target page, context or browser has been closed",,,,639d18a48d0103940989ef618780af2bcb35d850cde6a970efffb8a6ebd431f6,,,,,,State Bank of India (SBI),sbi.co.in,0.0,Low,0.0,0.85,0,False,False,0.0,-1,0.0,-1,0.0,-1,0.0,-1,False,False,False,False,False,,
run_20260409T090716Z,2026-04-09T09:08:21+00:00,PS-02_AIGR-S66270_NCIIPC_28_02_2026.xlsx,PS-02_AIGR-S66270_NCIIPC_28_02_2026.xlsx,https://javiol.com,https://javiol.com,,javiol.com,javiol.com,exact,failed,not_attempted,navigation_transient_browser_error,"BrowserContext.new_page: Target page, context or browser has been closed",,,,2daf6f05bf956b28197d17cc8a1b4e9d288b315323cadab3a22dee3e51c03f4b,,,,,,Jio,jio.com,0.0,Low,0.0,0.85,0,False,False,0.0,-1,0.0,-1,0.0,-1,0.0,-1,False,False,False,False,False,,
run_20260409T090716Z,2026-04-09T09:08:21+00:00,PS-02_AIGR-S66270_NCIIPC_28_02_2026.xlsx,PS-02_AIGR-S66270_NCIIPC_28_02_2026.xlsx,https://sjconline.pics,https://sjconline.pics,,sjconline.pics,sjconline.pics,exact,failed,not_attempted,navigation_transient_browser_error,"BrowserContext.new_page: Target page, context or browser has been closed",,,,ddbaa9d4d1a0a5e3e48ba9737ac0ae75bd8332d103693aee032b4d1487aaa021,,,,,,Computer Age Management Services Ltd. (CAMS),camsonline.com,0.0,Low,0.0,0.8546,0,False,False,0.0,-1,0.0,-1,0.0,-1,0.0,-1,False,False,False,False,False,,
run_20260409T090716Z,2026-04-09T09:08:21+00:00,PS-02_AIGR-S66270_NCIIPC_28_02_2026.xlsx,PS-02_AIGR-S66270_NCIIPC_28_02_2026.xlsx,https://axisblr.com,https://axisblr.com,,axisblr.com,axisblr.com,exact,failed,not_attempted,navigation_transient_browser_error,"BrowserContext.new_page: Target page, context or browser has been closed",,,,abac611112f0eae2fc71345cab590a7bb26ff14a1951fb3ca654817ba02c659b,,,,,,Axis Bank,axismf.com,0.0,Low,0.0,0.8476,0,False,False,0.0,-1,0.0,-1,0.0,-1,0.0,-1,False,False,False,False,False,,
run_20260409T090716Z,2026-04-09T09:08:21+00:00,PS-02_AIGR-S66270_NCIIPC_28_02_2026.xlsx,PS-02_AIGR-S66270_NCIIPC_28_02_2026.xlsx,https://canadadrink.com,https://canadadrink.com,,canadadrink.com,canadadrink.com,exact,failed,not_attempted,navigation_transient_browser_error,"BrowserContext.new_page: Target page, context or browser has been closed",,,,9bd48a0beef31529d0f914681aa676acf287a1edb62c5e152fbb80ca6aa91e35,,,,,,Coal India,coalindiatenders.nic.in,0.0,Low,0.0,0.6824,0,False,False,0.0,-1,0.0,-1,0.0,-1,0.0,-1,False,False,False,False,False,,
run_20260409T090716Z,2026-04-09T09:08:21+00:00,PS-02_AIGR-S66270_NCIIPC_28_02_2026.xlsx,PS-02_AIGR-S66270_NCIIPC_28_02_2026.xlsx,https://holearns.xyz,https://holearns.xyz,,holearns.xyz,holearns.xyz,exact,failed,not_attempted,navigation_transient_browser_error,"BrowserContext.new_page: Target page, context or browser has been closed",,,,57efdc66f52f2b0e1b6cf6862225a92db8171d31f1fe04d1d314863b8d83e40b,,,,,,State Bank of India (SBI),homeloans.sbi,0.0,Low,0.0,0.8693,0,False,False,0.0,-1,0.0,-1,0.0,-1,0.0,-1,False,False,False,False,False,,
run_20260409T090716Z,2026-04-09T09:08:21+00:00,PS-02_AIGR-S66270_NCIIPC_28_02_2026.xlsx,PS-02_AIGR-S66270_NCIIPC_28_02_2026.xlsx,https://partin.rest,https://partin.rest,,partin.rest,partin.rest,exact,failed,not_attempted,navigation_transient_browser_error,"BrowserContext.new_page: Target page, context or browser has been closed",,,,0f6f4ff44e60ceb80f56246018bd3c75db4103251525bd1b2bf9e048f884ab89,,,,,,parivahan sewa,parivahan.gov.in,0.0,Low,0.0,0.8574,0,False,False,0.0,-1,0.0,-1,0.0,-1,0.0,-1,False,False,False,False,False,,
run_20260409T090716Z,2026-04-09T09:08:21+00:00,PS-02_AIGR-S66270_NCIIPC_28_02_2026.xlsx,PS-02_AIGR-S66270_NCIIPC_28_02_2026.xlsx,https://myvidaliaonions.com,https://myvidaliaonions.com,,myvidaliaonions.com,myvidaliaonions.com,exact,failed,not_attempted,navigation_transient_browser_error,"BrowserContext.new_page: Target page, context or browser has been closed",,,,81131f67044df45e4433f54d4319b41f3eb510adb8478d858a5ada663e617788,,,,,,Vodafone Idea (VI),myvi.in,0.0,Low,0.0,0.8533,0,False,False,0.0,-1,0.0,-1,0.0,-1,0.0,-1,False,False,False,False,False,,
run_20260409T090716Z,2026-04-09T09:08:21+00:00,PS-02_AIGR-S66270_NCIIPC_28_02_2026.xlsx,PS-02_AIGR-S66270_NCIIPC_28_02_2026.xlsx,https://onlineeasyjob.xyz,https://onlineeasyjob.xyz,,onlineeasyjob.xyz,onlineeasyjob.xyz,exact,failed,not_attempted,navigation_transient_browser_error,"BrowserContext.new_page: Target page, context or browser has been closed",,,,5b8905b4bb7fd3e5d9ac463ada05cd9e3b0e164b9e027a29f82699fa7fcbda9d,,,,,,State Bank of India (SBI),corp.onlinesbi.sbi,0.0,Low,0.0,0.9009,0,False,False,0.0,-1,0.0,-1,0.0,-1,0.0,-1,False,False,False,False,False,,
run_20260409T090716Z,2026-04-09T09:08:21+00:00,PS-02_AIGR-S66270_NCIIPC_28_02_2026.xlsx,PS-02_AIGR-S66270_NCIIPC_28_02_2026.xlsx,https://5gbing.com,https://5gbing.com,,5gbing.com,5gbing.com,exact,failed,not_attempted,navigation_transient_browser_error,"BrowserContext.new_page: Target page, context or browser has been closed",,,,b2a8d170a14b54770fee27b5dfd6f14b36bfc5c01f7546b3f697f354f583e4bd,,,,,,State Bank of India (SBI),sbi.co.in,0.0,Low,0.0,0.85,0,False,False,0.0,-1,0.0,-1,0.0,-1,0.0,-1,False,False,False,False,False,,
run_20260409T090716Z,2026-04-09T09:08:21+00:00,PS-02_AIGR-S66270_NCIIPC_28_02_2026.xlsx,PS-02_AIGR-S66270_NCIIPC_28_02_2026.xlsx,https://findfirst.link,https://findfirst.link,,findfirst.link,findfirst.link,exact,failed,not_attempted,navigation_transient_browser_error,"BrowserContext.new_page: Target page, context or browser has been closed",,,,c4e6cd399fa29ad64413fc14837e7016bf8e24fb67014454735d0bc2ad86e685,,,,,,BSE Ltd.,bseindia.com,0.0,Low,0.0,0.6481,0,False,False,0.0,-1,0.0,-1,0.0,-1,0.0,-1,False,False,False,False,False,,
run_20260409T090716Z,2026-04-09T09:08:21+00:00,PS-02_AIGR-S66270_NCIIPC_28_02_2026.xlsx,PS-02_AIGR-S66270_NCIIPC_28_02_2026.xlsx,https://homeownerships.com,https://homeownerships.com,,homeownerships.com,homeownerships.com,exact,failed,not_attempted,navigation_transient_browser_error,"BrowserContext.new_page: Target page, context or browser has been closed",,,,a99e81f5b1190450fb443b9b57296a364f2c75288184509cba7335f413786ffc,,,,,,State Bank of India (SBI),homeloans.sbi,0.0,Low,0.0,0.8556,0,False,False,0.0,-1,0.0,-1,0.0,-1,0.0,-1,False,False,False,False,False,,
run_20260409T090716Z,2026-04-09T09:08:21+00:00,PS-02_AIGR-S66270_NCIIPC_28_02_2026.xlsx,PS-02_AIGR-S66270_NCIIPC_28_02_2026.xlsx,https://banar.com,https://banar.com,,banar.com,banar.com,exact,failed,not_attempted,navigation_transient_browser_error,"BrowserContext.new_page: Target page, context or browser has been closed",,,,a7256a7f90f3beb4d6ed170fba43fb70b496ddb444c9d74a0f14e454dbd4ae91,,,,,,Bank of Baroda,onlinecasa.bankofbaroda.com,0.0,Low,0.0,0.8639,0,False,False,0.0,-1,0.0,-1,0.0,-1,0.0,-1,False,False,False,False,False,,
run_20260409T090716Z,2026-04-09T09:08:21+00:00,PS-02_AIGR-S66270_NCIIPC_28_02_2026.xlsx,PS-02_AIGR-S66270_NCIIPC_28_02_2026.xlsx,https://xcici.com,https://xcici.com,,xcici.com,xcici.com,exact,failed,not_attempted,navigation_transient_browser_error,"BrowserContext.new_page: Target page, context or browser has been closed",,,,c828e2a270763529c0d0c9455ab0c2ba8967565870d14a8be1d4ae6b41442123,,,,,,Election Commision of India (ECI),eci.gov.in,0.0,Low,0.0,0.6889,0,False,False,0.0,-1,0.0,-1,0.0,-1,0.0,-1,False,False,False,False,False,,
run_20260409T090716Z,2026-04-09T09:08:21+00:00,PS-02_AIGR-S66270_NCIIPC_28_02_2026.xlsx,PS-02_AIGR-S66270_NCIIPC_28_02_2026.xlsx,https://homesforlong.com,https://homesforlong.com,,homesforlong.com,homesforlong.com,exact,failed,not_attempted,navigation_transient_browser_error,"BrowserContext.new_page: Target page, context or browser has been closed",,,,f3b34944155e3e8242d9d0c9097fe471e5e4512ae18d8b6a5cfd8110a0a51fd9,,,,,,State Bank of India (SBI),homeloans.sbi,0.0,Low,0.0,0.8861,0,False,False,0.0,-1,0.0,-1,0.0,-1,0.0,-1,False,False,False,False,False,,
run_20260409T090716Z,2026-04-09T09:08:21+00:00,PS-02_AIGR-S66270_NCIIPC_28_02_2026.xlsx,PS-02_AIGR-S66270_NCIIPC_28_02_2026.xlsx,https://parivahansewae.com,https://parivahansewae.com,,parivahansewae.com,parivahansewae.com,exact,failed,not_attempted,navigation_transient_browser_error,"BrowserContext.new_page: Target page, context or browser has been closed",,,,781d741fe9e66b97df1f99fb209b2c7d46c4f243244caad04b3d4a15190e568f,,,,,,parivahan sewa,parivahan.gov.in,0.0,Low,0.0,0.9286,0,False,False,0.0,-1,0.0,-1,0.0,-1,0.0,-1,False,False,False,False,False,,
run_20260409T090716Z,2026-04-09T09:08:21+00:00,PS-02_AIGR-S66270_NCIIPC_28_02_2026.xlsx,PS-02_AIGR-S66270_NCIIPC_28_02_2026.xlsx,https://onlineify.com,https://onlineify.com,,onlineify.com,onlineify.com,exact,failed,not_attempted,navigation_transient_browser_error,"BrowserContext.new_page: Target page, context or browser has been closed",,,,d99c7bc2b3cfabb9c8595d5f934075d015e9c9caa23a43cd26d8e8ec916400ab,,,,,,State Bank of India (SBI),corp.onlinesbi.sbi,0.0,Low,0.0,0.9111,0,False,False,0.0,-1,0.0,-1,0.0,-1,0.0,-1,False,False,False,False,False,,
run_20260409T090716Z,2026-04-09T09:08:21+00:00,PS-02_AIGR-S66270_NCIIPC_28_02_2026.xlsx,PS-02_AIGR-S66270_NCIIPC_28_02_2026.xlsx,https://onlinebodyday.ru,https://onlinebodyday.ru,,onlinebodyday.ru,onlinebodyday.ru,exact,failed,not_attempted,navigation_transient_browser_error,"BrowserContext.new_page: Target page, context or browser has been closed",,,,45e95a3fc83cf4239149f8b0fbc1df5a7222ac1e763051b4df8bd060ec7680cf,,,,,,State Bank of India (SBI),corp.onlinesbi.sbi,0.0,Low,0.0,0.8632,0,False,False,0.0,-1,0.0,-1,0.0,-1,0.0,-1,False,False,False,False,False,,
run_20260409T090716Z,2026-04-09T09:08:21+00:00,PS-02_AIGR-S66270_NCIIPC_28_02_2026.xlsx,PS-02_AIGR-S66270_NCIIPC_28_02_2026.xlsx,https://onlinejobshq.com,https://onlinejobshq.com,,onlinejobshq.com,onlinejobshq.com,exact,failed,not_attempted,navigation_transient_browser_error,"BrowserContext.new_page: Target page, context or browser has been closed",,,,e3df11eb0028035afed637c26ecca49df5e9e0117429f786f8ef065f359a9b58,,,,,,State Bank of India (SBI),corp.onlinesbi.sbi,0.0,Low,0.0,0.8861,0,False,False,0.0,-1,0.0,-1,0.0,-1,0.0,-1,False,False,False,False,False,,
run_20260409T090716Z,2026-04-09T09:08:21+00:00,PS-02_AIGR-S66270_NCIIPC_28_02_2026.xlsx,PS-02_AIGR-S66270_NCIIPC_28_02_2026.xlsx,https://nhpass.com,https://nhpass.com,,nhpass.com,nhpass.com,exact,failed,not_attempted,navigation_transient_browser_error,"BrowserContext.new_page: Target page, context or browser has been closed",,,,b844f93f7a625a37094dc3eefeb0603835ec0252ac6d6f2495146762d85466e6,,,,,,National Health Authority (NHA),nha.gov.in,0.0,Low,0.0,0.8667,0,False,False,0.0,-1,0.0,-1,0.0,-1,0.0,-1,False,False,False,False,False,,
run_20260409T090716Z,2026-04-09T09:08:21+00:00,PS-02_AIGR-S66270_NCIIPC_28_02_2026.xlsx,PS-02_AIGR-S66270_NCIIPC_28_02_2026.xlsx,https://homeflower.co.uk,https://homeflower.co.uk,,homeflower.co.uk,homeflower.co.uk,exact,failed,not_attempted,navigation_transient_browser_error,"BrowserContext.new_page: Target page, context or browser has been closed",,,,94d455fe800f1df0e807b691ad6ff612ab39eee1bfe1130dac80bb6b9e216707,,,,,,State Bank of India (SBI),homeloans.sbi,0.0,Low,0.0,0.8533,0,False,False,0.0,-1,0.0,-1,0.0,-1,0.0,-1,False,False,False,False,False,,
run_20260409T090716Z,2026-04-09T09:08:21+00:00,PS-02_AIGR-S66270_NCIIPC_28_02_2026.xlsx,PS-02_AIGR-S66270_NCIIPC_28_02_2026.xlsx,https://icicleservices.biz,https://icicleservices.biz,,icicleservices.biz,icicleservices.biz,exact,failed,not_attempted,navigation_transient_browser_error,"BrowserContext.new_page: Target page, context or browser has been closed",,,,d8ca0a50f135339beb3de25300ce1f4cc2b5b59bb0955dd60656ad215fdae5c5,,,,,,ICICI Bank,icicisecurities.com,0.0,Low,0.0,0.8674,0,False,False,0.0,-1,0.0,-1,0.0,-1,0.0,-1,False,False,False,False,False,,
run_20260409T090716Z,2026-04-09T09:08:21+00:00,PS-02_AIGR-S66270_NCIIPC_28_02_2026.xlsx,PS-02_AIGR-S66270_NCIIPC_28_02_2026.xlsx,https://onlinedns.info,https://onlinedns.info,,onlinedns.info,onlinedns.info,exact,failed,not_attempted,navigation_transient_browser_error,"BrowserContext.new_page: Target page, context or browser has been closed",,,,ffa5c29a254bcd1c3a7bf86e2d92888a70c9d9fdc937fa5ca0c9e0d0e5827a42,,,,,,State Bank of India (SBI),corp.onlinesbi.sbi,0.0,Low,0.0,0.9111,0,False,False,0.0,-1,0.0,-1,0.0,-1,0.0,-1,False,False,False,False,False,,
run_20260409T090716Z,2026-04-09T09:08:21+00:00,PS-02_AIGR-S66270_NCIIPC_28_02_2026.xlsx,PS-02_AIGR-S66270_NCIIPC_28_02_2026.xlsx,https://homegrownballers.app,https://homegrownballers.app,,homegrownballers.app,homegrownballers.app,exact,failed,not_attempted,navigation_transient_browser_error,"BrowserContext.new_page: Target page, context or browser has been closed",,,,09ebdcefa19aadaa5773baf7d70691641decda7215aa1c4b21e547345f286f77,,,,,,State Bank of India (SBI),homeloans.sbi,0.0,Low,0.0,0.8903,0,False,False,0.0,-1,0.0,-1,0.0,-1,0.0,-1,False,False,False,False,False,,
run_20260409T090716Z,2026-04-09T09:08:21+00:00,PS-02_AIGR-S66270_NCIIPC_28_02_2026.xlsx,PS-02_AIGR-S66270_NCIIPC_28_02_2026.xlsx,https://homebuyglobal.com,https://homebuyglobal.com,,homebuyglobal.com,homebuyglobal.com,exact,failed,not_attempted,navigation_transient_browser_error,"BrowserContext.new_page: Target page, context or browser has been closed",,,,0e7c76d86b34016fc31bfdd3e7beb7c297a614b91a9274607a9a3cb6f868169d,,,,,,State Bank of India (SBI),homeloans.sbi,0.0,Low,0.0,0.8632,0,False,False,0.0,-1,0.0,-1,0.0,-1,0.0,-1,False,False,False,False,False,,
run_20260409T090716Z,2026-04-09T09:08:21+00:00,PS-02_AIGR-S66270_NCIIPC_28_02_2026.xlsx,PS-02_AIGR-S66270_NCIIPC_28_02_2026.xlsx,https://icericevice.win,https://icericevice.win,,icericevice.win,icericevice.win,exact,failed,not_attempted,navigation_transient_browser_error,"BrowserContext.new_page: Target page, context or browser has been closed",,,,137a99e3fdd26f9afc100cd765637881f04ee7c138678e6e37aebf17878a1fad,,,,,,ICICI Bank,icicidirect.com,0.0,Low,0.0,0.7879,0,False,False,0.0,-1,0.0,-1,0.0,-1,0.0,-1,False,False,False,False,False,,
run_20260409T090716Z,2026-04-09T09:08:21+00:00,PS-02_AIGR-S66270_NCIIPC_28_02_2026.xlsx,PS-02_AIGR-S66270_NCIIPC_28_02_2026.xlsx,https://mayvite.com,https://mayvite.com,,mayvite.com,mayvite.com,exact,failed,not_attempted,navigation_transient_browser_error,"BrowserContext.new_page: Target page, context or browser has been closed",,,,7991396cbf452dbdc999df6168bc928bf6b679b533ef5301b653a4d6e239829b,,,,,,Vodafone Idea (VI),myvi.in,0.0,Low,0.0,0.8714,0,False,False,0.0,-1,0.0,-1,0.0,-1,0.0,-1,False,False,False,False,False,,
run_20260409T090716Z,2026-04-09T09:08:21+00:00,PS-02_AIGR-S66270_NCIIPC_28_02_2026.xlsx,PS-02_AIGR-S66270_NCIIPC_28_02_2026.xlsx,https://campus-connect.com,https://campus-connect.com,,campus-connect.com,campus-connect.com,exact,failed,not_attempted,navigation_transient_browser_error,"BrowserContext.new_page: Target page, context or browser has been closed",,,,1c07b52b4f65ef40343af186f1e2b3a40c038ee2e91f5c697b262193da9707cd,,,,,,Computer Age Management Services Ltd. (CAMS),camsonline.com,0.0,Low,0.0,0.8533,0,False,False,0.0,-1,0.0,-1,0.0,-1,0.0,-1,False,False,False,False,False,,
run_20260409T090716Z,2026-04-09T09:08:21+00:00,PS-02_AIGR-S66270_NCIIPC_28_02_2026.xlsx,PS-02_AIGR-S66270_NCIIPC_28_02_2026.xlsx,https://stxbio.com,https://stxbio.com,,stxbio.com,stxbio.com,exact,failed,not_attempted,navigation_transient_browser_error,"BrowserContext.new_page: Target page, context or browser has been closed",,,,08434d3188f234d8a420710030e11667a0e5c78293c2af44675c9619f1300a32,,,,,,State Bank of India (SBI),sbi.co.in,0.0,Low,0.0,0.85,0,False,False,0.0,-1,0.0,-1,0.0,-1,0.0,-1,False,False,False,False,False,,
run_20260409T090716Z,2026-04-09T09:08:21+00:00,PS-02_AIGR-S66270_NCIIPC_28_02_2026.xlsx,PS-02_AIGR-S66270_NCIIPC_28_02_2026.xlsx,https://airsell.net,https://airsell.net,,airsell.net,airsell.net,exact,failed,not_attempted,navigation_transient_browser_error,"BrowserContext.new_page: Target page, context or browser has been closed",,,,b10cee96862bd12623cd88fbeb24a9765fe54e23b13658c8e7e9629f3a5c3c57,,,,,,Airtel,airtel.in,0.0,Low,0.0,0.8944,0,False,False,0.0,-1,0.0,-1,0.0,-1,0.0,-1,False,False,False,False,False,,
run_20260409T090716Z,2026-04-09T09:08:21+00:00,PS-02_AIGR-S66270_NCIIPC_28_02_2026.xlsx,PS-02_AIGR-S66270_NCIIPC_28_02_2026.xlsx,https://marconiteindia.net,https://marconiteindia.net,,marconiteindia.net,marconiteindia.net,exact,failed,not_attempted,navigation_transient_browser_error,"BrowserContext.new_page: Target page, context or browser has been closed",,,,9dc2287279483cb847c1282b3e51db6cccd33c4c13fbe1796bc5dabc3a48a3ae,,,,,,Income Tax Department,incometaxindia.gov.in,0.0,Low,0.0,0.9011,0,False,False,0.0,-1,0.0,-1,0.0,-1,0.0,-1,False,False,False,False,False,,
run_20260409T090716Z,2026-04-09T09:08:21+00:00,PS-02_AIGR-S66270_NCIIPC_28_02_2026.xlsx,PS-02_AIGR-S66270_NCIIPC_28_02_2026.xlsx,https://buildaion.info,https://buildaion.info,,buildaion.info,buildaion.info,exact,failed,not_attempted,navigation_transient_browser_error,"BrowserContext.new_page: Target page, context or browser has been closed",,,,e70b6f615f218bd5c66d52979b8c6aa9b8ebe03d6fea4d5563b89acd20e1911a,,,,,,"Unique Identification Authority of India (UIDAI)
",uidai.gov.in,0.0,Low,0.0,0.8519,0,False,False,0.0,-1,0.0,-1,0.0,-1,0.0,-1,False,False,False,False,False,,
run_20260409T090716Z,2026-04-09T09:08:21+00:00,PS-02_AIGR-S66270_NCIIPC_28_02_2026.xlsx,PS-02_AIGR-S66270_NCIIPC_28_02_2026.xlsx,https://jviopn.com,https://jviopn.com,,jviopn.com,jviopn.com,exact,failed,not_attempted,navigation_transient_browser_error,"BrowserContext.new_page: Target page, context or browser has been closed",,,,62a540fdc0995ec53d67ed2456e816966d305f4fdab5ece1f3d163e21dfc6cf5,,,,,,Jio,jio.com,0.0,Low,0.0,0.85,0,False,False,0.0,-1,0.0,-1,0.0,-1,0.0,-1,False,False,False,False,False,,
run_20260409T090716Z,2026-04-09T09:08:21+00:00,PS-02_AIGR-S66270_NCIIPC_28_02_2026.xlsx,PS-02_AIGR-S66270_NCIIPC_28_02_2026.xlsx,https://raitel.com,https://raitel.com,,raitel.com,raitel.com,exact,failed,not_attempted,navigation_transient_browser_error,"BrowserContext.new_page: Target page, context or browser has been closed",,,,71531c5f39c811bc65cf37ffbacc4b462a858940425f5b81f76ace8c4398b938,,,,,,Airtel,airtel.in,0.0,Low,0.0,0.9444,0,False,False,0.0,-1,0.0,-1,0.0,-1,0.0,-1,False,False,False,False,False,,
run_20260409T090716Z,2026-04-09T09:08:21+00:00,PS-02_AIGR-S66270_NCIIPC_28_02_2026.xlsx,PS-02_AIGR-S66270_NCIIPC_28_02_2026.xlsx,https://onlinecasinonewscanada.com,https://onlinecasinonewscanada.com,,onlinecasinonewscanada.com,onlinecasinonewscanada.com,exact,failed,not_attempted,navigation_transient_browser_error,"BrowserContext.new_page: Target page, context or browser has been closed",,,,db251a3a5a9dacfdf55d0a127d6c1097bb042b24a776913def34c5da167cf9a4,,,,,,State Bank of India (SBI),corp.onlinesbi.sbi,0.0,Low,0.0,0.8505,0,False,False,0.0,-1,0.0,-1,0.0,-1,0.0,-1,False,False,False,False,False,,
run_20260409T090716Z,2026-04-09T09:08:21+00:00,PS-02_AIGR-S66270_NCIIPC_28_02_2026.xlsx,PS-02_AIGR-S66270_NCIIPC_28_02_2026.xlsx,https://robix.by,https://robix.by,,robix.by,robix.by,exact,failed,not_attempted,navigation_transient_browser_error,"BrowserContext.new_page: Target page, context or browser has been closed",,,,c1fe25b5ace6de6804e9a8fdd5ff0472f7f8e3f14135766e9fd8226bf0b833f9,,,,,,Reserve Bank of India (RBI),rbi.org.in,0.0,Low,0.0,0.88,0,False,False,0.0,-1,0.0,-1,0.0,-1,0.0,-1,False,False,False,False,False,,
run_20260409T090716Z,2026-04-09T09:08:21+00:00,PS-02_AIGR-S66270_NCIIPC_28_02_2026.xlsx,PS-02_AIGR-S66270_NCIIPC_28_02_2026.xlsx,https://fjasonline.com,https://fjasonline.com,,fjasonline.com,fjasonline.com,exact,failed,not_attempted,navigation_transient_browser_error,"BrowserContext.new_page: Target page, context or browser has been closed",,,,347d3cbd3e1c8e4bf122bd3b01d89fb0bb10d20b779a6d5ad9dbccda9f119dbb,,,,,,Computer Age Management Services Ltd. (CAMS),camsonline.com,0.0,Low,0.0,0.8667,0,False,False,0.0,-1,0.0,-1,0.0,-1,0.0,-1,False,False,False,False,False,,
run_20260409T090716Z,2026-04-09T09:08:21+00:00,PS-02_AIGR-S66270_NCIIPC_28_02_2026.xlsx,PS-02_AIGR-S66270_NCIIPC_28_02_2026.xlsx,https://myvenice.ru,https://myvenice.ru,,myvenice.ru,myvenice.ru,exact,failed,not_attempted,navigation_transient_browser_error,"BrowserContext.new_page: Target page, context or browser has been closed",,,,d3f5e2cb78157844635f05322b59a42588aa73d41d5a89b03c694a73ac732248,,,,,,Vodafone Idea (VI),myvi.in,0.0,Low,0.0,0.8833,0,False,False,0.0,-1,0.0,-1,0.0,-1,0.0,-1,False,False,False,False,False,,
run_20260409T090716Z,2026-04-09T09:08:21+00:00,PS-02_AIGR-S66270_NCIIPC_28_02_2026.xlsx,PS-02_AIGR-S66270_NCIIPC_28_02_2026.xlsx,https://buyfintech.com,https://buyfintech.com,,buyfintech.com,buyfintech.com,exact,failed,not_attempted,navigation_transient_browser_error,"BrowserContext.new_page: Target page, context or browser has been closed",,,,c54b4eeccd17918a940403495a4e338bb1cf8b8aa41176882d366bd872ac2669,,,,,,Kfintech,kfintech.com,0.0,Low,0.0,0.8583,0,False,False,0.0,-1,0.0,-1,0.0,-1,0.0,-1,False,False,False,False,False,,
run_20260409T090716Z,2026-04-09T09:08:21+00:00,PS-02_AIGR-S66270_NCIIPC_28_02_2026.xlsx,PS-02_AIGR-S66270_NCIIPC_28_02_2026.xlsx,https://fconline.gg,https://fconline.gg,,fconline.gg,fconline.gg,exact,failed,not_attempted,navigation_transient_browser_error,"BrowserContext.new_page: Target page, context or browser has been closed",,,,3e227f56934778a60646acd72be9c9b9883e33993c54a44847b9c03f3464a22b,,,,,,Computer Age Management Services Ltd. (CAMS),camsonline.com,0.0,Low,0.0,0.8583,0,False,False,0.0,-1,0.0,-1,0.0,-1,0.0,-1,False,False,False,False,False,,
run_20260409T090716Z,2026-04-09T09:08:21+00:00,PS-02_AIGR-S66270_NCIIPC_28_02_2026.xlsx,PS-02_AIGR-S66270_NCIIPC_28_02_2026.xlsx,https://bank-of-cardiff.com,https://bank-of-cardiff.com,,bank-of-cardiff.com,bank-of-cardiff.com,exact,failed,not_attempted,navigation_transient_browser_error,"BrowserContext.new_page: Target page, context or browser has been closed",,,,3023ee4a2135560f9111fda693f929b3ee8854e2c54ba6aac925a807e6295d59,,,,,,Bank of Baroda,onlinecasa.bankofbaroda.com,0.0,Low,0.0,0.87,0,False,False,0.0,-1,0.0,-1,0.0,-1,0.0,-1,False,False,False,False,False,,
run_20260409T090716Z,2026-04-09T09:08:21+00:00,PS-02_AIGR-S66270_NCIIPC_28_02_2026.xlsx,PS-02_AIGR-S66270_NCIIPC_28_02_2026.xlsx,https://pnsbc.com,https://pnsbc.com,,pnsbc.com,pnsbc.com,exact,failed,not_attempted,navigation_transient_browser_error,"BrowserContext.new_page: Target page, context or browser has been closed",,,,51b13cec85eeed658ed70ed2a40eae719282430d498bf1613ebb612f4f390a6b,,,,,,State Bank of India (SBI),sbicard.com,0.0,Low,0.0,0.6762,0,False,False,0.0,-1,0.0,-1,0.0,-1,0.0,-1,False,False,False,False,False,,
run_20260409T090716Z,2026-04-09T09:08:21+00:00,PS-02_AIGR-S66270_NCIIPC_28_02_2026.xlsx,PS-02_AIGR-S66270_NCIIPC_28_02_2026.xlsx,https://ecoion.com,https://ecoion.com,,ecoion.com,ecoion.com,exact,failed,not_attempted,navigation_transient_browser_error,"BrowserContext.new_page: Target page, context or browser has been closed",,,,d1b1c4b18c2351592a287078d318fc2b6dfd510b8270ae346ffda4918c1adf46,,,,,,Election Commision of India (ECI),eci.gov.in,0.0,Low,0.0,0.8667,0,False,False,0.0,-1,0.0,-1,0.0,-1,0.0,-1,False,False,False,False,False,,
run_20260409T090716Z,2026-04-09T09:08:21+00:00,PS-02_AIGR-S66270_NCIIPC_28_02_2026.xlsx,PS-02_AIGR-S66270_NCIIPC_28_02_2026.xlsx,https://abdlkkbmaj.cc,https://abdlkkbmaj.cc,,abdlkkbmaj.cc,abdlkkbmaj.cc,exact,failed,not_attempted,navigation_transient_browser_error,"BrowserContext.new_page: Target page, context or browser has been closed",,,,bd6c42c69aff24bd1bd14e42ea58fae1380b715fc1efa7607c65c8302322ff1d,,,,,,National Health Authority (NHA),abdm.gov.in,0.0,Low,0.0,0.86,0,False,False,0.0,-1,0.0,-1,0.0,-1,0.0,-1,False,False,False,False,False,,
run_20260409T090716Z,2026-04-09T09:08:21+00:00,PS-02_AIGR-S66270_NCIIPC_28_02_2026.xlsx,PS-02_AIGR-S66270_NCIIPC_28_02_2026.xlsx,https://icivici.com,https://icivici.com,,icivici.com,icivici.com,exact,failed,not_attempted,navigation_transient_browser_error,"BrowserContext.new_page: Target page, context or browser has been closed",,,,2a111abeef74ac6d79407c02ac2e09ef93af4045d6b24cbc63431821bb11009f,,,,,,ICICI Bank,icicidirect.com,0.0,Low,0.0,0.8217,0,False,False,0.0,-1,0.0,-1,0.0,-1,0.0,-1,False,False,False,False,False,,
run_20260409T090716Z,2026-04-09T09:08:21+00:00,PS-02_AIGR-S66270_NCIIPC_28_02_2026.xlsx,PS-02_AIGR-S66270_NCIIPC_28_02_2026.xlsx,https://bitcarde.vip,https://bitcarde.vip,,bitcarde.vip,bitcarde.vip,exact,failed,not_attempted,navigation_transient_browser_error,"BrowserContext.new_page: Target page, context or browser has been closed",,,,8d612633960f565bd6b83ae90c042fc73782b039b3503a488a61fca03d905768,,,,,,State Bank of India (SBI),sbicard.com,0.0,Low,0.0,0.869,0,False,False,0.0,-1,0.0,-1,0.0,-1,0.0,-1,False,False,False,False,False,,
run_20260409T090716Z,2026-04-09T09:08:21+00:00,PS-02_AIGR-S66270_NCIIPC_28_02_2026.xlsx,PS-02_AIGR-S66270_NCIIPC_28_02_2026.xlsx,https://myvisionmax.store,https://myvisionmax.store,,myvisionmax.store,myvisionmax.store,exact,failed,not_attempted,navigation_transient_browser_error,"BrowserContext.new_page: Target page, context or browser has been closed",,,,1fe6daef3f137826cff3b450cf8804d4928ce7cc416b4694546c6de38ea9944f,,,,,,Vodafone Idea (VI),myvi.in,0.0,Low,0.0,0.8727,0,False,False,0.0,-1,0.0,-1,0.0,-1,0.0,-1,False,False,False,False,False,,
run_20260409T090716Z,2026-04-09T09:08:21+00:00,PS-02_AIGR-S66270_NCIIPC_28_02_2026.xlsx,PS-02_AIGR-S66270_NCIIPC_28_02_2026.xlsx,https://pariahh.com,https://pariahh.com,,pariahh.com,pariahh.com,exact,failed,not_attempted,navigation_transient_browser_error,"BrowserContext.new_page: Target page, context or browser has been closed",,,,d74e148a03eb4e146a1ed1693ea9206b34c1eeafeae58c46c64877421cf85c24,,,,,,parivahan sewa,parivahan.gov.in,0.0,Low,0.0,0.9048,0,False,False,0.0,-1,0.0,-1,0.0,-1,0.0,-1,False,False,False,False,False,,
run_20260409T090716Z,2026-04-09T09:08:21+00:00,PS-02_AIGR-S66270_NCIIPC_28_02_2026.xlsx,PS-02_AIGR-S66270_NCIIPC_28_02_2026.xlsx,https://nbmeishida.com,https://nbmeishida.com,,nbmeishida.com,nbmeishida.com,exact,failed,not_attempted,navigation_transient_browser_error,"BrowserContext.new_page: Target page, context or browser has been closed",,,,aa7f4593f4253fb67b9ed72f1aca5f959c5ffa11e17594c43530f95e48d913af,,,,,,BSE Ltd.,bseindia.com,0.0,Low,0.0,0.85,0,False,False,0.0,-1,0.0,-1,0.0,-1,0.0,-1,False,False,False,False,False,,
run_20260409T090716Z,2026-04-09T09:08:21+00:00,PS-02_AIGR-S66270_NCIIPC_28_02_2026.xlsx,PS-02_AIGR-S66270_NCIIPC_28_02_2026.xlsx,https://axisai360.com,https://axisai360.com,,axisai360.com,axisai360.com,exact,failed,not_attempted,navigation_transient_browser_error,"BrowserContext.new_page: Target page, context or browser has been closed",,,,e503886e7fe6f37ace447d2d7e602923e299703f194d6dc1728e3708ffd58b34,,,,,,Axis Bank,axismaxlife.com,0.0,Low,0.0,0.8828,0,False,False,0.0,-1,0.0,-1,0.0,-1,0.0,-1,False,False,False,False,False,,
run_20260409T090716Z,2026-04-09T09:08:21+00:00,PS-02_AIGR-S66270_NCIIPC_28_02_2026.xlsx,PS-02_AIGR-S66270_NCIIPC_28_02_2026.xlsx,https://homecooks.online,https://homecooks.online,,homecooks.online,homecooks.online,exact,failed,not_attempted,navigation_transient_browser_error,"BrowserContext.new_page: Target page, context or browser has been closed",,,,b87a379a2becf59b4ec073b030145986b0fa1d97ae1bcd99c9c5901f28b06223,,,,,,State Bank of India (SBI),homeloans.sbi,0.0,Low,0.0,0.8667,0,False,False,0.0,-1,0.0,-1,0.0,-1,0.0,-1,False,False,False,False,False,,
run_20260409T090716Z,2026-04-09T09:08:22+00:00,PS-02_AIGR-S66270_NCIIPC_28_02_2026.xlsx,PS-02_AIGR-S66270_NCIIPC_28_02_2026.xlsx,https://jigo25.com,https://jigo25.com,,jigo25.com,jigo25.com,exact,failed,not_attempted,navigation_transient_browser_error,"BrowserContext.new_page: Target page, context or browser has been closed",,,,7ea760b237513f272243a9b1d265c0d3bde3b2130128969af8963689f2defe01,,,,,,Jio,jio.com,0.0,Low,0.0,0.8667,0,False,False,0.0,-1,0.0,-1,0.0,-1,0.0,-1,False,False,False,False,False,,
run_20260409T090716Z,2026-04-09T09:08:22+00:00,PS-02_AIGR-S66270_NCIIPC_28_02_2026.xlsx,PS-02_AIGR-S66270_NCIIPC_28_02_2026.xlsx,https://homesamale.com,https://homesamale.com,,homesamale.com,homesamale.com,exact,failed,not_attempted,navigation_transient_browser_error,"BrowserContext.new_page: Target page, context or browser has been closed",,,,263621c15372dacca40853d38b5c2e2906787fd85f6c79717d84f718c0d585cc,,,,,,State Bank of India (SBI),homeloans.sbi,0.0,Low,0.0,0.867,0,False,False,0.0,-1,0.0,-1,0.0,-1,0.0,-1,False,False,False,False,False,,
run_20260409T090716Z,2026-04-09T09:08:22+00:00,PS-02_AIGR-S66270_NCIIPC_28_02_2026.xlsx,PS-02_AIGR-S66270_NCIIPC_28_02_2026.xlsx,https://sybila.com,https://sybila.com,,sybila.com,sybila.com,exact,failed,not_attempted,navigation_transient_browser_error,"BrowserContext.new_page: Target page, context or browser has been closed",,,,2672644b5dd5be2edc2d651b4799d5931216de0f624aa5472e84227350200d80,,,,,,State Bank of India (SBI),sbi.co.in,0.0,Low,0.0,0.85,0,False,False,0.0,-1,0.0,-1,0.0,-1,0.0,-1,False,False,False,False,False,,
run_20260409T090716Z,2026-04-09T09:08:22+00:00,PS-02_AIGR-S66270_NCIIPC_28_02_2026.xlsx,PS-02_AIGR-S66270_NCIIPC_28_02_2026.xlsx,https://myview9112.com,https://myview9112.com,,myview9112.com,myview9112.com,exact,failed,not_attempted,navigation_transient_browser_error,"BrowserContext.new_page: Target page, context or browser has been closed",,,,52f7bb7394feaab941b65b133b34ae1b1dbeb4aab1047d18165b47d4051c039e,,,,,,Vodafone Idea (VI),myvi.in,0.0,Low,0.0,0.88,0,False,False,0.0,-1,0.0,-1,0.0,-1,0.0,-1,False,False,False,False,False,,
run_20260409T090716Z,2026-04-09T09:08:22+00:00,PS-02_AIGR-S66270_NCIIPC_28_02_2026.xlsx,PS-02_AIGR-S66270_NCIIPC_28_02_2026.xlsx,https://onlinecoaching.vip,https://onlinecoaching.vip,,onlinecoaching.vip,onlinecoaching.vip,exact,failed,not_attempted,navigation_transient_browser_error,"BrowserContext.new_page: Target page, context or browser has been closed",,,,c716811af90e5a08282c5ba35111e76e73222d602d1b5e634949d3a3c73f4065,,,,,,State Bank of India (SBI),corp.onlinesbi.sbi,0.0,Low,0.0,0.8556,0,False,False,0.0,-1,0.0,-1,0.0,-1,0.0,-1,False,False,False,False,False,,
run_20260409T090716Z,2026-04-09T09:08:22+00:00,PS-02_AIGR-S66270_NCIIPC_28_02_2026.xlsx,PS-02_AIGR-S66270_NCIIPC_28_02_2026.xlsx,https://aecis.us,https://aecis.us,,aecis.us,aecis.us,exact,failed,not_attempted,navigation_transient_browser_error,"BrowserContext.new_page: Target page, context or browser has been closed",,,,c54a76365a074f94a863d23c1628d6ca99a44ecd875a9f72a2f1a8f967eed9a0,,,,,,Election Commision of India (ECI),eci.gov.in,0.0,Low,0.0,0.8667,0,False,False,0.0,-1,0.0,-1,0.0,-1,0.0,-1,False,False,False,False,False,,
run_20260409T090716Z,2026-04-09T09:08:22+00:00,PS-02_AIGR-S66270_NCIIPC_28_02_2026.xlsx,PS-02_AIGR-S66270_NCIIPC_28_02_2026.xlsx,https://sbai.club,https://sbai.club,,sbai.club,sbai.club,exact,failed,not_attempted,navigation_transient_browser_error,"BrowserContext.new_page: Target page, context or browser has been closed",,,,ab1372225cd8132a2213ed755e4427d6cc5f7b5e459160adb58fa043e4a39748,,,,,,State Bank of India (SBI),sbi.co.in,0.0,Low,0.0,0.9333,0,False,False,0.0,-1,0.0,-1,0.0,-1,0.0,-1,False,False,False,False,False,,
run_20260409T090716Z,2026-04-09T09:08:22+00:00,PS-02_AIGR-S66270_NCIIPC_28_02_2026.xlsx,PS-02_AIGR-S66270_NCIIPC_28_02_2026.xlsx,https://vesspca.com,https://vesspca.com,,vesspca.com,vesspca.com,exact,failed,not_attempted,navigation_transient_browser_error,"BrowserContext.new_page: Target page, context or browser has been closed",,,,feede1e88bebdf297e6cf3fe2329cb55afb57943b3f976d5a63fd434ee7082c7,,,,,,Indian Space Research Organisation (ISRO),vssc.gov.in,0.0,Low,0.0,0.8714,0,False,False,0.0,-1,0.0,-1,0.0,-1,0.0,-1,False,False,False,False,False,,
run_20260409T090716Z,2026-04-09T09:08:22+00:00,PS-02_AIGR-S66270_NCIIPC_28_02_2026.xlsx,PS-02_AIGR-S66270_NCIIPC_28_02_2026.xlsx,https://3hcbio.beauty,https://3hcbio.beauty,,3hcbio.beauty,3hcbio.beauty,exact,failed,not_attempted,navigation_transient_browser_error,"BrowserContext.new_page: Target page, context or browser has been closed",,,,7dc71e57edd88df6e77309bfb42069cc7700a0ca9853b5dd896a734391cbb343,,,,,,Election Commision of India (ECI),eci.gov.in,0.0,Low,0.0,0.85,0,False,False,0.0,-1,0.0,-1,0.0,-1,0.0,-1,False,False,False,False,False,,
run_20260409T090716Z,2026-04-09T09:08:22+00:00,PS-02_AIGR-S66270_NCIIPC_28_02_2026.xlsx,PS-02_AIGR-S66270_NCIIPC_28_02_2026.xlsx,https://onlineserver4.top,https://onlineserver4.top,,onlineserver4.top,onlineserver4.top,exact,failed,not_attempted,navigation_transient_browser_error,"BrowserContext.new_page: Target page, context or browser has been closed",,,,b794e721038a7b05decc96cef6b923c64df4ad808f3caea6c6e1830607fc73e4,,,,,,State Bank of India (SBI),corp.onlinesbi.sbi,0.0,Low,0.0,0.8632,0,False,False,0.0,-1,0.0,-1,0.0,-1,0.0,-1,False,False,False,False,False,,
run_20260409T090716Z,2026-04-09T09:08:22+00:00,PS-02_AIGR-S66270_NCIIPC_28_02_2026.xlsx,PS-02_AIGR-S66270_NCIIPC_28_02_2026.xlsx,https://canalcheap.live,https://canalcheap.live,,canalcheap.live,canalcheap.live,exact,failed,not_attempted,navigation_transient_browser_error,"BrowserContext.new_page: Target page, context or browser has been closed",,,,aac0d1ddb7e06fa666e4784c9109db84a0ed055763172402f0b8b60396c33572,,,,,,Canara Bank,canarahsbclife.com,0.0,Low,0.0,0.8641,0,False,False,0.0,-1,0.0,-1,0.0,-1,0.0,-1,False,False,False,False,False,,
run_20260409T090716Z,2026-04-09T09:08:22+00:00,PS-02_AIGR-S66270_NCIIPC_28_02_2026.xlsx,PS-02_AIGR-S66270_NCIIPC_28_02_2026.xlsx,https://onlinegamesfootball.com,https://onlinegamesfootball.com,,onlinegamesfootball.com,onlinegamesfootball.com,exact,failed,not_attempted,navigation_transient_browser_error,"BrowserContext.new_page: Target page, context or browser has been closed",,,,0002fd5fcf78faa159d73307cceab7d307ba3d32380f5689b2365060ee26af8e,,,,,,State Bank of India (SBI),corp.onlinesbi.sbi,0.0,Low,0.0,0.862,0,False,False,0.0,-1,0.0,-1,0.0,-1,0.0,-1,False,False,False,False,False,,
run_20260409T090716Z,2026-04-09T09:08:22+00:00,PS-02_AIGR-S66270_NCIIPC_28_02_2026.xlsx,PS-02_AIGR-S66270_NCIIPC_28_02_2026.xlsx,https://homelandluxe.com,https://homelandluxe.com,,homelandluxe.com,homelandluxe.com,exact,failed,not_attempted,navigation_transient_browser_error,"BrowserContext.new_page: Target page, context or browser has been closed",,,,d855499dd3d54fb07f1d0e60959b9a2073a6644a8a461abba7689c1f01ac5666,,,,,,State Bank of India (SBI),homeloans.sbi,0.0,Low,0.0,0.8722,0,False,False,0.0,-1,0.0,-1,0.0,-1,0.0,-1,False,False,False,False,False,,
run_20260409T090716Z,2026-04-09T09:08:22+00:00,PS-02_AIGR-S66270_NCIIPC_28_02_2026.xlsx,PS-02_AIGR-S66270_NCIIPC_28_02_2026.xlsx,https://a1xis.com,https://a1xis.com,,a1xis.com,a1xis.com,exact,failed,not_attempted,navigation_transient_browser_error,"BrowserContext.new_page: Target page, context or browser has been closed",,,,8a78de024e472297d939f87bc622c31d9efc52dcd068cf98878596b5a18350bf,,,,,,Axis Bank,axismf.com,0.0,Low,0.0,0.84,0,False,False,0.0,-1,0.0,-1,0.0,-1,0.0,-1,False,False,False,False,False,,
run_20260409T090716Z,2026-04-09T09:08:22+00:00,PS-02_AIGR-S66270_NCIIPC_28_02_2026.xlsx,PS-02_AIGR-S66270_NCIIPC_28_02_2026.xlsx,https://indurthi.online,https://indurthi.online,,indurthi.online,indurthi.online,exact,failed,not_attempted,navigation_transient_browser_error,"BrowserContext.new_page: Target page, context or browser has been closed",,,,1c1ef6afb62fc2da25e170bd6f7969eefca6572b7f35fbee196324c7c1238762,,,,,,"Unique Identification Authority of India (UIDAI)
",uidai.gov.in,0.0,Low,0.0,0.6833,0,False,False,0.0,-1,0.0,-1,0.0,-1,0.0,-1,False,False,False,False,False,,
run_20260409T090716Z,2026-04-09T09:08:22+00:00,PS-02_AIGR-S66270_NCIIPC_28_02_2026.xlsx,PS-02_AIGR-S66270_NCIIPC_28_02_2026.xlsx,https://homelease.com,https://homelease.com,,homelease.com,homelease.com,exact,failed,not_attempted,navigation_transient_browser_error,"BrowserContext.new_page: Target page, context or browser has been closed",,,,03b145d149e7f22486997969f2b4d7f0cd69eb0492048a82aacf69938779f29a,,,,,,State Bank of India (SBI),homeloans.sbi,0.0,Low,0.0,0.9111,0,False,False,0.0,-1,0.0,-1,0.0,-1,0.0,-1,False,False,False,False,False,,
run_20260409T090716Z,2026-04-09T09:08:22+00:00,PS-02_AIGR-S66270_NCIIPC_28_02_2026.xlsx,PS-02_AIGR-S66270_NCIIPC_28_02_2026.xlsx,https://airbytes.us,https://airbytes.us,,airbytes.us,airbytes.us,exact,failed,not_attempted,navigation_transient_browser_error,"BrowserContext.new_page: Target page, context or browser has been closed",,,,9fc3aaa4cb77bbfa3358f5d627992be1840be90628d9eafe2a844849b3844b0b,,,,,,Airtel,airtel.in,0.0,Low,0.0,0.8736,0,False,False,0.0,-1,0.0,-1,0.0,-1,0.0,-1,False,False,False,False,False,,
run_20260409T090716Z,2026-04-09T09:08:22+00:00,PS-02_AIGR-S66270_NCIIPC_28_02_2026.xlsx,PS-02_AIGR-S66270_NCIIPC_28_02_2026.xlsx,https://nihabi.com,https://nihabi.com,,nihabi.com,nihabi.com,exact,failed,not_attempted,navigation_transient_browser_error,"BrowserContext.new_page: Target page, context or browser has been closed",,,,20998204faaa2b38d2e4ecf0a832fc67ed09ee3ddad5a9f26c4710ce182b4970,,,,,,National Health Authority (NHA),nha.gov.in,0.0,Low,0.0,0.85,0,False,False,0.0,-1,0.0,-1,0.0,-1,0.0,-1,False,False,False,False,False,,
run_20260409T090716Z,2026-04-09T09:08:22+00:00,PS-02_AIGR-S66270_NCIIPC_28_02_2026.xlsx,PS-02_AIGR-S66270_NCIIPC_28_02_2026.xlsx,https://jyriot.com,https://jyriot.com,,jyriot.com,jyriot.com,exact,failed,not_attempted,navigation_transient_browser_error,"BrowserContext.new_page: Target page, context or browser has been closed",,,,66cf261c69e1ef20ff0d090160cda584d490e90285cede54ef2aa240fddfbdd2,,,,,,Jio,jio.com,0.0,Low,0.0,0.85,0,False,False,0.0,-1,0.0,-1,0.0,-1,0.0,-1,False,False,False,False,False,,
run_20260409T090716Z,2026-04-09T09:08:22+00:00,PS-02_AIGR-S66270_NCIIPC_28_02_2026.xlsx,PS-02_AIGR-S66270_NCIIPC_28_02_2026.xlsx,https://homelands.pk,https://homelands.pk,,homelands.pk,homelands.pk,exact,failed,not_attempted,navigation_transient_browser_error,"BrowserContext.new_page: Target page, context or browser has been closed",,,,484700d44f546d4f6bab96a2d39a6d552119289ce6d84d403e83bbd79ee9cd7c,,,,,,State Bank of India (SBI),homeloans.sbi,0.0,Low,0.0,0.9556,0,False,False,0.0,-1,0.0,-1,0.0,-1,0.0,-1,False,False,False,False,False,,
run_20260409T090716Z,2026-04-09T09:08:22+00:00,PS-02_AIGR-S66270_NCIIPC_28_02_2026.xlsx,PS-02_AIGR-S66270_NCIIPC_28_02_2026.xlsx,https://industrybuild.com,https://industrybuild.com,,industrybuild.com,industrybuild.com,exact,failed,not_attempted,navigation_transient_browser_error,"BrowserContext.new_page: Target page, context or browser has been closed",,,,560002110f375fe3cbf8506ef9c85eab3d031114fb45fc8f84cf9e13467463ff,,,,,,Income Tax Department,incometaxindia.gov.in,0.0,Low,0.0,0.5806,0,False,False,0.0,-1,0.0,-1,0.0,-1,0.0,-1,False,False,False,False,False,,
run_20260409T090716Z,2026-04-09T09:08:22+00:00,PS-02_AIGR-S66270_NCIIPC_28_02_2026.xlsx,PS-02_AIGR-S66270_NCIIPC_28_02_2026.xlsx,https://online-solutions.shop,https://online-solutions.shop,,online-solutions.shop,online-solutions.shop,exact,failed,not_attempted,navigation_transient_browser_error,"BrowserContext.new_page: Target page, context or browser has been closed",,,,8067e2b210aa0f601ea1dbf1696c1199bdd5685ee0b7c2d99012628f8e796494,,,,,,State Bank of India (SBI),corp.onlinesbi.sbi,0.0,Low,0.0,0.8778,0,False,False,0.0,-1,0.0,-1,0.0,-1,0.0,-1,False,False,False,False,False,,
run_20260409T090716Z,2026-04-09T09:08:22+00:00,PS-02_AIGR-S66270_NCIIPC_28_02_2026.xlsx,PS-02_AIGR-S66270_NCIIPC_28_02_2026.xlsx,https://airedexpress.icu,https://airedexpress.icu,,airedexpress.icu,airedexpress.icu,exact,failed,not_attempted,navigation_transient_browser_error,"BrowserContext.new_page: Target page, context or browser has been closed",,,,2d249382f670824a6ed0cb2504c6a9070d372c9f1db79a84ec1132d05914014c,,,,,,Air India,airindiaexpress.com,0.0,Low,0.0,0.8971,0,False,False,0.0,-1,0.0,-1,0.0,-1,0.0,-1,False,False,False,False,False,,
run_20260409T090716Z,2026-04-09T09:08:22+00:00,PS-02_AIGR-S66270_NCIIPC_28_02_2026.xlsx,PS-02_AIGR-S66270_NCIIPC_28_02_2026.xlsx,https://airatlas.xyz,https://airatlas.xyz,,airatlas.xyz,airatlas.xyz,exact,failed,not_attempted,navigation_transient_browser_error,"BrowserContext.new_page: Target page, context or browser has been closed",,,,94b1a42cd2eb91d23e6f2d75c6707a6acc2d67924157a1fec38335e538361d16,,,,,,Airtel,airtel.in,0.0,Low,0.0,0.8736,0,False,False,0.0,-1,0.0,-1,0.0,-1,0.0,-1,False,False,False,False,False,,
run_20260409T090716Z,2026-04-09T09:08:22+00:00,PS-02_AIGR-S66270_NCIIPC_28_02_2026.xlsx,PS-02_AIGR-S66270_NCIIPC_28_02_2026.xlsx,https://stbpic.com,https://stbpic.com,,stbpic.com,stbpic.com,exact,failed,not_attempted,navigation_transient_browser_error,"BrowserContext.new_page: Target page, context or browser has been closed",,,,a6bb9a47ecdb3099cac641c08b139ea7a6986e85ac62e52a97a6156333626ed3,,,,,,State Bank of India (SBI),sbi.co.in,0.0,Low,0.0,0.85,0,False,False,0.0,-1,0.0,-1,0.0,-1,0.0,-1,False,False,False,False,False,,
run_20260409T090716Z,2026-04-09T09:08:22+00:00,PS-02_AIGR-S66270_NCIIPC_28_02_2026.xlsx,PS-02_AIGR-S66270_NCIIPC_28_02_2026.xlsx,https://modecloud.xyz,https://modecloud.xyz,,modecloud.xyz,modecloud.xyz,exact,failed,not_attempted,navigation_transient_browser_error,"BrowserContext.new_page: Target page, context or browser has been closed",,,,d8d45543be6530028203251047c3e102c7bf12347b819c363b01860d16c31acf,,,,,,National Informatics Centre (NIC),accounts.mgovcloud.in,0.0,Low,0.0,0.8667,0,False,False,0.0,-1,0.0,-1,0.0,-1,0.0,-1,False,False,False,False,False,,
run_20260409T090716Z,2026-04-09T09:08:22+00:00,PS-02_AIGR-S66270_NCIIPC_28_02_2026.xlsx,PS-02_AIGR-S66270_NCIIPC_28_02_2026.xlsx,https://onlinecasinodownloads.com,https://onlinecasinodownloads.com,,onlinecasinodownloads.com,onlinecasinodownloads.com,exact,failed,not_attempted,navigation_transient_browser_error,"BrowserContext.new_page: Target page, context or browser has been closed",,,,992abd67add35124a27712b46d772695ece206ac2434ec1c9ecf6601e45f3e52,,,,,,State Bank of India (SBI),corp.onlinesbi.sbi,0.0,Low,0.0,0.854,0,False,False,0.0,-1,0.0,-1,0.0,-1,0.0,-1,False,False,False,False,False,,
run_20260409T090716Z,2026-04-09T09:08:22+00:00,PS-02_AIGR-S66270_NCIIPC_28_02_2026.xlsx,PS-02_AIGR-S66270_NCIIPC_28_02_2026.xlsx,https://onlineplaylive.info,https://onlineplaylive.info,,onlineplaylive.info,onlineplaylive.info,exact,failed,not_attempted,navigation_transient_browser_error,"BrowserContext.new_page: Target page, context or browser has been closed",,,,92a63bdd1d5efe104019850f846d2b94edce1ee15e85bda227539b5baef4f877,,,,,,State Bank of India (SBI),corp.onlinesbi.sbi,0.0,Low,0.0,0.8556,0,False,False,0.0,-1,0.0,-1,0.0,-1,0.0,-1,False,False,False,False,False,,
run_20260409T090716Z,2026-04-09T09:08:22+00:00,PS-02_AIGR-S66270_NCIIPC_28_02_2026.xlsx,PS-02_AIGR-S66270_NCIIPC_28_02_2026.xlsx,https://jsinow.com,https://jsinow.com,,jsinow.com,jsinow.com,exact,failed,not_attempted,navigation_transient_browser_error,"BrowserContext.new_page: Target page, context or browser has been closed",,,,f82b63eddf9122294aeac069cec13db756e366a8d81d79222417024fcdc95862,,,,,,Jio,jio.com,0.0,Low,0.0,0.85,0,False,False,0.0,-1,0.0,-1,0.0,-1,0.0,-1,False,False,False,False,False,,
run_20260409T090716Z,2026-04-09T09:08:22+00:00,PS-02_AIGR-S66270_NCIIPC_28_02_2026.xlsx,PS-02_AIGR-S66270_NCIIPC_28_02_2026.xlsx,https://onlinebru.xyz,https://onlinebru.xyz,,onlinebru.xyz,onlinebru.xyz,exact,failed,not_attempted,navigation_transient_browser_error,"BrowserContext.new_page: Target page, context or browser has been closed",,,,35824587be1d6bd40bfc070e298e1827c5d844a1a6b39dee500d5ad402123bca,,,,,,State Bank of India (SBI),corp.onlinesbi.sbi,0.0,Low,0.0,0.9111,0,False,False,0.0,-1,0.0,-1,0.0,-1,0.0,-1,False,False,False,False,False,,
run_20260409T090716Z,2026-04-09T09:08:22+00:00,PS-02_AIGR-S66270_NCIIPC_28_02_2026.xlsx,PS-02_AIGR-S66270_NCIIPC_28_02_2026.xlsx,https://upsfintech.com,https://upsfintech.com,,upsfintech.com,upsfintech.com,exact,failed,not_attempted,navigation_transient_browser_error,"BrowserContext.new_page: Target page, context or browser has been closed",,,,452228857fb5ef060b25c9889fd2223281257d09bebb90a2da04b6316b00449f,,,,,,Kfintech,kfintech.com,0.0,Low,0.0,0.8583,0,False,False,0.0,-1,0.0,-1,0.0,-1,0.0,-1,False,False,False,False,False,,
run_20260409T090716Z,2026-04-09T09:08:22+00:00,PS-02_AIGR-S66270_NCIIPC_28_02_2026.xlsx,PS-02_AIGR-S66270_NCIIPC_28_02_2026.xlsx,https://vvss.us,https://vvss.us,,vvss.us,vvss.us,exact,failed,not_attempted,navigation_transient_browser_error,"BrowserContext.new_page: Target page, context or browser has been closed",,,,c6090dc46fa0f262d70080cb07fb54b6e376f8779a4e40c728a16b7206bbdf53,,,,,,Indian Space Research Organisation (ISRO),vssc.gov.in,0.0,Low,0.0,0.85,0,False,False,0.0,-1,0.0,-1,0.0,-1,0.0,-1,False,False,False,False,False,,
run_20260409T090716Z,2026-04-09T09:08:22+00:00,PS-02_AIGR-S66270_NCIIPC_28_02_2026.xlsx,PS-02_AIGR-S66270_NCIIPC_28_02_2026.xlsx,https://onlinereg.com,https://onlinereg.com,,onlinereg.com,onlinereg.com,exact,failed,not_attempted,navigation_transient_browser_error,"BrowserContext.new_page: Target page, context or browser has been closed",,,,7e243ad8d50e0e1e725df6d9017ca82a149eebd5ad24d6f5bad222616f127eb1,,,,,,State Bank of India (SBI),corp.onlinesbi.sbi,0.0,Low,0.0,0.8667,0,False,False,0.0,-1,0.0,-1,0.0,-1,0.0,-1,False,False,False,False,False,,
run_20260409T090716Z,2026-04-09T09:08:22+00:00,PS-02_AIGR-S66270_NCIIPC_28_02_2026.xlsx,PS-02_AIGR-S66270_NCIIPC_28_02_2026.xlsx,https://airspace1.com,https://airspace1.com,,airspace1.com,airspace1.com,exact,failed,not_attempted,navigation_transient_browser_error,"BrowserContext.new_page: Target page, context or browser has been closed",,,,44c570b2b6b435f985dfba1c06dcdfde455da86c8a64d7fbc7d79ccefd66aaab,,,,,,Airtel,airtel.in,0.0,Low,0.0,0.8574,0,False,False,0.0,-1,0.0,-1,0.0,-1,0.0,-1,False,False,False,False,False,,
run_20260409T090716Z,2026-04-09T09:08:22+00:00,PS-02_AIGR-S66270_NCIIPC_28_02_2026.xlsx,PS-02_AIGR-S66270_NCIIPC_28_02_2026.xlsx,https://online2pdf.com,https://online2pdf.com,,online2pdf.com,online2pdf.com,exact,failed,not_attempted,navigation_transient_browser_error,"BrowserContext.new_page: Target page, context or browser has been closed",,,,1d4c5e7d1faf2f14f990db822b4a0a0961734696e77b8d62d951c5281e910cfd,,,,,,State Bank of India (SBI),corp.onlinesbi.sbi,0.0,Low,0.0,0.8533,0,False,False,0.0,-1,0.0,-1,0.0,-1,0.0,-1,False,False,False,False,False,,
run_20260409T090716Z,2026-04-09T09:08:22+00:00,PS-02_AIGR-S66270_NCIIPC_28_02_2026.xlsx,PS-02_AIGR-S66270_NCIIPC_28_02_2026.xlsx,https://fintechtiv.com,https://fintechtiv.com,,fintechtiv.com,fintechtiv.com,exact,failed,not_attempted,navigation_transient_browser_error,"BrowserContext.new_page: Target page, context or browser has been closed",,,,bae2cec7c198fba218ab7ab751ac5e2a390350354859f92e6b544f83d83725f6,,,,,,Kfintech,kfintech.com,0.0,Low,0.0,0.8583,0,False,False,0.0,-1,0.0,-1,0.0,-1,0.0,-1,False,False,False,False,False,,
run_20260409T090716Z,2026-04-09T09:08:22+00:00,PS-02_AIGR-S66270_NCIIPC_28_02_2026.xlsx,PS-02_AIGR-S66270_NCIIPC_28_02_2026.xlsx,https://unwindmail.com,https://unwindmail.com,,unwindmail.com,unwindmail.com,exact,failed,not_attempted,navigation_transient_browser_error,"BrowserContext.new_page: Target page, context or browser has been closed",,,,16b1652d402406800df8aaf9d47953780ad25581a16cd4e3a44cd421b3d9244e,,,,,,"Unique Identification Authority of India (UIDAI)
",uidai.gov.in,0.0,Low,0.0,0.85,0,False,False,0.0,-1,0.0,-1,0.0,-1,0.0,-1,False,False,False,False,False,,
run_20260409T090716Z,2026-04-09T09:08:22+00:00,PS-02_AIGR-S66270_NCIIPC_28_02_2026.xlsx,PS-02_AIGR-S66270_NCIIPC_28_02_2026.xlsx,https://plnbn.blog,https://plnbn.blog,,plnbn.blog,plnbn.blog,exact,failed,not_attempted,navigation_transient_browser_error,"BrowserContext.new_page: Target page, context or browser has been closed",,,,13156f8dd1aa8352472dd4ab40d5758bcdf09c153ad079d983c597ba22969fb4,,,,,,Punjab National Bank (PNB),pnbindia.in,0.0,Low,0.0,0.79,0,False,False,0.0,-1,0.0,-1,0.0,-1,0.0,-1,False,False,False,False,False,,
run_20260409T090716Z,2026-04-09T09:08:22+00:00,PS-02_AIGR-S66270_NCIIPC_28_02_2026.xlsx,PS-02_AIGR-S66270_NCIIPC_28_02_2026.xlsx,https://mapasonline.com,https://mapasonline.com,,mapasonline.com,mapasonline.com,exact,failed,not_attempted,navigation_transient_browser_error,"BrowserContext.new_page: Target page, context or browser has been closed",,,,0f31cb89eb4e1fb12b44a06c83e49da296ce2c514dcb544a699b97cd8f013806,,,,,,Computer Age Management Services Ltd. (CAMS),camsonline.com,0.0,Low,0.0,0.869,0,False,False,0.0,-1,0.0,-1,0.0,-1,0.0,-1,False,False,False,False,False,,
run_20260409T090716Z,2026-04-09T09:08:22+00:00,PS-02_AIGR-S66270_NCIIPC_28_02_2026.xlsx,PS-02_AIGR-S66270_NCIIPC_28_02_2026.xlsx,https://onlinegelir360.com,https://onlinegelir360.com,,onlinegelir360.com,onlinegelir360.com,exact,failed,not_attempted,navigation_transient_browser_error,"BrowserContext.new_page: Target page, context or browser has been closed",,,,1859f361a39aa86ea8cbf71641d78e992b8ef27fd30c64b36863cac34db6ba1a,,,,,,State Bank of India (SBI),corp.onlinesbi.sbi,0.0,Low,0.0,0.8556,0,False,False,0.0,-1,0.0,-1,0.0,-1,0.0,-1,False,False,False,False,False,,
run_20260409T090716Z,2026-04-09T09:08:22+00:00,PS-02_AIGR-S66270_NCIIPC_28_02_2026.xlsx,PS-02_AIGR-S66270_NCIIPC_28_02_2026.xlsx,https://lis-skin.net.ru,https://lis-skin.net.ru,,lis-skin.net.ru,lis-skin.net.ru,exact,failed,not_attempted,navigation_transient_browser_error,"BrowserContext.new_page: Target page, context or browser has been closed",,,,4adf6bdb0b395a3f4129f234faff7534e0af568c2c8adc2cc9a7916a8cf2393c,,,,,,Punjab National Bank (PNB),netpnb.com,0.0,Low,0.0,0.8833,0,False,False,0.0,-1,0.0,-1,0.0,-1,0.0,-1,False,False,False,False,False,,
run_20260409T090716Z,2026-04-09T09:08:22+00:00,PS-02_AIGR-S66270_NCIIPC_28_02_2026.xlsx,PS-02_AIGR-S66270_NCIIPC_28_02_2026.xlsx,https://hdec.click,https://hdec.click,,hdec.click,hdec.click,exact,failed,not_attempted,navigation_transient_browser_error,"BrowserContext.new_page: Target page, context or browser has been closed",,,,a2dad3a1ec592e3266eb10d553897f1d5163d0a60fc7bdf65b06a13580faf2f9,,,,,,HDFC Bank,hdfc.com,0.0,Low,0.0,0.8667,0,False,False,0.0,-1,0.0,-1,0.0,-1,0.0,-1,False,False,False,False,False,,
run_20260409T090716Z,2026-04-09T09:08:22+00:00,PS-02_AIGR-S66270_NCIIPC_28_02_2026.xlsx,PS-02_AIGR-S66270_NCIIPC_28_02_2026.xlsx,https://jio.dev,https://jio.dev,,jio.dev,jio.dev,exact,failed,not_attempted,navigation_transient_browser_error,"BrowserContext.new_page: Target page, context or browser has been closed",,,,9802f65a0a9a82bf8fcbf4a3488c930f1d25bc18d233b5095177c30298a7d6c0,,,,,,Jio,jio.com,0.0,Low,0.0,1.0,0,False,False,0.0,-1,0.0,-1,0.0,-1,0.0,-1,False,False,False,False,False,,
run_20260409T090716Z,2026-04-09T09:08:22+00:00,PS-02_AIGR-S66270_NCIIPC_28_02_2026.xlsx,PS-02_AIGR-S66270_NCIIPC_28_02_2026.xlsx,https://airlie.shop,https://airlie.shop,,airlie.shop,airlie.shop,exact,failed,not_attempted,navigation_transient_browser_error,"BrowserContext.new_page: Target page, context or browser has been closed",,,,ea490a19cb940c6613675afbf0a46d1274b85c6985745e4df50a2762b862f8e3,,,,,,Airtel,airtel.in,0.0,Low,0.0,0.8756,0,False,False,0.0,-1,0.0,-1,0.0,-1,0.0,-1,False,False,False,False,False,,
run_20260409T090716Z,2026-04-09T09:08:22+00:00,PS-02_AIGR-S66270_NCIIPC_28_02_2026.xlsx,PS-02_AIGR-S66270_NCIIPC_28_02_2026.xlsx,https://onlinehizmet.com,https://onlinehizmet.com,,onlinehizmet.com,onlinehizmet.com,exact,failed,not_attempted,navigation_transient_browser_error,"BrowserContext.new_page: Target page, context or browser has been closed",,,,5d4007a17cc33d966ed42f769aed005e2a7afb93d7e8310109bd8e2e8fb4cd23,,,,,,State Bank of India (SBI),corp.onlinesbi.sbi,0.0,Low,0.0,0.8722,0,False,False,0.0,-1,0.0,-1,0.0,-1,0.0,-1,False,False,False,False,False,,
run_20260409T090716Z,2026-04-09T09:08:22+00:00,PS-02_AIGR-S66270_NCIIPC_28_02_2026.xlsx,PS-02_AIGR-S66270_NCIIPC_28_02_2026.xlsx,https://airset.net,https://airset.net,,airset.net,airset.net,exact,failed,not_attempted,navigation_transient_browser_error,"BrowserContext.new_page: Target page, context or browser has been closed",,,,2b9d0c7fcb27adba860759b970cd2c212154f1f819c5a1c1683f11be5b9a95aa,,,,,,Airtel,airtel.in,0.0,Low,0.0,0.8756,0,False,False,0.0,-1,0.0,-1,0.0,-1,0.0,-1,False,False,False,False,False,,
run_20260409T090716Z,2026-04-09T09:08:22+00:00,PS-02_AIGR-S66270_NCIIPC_28_02_2026.xlsx,PS-02_AIGR-S66270_NCIIPC_28_02_2026.xlsx,https://jiomg.com,https://jiomg.com,,jiomg.com,jiomg.com,exact,failed,not_attempted,navigation_transient_browser_error,"BrowserContext.new_page: Target page, context or browser has been closed",,,,50ee17520d40c18597c9c3f639d33999d594afad923259409bdacf901778cb09,,,,,,Jio,jio.com,0.0,Low,0.0,0.9067,0,False,False,0.0,-1,0.0,-1,0.0,-1,0.0,-1,False,False,False,False,False,,
run_20260409T090716Z,2026-04-09T09:08:22+00:00,PS-02_AIGR-S66270_NCIIPC_28_02_2026.xlsx,PS-02_AIGR-S66270_NCIIPC_28_02_2026.xlsx,https://canambrian.com,https://canambrian.com,,canambrian.com,canambrian.com,exact,failed,not_attempted,navigation_transient_browser_error,"BrowserContext.new_page: Target page, context or browser has been closed",,,,0bed7a343b0c9e9e160d2aa7c6f8b68ee41c4d0d12aacc001d4e62054d8df8a6,,,,,,Canara Bank,canararobeco.com,0.0,Low,0.0,0.8281,0,False,False,0.0,-1,0.0,-1,0.0,-1,0.0,-1,False,False,False,False,False,,
run_20260409T090716Z,2026-04-09T09:08:22+00:00,PS-02_AIGR-S66270_NCIIPC_28_02_2026.xlsx,PS-02_AIGR-S66270_NCIIPC_28_02_2026.xlsx,https://onlinechatbots.xyz,https://onlinechatbots.xyz,,onlinechatbots.xyz,onlinechatbots.xyz,exact,failed,not_attempted,navigation_transient_browser_error,"BrowserContext.new_page: Target page, context or browser has been closed",,,,cf8c1a602ff06d13ba72ccff2f65a882d9f867ff85649111b15c316e226c5cb4,,,,,,State Bank of India (SBI),corp.onlinesbi.sbi,0.0,Low,0.0,0.8556,0,False,False,0.0,-1,0.0,-1,0.0,-1,0.0,-1,False,False,False,False,False,,
run_20260409T090716Z,2026-04-09T09:08:22+00:00,PS-02_AIGR-S66270_NCIIPC_28_02_2026.xlsx,PS-02_AIGR-S66270_NCIIPC_28_02_2026.xlsx,https://icjidi.com,https://icjidi.com,,icjidi.com,icjidi.com,exact,failed,not_attempted,navigation_transient_browser_error,"BrowserContext.new_page: Target page, context or browser has been closed",,,,c7afbbfe97552e701753dc360ce7168fff35afb848ae72241bda54e16eeb1cbc,,,,,,ICICI Bank,icicidirect.com,0.0,Low,0.0,0.696,0,False,False,0.0,-1,0.0,-1,0.0,-1,0.0,-1,False,False,False,False,False,,
run_20260409T090716Z,2026-04-09T09:08:22+00:00,PS-02_AIGR-S66270_NCIIPC_28_02_2026.xlsx,PS-02_AIGR-S66270_NCIIPC_28_02_2026.xlsx,https://axisvenues.com,https://axisvenues.com,,axisvenues.com,axisvenues.com,exact,failed,not_attempted,navigation_transient_browser_error,"BrowserContext.new_page: Target page, context or browser has been closed",,,,951b41933c9bd39c928ce1bbf9c3734c7b2bb6b2c8c6dec5c737b41f2c0519c3,,,,,,Axis Bank,axismf.com,0.0,Low,0.0,0.6889,0,False,False,0.0,-1,0.0,-1,0.0,-1,0.0,-1,False,False,False,False,False,,
run_20260409T090716Z,2026-04-09T09:08:22+00:00,PS-02_AIGR-S66270_NCIIPC_28_02_2026.xlsx,PS-02_AIGR-S66270_NCIIPC_28_02_2026.xlsx,https://airenault.com,https://airenault.com,,airenault.com,airenault.com,exact,failed,not_attempted,navigation_transient_browser_error,"BrowserContext.new_page: Target page, context or browser has been closed",,,,1826eeb150560b563ec664dd6aaec1cb6149be5dfe41c6263c4ce66a8e0a907d,,,,,,Airtel,airtel.in,0.0,Low,0.0,0.8574,0,False,False,0.0,-1,0.0,-1,0.0,-1,0.0,-1,False,False,False,False,False,,
run_20260409T090716Z,2026-04-09T09:08:22+00:00,PS-02_AIGR-S66270_NCIIPC_28_02_2026.xlsx,PS-02_AIGR-S66270_NCIIPC_28_02_2026.xlsx,https://codineers.com,https://codineers.com,,codineers.com,codineers.com,exact,failed,not_attempted,navigation_transient_browser_error,"BrowserContext.new_page: Target page, context or browser has been closed",,,,ec476ebe608f1d655fe65f399f30b55841094b62ac84f2dc21a160b198fa1399,,,,,,Coal India,coalindiatenders.nic.in,0.0,Low,0.0,0.8537,0,False,False,0.0,-1,0.0,-1,0.0,-1,0.0,-1,False,False,False,False,False,,
run_20260409T090716Z,2026-04-09T09:08:22+00:00,PS-02_AIGR-S66270_NCIIPC_28_02_2026.xlsx,PS-02_AIGR-S66270_NCIIPC_28_02_2026.xlsx,https://guidafin.com,https://guidafin.com,,guidafin.com,guidafin.com,exact,failed,not_attempted,navigation_transient_browser_error,"BrowserContext.new_page: Target page, context or browser has been closed",,,,d7e2d3d8d83ba3a1bc65c85f2899c0f8c540cf386c998b26e23b69d048379f2a,,,,,,"Unique Identification Authority of India (UIDAI)
",uidai.gov.in,0.0,Low,0.0,0.875,0,False,False,0.0,-1,0.0,-1,0.0,-1,0.0,-1,False,False,False,False,False,,
run_20260409T090716Z,2026-04-09T09:08:22+00:00,PS-02_AIGR-S66270_NCIIPC_28_02_2026.xlsx,PS-02_AIGR-S66270_NCIIPC_28_02_2026.xlsx,https://axisfacilities.net,https://axisfacilities.net,,axisfacilities.net,axisfacilities.net,exact,failed,not_attempted,navigation_transient_browser_error,"BrowserContext.new_page: Target page, context or browser has been closed",,,,c8dbb034139a5414fe021f808ffecbea21523b5acc238e4863a6aff91048cf15,,,,,,Axis Bank,axismaxlife.com,0.0,Low,0.0,0.87,0,False,False,0.0,-1,0.0,-1,0.0,-1,0.0,-1,False,False,False,False,False,,
run_20260409T090716Z,2026-04-09T09:08:22+00:00,PS-02_AIGR-S66270_NCIIPC_28_02_2026.xlsx,PS-02_AIGR-S66270_NCIIPC_28_02_2026.xlsx,https://airtech-ltd.com,https://airtech-ltd.com,,airtech-ltd.com,airtech-ltd.com,exact,failed,not_attempted,navigation_transient_browser_error,"BrowserContext.new_page: Target page, context or browser has been closed",,,,9c44ec735d7ad7176670bed1d4b65b960cda7f90a15ff8a0d20b428eaac07259,,,,,,Airtel,airtel.in,0.0,Low,0.0,0.9091,0,False,False,0.0,-1,0.0,-1,0.0,-1,0.0,-1,False,False,False,False,False,,
run_20260409T090716Z,2026-04-09T09:08:22+00:00,PS-02_AIGR-S66270_NCIIPC_28_02_2026.xlsx,PS-02_AIGR-S66270_NCIIPC_28_02_2026.xlsx,https://aiisz.com,https://aiisz.com,,aiisz.com,aiisz.com,exact,failed,not_attempted,navigation_transient_browser_error,"BrowserContext.new_page: Target page, context or browser has been closed",,,,cfc5264c01cd83ad7e9cea6053f4ba13a441789cf190e2cc71a0b66a415caadd,,,,,,All India Institute of Medical Sciences (AIIMS),aiims.edu,0.0,Low,0.0,0.9067,0,False,False,0.0,-1,0.0,-1,0.0,-1,0.0,-1,False,False,False,False,False,,
run_20260409T090716Z,2026-04-09T09:08:22+00:00,PS-02_AIGR-S66270_NCIIPC_28_02_2026.xlsx,PS-02_AIGR-S66270_NCIIPC_28_02_2026.xlsx,https://airtexashvac.com,https://airtexashvac.com,,airtexashvac.com,airtexashvac.com,exact,failed,not_attempted,navigation_transient_browser_error,"BrowserContext.new_page: Target page, context or browser has been closed",,,,afe1d377bcbb588a827f88dd97221b92cdbc953a829b1b22aded035954c22c91,,,,,,Airtel,airtel.in,0.0,Low,0.0,0.85,0,False,False,0.0,-1,0.0,-1,0.0,-1,0.0,-1,False,False,False,False,False,,
run_20260409T090716Z,2026-04-09T09:08:22+00:00,PS-02_AIGR-S66270_NCIIPC_28_02_2026.xlsx,PS-02_AIGR-S66270_NCIIPC_28_02_2026.xlsx,https://onlinepublicnotary.com,https://onlinepublicnotary.com,,onlinepublicnotary.com,onlinepublicnotary.com,exact,failed,not_attempted,navigation_transient_browser_error,"BrowserContext.new_page: Target page, context or browser has been closed",,,,f8200c7278732352f6e52b017b44e6282cef389b04f4dba4b60bf5c8d81351a1,,,,,,State Bank of India (SBI),corp.onlinesbi.sbi,0.0,Low,0.0,0.8667,0,False,False,0.0,-1,0.0,-1,0.0,-1,0.0,-1,False,False,False,False,False,,
run_20260409T090716Z,2026-04-09T09:08:22+00:00,PS-02_AIGR-S66270_NCIIPC_28_02_2026.xlsx,PS-02_AIGR-S66270_NCIIPC_28_02_2026.xlsx,https://photoanimator.net.ru,https://photoanimator.net.ru,,photoanimator.net.ru,photoanimator.net.ru,exact,failed,not_attempted,navigation_transient_browser_error,"BrowserContext.new_page: Target page, context or browser has been closed",,,,a23dd70027f984bfc0c858205bb89bf4c71ea12cf19305ec5132dab10163bb10,,,,,,Punjab National Bank (PNB),netpnb.com,0.0,Low,0.0,0.8833,0,False,False,0.0,-1,0.0,-1,0.0,-1,0.0,-1,False,False,False,False,False,,
run_20260409T090716Z,2026-04-09T09:08:22+00:00,PS-02_AIGR-S66270_NCIIPC_28_02_2026.xlsx,PS-02_AIGR-S66270_NCIIPC_28_02_2026.xlsx,https://canvasbrief.com,https://canvasbrief.com,,canvasbrief.com,canvasbrief.com,exact,failed,not_attempted,navigation_transient_browser_error,"BrowserContext.new_page: Target page, context or browser has been closed",,,,f96ea5112f16a459ebebb7305affe8e4b576777fdb98b80fd13ee699e43ed7e6,,,,,,Canara Bank,canarahsbclife.com,0.0,Low,0.0,0.8655,0,False,False,0.0,-1,0.0,-1,0.0,-1,0.0,-1,False,False,False,False,False,,
run_20260409T090716Z,2026-04-09T09:08:22+00:00,PS-02_AIGR-S66270_NCIIPC_28_02_2026.xlsx,PS-02_AIGR-S66270_NCIIPC_28_02_2026.xlsx,https://homeloanrefund.com,https://homeloanrefund.com,,homeloanrefund.com,homeloanrefund.com,exact,failed,not_attempted,navigation_transient_browser_error,"BrowserContext.new_page: Target page, context or browser has been closed",,,,fcf1245964e72016b4690e1636a37df5060fa9cdcfcd3b7e9bd136a276f46dac,,,,,,State Bank of India (SBI),homeloans.sbi,0.0,Low,0.0,0.8921,0,False,False,0.0,-1,0.0,-1,0.0,-1,0.0,-1,False,False,False,False,False,,
run_20260409T090716Z,2026-04-09T09:08:22+00:00,PS-02_AIGR-S66270_NCIIPC_28_02_2026.xlsx,PS-02_AIGR-S66270_NCIIPC_28_02_2026.xlsx,https://onlinebillpaychecks.com,https://onlinebillpaychecks.com,,onlinebillpaychecks.com,onlinebillpaychecks.com,exact,failed,not_attempted,navigation_transient_browser_error,"BrowserContext.new_page: Target page, context or browser has been closed",,,,23e5fa3eb704612b5f6d44bb1d97a0c0e273d3a525d7356af6d762b627bb0cab,,,,,,State Bank of India (SBI),corp.onlinesbi.sbi,0.0,Low,0.0,0.862,0,False,False,0.0,-1,0.0,-1,0.0,-1,0.0,-1,False,False,False,False,False,,
run_20260409T090716Z,2026-04-09T09:08:22+00:00,PS-02_AIGR-S66270_NCIIPC_28_02_2026.xlsx,PS-02_AIGR-S66270_NCIIPC_28_02_2026.xlsx,https://onlineksyun.com,https://onlineksyun.com,,onlineksyun.com,onlineksyun.com,exact,failed,not_attempted,navigation_transient_browser_error,"BrowserContext.new_page: Target page, context or browser has been closed",,,,7e16842b483a2bbba6d8de3f4d8ca14aae6fb0bce90a3a307c4f0c321b096150,,,,,,State Bank of India (SBI),corp.onlinesbi.sbi,0.0,Low,0.0,0.8828,0,False,False,0.0,-1,0.0,-1,0.0,-1,0.0,-1,False,False,False,False,False,,
run_20260409T090716Z,2026-04-09T09:08:22+00:00,PS-02_AIGR-S66270_NCIIPC_28_02_2026.xlsx,PS-02_AIGR-S66270_NCIIPC_28_02_2026.xlsx,https://bscsecurities.com,https://bscsecurities.com,,bscsecurities.com,bscsecurities.com,exact,failed,not_attempted,navigation_transient_browser_error,"BrowserContext.new_page: Target page, context or browser has been closed",,,,7f4ee404cb4db12a8b7a80538581fc52e18f35cd5613fb685b77d2a371a09dd0,,,,,,State Bank of India (SBI),sbisecurities.in,0.0,Low,0.0,0.8932,0,False,False,0.0,-1,0.0,-1,0.0,-1,0.0,-1,False,False,False,False,False,,
run_20260409T090716Z,2026-04-09T09:08:22+00:00,PS-02_AIGR-S66270_NCIIPC_28_02_2026.xlsx,PS-02_AIGR-S66270_NCIIPC_28_02_2026.xlsx,https://ai-isms.info,https://ai-isms.info,,ai-isms.info,ai-isms.info,exact,failed,not_attempted,navigation_transient_browser_error,"BrowserContext.new_page: Target page, context or browser has been closed",,,,a8ff6027c8df7c5509f986ea291cd4c77fab3a1a31c1847e450852bfc7512b94,,,,,,All India Institute of Medical Sciences (AIIMS),aiims.edu,0.0,Low,0.0,0.8705,0,False,False,0.0,-1,0.0,-1,0.0,-1,0.0,-1,False,False,False,False,False,,
run_20260409T090716Z,2026-04-09T09:08:22+00:00,PS-02_AIGR-S66270_NCIIPC_28_02_2026.xlsx,PS-02_AIGR-S66270_NCIIPC_28_02_2026.xlsx,https://aristelli.online,https://aristelli.online,,aristelli.online,aristelli.online,exact,failed,not_attempted,navigation_transient_browser_error,"BrowserContext.new_page: Target page, context or browser has been closed",,,,31d58b05becea1c956a3e938cc15c58602b7239dab29c4b219e5a7afecd3696d,,,,,,Airtel,airtel.in,0.0,Low,0.0,0.85,0,False,False,0.0,-1,0.0,-1,0.0,-1,0.0,-1,False,False,False,False,False,,
run_20260409T090716Z,2026-04-09T09:08:22+00:00,PS-02_AIGR-S66270_NCIIPC_28_02_2026.xlsx,PS-02_AIGR-S66270_NCIIPC_28_02_2026.xlsx,https://caniorabasco.com,https://caniorabasco.com,,caniorabasco.com,caniorabasco.com,exact,failed,not_attempted,navigation_transient_browser_error,"BrowserContext.new_page: Target page, context or browser has been closed",,,,a11beb4648902acbb7f14e8b821eb4c816b46ab240d23ae327fbb63a81f271ec,,,,,,Canara Bank,canararobeco.com,0.0,Low,0.0,0.8989,0,False,False,0.0,-1,0.0,-1,0.0,-1,0.0,-1,False,False,False,False,False,,
run_20260409T090716Z,2026-04-09T09:08:22+00:00,PS-02_AIGR-S66270_NCIIPC_28_02_2026.xlsx,PS-02_AIGR-S66270_NCIIPC_28_02_2026.xlsx,https://vs.dev,https://vs.dev,,vs.dev,vs.dev,exact,failed,not_attempted,navigation_transient_browser_error,"BrowserContext.new_page: Target page, context or browser has been closed",,,,71964a75357a40863a0d6aabd252683e4bcc2d01b0cefcbf235ea7dec36175d1,,,,,,Indian Space Research Organisation (ISRO),vssc.gov.in,0.0,Low,0.0,0.8667,0,False,False,0.0,-1,0.0,-1,0.0,-1,0.0,-1,False,False,False,False,False,,
run_20260409T090716Z,2026-04-09T09:08:22+00:00,PS-02_AIGR-S66270_NCIIPC_28_02_2026.xlsx,PS-02_AIGR-S66270_NCIIPC_28_02_2026.xlsx,https://online-sportsbetting-sportsbook.com,https://online-sportsbetting-sportsbook.com,,online-sportsbetting-sportsbook.com,online-sportsbetting-sportsbook.com,exact,failed,not_attempted,navigation_transient_browser_error,"BrowserContext.new_page: Target page, context or browser has been closed",,,,9f54fc11fa4e54d1ca4a1be97de65e32ef76f3c99e6d4739008def7ec90f8473,,,,,,State Bank of India (SBI),corp.onlinesbi.sbi,0.0,Low,0.0,0.8581,0,False,False,0.0,-1,0.0,-1,0.0,-1,0.0,-1,False,False,False,False,False,,
run_20260409T090716Z,2026-04-09T09:08:22+00:00,PS-02_AIGR-S66270_NCIIPC_28_02_2026.xlsx,PS-02_AIGR-S66270_NCIIPC_28_02_2026.xlsx,https://panbe.mom,https://panbe.mom,,panbe.mom,panbe.mom,exact,failed,not_attempted,navigation_transient_browser_error,"BrowserContext.new_page: Target page, context or browser has been closed",,,,6b1b002df6e1103ca808030435c69ccac9e1a012b7a22fea8b4fd8ee450f058a,,,,,,Canara Bank,canararobeco.com,0.0,Low,0.0,0.7111,0,False,False,0.0,-1,0.0,-1,0.0,-1,0.0,-1,False,False,False,False,False,,
run_20260409T090716Z,2026-04-09T09:08:22+00:00,PS-02_AIGR-S66270_NCIIPC_28_02_2026.xlsx,PS-02_AIGR-S66270_NCIIPC_28_02_2026.xlsx,https://rbeif.icu,https://rbeif.icu,,rbeif.icu,rbeif.icu,exact,failed,not_attempted,navigation_transient_browser_error,"BrowserContext.new_page: Target page, context or browser has been closed",,,,5bd07508dae9455e6781f6a8cd4e649a356885ab5ba7be80b1a38bc1162eb64f,,,,,,Reserve Bank of India (RBI),rbi.org.in,0.0,Low,0.0,0.8933,0,False,False,0.0,-1,0.0,-1,0.0,-1,0.0,-1,False,False,False,False,False,,
run_20260409T090716Z,2026-04-09T09:08:22+00:00,PS-02_AIGR-S66270_NCIIPC_28_02_2026.xlsx,PS-02_AIGR-S66270_NCIIPC_28_02_2026.xlsx,https://canonis.ai,https://canonis.ai,,canonis.ai,canonis.ai,exact,failed,not_attempted,navigation_transient_browser_error,"BrowserContext.new_page: Target page, context or browser has been closed",,,,01850308bd22723a07312e8a0e36c2b14152fab17b951d2dce81f852aaaf46a7,,,,,,Computer Age Management Services Ltd. (CAMS),camsonline.com,0.0,Low,0.0,0.8819,0,False,False,0.0,-1,0.0,-1,0.0,-1,0.0,-1,False,False,False,False,False,,
run_20260409T090716Z,2026-04-09T09:08:22+00:00,PS-02_AIGR-S66270_NCIIPC_28_02_2026.xlsx,PS-02_AIGR-S66270_NCIIPC_28_02_2026.xlsx,https://myvirtus.com,https://myvirtus.com,,myvirtus.com,myvirtus.com,exact,failed,not_attempted,navigation_transient_browser_error,"BrowserContext.new_page: Target page, context or browser has been closed",,,,c391f112d8810027bd94ffc55f3ebe8525d520cf8db923215d0a361ca56dce12,,,,,,Vodafone Idea (VI),myvi.in,0.0,Low,0.0,0.9,0,False,False,0.0,-1,0.0,-1,0.0,-1,0.0,-1,False,False,False,False,False,,
run_20260409T090716Z,2026-04-09T09:08:22+00:00,PS-02_AIGR-S66270_NCIIPC_28_02_2026.xlsx,PS-02_AIGR-S66270_NCIIPC_28_02_2026.xlsx,https://industryfunding.com,https://industryfunding.com,,industryfunding.com,industryfunding.com,exact,failed,not_attempted,navigation_transient_browser_error,"BrowserContext.new_page: Target page, context or browser has been closed",,,,6ba590ffe99c6e0bde2f418f2e12f82338488b7d829ea636231f629381145000,,,,,,Indian Space Research Organisation (ISRO),indiascienceandtechnology.gov.in,0.0,Low,0.0,0.6222,0,False,False,0.0,-1,0.0,-1,0.0,-1,0.0,-1,False,False,False,False,False,,
run_20260409T090716Z,2026-04-09T09:08:22+00:00,PS-02_AIGR-S66270_NCIIPC_28_02_2026.xlsx,PS-02_AIGR-S66270_NCIIPC_28_02_2026.xlsx,https://nihad.codes,https://nihad.codes,,nihad.codes,nihad.codes,exact,failed,not_attempted,navigation_transient_browser_error,"BrowserContext.new_page: Target page, context or browser has been closed",,,,9f51518a3b185ad69be284f4f87add30921b36bfff6a6928c5256c32a1865356,,,,,,National Health Authority (NHA),nha.gov.in,0.0,Low,0.0,0.88,0,False,False,0.0,-1,0.0,-1,0.0,-1,0.0,-1,False,False,False,False,False,,
run_20260409T090716Z,2026-04-09T09:08:22+00:00,PS-02_AIGR-S66270_NCIIPC_28_02_2026.xlsx,PS-02_AIGR-S66270_NCIIPC_28_02_2026.xlsx,https://amponline.xyz,https://amponline.xyz,,amponline.xyz,amponline.xyz,exact,failed,not_attempted,navigation_transient_browser_error,"BrowserContext.new_page: Target page, context or browser has been closed",,,,b02d8adf7d7e83db84bcb41e42e6373a99f82834f036de59c4e8125253862d58,,,,,,Computer Age Management Services Ltd. (CAMS),camsonline.com,0.0,Low,0.0,0.8963,0,False,False,0.0,-1,0.0,-1,0.0,-1,0.0,-1,False,False,False,False,False,,
run_20260409T090716Z,2026-04-09T09:08:22+00:00,PS-02_AIGR-S66270_NCIIPC_28_02_2026.xlsx,PS-02_AIGR-S66270_NCIIPC_28_02_2026.xlsx,https://svbig.com,https://svbig.com,,svbig.com,svbig.com,exact,failed,not_attempted,navigation_transient_browser_error,"BrowserContext.new_page: Target page, context or browser has been closed",,,,30c524ffa37709d165b1c8ee8564ac22570d2421c8343b2bec46e77e76724dbf,,,,,,State Bank of India (SBI),sbi.co.in,0.0,Low,0.0,0.88,0,False,False,0.0,-1,0.0,-1,0.0,-1,0.0,-1,False,False,False,False,False,,
run_20260409T090716Z,2026-04-09T09:08:22+00:00,PS-02_AIGR-S66270_NCIIPC_28_02_2026.xlsx,PS-02_AIGR-S66270_NCIIPC_28_02_2026.xlsx,https://hometantra.com,https://hometantra.com,,hometantra.com,hometantra.com,exact,failed,not_attempted,navigation_transient_browser_error,"BrowserContext.new_page: Target page, context or browser has been closed",,,,a74d6bf161442c6c2b23b455df7f5f8279368ecbe52603905a9417f9d4bdbd27,,,,,,State Bank of India (SBI),homeloans.sbi,0.0,Low,0.0,0.8533,0,False,False,0.0,-1,0.0,-1,0.0,-1,0.0,-1,False,False,False,False,False,,
run_20260409T090716Z,2026-04-09T09:08:22+00:00,PS-02_AIGR-S66270_NCIIPC_28_02_2026.xlsx,PS-02_AIGR-S66270_NCIIPC_28_02_2026.xlsx,https://onlineinstitutes.org,https://onlineinstitutes.org,,onlineinstitutes.org,onlineinstitutes.org,exact,failed,not_attempted,navigation_transient_browser_error,"BrowserContext.new_page: Target page, context or browser has been closed",,,,ee8300e956e5269a5eb562ba5ffb60d303c5659cfb26924bdcd23d06cc878c72,,,,,,State Bank of India (SBI),corp.onlinesbi.sbi,0.0,Low,0.0,0.8528,0,False,False,0.0,-1,0.0,-1,0.0,-1,0.0,-1,False,False,False,False,False,,
run_20260409T090716Z,2026-04-09T09:08:22+00:00,PS-02_AIGR-S66270_NCIIPC_28_02_2026.xlsx,PS-02_AIGR-S66270_NCIIPC_28_02_2026.xlsx,http://jiodigid.biz,http://jiodigid.biz,,jiodigid.biz,jiodigid.biz,exact,failed,not_attempted,navigation_transient_browser_error,"BrowserContext.new_page: Target page, context or browser has been closed",,,,e9ca178111214681aa2af61ceadd0316ae4bdbbe6f7ab035c7f017b159b1e912,,,,,,Jio,jio.com,0.0,Low,0.0,0.8542,0,False,False,0.0,-1,0.0,-1,0.0,-1,0.0,-1,False,False,False,False,False,,
run_20260409T090716Z,2026-04-09T09:08:22+00:00,PS-02_AIGR-S66270_NCIIPC_28_02_2026.xlsx,PS-02_AIGR-S66270_NCIIPC_28_02_2026.xlsx,https://online-casino-games.com,https://online-casino-games.com,,online-casino-games.com,online-casino-games.com,exact,failed,not_attempted,navigation_transient_browser_error,"BrowserContext.new_page: Target page, context or browser has been closed",,,,454139f5d5ed3cb89db3e2a866d1a033aa20a2ea07d2bfe07f332c2185e3fe7f,,,,,,State Bank of India (SBI),corp.onlinesbi.sbi,0.0,Low,0.0,0.862,0,False,False,0.0,-1,0.0,-1,0.0,-1,0.0,-1,False,False,False,False,False,,
run_20260409T090716Z,2026-04-09T09:08:22+00:00,PS-02_AIGR-S66270_NCIIPC_28_02_2026.xlsx,PS-02_AIGR-S66270_NCIIPC_28_02_2026.xlsx,https://coaldetermine.click,https://coaldetermine.click,,coaldetermine.click,coaldetermine.click,exact,failed,not_attempted,navigation_transient_browser_error,"BrowserContext.new_page: Target page, context or browser has been closed",,,,fd4d75d9d3d21a3f77df973a3acb8a9044e2c7b5c16e97c85c3423cdc97a42a2,,,,,,Coal India,coalindiatenders.nic.in,0.0,Low,0.0,0.8522,0,False,False,0.0,-1,0.0,-1,0.0,-1,0.0,-1,False,False,False,False,False,,
run_20260409T090716Z,2026-04-09T09:08:22+00:00,PS-02_AIGR-S66270_NCIIPC_28_02_2026.xlsx,PS-02_AIGR-S66270_NCIIPC_28_02_2026.xlsx,https://onlineusdt.com,https://onlineusdt.com,,onlineusdt.com,onlineusdt.com,exact,failed,not_attempted,navigation_transient_browser_error,"BrowserContext.new_page: Target page, context or browser has been closed",,,,b7f331d25ebff9b393a00ec015ed1887f50315403022c8fca214a30e850a4bbf,,,,,,State Bank of India (SBI),corp.onlinesbi.sbi,0.0,Low,0.0,0.8956,0,False,False,0.0,-1,0.0,-1,0.0,-1,0.0,-1,False,False,False,False,False,,
run_20260409T090716Z,2026-04-09T09:08:22+00:00,PS-02_AIGR-S66270_NCIIPC_28_02_2026.xlsx,PS-02_AIGR-S66270_NCIIPC_28_02_2026.xlsx,https://aibimo.com,https://aibimo.com,,aibimo.com,aibimo.com,exact,failed,not_attempted,navigation_transient_browser_error,"BrowserContext.new_page: Target page, context or browser has been closed",,,,64524a685bfd4188c82aaac8ad2894f86ebe961da14ab1054debbe98790cfa26,,,,,,All India Institute of Medical Sciences (AIIMS),aiims.edu,0.0,Low,0.0,0.8578,0,False,False,0.0,-1,0.0,-1,0.0,-1,0.0,-1,False,False,False,False,False,,
run_20260409T090716Z,2026-04-09T09:08:22+00:00,PS-02_AIGR-S66270_NCIIPC_28_02_2026.xlsx,PS-02_AIGR-S66270_NCIIPC_28_02_2026.xlsx,https://homeadvisor.store,https://homeadvisor.store,,homeadvisor.store,homeadvisor.store,exact,failed,not_attempted,navigation_transient_browser_error,"BrowserContext.new_page: Target page, context or browser has been closed",,,,9aad8e9e8a5b314d9fe4f4ba5f61747cedb5a61885082821fb3d8da3f3edc7a0,,,,,,State Bank of India (SBI),homeloans.sbi,0.0,Low,0.0,0.8543,0,False,False,0.0,-1,0.0,-1,0.0,-1,0.0,-1,False,False,False,False,False,,
run_20260409T090716Z,2026-04-09T09:08:22+00:00,PS-02_AIGR-S66270_NCIIPC_28_02_2026.xlsx,PS-02_AIGR-S66270_NCIIPC_28_02_2026.xlsx,https://onlineseba.fun,https://onlineseba.fun,,onlineseba.fun,onlineseba.fun,exact,failed,not_attempted,navigation_transient_browser_error,"BrowserContext.new_page: Target page, context or browser has been closed",,,,73130c77a65d527e3b6fd2e4447d12f767b51adf431730c7f6501396e98f711a,,,,,,State Bank of India (SBI),corp.onlinesbi.sbi,0.0,Low,0.0,0.9378,0,False,False,0.0,-1,0.0,-1,0.0,-1,0.0,-1,False,False,False,False,False,,
run_20260409T090716Z,2026-04-09T09:08:22+00:00,PS-02_AIGR-S66270_NCIIPC_28_02_2026.xlsx,PS-02_AIGR-S66270_NCIIPC_28_02_2026.xlsx,https://onlinesolutionstoday.com,https://onlinesolutionstoday.com,,onlinesolutionstoday.com,onlinesolutionstoday.com,exact,failed,not_attempted,navigation_transient_browser_error,"BrowserContext.new_page: Target page, context or browser has been closed",,,,0b7e3b01d086715e115d5d1d8e2b4a96fa2620129ec23f45ff0b754646e3175d,,,,,,State Bank of India (SBI),corp.onlinesbi.sbi,0.0,Low,0.0,0.8578,0,False,False,0.0,-1,0.0,-1,0.0,-1,0.0,-1,False,False,False,False,False,,
run_20260409T090716Z,2026-04-09T09:08:22+00:00,PS-02_AIGR-S66270_NCIIPC_28_02_2026.xlsx,PS-02_AIGR-S66270_NCIIPC_28_02_2026.xlsx,https://iffir.com,https://iffir.com,,iffir.com,iffir.com,exact,failed,not_attempted,navigation_transient_browser_error,"BrowserContext.new_page: Target page, context or browser has been closed",,,,f5a1448c1c90524584192fecd2603559955a303fc24f5acbdee6f7d2cced267c,,,,,,ICICI Bank,icicidirect.com,0.0,Low,0.0,0.6242,0,False,False,0.0,-1,0.0,-1,0.0,-1,0.0,-1,False,False,False,False,False,,
run_20260409T090716Z,2026-04-09T09:08:22+00:00,PS-02_AIGR-S66270_NCIIPC_28_02_2026.xlsx,PS-02_AIGR-S66270_NCIIPC_28_02_2026.xlsx,https://camscorner.dev,https://camscorner.dev,,camscorner.dev,camscorner.dev,exact,failed,not_attempted,navigation_transient_browser_error,"BrowserContext.new_page: Target page, context or browser has been closed",,,,3aa1687575818d5d006649f33d9acd8b2f863b4a99ef21fcf22f84ba2f589d70,,,,,,Computer Age Management Services Ltd. (CAMS),camsonline.com,0.0,Low,0.0,0.88,0,False,False,0.0,-1,0.0,-1,0.0,-1,0.0,-1,False,False,False,False,False,,
run_20260409T090716Z,2026-04-09T09:08:22+00:00,PS-02_AIGR-S66270_NCIIPC_28_02_2026.xlsx,PS-02_AIGR-S66270_NCIIPC_28_02_2026.xlsx,https://bankofmyanmar.com,https://bankofmyanmar.com,,bankofmyanmar.com,bankofmyanmar.com,exact,failed,not_attempted,navigation_transient_browser_error,"BrowserContext.new_page: Target page, context or browser has been closed",,,,1306fa332540baa576a3fc6848629c39f657efa24e289d98190c0c0d371b5c63,,,,,,Bank of Baroda,onlinecasa.bankofbaroda.com,0.0,Low,0.0,0.8662,0,False,False,0.0,-1,0.0,-1,0.0,-1,0.0,-1,False,False,False,False,False,,
run_20260409T090716Z,2026-04-09T09:08:22+00:00,PS-02_AIGR-S66270_NCIIPC_28_02_2026.xlsx,PS-02_AIGR-S66270_NCIIPC_28_02_2026.xlsx,https://homeleadsnetwork.com,https://homeleadsnetwork.com,,homeleadsnetwork.com,homeleadsnetwork.com,exact,failed,not_attempted,navigation_transient_browser_error,"BrowserContext.new_page: Target page, context or browser has been closed",,,,993fe8b45c4922142e881df2365a17b36b066dff59ae7c8b113b09529027e2ad,,,,,,State Bank of India (SBI),homeloans.sbi,0.0,Low,0.0,0.8528,0,False,False,0.0,-1,0.0,-1,0.0,-1,0.0,-1,False,False,False,False,False,,
run_20260409T090716Z,2026-04-09T09:08:22+00:00,PS-02_AIGR-S66270_NCIIPC_28_02_2026.xlsx,PS-02_AIGR-S66270_NCIIPC_28_02_2026.xlsx,https://airreveal.xyz,https://airreveal.xyz,,airreveal.xyz,airreveal.xyz,exact,failed,not_attempted,navigation_transient_browser_error,"BrowserContext.new_page: Target page, context or browser has been closed",,,,28f67d6c17517167ffc8d9d22d2827acd353d31787516023df859894880d9af2,,,,,,Airtel,airtel.in,0.0,Low,0.0,0.8574,0,False,False,0.0,-1,0.0,-1,0.0,-1,0.0,-1,False,False,False,False,False,,
run_20260409T090716Z,2026-04-09T09:08:22+00:00,PS-02_AIGR-S66270_NCIIPC_28_02_2026.xlsx,PS-02_AIGR-S66270_NCIIPC_28_02_2026.xlsx,https://paromaistvan.com,https://paromaistvan.com,,paromaistvan.com,paromaistvan.com,exact,failed,not_attempted,navigation_transient_browser_error,"BrowserContext.new_page: Target page, context or browser has been closed",,,,fe5b78de1ed6bfe225b8eb0b73106e48e1f43a7aded63abb5f906a2855e2be75,,,,,,parivahan sewa,parivahan.gov.in,0.0,Low,0.0,0.8671,0,False,False,0.0,-1,0.0,-1,0.0,-1,0.0,-1,False,False,False,False,False,,
run_20260409T090716Z,2026-04-09T09:08:22+00:00,PS-02_AIGR-S66270_NCIIPC_28_02_2026.xlsx,PS-02_AIGR-S66270_NCIIPC_28_02_2026.xlsx,https://best-indian.com,https://best-indian.com,,best-indian.com,best-indian.com,exact,failed,not_attempted,navigation_transient_browser_error,"BrowserContext.new_page: Target page, context or browser has been closed",,,,b8b1520046f947547547e6d2204a0b6a58b105f1fa1cfbdbd5a0c77388d40fe6,,,,,,BSE Ltd.,bseindia.com,0.0,Low,0.0,0.8807,0,False,False,0.0,-1,0.0,-1,0.0,-1,0.0,-1,False,False,False,False,False,,
run_20260409T090716Z,2026-04-09T09:08:22+00:00,PS-02_AIGR-S66270_NCIIPC_28_02_2026.xlsx,PS-02_AIGR-S66270_NCIIPC_28_02_2026.xlsx,https://ecrin.work,https://ecrin.work,,ecrin.work,ecrin.work,exact,failed,not_attempted,navigation_transient_browser_error,"BrowserContext.new_page: Target page, context or browser has been closed",,,,4b79158e1b8ef5fa46cce9dc78e6812f6651ad8d03ec8776a3d1b08c0d6482ab,,,,,,Election Commision of India (ECI),eci.gov.in,0.0,Low,0.0,0.8933,0,False,False,0.0,-1,0.0,-1,0.0,-1,0.0,-1,False,False,False,False,False,,
run_20260409T090716Z,2026-04-09T09:08:22+00:00,PS-02_AIGR-S66270_NCIIPC_28_02_2026.xlsx,PS-02_AIGR-S66270_NCIIPC_28_02_2026.xlsx,https://aibis.com,https://aibis.com,,aibis.com,aibis.com,exact,failed,not_attempted,navigation_transient_browser_error,"BrowserContext.new_page: Target page, context or browser has been closed",,,,0ef5a5c8939433f4bae214e20d2f2cdb268823cd6f0e203321cb41c2f28dc709,,,,,,All India Institute of Medical Sciences (AIIMS),aiims.edu,0.0,Low,0.0,0.8933,0,False,False,0.0,-1,0.0,-1,0.0,-1,0.0,-1,False,False,False,False,False,,
run_20260409T090716Z,2026-04-09T09:08:22+00:00,PS-02_AIGR-S66270_NCIIPC_28_02_2026.xlsx,PS-02_AIGR-S66270_NCIIPC_28_02_2026.xlsx,https://nhomat.xyz,https://nhomat.xyz,,nhomat.xyz,nhomat.xyz,exact,failed,not_attempted,navigation_transient_browser_error,"BrowserContext.new_page: Target page, context or browser has been closed",,,,3ecf47d054dbf5a4994e2957567df6955c6a16108bd4c6b9fe95f934de661c9a,,,,,,National Health Authority (NHA),nha.gov.in,0.0,Low,0.0,0.8667,0,False,False,0.0,-1,0.0,-1,0.0,-1,0.0,-1,False,False,False,False,False,,
run_20260409T090716Z,2026-04-09T09:08:22+00:00,PS-02_AIGR-S66270_NCIIPC_28_02_2026.xlsx,PS-02_AIGR-S66270_NCIIPC_28_02_2026.xlsx,https://commaonline.xyz,https://commaonline.xyz,,commaonline.xyz,commaonline.xyz,exact,failed,not_attempted,navigation_transient_browser_error,"BrowserContext.new_page: Target page, context or browser has been closed",,,,2abe7a08df52908454c28466d90383be7896f408e823db6a60ba7aeaa759c717,,,,,,Computer Age Management Services Ltd. (CAMS),camsonline.com,0.0,Low,0.0,0.8821,0,False,False,0.0,-1,0.0,-1,0.0,-1,0.0,-1,False,False,False,False,False,,
run_20260409T090716Z,2026-04-09T09:08:22+00:00,PS-02_AIGR-S66270_NCIIPC_28_02_2026.xlsx,PS-02_AIGR-S66270_NCIIPC_28_02_2026.xlsx,https://homesbylanae.com,https://homesbylanae.com,,homesbylanae.com,homesbylanae.com,exact,failed,not_attempted,navigation_transient_browser_error,"BrowserContext.new_page: Target page, context or browser has been closed",,,,02fe55274b394782ccddef2d19296404600b9e5c19a204402800d36f2f3542de,,,,,,State Bank of India (SBI),homeloans.sbi,0.0,Low,0.0,0.8611,0,False,False,0.0,-1,0.0,-1,0.0,-1,0.0,-1,False,False,False,False,False,,
run_20260409T090716Z,2026-04-09T09:08:22+00:00,PS-02_AIGR-S66270_NCIIPC_28_02_2026.xlsx,PS-02_AIGR-S66270_NCIIPC_28_02_2026.xlsx,https://onlinehotel-booking.com,https://onlinehotel-booking.com,,onlinehotel-booking.com,onlinehotel-booking.com,exact,failed,not_attempted,navigation_transient_browser_error,"BrowserContext.new_page: Target page, context or browser has been closed",,,,dc4ebc6bad1cb292e6778a3f8dbde2139e6ba716dd7817d70967e9654c71b5cf,,,,,,State Bank of India (SBI),corp.onlinesbi.sbi,0.0,Low,0.0,0.862,0,False,False,0.0,-1,0.0,-1,0.0,-1,0.0,-1,False,False,False,False,False,,
run_20260409T090716Z,2026-04-09T09:08:22+00:00,PS-02_AIGR-S66270_NCIIPC_28_02_2026.xlsx,PS-02_AIGR-S66270_NCIIPC_28_02_2026.xlsx,https://fusiontech.us,https://fusiontech.us,,fusiontech.us,fusiontech.us,exact,failed,not_attempted,navigation_transient_browser_error,"BrowserContext.new_page: Target page, context or browser has been closed",,,,69cb7ee6903c453bc11e477a314469e2417645b2292b497c26e31c7878584f63,,,,,,Kfintech,kfintech.com,0.0,Low,0.0,0.8583,0,False,False,0.0,-1,0.0,-1,0.0,-1,0.0,-1,False,False,False,False,False,,
run_20260409T090716Z,2026-04-09T09:08:22+00:00,PS-02_AIGR-S66270_NCIIPC_28_02_2026.xlsx,PS-02_AIGR-S66270_NCIIPC_28_02_2026.xlsx,https://industryofthingsworldusa-east.com,https://industryofthingsworldusa-east.com,,industryofthingsworldusa-east.com,industryofthingsworldusa-east.com,exact,failed,not_attempted,navigation_transient_browser_error,"BrowserContext.new_page: Target page, context or browser has been closed",,,,9c50c91237b3a6af5c1218570a04179258f57ae91007395f01d442afd4988609,,,,,,Jio,jio.com,0.0,Low,0.0,0.5785,0,False,False,0.0,-1,0.0,-1,0.0,-1,0.0,-1,False,False,False,False,False,,
run_20260409T090716Z,2026-04-09T09:08:22+00:00,PS-02_AIGR-S66270_NCIIPC_28_02_2026.xlsx,PS-02_AIGR-S66270_NCIIPC_28_02_2026.xlsx,https://homalone.space,https://homalone.space,,homalone.space,homalone.space,exact,failed,not_attempted,navigation_transient_browser_error,"BrowserContext.new_page: Target page, context or browser has been closed",,,,9342b65c940c44472ef863978847bc9218154d9ff5524a90c681fb7ef2bd1338,,,,,,State Bank of India (SBI),homeloans.sbi,0.0,Low,0.0,0.8856,0,False,False,0.0,-1,0.0,-1,0.0,-1,0.0,-1,False,False,False,False,False,,
run_20260409T090716Z,2026-04-09T09:08:22+00:00,PS-02_AIGR-S66270_NCIIPC_28_02_2026.xlsx,PS-02_AIGR-S66270_NCIIPC_28_02_2026.xlsx,https://axisistore.com.br,https://axisistore.com.br,,axisistore.com.br,axisistore.com.br,exact,failed,not_attempted,navigation_transient_browser_error,"BrowserContext.new_page: Target page, context or browser has been closed",,,,6596721736cd3adb9ea688d76323c6a0c56890ecdd5ac6061dfb3f13d75c3e5d,,,,,,Axis Bank,axismaxlife.com,0.0,Low,0.0,0.8291,0,False,False,0.0,-1,0.0,-1,0.0,-1,0.0,-1,False,False,False,False,False,,
run_20260409T090716Z,2026-04-09T09:08:22+00:00,PS-02_AIGR-S66270_NCIIPC_28_02_2026.xlsx,PS-02_AIGR-S66270_NCIIPC_28_02_2026.xlsx,https://smesindia.com,https://smesindia.com,,smesindia.com,smesindia.com,exact,failed,not_attempted,navigation_transient_browser_error,"BrowserContext.new_page: Target page, context or browser has been closed",,,,cfff584d86fe732119ab2a9a65188833758c6779312cdb39992759064c964130,,,,,,BSE Ltd.,bseindia.com,0.0,Low,0.0,0.8843,0,False,False,0.0,-1,0.0,-1,0.0,-1,0.0,-1,False,False,False,False,False,,
run_20260409T090716Z,2026-04-09T09:08:22+00:00,PS-02_AIGR-S66270_NCIIPC_28_02_2026.xlsx,PS-02_AIGR-S66270_NCIIPC_28_02_2026.xlsx,https://axiomify.com,https://axiomify.com,,axiomify.com,axiomify.com,exact,failed,not_attempted,navigation_transient_browser_error,"BrowserContext.new_page: Target page, context or browser has been closed",,,,9156106e66b893e8c92db86c5f0883c142be5f00adf1a49574a6ec376a65ed72,,,,,,Axis Bank,axismf.com,0.0,Low,0.0,0.8736,0,False,False,0.0,-1,0.0,-1,0.0,-1,0.0,-1,False,False,False,False,False,,
run_20260409T090716Z,2026-04-09T09:08:22+00:00,PS-02_AIGR-S66270_NCIIPC_28_02_2026.xlsx,PS-02_AIGR-S66270_NCIIPC_28_02_2026.xlsx,https://artizella.com,https://artizella.com,,artizella.com,artizella.com,exact,failed,not_attempted,navigation_transient_browser_error,"BrowserContext.new_page: Target page, context or browser has been closed",,,,3c9bbc31ee13df104d080173bfd3b50ad0aab07906833e0f8698970610027aba,,,,,,Airtel,airtel.in,0.0,Low,0.0,0.85,0,False,False,0.0,-1,0.0,-1,0.0,-1,0.0,-1,False,False,False,False,False,,
run_20260409T090716Z,2026-04-09T09:08:22+00:00,PS-02_AIGR-S66270_NCIIPC_28_02_2026.xlsx,PS-02_AIGR-S66270_NCIIPC_28_02_2026.xlsx,https://orbis.channel,https://orbis.channel,,orbis.channel,orbis.channel,exact,failed,not_attempted,navigation_transient_browser_error,"BrowserContext.new_page: Target page, context or browser has been closed",,,,a7f428b33144285acd86341b9040b23e4190c91d3f1784331cc6dbe47378ea61,,,,,,Reserve Bank of India (RBI),rbi.org.in,0.0,Low,0.0,0.8667,0,False,False,0.0,-1,0.0,-1,0.0,-1,0.0,-1,False,False,False,False,False,,
run_20260409T090716Z,2026-04-09T09:08:22+00:00,PS-02_AIGR-S66270_NCIIPC_28_02_2026.xlsx,PS-02_AIGR-S66270_NCIIPC_28_02_2026.xlsx,https://recia.app,https://recia.app,,recia.app,recia.app,exact,failed,not_attempted,navigation_transient_browser_error,"BrowserContext.new_page: Target page, context or browser has been closed",,,,ade26d2fe8217c5cfebc44f77ff5e9d1a0543904d8ed6701befbfa335e53223b,,,,,,Election Commision of India (ECI),eci.gov.in,0.0,Low,0.0,0.8667,0,False,False,0.0,-1,0.0,-1,0.0,-1,0.0,-1,False,False,False,False,False,,
run_20260409T090716Z,2026-04-09T09:08:22+00:00,PS-02_AIGR-S66270_NCIIPC_28_02_2026.xlsx,PS-02_AIGR-S66270_NCIIPC_28_02_2026.xlsx,https://airtv.io,https://airtv.io,,airtv.io,airtv.io,exact,failed,not_attempted,navigation_transient_browser_error,"BrowserContext.new_page: Target page, context or browser has been closed",,,,8b88174c4fea89d90d0ef82bcbedaa6f1290ace41ec2561bbc3d8f6c1fc997ea,,,,,,Airtel,airtel.in,0.0,Low,0.0,0.8933,0,False,False,0.0,-1,0.0,-1,0.0,-1,0.0,-1,False,False,False,False,False,,
run_20260409T090716Z,2026-04-09T09:08:22+00:00,PS-02_AIGR-S66270_NCIIPC_28_02_2026.xlsx,PS-02_AIGR-S66270_NCIIPC_28_02_2026.xlsx,https://jixnov.com,https://jixnov.com,,jixnov.com,jixnov.com,exact,failed,not_attempted,navigation_transient_browser_error,"BrowserContext.new_page: Target page, context or browser has been closed",,,,3aa7cde8adff53f4119ea5d72b4ee5b6661ede4ca8056a5ebe6ddb2c993f097c,,,,,,Jio,jio.com,0.0,Low,0.0,0.8667,0,False,False,0.0,-1,0.0,-1,0.0,-1,0.0,-1,False,False,False,False,False,,
run_20260409T090716Z,2026-04-09T09:08:22+00:00,PS-02_AIGR-S66270_NCIIPC_28_02_2026.xlsx,PS-02_AIGR-S66270_NCIIPC_28_02_2026.xlsx,https://industrie-decor.com,https://industrie-decor.com,,industrie-decor.com,industrie-decor.com,exact,failed,not_attempted,navigation_transient_browser_error,"BrowserContext.new_page: Target page, context or browser has been closed",,,,8bebf941ce1673a2fd8159fcab1edf7a8b4a6d7914afd9e263d3151dfd1200fb,,,,,,Coal India,coalindiatenders.nic.in,0.0,Low,0.0,0.6838,0,False,False,0.0,-1,0.0,-1,0.0,-1,0.0,-1,False,False,False,False,False,,
run_20260409T090716Z,2026-04-09T09:08:22+00:00,PS-02_AIGR-S66270_NCIIPC_28_02_2026.xlsx,PS-02_AIGR-S66270_NCIIPC_28_02_2026.xlsx,https://online-resume.me,https://online-resume.me,,online-resume.me,online-resume.me,exact,failed,not_attempted,navigation_transient_browser_error,"BrowserContext.new_page: Target page, context or browser has been closed",,,,1f7a3d33ce02e2e6fb5ae0812b55f5664d41b265f27556716aaf42af19314f28,,,,,,State Bank of India (SBI),corp.onlinesbi.sbi,0.0,Low,0.0,0.8632,0,False,False,0.0,-1,0.0,-1,0.0,-1,0.0,-1,False,False,False,False,False,,
run_20260409T090716Z,2026-04-09T09:08:22+00:00,PS-02_AIGR-S66270_NCIIPC_28_02_2026.xlsx,PS-02_AIGR-S66270_NCIIPC_28_02_2026.xlsx,https://myvedicvibe.com,https://myvedicvibe.com,,myvedicvibe.com,myvedicvibe.com,exact,failed,not_attempted,navigation_transient_browser_error,"BrowserContext.new_page: Target page, context or browser has been closed",,,,623ebba3bc6f9ab40529b7057e9225d5874e5c996a797337ad85dc00459eebd8,,,,,,Vodafone Idea (VI),myvi.in,0.0,Low,0.0,0.8515,0,False,False,0.0,-1,0.0,-1,0.0,-1,0.0,-1,False,False,False,False,False,,
run_20260409T090716Z,2026-04-09T09:08:22+00:00,PS-02_AIGR-S66270_NCIIPC_28_02_2026.xlsx,PS-02_AIGR-S66270_NCIIPC_28_02_2026.xlsx,https://enhaq.online,https://enhaq.online,,enhaq.online,enhaq.online,exact,failed,not_attempted,navigation_transient_browser_error,"BrowserContext.new_page: Target page, context or browser has been closed",,,,e2a3507658ac57fc574b7d6338f258a791086b1b749cf4ef02a7e524012ab33b,,,,,,National Health Authority (NHA),nha.gov.in,0.0,Low,0.0,0.8667,0,False,False,0.0,-1,0.0,-1,0.0,-1,0.0,-1,False,False,False,False,False,,
run_20260409T090716Z,2026-04-09T09:08:22+00:00,PS-02_AIGR-S66270_NCIIPC_28_02_2026.xlsx,PS-02_AIGR-S66270_NCIIPC_28_02_2026.xlsx,https://onlineanvil.com,https://onlineanvil.com,,onlineanvil.com,onlineanvil.com,exact,failed,not_attempted,navigation_transient_browser_error,"BrowserContext.new_page: Target page, context or browser has been closed",,,,053816fd1b4d796e82025a1db47587cfd568ecc42212f11b71167945011a560d,,,,,,State Bank of India (SBI),corp.onlinesbi.sbi,0.0,Low,0.0,0.8828,0,False,False,0.0,-1,0.0,-1,0.0,-1,0.0,-1,False,False,False,False,False,,
run_20260409T090716Z,2026-04-09T09:08:22+00:00,PS-02_AIGR-S66270_NCIIPC_28_02_2026.xlsx,PS-02_AIGR-S66270_NCIIPC_28_02_2026.xlsx,https://online-dtl.ru,https://online-dtl.ru,,online-dtl.ru,online-dtl.ru,exact,failed,not_attempted,navigation_transient_browser_error,"BrowserContext.new_page: Target page, context or browser has been closed",,,,cc3392be4a40cf43c87af40fb2780d8909954268623c93845b3fe4ed3a61a858,,,,,,State Bank of India (SBI),corp.onlinesbi.sbi,0.0,Low,0.0,0.8533,0,False,False,0.0,-1,0.0,-1,0.0,-1,0.0,-1,False,False,False,False,False,,
run_20260409T090716Z,2026-04-09T09:08:22+00:00,PS-02_AIGR-S66270_NCIIPC_28_02_2026.xlsx,PS-02_AIGR-S66270_NCIIPC_28_02_2026.xlsx,https://icicek.com,https://icicek.com,,icicek.com,icicek.com,exact,failed,not_attempted,navigation_transient_browser_error,"BrowserContext.new_page: Target page, context or browser has been closed",,,,8444fcd80461d08694642aca5ddb1370c0551e00a9dda7b50f3017d5d9350ba3,,,,,,ICICI Bank,icicidirect.com,0.0,Low,0.0,0.8576,0,False,False,0.0,-1,0.0,-1,0.0,-1,0.0,-1,False,False,False,False,False,,
run_20260409T090716Z,2026-04-09T09:08:22+00:00,PS-02_AIGR-S66270_NCIIPC_28_02_2026.xlsx,PS-02_AIGR-S66270_NCIIPC_28_02_2026.xlsx,https://myviasefurla.com,https://myviasefurla.com,,myviasefurla.com,myviasefurla.com,exact,failed,not_attempted,navigation_transient_browser_error,"BrowserContext.new_page: Target page, context or browser has been closed",,,,a2e961311c48ab5e2601034fef7908d3bcd65e5b22ac40941e057011393aa4ba,,,,,,Vodafone Idea (VI),myvi.in,0.0,Low,0.0,0.8667,0,False,False,0.0,-1,0.0,-1,0.0,-1,0.0,-1,False,False,False,False,False,,
run_20260409T090716Z,2026-04-09T09:08:22+00:00,PS-02_AIGR-S66270_NCIIPC_28_02_2026.xlsx,PS-02_AIGR-S66270_NCIIPC_28_02_2026.xlsx,https://axisfab3d.ch,https://axisfab3d.ch,,axisfab3d.ch,axisfab3d.ch,exact,failed,not_attempted,navigation_transient_browser_error,"BrowserContext.new_page: Target page, context or browser has been closed",,,,013e804ee5989dd9950c4efc6f38820063073a4df95d92ad4e7e3c529d0605c0,,,,,,Axis Bank,axismf.com,0.0,Low,0.0,0.8778,0,False,False,0.0,-1,0.0,-1,0.0,-1,0.0,-1,False,False,False,False,False,,
run_20260409T090716Z,2026-04-09T09:08:22+00:00,PS-02_AIGR-S66270_NCIIPC_28_02_2026.xlsx,PS-02_AIGR-S66270_NCIIPC_28_02_2026.xlsx,https://myasvi.com,https://myasvi.com,,myasvi.com,myasvi.com,exact,failed,not_attempted,navigation_transient_browser_error,"BrowserContext.new_page: Target page, context or browser has been closed",,,,322628b07178f822d6130aa2b44e740eb157e28013fa2e65d0ea66519701722e,,,,,,Vodafone Idea (VI),myvi.in,0.0,Low,0.0,0.9111,0,False,False,0.0,-1,0.0,-1,0.0,-1,0.0,-1,False,False,False,False,False,,
run_20260409T090716Z,2026-04-09T09:08:22+00:00,PS-02_AIGR-S66270_NCIIPC_28_02_2026.xlsx,PS-02_AIGR-S66270_NCIIPC_28_02_2026.xlsx,https://homelogapp.com,https://homelogapp.com,,homelogapp.com,homelogapp.com,exact,failed,not_attempted,navigation_transient_browser_error,"BrowserContext.new_page: Target page, context or browser has been closed",,,,00a72fd5a1f4046785d5aeb758381dc5d473073307050610676957983614e62a,,,,,,State Bank of India (SBI),homeloans.sbi,0.0,Low,0.0,0.8956,0,False,False,0.0,-1,0.0,-1,0.0,-1,0.0,-1,False,False,False,False,False,,
run_20260409T090716Z,2026-04-09T09:08:22+00:00,PS-02_AIGR-S66270_NCIIPC_28_02_2026.xlsx,PS-02_AIGR-S66270_NCIIPC_28_02_2026.xlsx,https://onlinehg.com,https://onlinehg.com,,onlinehg.com,onlinehg.com,exact,failed,not_attempted,navigation_transient_browser_error,"BrowserContext.new_page: Target page, context or browser has been closed",,,,e4bc07338b784c83e141a88babac079bf79ff3d60b7a2c82bf33f3cc227bc25f,,,,,,State Bank of India (SBI),corp.onlinesbi.sbi,0.0,Low,0.0,0.8833,0,False,False,0.0,-1,0.0,-1,0.0,-1,0.0,-1,False,False,False,False,False,,
run_20260409T090716Z,2026-04-09T09:08:22+00:00,PS-02_AIGR-S66270_NCIIPC_28_02_2026.xlsx,PS-02_AIGR-S66270_NCIIPC_28_02_2026.xlsx,https://onlineslotsempire.com,https://onlineslotsempire.com,,onlineslotsempire.com,onlineslotsempire.com,exact,failed,not_attempted,navigation_transient_browser_error,"BrowserContext.new_page: Target page, context or browser has been closed",,,,d03c6357db2d98438d4cdfe86259a9b49480fad5709b3fa47ae844f56d8d6124,,,,,,State Bank of India (SBI),corp.onlinesbi.sbi,0.0,Low,0.0,0.8719,0,False,False,0.0,-1,0.0,-1,0.0,-1,0.0,-1,False,False,False,False,False,,
run_20260409T090716Z,2026-04-09T09:08:22+00:00,PS-02_AIGR-S66270_NCIIPC_28_02_2026.xlsx,PS-02_AIGR-S66270_NCIIPC_28_02_2026.xlsx,https://ecowin.info,https://ecowin.info,,ecowin.info,ecowin.info,exact,failed,not_attempted,navigation_transient_browser_error,"BrowserContext.new_page: Target page, context or browser has been closed",,,,17e7c42b35dced23220563347c431f680f2808aed28bd162b0879f08a37b576d,,,,,,Election Commision of India (ECI),eci.gov.in,0.0,Low,0.0,0.8667,0,False,False,0.0,-1,0.0,-1,0.0,-1,0.0,-1,False,False,False,False,False,,
run_20260409T090716Z,2026-04-09T09:08:22+00:00,PS-02_AIGR-S66270_NCIIPC_28_02_2026.xlsx,PS-02_AIGR-S66270_NCIIPC_28_02_2026.xlsx,https://mavi.network,https://mavi.network,,mavi.network,mavi.network,exact,failed,not_attempted,navigation_transient_browser_error,"BrowserContext.new_page: Target page, context or browser has been closed",,,,7e86cc37baa46028781f624d6aff230922150342c888e982c6834013e7f54764,,,,,,Vodafone Idea (VI),myvi.in,0.0,Low,0.0,0.85,0,False,False,0.0,-1,0.0,-1,0.0,-1,0.0,-1,False,False,False,False,False,,
run_20260409T090716Z,2026-04-09T09:08:22+00:00,PS-02_AIGR-S66270_NCIIPC_28_02_2026.xlsx,PS-02_AIGR-S66270_NCIIPC_28_02_2026.xlsx,https://onlinestoreai.link,https://onlinestoreai.link,,onlinestoreai.link,onlinestoreai.link,exact,failed,not_attempted,navigation_transient_browser_error,"BrowserContext.new_page: Target page, context or browser has been closed",,,,37d4e0646012355ac378820b4a70146be83eee5658b2bae907d9d39e8cd38549,,,,,,State Bank of India (SBI),corp.onlinesbi.sbi,0.0,Low,0.0,0.9009,0,False,False,0.0,-1,0.0,-1,0.0,-1,0.0,-1,False,False,False,False,False,,
run_20260409T090716Z,2026-04-09T09:08:22+00:00,PS-02_AIGR-S66270_NCIIPC_28_02_2026.xlsx,PS-02_AIGR-S66270_NCIIPC_28_02_2026.xlsx,https://scanline.club,https://scanline.club,,scanline.club,scanline.club,exact,failed,not_attempted,navigation_transient_browser_error,"BrowserContext.new_page: Target page, context or browser has been closed",,,,ad0533efd0c34da7236d9980e073ea8a5317d5cb5fd31bf0056d4d64911b6f58,,,,,,Computer Age Management Services Ltd. (CAMS),camsonline.com,0.0,Low,0.0,0.8917,0,False,False,0.0,-1,0.0,-1,0.0,-1,0.0,-1,False,False,False,False,False,,
run_20260409T090716Z,2026-04-09T09:08:22+00:00,PS-02_AIGR-S66270_NCIIPC_28_02_2026.xlsx,PS-02_AIGR-S66270_NCIIPC_28_02_2026.xlsx,https://homesales.help,https://homesales.help,,homesales.help,homesales.help,exact,failed,not_attempted,navigation_transient_browser_error,"BrowserContext.new_page: Target page, context or browser has been closed",,,,e674ebc23becea6b089a435380bf598a0c5ed94c0a6fa34ef1b537b19285a41f,,,,,,State Bank of India (SBI),homeloans.sbi,0.0,Low,0.0,0.8825,0,False,False,0.0,-1,0.0,-1,0.0,-1,0.0,-1,False,False,False,False,False,,
run_20260409T090716Z,2026-04-09T09:08:22+00:00,PS-02_AIGR-S66270_NCIIPC_28_02_2026.xlsx,PS-02_AIGR-S66270_NCIIPC_28_02_2026.xlsx,https://onlinecinema.xyz,https://onlinecinema.xyz,,onlinecinema.xyz,onlinecinema.xyz,exact,failed,not_attempted,navigation_transient_browser_error,"BrowserContext.new_page: Target page, context or browser has been closed",,,,5c9fe19a42d9d549f092bbf4b8be21175cf434fc800637fb685ca6ad9d51edb9,,,,,,State Bank of India (SBI),corp.onlinesbi.sbi,0.0,Low,0.0,0.8722,0,False,False,0.0,-1,0.0,-1,0.0,-1,0.0,-1,False,False,False,False,False,,
run_20260409T090716Z,2026-04-09T09:08:22+00:00,PS-02_AIGR-S66270_NCIIPC_28_02_2026.xlsx,PS-02_AIGR-S66270_NCIIPC_28_02_2026.xlsx,https://myviorashop.com,https://myviorashop.com,,myviorashop.com,myviorashop.com,exact,failed,not_attempted,navigation_transient_browser_error,"BrowserContext.new_page: Target page, context or browser has been closed",,,,e132adb00db3a40096f79e29829ff881211ed427c395aaa6a6bbf3090ea6c278,,,,,,Vodafone Idea (VI),myvi.in,0.0,Low,0.0,0.8727,0,False,False,0.0,-1,0.0,-1,0.0,-1,0.0,-1,False,False,False,False,False,,
run_20260409T090716Z,2026-04-09T09:08:22+00:00,PS-02_AIGR-S66270_NCIIPC_28_02_2026.xlsx,PS-02_AIGR-S66270_NCIIPC_28_02_2026.xlsx,https://runbix.com,https://runbix.com,,runbix.com,runbix.com,exact,failed,not_attempted,navigation_transient_browser_error,"BrowserContext.new_page: Target page, context or browser has been closed",,,,b4696f943618beefaeb6b6adba275f0ff6054862b13c3088043037ec28597b19,,,,,,Reserve Bank of India (RBI),rbi.org.in,0.0,Low,0.0,0.85,0,False,False,0.0,-1,0.0,-1,0.0,-1,0.0,-1,False,False,False,False,False,,
run_20260409T090716Z,2026-04-09T09:08:22+00:00,PS-02_AIGR-S66270_NCIIPC_28_02_2026.xlsx,PS-02_AIGR-S66270_NCIIPC_28_02_2026.xlsx,https://koadingtech.com,https://koadingtech.com,,koadingtech.com,koadingtech.com,exact,failed,not_attempted,navigation_transient_browser_error,"BrowserContext.new_page: Target page, context or browser has been closed",,,,af72d7494541bb18e1ac6dde87b3edae6b8eae065824f0b0f5961438d06bc74f,,,,,,Kfintech,kfintech.com,0.0,Low,0.0,0.8534,0,False,False,0.0,-1,0.0,-1,0.0,-1,0.0,-1,False,False,False,False,False,,
run_20260409T090716Z,2026-04-09T09:08:22+00:00,PS-02_AIGR-S66270_NCIIPC_28_02_2026.xlsx,PS-02_AIGR-S66270_NCIIPC_28_02_2026.xlsx,https://fi-intech.com,https://fi-intech.com,,fi-intech.com,fi-intech.com,exact,failed,not_attempted,navigation_transient_browser_error,"BrowserContext.new_page: Target page, context or browser has been closed",,,,670d92b00900b5ce8706d16dbfc9bbeca818e6b0fd3fe79f2a1d44c0e1d042d8,,,,,,Kfintech,kfintech.com,0.0,Low,0.0,0.8843,0,False,False,0.0,-1,0.0,-1,0.0,-1,0.0,-1,False,False,False,False,False,,
run_20260409T090716Z,2026-04-09T09:08:22+00:00,PS-02_AIGR-S66270_NCIIPC_28_02_2026.xlsx,PS-02_AIGR-S66270_NCIIPC_28_02_2026.xlsx,https://axistogelkita.com,https://axistogelkita.com,,axistogelkita.com,axistogelkita.com,exact,failed,not_attempted,navigation_transient_browser_error,"BrowserContext.new_page: Target page, context or browser has been closed",,,,f603395a90d8433dbe5ff1e436b4b28ef8bcd75810bcec297346585902c26a0d,,,,,,Airtel,airtel.in,0.0,Low,0.0,0.7654,0,False,False,0.0,-1,0.0,-1,0.0,-1,0.0,-1,False,False,False,False,False,,
run_20260409T090716Z,2026-04-09T09:08:22+00:00,PS-02_AIGR-S66270_NCIIPC_28_02_2026.xlsx,PS-02_AIGR-S66270_NCIIPC_28_02_2026.xlsx,https://axispacks.com,https://axispacks.com,,axispacks.com,axispacks.com,exact,failed,not_attempted,navigation_transient_browser_error,"BrowserContext.new_page: Target page, context or browser has been closed",,,,85bf1ee75d0447eefa4bbbee0b71113eb12ecd2aacdcdd86c4a53131536d937a,,,,,,Axis Bank,axismf.com,0.0,Low,0.0,0.8222,0,False,False,0.0,-1,0.0,-1,0.0,-1,0.0,-1,False,False,False,False,False,,
run_20260409T090716Z,2026-04-09T09:08:22+00:00,PS-02_AIGR-S66270_NCIIPC_28_02_2026.xlsx,PS-02_AIGR-S66270_NCIIPC_28_02_2026.xlsx,https://neghab.click,https://neghab.click,,neghab.click,neghab.click,exact,failed,not_attempted,navigation_transient_browser_error,"BrowserContext.new_page: Target page, context or browser has been closed",,,,2eabc789630c0df74afa237f71cf5569292e1dd01f7113725fe0f6baa813b8f3,,,,,,National Health Authority (NHA),nha.gov.in,0.0,Low,0.0,0.85,0,False,False,0.0,-1,0.0,-1,0.0,-1,0.0,-1,False,False,False,False,False,,
run_20260409T090716Z,2026-04-09T09:08:22+00:00,PS-02_AIGR-S66270_NCIIPC_28_02_2026.xlsx,PS-02_AIGR-S66270_NCIIPC_28_02_2026.xlsx,https://aiimpact.world,https://aiimpact.world,,aiimpact.world,aiimpact.world,exact,failed,not_attempted,navigation_transient_browser_error,"BrowserContext.new_page: Target page, context or browser has been closed",,,,d0f977e57ccc7562dc8a4bc72de20ce019bb62782edcc1e52f47a042bb234d56,,,,,,All India Institute of Medical Sciences (AIIMS),aiims.edu,0.0,Low,0.0,0.86,0,False,False,0.0,-1,0.0,-1,0.0,-1,0.0,-1,False,False,False,False,False,,
run_20260409T090716Z,2026-04-09T09:08:22+00:00,PS-02_AIGR-S66270_NCIIPC_28_02_2026.xlsx,PS-02_AIGR-S66270_NCIIPC_28_02_2026.xlsx,https://onlineainote.xyz,https://onlineainote.xyz,,onlineainote.xyz,onlineainote.xyz,exact,failed,not_attempted,navigation_transient_browser_error,"BrowserContext.new_page: Target page, context or browser has been closed",,,,76ac895734285bc0dbc6a7a5a76aa1f7c264f43ee29c0720dbf17aca72059152,,,,,,State Bank of India (SBI),corp.onlinesbi.sbi,0.0,Low,0.0,0.8722,0,False,False,0.0,-1,0.0,-1,0.0,-1,0.0,-1,False,False,False,False,False,,
run_20260409T090716Z,2026-04-09T09:08:22+00:00,PS-02_AIGR-S66270_NCIIPC_28_02_2026.xlsx,PS-02_AIGR-S66270_NCIIPC_28_02_2026.xlsx,https://myer-vip3.icu,https://myer-vip3.icu,,myer-vip3.icu,myer-vip3.icu,exact,failed,not_attempted,navigation_transient_browser_error,"BrowserContext.new_page: Target page, context or browser has been closed",,,,363bd524930411ae2b58709d162ffac384aa11c9b268b4bd249324b1906bc99b,,,,,,Vodafone Idea (VI),myvi.in,0.0,Low,0.0,0.8519,0,False,False,0.0,-1,0.0,-1,0.0,-1,0.0,-1,False,False,False,False,False,,
run_20260409T090716Z,2026-04-09T09:08:22+00:00,PS-02_AIGR-S66270_NCIIPC_28_02_2026.xlsx,PS-02_AIGR-S66270_NCIIPC_28_02_2026.xlsx,https://homeoftreats.com,https://homeoftreats.com,,homeoftreats.com,homeoftreats.com,exact,failed,not_attempted,navigation_transient_browser_error,"BrowserContext.new_page: Target page, context or browser has been closed",,,,170f1bb473b6f412a1f832036b59618b12866045349a980a6540d01607b0e00e,,,,,,State Bank of India (SBI),homeloans.sbi,0.0,Low,0.0,0.8722,0,False,False,0.0,-1,0.0,-1,0.0,-1,0.0,-1,False,False,False,False,False,,
run_20260409T090716Z,2026-04-09T09:08:22+00:00,PS-02_AIGR-S66270_NCIIPC_28_02_2026.xlsx,PS-02_AIGR-S66270_NCIIPC_28_02_2026.xlsx,https://home-liaison.store,https://home-liaison.store,,home-liaison.store,home-liaison.store,exact,failed,not_attempted,navigation_transient_browser_error,"BrowserContext.new_page: Target page, context or browser has been closed",,,,d410e600f16f2d52653c7072d7ed7f8390c59fbdfd3d94ee1066fcb1375e8b83,,,,,,State Bank of India (SBI),homeloans.sbi,0.0,Low,0.0,0.9056,0,False,False,0.0,-1,0.0,-1,0.0,-1,0.0,-1,False,False,False,False,False,,
run_20260409T090716Z,2026-04-09T09:08:22+00:00,PS-02_AIGR-S66270_NCIIPC_28_02_2026.xlsx,PS-02_AIGR-S66270_NCIIPC_28_02_2026.xlsx,https://dsimlife.com,https://dsimlife.com,,dsimlife.com,dsimlife.com,exact,failed,not_attempted,navigation_transient_browser_error,"BrowserContext.new_page: Target page, context or browser has been closed",,,,fc9a3cf6bc4ee29e1dce28d04f9685f972840aa0f0767e96823b855e2450ce3e,,,,,,State Bank of India (SBI),sbilife.co.in,0.0,Low,0.0,0.869,0,False,False,0.0,-1,0.0,-1,0.0,-1,0.0,-1,False,False,False,False,False,,
run_20260409T090716Z,2026-04-09T09:08:22+00:00,PS-02_AIGR-S66270_NCIIPC_28_02_2026.xlsx,PS-02_AIGR-S66270_NCIIPC_28_02_2026.xlsx,https://crumbsonline.com,https://crumbsonline.com,,crumbsonline.com,crumbsonline.com,exact,failed,not_attempted,navigation_transient_browser_error,"BrowserContext.new_page: Target page, context or browser has been closed",,,,362bbddd4e4dddf97cc69a746c7cdca96b10a887545997094dabf87588ca8ea3,,,,,,Computer Age Management Services Ltd. (CAMS),camsonline.com,0.0,Low,0.0,0.895,0,False,False,0.0,-1,0.0,-1,0.0,-1,0.0,-1,False,False,False,False,False,,
run_20260409T090716Z,2026-04-09T09:08:22+00:00,PS-02_AIGR-S66270_NCIIPC_28_02_2026.xlsx,PS-02_AIGR-S66270_NCIIPC_28_02_2026.xlsx,https://orbi.cool,https://orbi.cool,,orbi.cool,orbi.cool,exact,failed,not_attempted,navigation_transient_browser_error,"BrowserContext.new_page: Target page, context or browser has been closed",,,,9121b333e555a2f61cde5f7143b273ab7b63cfad8c28fc49152827064bb76fce,,,,,,Reserve Bank of India (RBI),rbi.org.in,0.0,Low,0.0,0.9167,0,False,False,0.0,-1,0.0,-1,0.0,-1,0.0,-1,False,False,False,False,False,,
run_20260409T090716Z,2026-04-09T09:08:22+00:00,PS-02_AIGR-S66270_NCIIPC_28_02_2026.xlsx,PS-02_AIGR-S66270_NCIIPC_28_02_2026.xlsx,https://axiomlife.xyz,https://axiomlife.xyz,,axiomlife.xyz,axiomlife.xyz,exact,failed,not_attempted,navigation_transient_browser_error,"BrowserContext.new_page: Target page, context or browser has been closed",,,,9ca8712b0e94ac235b54a558ea44826f3cefa19b36548bc5808a67477e8df694,,,,,,Axis Bank,axismaxlife.com,0.0,Low,0.0,0.9104,0,False,False,0.0,-1,0.0,-1,0.0,-1,0.0,-1,False,False,False,False,False,,
run_20260409T090716Z,2026-04-09T09:08:22+00:00,PS-02_AIGR-S66270_NCIIPC_28_02_2026.xlsx,PS-02_AIGR-S66270_NCIIPC_28_02_2026.xlsx,https://fmsonline.us,https://fmsonline.us,,fmsonline.us,fmsonline.us,exact,failed,not_attempted,navigation_transient_browser_error,"BrowserContext.new_page: Target page, context or browser has been closed",,,,20966db39a5b90ad1a5b2b8a2d1cd6ddc5e81f6f0dc844a498899460a0a94896,,,,,,Computer Age Management Services Ltd. (CAMS),camsonline.com,0.0,Low,0.0,0.8963,0,False,False,0.0,-1,0.0,-1,0.0,-1,0.0,-1,False,False,False,False,False,,
run_20260409T090716Z,2026-04-09T09:08:22+00:00,PS-02_AIGR-S66270_NCIIPC_28_02_2026.xlsx,PS-02_AIGR-S66270_NCIIPC_28_02_2026.xlsx,https://industryredy.com,https://industryredy.com,,industryredy.com,industryredy.com,exact,failed,not_attempted,navigation_transient_browser_error,"BrowserContext.new_page: Target page, context or browser has been closed",,,,4cd9ee3f7d44f634eb614a9e8506b5a1878fc59472f1e91faa62daece9bac51c,,,,,,Coal India,coalindiatenders.nic.in,0.0,Low,0.0,0.626,0,False,False,0.0,-1,0.0,-1,0.0,-1,0.0,-1,False,False,False,False,False,,
run_20260409T090716Z,2026-04-09T09:08:22+00:00,PS-02_AIGR-S66270_NCIIPC_28_02_2026.xlsx,PS-02_AIGR-S66270_NCIIPC_28_02_2026.xlsx,https://airek.store,https://airek.store,,airek.store,airek.store,exact,failed,not_attempted,navigation_transient_browser_error,"BrowserContext.new_page: Target page, context or browser has been closed",,,,2ed4e41b75c98fc757f3d6ba2cad4b3b8ce62c3ae4498b8ccbbd04a05df07255,,,,,,Airtel,airtel.in,0.0,Low,0.0,0.8756,0,False,False,0.0,-1,0.0,-1,0.0,-1,0.0,-1,False,False,False,False,False,,
run_20260409T090716Z,2026-04-09T09:08:22+00:00,PS-02_AIGR-S66270_NCIIPC_28_02_2026.xlsx,PS-02_AIGR-S66270_NCIIPC_28_02_2026.xlsx,https://incorvaia.com,https://incorvaia.com,,incorvaia.com,incorvaia.com,exact,failed,not_attempted,navigation_transient_browser_error,"BrowserContext.new_page: Target page, context or browser has been closed",,,,ddf807b67bf526eb12837bf576c38bd40c720992fe91a556ffbf0d118a168236,,,,,,Income Tax Department,incometaxindia.gov.in,0.0,Low,0.0,0.8556,0,False,False,0.0,-1,0.0,-1,0.0,-1,0.0,-1,False,False,False,False,False,,
run_20260409T090716Z,2026-04-09T09:08:22+00:00,PS-02_AIGR-S66270_NCIIPC_28_02_2026.xlsx,PS-02_AIGR-S66270_NCIIPC_28_02_2026.xlsx,https://rbtxiq.com,https://rbtxiq.com,,rbtxiq.com,rbtxiq.com,exact,failed,not_attempted,navigation_transient_browser_error,"BrowserContext.new_page: Target page, context or browser has been closed",,,,3ed76225917db82ea78d76a8330a3dc66d754dda7ac19604a27571719d95ac0f,,,,,,Reserve Bank of India (RBI),rbi.org.in,0.0,Low,0.0,0.8667,0,False,False,0.0,-1,0.0,-1,0.0,-1,0.0,-1,False,False,False,False,False,,
run_20260409T090716Z,2026-04-09T09:08:22+00:00,PS-02_AIGR-S66270_NCIIPC_28_02_2026.xlsx,PS-02_AIGR-S66270_NCIIPC_28_02_2026.xlsx,https://icicilambard.com,https://icicilambard.com,,icicilambard.com,icicilambard.com,exact,failed,not_attempted,navigation_transient_browser_error,"BrowserContext.new_page: Target page, context or browser has been closed",,,,26ca292570bb72dd67a862c413ef1295c9f42f404292e4faa9cdcff75f052508,,,,,,ICICI Bank,icicilombard.com,0.0,Low,0.0,0.9485,0,False,False,0.0,-1,0.0,-1,0.0,-1,0.0,-1,False,False,False,False,False,,
run_20260409T090716Z,2026-04-09T09:08:22+00:00,PS-02_AIGR-S66270_NCIIPC_28_02_2026.xlsx,PS-02_AIGR-S66270_NCIIPC_28_02_2026.xlsx,https://onlinecashflow.xyz,https://onlinecashflow.xyz,,onlinecashflow.xyz,onlinecashflow.xyz,exact,failed,not_attempted,navigation_transient_browser_error,"BrowserContext.new_page: Target page, context or browser has been closed",,,,01549a2dc0f78177767aa61a054dfdb566ee054dad6d34705ea659e1fd7f3aff,,,,,,State Bank of India (SBI),corp.onlinesbi.sbi,0.0,Low,0.0,0.8556,0,False,False,0.0,-1,0.0,-1,0.0,-1,0.0,-1,False,False,False,False,False,,
run_20260409T090716Z,2026-04-09T09:08:22+00:00,PS-02_AIGR-S66270_NCIIPC_28_02_2026.xlsx,PS-02_AIGR-S66270_NCIIPC_28_02_2026.xlsx,https://canaryseason.com,https://canaryseason.com,,canaryseason.com,canaryseason.com,exact,failed,not_attempted,navigation_transient_browser_error,"BrowserContext.new_page: Target page, context or browser has been closed",,,,828a601c08a3d679420f556eb5e0c5612174ef2c3b447f2390b7c33738efb49d,,,,,,Canara Bank,canararobeco.com,0.0,Low,0.0,0.8417,0,False,False,0.0,-1,0.0,-1,0.0,-1,0.0,-1,False,False,False,False,False,,
run_20260409T090716Z,2026-04-09T09:08:22+00:00,PS-02_AIGR-S66270_NCIIPC_28_02_2026.xlsx,PS-02_AIGR-S66270_NCIIPC_28_02_2026.xlsx,https://homeon.com,https://homeon.com,,homeon.com,homeon.com,exact,failed,not_attempted,navigation_transient_browser_error,"BrowserContext.new_page: Target page, context or browser has been closed",,,,c99e50ceab9151ec9ebbd4f67c56557e400adda026fe8dd0f8a4ed8a8bdc9ca4,,,,,,State Bank of India (SBI),homeloans.sbi,0.0,Low,0.0,0.9333,0,False,False,0.0,-1,0.0,-1,0.0,-1,0.0,-1,False,False,False,False,False,,
run_20260409T090716Z,2026-04-09T09:08:22+00:00,PS-02_AIGR-S66270_NCIIPC_28_02_2026.xlsx,PS-02_AIGR-S66270_NCIIPC_28_02_2026.xlsx,https://myviptv.xyz,https://myviptv.xyz,,myviptv.xyz,myviptv.xyz,exact,failed,not_attempted,navigation_transient_browser_error,"BrowserContext.new_page: Target page, context or browser has been closed",,,,f1d655393c56576c0a34b6999e77a0b76c4e5a319a2d4efb2c660337d49af6ed,,,,,,Vodafone Idea (VI),myvi.in,0.0,Low,0.0,0.9143,0,False,False,0.0,-1,0.0,-1,0.0,-1,0.0,-1,False,False,False,False,False,,
run_20260409T090716Z,2026-04-09T09:08:22+00:00,PS-02_AIGR-S66270_NCIIPC_28_02_2026.xlsx,PS-02_AIGR-S66270_NCIIPC_28_02_2026.xlsx,https://homeownerstips.com,https://homeownerstips.com,,homeownerstips.com,homeownerstips.com,exact,failed,not_attempted,navigation_transient_browser_error,"BrowserContext.new_page: Target page, context or browser has been closed",,,,1c1f367d4941fe20b7a83389c9e897158d075a583bd2559298860bec4f35c8e6,,,,,,State Bank of India (SBI),homeloans.sbi,0.0,Low,0.0,0.8556,0,False,False,0.0,-1,0.0,-1,0.0,-1,0.0,-1,False,False,False,False,False,,
run_20260409T090716Z,2026-04-09T09:08:22+00:00,PS-02_AIGR-S66270_NCIIPC_28_02_2026.xlsx,PS-02_AIGR-S66270_NCIIPC_28_02_2026.xlsx,https://onlineus.art,https://onlineus.art,,onlineus.art,onlineus.art,exact,failed,not_attempted,navigation_transient_browser_error,"BrowserContext.new_page: Target page, context or browser has been closed",,,,dea0e49b860b09828487373769dea2b36899fced23fa6e9b8794b44458ac5150,,,,,,State Bank of India (SBI),corp.onlinesbi.sbi,0.0,Low,0.0,0.9306,0,False,False,0.0,-1,0.0,-1,0.0,-1,0.0,-1,False,False,False,False,False,,
run_20260409T090716Z,2026-04-09T09:08:22+00:00,PS-02_AIGR-S66270_NCIIPC_28_02_2026.xlsx,PS-02_AIGR-S66270_NCIIPC_28_02_2026.xlsx,https://onlinewale.com,https://onlinewale.com,,onlinewale.com,onlinewale.com,exact,failed,not_attempted,navigation_transient_browser_error,"BrowserContext.new_page: Target page, context or browser has been closed",,,,8010401a1ad7149ac5336bb50eedf74cf08c7c3c19927a744253ffe2461d6753,,,,,,State Bank of India (SBI),corp.onlinesbi.sbi,0.0,Low,0.0,0.8533,0,False,False,0.0,-1,0.0,-1,0.0,-1,0.0,-1,False,False,False,False,False,,
run_20260409T090716Z,2026-04-09T09:08:22+00:00,PS-02_AIGR-S66270_NCIIPC_28_02_2026.xlsx,PS-02_AIGR-S66270_NCIIPC_28_02_2026.xlsx,https://onlinecasinohunter.app,https://onlinecasinohunter.app,,onlinecasinohunter.app,onlinecasinohunter.app,exact,failed,not_attempted,navigation_transient_browser_error,"BrowserContext.new_page: Target page, context or browser has been closed",,,,e152d5fcf6013e763f95f977331fbf31489f08ae8961229b65ec72e4f26e89f6,,,,,,State Bank of India (SBI),corp.onlinesbi.sbi,0.0,Low,0.0,0.8667,0,False,False,0.0,-1,0.0,-1,0.0,-1,0.0,-1,False,False,False,False,False,,
run_20260409T090716Z,2026-04-09T09:08:22+00:00,PS-02_AIGR-S66270_NCIIPC_28_02_2026.xlsx,PS-02_AIGR-S66270_NCIIPC_28_02_2026.xlsx,https://online-garanti.click,https://online-garanti.click,,online-garanti.click,online-garanti.click,exact,failed,not_attempted,navigation_transient_browser_error,"BrowserContext.new_page: Target page, context or browser has been closed",,,,c4201e4af5c773776e222e902c8e173021e342bfddc7db896e77ee0d6080b1b4,,,,,,State Bank of India (SBI),corp.onlinesbi.sbi,0.0,Low,0.0,0.8556,0,False,False,0.0,-1,0.0,-1,0.0,-1,0.0,-1,False,False,False,False,False,,
run_20260409T090716Z,2026-04-09T09:08:22+00:00,PS-02_AIGR-S66270_NCIIPC_28_02_2026.xlsx,PS-02_AIGR-S66270_NCIIPC_28_02_2026.xlsx,https://onlinemusicblog.com,https://onlinemusicblog.com,,onlinemusicblog.com,onlinemusicblog.com,exact,failed,not_attempted,navigation_transient_browser_error,"BrowserContext.new_page: Target page, context or browser has been closed",,,,d77f7b339ce06761ea1cd541df92aa7d9cf41d4a6467c7dcbea9a7cf02a89067,,,,,,State Bank of India (SBI),corp.onlinesbi.sbi,0.0,Low,0.0,0.8978,0,False,False,0.0,-1,0.0,-1,0.0,-1,0.0,-1,False,False,False,False,False,,
run_20260409T090716Z,2026-04-09T09:08:22+00:00,PS-02_AIGR-S66270_NCIIPC_28_02_2026.xlsx,PS-02_AIGR-S66270_NCIIPC_28_02_2026.xlsx,https://onlineampi.xyz,https://onlineampi.xyz,,onlineampi.xyz,onlineampi.xyz,exact,failed,not_attempted,navigation_transient_browser_error,"BrowserContext.new_page: Target page, context or browser has been closed",,,,7b2d87bf6083f81f1dde51b4c50152da6714c683d1b9230c954d16d8e7522216,,,,,,State Bank of India (SBI),corp.onlinesbi.sbi,0.0,Low,0.0,0.8956,0,False,False,0.0,-1,0.0,-1,0.0,-1,0.0,-1,False,False,False,False,False,,
run_20260409T090716Z,2026-04-09T09:08:22+00:00,PS-02_AIGR-S66270_NCIIPC_28_02_2026.xlsx,PS-02_AIGR-S66270_NCIIPC_28_02_2026.xlsx,https://maonline1.xyz,https://maonline1.xyz,,maonline1.xyz,maonline1.xyz,exact,failed,not_attempted,navigation_transient_browser_error,"BrowserContext.new_page: Target page, context or browser has been closed",,,,c41b84db65ce5e26f552faa34bf11f9016762438635a507d5586895ad0b42994,,,,,,Computer Age Management Services Ltd. (CAMS),camsonline.com,0.0,Low,0.0,0.8546,0,False,False,0.0,-1,0.0,-1,0.0,-1,0.0,-1,False,False,False,False,False,,
run_20260409T090716Z,2026-04-09T09:08:22+00:00,PS-02_AIGR-S66270_NCIIPC_28_02_2026.xlsx,PS-02_AIGR-S66270_NCIIPC_28_02_2026.xlsx,https://homeshoplink.com,https://homeshoplink.com,,homeshoplink.com,homeshoplink.com,exact,failed,not_attempted,navigation_transient_browser_error,"BrowserContext.new_page: Target page, context or browser has been closed",,,,98cf3a9e5178b4e131c097cfc48169bf03712ccf30e06b903990c7c6daa37691,,,,,,State Bank of India (SBI),homeloans.sbi,0.0,Low,0.0,0.8861,0,False,False,0.0,-1,0.0,-1,0.0,-1,0.0,-1,False,False,False,False,False,,
run_20260409T090716Z,2026-04-09T09:08:22+00:00,PS-02_AIGR-S66270_NCIIPC_28_02_2026.xlsx,PS-02_AIGR-S66270_NCIIPC_28_02_2026.xlsx,https://cafesonline.info,https://cafesonline.info,,cafesonline.info,cafesonline.info,exact,failed,not_attempted,navigation_transient_browser_error,"BrowserContext.new_page: Target page, context or browser has been closed",,,,dcf8690445bee338de9e95fabcb496fe657cb60c0699ce37ba93af48f0741dd0,,,,,,Computer Age Management Services Ltd. (CAMS),camsonline.com,0.0,Low,0.0,0.9248,0,False,False,0.0,-1,0.0,-1,0.0,-1,0.0,-1,False,False,False,False,False,,
run_20260409T090716Z,2026-04-09T09:08:22+00:00,PS-02_AIGR-S66270_NCIIPC_28_02_2026.xlsx,PS-02_AIGR-S66270_NCIIPC_28_02_2026.xlsx,https://industrialcleaningdirect.info,https://industrialcleaningdirect.info,,industrialcleaningdirect.info,industrialcleaningdirect.info,exact,failed,not_attempted,navigation_transient_browser_error,"BrowserContext.new_page: Target page, context or browser has been closed",,,,179de6039422626649deb5ee2b240d5b8e36cd18016bd6a64d333ac808474b90,,,,,,Coal India,coalindiatenders.nic.in,0.0,Low,0.0,0.7208,0,False,False,0.0,-1,0.0,-1,0.0,-1,0.0,-1,False,False,False,False,False,,
run_20260409T090716Z,2026-04-09T09:08:22+00:00,PS-02_AIGR-S66270_NCIIPC_28_02_2026.xlsx,PS-02_AIGR-S66270_NCIIPC_28_02_2026.xlsx,https://homeclaw.dev,https://homeclaw.dev,,homeclaw.dev,homeclaw.dev,exact,failed,not_attempted,navigation_transient_browser_error,"BrowserContext.new_page: Target page, context or browser has been closed",,,,bc5e858779777e5a835d47920587c685ddc01b75d27f900ecb59c8a55a26d6af,,,,,,State Bank of India (SBI),homeloans.sbi,0.0,Low,0.0,0.8833,0,False,False,0.0,-1,0.0,-1,0.0,-1,0.0,-1,False,False,False,False,False,,
run_20260409T090716Z,2026-04-09T09:08:22+00:00,PS-02_AIGR-S66270_NCIIPC_28_02_2026.xlsx,PS-02_AIGR-S66270_NCIIPC_28_02_2026.xlsx,https://aiim-demo.com,https://aiim-demo.com,,aiim-demo.com,aiim-demo.com,exact,failed,not_attempted,navigation_transient_browser_error,"BrowserContext.new_page: Target page, context or browser has been closed",,,,6f59b2c0cf5e518108498348e0a87a45f4e07b63bb39f75e2a9e8acfad1b7091,,,,,,All India Institute of Medical Sciences (AIIMS),aiimsexams.ac.in,0.0,Low,0.0,0.8533,0,False,False,0.0,-1,0.0,-1,0.0,-1,0.0,-1,False,False,False,False,False,,
run_20260409T090716Z,2026-04-09T09:08:22+00:00,PS-02_AIGR-S66270_NCIIPC_28_02_2026.xlsx,PS-02_AIGR-S66270_NCIIPC_28_02_2026.xlsx,https://homenode.uk,https://homenode.uk,,homenode.uk,homenode.uk,exact,failed,not_attempted,navigation_transient_browser_error,"BrowserContext.new_page: Target page, context or browser has been closed",,,,d9bd53b182b55d4969f2e6e887b7a67f8b1c18a75eec1d265c0b64d3995b7b5a,,,,,,State Bank of India (SBI),homeloans.sbi,0.0,Low,0.0,0.85,0,False,False,0.0,-1,0.0,-1,0.0,-1,0.0,-1,False,False,False,False,False,,
run_20260409T090716Z,2026-04-09T09:08:22+00:00,PS-02_AIGR-S66270_NCIIPC_28_02_2026.xlsx,PS-02_AIGR-S66270_NCIIPC_28_02_2026.xlsx,https://onlirise.com,https://onlirise.com,,onlirise.com,onlirise.com,exact,failed,not_attempted,navigation_transient_browser_error,"BrowserContext.new_page: Target page, context or browser has been closed",,,,94d25ec08d9e17b5b14ff3bb6c5a06b1ff412d4f93752c6c767639475390f62a,,,,,,State Bank of India (SBI),corp.onlinesbi.sbi,0.0,Low,0.0,0.902,0,False,False,0.0,-1,0.0,-1,0.0,-1,0.0,-1,False,False,False,False,False,,
run_20260409T090716Z,2026-04-09T09:08:22+00:00,PS-02_AIGR-S66270_NCIIPC_28_02_2026.xlsx,PS-02_AIGR-S66270_NCIIPC_28_02_2026.xlsx,https://fintech.ac.id,https://fintech.ac.id,,fintech.ac.id,fintech.ac.id,exact,failed,not_attempted,navigation_transient_browser_error,"BrowserContext.new_page: Target page, context or browser has been closed",,,,9d1ed6893ce778a462282d22e8b600dc3c1d045c5601530b5ca877dba878fd90,,,,,,Kfintech,kfintech.com,0.0,Low,0.0,0.9583,0,False,False,0.0,-1,0.0,-1,0.0,-1,0.0,-1,False,False,False,False,False,,
run_20260409T090716Z,2026-04-09T09:08:22+00:00,PS-02_AIGR-S66270_NCIIPC_28_02_2026.xlsx,PS-02_AIGR-S66270_NCIIPC_28_02_2026.xlsx,https://piims.us,https://piims.us,,piims.us,piims.us,exact,failed,not_attempted,navigation_transient_browser_error,"BrowserContext.new_page: Target page, context or browser has been closed",,,,a4e8d47882d1c1f2ddb4bd44659e32839a2b381862123de21a666dfc46440085,,,,,,All India Institute of Medical Sciences (AIIMS),aiims.edu,0.0,Low,0.0,0.8667,0,False,False,0.0,-1,0.0,-1,0.0,-1,0.0,-1,False,False,False,False,False,,
run_20260409T090716Z,2026-04-09T09:08:22+00:00,PS-02_AIGR-S66270_NCIIPC_28_02_2026.xlsx,PS-02_AIGR-S66270_NCIIPC_28_02_2026.xlsx,https://canaldiez.com,https://canaldiez.com,,canaldiez.com,canaldiez.com,exact,failed,not_attempted,navigation_transient_browser_error,"BrowserContext.new_page: Target page, context or browser has been closed",,,,49c1bbbf931477f6bf93486eda1c51b0b16c0d36885a20ab310e89a025e6266f,,,,,,Canara Bank,canarahsbclife.com,0.0,Low,0.0,0.8556,0,False,False,0.0,-1,0.0,-1,0.0,-1,0.0,-1,False,False,False,False,False,,
run_20260409T090716Z,2026-04-09T09:08:22+00:00,PS-02_AIGR-S66270_NCIIPC_28_02_2026.xlsx,PS-02_AIGR-S66270_NCIIPC_28_02_2026.xlsx,https://onlinestager.com,https://onlinestager.com,,onlinestager.com,onlinestager.com,exact,failed,not_attempted,navigation_transient_browser_error,"BrowserContext.new_page: Target page, context or browser has been closed",,,,7e4e6bf2259a42a1d7f274df00cd7405791875d5293052a4569bf68c3eea6db4,,,,,,State Bank of India (SBI),corp.onlinesbi.sbi,0.0,Low,0.0,0.8722,0,False,False,0.0,-1,0.0,-1,0.0,-1,0.0,-1,False,False,False,False,False,,
run_20260409T090716Z,2026-04-09T09:08:22+00:00,PS-02_AIGR-S66270_NCIIPC_28_02_2026.xlsx,PS-02_AIGR-S66270_NCIIPC_28_02_2026.xlsx,https://catxonline.com,https://catxonline.com,,catxonline.com,catxonline.com,exact,failed,not_attempted,navigation_transient_browser_error,"BrowserContext.new_page: Target page, context or browser has been closed",,,,5a6c233b25979a337641ff38e49f12904b832843eb5e68950dc97750c17f3f7a,,,,,,Computer Age Management Services Ltd. (CAMS),camsonline.com,0.0,Low,0.0,0.8933,0,False,False,0.0,-1,0.0,-1,0.0,-1,0.0,-1,False,False,False,False,False,,
run_20260409T090716Z,2026-04-09T09:08:22+00:00,PS-02_AIGR-S66270_NCIIPC_28_02_2026.xlsx,PS-02_AIGR-S66270_NCIIPC_28_02_2026.xlsx,https://axiservicecard.com,https://axiservicecard.com,,axiservicecard.com,axiservicecard.com,exact,failed,not_attempted,navigation_transient_browser_error,"BrowserContext.new_page: Target page, context or browser has been closed",,,,c2f721f1e3584338485c47279436854199b4625273a15fd702137b8bd2ed0607,,,,,,All India Institute of Medical Sciences (AIIMS),aiimsexams.ac.in,0.0,Low,0.0,0.6857,0,False,False,0.0,-1,0.0,-1,0.0,-1,0.0,-1,False,False,False,False,False,,
run_20260409T090716Z,2026-04-09T09:08:22+00:00,PS-02_AIGR-S66270_NCIIPC_28_02_2026.xlsx,PS-02_AIGR-S66270_NCIIPC_28_02_2026.xlsx,https://ecitah.com,https://ecitah.com,,ecitah.com,ecitah.com,exact,failed,not_attempted,navigation_transient_browser_error,"BrowserContext.new_page: Target page, context or browser has been closed",,,,afeaa3f67a6d6d7dd83f4c6a84004e3afcb05ff0ee7892e92685216ccc6a4d98,,,,,,Election Commision of India (ECI),eci.gov.in,0.0,Low,0.0,0.8833,0,False,False,0.0,-1,0.0,-1,0.0,-1,0.0,-1,False,False,False,False,False,,
run_20260409T090716Z,2026-04-09T09:08:22+00:00,PS-02_AIGR-S66270_NCIIPC_28_02_2026.xlsx,PS-02_AIGR-S66270_NCIIPC_28_02_2026.xlsx,https://jwaion.info,https://jwaion.info,,jwaion.info,jwaion.info,exact,failed,not_attempted,navigation_transient_browser_error,"BrowserContext.new_page: Target page, context or browser has been closed",,,,3227171344d708e75adf660ba961649a943831b08667049e4167b66e099feb81,,,,,,Jio,jio.com,0.0,Low,0.0,0.85,0,False,False,0.0,-1,0.0,-1,0.0,-1,0.0,-1,False,False,False,False,False,,
run_20260409T090716Z,2026-04-09T09:08:22+00:00,PS-02_AIGR-S66270_NCIIPC_28_02_2026.xlsx,PS-02_AIGR-S66270_NCIIPC_28_02_2026.xlsx,https://online-spirits-medium.com,https://online-spirits-medium.com,,online-spirits-medium.com,online-spirits-medium.com,exact,failed,not_attempted,navigation_transient_browser_error,"BrowserContext.new_page: Target page, context or browser has been closed",,,,812021f7f2d51d377faa5a219ed530c281f0259cb9e3819b0b3cc84e3c0268ed,,,,,,State Bank of India (SBI),corp.onlinesbi.sbi,0.0,Low,0.0,0.854,0,False,False,0.0,-1,0.0,-1,0.0,-1,0.0,-1,False,False,False,False,False,,
run_20260409T090716Z,2026-04-09T09:08:22+00:00,PS-02_AIGR-S66270_NCIIPC_28_02_2026.xlsx,PS-02_AIGR-S66270_NCIIPC_28_02_2026.xlsx,https://maonline2.xyz,https://maonline2.xyz,,maonline2.xyz,maonline2.xyz,exact,failed,not_attempted,navigation_transient_browser_error,"BrowserContext.new_page: Target page, context or browser has been closed",,,,5d9ff6088995219620a9f2faaa5213c613a170495a65504b8dba22bd93c732c8,,,,,,Computer Age Management Services Ltd. (CAMS),camsonline.com,0.0,Low,0.0,0.8546,0,False,False,0.0,-1,0.0,-1,0.0,-1,0.0,-1,False,False,False,False,False,,
run_20260409T090716Z,2026-04-09T09:08:22+00:00,PS-02_AIGR-S66270_NCIIPC_28_02_2026.xlsx,PS-02_AIGR-S66270_NCIIPC_28_02_2026.xlsx,https://onlineoz.com,https://onlineoz.com,,onlineoz.com,onlineoz.com,exact,failed,not_attempted,navigation_transient_browser_error,"BrowserContext.new_page: Target page, context or browser has been closed",,,,6e209dd5daeb1f3e804eba2dbd687e7429ff4c905d500394138af1d4a5acdb84,,,,,,State Bank of India (SBI),corp.onlinesbi.sbi,0.0,Low,0.0,0.8833,0,False,False,0.0,-1,0.0,-1,0.0,-1,0.0,-1,False,False,False,False,False,,
run_20260409T090716Z,2026-04-09T09:08:22+00:00,PS-02_AIGR-S66270_NCIIPC_28_02_2026.xlsx,PS-02_AIGR-S66270_NCIIPC_28_02_2026.xlsx,https://panbe.cyou,https://panbe.cyou,,panbe.cyou,panbe.cyou,exact,failed,not_attempted,navigation_transient_browser_error,"BrowserContext.new_page: Target page, context or browser has been closed",,,,2d51591c3fc5580778f00528ded56d3146b1d8dc63f6fb9dcae8aa12a1cc436d,,,,,,Canara Bank,canararobeco.com,0.0,Low,0.0,0.7111,0,False,False,0.0,-1,0.0,-1,0.0,-1,0.0,-1,False,False,False,False,False,,
run_20260409T090716Z,2026-04-09T09:08:22+00:00,PS-02_AIGR-S66270_NCIIPC_28_02_2026.xlsx,PS-02_AIGR-S66270_NCIIPC_28_02_2026.xlsx,https://ecosiv.com,https://ecosiv.com,,ecosiv.com,ecosiv.com,exact,failed,not_attempted,navigation_transient_browser_error,"BrowserContext.new_page: Target page, context or browser has been closed",,,,c59a3135b2f8fb3a6761550d493e1da8b58d257cd125d4602751bbb54fd3b96b,,,,,,Election Commision of India (ECI),eci.gov.in,0.0,Low,0.0,0.8667,0,False,False,0.0,-1,0.0,-1,0.0,-1,0.0,-1,False,False,False,False,False,,
run_20260409T090716Z,2026-04-09T09:08:22+00:00,PS-02_AIGR-S66270_NCIIPC_28_02_2026.xlsx,PS-02_AIGR-S66270_NCIIPC_28_02_2026.xlsx,https://homepersonalspace.ru,https://homepersonalspace.ru,,homepersonalspace.ru,homepersonalspace.ru,exact,failed,not_attempted,navigation_transient_browser_error,"BrowserContext.new_page: Target page, context or browser has been closed",,,,58d5dcd4f741a1983675082e8308c55be0127ef316c4f4aa507294116c13d3fe,,,,,,State Bank of India (SBI),homeloans.sbi,0.0,Low,0.0,0.8614,0,False,False,0.0,-1,0.0,-1,0.0,-1,0.0,-1,False,False,False,False,False,,
run_20260409T090716Z,2026-04-09T09:08:22+00:00,PS-02_AIGR-S66270_NCIIPC_28_02_2026.xlsx,PS-02_AIGR-S66270_NCIIPC_28_02_2026.xlsx,https://cloudl.help,https://cloudl.help,,cloudl.help,cloudl.help,exact,failed,not_attempted,navigation_transient_browser_error,"BrowserContext.new_page: Target page, context or browser has been closed",,,,04c19180792d84b4e76c1526b069698b48079bd54c7842731b1ee8d8ae71af36,,,,,,National Informatics Centre (NIC),cloud.gov.in,0.0,Low,0.0,0.9667,0,False,False,0.0,-1,0.0,-1,0.0,-1,0.0,-1,False,False,False,False,False,,
run_20260409T090716Z,2026-04-09T09:08:22+00:00,PS-02_AIGR-S66270_NCIIPC_28_02_2026.xlsx,PS-02_AIGR-S66270_NCIIPC_28_02_2026.xlsx,https://canastranews.com,https://canastranews.com,,canastranews.com,canastranews.com,exact,failed,not_attempted,navigation_transient_browser_error,"BrowserContext.new_page: Target page, context or browser has been closed",,,,c7565f78f044634a1de744ea3f01b46ce08425ee141d87634efd40fbf0b88a56,,,,,,Canara Bank,canararobeco.com,0.0,Low,0.0,0.8333,0,False,False,0.0,-1,0.0,-1,0.0,-1,0.0,-1,False,False,False,False,False,,
run_20260409T090716Z,2026-04-09T09:08:22+00:00,PS-02_AIGR-S66270_NCIIPC_28_02_2026.xlsx,PS-02_AIGR-S66270_NCIIPC_28_02_2026.xlsx,https://aiseras.com,https://aiseras.com,,aiseras.com,aiseras.com,exact,failed,not_attempted,navigation_transient_browser_error,"BrowserContext.new_page: Target page, context or browser has been closed",,,,3ae6ac05b472f46ff04177ec5abb6ca89cc6916ce6a789d0534beb15f0b470b0,,,,,,All India Institute of Medical Sciences (AIIMS),aiimsexams.ac.in,0.0,Low,0.0,0.8552,0,False,False,0.0,-1,0.0,-1,0.0,-1,0.0,-1,False,False,False,False,False,,
run_20260409T090716Z,2026-04-09T09:08:22+00:00,PS-02_AIGR-S66270_NCIIPC_28_02_2026.xlsx,PS-02_AIGR-S66270_NCIIPC_28_02_2026.xlsx,https://rmbiru.com,https://rmbiru.com,,rmbiru.com,rmbiru.com,exact,failed,not_attempted,navigation_transient_browser_error,"BrowserContext.new_page: Target page, context or browser has been closed",,,,62a4a05cdfee8d879ca5ab46efc99323c5679baff8eab485cdfeeb3f6fb8ef02,,,,,,Reserve Bank of India (RBI),rbi.org.in,0.0,Low,0.0,0.85,0,False,False,0.0,-1,0.0,-1,0.0,-1,0.0,-1,False,False,False,False,False,,
run_20260409T090716Z,2026-04-09T09:08:22+00:00,PS-02_AIGR-S66270_NCIIPC_28_02_2026.xlsx,PS-02_AIGR-S66270_NCIIPC_28_02_2026.xlsx,https://onlinenodes.xyz,https://onlinenodes.xyz,,onlinenodes.xyz,onlinenodes.xyz,exact,failed,not_attempted,navigation_transient_browser_error,"BrowserContext.new_page: Target page, context or browser has been closed",,,,f8e55670b5c7dc9253851b9b7dca6d3da0ad9481ef8cc27117859c6b94041a4a,,,,,,State Bank of India (SBI),corp.onlinesbi.sbi,0.0,Low,0.0,0.8828,0,False,False,0.0,-1,0.0,-1,0.0,-1,0.0,-1,False,False,False,False,False,,
run_20260409T090716Z,2026-04-09T09:08:22+00:00,PS-02_AIGR-S66270_NCIIPC_28_02_2026.xlsx,PS-02_AIGR-S66270_NCIIPC_28_02_2026.xlsx,https://homelogix.ai,https://homelogix.ai,,homelogix.ai,homelogix.ai,exact,failed,not_attempted,navigation_transient_browser_error,"BrowserContext.new_page: Target page, context or browser has been closed",,,,c5302ab8c3b0b44efef385c5b83cf759dd8fb598940e708ce1bebbf45f3f5e6c,,,,,,State Bank of India (SBI),homeloans.sbi,0.0,Low,0.0,0.8667,0,False,False,0.0,-1,0.0,-1,0.0,-1,0.0,-1,False,False,False,False,False,,
run_20260409T090716Z,2026-04-09T09:08:22+00:00,PS-02_AIGR-S66270_NCIIPC_28_02_2026.xlsx,PS-02_AIGR-S66270_NCIIPC_28_02_2026.xlsx,https://onlinepredict.xyz,https://onlinepredict.xyz,,onlinepredict.xyz,onlinepredict.xyz,exact,failed,not_attempted,navigation_transient_browser_error,"BrowserContext.new_page: Target page, context or browser has been closed",,,,6bedbfcdedd2ad057113cb4d6a97c9584cf3b49b3bdcba9d45a139282ec928ef,,,,,,State Bank of India (SBI),corp.onlinesbi.sbi,0.0,Low,0.0,0.8632,0,False,False,0.0,-1,0.0,-1,0.0,-1,0.0,-1,False,False,False,False,False,,
run_20260409T090716Z,2026-04-09T09:08:22+00:00,PS-02_AIGR-S66270_NCIIPC_28_02_2026.xlsx,PS-02_AIGR-S66270_NCIIPC_28_02_2026.xlsx,https://bankofcostarica.com,https://bankofcostarica.com,,bankofcostarica.com,bankofcostarica.com,exact,failed,not_attempted,navigation_transient_browser_error,"BrowserContext.new_page: Target page, context or browser has been closed",,,,7295e7d9cf0dc7db826650caeeeed0eeee4dbd4a126c46c006a2aa9adeaa5f38,,,,,,Bank of Baroda,onlinecasa.bankofbaroda.com,0.0,Low,0.0,0.88,0,False,False,0.0,-1,0.0,-1,0.0,-1,0.0,-1,False,False,False,False,False,,
run_20260409T090716Z,2026-04-09T09:08:22+00:00,PS-02_AIGR-S66270_NCIIPC_28_02_2026.xlsx,PS-02_AIGR-S66270_NCIIPC_28_02_2026.xlsx,https://sbnitm.com,https://sbnitm.com,,sbnitm.com,sbnitm.com,exact,failed,not_attempted,navigation_transient_browser_error,"BrowserContext.new_page: Target page, context or browser has been closed",,,,1b0816983fe756142eb0ff2122a8d8560d82483304a1c7e4aa3380d351d3e210,,,,,,State Bank of India (SBI),sbi.co.in,0.0,Low,0.0,0.8667,0,False,False,0.0,-1,0.0,-1,0.0,-1,0.0,-1,False,False,False,False,False,,
run_20260409T090716Z,2026-04-09T09:08:22+00:00,PS-02_AIGR-S66270_NCIIPC_28_02_2026.xlsx,PS-02_AIGR-S66270_NCIIPC_28_02_2026.xlsx,https://onlinecasinomagic.net,https://onlinecasinomagic.net,,onlinecasinomagic.net,onlinecasinomagic.net,exact,failed,not_attempted,navigation_transient_browser_error,"BrowserContext.new_page: Target page, context or browser has been closed",,,,5ded0c75e8c7f1fabe21707f4db025a7b68af419d7f7fefdda2d2ee59d00c1d0,,,,,,State Bank of India (SBI),corp.onlinesbi.sbi,0.0,Low,0.0,0.8719,0,False,False,0.0,-1,0.0,-1,0.0,-1,0.0,-1,False,False,False,False,False,,
run_20260409T090716Z,2026-04-09T09:08:22+00:00,PS-02_AIGR-S66270_NCIIPC_28_02_2026.xlsx,PS-02_AIGR-S66270_NCIIPC_28_02_2026.xlsx,https://nmphan.com,https://nmphan.com,,nmphan.com,nmphan.com,exact,failed,not_attempted,navigation_transient_browser_error,"BrowserContext.new_page: Target page, context or browser has been closed",,,,7b77f2e24ff3b39e6c438a5ff4064b02cbafad235e5c0f1568a7b6943246780e,,,,,,National Health Authority (NHA),nha.gov.in,0.0,Low,0.0,0.85,0,False,False,0.0,-1,0.0,-1,0.0,-1,0.0,-1,False,False,False,False,False,,
run_20260409T090716Z,2026-04-09T09:08:22+00:00,PS-02_AIGR-S66270_NCIIPC_28_02_2026.xlsx,PS-02_AIGR-S66270_NCIIPC_28_02_2026.xlsx,https://camsilk.com,https://camsilk.com,,camsilk.com,camsilk.com,exact,failed,not_attempted,navigation_transient_browser_error,"BrowserContext.new_page: Target page, context or browser has been closed",,,,6cca034a0b713f7fc0e200ef630ebcfb7753fa1019748cd0f7eff09659ffeb33,,,,,,Computer Age Management Services Ltd. (CAMS),camsonline.com,0.0,Low,0.0,0.8581,0,False,False,0.0,-1,0.0,-1,0.0,-1,0.0,-1,False,False,False,False,False,,
run_20260409T090716Z,2026-04-09T09:08:22+00:00,PS-02_AIGR-S66270_NCIIPC_28_02_2026.xlsx,PS-02_AIGR-S66270_NCIIPC_28_02_2026.xlsx,https://ecigtec.com,https://ecigtec.com,,ecigtec.com,ecigtec.com,exact,failed,not_attempted,navigation_transient_browser_error,"BrowserContext.new_page: Target page, context or browser has been closed",,,,eb016315786b35909875d9d058dcd35b49e3cc63d1c540ace312c328ffbb5b54,,,,,,Election Commision of India (ECI),eci.gov.in,0.0,Low,0.0,0.8667,0,False,False,0.0,-1,0.0,-1,0.0,-1,0.0,-1,False,False,False,False,False,,
run_20260409T090716Z,2026-04-09T09:08:22+00:00,PS-02_AIGR-S66270_NCIIPC_28_02_2026.xlsx,PS-02_AIGR-S66270_NCIIPC_28_02_2026.xlsx,https://homesbyjolondarealestate.com,https://homesbyjolondarealestate.com,,homesbyjolondarealestate.com,homesbyjolondarealestate.com,exact,failed,not_attempted,navigation_transient_browser_error,"BrowserContext.new_page: Target page, context or browser has been closed",,,,fde67a4759905029de164dee08743abcb402e29e41c05bf40d989455c1e53af5,,,,,,State Bank of India (SBI),homeloans.sbi,0.0,Low,0.0,0.8528,0,False,False,0.0,-1,0.0,-1,0.0,-1,0.0,-1,False,False,False,False,False,,
run_20260409T090716Z,2026-04-09T09:08:22+00:00,PS-02_AIGR-S66270_NCIIPC_28_02_2026.xlsx,PS-02_AIGR-S66270_NCIIPC_28_02_2026.xlsx,https://axiomsway.com,https://axiomsway.com,,axiomsway.com,axiomsway.com,exact,failed,not_attempted,navigation_transient_browser_error,"BrowserContext.new_page: Target page, context or browser has been closed",,,,b880ef154901498d47a052de483e674c1b30f374473fe16ce9dd7083293319e7,,,,,,Axis Bank,axismf.com,0.0,Low,0.0,0.8107,0,False,False,0.0,-1,0.0,-1,0.0,-1,0.0,-1,False,False,False,False,False,,
run_20260409T090716Z,2026-04-09T09:08:22+00:00,PS-02_AIGR-S66270_NCIIPC_28_02_2026.xlsx,PS-02_AIGR-S66270_NCIIPC_28_02_2026.xlsx,https://arbit.net.pl,https://arbit.net.pl,,arbit.net.pl,arbit.net.pl,exact,failed,not_attempted,navigation_transient_browser_error,"BrowserContext.new_page: Target page, context or browser has been closed",,,,9a0850f39e5a1974726bc9fd9bc2fa55b2e8a134b099c89a26974a08d60c3a6f,,,,,,Reserve Bank of India (RBI),rbi.org.in,0.0,Low,0.0,0.8667,0,False,False,0.0,-1,0.0,-1,0.0,-1,0.0,-1,False,False,False,False,False,,
run_20260409T090716Z,2026-04-09T09:08:22+00:00,PS-02_AIGR-S66270_NCIIPC_28_02_2026.xlsx,PS-02_AIGR-S66270_NCIIPC_28_02_2026.xlsx,https://serenity.net.ru,https://serenity.net.ru,,serenity.net.ru,serenity.net.ru,exact,failed,not_attempted,navigation_transient_browser_error,"BrowserContext.new_page: Target page, context or browser has been closed",,,,a4aa61a55f30304e81d13c769df036a8b2e76af0fb599fbbba9a70c10f301531,,,,,,Punjab National Bank (PNB),netpnb.com,0.0,Low,0.0,0.8833,0,False,False,0.0,-1,0.0,-1,0.0,-1,0.0,-1,False,False,False,False,False,,
run_20260409T090716Z,2026-04-09T09:08:22+00:00,PS-02_AIGR-S66270_NCIIPC_28_02_2026.xlsx,PS-02_AIGR-S66270_NCIIPC_28_02_2026.xlsx,https://indusafricaconnect.com,https://indusafricaconnect.com,,indusafricaconnect.com,indusafricaconnect.com,exact,failed,not_attempted,navigation_transient_browser_error,"BrowserContext.new_page: Target page, context or browser has been closed",,,,1acdc73ccde56f48fd5de00d370949b331ed1a8d9c2bd45db9ac986867fdc777,,,,,,Indian Space Research Organisation (ISRO),indiascienceandtechnology.gov.in,0.0,Low,0.0,0.8056,0,False,False,0.0,-1,0.0,-1,0.0,-1,0.0,-1,False,False,False,False,False,,
run_20260409T090716Z,2026-04-09T09:08:22+00:00,PS-02_AIGR-S66270_NCIIPC_28_02_2026.xlsx,PS-02_AIGR-S66270_NCIIPC_28_02_2026.xlsx,https://onlytrainers.com,https://onlytrainers.com,,onlytrainers.com,onlytrainers.com,exact,failed,not_attempted,navigation_transient_browser_error,"BrowserContext.new_page: Target page, context or browser has been closed",,,,4fbebfa21ca5485e4d2e57e85856142857d3cd80b2e551437629ac6a272ba098,,,,,,State Bank of India (SBI),corp.onlinesbi.sbi,0.0,Low,0.0,0.8509,0,False,False,0.0,-1,0.0,-1,0.0,-1,0.0,-1,False,False,False,False,False,,
run_20260409T090716Z,2026-04-09T09:08:22+00:00,PS-02_AIGR-S66270_NCIIPC_28_02_2026.xlsx,PS-02_AIGR-S66270_NCIIPC_28_02_2026.xlsx,https://onlinegrowthbridge.info,https://onlinegrowthbridge.info,,onlinegrowthbridge.info,onlinegrowthbridge.info,exact,failed,not_attempted,navigation_transient_browser_error,"BrowserContext.new_page: Target page, context or browser has been closed",,,,28cca863b4313a348a09ef6cbd818365594e2b840792f48e020393e56663622a,,,,,,State Bank of India (SBI),corp.onlinesbi.sbi,0.0,Low,0.0,0.8667,0,False,False,0.0,-1,0.0,-1,0.0,-1,0.0,-1,False,False,False,False,False,,
run_20260409T090716Z,2026-04-09T09:08:22+00:00,PS-02_AIGR-S66270_NCIIPC_28_02_2026.xlsx,PS-02_AIGR-S66270_NCIIPC_28_02_2026.xlsx,https://homeloansbytyler.com,https://homeloansbytyler.com,,homeloansbytyler.com,homeloansbytyler.com,exact,failed,not_attempted,navigation_transient_browser_error,"BrowserContext.new_page: Target page, context or browser has been closed",,,,8ec52b380041a55cee6ed3b2576ce2ca13c69845102f0ca922435f4eca16b50a,,,,,,State Bank of India (SBI),homeloans.sbi,0.0,Low,0.0,0.9125,0,False,False,0.0,-1,0.0,-1,0.0,-1,0.0,-1,False,False,False,False,False,,
run_20260409T090716Z,2026-04-09T09:08:22+00:00,PS-02_AIGR-S66270_NCIIPC_28_02_2026.xlsx,PS-02_AIGR-S66270_NCIIPC_28_02_2026.xlsx,https://sxbig.com,https://sxbig.com,,sxbig.com,sxbig.com,exact,failed,not_attempted,navigation_transient_browser_error,"BrowserContext.new_page: Target page, context or browser has been closed",,,,d983e4a05bf87e9d29df340cf49e6098c93ee9d0687af1f4afb913ca06c5331a,,,,,,State Bank of India (SBI),sbi.co.in,0.0,Low,0.0,0.88,0,False,False,0.0,-1,0.0,-1,0.0,-1,0.0,-1,False,False,False,False,False,,
run_20260409T090716Z,2026-04-09T09:08:22+00:00,PS-02_AIGR-S66270_NCIIPC_28_02_2026.xlsx,PS-02_AIGR-S66270_NCIIPC_28_02_2026.xlsx,https://airtm.dating,https://airtm.dating,,airtm.dating,airtm.dating,exact,failed,not_attempted,navigation_transient_browser_error,"BrowserContext.new_page: Target page, context or browser has been closed",,,,f486c53048801725968ab6377f271ceff8a08443291d30f41d94b7aeb58c4889,,,,,,Airtel,airtel.in,0.0,Low,0.0,0.8933,0,False,False,0.0,-1,0.0,-1,0.0,-1,0.0,-1,False,False,False,False,False,,
run_20260409T090716Z,2026-04-09T09:08:22+00:00,PS-02_AIGR-S66270_NCIIPC_28_02_2026.xlsx,PS-02_AIGR-S66270_NCIIPC_28_02_2026.xlsx,https://homeclaw.online,https://homeclaw.online,,homeclaw.online,homeclaw.online,exact,failed,not_attempted,navigation_transient_browser_error,"BrowserContext.new_page: Target page, context or browser has been closed",,,,611119a4f136a001a33f88f6547d44cac770cbf748f233b0a03b16b7bfa36ee2,,,,,,State Bank of India (SBI),homeloans.sbi,0.0,Low,0.0,0.8833,0,False,False,0.0,-1,0.0,-1,0.0,-1,0.0,-1,False,False,False,False,False,,
run_20260409T090716Z,2026-04-09T09:08:22+00:00,PS-02_AIGR-S66270_NCIIPC_28_02_2026.xlsx,PS-02_AIGR-S66270_NCIIPC_28_02_2026.xlsx,https://homeplatesla.com,https://homeplatesla.com,,homeplatesla.com,homeplatesla.com,exact,failed,not_attempted,navigation_transient_browser_error,"BrowserContext.new_page: Target page, context or browser has been closed",,,,525905e4bb5b930f34f092341b3d798f306d3453432f598170bee0c184d945e9,,,,,,State Bank of India (SBI),homeloans.sbi,0.0,Low,0.0,0.8722,0,False,False,0.0,-1,0.0,-1,0.0,-1,0.0,-1,False,False,False,False,False,,
run_20260409T090716Z,2026-04-09T09:08:22+00:00,PS-02_AIGR-S66270_NCIIPC_28_02_2026.xlsx,PS-02_AIGR-S66270_NCIIPC_28_02_2026.xlsx,https://parivartan.fit,https://parivartan.fit,,parivartan.fit,parivartan.fit,exact,failed,not_attempted,navigation_transient_browser_error,"BrowserContext.new_page: Target page, context or browser has been closed",,,,b6ffb94790ab05a6edeb5d265f587c5b1ed86d2917427f6766516b82fc9da697,,,,,,parivahan sewa,parivahan.gov.in,0.0,Low,0.0,0.9378,0,False,False,0.0,-1,0.0,-1,0.0,-1,0.0,-1,False,False,False,False,False,,
run_20260409T090716Z,2026-04-09T09:08:22+00:00,PS-02_AIGR-S66270_NCIIPC_28_02_2026.xlsx,PS-02_AIGR-S66270_NCIIPC_28_02_2026.xlsx,https://myvirtualbuddy.chat,https://myvirtualbuddy.chat,,myvirtualbuddy.chat,myvirtualbuddy.chat,exact,failed,not_attempted,navigation_transient_browser_error,"BrowserContext.new_page: Target page, context or browser has been closed",,,,9ad5c094396b86e1f104c8a5d5362912e9f613ed246e11033d5c55d906d47bff,,,,,,Vodafone Idea (VI),myvi.in,0.0,Low,0.0,0.8571,0,False,False,0.0,-1,0.0,-1,0.0,-1,0.0,-1,False,False,False,False,False,,
run_20260409T090716Z,2026-04-09T09:08:22+00:00,PS-02_AIGR-S66270_NCIIPC_28_02_2026.xlsx,PS-02_AIGR-S66270_NCIIPC_28_02_2026.xlsx,https://jwaion.com,https://jwaion.com,,jwaion.com,jwaion.com,exact,failed,not_attempted,navigation_transient_browser_error,"BrowserContext.new_page: Target page, context or browser has been closed",,,,39302f9e32d974bfb89bd19b7b1e475984138e8ce1fa86378b49f2bf6c917842,,,,,,Jio,jio.com,0.0,Low,0.0,0.85,0,False,False,0.0,-1,0.0,-1,0.0,-1,0.0,-1,False,False,False,False,False,,
run_20260409T090716Z,2026-04-09T09:08:22+00:00,PS-02_AIGR-S66270_NCIIPC_28_02_2026.xlsx,PS-02_AIGR-S66270_NCIIPC_28_02_2026.xlsx,https://myvistarahr.com,https://myvistarahr.com,,myvistarahr.com,myvistarahr.com,exact,failed,not_attempted,navigation_transient_browser_error,"BrowserContext.new_page: Target page, context or browser has been closed",,,,3d29a9606d21b5402d0f0bec1cbd0b606b12e6d431bad36d31418c5caf4c2b67,,,,,,Vodafone Idea (VI),myvi.in,0.0,Low,0.0,0.8727,0,False,False,0.0,-1,0.0,-1,0.0,-1,0.0,-1,False,False,False,False,False,,
run_20260409T090716Z,2026-04-09T09:08:22+00:00,PS-02_AIGR-S66270_NCIIPC_28_02_2026.xlsx,PS-02_AIGR-S66270_NCIIPC_28_02_2026.xlsx,https://fulida-ic.com,https://fulida-ic.com,,fulida-ic.com,fulida-ic.com,exact,failed,not_attempted,navigation_transient_browser_error,"BrowserContext.new_page: Target page, context or browser has been closed",,,,4a31fdf68e99632475931d3bbacfe6747ed60f22865e3e6c04388789433ec05a,,,,,,"Unique Identification Authority of India (UIDAI)
",uidai.gov.in,0.0,Low,0.0,0.8519,0,False,False,0.0,-1,0.0,-1,0.0,-1,0.0,-1,False,False,False,False,False,,
run_20260409T090716Z,2026-04-09T09:08:22+00:00,PS-02_AIGR-S66270_NCIIPC_28_02_2026.xlsx,PS-02_AIGR-S66270_NCIIPC_28_02_2026.xlsx,https://fntec.com,https://fntec.com,,fntec.com,fntec.com,exact,failed,not_attempted,navigation_transient_browser_error,"BrowserContext.new_page: Target page, context or browser has been closed",,,,eb399082c83503a777ea63567df9f3a8eb1373896e6a56642f30ae1cf45bf357,,,,,,Kfintech,kfintech.com,0.0,Low,0.0,0.875,0,False,False,0.0,-1,0.0,-1,0.0,-1,0.0,-1,False,False,False,False,False,,
run_20260409T090716Z,2026-04-09T09:08:22+00:00,PS-02_AIGR-S66270_NCIIPC_28_02_2026.xlsx,PS-02_AIGR-S66270_NCIIPC_28_02_2026.xlsx,https://bankfraudbyron.com,https://bankfraudbyron.com,,bankfraudbyron.com,bankfraudbyron.com,exact,failed,not_attempted,navigation_transient_browser_error,"BrowserContext.new_page: Target page, context or browser has been closed",,,,9a9808133ed431e55d730120511cdff1c3c1f3d18ea589a3d0e166789972768e,,,,,,Bank of Baroda,onlinecasa.bankofbaroda.com,0.0,Low,0.0,0.8695,0,False,False,0.0,-1,0.0,-1,0.0,-1,0.0,-1,False,False,False,False,False,,
run_20260409T090716Z,2026-04-09T09:08:22+00:00,PS-02_AIGR-S66270_NCIIPC_28_02_2026.xlsx,PS-02_AIGR-S66270_NCIIPC_28_02_2026.xlsx,https://nhanthuc.com,https://nhanthuc.com,,nhanthuc.com,nhanthuc.com,exact,failed,not_attempted,navigation_transient_browser_error,"BrowserContext.new_page: Target page, context or browser has been closed",,,,15ad37494f15ecbcdda24ac0136d6ad01837881617910d63ca9ccfda30ef1932,,,,,,National Health Authority (NHA),nha.gov.in,0.0,Low,0.0,0.8542,0,False,False,0.0,-1,0.0,-1,0.0,-1,0.0,-1,False,False,False,False,False,,
run_20260409T090716Z,2026-04-09T09:08:22+00:00,PS-02_AIGR-S66270_NCIIPC_28_02_2026.xlsx,PS-02_AIGR-S66270_NCIIPC_28_02_2026.xlsx,https://inkedesignd.com,https://inkedesignd.com,,inkedesignd.com,inkedesignd.com,exact,failed,not_attempted,navigation_transient_browser_error,"BrowserContext.new_page: Target page, context or browser has been closed",,,,5f76d460e2349be2b2c75d31dc52d3856226c4cd301d5c5698a0de1a8acfc1b6,,,,,,Income Tax Department,incometaxindia.gov.in,0.0,Low,0.0,0.658,0,False,False,0.0,-1,0.0,-1,0.0,-1,0.0,-1,False,False,False,False,False,,
run_20260409T090716Z,2026-04-09T09:08:22+00:00,PS-02_AIGR-S66270_NCIIPC_28_02_2026.xlsx,PS-02_AIGR-S66270_NCIIPC_28_02_2026.xlsx,https://parashiva.com,https://parashiva.com,,parashiva.com,parashiva.com,exact,failed,not_attempted,navigation_transient_browser_error,"BrowserContext.new_page: Target page, context or browser has been closed",,,,6822f4ec2f2405dd0afb7372c768858f5fb595179f7a6f0d81c8d4f59895a795,,,,,,parivahan sewa,parivahan.gov.in,0.0,Low,0.0,0.8898,0,False,False,0.0,-1,0.0,-1,0.0,-1,0.0,-1,False,False,False,False,False,,
run_20260409T090716Z,2026-04-09T09:08:22+00:00,PS-02_AIGR-S66270_NCIIPC_28_02_2026.xlsx,PS-02_AIGR-S66270_NCIIPC_28_02_2026.xlsx,http://cannabe.com,http://cannabe.com,,cannabe.com,cannabe.com,exact,failed,not_attempted,navigation_transient_browser_error,"BrowserContext.new_page: Target page, context or browser has been closed",,,,4584ced6378c2cf5f76f6112b4d629dd4655c8a21dd537078e1e36e65f19dc3c,,,,,,Canara Bank,canararobeco.com,0.0,Low,0.0,0.85,0,False,False,0.0,-1,0.0,-1,0.0,-1,0.0,-1,False,False,False,False,False,,
run_20260409T090716Z,2026-04-09T09:08:22+00:00,PS-02_AIGR-S66270_NCIIPC_28_02_2026.xlsx,PS-02_AIGR-S66270_NCIIPC_28_02_2026.xlsx,https://homepages.cloud,https://homepages.cloud,,homepages.cloud,homepages.cloud,exact,failed,not_attempted,navigation_transient_browser_error,"BrowserContext.new_page: Target page, context or browser has been closed",,,,44d1f14b724e96913a36da7bd03bddef9a63241b762c4f84640efdd50a286f1a,,,,,,State Bank of India (SBI),homeloans.sbi,0.0,Low,0.0,0.8667,0,False,False,0.0,-1,0.0,-1,0.0,-1,0.0,-1,False,False,False,False,False,,
run_20260409T090716Z,2026-04-09T09:08:22+00:00,PS-02_AIGR-S66270_NCIIPC_28_02_2026.xlsx,PS-02_AIGR-S66270_NCIIPC_28_02_2026.xlsx,https://industrialsyndications.net,https://industrialsyndications.net,,industrialsyndications.net,industrialsyndications.net,exact,failed,not_attempted,navigation_transient_browser_error,"BrowserContext.new_page: Target page, context or browser has been closed",,,,931c490739e943c8a9d91b270de04a79510c3470d7f322269db509c4ff55181a,,,,,,Coal India,coalindiatenders.nic.in,0.0,Low,0.0,0.6263,0,False,False,0.0,-1,0.0,-1,0.0,-1,0.0,-1,False,False,False,False,False,,
run_20260409T090716Z,2026-04-09T09:08:22+00:00,PS-02_AIGR-S66270_NCIIPC_28_02_2026.xlsx,PS-02_AIGR-S66270_NCIIPC_28_02_2026.xlsx,https://axioslab.com.br,https://axioslab.com.br,,axioslab.com.br,axioslab.com.br,exact,failed,not_attempted,navigation_transient_browser_error,"BrowserContext.new_page: Target page, context or browser has been closed",,,,274fbb15458ccf3cd0ff990066ebdc673e637a0a1f708e6ac3d6d017cb0c8626,,,,,,Axis Bank,axismf.com,0.0,Low,0.0,0.8056,0,False,False,0.0,-1,0.0,-1,0.0,-1,0.0,-1,False,False,False,False,False,,
run_20260409T090716Z,2026-04-09T09:08:22+00:00,PS-02_AIGR-S66270_NCIIPC_28_02_2026.xlsx,PS-02_AIGR-S66270_NCIIPC_28_02_2026.xlsx,https://inconx.org,https://inconx.org,,inconx.org,inconx.org,exact,failed,not_attempted,navigation_transient_browser_error,"BrowserContext.new_page: Target page, context or browser has been closed",,,,4cf7620b9f509d024126a06ceb737b4c3ee92ec36fe19c98ae42e09f542b0d4e,,,,,,Income Tax Department,incometaxindia.gov.in,0.0,Low,0.0,0.8524,0,False,False,0.0,-1,0.0,-1,0.0,-1,0.0,-1,False,False,False,False,False,,
run_20260409T090716Z,2026-04-09T09:08:22+00:00,PS-02_AIGR-S66270_NCIIPC_28_02_2026.xlsx,PS-02_AIGR-S66270_NCIIPC_28_02_2026.xlsx,https://subvip.com,https://subvip.com,,subvip.com,subvip.com,exact,failed,not_attempted,navigation_transient_browser_error,"BrowserContext.new_page: Target page, context or browser has been closed",,,,3ae4276ed6f0ecbd3a74331dce7201b543f8a9e42fb2db33a8b5be9076f4c9b5,,,,,,State Bank of India (SBI),sbi.co.in,0.0,Low,0.0,0.85,0,False,False,0.0,-1,0.0,-1,0.0,-1,0.0,-1,False,False,False,False,False,,
run_20260409T090716Z,2026-04-09T09:08:22+00:00,PS-02_AIGR-S66270_NCIIPC_28_02_2026.xlsx,PS-02_AIGR-S66270_NCIIPC_28_02_2026.xlsx,https://onlineebookwriters.com,https://onlineebookwriters.com,,onlineebookwriters.com,onlineebookwriters.com,exact,failed,not_attempted,navigation_transient_browser_error,"BrowserContext.new_page: Target page, context or browser has been closed",,,,8d7b4bbf6508bec2f8edbcb8c486371f930ef8184da707f82419bf43054fb7b3,,,,,,State Bank of India (SBI),corp.onlinesbi.sbi,0.0,Low,0.0,0.8667,0,False,False,0.0,-1,0.0,-1,0.0,-1,0.0,-1,False,False,False,False,False,,
run_20260409T090716Z,2026-04-09T09:08:22+00:00,PS-02_AIGR-S66270_NCIIPC_28_02_2026.xlsx,PS-02_AIGR-S66270_NCIIPC_28_02_2026.xlsx,https://sheindlina.com,https://sheindlina.com,,sheindlina.com,sheindlina.com,exact,failed,not_attempted,navigation_transient_browser_error,"BrowserContext.new_page: Target page, context or browser has been closed",,,,28802677647095500703ae5176e7dadca4d80703885b7874da7c52fb91d29a31,,,,,,BSE Ltd.,bseindia.com,0.0,Low,0.0,0.8583,0,False,False,0.0,-1,0.0,-1,0.0,-1,0.0,-1,False,False,False,False,False,,
run_20260409T090716Z,2026-04-09T09:08:22+00:00,PS-02_AIGR-S66270_NCIIPC_28_02_2026.xlsx,PS-02_AIGR-S66270_NCIIPC_28_02_2026.xlsx,https://axiscout.com,https://axiscout.com,,axiscout.com,axiscout.com,exact,failed,not_attempted,navigation_transient_browser_error,"BrowserContext.new_page: Target page, context or browser has been closed",,,,f578444826275a3a45d25f0e7281c47b532318ee904c60951b34ae4ac316f252,,,,,,Axis Bank,axismf.com,0.0,Low,0.0,0.8333,0,False,False,0.0,-1,0.0,-1,0.0,-1,0.0,-1,False,False,False,False,False,,
run_20260409T090716Z,2026-04-09T09:08:22+00:00,PS-02_AIGR-S66270_NCIIPC_28_02_2026.xlsx,PS-02_AIGR-S66270_NCIIPC_28_02_2026.xlsx,https://myvirtusinc.com,https://myvirtusinc.com,,myvirtusinc.com,myvirtusinc.com,exact,failed,not_attempted,navigation_transient_browser_error,"BrowserContext.new_page: Target page, context or browser has been closed",,,,6c1e034cba63424cd87c5c93daf3875fe1ca447d56c8549de9ea8eb0ac7f261c,,,,,,Vodafone Idea (VI),myvi.in,0.0,Low,0.0,0.8727,0,False,False,0.0,-1,0.0,-1,0.0,-1,0.0,-1,False,False,False,False,False,,
run_20260409T090716Z,2026-04-09T09:08:22+00:00,PS-02_AIGR-S66270_NCIIPC_28_02_2026.xlsx,PS-02_AIGR-S66270_NCIIPC_28_02_2026.xlsx,https://kunjtech.xyz,https://kunjtech.xyz,,kunjtech.xyz,kunjtech.xyz,exact,failed,not_attempted,navigation_transient_browser_error,"BrowserContext.new_page: Target page, context or browser has been closed",,,,2c384354dd93b88d0840708091650bf25ffe3fe42385c4806f574cc0ad312379,,,,,,Kfintech,kfintech.com,0.0,Low,0.0,0.85,0,False,False,0.0,-1,0.0,-1,0.0,-1,0.0,-1,False,False,False,False,False,,
run_20260409T090716Z,2026-04-09T09:08:22+00:00,PS-02_AIGR-S66270_NCIIPC_28_02_2026.xlsx,PS-02_AIGR-S66270_NCIIPC_28_02_2026.xlsx,https://aiys.com,https://aiys.com,,aiys.com,aiys.com,exact,failed,not_attempted,navigation_transient_browser_error,"BrowserContext.new_page: Target page, context or browser has been closed",,,,06fa3fe91ec491314cf30b25010edbfa2b621196edd6bcc0a433116f60677118,,,,,,All India Institute of Medical Sciences (AIIMS),aiims.edu,0.0,Low,0.0,0.8267,0,False,False,0.0,-1,0.0,-1,0.0,-1,0.0,-1,False,False,False,False,False,,
run_20260409T090716Z,2026-04-09T09:08:22+00:00,PS-02_AIGR-S66270_NCIIPC_28_02_2026.xlsx,PS-02_AIGR-S66270_NCIIPC_28_02_2026.xlsx,https://onlineaxiom.xyz,https://onlineaxiom.xyz,,onlineaxiom.xyz,onlineaxiom.xyz,exact,failed,not_attempted,navigation_transient_browser_error,"BrowserContext.new_page: Target page, context or browser has been closed",,,,f64d38f3bd13d2bf2b6f0b5fc9b12a03cb3ff1c56665741896a353d5cee62975,,,,,,State Bank of India (SBI),corp.onlinesbi.sbi,0.0,Low,0.0,0.8828,0,False,False,0.0,-1,0.0,-1,0.0,-1,0.0,-1,False,False,False,False,False,,
run_20260409T090716Z,2026-04-09T09:08:22+00:00,PS-02_AIGR-S66270_NCIIPC_28_02_2026.xlsx,PS-02_AIGR-S66270_NCIIPC_28_02_2026.xlsx,https://aionreal.site,https://aionreal.site,,aionreal.site,aionreal.site,exact,failed,not_attempted,navigation_transient_browser_error,"BrowserContext.new_page: Target page, context or browser has been closed",,,,5f4c110c2cc3ba81fc3509ae93fecad846a680faa100e34dae07d6250699a891,,,,,,Airtel,airtel.in,0.0,Low,0.0,0.8556,0,False,False,0.0,-1,0.0,-1,0.0,-1,0.0,-1,False,False,False,False,False,,
run_20260409T090716Z,2026-04-09T09:08:22+00:00,PS-02_AIGR-S66270_NCIIPC_28_02_2026.xlsx,PS-02_AIGR-S66270_NCIIPC_28_02_2026.xlsx,https://byindian.com,https://byindian.com,,byindian.com,byindian.com,exact,failed,not_attempted,navigation_transient_browser_error,"BrowserContext.new_page: Target page, context or browser has been closed",,,,7db5d66569eda42b481c7519d26c3aee750320e286cb44942d61d0354d6d6886,,,,,,BSE Ltd.,bseindia.com,0.0,Low,0.0,0.85,0,False,False,0.0,-1,0.0,-1,0.0,-1,0.0,-1,False,False,False,False,False,,
run_20260409T090716Z,2026-04-09T09:08:22+00:00,PS-02_AIGR-S66270_NCIIPC_28_02_2026.xlsx,PS-02_AIGR-S66270_NCIIPC_28_02_2026.xlsx,https://esc5i4.makeup,https://esc5i4.makeup,,esc5i4.makeup,esc5i4.makeup,exact,failed,not_attempted,navigation_transient_browser_error,"BrowserContext.new_page: Target page, context or browser has been closed",,,,bfee549ecd300f0e853cc72445e1f63308427699b775dc3f2743d79289921d78,,,,,,Election Commision of India (ECI),eci.gov.in,0.0,Low,0.0,0.85,0,False,False,0.0,-1,0.0,-1,0.0,-1,0.0,-1,False,False,False,False,False,,
run_20260409T090716Z,2026-04-09T09:08:22+00:00,PS-02_AIGR-S66270_NCIIPC_28_02_2026.xlsx,PS-02_AIGR-S66270_NCIIPC_28_02_2026.xlsx,https://industriemodels.com,https://industriemodels.com,,industriemodels.com,industriemodels.com,exact,failed,not_attempted,navigation_transient_browser_error,"BrowserContext.new_page: Target page, context or browser has been closed",,,,3759e928bcab653e0d56399df9ee1fe198e9cb2a34deb57af339fd4237b5a7da,,,,,,State Bank of India (SBI),sbisecurities.in,0.0,Low,0.0,0.69,0,False,False,0.0,-1,0.0,-1,0.0,-1,0.0,-1,False,False,False,False,False,,
run_20260409T090716Z,2026-04-09T09:08:22+00:00,PS-02_AIGR-S66270_NCIIPC_28_02_2026.xlsx,PS-02_AIGR-S66270_NCIIPC_28_02_2026.xlsx,https://cashlie.com,https://cashlie.com,,cashlie.com,cashlie.com,exact,failed,not_attempted,navigation_transient_browser_error,"BrowserContext.new_page: Target page, context or browser has been closed",,,,5a1448d0aef4a17d85f49c07ebd35b0c9fdc89065d45f1e4dbec3ac4c99f0457,,,,,,Computer Age Management Services Ltd. (CAMS),camsonline.com,0.0,Low,0.0,0.8552,0,False,False,0.0,-1,0.0,-1,0.0,-1,0.0,-1,False,False,False,False,False,,
run_20260409T090716Z,2026-04-09T09:08:22+00:00,PS-02_AIGR-S66270_NCIIPC_28_02_2026.xlsx,PS-02_AIGR-S66270_NCIIPC_28_02_2026.xlsx,https://online-seminar.jp,https://online-seminar.jp,,online-seminar.jp,online-seminar.jp,exact,failed,not_attempted,navigation_transient_browser_error,"BrowserContext.new_page: Target page, context or browser has been closed",,,,e830d641d40bc030abba1864992defeb1846c56b8599fea0fabbebd6b8babc49,,,,,,State Bank of India (SBI),corp.onlinesbi.sbi,0.0,Low,0.0,0.8921,0,False,False,0.0,-1,0.0,-1,0.0,-1,0.0,-1,False,False,False,False,False,,
run_20260409T090716Z,2026-04-09T09:08:22+00:00,PS-02_AIGR-S66270_NCIIPC_28_02_2026.xlsx,PS-02_AIGR-S66270_NCIIPC_28_02_2026.xlsx,https://safbii.com,https://safbii.com,,safbii.com,safbii.com,exact,failed,not_attempted,navigation_transient_browser_error,"BrowserContext.new_page: Target page, context or browser has been closed",,,,6ba39bb5b246ce86f53fec396845cc35dd92102a070a406288213bb3462a3e30,,,,,,State Bank of India (SBI),sbi.co.in,0.0,Low,0.0,0.85,0,False,False,0.0,-1,0.0,-1,0.0,-1,0.0,-1,False,False,False,False,False,,
run_20260409T090716Z,2026-04-09T09:08:22+00:00,PS-02_AIGR-S66270_NCIIPC_28_02_2026.xlsx,PS-02_AIGR-S66270_NCIIPC_28_02_2026.xlsx,https://myvisionservices.com,https://myvisionservices.com,,myvisionservices.com,myvisionservices.com,exact,failed,not_attempted,navigation_transient_browser_error,"BrowserContext.new_page: Target page, context or browser has been closed",,,,c9a4e745c5cb71d2d85381b9534be314415c74ac86b20f609a901ee796098ba4,,,,,,Vodafone Idea (VI),myvi.in,0.0,Low,0.0,0.85,0,False,False,0.0,-1,0.0,-1,0.0,-1,0.0,-1,False,False,False,False,False,,
run_20260409T090716Z,2026-04-09T09:08:22+00:00,PS-02_AIGR-S66270_NCIIPC_28_02_2026.xlsx,PS-02_AIGR-S66270_NCIIPC_28_02_2026.xlsx,https://homefilmcompany.online,https://homefilmcompany.online,,homefilmcompany.online,homefilmcompany.online,exact,failed,not_attempted,navigation_transient_browser_error,"BrowserContext.new_page: Target page, context or browser has been closed",,,,53dd2b838c9288ec0cd2c6571b0e17ee8e4da16e2f0bb41706b37191994eac8f,,,,,,State Bank of India (SBI),homeloans.sbi,0.0,Low,0.0,0.8844,0,False,False,0.0,-1,0.0,-1,0.0,-1,0.0,-1,False,False,False,False,False,,
run_20260409T090716Z,2026-04-09T09:08:22+00:00,PS-02_AIGR-S66270_NCIIPC_28_02_2026.xlsx,PS-02_AIGR-S66270_NCIIPC_28_02_2026.xlsx,https://onlinecq9.com,https://onlinecq9.com,,onlinecq9.com,onlinecq9.com,exact,failed,not_attempted,navigation_transient_browser_error,"BrowserContext.new_page: Target page, context or browser has been closed",,,,013ed364c15c1bb9b8eadb440d2f3095cecbf269d8ec29f79da74c3f84720558,,,,,,State Bank of India (SBI),corp.onlinesbi.sbi,0.0,Low,0.0,0.8667,0,False,False,0.0,-1,0.0,-1,0.0,-1,0.0,-1,False,False,False,False,False,,
run_20260409T090716Z,2026-04-09T09:08:22+00:00,PS-02_AIGR-S66270_NCIIPC_28_02_2026.xlsx,PS-02_AIGR-S66270_NCIIPC_28_02_2026.xlsx,https://homedesigna.com,https://homedesigna.com,,homedesigna.com,homedesigna.com,exact,failed,not_attempted,navigation_transient_browser_error,"BrowserContext.new_page: Target page, context or browser has been closed",,,,2b0dd233126d0b9f34db1d95a9e5d71152030b2396f797aaef6b91ea1db2aa9b,,,,,,State Bank of India (SBI),homeloans.sbi,0.0,Low,0.0,0.8543,0,False,False,0.0,-1,0.0,-1,0.0,-1,0.0,-1,False,False,False,False,False,,
run_20260409T090716Z,2026-04-09T09:08:22+00:00,PS-02_AIGR-S66270_NCIIPC_28_02_2026.xlsx,PS-02_AIGR-S66270_NCIIPC_28_02_2026.xlsx,https://onlineminds.xyz,https://onlineminds.xyz,,onlineminds.xyz,onlineminds.xyz,exact,failed,not_attempted,navigation_transient_browser_error,"BrowserContext.new_page: Target page, context or browser has been closed",,,,c67375e8c98c59eb7848edf0c6a5b64b35de9013632deb734e676083c34bf760,,,,,,State Bank of India (SBI),corp.onlinesbi.sbi,0.0,Low,0.0,0.8982,0,False,False,0.0,-1,0.0,-1,0.0,-1,0.0,-1,False,False,False,False,False,,
run_20260409T090716Z,2026-04-09T09:08:22+00:00,PS-02_AIGR-S66270_NCIIPC_28_02_2026.xlsx,PS-02_AIGR-S66270_NCIIPC_28_02_2026.xlsx,https://online-cuisine.dev,https://online-cuisine.dev,,online-cuisine.dev,online-cuisine.dev,exact,failed,not_attempted,navigation_transient_browser_error,"BrowserContext.new_page: Target page, context or browser has been closed",,,,544fe098dfcaa067b489a572e8dddebc07eabdccf4b15e0f3fd875c2f34cef20,,,,,,State Bank of India (SBI),corp.onlinesbi.sbi,0.0,Low,0.0,0.8671,0,False,False,0.0,-1,0.0,-1,0.0,-1,0.0,-1,False,False,False,False,False,,
run_20260409T090716Z,2026-04-09T09:08:22+00:00,PS-02_AIGR-S66270_NCIIPC_28_02_2026.xlsx,PS-02_AIGR-S66270_NCIIPC_28_02_2026.xlsx,https://homeloanhobart.com,https://homeloanhobart.com,,homeloanhobart.com,homeloanhobart.com,exact,failed,not_attempted,navigation_transient_browser_error,"BrowserContext.new_page: Target page, context or browser has been closed",,,,97f24a006bda97130446963df74646517702595bec5421536cd1b9e478e5c13b,,,,,,State Bank of India (SBI),homeloans.sbi,0.0,Low,0.0,0.8921,0,False,False,0.0,-1,0.0,-1,0.0,-1,0.0,-1,False,False,False,False,False,,
run_20260409T090716Z,2026-04-09T09:08:22+00:00,PS-02_AIGR-S66270_NCIIPC_28_02_2026.xlsx,PS-02_AIGR-S66270_NCIIPC_28_02_2026.xlsx,https://hometownallday.com,https://hometownallday.com,,hometownallday.com,hometownallday.com,exact,failed,not_attempted,navigation_transient_browser_error,"BrowserContext.new_page: Target page, context or browser has been closed",,,,6e4b287b23f208e198cb7f989c057f8a19e9e1c9f83d111c94a7c5fef13e1a69,,,,,,State Bank of India (SBI),homeloans.sbi,0.0,Low,0.0,0.8671,0,False,False,0.0,-1,0.0,-1,0.0,-1,0.0,-1,False,False,False,False,False,,
run_20260409T090716Z,2026-04-09T09:08:22+00:00,PS-02_AIGR-S66270_NCIIPC_28_02_2026.xlsx,PS-02_AIGR-S66270_NCIIPC_28_02_2026.xlsx,https://jiodigid.biz,https://jiodigid.biz,,jiodigid.biz,jiodigid.biz,exact,failed,not_attempted,navigation_transient_browser_error,"BrowserContext.new_page: Target page, context or browser has been closed",,,,61b9c093e4dd6790dee1792608e5e3e9c4c2cf7a2554dfdd6fc7c88e25db549a,,,,,,Jio,jio.com,0.0,Low,0.0,0.8542,0,False,False,0.0,-1,0.0,-1,0.0,-1,0.0,-1,False,False,False,False,False,,
run_20260409T090716Z,2026-04-09T09:08:22+00:00,PS-02_AIGR-S66270_NCIIPC_28_02_2026.xlsx,PS-02_AIGR-S66270_NCIIPC_28_02_2026.xlsx,https://onlinegram.xyz,https://onlinegram.xyz,,onlinegram.xyz,onlinegram.xyz,exact,failed,not_attempted,navigation_transient_browser_error,"BrowserContext.new_page: Target page, context or browser has been closed",,,,815cab4781a7f5f7a8b32cd2721f3bf16f71ddc196c24ab38bab322c14f19a9b,,,,,,State Bank of India (SBI),corp.onlinesbi.sbi,0.0,Low,0.0,0.8533,0,False,False,0.0,-1,0.0,-1,0.0,-1,0.0,-1,False,False,False,False,False,,
run_20260409T090716Z,2026-04-09T09:08:22+00:00,PS-02_AIGR-S66270_NCIIPC_28_02_2026.xlsx,PS-02_AIGR-S66270_NCIIPC_28_02_2026.xlsx,https://homeloansbydani.com,https://homeloansbydani.com,,homeloansbydani.com,homeloansbydani.com,exact,failed,not_attempted,navigation_transient_browser_error,"BrowserContext.new_page: Target page, context or browser has been closed",,,,f133191002c9b869c741382f6fa591acba4bca811be09dfd3bca49f442af8ecd,,,,,,State Bank of India (SBI),homeloans.sbi,0.0,Low,0.0,0.92,0,False,False,0.0,-1,0.0,-1,0.0,-1,0.0,-1,False,False,False,False,False,,
run_20260409T090716Z,2026-04-09T09:08:22+00:00,PS-02_AIGR-S66270_NCIIPC_28_02_2026.xlsx,PS-02_AIGR-S66270_NCIIPC_28_02_2026.xlsx,https://sbbig.co,https://sbbig.co,,sbbig.co,sbbig.co,exact,failed,not_attempted,navigation_transient_browser_error,"BrowserContext.new_page: Target page, context or browser has been closed",,,,4ea468d23a9b75a34e850a05a74a33cb59912e14a0cf7165398c306d2d2a9b89,,,,,,State Bank of India (SBI),sbi.co.in,0.0,Low,0.0,0.8933,0,False,False,0.0,-1,0.0,-1,0.0,-1,0.0,-1,False,False,False,False,False,,
run_20260409T090716Z,2026-04-09T09:08:22+00:00,PS-02_AIGR-S66270_NCIIPC_28_02_2026.xlsx,PS-02_AIGR-S66270_NCIIPC_28_02_2026.xlsx,https://adma.com,https://adma.com,,adma.com,adma.com,exact,failed,not_attempted,navigation_transient_browser_error,"BrowserContext.new_page: Target page, context or browser has been closed",,,,0b55c2b9ba51c1920810efe8bb8873feccdf282ecd0542bf26dfe845eabf1cbe,,,,,,National Health Authority (NHA),abdm.gov.in,0.0,Low,0.0,0.85,0,False,False,0.0,-1,0.0,-1,0.0,-1,0.0,-1,False,False,False,False,False,,
run_20260409T090716Z,2026-04-09T09:08:22+00:00,PS-02_AIGR-S66270_NCIIPC_28_02_2026.xlsx,PS-02_AIGR-S66270_NCIIPC_28_02_2026.xlsx,https://darkwireunderground.net.ru,https://darkwireunderground.net.ru,,darkwireunderground.net.ru,darkwireunderground.net.ru,exact,failed,not_attempted,navigation_transient_browser_error,"BrowserContext.new_page: Target page, context or browser has been closed",,,,2682973ad50e253065fe5245758c986190a412f5b814978285df097b7d51cc47,,,,,,Punjab National Bank (PNB),netpnb.com,0.0,Low,0.0,0.8833,0,False,False,0.0,-1,0.0,-1,0.0,-1,0.0,-1,False,False,False,False,False,,
run_20260409T090716Z,2026-04-09T09:08:22+00:00,PS-02_AIGR-S66270_NCIIPC_28_02_2026.xlsx,PS-02_AIGR-S66270_NCIIPC_28_02_2026.xlsx,https://onlinereality.xyz,https://onlinereality.xyz,,onlinereality.xyz,onlinereality.xyz,exact,failed,not_attempted,navigation_transient_browser_error,"BrowserContext.new_page: Target page, context or browser has been closed",,,,54ceb343e4c79c254aa589728222d6be30d6b56c6f68117d74af996aeed72efc,,,,,,State Bank of India (SBI),corp.onlinesbi.sbi,0.0,Low,0.0,0.8632,0,False,False,0.0,-1,0.0,-1,0.0,-1,0.0,-1,False,False,False,False,False,,
run_20260409T090716Z,2026-04-09T09:08:22+00:00,PS-02_AIGR-S66270_NCIIPC_28_02_2026.xlsx,PS-02_AIGR-S66270_NCIIPC_28_02_2026.xlsx,https://stakeindia.biz,https://stakeindia.biz,,stakeindia.biz,stakeindia.biz,exact,failed,not_attempted,navigation_transient_browser_error,"BrowserContext.new_page: Target page, context or browser has been closed",,,,545a14d29313a5643fb881dbbd4322af87ee14d201fb418e7f4b44edbdf63077,,,,,,BSE Ltd.,bseindia.com,0.0,Low,0.0,0.8583,0,False,False,0.0,-1,0.0,-1,0.0,-1,0.0,-1,False,False,False,False,False,,
run_20260409T090716Z,2026-04-09T09:08:22+00:00,PS-02_AIGR-S66270_NCIIPC_28_02_2026.xlsx,PS-02_AIGR-S66270_NCIIPC_28_02_2026.xlsx,https://homeofshalom.com,https://homeofshalom.com,,homeofshalom.com,homeofshalom.com,exact,failed,not_attempted,navigation_transient_browser_error,"BrowserContext.new_page: Target page, context or browser has been closed",,,,b90158972891831f8de836ff26d7adb1963e4d551d81270930b189382496552b,,,,,,State Bank of India (SBI),homeloans.sbi,0.0,Low,0.0,0.8861,0,False,False,0.0,-1,0.0,-1,0.0,-1,0.0,-1,False,False,False,False,False,,
run_20260409T090716Z,2026-04-09T09:08:22+00:00,PS-02_AIGR-S66270_NCIIPC_28_02_2026.xlsx,PS-02_AIGR-S66270_NCIIPC_28_02_2026.xlsx,https://homeflorists.com,https://homeflorists.com,,homeflorists.com,homeflorists.com,exact,failed,not_attempted,navigation_transient_browser_error,"BrowserContext.new_page: Target page, context or browser has been closed",,,,3170ef1795b94634ff7db3706d42ff1f844643b63c268e50171bcc5b9379a2c6,,,,,,State Bank of India (SBI),homeloans.sbi,0.0,Low,0.0,0.8722,0,False,False,0.0,-1,0.0,-1,0.0,-1,0.0,-1,False,False,False,False,False,,
run_20260409T090716Z,2026-04-09T09:08:22+00:00,PS-02_AIGR-S66270_NCIIPC_28_02_2026.xlsx,PS-02_AIGR-S66270_NCIIPC_28_02_2026.xlsx,https://paraaf.com,https://paraaf.com,,paraaf.com,paraaf.com,exact,failed,not_attempted,navigation_transient_browser_error,"BrowserContext.new_page: Target page, context or browser has been closed",,,,80864de865e3f9ce325b600fe985dc56dda4db6fea991e2baa8a080d46b6c67d,,,,,,parivahan sewa,parivahan.gov.in,0.0,Low,0.0,0.8574,0,False,False,0.0,-1,0.0,-1,0.0,-1,0.0,-1,False,False,False,False,False,,
run_20260409T090716Z,2026-04-09T09:08:22+00:00,PS-02_AIGR-S66270_NCIIPC_28_02_2026.xlsx,PS-02_AIGR-S66270_NCIIPC_28_02_2026.xlsx,https://homease.xyz,https://homease.xyz,,homease.xyz,homease.xyz,exact,failed,not_attempted,navigation_transient_browser_error,"BrowserContext.new_page: Target page, context or browser has been closed",,,,0f4f155259fb77d2bb9000d807c57cebeae5c3628a4f39dc15399dcfe7f3349c,,,,,,State Bank of India (SBI),homeloans.sbi,0.0,Low,0.0,0.9048,0,False,False,0.0,-1,0.0,-1,0.0,-1,0.0,-1,False,False,False,False,False,,
run_20260409T090716Z,2026-04-09T09:08:22+00:00,PS-02_AIGR-S66270_NCIIPC_28_02_2026.xlsx,PS-02_AIGR-S66270_NCIIPC_28_02_2026.xlsx,https://onlinefantasyliveplay.info,https://onlinefantasyliveplay.info,,onlinefantasyliveplay.info,onlinefantasyliveplay.info,exact,failed,not_attempted,navigation_transient_browser_error,"BrowserContext.new_page: Target page, context or browser has been closed",,,,00f0ae3fb22591d642b32635381dfeb74e9d75eb244d3b862399cbca5acef78d,,,,,,State Bank of India (SBI),corp.onlinesbi.sbi,0.0,Low,0.0,0.854,0,False,False,0.0,-1,0.0,-1,0.0,-1,0.0,-1,False,False,False,False,False,,
run_20260409T090716Z,2026-04-09T09:08:22+00:00,PS-02_AIGR-S66270_NCIIPC_28_02_2026.xlsx,PS-02_AIGR-S66270_NCIIPC_28_02_2026.xlsx,https://bsn111.com,https://bsn111.com,,bsn111.com,bsn111.com,exact,failed,not_attempted,navigation_transient_browser_error,"BrowserContext.new_page: Target page, context or browser has been closed",,,,f5dd2830a1db5376fa9872226516f45ca6fb407ef1711146b4e2fd2edfa15e62,,,,,,Bharat Sanchar Nigam Limited (BSNL),bsnl.co.in,0.0,Low,0.0,0.9333,0,False,False,0.0,-1,0.0,-1,0.0,-1,0.0,-1,False,False,False,False,False,,
run_20260409T090716Z,2026-04-09T09:08:22+00:00,PS-02_AIGR-S66270_NCIIPC_28_02_2026.xlsx,PS-02_AIGR-S66270_NCIIPC_28_02_2026.xlsx,https://konytech.com,https://konytech.com,,konytech.com,konytech.com,exact,failed,not_attempted,navigation_transient_browser_error,"BrowserContext.new_page: Target page, context or browser has been closed",,,,8a5af69f21752adff965acc2d336debf1cc016e210a7e3fe6223333d3de4d272,,,,,,Kfintech,kfintech.com,0.0,Low,0.0,0.85,0,False,False,0.0,-1,0.0,-1,0.0,-1,0.0,-1,False,False,False,False,False,,
run_20260409T090716Z,2026-04-09T09:08:22+00:00,PS-02_AIGR-S66270_NCIIPC_28_02_2026.xlsx,PS-02_AIGR-S66270_NCIIPC_28_02_2026.xlsx,https://bankofcuracao.com,https://bankofcuracao.com,,bankofcuracao.com,bankofcuracao.com,exact,failed,not_attempted,navigation_transient_browser_error,"BrowserContext.new_page: Target page, context or browser has been closed",,,,a3e87958e61d6b28f556d9ef76155fd3ac69ad62c7ee0c37b936b1c67df011fa,,,,,,Bank of Baroda,onlinecasa.bankofbaroda.com,0.0,Low,0.0,0.8805,0,False,False,0.0,-1,0.0,-1,0.0,-1,0.0,-1,False,False,False,False,False,,
run_20260409T090716Z,2026-04-09T09:08:22+00:00,PS-02_AIGR-S66270_NCIIPC_28_02_2026.xlsx,PS-02_AIGR-S66270_NCIIPC_28_02_2026.xlsx,https://axial-e.com,https://axial-e.com,,axial-e.com,axial-e.com,exact,failed,not_attempted,navigation_transient_browser_error,"BrowserContext.new_page: Target page, context or browser has been closed",,,,359285732f31484f689e511778d74cbb9e6a6c01ea76f73b96e89f707380b86b,,,,,,Axis Bank,axismaxlife.com,0.0,Low,0.0,0.8606,0,False,False,0.0,-1,0.0,-1,0.0,-1,0.0,-1,False,False,False,False,False,,
run_20260409T090716Z,2026-04-09T09:08:22+00:00,PS-02_AIGR-S66270_NCIIPC_28_02_2026.xlsx,PS-02_AIGR-S66270_NCIIPC_28_02_2026.xlsx,https://myvirualmate.com,https://myvirualmate.com,,myvirualmate.com,myvirualmate.com,exact,failed,not_attempted,navigation_transient_browser_error,"BrowserContext.new_page: Target page, context or browser has been closed",,,,63f88a6b69d97ffcecfa3d957be9ee00218abdb08d7369c80ed56b959be667f2,,,,,,Vodafone Idea (VI),myvi.in,0.0,Low,0.0,0.8667,0,False,False,0.0,-1,0.0,-1,0.0,-1,0.0,-1,False,False,False,False,False,,
run_20260409T090716Z,2026-04-09T09:08:22+00:00,PS-02_AIGR-S66270_NCIIPC_28_02_2026.xlsx,PS-02_AIGR-S66270_NCIIPC_28_02_2026.xlsx,https://parzival-holding.com,https://parzival-holding.com,,parzival-holding.com,parzival-holding.com,exact,failed,not_attempted,navigation_transient_browser_error,"BrowserContext.new_page: Target page, context or browser has been closed",,,,b34df0fa6541f3ff3d6f414f0c51de759dd9e0ccc867c5aa561049ca5e6ec83d,,,,,,parivahan sewa,parivahan.gov.in,0.0,Low,0.0,0.8574,0,False,False,0.0,-1,0.0,-1,0.0,-1,0.0,-1,False,False,False,False,False,,
run_20260409T090716Z,2026-04-09T09:08:22+00:00,PS-02_AIGR-S66270_NCIIPC_28_02_2026.xlsx,PS-02_AIGR-S66270_NCIIPC_28_02_2026.xlsx,https://homenet.org.pl,https://homenet.org.pl,,homenet.org.pl,homenet.org.pl,exact,failed,not_attempted,navigation_transient_browser_error,"BrowserContext.new_page: Target page, context or browser has been closed",,,,a4ee272fed1ad3bd0612b5223a43895845a88d75ccdd579a9cf9408322cba4da,,,,,,State Bank of India (SBI),homeloans.sbi,0.0,Low,0.0,0.854,0,False,False,0.0,-1,0.0,-1,0.0,-1,0.0,-1,False,False,False,False,False,,
run_20260409T090716Z,2026-04-09T09:08:22+00:00,PS-02_AIGR-S66270_NCIIPC_28_02_2026.xlsx,PS-02_AIGR-S66270_NCIIPC_28_02_2026.xlsx,https://clouds.bot,https://clouds.bot,,clouds.bot,clouds.bot,exact,failed,not_attempted,navigation_transient_browser_error,"BrowserContext.new_page: Target page, context or browser has been closed",,,,0a7d76874921c9171ab1d7bc5a8ec916e6e22422ff8385caef9a62e62deb000b,,,,,,National Informatics Centre (NIC),cloud.gov.in,0.0,Low,0.0,0.9667,0,False,False,0.0,-1,0.0,-1,0.0,-1,0.0,-1,False,False,False,False,False,,
run_20260409T090716Z,2026-04-09T09:08:22+00:00,PS-02_AIGR-S66270_NCIIPC_28_02_2026.xlsx,PS-02_AIGR-S66270_NCIIPC_28_02_2026.xlsx,https://artello.web.tr,https://artello.web.tr,,artello.web.tr,artello.web.tr,exact,failed,not_attempted,navigation_transient_browser_error,"BrowserContext.new_page: Target page, context or browser has been closed",,,,c99aeda1c50ac650cf661821eb053ad5c3e015a78a2b2936d83b8ea036f5cc63,,,,,,Airtel,airtel.in,0.0,Low,0.0,0.8643,0,False,False,0.0,-1,0.0,-1,0.0,-1,0.0,-1,False,False,False,False,False,,
run_20260409T090716Z,2026-04-09T09:08:22+00:00,PS-02_AIGR-S66270_NCIIPC_28_02_2026.xlsx,PS-02_AIGR-S66270_NCIIPC_28_02_2026.xlsx,https://canala-sa.com,https://canala-sa.com,,canala-sa.com,canala-sa.com,exact,failed,not_attempted,navigation_transient_browser_error,"BrowserContext.new_page: Target page, context or browser has been closed",,,,026297424533c6efc6e26455a3e449394132f5b6663ce1341523d958cddee9fd,,,,,,Canara Bank,canarahsbclife.com,0.0,Low,0.0,0.827,0,False,False,0.0,-1,0.0,-1,0.0,-1,0.0,-1,False,False,False,False,False,,
run_20260409T090716Z,2026-04-09T09:08:22+00:00,PS-02_AIGR-S66270_NCIIPC_28_02_2026.xlsx,PS-02_AIGR-S66270_NCIIPC_28_02_2026.xlsx,https://bnhaa.fit,https://bnhaa.fit,,bnhaa.fit,bnhaa.fit,exact,failed,not_attempted,navigation_transient_browser_error,"BrowserContext.new_page: Target page, context or browser has been closed",,,,8e33c83e9884da33953dd1163376d57c8bc432bc1696e6afa4b96935d8b7c685,,,,,,National Health Authority (NHA),nha.gov.in,0.0,Low,0.0,0.8667,0,False,False,0.0,-1,0.0,-1,0.0,-1,0.0,-1,False,False,False,False,False,,
run_20260409T090716Z,2026-04-09T09:08:22+00:00,PS-02_AIGR-S66270_NCIIPC_28_02_2026.xlsx,PS-02_AIGR-S66270_NCIIPC_28_02_2026.xlsx,https://home2sold.com,https://home2sold.com,,home2sold.com,home2sold.com,exact,failed,not_attempted,navigation_transient_browser_error,"BrowserContext.new_page: Target page, context or browser has been closed",,,,52e465d215d10394b636b97107676e4554f6e17867850b8d9fc9f69d588fa59a,,,,,,State Bank of India (SBI),homeloans.sbi,0.0,Low,0.0,0.8825,0,False,False,0.0,-1,0.0,-1,0.0,-1,0.0,-1,False,False,False,False,False,,
run_20260409T090716Z,2026-04-09T09:08:22+00:00,PS-02_AIGR-S66270_NCIIPC_28_02_2026.xlsx,PS-02_AIGR-S66270_NCIIPC_28_02_2026.xlsx,https://camscannerdl.com,https://camscannerdl.com,,camscannerdl.com,camscannerdl.com,exact,failed,not_attempted,navigation_transient_browser_error,"BrowserContext.new_page: Target page, context or browser has been closed",,,,89ae9704b4a549fd66ad89319467a22adb988a3af26af0293122f0cdef878e8d,,,,,,Computer Age Management Services Ltd. (CAMS),camsonline.com,0.0,Low,0.0,0.8683,0,False,False,0.0,-1,0.0,-1,0.0,-1,0.0,-1,False,False,False,False,False,,
run_20260409T090716Z,2026-04-09T09:08:22+00:00,PS-02_AIGR-S66270_NCIIPC_28_02_2026.xlsx,PS-02_AIGR-S66270_NCIIPC_28_02_2026.xlsx,https://feigege.ec.cc,https://feigege.ec.cc,,feigege.ec.cc,feigege.ec.cc,exact,failed,not_attempted,navigation_transient_browser_error,"BrowserContext.new_page: Target page, context or browser has been closed",,,,512eac82f85749ef947060928bf40cb5ff840259b67f5f10a95a9e6faba2c9ff,,,,,,Election Commision of India (ECI),eci.gov.in,0.0,Low,0.0,0.9111,0,False,False,0.0,-1,0.0,-1,0.0,-1,0.0,-1,False,False,False,False,False,,
run_20260409T090716Z,2026-04-09T09:08:22+00:00,PS-02_AIGR-S66270_NCIIPC_28_02_2026.xlsx,PS-02_AIGR-S66270_NCIIPC_28_02_2026.xlsx,https://bs4l.com,https://bs4l.com,,bs4l.com,bs4l.com,exact,failed,not_attempted,navigation_transient_browser_error,"BrowserContext.new_page: Target page, context or browser has been closed",,,,ef8a7e5fb7c1aab5d7ec58096479c6dc3cc574991bd0abf66422755a82e2d8b1,,,,,,Bharat Sanchar Nigam Limited (BSNL),bsnl.co.in,0.0,Low,0.0,0.8667,0,False,False,0.0,-1,0.0,-1,0.0,-1,0.0,-1,False,False,False,False,False,,
run_20260409T090716Z,2026-04-09T09:08:22+00:00,PS-02_AIGR-S66270_NCIIPC_28_02_2026.xlsx,PS-02_AIGR-S66270_NCIIPC_28_02_2026.xlsx,https://airze.com,https://airze.com,,airze.com,airze.com,exact,failed,not_attempted,navigation_transient_browser_error,"BrowserContext.new_page: Target page, context or browser has been closed",,,,9e0911daeb686ecba9bd825988a6181475d30601c4d0d13996d8e1a1aed14c8a,,,,,,Airtel,airtel.in,0.0,Low,0.0,0.8756,0,False,False,0.0,-1,0.0,-1,0.0,-1,0.0,-1,False,False,False,False,False,,
run_20260409T090716Z,2026-04-09T09:08:22+00:00,PS-02_AIGR-S66270_NCIIPC_28_02_2026.xlsx,PS-02_AIGR-S66270_NCIIPC_28_02_2026.xlsx,https://aiearthly.com,https://aiearthly.com,,aiearthly.com,aiearthly.com,exact,failed,not_attempted,navigation_transient_browser_error,"BrowserContext.new_page: Target page, context or browser has been closed",,,,ee87a21c7f0412197ed03ca53b2cd18911c38d46ae9447d399f315c45479acbb,,,,,,Airtel,airtel.in,0.0,Low,0.0,0.8667,0,False,False,0.0,-1,0.0,-1,0.0,-1,0.0,-1,False,False,False,False,False,,
run_20260409T090716Z,2026-04-09T09:08:22+00:00,PS-02_AIGR-S66270_NCIIPC_28_02_2026.xlsx,PS-02_AIGR-S66270_NCIIPC_28_02_2026.xlsx,https://sbacards.com,https://sbacards.com,,sbacards.com,sbacards.com,exact,failed,not_attempted,navigation_transient_browser_error,"BrowserContext.new_page: Target page, context or browser has been closed",,,,6206e342e0dc8e6a55b4ebd6a783c55dec8b46f2022dae7dddbf22bf92aa57c3,,,,,,State Bank of India (SBI),sbicard.com,0.0,Low,0.0,0.8508,0,False,False,0.0,-1,0.0,-1,0.0,-1,0.0,-1,False,False,False,False,False,,
run_20260409T090716Z,2026-04-09T09:08:22+00:00,PS-02_AIGR-S66270_NCIIPC_28_02_2026.xlsx,PS-02_AIGR-S66270_NCIIPC_28_02_2026.xlsx,https://homelabworkshop.net,https://homelabworkshop.net,,homelabworkshop.net,homelabworkshop.net,exact,failed,not_attempted,navigation_transient_browser_error,"BrowserContext.new_page: Target page, context or browser has been closed",,,,a35d8a35085e8cdc6c4dda2557ab7cbbe847e4b9c80e7bfcff0935b70ebe9b25,,,,,,State Bank of India (SBI),homeloans.sbi,0.0,Low,0.0,0.8594,0,False,False,0.0,-1,0.0,-1,0.0,-1,0.0,-1,False,False,False,False,False,,
run_20260409T090716Z,2026-04-09T09:08:22+00:00,PS-02_AIGR-S66270_NCIIPC_28_02_2026.xlsx,PS-02_AIGR-S66270_NCIIPC_28_02_2026.xlsx,https://plybooindia.com,https://plybooindia.com,,plybooindia.com,plybooindia.com,exact,failed,not_attempted,navigation_transient_browser_error,"BrowserContext.new_page: Target page, context or browser has been closed",,,,b701d4dc15f9feded510f1a05268451889c2742b98060582b1929bc242d05d59,,,,,,Punjab National Bank (PNB),pnbindia.in,0.0,Low,0.0,0.8534,0,False,False,0.0,-1,0.0,-1,0.0,-1,0.0,-1,False,False,False,False,False,,
run_20260409T090716Z,2026-04-09T09:08:22+00:00,PS-02_AIGR-S66270_NCIIPC_28_02_2026.xlsx,PS-02_AIGR-S66270_NCIIPC_28_02_2026.xlsx,https://onlinesohbetchat.com,https://onlinesohbetchat.com,,onlinesohbetchat.com,onlinesohbetchat.com,exact,failed,not_attempted,navigation_transient_browser_error,"BrowserContext.new_page: Target page, context or browser has been closed",,,,64982753986074f0218cd3347235d3b02359ac819d35e4dc7f196d5a46fd255e,,,,,,State Bank of India (SBI),corp.onlinesbi.sbi,0.0,Low,0.0,0.8778,0,False,False,0.0,-1,0.0,-1,0.0,-1,0.0,-1,False,False,False,False,False,,
run_20260409T090716Z,2026-04-09T09:08:22+00:00,PS-02_AIGR-S66270_NCIIPC_28_02_2026.xlsx,PS-02_AIGR-S66270_NCIIPC_28_02_2026.xlsx,https://bestfarm.cfd,https://bestfarm.cfd,,bestfarm.cfd,bestfarm.cfd,exact,failed,not_attempted,navigation_transient_browser_error,"BrowserContext.new_page: Target page, context or browser has been closed",,,,b9fbd227aedeb0263c12276bf1f0fc27b81c063d6e220122cc3a84baed275cf6,,,,,,BSE Ltd.,bsestarmf.in,0.0,Low,0.0,0.853,0,False,False,0.0,-1,0.0,-1,0.0,-1,0.0,-1,False,False,False,False,False,,
run_20260409T090716Z,2026-04-09T09:08:22+00:00,PS-02_AIGR-S66270_NCIIPC_28_02_2026.xlsx,PS-02_AIGR-S66270_NCIIPC_28_02_2026.xlsx,https://homefrontbooks.com,https://homefrontbooks.com,,homefrontbooks.com,homefrontbooks.com,exact,failed,not_attempted,navigation_transient_browser_error,"BrowserContext.new_page: Target page, context or browser has been closed",,,,a7a86ac0501c880c5aa7ee6c4aabe5daab71bbfb15f28ebf899d99c9ff6fc510,,,,,,State Bank of India (SBI),homeloans.sbi,0.0,Low,0.0,0.8556,0,False,False,0.0,-1,0.0,-1,0.0,-1,0.0,-1,False,False,False,False,False,,
run_20260409T090716Z,2026-04-09T09:08:22+00:00,PS-02_AIGR-S66270_NCIIPC_28_02_2026.xlsx,PS-02_AIGR-S66270_NCIIPC_28_02_2026.xlsx,https://onlineloanslouisiana.com,https://onlineloanslouisiana.com,,onlineloanslouisiana.com,onlineloanslouisiana.com,exact,failed,not_attempted,navigation_transient_browser_error,"BrowserContext.new_page: Target page, context or browser has been closed",,,,6c44a702f7e7fce7b1ea108f8a9c61ea220f6421cf2637e561c335d34109ce1e,,,,,,State Bank of India (SBI),corp.onlinesbi.sbi,0.0,Low,0.0,0.8578,0,False,False,0.0,-1,0.0,-1,0.0,-1,0.0,-1,False,False,False,False,False,,
run_20260409T090716Z,2026-04-09T09:08:22+00:00,PS-02_AIGR-S66270_NCIIPC_28_02_2026.xlsx,PS-02_AIGR-S66270_NCIIPC_28_02_2026.xlsx,https://onlinekickst.art,https://onlinekickst.art,,onlinekickst.art,onlinekickst.art,exact,failed,not_attempted,navigation_transient_browser_error,"BrowserContext.new_page: Target page, context or browser has been closed",,,,8ca11fd5142334fe743e8a188b486bff0868398dbfdf54492d61aaaff2aca77c,,,,,,State Bank of India (SBI),corp.onlinesbi.sbi,0.0,Low,0.0,0.8861,0,False,False,0.0,-1,0.0,-1,0.0,-1,0.0,-1,False,False,False,False,False,,
run_20260409T090716Z,2026-04-09T09:08:22+00:00,PS-02_AIGR-S66270_NCIIPC_28_02_2026.xlsx,PS-02_AIGR-S66270_NCIIPC_28_02_2026.xlsx,https://jioushin.com,https://jioushin.com,,jioushin.com,jioushin.com,exact,failed,not_attempted,navigation_transient_browser_error,"BrowserContext.new_page: Target page, context or browser has been closed",,,,13303580d263ce7eb3aef56c97b092a8ad34f41569c6a67dce3cb68fab22b95b,,,,,,Jio,jio.com,0.0,Low,0.0,0.8542,0,False,False,0.0,-1,0.0,-1,0.0,-1,0.0,-1,False,False,False,False,False,,
run_20260409T090716Z,2026-04-09T09:08:22+00:00,PS-02_AIGR-S66270_NCIIPC_28_02_2026.xlsx,PS-02_AIGR-S66270_NCIIPC_28_02_2026.xlsx,https://sbionics.com,https://sbionics.com,,sbionics.com,sbionics.com,exact,failed,not_attempted,navigation_transient_browser_error,"BrowserContext.new_page: Target page, context or browser has been closed",,,,6a6abfb9ed85c790efd239c95fde059e552fcafdb7a10a484201fb045ea4ecf1,,,,,,State Bank of India (SBI),sbi.co.in,0.0,Low,0.0,0.8542,0,False,False,0.0,-1,0.0,-1,0.0,-1,0.0,-1,False,False,False,False,False,,
run_20260409T090716Z,2026-04-09T09:08:22+00:00,PS-02_AIGR-S66270_NCIIPC_28_02_2026.xlsx,PS-02_AIGR-S66270_NCIIPC_28_02_2026.xlsx,https://online-idea.com,https://online-idea.com,,online-idea.com,online-idea.com,exact,failed,not_attempted,navigation_transient_browser_error,"BrowserContext.new_page: Target page, context or browser has been closed",,,,3a24b236c4d6b47a12088c061fcbe3af09a969e7e8d4eb57c442c2be09176ff9,,,,,,State Bank of India (SBI),corp.onlinesbi.sbi,0.0,Low,0.0,0.8828,0,False,False,0.0,-1,0.0,-1,0.0,-1,0.0,-1,False,False,False,False,False,,
run_20260409T090716Z,2026-04-09T09:08:22+00:00,PS-02_AIGR-S66270_NCIIPC_28_02_2026.xlsx,PS-02_AIGR-S66270_NCIIPC_28_02_2026.xlsx,https://airtaxirelief.com,https://airtaxirelief.com,,airtaxirelief.com,airtaxirelief.com,exact,failed,not_attempted,navigation_transient_browser_error,"BrowserContext.new_page: Target page, context or browser has been closed",,,,ad26321666391f604e59bfeeb1cdd28a1bd6a0be601ce420c8a40bd95275fe8c,,,,,,Airtel,airtel.in,0.0,Low,0.0,0.8923,0,False,False,0.0,-1,0.0,-1,0.0,-1,0.0,-1,False,False,False,False,False,,
run_20260409T090716Z,2026-04-09T09:08:22+00:00,PS-02_AIGR-S66270_NCIIPC_28_02_2026.xlsx,PS-02_AIGR-S66270_NCIIPC_28_02_2026.xlsx,https://jkliop.com,https://jkliop.com,,jkliop.com,jkliop.com,exact,failed,not_attempted,navigation_transient_browser_error,"BrowserContext.new_page: Target page, context or browser has been closed",,,,6c50e34e03ecefe5b847ccc546ee19c0337b970f54373e3837f3f87348d1034d,,,,,,Jio,jio.com,0.0,Low,0.0,0.85,0,False,False,0.0,-1,0.0,-1,0.0,-1,0.0,-1,False,False,False,False,False,,
run_20260409T090716Z,2026-04-09T09:08:22+00:00,PS-02_AIGR-S66270_NCIIPC_28_02_2026.xlsx,PS-02_AIGR-S66270_NCIIPC_28_02_2026.xlsx,https://nhantd.com,https://nhantd.com,,nhantd.com,nhantd.com,exact,failed,not_attempted,navigation_transient_browser_error,"BrowserContext.new_page: Target page, context or browser has been closed",,,,132ff7bafc68a2d286a82c5d082f74d4a32897f64894198c47ba56d53a4b145d,,,,,,National Health Authority (NHA),nha.gov.in,0.0,Low,0.0,0.8833,0,False,False,0.0,-1,0.0,-1,0.0,-1,0.0,-1,False,False,False,False,False,,
run_20260409T090716Z,2026-04-09T09:08:22+00:00,PS-02_AIGR-S66270_NCIIPC_28_02_2026.xlsx,PS-02_AIGR-S66270_NCIIPC_28_02_2026.xlsx,https://airtaxiraleigh.com,https://airtaxiraleigh.com,,airtaxiraleigh.com,airtaxiraleigh.com,exact,failed,not_attempted,navigation_transient_browser_error,"BrowserContext.new_page: Target page, context or browser has been closed",,,,191ac53bf0708de8381887c7ce08db5b9be3b27e707b03aa9da1243c4f82debc,,,,,,Airtel,airtel.in,0.0,Low,0.0,0.8524,0,False,False,0.0,-1,0.0,-1,0.0,-1,0.0,-1,False,False,False,False,False,,
run_20260409T090716Z,2026-04-09T09:08:22+00:00,PS-02_AIGR-S66270_NCIIPC_28_02_2026.xlsx,PS-02_AIGR-S66270_NCIIPC_28_02_2026.xlsx,https://homeloraestates.com,https://homeloraestates.com,,homeloraestates.com,homeloraestates.com,exact,failed,not_attempted,navigation_transient_browser_error,"BrowserContext.new_page: Target page, context or browser has been closed",,,,0a229a46b20d0dacd67518cc6feff4584d2e296996b06d6b168ce4e7fed25692,,,,,,State Bank of India (SBI),homeloans.sbi,0.0,Low,0.0,0.8844,0,False,False,0.0,-1,0.0,-1,0.0,-1,0.0,-1,False,False,False,False,False,,
run_20260409T090716Z,2026-04-09T09:08:22+00:00,PS-02_AIGR-S66270_NCIIPC_28_02_2026.xlsx,PS-02_AIGR-S66270_NCIIPC_28_02_2026.xlsx,https://iceaichi.com,https://iceaichi.com,,iceaichi.com,iceaichi.com,exact,failed,not_attempted,navigation_transient_browser_error,"BrowserContext.new_page: Target page, context or browser has been closed",,,,fa7885e2b57f2d04e782ba6972b1c89075c9b28bf6c2d8a2915e67def89b7cf7,,,,,,Income Tax Department,incometaxindia.gov.in,0.0,Low,0.0,0.7536,0,False,False,0.0,-1,0.0,-1,0.0,-1,0.0,-1,False,False,False,False,False,,
run_20260409T090716Z,2026-04-09T09:08:22+00:00,PS-02_AIGR-S66270_NCIIPC_28_02_2026.xlsx,PS-02_AIGR-S66270_NCIIPC_28_02_2026.xlsx,https://homeblaze.com,https://homeblaze.com,,homeblaze.com,homeblaze.com,exact,failed,not_attempted,navigation_transient_browser_error,"BrowserContext.new_page: Target page, context or browser has been closed",,,,b0321c4ca2e918ebe3d1cf1c2c4646a7f875bc3f6ba8f13dafafc7dde03865ad,,,,,,State Bank of India (SBI),homeloans.sbi,0.0,Low,0.0,0.8667,0,False,False,0.0,-1,0.0,-1,0.0,-1,0.0,-1,False,False,False,False,False,,
run_20260409T090716Z,2026-04-09T09:08:22+00:00,PS-02_AIGR-S66270_NCIIPC_28_02_2026.xlsx,PS-02_AIGR-S66270_NCIIPC_28_02_2026.xlsx,https://aireptile.com,https://aireptile.com,,aireptile.com,aireptile.com,exact,failed,not_attempted,navigation_transient_browser_error,"BrowserContext.new_page: Target page, context or browser has been closed",,,,ea6ded209cbb7f9bcd4cddec6e6acbe6c10edd2dffd62fc22ca9c8e016b79ccc,,,,,,Airtel,airtel.in,0.0,Low,0.0,0.8833,0,False,False,0.0,-1,0.0,-1,0.0,-1,0.0,-1,False,False,False,False,False,,
run_20260409T090716Z,2026-04-09T09:08:22+00:00,PS-02_AIGR-S66270_NCIIPC_28_02_2026.xlsx,PS-02_AIGR-S66270_NCIIPC_28_02_2026.xlsx,https://iacci.click,https://iacci.click,,iacci.click,iacci.click,exact,failed,not_attempted,navigation_transient_browser_error,"BrowserContext.new_page: Target page, context or browser has been closed",,,,b16ac2335483334f47b2348042845f077db4aa42081178c5c7b9a413f12ce523,,,,,,Indian Railway Catering and Tourism Corporation (IRCTC),irctctourism.com,0.0,Low,0.0,0.74,0,False,False,0.0,-1,0.0,-1,0.0,-1,0.0,-1,False,False,False,False,False,,
run_20260409T090716Z,2026-04-09T09:08:22+00:00,PS-02_AIGR-S66270_NCIIPC_28_02_2026.xlsx,PS-02_AIGR-S66270_NCIIPC_28_02_2026.xlsx,https://bossicardi.com,https://bossicardi.com,,bossicardi.com,bossicardi.com,exact,failed,not_attempted,navigation_transient_browser_error,"BrowserContext.new_page: Target page, context or browser has been closed",,,,8ebff6284710322f9f423d79ef669e1a9fe42c1551d6aa09949f4e6f784a4d10,,,,,,State Bank of India (SBI),sbicard.com,0.0,Low,0.0,0.8524,0,False,False,0.0,-1,0.0,-1,0.0,-1,0.0,-1,False,False,False,False,False,,
run_20260409T090716Z,2026-04-09T09:08:22+00:00,PS-02_AIGR-S66270_NCIIPC_28_02_2026.xlsx,PS-02_AIGR-S66270_NCIIPC_28_02_2026.xlsx,https://inhouseind.com,https://inhouseind.com,,inhouseind.com,inhouseind.com,exact,failed,not_attempted,navigation_transient_browser_error,"BrowserContext.new_page: Target page, context or browser has been closed",,,,ba474d002a6c3117c252e2dfb0fb6031e38920c7e941938c2e4a1bd72e411a8f,,,,,,Income Tax Department,incometaxindia.gov.in,0.0,Low,0.0,0.7867,0,False,False,0.0,-1,0.0,-1,0.0,-1,0.0,-1,False,False,False,False,False,,
run_20260409T090716Z,2026-04-09T09:08:22+00:00,PS-02_AIGR-S66270_NCIIPC_28_02_2026.xlsx,PS-02_AIGR-S66270_NCIIPC_28_02_2026.xlsx,https://homegrownparaelclasico.com,https://homegrownparaelclasico.com,,homegrownparaelclasico.com,homegrownparaelclasico.com,exact,failed,not_attempted,navigation_transient_browser_error,"BrowserContext.new_page: Target page, context or browser has been closed",,,,00ae90d3e442ad986ea2693d9e6741437a08f7c96c1a0333a80e18c69c8e896b,,,,,,State Bank of India (SBI),homeloans.sbi,0.0,Low,0.0,0.8596,0,False,False,0.0,-1,0.0,-1,0.0,-1,0.0,-1,False,False,False,False,False,,
run_20260409T090716Z,2026-04-09T09:08:22+00:00,PS-02_AIGR-S66270_NCIIPC_28_02_2026.xlsx,PS-02_AIGR-S66270_NCIIPC_28_02_2026.xlsx,https://aitherlab.org,https://aitherlab.org,,aitherlab.org,aitherlab.org,exact,failed,not_attempted,navigation_transient_browser_error,"BrowserContext.new_page: Target page, context or browser has been closed",,,,542836b7b405ff0061e91879048930dd0d1a315153138dd00a439c0a933190b0,,,,,,Airtel,airtel.in,0.0,Low,0.0,0.8667,0,False,False,0.0,-1,0.0,-1,0.0,-1,0.0,-1,False,False,False,False,False,,
run_20260409T090716Z,2026-04-09T09:08:22+00:00,PS-02_AIGR-S66270_NCIIPC_28_02_2026.xlsx,PS-02_AIGR-S66270_NCIIPC_28_02_2026.xlsx,https://nezha8.xyz,https://nezha8.xyz,,nezha8.xyz,nezha8.xyz,exact,failed,not_attempted,navigation_transient_browser_error,"BrowserContext.new_page: Target page, context or browser has been closed",,,,edb7cd93a9c4c35628f627f4d6bcc856aaf2987c6b96a32a5f871850cdcea708,,,,,,National Health Authority (NHA),nha.gov.in,0.0,Low,0.0,0.85,0,False,False,0.0,-1,0.0,-1,0.0,-1,0.0,-1,False,False,False,False,False,,
run_20260409T090716Z,2026-04-09T09:08:22+00:00,PS-02_AIGR-S66270_NCIIPC_28_02_2026.xlsx,PS-02_AIGR-S66270_NCIIPC_28_02_2026.xlsx,https://axiomsfx.xyz,https://axiomsfx.xyz,,axiomsfx.xyz,axiomsfx.xyz,exact,failed,not_attempted,navigation_transient_browser_error,"BrowserContext.new_page: Target page, context or browser has been closed",,,,b9518bfbb95f28bdda1991c781da81fc5bddaef5e6e994ae5c6f057c2437c670,,,,,,Axis Bank,axismf.com,0.0,Low,0.0,0.9028,0,False,False,0.0,-1,0.0,-1,0.0,-1,0.0,-1,False,False,False,False,False,,
run_20260409T090716Z,2026-04-09T09:08:22+00:00,PS-02_AIGR-S66270_NCIIPC_28_02_2026.xlsx,PS-02_AIGR-S66270_NCIIPC_28_02_2026.xlsx,https://sricard.com,https://sricard.com,,sricard.com,sricard.com,exact,failed,not_attempted,navigation_transient_browser_error,"BrowserContext.new_page: Target page, context or browser has been closed",,,,75a1505a5e0118f95a3fc4f84ce69a3558758381df1e1433c1ea3f389fce95f5,,,,,,State Bank of India (SBI),sbicard.com,0.0,Low,0.0,0.9143,0,False,False,0.0,-1,0.0,-1,0.0,-1,0.0,-1,False,False,False,False,False,,
run_20260409T090716Z,2026-04-09T09:08:22+00:00,PS-02_AIGR-S66270_NCIIPC_28_02_2026.xlsx,PS-02_AIGR-S66270_NCIIPC_28_02_2026.xlsx,https://labsonline.xyz,https://labsonline.xyz,,labsonline.xyz,labsonline.xyz,exact,failed,not_attempted,navigation_transient_browser_error,"BrowserContext.new_page: Target page, context or browser has been closed",,,,e54c755ff22d59c98b7fc6fbc1da9c14f86706b0914f01cdf61ff4e33280d1af,,,,,,Computer Age Management Services Ltd. (CAMS),camsonline.com,0.0,Low,0.0,0.8667,0,False,False,0.0,-1,0.0,-1,0.0,-1,0.0,-1,False,False,False,False,False,,
run_20260409T090716Z,2026-04-09T09:08:22+00:00,PS-02_AIGR-S66270_NCIIPC_28_02_2026.xlsx,PS-02_AIGR-S66270_NCIIPC_28_02_2026.xlsx,https://aiairhotel.com,https://aiairhotel.com,,aiairhotel.com,aiairhotel.com,exact,failed,not_attempted,navigation_transient_browser_error,"BrowserContext.new_page: Target page, context or browser has been closed",,,,60d2d8eec5042c1e9ebb6fc6fb1bcbb586f47e4f63c1d4e2a0af0b7ada0f8814,,,,,,Airtel,airtel.in,0.0,Low,0.0,0.8933,0,False,False,0.0,-1,0.0,-1,0.0,-1,0.0,-1,False,False,False,False,False,,
run_20260409T090716Z,2026-04-09T09:08:22+00:00,PS-02_AIGR-S66270_NCIIPC_28_02_2026.xlsx,PS-02_AIGR-S66270_NCIIPC_28_02_2026.xlsx,https://aiegis.app,https://aiegis.app,,aiegis.app,aiegis.app,exact,failed,not_attempted,navigation_transient_browser_error,"BrowserContext.new_page: Target page, context or browser has been closed",,,,23a3022f7ed215e60bd88b34318b235e4f93ae5f9aea5d27c604159642a53f8d,,,,,,All India Institute of Medical Sciences (AIIMS),aiims.edu,0.0,Low,0.0,0.8578,0,False,False,0.0,-1,0.0,-1,0.0,-1,0.0,-1,False,False,False,False,False,,
run_20260409T090716Z,2026-04-09T09:08:22+00:00,PS-02_AIGR-S66270_NCIIPC_28_02_2026.xlsx,PS-02_AIGR-S66270_NCIIPC_28_02_2026.xlsx,https://ftech.xyz,https://ftech.xyz,,ftech.xyz,ftech.xyz,exact,failed,not_attempted,navigation_transient_browser_error,"BrowserContext.new_page: Target page, context or browser has been closed",,,,da3821d12407e53796b5c1664bdb178ef7121e5fbf1d1b89c8546d4309b34ee3,,,,,,Kfintech,kfintech.com,0.0,Low,0.0,0.875,0,False,False,0.0,-1,0.0,-1,0.0,-1,0.0,-1,False,False,False,False,False,,
run_20260409T090716Z,2026-04-09T09:08:22+00:00,PS-02_AIGR-S66270_NCIIPC_28_02_2026.xlsx,PS-02_AIGR-S66270_NCIIPC_28_02_2026.xlsx,https://canadabroadcasting.com,https://canadabroadcasting.com,,canadabroadcasting.com,canadabroadcasting.com,exact,failed,not_attempted,navigation_transient_browser_error,"BrowserContext.new_page: Target page, context or browser has been closed",,,,b0aab682210438fb5ec252f3b33ac0228e2bbc1d871a3ab6266f82a278c5da06,,,,,,Canara Bank,canarahsbclife.com,0.0,Low,0.0,0.6899,0,False,False,0.0,-1,0.0,-1,0.0,-1,0.0,-1,False,False,False,False,False,,
run_20260409T090716Z,2026-04-09T09:08:22+00:00,PS-02_AIGR-S66270_NCIIPC_28_02_2026.xlsx,PS-02_AIGR-S66270_NCIIPC_28_02_2026.xlsx,https://myvito.com,https://myvito.com,,myvito.com,myvito.com,exact,failed,not_attempted,navigation_transient_browser_error,"BrowserContext.new_page: Target page, context or browser has been closed",,,,35b0381002fb03212241825308c1a85748d9655adcb2c33f34a08ffcb00ecf33,,,,,,Vodafone Idea (VI),myvi.in,0.0,Low,0.0,0.9333,0,False,False,0.0,-1,0.0,-1,0.0,-1,0.0,-1,False,False,False,False,False,,
run_20260409T090716Z,2026-04-09T09:08:22+00:00,PS-02_AIGR-S66270_NCIIPC_28_02_2026.xlsx,PS-02_AIGR-S66270_NCIIPC_28_02_2026.xlsx,https://onlinegrittech.com,https://onlinegrittech.com,,onlinegrittech.com,onlinegrittech.com,exact,failed,not_attempted,navigation_transient_browser_error,"BrowserContext.new_page: Target page, context or browser has been closed",,,,6169543bb5a2fdccc6633021cc9da7080f77379b51abbcbe4cfd56ad789b79ef,,,,,,State Bank of India (SBI),corp.onlinesbi.sbi,0.0,Low,0.0,0.8556,0,False,False,0.0,-1,0.0,-1,0.0,-1,0.0,-1,False,False,False,False,False,,
run_20260409T090716Z,2026-04-09T09:08:22+00:00,PS-02_AIGR-S66270_NCIIPC_28_02_2026.xlsx,PS-02_AIGR-S66270_NCIIPC_28_02_2026.xlsx,https://onlineberatung.plus,https://onlineberatung.plus,,onlineberatung.plus,onlineberatung.plus,exact,failed,not_attempted,navigation_transient_browser_error,"BrowserContext.new_page: Target page, context or browser has been closed",,,,fcf0915bbb7d581fd4c45edf980ab00f5e340781de9a33e1915a87fd1400593c,,,,,,State Bank of India (SBI),corp.onlinesbi.sbi,0.0,Low,0.0,0.8556,0,False,False,0.0,-1,0.0,-1,0.0,-1,0.0,-1,False,False,False,False,False,,
run_20260409T090716Z,2026-04-09T09:08:22+00:00,PS-02_AIGR-S66270_NCIIPC_28_02_2026.xlsx,PS-02_AIGR-S66270_NCIIPC_28_02_2026.xlsx,https://axcs.club,https://axcs.club,,axcs.club,axcs.club,exact,failed,not_attempted,navigation_transient_browser_error,"BrowserContext.new_page: Target page, context or browser has been closed",,,,cecbcee8e1cba9b4158795fd1e661f2cdf915350e561623b2d500704bfd81ed5,,,,,,Axis Bank,axismf.com,0.0,Low,0.0,0.8,0,False,False,0.0,-1,0.0,-1,0.0,-1,0.0,-1,False,False,False,False,False,,
run_20260409T090716Z,2026-04-09T09:08:22+00:00,PS-02_AIGR-S66270_NCIIPC_28_02_2026.xlsx,PS-02_AIGR-S66270_NCIIPC_28_02_2026.xlsx,https://homeloanservice.com,https://homeloanservice.com,,homeloanservice.com,homeloanservice.com,exact,failed,not_attempted,navigation_transient_browser_error,"BrowserContext.new_page: Target page, context or browser has been closed",,,,39977cba697fe2f9971e7901a7fe094b1fe87d2441ce352dc9803307f46cae0c,,,,,,State Bank of India (SBI),homeloans.sbi,0.0,Low,0.0,0.92,0,False,False,0.0,-1,0.0,-1,0.0,-1,0.0,-1,False,False,False,False,False,,
run_20260409T090716Z,2026-04-09T09:08:22+00:00,PS-02_AIGR-S66270_NCIIPC_28_02_2026.xlsx,PS-02_AIGR-S66270_NCIIPC_28_02_2026.xlsx,https://onlinecasinos77poland.com,https://onlinecasinos77poland.com,,onlinecasinos77poland.com,onlinecasinos77poland.com,exact,failed,not_attempted,navigation_transient_browser_error,"BrowserContext.new_page: Target page, context or browser has been closed",,,,4bcf8b73428733cab40675bdd18e847a07adaf4a40e4f63b515978ed3dbdf4db,,,,,,State Bank of India (SBI),corp.onlinesbi.sbi,0.0,Low,0.0,0.854,0,False,False,0.0,-1,0.0,-1,0.0,-1,0.0,-1,False,False,False,False,False,,
run_20260409T090716Z,2026-04-09T09:08:22+00:00,PS-02_AIGR-S66270_NCIIPC_28_02_2026.xlsx,PS-02_AIGR-S66270_NCIIPC_28_02_2026.xlsx,https://online-astro.com,https://online-astro.com,,online-astro.com,online-astro.com,exact,failed,not_attempted,navigation_transient_browser_error,"BrowserContext.new_page: Target page, context or browser has been closed",,,,4c11f74b174b1a2b2070ad50427cef1d7a8fe4d1774cd1572787402e63fdca88,,,,,,State Bank of India (SBI),corp.onlinesbi.sbi,0.0,Low,0.0,0.8722,0,False,False,0.0,-1,0.0,-1,0.0,-1,0.0,-1,False,False,False,False,False,,
run_20260409T090716Z,2026-04-09T09:08:22+00:00,PS-02_AIGR-S66270_NCIIPC_28_02_2026.xlsx,PS-02_AIGR-S66270_NCIIPC_28_02_2026.xlsx,https://homeaaa.com,https://homeaaa.com,,homeaaa.com,homeaaa.com,exact,failed,not_attempted,navigation_transient_browser_error,"BrowserContext.new_page: Target page, context or browser has been closed",,,,24de2611ee6a504ec6d85fb2d3b7ee712d9394f93a4e2d61f287f23c46ce9879,,,,,,State Bank of India (SBI),homeloans.sbi,0.0,Low,0.0,0.854,0,False,False,0.0,-1,0.0,-1,0.0,-1,0.0,-1,False,False,False,False,False,,
run_20260409T090716Z,2026-04-09T09:08:22+00:00,PS-02_AIGR-S66270_NCIIPC_28_02_2026.xlsx,PS-02_AIGR-S66270_NCIIPC_28_02_2026.xlsx,https://onlinepsychicfaire.com,https://onlinepsychicfaire.com,,onlinepsychicfaire.com,onlinepsychicfaire.com,exact,failed,not_attempted,navigation_transient_browser_error,"BrowserContext.new_page: Target page, context or browser has been closed",,,,162e010503b7fd08c67bcbfe7849615f68a84454c3c0bef6f0cf80382e88a7da,,,,,,State Bank of India (SBI),corp.onlinesbi.sbi,0.0,Low,0.0,0.8667,0,False,False,0.0,-1,0.0,-1,0.0,-1,0.0,-1,False,False,False,False,False,,
run_20260409T090716Z,2026-04-09T09:08:22+00:00,PS-02_AIGR-S66270_NCIIPC_28_02_2026.xlsx,PS-02_AIGR-S66270_NCIIPC_28_02_2026.xlsx,https://canadianbread.com,https://canadianbread.com,,canadianbread.com,canadianbread.com,exact,failed,not_attempted,navigation_transient_browser_error,"BrowserContext.new_page: Target page, context or browser has been closed",,,,ba78ff8c2604b4dec38c933ab2c6caf0d3556d51636c0630b05ffeb0f4762bae,,,,,,Canara Bank,canarahsbclife.com,0.0,Low,0.0,0.8448,0,False,False,0.0,-1,0.0,-1,0.0,-1,0.0,-1,False,False,False,False,False,,
run_20260409T090716Z,2026-04-09T09:08:22+00:00,PS-02_AIGR-S66270_NCIIPC_28_02_2026.xlsx,PS-02_AIGR-S66270_NCIIPC_28_02_2026.xlsx,https://nezha4.com,https://nezha4.com,,nezha4.com,nezha4.com,exact,failed,not_attempted,navigation_transient_browser_error,"BrowserContext.new_page: Target page, context or browser has been closed",,,,4ad6036df03decdc54c81289b29c57cdeca3b30b3ec81aa24c2d90c28e1023a3,,,,,,National Health Authority (NHA),nha.gov.in,0.0,Low,0.0,0.85,0,False,False,0.0,-1,0.0,-1,0.0,-1,0.0,-1,False,False,False,False,False,,
run_20260409T090716Z,2026-04-09T09:08:22+00:00,PS-02_AIGR-S66270_NCIIPC_28_02_2026.xlsx,PS-02_AIGR-S66270_NCIIPC_28_02_2026.xlsx,https://industri.us,https://industri.us,,industri.us,industri.us,exact,failed,not_attempted,navigation_transient_browser_error,"BrowserContext.new_page: Target page, context or browser has been closed",,,,1aadb696637a9f7b97fc925c2f8a330cde162cd36a5d30fe81f03bc28f95e8ca,,,,,,"Unique Identification Authority of India (UIDAI)
",uidai.gov.in,0.0,Low,0.0,0.6833,0,False,False,0.0,-1,0.0,-1,0.0,-1,0.0,-1,False,False,False,False,False,,
run_20260409T090716Z,2026-04-09T09:08:22+00:00,PS-02_AIGR-S66270_NCIIPC_28_02_2026.xlsx,PS-02_AIGR-S66270_NCIIPC_28_02_2026.xlsx,https://panbe.buzz,https://panbe.buzz,,panbe.buzz,panbe.buzz,exact,failed,not_attempted,navigation_transient_browser_error,"BrowserContext.new_page: Target page, context or browser has been closed",,,,4609d2bff5d175e97107b96ec035b710f60b3236404bb2c560d32f65bdb46d39,,,,,,Canara Bank,canararobeco.com,0.0,Low,0.0,0.7111,0,False,False,0.0,-1,0.0,-1,0.0,-1,0.0,-1,False,False,False,False,False,,
run_20260409T090716Z,2026-04-09T09:08:22+00:00,PS-02_AIGR-S66270_NCIIPC_28_02_2026.xlsx,PS-02_AIGR-S66270_NCIIPC_28_02_2026.xlsx,https://aivitamuse.com,https://aivitamuse.com,,aivitamuse.com,aivitamuse.com,exact,failed,not_attempted,navigation_transient_browser_error,"BrowserContext.new_page: Target page, context or browser has been closed",,,,1738a0ede48cb0113ac031e569610818d72516085691b867a0a0b0e8045872d1,,,,,,All India Institute of Medical Sciences (AIIMS),aiims.edu,0.0,Low,0.0,0.8667,0,False,False,0.0,-1,0.0,-1,0.0,-1,0.0,-1,False,False,False,False,False,,
run_20260409T090716Z,2026-04-09T09:08:22+00:00,PS-02_AIGR-S66270_NCIIPC_28_02_2026.xlsx,PS-02_AIGR-S66270_NCIIPC_28_02_2026.xlsx,https://para.land,https://para.land,,para.land,para.land,exact,failed,not_attempted,navigation_transient_browser_error,"BrowserContext.new_page: Target page, context or browser has been closed",,,,a133310a38386baee3840590ceb35886166977ea83148eef5e6e5f64184e1356,,,,,,parivahan sewa,parivahan.gov.in,0.0,Low,0.0,0.8704,0,False,False,0.0,-1,0.0,-1,0.0,-1,0.0,-1,False,False,False,False,False,,
run_20260409T090716Z,2026-04-09T09:08:22+00:00,PS-02_AIGR-S66270_NCIIPC_28_02_2026.xlsx,PS-02_AIGR-S66270_NCIIPC_28_02_2026.xlsx,https://axisframing.co.uk,https://axisframing.co.uk,,axisframing.co.uk,axisframing.co.uk,exact,failed,not_attempted,navigation_transient_browser_error,"BrowserContext.new_page: Target page, context or browser has been closed",,,,1df7e034f40a96fe09407823d5ece55a68f5c0c38d0fad6c086bfeab39850b40,,,,,,Axis Bank,axismf.com,0.0,Low,0.0,0.8758,0,False,False,0.0,-1,0.0,-1,0.0,-1,0.0,-1,False,False,False,False,False,,
run_20260409T090716Z,2026-04-09T09:08:22+00:00,PS-02_AIGR-S66270_NCIIPC_28_02_2026.xlsx,PS-02_AIGR-S66270_NCIIPC_28_02_2026.xlsx,https://indulskin.com,https://indulskin.com,,indulskin.com,indulskin.com,exact,failed,not_attempted,navigation_transient_browser_error,"BrowserContext.new_page: Target page, context or browser has been closed",,,,7c0ec34f64737e11dc845495f1a2a05d794936f816ef44572b6310c56b689c51,,,,,,"Unique Identification Authority of India (UIDAI)
",uidai.gov.in,0.0,Low,0.0,0.6648,0,False,False,0.0,-1,0.0,-1,0.0,-1,0.0,-1,False,False,False,False,False,,
run_20260409T090716Z,2026-04-09T09:08:22+00:00,PS-02_AIGR-S66270_NCIIPC_28_02_2026.xlsx,PS-02_AIGR-S66270_NCIIPC_28_02_2026.xlsx,https://rbi-g.com,https://rbi-g.com,,rbi-g.com,rbi-g.com,exact,failed,not_attempted,navigation_transient_browser_error,"BrowserContext.new_page: Target page, context or browser has been closed",,,,ac26d96539b8a0682f20a4b121e06b8b1500bb8ae6097ebdae8d8122e8006436,,,,,,Reserve Bank of India (RBI),rbi.org.in,0.0,Low,0.0,0.9067,0,False,False,0.0,-1,0.0,-1,0.0,-1,0.0,-1,False,False,False,False,False,,
run_20260409T090716Z,2026-04-09T09:08:22+00:00,PS-02_AIGR-S66270_NCIIPC_28_02_2026.xlsx,PS-02_AIGR-S66270_NCIIPC_28_02_2026.xlsx,https://jiwon.zone,https://jiwon.zone,,jiwon.zone,jiwon.zone,exact,failed,not_attempted,navigation_transient_browser_error,"BrowserContext.new_page: Target page, context or browser has been closed",,,,b53ff83eb236536bcad470a3447609187b30e845e86a50a975a579cdbc5a43b7,,,,,,Jio,jio.com,0.0,Low,0.0,0.8933,0,False,False,0.0,-1,0.0,-1,0.0,-1,0.0,-1,False,False,False,False,False,,
run_20260409T090716Z,2026-04-09T09:08:22+00:00,PS-02_AIGR-S66270_NCIIPC_28_02_2026.xlsx,PS-02_AIGR-S66270_NCIIPC_28_02_2026.xlsx,https://rbizone.com,https://rbizone.com,,rbizone.com,rbizone.com,exact,failed,not_attempted,navigation_transient_browser_error,"BrowserContext.new_page: Target page, context or browser has been closed",,,,73d7436d5db5f5f2af0b8eb04ac25a4ef28b1e27890cdfc9905f58078c4115b5,,,,,,Reserve Bank of India (RBI),rbi.org.in,0.0,Low,0.0,0.8667,0,False,False,0.0,-1,0.0,-1,0.0,-1,0.0,-1,False,False,False,False,False,,
run_20260409T090716Z,2026-04-09T09:08:22+00:00,PS-02_AIGR-S66270_NCIIPC_28_02_2026.xlsx,PS-02_AIGR-S66270_NCIIPC_28_02_2026.xlsx,https://rubix.xyz,https://rubix.xyz,,rubix.xyz,rubix.xyz,exact,failed,not_attempted,navigation_transient_browser_error,"BrowserContext.new_page: Target page, context or browser has been closed",,,,f7d7d773d94b3ab28756341790b9fb74089baa40d1d1c88da08b410987239460,,,,,,Reserve Bank of India (RBI),rbi.org.in,0.0,Low,0.0,0.88,0,False,False,0.0,-1,0.0,-1,0.0,-1,0.0,-1,False,False,False,False,False,,
run_20260409T090716Z,2026-04-09T09:08:22+00:00,PS-02_AIGR-S66270_NCIIPC_28_02_2026.xlsx,PS-02_AIGR-S66270_NCIIPC_28_02_2026.xlsx,https://axis-health.co.uk,https://axis-health.co.uk,,axis-health.co.uk,axis-health.co.uk,exact,failed,not_attempted,navigation_transient_browser_error,"BrowserContext.new_page: Target page, context or browser has been closed",,,,e4c4de5baab2154b082c9cab699524eaf9f32798a307472f643fc02ac0443b76,,,,,,Axis Bank,axismaxlife.com,0.0,Low,0.0,0.826,0,False,False,0.0,-1,0.0,-1,0.0,-1,0.0,-1,False,False,False,False,False,,
run_20260409T090716Z,2026-04-09T09:08:22+00:00,PS-02_AIGR-S66270_NCIIPC_28_02_2026.xlsx,PS-02_AIGR-S66270_NCIIPC_28_02_2026.xlsx,https://coalindia.energy,https://coalindia.energy,,coalindia.energy,coalindia.energy,exact,failed,not_attempted,navigation_transient_browser_error,"BrowserContext.new_page: Target page, context or browser has been closed",,,,349e556d6f6db5921fb3cb9a9802a2d7c5eb77ad2ec11bf0bd7187440164ec96,,,,,,Coal India,coalindiatenders.nic.in,0.0,Low,0.0,0.9125,0,False,False,0.0,-1,0.0,-1,0.0,-1,0.0,-1,False,False,False,False,False,,
run_20260409T090716Z,2026-04-09T09:08:22+00:00,PS-02_AIGR-S66270_NCIIPC_28_02_2026.xlsx,PS-02_AIGR-S66270_NCIIPC_28_02_2026.xlsx,https://onlinecoaching.click,https://onlinecoaching.click,,onlinecoaching.click,onlinecoaching.click,exact,failed,not_attempted,navigation_transient_browser_error,"BrowserContext.new_page: Target page, context or browser has been closed",,,,340f28fd939382339a06bf753ec23dced70997bc3fbf293d859ab64718f35fb9,,,,,,State Bank of India (SBI),corp.onlinesbi.sbi,0.0,Low,0.0,0.8556,0,False,False,0.0,-1,0.0,-1,0.0,-1,0.0,-1,False,False,False,False,False,,
run_20260409T090716Z,2026-04-09T09:08:22+00:00,PS-02_AIGR-S66270_NCIIPC_28_02_2026.xlsx,PS-02_AIGR-S66270_NCIIPC_28_02_2026.xlsx,https://onlinemodding.com,https://onlinemodding.com,,onlinemodding.com,onlinemodding.com,exact,failed,not_attempted,navigation_transient_browser_error,"BrowserContext.new_page: Target page, context or browser has been closed",,,,455e1e0f283c79b65bc805517f2a12b004628788796302b27ba7dd98aa0938db,,,,,,State Bank of India (SBI),corp.onlinesbi.sbi,0.0,Low,0.0,0.8632,0,False,False,0.0,-1,0.0,-1,0.0,-1,0.0,-1,False,False,False,False,False,,
run_20260409T090716Z,2026-04-09T09:08:22+00:00,PS-02_AIGR-S66270_NCIIPC_28_02_2026.xlsx,PS-02_AIGR-S66270_NCIIPC_28_02_2026.xlsx,https://myviralmailer.com,https://myviralmailer.com,,myviralmailer.com,myviralmailer.com,exact,failed,not_attempted,navigation_transient_browser_error,"BrowserContext.new_page: Target page, context or browser has been closed",,,,39eb657a25a9b3782d788abc92e75f2d8be6a1937524ced59d7df03128dacd88,,,,,,Vodafone Idea (VI),myvi.in,0.0,Low,0.0,0.8615,0,False,False,0.0,-1,0.0,-1,0.0,-1,0.0,-1,False,False,False,False,False,,
run_20260409T090716Z,2026-04-09T09:08:22+00:00,PS-02_AIGR-S66270_NCIIPC_28_02_2026.xlsx,PS-02_AIGR-S66270_NCIIPC_28_02_2026.xlsx,https://aireplacement.com,https://aireplacement.com,,aireplacement.com,aireplacement.com,exact,failed,not_attempted,navigation_transient_browser_error,"BrowserContext.new_page: Target page, context or browser has been closed",,,,3c9941feee023ea416bd6a72ded5578b2c919c89890a2b5f32c27f5cb3b64b5c,,,,,,Airtel,airtel.in,0.0,Low,0.0,0.8175,0,False,False,0.0,-1,0.0,-1,0.0,-1,0.0,-1,False,False,False,False,False,,
run_20260409T090716Z,2026-04-09T09:08:22+00:00,PS-02_AIGR-S66270_NCIIPC_28_02_2026.xlsx,PS-02_AIGR-S66270_NCIIPC_28_02_2026.xlsx,https://aireal.agency,https://aireal.agency,,aireal.agency,aireal.agency,exact,failed,not_attempted,navigation_transient_browser_error,"BrowserContext.new_page: Target page, context or browser has been closed",,,,dbb7597736ea82a005934276c4888eac6edef69e238c348692a15bca3a4b9adb,,,,,,Airtel,airtel.in,0.0,Low,0.0,0.9222,0,False,False,0.0,-1,0.0,-1,0.0,-1,0.0,-1,False,False,False,False,False,,
run_20260409T090716Z,2026-04-09T09:08:22+00:00,PS-02_AIGR-S66270_NCIIPC_28_02_2026.xlsx,PS-02_AIGR-S66270_NCIIPC_28_02_2026.xlsx,https://redseaairlines.net.ru,https://redseaairlines.net.ru,,redseaairlines.net.ru,redseaairlines.net.ru,exact,failed,not_attempted,navigation_transient_browser_error,"BrowserContext.new_page: Target page, context or browser has been closed",,,,5d0d619a87a7af6e694cf20e4717da90e0c29461a8cc582519ba17f7781566b0,,,,,,Punjab National Bank (PNB),netpnb.com,0.0,Low,0.0,0.8833,0,False,False,0.0,-1,0.0,-1,0.0,-1,0.0,-1,False,False,False,False,False,,
run_20260409T090716Z,2026-04-09T09:08:22+00:00,PS-02_AIGR-S66270_NCIIPC_28_02_2026.xlsx,PS-02_AIGR-S66270_NCIIPC_28_02_2026.xlsx,https://axiscapexperts.shop,https://axiscapexperts.shop,,axiscapexperts.shop,axiscapexperts.shop,exact,failed,not_attempted,navigation_transient_browser_error,"BrowserContext.new_page: Target page, context or browser has been closed",,,,c6ecf648b6a72988358e1c8acef3fc2c0301a86077ed3765d46a211f7341c474,,,,,,Air India,airindiaexpress.com,0.0,Low,0.0,0.6735,0,False,False,0.0,-1,0.0,-1,0.0,-1,0.0,-1,False,False,False,False,False,,
run_20260409T090716Z,2026-04-09T09:08:22+00:00,PS-02_AIGR-S66270_NCIIPC_28_02_2026.xlsx,PS-02_AIGR-S66270_NCIIPC_28_02_2026.xlsx,https://parimatch1-ua.net.ua,https://parimatch1-ua.net.ua,,parimatch1-ua.net.ua,parimatch1-ua.net.ua,exact,failed,not_attempted,navigation_transient_browser_error,"BrowserContext.new_page: Target page, context or browser has been closed",,,,589a066b1330cb965dc3d5eee344fa3301b8b3e9d73e64cd7ee28b0ce838bbf7,,,,,,parivahan sewa,parivahan.gov.in,0.0,Low,0.0,0.8632,0,False,False,0.0,-1,0.0,-1,0.0,-1,0.0,-1,False,False,False,False,False,,
run_20260409T090716Z,2026-04-09T09:08:22+00:00,PS-02_AIGR-S66270_NCIIPC_28_02_2026.xlsx,PS-02_AIGR-S66270_NCIIPC_28_02_2026.xlsx,https://home-dot-cares.com,https://home-dot-cares.com,,home-dot-cares.com,home-dot-cares.com,exact,failed,not_attempted,navigation_transient_browser_error,"BrowserContext.new_page: Target page, context or browser has been closed",,,,ea2c7819c00eb995cf3f0a6828ad60532744ff31c601ab95749fd16a255ee56b,,,,,,State Bank of India (SBI),homeloans.sbi,0.0,Low,0.0,0.8556,0,False,False,0.0,-1,0.0,-1,0.0,-1,0.0,-1,False,False,False,False,False,,
run_20260409T090716Z,2026-04-09T09:08:22+00:00,PS-02_AIGR-S66270_NCIIPC_28_02_2026.xlsx,PS-02_AIGR-S66270_NCIIPC_28_02_2026.xlsx,https://rbisec.ru,https://rbisec.ru,,rbisec.ru,rbisec.ru,exact,failed,not_attempted,navigation_transient_browser_error,"BrowserContext.new_page: Target page, context or browser has been closed",,,,081d1d0e1a2ee45b04d1403df19f231b7d51ab552682c3cd270ba788e10f2ba3,,,,,,Reserve Bank of India (RBI),rbi.org.in,0.0,Low,0.0,0.8833,0,False,False,0.0,-1,0.0,-1,0.0,-1,0.0,-1,False,False,False,False,False,,
run_20260409T090716Z,2026-04-09T09:08:22+00:00,PS-02_AIGR-S66270_NCIIPC_28_02_2026.xlsx,PS-02_AIGR-S66270_NCIIPC_28_02_2026.xlsx,https://onlinecasinotop.ru,https://onlinecasinotop.ru,,onlinecasinotop.ru,onlinecasinotop.ru,exact,failed,not_attempted,navigation_transient_browser_error,"BrowserContext.new_page: Target page, context or browser has been closed",,,,11f1f1900a4ce5373c92112600a466dffb3da4fe6282295e18d2e25fc1f3d027,,,,,,State Bank of India (SBI),corp.onlinesbi.sbi,0.0,Low,0.0,0.8844,0,False,False,0.0,-1,0.0,-1,0.0,-1,0.0,-1,False,False,False,False,False,,
run_20260409T090716Z,2026-04-09T09:08:22+00:00,PS-02_AIGR-S66270_NCIIPC_28_02_2026.xlsx,PS-02_AIGR-S66270_NCIIPC_28_02_2026.xlsx,https://irpiniaexpress.com,https://irpiniaexpress.com,,irpiniaexpress.com,irpiniaexpress.com,exact,failed,not_attempted,navigation_transient_browser_error,"BrowserContext.new_page: Target page, context or browser has been closed",,,,10f3786b9890e2f4c5ce509574023448c9f8360f6d106e8157ef55e10f9ddcf0,,,,,,Air India,airindiaexpress.com,0.0,Low,0.0,0.9266,0,False,False,0.0,-1,0.0,-1,0.0,-1,0.0,-1,False,False,False,False,False,,
run_20260409T090716Z,2026-04-09T09:08:22+00:00,PS-02_AIGR-S66270_NCIIPC_28_02_2026.xlsx,PS-02_AIGR-S66270_NCIIPC_28_02_2026.xlsx,https://netonsbes.org,https://netonsbes.org,,netonsbes.org,netonsbes.org,exact,failed,not_attempted,navigation_transient_browser_error,"BrowserContext.new_page: Target page, context or browser has been closed",,,,7489544c8127cdc7e7dee897fe5fdc28b9ec0ff5b6d75501f73412e9b3b9d444,,,,,,Punjab National Bank (PNB),netpnb.com,0.0,Low,0.0,0.8574,0,False,False,0.0,-1,0.0,-1,0.0,-1,0.0,-1,False,False,False,False,False,,
run_20260409T090716Z,2026-04-09T09:08:22+00:00,PS-02_AIGR-S66270_NCIIPC_28_02_2026.xlsx,PS-02_AIGR-S66270_NCIIPC_28_02_2026.xlsx,https://camzone.nl,https://camzone.nl,,camzone.nl,camzone.nl,exact,failed,not_attempted,navigation_transient_browser_error,"BrowserContext.new_page: Target page, context or browser has been closed",,,,3f5f1a732831fe570d3696aaf680f1c814972189547762e1bda113f2c4a68d6d,,,,,,Computer Age Management Services Ltd. (CAMS),camsonline.com,0.0,Low,0.0,0.8733,0,False,False,0.0,-1,0.0,-1,0.0,-1,0.0,-1,False,False,False,False,False,,
run_20260409T090716Z,2026-04-09T09:08:22+00:00,PS-02_AIGR-S66270_NCIIPC_28_02_2026.xlsx,PS-02_AIGR-S66270_NCIIPC_28_02_2026.xlsx,https://cartel.blog,https://cartel.blog,,cartel.blog,cartel.blog,exact,failed,not_attempted,navigation_transient_browser_error,"BrowserContext.new_page: Target page, context or browser has been closed",,,,0fe09403a4b59d7bb6594abeaa358cac3c1a973e2f4292adc340160024557f59,,,,,,Airtel,airtel.in,0.0,Low,0.0,0.8889,0,False,False,0.0,-1,0.0,-1,0.0,-1,0.0,-1,False,False,False,False,False,,
run_20260409T090716Z,2026-04-09T09:08:22+00:00,PS-02_AIGR-S66270_NCIIPC_28_02_2026.xlsx,PS-02_AIGR-S66270_NCIIPC_28_02_2026.xlsx,https://arbm.io,https://arbm.io,,arbm.io,arbm.io,exact,failed,not_attempted,navigation_transient_browser_error,"BrowserContext.new_page: Target page, context or browser has been closed",,,,341f6d18d3c311ad7e4a8027f8a6923f5e73e736aa346549358a8fdaa20723b4,,,,,,National Health Authority (NHA),abdm.gov.in,0.0,Low,0.0,0.85,0,False,False,0.0,-1,0.0,-1,0.0,-1,0.0,-1,False,False,False,False,False,,
run_20260409T090716Z,2026-04-09T09:08:22+00:00,PS-02_AIGR-S66270_NCIIPC_28_02_2026.xlsx,PS-02_AIGR-S66270_NCIIPC_28_02_2026.xlsx,https://onlinebsnreviews.com,https://onlinebsnreviews.com,,onlinebsnreviews.com,onlinebsnreviews.com,exact,failed,not_attempted,navigation_transient_browser_error,"BrowserContext.new_page: Target page, context or browser has been closed",,,,ee2e86afb663d805a24a4065fcc739a2c84c85d21474f88d5aecd580a2e4104c,,,,,,State Bank of India (SBI),corp.onlinesbi.sbi,0.0,Low,0.0,0.8903,0,False,False,0.0,-1,0.0,-1,0.0,-1,0.0,-1,False,False,False,False,False,,
run_20260409T090716Z,2026-04-09T09:08:22+00:00,PS-02_AIGR-S66270_NCIIPC_28_02_2026.xlsx,PS-02_AIGR-S66270_NCIIPC_28_02_2026.xlsx,https://axisllm.vip,https://axisllm.vip,,axisllm.vip,axisllm.vip,exact,failed,not_attempted,navigation_transient_browser_error,"BrowserContext.new_page: Target page, context or browser has been closed",,,,9899231a0b1af5902268f66d912fc945f48ddf49c035cb0539f75e5fc3412aab,,,,,,Axis Bank,axismf.com,0.0,Low,0.0,0.9095,0,False,False,0.0,-1,0.0,-1,0.0,-1,0.0,-1,False,False,False,False,False,,
run_20260409T090716Z,2026-04-09T09:08:22+00:00,PS-02_AIGR-S66270_NCIIPC_28_02_2026.xlsx,PS-02_AIGR-S66270_NCIIPC_28_02_2026.xlsx,https://robit.cloud,https://robit.cloud,,robit.cloud,robit.cloud,exact,failed,not_attempted,navigation_transient_browser_error,"BrowserContext.new_page: Target page, context or browser has been closed",,,,29718501b0c49f9c15003a91c86f9b0921302c8de466824b4b2dd9c0eec16118,,,,,,Reserve Bank of India (RBI),rbi.org.in,0.0,Low,0.0,0.88,0,False,False,0.0,-1,0.0,-1,0.0,-1,0.0,-1,False,False,False,False,False,,
run_20260409T090716Z,2026-04-09T09:08:22+00:00,PS-02_AIGR-S66270_NCIIPC_28_02_2026.xlsx,PS-02_AIGR-S66270_NCIIPC_28_02_2026.xlsx,https://onlineerka.xyz,https://onlineerka.xyz,,onlineerka.xyz,onlineerka.xyz,exact,failed,not_attempted,navigation_transient_browser_error,"BrowserContext.new_page: Target page, context or browser has been closed",,,,cc6738413fc5bcc7aa9a458e8f5f578f5321acf12233a03696b7b8fcf5f227c8,,,,,,State Bank of India (SBI),corp.onlinesbi.sbi,0.0,Low,0.0,0.8533,0,False,False,0.0,-1,0.0,-1,0.0,-1,0.0,-1,False,False,False,False,False,,
run_20260409T090716Z,2026-04-09T09:08:22+00:00,PS-02_AIGR-S66270_NCIIPC_28_02_2026.xlsx,PS-02_AIGR-S66270_NCIIPC_28_02_2026.xlsx,https://parisian99.com,https://parisian99.com,,parisian99.com,parisian99.com,exact,failed,not_attempted,navigation_transient_browser_error,"BrowserContext.new_page: Target page, context or browser has been closed",,,,046b04016a4ce9a78fe9931efb3357cde0cc49b4f6f77d8cf9db979dcd23d0ec,,,,,,parivahan sewa,parivahan.gov.in,0.0,Low,0.0,0.8533,0,False,False,0.0,-1,0.0,-1,0.0,-1,0.0,-1,False,False,False,False,False,,
run_20260409T090716Z,2026-04-09T09:08:22+00:00,PS-02_AIGR-S66270_NCIIPC_28_02_2026.xlsx,PS-02_AIGR-S66270_NCIIPC_28_02_2026.xlsx,https://punbiz.com,https://punbiz.com,,punbiz.com,punbiz.com,exact,failed,not_attempted,navigation_transient_browser_error,"BrowserContext.new_page: Target page, context or browser has been closed",,,,a8b3ba17031f0ec0f8b65d0da5118f61be3127f5d7721b8b2af35a1a01bccb2f,,,,,,Punjab National Bank (PNB),pnbindia.in,0.0,Low,0.0,0.75,0,False,False,0.0,-1,0.0,-1,0.0,-1,0.0,-1,False,False,False,False,False,,
run_20260409T090716Z,2026-04-09T09:08:22+00:00,PS-02_AIGR-S66270_NCIIPC_28_02_2026.xlsx,PS-02_AIGR-S66270_NCIIPC_28_02_2026.xlsx,https://lifeforge.net.ru,https://lifeforge.net.ru,,lifeforge.net.ru,lifeforge.net.ru,exact,failed,not_attempted,navigation_transient_browser_error,"BrowserContext.new_page: Target page, context or browser has been closed",,,,dc9ec4a4892ce3a03b4a256f8c20028105c30e7f7751986ae2f0ebfb82819401,,,,,,Punjab National Bank (PNB),netpnb.com,0.0,Low,0.0,0.8833,0,False,False,0.0,-1,0.0,-1,0.0,-1,0.0,-1,False,False,False,False,False,,
run_20260409T090716Z,2026-04-09T09:08:22+00:00,PS-02_AIGR-S66270_NCIIPC_28_02_2026.xlsx,PS-02_AIGR-S66270_NCIIPC_28_02_2026.xlsx,https://spectralpayments.com,https://spectralpayments.com,,spectralpayments.com,spectralpayments.com,exact,failed,not_attempted,navigation_transient_browser_error,"BrowserContext.new_page: Target page, context or browser has been closed",,,,a56f5ed0ee6e7c555cf09f108165d451dec3c17c9001b767709836a831123ca1,,,,,,BSE Ltd.,bsestarmf.in,0.0,Low,0.0,0.625,0,False,False,0.0,-1,0.0,-1,0.0,-1,0.0,-1,False,False,False,False,False,,
run_20260409T090716Z,2026-04-09T09:08:22+00:00,PS-02_AIGR-S66270_NCIIPC_28_02_2026.xlsx,PS-02_AIGR-S66270_NCIIPC_28_02_2026.xlsx,https://canadazone.site,https://canadazone.site,,canadazone.site,canadazone.site,exact,failed,not_attempted,navigation_transient_browser_error,"BrowserContext.new_page: Target page, context or browser has been closed",,,,3671b8bf78de26ce3270232a3fba08b1f023ed5d2877b45350f50f10944ba5d4,,,,,,Canara Bank,canararobeco.com,0.0,Low,0.0,0.8567,0,False,False,0.0,-1,0.0,-1,0.0,-1,0.0,-1,False,False,False,False,False,,
run_20260409T090716Z,2026-04-09T09:08:22+00:00,PS-02_AIGR-S66270_NCIIPC_28_02_2026.xlsx,PS-02_AIGR-S66270_NCIIPC_28_02_2026.xlsx,https://iciclecrate.shop,https://iciclecrate.shop,,iciclecrate.shop,iciclecrate.shop,exact,failed,not_attempted,navigation_transient_browser_error,"BrowserContext.new_page: Target page, context or browser has been closed",,,,e6de42893cd84268a36dc0761629b0978b88a9e953c7377ff9633737a6474e65,,,,,,ICICI Bank,icicisecurities.com,0.0,Low,0.0,0.8836,0,False,False,0.0,-1,0.0,-1,0.0,-1,0.0,-1,False,False,False,False,False,,
run_20260409T090716Z,2026-04-09T09:08:22+00:00,PS-02_AIGR-S66270_NCIIPC_28_02_2026.xlsx,PS-02_AIGR-S66270_NCIIPC_28_02_2026.xlsx,https://nhacthu.com,https://nhacthu.com,,nhacthu.com,nhacthu.com,exact,failed,not_attempted,navigation_transient_browser_error,"BrowserContext.new_page: Target page, context or browser has been closed",,,,e04615e33ea573faf278bfba0338db19ae1774409bd8b132664cd98341ce0f7c,,,,,,National Health Authority (NHA),nha.gov.in,0.0,Low,0.0,0.8667,0,False,False,0.0,-1,0.0,-1,0.0,-1,0.0,-1,False,False,False,False,False,,
run_20260409T090716Z,2026-04-09T09:08:22+00:00,PS-02_AIGR-S66270_NCIIPC_28_02_2026.xlsx,PS-02_AIGR-S66270_NCIIPC_28_02_2026.xlsx,https://robain.co.kr,https://robain.co.kr,,robain.co.kr,robain.co.kr,exact,failed,not_attempted,navigation_transient_browser_error,"BrowserContext.new_page: Target page, context or browser has been closed",,,,5ce192a02707f7f0fe4d4ebc252c2617596d9b68b8d40c5efb1036feb088f524,,,,,,Reserve Bank of India (RBI),rbi.org.in,0.0,Low,0.0,0.85,0,False,False,0.0,-1,0.0,-1,0.0,-1,0.0,-1,False,False,False,False,False,,
run_20260409T090716Z,2026-04-09T09:08:22+00:00,PS-02_AIGR-S66270_NCIIPC_28_02_2026.xlsx,PS-02_AIGR-S66270_NCIIPC_28_02_2026.xlsx,https://indusustain.co.in,https://indusustain.co.in,,indusustain.co.in,indusustain.co.in,exact,failed,not_attempted,navigation_transient_browser_error,"BrowserContext.new_page: Target page, context or browser has been closed",,,,aded65e11a7debe4bd159ec197192ba38d20017d07edf628bf94b7bbc557708b,,,,,,Income Tax Department,incometaxindia.gov.in,0.0,Low,0.0,0.658,0,False,False,0.0,-1,0.0,-1,0.0,-1,0.0,-1,False,False,False,False,False,,
run_20260409T090716Z,2026-04-09T09:08:22+00:00,PS-02_AIGR-S66270_NCIIPC_28_02_2026.xlsx,PS-02_AIGR-S66270_NCIIPC_28_02_2026.xlsx,https://eclipa.online,https://eclipa.online,,eclipa.online,eclipa.online,exact,failed,not_attempted,navigation_transient_browser_error,"BrowserContext.new_page: Target page, context or browser has been closed",,,,e94a37c6abe5525a9a936fd08999b931e2944385eac5b170de6038f360627ce7,,,,,,Election Commision of India (ECI),eci.gov.in,0.0,Low,0.0,0.8667,0,False,False,0.0,-1,0.0,-1,0.0,-1,0.0,-1,False,False,False,False,False,,
run_20260409T090716Z,2026-04-09T09:08:22+00:00,PS-02_AIGR-S66270_NCIIPC_28_02_2026.xlsx,PS-02_AIGR-S66270_NCIIPC_28_02_2026.xlsx,https://airunted.info,https://airunted.info,,airunted.info,airunted.info,exact,failed,not_attempted,navigation_transient_browser_error,"BrowserContext.new_page: Target page, context or browser has been closed",,,,2bfac88b5f6f37b2173047bd9a66178f9cddbceec0659c33bb77a89be741fda5,,,,,,Airtel,airtel.in,0.0,Low,0.0,0.8736,0,False,False,0.0,-1,0.0,-1,0.0,-1,0.0,-1,False,False,False,False,False,,
run_20260409T090716Z,2026-04-09T09:08:22+00:00,PS-02_AIGR-S66270_NCIIPC_28_02_2026.xlsx,PS-02_AIGR-S66270_NCIIPC_28_02_2026.xlsx,https://arteluz.store,https://arteluz.store,,arteluz.store,arteluz.store,exact,failed,not_attempted,navigation_transient_browser_error,"BrowserContext.new_page: Target page, context or browser has been closed",,,,2fc3cd4efa1c59f97d54e26d4d50c3b5cea97ed0602d7f04e5a3577b65054598,,,,,,Airtel,airtel.in,0.0,Low,0.0,0.8643,0,False,False,0.0,-1,0.0,-1,0.0,-1,0.0,-1,False,False,False,False,False,,
run_20260409T090716Z,2026-04-09T09:08:22+00:00,PS-02_AIGR-S66270_NCIIPC_28_02_2026.xlsx,PS-02_AIGR-S66270_NCIIPC_28_02_2026.xlsx,https://axisbright.com,https://axisbright.com,,axisbright.com,axisbright.com,exact,failed,not_attempted,navigation_transient_browser_error,"BrowserContext.new_page: Target page, context or browser has been closed",,,,d87d72162e001a0a3af0eef0dba1ff1b8a9c645cbe6f4bd8afb215abc820d822,,,,,,Axis Bank,axismf.com,0.0,Low,0.0,0.6889,0,False,False,0.0,-1,0.0,-1,0.0,-1,0.0,-1,False,False,False,False,False,,
run_20260409T090716Z,2026-04-09T09:08:22+00:00,PS-02_AIGR-S66270_NCIIPC_28_02_2026.xlsx,PS-02_AIGR-S66270_NCIIPC_28_02_2026.xlsx,https://paricheval.com,https://paricheval.com,,paricheval.com,paricheval.com,exact,failed,not_attempted,navigation_transient_browser_error,"BrowserContext.new_page: Target page, context or browser has been closed",,,,00c914ca15ee422304319831e6cf5dc5fb2666c9311c979f89d8b82f8d31cf54,,,,,,parivahan sewa,parivahan.gov.in,0.0,Low,0.0,0.867,0,False,False,0.0,-1,0.0,-1,0.0,-1,0.0,-1,False,False,False,False,False,,
run_20260409T090716Z,2026-04-09T09:08:22+00:00,PS-02_AIGR-S66270_NCIIPC_28_02_2026.xlsx,PS-02_AIGR-S66270_NCIIPC_28_02_2026.xlsx,https://priavahatn.icu,https://priavahatn.icu,,priavahatn.icu,priavahatn.icu,exact,failed,not_attempted,navigation_transient_browser_error,"BrowserContext.new_page: Target page, context or browser has been closed",,,,c65373cc1c9aa6ddd5adbe70784654c7356f19d4fe0baaeea6fde73ea2980171,,,,,,parivahan sewa,parivahan.gov.in,0.0,Low,0.0,0.9367,0,False,False,0.0,-1,0.0,-1,0.0,-1,0.0,-1,False,False,False,False,False,,
run_20260409T090716Z,2026-04-09T09:08:22+00:00,PS-02_AIGR-S66270_NCIIPC_28_02_2026.xlsx,PS-02_AIGR-S66270_NCIIPC_28_02_2026.xlsx,https://homemone.com,https://homemone.com,,homemone.com,homemone.com,exact,failed,not_attempted,navigation_transient_browser_error,"BrowserContext.new_page: Target page, context or browser has been closed",,,,ac0e6f40532158932194dd7ae44365f3fd1dc3b6978124556d4cac8ef2679863,,,,,,State Bank of India (SBI),homeloans.sbi,0.0,Low,0.0,0.8833,0,False,False,0.0,-1,0.0,-1,0.0,-1,0.0,-1,False,False,False,False,False,,
run_20260409T090716Z,2026-04-09T09:08:22+00:00,PS-02_AIGR-S66270_NCIIPC_28_02_2026.xlsx,PS-02_AIGR-S66270_NCIIPC_28_02_2026.xlsx,https://myvip.site,https://myvip.site,,myvip.site,myvip.site,exact,failed,not_attempted,navigation_transient_browser_error,"BrowserContext.new_page: Target page, context or browser has been closed",,,,5e161b6882fd3ec0b69c7ade18a93e9c370fdcdba94b7729e39609ca4267a916,,,,,,Vodafone Idea (VI),myvi.in,0.0,Low,0.0,0.96,0,False,False,0.0,-1,0.0,-1,0.0,-1,0.0,-1,False,False,False,False,False,,
run_20260409T090716Z,2026-04-09T09:08:22+00:00,PS-02_AIGR-S66270_NCIIPC_28_02_2026.xlsx,PS-02_AIGR-S66270_NCIIPC_28_02_2026.xlsx,https://punkbb.com,https://punkbb.com,,punkbb.com,punkbb.com,exact,failed,not_attempted,navigation_transient_browser_error,"BrowserContext.new_page: Target page, context or browser has been closed",,,,5ba40accc787344e23fe98ca55e6b56581c77d2be68fed14485523bb59b6277e,,,,,,Punjab National Bank (PNB),pnbindia.in,0.0,Low,0.0,0.625,0,False,False,0.0,-1,0.0,-1,0.0,-1,0.0,-1,False,False,False,False,False,,
run_20260409T090716Z,2026-04-09T09:08:22+00:00,PS-02_AIGR-S66270_NCIIPC_28_02_2026.xlsx,PS-02_AIGR-S66270_NCIIPC_28_02_2026.xlsx,https://airbet.com.pl,https://airbet.com.pl,,airbet.com.pl,airbet.com.pl,exact,failed,not_attempted,navigation_transient_browser_error,"BrowserContext.new_page: Target page, context or browser has been closed",,,,ff745e6461d71c173d15515e3ec52ffe30f3cff740e70a4f0b06be9f91c3b65b,,,,,,Airtel,airtel.in,0.0,Low,0.0,0.8756,0,False,False,0.0,-1,0.0,-1,0.0,-1,0.0,-1,False,False,False,False,False,,
run_20260409T090716Z,2026-04-09T09:08:22+00:00,PS-02_AIGR-S66270_NCIIPC_28_02_2026.xlsx,PS-02_AIGR-S66270_NCIIPC_28_02_2026.xlsx,https://aximostech.com,https://aximostech.com,,aximostech.com,aximostech.com,exact,failed,not_attempted,navigation_transient_browser_error,"BrowserContext.new_page: Target page, context or browser has been closed",,,,4c851f7161e7583765908aa373481d38064ea633dcd3285699b3bfa6aa912838,,,,,,Axis Bank,axismf.com,0.0,Low,0.0,0.7978,0,False,False,0.0,-1,0.0,-1,0.0,-1,0.0,-1,False,False,False,False,False,,
run_20260409T090716Z,2026-04-09T09:08:22+00:00,PS-02_AIGR-S66270_NCIIPC_28_02_2026.xlsx,PS-02_AIGR-S66270_NCIIPC_28_02_2026.xlsx,https://onlinekredite.pw,https://onlinekredite.pw,,onlinekredite.pw,onlinekredite.pw,exact,failed,not_attempted,navigation_transient_browser_error,"BrowserContext.new_page: Target page, context or browser has been closed",,,,815ebf4afbbacb8a1620b80de28758f7a9826198679a7677cfa43585ca0f73f9,,,,,,State Bank of India (SBI),corp.onlinesbi.sbi,0.0,Low,0.0,0.8632,0,False,False,0.0,-1,0.0,-1,0.0,-1,0.0,-1,False,False,False,False,False,,
run_20260409T090716Z,2026-04-09T09:08:22+00:00,PS-02_AIGR-S66270_NCIIPC_28_02_2026.xlsx,PS-02_AIGR-S66270_NCIIPC_28_02_2026.xlsx,https://online-security-proxy.xyz,https://online-security-proxy.xyz,,online-security-proxy.xyz,online-security-proxy.xyz,exact,failed,not_attempted,navigation_transient_browser_error,"BrowserContext.new_page: Target page, context or browser has been closed",,,,56fe61e78baadd59227fc01e1a701968490313d3259f5526553926636e31c140,,,,,,State Bank of India (SBI),corp.onlinesbi.sbi,0.0,Low,0.0,0.854,0,False,False,0.0,-1,0.0,-1,0.0,-1,0.0,-1,False,False,False,False,False,,
run_20260409T090716Z,2026-04-09T09:08:22+00:00,PS-02_AIGR-S66270_NCIIPC_28_02_2026.xlsx,PS-02_AIGR-S66270_NCIIPC_28_02_2026.xlsx,https://axis360evolution.com,https://axis360evolution.com,,axis360evolution.com,axis360evolution.com,exact,failed,not_attempted,navigation_transient_browser_error,"BrowserContext.new_page: Target page, context or browser has been closed",,,,c18a9d4fa38325a331eb25ed5a7cde850366db7a8bdb2bd009de63240d060d8f,,,,,,Indian Oil Corporation Limited (IOCL),iocl.com,0.0,Low,0.0,0.6458,0,False,False,0.0,-1,0.0,-1,0.0,-1,0.0,-1,False,False,False,False,False,,
run_20260409T090716Z,2026-04-09T09:08:22+00:00,PS-02_AIGR-S66270_NCIIPC_28_02_2026.xlsx,PS-02_AIGR-S66270_NCIIPC_28_02_2026.xlsx,https://abdlfzrmlg.cc,https://abdlfzrmlg.cc,,abdlfzrmlg.cc,abdlfzrmlg.cc,exact,failed,not_attempted,navigation_transient_browser_error,"BrowserContext.new_page: Target page, context or browser has been closed",,,,427970d30b47c6913b757421f17fae431551aeaf5e2fd3aba7f9042eda4ede39,,,,,,National Health Authority (NHA),abdm.gov.in,0.0,Low,0.0,0.86,0,False,False,0.0,-1,0.0,-1,0.0,-1,0.0,-1,False,False,False,False,False,,
run_20260409T090716Z,2026-04-09T09:08:22+00:00,PS-02_AIGR-S66270_NCIIPC_28_02_2026.xlsx,PS-02_AIGR-S66270_NCIIPC_28_02_2026.xlsx,https://canaancan.com,https://canaancan.com,,canaancan.com,canaancan.com,exact,failed,not_attempted,navigation_transient_browser_error,"BrowserContext.new_page: Target page, context or browser has been closed",,,,88f0fa6c67473c1d612f8926c076dca16004e3f2d1cc7b29b4dc6e5ae3b995a2,,,,,,Canara Bank,canararobeco.com,0.0,Low,0.0,0.8333,0,False,False,0.0,-1,0.0,-1,0.0,-1,0.0,-1,False,False,False,False,False,,
run_20260409T090716Z,2026-04-09T09:08:22+00:00,PS-02_AIGR-S66270_NCIIPC_28_02_2026.xlsx,PS-02_AIGR-S66270_NCIIPC_28_02_2026.xlsx,https://orbik.sbs,https://orbik.sbs,,orbik.sbs,orbik.sbs,exact,failed,not_attempted,navigation_transient_browser_error,"BrowserContext.new_page: Target page, context or browser has been closed",,,,b8080143aee00b23871c9671742ff85870882a71f7d4287b3c04ab427ad75dc8,,,,,,Reserve Bank of India (RBI),rbi.org.in,0.0,Low,0.0,0.8667,0,False,False,0.0,-1,0.0,-1,0.0,-1,0.0,-1,False,False,False,False,False,,
run_20260409T090716Z,2026-04-09T09:08:22+00:00,PS-02_AIGR-S66270_NCIIPC_28_02_2026.xlsx,PS-02_AIGR-S66270_NCIIPC_28_02_2026.xlsx,https://homeloanmvps.com,https://homeloanmvps.com,,homeloanmvps.com,homeloanmvps.com,exact,failed,not_attempted,navigation_transient_browser_error,"BrowserContext.new_page: Target page, context or browser has been closed",,,,6e9d80fc79c8f906c84fadbfc74f1f88bdf0be0c6f156055097d7cdda0ad8ae8,,,,,,State Bank of India (SBI),homeloans.sbi,0.0,Low,0.0,0.95,0,False,False,0.0,-1,0.0,-1,0.0,-1,0.0,-1,False,False,False,False,False,,
run_20260409T090716Z,2026-04-09T09:08:22+00:00,PS-02_AIGR-S66270_NCIIPC_28_02_2026.xlsx,PS-02_AIGR-S66270_NCIIPC_28_02_2026.xlsx,https://indienet.org,https://indienet.org,,indienet.org,indienet.org,exact,failed,not_attempted,navigation_transient_browser_error,"BrowserContext.new_page: Target page, context or browser has been closed",,,,54b2c77a4dcd8a8ba3e892d4032001b6ed648542c212bb9e3fa96d2a99c295a0,,,,,,Indian Space Research Organisation (ISRO),indiascienceandtechnology.gov.in,0.0,Low,0.0,0.864,0,False,False,0.0,-1,0.0,-1,0.0,-1,0.0,-1,False,False,False,False,False,,
run_20260409T090716Z,2026-04-09T09:08:22+00:00,PS-02_AIGR-S66270_NCIIPC_28_02_2026.xlsx,PS-02_AIGR-S66270_NCIIPC_28_02_2026.xlsx,https://onlinemizoram.tech,https://onlinemizoram.tech,,onlinemizoram.tech,onlinemizoram.tech,exact,failed,not_attempted,navigation_transient_browser_error,"BrowserContext.new_page: Target page, context or browser has been closed",,,,8e2699cd790530b9ebd2da61bade557a21ca4539552f80181a135627224f2c9c,,,,,,State Bank of India (SBI),corp.onlinesbi.sbi,0.0,Low,0.0,0.8632,0,False,False,0.0,-1,0.0,-1,0.0,-1,0.0,-1,False,False,False,False,False,,
run_20260409T090716Z,2026-04-09T09:08:22+00:00,PS-02_AIGR-S66270_NCIIPC_28_02_2026.xlsx,PS-02_AIGR-S66270_NCIIPC_28_02_2026.xlsx,https://gemsonline.net,https://gemsonline.net,,gemsonline.net,gemsonline.net,exact,failed,not_attempted,navigation_transient_browser_error,"BrowserContext.new_page: Target page, context or browser has been closed",,,,3acfe4190a4f903895ddf942044f297e870842db959958203a899dfba1eb721e,,,,,,Computer Age Management Services Ltd. (CAMS),camsonline.com,0.0,Low,0.0,0.8667,0,False,False,0.0,-1,0.0,-1,0.0,-1,0.0,-1,False,False,False,False,False,,
run_20260409T090716Z,2026-04-09T09:08:22+00:00,PS-02_AIGR-S66270_NCIIPC_28_02_2026.xlsx,PS-02_AIGR-S66270_NCIIPC_28_02_2026.xlsx,https://online-subscribe-pascal.xyz,https://online-subscribe-pascal.xyz,,online-subscribe-pascal.xyz,online-subscribe-pascal.xyz,exact,failed,not_attempted,navigation_transient_browser_error,"BrowserContext.new_page: Target page, context or browser has been closed",,,,12ac6bfc137a41a7bb04e8d0c4c3c301b5064e6cae69cea58cf3037f7c98c9dc,,,,,,State Bank of India (SBI),corp.onlinesbi.sbi,0.0,Low,0.0,0.8783,0,False,False,0.0,-1,0.0,-1,0.0,-1,0.0,-1,False,False,False,False,False,,
run_20260409T090716Z,2026-04-09T09:08:22+00:00,PS-02_AIGR-S66270_NCIIPC_28_02_2026.xlsx,PS-02_AIGR-S66270_NCIIPC_28_02_2026.xlsx,https://bncindia.org,https://bncindia.org,,bncindia.org,bncindia.org,exact,failed,not_attempted,navigation_transient_browser_error,"BrowserContext.new_page: Target page, context or browser has been closed",,,,b8e5badedfd254f088d2d8a15e3cec3593c5cbc145236e10713a25d9a56154e1,,,,,,Punjab National Bank (PNB),pnbindia.in,0.0,Low,0.0,0.869,0,False,False,0.0,-1,0.0,-1,0.0,-1,0.0,-1,False,False,False,False,False,,
run_20260409T090716Z,2026-04-09T09:08:22+00:00,PS-02_AIGR-S66270_NCIIPC_28_02_2026.xlsx,PS-02_AIGR-S66270_NCIIPC_28_02_2026.xlsx,https://axislabsco.com,https://axislabsco.com,,axislabsco.com,axislabsco.com,exact,failed,not_attempted,navigation_transient_browser_error,"BrowserContext.new_page: Target page, context or browser has been closed",,,,f302091fa468885e39734fb4ff6fe8803e6548023609aa38af7e32563580f0ca,,,,,,Axis Bank,axismf.com,0.0,Low,0.0,0.6889,0,False,False,0.0,-1,0.0,-1,0.0,-1,0.0,-1,False,False,False,False,False,,
run_20260409T090716Z,2026-04-09T09:08:22+00:00,PS-02_AIGR-S66270_NCIIPC_28_02_2026.xlsx,PS-02_AIGR-S66270_NCIIPC_28_02_2026.xlsx,https://induslms.com,https://induslms.com,,induslms.com,induslms.com,exact,failed,not_attempted,navigation_transient_browser_error,"BrowserContext.new_page: Target page, context or browser has been closed",,,,85e3497c526db7211a2f4e49c192c72f0197d2a07a36599a53ee0eee75e7f4d0,,,,,,Axis Bank,axismf.com,0.0,Low,0.0,0.625,0,False,False,0.0,-1,0.0,-1,0.0,-1,0.0,-1,False,False,False,False,False,,
run_20260409T090716Z,2026-04-09T09:08:22+00:00,PS-02_AIGR-S66270_NCIIPC_28_02_2026.xlsx,PS-02_AIGR-S66270_NCIIPC_28_02_2026.xlsx,https://unitedair.org,https://unitedair.org,,unitedair.org,unitedair.org,exact,failed,not_attempted,navigation_transient_browser_error,"BrowserContext.new_page: Target page, context or browser has been closed",,,,063ae689e3ccb0fe3ce75685990e8c2a930ad028ddc1fbc5e29f24a86c1cf106,,,,,,"Unique Identification Authority of India (UIDAI)
",uidai.gov.in,0.0,Low,0.0,0.8667,0,False,False,0.0,-1,0.0,-1,0.0,-1,0.0,-1,False,False,False,False,False,,
run_20260409T090716Z,2026-04-09T09:08:22+00:00,PS-02_AIGR-S66270_NCIIPC_28_02_2026.xlsx,PS-02_AIGR-S66270_NCIIPC_28_02_2026.xlsx,https://aiimportsusa.store,https://aiimportsusa.store,,aiimportsusa.store,aiimportsusa.store,exact,failed,not_attempted,navigation_transient_browser_error,"BrowserContext.new_page: Target page, context or browser has been closed",,,,e8fea5a91894920921d0fe738e5b83b427fb50a4ffc6ee588bc33e152932a6f8,,,,,,All India Institute of Medical Sciences (AIIMS),aiims.edu,0.0,Low,0.0,0.8833,0,False,False,0.0,-1,0.0,-1,0.0,-1,0.0,-1,False,False,False,False,False,,
run_20260409T090716Z,2026-04-09T09:08:22+00:00,PS-02_AIGR-S66270_NCIIPC_28_02_2026.xlsx,PS-02_AIGR-S66270_NCIIPC_28_02_2026.xlsx,https://myvoice.lol,https://myvoice.lol,,myvoice.lol,myvoice.lol,exact,failed,not_attempted,navigation_transient_browser_error,"BrowserContext.new_page: Target page, context or browser has been closed",,,,387af48569e595fe3c0f2a6cedb83eab54517c9d77dda03d42dc91ce263ab5af,,,,,,Vodafone Idea (VI),myvi.in,0.0,Low,0.0,0.9,0,False,False,0.0,-1,0.0,-1,0.0,-1,0.0,-1,False,False,False,False,False,,
run_20260409T090716Z,2026-04-09T09:08:22+00:00,PS-02_AIGR-S66270_NCIIPC_28_02_2026.xlsx,PS-02_AIGR-S66270_NCIIPC_28_02_2026.xlsx,https://parisvittasante.com,https://parisvittasante.com,,parisvittasante.com,parisvittasante.com,exact,failed,not_attempted,navigation_transient_browser_error,"BrowserContext.new_page: Target page, context or browser has been closed",,,,209c7edccd8fc5806041f628d792c0783a1b53a9315150f8fb5430eeaa580e0b,,,,,,parivahan sewa,parivahan.gov.in,0.0,Low,0.0,0.8844,0,False,False,0.0,-1,0.0,-1,0.0,-1,0.0,-1,False,False,False,False,False,,
run_20260409T090716Z,2026-04-09T09:08:22+00:00,PS-02_AIGR-S66270_NCIIPC_28_02_2026.xlsx,PS-02_AIGR-S66270_NCIIPC_28_02_2026.xlsx,https://parvkana.net,https://parvkana.net,,parvkana.net,parvkana.net,exact,failed,not_attempted,navigation_transient_browser_error,"BrowserContext.new_page: Target page, context or browser has been closed",,,,4b82c005f776871cc76545e24027c6ff7f6cfd29b2994e852368160fd8d0c27a,,,,,,parivahan sewa,parivahan.gov.in,0.0,Low,0.0,0.8856,0,False,False,0.0,-1,0.0,-1,0.0,-1,0.0,-1,False,False,False,False,False,,
run_20260409T090716Z,2026-04-09T09:08:22+00:00,PS-02_AIGR-S66270_NCIIPC_28_02_2026.xlsx,PS-02_AIGR-S66270_NCIIPC_28_02_2026.xlsx,https://online-casino-champion.fun,https://online-casino-champion.fun,,online-casino-champion.fun,online-casino-champion.fun,exact,failed,not_attempted,navigation_transient_browser_error,"BrowserContext.new_page: Target page, context or browser has been closed",,,,2f8f3f829ca3f4e3bb05999e605c893297ec2f17faca81b1b7d446036c551172,,,,,,State Bank of India (SBI),corp.onlinesbi.sbi,0.0,Low,0.0,0.8505,0,False,False,0.0,-1,0.0,-1,0.0,-1,0.0,-1,False,False,False,False,False,,
run_20260409T090716Z,2026-04-09T09:08:22+00:00,PS-02_AIGR-S66270_NCIIPC_28_02_2026.xlsx,PS-02_AIGR-S66270_NCIIPC_28_02_2026.xlsx,https://ionche17.cfd,https://ionche17.cfd,,ionche17.cfd,ionche17.cfd,exact,failed,not_attempted,navigation_transient_browser_error,"BrowserContext.new_page: Target page, context or browser has been closed",,,,546b1d02344dcd21600abcd714d1ddcd3240c882ce095deed626a05e2071d71b,,,,,,Indian Oil Corporation Limited (IOCL),iocl.com,0.0,Low,0.0,0.8667,0,False,False,0.0,-1,0.0,-1,0.0,-1,0.0,-1,False,False,False,False,False,,
run_20260409T090716Z,2026-04-09T09:08:22+00:00,PS-02_AIGR-S66270_NCIIPC_28_02_2026.xlsx,PS-02_AIGR-S66270_NCIIPC_28_02_2026.xlsx,https://axios.events,https://axios.events,,axios.events,axios.events,exact,failed,not_attempted,navigation_transient_browser_error,"BrowserContext.new_page: Target page, context or browser has been closed",,,,c2aeb61b27a75eebf20cf38677222709270fd7dad9cbea2629327714a2bb5396,,,,,,Axis Bank,axismf.com,0.0,Low,0.0,0.8756,0,False,False,0.0,-1,0.0,-1,0.0,-1,0.0,-1,False,False,False,False,False,,
run_20260409T090716Z,2026-04-09T09:08:22+00:00,PS-02_AIGR-S66270_NCIIPC_28_02_2026.xlsx,PS-02_AIGR-S66270_NCIIPC_28_02_2026.xlsx,https://axionscents.store,https://axionscents.store,,axionscents.store,axionscents.store,exact,failed,not_attempted,navigation_transient_browser_error,"BrowserContext.new_page: Target page, context or browser has been closed",,,,7b57cbc9696aa0e75b64014a63dacb86eb064bf4442868f3994fd6f7b6c09260,,,,,,Axis Bank,axismf.com,0.0,Low,0.0,0.6768,0,False,False,0.0,-1,0.0,-1,0.0,-1,0.0,-1,False,False,False,False,False,,
run_20260409T090716Z,2026-04-09T09:08:22+00:00,PS-02_AIGR-S66270_NCIIPC_28_02_2026.xlsx,PS-02_AIGR-S66270_NCIIPC_28_02_2026.xlsx,https://parasuthane.com,https://parasuthane.com,,parasuthane.com,parasuthane.com,exact,failed,not_attempted,navigation_transient_browser_error,"BrowserContext.new_page: Target page, context or browser has been closed",,,,fe0f2977dfa61a60302499ba612a106a653b7576c3884ddc4e6f4385df68a0d2,,,,,,parivahan sewa,parivahan.gov.in,0.0,Low,0.0,0.8633,0,False,False,0.0,-1,0.0,-1,0.0,-1,0.0,-1,False,False,False,False,False,,
run_20260409T090716Z,2026-04-09T09:08:22+00:00,PS-02_AIGR-S66270_NCIIPC_28_02_2026.xlsx,PS-02_AIGR-S66270_NCIIPC_28_02_2026.xlsx,https://online-gitlab-social.xyz,https://online-gitlab-social.xyz,,online-gitlab-social.xyz,online-gitlab-social.xyz,exact,failed,not_attempted,navigation_transient_browser_error,"BrowserContext.new_page: Target page, context or browser has been closed",,,,04a11a3a78a503b3363dcce848e4d2ad6e54401e6dd0d5696bc633e8bfe727ab,,,,,,State Bank of India (SBI),corp.onlinesbi.sbi,0.0,Low,0.0,0.8678,0,False,False,0.0,-1,0.0,-1,0.0,-1,0.0,-1,False,False,False,False,False,,
run_20260409T090716Z,2026-04-09T09:08:22+00:00,PS-02_AIGR-S66270_NCIIPC_28_02_2026.xlsx,PS-02_AIGR-S66270_NCIIPC_28_02_2026.xlsx,https://netin.ovh,https://netin.ovh,,netin.ovh,netin.ovh,exact,failed,not_attempted,navigation_transient_browser_error,"BrowserContext.new_page: Target page, context or browser has been closed",,,,ba48b0a1a42727053de53918c6dba450b5e634316b9d57320d74b38f05d512aa,,,,,,Punjab National Bank (PNB),netpnb.com,0.0,Low,0.0,0.8756,0,False,False,0.0,-1,0.0,-1,0.0,-1,0.0,-1,False,False,False,False,False,,
run_20260409T090716Z,2026-04-09T09:08:22+00:00,PS-02_AIGR-S66270_NCIIPC_28_02_2026.xlsx,PS-02_AIGR-S66270_NCIIPC_28_02_2026.xlsx,https://onlineswag.info,https://onlineswag.info,,onlineswag.info,onlineswag.info,exact,failed,not_attempted,navigation_transient_browser_error,"BrowserContext.new_page: Target page, context or browser has been closed",,,,43147bbe47f7425823d6034d24b2c92a9e69004bdf246d69da856ce1b21e13f4,,,,,,State Bank of India (SBI),corp.onlinesbi.sbi,0.0,Low,0.0,0.8956,0,False,False,0.0,-1,0.0,-1,0.0,-1,0.0,-1,False,False,False,False,False,,
run_20260409T090716Z,2026-04-09T09:08:22+00:00,PS-02_AIGR-S66270_NCIIPC_28_02_2026.xlsx,PS-02_AIGR-S66270_NCIIPC_28_02_2026.xlsx,https://onlineasy-de.com,https://onlineasy-de.com,,onlineasy-de.com,onlineasy-de.com,exact,failed,not_attempted,navigation_transient_browser_error,"BrowserContext.new_page: Target page, context or browser has been closed",,,,1b2d0728736772dada67570829c7cf2f91789ddd7d270aa251990c0c8302ff5f,,,,,,State Bank of India (SBI),corp.onlinesbi.sbi,0.0,Low,0.0,0.8722,0,False,False,0.0,-1,0.0,-1,0.0,-1,0.0,-1,False,False,False,False,False,,
run_20260409T090716Z,2026-04-09T09:08:22+00:00,PS-02_AIGR-S66270_NCIIPC_28_02_2026.xlsx,PS-02_AIGR-S66270_NCIIPC_28_02_2026.xlsx,https://onlinestudy.uk,https://onlinestudy.uk,,onlinestudy.uk,onlinestudy.uk,exact,failed,not_attempted,navigation_transient_browser_error,"BrowserContext.new_page: Target page, context or browser has been closed",,,,8105db90fa03156973ce074e05a04ac14de5d31440af3f0e9363aa54464e10d1,,,,,,State Bank of India (SBI),corp.onlinesbi.sbi,0.0,Low,0.0,0.8828,0,False,False,0.0,-1,0.0,-1,0.0,-1,0.0,-1,False,False,False,False,False,,
run_20260409T090716Z,2026-04-09T09:08:22+00:00,PS-02_AIGR-S66270_NCIIPC_28_02_2026.xlsx,PS-02_AIGR-S66270_NCIIPC_28_02_2026.xlsx,https://airteam.online,https://airteam.online,,airteam.online,airteam.online,exact,failed,not_attempted,navigation_transient_browser_error,"BrowserContext.new_page: Target page, context or browser has been closed",,,,ff836ea3c56cc900a4640149ed184d87e2f2e3c4d0a1bd1aa2d35f8dfa2101d1,,,,,,Airtel,airtel.in,0.0,Low,0.0,0.9095,0,False,False,0.0,-1,0.0,-1,0.0,-1,0.0,-1,False,False,False,False,False,,
run_20260409T090716Z,2026-04-09T09:08:22+00:00,PS-02_AIGR-S66270_NCIIPC_28_02_2026.xlsx,PS-02_AIGR-S66270_NCIIPC_28_02_2026.xlsx,https://axisdigital.ai,https://axisdigital.ai,,axisdigital.ai,axisdigital.ai,exact,failed,not_attempted,navigation_transient_browser_error,"BrowserContext.new_page: Target page, context or browser has been closed",,,,1feb012865975bbd0b4142eefc945b6a01e326dd583680c7ae30c076386e64ff,,,,,,Axis Bank,axismaxlife.com,0.0,Low,0.0,0.826,0,False,False,0.0,-1,0.0,-1,0.0,-1,0.0,-1,False,False,False,False,False,,
run_20260409T090716Z,2026-04-09T09:08:22+00:00,PS-02_AIGR-S66270_NCIIPC_28_02_2026.xlsx,PS-02_AIGR-S66270_NCIIPC_28_02_2026.xlsx,https://airtm4.com,https://airtm4.com,,airtm4.com,airtm4.com,exact,failed,not_attempted,navigation_transient_browser_error,"BrowserContext.new_page: Target page, context or browser has been closed",,,,78a437989302e090f9da7bbafe597ce3e33262731a3f12c5987a9627ecfec417,,,,,,Airtel,airtel.in,0.0,Low,0.0,0.8667,0,False,False,0.0,-1,0.0,-1,0.0,-1,0.0,-1,False,False,False,False,False,,
run_20260409T090716Z,2026-04-09T09:08:22+00:00,PS-02_AIGR-S66270_NCIIPC_28_02_2026.xlsx,PS-02_AIGR-S66270_NCIIPC_28_02_2026.xlsx,https://rcbig.asia,https://rcbig.asia,,rcbig.asia,rcbig.asia,exact,failed,not_attempted,navigation_transient_browser_error,"BrowserContext.new_page: Target page, context or browser has been closed",,,,0c95f3a2d6487ef1aeea24a0178e2fdaf717cf2de5173824a037ab0c36f31e25,,,,,,Reserve Bank of India (RBI),rbi.org.in,0.0,Low,0.0,0.88,0,False,False,0.0,-1,0.0,-1,0.0,-1,0.0,-1,False,False,False,False,False,,
run_20260409T090716Z,2026-04-09T09:08:22+00:00,PS-02_AIGR-S66270_NCIIPC_28_02_2026.xlsx,PS-02_AIGR-S66270_NCIIPC_28_02_2026.xlsx,https://aiims.ai,https://aiims.ai,,aiims.ai,aiims.ai,exact,failed,not_attempted,navigation_transient_browser_error,"BrowserContext.new_page: Target page, context or browser has been closed",,,,6fedb18a9e4f4636d8d6561617d705fb1374e992ac6ab1f0aca49c1929daa5fb,,,,,,All India Institute of Medical Sciences (AIIMS),aiims.edu,0.0,Low,0.0,1.0,0,False,False,0.0,-1,0.0,-1,0.0,-1,0.0,-1,False,False,False,False,False,,
run_20260409T090716Z,2026-04-09T09:08:22+00:00,PS-02_AIGR-S66270_NCIIPC_28_02_2026.xlsx,PS-02_AIGR-S66270_NCIIPC_28_02_2026.xlsx,https://canadapcb.com,https://canadapcb.com,,canadapcb.com,canadapcb.com,exact,failed,not_attempted,navigation_transient_browser_error,"BrowserContext.new_page: Target page, context or browser has been closed",,,,229925014a71af6b9967b92d6e43a19071fced5a8582d5b29cee5b4005ef9cff,,,,,,Canara Bank,canararobeco.com,0.0,Low,0.0,0.8437,0,False,False,0.0,-1,0.0,-1,0.0,-1,0.0,-1,False,False,False,False,False,,
run_20260409T090716Z,2026-04-09T09:08:22+00:00,PS-02_AIGR-S66270_NCIIPC_28_02_2026.xlsx,PS-02_AIGR-S66270_NCIIPC_28_02_2026.xlsx,https://onlinetraining.group,https://onlinetraining.group,,onlinetraining.group,onlinetraining.group,exact,failed,not_attempted,navigation_transient_browser_error,"BrowserContext.new_page: Target page, context or browser has been closed",,,,64207c0121b17a7d46af8fcb423cf336e2d452258f9ac987d5b523264ebf10fd,,,,,,State Bank of India (SBI),corp.onlinesbi.sbi,0.0,Low,0.0,0.8556,0,False,False,0.0,-1,0.0,-1,0.0,-1,0.0,-1,False,False,False,False,False,,
run_20260409T090716Z,2026-04-09T09:08:22+00:00,PS-02_AIGR-S66270_NCIIPC_28_02_2026.xlsx,PS-02_AIGR-S66270_NCIIPC_28_02_2026.xlsx,https://meowcloud.dev,https://meowcloud.dev,,meowcloud.dev,meowcloud.dev,exact,failed,not_attempted,navigation_transient_browser_error,"BrowserContext.new_page: Target page, context or browser has been closed",,,,ec17d753920b03b3e488219ae707226b79064b84f9a45d36479d20d44053bb73,,,,,,National Informatics Centre (NIC),accounts.mgovcloud.in,0.0,Low,0.0,0.8667,0,False,False,0.0,-1,0.0,-1,0.0,-1,0.0,-1,False,False,False,False,False,,
run_20260409T090716Z,2026-04-09T09:08:22+00:00,PS-02_AIGR-S66270_NCIIPC_28_02_2026.xlsx,PS-02_AIGR-S66270_NCIIPC_28_02_2026.xlsx,https://axistogelmenarik.com,https://axistogelmenarik.com,,axistogelmenarik.com,axistogelmenarik.com,exact,failed,not_attempted,navigation_transient_browser_error,"BrowserContext.new_page: Target page, context or browser has been closed",,,,e341cb283d4b2d655e9d6f726f75ab87ca9e71f5e21382721b621aeec89d9b22,,,,,,Axis Bank,axismaxlife.com,0.0,Low,0.0,0.8317,0,False,False,0.0,-1,0.0,-1,0.0,-1,0.0,-1,False,False,False,False,False,,
run_20260409T090716Z,2026-04-09T09:08:22+00:00,PS-02_AIGR-S66270_NCIIPC_28_02_2026.xlsx,PS-02_AIGR-S66270_NCIIPC_28_02_2026.xlsx,https://aihimsa.org,https://aihimsa.org,,aihimsa.org,aihimsa.org,exact,failed,not_attempted,navigation_transient_browser_error,"BrowserContext.new_page: Target page, context or browser has been closed",,,,d6a9a5471f6613731d119276896aaece1b52404de7c5e93e9d7f22360e3cc67e,,,,,,All India Institute of Medical Sciences (AIIMS),aiims.edu,0.0,Low,0.0,0.9238,0,False,False,0.0,-1,0.0,-1,0.0,-1,0.0,-1,False,False,False,False,False,,
run_20260409T090716Z,2026-04-09T09:08:22+00:00,PS-02_AIGR-S66270_NCIIPC_28_02_2026.xlsx,PS-02_AIGR-S66270_NCIIPC_28_02_2026.xlsx,https://axios.email,https://axios.email,,axios.email,axios.email,exact,failed,not_attempted,navigation_transient_browser_error,"BrowserContext.new_page: Target page, context or browser has been closed",,,,a101b75b4e4a416a845773ed2397bb3138f18c690942ae641f02c4d56c6b59f1,,,,,,Axis Bank,axismf.com,0.0,Low,0.0,0.8756,0,False,False,0.0,-1,0.0,-1,0.0,-1,0.0,-1,False,False,False,False,False,,
run_20260409T090716Z,2026-04-09T09:08:22+00:00,PS-02_AIGR-S66270_NCIIPC_28_02_2026.xlsx,PS-02_AIGR-S66270_NCIIPC_28_02_2026.xlsx,https://homelysmart.in,https://homelysmart.in,,homelysmart.in,homelysmart.in,exact,failed,not_attempted,navigation_transient_browser_error,"BrowserContext.new_page: Target page, context or browser has been closed",,,,57ccb759a11bccf7e15c8e3687e997fd6605abae2466749880344b639ff21b2c,,,,,,State Bank of India (SBI),homeloans.sbi,0.0,Low,0.0,0.8543,0,False,False,0.0,-1,0.0,-1,0.0,-1,0.0,-1,False,False,False,False,False,,
run_20260409T090716Z,2026-04-09T09:08:22+00:00,PS-02_AIGR-S66270_NCIIPC_28_02_2026.xlsx,PS-02_AIGR-S66270_NCIIPC_28_02_2026.xlsx,https://canalconectado.com,https://canalconectado.com,,canalconectado.com,canalconectado.com,exact,failed,not_attempted,navigation_transient_browser_error,"BrowserContext.new_page: Target page, context or browser has been closed",,,,6ef5988fcccbfc8e82935f1619124162f7ae644f9f14e391a58e24a53fe716ff,,,,,,Canara Bank,canararobeco.com,0.0,Low,0.0,0.8563,0,False,False,0.0,-1,0.0,-1,0.0,-1,0.0,-1,False,False,False,False,False,,
run_20260409T090716Z,2026-04-09T09:08:22+00:00,PS-02_AIGR-S66270_NCIIPC_28_02_2026.xlsx,PS-02_AIGR-S66270_NCIIPC_28_02_2026.xlsx,http://parvaian.sbs,http://parvaian.sbs,,parvaian.sbs,parvaian.sbs,exact,failed,not_attempted,navigation_transient_browser_error,"BrowserContext.new_page: Target page, context or browser has been closed",,,,d45b6f0e7d08bc08f80c3ec1defe6186fef9e32a32bdd0862628c906042ff3b8,,,,,,parivahan sewa,parivahan.gov.in,0.0,Low,0.0,0.9449,0,False,False,0.0,-1,0.0,-1,0.0,-1,0.0,-1,False,False,False,False,False,,
run_20260409T090716Z,2026-04-09T09:08:22+00:00,PS-02_AIGR-S66270_NCIIPC_28_02_2026.xlsx,PS-02_AIGR-S66270_NCIIPC_28_02_2026.xlsx,http://idfcfirst-in.com,http://idfcfirst-in.com,,idfcfirst-in.com,idfcfirst-in.com,exact,failed,not_attempted,navigation_transient_browser_error,"BrowserContext.new_page: Target page, context or browser has been closed",,,,aa5f2e4e3cac25093c5f424fab00674b5c7277c05f10ebc4b2608a4e813676af,,,,,,IDFC FIRST Bank,idfcfirst.bank.in,0.0,Low,0.0,0.7692,0,False,False,0.0,-1,0.0,-1,0.0,-1,0.0,-1,False,False,False,False,False,,
run_20260409T090716Z,2026-04-09T09:08:22+00:00,PS-02_AIGR-S66270_NCIIPC_28_02_2026.xlsx,PS-02_AIGR-S66270_NCIIPC_28_02_2026.xlsx,https://indusind.one,https://indusind.one,,indusind.one,indusind.one,exact,failed,not_attempted,navigation_transient_browser_error,"BrowserContext.new_page: Target page, context or browser has been closed",,,,04e9adde48abffe09d5258925fef541dc0160214ff9e7127f83d598f1f89907a,,,,,,IndusInd Bank,indusind.bank.in,0.0,Low,0.0,0.7619,0,False,False,0.0,-1,0.0,-1,0.0,-1,0.0,-1,False,False,False,False,False,,
run_20260409T090716Z,2026-04-09T09:08:22+00:00,PS-02_AIGR-S66270_NCIIPC_28_02_2026.xlsx,PS-02_AIGR-S66270_NCIIPC_28_02_2026.xlsx,https://jax-is.com,https://jax-is.com,,jax-is.com,jax-is.com,exact,failed,not_attempted,navigation_transient_browser_error,"BrowserContext.new_page: Target page, context or browser has been closed",,,,0a90fb849dc4416bfe9999b9936e3ed394a0725815a46e9dddf84f8ad16af9bf,,,,,,Axis Bank,axismf.com,0.0,Low,0.0,0.7778,0,False,False,0.0,-1,0.0,-1,0.0,-1,0.0,-1,False,False,False,False,False,,
run_20260409T090716Z,2026-04-09T09:08:22+00:00,PS-02_AIGR-S66270_NCIIPC_28_02_2026.xlsx,PS-02_AIGR-S66270_NCIIPC_28_02_2026.xlsx,https://homosplain.rest,https://homosplain.rest,,homosplain.rest,homosplain.rest,exact,failed,not_attempted,navigation_transient_browser_error,"BrowserContext.new_page: Target page, context or browser has been closed",,,,d7975dc2d8d1eef0abeb3668afab33230ce8f8ca392e1cdc8c9a84934a28aff5,,,,,,State Bank of India (SBI),homeloans.sbi,0.0,Low,0.0,0.8691,0,False,False,0.0,-1,0.0,-1,0.0,-1,0.0,-1,False,False,False,False,False,,
run_20260409T090716Z,2026-04-09T09:08:22+00:00,PS-02_AIGR-S66270_NCIIPC_28_02_2026.xlsx,PS-02_AIGR-S66270_NCIIPC_28_02_2026.xlsx,http://onlinekitchen.xyz,http://onlinekitchen.xyz,,onlinekitchen.xyz,onlinekitchen.xyz,exact,failed,not_attempted,navigation_transient_browser_error,"BrowserContext.new_page: Target page, context or browser has been closed",,,,c27544a82a68246e65c8e44099bfeae5ec3eaddf26c97501878b40f8b92a3e8a,,,,,,State Bank of India (SBI),corp.onlinesbi.sbi,0.0,Low,0.0,0.8632,0,False,False,0.0,-1,0.0,-1,0.0,-1,0.0,-1,False,False,False,False,False,,
run_20260409T090716Z,2026-04-09T09:08:22+00:00,PS-02_AIGR-S66270_NCIIPC_28_02_2026.xlsx,PS-02_AIGR-S66270_NCIIPC_28_02_2026.xlsx,https://onlinq.sbs,https://onlinq.sbs,,onlinq.sbs,onlinq.sbs,exact,failed,not_attempted,navigation_transient_browser_error,"BrowserContext.new_page: Target page, context or browser has been closed",,,,5c1d86d352ff3a9767e2620c50a17dc53ba17e74c19887a6f3aa3cb0f3756636,,,,,,State Bank of India (SBI),corp.onlinesbi.sbi,0.0,Low,0.0,0.8778,0,False,False,0.0,-1,0.0,-1,0.0,-1,0.0,-1,False,False,False,False,False,,
run_20260409T090716Z,2026-04-09T09:08:22+00:00,PS-02_AIGR-S66270_NCIIPC_28_02_2026.xlsx,PS-02_AIGR-S66270_NCIIPC_28_02_2026.xlsx,https://vse1sc9.makeup,https://vse1sc9.makeup,,vse1sc9.makeup,vse1sc9.makeup,exact,failed,not_attempted,navigation_transient_browser_error,"BrowserContext.new_page: Target page, context or browser has been closed",,,,c79c800d0086c0b41d5998ce1987f4e692b00cfc0d03ab4c7c3348f1b4353a4c,,,,,,Indian Space Research Organisation (ISRO),vssc.gov.in,0.0,Low,0.0,0.8857,0,False,False,0.0,-1,0.0,-1,0.0,-1,0.0,-1,False,False,False,False,False,,
run_20260409T090716Z,2026-04-09T09:08:22+00:00,PS-02_AIGR-S66270_NCIIPC_28_02_2026.xlsx,PS-02_AIGR-S66270_NCIIPC_28_02_2026.xlsx,https://homegrownalchemy.com,https://homegrownalchemy.com,,homegrownalchemy.com,homegrownalchemy.com,exact,failed,not_attempted,navigation_transient_browser_error,"BrowserContext.new_page: Target page, context or browser has been closed",,,,deb573d1d637cdc28ddb5e665555aa721c401f4cf3405c93e8ebc9851161bcb3,,,,,,State Bank of India (SBI),homeloans.sbi,0.0,Low,0.0,0.8528,0,False,False,0.0,-1,0.0,-1,0.0,-1,0.0,-1,False,False,False,False,False,,
run_20260409T090716Z,2026-04-09T09:08:22+00:00,PS-02_AIGR-S66270_NCIIPC_28_02_2026.xlsx,PS-02_AIGR-S66270_NCIIPC_28_02_2026.xlsx,https://home-of-holidays.com,https://home-of-holidays.com,,home-of-holidays.com,home-of-holidays.com,exact,failed,not_attempted,navigation_transient_browser_error,"BrowserContext.new_page: Target page, context or browser has been closed",,,,9bf244cff09ced594deab8dd605b78e0b7f6235cf107e255b772008ce202892a,,,,,,State Bank of India (SBI),homeloans.sbi,0.0,Low,0.0,0.8528,0,False,False,0.0,-1,0.0,-1,0.0,-1,0.0,-1,False,False,False,False,False,,
run_20260409T090716Z,2026-04-09T09:08:22+00:00,PS-02_AIGR-S66270_NCIIPC_28_02_2026.xlsx,PS-02_AIGR-S66270_NCIIPC_28_02_2026.xlsx,http://myvips.autos,http://myvips.autos,,myvips.autos,myvips.autos,exact,failed,not_attempted,navigation_transient_browser_error,"BrowserContext.new_page: Target page, context or browser has been closed",,,,4e021e16472f13e50fad690bd1e5554f449f3bd2e8d9aaa48d2067b06292c8b4,,,,,,Vodafone Idea (VI),myvi.in,0.0,Low,0.0,0.9333,0,False,False,0.0,-1,0.0,-1,0.0,-1,0.0,-1,False,False,False,False,False,,
run_20260409T090716Z,2026-04-09T09:08:22+00:00,PS-02_AIGR-S66270_NCIIPC_28_02_2026.xlsx,PS-02_AIGR-S66270_NCIIPC_28_02_2026.xlsx,https://msdonline.xyz,https://msdonline.xyz,,msdonline.xyz,msdonline.xyz,exact,failed,not_attempted,navigation_transient_browser_error,"BrowserContext.new_page: Target page, context or browser has been closed",,,,214c400041bf53ba0797de5b0dcee379e05c6972583668b0917b06e5229f5af5,,,,,,Computer Age Management Services Ltd. (CAMS),camsonline.com,0.0,Low,0.0,0.8963,0,False,False,0.0,-1,0.0,-1,0.0,-1,0.0,-1,False,False,False,False,False,,
run_20260409T090716Z,2026-04-09T09:08:22+00:00,PS-02_AIGR-S66270_NCIIPC_28_02_2026.xlsx,PS-02_AIGR-S66270_NCIIPC_28_02_2026.xlsx,https://artelio.uk,https://artelio.uk,,artelio.uk,artelio.uk,exact,failed,not_attempted,navigation_transient_browser_error,"BrowserContext.new_page: Target page, context or browser has been closed",,,,05ccdae59ca6ad9797ab7fe9061dba50428b3bbf21390247a885f626d39d2941,,,,,,Airtel,airtel.in,0.0,Low,0.0,0.8643,0,False,False,0.0,-1,0.0,-1,0.0,-1,0.0,-1,False,False,False,False,False,,
run_20260409T090716Z,2026-04-09T09:08:22+00:00,PS-02_AIGR-S66270_NCIIPC_28_02_2026.xlsx,PS-02_AIGR-S66270_NCIIPC_28_02_2026.xlsx,http://nuhhar.online,http://nuhhar.online,,nuhhar.online,nuhhar.online,exact,failed,not_attempted,navigation_transient_browser_error,"BrowserContext.new_page: Target page, context or browser has been closed",,,,00620bf2a193784ee3609c428e99c993f0455ddb565a093ded1e04d679d26208,,,,,,National Health Authority (NHA),nha.gov.in,0.0,Low,0.0,0.85,0,False,False,0.0,-1,0.0,-1,0.0,-1,0.0,-1,False,False,False,False,False,,
run_20260409T090716Z,2026-04-09T09:08:22+00:00,PS-02_AIGR-S66270_NCIIPC_28_02_2026.xlsx,PS-02_AIGR-S66270_NCIIPC_28_02_2026.xlsx,https://aifish.icu,https://aifish.icu,,aifish.icu,aifish.icu,exact,failed,not_attempted,navigation_transient_browser_error,"BrowserContext.new_page: Target page, context or browser has been closed",,,,8ba4df8e67252683850453b429b6d1399ec76213c0aa68cf64f1a119b1c8b650,,,,,,All India Institute of Medical Sciences (AIIMS),aiims.edu,0.0,Low,0.0,0.8578,0,False,False,0.0,-1,0.0,-1,0.0,-1,0.0,-1,False,False,False,False,False,,
run_20260409T090716Z,2026-04-09T09:08:22+00:00,PS-02_AIGR-S66270_NCIIPC_28_02_2026.xlsx,PS-02_AIGR-S66270_NCIIPC_28_02_2026.xlsx,https://airbet.pl,https://airbet.pl,,airbet.pl,airbet.pl,exact,failed,not_attempted,navigation_transient_browser_error,"BrowserContext.new_page: Target page, context or browser has been closed",,,,683c7b042c64b0e292a08e423cf030fdc205d67482619d5d46222dd18be9a922,,,,,,Airtel,airtel.in,0.0,Low,0.0,0.8756,0,False,False,0.0,-1,0.0,-1,0.0,-1,0.0,-1,False,False,False,False,False,,
run_20260409T090716Z,2026-04-09T09:08:22+00:00,PS-02_AIGR-S66270_NCIIPC_28_02_2026.xlsx,PS-02_AIGR-S66270_NCIIPC_28_02_2026.xlsx,https://axislabs.center,https://axislabs.center,,axislabs.center,axislabs.center,exact,failed,not_attempted,navigation_transient_browser_error,"BrowserContext.new_page: Target page, context or browser has been closed",,,,ace6f62fd750cfa11e3ad32a5e716c24e2e8cb8a69901e8ed2992640b8fa4593,,,,,,Axis Bank,axismf.com,0.0,Low,0.0,0.8333,0,False,False,0.0,-1,0.0,-1,0.0,-1,0.0,-1,False,False,False,False,False,,
run_20260409T090716Z,2026-04-09T09:08:22+00:00,PS-02_AIGR-S66270_NCIIPC_28_02_2026.xlsx,PS-02_AIGR-S66270_NCIIPC_28_02_2026.xlsx,http://myvideotestament.life,http://myvideotestament.life,,myvideotestament.life,myvideotestament.life,exact,failed,not_attempted,navigation_transient_browser_error,"BrowserContext.new_page: Target page, context or browser has been closed",,,,f996abefa63054595c7970c27dc69d2be76607e89320faeaca44dfab2542b7d9,,,,,,Vodafone Idea (VI),myvi.in,0.0,Low,0.0,0.85,0,False,False,0.0,-1,0.0,-1,0.0,-1,0.0,-1,False,False,False,False,False,,
run_20260409T090716Z,2026-04-09T09:08:22+00:00,PS-02_AIGR-S66270_NCIIPC_28_02_2026.xlsx,PS-02_AIGR-S66270_NCIIPC_28_02_2026.xlsx,https://airlinestream.dev,https://airlinestream.dev,,airlinestream.dev,airlinestream.dev,exact,failed,not_attempted,navigation_transient_browser_error,"BrowserContext.new_page: Target page, context or browser has been closed",,,,1974af1c58bd16c430f9d2da95c604bb81f221df0b01aaf99848d5c1934df43f,,,,,,Air India,airindiaexpress.com,0.0,Low,0.0,0.845,0,False,False,0.0,-1,0.0,-1,0.0,-1,0.0,-1,False,False,False,False,False,,
run_20260409T090716Z,2026-04-09T09:08:22+00:00,PS-02_AIGR-S66270_NCIIPC_28_02_2026.xlsx,PS-02_AIGR-S66270_NCIIPC_28_02_2026.xlsx,https://apis.cash,https://apis.cash,,apis.cash,apis.cash,exact,failed,not_attempted,navigation_transient_browser_error,"BrowserContext.new_page: Target page, context or browser has been closed",,,,d10c41d45fd175bcba5bb84e17d7910b5de3e1636ce18fcb56c61b5fd9401b1d,,,,,,All India Institute of Medical Sciences (AIIMS),aiims.edu,0.0,Low,0.0,0.805,0,False,False,0.0,-1,0.0,-1,0.0,-1,0.0,-1,False,False,False,False,False,,
run_20260409T090716Z,2026-04-09T09:08:22+00:00,PS-02_AIGR-S66270_NCIIPC_28_02_2026.xlsx,PS-02_AIGR-S66270_NCIIPC_28_02_2026.xlsx,https://onlinecampus.swiss,https://onlinecampus.swiss,,onlinecampus.swiss,onlinecampus.swiss,exact,failed,not_attempted,navigation_transient_browser_error,"BrowserContext.new_page: Target page, context or browser has been closed",,,,3a77a4c3f351a0bacb10bea5349b0f34ff43f186bd5a76b8a34b806ef0132a4b,,,,,,State Bank of India (SBI),corp.onlinesbi.sbi,0.0,Low,0.0,0.8722,0,False,False,0.0,-1,0.0,-1,0.0,-1,0.0,-1,False,False,False,False,False,,
run_20260409T090716Z,2026-04-09T09:08:22+00:00,PS-02_AIGR-S66270_NCIIPC_28_02_2026.xlsx,PS-02_AIGR-S66270_NCIIPC_28_02_2026.xlsx,http://homerun4holland.com,http://homerun4holland.com,,homerun4holland.com,homerun4holland.com,exact,failed,not_attempted,navigation_transient_browser_error,"BrowserContext.new_page: Target page, context or browser has been closed",,,,8420195c7120e9463cc7bcca3ab590c3acb10ad8508b431c6df9484fbb807b55,,,,,,State Bank of India (SBI),homeloans.sbi,0.0,Low,0.0,0.8594,0,False,False,0.0,-1,0.0,-1,0.0,-1,0.0,-1,False,False,False,False,False,,
run_20260409T090716Z,2026-04-09T09:08:22+00:00,PS-02_AIGR-S66270_NCIIPC_28_02_2026.xlsx,PS-02_AIGR-S66270_NCIIPC_28_02_2026.xlsx,http://aexis.co.uk,http://aexis.co.uk,,aexis.co.uk,aexis.co.uk,exact,failed,not_attempted,navigation_transient_browser_error,"BrowserContext.new_page: Target page, context or browser has been closed",,,,1d23029a718b7a510d412963602a48eb011a87499e1aaa6f7ed7b3d3bc5d3a8d,,,,,,Axis Bank,axismf.com,0.0,Low,0.0,0.84,0,False,False,0.0,-1,0.0,-1,0.0,-1,0.0,-1,False,False,False,False,False,,
run_20260409T090716Z,2026-04-09T09:08:22+00:00,PS-02_AIGR-S66270_NCIIPC_28_02_2026.xlsx,PS-02_AIGR-S66270_NCIIPC_28_02_2026.xlsx,http://aire.bar,http://aire.bar,,aire.bar,aire.bar,exact,failed,not_attempted,navigation_transient_browser_error,"BrowserContext.new_page: Target page, context or browser has been closed",,,,218d8b8ce14baa812f5e23319a9d6748c63bf53f48e49d3511a3ba3d2cdb1d6a,,,,,,Airtel,airtel.in,0.0,Low,0.0,0.9222,0,False,False,0.0,-1,0.0,-1,0.0,-1,0.0,-1,False,False,False,False,False,,
run_20260409T090716Z,2026-04-09T09:08:22+00:00,PS-02_AIGR-S66270_NCIIPC_28_02_2026.xlsx,PS-02_AIGR-S66270_NCIIPC_28_02_2026.xlsx,http://myvideotestament.com,http://myvideotestament.com,,myvideotestament.com,myvideotestament.com,exact,failed,not_attempted,navigation_transient_browser_error,"BrowserContext.new_page: Target page, context or browser has been closed",,,,28abdb7bcd9709e708acc21dcba9f0c37c989d470f1679045265434abe0df426,,,,,,Vodafone Idea (VI),myvi.in,0.0,Low,0.0,0.85,0,False,False,0.0,-1,0.0,-1,0.0,-1,0.0,-1,False,False,False,False,False,,
run_20260409T090716Z,2026-04-09T09:08:22+00:00,PS-02_AIGR-S66270_NCIIPC_28_02_2026.xlsx,PS-02_AIGR-S66270_NCIIPC_28_02_2026.xlsx,https://onlineinfix.hair,https://onlineinfix.hair,,onlineinfix.hair,onlineinfix.hair,exact,failed,not_attempted,navigation_transient_browser_error,"BrowserContext.new_page: Target page, context or browser has been closed",,,,5e194326fdea6ed26a99f38d46c6a7a6c5284749349219a889acc019d27a974f,,,,,,State Bank of India (SBI),corp.onlinesbi.sbi,0.0,Low,0.0,0.8828,0,False,False,0.0,-1,0.0,-1,0.0,-1,0.0,-1,False,False,False,False,False,,
run_20260409T090716Z,2026-04-09T09:08:22+00:00,PS-02_AIGR-S66270_NCIIPC_28_02_2026.xlsx,PS-02_AIGR-S66270_NCIIPC_28_02_2026.xlsx,https://cloudf.lat,https://cloudf.lat,,cloudf.lat,cloudf.lat,exact,failed,not_attempted,navigation_transient_browser_error,"BrowserContext.new_page: Target page, context or browser has been closed",,,,c4bd743792106e8518becbea7479113bc835ee1250e837855118ede17da6273f,,,,,,National Informatics Centre (NIC),cloud.gov.in,0.0,Low,0.0,0.9667,0,False,False,0.0,-1,0.0,-1,0.0,-1,0.0,-1,False,False,False,False,False,,
run_20260409T090716Z,2026-04-09T09:08:22+00:00,PS-02_AIGR-S66270_NCIIPC_28_02_2026.xlsx,PS-02_AIGR-S66270_NCIIPC_28_02_2026.xlsx,http://canine.fitness,http://canine.fitness,,canine.fitness,canine.fitness,exact,failed,not_attempted,navigation_transient_browser_error,"BrowserContext.new_page: Target page, context or browser has been closed",,,,36e9e53aeff033b3dc3a42e00282d117ace8642d463992a47771a3a0508b040b,,,,,,Computer Age Management Services Ltd. (CAMS),camsonline.com,0.0,Low,0.0,0.8933,0,False,False,0.0,-1,0.0,-1,0.0,-1,0.0,-1,False,False,False,False,False,,
run_20260409T090716Z,2026-04-09T09:08:22+00:00,PS-02_AIGR-S66270_NCIIPC_28_02_2026.xlsx,PS-02_AIGR-S66270_NCIIPC_28_02_2026.xlsx,https://abdlmgqclz.cc,https://abdlmgqclz.cc,,abdlmgqclz.cc,abdlmgqclz.cc,exact,failed,not_attempted,navigation_transient_browser_error,"BrowserContext.new_page: Target page, context or browser has been closed",,,,9ab3b811b301f17b7198c5ddf9643045c37c2f8cd3387973c2aa4278893b511b,,,,,,National Health Authority (NHA),abdm.gov.in,0.0,Low,0.0,0.86,0,False,False,0.0,-1,0.0,-1,0.0,-1,0.0,-1,False,False,False,False,False,,
run_20260409T090716Z,2026-04-09T09:08:22+00:00,PS-02_AIGR-S66270_NCIIPC_28_02_2026.xlsx,PS-02_AIGR-S66270_NCIIPC_28_02_2026.xlsx,https://online-bitbucket-title.xyz,https://online-bitbucket-title.xyz,,online-bitbucket-title.xyz,online-bitbucket-title.xyz,exact,failed,not_attempted,navigation_transient_browser_error,"BrowserContext.new_page: Target page, context or browser has been closed",,,,4911d0e4b01b02b93ecc7c407dc34be15b793ce7b06f0682f65c05f2c0bcdd75,,,,,,State Bank of India (SBI),corp.onlinesbi.sbi,0.0,Low,0.0,0.8505,0,False,False,0.0,-1,0.0,-1,0.0,-1,0.0,-1,False,False,False,False,False,,
run_20260409T090716Z,2026-04-09T09:08:22+00:00,PS-02_AIGR-S66270_NCIIPC_28_02_2026.xlsx,PS-02_AIGR-S66270_NCIIPC_28_02_2026.xlsx,https://homedezclean.online,https://homedezclean.online,,homedezclean.online,homedezclean.online,exact,failed,not_attempted,navigation_transient_browser_error,"BrowserContext.new_page: Target page, context or browser has been closed",,,,63a318eef67298c67dfbdc89243d31f38298c42f12b00fa77505e163bd9348c2,,,,,,State Bank of India (SBI),homeloans.sbi,0.0,Low,0.0,0.8722,0,False,False,0.0,-1,0.0,-1,0.0,-1,0.0,-1,False,False,False,False,False,,
run_20260409T090716Z,2026-04-09T09:08:23+00:00,PS-02_AIGR-S66270_NCIIPC_28_02_2026.xlsx,PS-02_AIGR-S66270_NCIIPC_28_02_2026.xlsx,https://are.systems,https://are.systems,,are.systems,are.systems,exact,failed,not_attempted,navigation_transient_browser_error,"BrowserContext.new_page: Target page, context or browser has been closed",,,,597bdc4a914002ad831c93aa3ba9656346f05a2f2b264415368e4f795b386d12,,,,,,Airtel,airtel.in,0.0,Low,0.0,0.85,0,False,False,0.0,-1,0.0,-1,0.0,-1,0.0,-1,False,False,False,False,False,,
run_20260409T090716Z,2026-04-09T09:08:23+00:00,PS-02_AIGR-S66270_NCIIPC_28_02_2026.xlsx,PS-02_AIGR-S66270_NCIIPC_28_02_2026.xlsx,https://axis-tls-test.xyz,https://axis-tls-test.xyz,,axis-tls-test.xyz,axis-tls-test.xyz,exact,failed,not_attempted,navigation_transient_browser_error,"BrowserContext.new_page: Target page, context or browser has been closed",,,,7c3eb1d27c85bb2133adc52ecfc1a45c0017571a104848e700cdcb1edb0f8d09,,,,,,Axis Bank,axismaxlife.com,0.0,Low,0.0,0.669,0,False,False,0.0,-1,0.0,-1,0.0,-1,0.0,-1,False,False,False,False,False,,
run_20260409T090716Z,2026-04-09T09:08:23+00:00,PS-02_AIGR-S66270_NCIIPC_28_02_2026.xlsx,PS-02_AIGR-S66270_NCIIPC_28_02_2026.xlsx,https://obsidia.pro,https://obsidia.pro,,obsidia.pro,obsidia.pro,exact,failed,not_attempted,navigation_transient_browser_error,"BrowserContext.new_page: Target page, context or browser has been closed",,,,28cb1fbe43be131aa2a216a3dafa849cc2dc35b8849627d898141650b09ed5d3,,,,,,BSE Ltd.,bseindia.com,0.0,Low,0.0,0.869,0,False,False,0.0,-1,0.0,-1,0.0,-1,0.0,-1,False,False,False,False,False,,
run_20260409T090716Z,2026-04-09T09:08:23+00:00,PS-02_AIGR-S66270_NCIIPC_28_02_2026.xlsx,PS-02_AIGR-S66270_NCIIPC_28_02_2026.xlsx,https://online-brand-gitlab.xyz,https://online-brand-gitlab.xyz,,online-brand-gitlab.xyz,online-brand-gitlab.xyz,exact,failed,not_attempted,navigation_transient_browser_error,"BrowserContext.new_page: Target page, context or browser has been closed",,,,b9862b0529be1c004e1c499a029a643fbfdc65a7d9987887e30fe858f9dd9471,,,,,,State Bank of India (SBI),corp.onlinesbi.sbi,0.0,Low,0.0,0.862,0,False,False,0.0,-1,0.0,-1,0.0,-1,0.0,-1,False,False,False,False,False,,
run_20260409T090716Z,2026-04-09T09:08:23+00:00,PS-02_AIGR-S66270_NCIIPC_28_02_2026.xlsx,PS-02_AIGR-S66270_NCIIPC_28_02_2026.xlsx,https://sbi.vg,https://sbi.vg,,sbi.vg,sbi.vg,exact,failed,not_attempted,navigation_transient_browser_error,"BrowserContext.new_page: Target page, context or browser has been closed",,,,e06363bd052d2cd2605825aeed11e3a6aa095ecc845e9023d938620775b78d5a,,,,,,State Bank of India (SBI),sbi.co.in,0.0,Low,0.0,1.0,0,False,False,0.0,-1,0.0,-1,0.0,-1,0.0,-1,False,False,False,False,False,,
run_20260409T090716Z,2026-04-09T09:08:23+00:00,PS-02_AIGR-S66270_NCIIPC_28_02_2026.xlsx,PS-02_AIGR-S66270_NCIIPC_28_02_2026.xlsx,https://camscanner.one,https://camscanner.one,,camscanner.one,camscanner.one,exact,failed,not_attempted,navigation_transient_browser_error,"BrowserContext.new_page: Target page, context or browser has been closed",,,,f33ddd8f7ab2b013559de5c7420a8683a2549dc7424e72c74cfce325268723c1,,,,,,Computer Age Management Services Ltd. (CAMS),camsonline.com,0.0,Low,0.0,0.88,0,False,False,0.0,-1,0.0,-1,0.0,-1,0.0,-1,False,False,False,False,False,,
run_20260409T090716Z,2026-04-09T09:08:23+00:00,PS-02_AIGR-S66270_NCIIPC_28_02_2026.xlsx,PS-02_AIGR-S66270_NCIIPC_28_02_2026.xlsx,https://myvitaldirect.store,https://myvitaldirect.store,,myvitaldirect.store,myvitaldirect.store,exact,failed,not_attempted,navigation_transient_browser_error,"BrowserContext.new_page: Target page, context or browser has been closed",,,,ab25aaa24afec86380bf76b50164c28c93de8d4bd5cf94982089ffb078573442,,,,,,Vodafone Idea (VI),myvi.in,0.0,Low,0.0,0.8615,0,False,False,0.0,-1,0.0,-1,0.0,-1,0.0,-1,False,False,False,False,False,,
run_20260409T090716Z,2026-04-09T09:08:23+00:00,PS-02_AIGR-S66270_NCIIPC_28_02_2026.xlsx,PS-02_AIGR-S66270_NCIIPC_28_02_2026.xlsx,https://axiotisweb.site,https://axiotisweb.site,,axiotisweb.site,axiotisweb.site,exact,failed,not_attempted,navigation_transient_browser_error,"BrowserContext.new_page: Target page, context or browser has been closed",,,,42c508c87d210ba08527f751143d5ead95881f00b8d54e0f52d149ccbe81c2bf,,,,,,All India Institute of Medical Sciences (AIIMS),aiims.edu,0.0,Low,0.0,0.76,0,False,False,0.0,-1,0.0,-1,0.0,-1,0.0,-1,False,False,False,False,False,,
run_20260409T090716Z,2026-04-09T09:08:23+00:00,PS-02_AIGR-S66270_NCIIPC_28_02_2026.xlsx,PS-02_AIGR-S66270_NCIIPC_28_02_2026.xlsx,https://aii.show,https://aii.show,,aii.show,aii.show,exact,failed,not_attempted,navigation_transient_browser_error,"BrowserContext.new_page: Target page, context or browser has been closed",,,,5822107dcc4664ea07ae314d98eef2f0a7ad3ff82b08569feae1314f92935a5f,,,,,,All India Institute of Medical Sciences (AIIMS),aiims.edu,0.0,Low,0.0,0.9067,0,False,False,0.0,-1,0.0,-1,0.0,-1,0.0,-1,False,False,False,False,False,,
run_20260409T090716Z,2026-04-09T09:08:23+00:00,PS-02_AIGR-S66270_NCIIPC_28_02_2026.xlsx,PS-02_AIGR-S66270_NCIIPC_28_02_2026.xlsx,http://onlinetvhd.ru,http://onlinetvhd.ru,,onlinetvhd.ru,onlinetvhd.ru,exact,failed,not_attempted,navigation_transient_browser_error,"BrowserContext.new_page: Target page, context or browser has been closed",,,,bd106d58c8135104243ed627750b0195f32daba40360cdf70e3e3b4d3154f22f,,,,,,State Bank of India (SBI),corp.onlinesbi.sbi,0.0,Low,0.0,0.8533,0,False,False,0.0,-1,0.0,-1,0.0,-1,0.0,-1,False,False,False,False,False,,
run_20260409T090716Z,2026-04-09T09:08:23+00:00,PS-02_AIGR-S66270_NCIIPC_28_02_2026.xlsx,PS-02_AIGR-S66270_NCIIPC_28_02_2026.xlsx,https://axios.market,https://axios.market,,axios.market,axios.market,exact,failed,not_attempted,navigation_transient_browser_error,"BrowserContext.new_page: Target page, context or browser has been closed",,,,710a195587b4865cee4deeaa1151082583f4e8c3c457d55d89633017768e0984,,,,,,Axis Bank,axismf.com,0.0,Low,0.0,0.8756,0,False,False,0.0,-1,0.0,-1,0.0,-1,0.0,-1,False,False,False,False,False,,
run_20260409T090716Z,2026-04-09T09:08:23+00:00,PS-02_AIGR-S66270_NCIIPC_28_02_2026.xlsx,PS-02_AIGR-S66270_NCIIPC_28_02_2026.xlsx,https://bcaonline.life,https://bcaonline.life,,bcaonline.life,bcaonline.life,exact,failed,not_attempted,navigation_transient_browser_error,"BrowserContext.new_page: Target page, context or browser has been closed",,,,87ab46b2242a35726b10a89b36fe3ecc0b9954ed833adda37f610c47f5d8ae5b,,,,,,Computer Age Management Services Ltd. (CAMS),camsonline.com,0.0,Low,0.0,0.8963,0,False,False,0.0,-1,0.0,-1,0.0,-1,0.0,-1,False,False,False,False,False,,
run_20260409T090716Z,2026-04-09T09:08:23+00:00,PS-02_AIGR-S66270_NCIIPC_28_02_2026.xlsx,PS-02_AIGR-S66270_NCIIPC_28_02_2026.xlsx,https://onlinemall.website,https://onlinemall.website,,onlinemall.website,onlinemall.website,exact,failed,not_attempted,navigation_transient_browser_error,"BrowserContext.new_page: Target page, context or browser has been closed",,,,da0373c670729d452f24b1171bae8cb9ad4d4c58a367cd7dafdb780713fc34a2,,,,,,State Bank of India (SBI),corp.onlinesbi.sbi,0.0,Low,0.0,0.8533,0,False,False,0.0,-1,0.0,-1,0.0,-1,0.0,-1,False,False,False,False,False,,
run_20260409T090716Z,2026-04-09T09:08:23+00:00,PS-02_AIGR-S66270_NCIIPC_28_02_2026.xlsx,PS-02_AIGR-S66270_NCIIPC_28_02_2026.xlsx,https://onlinecasinochampion.fun,https://onlinecasinochampion.fun,,onlinecasinochampion.fun,onlinecasinochampion.fun,exact,failed,not_attempted,navigation_transient_browser_error,"BrowserContext.new_page: Target page, context or browser has been closed",,,,08672c516c0f22b3dc191c75a1d7f9e48137a78106cb089165bbdbff94c7a64e,,,,,,State Bank of India (SBI),corp.onlinesbi.sbi,0.0,Low,0.0,0.8578,0,False,False,0.0,-1,0.0,-1,0.0,-1,0.0,-1,False,False,False,False,False,,
run_20260409T090716Z,2026-04-09T09:08:23+00:00,PS-02_AIGR-S66270_NCIIPC_28_02_2026.xlsx,PS-02_AIGR-S66270_NCIIPC_28_02_2026.xlsx,http://homeoperationsco.com,http://homeoperationsco.com,,homeoperationsco.com,homeoperationsco.com,exact,failed,not_attempted,navigation_transient_browser_error,"BrowserContext.new_page: Target page, context or browser has been closed",,,,de8ee3c65e74a465727ce3a8fca23ee3e47f4d70f23450b2eaa507b9abb9d12a,,,,,,State Bank of India (SBI),homeloans.sbi,0.0,Low,0.0,0.8778,0,False,False,0.0,-1,0.0,-1,0.0,-1,0.0,-1,False,False,False,False,False,,
run_20260409T090716Z,2026-04-09T09:08:23+00:00,PS-02_AIGR-S66270_NCIIPC_28_02_2026.xlsx,PS-02_AIGR-S66270_NCIIPC_28_02_2026.xlsx,https://jrivok.link,https://jrivok.link,,jrivok.link,jrivok.link,exact,failed,not_attempted,navigation_transient_browser_error,"BrowserContext.new_page: Target page, context or browser has been closed",,,,7db5f6078a2eefe9635e96d19dbca990b0d28d786d40bb5756500ae88e104ecb,,,,,,Jio,jio.com,0.0,Low,0.0,0.85,0,False,False,0.0,-1,0.0,-1,0.0,-1,0.0,-1,False,False,False,False,False,,
run_20260409T090716Z,2026-04-09T09:08:23+00:00,PS-02_AIGR-S66270_NCIIPC_28_02_2026.xlsx,PS-02_AIGR-S66270_NCIIPC_28_02_2026.xlsx,http://nhatclub.com,http://nhatclub.com,,nhatclub.com,nhatclub.com,exact,failed,not_attempted,navigation_transient_browser_error,"BrowserContext.new_page: Target page, context or browser has been closed",,,,771f8c40d305f423a58348ea80465632c5216e09b4976701f0ebe2105c466642,,,,,,National Health Authority (NHA),nha.gov.in,0.0,Low,0.0,0.8542,0,False,False,0.0,-1,0.0,-1,0.0,-1,0.0,-1,False,False,False,False,False,,
run_20260409T090716Z,2026-04-09T09:08:23+00:00,PS-02_AIGR-S66270_NCIIPC_28_02_2026.xlsx,PS-02_AIGR-S66270_NCIIPC_28_02_2026.xlsx,https://onlinenscommunity.online,https://onlinenscommunity.online,,onlinenscommunity.online,onlinenscommunity.online,exact,failed,not_attempted,navigation_transient_browser_error,"BrowserContext.new_page: Target page, context or browser has been closed",,,,1e2bdbb321efab82a672ae0cf862af18fe84f71ecaa0a255a12cef6a641b3c04,,,,,,State Bank of India (SBI),corp.onlinesbi.sbi,0.0,Low,0.0,0.8719,0,False,False,0.0,-1,0.0,-1,0.0,-1,0.0,-1,False,False,False,False,False,,
run_20260409T090716Z,2026-04-09T09:08:23+00:00,PS-02_AIGR-S66270_NCIIPC_28_02_2026.xlsx,PS-02_AIGR-S66270_NCIIPC_28_02_2026.xlsx,https://onlinereikispace.com,https://onlinereikispace.com,,onlinereikispace.com,onlinereikispace.com,exact,failed,not_attempted,navigation_transient_browser_error,"BrowserContext.new_page: Target page, context or browser has been closed",,,,dff5432645eb3cd2725d693bab58922343233123b31ca71a211e4928b0b157aa,,,,,,State Bank of India (SBI),corp.onlinesbi.sbi,0.0,Low,0.0,0.8528,0,False,False,0.0,-1,0.0,-1,0.0,-1,0.0,-1,False,False,False,False,False,,
run_20260409T090716Z,2026-04-09T09:08:23+00:00,PS-02_AIGR-S66270_NCIIPC_28_02_2026.xlsx,PS-02_AIGR-S66270_NCIIPC_28_02_2026.xlsx,https://sneida.org,https://sneida.org,,sneida.org,sneida.org,exact,failed,not_attempted,navigation_transient_browser_error,"BrowserContext.new_page: Target page, context or browser has been closed",,,,e77ce0d66363c6d7d8b6ce334213b8e58d1a9a3753e9e7c5a5f91d93730454a4,,,,,,BSE Ltd.,bseindia.com,0.0,Low,0.0,0.8611,0,False,False,0.0,-1,0.0,-1,0.0,-1,0.0,-1,False,False,False,False,False,,
run_20260409T090716Z,2026-04-09T09:08:23+00:00,PS-02_AIGR-S66270_NCIIPC_28_02_2026.xlsx,PS-02_AIGR-S66270_NCIIPC_28_02_2026.xlsx,https://airee.nl,https://airee.nl,,airee.nl,airee.nl,exact,failed,not_attempted,navigation_transient_browser_error,"BrowserContext.new_page: Target page, context or browser has been closed",,,,1bc0067206a8fa346802be110092985072e68c609d81653c648776e8ff7a3f6e,,,,,,Airtel,airtel.in,0.0,Low,0.0,0.8756,0,False,False,0.0,-1,0.0,-1,0.0,-1,0.0,-1,False,False,False,False,False,,
run_20260409T090716Z,2026-04-09T09:08:23+00:00,PS-02_AIGR-S66270_NCIIPC_28_02_2026.xlsx,PS-02_AIGR-S66270_NCIIPC_28_02_2026.xlsx,https://airealist.ai,https://airealist.ai,,airealist.ai,airealist.ai,exact,failed,not_attempted,navigation_transient_browser_error,"BrowserContext.new_page: Target page, context or browser has been closed",,,,aff10a8028a282d9789a1729199acb2bac8371d1548dd2e81ec6686fd8cfbb1a,,,,,,Airtel,airtel.in,0.0,Low,0.0,0.8574,0,False,False,0.0,-1,0.0,-1,0.0,-1,0.0,-1,False,False,False,False,False,,
run_20260409T090716Z,2026-04-09T09:08:23+00:00,PS-02_AIGR-S66270_NCIIPC_28_02_2026.xlsx,PS-02_AIGR-S66270_NCIIPC_28_02_2026.xlsx,http://homebases.buzz,http://homebases.buzz,,homebases.buzz,homebases.buzz,exact,failed,not_attempted,navigation_transient_browser_error,"BrowserContext.new_page: Target page, context or browser has been closed",,,,93b8fde4322dc53fe12e6f2db7562f2dc373348d9a9533efd5ae3bccedbabd0d,,,,,,State Bank of India (SBI),homeloans.sbi,0.0,Low,0.0,0.8667,0,False,False,0.0,-1,0.0,-1,0.0,-1,0.0,-1,False,False,False,False,False,,
run_20260409T090716Z,2026-04-09T09:08:23+00:00,PS-02_AIGR-S66270_NCIIPC_28_02_2026.xlsx,PS-02_AIGR-S66270_NCIIPC_28_02_2026.xlsx,https://industrial-lode.com,https://industrial-lode.com,,industrial-lode.com,industrial-lode.com,exact,failed,not_attempted,navigation_transient_browser_error,"BrowserContext.new_page: Target page, context or browser has been closed",,,,88b8d192006c12212ba0f086b833bbae18299dd6a18824c5cf887e0ddb7e25e8,,,,,,"Unique Identification Authority of India (UIDAI)
",uidai.gov.in,0.0,Low,0.0,0.6444,0,False,False,0.0,-1,0.0,-1,0.0,-1,0.0,-1,False,False,False,False,False,,
run_20260409T090716Z,2026-04-09T09:08:23+00:00,PS-02_AIGR-S66270_NCIIPC_28_02_2026.xlsx,PS-02_AIGR-S66270_NCIIPC_28_02_2026.xlsx,https://abd.agency,https://abd.agency,,abd.agency,abd.agency,exact,failed,not_attempted,navigation_transient_browser_error,"BrowserContext.new_page: Target page, context or browser has been closed",,,,9cd2b66586acfc57772eba19545125cbf1c3c196b0233ff2ee54d7fb97efad47,,,,,,National Health Authority (NHA),abdm.gov.in,0.0,Low,0.0,0.9417,0,False,False,0.0,-1,0.0,-1,0.0,-1,0.0,-1,False,False,False,False,False,,
run_20260409T090716Z,2026-04-09T09:08:23+00:00,PS-02_AIGR-S66270_NCIIPC_28_02_2026.xlsx,PS-02_AIGR-S66270_NCIIPC_28_02_2026.xlsx,http://crsor.info,http://crsor.info,,crsor.info,crsor.info,exact,failed,not_attempted,navigation_transient_browser_error,"BrowserContext.new_page: Target page, context or browser has been closed",,,,c1d8b41d2288eb0f320105a7557e1a9b98f377fb4eefc97d59a70e73a7358c09,,,,,,"Civil Registration System, MHA (RGCCI)",crsorgi.gov.in,0.0,Low,0.0,0.9429,0,False,False,0.0,-1,0.0,-1,0.0,-1,0.0,-1,False,False,False,False,False,,
run_20260409T090716Z,2026-04-09T09:08:23+00:00,PS-02_AIGR-S66270_NCIIPC_28_02_2026.xlsx,PS-02_AIGR-S66270_NCIIPC_28_02_2026.xlsx,https://airtutor365.com,https://airtutor365.com,,airtutor365.com,airtutor365.com,exact,failed,not_attempted,navigation_transient_browser_error,"BrowserContext.new_page: Target page, context or browser has been closed",,,,aa1f972fcc22ad2874e6e8e2763f2ee76be13dfd50a1776e18549d5c318394b1,,,,,,Airtel,airtel.in,0.0,Low,0.0,0.8576,0,False,False,0.0,-1,0.0,-1,0.0,-1,0.0,-1,False,False,False,False,False,,
run_20260409T090716Z,2026-04-09T09:08:23+00:00,PS-02_AIGR-S66270_NCIIPC_28_02_2026.xlsx,PS-02_AIGR-S66270_NCIIPC_28_02_2026.xlsx,https://homeluxio.link,https://homeluxio.link,,homeluxio.link,homeluxio.link,exact,failed,not_attempted,navigation_transient_browser_error,"BrowserContext.new_page: Target page, context or browser has been closed",,,,89e8e8539da78249c29ab99bb2091a4763b86cdcc6b3b3d72b70659c087a26db,,,,,,State Bank of India (SBI),homeloans.sbi,0.0,Low,0.0,0.8667,0,False,False,0.0,-1,0.0,-1,0.0,-1,0.0,-1,False,False,False,False,False,,
run_20260409T090716Z,2026-04-09T09:08:23+00:00,PS-02_AIGR-S66270_NCIIPC_28_02_2026.xlsx,PS-02_AIGR-S66270_NCIIPC_28_02_2026.xlsx,https://axios.deals,https://axios.deals,,axios.deals,axios.deals,exact,failed,not_attempted,navigation_transient_browser_error,"BrowserContext.new_page: Target page, context or browser has been closed",,,,541d35960deaefdc512bcbbc5ca7bd9add9c5b53c126c79f38df879d04454205,,,,,,Axis Bank,axismf.com,0.0,Low,0.0,0.8756,0,False,False,0.0,-1,0.0,-1,0.0,-1,0.0,-1,False,False,False,False,False,,
run_20260409T090716Z,2026-04-09T09:08:23+00:00,PS-02_AIGR-S66270_NCIIPC_28_02_2026.xlsx,PS-02_AIGR-S66270_NCIIPC_28_02_2026.xlsx,https://aximo.ink,https://aximo.ink,,aximo.ink,aximo.ink,exact,failed,not_attempted,navigation_transient_browser_error,"BrowserContext.new_page: Target page, context or browser has been closed",,,,b1572d2f9a4e3547150fd7d0d6d245f8c4be49b7e81d423d34ffbeeaebbb9a05,,,,,,Axis Bank,axismf.com,0.0,Low,0.0,0.8756,0,False,False,0.0,-1,0.0,-1,0.0,-1,0.0,-1,False,False,False,False,False,,
run_20260409T090716Z,2026-04-09T09:08:23+00:00,PS-02_AIGR-S66270_NCIIPC_28_02_2026.xlsx,PS-02_AIGR-S66270_NCIIPC_28_02_2026.xlsx,https://homelyroomzone.com,https://homelyroomzone.com,,homelyroomzone.com,homelyroomzone.com,exact,failed,not_attempted,navigation_transient_browser_error,"BrowserContext.new_page: Target page, context or browser has been closed",,,,d895ce7a0b1c73e00e4c8caf837644ff05cc65aa369d6e7af29f1576c72723d0,,,,,,State Bank of India (SBI),homeloans.sbi,0.0,Low,0.0,0.8556,0,False,False,0.0,-1,0.0,-1,0.0,-1,0.0,-1,False,False,False,False,False,,
run_20260409T090716Z,2026-04-09T09:08:23+00:00,PS-02_AIGR-S66270_NCIIPC_28_02_2026.xlsx,PS-02_AIGR-S66270_NCIIPC_28_02_2026.xlsx,https://homeclausis.info,https://homeclausis.info,,homeclausis.info,homeclausis.info,exact,failed,not_attempted,navigation_transient_browser_error,"BrowserContext.new_page: Target page, context or browser has been closed",,,,bbd90d2b6fa4f368b45118436b110a8ebff8171c6a315f54e84ff36314b666cd,,,,,,State Bank of India (SBI),homeloans.sbi,0.0,Low,0.0,0.8828,0,False,False,0.0,-1,0.0,-1,0.0,-1,0.0,-1,False,False,False,False,False,,
run_20260409T090716Z,2026-04-09T09:08:23+00:00,PS-02_AIGR-S66270_NCIIPC_28_02_2026.xlsx,PS-02_AIGR-S66270_NCIIPC_28_02_2026.xlsx,https://bensidi.pro,https://bensidi.pro,,bensidi.pro,bensidi.pro,exact,failed,not_attempted,navigation_transient_browser_error,"BrowserContext.new_page: Target page, context or browser has been closed",,,,b1167bd1cbbea0d47596879f4e3be579577ff7d0c82b26416f2f3c64a57abe90,,,,,,BSE Ltd.,bseindia.com,0.0,Low,0.0,0.8768,0,False,False,0.0,-1,0.0,-1,0.0,-1,0.0,-1,False,False,False,False,False,,
run_20260409T090716Z,2026-04-09T09:08:23+00:00,PS-02_AIGR-S66270_NCIIPC_28_02_2026.xlsx,PS-02_AIGR-S66270_NCIIPC_28_02_2026.xlsx,https://moyvibe.ru,https://moyvibe.ru,,moyvibe.ru,moyvibe.ru,exact,failed,not_attempted,navigation_transient_browser_error,"BrowserContext.new_page: Target page, context or browser has been closed",,,,64ad014ef08f413884b33f7ca070fd78aad59de4d2ac1e785254ec2cadf9a4e1,,,,,,Vodafone Idea (VI),myvi.in,0.0,Low,0.0,0.8714,0,False,False,0.0,-1,0.0,-1,0.0,-1,0.0,-1,False,False,False,False,False,,
run_20260409T090716Z,2026-04-09T09:08:23+00:00,PS-02_AIGR-S66270_NCIIPC_28_02_2026.xlsx,PS-02_AIGR-S66270_NCIIPC_28_02_2026.xlsx,https://online-social-portal.xyz,https://online-social-portal.xyz,,online-social-portal.xyz,online-social-portal.xyz,exact,failed,not_attempted,navigation_transient_browser_error,"BrowserContext.new_page: Target page, context or browser has been closed",,,,41dbc713198d1284ff975e3b7ecc5ef7d0b50767f1160650fabb5ba3ce4b2a25,,,,,,State Bank of India (SBI),corp.onlinesbi.sbi,0.0,Low,0.0,0.8578,0,False,False,0.0,-1,0.0,-1,0.0,-1,0.0,-1,False,False,False,False,False,,
run_20260409T090716Z,2026-04-09T09:08:23+00:00,PS-02_AIGR-S66270_NCIIPC_28_02_2026.xlsx,PS-02_AIGR-S66270_NCIIPC_28_02_2026.xlsx,https://swipecard.xyz,https://swipecard.xyz,,swipecard.xyz,swipecard.xyz,exact,failed,not_attempted,navigation_transient_browser_error,"BrowserContext.new_page: Target page, context or browser has been closed",,,,a059068fbb29ea7af0e27ac6d043f6aa351581bbf04a52d68cc487eafef7e91b,,,,,,State Bank of India (SBI),sbicard.com,0.0,Low,0.0,0.8571,0,False,False,0.0,-1,0.0,-1,0.0,-1,0.0,-1,False,False,False,False,False,,
run_20260409T090716Z,2026-04-09T09:08:23+00:00,PS-02_AIGR-S66270_NCIIPC_28_02_2026.xlsx,PS-02_AIGR-S66270_NCIIPC_28_02_2026.xlsx,https://orbiy.cyou,https://orbiy.cyou,,orbiy.cyou,orbiy.cyou,exact,failed,not_attempted,navigation_transient_browser_error,"BrowserContext.new_page: Target page, context or browser has been closed",,,,e798e58303e8852bd18b2c4ad68374b243f596bb752cce6e4087e9cfddc1b131,,,,,,Reserve Bank of India (RBI),rbi.org.in,0.0,Low,0.0,0.8667,0,False,False,0.0,-1,0.0,-1,0.0,-1,0.0,-1,False,False,False,False,False,,
run_20260409T090716Z,2026-04-09T09:08:23+00:00,PS-02_AIGR-S66270_NCIIPC_28_02_2026.xlsx,PS-02_AIGR-S66270_NCIIPC_28_02_2026.xlsx,https://online-split-store.xyz,https://online-split-store.xyz,,online-split-store.xyz,online-split-store.xyz,exact,failed,not_attempted,navigation_transient_browser_error,"BrowserContext.new_page: Target page, context or browser has been closed",,,,6f761de5c175ad931239c06ceaf55ebf2fa4b268d2ab35ae2b0b94dc5ff350ee,,,,,,State Bank of India (SBI),corp.onlinesbi.sbi,0.0,Low,0.0,0.8667,0,False,False,0.0,-1,0.0,-1,0.0,-1,0.0,-1,False,False,False,False,False,,
run_20260409T090716Z,2026-04-09T09:08:23+00:00,PS-02_AIGR-S66270_NCIIPC_28_02_2026.xlsx,PS-02_AIGR-S66270_NCIIPC_28_02_2026.xlsx,http://axisshowmarkcorp.com,http://axisshowmarkcorp.com,,axisshowmarkcorp.com,axisshowmarkcorp.com,exact,failed,not_attempted,navigation_transient_browser_error,"BrowserContext.new_page: Target page, context or browser has been closed",,,,7f4272258eaadc50050889e8c02b3d468d3830d1e2623b9002131eb561546c57,,,,,,Axis Bank,axismf.com,0.0,Low,0.0,0.8292,0,False,False,0.0,-1,0.0,-1,0.0,-1,0.0,-1,False,False,False,False,False,,
run_20260409T090716Z,2026-04-09T09:08:23+00:00,PS-02_AIGR-S66270_NCIIPC_28_02_2026.xlsx,PS-02_AIGR-S66270_NCIIPC_28_02_2026.xlsx,https://myvips.cloud,https://myvips.cloud,,myvips.cloud,myvips.cloud,exact,failed,not_attempted,navigation_transient_browser_error,"BrowserContext.new_page: Target page, context or browser has been closed",,,,3c404e308ecc1f2c245dec0ca0b3ad0ef2fddfed2f0ba9fdd84f2920bea15d11,,,,,,Vodafone Idea (VI),myvi.in,0.0,Low,0.0,0.9333,0,False,False,0.0,-1,0.0,-1,0.0,-1,0.0,-1,False,False,False,False,False,,
run_20260409T090716Z,2026-04-09T09:08:23+00:00,PS-02_AIGR-S66270_NCIIPC_28_02_2026.xlsx,PS-02_AIGR-S66270_NCIIPC_28_02_2026.xlsx,https://onlinecasino-champion.fun,https://onlinecasino-champion.fun,,onlinecasino-champion.fun,onlinecasino-champion.fun,exact,failed,not_attempted,navigation_transient_browser_error,"BrowserContext.new_page: Target page, context or browser has been closed",,,,3ff40cb7d2c3968d2e33ac198a1c1ce206790cdb275887084a16a7b21b090edc,,,,,,State Bank of India (SBI),corp.onlinesbi.sbi,0.0,Low,0.0,0.854,0,False,False,0.0,-1,0.0,-1,0.0,-1,0.0,-1,False,False,False,False,False,,
run_20260409T090716Z,2026-04-09T09:08:23+00:00,PS-02_AIGR-S66270_NCIIPC_28_02_2026.xlsx,PS-02_AIGR-S66270_NCIIPC_28_02_2026.xlsx,https://homelyoapp.com,https://homelyoapp.com,,homelyoapp.com,homelyoapp.com,exact,failed,not_attempted,navigation_transient_browser_error,"BrowserContext.new_page: Target page, context or browser has been closed",,,,90250ff5b4e8dde0c58c26600e7567b47074cf60e95a63a31ebdb0d9b638926e,,,,,,State Bank of India (SBI),homeloans.sbi,0.0,Low,0.0,0.8956,0,False,False,0.0,-1,0.0,-1,0.0,-1,0.0,-1,False,False,False,False,False,,
run_20260409T090716Z,2026-04-09T09:08:23+00:00,PS-02_AIGR-S66270_NCIIPC_28_02_2026.xlsx,PS-02_AIGR-S66270_NCIIPC_28_02_2026.xlsx,https://canadabcmrif.ca,https://canadabcmrif.ca,,canadabcmrif.ca,canadabcmrif.ca,exact,failed,not_attempted,navigation_transient_browser_error,"BrowserContext.new_page: Target page, context or browser has been closed",,,,20179c9e00d4a62080e7cb3158386d6e67eb24fd3156a1710e71a441ae6be352,,,,,,Canara Bank,canarahsbclife.com,0.0,Low,0.0,0.8695,0,False,False,0.0,-1,0.0,-1,0.0,-1,0.0,-1,False,False,False,False,False,,
run_20260409T090716Z,2026-04-09T09:08:23+00:00,PS-02_AIGR-S66270_NCIIPC_28_02_2026.xlsx,PS-02_AIGR-S66270_NCIIPC_28_02_2026.xlsx,https://aiaius.com,https://aiaius.com,,aiaius.com,aiaius.com,exact,failed,not_attempted,navigation_transient_browser_error,"BrowserContext.new_page: Target page, context or browser has been closed",,,,ebc931ee665bd761375113d725f5770dfff1afb5138647375c0af614ff387f24,,,,,,All India Institute of Medical Sciences (AIIMS),aiims.edu,0.0,Low,0.0,0.8578,0,False,False,0.0,-1,0.0,-1,0.0,-1,0.0,-1,False,False,False,False,False,,
run_20260409T090716Z,2026-04-09T09:08:23+00:00,PS-02_AIGR-S66270_NCIIPC_28_02_2026.xlsx,PS-02_AIGR-S66270_NCIIPC_28_02_2026.xlsx,https://astrielf.info,https://astrielf.info,,astrielf.info,astrielf.info,exact,failed,not_attempted,navigation_transient_browser_error,"BrowserContext.new_page: Target page, context or browser has been closed",,,,acb2b5dc3a4525fbbdb487cd52858ee8f79862fe077ab7fdd134f7c401efe1a4,,,,,,Airtel,airtel.in,0.0,Low,0.0,0.875,0,False,False,0.0,-1,0.0,-1,0.0,-1,0.0,-1,False,False,False,False,False,,
run_20260409T090716Z,2026-04-09T09:08:23+00:00,PS-02_AIGR-S66270_NCIIPC_28_02_2026.xlsx,PS-02_AIGR-S66270_NCIIPC_28_02_2026.xlsx,https://industrial-index.com,https://industrial-index.com,,industrial-index.com,industrial-index.com,exact,failed,not_attempted,navigation_transient_browser_error,"BrowserContext.new_page: Target page, context or browser has been closed",,,,b50f22373d68461303f5e21690cc67797a0d7760e11b8ba139f8b27f3aaf293c,,,,,,Income Tax Department,incometaxindia.gov.in,0.0,Low,0.0,0.6981,0,False,False,0.0,-1,0.0,-1,0.0,-1,0.0,-1,False,False,False,False,False,,
run_20260409T090716Z,2026-04-09T09:08:23+00:00,PS-02_AIGR-S66270_NCIIPC_28_02_2026.xlsx,PS-02_AIGR-S66270_NCIIPC_28_02_2026.xlsx,https://online-park-sinatra.xyz,https://online-park-sinatra.xyz,,online-park-sinatra.xyz,online-park-sinatra.xyz,exact,failed,not_attempted,navigation_transient_browser_error,"BrowserContext.new_page: Target page, context or browser has been closed",,,,db3ad0f49306044a2bab2a0eb9b85c95f56b336194bf3ffcd5622c8c27206426,,,,,,State Bank of India (SBI),corp.onlinesbi.sbi,0.0,Low,0.0,0.862,0,False,False,0.0,-1,0.0,-1,0.0,-1,0.0,-1,False,False,False,False,False,,
run_20260409T090716Z,2026-04-09T09:08:23+00:00,PS-02_AIGR-S66270_NCIIPC_28_02_2026.xlsx,PS-02_AIGR-S66270_NCIIPC_28_02_2026.xlsx,http://myvirtualmeeting.us,http://myvirtualmeeting.us,,myvirtualmeeting.us,myvirtualmeeting.us,exact,failed,not_attempted,navigation_transient_browser_error,"BrowserContext.new_page: Target page, context or browser has been closed",,,,c9bf88e1cf3df328c28aa59ed11454e9a58954168b0617d317bf6ffcc3862d08,,,,,,Vodafone Idea (VI),myvi.in,0.0,Low,0.0,0.85,0,False,False,0.0,-1,0.0,-1,0.0,-1,0.0,-1,False,False,False,False,False,,
run_20260409T090716Z,2026-04-09T09:08:23+00:00,PS-02_AIGR-S66270_NCIIPC_28_02_2026.xlsx,PS-02_AIGR-S66270_NCIIPC_28_02_2026.xlsx,https://bankofmama.com,https://bankofmama.com,,bankofmama.com,bankofmama.com,exact,failed,not_attempted,navigation_transient_browser_error,"BrowserContext.new_page: Target page, context or browser has been closed",,,,faf61ec9a6eeb58d19d1c1ec91222e21576796dd807cefcb3482815fc13d3c99,,,,,,Bank of Baroda,onlinecasa.bankofbaroda.com,0.0,Low,0.0,0.8933,0,False,False,0.0,-1,0.0,-1,0.0,-1,0.0,-1,False,False,False,False,False,,
run_20260409T090716Z,2026-04-09T09:08:23+00:00,PS-02_AIGR-S66270_NCIIPC_28_02_2026.xlsx,PS-02_AIGR-S66270_NCIIPC_28_02_2026.xlsx,https://atxwis.com,https://atxwis.com,,atxwis.com,atxwis.com,exact,failed,not_attempted,navigation_transient_browser_error,"BrowserContext.new_page: Target page, context or browser has been closed",,,,5470f8dce7d5014e0adb7e1624d0aa98176c2f7827147a914efe7b1e094de5be,,,,,,Axis Bank,axismf.com,0.0,Low,0.0,0.8,0,False,False,0.0,-1,0.0,-1,0.0,-1,0.0,-1,False,False,False,False,False,,
run_20260409T090716Z,2026-04-09T09:08:23+00:00,PS-02_AIGR-S66270_NCIIPC_28_02_2026.xlsx,PS-02_AIGR-S66270_NCIIPC_28_02_2026.xlsx,https://aifixmysite.com,https://aifixmysite.com,,aifixmysite.com,aifixmysite.com,exact,failed,not_attempted,navigation_transient_browser_error,"BrowserContext.new_page: Target page, context or browser has been closed",,,,b7971a4e58c6d9666ef6d776b3fff56807441b32cdbacd74007095e79ef09723,,,,,,All India Institute of Medical Sciences (AIIMS),aiims.edu,0.0,Low,0.0,0.8545,0,False,False,0.0,-1,0.0,-1,0.0,-1,0.0,-1,False,False,False,False,False,,
run_20260409T090716Z,2026-04-09T09:08:23+00:00,PS-02_AIGR-S66270_NCIIPC_28_02_2026.xlsx,PS-02_AIGR-S66270_NCIIPC_28_02_2026.xlsx,https://sabi.skin,https://sabi.skin,,sabi.skin,sabi.skin,exact,failed,not_attempted,navigation_transient_browser_error,"BrowserContext.new_page: Target page, context or browser has been closed",,,,caaf78c6efd21b3bbc6355f335d4e91fc86e2abaa09d393c0b7ab56c8dbb3599,,,,,,State Bank of India (SBI),sbi.co.in,0.0,Low,0.0,0.925,0,False,False,0.0,-1,0.0,-1,0.0,-1,0.0,-1,False,False,False,False,False,,
run_20260409T090716Z,2026-04-09T09:08:23+00:00,PS-02_AIGR-S66270_NCIIPC_28_02_2026.xlsx,PS-02_AIGR-S66270_NCIIPC_28_02_2026.xlsx,http://vsc1.xyz,http://vsc1.xyz,,vsc1.xyz,vsc1.xyz,exact,failed,not_attempted,navigation_transient_browser_error,"BrowserContext.new_page: Target page, context or browser has been closed",,,,821e3a5e779e0803a99f39d3bba9744335ec0102bc3804d12665837b39190343,,,,,,Indian Space Research Organisation (ISRO),vssc.gov.in,0.0,Low,0.0,0.8667,0,False,False,0.0,-1,0.0,-1,0.0,-1,0.0,-1,False,False,False,False,False,,
run_20260409T090716Z,2026-04-09T09:08:23+00:00,PS-02_AIGR-S66270_NCIIPC_28_02_2026.xlsx,PS-02_AIGR-S66270_NCIIPC_28_02_2026.xlsx,https://home4ho.com,https://home4ho.com,,home4ho.com,home4ho.com,exact,failed,not_attempted,navigation_transient_browser_error,"BrowserContext.new_page: Target page, context or browser has been closed",,,,dad22adbdfadc4edd5628bbe8b8f4b2303401a9d7dae3b8e5bc47d022d5e1e52,,,,,,State Bank of India (SBI),homeloans.sbi,0.0,Low,0.0,0.854,0,False,False,0.0,-1,0.0,-1,0.0,-1,0.0,-1,False,False,False,False,False,,
run_20260409T090716Z,2026-04-09T09:08:23+00:00,PS-02_AIGR-S66270_NCIIPC_28_02_2026.xlsx,PS-02_AIGR-S66270_NCIIPC_28_02_2026.xlsx,https://homehavenspace.com,https://homehavenspace.com,,homehavenspace.com,homehavenspace.com,exact,failed,not_attempted,navigation_transient_browser_error,"BrowserContext.new_page: Target page, context or browser has been closed",,,,8d3ab5524db45c4547c0dae6423da4b60a645f11bd35e3ab48da2774d814f94b,,,,,,State Bank of India (SBI),homeloans.sbi,0.0,Low,0.0,0.8556,0,False,False,0.0,-1,0.0,-1,0.0,-1,0.0,-1,False,False,False,False,False,,
run_20260409T090716Z,2026-04-09T09:08:23+00:00,PS-02_AIGR-S66270_NCIIPC_28_02_2026.xlsx,PS-02_AIGR-S66270_NCIIPC_28_02_2026.xlsx,https://aiimportsusa.info,https://aiimportsusa.info,,aiimportsusa.info,aiimportsusa.info,exact,failed,not_attempted,navigation_transient_browser_error,"BrowserContext.new_page: Target page, context or browser has been closed",,,,b02e3803cc7c373bb53fa0a0121213658a18328a8065fd31f8cbc8390b2ffa04,,,,,,All India Institute of Medical Sciences (AIIMS),aiims.edu,0.0,Low,0.0,0.8833,0,False,False,0.0,-1,0.0,-1,0.0,-1,0.0,-1,False,False,False,False,False,,
run_20260409T090716Z,2026-04-09T09:08:23+00:00,PS-02_AIGR-S66270_NCIIPC_28_02_2026.xlsx,PS-02_AIGR-S66270_NCIIPC_28_02_2026.xlsx,https://bangobear.com,https://bangobear.com,,bangobear.com,bangobear.com,exact,failed,not_attempted,navigation_transient_browser_error,"BrowserContext.new_page: Target page, context or browser has been closed",,,,43f59306d1a61958b61c94925cde32983a2163039093f0fa0f4898d1a6072cf9,,,,,,Bank of Baroda,onlinecasa.bankofbaroda.com,0.0,Low,0.0,0.8509,0,False,False,0.0,-1,0.0,-1,0.0,-1,0.0,-1,False,False,False,False,False,,
run_20260409T090716Z,2026-04-09T09:08:23+00:00,PS-02_AIGR-S66270_NCIIPC_28_02_2026.xlsx,PS-02_AIGR-S66270_NCIIPC_28_02_2026.xlsx,http://jisoor.xyz,http://jisoor.xyz,,jisoor.xyz,jisoor.xyz,exact,failed,not_attempted,navigation_transient_browser_error,"BrowserContext.new_page: Target page, context or browser has been closed",,,,afd78c489d0425e13a4c9d8571e2de8e9c60899c73e0bd0118004bb2b5ba5977,,,,,,Jio,jio.com,0.0,Low,0.0,0.8667,0,False,False,0.0,-1,0.0,-1,0.0,-1,0.0,-1,False,False,False,False,False,,
run_20260409T090716Z,2026-04-09T09:08:23+00:00,PS-02_AIGR-S66270_NCIIPC_28_02_2026.xlsx,PS-02_AIGR-S66270_NCIIPC_28_02_2026.xlsx,https://audai.live,https://audai.live,,audai.live,audai.live,exact,failed,not_attempted,navigation_transient_browser_error,"BrowserContext.new_page: Target page, context or browser has been closed",,,,9918958a30288a95c5f83097a3b921341032d2affa304473168f775427558ac6,,,,,,"Unique Identification Authority of India (UIDAI)
",uidai.gov.in,0.0,Low,0.0,0.8667,0,False,False,0.0,-1,0.0,-1,0.0,-1,0.0,-1,False,False,False,False,False,,
run_20260409T090716Z,2026-04-09T09:08:23+00:00,PS-02_AIGR-S66270_NCIIPC_28_02_2026.xlsx,PS-02_AIGR-S66270_NCIIPC_28_02_2026.xlsx,https://paribahis-join.xyz,https://paribahis-join.xyz,,paribahis-join.xyz,paribahis-join.xyz,exact,failed,not_attempted,navigation_transient_browser_error,"BrowserContext.new_page: Target page, context or browser has been closed",,,,b3d7e010ac6458c1f90d8ab5f3a4a3fbda6343fcd2713ac8e3eb7b6344c702d9,,,,,,parivahan sewa,parivahan.gov.in,0.0,Low,0.0,0.8556,0,False,False,0.0,-1,0.0,-1,0.0,-1,0.0,-1,False,False,False,False,False,,
run_20260409T090716Z,2026-04-09T09:08:23+00:00,PS-02_AIGR-S66270_NCIIPC_28_02_2026.xlsx,PS-02_AIGR-S66270_NCIIPC_28_02_2026.xlsx,http://aise.technology,http://aise.technology,,aise.technology,aise.technology,exact,failed,not_attempted,navigation_transient_browser_error,"BrowserContext.new_page: Target page, context or browser has been closed",,,,072802a8e34c0ec30e64b6a0f71ca72f3b292c9a1341cd30f6f40a0d85775c85,,,,,,All India Institute of Medical Sciences (AIIMS),aiimsexams.ac.in,0.0,Low,0.0,0.84,0,False,False,0.0,-1,0.0,-1,0.0,-1,0.0,-1,False,False,False,False,False,,
run_20260409T090716Z,2026-04-09T09:08:23+00:00,PS-02_AIGR-S66270_NCIIPC_28_02_2026.xlsx,PS-02_AIGR-S66270_NCIIPC_28_02_2026.xlsx,http://online-broker.uz,http://online-broker.uz,,online-broker.uz,online-broker.uz,exact,failed,not_attempted,navigation_transient_browser_error,"BrowserContext.new_page: Target page, context or browser has been closed",,,,a2872a1df27b97d843d88a8d44feb83528dfd8ee8913c5d1160349930a525753,,,,,,State Bank of India (SBI),corp.onlinesbi.sbi,0.0,Low,0.0,0.8632,0,False,False,0.0,-1,0.0,-1,0.0,-1,0.0,-1,False,False,False,False,False,,
run_20260409T090716Z,2026-04-09T09:08:23+00:00,PS-02_AIGR-S66270_NCIIPC_28_02_2026.xlsx,PS-02_AIGR-S66270_NCIIPC_28_02_2026.xlsx,https://icc.coffee,https://icc.coffee,,icc.coffee,icc.coffee,exact,failed,not_attempted,navigation_transient_browser_error,"BrowserContext.new_page: Target page, context or browser has been closed",,,,51b4896dabf1363fa49ee4b22686d2a06072c79eeef4421a2a6109d62bca461f,,,,,,ICICI Bank,icicidirect.com,0.0,Low,0.0,0.8061,0,False,False,0.0,-1,0.0,-1,0.0,-1,0.0,-1,False,False,False,False,False,,
run_20260409T090716Z,2026-04-09T09:08:23+00:00,PS-02_AIGR-S66270_NCIIPC_28_02_2026.xlsx,PS-02_AIGR-S66270_NCIIPC_28_02_2026.xlsx,https://sobim.online,https://sobim.online,,sobim.online,sobim.online,exact,failed,not_attempted,navigation_transient_browser_error,"BrowserContext.new_page: Target page, context or browser has been closed",,,,38fc680ee45c6e7f2f68c1c016b360cde38ddbeeb7182da32d016ba76003f9fa,,,,,,State Bank of India (SBI),sbi.co.in,0.0,Low,0.0,0.88,0,False,False,0.0,-1,0.0,-1,0.0,-1,0.0,-1,False,False,False,False,False,,
run_20260409T090716Z,2026-04-09T09:08:23+00:00,PS-02_AIGR-S66270_NCIIPC_28_02_2026.xlsx,PS-02_AIGR-S66270_NCIIPC_28_02_2026.xlsx,https://orbis.ink,https://orbis.ink,,orbis.ink,orbis.ink,exact,failed,not_attempted,navigation_transient_browser_error,"BrowserContext.new_page: Target page, context or browser has been closed",,,,23a5bc3896f69df747b2d79e78ea4ab4a21c96239b77d56e509f5bd8cec16a14,,,,,,Reserve Bank of India (RBI),rbi.org.in,0.0,Low,0.0,0.8667,0,False,False,0.0,-1,0.0,-1,0.0,-1,0.0,-1,False,False,False,False,False,,
run_20260409T090716Z,2026-04-09T09:08:23+00:00,PS-02_AIGR-S66270_NCIIPC_28_02_2026.xlsx,PS-02_AIGR-S66270_NCIIPC_28_02_2026.xlsx,http://uconline.com.co,http://uconline.com.co,,uconline.com.co,uconline.com.co,exact,failed,not_attempted,navigation_transient_browser_error,"BrowserContext.new_page: Target page, context or browser has been closed",,,,2e828aee8a5b7189d421e6f3abcfa56154a7deb7aeff9609e84f25cb0846284b,,,,,,Computer Age Management Services Ltd. (CAMS),camsonline.com,0.0,Low,0.0,0.8583,0,False,False,0.0,-1,0.0,-1,0.0,-1,0.0,-1,False,False,False,False,False,,
run_20260409T090716Z,2026-04-09T09:08:23+00:00,PS-02_AIGR-S66270_NCIIPC_28_02_2026.xlsx,PS-02_AIGR-S66270_NCIIPC_28_02_2026.xlsx,http://axiym.info,http://axiym.info,,axiym.info,axiym.info,exact,failed,not_attempted,navigation_transient_browser_error,"BrowserContext.new_page: Target page, context or browser has been closed",,,,9e95a5e709c2a90182329e41466cba1f004284a44d65fbd025621ffceb39acb2,,,,,,Axis Bank,axismf.com,0.0,Low,0.0,0.8756,0,False,False,0.0,-1,0.0,-1,0.0,-1,0.0,-1,False,False,False,False,False,,
run_20260409T090716Z,2026-04-09T09:08:23+00:00,PS-02_AIGR-S66270_NCIIPC_28_02_2026.xlsx,PS-02_AIGR-S66270_NCIIPC_28_02_2026.xlsx,https://homebaseuw.com,https://homebaseuw.com,,homebaseuw.com,homebaseuw.com,exact,failed,not_attempted,navigation_transient_browser_error,"BrowserContext.new_page: Target page, context or browser has been closed",,,,e1b24b8c13e9b2519b0374ffa9f1b0b729239e98f52919af0f6477f482b1f5a3,,,,,,State Bank of India (SBI),homeloans.sbi,0.0,Low,0.0,0.8533,0,False,False,0.0,-1,0.0,-1,0.0,-1,0.0,-1,False,False,False,False,False,,
run_20260409T090716Z,2026-04-09T09:08:23+00:00,PS-02_AIGR-S66270_NCIIPC_28_02_2026.xlsx,PS-02_AIGR-S66270_NCIIPC_28_02_2026.xlsx,https://online-skupka.ru,https://online-skupka.ru,,online-skupka.ru,online-skupka.ru,exact,failed,not_attempted,navigation_transient_browser_error,"BrowserContext.new_page: Target page, context or browser has been closed",,,,ea2cbe9e90cab0c082d798c531e5781f28a73f5c47158eaf738b64fa2e2e4cdf,,,,,,State Bank of India (SBI),corp.onlinesbi.sbi,0.0,Low,0.0,0.8632,0,False,False,0.0,-1,0.0,-1,0.0,-1,0.0,-1,False,False,False,False,False,,
run_20260409T090716Z,2026-04-09T09:08:23+00:00,PS-02_AIGR-S66270_NCIIPC_28_02_2026.xlsx,PS-02_AIGR-S66270_NCIIPC_28_02_2026.xlsx,https://onlinedevops.com,https://onlinedevops.com,,onlinedevops.com,onlinedevops.com,exact,failed,not_attempted,navigation_transient_browser_error,"BrowserContext.new_page: Target page, context or browser has been closed",,,,cc4ef086d812c8627d57f0cb0c12f687130259bf5efb46e6c37a6002a44522c4,,,,,,State Bank of India (SBI),corp.onlinesbi.sbi,0.0,Low,0.0,0.8722,0,False,False,0.0,-1,0.0,-1,0.0,-1,0.0,-1,False,False,False,False,False,,
run_20260409T090716Z,2026-04-09T09:08:23+00:00,PS-02_AIGR-S66270_NCIIPC_28_02_2026.xlsx,PS-02_AIGR-S66270_NCIIPC_28_02_2026.xlsx,https://rubia.engineering,https://rubia.engineering,,rubia.engineering,rubia.engineering,exact,failed,not_attempted,navigation_transient_browser_error,"BrowserContext.new_page: Target page, context or browser has been closed",,,,c2908375ac278f15f89c8d68ee4a5221c8bcf81fca159965c08dd061e94dac69,,,,,,Reserve Bank of India (RBI),rbi.org.in,0.0,Low,0.0,0.88,0,False,False,0.0,-1,0.0,-1,0.0,-1,0.0,-1,False,False,False,False,False,,
run_20260409T090716Z,2026-04-09T09:08:23+00:00,PS-02_AIGR-S66270_NCIIPC_28_02_2026.xlsx,PS-02_AIGR-S66270_NCIIPC_28_02_2026.xlsx,https://dmaxis.com,https://dmaxis.com,,dmaxis.com,dmaxis.com,exact,failed,not_attempted,navigation_transient_browser_error,"BrowserContext.new_page: Target page, context or browser has been closed",,,,b2bd37da205f443660893cc27442e7eada3bb7bc3707a8ecd3a8de106b81737a,,,,,,Axis Bank,axismf.com,0.0,Low,0.0,0.7778,0,False,False,0.0,-1,0.0,-1,0.0,-1,0.0,-1,False,False,False,False,False,,
run_20260409T090716Z,2026-04-09T09:08:23+00:00,PS-02_AIGR-S66270_NCIIPC_28_02_2026.xlsx,PS-02_AIGR-S66270_NCIIPC_28_02_2026.xlsx,https://bsidesa.com,https://bsidesa.com,,bsidesa.com,bsidesa.com,exact,failed,not_attempted,navigation_transient_browser_error,"BrowserContext.new_page: Target page, context or browser has been closed",,,,e11c416b978f8c2c145d466a15797527fd1aeec6f42325ef55d6abb1995868bc,,,,,,BSE Ltd.,bseindia.com,0.0,Low,0.0,0.8508,0,False,False,0.0,-1,0.0,-1,0.0,-1,0.0,-1,False,False,False,False,False,,
run_20260409T090716Z,2026-04-09T09:08:23+00:00,PS-02_AIGR-S66270_NCIIPC_28_02_2026.xlsx,PS-02_AIGR-S66270_NCIIPC_28_02_2026.xlsx,https://bitxcard.com,https://bitxcard.com,,bitxcard.com,bitxcard.com,exact,failed,not_attempted,navigation_transient_browser_error,"BrowserContext.new_page: Target page, context or browser has been closed",,,,6ad7e41ff01cd8bfb6f59383a6de2f49ea38f6db822b522393847c63edc06a34,,,,,,State Bank of India (SBI),sbicard.com,0.0,Low,0.0,0.869,0,False,False,0.0,-1,0.0,-1,0.0,-1,0.0,-1,False,False,False,False,False,,
run_20260409T090716Z,2026-04-09T09:08:23+00:00,PS-02_AIGR-S66270_NCIIPC_28_02_2026.xlsx,PS-02_AIGR-S66270_NCIIPC_28_02_2026.xlsx,https://axisstrategies.ca,https://axisstrategies.ca,,axisstrategies.ca,axisstrategies.ca,exact,failed,not_attempted,navigation_transient_browser_error,"BrowserContext.new_page: Target page, context or browser has been closed",,,,02fcdf3846e9160ea6358925e1f8fa9bd0454c9dd8819fc3223fdd7c5828a5e2,,,,,,State Bank of India (SBI),sbisecurities.in,0.0,Low,0.0,0.7043,0,False,False,0.0,-1,0.0,-1,0.0,-1,0.0,-1,False,False,False,False,False,,
run_20260409T090716Z,2026-04-09T09:08:23+00:00,PS-02_AIGR-S66270_NCIIPC_28_02_2026.xlsx,PS-02_AIGR-S66270_NCIIPC_28_02_2026.xlsx,http://onlinealta.com,http://onlinealta.com,,onlinealta.com,onlinealta.com,exact,failed,not_attempted,navigation_transient_browser_error,"BrowserContext.new_page: Target page, context or browser has been closed",,,,dd9d81c32db77b534e06c2245bc7ac7ecc59926ee579ffdd3fca3a473fed20b3,,,,,,State Bank of India (SBI),corp.onlinesbi.sbi,0.0,Low,0.0,0.8533,0,False,False,0.0,-1,0.0,-1,0.0,-1,0.0,-1,False,False,False,False,False,,
run_20260409T090716Z,2026-04-09T09:08:23+00:00,PS-02_AIGR-S66270_NCIIPC_28_02_2026.xlsx,PS-02_AIGR-S66270_NCIIPC_28_02_2026.xlsx,https://homeloomrealestate.com,https://homeloomrealestate.com,,homeloomrealestate.com,homeloomrealestate.com,exact,failed,not_attempted,navigation_transient_browser_error,"BrowserContext.new_page: Target page, context or browser has been closed",,,,a9363fca0968e73251a40715fc15ac33db1bfe8cad35de97f663283274abff1a,,,,,,State Bank of India (SBI),homeloans.sbi,0.0,Low,0.0,0.8667,0,False,False,0.0,-1,0.0,-1,0.0,-1,0.0,-1,False,False,False,False,False,,
run_20260409T090716Z,2026-04-09T09:08:23+00:00,PS-02_AIGR-S66270_NCIIPC_28_02_2026.xlsx,PS-02_AIGR-S66270_NCIIPC_28_02_2026.xlsx,http://axisaviation.aero,http://axisaviation.aero,,axisaviation.aero,axisaviation.aero,exact,failed,not_attempted,navigation_transient_browser_error,"BrowserContext.new_page: Target page, context or browser has been closed",,,,8aba9ab131bc08e9b7c2bda2e2d19643170404b3d252d93c9536e9185b7db2a0,,,,,,Axis Bank,axismaxlife.com,0.0,Low,0.0,0.6818,0,False,False,0.0,-1,0.0,-1,0.0,-1,0.0,-1,False,False,False,False,False,,
run_20260409T090716Z,2026-04-09T09:08:23+00:00,PS-02_AIGR-S66270_NCIIPC_28_02_2026.xlsx,PS-02_AIGR-S66270_NCIIPC_28_02_2026.xlsx,https://homelandgunshop.com,https://homelandgunshop.com,,homelandgunshop.com,homelandgunshop.com,exact,failed,not_attempted,navigation_transient_browser_error,"BrowserContext.new_page: Target page, context or browser has been closed",,,,a2b0746ffc117e6ed12bf1bec3c20bd57e1c2fdb3aa1cae08ae05c19503b8069,,,,,,State Bank of India (SBI),homeloans.sbi,0.0,Low,0.0,0.8844,0,False,False,0.0,-1,0.0,-1,0.0,-1,0.0,-1,False,False,False,False,False,,
run_20260409T090716Z,2026-04-09T09:08:23+00:00,PS-02_AIGR-S66270_NCIIPC_28_02_2026.xlsx,PS-02_AIGR-S66270_NCIIPC_28_02_2026.xlsx,http://airinode.com,http://airinode.com,,airinode.com,airinode.com,exact,failed,not_attempted,navigation_transient_browser_error,"BrowserContext.new_page: Target page, context or browser has been closed",,,,783c43480dd2437400b838f3ccd8bcc9b558c3da7d1aceb9497d8ded5cd3fe19,,,,,,Air India,airindiaexpress.com,0.0,Low,0.0,0.8683,0,False,False,0.0,-1,0.0,-1,0.0,-1,0.0,-1,False,False,False,False,False,,
run_20260409T090716Z,2026-04-09T09:08:23+00:00,PS-02_AIGR-S66270_NCIIPC_28_02_2026.xlsx,PS-02_AIGR-S66270_NCIIPC_28_02_2026.xlsx,https://canaroca.com,https://canaroca.com,,canaroca.com,canaroca.com,exact,failed,not_attempted,navigation_transient_browser_error,"BrowserContext.new_page: Target page, context or browser has been closed",,,,365830ec7afd5b148fc7c894bca0779a594cbff1a021e598bdc0d9b2c51c347c,,,,,,Canara Bank,canararobeco.com,0.0,Low,0.0,0.9083,0,False,False,0.0,-1,0.0,-1,0.0,-1,0.0,-1,False,False,False,False,False,,
run_20260409T090716Z,2026-04-09T09:08:23+00:00,PS-02_AIGR-S66270_NCIIPC_28_02_2026.xlsx,PS-02_AIGR-S66270_NCIIPC_28_02_2026.xlsx,https://vsscollege.com,https://vsscollege.com,,vsscollege.com,vsscollege.com,exact,failed,not_attempted,navigation_transient_browser_error,"BrowserContext.new_page: Target page, context or browser has been closed",,,,7e9dcf8a50ca03622f315afa2d2bc9727591195fdb2fbf374d6eb5ccf9b1435a,,,,,,Indian Space Research Organisation (ISRO),vssc.gov.in,0.0,Low,0.0,0.88,0,False,False,0.0,-1,0.0,-1,0.0,-1,0.0,-1,False,False,False,False,False,,
run_20260409T090716Z,2026-04-09T09:08:23+00:00,PS-02_AIGR-S66270_NCIIPC_28_02_2026.xlsx,PS-02_AIGR-S66270_NCIIPC_28_02_2026.xlsx,https://nipocl.lat,https://nipocl.lat,,nipocl.lat,nipocl.lat,exact,failed,not_attempted,navigation_transient_browser_error,"BrowserContext.new_page: Target page, context or browser has been closed",,,,6970fe3ecc93c2c5e66673e77442feaa29b5e781eaf9a49b216cb54c91acb2f9,,,,,,Indian Oil Corporation Limited (IOCL),iocl.com,0.0,Low,0.0,0.8889,0,False,False,0.0,-1,0.0,-1,0.0,-1,0.0,-1,False,False,False,False,False,,
run_20260409T090716Z,2026-04-09T09:08:23+00:00,PS-02_AIGR-S66270_NCIIPC_28_02_2026.xlsx,PS-02_AIGR-S66270_NCIIPC_28_02_2026.xlsx,https://onlineproofing.nl,https://onlineproofing.nl,,onlineproofing.nl,onlineproofing.nl,exact,failed,not_attempted,navigation_transient_browser_error,"BrowserContext.new_page: Target page, context or browser has been closed",,,,a8a58c63d96316d4e420833b8bddf40ef5d1e2814d5c9365af95fd209a758213,,,,,,State Bank of India (SBI),corp.onlinesbi.sbi,0.0,Low,0.0,0.8556,0,False,False,0.0,-1,0.0,-1,0.0,-1,0.0,-1,False,False,False,False,False,,
run_20260409T090716Z,2026-04-09T09:08:23+00:00,PS-02_AIGR-S66270_NCIIPC_28_02_2026.xlsx,PS-02_AIGR-S66270_NCIIPC_28_02_2026.xlsx,https://erbit.cyou,https://erbit.cyou,,erbit.cyou,erbit.cyou,exact,failed,not_attempted,navigation_transient_browser_error,"BrowserContext.new_page: Target page, context or browser has been closed",,,,be5872b1ab5564f7c7d8c884610e4ed15de9c9e0734b91e82acac9a672fb8bae,,,,,,Reserve Bank of India (RBI),rbi.org.in,0.0,Low,0.0,0.8667,0,False,False,0.0,-1,0.0,-1,0.0,-1,0.0,-1,False,False,False,False,False,,
run_20260409T090716Z,2026-04-09T09:08:23+00:00,PS-02_AIGR-S66270_NCIIPC_28_02_2026.xlsx,PS-02_AIGR-S66270_NCIIPC_28_02_2026.xlsx,https://axishealthstudio.com,https://axishealthstudio.com,,axishealthstudio.com,axishealthstudio.com,exact,failed,not_attempted,navigation_transient_browser_error,"BrowserContext.new_page: Target page, context or browser has been closed",,,,995436a77a9390966cfe7216bbe8203b27a8e8ad3e7d932a83b857da0241f3cf,,,,,,Axis Bank,axismaxlife.com,0.0,Low,0.0,0.6591,0,False,False,0.0,-1,0.0,-1,0.0,-1,0.0,-1,False,False,False,False,False,,
run_20260409T090716Z,2026-04-09T09:08:23+00:00,PS-02_AIGR-S66270_NCIIPC_28_02_2026.xlsx,PS-02_AIGR-S66270_NCIIPC_28_02_2026.xlsx,https://onlinecaszreg.org,https://onlinecaszreg.org,,onlinecaszreg.org,onlinecaszreg.org,exact,failed,not_attempted,navigation_transient_browser_error,"BrowserContext.new_page: Target page, context or browser has been closed",,,,a59fc9958f0aca144f4a9fad07e0efb707c6d44833f4792c7519831d65167bf5,,,,,,State Bank of India (SBI),corp.onlinesbi.sbi,0.0,Low,0.0,0.8632,0,False,False,0.0,-1,0.0,-1,0.0,-1,0.0,-1,False,False,False,False,False,,
run_20260409T090716Z,2026-04-09T09:08:23+00:00,PS-02_AIGR-S66270_NCIIPC_28_02_2026.xlsx,PS-02_AIGR-S66270_NCIIPC_28_02_2026.xlsx,https://airboletos.com,https://airboletos.com,,airboletos.com,airboletos.com,exact,failed,not_attempted,navigation_transient_browser_error,"BrowserContext.new_page: Target page, context or browser has been closed",,,,d1a9ec6fe0db0ac9b37ea1b1511105ef8e5c5edd4715e3e14ed768fc0f432637,,,,,,Airtel,airtel.in,0.0,Low,0.0,0.8678,0,False,False,0.0,-1,0.0,-1,0.0,-1,0.0,-1,False,False,False,False,False,,
run_20260409T090716Z,2026-04-09T09:08:23+00:00,PS-02_AIGR-S66270_NCIIPC_28_02_2026.xlsx,PS-02_AIGR-S66270_NCIIPC_28_02_2026.xlsx,https://homeloanodisha.com,https://homeloanodisha.com,,homeloanodisha.com,homeloanodisha.com,exact,failed,not_attempted,navigation_transient_browser_error,"BrowserContext.new_page: Target page, context or browser has been closed",,,,535c585a691110714d04f25a332e1aa65080635983ec336e75521a61b003d67f,,,,,,State Bank of India (SBI),homeloans.sbi,0.0,Low,0.0,0.9286,0,False,False,0.0,-1,0.0,-1,0.0,-1,0.0,-1,False,False,False,False,False,,
run_20260409T090716Z,2026-04-09T09:08:23+00:00,PS-02_AIGR-S66270_NCIIPC_28_02_2026.xlsx,PS-02_AIGR-S66270_NCIIPC_28_02_2026.xlsx,https://aihimsa.com,https://aihimsa.com,,aihimsa.com,aihimsa.com,exact,failed,not_attempted,navigation_transient_browser_error,"BrowserContext.new_page: Target page, context or browser has been closed",,,,c3f39d743c0138e9a6a0da80c1de2c8a0b0acf3cfc4e4de800a9efc219d4c0ed,,,,,,All India Institute of Medical Sciences (AIIMS),aiims.edu,0.0,Low,0.0,0.9238,0,False,False,0.0,-1,0.0,-1,0.0,-1,0.0,-1,False,False,False,False,False,,
run_20260409T090716Z,2026-04-09T09:08:23+00:00,PS-02_AIGR-S66270_NCIIPC_28_02_2026.xlsx,PS-02_AIGR-S66270_NCIIPC_28_02_2026.xlsx,https://axiscntrl.com,https://axiscntrl.com,,axiscntrl.com,axiscntrl.com,exact,failed,not_attempted,navigation_transient_browser_error,"BrowserContext.new_page: Target page, context or browser has been closed",,,,8d6a446b3c830c32be49e41fe76ca7bde8dbb9e31aa6713e505e0ce5476d33cc,,,,,,Axis Bank,axismf.com,0.0,Low,0.0,0.8222,0,False,False,0.0,-1,0.0,-1,0.0,-1,0.0,-1,False,False,False,False,False,,
run_20260409T090716Z,2026-04-09T09:08:23+00:00,PS-02_AIGR-S66270_NCIIPC_28_02_2026.xlsx,PS-02_AIGR-S66270_NCIIPC_28_02_2026.xlsx,https://pengbb.bond,https://pengbb.bond,,pengbb.bond,pengbb.bond,exact,failed,not_attempted,navigation_transient_browser_error,"BrowserContext.new_page: Target page, context or browser has been closed",,,,63b2c7ddbfc206c14464043a4749a3fee7fd7e554fea9b8ee05d9e6b872a140b,,,,,,Punjab National Bank (PNB),pnbindia.in,0.0,Low,0.0,0.625,0,False,False,0.0,-1,0.0,-1,0.0,-1,0.0,-1,False,False,False,False,False,,
run_20260409T090716Z,2026-04-09T09:08:23+00:00,PS-02_AIGR-S66270_NCIIPC_28_02_2026.xlsx,PS-02_AIGR-S66270_NCIIPC_28_02_2026.xlsx,https://axispt.fit,https://axispt.fit,,axispt.fit,axispt.fit,exact,failed,not_attempted,navigation_transient_browser_error,"BrowserContext.new_page: Target page, context or browser has been closed",,,,49587fdaf3f043741d91987c513b373c5c0e876959f149080fdb15bf4037b45f,,,,,,Axis Bank,axismf.com,0.0,Low,0.0,0.8667,0,False,False,0.0,-1,0.0,-1,0.0,-1,0.0,-1,False,False,False,False,False,,
run_20260409T090716Z,2026-04-09T09:08:23+00:00,PS-02_AIGR-S66270_NCIIPC_28_02_2026.xlsx,PS-02_AIGR-S66270_NCIIPC_28_02_2026.xlsx,https://homehublaw.pro,https://homehublaw.pro,,homehublaw.pro,homehublaw.pro,exact,failed,not_attempted,navigation_transient_browser_error,"BrowserContext.new_page: Target page, context or browser has been closed",,,,dd14d97e07a93da871c23c61ba5401a785a9f05249ecd95462b81275743626d5,,,,,,State Bank of India (SBI),homeloans.sbi,0.0,Low,0.0,0.8533,0,False,False,0.0,-1,0.0,-1,0.0,-1,0.0,-1,False,False,False,False,False,,
run_20260409T090716Z,2026-04-09T09:08:23+00:00,PS-02_AIGR-S66270_NCIIPC_28_02_2026.xlsx,PS-02_AIGR-S66270_NCIIPC_28_02_2026.xlsx,https://axiossoft.digital,https://axiossoft.digital,,axiossoft.digital,axiossoft.digital,exact,failed,not_attempted,navigation_transient_browser_error,"BrowserContext.new_page: Target page, context or browser has been closed",,,,fe9f3c2b9d197cc04d19c3d71db7e56ed71eed522271a5b567975b42440ac348,,,,,,Axis Bank,axismf.com,0.0,Low,0.0,0.8574,0,False,False,0.0,-1,0.0,-1,0.0,-1,0.0,-1,False,False,False,False,False,,
run_20260409T090716Z,2026-04-09T09:08:23+00:00,PS-02_AIGR-S66270_NCIIPC_28_02_2026.xlsx,PS-02_AIGR-S66270_NCIIPC_28_02_2026.xlsx,https://homesgaylord.realtor,https://homesgaylord.realtor,,homesgaylord.realtor,homesgaylord.realtor,exact,failed,not_attempted,navigation_transient_browser_error,"BrowserContext.new_page: Target page, context or browser has been closed",,,,fa11797c8b174ea55e40bcfd335917c0ba177955d9b8b30fa96893c895a17506,,,,,,State Bank of India (SBI),homeloans.sbi,0.0,Low,0.0,0.8611,0,False,False,0.0,-1,0.0,-1,0.0,-1,0.0,-1,False,False,False,False,False,,
run_20260409T090716Z,2026-04-09T09:08:23+00:00,PS-02_AIGR-S66270_NCIIPC_28_02_2026.xlsx,PS-02_AIGR-S66270_NCIIPC_28_02_2026.xlsx,https://homefronttees.com,https://homefronttees.com,,homefronttees.com,homefronttees.com,exact,failed,not_attempted,navigation_transient_browser_error,"BrowserContext.new_page: Target page, context or browser has been closed",,,,3086f14f0490aa96a87115c9f7456bf6b9d994a0d656dd580c04fb91f3c0cb27,,,,,,State Bank of India (SBI),homeloans.sbi,0.0,Low,0.0,0.8632,0,False,False,0.0,-1,0.0,-1,0.0,-1,0.0,-1,False,False,False,False,False,,
run_20260409T090716Z,2026-04-09T09:08:23+00:00,PS-02_AIGR-S66270_NCIIPC_28_02_2026.xlsx,PS-02_AIGR-S66270_NCIIPC_28_02_2026.xlsx,https://aaitimes.com,https://aaitimes.com,,aaitimes.com,aaitimes.com,exact,failed,not_attempted,navigation_transient_browser_error,"BrowserContext.new_page: Target page, context or browser has been closed",,,,e331eeef082a4c159a5cba82ce424f3e96317da3f7db192626af6aece388ee41,,,,,,All India Institute of Medical Sciences (AIIMS),aiims.edu,0.0,Low,0.0,0.8875,0,False,False,0.0,-1,0.0,-1,0.0,-1,0.0,-1,False,False,False,False,False,,
run_20260409T090716Z,2026-04-09T09:08:23+00:00,PS-02_AIGR-S66270_NCIIPC_28_02_2026.xlsx,PS-02_AIGR-S66270_NCIIPC_28_02_2026.xlsx,https://homefieldfoods.co,https://homefieldfoods.co,,homefieldfoods.co,homefieldfoods.co,exact,failed,not_attempted,navigation_transient_browser_error,"BrowserContext.new_page: Target page, context or browser has been closed",,,,9b9b6a6ff4eb6586d7ef3197ddcecdca9c677450349d541280b71413f21f1950,,,,,,State Bank of India (SBI),homeloans.sbi,0.0,Low,0.0,0.8556,0,False,False,0.0,-1,0.0,-1,0.0,-1,0.0,-1,False,False,False,False,False,,
run_20260409T090716Z,2026-04-09T09:08:23+00:00,PS-02_AIGR-S66270_NCIIPC_28_02_2026.xlsx,PS-02_AIGR-S66270_NCIIPC_28_02_2026.xlsx,https://paahra.com,https://paahra.com,,paahra.com,paahra.com,exact,failed,not_attempted,navigation_transient_browser_error,"BrowserContext.new_page: Target page, context or browser has been closed",,,,fa77298e519761b64cc5c2821aa82516a363d9537276a474006ca23674b32c9e,,,,,,parivahan sewa,parivahan.gov.in,0.0,Low,0.0,0.8667,0,False,False,0.0,-1,0.0,-1,0.0,-1,0.0,-1,False,False,False,False,False,,
run_20260409T090716Z,2026-04-09T09:08:23+00:00,PS-02_AIGR-S66270_NCIIPC_28_02_2026.xlsx,PS-02_AIGR-S66270_NCIIPC_28_02_2026.xlsx,https://axispg.online,https://axispg.online,,axispg.online,axispg.online,exact,failed,not_attempted,navigation_transient_browser_error,"BrowserContext.new_page: Target page, context or browser has been closed",,,,b576af50bcc0a746c242f8d89abb44cff031cba6147a66e48e77c52348ff5381,,,,,,Axis Bank,axismf.com,0.0,Low,0.0,0.8667,0,False,False,0.0,-1,0.0,-1,0.0,-1,0.0,-1,False,False,False,False,False,,
run_20260409T090716Z,2026-04-09T09:08:23+00:00,PS-02_AIGR-S66270_NCIIPC_28_02_2026.xlsx,PS-02_AIGR-S66270_NCIIPC_28_02_2026.xlsx,https://online4.online,https://online4.online,,online4.online,online4.online,exact,failed,not_attempted,navigation_transient_browser_error,"BrowserContext.new_page: Target page, context or browser has been closed",,,,ec0e4a81e3fa1a2a035cf9d1651ed24ca27e7a11771094c13c4da8d46abbbe74,,,,,,State Bank of India (SBI),corp.onlinesbi.sbi,0.0,Low,0.0,0.9048,0,False,False,0.0,-1,0.0,-1,0.0,-1,0.0,-1,False,False,False,False,False,,
run_20260409T090716Z,2026-04-09T09:08:23+00:00,PS-02_AIGR-S66270_NCIIPC_28_02_2026.xlsx,PS-02_AIGR-S66270_NCIIPC_28_02_2026.xlsx,https://onlidesendp.site,https://onlidesendp.site,,onlidesendp.site,onlidesendp.site,exact,failed,not_attempted,navigation_transient_browser_error,"BrowserContext.new_page: Target page, context or browser has been closed",,,,a91a38fffe0e6e87dc5b7c00dd40d2ebedaaf6c58f482d26b89a7438c6d35a89,,,,,,State Bank of India (SBI),corp.onlinesbi.sbi,0.0,Low,0.0,0.8543,0,False,False,0.0,-1,0.0,-1,0.0,-1,0.0,-1,False,False,False,False,False,,
run_20260409T090716Z,2026-04-09T09:08:23+00:00,PS-02_AIGR-S66270_NCIIPC_28_02_2026.xlsx,PS-02_AIGR-S66270_NCIIPC_28_02_2026.xlsx,http://ai6s.com,http://ai6s.com,,ai6s.com,ai6s.com,exact,failed,not_attempted,navigation_transient_browser_error,"BrowserContext.new_page: Target page, context or browser has been closed",,,,c24e560a4ee3555fab2e42c808e205ba13a596d337fb04aa4c3cd6d6ec72cf13,,,,,,All India Institute of Medical Sciences (AIIMS),aiims.edu,0.0,Low,0.0,0.8267,0,False,False,0.0,-1,0.0,-1,0.0,-1,0.0,-1,False,False,False,False,False,,
run_20260409T090716Z,2026-04-09T09:08:23+00:00,PS-02_AIGR-S66270_NCIIPC_28_02_2026.xlsx,PS-02_AIGR-S66270_NCIIPC_28_02_2026.xlsx,https://onlinevirtual.net,https://onlinevirtual.net,,onlinevirtual.net,onlinevirtual.net,exact,failed,not_attempted,navigation_transient_browser_error,"BrowserContext.new_page: Target page, context or browser has been closed",,,,d947b1ad3387f71620846434b0af93b7c6cdb59406470aa2c8c74f0d0b96e36b,,,,,,State Bank of India (SBI),corp.onlinesbi.sbi,0.0,Low,0.0,0.8632,0,False,False,0.0,-1,0.0,-1,0.0,-1,0.0,-1,False,False,False,False,False,,
run_20260409T090716Z,2026-04-09T09:08:23+00:00,PS-02_AIGR-S66270_NCIIPC_28_02_2026.xlsx,PS-02_AIGR-S66270_NCIIPC_28_02_2026.xlsx,https://arnatel.com,https://arnatel.com,,arnatel.com,arnatel.com,exact,failed,not_attempted,navigation_transient_browser_error,"BrowserContext.new_page: Target page, context or browser has been closed",,,,75212c54db5bdda342b3e140a0a236026dffe026b79cdc39932046158bdca286,,,,,,Airtel,airtel.in,0.0,Low,0.0,0.8643,0,False,False,0.0,-1,0.0,-1,0.0,-1,0.0,-1,False,False,False,False,False,,
run_20260409T090716Z,2026-04-09T09:08:23+00:00,PS-02_AIGR-S66270_NCIIPC_28_02_2026.xlsx,PS-02_AIGR-S66270_NCIIPC_28_02_2026.xlsx,https://kite.su,https://kite.su,,kite.su,kite.su,exact,failed,not_attempted,navigation_transient_browser_error,"BrowserContext.new_page: Target page, context or browser has been closed",,,,48a73aacbfdf6b6df6afbfc4a419ad3fac179ebb621c5dc88f973cdf9bf6a9be,,,,,,Kfintech,kfintech.com,0.0,Low,0.0,0.85,0,False,False,0.0,-1,0.0,-1,0.0,-1,0.0,-1,False,False,False,False,False,,
run_20260409T090716Z,2026-04-09T09:08:23+00:00,PS-02_AIGR-S66270_NCIIPC_28_02_2026.xlsx,PS-02_AIGR-S66270_NCIIPC_28_02_2026.xlsx,https://airdex.space,https://airdex.space,,airdex.space,airdex.space,exact,failed,not_attempted,navigation_transient_browser_error,"BrowserContext.new_page: Target page, context or browser has been closed",,,,4a32557f7b4c0af958a289b40faf611c9f0c50ae1586ae45a52b01db432a073a,,,,,,Air India,airindiaexpress.com,0.0,Low,0.0,0.86,0,False,False,0.0,-1,0.0,-1,0.0,-1,0.0,-1,False,False,False,False,False,,
run_20260409T090716Z,2026-04-09T09:08:23+00:00,PS-02_AIGR-S66270_NCIIPC_28_02_2026.xlsx,PS-02_AIGR-S66270_NCIIPC_28_02_2026.xlsx,https://holo.onl,https://holo.onl,,holo.onl,holo.onl,exact,failed,not_attempted,navigation_transient_browser_error,"BrowserContext.new_page: Target page, context or browser has been closed",,,,c315854609f1f455cc2f6a787b24e9b20f0e6fc78cc79cbeff5f8f5df268901a,,,,,,State Bank of India (SBI),homeloans.sbi,0.0,Low,0.0,0.8519,0,False,False,0.0,-1,0.0,-1,0.0,-1,0.0,-1,False,False,False,False,False,,
run_20260409T090716Z,2026-04-09T09:08:23+00:00,PS-02_AIGR-S66270_NCIIPC_28_02_2026.xlsx,PS-02_AIGR-S66270_NCIIPC_28_02_2026.xlsx,https://indiande.com,https://indiande.com,,indiande.com,indiande.com,exact,failed,not_attempted,navigation_transient_browser_error,"BrowserContext.new_page: Target page, context or browser has been closed",,,,882a138cfbc9f10b611a19423f10cb5ec2734d92a82a3a75312b74a54682f1fc,,,,,,Indian Space Research Organisation (ISRO),indiascienceandtechnology.gov.in,0.0,Low,0.0,0.839,0,False,False,0.0,-1,0.0,-1,0.0,-1,0.0,-1,False,False,False,False,False,,
run_20260409T090716Z,2026-04-09T09:08:23+00:00,PS-02_AIGR-S66270_NCIIPC_28_02_2026.xlsx,PS-02_AIGR-S66270_NCIIPC_28_02_2026.xlsx,https://rabiya.ly,https://rabiya.ly,,rabiya.ly,rabiya.ly,exact,failed,not_attempted,navigation_transient_browser_error,"BrowserContext.new_page: Target page, context or browser has been closed",,,,8f9878f63e1e8e9b738003df2ae03e95518f658a3425d985749bb99baff84e7e,,,,,,Reserve Bank of India (RBI),rbi.org.in,0.0,Low,0.0,0.85,0,False,False,0.0,-1,0.0,-1,0.0,-1,0.0,-1,False,False,False,False,False,,
run_20260409T090716Z,2026-04-09T09:08:23+00:00,PS-02_AIGR-S66270_NCIIPC_28_02_2026.xlsx,PS-02_AIGR-S66270_NCIIPC_28_02_2026.xlsx,https://beasts.cl,https://beasts.cl,,beasts.cl,beasts.cl,exact,failed,not_attempted,navigation_transient_browser_error,"BrowserContext.new_page: Target page, context or browser has been closed",,,,6437e4f1d8df6f0a6ab3f12a9a2a02cdc41353907fd64a51b9915a49969675dc,,,,,,BSE Ltd.,bsestarmf.in,0.0,Low,0.0,0.85,0,False,False,0.0,-1,0.0,-1,0.0,-1,0.0,-1,False,False,False,False,False,,
run_20260409T090716Z,2026-04-09T09:08:23+00:00,PS-02_AIGR-S66270_NCIIPC_28_02_2026.xlsx,PS-02_AIGR-S66270_NCIIPC_28_02_2026.xlsx,https://myvitaldirect.com,https://myvitaldirect.com,,myvitaldirect.com,myvitaldirect.com,exact,failed,not_attempted,navigation_transient_browser_error,"BrowserContext.new_page: Target page, context or browser has been closed",,,,6f1fc115c8b6f40ba63f3785a26922f0949b5d56b4e504a4fba441cb32505c0e,,,,,,Vodafone Idea (VI),myvi.in,0.0,Low,0.0,0.8615,0,False,False,0.0,-1,0.0,-1,0.0,-1,0.0,-1,False,False,False,False,False,,
run_20260409T090716Z,2026-04-09T09:08:23+00:00,PS-02_AIGR-S66270_NCIIPC_28_02_2026.xlsx,PS-02_AIGR-S66270_NCIIPC_28_02_2026.xlsx,https://onlywins.fun,https://onlywins.fun,,onlywins.fun,onlywins.fun,exact,failed,not_attempted,navigation_transient_browser_error,"BrowserContext.new_page: Target page, context or browser has been closed",,,,f6910c03d6756a9c919af321af0dedf257a6c3ba7054e89f540e06b57b90aaa9,,,,,,State Bank of India (SBI),corp.onlinesbi.sbi,0.0,Low,0.0,0.8639,0,False,False,0.0,-1,0.0,-1,0.0,-1,0.0,-1,False,False,False,False,False,,
run_20260409T090716Z,2026-04-09T09:08:23+00:00,PS-02_AIGR-S66270_NCIIPC_28_02_2026.xlsx,PS-02_AIGR-S66270_NCIIPC_28_02_2026.xlsx,http://saabie.com,http://saabie.com,,saabie.com,saabie.com,exact,failed,not_attempted,navigation_transient_browser_error,"BrowserContext.new_page: Target page, context or browser has been closed",,,,6b744ff90cbbaa599f5693c3f5de38bbde080d076b7e3afd9f1d99ce9a27abee,,,,,,State Bank of India (SBI),sbi.co.in,0.0,Low,0.0,0.85,0,False,False,0.0,-1,0.0,-1,0.0,-1,0.0,-1,False,False,False,False,False,,
run_20260409T090716Z,2026-04-09T09:08:23+00:00,PS-02_AIGR-S66270_NCIIPC_28_02_2026.xlsx,PS-02_AIGR-S66270_NCIIPC_28_02_2026.xlsx,https://veltrixpayments.com.br,https://veltrixpayments.com.br,,veltrixpayments.com.br,veltrixpayments.com.br,exact,failed,not_attempted,navigation_transient_browser_error,"BrowserContext.new_page: Target page, context or browser has been closed",,,,3deb8cb4ee7b44b8a3b4ed4ff38b236deca08393a28cc8651e1aceebb5be8c70,,,,,,State Bank of India (SBI),homeloans.sbi,0.0,Low,0.0,0.6296,0,False,False,0.0,-1,0.0,-1,0.0,-1,0.0,-1,False,False,False,False,False,,
run_20260409T090716Z,2026-04-09T09:08:23+00:00,PS-02_AIGR-S66270_NCIIPC_28_02_2026.xlsx,PS-02_AIGR-S66270_NCIIPC_28_02_2026.xlsx,https://canalcoe.com,https://canalcoe.com,,canalcoe.com,canalcoe.com,exact,failed,not_attempted,navigation_transient_browser_error,"BrowserContext.new_page: Target page, context or browser has been closed",,,,badbd5879d29f005958b940e04fd1774c8201f2170fcee716c256f9f3f1d234b,,,,,,Canara Bank,canararobeco.com,0.0,Low,0.0,0.8631,0,False,False,0.0,-1,0.0,-1,0.0,-1,0.0,-1,False,False,False,False,False,,
run_20260409T090716Z,2026-04-09T09:08:23+00:00,PS-02_AIGR-S66270_NCIIPC_28_02_2026.xlsx,PS-02_AIGR-S66270_NCIIPC_28_02_2026.xlsx,http://online123.net,http://online123.net,,online123.net,online123.net,exact,failed,not_attempted,navigation_transient_browser_error,"BrowserContext.new_page: Target page, context or browser has been closed",,,,d2b8ad98fde0c926959d8377c2521fb71f3b34bafb4b5735dca33d7bbeb3d320,,,,,,State Bank of India (SBI),corp.onlinesbi.sbi,0.0,Low,0.0,0.8667,0,False,False,0.0,-1,0.0,-1,0.0,-1,0.0,-1,False,False,False,False,False,,
run_20260409T090716Z,2026-04-09T09:08:23+00:00,PS-02_AIGR-S66270_NCIIPC_28_02_2026.xlsx,PS-02_AIGR-S66270_NCIIPC_28_02_2026.xlsx,https://onlinegoods.fun,https://onlinegoods.fun,,onlinegoods.fun,onlinegoods.fun,exact,failed,not_attempted,navigation_transient_browser_error,"BrowserContext.new_page: Target page, context or browser has been closed",,,,1826b1f5f88e11cd462a71bba2f2989a4f16ea2dbbd0875c0351a2dc50b8d825,,,,,,State Bank of India (SBI),corp.onlinesbi.sbi,0.0,Low,0.0,0.8828,0,False,False,0.0,-1,0.0,-1,0.0,-1,0.0,-1,False,False,False,False,False,,
run_20260409T090716Z,2026-04-09T09:08:23+00:00,PS-02_AIGR-S66270_NCIIPC_28_02_2026.xlsx,PS-02_AIGR-S66270_NCIIPC_28_02_2026.xlsx,https://aiimage.ink,https://aiimage.ink,,aiimage.ink,aiimage.ink,exact,failed,not_attempted,navigation_transient_browser_error,"BrowserContext.new_page: Target page, context or browser has been closed",,,,63d6b03120c817a46d52f0fc54801107fdf626c21ea80f5948422e7577b862d7,,,,,,All India Institute of Medical Sciences (AIIMS),aiims.edu,0.0,Low,0.0,0.8743,0,False,False,0.0,-1,0.0,-1,0.0,-1,0.0,-1,False,False,False,False,False,,
run_20260409T090716Z,2026-04-09T09:08:23+00:00,PS-02_AIGR-S66270_NCIIPC_28_02_2026.xlsx,PS-02_AIGR-S66270_NCIIPC_28_02_2026.xlsx,https://industryidols.com,https://industryidols.com,,industryidols.com,industryidols.com,exact,failed,not_attempted,navigation_transient_browser_error,"BrowserContext.new_page: Target page, context or browser has been closed",,,,ca60c37d87792d6ca1153c132db073720e5ecb5e72cb8f633f55cc4d67ca9beb,,,,,,ICICI Bank,icicisecurities.com,0.0,Low,0.0,0.6208,0,False,False,0.0,-1,0.0,-1,0.0,-1,0.0,-1,False,False,False,False,False,,
run_20260409T090716Z,2026-04-09T09:08:23+00:00,PS-02_AIGR-S66270_NCIIPC_28_02_2026.xlsx,PS-02_AIGR-S66270_NCIIPC_28_02_2026.xlsx,https://onlinehoje.one,https://onlinehoje.one,,onlinehoje.one,onlinehoje.one,exact,failed,not_attempted,navigation_transient_browser_error,"BrowserContext.new_page: Target page, context or browser has been closed",,,,0a63983543f9a7da79addfc351cbd478c7ae4a97283ae2800b5832e42e8766d5,,,,,,State Bank of India (SBI),corp.onlinesbi.sbi,0.0,Low,0.0,0.8533,0,False,False,0.0,-1,0.0,-1,0.0,-1,0.0,-1,False,False,False,False,False,,
run_20260409T090716Z,2026-04-09T09:08:23+00:00,PS-02_AIGR-S66270_NCIIPC_28_02_2026.xlsx,PS-02_AIGR-S66270_NCIIPC_28_02_2026.xlsx,https://canalkairo.com,https://canalkairo.com,,canalkairo.com,canalkairo.com,exact,failed,not_attempted,navigation_transient_browser_error,"BrowserContext.new_page: Target page, context or browser has been closed",,,,574797a898663f08bb28402ce90a935f3c120dcef194cee7c449b22db2f0cd9a,,,,,,Canara Bank,canarahsbclife.com,0.0,Low,0.0,0.8493,0,False,False,0.0,-1,0.0,-1,0.0,-1,0.0,-1,False,False,False,False,False,,
run_20260409T090716Z,2026-04-09T09:08:23+00:00,PS-02_AIGR-S66270_NCIIPC_28_02_2026.xlsx,PS-02_AIGR-S66270_NCIIPC_28_02_2026.xlsx,https://onlinehoje.sbs,https://onlinehoje.sbs,,onlinehoje.sbs,onlinehoje.sbs,exact,failed,not_attempted,navigation_transient_browser_error,"BrowserContext.new_page: Target page, context or browser has been closed",,,,4ea6575d0f326fcc1227d010f042df556b70c0ca26d9a1a5d49d3248946bb590,,,,,,State Bank of India (SBI),corp.onlinesbi.sbi,0.0,Low,0.0,0.8533,0,False,False,0.0,-1,0.0,-1,0.0,-1,0.0,-1,False,False,False,False,False,,
run_20260409T090716Z,2026-04-09T09:08:23+00:00,PS-02_AIGR-S66270_NCIIPC_28_02_2026.xlsx,PS-02_AIGR-S66270_NCIIPC_28_02_2026.xlsx,https://jieoc.ren,https://jieoc.ren,,jieoc.ren,jieoc.ren,exact,failed,not_attempted,navigation_transient_browser_error,"BrowserContext.new_page: Target page, context or browser has been closed",,,,adee78524b9062dfbe74150a8c7a15c897c0d640912efef96dfa3436287e6245,,,,,,Jio,jio.com,0.0,Low,0.0,0.8933,0,False,False,0.0,-1,0.0,-1,0.0,-1,0.0,-1,False,False,False,False,False,,
run_20260409T090716Z,2026-04-09T09:08:23+00:00,PS-02_AIGR-S66270_NCIIPC_28_02_2026.xlsx,PS-02_AIGR-S66270_NCIIPC_28_02_2026.xlsx,https://airtlabs.com,https://airtlabs.com,,airtlabs.com,airtlabs.com,exact,failed,not_attempted,navigation_transient_browser_error,"BrowserContext.new_page: Target page, context or browser has been closed",,,,443ed73eaf95da566362c5efb0839578af0fce635e9f38aa8df054f0f47c0dfd,,,,,,Airtel,airtel.in,0.0,Low,0.0,0.8917,0,False,False,0.0,-1,0.0,-1,0.0,-1,0.0,-1,False,False,False,False,False,,
run_20260409T090716Z,2026-04-09T09:08:23+00:00,PS-02_AIGR-S66270_NCIIPC_28_02_2026.xlsx,PS-02_AIGR-S66270_NCIIPC_28_02_2026.xlsx,https://onlinebaking.cfd,https://onlinebaking.cfd,,onlinebaking.cfd,onlinebaking.cfd,exact,failed,not_attempted,navigation_transient_browser_error,"BrowserContext.new_page: Target page, context or browser has been closed",,,,9891846d03a759e38d063102bb792936b1afd5ab7aefb830337afdb45d8f2f5f,,,,,,State Bank of India (SBI),corp.onlinesbi.sbi,0.0,Low,0.0,0.9111,0,False,False,0.0,-1,0.0,-1,0.0,-1,0.0,-1,False,False,False,False,False,,
run_20260409T090716Z,2026-04-09T09:08:23+00:00,PS-02_AIGR-S66270_NCIIPC_28_02_2026.xlsx,PS-02_AIGR-S66270_NCIIPC_28_02_2026.xlsx,http://axisforge.rocks,http://axisforge.rocks,,axisforge.rocks,axisforge.rocks,exact,failed,not_attempted,navigation_transient_browser_error,"BrowserContext.new_page: Target page, context or browser has been closed",,,,ade893bedc67725f4e5da7ac80321e46481e980864697e75f06d7805d09b0c1d,,,,,,Axis Bank,axismf.com,0.0,Low,0.0,0.8778,0,False,False,0.0,-1,0.0,-1,0.0,-1,0.0,-1,False,False,False,False,False,,
run_20260409T090716Z,2026-04-09T09:08:23+00:00,PS-02_AIGR-S66270_NCIIPC_28_02_2026.xlsx,PS-02_AIGR-S66270_NCIIPC_28_02_2026.xlsx,https://kibitech.my.id,https://kibitech.my.id,,kibitech.my.id,kibitech.my.id,exact,failed,not_attempted,navigation_transient_browser_error,"BrowserContext.new_page: Target page, context or browser has been closed",,,,826daff783010665cd7ef86836be8f328b7ee31eff0d199aeb5cd2ac05ae476f,,,,,,Kfintech,kfintech.com,0.0,Low,0.0,0.85,0,False,False,0.0,-1,0.0,-1,0.0,-1,0.0,-1,False,False,False,False,False,,
run_20260409T090716Z,2026-04-09T09:08:23+00:00,PS-02_AIGR-S66270_NCIIPC_28_02_2026.xlsx,PS-02_AIGR-S66270_NCIIPC_28_02_2026.xlsx,https://aiindex.fun,https://aiindex.fun,,aiindex.fun,aiindex.fun,exact,failed,not_attempted,navigation_transient_browser_error,"BrowserContext.new_page: Target page, context or browser has been closed",,,,54c5c229b2e5cf0738d8cb37340df57dee79aa8946b3510c31d1ccbca9d6cd5c,,,,,,Air India,airindiaexpress.com,0.0,Low,0.0,0.8578,0,False,False,0.0,-1,0.0,-1,0.0,-1,0.0,-1,False,False,False,False,False,,
run_20260409T090716Z,2026-04-09T09:08:23+00:00,PS-02_AIGR-S66270_NCIIPC_28_02_2026.xlsx,PS-02_AIGR-S66270_NCIIPC_28_02_2026.xlsx,http://parisam.info,http://parisam.info,,parisam.info,parisam.info,exact,failed,not_attempted,navigation_transient_browser_error,"BrowserContext.new_page: Target page, context or browser has been closed",,,,2471c67e7c5795b57512da0107179da23d6c7a1bbc323efbb69616077d64fe3e,,,,,,parivahan sewa,parivahan.gov.in,0.0,Low,0.0,0.854,0,False,False,0.0,-1,0.0,-1,0.0,-1,0.0,-1,False,False,False,False,False,,
run_20260409T090716Z,2026-04-09T09:08:23+00:00,PS-02_AIGR-S66270_NCIIPC_28_02_2026.xlsx,PS-02_AIGR-S66270_NCIIPC_28_02_2026.xlsx,http://homeconceptswa.online,http://homeconceptswa.online,,homeconceptswa.online,homeconceptswa.online,exact,failed,not_attempted,navigation_transient_browser_error,"BrowserContext.new_page: Target page, context or browser has been closed",,,,69c1758e2beeeea7c6e14706c7512c7381101ccea0d301dca3b1e5158c515ef7,,,,,,State Bank of India (SBI),homeloans.sbi,0.0,Low,0.0,0.8556,0,False,False,0.0,-1,0.0,-1,0.0,-1,0.0,-1,False,False,False,False,False,,
run_20260409T090716Z,2026-04-09T09:08:23+00:00,PS-02_AIGR-S66270_NCIIPC_28_02_2026.xlsx,PS-02_AIGR-S66270_NCIIPC_28_02_2026.xlsx,https://axisaerialcine.com,https://axisaerialcine.com,,axisaerialcine.com,axisaerialcine.com,exact,failed,not_attempted,navigation_transient_browser_error,"BrowserContext.new_page: Target page, context or browser has been closed",,,,639e1d039e2efe342431926bd5bcb2bf74767c36758b9ada2536341c859e3ffd,,,,,,Axis Bank,axismaxlife.com,0.0,Low,0.0,0.8347,0,False,False,0.0,-1,0.0,-1,0.0,-1,0.0,-1,False,False,False,False,False,,
run_20260409T090716Z,2026-04-09T09:08:23+00:00,PS-02_AIGR-S66270_NCIIPC_28_02_2026.xlsx,PS-02_AIGR-S66270_NCIIPC_28_02_2026.xlsx,https://besinly.com,https://besinly.com,,besinly.com,besinly.com,exact,failed,not_attempted,navigation_transient_browser_error,"BrowserContext.new_page: Target page, context or browser has been closed",,,,d815a1949eec7248a3a37a78d1cbc063e41e6932095c461f36c42a877b9c56fd,,,,,,Bharat Sanchar Nigam Limited (BSNL),bsnl.co.in,0.0,Low,0.0,0.8714,0,False,False,0.0,-1,0.0,-1,0.0,-1,0.0,-1,False,False,False,False,False,,
run_20260409T090716Z,2026-04-09T09:08:23+00:00,PS-02_AIGR-S66270_NCIIPC_28_02_2026.xlsx,PS-02_AIGR-S66270_NCIIPC_28_02_2026.xlsx,https://axios.show,https://axios.show,,axios.show,axios.show,exact,failed,not_attempted,navigation_transient_browser_error,"BrowserContext.new_page: Target page, context or browser has been closed",,,,db6a77f286c58bd37a01d50a52702f576f4ed9d1881b265835d4f41aa18f401d,,,,,,Axis Bank,axismf.com,0.0,Low,0.0,0.8756,0,False,False,0.0,-1,0.0,-1,0.0,-1,0.0,-1,False,False,False,False,False,,
run_20260409T090716Z,2026-04-09T09:08:23+00:00,PS-02_AIGR-S66270_NCIIPC_28_02_2026.xlsx,PS-02_AIGR-S66270_NCIIPC_28_02_2026.xlsx,https://ezcaid.com,https://ezcaid.com,,ezcaid.com,ezcaid.com,exact,failed,not_attempted,navigation_transient_browser_error,"BrowserContext.new_page: Target page, context or browser has been closed",,,,51a6b38dff5a871c65f978cf67b5aea2b5f6faec7afe157443836e6e3a015175,,,,,,Election Commision of India (ECI),eci.gov.in,0.0,Low,0.0,0.85,0,False,False,0.0,-1,0.0,-1,0.0,-1,0.0,-1,False,False,False,False,False,,
run_20260409T090716Z,2026-04-09T09:08:23+00:00,PS-02_AIGR-S66270_NCIIPC_28_02_2026.xlsx,PS-02_AIGR-S66270_NCIIPC_28_02_2026.xlsx,https://jitoja.sk,https://jitoja.sk,,jitoja.sk,jitoja.sk,exact,failed,not_attempted,navigation_transient_browser_error,"BrowserContext.new_page: Target page, context or browser has been closed",,,,986af05616bdba9ca5056c78e0a236c0e012e2cee73dc453425c6e3183caff58,,,,,,Jio,jio.com,0.0,Low,0.0,0.8667,0,False,False,0.0,-1,0.0,-1,0.0,-1,0.0,-1,False,False,False,False,False,,
run_20260409T090716Z,2026-04-09T09:08:23+00:00,PS-02_AIGR-S66270_NCIIPC_28_02_2026.xlsx,PS-02_AIGR-S66270_NCIIPC_28_02_2026.xlsx,http://nothar.pro,http://nothar.pro,,nothar.pro,nothar.pro,exact,failed,not_attempted,navigation_transient_browser_error,"BrowserContext.new_page: Target page, context or browser has been closed",,,,12d1244ec0206d99868301ace8c56871b0b7741474145807bb80f21459ad79eb,,,,,,National Health Authority (NHA),nha.gov.in,0.0,Low,0.0,0.85,0,False,False,0.0,-1,0.0,-1,0.0,-1,0.0,-1,False,False,False,False,False,,
run_20260409T090716Z,2026-04-09T09:08:23+00:00,PS-02_AIGR-S66270_NCIIPC_28_02_2026.xlsx,PS-02_AIGR-S66270_NCIIPC_28_02_2026.xlsx,https://aierl.com,https://aierl.com,,aierl.com,aierl.com,exact,failed,not_attempted,navigation_transient_browser_error,"BrowserContext.new_page: Target page, context or browser has been closed",,,,9e3993c1a920a547e0a7728520fba62a7a5996ffa80a794d2de246ed59b2c653,,,,,,Airtel,airtel.in,0.0,Low,0.0,0.9022,0,False,False,0.0,-1,0.0,-1,0.0,-1,0.0,-1,False,False,False,False,False,,
run_20260409T090716Z,2026-04-09T09:08:23+00:00,PS-02_AIGR-S66270_NCIIPC_28_02_2026.xlsx,PS-02_AIGR-S66270_NCIIPC_28_02_2026.xlsx,https://camo1.com,https://camo1.com,,camo1.com,camo1.com,exact,failed,not_attempted,navigation_transient_browser_error,"BrowserContext.new_page: Target page, context or browser has been closed",,,,ec86a6407d140b0781d87911545d3717e89fa7e4bc6af286a613780fedc214ac,,,,,,Computer Age Management Services Ltd. (CAMS),camsonline.com,0.0,Low,0.0,0.8833,0,False,False,0.0,-1,0.0,-1,0.0,-1,0.0,-1,False,False,False,False,False,,
run_20260409T090716Z,2026-04-09T09:08:23+00:00,PS-02_AIGR-S66270_NCIIPC_28_02_2026.xlsx,PS-02_AIGR-S66270_NCIIPC_28_02_2026.xlsx,https://aiclis.com,https://aiclis.com,,aiclis.com,aiclis.com,exact,failed,not_attempted,navigation_transient_browser_error,"BrowserContext.new_page: Target page, context or browser has been closed",,,,8c7f3de77ae6ae6b08ec1cd2815884fe61a38104259fe82f61fb1f8bb239394b,,,,,,All India Institute of Medical Sciences (AIIMS),aiims.edu,0.0,Low,0.0,0.8578,0,False,False,0.0,-1,0.0,-1,0.0,-1,0.0,-1,False,False,False,False,False,,
run_20260409T090716Z,2026-04-09T09:08:23+00:00,PS-02_AIGR-S66270_NCIIPC_28_02_2026.xlsx,PS-02_AIGR-S66270_NCIIPC_28_02_2026.xlsx,https://coalition.health,https://coalition.health,,coalition.health,coalition.health,exact,failed,not_attempted,navigation_transient_browser_error,"BrowserContext.new_page: Target page, context or browser has been closed",,,,671e6833c87c7517b9115fe52b45cec971c463d17653f6f1fb00cf29ca47d88a,,,,,,Coal India,coalindiatenders.nic.in,0.0,Low,0.0,0.8528,0,False,False,0.0,-1,0.0,-1,0.0,-1,0.0,-1,False,False,False,False,False,,
run_20260409T090716Z,2026-04-09T09:08:23+00:00,PS-02_AIGR-S66270_NCIIPC_28_02_2026.xlsx,PS-02_AIGR-S66270_NCIIPC_28_02_2026.xlsx,https://sbi.lc,https://sbi.lc,,sbi.lc,sbi.lc,exact,failed,not_attempted,navigation_transient_browser_error,"BrowserContext.new_page: Target page, context or browser has been closed",,,,d4b09e3c53916e6c81e24d539a94f01fcd79a833f671b36a9627c2c0c0a692bd,,,,,,State Bank of India (SBI),sbi.co.in,0.0,Low,0.0,1.0,0,False,False,0.0,-1,0.0,-1,0.0,-1,0.0,-1,False,False,False,False,False,,
run_20260409T090716Z,2026-04-09T09:08:23+00:00,PS-02_AIGR-S66270_NCIIPC_28_02_2026.xlsx,PS-02_AIGR-S66270_NCIIPC_28_02_2026.xlsx,https://online7.online,https://online7.online,,online7.online,online7.online,exact,failed,not_attempted,navigation_transient_browser_error,"BrowserContext.new_page: Target page, context or browser has been closed",,,,fab313c9b640de11f24be4f6ca21680ab5568c46dd533d50f9e8ace6886ea74f,,,,,,State Bank of India (SBI),corp.onlinesbi.sbi,0.0,Low,0.0,0.9048,0,False,False,0.0,-1,0.0,-1,0.0,-1,0.0,-1,False,False,False,False,False,,
run_20260409T090716Z,2026-04-09T09:08:23+00:00,PS-02_AIGR-S66270_NCIIPC_28_02_2026.xlsx,PS-02_AIGR-S66270_NCIIPC_28_02_2026.xlsx,https://homeplusstorage.com,https://homeplusstorage.com,,homeplusstorage.com,homeplusstorage.com,exact,failed,not_attempted,navigation_transient_browser_error,"BrowserContext.new_page: Target page, context or browser has been closed",,,,076b83aa524c045656f38314479d69a07d21ee7e92dbe3ae063f0895619aca51,,,,,,State Bank of India (SBI),homeloans.sbi,0.0,Low,0.0,0.8594,0,False,False,0.0,-1,0.0,-1,0.0,-1,0.0,-1,False,False,False,False,False,,
run_20260409T090716Z,2026-04-09T09:08:23+00:00,PS-02_AIGR-S66270_NCIIPC_28_02_2026.xlsx,PS-02_AIGR-S66270_NCIIPC_28_02_2026.xlsx,https://onlinecasinocuracao.ca,https://onlinecasinocuracao.ca,,onlinecasinocuracao.ca,onlinecasinocuracao.ca,exact,failed,not_attempted,navigation_transient_browser_error,"BrowserContext.new_page: Target page, context or browser has been closed",,,,f9fd8586be8d2966b782661aa1e864513a9424b631fb2e31ce5e561309450b3e,,,,,,State Bank of India (SBI),corp.onlinesbi.sbi,0.0,Low,0.0,0.862,0,False,False,0.0,-1,0.0,-1,0.0,-1,0.0,-1,False,False,False,False,False,,
run_20260409T090716Z,2026-04-09T09:08:23+00:00,PS-02_AIGR-S66270_NCIIPC_28_02_2026.xlsx,PS-02_AIGR-S66270_NCIIPC_28_02_2026.xlsx,https://rwabit.cn,https://rwabit.cn,,rwabit.cn,rwabit.cn,exact,failed,not_attempted,navigation_transient_browser_error,"BrowserContext.new_page: Target page, context or browser has been closed",,,,8c5fe046157bd0e3f3c4a5abf499bdcb060a0b132ced2b7b170302ac7317d20e,,,,,,Reserve Bank of India (RBI),rbi.org.in,0.0,Low,0.0,0.85,0,False,False,0.0,-1,0.0,-1,0.0,-1,0.0,-1,False,False,False,False,False,,
run_20260409T090716Z,2026-04-09T09:08:23+00:00,PS-02_AIGR-S66270_NCIIPC_28_02_2026.xlsx,PS-02_AIGR-S66270_NCIIPC_28_02_2026.xlsx,https://jixoja.shop,https://jixoja.shop,,jixoja.shop,jixoja.shop,exact,failed,not_attempted,navigation_transient_browser_error,"BrowserContext.new_page: Target page, context or browser has been closed",,,,ad0ab93ec65b46a2a9a610282c67dc813535a2e4e9c1a333158abc3c8911ef69,,,,,,Jio,jio.com,0.0,Low,0.0,0.8667,0,False,False,0.0,-1,0.0,-1,0.0,-1,0.0,-1,False,False,False,False,False,,
run_20260409T090716Z,2026-04-09T09:08:23+00:00,PS-02_AIGR-S66270_NCIIPC_28_02_2026.xlsx,PS-02_AIGR-S66270_NCIIPC_28_02_2026.xlsx,https://priasahadn.icu,https://priasahadn.icu,,priasahadn.icu,priasahadn.icu,exact,failed,not_attempted,navigation_transient_browser_error,"BrowserContext.new_page: Target page, context or browser has been closed",,,,7343cd40759453a27f77ec31c86c9d9a2f338d084b17fb18963c5227db4a60cc,,,,,,parivahan sewa,parivahan.gov.in,0.0,Low,0.0,0.8692,0,False,False,0.0,-1,0.0,-1,0.0,-1,0.0,-1,False,False,False,False,False,,
run_20260409T090716Z,2026-04-09T09:08:23+00:00,PS-02_AIGR-S66270_NCIIPC_28_02_2026.xlsx,PS-02_AIGR-S66270_NCIIPC_28_02_2026.xlsx,https://axiomstudio.io,https://axiomstudio.io,,axiomstudio.io,axiomstudio.io,exact,failed,not_attempted,navigation_transient_browser_error,"BrowserContext.new_page: Target page, context or browser has been closed",,,,751106ae0f542983ca8e953d6214039e1bfcd0610f7a8909d41fe2816a638bc4,,,,,,All India Institute of Medical Sciences (AIIMS),aiims.edu,0.0,Low,0.0,0.7491,0,False,False,0.0,-1,0.0,-1,0.0,-1,0.0,-1,False,False,False,False,False,,
run_20260409T090716Z,2026-04-09T09:08:23+00:00,PS-02_AIGR-S66270_NCIIPC_28_02_2026.xlsx,PS-02_AIGR-S66270_NCIIPC_28_02_2026.xlsx,https://hotreloads.in,https://hotreloads.in,,hotreloads.in,hotreloads.in,exact,failed,not_attempted,navigation_transient_browser_error,"BrowserContext.new_page: Target page, context or browser has been closed",,,,4095f440d7e4098aaf8fbb599d59be6707364bbe3da0910f3eed7fa25bc3ebed,,,,,,State Bank of India (SBI),homeloans.sbi,0.0,Low,0.0,0.8607,0,False,False,0.0,-1,0.0,-1,0.0,-1,0.0,-1,False,False,False,False,False,,
run_20260409T090716Z,2026-04-09T09:08:23+00:00,PS-02_AIGR-S66270_NCIIPC_28_02_2026.xlsx,PS-02_AIGR-S66270_NCIIPC_28_02_2026.xlsx,https://homestolife.me,https://homestolife.me,,homestolife.me,homestolife.me,exact,failed,not_attempted,navigation_transient_browser_error,"BrowserContext.new_page: Target page, context or browser has been closed",,,,e7831dc23fae81a90cc05d84769b00e752a4b60fd6d7bfeb3d356c9d21b10f48,,,,,,State Bank of India (SBI),homeloans.sbi,0.0,Low,0.0,0.8543,0,False,False,0.0,-1,0.0,-1,0.0,-1,0.0,-1,False,False,False,False,False,,
run_20260409T090716Z,2026-04-09T09:08:23+00:00,PS-02_AIGR-S66270_NCIIPC_28_02_2026.xlsx,PS-02_AIGR-S66270_NCIIPC_28_02_2026.xlsx,https://pnbsandy.com,https://pnbsandy.com,,pnbsandy.com,pnbsandy.com,exact,failed,not_attempted,navigation_transient_browser_error,"BrowserContext.new_page: Target page, context or browser has been closed",,,,e2c7e92aac969aac541b703beac7089d0dbc6f841d0afe6a56634975cdec9aee,,,,,,Punjab National Bank (PNB),pnbindia.in,0.0,Low,0.0,0.8444,0,False,False,0.0,-1,0.0,-1,0.0,-1,0.0,-1,False,False,False,False,False,,
run_20260409T090716Z,2026-04-09T09:08:23+00:00,PS-02_AIGR-S66270_NCIIPC_28_02_2026.xlsx,PS-02_AIGR-S66270_NCIIPC_28_02_2026.xlsx,https://vecid.voyage,https://vecid.voyage,,vecid.voyage,vecid.voyage,exact,failed,not_attempted,navigation_transient_browser_error,"BrowserContext.new_page: Target page, context or browser has been closed",,,,bb844b4302dc60de51edf88c6cddb939ee1547cd19ad1fb15a1c7694b02e72c7,,,,,,Election Commision of India (ECI),eci.gov.in,0.0,Low,0.0,0.8667,0,False,False,0.0,-1,0.0,-1,0.0,-1,0.0,-1,False,False,False,False,False,,
run_20260409T090716Z,2026-04-09T09:08:23+00:00,PS-02_AIGR-S66270_NCIIPC_28_02_2026.xlsx,PS-02_AIGR-S66270_NCIIPC_28_02_2026.xlsx,https://homepro-finds.online,https://homepro-finds.online,,homepro-finds.online,homepro-finds.online,exact,failed,not_attempted,navigation_transient_browser_error,"BrowserContext.new_page: Target page, context or browser has been closed",,,,0c3c6981f6cca0bbc8006ee6507cc65b0f3755939f0ea73c31d7ec876a4ec6ea,,,,,,State Bank of India (SBI),homeloans.sbi,0.0,Low,0.0,0.8632,0,False,False,0.0,-1,0.0,-1,0.0,-1,0.0,-1,False,False,False,False,False,,
run_20260409T090716Z,2026-04-09T09:08:23+00:00,PS-02_AIGR-S66270_NCIIPC_28_02_2026.xlsx,PS-02_AIGR-S66270_NCIIPC_28_02_2026.xlsx,https://neyha7.com,https://neyha7.com,,neyha7.com,neyha7.com,exact,failed,not_attempted,navigation_transient_browser_error,"BrowserContext.new_page: Target page, context or browser has been closed",,,,4172bd3f8773c94032edd4a1aca20b1724ad4e889be07ac61c344d09f786d60d,,,,,,National Health Authority (NHA),nha.gov.in,0.0,Low,0.0,0.85,0,False,False,0.0,-1,0.0,-1,0.0,-1,0.0,-1,False,False,False,False,False,,
run_20260409T090716Z,2026-04-09T09:08:23+00:00,PS-02_AIGR-S66270_NCIIPC_28_02_2026.xlsx,PS-02_AIGR-S66270_NCIIPC_28_02_2026.xlsx,https://jig0db.asia,https://jig0db.asia,,jig0db.asia,jig0db.asia,exact,failed,not_attempted,navigation_transient_browser_error,"BrowserContext.new_page: Target page, context or browser has been closed",,,,101d2dfaf33229763e363f7375aec4816d91d17d7c2085c2606ae8f043c7582d,,,,,,Jio,jio.com,0.0,Low,0.0,0.8667,0,False,False,0.0,-1,0.0,-1,0.0,-1,0.0,-1,False,False,False,False,False,,
run_20260409T090716Z,2026-04-09T09:08:23+00:00,PS-02_AIGR-S66270_NCIIPC_28_02_2026.xlsx,PS-02_AIGR-S66270_NCIIPC_28_02_2026.xlsx,https://myvetvision.com,https://myvetvision.com,,myvetvision.com,myvetvision.com,exact,failed,not_attempted,navigation_transient_browser_error,"BrowserContext.new_page: Target page, context or browser has been closed",,,,1c416f848e11975132e289782a24811ec5e458fb3c653bdf11115cb5222c2336,,,,,,Vodafone Idea (VI),myvi.in,0.0,Low,0.0,0.8515,0,False,False,0.0,-1,0.0,-1,0.0,-1,0.0,-1,False,False,False,False,False,,
run_20260409T090716Z,2026-04-09T09:08:23+00:00,PS-02_AIGR-S66270_NCIIPC_28_02_2026.xlsx,PS-02_AIGR-S66270_NCIIPC_28_02_2026.xlsx,http://parvima.com,http://parvima.com,,parvima.com,parvima.com,exact,failed,not_attempted,navigation_transient_browser_error,"BrowserContext.new_page: Target page, context or browser has been closed",,,,562d786b4bdd27cf882f872d5ad8ff26c9e2f7ca2b5ba166dc77bdd7843ba92f,,,,,,parivahan sewa,parivahan.gov.in,0.0,Low,0.0,0.85,0,False,False,0.0,-1,0.0,-1,0.0,-1,0.0,-1,False,False,False,False,False,,
run_20260409T090716Z,2026-04-09T09:08:23+00:00,PS-02_AIGR-S66270_NCIIPC_28_02_2026.xlsx,PS-02_AIGR-S66270_NCIIPC_28_02_2026.xlsx,http://netpingtools.com,http://netpingtools.com,,netpingtools.com,netpingtools.com,exact,failed,not_attempted,navigation_transient_browser_error,"BrowserContext.new_page: Target page, context or browser has been closed",,,,9876cf5208e34875b77312c52b6da7b3585926332ee168716a84588671581b71,,,,,,Punjab National Bank (PNB),netpnb.com,0.0,Low,0.0,0.85,0,False,False,0.0,-1,0.0,-1,0.0,-1,0.0,-1,False,False,False,False,False,,
run_20260409T090716Z,2026-04-09T09:08:23+00:00,PS-02_AIGR-S66270_NCIIPC_28_02_2026.xlsx,PS-02_AIGR-S66270_NCIIPC_28_02_2026.xlsx,https://onlinetaj.com,https://onlinetaj.com,,onlinetaj.com,onlinetaj.com,exact,failed,not_attempted,navigation_transient_browser_error,"BrowserContext.new_page: Target page, context or browser has been closed",,,,0d4cd82cfbec67ff5dd7ccebbfb8d665d76821299c2dfc44ed4f76de420447f0,,,,,,State Bank of India (SBI),corp.onlinesbi.sbi,0.0,Low,0.0,0.8667,0,False,False,0.0,-1,0.0,-1,0.0,-1,0.0,-1,False,False,False,False,False,,
run_20260409T090716Z,2026-04-09T09:08:23+00:00,PS-02_AIGR-S66270_NCIIPC_28_02_2026.xlsx,PS-02_AIGR-S66270_NCIIPC_28_02_2026.xlsx,https://airostre.com,https://airostre.com,,airostre.com,airostre.com,exact,failed,not_attempted,navigation_transient_browser_error,"BrowserContext.new_page: Target page, context or browser has been closed",,,,6384e564e94690d869b973dab463b6a4570c8beaf434412589334d3a3a109c5d,,,,,,Airtel,airtel.in,0.0,Low,0.0,0.8736,0,False,False,0.0,-1,0.0,-1,0.0,-1,0.0,-1,False,False,False,False,False,,
run_20260409T090716Z,2026-04-09T09:08:23+00:00,PS-02_AIGR-S66270_NCIIPC_28_02_2026.xlsx,PS-02_AIGR-S66270_NCIIPC_28_02_2026.xlsx,http://xai-s.org,http://xai-s.org,,xai-s.org,xai-s.org,exact,failed,not_attempted,navigation_transient_browser_error,"BrowserContext.new_page: Target page, context or browser has been closed",,,,20a678543a126676398bebc8253906d67237324c42dd6f172ae83b7483b98c26,,,,,,Axis Bank,axismf.com,0.0,Low,0.0,0.7389,0,False,False,0.0,-1,0.0,-1,0.0,-1,0.0,-1,False,False,False,False,False,,
run_20260409T090716Z,2026-04-09T09:08:23+00:00,PS-02_AIGR-S66270_NCIIPC_28_02_2026.xlsx,PS-02_AIGR-S66270_NCIIPC_28_02_2026.xlsx,https://online-social-gitlab.xyz,https://online-social-gitlab.xyz,,online-social-gitlab.xyz,online-social-gitlab.xyz,exact,failed,not_attempted,navigation_transient_browser_error,"BrowserContext.new_page: Target page, context or browser has been closed",,,,9bf66afa351a074d7760a2588c5ef0e5839c908c4817e42221edf173c0dd21c8,,,,,,State Bank of India (SBI),corp.onlinesbi.sbi,0.0,Low,0.0,0.8578,0,False,False,0.0,-1,0.0,-1,0.0,-1,0.0,-1,False,False,False,False,False,,
run_20260409T090716Z,2026-04-09T09:08:23+00:00,PS-02_AIGR-S66270_NCIIPC_28_02_2026.xlsx,PS-02_AIGR-S66270_NCIIPC_28_02_2026.xlsx,http://finetich.com,http://finetich.com,,finetich.com,finetich.com,exact,failed,not_attempted,navigation_transient_browser_error,"BrowserContext.new_page: Target page, context or browser has been closed",,,,940255827082be65890d964f78e6961a0d0cb90a5bcadd2f9916bd7371958265,,,,,,Kfintech,kfintech.com,0.0,Low,0.0,0.869,0,False,False,0.0,-1,0.0,-1,0.0,-1,0.0,-1,False,False,False,False,False,,
run_20260409T090716Z,2026-04-09T09:08:23+00:00,PS-02_AIGR-S66270_NCIIPC_28_02_2026.xlsx,PS-02_AIGR-S66270_NCIIPC_28_02_2026.xlsx,https://hyhomeloans.online,https://hyhomeloans.online,,hyhomeloans.online,hyhomeloans.online,exact,failed,not_attempted,navigation_transient_browser_error,"BrowserContext.new_page: Target page, context or browser has been closed",,,,05fbbe907af449304e577248def4ea23c70efc008b6c2a1a29f0d2a4fcabe6bb,,,,,,State Bank of India (SBI),homeloans.sbi,0.0,Low,0.0,0.9455,0,False,False,0.0,-1,0.0,-1,0.0,-1,0.0,-1,False,False,False,False,False,,
run_20260409T090716Z,2026-04-09T09:08:23+00:00,PS-02_AIGR-S66270_NCIIPC_28_02_2026.xlsx,PS-02_AIGR-S66270_NCIIPC_28_02_2026.xlsx,https://roboid.tech,https://roboid.tech,,roboid.tech,roboid.tech,exact,failed,not_attempted,navigation_transient_browser_error,"BrowserContext.new_page: Target page, context or browser has been closed",,,,fefd88e44a2336469713ee9d8a926732540813a9dc6e94a5f982e1dae4b5a9f4,,,,,,Reserve Bank of India (RBI),rbi.org.in,0.0,Low,0.0,0.85,0,False,False,0.0,-1,0.0,-1,0.0,-1,0.0,-1,False,False,False,False,False,,
run_20260409T090716Z,2026-04-09T09:08:23+00:00,PS-02_AIGR-S66270_NCIIPC_28_02_2026.xlsx,PS-02_AIGR-S66270_NCIIPC_28_02_2026.xlsx,https://serinlife.com,https://serinlife.com,,serinlife.com,serinlife.com,exact,failed,not_attempted,navigation_transient_browser_error,"BrowserContext.new_page: Target page, context or browser has been closed",,,,b343dc169fa445914f85db5c125d9c6ca12ebc77e1c6afa86de903f1b519494e,,,,,,State Bank of India (SBI),sbilife.co.in,0.0,Low,0.0,0.8571,0,False,False,0.0,-1,0.0,-1,0.0,-1,0.0,-1,False,False,False,False,False,,
run_20260409T090716Z,2026-04-09T09:08:23+00:00,PS-02_AIGR-S66270_NCIIPC_28_02_2026.xlsx,PS-02_AIGR-S66270_NCIIPC_28_02_2026.xlsx,https://nhkart.com,https://nhkart.com,,nhkart.com,nhkart.com,exact,failed,not_attempted,navigation_transient_browser_error,"BrowserContext.new_page: Target page, context or browser has been closed",,,,c1ca7c1775f8cae850095162f3c04b110f3db9ea4ba262b7787df4a8465094f7,,,,,,National Health Authority (NHA),nha.gov.in,0.0,Low,0.0,0.8667,0,False,False,0.0,-1,0.0,-1,0.0,-1,0.0,-1,False,False,False,False,False,,
run_20260409T090716Z,2026-04-09T09:08:23+00:00,PS-02_AIGR-S66270_NCIIPC_28_02_2026.xlsx,PS-02_AIGR-S66270_NCIIPC_28_02_2026.xlsx,http://ariva.blog,http://ariva.blog,,ariva.blog,ariva.blog,exact,failed,not_attempted,navigation_transient_browser_error,"BrowserContext.new_page: Target page, context or browser has been closed",,,,7dc40edf90c01ed39a9094cb4478cca7645f7874ea25c706949b8cdeeb184b27,,,,,,parivahan sewa,parivahan.gov.in,0.0,Low,0.0,0.8519,0,False,False,0.0,-1,0.0,-1,0.0,-1,0.0,-1,False,False,False,False,False,,
run_20260409T090716Z,2026-04-09T09:08:23+00:00,PS-02_AIGR-S66270_NCIIPC_28_02_2026.xlsx,PS-02_AIGR-S66270_NCIIPC_28_02_2026.xlsx,https://online-kniga.com,https://online-kniga.com,,online-kniga.com,online-kniga.com,exact,failed,not_attempted,navigation_transient_browser_error,"BrowserContext.new_page: Target page, context or browser has been closed",,,,9c04547e1b2ac9e0b31421ea2b1078ac38df729f2405d0d98b0673dc16e8112c,,,,,,State Bank of India (SBI),corp.onlinesbi.sbi,0.0,Low,0.0,0.8722,0,False,False,0.0,-1,0.0,-1,0.0,-1,0.0,-1,False,False,False,False,False,,
run_20260409T090716Z,2026-04-09T09:08:23+00:00,PS-02_AIGR-S66270_NCIIPC_28_02_2026.xlsx,PS-02_AIGR-S66270_NCIIPC_28_02_2026.xlsx,http://homedezclean.ru,http://homedezclean.ru,,homedezclean.ru,homedezclean.ru,exact,failed,not_attempted,navigation_transient_browser_error,"BrowserContext.new_page: Target page, context or browser has been closed",,,,2f0887dda92784e284202852732de9bedaa8c6ee677bc230452966f7c3e655a3,,,,,,State Bank of India (SBI),homeloans.sbi,0.0,Low,0.0,0.8722,0,False,False,0.0,-1,0.0,-1,0.0,-1,0.0,-1,False,False,False,False,False,,
run_20260409T090716Z,2026-04-09T09:08:23+00:00,PS-02_AIGR-S66270_NCIIPC_28_02_2026.xlsx,PS-02_AIGR-S66270_NCIIPC_28_02_2026.xlsx,https://agenticpayments.uk,https://agenticpayments.uk,,agenticpayments.uk,agenticpayments.uk,exact,failed,not_attempted,navigation_transient_browser_error,"BrowserContext.new_page: Target page, context or browser has been closed",,,,a401a0af373da7bea612038cd96384c065a8ff76a20d70e80c33f050096be615,,,,,,National Informatics Centre (NIC),nic.gov.in,0.0,Low,0.0,0.7333,0,False,False,0.0,-1,0.0,-1,0.0,-1,0.0,-1,False,False,False,False,False,,
run_20260409T090716Z,2026-04-09T09:08:23+00:00,PS-02_AIGR-S66270_NCIIPC_28_02_2026.xlsx,PS-02_AIGR-S66270_NCIIPC_28_02_2026.xlsx,https://homl.shop,https://homl.shop,,homl.shop,homl.shop,exact,failed,not_attempted,navigation_transient_browser_error,"BrowserContext.new_page: Target page, context or browser has been closed",,,,9139d4cfa9fb6b957b9a6d2d887711d9f6940e2c752912094c99f5896b95ad33,,,,,,State Bank of India (SBI),homeloans.sbi,0.0,Low,0.0,0.8704,0,False,False,0.0,-1,0.0,-1,0.0,-1,0.0,-1,False,False,False,False,False,,
run_20260409T090716Z,2026-04-09T09:08:23+00:00,PS-02_AIGR-S66270_NCIIPC_28_02_2026.xlsx,PS-02_AIGR-S66270_NCIIPC_28_02_2026.xlsx,https://airieltor.pro,https://airieltor.pro,,airieltor.pro,airieltor.pro,exact,failed,not_attempted,navigation_transient_browser_error,"BrowserContext.new_page: Target page, context or browser has been closed",,,,04b30a7585a511044842cc90265aa1a701356631319099b8028e2d6b4be08f18,,,,,,Airtel,airtel.in,0.0,Low,0.0,0.8833,0,False,False,0.0,-1,0.0,-1,0.0,-1,0.0,-1,False,False,False,False,False,,
run_20260409T090716Z,2026-04-09T09:08:23+00:00,PS-02_AIGR-S66270_NCIIPC_28_02_2026.xlsx,PS-02_AIGR-S66270_NCIIPC_28_02_2026.xlsx,https://homekonseling.xyz,https://homekonseling.xyz,,homekonseling.xyz,homekonseling.xyz,exact,failed,not_attempted,navigation_transient_browser_error,"BrowserContext.new_page: Target page, context or browser has been closed",,,,3e8c9f4e39ae3bda7e15c1f1cde392ea97de392f819293b26845eff484df4973,,,,,,State Bank of India (SBI),homeloans.sbi,0.0,Low,0.0,0.8509,0,False,False,0.0,-1,0.0,-1,0.0,-1,0.0,-1,False,False,False,False,False,,
run_20260409T090716Z,2026-04-09T09:08:23+00:00,PS-02_AIGR-S66270_NCIIPC_28_02_2026.xlsx,PS-02_AIGR-S66270_NCIIPC_28_02_2026.xlsx,https://axiym.store,https://axiym.store,,axiym.store,axiym.store,exact,failed,not_attempted,navigation_transient_browser_error,"BrowserContext.new_page: Target page, context or browser has been closed",,,,72d1df0f14f37fc8b7eaaf9f16fe70c9ba9cf93a60f2542be95b864267287808,,,,,,Axis Bank,axismf.com,0.0,Low,0.0,0.8756,0,False,False,0.0,-1,0.0,-1,0.0,-1,0.0,-1,False,False,False,False,False,,
run_20260409T090716Z,2026-04-09T09:08:23+00:00,PS-02_AIGR-S66270_NCIIPC_28_02_2026.xlsx,PS-02_AIGR-S66270_NCIIPC_28_02_2026.xlsx,https://homehavn.net,https://homehavn.net,,homehavn.net,homehavn.net,exact,failed,not_attempted,navigation_transient_browser_error,"BrowserContext.new_page: Target page, context or browser has been closed",,,,9593fc071f49dd02a39a27d041e05ab2153f119a538afc30c5afccd3243abcf4,,,,,,State Bank of India (SBI),homeloans.sbi,0.0,Low,0.0,0.8833,0,False,False,0.0,-1,0.0,-1,0.0,-1,0.0,-1,False,False,False,False,False,,
run_20260409T090716Z,2026-04-09T09:08:23+00:00,PS-02_AIGR-S66270_NCIIPC_28_02_2026.xlsx,PS-02_AIGR-S66270_NCIIPC_28_02_2026.xlsx,https://uid.rest,https://uid.rest,,uid.rest,uid.rest,exact,failed,not_attempted,navigation_transient_browser_error,"BrowserContext.new_page: Target page, context or browser has been closed",,,,c945990eab86876b40c596de7d3196de61bec866960c56a0217241c023ed8b50,,,,,,"Unique Identification Authority of India (UIDAI)
",uidai.gov.in,0.0,Low,0.0,0.9067,0,False,False,0.0,-1,0.0,-1,0.0,-1,0.0,-1,False,False,False,False,False,,
run_20260409T090716Z,2026-04-09T09:08:23+00:00,PS-02_AIGR-S66270_NCIIPC_28_02_2026.xlsx,PS-02_AIGR-S66270_NCIIPC_28_02_2026.xlsx,https://onlineproofing.app,https://onlineproofing.app,,onlineproofing.app,onlineproofing.app,exact,failed,not_attempted,navigation_transient_browser_error,"BrowserContext.new_page: Target page, context or browser has been closed",,,,55f4465aa7c9432e2924a5628e8647bdd1653ff20f329e61571456fcd914e1e0,,,,,,State Bank of India (SBI),corp.onlinesbi.sbi,0.0,Low,0.0,0.8556,0,False,False,0.0,-1,0.0,-1,0.0,-1,0.0,-1,False,False,False,False,False,,
run_20260409T090716Z,2026-04-09T09:08:23+00:00,PS-02_AIGR-S66270_NCIIPC_28_02_2026.xlsx,PS-02_AIGR-S66270_NCIIPC_28_02_2026.xlsx,https://axiym.xyz,https://axiym.xyz,,axiym.xyz,axiym.xyz,exact,failed,not_attempted,navigation_transient_browser_error,"BrowserContext.new_page: Target page, context or browser has been closed",,,,dbfac1d9b3145616c2eda7c002920bdac6f3d643df645bcf90d9b73be3f086f6,,,,,,Axis Bank,axismf.com,0.0,Low,0.0,0.8756,0,False,False,0.0,-1,0.0,-1,0.0,-1,0.0,-1,False,False,False,False,False,,
run_20260409T090716Z,2026-04-09T09:08:23+00:00,PS-02_AIGR-S66270_NCIIPC_28_02_2026.xlsx,PS-02_AIGR-S66270_NCIIPC_28_02_2026.xlsx,https://myviaa.in,https://myviaa.in,,myviaa.in,myviaa.in,exact,failed,not_attempted,navigation_transient_browser_error,"BrowserContext.new_page: Target page, context or browser has been closed",,,,281def248393680fd270fa2e30bc801fb978df6aa12c2f1aed6fcce4da803c35,,,,,,Vodafone Idea (VI),myvi.in,0.0,Low,0.0,0.9333,0,False,False,0.0,-1,0.0,-1,0.0,-1,0.0,-1,False,False,False,False,False,,
run_20260409T090716Z,2026-04-09T09:08:23+00:00,PS-02_AIGR-S66270_NCIIPC_28_02_2026.xlsx,PS-02_AIGR-S66270_NCIIPC_28_02_2026.xlsx,https://mvip.pl,https://mvip.pl,,mvip.pl,mvip.pl,exact,failed,not_attempted,navigation_transient_browser_error,"BrowserContext.new_page: Target page, context or browser has been closed",,,,33f57fb9e36ee616707c0a52c8d9c15d7ab11dabbc651797e3714bab155a9370,,,,,,Vodafone Idea (VI),myvi.in,0.0,Low,0.0,0.85,0,False,False,0.0,-1,0.0,-1,0.0,-1,0.0,-1,False,False,False,False,False,,
run_20260409T090716Z,2026-04-09T09:08:23+00:00,PS-02_AIGR-S66270_NCIIPC_28_02_2026.xlsx,PS-02_AIGR-S66270_NCIIPC_28_02_2026.xlsx,https://sbiamax.com,https://sbiamax.com,,sbiamax.com,sbiamax.com,exact,failed,not_attempted,navigation_transient_browser_error,"BrowserContext.new_page: Target page, context or browser has been closed",,,,dd3710da374343b490b658d8876dda7d6c1ffa706b9669b6551d1053ec39e0ee,,,,,,State Bank of India (SBI),sbi.co.in,0.0,Low,0.0,0.8667,0,False,False,0.0,-1,0.0,-1,0.0,-1,0.0,-1,False,False,False,False,False,,
run_20260409T090716Z,2026-04-09T09:08:23+00:00,PS-02_AIGR-S66270_NCIIPC_28_02_2026.xlsx,PS-02_AIGR-S66270_NCIIPC_28_02_2026.xlsx,https://sabiya.online,https://sabiya.online,,sabiya.online,sabiya.online,exact,failed,not_attempted,navigation_transient_browser_error,"BrowserContext.new_page: Target page, context or browser has been closed",,,,2121d21472e5b02386673d0ee61fab9335c5bff8a92dae9d51b54058db5d5df1,,,,,,State Bank of India (SBI),sbi.co.in,0.0,Low,0.0,0.85,0,False,False,0.0,-1,0.0,-1,0.0,-1,0.0,-1,False,False,False,False,False,,
run_20260409T090716Z,2026-04-09T09:08:23+00:00,PS-02_AIGR-S66270_NCIIPC_28_02_2026.xlsx,PS-02_AIGR-S66270_NCIIPC_28_02_2026.xlsx,https://casumo-online.com,https://casumo-online.com,,casumo-online.com,casumo-online.com,exact,failed,not_attempted,navigation_transient_browser_error,"BrowserContext.new_page: Target page, context or browser has been closed",,,,78ee13d9b0c7b18392a54dd2a835209237d08c334224e35c7c0584928eabc9d4,,,,,,Computer Age Management Services Ltd. (CAMS),camsonline.com,0.0,Low,0.0,0.9118,0,False,False,0.0,-1,0.0,-1,0.0,-1,0.0,-1,False,False,False,False,False,,
run_20260409T090716Z,2026-04-09T09:08:23+00:00,PS-02_AIGR-S66270_NCIIPC_28_02_2026.xlsx,PS-02_AIGR-S66270_NCIIPC_28_02_2026.xlsx,https://mythovia.life,https://mythovia.life,,mythovia.life,mythovia.life,exact,failed,not_attempted,navigation_transient_browser_error,"BrowserContext.new_page: Target page, context or browser has been closed",,,,3f1984202c56dc00bbe877fd1ea5048c49a02bdd6c3c5e0b2a7cb4072dd48181,,,,,,Vodafone Idea (VI),myvi.in,0.0,Low,0.0,0.8667,0,False,False,0.0,-1,0.0,-1,0.0,-1,0.0,-1,False,False,False,False,False,,
run_20260409T090716Z,2026-04-09T09:08:23+00:00,PS-02_AIGR-S66270_NCIIPC_28_02_2026.xlsx,PS-02_AIGR-S66270_NCIIPC_28_02_2026.xlsx,https://myvidacafe.com,https://myvidacafe.com,,myvidacafe.com,myvidacafe.com,exact,failed,not_attempted,navigation_transient_browser_error,"BrowserContext.new_page: Target page, context or browser has been closed",,,,4d7b9d8350d022f4950caa544587d02961a4019acc1ea12edca8e39354ea79ff,,,,,,Vodafone Idea (VI),myvi.in,0.0,Low,0.0,0.88,0,False,False,0.0,-1,0.0,-1,0.0,-1,0.0,-1,False,False,False,False,False,,
run_20260409T090716Z,2026-04-09T09:08:23+00:00,PS-02_AIGR-S66270_NCIIPC_28_02_2026.xlsx,PS-02_AIGR-S66270_NCIIPC_28_02_2026.xlsx,https://myvipss.hair,https://myvipss.hair,,myvipss.hair,myvipss.hair,exact,failed,not_attempted,navigation_transient_browser_error,"BrowserContext.new_page: Target page, context or browser has been closed",,,,9321901f59b812f47de9a7a6ea94e7d6acdc3d18c0ff5a3e68e0e01e883bb3a2,,,,,,Vodafone Idea (VI),myvi.in,0.0,Low,0.0,0.9143,0,False,False,0.0,-1,0.0,-1,0.0,-1,0.0,-1,False,False,False,False,False,,
run_20260409T090716Z,2026-04-09T09:08:23+00:00,PS-02_AIGR-S66270_NCIIPC_28_02_2026.xlsx,PS-02_AIGR-S66270_NCIIPC_28_02_2026.xlsx,https://homerlogic.digital,https://homerlogic.digital,,homerlogic.digital,homerlogic.digital,exact,failed,not_attempted,navigation_transient_browser_error,"BrowserContext.new_page: Target page, context or browser has been closed",,,,cfc970a003c29b68733ba79d43cdd9c86d35905db2dd94c5e580338fdd159cff,,,,,,State Bank of India (SBI),homeloans.sbi,0.0,Low,0.0,0.8533,0,False,False,0.0,-1,0.0,-1,0.0,-1,0.0,-1,False,False,False,False,False,,
run_20260409T090716Z,2026-04-09T09:08:23+00:00,PS-02_AIGR-S66270_NCIIPC_28_02_2026.xlsx,PS-02_AIGR-S66270_NCIIPC_28_02_2026.xlsx,https://parachain.ai,https://parachain.ai,,parachain.ai,parachain.ai,exact,failed,not_attempted,navigation_transient_browser_error,"BrowserContext.new_page: Target page, context or browser has been closed",,,,5d965d5dbb64eeb4c83026cf2168584b230526792dfd498cf96878bd7f9aab47,,,,,,parivahan sewa,parivahan.gov.in,0.0,Low,0.0,0.8963,0,False,False,0.0,-1,0.0,-1,0.0,-1,0.0,-1,False,False,False,False,False,,
run_20260409T090716Z,2026-04-09T09:08:23+00:00,PS-02_AIGR-S66270_NCIIPC_28_02_2026.xlsx,PS-02_AIGR-S66270_NCIIPC_28_02_2026.xlsx,https://alt-viber-payment.xyz,https://alt-viber-payment.xyz,,alt-viber-payment.xyz,alt-viber-payment.xyz,exact,failed,not_attempted,navigation_transient_browser_error,"BrowserContext.new_page: Target page, context or browser has been closed",,,,74300fa3853e6325d8b6006a98700b0d8736817ade090972f7148557d5f7c7e0,,,,,,Airtel,airtel.in,0.0,Low,0.0,0.6732,0,False,False,0.0,-1,0.0,-1,0.0,-1,0.0,-1,False,False,False,False,False,,
run_20260409T090716Z,2026-04-09T09:08:23+00:00,PS-02_AIGR-S66270_NCIIPC_28_02_2026.xlsx,PS-02_AIGR-S66270_NCIIPC_28_02_2026.xlsx,https://onlinematabaripera.com,https://onlinematabaripera.com,,onlinematabaripera.com,onlinematabaripera.com,exact,failed,not_attempted,navigation_transient_browser_error,"BrowserContext.new_page: Target page, context or browser has been closed",,,,93025cecf75f79a089bb5dc73ea8dc2ed4d241c842aa5de4d5ccdfd6341d29d4,,,,,,State Bank of India (SBI),corp.onlinesbi.sbi,0.0,Low,0.0,0.8667,0,False,False,0.0,-1,0.0,-1,0.0,-1,0.0,-1,False,False,False,False,False,,
run_20260409T090716Z,2026-04-09T09:08:23+00:00,PS-02_AIGR-S66270_NCIIPC_28_02_2026.xlsx,PS-02_AIGR-S66270_NCIIPC_28_02_2026.xlsx,http://axiais.mx,http://axiais.mx,,axiais.mx,axiais.mx,exact,failed,not_attempted,navigation_transient_browser_error,"BrowserContext.new_page: Target page, context or browser has been closed",,,,925f942a1f4e9a39358ec461850a27febd0399a540c3632a1bf79cc67493d1a7,,,,,,Axis Bank,axismaxlife.com,0.0,Low,0.0,0.8551,0,False,False,0.0,-1,0.0,-1,0.0,-1,0.0,-1,False,False,False,False,False,,
run_20260409T090716Z,2026-04-09T09:08:23+00:00,PS-02_AIGR-S66270_NCIIPC_28_02_2026.xlsx,PS-02_AIGR-S66270_NCIIPC_28_02_2026.xlsx,https://getapayments.com,https://getapayments.com,,getapayments.com,getapayments.com,exact,failed,not_attempted,navigation_transient_browser_error,"BrowserContext.new_page: Target page, context or browser has been closed",,,,148c0bd179978d4b11a8fbd969527f8a8b2d7665d80d49553ef6901ed07476be,,,,,,Punjab National Bank (PNB),netpnb.com,0.0,Low,0.0,0.6667,0,False,False,0.0,-1,0.0,-1,0.0,-1,0.0,-1,False,False,False,False,False,,
run_20260409T090716Z,2026-04-09T09:08:23+00:00,PS-02_AIGR-S66270_NCIIPC_28_02_2026.xlsx,PS-02_AIGR-S66270_NCIIPC_28_02_2026.xlsx,https://net.chat,https://net.chat,,net.chat,net.chat,exact,failed,not_attempted,navigation_transient_browser_error,"BrowserContext.new_page: Target page, context or browser has been closed",,,,0775272577b80d003c29d702c231946df2db605ac340ead4d083cff8b087cc37,,,,,,Punjab National Bank (PNB),netpnb.com,0.0,Low,0.0,0.8833,0,False,False,0.0,-1,0.0,-1,0.0,-1,0.0,-1,False,False,False,False,False,,
run_20260409T090716Z,2026-04-09T09:08:23+00:00,PS-02_AIGR-S66270_NCIIPC_28_02_2026.xlsx,PS-02_AIGR-S66270_NCIIPC_28_02_2026.xlsx,https://canadapcb.ca,https://canadapcb.ca,,canadapcb.ca,canadapcb.ca,exact,failed,not_attempted,navigation_transient_browser_error,"BrowserContext.new_page: Target page, context or browser has been closed",,,,edcd80ed39eb126b4ef7abf5d210136a3a7ad80a1bab114b9b1bc4126d25ff5e,,,,,,Canara Bank,canararobeco.com,0.0,Low,0.0,0.8437,0,False,False,0.0,-1,0.0,-1,0.0,-1,0.0,-1,False,False,False,False,False,,
run_20260409T090716Z,2026-04-09T09:08:23+00:00,PS-02_AIGR-S66270_NCIIPC_28_02_2026.xlsx,PS-02_AIGR-S66270_NCIIPC_28_02_2026.xlsx,https://abdldtwmoq.cc,https://abdldtwmoq.cc,,abdldtwmoq.cc,abdldtwmoq.cc,exact,failed,not_attempted,navigation_transient_browser_error,"BrowserContext.new_page: Target page, context or browser has been closed",,,,291e90e4f870750c1ea8abf903d26b0c0f394e0bcaa34d57d4f5315e1bf86fc4,,,,,,National Health Authority (NHA),abdm.gov.in,0.0,Low,0.0,0.86,0,False,False,0.0,-1,0.0,-1,0.0,-1,0.0,-1,False,False,False,False,False,,
run_20260409T090716Z,2026-04-09T09:08:23+00:00,PS-02_AIGR-S66270_NCIIPC_28_02_2026.xlsx,PS-02_AIGR-S66270_NCIIPC_28_02_2026.xlsx,https://onlinepedia.biz.id,https://onlinepedia.biz.id,,onlinepedia.biz.id,onlinepedia.biz.id,exact,failed,not_attempted,navigation_transient_browser_error,"BrowserContext.new_page: Target page, context or browser has been closed",,,,167b992dcb7d7481a39b1230abc24dd8d2ba4f5db36229ea2d6d67368f2e5f07,,,,,,State Bank of India (SBI),corp.onlinesbi.sbi,0.0,Low,0.0,0.8828,0,False,False,0.0,-1,0.0,-1,0.0,-1,0.0,-1,False,False,False,False,False,,
run_20260409T090716Z,2026-04-09T09:08:23+00:00,PS-02_AIGR-S66270_NCIIPC_28_02_2026.xlsx,PS-02_AIGR-S66270_NCIIPC_28_02_2026.xlsx,https://onlinejsonviewer.in,https://onlinejsonviewer.in,,onlinejsonviewer.in,onlinejsonviewer.in,exact,failed,not_attempted,navigation_transient_browser_error,"BrowserContext.new_page: Target page, context or browser has been closed",,,,67873045000e4f7c1e860444284e8d7646515c9c96530455e4a63af37988786b,,,,,,State Bank of India (SBI),corp.onlinesbi.sbi,0.0,Low,0.0,0.8778,0,False,False,0.0,-1,0.0,-1,0.0,-1,0.0,-1,False,False,False,False,False,,
run_20260409T090716Z,2026-04-09T09:08:23+00:00,PS-02_AIGR-S66270_NCIIPC_28_02_2026.xlsx,PS-02_AIGR-S66270_NCIIPC_28_02_2026.xlsx,http://axisss.online,http://axisss.online,,axisss.online,axisss.online,exact,failed,not_attempted,navigation_transient_browser_error,"BrowserContext.new_page: Target page, context or browser has been closed",,,,5a1c2019d1e300060a9d045fb48bebd79b121907b49e1e2d5a4039cd6fb8b8f8,,,,,,Axis Bank,axismf.com,0.0,Low,0.0,0.8667,0,False,False,0.0,-1,0.0,-1,0.0,-1,0.0,-1,False,False,False,False,False,,
run_20260409T090716Z,2026-04-09T09:08:23+00:00,PS-02_AIGR-S66270_NCIIPC_28_02_2026.xlsx,PS-02_AIGR-S66270_NCIIPC_28_02_2026.xlsx,https://helpbot.net.ru,https://helpbot.net.ru,,helpbot.net.ru,helpbot.net.ru,exact,failed,not_attempted,navigation_transient_browser_error,"BrowserContext.new_page: Target page, context or browser has been closed",,,,9cb3e173b0a32d279102dc46fe366903cbf589fd9d54acaff76bd97bdaee363c,,,,,,Punjab National Bank (PNB),netpnb.com,0.0,Low,0.0,0.8833,0,False,False,0.0,-1,0.0,-1,0.0,-1,0.0,-1,False,False,False,False,False,,
run_20260409T090716Z,2026-04-09T09:08:23+00:00,PS-02_AIGR-S66270_NCIIPC_28_02_2026.xlsx,PS-02_AIGR-S66270_NCIIPC_28_02_2026.xlsx,https://asolie.com,https://asolie.com,,asolie.com,asolie.com,exact,failed,not_attempted,navigation_transient_browser_error,"BrowserContext.new_page: Target page, context or browser has been closed",,,,a991dd9079148c6454fd88a6fde53c94ec7938c34a0e819366f618555c14194d,,,,,,Computer Age Management Services Ltd. (CAMS),camsonline.com,0.0,Low,0.0,0.8667,0,False,False,0.0,-1,0.0,-1,0.0,-1,0.0,-1,False,False,False,False,False,,
run_20260409T090716Z,2026-04-09T09:08:23+00:00,PS-02_AIGR-S66270_NCIIPC_28_02_2026.xlsx,PS-02_AIGR-S66270_NCIIPC_28_02_2026.xlsx,https://bsiena.com,https://bsiena.com,,bsiena.com,bsiena.com,exact,failed,not_attempted,navigation_transient_browser_error,"BrowserContext.new_page: Target page, context or browser has been closed",,,,52b9f5d5f5d867ac0333d442b21b3bfb83066b215d55b99babf604d4d472de1c,,,,,,BSE Ltd.,bseindia.com,0.0,Low,0.0,0.8889,0,False,False,0.0,-1,0.0,-1,0.0,-1,0.0,-1,False,False,False,False,False,,
run_20260409T090716Z,2026-04-09T09:08:23+00:00,PS-02_AIGR-S66270_NCIIPC_28_02_2026.xlsx,PS-02_AIGR-S66270_NCIIPC_28_02_2026.xlsx,https://onlineweg.xyz,https://onlineweg.xyz,,onlineweg.xyz,onlineweg.xyz,exact,failed,not_attempted,navigation_transient_browser_error,"BrowserContext.new_page: Target page, context or browser has been closed",,,,e189ff543173872f9584241a695eba8903982b47619fe11981e50d810bf8e300,,,,,,State Bank of India (SBI),corp.onlinesbi.sbi,0.0,Low,0.0,0.8667,0,False,False,0.0,-1,0.0,-1,0.0,-1,0.0,-1,False,False,False,False,False,,
run_20260409T090716Z,2026-04-09T09:08:23+00:00,PS-02_AIGR-S66270_NCIIPC_28_02_2026.xlsx,PS-02_AIGR-S66270_NCIIPC_28_02_2026.xlsx,http://nhanceid.com,http://nhanceid.com,,nhanceid.com,nhanceid.com,exact,failed,not_attempted,navigation_transient_browser_error,"BrowserContext.new_page: Target page, context or browser has been closed",,,,31b98f2e77e9003e8c8dc1202e53cbc0e186e75fda841c929c44b7da7fe9251d,,,,,,National Health Authority (NHA),nha.gov.in,0.0,Low,0.0,0.8542,0,False,False,0.0,-1,0.0,-1,0.0,-1,0.0,-1,False,False,False,False,False,,
run_20260409T090716Z,2026-04-09T09:08:23+00:00,PS-02_AIGR-S66270_NCIIPC_28_02_2026.xlsx,PS-02_AIGR-S66270_NCIIPC_28_02_2026.xlsx,https://fintech.fit,https://fintech.fit,,fintech.fit,fintech.fit,exact,failed,not_attempted,navigation_transient_browser_error,"BrowserContext.new_page: Target page, context or browser has been closed",,,,ebce05c59c758a3b6150b4b7efee5e1f6a91555f2498259374f93d35daf99809,,,,,,Kfintech,kfintech.com,0.0,Low,0.0,0.9583,0,False,False,0.0,-1,0.0,-1,0.0,-1,0.0,-1,False,False,False,False,False,,
run_20260409T090716Z,2026-04-09T09:08:23+00:00,PS-02_AIGR-S66270_NCIIPC_28_02_2026.xlsx,PS-02_AIGR-S66270_NCIIPC_28_02_2026.xlsx,https://myvipss.skin,https://myvipss.skin,,myvipss.skin,myvipss.skin,exact,failed,not_attempted,navigation_transient_browser_error,"BrowserContext.new_page: Target page, context or browser has been closed",,,,1272c8e4d3964fc8ab21f0bab5fc72a02334250d1fba27960a28f53791bddc68,,,,,,Vodafone Idea (VI),myvi.in,0.0,Low,0.0,0.9143,0,False,False,0.0,-1,0.0,-1,0.0,-1,0.0,-1,False,False,False,False,False,,
run_20260409T090716Z,2026-04-09T09:08:23+00:00,PS-02_AIGR-S66270_NCIIPC_28_02_2026.xlsx,PS-02_AIGR-S66270_NCIIPC_28_02_2026.xlsx,https://visstick.ai,https://visstick.ai,,visstick.ai,visstick.ai,exact,failed,not_attempted,navigation_transient_browser_error,"BrowserContext.new_page: Target page, context or browser has been closed",,,,1027ac57f3cf889412d4e6e02a9e2b573948c5cf8f0aeff3f7caea2369fbfce5,,,,,,Indian Space Research Organisation (ISRO),vssc.gov.in,0.0,Low,0.0,0.85,0,False,False,0.0,-1,0.0,-1,0.0,-1,0.0,-1,False,False,False,False,False,,
run_20260409T090716Z,2026-04-09T09:08:23+00:00,PS-02_AIGR-S66270_NCIIPC_28_02_2026.xlsx,PS-02_AIGR-S66270_NCIIPC_28_02_2026.xlsx,https://myvitaldirect.xyz,https://myvitaldirect.xyz,,myvitaldirect.xyz,myvitaldirect.xyz,exact,failed,not_attempted,navigation_transient_browser_error,"BrowserContext.new_page: Target page, context or browser has been closed",,,,a8ff400438419f097d5c66087419411707e40d2937001e244c158ec4a4c39dc5,,,,,,Vodafone Idea (VI),myvi.in,0.0,Low,0.0,0.8615,0,False,False,0.0,-1,0.0,-1,0.0,-1,0.0,-1,False,False,False,False,False,,
run_20260409T090716Z,2026-04-09T09:08:23+00:00,PS-02_AIGR-S66270_NCIIPC_28_02_2026.xlsx,PS-02_AIGR-S66270_NCIIPC_28_02_2026.xlsx,http://airindiaair.com,http://airindiaair.com,,airindiaair.com,airindiaair.com,exact,failed,not_attempted,navigation_transient_browser_error,"BrowserContext.new_page: Target page, context or browser has been closed",,,,9f18334163dd934d508909235a7c68b08653b73987fdced3215502d2404b3fe1,,,,,,Air India,airindiaexpress.com,0.0,Low,0.0,0.8836,0,False,False,0.0,-1,0.0,-1,0.0,-1,0.0,-1,False,False,False,False,False,,
run_20260409T090716Z,2026-04-09T09:08:23+00:00,PS-02_AIGR-S66270_NCIIPC_28_02_2026.xlsx,PS-02_AIGR-S66270_NCIIPC_28_02_2026.xlsx,https://buildavia.net,https://buildavia.net,,buildavia.net,buildavia.net,exact,failed,not_attempted,navigation_transient_browser_error,"BrowserContext.new_page: Target page, context or browser has been closed",,,,38958be12c528ed89d4cd6e9c22f6c499c2b5a2e1be2865e3a1942bee1c13514,,,,,,"Unique Identification Authority of India (UIDAI)
",uidai.gov.in,0.0,Low,0.0,0.8519,0,False,False,0.0,-1,0.0,-1,0.0,-1,0.0,-1,False,False,False,False,False,,
run_20260409T090716Z,2026-04-09T09:08:23+00:00,PS-02_AIGR-S66270_NCIIPC_28_02_2026.xlsx,PS-02_AIGR-S66270_NCIIPC_28_02_2026.xlsx,https://homelabhijinks.com,https://homelabhijinks.com,,homelabhijinks.com,homelabhijinks.com,exact,failed,not_attempted,navigation_transient_browser_error,"BrowserContext.new_page: Target page, context or browser has been closed",,,,a204b5b4359c9c4bf7a0376469d8df6afb4adfe4a18b61b7be38927af03575c5,,,,,,State Bank of India (SBI),homeloans.sbi,0.0,Low,0.0,0.8921,0,False,False,0.0,-1,0.0,-1,0.0,-1,0.0,-1,False,False,False,False,False,,
run_20260409T090716Z,2026-04-09T09:08:23+00:00,PS-02_AIGR-S66270_NCIIPC_28_02_2026.xlsx,PS-02_AIGR-S66270_NCIIPC_28_02_2026.xlsx,https://homely-oman.com,https://homely-oman.com,,homely-oman.com,homely-oman.com,exact,failed,not_attempted,navigation_transient_browser_error,"BrowserContext.new_page: Target page, context or browser has been closed",,,,9c399f08b10fb08b05ca740188a21639a7e92c4b8930c93ec73506a987971b7e,,,,,,State Bank of India (SBI),homeloans.sbi,0.0,Low,0.0,0.9232,0,False,False,0.0,-1,0.0,-1,0.0,-1,0.0,-1,False,False,False,False,False,,
run_20260409T090716Z,2026-04-09T09:08:23+00:00,PS-02_AIGR-S66270_NCIIPC_28_02_2026.xlsx,PS-02_AIGR-S66270_NCIIPC_28_02_2026.xlsx,https://sbi.icu,https://sbi.icu,,sbi.icu,sbi.icu,exact,failed,not_attempted,navigation_transient_browser_error,"BrowserContext.new_page: Target page, context or browser has been closed",,,,0ea19fa5497aff7194fca0a3afa4736163d08748b88dca5420a9f927fdfb8461,,,,,,State Bank of India (SBI),sbi.co.in,0.0,Low,0.0,1.0,0,False,False,0.0,-1,0.0,-1,0.0,-1,0.0,-1,False,False,False,False,False,,
run_20260409T090716Z,2026-04-09T09:08:23+00:00,PS-02_AIGR-S66270_NCIIPC_28_02_2026.xlsx,PS-02_AIGR-S66270_NCIIPC_28_02_2026.xlsx,https://arteluz.studio,https://arteluz.studio,,arteluz.studio,arteluz.studio,exact,failed,not_attempted,navigation_transient_browser_error,"BrowserContext.new_page: Target page, context or browser has been closed",,,,18c979737c31f3765fd1d2c0a8ff43eafe2789bf14c53732e56550327e41c412,,,,,,Airtel,airtel.in,0.0,Low,0.0,0.8643,0,False,False,0.0,-1,0.0,-1,0.0,-1,0.0,-1,False,False,False,False,False,,
run_20260409T090716Z,2026-04-09T09:08:23+00:00,PS-02_AIGR-S66270_NCIIPC_28_02_2026.xlsx,PS-02_AIGR-S66270_NCIIPC_28_02_2026.xlsx,https://axiscashfinance.shop,https://axiscashfinance.shop,,axiscashfinance.shop,axiscashfinance.shop,exact,failed,not_attempted,navigation_transient_browser_error,"BrowserContext.new_page: Target page, context or browser has been closed",,,,4d9a52a92b1ff9b9474ed3251fae0bc4e758f0f4f98a275acb800c2afcac412d,,,,,,Axis Bank,axismf.com,0.0,Low,0.0,0.8333,0,False,False,0.0,-1,0.0,-1,0.0,-1,0.0,-1,False,False,False,False,False,,
run_20260409T090716Z,2026-04-09T09:08:23+00:00,PS-02_AIGR-S66270_NCIIPC_28_02_2026.xlsx,PS-02_AIGR-S66270_NCIIPC_28_02_2026.xlsx,http://aimiss.love,http://aimiss.love,,aimiss.love,aimiss.love,exact,failed,not_attempted,navigation_transient_browser_error,"BrowserContext.new_page: Target page, context or browser has been closed",,,,48250b65676ddab7079da35f1e1fcfcb331eaf6a02c929abb6dffaced2e88a65,,,,,,All India Institute of Medical Sciences (AIIMS),aiims.edu,0.0,Low,0.0,0.9022,0,False,False,0.0,-1,0.0,-1,0.0,-1,0.0,-1,False,False,False,False,False,,
run_20260409T090716Z,2026-04-09T09:08:23+00:00,PS-02_AIGR-S66270_NCIIPC_28_02_2026.xlsx,PS-02_AIGR-S66270_NCIIPC_28_02_2026.xlsx,https://axiassoft.dev,https://axiassoft.dev,,axiassoft.dev,axiassoft.dev,exact,failed,not_attempted,navigation_transient_browser_error,"BrowserContext.new_page: Target page, context or browser has been closed",,,,559492214a0418d11c6b08c06b4d72dca795410390642f9a7d66622f5696a3f3,,,,,,Axis Bank,axismf.com,0.0,Low,0.0,0.8574,0,False,False,0.0,-1,0.0,-1,0.0,-1,0.0,-1,False,False,False,False,False,,
run_20260409T090716Z,2026-04-09T09:08:23+00:00,PS-02_AIGR-S66270_NCIIPC_28_02_2026.xlsx,PS-02_AIGR-S66270_NCIIPC_28_02_2026.xlsx,https://anis.info,https://anis.info,,anis.info,anis.info,exact,failed,not_attempted,navigation_transient_browser_error,"BrowserContext.new_page: Target page, context or browser has been closed",,,,cfef366ace8f09e11e6e14820139cbf553541655f738c2b7398912b0e008c882,,,,,,All India Institute of Medical Sciences (AIIMS),aiims.edu,0.0,Low,0.0,0.805,0,False,False,0.0,-1,0.0,-1,0.0,-1,0.0,-1,False,False,False,False,False,,
run_20260409T090716Z,2026-04-09T09:08:23+00:00,PS-02_AIGR-S66270_NCIIPC_28_02_2026.xlsx,PS-02_AIGR-S66270_NCIIPC_28_02_2026.xlsx,https://axsz.app,https://axsz.app,,axsz.app,axsz.app,exact,failed,not_attempted,navigation_transient_browser_error,"BrowserContext.new_page: Target page, context or browser has been closed",,,,f44f084fd491eb2d9f022e43e1d2c8aef34ce5640e177470e08727bf58e5f5ae,,,,,,Axis Bank,axismf.com,0.0,Low,0.0,0.8,0,False,False,0.0,-1,0.0,-1,0.0,-1,0.0,-1,False,False,False,False,False,,
run_20260409T090716Z,2026-04-09T09:08:23+00:00,PS-02_AIGR-S66270_NCIIPC_28_02_2026.xlsx,PS-02_AIGR-S66270_NCIIPC_28_02_2026.xlsx,https://cuidadti.com,https://cuidadti.com,,cuidadti.com,cuidadti.com,exact,failed,not_attempted,navigation_transient_browser_error,"BrowserContext.new_page: Target page, context or browser has been closed",,,,23268982a17814ac5e8bba9ff3971d0c0699f200d9830841b7aa37e708380cf5,,,,,,"Unique Identification Authority of India (UIDAI)
",uidai.gov.in,0.0,Low,0.0,0.875,0,False,False,0.0,-1,0.0,-1,0.0,-1,0.0,-1,False,False,False,False,False,,
run_20260409T090716Z,2026-04-09T09:08:23+00:00,PS-02_AIGR-S66270_NCIIPC_28_02_2026.xlsx,PS-02_AIGR-S66270_NCIIPC_28_02_2026.xlsx,https://usiulife.site,https://usiulife.site,,usiulife.site,usiulife.site,exact,failed,not_attempted,navigation_transient_browser_error,"BrowserContext.new_page: Target page, context or browser has been closed",,,,50b87af0bec903955ef7c59f9462deb4e6be3a0775b174a7fe62c42a514f3791,,,,,,State Bank of India (SBI),sbilife.co.in,0.0,Low,0.0,0.869,0,False,False,0.0,-1,0.0,-1,0.0,-1,0.0,-1,False,False,False,False,False,,
run_20260409T090716Z,2026-04-09T09:08:23+00:00,PS-02_AIGR-S66270_NCIIPC_28_02_2026.xlsx,PS-02_AIGR-S66270_NCIIPC_28_02_2026.xlsx,http://moodcloud.online,http://moodcloud.online,,moodcloud.online,moodcloud.online,exact,failed,not_attempted,navigation_transient_browser_error,"BrowserContext.new_page: Target page, context or browser has been closed",,,,229600bd59ca76f63092dcef7b1d336ff6e26929cb3e4de1f1a1c3cb6c6e476c,,,,,,National Informatics Centre (NIC),accounts.mgovcloud.in,0.0,Low,0.0,0.8667,0,False,False,0.0,-1,0.0,-1,0.0,-1,0.0,-1,False,False,False,False,False,,
run_20260409T090716Z,2026-04-09T09:08:23+00:00,PS-02_AIGR-S66270_NCIIPC_28_02_2026.xlsx,PS-02_AIGR-S66270_NCIIPC_28_02_2026.xlsx,https://axisinspections.online,https://axisinspections.online,,axisinspections.online,axisinspections.online,exact,failed,not_attempted,navigation_transient_browser_error,"BrowserContext.new_page: Target page, context or browser has been closed",,,,2042a7b0871898b542b3b15e7a5dd4482e6b232dee3499bece262d7a145706b5,,,,,,State Bank of India (SBI),sbisecurities.in,0.0,Low,0.0,0.653,0,False,False,0.0,-1,0.0,-1,0.0,-1,0.0,-1,False,False,False,False,False,,
run_20260409T090716Z,2026-04-09T09:08:23+00:00,PS-02_AIGR-S66270_NCIIPC_28_02_2026.xlsx,PS-02_AIGR-S66270_NCIIPC_28_02_2026.xlsx,https://aiinmkt.com,https://aiinmkt.com,,aiinmkt.com,aiinmkt.com,exact,failed,not_attempted,navigation_transient_browser_error,"BrowserContext.new_page: Target page, context or browser has been closed",,,,28bce5421f3dc42b19af10e259f3117bde66d3a290b4baabc7597c5f49e38623,,,,,,All India Institute of Medical Sciences (AIIMS),aiims.edu,0.0,Low,0.0,0.8533,0,False,False,0.0,-1,0.0,-1,0.0,-1,0.0,-1,False,False,False,False,False,,
run_20260409T090716Z,2026-04-09T09:08:23+00:00,PS-02_AIGR-S66270_NCIIPC_28_02_2026.xlsx,PS-02_AIGR-S66270_NCIIPC_28_02_2026.xlsx,https://cloudo.pw,https://cloudo.pw,,cloudo.pw,cloudo.pw,exact,failed,not_attempted,navigation_transient_browser_error,"BrowserContext.new_page: Target page, context or browser has been closed",,,,f3633131b53c7fdc77b2492b099746b28dc51b8d0ce4d01794a9584a84fd4f0f,,,,,,National Informatics Centre (NIC),cloud.gov.in,0.0,Low,0.0,0.9667,0,False,False,0.0,-1,0.0,-1,0.0,-1,0.0,-1,False,False,False,False,False,,
run_20260409T090716Z,2026-04-09T09:08:23+00:00,PS-02_AIGR-S66270_NCIIPC_28_02_2026.xlsx,PS-02_AIGR-S66270_NCIIPC_28_02_2026.xlsx,https://online-casino.site,https://online-casino.site,,online-casino.site,online-casino.site,exact,failed,not_attempted,navigation_transient_browser_error,"BrowserContext.new_page: Target page, context or browser has been closed",,,,da5446196ee42852f43e49e97262d5f5fefcf37cfeaa1027f742c7e50b63ce8f,,,,,,State Bank of India (SBI),corp.onlinesbi.sbi,0.0,Low,0.0,0.9009,0,False,False,0.0,-1,0.0,-1,0.0,-1,0.0,-1,False,False,False,False,False,,
run_20260409T090716Z,2026-04-09T09:08:23+00:00,PS-02_AIGR-S66270_NCIIPC_28_02_2026.xlsx,PS-02_AIGR-S66270_NCIIPC_28_02_2026.xlsx,https://rbxkit.ru,https://rbxkit.ru,,rbxkit.ru,rbxkit.ru,exact,failed,not_attempted,navigation_transient_browser_error,"BrowserContext.new_page: Target page, context or browser has been closed",,,,a04db0266c8d00a6584df3f1e226abc1b1d29d2bf653938946efb93c41550573,,,,,,Reserve Bank of India (RBI),rbi.org.in,0.0,Low,0.0,0.8667,0,False,False,0.0,-1,0.0,-1,0.0,-1,0.0,-1,False,False,False,False,False,,
run_20260409T090716Z,2026-04-09T09:08:23+00:00,PS-02_AIGR-S66270_NCIIPC_28_02_2026.xlsx,PS-02_AIGR-S66270_NCIIPC_28_02_2026.xlsx,https://homelog.pt,https://homelog.pt,,homelog.pt,homelog.pt,exact,failed,not_attempted,navigation_transient_browser_error,"BrowserContext.new_page: Target page, context or browser has been closed",,,,1017a375d4977a7d181ebda9eb8a79a2107d53feb0105cd7eb58981e3b9ace5d,,,,,,State Bank of India (SBI),homeloans.sbi,0.0,Low,0.0,0.9048,0,False,False,0.0,-1,0.0,-1,0.0,-1,0.0,-1,False,False,False,False,False,,
run_20260409T090716Z,2026-04-09T09:08:23+00:00,PS-02_AIGR-S66270_NCIIPC_28_02_2026.xlsx,PS-02_AIGR-S66270_NCIIPC_28_02_2026.xlsx,http://axis-aviation.aero,http://axis-aviation.aero,,axis-aviation.aero,axis-aviation.aero,exact,failed,not_attempted,navigation_transient_browser_error,"BrowserContext.new_page: Target page, context or browser has been closed",,,,464168bab233aebb8a61fb8955dde9c02b36baee8dd31e76c7873fd6ad81bfed,,,,,,Axis Bank,axismaxlife.com,0.0,Low,0.0,0.669,0,False,False,0.0,-1,0.0,-1,0.0,-1,0.0,-1,False,False,False,False,False,,
run_20260409T090716Z,2026-04-09T09:08:23+00:00,PS-02_AIGR-S66270_NCIIPC_28_02_2026.xlsx,PS-02_AIGR-S66270_NCIIPC_28_02_2026.xlsx,http://h31an.top,http://h31an.top,,h31an.top,h31an.top,exact,failed,not_attempted,navigation_transient_browser_error,"BrowserContext.new_page: Target page, context or browser has been closed",,,,dcba356a91127bc87c0fad8bf9160010579f2544f5e53b87220091820b57a1ee,,,,,,State Bank of India (SBI),homeloans.sbi,0.0,Low,0.0,0.8667,0,False,False,0.0,-1,0.0,-1,0.0,-1,0.0,-1,False,False,False,False,False,,
run_20260409T090716Z,2026-04-09T09:08:23+00:00,PS-02_AIGR-S66270_NCIIPC_28_02_2026.xlsx,PS-02_AIGR-S66270_NCIIPC_28_02_2026.xlsx,https://newtn.org,https://newtn.org,,newtn.org,newtn.org,exact,failed,not_attempted,navigation_transient_browser_error,"BrowserContext.new_page: Target page, context or browser has been closed",,,,4311337f35e44d4d359bcbec2a35b67b401d4cb16a29f6758e4480fb689185b0,,,,,,Punjab National Bank (PNB),netpnb.com,0.0,Low,0.0,0.8578,0,False,False,0.0,-1,0.0,-1,0.0,-1,0.0,-1,False,False,False,False,False,,
run_20260409T090716Z,2026-04-09T09:08:23+00:00,PS-02_AIGR-S66270_NCIIPC_28_02_2026.xlsx,PS-02_AIGR-S66270_NCIIPC_28_02_2026.xlsx,http://kuntech.pk,http://kuntech.pk,,kuntech.pk,kuntech.pk,exact,failed,not_attempted,navigation_transient_browser_error,"BrowserContext.new_page: Target page, context or browser has been closed",,,,057797bc5fd52dca55f36134750de2867189b97243bfeff87dfd4fdde2b4b7dc,,,,,,Kfintech,kfintech.com,0.0,Low,0.0,0.8821,0,False,False,0.0,-1,0.0,-1,0.0,-1,0.0,-1,False,False,False,False,False,,
run_20260409T090716Z,2026-04-09T09:08:23+00:00,PS-02_AIGR-S66270_NCIIPC_28_02_2026.xlsx,PS-02_AIGR-S66270_NCIIPC_28_02_2026.xlsx,https://jrivok.com,https://jrivok.com,,jrivok.com,jrivok.com,exact,failed,not_attempted,navigation_transient_browser_error,"BrowserContext.new_page: Target page, context or browser has been closed",,,,14cd74dc24827fda0b2a7a842fef92edbda90ae430e62fcec12a75b3d98d6d6c,,,,,,Jio,jio.com,0.0,Low,0.0,0.85,0,False,False,0.0,-1,0.0,-1,0.0,-1,0.0,-1,False,False,False,False,False,,
run_20260409T090716Z,2026-04-09T09:08:23+00:00,PS-02_AIGR-S66270_NCIIPC_28_02_2026.xlsx,PS-02_AIGR-S66270_NCIIPC_28_02_2026.xlsx,http://onlinebettingbonus.co.uk,http://onlinebettingbonus.co.uk,,onlinebettingbonus.co.uk,onlinebettingbonus.co.uk,exact,failed,not_attempted,navigation_transient_browser_error,"BrowserContext.new_page: Target page, context or browser has been closed",,,,cdbdae463679650945fe62b10e83077823747bba122e9a506aa68d139c9730a3,,,,,,State Bank of India (SBI),corp.onlinesbi.sbi,0.0,Low,0.0,0.8667,0,False,False,0.0,-1,0.0,-1,0.0,-1,0.0,-1,False,False,False,False,False,,
run_20260409T090716Z,2026-04-09T09:08:23+00:00,PS-02_AIGR-S66270_NCIIPC_28_02_2026.xlsx,PS-02_AIGR-S66270_NCIIPC_28_02_2026.xlsx,https://aiimportsusa.xyz,https://aiimportsusa.xyz,,aiimportsusa.xyz,aiimportsusa.xyz,exact,failed,not_attempted,navigation_transient_browser_error,"BrowserContext.new_page: Target page, context or browser has been closed",,,,014eafbf8ddb21ea6049d6c24975d5aa143a662e6441bf34d23be53274d435d0,,,,,,All India Institute of Medical Sciences (AIIMS),aiims.edu,0.0,Low,0.0,0.8833,0,False,False,0.0,-1,0.0,-1,0.0,-1,0.0,-1,False,False,False,False,False,,
run_20260409T090716Z,2026-04-09T09:08:23+00:00,PS-02_AIGR-S66270_NCIIPC_28_02_2026.xlsx,PS-02_AIGR-S66270_NCIIPC_28_02_2026.xlsx,https://kicktech.io,https://kicktech.io,,kicktech.io,kicktech.io,exact,failed,not_attempted,navigation_transient_browser_error,"BrowserContext.new_page: Target page, context or browser has been closed",,,,0211d6f64174b4341c6930dec8a29573fea1a0986adda44071c0629501828ae2,,,,,,Kfintech,kfintech.com,0.0,Low,0.0,0.85,0,False,False,0.0,-1,0.0,-1,0.0,-1,0.0,-1,False,False,False,False,False,,
run_20260409T090716Z,2026-04-09T09:08:23+00:00,PS-02_AIGR-S66270_NCIIPC_28_02_2026.xlsx,PS-02_AIGR-S66270_NCIIPC_28_02_2026.xlsx,https://homeofanimals.nl,https://homeofanimals.nl,,homeofanimals.nl,homeofanimals.nl,exact,failed,not_attempted,navigation_transient_browser_error,"BrowserContext.new_page: Target page, context or browser has been closed",,,,7eff25fc7d2d63eadc885fa0b38af562ccc563e485de858b5fe6aab4d5bdd399,,,,,,State Bank of India (SBI),homeloans.sbi,0.0,Low,0.0,0.9009,0,False,False,0.0,-1,0.0,-1,0.0,-1,0.0,-1,False,False,False,False,False,,
run_20260409T090716Z,2026-04-09T09:08:23+00:00,PS-02_AIGR-S66270_NCIIPC_28_02_2026.xlsx,PS-02_AIGR-S66270_NCIIPC_28_02_2026.xlsx,http://hfdlife.com,http://hfdlife.com,,hfdlife.com,hfdlife.com,exact,failed,not_attempted,navigation_transient_browser_error,"BrowserContext.new_page: Target page, context or browser has been closed",,,,ae5ef0c59ce8403a8c4a229d855fcf934b1ae765e5867e2ad811520fa54cfa79,,,,,,HDFC Bank,hdfclife.com,0.0,Low,0.0,0.9196,0,False,False,0.0,-1,0.0,-1,0.0,-1,0.0,-1,False,False,False,False,False,,
run_20260409T090716Z,2026-04-09T09:08:23+00:00,PS-02_AIGR-S66270_NCIIPC_28_02_2026.xlsx,PS-02_AIGR-S66270_NCIIPC_28_02_2026.xlsx,https://homeworldai.com,https://homeworldai.com,,homeworldai.com,homeworldai.com,exact,failed,not_attempted,navigation_transient_browser_error,"BrowserContext.new_page: Target page, context or browser has been closed",,,,d21c83a8e00c976e3ed391d797d89487ab8ad1d895ab9f63c16c705901e0d8b3,,,,,,State Bank of India (SBI),homeloans.sbi,0.0,Low,0.0,0.8543,0,False,False,0.0,-1,0.0,-1,0.0,-1,0.0,-1,False,False,False,False,False,,
run_20260409T090716Z,2026-04-09T09:08:23+00:00,PS-02_AIGR-S66270_NCIIPC_28_02_2026.xlsx,PS-02_AIGR-S66270_NCIIPC_28_02_2026.xlsx,http://10fintechs.com,http://10fintechs.com,,10fintechs.com,10fintechs.com,exact,failed,not_attempted,navigation_transient_browser_error,"BrowserContext.new_page: Target page, context or browser has been closed",,,,560f90b604a96500b644b4b079743aea12613f3ccb1a1874a5a98d5bfc6b99cd,,,,,,Kfintech,kfintech.com,0.0,Low,0.0,0.8583,0,False,False,0.0,-1,0.0,-1,0.0,-1,0.0,-1,False,False,False,False,False,,
run_20260409T090716Z,2026-04-09T09:08:23+00:00,PS-02_AIGR-S66270_NCIIPC_28_02_2026.xlsx,PS-02_AIGR-S66270_NCIIPC_28_02_2026.xlsx,https://canal3.tv.br,https://canal3.tv.br,,canal3.tv.br,canal3.tv.br,exact,failed,not_attempted,navigation_transient_browser_error,"BrowserContext.new_page: Target page, context or browser has been closed",,,,655c9be9f93c0a6be929b6e2cdd28b87738b01f7fd972bb2d3dd57c59f5438f3,,,,,,Canara Bank,canararobeco.com,0.0,Low,0.0,0.85,0,False,False,0.0,-1,0.0,-1,0.0,-1,0.0,-1,False,False,False,False,False,,
run_20260409T090716Z,2026-04-09T09:08:23+00:00,PS-02_AIGR-S66270_NCIIPC_28_02_2026.xlsx,PS-02_AIGR-S66270_NCIIPC_28_02_2026.xlsx,http://jiomart.cloud,http://jiomart.cloud,,jiomart.cloud,jiomart.cloud,exact,failed,not_attempted,navigation_transient_browser_error,"BrowserContext.new_page: Target page, context or browser has been closed",,,,829b203715d2b6431e38d26c440e84ae65dcfeb91202b74edf7904fc0bc678d8,,,,,,Jio,jio.com,0.0,Low,0.0,0.8667,0,False,False,0.0,-1,0.0,-1,0.0,-1,0.0,-1,False,False,False,False,False,,
run_20260409T090716Z,2026-04-09T09:08:23+00:00,PS-02_AIGR-S66270_NCIIPC_28_02_2026.xlsx,PS-02_AIGR-S66270_NCIIPC_28_02_2026.xlsx,https://induino.com,https://induino.com,,induino.com,induino.com,exact,failed,not_attempted,navigation_transient_browser_error,"BrowserContext.new_page: Target page, context or browser has been closed",,,,7931374929f31d7a2d49f871f5f7e99869a45ac8bbb719741adf13e3a22b0595,,,,,,BSE Ltd.,bseindia.com,0.0,Low,0.0,0.6905,0,False,False,0.0,-1,0.0,-1,0.0,-1,0.0,-1,False,False,False,False,False,,
run_20260409T090716Z,2026-04-09T09:08:23+00:00,PS-02_AIGR-S66270_NCIIPC_28_02_2026.xlsx,PS-02_AIGR-S66270_NCIIPC_28_02_2026.xlsx,https://airstyle.ai,https://airstyle.ai,,airstyle.ai,airstyle.ai,exact,failed,not_attempted,navigation_transient_browser_error,"BrowserContext.new_page: Target page, context or browser has been closed",,,,70ca355b9b21e43ec7ea5c8b38a40ce94e5446e7cdd045fafeb0b37fffa5ac5e,,,,,,Airtel,airtel.in,0.0,Low,0.0,0.9028,0,False,False,0.0,-1,0.0,-1,0.0,-1,0.0,-1,False,False,False,False,False,,
run_20260409T090716Z,2026-04-09T09:08:23+00:00,PS-02_AIGR-S66270_NCIIPC_28_02_2026.xlsx,PS-02_AIGR-S66270_NCIIPC_28_02_2026.xlsx,http://onlywins.uk,http://onlywins.uk,,onlywins.uk,onlywins.uk,exact,failed,not_attempted,navigation_transient_browser_error,"BrowserContext.new_page: Target page, context or browser has been closed",,,,f3d6c74aa9aa3e0621673949e3af0361b7dafe04869856d5af124f9cd6159020,,,,,,State Bank of India (SBI),corp.onlinesbi.sbi,0.0,Low,0.0,0.8639,0,False,False,0.0,-1,0.0,-1,0.0,-1,0.0,-1,False,False,False,False,False,,
run_20260409T090716Z,2026-04-09T09:08:23+00:00,PS-02_AIGR-S66270_NCIIPC_28_02_2026.xlsx,PS-02_AIGR-S66270_NCIIPC_28_02_2026.xlsx,https://5bittern.com,https://5bittern.com,,5bittern.com,5bittern.com,exact,failed,not_attempted,navigation_transient_browser_error,"BrowserContext.new_page: Target page, context or browser has been closed",,,,a7f802f37817ef3f71e3b3d609ad6379561e04f098ecafd56667acdae62805d0,,,,,,State Bank of India (SBI),sbi.co.in,0.0,Low,0.0,0.8542,0,False,False,0.0,-1,0.0,-1,0.0,-1,0.0,-1,False,False,False,False,False,,
run_20260409T090716Z,2026-04-09T09:08:23+00:00,PS-02_AIGR-S66270_NCIIPC_28_02_2026.xlsx,PS-02_AIGR-S66270_NCIIPC_28_02_2026.xlsx,https://pairvanta.com,https://pairvanta.com,,pairvanta.com,pairvanta.com,exact,failed,not_attempted,navigation_transient_browser_error,"BrowserContext.new_page: Target page, context or browser has been closed",,,,45581ec3ee56b5cd8e1062f8e18d5e34c38f693d35b1da13a0e74aa8bdba59b6,,,,,,parivahan sewa,parivahan.gov.in,0.0,Low,0.0,0.8741,0,False,False,0.0,-1,0.0,-1,0.0,-1,0.0,-1,False,False,False,False,False,,
run_20260409T090716Z,2026-04-09T09:08:23+00:00,PS-02_AIGR-S66270_NCIIPC_28_02_2026.xlsx,PS-02_AIGR-S66270_NCIIPC_28_02_2026.xlsx,https://airtech-nord.com,https://airtech-nord.com,,airtech-nord.com,airtech-nord.com,exact,failed,not_attempted,navigation_transient_browser_error,"BrowserContext.new_page: Target page, context or browser has been closed",,,,909a36825c551888174d1f771455e4efa1eda7a142c1cd510d249e379a710dd9,,,,,,Airtel,airtel.in,0.0,Low,0.0,0.85,0,False,False,0.0,-1,0.0,-1,0.0,-1,0.0,-1,False,False,False,False,False,,
run_20260409T090716Z,2026-04-09T09:08:23+00:00,PS-02_AIGR-S66270_NCIIPC_28_02_2026.xlsx,PS-02_AIGR-S66270_NCIIPC_28_02_2026.xlsx,http://efraintech.com,http://efraintech.com,,efraintech.com,efraintech.com,exact,failed,not_attempted,navigation_transient_browser_error,"BrowserContext.new_page: Target page, context or browser has been closed",,,,af1944cac9bcdfe3f609279bde62c8bca25f283161c98d7cf960bc3fb0f4d9d1,,,,,,Kfintech,kfintech.com,0.0,Low,0.0,0.8583,0,False,False,0.0,-1,0.0,-1,0.0,-1,0.0,-1,False,False,False,False,False,,
run_20260409T090716Z,2026-04-09T09:08:23+00:00,PS-02_AIGR-S66270_NCIIPC_28_02_2026.xlsx,PS-02_AIGR-S66270_NCIIPC_28_02_2026.xlsx,https://airwavetalk.co.uk,https://airwavetalk.co.uk,,airwavetalk.co.uk,airwavetalk.co.uk,exact,failed,not_attempted,navigation_transient_browser_error,"BrowserContext.new_page: Target page, context or browser has been closed",,,,7fae4f26db53cb4e63791572fdafdae25fd113ed810ae1ab2df9a66aa0fe33b1,,,,,,Airtel,airtel.in,0.0,Low,0.0,0.8551,0,False,False,0.0,-1,0.0,-1,0.0,-1,0.0,-1,False,False,False,False,False,,
run_20260409T090716Z,2026-04-09T09:08:23+00:00,PS-02_AIGR-S66270_NCIIPC_28_02_2026.xlsx,PS-02_AIGR-S66270_NCIIPC_28_02_2026.xlsx,http://jrbiv.com,http://jrbiv.com,,jrbiv.com,jrbiv.com,exact,failed,not_attempted,navigation_transient_browser_error,"BrowserContext.new_page: Target page, context or browser has been closed",,,,56f3acf478f35d9f5619a1e2ca52232039babc2f4c3398358a6baf21b19d9378,,,,,,Reserve Bank of India (RBI),rbi.org.in,0.0,Low,0.0,0.8667,0,False,False,0.0,-1,0.0,-1,0.0,-1,0.0,-1,False,False,False,False,False,,
run_20260409T090716Z,2026-04-09T09:08:23+00:00,PS-02_AIGR-S66270_NCIIPC_28_02_2026.xlsx,PS-02_AIGR-S66270_NCIIPC_28_02_2026.xlsx,https://swbiz.kr,https://swbiz.kr,,swbiz.kr,swbiz.kr,exact,failed,not_attempted,navigation_transient_browser_error,"BrowserContext.new_page: Target page, context or browser has been closed",,,,4a1424067db1bd26e23b3a34f39e0be76772f3e0ee542777e538f0048e82717c,,,,,,State Bank of India (SBI),sbi.co.in,0.0,Low,0.0,0.88,0,False,False,0.0,-1,0.0,-1,0.0,-1,0.0,-1,False,False,False,False,False,,
run_20260409T090716Z,2026-04-09T09:08:23+00:00,PS-02_AIGR-S66270_NCIIPC_28_02_2026.xlsx,PS-02_AIGR-S66270_NCIIPC_28_02_2026.xlsx,https://xai-s.com,https://xai-s.com,,xai-s.com,xai-s.com,exact,failed,not_attempted,navigation_transient_browser_error,"BrowserContext.new_page: Target page, context or browser has been closed",,,,983ead1471c514ec7563d30503a8698c97a37af1e4dd425d9c4de45b0c9c3f0e,,,,,,Axis Bank,axismf.com,0.0,Low,0.0,0.7389,0,False,False,0.0,-1,0.0,-1,0.0,-1,0.0,-1,False,False,False,False,False,,
run_20260409T090716Z,2026-04-09T09:08:23+00:00,PS-02_AIGR-S66270_NCIIPC_28_02_2026.xlsx,PS-02_AIGR-S66270_NCIIPC_28_02_2026.xlsx,https://camscanner.xyz,https://camscanner.xyz,,camscanner.xyz,camscanner.xyz,exact,failed,not_attempted,navigation_transient_browser_error,"BrowserContext.new_page: Target page, context or browser has been closed",,,,f6d76c76a84784807991e8f71b343422e0d176034bec4ff83bbdbda63783a4fe,,,,,,Computer Age Management Services Ltd. (CAMS),camsonline.com,0.0,Low,0.0,0.88,0,False,False,0.0,-1,0.0,-1,0.0,-1,0.0,-1,False,False,False,False,False,,
run_20260409T090716Z,2026-04-09T09:08:23+00:00,PS-02_AIGR-S66270_NCIIPC_28_02_2026.xlsx,PS-02_AIGR-S66270_NCIIPC_28_02_2026.xlsx,http://onlinevip.store,http://onlinevip.store,,onlinevip.store,onlinevip.store,exact,failed,not_attempted,navigation_transient_browser_error,"BrowserContext.new_page: Target page, context or browser has been closed",,,,d2bd6ac1723b7edb6be4cbc2e4b9e98aff82b6204db237c2f5d8bb800446f16a,,,,,,State Bank of India (SBI),corp.onlinesbi.sbi,0.0,Low,0.0,0.9111,0,False,False,0.0,-1,0.0,-1,0.0,-1,0.0,-1,False,False,False,False,False,,
run_20260409T090716Z,2026-04-09T09:08:23+00:00,PS-02_AIGR-S66270_NCIIPC_28_02_2026.xlsx,PS-02_AIGR-S66270_NCIIPC_28_02_2026.xlsx,http://onlineguide.ai,http://onlineguide.ai,,onlineguide.ai,onlineguide.ai,exact,failed,not_attempted,navigation_transient_browser_error,"BrowserContext.new_page: Target page, context or browser has been closed",,,,8b3f37ef5ab5ea68dbde65771db96c36a5240b630adf105d9acd8d48b563bced,,,,,,State Bank of India (SBI),corp.onlinesbi.sbi,0.0,Low,0.0,0.8828,0,False,False,0.0,-1,0.0,-1,0.0,-1,0.0,-1,False,False,False,False,False,,
run_20260409T090716Z,2026-04-09T09:08:23+00:00,PS-02_AIGR-S66270_NCIIPC_28_02_2026.xlsx,PS-02_AIGR-S66270_NCIIPC_28_02_2026.xlsx,https://blsp.net.ru,https://blsp.net.ru,,blsp.net.ru,blsp.net.ru,exact,failed,not_attempted,navigation_transient_browser_error,"BrowserContext.new_page: Target page, context or browser has been closed",,,,1cb2c1c0f8bb6d848c8ac25923341c66036b1971c3202b63fd4aef7839c9e46c,,,,,,Punjab National Bank (PNB),netpnb.com,0.0,Low,0.0,0.8833,0,False,False,0.0,-1,0.0,-1,0.0,-1,0.0,-1,False,False,False,False,False,,
run_20260409T090716Z,2026-04-09T09:08:23+00:00,PS-02_AIGR-S66270_NCIIPC_28_02_2026.xlsx,PS-02_AIGR-S66270_NCIIPC_28_02_2026.xlsx,https://nwchat.uk,https://nwchat.uk,,nwchat.uk,nwchat.uk,exact,failed,not_attempted,navigation_transient_browser_error,"BrowserContext.new_page: Target page, context or browser has been closed",,,,5052c2ebc32f7b2c1d2b0045f9e489d6c48d5f664be034f79198480e92a532ee,,,,,,National Health Authority (NHA),nha.gov.in,0.0,Low,0.0,0.85,0,False,False,0.0,-1,0.0,-1,0.0,-1,0.0,-1,False,False,False,False,False,,
run_20260409T090716Z,2026-04-09T09:08:23+00:00,PS-02_AIGR-S66270_NCIIPC_28_02_2026.xlsx,PS-02_AIGR-S66270_NCIIPC_28_02_2026.xlsx,https://besthindi.online,https://besthindi.online,,besthindi.online,besthindi.online,exact,failed,not_attempted,navigation_transient_browser_error,"BrowserContext.new_page: Target page, context or browser has been closed",,,,3f5b2a1adef9febb4ac529d495cd00e81db84b8afd70346bf9435abd37c17fcd,,,,,,BSE Ltd.,bseindia.com,0.0,Low,0.0,0.853,0,False,False,0.0,-1,0.0,-1,0.0,-1,0.0,-1,False,False,False,False,False,,
run_20260409T090716Z,2026-04-09T09:08:23+00:00,PS-02_AIGR-S66270_NCIIPC_28_02_2026.xlsx,PS-02_AIGR-S66270_NCIIPC_28_02_2026.xlsx,https://aiimportsusa.com,https://aiimportsusa.com,,aiimportsusa.com,aiimportsusa.com,exact,failed,not_attempted,navigation_transient_browser_error,"BrowserContext.new_page: Target page, context or browser has been closed",,,,6b1fa507e0c5472c24bea35034bf6bca9dc045455035e3ad8a6067960fd068d0,,,,,,All India Institute of Medical Sciences (AIIMS),aiims.edu,0.0,Low,0.0,0.8833,0,False,False,0.0,-1,0.0,-1,0.0,-1,0.0,-1,False,False,False,False,False,,
run_20260409T090716Z,2026-04-09T09:08:23+00:00,PS-02_AIGR-S66270_NCIIPC_28_02_2026.xlsx,PS-02_AIGR-S66270_NCIIPC_28_02_2026.xlsx,https://nothay.com,https://nothay.com,,nothay.com,nothay.com,exact,failed,not_attempted,navigation_transient_browser_error,"BrowserContext.new_page: Target page, context or browser has been closed",,,,23490e7bb527b9c9abc246fb55e6af3585c0e42f38792a04b42c583ba1ea26a2,,,,,,National Health Authority (NHA),nha.gov.in,0.0,Low,0.0,0.85,0,False,False,0.0,-1,0.0,-1,0.0,-1,0.0,-1,False,False,False,False,False,,
run_20260409T090716Z,2026-04-09T09:08:23+00:00,PS-02_AIGR-S66270_NCIIPC_28_02_2026.xlsx,PS-02_AIGR-S66270_NCIIPC_28_02_2026.xlsx,https://2nhai.co.kr,https://2nhai.co.kr,,2nhai.co.kr,2nhai.co.kr,exact,failed,not_attempted,navigation_transient_browser_error,"BrowserContext.new_page: Target page, context or browser has been closed",,,,5619c82e22c02e13939a0a6372fc0ffbea8c8234bece0061f07854a3c66a7b69,,,,,,National Health Authority (NHA),nha.gov.in,0.0,Low,0.0,0.8667,0,False,False,0.0,-1,0.0,-1,0.0,-1,0.0,-1,False,False,False,False,False,,
run_20260409T090716Z,2026-04-09T09:08:23+00:00,PS-02_AIGR-S66270_NCIIPC_28_02_2026.xlsx,PS-02_AIGR-S66270_NCIIPC_28_02_2026.xlsx,https://5bi.top,https://5bi.top,,5bi.top,5bi.top,exact,failed,not_attempted,navigation_transient_browser_error,"BrowserContext.new_page: Target page, context or browser has been closed",,,,ceae0873c808d6ba82feb7ce2f1cee9bd2a44ef5a83f9515e98d8cdaef746074,,,,,,State Bank of India (SBI),sbi.co.in,0.0,Low,0.0,1.0,0,False,False,0.0,-1,0.0,-1,0.0,-1,0.0,-1,False,False,False,False,False,,
run_20260409T090716Z,2026-04-09T09:08:23+00:00,PS-02_AIGR-S66270_NCIIPC_28_02_2026.xlsx,PS-02_AIGR-S66270_NCIIPC_28_02_2026.xlsx,http://irorius.com,http://irorius.com,,irorius.com,irorius.com,exact,failed,not_attempted,navigation_transient_browser_error,"BrowserContext.new_page: Target page, context or browser has been closed",,,,94b0372aa366a8c2e62a84c1591df26b427c0dc726e6b826574b342ed7d5f213,,,,,,Indian Railway Catering and Tourism Corporation (IRCTC),irctctourism.com,0.0,Low,0.0,0.8508,0,False,False,0.0,-1,0.0,-1,0.0,-1,0.0,-1,False,False,False,False,False,,
run_20260409T090716Z,2026-04-09T09:08:23+00:00,PS-02_AIGR-S66270_NCIIPC_28_02_2026.xlsx,PS-02_AIGR-S66270_NCIIPC_28_02_2026.xlsx,http://zsislife.com,http://zsislife.com,,zsislife.com,zsislife.com,exact,failed,not_attempted,navigation_transient_browser_error,"BrowserContext.new_page: Target page, context or browser has been closed",,,,3b672c8fb301d96e679ca3425987bb37b98cf8fe877cfe42821c63f761dfaf8b,,,,,,State Bank of India (SBI),sbilife.co.in,0.0,Low,0.0,0.869,0,False,False,0.0,-1,0.0,-1,0.0,-1,0.0,-1,False,False,False,False,False,,
run_20260409T090716Z,2026-04-09T09:08:23+00:00,PS-02_AIGR-S66270_NCIIPC_28_02_2026.xlsx,PS-02_AIGR-S66270_NCIIPC_28_02_2026.xlsx,https://homenodeway.xyz,https://homenodeway.xyz,,homenodeway.xyz,homenodeway.xyz,exact,failed,not_attempted,navigation_transient_browser_error,"BrowserContext.new_page: Target page, context or browser has been closed",,,,6e7c08df445a0b794a61cea8a26fe92d0907cd41cbcf89c76c5b3485c4d821c8,,,,,,State Bank of India (SBI),homeloans.sbi,0.0,Low,0.0,0.8543,0,False,False,0.0,-1,0.0,-1,0.0,-1,0.0,-1,False,False,False,False,False,,
run_20260409T090716Z,2026-04-09T09:08:23+00:00,PS-02_AIGR-S66270_NCIIPC_28_02_2026.xlsx,PS-02_AIGR-S66270_NCIIPC_28_02_2026.xlsx,https://jiometa.ai,https://jiometa.ai,,jiometa.ai,jiometa.ai,exact,failed,not_attempted,navigation_transient_browser_error,"BrowserContext.new_page: Target page, context or browser has been closed",,,,32869e265d47725b6564f2dad5492409622d243706bddd5a727e172b46e3a4ba,,,,,,Jio,jio.com,0.0,Low,0.0,0.8667,0,False,False,0.0,-1,0.0,-1,0.0,-1,0.0,-1,False,False,False,False,False,,
run_20260409T090716Z,2026-04-09T09:08:23+00:00,PS-02_AIGR-S66270_NCIIPC_28_02_2026.xlsx,PS-02_AIGR-S66270_NCIIPC_28_02_2026.xlsx,https://incomeprotectionmd.com,https://incomeprotectionmd.com,,incomeprotectionmd.com,incomeprotectionmd.com,exact,failed,not_attempted,navigation_transient_browser_error,"BrowserContext.new_page: Target page, context or browser has been closed",,,,d8ea1dc1e89f64bfc113d6f0f84c2a3b88ee78325cd8e7ccb81e4efb41ff128e,,,,,,Income Tax Department,incometaxindia.gov.in,0.0,Low,0.0,0.854,0,False,False,0.0,-1,0.0,-1,0.0,-1,0.0,-1,False,False,False,False,False,,
run_20260409T090716Z,2026-04-09T09:08:23+00:00,PS-02_AIGR-S66270_NCIIPC_28_02_2026.xlsx,PS-02_AIGR-S66270_NCIIPC_28_02_2026.xlsx,http://homelink.pk,http://homelink.pk,,homelink.pk,homelink.pk,exact,failed,not_attempted,navigation_transient_browser_error,"BrowserContext.new_page: Target page, context or browser has been closed",,,,9db1076e334050f36073563a439b2260a300cae681148b2e968048ac5775c6f4,,,,,,State Bank of India (SBI),homeloans.sbi,0.0,Low,0.0,0.8833,0,False,False,0.0,-1,0.0,-1,0.0,-1,0.0,-1,False,False,False,False,False,,
run_20260409T090716Z,2026-04-09T09:08:23+00:00,PS-02_AIGR-S66270_NCIIPC_28_02_2026.xlsx,PS-02_AIGR-S66270_NCIIPC_28_02_2026.xlsx,https://homebuilthands.com,https://homebuilthands.com,,homebuilthands.com,homebuilthands.com,exact,failed,not_attempted,navigation_transient_browser_error,"BrowserContext.new_page: Target page, context or browser has been closed",,,,bb65f0728d60665b6b4f84c99e013f4e8d41d288ea9719495de932328b211f25,,,,,,State Bank of India (SBI),homeloans.sbi,0.0,Low,0.0,0.8921,0,False,False,0.0,-1,0.0,-1,0.0,-1,0.0,-1,False,False,False,False,False,,
run_20260409T090716Z,2026-04-09T09:08:23+00:00,PS-02_AIGR-S66270_NCIIPC_28_02_2026.xlsx,PS-02_AIGR-S66270_NCIIPC_28_02_2026.xlsx,https://aise.online,https://aise.online,,aise.online,aise.online,exact,failed,not_attempted,navigation_transient_browser_error,"BrowserContext.new_page: Target page, context or browser has been closed",,,,23ef4a40106a0e4b5ead1ad5c4b3776ae635a38bc8232b2e1339c92572f006cb,,,,,,All India Institute of Medical Sciences (AIIMS),aiimsexams.ac.in,0.0,Low,0.0,0.84,0,False,False,0.0,-1,0.0,-1,0.0,-1,0.0,-1,False,False,False,False,False,,
run_20260409T090716Z,2026-04-09T09:08:23+00:00,PS-02_AIGR-S66270_NCIIPC_28_02_2026.xlsx,PS-02_AIGR-S66270_NCIIPC_28_02_2026.xlsx,https://axishq.ai,https://axishq.ai,,axishq.ai,axishq.ai,exact,failed,not_attempted,navigation_transient_browser_error,"BrowserContext.new_page: Target page, context or browser has been closed",,,,c9da641a5eca30b11ba1bb4f26cca56767cc443260aaa4e856469f16f8f1c7a7,,,,,,Axis Bank,axismf.com,0.0,Low,0.0,0.8667,0,False,False,0.0,-1,0.0,-1,0.0,-1,0.0,-1,False,False,False,False,False,,
run_20260409T090716Z,2026-04-09T09:08:23+00:00,PS-02_AIGR-S66270_NCIIPC_28_02_2026.xlsx,PS-02_AIGR-S66270_NCIIPC_28_02_2026.xlsx,https://sasbir.com,https://sasbir.com,,sasbir.com,sasbir.com,exact,failed,not_attempted,navigation_transient_browser_error,"BrowserContext.new_page: Target page, context or browser has been closed",,,,d78bb98838455b6b76bd07bfd9a253e0157a0d86721e43783250f2122cd84f98,,,,,,State Bank of India (SBI),sbi.co.in,0.0,Low,0.0,0.85,0,False,False,0.0,-1,0.0,-1,0.0,-1,0.0,-1,False,False,False,False,False,,
run_20260409T090716Z,2026-04-09T09:08:23+00:00,PS-02_AIGR-S66270_NCIIPC_28_02_2026.xlsx,PS-02_AIGR-S66270_NCIIPC_28_02_2026.xlsx,https://icicireward.icu,https://icicireward.icu,,icicireward.icu,icicireward.icu,exact,failed,not_attempted,navigation_transient_browser_error,"BrowserContext.new_page: Target page, context or browser has been closed",,,,01518a2c50da7742e4bdd8306bad30e3be856e8d7747dbd298d871f680c06288,,,,,,ICICI Bank,icicidirect.com,0.0,Low,0.0,0.8545,0,False,False,0.0,-1,0.0,-1,0.0,-1,0.0,-1,False,False,False,False,False,,
run_20260409T090716Z,2026-04-09T09:08:23+00:00,PS-02_AIGR-S66270_NCIIPC_28_02_2026.xlsx,PS-02_AIGR-S66270_NCIIPC_28_02_2026.xlsx,https://sobrio.ai,https://sobrio.ai,,sobrio.ai,sobrio.ai,exact,failed,not_attempted,navigation_transient_browser_error,"BrowserContext.new_page: Target page, context or browser has been closed",,,,34cc27af384c4fb55e899bb9c4e829a584ac2dccb1ca745a8c9b7cf771b2d8dc,,,,,,State Bank of India (SBI),sbi.co.in,0.0,Low,0.0,0.85,0,False,False,0.0,-1,0.0,-1,0.0,-1,0.0,-1,False,False,False,False,False,,
run_20260409T090716Z,2026-04-09T09:08:23+00:00,PS-02_AIGR-S66270_NCIIPC_28_02_2026.xlsx,PS-02_AIGR-S66270_NCIIPC_28_02_2026.xlsx,https://indugas.mx,https://indugas.mx,,indugas.mx,indugas.mx,exact,failed,not_attempted,navigation_transient_browser_error,"BrowserContext.new_page: Target page, context or browser has been closed",,,,6302f0e55eeaf7ccacf9cbb15494ca3d32e4ffd846d70cb80262c16d167475b6,,,,,,BSE Ltd.,bseindia.com,0.0,Low,0.0,0.6905,0,False,False,0.0,-1,0.0,-1,0.0,-1,0.0,-1,False,False,False,False,False,,
run_20260409T090716Z,2026-04-09T09:08:23+00:00,PS-02_AIGR-S66270_NCIIPC_28_02_2026.xlsx,PS-02_AIGR-S66270_NCIIPC_28_02_2026.xlsx,https://excoin.one,https://excoin.one,,excoin.one,excoin.one,exact,failed,not_attempted,navigation_transient_browser_error,"BrowserContext.new_page: Target page, context or browser has been closed",,,,7f49e2834706a2116f64e0c57e07acf920e007312ac0b3b873da6529e28f24da,,,,,,Election Commision of India (ECI),eci.gov.in,0.0,Low,0.0,0.85,0,False,False,0.0,-1,0.0,-1,0.0,-1,0.0,-1,False,False,False,False,False,,
run_20260409T090716Z,2026-04-09T09:08:23+00:00,PS-02_AIGR-S66270_NCIIPC_28_02_2026.xlsx,PS-02_AIGR-S66270_NCIIPC_28_02_2026.xlsx,https://airbet.ca,https://airbet.ca,,airbet.ca,airbet.ca,exact,failed,not_attempted,navigation_transient_browser_error,"BrowserContext.new_page: Target page, context or browser has been closed",,,,f286ca04956df8fe949df921ca15ea20d60c2972f119851ad05ed37360ede3df,,,,,,Airtel,airtel.in,0.0,Low,0.0,0.8756,0,False,False,0.0,-1,0.0,-1,0.0,-1,0.0,-1,False,False,False,False,False,,
run_20260409T090716Z,2026-04-09T09:08:23+00:00,PS-02_AIGR-S66270_NCIIPC_28_02_2026.xlsx,PS-02_AIGR-S66270_NCIIPC_28_02_2026.xlsx,https://homesolution12.com,https://homesolution12.com,,homesolution12.com,homesolution12.com,exact,failed,not_attempted,navigation_transient_browser_error,"BrowserContext.new_page: Target page, context or browser has been closed",,,,7c62ea2039c63ed19c60faccabe20139bcf00dfefb43f6d02becea27c2077e02,,,,,,State Bank of India (SBI),homeloans.sbi,0.0,Low,0.0,0.8671,0,False,False,0.0,-1,0.0,-1,0.0,-1,0.0,-1,False,False,False,False,False,,
run_20260409T090716Z,2026-04-09T09:08:23+00:00,PS-02_AIGR-S66270_NCIIPC_28_02_2026.xlsx,PS-02_AIGR-S66270_NCIIPC_28_02_2026.xlsx,https://paia.world,https://paia.world,,paia.world,paia.world,exact,failed,not_attempted,navigation_transient_browser_error,"BrowserContext.new_page: Target page, context or browser has been closed",,,,b077b7d11399e8eda4f22e65073bc0d57c6988eefc6f22fa488e2e76d1ecd31a,,,,,,parivahan sewa,parivahan.gov.in,0.0,Low,0.0,0.8519,0,False,False,0.0,-1,0.0,-1,0.0,-1,0.0,-1,False,False,False,False,False,,
run_20260409T090716Z,2026-04-09T09:08:23+00:00,PS-02_AIGR-S66270_NCIIPC_28_02_2026.xlsx,PS-02_AIGR-S66270_NCIIPC_28_02_2026.xlsx,https://online-srm.in,https://online-srm.in,,online-srm.in,online-srm.in,exact,failed,not_attempted,navigation_transient_browser_error,"BrowserContext.new_page: Target page, context or browser has been closed",,,,cd357e12152758aebc1e0b5c909d7b48389ca80a212854acfe21f7387e3f107a,,,,,,State Bank of India (SBI),corp.onlinesbi.sbi,0.0,Low,0.0,0.8956,0,False,False,0.0,-1,0.0,-1,0.0,-1,0.0,-1,False,False,False,False,False,,
run_20260409T090716Z,2026-04-09T09:08:23+00:00,PS-02_AIGR-S66270_NCIIPC_28_02_2026.xlsx,PS-02_AIGR-S66270_NCIIPC_28_02_2026.xlsx,https://axisnco.com,https://axisnco.com,,axisnco.com,axisnco.com,exact,failed,not_attempted,navigation_transient_browser_error,"BrowserContext.new_page: Target page, context or browser has been closed",,,,a2db98a436deee6730b7d6e5b5f18302e39dda9774e43cb8152a454e6ddf4b05,,,,,,Axis Bank,axismf.com,0.0,Low,0.0,0.8476,0,False,False,0.0,-1,0.0,-1,0.0,-1,0.0,-1,False,False,False,False,False,,
run_20260409T090716Z,2026-04-09T09:08:23+00:00,PS-02_AIGR-S66270_NCIIPC_28_02_2026.xlsx,PS-02_AIGR-S66270_NCIIPC_28_02_2026.xlsx,https://onlyxisi.net,https://onlyxisi.net,,onlyxisi.net,onlyxisi.net,exact,failed,not_attempted,navigation_transient_browser_error,"BrowserContext.new_page: Target page, context or browser has been closed",,,,ef6cc51e78b1c73cc7abcc80e706e35b0c8a03fb89c7cb059bc65b7a2fe54ba4,,,,,,State Bank of India (SBI),corp.onlinesbi.sbi,0.0,Low,0.0,0.8639,0,False,False,0.0,-1,0.0,-1,0.0,-1,0.0,-1,False,False,False,False,False,,
run_20260409T090716Z,2026-04-09T09:08:23+00:00,PS-02_AIGR-S66270_NCIIPC_28_02_2026.xlsx,PS-02_AIGR-S66270_NCIIPC_28_02_2026.xlsx,https://onlinesettings.xyz,https://onlinesettings.xyz,,onlinesettings.xyz,onlinesettings.xyz,exact,failed,not_attempted,navigation_transient_browser_error,"BrowserContext.new_page: Target page, context or browser has been closed",,,,e50ba8e3131128b2707a8ed0c8ba2fdb0960cdc1a45f9b962f36d51f18f5dd21,,,,,,State Bank of India (SBI),corp.onlinesbi.sbi,0.0,Low,0.0,0.8921,0,False,False,0.0,-1,0.0,-1,0.0,-1,0.0,-1,False,False,False,False,False,,
run_20260409T090716Z,2026-04-09T09:08:23+00:00,PS-02_AIGR-S66270_NCIIPC_28_02_2026.xlsx,PS-02_AIGR-S66270_NCIIPC_28_02_2026.xlsx,https://onlinedoit.com,https://onlinedoit.com,,onlinedoit.com,onlinedoit.com,exact,failed,not_attempted,navigation_transient_browser_error,"BrowserContext.new_page: Target page, context or browser has been closed",,,,7bd15bd8674fc3d66bc78ecdfb05a5ad863ff469183fc23bd5c4c2d7d0a533f0,,,,,,State Bank of India (SBI),corp.onlinesbi.sbi,0.0,Low,0.0,0.8956,0,False,False,0.0,-1,0.0,-1,0.0,-1,0.0,-1,False,False,False,False,False,,
run_20260409T090716Z,2026-04-09T09:08:23+00:00,PS-02_AIGR-S66270_NCIIPC_28_02_2026.xlsx,PS-02_AIGR-S66270_NCIIPC_28_02_2026.xlsx,https://homeagaingoods.com,https://homeagaingoods.com,,homeagaingoods.com,homeagaingoods.com,exact,failed,not_attempted,navigation_transient_browser_error,"BrowserContext.new_page: Target page, context or browser has been closed",,,,8e74449e645ba989130c5879ed9b23df1c3e82826c16cd17047586be5f0dcfed,,,,,,State Bank of India (SBI),homeloans.sbi,0.0,Low,0.0,0.8671,0,False,False,0.0,-1,0.0,-1,0.0,-1,0.0,-1,False,False,False,False,False,,
run_20260409T090716Z,2026-04-09T09:08:23+00:00,PS-02_AIGR-S66270_NCIIPC_28_02_2026.xlsx,PS-02_AIGR-S66270_NCIIPC_28_02_2026.xlsx,https://canadafc.ca,https://canadafc.ca,,canadafc.ca,canadafc.ca,exact,failed,not_attempted,navigation_transient_browser_error,"BrowserContext.new_page: Target page, context or browser has been closed",,,,14ae06bf731a62dc0b2890e9d27749030568eef67e1fce3f19209be30fb8f8a8,,,,,,Canara Bank,canararobeco.com,0.0,Low,0.0,0.85,0,False,False,0.0,-1,0.0,-1,0.0,-1,0.0,-1,False,False,False,False,False,,
run_20260409T090716Z,2026-04-09T09:08:23+00:00,PS-02_AIGR-S66270_NCIIPC_28_02_2026.xlsx,PS-02_AIGR-S66270_NCIIPC_28_02_2026.xlsx,https://casino31.click,https://casino31.click,,casino31.click,casino31.click,exact,failed,not_attempted,navigation_transient_browser_error,"BrowserContext.new_page: Target page, context or browser has been closed",,,,c41db3a3c4e39cccf570dde57de45d5e2a7b60897afd282ddc16a6042108f352,,,,,,Computer Age Management Services Ltd. (CAMS),camsonline.com,0.0,Low,0.0,0.88,0,False,False,0.0,-1,0.0,-1,0.0,-1,0.0,-1,False,False,False,False,False,,
run_20260409T090716Z,2026-04-09T09:08:23+00:00,PS-02_AIGR-S66270_NCIIPC_28_02_2026.xlsx,PS-02_AIGR-S66270_NCIIPC_28_02_2026.xlsx,https://casino1.site,https://casino1.site,,casino1.site,casino1.site,exact,failed,not_attempted,navigation_transient_browser_error,"BrowserContext.new_page: Target page, context or browser has been closed",,,,3329d4dd3ca127edcfa9c25a294e2b9d1667f0d91f8162461244702610644502,,,,,,Computer Age Management Services Ltd. (CAMS),camsonline.com,0.0,Low,0.0,0.8819,0,False,False,0.0,-1,0.0,-1,0.0,-1,0.0,-1,False,False,False,False,False,,
run_20260409T090716Z,2026-04-09T09:08:24+00:00,PS-02_AIGR-S66270_NCIIPC_28_02_2026.xlsx,PS-02_AIGR-S66270_NCIIPC_28_02_2026.xlsx,https://onlinebizsolutions.online,https://onlinebizsolutions.online,,onlinebizsolutions.online,onlinebizsolutions.online,exact,failed,not_attempted,navigation_transient_browser_error,"BrowserContext.new_page: Target page, context or browser has been closed",,,,a9f92854b1951a966220fdaf173523e2f08f329d079c940ee39246b8ad1c9bcc,,,,,,State Bank of India (SBI),corp.onlinesbi.sbi,0.0,Low,0.0,0.8778,0,False,False,0.0,-1,0.0,-1,0.0,-1,0.0,-1,False,False,False,False,False,,
run_20260409T090716Z,2026-04-09T09:08:24+00:00,PS-02_AIGR-S66270_NCIIPC_28_02_2026.xlsx,PS-02_AIGR-S66270_NCIIPC_28_02_2026.xlsx,https://onlinetraining.solutions,https://onlinetraining.solutions,,onlinetraining.solutions,onlinetraining.solutions,exact,failed,not_attempted,navigation_transient_browser_error,"BrowserContext.new_page: Target page, context or browser has been closed",,,,fdcd6ce0b0d3510263da105745a05125138b7f7891e95f6a14ed1d255118cab2,,,,,,State Bank of India (SBI),corp.onlinesbi.sbi,0.0,Low,0.0,0.8556,0,False,False,0.0,-1,0.0,-1,0.0,-1,0.0,-1,False,False,False,False,False,,
run_20260409T090716Z,2026-04-09T09:08:24+00:00,PS-02_AIGR-S66270_NCIIPC_28_02_2026.xlsx,PS-02_AIGR-S66270_NCIIPC_28_02_2026.xlsx,https://arteluz.com.mx,https://arteluz.com.mx,,arteluz.com.mx,arteluz.com.mx,exact,failed,not_attempted,navigation_transient_browser_error,"BrowserContext.new_page: Target page, context or browser has been closed",,,,fea3c5cca8b5d1b9b2474440ec70f8c4e61302ca006e77f85bd7ad1cd7cfd8e4,,,,,,Airtel,airtel.in,0.0,Low,0.0,0.8643,0,False,False,0.0,-1,0.0,-1,0.0,-1,0.0,-1,False,False,False,False,False,,
run_20260409T090716Z,2026-04-09T09:08:24+00:00,PS-02_AIGR-S66270_NCIIPC_28_02_2026.xlsx,PS-02_AIGR-S66270_NCIIPC_28_02_2026.xlsx,https://parvatai.com,https://parvatai.com,,parvatai.com,parvatai.com,exact,failed,not_attempted,navigation_transient_browser_error,"BrowserContext.new_page: Target page, context or browser has been closed",,,,f4363a9a43f680332a18d018ba5fede870455681e04c93c965596be4818dc2b5,,,,,,parivahan sewa,parivahan.gov.in,0.0,Low,0.0,0.8639,0,False,False,0.0,-1,0.0,-1,0.0,-1,0.0,-1,False,False,False,False,False,,
run_20260409T090716Z,2026-04-09T09:08:24+00:00,PS-02_AIGR-S66270_NCIIPC_28_02_2026.xlsx,PS-02_AIGR-S66270_NCIIPC_28_02_2026.xlsx,https://online-support.name.ng,https://online-support.name.ng,,online-support.name.ng,online-support.name.ng,exact,failed,not_attempted,navigation_transient_browser_error,"BrowserContext.new_page: Target page, context or browser has been closed",,,,f8419c75852430719631f9da5bbfd17d2293df1bae8d20b7e5242a3253ef2736,,,,,,State Bank of India (SBI),corp.onlinesbi.sbi,0.0,Low,0.0,0.8556,0,False,False,0.0,-1,0.0,-1,0.0,-1,0.0,-1,False,False,False,False,False,,
run_20260409T090716Z,2026-04-09T09:08:24+00:00,PS-02_AIGR-S66270_NCIIPC_28_02_2026.xlsx,PS-02_AIGR-S66270_NCIIPC_28_02_2026.xlsx,https://airealtor.pro,https://airealtor.pro,,airealtor.pro,airealtor.pro,exact,failed,not_attempted,navigation_transient_browser_error,"BrowserContext.new_page: Target page, context or browser has been closed",,,,204cd6fd00e3656b7f912dcf572dceab30f882e31294ee93674ec322899e5c69,,,,,,Airtel,airtel.in,0.0,Low,0.0,0.8833,0,False,False,0.0,-1,0.0,-1,0.0,-1,0.0,-1,False,False,False,False,False,,
run_20260409T090716Z,2026-04-09T09:08:24+00:00,PS-02_AIGR-S66270_NCIIPC_28_02_2026.xlsx,PS-02_AIGR-S66270_NCIIPC_28_02_2026.xlsx,https://scwonline.online,https://scwonline.online,,scwonline.online,scwonline.online,exact,failed,not_attempted,navigation_transient_browser_error,"BrowserContext.new_page: Target page, context or browser has been closed",,,,87db1221707405ad3dbe9c0538ffc2c696635c5be58006ace8ab41a5af629c9d,,,,,,Computer Age Management Services Ltd. (CAMS),camsonline.com,0.0,Low,0.0,0.8546,0,False,False,0.0,-1,0.0,-1,0.0,-1,0.0,-1,False,False,False,False,False,,
run_20260409T090716Z,2026-04-09T09:08:24+00:00,PS-02_AIGR-S66270_NCIIPC_28_02_2026.xlsx,PS-02_AIGR-S66270_NCIIPC_28_02_2026.xlsx,https://axisground.com,https://axisground.com,,axisground.com,axisground.com,exact,failed,not_attempted,navigation_transient_browser_error,"BrowserContext.new_page: Target page, context or browser has been closed",,,,02791957ce1ba6959f9a203fdad652cb810b9adf4bb0d2dcb54b4c0ff36f7b61,,,,,,Axis Bank,axismf.com,0.0,Low,0.0,0.6889,0,False,False,0.0,-1,0.0,-1,0.0,-1,0.0,-1,False,False,False,False,False,,
run_20260409T090716Z,2026-04-09T09:08:24+00:00,PS-02_AIGR-S66270_NCIIPC_28_02_2026.xlsx,PS-02_AIGR-S66270_NCIIPC_28_02_2026.xlsx,https://online-school-bezdvoek.ru,https://online-school-bezdvoek.ru,,online-school-bezdvoek.ru,online-school-bezdvoek.ru,exact,failed,not_attempted,navigation_transient_browser_error,"BrowserContext.new_page: Target page, context or browser has been closed",,,,5a7ab2830b6dde2c8d6fc45126472892babdfd7733b011c81376a28ca67835d0,,,,,,State Bank of India (SBI),corp.onlinesbi.sbi,0.0,Low,0.0,0.8505,0,False,False,0.0,-1,0.0,-1,0.0,-1,0.0,-1,False,False,False,False,False,,
run_20260409T090716Z,2026-04-09T09:08:24+00:00,PS-02_AIGR-S66270_NCIIPC_28_02_2026.xlsx,PS-02_AIGR-S66270_NCIIPC_28_02_2026.xlsx,https://homefusioncraft.com,https://homefusioncraft.com,,homefusioncraft.com,homefusioncraft.com,exact,failed,not_attempted,navigation_transient_browser_error,"BrowserContext.new_page: Target page, context or browser has been closed",,,,67090636e96756146a0519616f6a840d6ea6948369b43ab9df32613db95f125e,,,,,,State Bank of India (SBI),homeloans.sbi,0.0,Low,0.0,0.8594,0,False,False,0.0,-1,0.0,-1,0.0,-1,0.0,-1,False,False,False,False,False,,
run_20260409T090716Z,2026-04-09T09:08:24+00:00,PS-02_AIGR-S66270_NCIIPC_28_02_2026.xlsx,PS-02_AIGR-S66270_NCIIPC_28_02_2026.xlsx,https://onlineserviskayit.com,https://onlineserviskayit.com,,onlineserviskayit.com,onlineserviskayit.com,exact,failed,not_attempted,navigation_transient_browser_error,"BrowserContext.new_page: Target page, context or browser has been closed",,,,5f376e62580039bbbc965473d30aa0bef2e7d43dbad4bd704f43b5d18f98ecfc,,,,,,State Bank of India (SBI),corp.onlinesbi.sbi,0.0,Low,0.0,0.8719,0,False,False,0.0,-1,0.0,-1,0.0,-1,0.0,-1,False,False,False,False,False,,
run_20260409T090716Z,2026-04-09T09:08:24+00:00,PS-02_AIGR-S66270_NCIIPC_28_02_2026.xlsx,PS-02_AIGR-S66270_NCIIPC_28_02_2026.xlsx,http://aise.digital,http://aise.digital,,aise.digital,aise.digital,exact,failed,not_attempted,navigation_transient_browser_error,"BrowserContext.new_page: Target page, context or browser has been closed",,,,90d1a3ee83b9f816e040266b842eb13c5085be518ddc34ee5d447aa78eea176c,,,,,,All India Institute of Medical Sciences (AIIMS),aiimsexams.ac.in,0.0,Low,0.0,0.84,0,False,False,0.0,-1,0.0,-1,0.0,-1,0.0,-1,False,False,False,False,False,,
run_20260409T090716Z,2026-04-09T09:08:24+00:00,PS-02_AIGR-S66270_NCIIPC_28_02_2026.xlsx,PS-02_AIGR-S66270_NCIIPC_28_02_2026.xlsx,https://homelabidiomas.com.br,https://homelabidiomas.com.br,,homelabidiomas.com.br,homelabidiomas.com.br,exact,failed,not_attempted,navigation_transient_browser_error,"BrowserContext.new_page: Target page, context or browser has been closed",,,,779bc94edd74458912e9a835654b901290612e17e7ba18a451acbc8b4e01b19c,,,,,,State Bank of India (SBI),homeloans.sbi,0.0,Low,0.0,0.8671,0,False,False,0.0,-1,0.0,-1,0.0,-1,0.0,-1,False,False,False,False,False,,
run_20260409T090716Z,2026-04-09T09:08:24+00:00,PS-02_AIGR-S66270_NCIIPC_28_02_2026.xlsx,PS-02_AIGR-S66270_NCIIPC_28_02_2026.xlsx,http://moodcloud.org,http://moodcloud.org,,moodcloud.org,moodcloud.org,exact,failed,not_attempted,navigation_transient_browser_error,"BrowserContext.new_page: Target page, context or browser has been closed",,,,2f8a7f6f9b9b0ddfc8789063332f05d370cf4f3776dc645085a4a55b740a66b3,,,,,,National Informatics Centre (NIC),accounts.mgovcloud.in,0.0,Low,0.0,0.8667,0,False,False,0.0,-1,0.0,-1,0.0,-1,0.0,-1,False,False,False,False,False,,
run_20260409T090716Z,2026-04-09T09:08:24+00:00,PS-02_AIGR-S66270_NCIIPC_28_02_2026.xlsx,PS-02_AIGR-S66270_NCIIPC_28_02_2026.xlsx,https://krantech.com.tr,https://krantech.com.tr,,krantech.com.tr,krantech.com.tr,exact,failed,not_attempted,navigation_transient_browser_error,"BrowserContext.new_page: Target page, context or browser has been closed",,,,b37214e60cd9b9260e6240ef697c3890bba10de68798a57b241e71d5a3a0c2b9,,,,,,Kfintech,kfintech.com,0.0,Low,0.0,0.85,0,False,False,0.0,-1,0.0,-1,0.0,-1,0.0,-1,False,False,False,False,False,,
run_20260409T090716Z,2026-04-09T09:08:24+00:00,PS-02_AIGR-S66270_NCIIPC_28_02_2026.xlsx,PS-02_AIGR-S66270_NCIIPC_28_02_2026.xlsx,https://airshield.tech,https://airshield.tech,,airshield.tech,airshield.tech,exact,failed,not_attempted,navigation_transient_browser_error,"BrowserContext.new_page: Target page, context or browser has been closed",,,,366e9fc6cf906af17c596394860dd91d6127dbcb0885376931e74927eed3de7b,,,,,,Airtel,airtel.in,0.0,Low,0.0,0.8574,0,False,False,0.0,-1,0.0,-1,0.0,-1,0.0,-1,False,False,False,False,False,,
run_20260409T090716Z,2026-04-09T09:08:24+00:00,PS-02_AIGR-S66270_NCIIPC_28_02_2026.xlsx,PS-02_AIGR-S66270_NCIIPC_28_02_2026.xlsx,https://homerun.site,https://homerun.site,,homerun.site,homerun.site,exact,failed,not_attempted,navigation_transient_browser_error,"BrowserContext.new_page: Target page, context or browser has been closed",,,,4073415a2e5cfbc71319e39f5814c2155c4bb136c55165907ee0995e6306cd86,,,,,,State Bank of India (SBI),homeloans.sbi,0.0,Low,0.0,0.854,0,False,False,0.0,-1,0.0,-1,0.0,-1,0.0,-1,False,False,False,False,False,,
run_20260409T090716Z,2026-04-09T09:08:24+00:00,PS-02_AIGR-S66270_NCIIPC_28_02_2026.xlsx,PS-02_AIGR-S66270_NCIIPC_28_02_2026.xlsx,https://homoni.ai,https://homoni.ai,,homoni.ai,homoni.ai,exact,failed,not_attempted,navigation_transient_browser_error,"BrowserContext.new_page: Target page, context or browser has been closed",,,,d6566c8c7b0102652aa7ad2988dba3beb025191bf1f453bb8cb9958d067cd8f1,,,,,,State Bank of India (SBI),homeloans.sbi,0.0,Low,0.0,0.8574,0,False,False,0.0,-1,0.0,-1,0.0,-1,0.0,-1,False,False,False,False,False,,
run_20260409T090716Z,2026-04-09T09:08:24+00:00,PS-02_AIGR-S66270_NCIIPC_28_02_2026.xlsx,PS-02_AIGR-S66270_NCIIPC_28_02_2026.xlsx,https://rebick.cloud,https://rebick.cloud,,rebick.cloud,rebick.cloud,exact,failed,not_attempted,navigation_transient_browser_error,"BrowserContext.new_page: Target page, context or browser has been closed",,,,0bdb4bce2a1d0fa58722bec4772a329287140c3c692776128d8e3bf8982b5d16,,,,,,Reserve Bank of India (RBI),rbi.org.in,0.0,Low,0.0,0.85,0,False,False,0.0,-1,0.0,-1,0.0,-1,0.0,-1,False,False,False,False,False,,
run_20260409T090716Z,2026-04-09T09:08:24+00:00,PS-02_AIGR-S66270_NCIIPC_28_02_2026.xlsx,PS-02_AIGR-S66270_NCIIPC_28_02_2026.xlsx,https://indusiot.cloud,https://indusiot.cloud,,indusiot.cloud,indusiot.cloud,exact,failed,not_attempted,navigation_transient_browser_error,"BrowserContext.new_page: Target page, context or browser has been closed",,,,a18e668a12d0203fce8da6f02b5bb972222557288e9872e765b5988936ab10bd,,,,,,"Unique Identification Authority of India (UIDAI)
",uidai.gov.in,0.0,Low,0.0,0.6833,0,False,False,0.0,-1,0.0,-1,0.0,-1,0.0,-1,False,False,False,False,False,,
run_20260409T090716Z,2026-04-09T09:08:24+00:00,PS-02_AIGR-S66270_NCIIPC_28_02_2026.xlsx,PS-02_AIGR-S66270_NCIIPC_28_02_2026.xlsx,https://home-loans-usa.xyz,https://home-loans-usa.xyz,,home-loans-usa.xyz,home-loans-usa.xyz,exact,failed,not_attempted,navigation_transient_browser_error,"BrowserContext.new_page: Target page, context or browser has been closed",,,,5197935bc52dc87236d0ab7e3bbeb23edcc844a66412f153af17085a9078a2b9,,,,,,State Bank of India (SBI),homeloans.sbi,0.0,Low,0.0,0.9286,0,False,False,0.0,-1,0.0,-1,0.0,-1,0.0,-1,False,False,False,False,False,,
run_20260409T090716Z,2026-04-09T09:08:24+00:00,PS-02_AIGR-S66270_NCIIPC_28_02_2026.xlsx,PS-02_AIGR-S66270_NCIIPC_28_02_2026.xlsx,https://homerlegal.club,https://homerlegal.club,,homerlegal.club,homerlegal.club,exact,failed,not_attempted,navigation_transient_browser_error,"BrowserContext.new_page: Target page, context or browser has been closed",,,,01738f844fa46b5859d843ab4d1d0004fc4d9a02d93c9f5e2b5dc1f32666959c,,,,,,State Bank of India (SBI),homeloans.sbi,0.0,Low,0.0,0.8533,0,False,False,0.0,-1,0.0,-1,0.0,-1,0.0,-1,False,False,False,False,False,,
run_20260409T090716Z,2026-04-09T09:08:24+00:00,PS-02_AIGR-S66270_NCIIPC_28_02_2026.xlsx,PS-02_AIGR-S66270_NCIIPC_28_02_2026.xlsx,https://hotelians.xyz,https://hotelians.xyz,,hotelians.xyz,hotelians.xyz,exact,failed,not_attempted,navigation_transient_browser_error,"BrowserContext.new_page: Target page, context or browser has been closed",,,,4e60a232d9226c5bfd579e16c309ad39e1db19043ebe15a26cc3dddab8e5b4f0,,,,,,State Bank of India (SBI),homeloans.sbi,0.0,Low,0.0,0.8815,0,False,False,0.0,-1,0.0,-1,0.0,-1,0.0,-1,False,False,False,False,False,,
run_20260409T090716Z,2026-04-09T09:08:24+00:00,PS-02_AIGR-S66270_NCIIPC_28_02_2026.xlsx,PS-02_AIGR-S66270_NCIIPC_28_02_2026.xlsx,https://onlinegrup.net,https://onlinegrup.net,,onlinegrup.net,onlinegrup.net,exact,failed,not_attempted,navigation_transient_browser_error,"BrowserContext.new_page: Target page, context or browser has been closed",,,,2fbd8c85a1828b9c9d7415b124e8014dab1e637c1551921645735a3907afc602,,,,,,State Bank of India (SBI),corp.onlinesbi.sbi,0.0,Low,0.0,0.8533,0,False,False,0.0,-1,0.0,-1,0.0,-1,0.0,-1,False,False,False,False,False,,
run_20260409T090716Z,2026-04-09T09:08:24+00:00,PS-02_AIGR-S66270_NCIIPC_28_02_2026.xlsx,PS-02_AIGR-S66270_NCIIPC_28_02_2026.xlsx,http://homeease.work,http://homeease.work,,homeease.work,homeease.work,exact,failed,not_attempted,navigation_transient_browser_error,"BrowserContext.new_page: Target page, context or browser has been closed",,,,3995d3c03ea1fb04d594e1be54c4ce50a6d1bd9c71faebb94ef2cd91d197f08f,,,,,,State Bank of India (SBI),homeloans.sbi,0.0,Low,0.0,0.8833,0,False,False,0.0,-1,0.0,-1,0.0,-1,0.0,-1,False,False,False,False,False,,
run_20260409T090716Z,2026-04-09T09:08:24+00:00,PS-02_AIGR-S66270_NCIIPC_28_02_2026.xlsx,PS-02_AIGR-S66270_NCIIPC_28_02_2026.xlsx,https://sbidf.com,https://sbidf.com,,sbidf.com,sbidf.com,exact,failed,not_attempted,navigation_transient_browser_error,"BrowserContext.new_page: Target page, context or browser has been closed",,,,60e5e17911eb889abe2e0c0bbd7854e9bc73668248993b48fc18ee7d5d42eee7,,,,,,State Bank of India (SBI),sbi.co.in,0.0,Low,0.0,0.9067,0,False,False,0.0,-1,0.0,-1,0.0,-1,0.0,-1,False,False,False,False,False,,
run_20260409T090716Z,2026-04-09T09:08:24+00:00,PS-02_AIGR-S66270_NCIIPC_28_02_2026.xlsx,PS-02_AIGR-S66270_NCIIPC_28_02_2026.xlsx,https://homemo.art,https://homemo.art,,homemo.art,homemo.art,exact,failed,not_attempted,navigation_transient_browser_error,"BrowserContext.new_page: Target page, context or browser has been closed",,,,be4b7a72dccc497c6af42e5db2309b0dccd363d80cfb68c3bcc92f1ce7da0622,,,,,,State Bank of India (SBI),homeloans.sbi,0.0,Low,0.0,0.8778,0,False,False,0.0,-1,0.0,-1,0.0,-1,0.0,-1,False,False,False,False,False,,
run_20260409T090716Z,2026-04-09T09:08:24+00:00,PS-02_AIGR-S66270_NCIIPC_28_02_2026.xlsx,PS-02_AIGR-S66270_NCIIPC_28_02_2026.xlsx,http://online.mba,http://online.mba,,online.mba,online.mba,exact,failed,not_attempted,navigation_transient_browser_error,"BrowserContext.new_page: Target page, context or browser has been closed",,,,796b7d9912bd2cb622b86441b45013207bbfeb2c02229c92d57fce7287002ed8,,,,,,State Bank of India (SBI),corp.onlinesbi.sbi,0.0,Low,0.0,0.9333,0,False,False,0.0,-1,0.0,-1,0.0,-1,0.0,-1,False,False,False,False,False,,
run_20260409T090716Z,2026-04-09T09:08:24+00:00,PS-02_AIGR-S66270_NCIIPC_28_02_2026.xlsx,PS-02_AIGR-S66270_NCIIPC_28_02_2026.xlsx,https://ecois.org,https://ecois.org,,ecois.org,ecois.org,exact,failed,not_attempted,navigation_transient_browser_error,"BrowserContext.new_page: Target page, context or browser has been closed",,,,02ba2d550bdc0e3c17f170c67a23cc27ad82c1d2fc77724211275409ad6133d4,,,,,,Election Commision of India (ECI),eci.gov.in,0.0,Low,0.0,0.8933,0,False,False,0.0,-1,0.0,-1,0.0,-1,0.0,-1,False,False,False,False,False,,
run_20260409T090716Z,2026-04-09T09:08:24+00:00,PS-02_AIGR-S66270_NCIIPC_28_02_2026.xlsx,PS-02_AIGR-S66270_NCIIPC_28_02_2026.xlsx,http://axiomstudio.dk,http://axiomstudio.dk,,axiomstudio.dk,axiomstudio.dk,exact,failed,not_attempted,navigation_transient_browser_error,"BrowserContext.new_page: Target page, context or browser has been closed",,,,07c1cbf4477ff5400f0ec7090652a6d7ec4110f370369ae30a9b38a5516d637a,,,,,,All India Institute of Medical Sciences (AIIMS),aiims.edu,0.0,Low,0.0,0.7491,0,False,False,0.0,-1,0.0,-1,0.0,-1,0.0,-1,False,False,False,False,False,,
run_20260409T090716Z,2026-04-09T09:08:24+00:00,PS-02_AIGR-S66270_NCIIPC_28_02_2026.xlsx,PS-02_AIGR-S66270_NCIIPC_28_02_2026.xlsx,https://airixin.com,https://airixin.com,,airixin.com,airixin.com,exact,failed,not_attempted,navigation_transient_browser_error,"BrowserContext.new_page: Target page, context or browser has been closed",,,,4cae0d1c22b11c53ca124a0fd725cd8c49cbd31554bef3f07f5c48dee8eecd3d,,,,,,Air India,airindiaexpress.com,0.0,Low,0.0,0.8648,0,False,False,0.0,-1,0.0,-1,0.0,-1,0.0,-1,False,False,False,False,False,,
run_20260409T090716Z,2026-04-09T09:08:24+00:00,PS-02_AIGR-S66270_NCIIPC_28_02_2026.xlsx,PS-02_AIGR-S66270_NCIIPC_28_02_2026.xlsx,https://homenso.in,https://homenso.in,,homenso.in,homenso.in,exact,failed,not_attempted,navigation_transient_browser_error,"BrowserContext.new_page: Target page, context or browser has been closed",,,,d919c63a128c93be0c368bcb2f35acbc5457f88940e14e090029102a8f975caa,,,,,,State Bank of India (SBI),homeloans.sbi,0.0,Low,0.0,0.927,0,False,False,0.0,-1,0.0,-1,0.0,-1,0.0,-1,False,False,False,False,False,,
run_20260409T090716Z,2026-04-09T09:08:24+00:00,PS-02_AIGR-S66270_NCIIPC_28_02_2026.xlsx,PS-02_AIGR-S66270_NCIIPC_28_02_2026.xlsx,https://rebiar.com,https://rebiar.com,,rebiar.com,rebiar.com,exact,failed,not_attempted,navigation_transient_browser_error,"BrowserContext.new_page: Target page, context or browser has been closed",,,,17c552471647dc23f53fdb85d9628f80b16dfb3949f926aadc6cb378f59b1a83,,,,,,Reserve Bank of India (RBI),rbi.org.in,0.0,Low,0.0,0.85,0,False,False,0.0,-1,0.0,-1,0.0,-1,0.0,-1,False,False,False,False,False,,
run_20260409T090716Z,2026-04-09T09:08:24+00:00,PS-02_AIGR-S66270_NCIIPC_28_02_2026.xlsx,PS-02_AIGR-S66270_NCIIPC_28_02_2026.xlsx,https://homegirlva.com,https://homegirlva.com,,homegirlva.com,homegirlva.com,exact,failed,not_attempted,navigation_transient_browser_error,"BrowserContext.new_page: Target page, context or browser has been closed",,,,498f9a7a16d6bfa75c51187929c2afb26acc5515a03ee072926d17f27b7396a2,,,,,,State Bank of India (SBI),homeloans.sbi,0.0,Low,0.0,0.8533,0,False,False,0.0,-1,0.0,-1,0.0,-1,0.0,-1,False,False,False,False,False,,
run_20260409T090716Z,2026-04-09T09:08:24+00:00,PS-02_AIGR-S66270_NCIIPC_28_02_2026.xlsx,PS-02_AIGR-S66270_NCIIPC_28_02_2026.xlsx,https://onlineducacion.com,https://onlineducacion.com,,onlineducacion.com,onlineducacion.com,exact,failed,not_attempted,navigation_transient_browser_error,"BrowserContext.new_page: Target page, context or browser has been closed",,,,dff1f12c53839d1f7f4304184fba2f1fbc887d5e84187df892bf2abea8b2f90d,,,,,,State Bank of India (SBI),corp.onlinesbi.sbi,0.0,Low,0.0,0.8556,0,False,False,0.0,-1,0.0,-1,0.0,-1,0.0,-1,False,False,False,False,False,,
run_20260409T090716Z,2026-04-09T09:08:24+00:00,PS-02_AIGR-S66270_NCIIPC_28_02_2026.xlsx,PS-02_AIGR-S66270_NCIIPC_28_02_2026.xlsx,http://panuby.autos,http://panuby.autos,,panuby.autos,panuby.autos,exact,failed,not_attempted,navigation_transient_browser_error,"BrowserContext.new_page: Target page, context or browser has been closed",,,,7e1da27635e4fa1560d6ca3336c84dfe9da1ca2f9de4843bfffa22c757100572,,,,,,Punjab National Bank (PNB),pnbindia.in,0.0,Low,0.0,0.625,0,False,False,0.0,-1,0.0,-1,0.0,-1,0.0,-1,False,False,False,False,False,,
run_20260409T090716Z,2026-04-09T09:08:24+00:00,PS-02_AIGR-S66270_NCIIPC_28_02_2026.xlsx,PS-02_AIGR-S66270_NCIIPC_28_02_2026.xlsx,http://tirocl.lat,http://tirocl.lat,,tirocl.lat,tirocl.lat,exact,failed,not_attempted,navigation_transient_browser_error,"BrowserContext.new_page: Target page, context or browser has been closed",,,,7db99e239b18c19ce867c61865e88efc48470e49024ee3082717c175aa0edcf6,,,,,,Indian Oil Corporation Limited (IOCL),iocl.com,0.0,Low,0.0,0.8889,0,False,False,0.0,-1,0.0,-1,0.0,-1,0.0,-1,False,False,False,False,False,,
run_20260409T090716Z,2026-04-09T09:08:24+00:00,PS-02_AIGR-S66270_NCIIPC_28_02_2026.xlsx,PS-02_AIGR-S66270_NCIIPC_28_02_2026.xlsx,http://axisllm.com,http://axisllm.com,,axisllm.com,axisllm.com,exact,failed,not_attempted,navigation_transient_browser_error,"BrowserContext.new_page: Target page, context or browser has been closed",,,,1b9a26d8013d896c48c4c573b42f336d7da50407212c1b7b29e43da498c0ab88,,,,,,Axis Bank,axismf.com,0.0,Low,0.0,0.9095,0,False,False,0.0,-1,0.0,-1,0.0,-1,0.0,-1,False,False,False,False,False,,
run_20260409T090716Z,2026-04-09T09:08:24+00:00,PS-02_AIGR-S66270_NCIIPC_28_02_2026.xlsx,PS-02_AIGR-S66270_NCIIPC_28_02_2026.xlsx,http://rbieast.org,http://rbieast.org,,rbieast.org,rbieast.org,exact,failed,not_attempted,navigation_transient_browser_error,"BrowserContext.new_page: Target page, context or browser has been closed",,,,93dad9a43b78d2cc1967be3fa4f13e3377e5eea9d303c7fa8191d01c4a842c60,,,,,,Reserve Bank of India (RBI),rbi.org.in,0.0,Low,0.0,0.8667,0,False,False,0.0,-1,0.0,-1,0.0,-1,0.0,-1,False,False,False,False,False,,
run_20260409T090716Z,2026-04-09T09:08:24+00:00,PS-02_AIGR-S66270_NCIIPC_28_02_2026.xlsx,PS-02_AIGR-S66270_NCIIPC_28_02_2026.xlsx,https://axiostaging.com,https://axiostaging.com,,axiostaging.com,axiostaging.com,exact,failed,not_attempted,navigation_transient_browser_error,"BrowserContext.new_page: Target page, context or browser has been closed",,,,419a61084d8fb93a4f7bb8baa43be81402c5f13a94ef6eba50b8dbf06fd9ec81,,,,,,Axis Bank,axismaxlife.com,0.0,Low,0.0,0.697,0,False,False,0.0,-1,0.0,-1,0.0,-1,0.0,-1,False,False,False,False,False,,
run_20260409T090716Z,2026-04-09T09:08:24+00:00,PS-02_AIGR-S66270_NCIIPC_28_02_2026.xlsx,PS-02_AIGR-S66270_NCIIPC_28_02_2026.xlsx,https://canine.fit,https://canine.fit,,canine.fit,canine.fit,exact,failed,not_attempted,navigation_transient_browser_error,"BrowserContext.new_page: Target page, context or browser has been closed",,,,1e727c0ea268b52d08af211a370a65828794e10627fecc2b3a7d046bf5aaa41e,,,,,,Computer Age Management Services Ltd. (CAMS),camsonline.com,0.0,Low,0.0,0.8933,0,False,False,0.0,-1,0.0,-1,0.0,-1,0.0,-1,False,False,False,False,False,,
run_20260409T090716Z,2026-04-09T09:08:24+00:00,PS-02_AIGR-S66270_NCIIPC_28_02_2026.xlsx,PS-02_AIGR-S66270_NCIIPC_28_02_2026.xlsx,https://homedeal.cloud,https://homedeal.cloud,,homedeal.cloud,homedeal.cloud,exact,failed,not_attempted,navigation_transient_browser_error,"BrowserContext.new_page: Target page, context or browser has been closed",,,,2a5e5fd0312fdcb3b4fdc1e709ddc398d1b20e1100bb55b48313153fb2e9bbf7,,,,,,State Bank of India (SBI),homeloans.sbi,0.0,Low,0.0,0.85,0,False,False,0.0,-1,0.0,-1,0.0,-1,0.0,-1,False,False,False,False,False,,
run_20260409T090716Z,2026-04-09T09:08:24+00:00,PS-02_AIGR-S66270_NCIIPC_28_02_2026.xlsx,PS-02_AIGR-S66270_NCIIPC_28_02_2026.xlsx,https://stabilise.com.br,https://stabilise.com.br,,stabilise.com.br,stabilise.com.br,exact,failed,not_attempted,navigation_transient_browser_error,"BrowserContext.new_page: Target page, context or browser has been closed",,,,d2b01eca55ad545f714d96cf5fb6f5c000397b278e4b032a08515c37a7b67187,,,,,,State Bank of India (SBI),sbilife.co.in,0.0,Low,0.0,0.8571,0,False,False,0.0,-1,0.0,-1,0.0,-1,0.0,-1,False,False,False,False,False,,
run_20260409T090716Z,2026-04-09T09:08:24+00:00,PS-02_AIGR-S66270_NCIIPC_28_02_2026.xlsx,PS-02_AIGR-S66270_NCIIPC_28_02_2026.xlsx,http://onlinehoje.site,http://onlinehoje.site,,onlinehoje.site,onlinehoje.site,exact,failed,not_attempted,navigation_transient_browser_error,"BrowserContext.new_page: Target page, context or browser has been closed",,,,028c79766a69b56a1db6e63e140a7c3c027b4a50fc55e5c68b088cce016e38ad,,,,,,State Bank of India (SBI),corp.onlinesbi.sbi,0.0,Low,0.0,0.8533,0,False,False,0.0,-1,0.0,-1,0.0,-1,0.0,-1,False,False,False,False,False,,
run_20260409T090716Z,2026-04-09T09:08:24+00:00,PS-02_AIGR-S66270_NCIIPC_28_02_2026.xlsx,PS-02_AIGR-S66270_NCIIPC_28_02_2026.xlsx,https://axisdemo.digital,https://axisdemo.digital,,axisdemo.digital,axisdemo.digital,exact,failed,not_attempted,navigation_transient_browser_error,"BrowserContext.new_page: Target page, context or browser has been closed",,,,fd4c78f459d8d0195d0ccdd47f375ede8f6328c6d091c806eaac1de304b4ca33,,,,,,Axis Bank,axismf.com,0.0,Low,0.0,0.8917,0,False,False,0.0,-1,0.0,-1,0.0,-1,0.0,-1,False,False,False,False,False,,
run_20260409T090716Z,2026-04-09T09:08:24+00:00,PS-02_AIGR-S66270_NCIIPC_28_02_2026.xlsx,PS-02_AIGR-S66270_NCIIPC_28_02_2026.xlsx,https://home12345.top,https://home12345.top,,home12345.top,home12345.top,exact,failed,not_attempted,navigation_transient_browser_error,"BrowserContext.new_page: Target page, context or browser has been closed",,,,aaef9bc090453769c1be28c4497dda9198f3693fe13f62dd143ac1aa2b2dfacc,,,,,,State Bank of India (SBI),homeloans.sbi,0.0,Low,0.0,0.8667,0,False,False,0.0,-1,0.0,-1,0.0,-1,0.0,-1,False,False,False,False,False,,
run_20260409T090716Z,2026-04-09T09:08:24+00:00,PS-02_AIGR-S66270_NCIIPC_28_02_2026.xlsx,PS-02_AIGR-S66270_NCIIPC_28_02_2026.xlsx,https://homelandhub.org,https://homelandhub.org,,homelandhub.org,homelandhub.org,exact,failed,not_attempted,navigation_transient_browser_error,"BrowserContext.new_page: Target page, context or browser has been closed",,,,ce4fbb541888cf09c0268e5e2e289d4ad3b6c0fcce21cf83906c29912981216c,,,,,,State Bank of India (SBI),homeloans.sbi,0.0,Low,0.0,0.8828,0,False,False,0.0,-1,0.0,-1,0.0,-1,0.0,-1,False,False,False,False,False,,
run_20260409T090716Z,2026-04-09T09:08:24+00:00,PS-02_AIGR-S66270_NCIIPC_28_02_2026.xlsx,PS-02_AIGR-S66270_NCIIPC_28_02_2026.xlsx,https://homeheal-ms.com,https://homeheal-ms.com,,homeheal-ms.com,homeheal-ms.com,exact,failed,not_attempted,navigation_transient_browser_error,"BrowserContext.new_page: Target page, context or browser has been closed",,,,59765ee651b28c1901fc34d5589b51a90143de28d7e24ab17b99881c021ffc80,,,,,,State Bank of India (SBI),homeloans.sbi,0.0,Low,0.0,0.8543,0,False,False,0.0,-1,0.0,-1,0.0,-1,0.0,-1,False,False,False,False,False,,
run_20260409T090716Z,2026-04-09T09:08:24+00:00,PS-02_AIGR-S66270_NCIIPC_28_02_2026.xlsx,PS-02_AIGR-S66270_NCIIPC_28_02_2026.xlsx,https://canafora.in,https://canafora.in,,canafora.in,canafora.in,exact,failed,not_attempted,navigation_transient_browser_error,"BrowserContext.new_page: Target page, context or browser has been closed",,,,4cf71793f56ddbe767fd820228e27a794207909e7152ead933141bf4a54143bb,,,,,,Canara Bank,canararobeco.com,0.0,Low,0.0,0.8631,0,False,False,0.0,-1,0.0,-1,0.0,-1,0.0,-1,False,False,False,False,False,,
run_20260409T090716Z,2026-04-09T09:08:24+00:00,PS-02_AIGR-S66270_NCIIPC_28_02_2026.xlsx,PS-02_AIGR-S66270_NCIIPC_28_02_2026.xlsx,https://alexislv.com,https://alexislv.com,,alexislv.com,alexislv.com,exact,failed,not_attempted,navigation_transient_browser_error,"BrowserContext.new_page: Target page, context or browser has been closed",,,,9626bab446edb20b460ccdbd0c11c7fcd19440d784957388c686fed992a4c3f3,,,,,,Axis Bank,axismf.com,0.0,Low,0.0,0.75,0,False,False,0.0,-1,0.0,-1,0.0,-1,0.0,-1,False,False,False,False,False,,
run_20260409T090716Z,2026-04-09T09:08:24+00:00,PS-02_AIGR-S66270_NCIIPC_28_02_2026.xlsx,PS-02_AIGR-S66270_NCIIPC_28_02_2026.xlsx,https://aiqte.ch,https://aiqte.ch,,aiqte.ch,aiqte.ch,exact,failed,not_attempted,navigation_transient_browser_error,"BrowserContext.new_page: Target page, context or browser has been closed",,,,3a10e1235a2449e8f073e3705edd9e07a558fc51c2aec8bc53f3b3562b48b401,,,,,,Airtel,airtel.in,0.0,Low,0.0,0.8578,0,False,False,0.0,-1,0.0,-1,0.0,-1,0.0,-1,False,False,False,False,False,,
run_20260409T090716Z,2026-04-09T09:08:24+00:00,PS-02_AIGR-S66270_NCIIPC_28_02_2026.xlsx,PS-02_AIGR-S66270_NCIIPC_28_02_2026.xlsx,https://junior.so,https://junior.so,,junior.so,junior.so,exact,failed,not_attempted,navigation_transient_browser_error,"BrowserContext.new_page: Target page, context or browser has been closed",,,,aa695baadf72e113d4d9fe80384839a9224c8ebf5e112511e3154462d5421a8d,,,,,,Jio,jio.com,0.0,Low,0.0,0.85,0,False,False,0.0,-1,0.0,-1,0.0,-1,0.0,-1,False,False,False,False,False,,
run_20260409T090716Z,2026-04-09T09:08:24+00:00,PS-02_AIGR-S66270_NCIIPC_28_02_2026.xlsx,PS-02_AIGR-S66270_NCIIPC_28_02_2026.xlsx,https://myvpnchick1.fun,https://myvpnchick1.fun,,myvpnchick1.fun,myvpnchick1.fun,exact,failed,not_attempted,navigation_transient_browser_error,"BrowserContext.new_page: Target page, context or browser has been closed",,,,56ea1bb5a2694029c54ff9b29a4b72b9add7b84e4c28896df8069e95b75747b1,,,,,,Vodafone Idea (VI),myvi.in,0.0,Low,0.0,0.8515,0,False,False,0.0,-1,0.0,-1,0.0,-1,0.0,-1,False,False,False,False,False,,
run_20260409T090716Z,2026-04-09T09:08:24+00:00,PS-02_AIGR-S66270_NCIIPC_28_02_2026.xlsx,PS-02_AIGR-S66270_NCIIPC_28_02_2026.xlsx,https://axiestore.com,https://axiestore.com,,axiestore.com,axiestore.com,exact,failed,not_attempted,navigation_transient_browser_error,"BrowserContext.new_page: Target page, context or browser has been closed",,,,a7b49727784858c81b73ff813bec9acb5090b7cc390eabafe8fd0be1baba48c9,,,,,,Axis Bank,axismf.com,0.0,Low,0.0,0.7926,0,False,False,0.0,-1,0.0,-1,0.0,-1,0.0,-1,False,False,False,False,False,,
run_20260409T090716Z,2026-04-09T09:08:24+00:00,PS-02_AIGR-S66270_NCIIPC_28_02_2026.xlsx,PS-02_AIGR-S66270_NCIIPC_28_02_2026.xlsx,https://wrbil.biz,https://wrbil.biz,,wrbil.biz,wrbil.biz,exact,failed,not_attempted,navigation_transient_browser_error,"BrowserContext.new_page: Target page, context or browser has been closed",,,,581123b660a50fb4662ac47d8cd28c888d3bd11eb17fdf963fc377401ac22392,,,,,,Reserve Bank of India (RBI),rbi.org.in,0.0,Low,0.0,0.8667,0,False,False,0.0,-1,0.0,-1,0.0,-1,0.0,-1,False,False,False,False,False,,
run_20260409T090716Z,2026-04-09T09:08:24+00:00,PS-02_AIGR-S66270_NCIIPC_28_02_2026.xlsx,PS-02_AIGR-S66270_NCIIPC_28_02_2026.xlsx,http://sobrio.net,http://sobrio.net,,sobrio.net,sobrio.net,exact,failed,not_attempted,navigation_transient_browser_error,"BrowserContext.new_page: Target page, context or browser has been closed",,,,8602981aba296f4dc5b7593d3e46b2195e0952905eafb0bfd0f1ec916fd48a40,,,,,,State Bank of India (SBI),sbi.co.in,0.0,Low,0.0,0.85,0,False,False,0.0,-1,0.0,-1,0.0,-1,0.0,-1,False,False,False,False,False,,
run_20260409T090716Z,2026-04-09T09:08:24+00:00,PS-02_AIGR-S66270_NCIIPC_28_02_2026.xlsx,PS-02_AIGR-S66270_NCIIPC_28_02_2026.xlsx,https://2cloud.pw,https://2cloud.pw,,2cloud.pw,2cloud.pw,exact,failed,not_attempted,navigation_transient_browser_error,"BrowserContext.new_page: Target page, context or browser has been closed",,,,76da79528019d7b6f0aab16804d77c97a948933c68adf6191909ac8a0addac18,,,,,,National Informatics Centre (NIC),cloud.gov.in,0.0,Low,0.0,0.9444,0,False,False,0.0,-1,0.0,-1,0.0,-1,0.0,-1,False,False,False,False,False,,
run_20260409T090716Z,2026-04-09T09:08:24+00:00,PS-02_AIGR-S66270_NCIIPC_28_02_2026.xlsx,PS-02_AIGR-S66270_NCIIPC_28_02_2026.xlsx,https://indian.wine,https://indian.wine,,indian.wine,indian.wine,exact,failed,not_attempted,navigation_transient_browser_error,"BrowserContext.new_page: Target page, context or browser has been closed",,,,bcda678ddc10fe976a3f7427af17aa97edb31932c67ce456631f441a33fb86c7,,,,,,Indian Space Research Organisation (ISRO),indiascienceandtechnology.gov.in,0.0,Low,0.0,0.848,0,False,False,0.0,-1,0.0,-1,0.0,-1,0.0,-1,False,False,False,False,False,,
run_20260409T090716Z,2026-04-09T09:08:24+00:00,PS-02_AIGR-S66270_NCIIPC_28_02_2026.xlsx,PS-02_AIGR-S66270_NCIIPC_28_02_2026.xlsx,https://online-sj.com,https://online-sj.com,,online-sj.com,online-sj.com,exact,failed,not_attempted,navigation_transient_browser_error,"BrowserContext.new_page: Target page, context or browser has been closed",,,,239ffe6e1313cbee380b6a0b0c97515dece04cfe54f6335c278c4c56e05c0217,,,,,,State Bank of India (SBI),corp.onlinesbi.sbi,0.0,Low,0.0,0.9111,0,False,False,0.0,-1,0.0,-1,0.0,-1,0.0,-1,False,False,False,False,False,,
run_20260409T090716Z,2026-04-09T09:08:24+00:00,PS-02_AIGR-S66270_NCIIPC_28_02_2026.xlsx,PS-02_AIGR-S66270_NCIIPC_28_02_2026.xlsx,https://axios.money,https://axios.money,,axios.money,axios.money,exact,failed,not_attempted,navigation_transient_browser_error,"BrowserContext.new_page: Target page, context or browser has been closed",,,,6e61c057390053feeb3aea415ae02c254222a00687fe7168ffa4e32125064740,,,,,,Axis Bank,axismf.com,0.0,Low,0.0,0.8756,0,False,False,0.0,-1,0.0,-1,0.0,-1,0.0,-1,False,False,False,False,False,,
run_20260409T090716Z,2026-04-09T09:08:24+00:00,PS-02_AIGR-S66270_NCIIPC_28_02_2026.xlsx,PS-02_AIGR-S66270_NCIIPC_28_02_2026.xlsx,https://axissalonspa.cyou,https://axissalonspa.cyou,,axissalonspa.cyou,axissalonspa.cyou,exact,failed,not_attempted,navigation_transient_browser_error,"BrowserContext.new_page: Target page, context or browser has been closed",,,,b2e095fe367feb5cf444e4fee301f40320f884599257942275ec145211bdfbf4,,,,,,Axis Bank,axismaxlife.com,0.0,Low,0.0,0.6818,0,False,False,0.0,-1,0.0,-1,0.0,-1,0.0,-1,False,False,False,False,False,,
run_20260409T090716Z,2026-04-09T09:08:24+00:00,PS-02_AIGR-S66270_NCIIPC_28_02_2026.xlsx,PS-02_AIGR-S66270_NCIIPC_28_02_2026.xlsx,https://onlinebeatz.com,https://onlinebeatz.com,,onlinebeatz.com,onlinebeatz.com,exact,failed,not_attempted,navigation_transient_browser_error,"BrowserContext.new_page: Target page, context or browser has been closed",,,,b8dcaaf1ff1d9486914db81e6c75bdd500ed184c4f1321a4af32e391a47dbb0b,,,,,,State Bank of India (SBI),corp.onlinesbi.sbi,0.0,Low,0.0,0.8828,0,False,False,0.0,-1,0.0,-1,0.0,-1,0.0,-1,False,False,False,False,False,,
run_20260409T090716Z,2026-04-09T09:08:24+00:00,PS-02_AIGR-S66270_NCIIPC_28_02_2026.xlsx,PS-02_AIGR-S66270_NCIIPC_28_02_2026.xlsx,https://homehavenshop.co.za,https://homehavenshop.co.za,,homehavenshop.co.za,homehavenshop.co.za,exact,failed,not_attempted,navigation_transient_browser_error,"BrowserContext.new_page: Target page, context or browser has been closed",,,,119f632617550e671c456af9a49ef5f8a4a6dc6137c5efc6865ddab3b607d224,,,,,,State Bank of India (SBI),homeloans.sbi,0.0,Low,0.0,0.8632,0,False,False,0.0,-1,0.0,-1,0.0,-1,0.0,-1,False,False,False,False,False,,
run_20260409T090716Z,2026-04-09T09:08:24+00:00,PS-02_AIGR-S66270_NCIIPC_28_02_2026.xlsx,PS-02_AIGR-S66270_NCIIPC_28_02_2026.xlsx,https://onlineagi.org,https://onlineagi.org,,onlineagi.org,onlineagi.org,exact,failed,not_attempted,navigation_transient_browser_error,"BrowserContext.new_page: Target page, context or browser has been closed",,,,d2d638264077a5f70492606859f96d857198c4d66a4654f2892fc0bd1d333ce9,,,,,,State Bank of India (SBI),corp.onlinesbi.sbi,0.0,Low,0.0,0.9111,0,False,False,0.0,-1,0.0,-1,0.0,-1,0.0,-1,False,False,False,False,False,,
run_20260409T090716Z,2026-04-09T09:08:24+00:00,PS-02_AIGR-S66270_NCIIPC_28_02_2026.xlsx,PS-02_AIGR-S66270_NCIIPC_28_02_2026.xlsx,https://aimteam.fun,https://aimteam.fun,,aimteam.fun,aimteam.fun,exact,failed,not_attempted,navigation_transient_browser_error,"BrowserContext.new_page: Target page, context or browser has been closed",,,,0fe55530bb4ebe84050356c2645a5f08835158b02127bc48e6e2c61ca9ab90a9,,,,,,All India Institute of Medical Sciences (AIIMS),aiimsexams.ac.in,0.0,Low,0.0,0.8552,0,False,False,0.0,-1,0.0,-1,0.0,-1,0.0,-1,False,False,False,False,False,,
run_20260409T090716Z,2026-04-09T09:08:24+00:00,PS-02_AIGR-S66270_NCIIPC_28_02_2026.xlsx,PS-02_AIGR-S66270_NCIIPC_28_02_2026.xlsx,https://myvitaldirect.info,https://myvitaldirect.info,,myvitaldirect.info,myvitaldirect.info,exact,failed,not_attempted,navigation_transient_browser_error,"BrowserContext.new_page: Target page, context or browser has been closed",,,,ebae69b4bae95494d1a29869acdeceda506815e0327547c516b6964128291415,,,,,,Vodafone Idea (VI),myvi.in,0.0,Low,0.0,0.8615,0,False,False,0.0,-1,0.0,-1,0.0,-1,0.0,-1,False,False,False,False,False,,
run_20260409T090716Z,2026-04-09T09:08:24+00:00,PS-02_AIGR-S66270_NCIIPC_28_02_2026.xlsx,PS-02_AIGR-S66270_NCIIPC_28_02_2026.xlsx,https://axismuse.org,https://axismuse.org,,axismuse.org,axismuse.org,exact,failed,not_attempted,navigation_transient_browser_error,"BrowserContext.new_page: Target page, context or browser has been closed",,,,a4ae05985e05f8f2329ac3b9a2725a1cc23926cdf9f16164ed210950729b78f7,,,,,,Axis Bank,axismf.com,0.0,Low,0.0,0.8917,0,False,False,0.0,-1,0.0,-1,0.0,-1,0.0,-1,False,False,False,False,False,,
run_20260409T090716Z,2026-04-09T09:08:24+00:00,PS-02_AIGR-S66270_NCIIPC_28_02_2026.xlsx,PS-02_AIGR-S66270_NCIIPC_28_02_2026.xlsx,https://myvips.beauty,https://myvips.beauty,,myvips.beauty,myvips.beauty,exact,failed,not_attempted,navigation_transient_browser_error,"BrowserContext.new_page: Target page, context or browser has been closed",,,,5f385c8419f7f88cc27b2dc3c5282bb4f5cda1f2f1ff7a56ba47fab9c270e73d,,,,,,Vodafone Idea (VI),myvi.in,0.0,Low,0.0,0.9333,0,False,False,0.0,-1,0.0,-1,0.0,-1,0.0,-1,False,False,False,False,False,,
run_20260409T090716Z,2026-04-09T09:08:24+00:00,PS-02_AIGR-S66270_NCIIPC_28_02_2026.xlsx,PS-02_AIGR-S66270_NCIIPC_28_02_2026.xlsx,https://bseix.com,https://bseix.com,,bseix.com,bseix.com,exact,failed,not_attempted,navigation_transient_browser_error,"BrowserContext.new_page: Target page, context or browser has been closed",,,,26f0d4cde842e977dca6af39e54c00c16a957475ccd63ee22a5fa5378290d94c,,,,,,BSE Ltd.,bseindia.com,0.0,Low,0.0,0.86,0,False,False,0.0,-1,0.0,-1,0.0,-1,0.0,-1,False,False,False,False,False,,
run_20260409T090716Z,2026-04-09T09:08:24+00:00,PS-02_AIGR-S66270_NCIIPC_28_02_2026.xlsx,PS-02_AIGR-S66270_NCIIPC_28_02_2026.xlsx,https://homeart.studio,https://homeart.studio,,homeart.studio,homeart.studio,exact,failed,not_attempted,navigation_transient_browser_error,"BrowserContext.new_page: Target page, context or browser has been closed",,,,da1c6b35da7a1e7ef64ced5d523b3a6e8660db1f0431182f481e078f47758c53,,,,,,State Bank of India (SBI),homeloans.sbi,0.0,Low,0.0,0.854,0,False,False,0.0,-1,0.0,-1,0.0,-1,0.0,-1,False,False,False,False,False,,
run_20260409T090716Z,2026-04-09T09:08:24+00:00,PS-02_AIGR-S66270_NCIIPC_28_02_2026.xlsx,PS-02_AIGR-S66270_NCIIPC_28_02_2026.xlsx,https://airthread.info,https://airthread.info,,airthread.info,airthread.info,exact,failed,not_attempted,navigation_transient_browser_error,"BrowserContext.new_page: Target page, context or browser has been closed",,,,90c98acab57c52f6f9ccb8236e5ce5a862c7ea9ba0259c68ca1b0ee4794a0e77,,,,,,Airtel,airtel.in,0.0,Low,0.0,0.8778,0,False,False,0.0,-1,0.0,-1,0.0,-1,0.0,-1,False,False,False,False,False,,
run_20260409T090716Z,2026-04-09T09:08:24+00:00,PS-02_AIGR-S66270_NCIIPC_28_02_2026.xlsx,PS-02_AIGR-S66270_NCIIPC_28_02_2026.xlsx,https://iccl.cloud,https://iccl.cloud,,iccl.cloud,iccl.cloud,exact,failed,not_attempted,navigation_transient_browser_error,"BrowserContext.new_page: Target page, context or browser has been closed",,,,f927e85c0bad27f38c4a04a82119d9ac3cbfb1ad28c54ac89fd2cdc2e9f94c68,,,,,,Indian Oil Corporation Limited (IOCL),iocl.com,0.0,Low,0.0,0.85,0,False,False,0.0,-1,0.0,-1,0.0,-1,0.0,-1,False,False,False,False,False,,
run_20260409T090716Z,2026-04-09T09:08:24+00:00,PS-02_AIGR-S66270_NCIIPC_28_02_2026.xlsx,PS-02_AIGR-S66270_NCIIPC_28_02_2026.xlsx,https://onlinesermons.org,https://onlinesermons.org,,onlinesermons.org,onlinesermons.org,exact,failed,not_attempted,navigation_transient_browser_error,"BrowserContext.new_page: Target page, context or browser has been closed",,,,2f8317a2cd3143dab9eb6aade85c86e171dc100e19595c56769bd59c5cb7909e,,,,,,State Bank of India (SBI),corp.onlinesbi.sbi,0.0,Low,0.0,0.8632,0,False,False,0.0,-1,0.0,-1,0.0,-1,0.0,-1,False,False,False,False,False,,
run_20260409T090716Z,2026-04-09T09:08:24+00:00,PS-02_AIGR-S66270_NCIIPC_28_02_2026.xlsx,PS-02_AIGR-S66270_NCIIPC_28_02_2026.xlsx,https://indiuna.online,https://indiuna.online,,indiuna.online,indiuna.online,exact,failed,not_attempted,navigation_transient_browser_error,"BrowserContext.new_page: Target page, context or browser has been closed",,,,5bb59eae77bd513056605cd53754dc1b87f83f45abc81c48077fcf104bfeff41,,,,,,BSE Ltd.,bseindia.com,0.0,Low,0.0,0.7798,0,False,False,0.0,-1,0.0,-1,0.0,-1,0.0,-1,False,False,False,False,False,,
run_20260409T090716Z,2026-04-09T09:08:24+00:00,PS-02_AIGR-S66270_NCIIPC_28_02_2026.xlsx,PS-02_AIGR-S66270_NCIIPC_28_02_2026.xlsx,https://mayvie.com.br,https://mayvie.com.br,,mayvie.com.br,mayvie.com.br,exact,failed,not_attempted,navigation_transient_browser_error,"BrowserContext.new_page: Target page, context or browser has been closed",,,,a61aee8d875b5443d39de0c1f955d279742cea508819e01aec23eb6d4afc8801,,,,,,Vodafone Idea (VI),myvi.in,0.0,Low,0.0,0.9,0,False,False,0.0,-1,0.0,-1,0.0,-1,0.0,-1,False,False,False,False,False,,
run_20260409T090716Z,2026-04-09T09:08:24+00:00,PS-02_AIGR-S66270_NCIIPC_28_02_2026.xlsx,PS-02_AIGR-S66270_NCIIPC_28_02_2026.xlsx,https://myvfingroup.com,https://myvfingroup.com,,myvfingroup.com,myvfingroup.com,exact,failed,not_attempted,navigation_transient_browser_error,"BrowserContext.new_page: Target page, context or browser has been closed",,,,75826f1abb17882c983126e000c23e17f6a0b1242c61bc1acc1c5511bf0b98fc,,,,,,Vodafone Idea (VI),myvi.in,0.0,Low,0.0,0.8515,0,False,False,0.0,-1,0.0,-1,0.0,-1,0.0,-1,False,False,False,False,False,,
run_20260409T090716Z,2026-04-09T09:08:24+00:00,PS-02_AIGR-S66270_NCIIPC_28_02_2026.xlsx,PS-02_AIGR-S66270_NCIIPC_28_02_2026.xlsx,https://onlinecasmitauszahlung.pro,https://onlinecasmitauszahlung.pro,,onlinecasmitauszahlung.pro,onlinecasmitauszahlung.pro,exact,failed,not_attempted,navigation_transient_browser_error,"BrowserContext.new_page: Target page, context or browser has been closed",,,,1a531791c2a4b9cdc129a1c4d9df5b360a784226e6aef0fdf7264dcc5ed31931,,,,,,State Bank of India (SBI),corp.onlinesbi.sbi,0.0,Low,0.0,0.8505,0,False,False,0.0,-1,0.0,-1,0.0,-1,0.0,-1,False,False,False,False,False,,
run_20260409T090716Z,2026-04-09T09:08:24+00:00,PS-02_AIGR-S66270_NCIIPC_28_02_2026.xlsx,PS-02_AIGR-S66270_NCIIPC_28_02_2026.xlsx,https://canadaroles.ca,https://canadaroles.ca,,canadaroles.ca,canadaroles.ca,exact,failed,not_attempted,navigation_transient_browser_error,"BrowserContext.new_page: Target page, context or browser has been closed",,,,bd5333b893ee44411dd422e5229f1403e3dfff6beef857345788e12344a1eff5,,,,,,Canara Bank,canararobeco.com,0.0,Low,0.0,0.8538,0,False,False,0.0,-1,0.0,-1,0.0,-1,0.0,-1,False,False,False,False,False,,
run_20260409T090716Z,2026-04-09T09:08:24+00:00,PS-02_AIGR-S66270_NCIIPC_28_02_2026.xlsx,PS-02_AIGR-S66270_NCIIPC_28_02_2026.xlsx,https://indufocs.info,https://indufocs.info,,indufocs.info,indufocs.info,exact,failed,not_attempted,navigation_transient_browser_error,"BrowserContext.new_page: Target page, context or browser has been closed",,,,03175f1019436156199265fe0a7801718ea61c099ac60ea2547957910fa6dd9d,,,,,,HDFC Bank,hdfc.com,0.0,Low,0.0,0.7083,0,False,False,0.0,-1,0.0,-1,0.0,-1,0.0,-1,False,False,False,False,False,,
run_20260409T090716Z,2026-04-09T09:08:24+00:00,PS-02_AIGR-S66270_NCIIPC_28_02_2026.xlsx,PS-02_AIGR-S66270_NCIIPC_28_02_2026.xlsx,https://onlinelern.com,https://onlinelern.com,,onlinelern.com,onlinelern.com,exact,failed,not_attempted,navigation_transient_browser_error,"BrowserContext.new_page: Target page, context or browser has been closed",,,,89d302ffe55a68de06a4fd7f80dddf6b36dee510684148870ce996d77d2838ea,,,,,,State Bank of India (SBI),corp.onlinesbi.sbi,0.0,Low,0.0,0.8533,0,False,False,0.0,-1,0.0,-1,0.0,-1,0.0,-1,False,False,False,False,False,,
run_20260409T090716Z,2026-04-09T09:08:24+00:00,PS-02_AIGR-S66270_NCIIPC_28_02_2026.xlsx,PS-02_AIGR-S66270_NCIIPC_28_02_2026.xlsx,https://sbi.mn,https://sbi.mn,,sbi.mn,sbi.mn,exact,failed,not_attempted,navigation_transient_browser_error,"BrowserContext.new_page: Target page, context or browser has been closed",,,,802ca45a6d3be1a0322a53e94be3cef3d6a9eacf1af24df1c212b8111946cc74,,,,,,State Bank of India (SBI),sbi.co.in,0.0,Low,0.0,1.0,0,False,False,0.0,-1,0.0,-1,0.0,-1,0.0,-1,False,False,False,False,False,,
run_20260409T090716Z,2026-04-09T09:08:24+00:00,PS-02_AIGR-S66270_NCIIPC_28_02_2026.xlsx,PS-02_AIGR-S66270_NCIIPC_28_02_2026.xlsx,https://becic.dev,https://becic.dev,,becic.dev,becic.dev,exact,failed,not_attempted,navigation_transient_browser_error,"BrowserContext.new_page: Target page, context or browser has been closed",,,,f55db84af24ab0603b210821f7c67287446adb08cb9510606df1218e2f69a80d,,,,,,Election Commision of India (ECI),eci.gov.in,0.0,Low,0.0,0.8667,0,False,False,0.0,-1,0.0,-1,0.0,-1,0.0,-1,False,False,False,False,False,,
run_20260409T090716Z,2026-04-09T09:08:24+00:00,PS-02_AIGR-S66270_NCIIPC_28_02_2026.xlsx,PS-02_AIGR-S66270_NCIIPC_28_02_2026.xlsx,https://nihao.finance,https://nihao.finance,,nihao.finance,nihao.finance,exact,failed,not_attempted,navigation_transient_browser_error,"BrowserContext.new_page: Target page, context or browser has been closed",,,,8d96c9b6fe44a21da3ecd8e0a4108edcaefe678206741cd6219c01f133723c41,,,,,,National Health Authority (NHA),nha.gov.in,0.0,Low,0.0,0.88,0,False,False,0.0,-1,0.0,-1,0.0,-1,0.0,-1,False,False,False,False,False,,
run_20260409T090716Z,2026-04-09T09:08:24+00:00,PS-02_AIGR-S66270_NCIIPC_28_02_2026.xlsx,PS-02_AIGR-S66270_NCIIPC_28_02_2026.xlsx,https://temu.ec.cc,https://temu.ec.cc,,temu.ec.cc,temu.ec.cc,exact,failed,not_attempted,navigation_transient_browser_error,"BrowserContext.new_page: Target page, context or browser has been closed",,,,5f242e14330f3a5b028ea0d0167baf75d774c5c564ceeef17da63227573b9349,,,,,,Election Commision of India (ECI),eci.gov.in,0.0,Low,0.0,0.9111,0,False,False,0.0,-1,0.0,-1,0.0,-1,0.0,-1,False,False,False,False,False,,
run_20260409T090716Z,2026-04-09T09:08:24+00:00,PS-02_AIGR-S66270_NCIIPC_28_02_2026.xlsx,PS-02_AIGR-S66270_NCIIPC_28_02_2026.xlsx,https://bankofpapa.com,https://bankofpapa.com,,bankofpapa.com,bankofpapa.com,exact,failed,not_attempted,navigation_transient_browser_error,"BrowserContext.new_page: Target page, context or browser has been closed",,,,2dfcc320cfe22dc771f4501c5451333151122b1c0ae412d7308475fcde8d967d,,,,,,Bank of Baroda,onlinecasa.bankofbaroda.com,0.0,Low,0.0,0.8933,0,False,False,0.0,-1,0.0,-1,0.0,-1,0.0,-1,False,False,False,False,False,,
run_20260409T090716Z,2026-04-09T09:08:24+00:00,PS-02_AIGR-S66270_NCIIPC_28_02_2026.xlsx,PS-02_AIGR-S66270_NCIIPC_28_02_2026.xlsx,https://canaryai.in,https://canaryai.in,,canaryai.in,canaryai.in,exact,failed,not_attempted,navigation_transient_browser_error,"BrowserContext.new_page: Target page, context or browser has been closed",,,,248ff031781cea95801778603726f2ab598482641b9e9bde9c34b5c285fe5ea4,,,,,,Canara Bank,canarahsbclife.com,0.0,Low,0.0,0.875,0,False,False,0.0,-1,0.0,-1,0.0,-1,0.0,-1,False,False,False,False,False,,
run_20260409T090716Z,2026-04-09T09:08:24+00:00,PS-02_AIGR-S66270_NCIIPC_28_02_2026.xlsx,PS-02_AIGR-S66270_NCIIPC_28_02_2026.xlsx,https://hoomans.life,https://hoomans.life,,hoomans.life,hoomans.life,exact,failed,not_attempted,navigation_transient_browser_error,"BrowserContext.new_page: Target page, context or browser has been closed",,,,f527d11b8990d4bfb94636364dc99316d44e013c9e185acbd8e095d3872d9d52,,,,,,State Bank of India (SBI),homeloans.sbi,0.0,Low,0.0,0.9026,0,False,False,0.0,-1,0.0,-1,0.0,-1,0.0,-1,False,False,False,False,False,,
run_20260409T090716Z,2026-04-09T09:08:24+00:00,PS-02_AIGR-S66270_NCIIPC_28_02_2026.xlsx,PS-02_AIGR-S66270_NCIIPC_28_02_2026.xlsx,https://canoise.io,https://canoise.io,,canoise.io,canoise.io,exact,failed,not_attempted,navigation_transient_browser_error,"BrowserContext.new_page: Target page, context or browser has been closed",,,,478c3a88c211ec538be883fd52caba53c7224cc827b7a24ef5f023509a231add,,,,,,Computer Age Management Services Ltd. (CAMS),camsonline.com,0.0,Low,0.0,0.8819,0,False,False,0.0,-1,0.0,-1,0.0,-1,0.0,-1,False,False,False,False,False,,
run_20260409T090716Z,2026-04-09T09:08:24+00:00,PS-02_AIGR-S66270_NCIIPC_28_02_2026.xlsx,PS-02_AIGR-S66270_NCIIPC_28_02_2026.xlsx,https://myveltix.com,https://myveltix.com,,myveltix.com,myveltix.com,exact,failed,not_attempted,navigation_transient_browser_error,"BrowserContext.new_page: Target page, context or browser has been closed",,,,4abb2354397ba9ef02d431927060e4f936a2612476ae455d9f45c6ca62e8aaaf,,,,,,Vodafone Idea (VI),myvi.in,0.0,Low,0.0,0.8833,0,False,False,0.0,-1,0.0,-1,0.0,-1,0.0,-1,False,False,False,False,False,,
run_20260409T090716Z,2026-04-09T09:08:24+00:00,PS-02_AIGR-S66270_NCIIPC_28_02_2026.xlsx,PS-02_AIGR-S66270_NCIIPC_28_02_2026.xlsx,https://parvoni.com,https://parvoni.com,,parvoni.com,parvoni.com,exact,failed,not_attempted,navigation_transient_browser_error,"BrowserContext.new_page: Target page, context or browser has been closed",,,,ae48cfb76bf6861237e3b668feae7b139e16d95ff8bcb0bb5f50d1e97e702c67,,,,,,parivahan sewa,parivahan.gov.in,0.0,Low,0.0,0.85,0,False,False,0.0,-1,0.0,-1,0.0,-1,0.0,-1,False,False,False,False,False,,
run_20260409T090716Z,2026-04-09T09:08:24+00:00,PS-02_AIGR-S66270_NCIIPC_28_02_2026.xlsx,PS-02_AIGR-S66270_NCIIPC_28_02_2026.xlsx,http://vs6s.cc,http://vs6s.cc,,vs6s.cc,vs6s.cc,exact,failed,not_attempted,navigation_transient_browser_error,"BrowserContext.new_page: Target page, context or browser has been closed",,,,3391d5f83914ac0f2aa9a0487a7b76ff7c1fef9162de1dca4b55eb29c4db1025,,,,,,Indian Space Research Organisation (ISRO),vssc.gov.in,0.0,Low,0.0,0.8667,0,False,False,0.0,-1,0.0,-1,0.0,-1,0.0,-1,False,False,False,False,False,,
run_20260409T090716Z,2026-04-09T09:08:24+00:00,PS-02_AIGR-S66270_NCIIPC_28_02_2026.xlsx,PS-02_AIGR-S66270_NCIIPC_28_02_2026.xlsx,http://aise.email,http://aise.email,,aise.email,aise.email,exact,failed,not_attempted,navigation_transient_browser_error,"BrowserContext.new_page: Target page, context or browser has been closed",,,,c60bd81b66473411c5bc99d8267805bfd0fef890c723d7f3d4684fb5652fc1a9,,,,,,All India Institute of Medical Sciences (AIIMS),aiimsexams.ac.in,0.0,Low,0.0,0.84,0,False,False,0.0,-1,0.0,-1,0.0,-1,0.0,-1,False,False,False,False,False,,
run_20260409T090716Z,2026-04-09T09:08:24+00:00,PS-02_AIGR-S66270_NCIIPC_28_02_2026.xlsx,PS-02_AIGR-S66270_NCIIPC_28_02_2026.xlsx,https://online-casino-play.click,https://online-casino-play.click,,online-casino-play.click,online-casino-play.click,exact,failed,not_attempted,navigation_transient_browser_error,"BrowserContext.new_page: Target page, context or browser has been closed",,,,52bf29492fb0a7d856163b72c6005547aa15736168ade10bbd2bcfd3e26a23ed,,,,,,State Bank of India (SBI),corp.onlinesbi.sbi,0.0,Low,0.0,0.8667,0,False,False,0.0,-1,0.0,-1,0.0,-1,0.0,-1,False,False,False,False,False,,
run_20260409T090716Z,2026-04-09T09:08:24+00:00,PS-02_AIGR-S66270_NCIIPC_28_02_2026.xlsx,PS-02_AIGR-S66270_NCIIPC_28_02_2026.xlsx,https://crystorix.org,https://crystorix.org,,crystorix.org,crystorix.org,exact,failed,not_attempted,navigation_transient_browser_error,"BrowserContext.new_page: Target page, context or browser has been closed",,,,c9524dbb4c20d6c5f8f9cfe61a21e7c83a62df3650937acd9a4827bcf8c77c7e,,,,,,"Civil Registration System, MHA (RGCCI)",crsorgi.gov.in,0.0,Low,0.0,0.873,0,False,False,0.0,-1,0.0,-1,0.0,-1,0.0,-1,False,False,False,False,False,,
run_20260409T090716Z,2026-04-09T09:08:24+00:00,PS-02_AIGR-S66270_NCIIPC_28_02_2026.xlsx,PS-02_AIGR-S66270_NCIIPC_28_02_2026.xlsx,https://sbsnl.nl,https://sbsnl.nl,,sbsnl.nl,sbsnl.nl,exact,failed,not_attempted,navigation_transient_browser_error,"BrowserContext.new_page: Target page, context or browser has been closed",,,,14f72824c0f18f31d237f1265776f4bbe59ca8d4ce508bfdff292ef49a040b38,,,,,,Bharat Sanchar Nigam Limited (BSNL),bsnl.co.in,0.0,Low,0.0,0.8889,0,False,False,0.0,-1,0.0,-1,0.0,-1,0.0,-1,False,False,False,False,False,,
run_20260409T090716Z,2026-04-09T09:08:24+00:00,PS-02_AIGR-S66270_NCIIPC_28_02_2026.xlsx,PS-02_AIGR-S66270_NCIIPC_28_02_2026.xlsx,https://knubitech.com,https://knubitech.com,,knubitech.com,knubitech.com,exact,failed,not_attempted,navigation_transient_browser_error,"BrowserContext.new_page: Target page, context or browser has been closed",,,,74d42f824cf136571d80e26891533efeab536d3404d473a8b2da62952f6a3143,,,,,,Kfintech,kfintech.com,0.0,Low,0.0,0.853,0,False,False,0.0,-1,0.0,-1,0.0,-1,0.0,-1,False,False,False,False,False,,
run_20260409T090716Z,2026-04-09T09:08:24+00:00,PS-02_AIGR-S66270_NCIIPC_28_02_2026.xlsx,PS-02_AIGR-S66270_NCIIPC_28_02_2026.xlsx,http://kitfetch.digital,http://kitfetch.digital,,kitfetch.digital,kitfetch.digital,exact,failed,not_attempted,navigation_transient_browser_error,"BrowserContext.new_page: Target page, context or browser has been closed",,,,8646abd69510edecfac5f1410deee8f8e7f072ab98025f71afcac60b960d79b6,,,,,,Kfintech,kfintech.com,0.0,Low,0.0,0.8821,0,False,False,0.0,-1,0.0,-1,0.0,-1,0.0,-1,False,False,False,False,False,,
run_20260409T090716Z,2026-04-09T09:08:24+00:00,PS-02_AIGR-S66270_NCIIPC_28_02_2026.xlsx,PS-02_AIGR-S66270_NCIIPC_28_02_2026.xlsx,https://aise.one,https://aise.one,,aise.one,aise.one,exact,failed,not_attempted,navigation_transient_browser_error,"BrowserContext.new_page: Target page, context or browser has been closed",,,,fc5319cf1cc75e7d8517d54e4e52a200e9080cd51b9a639000ca4fecf18038d2,,,,,,All India Institute of Medical Sciences (AIIMS),aiimsexams.ac.in,0.0,Low,0.0,0.84,0,False,False,0.0,-1,0.0,-1,0.0,-1,0.0,-1,False,False,False,False,False,,
run_20260409T090716Z,2026-04-09T09:08:24+00:00,PS-02_AIGR-S66270_NCIIPC_28_02_2026.xlsx,PS-02_AIGR-S66270_NCIIPC_28_02_2026.xlsx,https://axisphuket.com,https://axisphuket.com,,axisphuket.com,axisphuket.com,exact,failed,not_attempted,navigation_transient_browser_error,"BrowserContext.new_page: Target page, context or browser has been closed",,,,e3dc31f8ad89f5dd8df5b109fc9538decf7037cc25dfc04e373982e4dd42732f,,,,,,Axis Bank,axismf.com,0.0,Low,0.0,0.6889,0,False,False,0.0,-1,0.0,-1,0.0,-1,0.0,-1,False,False,False,False,False,,
run_20260409T090716Z,2026-04-09T09:08:24+00:00,PS-02_AIGR-S66270_NCIIPC_28_02_2026.xlsx,PS-02_AIGR-S66270_NCIIPC_28_02_2026.xlsx,https://rubi55.net,https://rubi55.net,,rubi55.net,rubi55.net,exact,failed,not_attempted,navigation_transient_browser_error,"BrowserContext.new_page: Target page, context or browser has been closed",,,,f2d3fea4d302da722714435d8400e4e59755dae0b9caa2a3119e6a5a9a5e2871,,,,,,Reserve Bank of India (RBI),rbi.org.in,0.0,Low,0.0,0.85,0,False,False,0.0,-1,0.0,-1,0.0,-1,0.0,-1,False,False,False,False,False,,
run_20260409T090716Z,2026-04-09T09:08:24+00:00,PS-02_AIGR-S66270_NCIIPC_28_02_2026.xlsx,PS-02_AIGR-S66270_NCIIPC_28_02_2026.xlsx,https://homelo.cc,https://homelo.cc,,homelo.cc,homelo.cc,exact,failed,not_attempted,navigation_transient_browser_error,"BrowserContext.new_page: Target page, context or browser has been closed",,,,9593dd0af81f8e2fa9fe3142ace4052c63a9b7d7cf666e9f71afa1e38b68ea13,,,,,,State Bank of India (SBI),homeloans.sbi,0.0,Low,0.0,0.9333,0,False,False,0.0,-1,0.0,-1,0.0,-1,0.0,-1,False,False,False,False,False,,
run_20260409T090716Z,2026-04-09T09:08:24+00:00,PS-02_AIGR-S66270_NCIIPC_28_02_2026.xlsx,PS-02_AIGR-S66270_NCIIPC_28_02_2026.xlsx,https://praxis1.co,https://praxis1.co,,praxis1.co,praxis1.co,exact,failed,not_attempted,navigation_transient_browser_error,"BrowserContext.new_page: Target page, context or browser has been closed",,,,98fbbd2c3be8a8501b224dcc5acc156cc5a0b6acb2d67b589e195de419933894,,,,,,Axis Bank,axismf.com,0.0,Low,0.0,0.746,0,False,False,0.0,-1,0.0,-1,0.0,-1,0.0,-1,False,False,False,False,False,,
run_20260409T090716Z,2026-04-09T09:08:24+00:00,PS-02_AIGR-S66270_NCIIPC_28_02_2026.xlsx,PS-02_AIGR-S66270_NCIIPC_28_02_2026.xlsx,https://pntbio.com,https://pntbio.com,,pntbio.com,pntbio.com,exact,failed,not_attempted,navigation_transient_browser_error,"BrowserContext.new_page: Target page, context or browser has been closed",,,,68fa549a6f4814d81f77862edddfa235db9b50263cfe0c691009549d76ffbd15,,,,,,Punjab National Bank (PNB),pnbindia.in,0.0,Low,0.0,0.7778,0,False,False,0.0,-1,0.0,-1,0.0,-1,0.0,-1,False,False,False,False,False,,
run_20260409T090716Z,2026-04-09T09:08:24+00:00,PS-02_AIGR-S66270_NCIIPC_28_02_2026.xlsx,PS-02_AIGR-S66270_NCIIPC_28_02_2026.xlsx,https://online1387kir.cyou,https://online1387kir.cyou,,online1387kir.cyou,online1387kir.cyou,exact,failed,not_attempted,navigation_transient_browser_error,"BrowserContext.new_page: Target page, context or browser has been closed",,,,0d81cb8c371bdbb1455dc062f0188a06588042ec5bfb5af673a55369c7f1a256,,,,,,State Bank of India (SBI),corp.onlinesbi.sbi,0.0,Low,0.0,0.9009,0,False,False,0.0,-1,0.0,-1,0.0,-1,0.0,-1,False,False,False,False,False,,
run_20260409T090716Z,2026-04-09T09:08:24+00:00,PS-02_AIGR-S66270_NCIIPC_28_02_2026.xlsx,PS-02_AIGR-S66270_NCIIPC_28_02_2026.xlsx,https://bidai.kr,https://bidai.kr,,bidai.kr,bidai.kr,exact,failed,not_attempted,navigation_transient_browser_error,"BrowserContext.new_page: Target page, context or browser has been closed",,,,12f13a8e6624dd4d77e747e4050ec428747d29c526f25c0207c975c2befcda60,,,,,,"Unique Identification Authority of India (UIDAI)
",uidai.gov.in,0.0,Low,0.0,0.8667,0,False,False,0.0,-1,0.0,-1,0.0,-1,0.0,-1,False,False,False,False,False,,
run_20260409T090716Z,2026-04-09T09:08:24+00:00,PS-02_AIGR-S66270_NCIIPC_28_02_2026.xlsx,PS-02_AIGR-S66270_NCIIPC_28_02_2026.xlsx,https://vsc.capital,https://vsc.capital,,vsc.capital,vsc.capital,exact,failed,not_attempted,navigation_transient_browser_error,"BrowserContext.new_page: Target page, context or browser has been closed",,,,afe3fb016522c5e52ba1a6f361adcf4f83eba42396964c60c14cdb428b964813,,,,,,Indian Space Research Organisation (ISRO),vssc.gov.in,0.0,Low,0.0,0.9333,0,False,False,0.0,-1,0.0,-1,0.0,-1,0.0,-1,False,False,False,False,False,,
run_20260409T090716Z,2026-04-09T09:08:24+00:00,PS-02_AIGR-S66270_NCIIPC_28_02_2026.xlsx,PS-02_AIGR-S66270_NCIIPC_28_02_2026.xlsx,https://moodcloud.store,https://moodcloud.store,,moodcloud.store,moodcloud.store,exact,failed,not_attempted,navigation_transient_browser_error,"BrowserContext.new_page: Target page, context or browser has been closed",,,,780f35d99dc8fca08bb3bf9c88e61019ca50e52d4325d48e2f38b66dc9fb0728,,,,,,National Informatics Centre (NIC),accounts.mgovcloud.in,0.0,Low,0.0,0.8667,0,False,False,0.0,-1,0.0,-1,0.0,-1,0.0,-1,False,False,False,False,False,,
run_20260409T090716Z,2026-04-09T09:08:24+00:00,PS-02_AIGR-S66270_NCIIPC_28_02_2026.xlsx,PS-02_AIGR-S66270_NCIIPC_28_02_2026.xlsx,https://aicrates.io,https://aicrates.io,,aicrates.io,aicrates.io,exact,failed,not_attempted,navigation_transient_browser_error,"BrowserContext.new_page: Target page, context or browser has been closed",,,,25f3c9534bde9ad6e1fb8f05649e92d44a805642be4afb02830adf767d5c27b7,,,,,,Airtel,airtel.in,0.0,Low,0.0,0.8556,0,False,False,0.0,-1,0.0,-1,0.0,-1,0.0,-1,False,False,False,False,False,,
run_20260409T090716Z,2026-04-09T09:08:24+00:00,PS-02_AIGR-S66270_NCIIPC_28_02_2026.xlsx,PS-02_AIGR-S66270_NCIIPC_28_02_2026.xlsx,https://vvss.online,https://vvss.online,,vvss.online,vvss.online,exact,failed,not_attempted,navigation_transient_browser_error,"BrowserContext.new_page: Target page, context or browser has been closed",,,,e9ca06b2fa997274e49378fcf37cc67d8a52fc3d9952277e7459ecdeaf4d7188,,,,,,Indian Space Research Organisation (ISRO),vssc.gov.in,0.0,Low,0.0,0.85,0,False,False,0.0,-1,0.0,-1,0.0,-1,0.0,-1,False,False,False,False,False,,
run_20260409T090716Z,2026-04-09T09:08:24+00:00,PS-02_AIGR-S66270_NCIIPC_28_02_2026.xlsx,PS-02_AIGR-S66270_NCIIPC_28_02_2026.xlsx,https://ironclad.mobi,https://ironclad.mobi,,ironclad.mobi,ironclad.mobi,exact,failed,not_attempted,navigation_transient_browser_error,"BrowserContext.new_page: Target page, context or browser has been closed",,,,8a46ea754d16292fbe4374c84837e909d144f43d98a285a45c2e01832d0835d0,,,,,,Indian Oil Corporation Limited (IOCL),iocl.com,0.0,Low,0.0,0.85,0,False,False,0.0,-1,0.0,-1,0.0,-1,0.0,-1,False,False,False,False,False,,
run_20260409T090716Z,2026-04-09T09:08:24+00:00,PS-02_AIGR-S66270_NCIIPC_28_02_2026.xlsx,PS-02_AIGR-S66270_NCIIPC_28_02_2026.xlsx,https://industrialengage.com,https://industrialengage.com,,industrialengage.com,industrialengage.com,exact,failed,not_attempted,navigation_transient_browser_error,"BrowserContext.new_page: Target page, context or browser has been closed",,,,709a1c840c738c4253947e526e94b4df394e157cae57c16b244345766cb7ade6,,,,,,Income Tax Department,incometaxindia.gov.in,0.0,Low,0.0,0.6488,0,False,False,0.0,-1,0.0,-1,0.0,-1,0.0,-1,False,False,False,False,False,,
run_20260409T090716Z,2026-04-09T09:08:24+00:00,PS-02_AIGR-S66270_NCIIPC_28_02_2026.xlsx,PS-02_AIGR-S66270_NCIIPC_28_02_2026.xlsx,https://axisdpmt.com.mx,https://axisdpmt.com.mx,,axisdpmt.com.mx,axisdpmt.com.mx,exact,failed,not_attempted,navigation_transient_browser_error,"BrowserContext.new_page: Target page, context or browser has been closed",,,,9b67d8dc7ffe862208adeba642a6668ae75bc4e02e99d5bdb07182a2836aee80,,,,,,Axis Bank,axismf.com,0.0,Low,0.0,0.8917,0,False,False,0.0,-1,0.0,-1,0.0,-1,0.0,-1,False,False,False,False,False,,
run_20260409T090716Z,2026-04-09T09:08:24+00:00,PS-02_AIGR-S66270_NCIIPC_28_02_2026.xlsx,PS-02_AIGR-S66270_NCIIPC_28_02_2026.xlsx,http://canaanart.com,http://canaanart.com,,canaanart.com,canaanart.com,exact,failed,not_attempted,navigation_transient_browser_error,"BrowserContext.new_page: Target page, context or browser has been closed",,,,a9c6a84b9e64833a7e9bbf3f542cbcccc0470ce55813cefcef7d9d8984642685,,,,,,Coal India,coalindiatenders.nic.in,0.0,Low,0.0,0.6908,0,False,False,0.0,-1,0.0,-1,0.0,-1,0.0,-1,False,False,False,False,False,,
run_20260409T090716Z,2026-04-09T09:08:24+00:00,PS-02_AIGR-S66270_NCIIPC_28_02_2026.xlsx,PS-02_AIGR-S66270_NCIIPC_28_02_2026.xlsx,https://online9.online,https://online9.online,,online9.online,online9.online,exact,failed,not_attempted,navigation_transient_browser_error,"BrowserContext.new_page: Target page, context or browser has been closed",,,,5cb4a4760a127cfb90b0b91cb835c902d02474a1ca6cc7f22a9b1c524cd5e08d,,,,,,State Bank of India (SBI),corp.onlinesbi.sbi,0.0,Low,0.0,0.9048,0,False,False,0.0,-1,0.0,-1,0.0,-1,0.0,-1,False,False,False,False,False,,
run_20260409T090716Z,2026-04-09T09:08:24+00:00,PS-02_AIGR-S66270_NCIIPC_28_02_2026.xlsx,PS-02_AIGR-S66270_NCIIPC_28_02_2026.xlsx,https://apexisco.com,https://apexisco.com,,apexisco.com,apexisco.com,exact,failed,not_attempted,navigation_transient_browser_error,"BrowserContext.new_page: Target page, context or browser has been closed",,,,a74bb6918d10fe72ef9ad39697469ea78f2b95ad82e27215ce4d727aa16b5e63,,,,,,Axis Bank,axismf.com,0.0,Low,0.0,0.75,0,False,False,0.0,-1,0.0,-1,0.0,-1,0.0,-1,False,False,False,False,False,,
run_20260409T090716Z,2026-04-09T09:08:24+00:00,PS-02_AIGR-S66270_NCIIPC_28_02_2026.xlsx,PS-02_AIGR-S66270_NCIIPC_28_02_2026.xlsx,http://arteluz.mx,http://arteluz.mx,,arteluz.mx,arteluz.mx,exact,failed,not_attempted,navigation_transient_browser_error,"BrowserContext.new_page: Target page, context or browser has been closed",,,,4a984ef7505ae8c29d76727972a428cb2b025d98554583deb344578491c3e8af,,,,,,Airtel,airtel.in,0.0,Low,0.0,0.8643,0,False,False,0.0,-1,0.0,-1,0.0,-1,0.0,-1,False,False,False,False,False,,
run_20260409T090716Z,2026-04-09T09:08:24+00:00,PS-02_AIGR-S66270_NCIIPC_28_02_2026.xlsx,PS-02_AIGR-S66270_NCIIPC_28_02_2026.xlsx,https://homelleglobal.com,https://homelleglobal.com,,homelleglobal.com,homelleglobal.com,exact,failed,not_attempted,navigation_transient_browser_error,"BrowserContext.new_page: Target page, context or browser has been closed",,,,c01467012ea001c188352e99ddd513902102574ba64bd34da0589baa72330ce3,,,,,,State Bank of India (SBI),homeloans.sbi,0.0,Low,0.0,0.8632,0,False,False,0.0,-1,0.0,-1,0.0,-1,0.0,-1,False,False,False,False,False,,
run_20260409T090716Z,2026-04-09T09:08:24+00:00,PS-02_AIGR-S66270_NCIIPC_28_02_2026.xlsx,PS-02_AIGR-S66270_NCIIPC_28_02_2026.xlsx,https://homeofnwhjobs.nl,https://homeofnwhjobs.nl,,homeofnwhjobs.nl,homeofnwhjobs.nl,exact,failed,not_attempted,navigation_transient_browser_error,"BrowserContext.new_page: Target page, context or browser has been closed",,,,1934ac691fae198280809a9c54d529e76a8e7a6a7e8e857f13bc0aba72a06757,,,,,,State Bank of India (SBI),homeloans.sbi,0.0,Low,0.0,0.8632,0,False,False,0.0,-1,0.0,-1,0.0,-1,0.0,-1,False,False,False,False,False,,
run_20260409T090716Z,2026-04-09T09:08:24+00:00,PS-02_AIGR-S66270_NCIIPC_28_02_2026.xlsx,PS-02_AIGR-S66270_NCIIPC_28_02_2026.xlsx,http://rf-fintech.com,http://rf-fintech.com,,rf-fintech.com,rf-fintech.com,exact,failed,not_attempted,navigation_transient_browser_error,"BrowserContext.new_page: Target page, context or browser has been closed",,,,59ac26e89569b55aeaa4f8c172ff65cb0667d2b35f5d98c9957f032c2ff448a8,,,,,,Kfintech,kfintech.com,0.0,Low,0.0,0.8583,0,False,False,0.0,-1,0.0,-1,0.0,-1,0.0,-1,False,False,False,False,False,,
run_20260409T090716Z,2026-04-09T09:08:24+00:00,PS-02_AIGR-S66270_NCIIPC_28_02_2026.xlsx,PS-02_AIGR-S66270_NCIIPC_28_02_2026.xlsx,https://holoma.plus,https://holoma.plus,,holoma.plus,holoma.plus,exact,failed,not_attempted,navigation_transient_browser_error,"BrowserContext.new_page: Target page, context or browser has been closed",,,,d713453d77f7501cdcb701d6f110b6a029b3c1c677d36f342a3adf27f37b2613,,,,,,State Bank of India (SBI),homeloans.sbi,0.0,Low,0.0,0.8667,0,False,False,0.0,-1,0.0,-1,0.0,-1,0.0,-1,False,False,False,False,False,,
run_20260409T090716Z,2026-04-09T09:08:24+00:00,PS-02_AIGR-S66270_NCIIPC_28_02_2026.xlsx,PS-02_AIGR-S66270_NCIIPC_28_02_2026.xlsx,http://homeostatic.health,http://homeostatic.health,,homeostatic.health,homeostatic.health,exact,failed,not_attempted,navigation_transient_browser_error,"BrowserContext.new_page: Target page, context or browser has been closed",,,,0ed5b1e9d60aa356284fe92f7be089dabd57423fdc83922bb991b50c6b6a3c73,,,,,,State Bank of India (SBI),homeloans.sbi,0.0,Low,0.0,0.8543,0,False,False,0.0,-1,0.0,-1,0.0,-1,0.0,-1,False,False,False,False,False,,
run_20260409T090716Z,2026-04-09T09:08:24+00:00,PS-02_AIGR-S66270_NCIIPC_28_02_2026.xlsx,PS-02_AIGR-S66270_NCIIPC_28_02_2026.xlsx,https://axiswebb.com,https://axiswebb.com,,axiswebb.com,axiswebb.com,exact,failed,not_attempted,navigation_transient_browser_error,"BrowserContext.new_page: Target page, context or browser has been closed",,,,9aa1b26b79d4efe63b155ae52b19040ac8e75bd8194e801fd57fe2d8e011633a,,,,,,Axis Bank,axismf.com,0.0,Low,0.0,0.8333,0,False,False,0.0,-1,0.0,-1,0.0,-1,0.0,-1,False,False,False,False,False,,
run_20260409T090716Z,2026-04-09T09:08:24+00:00,PS-02_AIGR-S66270_NCIIPC_28_02_2026.xlsx,PS-02_AIGR-S66270_NCIIPC_28_02_2026.xlsx,http://camscaner.com.in,http://camscaner.com.in,,camscaner.com.in,camscaner.com.in,exact,failed,not_attempted,navigation_transient_browser_error,"BrowserContext.new_page: Target page, context or browser has been closed",,,,ffb1f4d2e2f8c065b874197886f9e3ad869a93a46868d5685792847325a94f5d,,,,,,Computer Age Management Services Ltd. (CAMS),camsonline.com,0.0,Low,0.0,0.8533,0,False,False,0.0,-1,0.0,-1,0.0,-1,0.0,-1,False,False,False,False,False,,
run_20260409T090716Z,2026-04-09T09:08:24+00:00,PS-02_AIGR-S66270_NCIIPC_28_02_2026.xlsx,PS-02_AIGR-S66270_NCIIPC_28_02_2026.xlsx,https://homeflow365.com,https://homeflow365.com,,homeflow365.com,homeflow365.com,exact,failed,not_attempted,navigation_transient_browser_error,"BrowserContext.new_page: Target page, context or browser has been closed",,,,59048cd33e6607387c2873c7bd8d97d7ca387914a398696f1d98220328f19926,,,,,,State Bank of India (SBI),homeloans.sbi,0.0,Low,0.0,0.8828,0,False,False,0.0,-1,0.0,-1,0.0,-1,0.0,-1,False,False,False,False,False,,
run_20260409T090716Z,2026-04-09T09:08:24+00:00,PS-02_AIGR-S66270_NCIIPC_28_02_2026.xlsx,PS-02_AIGR-S66270_NCIIPC_28_02_2026.xlsx,https://online3.online,https://online3.online,,online3.online,online3.online,exact,failed,not_attempted,navigation_transient_browser_error,"BrowserContext.new_page: Target page, context or browser has been closed",,,,1e9a29519524d36782010e46eff83817c6fc423a431fda4162da0ff3682d28bc,,,,,,State Bank of India (SBI),corp.onlinesbi.sbi,0.0,Low,0.0,0.9048,0,False,False,0.0,-1,0.0,-1,0.0,-1,0.0,-1,False,False,False,False,False,,
run_20260409T090716Z,2026-04-09T09:08:24+00:00,PS-02_AIGR-S66270_NCIIPC_28_02_2026.xlsx,PS-02_AIGR-S66270_NCIIPC_28_02_2026.xlsx,https://moodcloud.info,https://moodcloud.info,,moodcloud.info,moodcloud.info,exact,failed,not_attempted,navigation_transient_browser_error,"BrowserContext.new_page: Target page, context or browser has been closed",,,,2ff2b5f0ecc5bda4d0b1b244c29bd8847568931a72fa185615a6154cb7e40b2c,,,,,,National Informatics Centre (NIC),accounts.mgovcloud.in,0.0,Low,0.0,0.8667,0,False,False,0.0,-1,0.0,-1,0.0,-1,0.0,-1,False,False,False,False,False,,
run_20260409T090716Z,2026-04-09T09:08:24+00:00,PS-02_AIGR-S66270_NCIIPC_28_02_2026.xlsx,PS-02_AIGR-S66270_NCIIPC_28_02_2026.xlsx,https://axs8.art,https://axs8.art,,axs8.art,axs8.art,exact,failed,not_attempted,navigation_transient_browser_error,"BrowserContext.new_page: Target page, context or browser has been closed",,,,7038b56928a05b82f17195ca0241f87420549f2b50c5979aa457973e3436ceb8,,,,,,Axis Bank,axismf.com,0.0,Low,0.0,0.8,0,False,False,0.0,-1,0.0,-1,0.0,-1,0.0,-1,False,False,False,False,False,,
run_20260409T090716Z,2026-04-09T09:08:24+00:00,PS-02_AIGR-S66270_NCIIPC_28_02_2026.xlsx,PS-02_AIGR-S66270_NCIIPC_28_02_2026.xlsx,https://myvips.makeup,https://myvips.makeup,,myvips.makeup,myvips.makeup,exact,failed,not_attempted,navigation_transient_browser_error,"BrowserContext.new_page: Target page, context or browser has been closed",,,,bc7c1bc576d2704c09dfdaddc2fa0a8b5bf5beb6f9ed23c81122c9863a12273b,,,,,,Vodafone Idea (VI),myvi.in,0.0,Low,0.0,0.9333,0,False,False,0.0,-1,0.0,-1,0.0,-1,0.0,-1,False,False,False,False,False,,
run_20260409T090716Z,2026-04-09T09:08:24+00:00,PS-02_AIGR-S66270_NCIIPC_28_02_2026.xlsx,PS-02_AIGR-S66270_NCIIPC_28_02_2026.xlsx,https://axisequip.com,https://axisequip.com,,axisequip.com,axisequip.com,exact,failed,not_attempted,navigation_transient_browser_error,"BrowserContext.new_page: Target page, context or browser has been closed",,,,80395f9a5aa56cca26131b7391d3aa8ee6b76302e77d35e145caf0f93c623299,,,,,,Axis Bank,axismf.com,0.0,Low,0.0,0.8222,0,False,False,0.0,-1,0.0,-1,0.0,-1,0.0,-1,False,False,False,False,False,,
run_20260409T090716Z,2026-04-09T09:08:24+00:00,PS-02_AIGR-S66270_NCIIPC_28_02_2026.xlsx,PS-02_AIGR-S66270_NCIIPC_28_02_2026.xlsx,https://homeory.in,https://homeory.in,,homeory.in,homeory.in,exact,failed,not_attempted,navigation_transient_browser_error,"BrowserContext.new_page: Target page, context or browser has been closed",,,,e456b373a86b399564ba26d3b4292fbb1056a53b2ddd50059455406aa57a7c48,,,,,,State Bank of India (SBI),homeloans.sbi,0.0,Low,0.0,0.854,0,False,False,0.0,-1,0.0,-1,0.0,-1,0.0,-1,False,False,False,False,False,,
run_20260409T090716Z,2026-04-09T09:08:24+00:00,PS-02_AIGR-S66270_NCIIPC_28_02_2026.xlsx,PS-02_AIGR-S66270_NCIIPC_28_02_2026.xlsx,https://sim.forsale,https://sim.forsale,,sim.forsale,sim.forsale,exact,failed,not_attempted,navigation_transient_browser_error,"BrowserContext.new_page: Target page, context or browser has been closed",,,,8ae93b660c6107bbf86e8b5ca9b483b3d43e3e6675936a30c90231f74a941e75,,,,,,State Bank of India (SBI),sbimf.com,0.0,Low,0.0,0.88,0,False,False,0.0,-1,0.0,-1,0.0,-1,0.0,-1,False,False,False,False,False,,
run_20260409T090716Z,2026-04-09T09:08:24+00:00,PS-02_AIGR-S66270_NCIIPC_28_02_2026.xlsx,PS-02_AIGR-S66270_NCIIPC_28_02_2026.xlsx,https://iconicity.us,https://iconicity.us,,iconicity.us,iconicity.us,exact,failed,not_attempted,navigation_transient_browser_error,"BrowserContext.new_page: Target page, context or browser has been closed",,,,aa04a4f65e94498268d66baae87f33c999f6d5e0d70bc1fe571bae7f439bed61,,,,,,ICICI Bank,icicidirect.com,0.0,Low,0.0,0.7899,0,False,False,0.0,-1,0.0,-1,0.0,-1,0.0,-1,False,False,False,False,False,,
run_20260409T090716Z,2026-04-09T09:08:24+00:00,PS-02_AIGR-S66270_NCIIPC_28_02_2026.xlsx,PS-02_AIGR-S66270_NCIIPC_28_02_2026.xlsx,https://homefinds.xyz,https://homefinds.xyz,,homefinds.xyz,homefinds.xyz,exact,failed,not_attempted,navigation_transient_browser_error,"BrowserContext.new_page: Target page, context or browser has been closed",,,,a69c6aa0b5afaff09f8953cf801d53d4ead78419991a5ef8595289477279b4f6,,,,,,State Bank of India (SBI),homeloans.sbi,0.0,Low,0.0,0.8667,0,False,False,0.0,-1,0.0,-1,0.0,-1,0.0,-1,False,False,False,False,False,,
run_20260409T090716Z,2026-04-09T09:08:24+00:00,PS-02_AIGR-S66270_NCIIPC_28_02_2026.xlsx,PS-02_AIGR-S66270_NCIIPC_28_02_2026.xlsx,https://onlinegamblingtv.com,https://onlinegamblingtv.com,https://onlinegamblingtv.com/,onlinegamblingtv.com,onlinegamblingtv.com,exact,fetched,available,,,,,c:\Users\SATWIK\Documents\Phishing\phishing_pipeline\screens\onlinegamblingtv.com.png,95135e0a3d007cb021224434476e398d6e7f7ad7a4386c0a3a09a00636e0588e,,,,,,State Bank of India (SBI),corp.onlinesbi.sbi,59.8485,Low,59.8485,0.8778,0,False,False,0.0,-1,0.0,-1,0.0,-1,0.0,-1,False,False,False,False,False,score_threshold|weak_direct_evidence|network_corroboration,
run_20260409T090716Z,2026-04-09T09:08:25+00:00,PS-02_AIGR-S66270_NCIIPC_28_02_2026.xlsx,PS-02_AIGR-S66270_NCIIPC_28_02_2026.xlsx,https://atmocloud.com,https://atmocloud.com,https://atmocloud.com/,atmocloud.com,atmocloud.com,exact,fetched,available,,,,,c:\Users\SATWIK\Documents\Phishing\phishing_pipeline\screens\atmocloud.com.png,660c6b336d0b7f33a1ec57b1f28981ef2382a08100983f49bbc1c63d9149f5f2,,,,,,National Informatics Centre (NIC),accounts.mgovcloud.in,45.6349,Low,45.6349,0.8519,0,False,False,0.0,-1,0.0,-1,0.0,-1,0.0,-1,False,False,False,False,False,weak_direct_evidence|network_corroboration,
run_20260409T090716Z,2026-04-09T09:08:26+00:00,PS-02_AIGR-S66270_NCIIPC_28_02_2026.xlsx,PS-02_AIGR-S66270_NCIIPC_28_02_2026.xlsx,https://airelec.pl,https://airelec.pl,https://airelec.pl/,airelec.pl,airelec.pl,exact,fetched,available,,,,,c:\Users\SATWIK\Documents\Phishing\phishing_pipeline\screens\airelec.pl.png,4164df2be22526f2658002608500c81867e5073504deb6853020da19a12ca8a4,,,,,,Airtel,airtel.in,47.9167,Low,47.9167,0.8944,0,False,False,0.0,-1,0.0,-1,0.0,-1,0.0,-1,False,False,False,False,False,weak_direct_evidence|network_corroboration,
run_20260409T090716Z,2026-04-09T09:08:26+00:00,PS-02_AIGR-S66270_NCIIPC_28_02_2026.xlsx,PS-02_AIGR-S66270_NCIIPC_28_02_2026.xlsx,https://aigizmos.tech,https://aigizmos.tech,https://aigizmos.tech/,aigizmos.tech,aigizmos.tech,exact,fetched,available,,,,,c:\Users\SATWIK\Documents\Phishing\phishing_pipeline\screens\aigizmos.tech.png,ce0de9dc47a8dfb6120391dabb24827a0c662b82d3bf2205f3ce6e355e6198fc,,,,,,All India Institute of Medical Sciences (AIIMS),aiims.edu,38.5714,Low,38.5714,0.9,0,False,False,0.0,-1,0.0,-1,0.0,-1,0.0,-1,False,False,False,False,False,weak_direct_evidence|network_corroboration,
run_20260409T090716Z,2026-04-09T09:08:26+00:00,PS-02_AIGR-S66270_NCIIPC_28_02_2026.xlsx,PS-02_AIGR-S66270_NCIIPC_28_02_2026.xlsx,https://airelias.vip,https://airelias.vip,https://airelias.vip/,airelias.vip,airelias.vip,exact,fetched,available,,,,,c:\Users\SATWIK\Documents\Phishing\phishing_pipeline\screens\airelias.vip.png,0a43e78278d0f15d75a547de46c9aafa8266c1c4e20f1246b7b621d571b2a54d,,,,,,Airtel,airtel.in,59.5644,Low,59.5644,0.8736,0,False,False,0.0,-1,0.0,-1,0.0,-1,0.0,-1,False,False,False,False,False,score_threshold|weak_direct_evidence|network_corroboration,
