url,source_workbooks_json
keitech.xyz,"[""PS-02_AIGR-S66270_NCIIPC_02_03_2026.xlsx""]"
indiancontracting.com,"[""PS-02_AIGR-S66270_NCIIPC_02_03_2026.xlsx""]"
in-clouds.com,"[""PS-02_AIGR-S66270_NCIIPC_02_03_2026.xlsx""]"
ciresindia.com,"[""PS-02_AIGR-S66270_NCIIPC_02_03_2026.xlsx""]"
cloudaidev.com,"[""PS-02_AIGR-S66270_NCIIPC_02_03_2026.xlsx""]"
onlinewebsitedesigner.com,"[""PS-02_AIGR-S66270_NCIIPC_02_03_2026.xlsx""]"
buildaion.com,"[""PS-02_AIGR-S66270_NCIIPC_02_03_2026.xlsx""]"
cloudchatbots.xyz,"[""PS-02_AIGR-S66270_NCIIPC_02_03_2026.xlsx""]"
axiaseo.com,"[""PS-02_AIGR-S66270_NCIIPC_02_03_2026.xlsx""]"
https://pfcloud.email,"[""PS-02_AIGR-S66270_NCIIPC_02_03_2026.xlsx""]"
airficial.com,"[""PS-02_AIGR-S66270_NCIIPC_02_03_2026.xlsx""]"
abdusms.com,"[""PS-02_AIGR-S66270_NCIIPC_02_03_2026.xlsx""]"
http://coalitionlegal.com,"[""PS-02_AIGR-S66270_NCIIPC_02_03_2026.xlsx""]"
cloudsystems.email,"[""PS-02_AIGR-S66270_NCIIPC_02_03_2026.xlsx""]"
https://homehealthconsult.com,"[""PS-02_AIGR-S66270_NCIIPC_02_03_2026.xlsx""]"
nhua.com,"[""PS-02_AIGR-S66270_NCIIPC_02_03_2026.xlsx""]"
http://ns.gold,"[""PS-02_AIGR-S66270_NCIIPC_02_03_2026.xlsx""]"
industrialsanderbelts.com,"[""PS-02_AIGR-S66270_NCIIPC_02_03_2026.xlsx""]"
panbe.website,"[""PS-02_AIGR-S66270_NCIIPC_02_03_2026.xlsx""]"
byteindian.xyz,"[""PS-02_AIGR-S66270_NCIIPC_02_03_2026.xlsx""]"
taxiski.com,"[""PS-02_AIGR-S66270_NCIIPC_02_03_2026.xlsx""]"
cloudbolts.xyz,"[""PS-02_AIGR-S66270_NCIIPC_02_03_2026.xlsx""]"
onlinesai.xyz,"[""PS-02_AIGR-S66270_NCIIPC_02_03_2026.xlsx""]"
incogmeeto.com,"[""PS-02_AIGR-S66270_NCIIPC_02_03_2026.xlsx""]"
airlectron.xyz,"[""PS-02_AIGR-S66270_NCIIPC_02_03_2026.xlsx""]"
indigedesigncollab.com,"[""PS-02_AIGR-S66270_NCIIPC_02_03_2026.xlsx""]"
incomewithfatima.com,"[""PS-02_AIGR-S66270_NCIIPC_02_03_2026.xlsx""]"
sbplih.help,"[""PS-02_AIGR-S66270_NCIIPC_02_03_2026.xlsx""]"
http://incometaxqueries.com,"[""PS-02_AIGR-S66270_NCIIPC_02_03_2026.xlsx""]"
cloud-ideas.com,"[""PS-02_AIGR-S66270_NCIIPC_02_03_2026.xlsx""]"
ssfact.com,"[""PS-02_AIGR-S66270_NCIIPC_02_03_2026.xlsx""]"
cloudinnovatorslife.com,"[""PS-02_AIGR-S66270_NCIIPC_02_03_2026.xlsx""]"
cloudadvances.xyz,"[""PS-02_AIGR-S66270_NCIIPC_02_03_2026.xlsx""]"
witcloud.xyz,"[""PS-02_AIGR-S66270_NCIIPC_02_03_2026.xlsx""]"
nihwan.com,"[""PS-02_AIGR-S66270_NCIIPC_02_03_2026.xlsx""]"
sabiko.app,"[""PS-02_AIGR-S66270_NCIIPC_02_03_2026.xlsx""]"
https://cloudcommandcenter.com,"[""PS-02_AIGR-S66270_NCIIPC_02_03_2026.xlsx""]"
bizzcard.store,"[""PS-02_AIGR-S66270_NCIIPC_02_03_2026.xlsx""]"
orbis.channel,"[""PS-02_AIGR-S66270_NCIIPC_02_03_2026.xlsx""]"
albd.app,"[""PS-02_AIGR-S66270_NCIIPC_02_03_2026.xlsx""]"
https://onlinesteal.com,"[""PS-02_AIGR-S66270_NCIIPC_02_03_2026.xlsx""]"
ai9cloud.com,"[""PS-02_AIGR-S66270_NCIIPC_02_03_2026.xlsx""]"
axiorashop.com,"[""PS-02_AIGR-S66270_NCIIPC_02_03_2026.xlsx""]"
cloudimagine.xyz,"[""PS-02_AIGR-S66270_NCIIPC_02_03_2026.xlsx""]"
canariasenbici.com,"[""PS-02_AIGR-S66270_NCIIPC_02_03_2026.xlsx""]"
https://cloudlineoutfitter.com,"[""PS-02_AIGR-S66270_NCIIPC_02_03_2026.xlsx""]"
http://sricard.com,"[""PS-02_AIGR-S66270_NCIIPC_02_03_2026.xlsx""]"
qshcloud.com,"[""PS-02_AIGR-S66270_NCIIPC_02_03_2026.xlsx""]"
onlinepredict.xyz,"[""PS-02_AIGR-S66270_NCIIPC_02_03_2026.xlsx""]"
homesforsaleinalaska.com,"[""PS-02_AIGR-S66270_NCIIPC_02_03_2026.xlsx""]"
cloudtoolstack.com,"[""PS-02_AIGR-S66270_NCIIPC_02_03_2026.xlsx""]"
http://cloudveilwinery.com,"[""PS-02_AIGR-S66270_NCIIPC_02_03_2026.xlsx""]"
ifocloud.com,"[""PS-02_AIGR-S66270_NCIIPC_02_03_2026.xlsx""]"
myvirtusinc.com,"[""PS-02_AIGR-S66270_NCIIPC_02_03_2026.xlsx""]"
icloudbr.com,"[""PS-02_AIGR-S66270_NCIIPC_02_03_2026.xlsx""]"
cloudgates.xyz,"[""PS-02_AIGR-S66270_NCIIPC_02_03_2026.xlsx""]"
valtricpayments.com,"[""PS-02_AIGR-S66270_NCIIPC_02_03_2026.xlsx""]"
onlinemodding.com,"[""PS-02_AIGR-S66270_NCIIPC_02_03_2026.xlsx""]"
cloudembassies.xyz,"[""PS-02_AIGR-S66270_NCIIPC_02_03_2026.xlsx""]"
onlydine.com,"[""PS-02_AIGR-S66270_NCIIPC_02_03_2026.xlsx""]"
homease.xyz,"[""PS-02_AIGR-S66270_NCIIPC_02_03_2026.xlsx""]"
byteindian.com,"[""PS-02_AIGR-S66270_NCIIPC_02_03_2026.xlsx""]"
https://cloudscopyhq.com,"[""PS-02_AIGR-S66270_NCIIPC_02_03_2026.xlsx""]"
axisrocket.xyz,"[""PS-02_AIGR-S66270_NCIIPC_02_03_2026.xlsx""]"
homelyda.com,"[""PS-02_AIGR-S66270_NCIIPC_02_03_2026.xlsx""]"
cloudwayfulfillment.com,"[""PS-02_AIGR-S66270_NCIIPC_02_03_2026.xlsx""]"
rboji4.makeup,"[""PS-02_AIGR-S66270_NCIIPC_02_03_2026.xlsx""]"
cloudnet365.com,"[""PS-02_AIGR-S66270_NCIIPC_02_03_2026.xlsx""]"
indside.com,"[""PS-02_AIGR-S66270_NCIIPC_02_03_2026.xlsx""]"
http://indiaonai.com,"[""PS-02_AIGR-S66270_NCIIPC_02_03_2026.xlsx""]"
diary-learning.sa.com,"[""PS-02_AIGR-S66270_NCIIPC_02_03_2026.xlsx""]"
cloudsprovider.org,"[""PS-02_AIGR-S66270_NCIIPC_02_03_2026.xlsx""]"
homecinemasolutions.com,"[""PS-02_AIGR-S66270_NCIIPC_02_03_2026.xlsx""]"
onlinewebart.info,"[""PS-02_AIGR-S66270_NCIIPC_02_03_2026.xlsx""]"
jixnov.com,"[""PS-02_AIGR-S66270_NCIIPC_02_03_2026.xlsx""]"
http://myvirualmate.com,"[""PS-02_AIGR-S66270_NCIIPC_02_03_2026.xlsx""]"
onlinegamblingtv.com,"[""PS-02_AIGR-S66270_NCIIPC_02_03_2026.xlsx""]"
onlifts.com,"[""PS-02_AIGR-S66270_NCIIPC_02_03_2026.xlsx""]"
cloud-idsupport.info,"[""PS-02_AIGR-S66270_NCIIPC_02_03_2026.xlsx""]"
cloudportal.link,"[""PS-02_AIGR-S66270_NCIIPC_02_03_2026.xlsx""]"
homtels.net,"[""PS-02_AIGR-S66270_NCIIPC_02_03_2026.xlsx""]"
home1restoration.com,"[""PS-02_AIGR-S66270_NCIIPC_02_03_2026.xlsx""]"
cloudautonomy.xyz,"[""PS-02_AIGR-S66270_NCIIPC_02_03_2026.xlsx""]"
iceaichi.com,"[""PS-02_AIGR-S66270_NCIIPC_02_03_2026.xlsx""]"
cloudcryptominer.xyz,"[""PS-02_AIGR-S66270_NCIIPC_02_03_2026.xlsx""]"
panbe.buzz,"[""PS-02_AIGR-S66270_NCIIPC_02_03_2026.xlsx""]"
cloudsonasunnyday.com,"[""PS-02_AIGR-S66270_NCIIPC_02_03_2026.xlsx""]"
exacia.com,"[""PS-02_AIGR-S66270_NCIIPC_02_03_2026.xlsx""]"
sixcloud.xyz,"[""PS-02_AIGR-S66270_NCIIPC_02_03_2026.xlsx""]"
colidir.ca,"[""PS-02_AIGR-S66270_NCIIPC_02_03_2026.xlsx""]"
agentipayment.com,"[""PS-02_AIGR-S66270_NCIIPC_02_03_2026.xlsx""]"
cloudathena.xyz,"[""PS-02_AIGR-S66270_NCIIPC_02_03_2026.xlsx""]"
iuntech.com,"[""PS-02_AIGR-S66270_NCIIPC_02_03_2026.xlsx""]"
cloudybooks.com,"[""PS-02_AIGR-S66270_NCIIPC_02_03_2026.xlsx""]"
suacom.com,"[""PS-02_AIGR-S66270_NCIIPC_02_03_2026.xlsx""]"
cloudsentiment.xyz,"[""PS-02_AIGR-S66270_NCIIPC_02_03_2026.xlsx""]"
abudima.com,"[""PS-02_AIGR-S66270_NCIIPC_02_03_2026.xlsx""]"
home1300.com,"[""PS-02_AIGR-S66270_NCIIPC_02_03_2026.xlsx""]"
sachviet.us,"[""PS-02_AIGR-S66270_NCIIPC_02_03_2026.xlsx""]"
industrialny.pl,"[""PS-02_AIGR-S66270_NCIIPC_02_03_2026.xlsx""]"
airtaxiraleigh.com,"[""PS-02_AIGR-S66270_NCIIPC_02_03_2026.xlsx""]"
cloudagentfi.com,"[""PS-02_AIGR-S66270_NCIIPC_02_03_2026.xlsx""]"
eindias.com,"[""PS-02_AIGR-S66270_NCIIPC_02_03_2026.xlsx""]"
cloudciphers.xyz,"[""PS-02_AIGR-S66270_NCIIPC_02_03_2026.xlsx""]"
cloudburger.com,"[""PS-02_AIGR-S66270_NCIIPC_02_03_2026.xlsx""]"
onlineoz.com,"[""PS-02_AIGR-S66270_NCIIPC_02_03_2026.xlsx""]"
sironasecurities.com,"[""PS-02_AIGR-S66270_NCIIPC_02_03_2026.xlsx""]"
onlineparkbd.com,"[""PS-02_AIGR-S66270_NCIIPC_02_03_2026.xlsx""]"
jimtor.com,"[""PS-02_AIGR-S66270_NCIIPC_02_03_2026.xlsx""]"
myviralmailer.com,"[""PS-02_AIGR-S66270_NCIIPC_02_03_2026.xlsx""]"
cloudcareers.xyz,"[""PS-02_AIGR-S66270_NCIIPC_02_03_2026.xlsx""]"
online-garanti.click,"[""PS-02_AIGR-S66270_NCIIPC_02_03_2026.xlsx""]"
goghcloud.xyz,"[""PS-02_AIGR-S66270_NCIIPC_02_03_2026.xlsx""]"
cloud9laundry.com,"[""PS-02_AIGR-S66270_NCIIPC_02_03_2026.xlsx""]"
reberth.com,"[""PS-02_AIGR-S66270_NCIIPC_02_03_2026.xlsx""]"
shbiya.com,"[""PS-02_AIGR-S66270_NCIIPC_02_03_2026.xlsx""]"
homewillow.com,"[""PS-02_AIGR-S66270_NCIIPC_02_03_2026.xlsx""]"
sacstore.ma,"[""PS-02_AIGR-S66270_NCIIPC_02_03_2026.xlsx""]"
incotermzealot.com,"[""PS-02_AIGR-S66270_NCIIPC_02_03_2026.xlsx""]"
onlinefantasylive.info,"[""PS-02_AIGR-S66270_NCIIPC_02_03_2026.xlsx""]"
onlinetry.ru,"[""PS-02_AIGR-S66270_NCIIPC_02_03_2026.xlsx""]"
cloudsofadupe.com,"[""PS-02_AIGR-S66270_NCIIPC_02_03_2026.xlsx""]"
nhancio.com,"[""PS-02_AIGR-S66270_NCIIPC_02_03_2026.xlsx""]"
axisconveyor.com,"[""PS-02_AIGR-S66270_NCIIPC_02_03_2026.xlsx""]"
online-dtl.ru,"[""PS-02_AIGR-S66270_NCIIPC_02_03_2026.xlsx""]"
vclouds.xyz,"[""PS-02_AIGR-S66270_NCIIPC_02_03_2026.xlsx""]"
https://homedataonline.com,"[""PS-02_AIGR-S66270_NCIIPC_02_03_2026.xlsx""]"
5biz.xyz,"[""PS-02_AIGR-S66270_NCIIPC_02_03_2026.xlsx""]"
http://refita.online,"[""PS-02_AIGR-S66270_NCIIPC_02_03_2026.xlsx""]"
https://canadabroadcasting.com,"[""PS-02_AIGR-S66270_NCIIPC_02_03_2026.xlsx""]"
cloudpickai.com,"[""PS-02_AIGR-S66270_NCIIPC_02_03_2026.xlsx""]"
airtrayman.com,"[""PS-02_AIGR-S66270_NCIIPC_02_03_2026.xlsx""]"
ai-isms.store,"[""PS-02_AIGR-S66270_NCIIPC_02_03_2026.xlsx""]"
axil.dev,"[""PS-02_AIGR-S66270_NCIIPC_02_03_2026.xlsx""]"
income-web.com,"[""PS-02_AIGR-S66270_NCIIPC_02_03_2026.xlsx""]"
http://agentfipayments.com,"[""PS-02_AIGR-S66270_NCIIPC_02_03_2026.xlsx""]"
http://quidia.com,"[""PS-02_AIGR-S66270_NCIIPC_02_03_2026.xlsx""]"
http://iimsn.com,"[""PS-02_AIGR-S66270_NCIIPC_02_03_2026.xlsx""]"
onlinetimes.site,"[""PS-02_AIGR-S66270_NCIIPC_02_03_2026.xlsx""]"
https://ecijapi.com,"[""PS-02_AIGR-S66270_NCIIPC_02_03_2026.xlsx""]"
32bit.watch,"[""PS-02_AIGR-S66270_NCIIPC_02_03_2026.xlsx""]"
https://homeloanfreedom.com,"[""PS-02_AIGR-S66270_NCIIPC_02_03_2026.xlsx""]"
cloudrisksolutions.com,"[""PS-02_AIGR-S66270_NCIIPC_02_03_2026.xlsx""]"
sactoh.com,"[""PS-02_AIGR-S66270_NCIIPC_02_03_2026.xlsx""]"
https://cloudvrgames.com,"[""PS-02_AIGR-S66270_NCIIPC_02_03_2026.xlsx""]"
diary-notebook.sa.com,"[""PS-02_AIGR-S66270_NCIIPC_02_03_2026.xlsx""]"
https://icecarvers.com,"[""PS-02_AIGR-S66270_NCIIPC_02_03_2026.xlsx""]"
https://airtkt.in,"[""PS-02_AIGR-S66270_NCIIPC_02_03_2026.xlsx""]"
https://casinoloan.com,"[""PS-02_AIGR-S66270_NCIIPC_02_03_2026.xlsx""]"
airze.com,"[""PS-02_AIGR-S66270_NCIIPC_02_03_2026.xlsx""]"
cloudbreakcannabis.com,"[""PS-02_AIGR-S66270_NCIIPC_02_03_2026.xlsx""]"
https://airt.biz,"[""PS-02_AIGR-S66270_NCIIPC_02_03_2026.xlsx""]"
https://cloudxbrl.com,"[""PS-02_AIGR-S66270_NCIIPC_02_03_2026.xlsx""]"
refita.ru,"[""PS-02_AIGR-S66270_NCIIPC_02_03_2026.xlsx""]"
cloudshiftapp.com,"[""PS-02_AIGR-S66270_NCIIPC_02_03_2026.xlsx""]"
cloudfastmail.com,"[""PS-02_AIGR-S66270_NCIIPC_02_03_2026.xlsx""]"
airmeta.xyz,"[""PS-02_AIGR-S66270_NCIIPC_02_03_2026.xlsx""]"
https://airtm.dating,"[""PS-02_AIGR-S66270_NCIIPC_02_03_2026.xlsx""]"
https://indiaepdcouncil.org,"[""PS-02_AIGR-S66270_NCIIPC_02_03_2026.xlsx""]"
https://indulskin.com,"[""PS-02_AIGR-S66270_NCIIPC_02_03_2026.xlsx""]"
serenity.net.ru,"[""PS-02_AIGR-S66270_NCIIPC_02_03_2026.xlsx""]"
cloudark.xyz,"[""PS-02_AIGR-S66270_NCIIPC_02_03_2026.xlsx""]"
http://nhgam.xyz,"[""PS-02_AIGR-S66270_NCIIPC_02_03_2026.xlsx""]"
homestations.com,"[""PS-02_AIGR-S66270_NCIIPC_02_03_2026.xlsx""]"
airkestrel.com,"[""PS-02_AIGR-S66270_NCIIPC_02_03_2026.xlsx""]"
cloudeus.xyz,"[""PS-02_AIGR-S66270_NCIIPC_02_03_2026.xlsx""]"
xercloud.net,"[""PS-02_AIGR-S66270_NCIIPC_02_03_2026.xlsx""]"
cloudwrites.xyz,"[""PS-02_AIGR-S66270_NCIIPC_02_03_2026.xlsx""]"
diary-student.sa.com,"[""PS-02_AIGR-S66270_NCIIPC_02_03_2026.xlsx""]"
netplango.com,"[""PS-02_AIGR-S66270_NCIIPC_02_03_2026.xlsx""]"
cslindia.com,"[""PS-02_AIGR-S66270_NCIIPC_02_03_2026.xlsx""]"
cloudfounder.xyz,"[""PS-02_AIGR-S66270_NCIIPC_02_03_2026.xlsx""]"
kitech4.com,"[""PS-02_AIGR-S66270_NCIIPC_02_03_2026.xlsx""]"
http://remitq.com,"[""PS-02_AIGR-S66270_NCIIPC_02_03_2026.xlsx""]"
aimcps.com,"[""PS-02_AIGR-S66270_NCIIPC_02_03_2026.xlsx""]"
cloud-laboratory.com,"[""PS-02_AIGR-S66270_NCIIPC_02_03_2026.xlsx""]"
bankofmontreal.asia,"[""PS-02_AIGR-S66270_NCIIPC_02_03_2026.xlsx""]"
isac.dev,"[""PS-02_AIGR-S66270_NCIIPC_02_03_2026.xlsx""]"
miatmongolianairlines.net.ru,"[""PS-02_AIGR-S66270_NCIIPC_02_03_2026.xlsx""]"
homan.dev,"[""PS-02_AIGR-S66270_NCIIPC_02_03_2026.xlsx""]"
inf0tech.com,"[""PS-02_AIGR-S66270_NCIIPC_02_03_2026.xlsx""]"
cloudlords.xyz,"[""PS-02_AIGR-S66270_NCIIPC_02_03_2026.xlsx""]"
indianauctions.com,"[""PS-02_AIGR-S66270_NCIIPC_02_03_2026.xlsx""]"
http://cloudsecuritypodcast.com,"[""PS-02_AIGR-S66270_NCIIPC_02_03_2026.xlsx""]"
online-bookstore.com,"[""PS-02_AIGR-S66270_NCIIPC_02_03_2026.xlsx""]"
jbliot.com,"[""PS-02_AIGR-S66270_NCIIPC_02_03_2026.xlsx""]"
myvisionneeds.com,"[""PS-02_AIGR-S66270_NCIIPC_02_03_2026.xlsx""]"
cloud-doctor.com,"[""PS-02_AIGR-S66270_NCIIPC_02_03_2026.xlsx""]"
onlinezzp.com,"[""PS-02_AIGR-S66270_NCIIPC_02_03_2026.xlsx""]"
cloudscores.xyz,"[""PS-02_AIGR-S66270_NCIIPC_02_03_2026.xlsx""]"
https://cloudchangxunt.com,"[""PS-02_AIGR-S66270_NCIIPC_02_03_2026.xlsx""]"
http://udoai.com,"[""PS-02_AIGR-S66270_NCIIPC_02_03_2026.xlsx""]"
cloudchainhub.xyz,"[""PS-02_AIGR-S66270_NCIIPC_02_03_2026.xlsx""]"
http://ai3.pro,"[""PS-02_AIGR-S66270_NCIIPC_02_03_2026.xlsx""]"
fintechgo.com,"[""PS-02_AIGR-S66270_NCIIPC_02_03_2026.xlsx""]"
incometax.click,"[""PS-02_AIGR-S66270_NCIIPC_02_03_2026.xlsx""]"
inhouseind.com,"[""PS-02_AIGR-S66270_NCIIPC_02_03_2026.xlsx""]"
ciiic.gs,"[""PS-02_AIGR-S66270_NCIIPC_02_03_2026.xlsx""]"
cloudcostreview.com,"[""PS-02_AIGR-S66270_NCIIPC_02_03_2026.xlsx""]"
jwaion.info,"[""PS-02_AIGR-S66270_NCIIPC_02_03_2026.xlsx""]"
myvelocity.website,"[""PS-02_AIGR-S66270_NCIIPC_02_03_2026.xlsx""]"
cliopud.com,"[""PS-02_AIGR-S66270_NCIIPC_02_03_2026.xlsx""]"
abdulmuzeer.cv,"[""PS-02_AIGR-S66270_NCIIPC_02_03_2026.xlsx""]"
jiongdao.com,"[""PS-02_AIGR-S66270_NCIIPC_02_03_2026.xlsx""]"
http://xnhau.link,"[""PS-02_AIGR-S66270_NCIIPC_02_03_2026.xlsx""]"
fashiontrends.sa.com,"[""PS-02_AIGR-S66270_NCIIPC_02_03_2026.xlsx""]"
buildaion.online,"[""PS-02_AIGR-S66270_NCIIPC_02_03_2026.xlsx""]"
cloudlytr.cloud,"[""PS-02_AIGR-S66270_NCIIPC_02_03_2026.xlsx""]"
homenode.uk,"[""PS-02_AIGR-S66270_NCIIPC_02_03_2026.xlsx""]"
school-research.sa.com,"[""PS-02_AIGR-S66270_NCIIPC_02_03_2026.xlsx""]"
http://rebellite.com,"[""PS-02_AIGR-S66270_NCIIPC_02_03_2026.xlsx""]"
online-msg-esl.cfd,"[""PS-02_AIGR-S66270_NCIIPC_02_03_2026.xlsx""]"
bs4l.com,"[""PS-02_AIGR-S66270_NCIIPC_02_03_2026.xlsx""]"
industrialdigital.pl,"[""PS-02_AIGR-S66270_NCIIPC_02_03_2026.xlsx""]"
myvivabloom.com,"[""PS-02_AIGR-S66270_NCIIPC_02_03_2026.xlsx""]"
https://homeflorists.com,"[""PS-02_AIGR-S66270_NCIIPC_02_03_2026.xlsx""]"
irbis.land,"[""PS-02_AIGR-S66270_NCIIPC_02_03_2026.xlsx""]"
http://iol.one,"[""PS-02_AIGR-S66270_NCIIPC_02_03_2026.xlsx""]"
https://iuwebmail.com,"[""PS-02_AIGR-S66270_NCIIPC_02_03_2026.xlsx""]"
nisroc.com,"[""PS-02_AIGR-S66270_NCIIPC_02_03_2026.xlsx""]"
parzival-holding.com,"[""PS-02_AIGR-S66270_NCIIPC_02_03_2026.xlsx""]"
axisframing.net,"[""PS-02_AIGR-S66270_NCIIPC_02_03_2026.xlsx""]"
cloudstoreitanvision.com,"[""PS-02_AIGR-S66270_NCIIPC_02_03_2026.xlsx""]"
homelygardenly.com,"[""PS-02_AIGR-S66270_NCIIPC_02_03_2026.xlsx""]"
https://cloudspire360.com,"[""PS-02_AIGR-S66270_NCIIPC_02_03_2026.xlsx""]"
v5m5.dev,"[""PS-02_AIGR-S66270_NCIIPC_02_03_2026.xlsx""]"
mosaicsecurities.com,"[""PS-02_AIGR-S66270_NCIIPC_02_03_2026.xlsx""]"
https://cloudnarbonne.com,"[""PS-02_AIGR-S66270_NCIIPC_02_03_2026.xlsx""]"
http://corsidgr.com,"[""PS-02_AIGR-S66270_NCIIPC_02_03_2026.xlsx""]"
online-linkt.com,"[""PS-02_AIGR-S66270_NCIIPC_02_03_2026.xlsx""]"
onlinechatsohbet.com,"[""PS-02_AIGR-S66270_NCIIPC_02_03_2026.xlsx""]"
https://airtm.coffee,"[""PS-02_AIGR-S66270_NCIIPC_02_03_2026.xlsx""]"
indukbetid.com,"[""PS-02_AIGR-S66270_NCIIPC_02_03_2026.xlsx""]"
https://incomeinfinite.com,"[""PS-02_AIGR-S66270_NCIIPC_02_03_2026.xlsx""]"
aimoms.com,"[""PS-02_AIGR-S66270_NCIIPC_02_03_2026.xlsx""]"
http://cashlie.com,"[""PS-02_AIGR-S66270_NCIIPC_02_03_2026.xlsx""]"
http://onlinemozio.com,"[""PS-02_AIGR-S66270_NCIIPC_02_03_2026.xlsx""]"
cloudtuk.com,"[""PS-02_AIGR-S66270_NCIIPC_02_03_2026.xlsx""]"
cloudzo.in,"[""PS-02_AIGR-S66270_NCIIPC_02_03_2026.xlsx""]"
visaroy.com,"[""PS-02_AIGR-S66270_NCIIPC_02_03_2026.xlsx""]"
aiimageshub.com,"[""PS-02_AIGR-S66270_NCIIPC_02_03_2026.xlsx""]"
https://24onlinesmi.com,"[""PS-02_AIGR-S66270_NCIIPC_02_03_2026.xlsx""]"
cloudhealings.com,"[""PS-02_AIGR-S66270_NCIIPC_02_03_2026.xlsx""]"
colinial.com,"[""PS-02_AIGR-S66270_NCIIPC_02_03_2026.xlsx""]"
https://onlineshemale.com,"[""PS-02_AIGR-S66270_NCIIPC_02_03_2026.xlsx""]"
http://homeforsalemankato.com,"[""PS-02_AIGR-S66270_NCIIPC_02_03_2026.xlsx""]"
http://diary-edition.sa.com,"[""PS-02_AIGR-S66270_NCIIPC_02_03_2026.xlsx""]"
cloudsensors.xyz,"[""PS-02_AIGR-S66270_NCIIPC_02_03_2026.xlsx""]"
axismundigroup.com,"[""PS-02_AIGR-S66270_NCIIPC_02_03_2026.xlsx""]"
indiacriclegends.com,"[""PS-02_AIGR-S66270_NCIIPC_02_03_2026.xlsx""]"
fluidapi.com,"[""PS-02_AIGR-S66270_NCIIPC_02_03_2026.xlsx""]"
http://homesonline.store,"[""PS-02_AIGR-S66270_NCIIPC_02_03_2026.xlsx""]"
nchian.online,"[""PS-02_AIGR-S66270_NCIIPC_02_03_2026.xlsx""]"
homegrownparaelclasico.com,"[""PS-02_AIGR-S66270_NCIIPC_02_03_2026.xlsx""]"
https://hometonis.com,"[""PS-02_AIGR-S66270_NCIIPC_02_03_2026.xlsx""]"
online-leisulive.com,"[""PS-02_AIGR-S66270_NCIIPC_02_03_2026.xlsx""]"
http://industriallandscape.com,"[""PS-02_AIGR-S66270_NCIIPC_02_03_2026.xlsx""]"
onlinecasinoutankonto.com,"[""PS-02_AIGR-S66270_NCIIPC_02_03_2026.xlsx""]"
aiegis.app,"[""PS-02_AIGR-S66270_NCIIPC_02_03_2026.xlsx""]"
jidoka.com,"[""PS-02_AIGR-S66270_NCIIPC_02_03_2026.xlsx""]"
cloudyum.com,"[""PS-02_AIGR-S66270_NCIIPC_02_03_2026.xlsx""]"
cloudinspire.xyz,"[""PS-02_AIGR-S66270_NCIIPC_02_03_2026.xlsx""]"
http://airtuned.com,"[""PS-02_AIGR-S66270_NCIIPC_02_03_2026.xlsx""]"
airinception.xyz,"[""PS-02_AIGR-S66270_NCIIPC_02_03_2026.xlsx""]"
myvireo.com,"[""PS-02_AIGR-S66270_NCIIPC_02_03_2026.xlsx""]"
cloudroomstudio.com,"[""PS-02_AIGR-S66270_NCIIPC_02_03_2026.xlsx""]"
cloudcharm.xyz,"[""PS-02_AIGR-S66270_NCIIPC_02_03_2026.xlsx""]"
https://indianacoatings.com,"[""PS-02_AIGR-S66270_NCIIPC_02_03_2026.xlsx""]"
cloudbyrevolutions.com,"[""PS-02_AIGR-S66270_NCIIPC_02_03_2026.xlsx""]"
tds.ceo,"[""PS-02_AIGR-S66270_NCIIPC_02_03_2026.xlsx""]"
clawfoundry.io,"[""PS-02_AIGR-S66270_NCIIPC_02_03_2026.xlsx""]"
https://cloudlogging.com,"[""PS-02_AIGR-S66270_NCIIPC_02_03_2026.xlsx""]"
paridhi.com,"[""PS-02_AIGR-S66270_NCIIPC_02_03_2026.xlsx""]"
cloud-9vapors.com,"[""PS-02_AIGR-S66270_NCIIPC_02_03_2026.xlsx""]"
aximofood.com,"[""PS-02_AIGR-S66270_NCIIPC_02_03_2026.xlsx""]"
arcabank.com,"[""PS-02_AIGR-S66270_NCIIPC_02_03_2026.xlsx""]"
cloud-kb.club,"[""PS-02_AIGR-S66270_NCIIPC_02_03_2026.xlsx""]"
crumbsonlinehq.com,"[""PS-02_AIGR-S66270_NCIIPC_02_03_2026.xlsx""]"
axiomsway.com,"[""PS-02_AIGR-S66270_NCIIPC_02_03_2026.xlsx""]"
indianmandionline.com,"[""PS-02_AIGR-S66270_NCIIPC_02_03_2026.xlsx""]"
homesdealss.com,"[""PS-02_AIGR-S66270_NCIIPC_02_03_2026.xlsx""]"
https://cloudstorages.com,"[""PS-02_AIGR-S66270_NCIIPC_02_03_2026.xlsx""]"
netpig.com,"[""PS-02_AIGR-S66270_NCIIPC_02_03_2026.xlsx""]"
cloudno.com,"[""PS-02_AIGR-S66270_NCIIPC_02_03_2026.xlsx""]"
jiazoc.beauty,"[""PS-02_AIGR-S66270_NCIIPC_02_03_2026.xlsx""]"
aiprimordial.com,"[""PS-02_AIGR-S66270_NCIIPC_02_03_2026.xlsx""]"
homesdaytona.com,"[""PS-02_AIGR-S66270_NCIIPC_02_03_2026.xlsx""]"
https://cloudchaser.coffee,"[""PS-02_AIGR-S66270_NCIIPC_02_03_2026.xlsx""]"
authwise.xyz,"[""PS-02_AIGR-S66270_NCIIPC_02_03_2026.xlsx""]"
cloudconnector.xyz,"[""PS-02_AIGR-S66270_NCIIPC_02_03_2026.xlsx""]"
aiiks.com,"[""PS-02_AIGR-S66270_NCIIPC_02_03_2026.xlsx""]"
panbe.bond,"[""PS-02_AIGR-S66270_NCIIPC_02_03_2026.xlsx""]"
spacex.vip,"[""PS-02_AIGR-S66270_NCIIPC_02_03_2026.xlsx""]"
indiaminigolf.com,"[""PS-02_AIGR-S66270_NCIIPC_02_03_2026.xlsx""]"
https://cloud-on-chip.com,"[""PS-02_AIGR-S66270_NCIIPC_02_03_2026.xlsx""]"
cloudenergy.tech,"[""PS-02_AIGR-S66270_NCIIPC_02_03_2026.xlsx""]"
cloudbonsai.xyz,"[""PS-02_AIGR-S66270_NCIIPC_02_03_2026.xlsx""]"
cloudniteai.xyz,"[""PS-02_AIGR-S66270_NCIIPC_02_03_2026.xlsx""]"
https://safbii.com,"[""PS-02_AIGR-S66270_NCIIPC_02_03_2026.xlsx""]"
rescloud.dev,"[""PS-02_AIGR-S66270_NCIIPC_02_03_2026.xlsx""]"
https://vexcloud.com,"[""PS-02_AIGR-S66270_NCIIPC_02_03_2026.xlsx""]"
cloudcaledonia.com,"[""PS-02_AIGR-S66270_NCIIPC_02_03_2026.xlsx""]"
http://netpoint-its.com,"[""PS-02_AIGR-S66270_NCIIPC_02_03_2026.xlsx""]"
parivartaan.com,"[""PS-02_AIGR-S66270_NCIIPC_02_03_2026.xlsx""]"
homeeai.com,"[""PS-02_AIGR-S66270_NCIIPC_02_03_2026.xlsx""]"
aiim-demo.com,"[""PS-02_AIGR-S66270_NCIIPC_02_03_2026.xlsx""]"
hometoshak.com,"[""PS-02_AIGR-S66270_NCIIPC_02_03_2026.xlsx""]"
bankofcostarica.com,"[""PS-02_AIGR-S66270_NCIIPC_02_03_2026.xlsx""]"
homeslegal.com,"[""PS-02_AIGR-S66270_NCIIPC_02_03_2026.xlsx""]"
pinbtwn.com,"[""PS-02_AIGR-S66270_NCIIPC_02_03_2026.xlsx""]"
cloudflowers.net,"[""PS-02_AIGR-S66270_NCIIPC_02_03_2026.xlsx""]"
http://cloudeus.link,"[""PS-02_AIGR-S66270_NCIIPC_02_03_2026.xlsx""]"
insurons.com,"[""PS-02_AIGR-S66270_NCIIPC_02_03_2026.xlsx""]"
home850.com,"[""PS-02_AIGR-S66270_NCIIPC_02_03_2026.xlsx""]"
ecomix.life,"[""PS-02_AIGR-S66270_NCIIPC_02_03_2026.xlsx""]"
onlinewebauth.icu,"[""PS-02_AIGR-S66270_NCIIPC_02_03_2026.xlsx""]"
onlineearniing.xyz,"[""PS-02_AIGR-S66270_NCIIPC_02_03_2026.xlsx""]"
cloud-stash.tech,"[""PS-02_AIGR-S66270_NCIIPC_02_03_2026.xlsx""]"
nros.net,"[""PS-02_AIGR-S66270_NCIIPC_02_03_2026.xlsx""]"
https://akclouds.com,"[""PS-02_AIGR-S66270_NCIIPC_02_03_2026.xlsx""]"
ai-isc.org,"[""PS-02_AIGR-S66270_NCIIPC_02_03_2026.xlsx""]"
cloudatom.xyz,"[""PS-02_AIGR-S66270_NCIIPC_02_03_2026.xlsx""]"
bankofmesa.com,"[""PS-02_AIGR-S66270_NCIIPC_02_03_2026.xlsx""]"
https://onlinesohbetchat.com,"[""PS-02_AIGR-S66270_NCIIPC_02_03_2026.xlsx""]"
homeownersparty.com,"[""PS-02_AIGR-S66270_NCIIPC_02_03_2026.xlsx""]"
rbifund.co.in,"[""PS-02_AIGR-S66270_NCIIPC_02_03_2026.xlsx""]"
indiya.digital,"[""PS-02_AIGR-S66270_NCIIPC_02_03_2026.xlsx""]"
clouds-mail.com,"[""PS-02_AIGR-S66270_NCIIPC_02_03_2026.xlsx""]"
https://camacconsulting.com,"[""PS-02_AIGR-S66270_NCIIPC_02_03_2026.xlsx""]"
https://incoperate.com,"[""PS-02_AIGR-S66270_NCIIPC_02_03_2026.xlsx""]"
aloud.live,"[""PS-02_AIGR-S66270_NCIIPC_02_03_2026.xlsx""]"
myviettelvn.click,"[""PS-02_AIGR-S66270_NCIIPC_02_03_2026.xlsx""]"
https://jycloud.icu,"[""PS-02_AIGR-S66270_NCIIPC_02_03_2026.xlsx""]"
http://cloudjuno.com,"[""PS-02_AIGR-S66270_NCIIPC_02_03_2026.xlsx""]"
https://co1n.ai,"[""PS-02_AIGR-S66270_NCIIPC_02_03_2026.xlsx""]"
https://industrialland.dev,"[""PS-02_AIGR-S66270_NCIIPC_02_03_2026.xlsx""]"
https://edfbank.com,"[""PS-02_AIGR-S66270_NCIIPC_02_03_2026.xlsx""]"
aiimai.dev,"[""PS-02_AIGR-S66270_NCIIPC_02_03_2026.xlsx""]"
https://homesvacations.com,"[""PS-02_AIGR-S66270_NCIIPC_02_03_2026.xlsx""]"
axisfab3d.com,"[""PS-02_AIGR-S66270_NCIIPC_02_03_2026.xlsx""]"
cloudcardinal.xyz,"[""PS-02_AIGR-S66270_NCIIPC_02_03_2026.xlsx""]"
onlineshare.info,"[""PS-02_AIGR-S66270_NCIIPC_02_03_2026.xlsx""]"
http://ecowin.info,"[""PS-02_AIGR-S66270_NCIIPC_02_03_2026.xlsx""]"
homeclaw.app,"[""PS-02_AIGR-S66270_NCIIPC_02_03_2026.xlsx""]"
revbri.com,"[""PS-02_AIGR-S66270_NCIIPC_02_03_2026.xlsx""]"
cloudyvapor.com,"[""PS-02_AIGR-S66270_NCIIPC_02_03_2026.xlsx""]"
edition-notebook.sa.com,"[""PS-02_AIGR-S66270_NCIIPC_02_03_2026.xlsx""]"
jioepay.com,"[""PS-02_AIGR-S66270_NCIIPC_02_03_2026.xlsx""]"
cluod.help,"[""PS-02_AIGR-S66270_NCIIPC_02_03_2026.xlsx""]"
authen.help,"[""PS-02_AIGR-S66270_NCIIPC_02_03_2026.xlsx""]"
neghab.click,"[""PS-02_AIGR-S66270_NCIIPC_02_03_2026.xlsx""]"
subito.today,"[""PS-02_AIGR-S66270_NCIIPC_02_03_2026.xlsx""]"
cloudcommunications.xyz,"[""PS-02_AIGR-S66270_NCIIPC_02_03_2026.xlsx""]"
coalitionscan.com,"[""PS-02_AIGR-S66270_NCIIPC_02_03_2026.xlsx""]"
ecosiv.com,"[""PS-02_AIGR-S66270_NCIIPC_02_03_2026.xlsx""]"
homesomepai.com,"[""PS-02_AIGR-S66270_NCIIPC_02_03_2026.xlsx""]"
cloudanydevice.com,"[""PS-02_AIGR-S66270_NCIIPC_02_03_2026.xlsx""]"
homeofdomehats.com,"[""PS-02_AIGR-S66270_NCIIPC_02_03_2026.xlsx""]"
konytech.com,"[""PS-02_AIGR-S66270_NCIIPC_02_03_2026.xlsx""]"
sfbigh.com,"[""PS-02_AIGR-S66270_NCIIPC_02_03_2026.xlsx""]"
abad.win,"[""PS-02_AIGR-S66270_NCIIPC_02_03_2026.xlsx""]"
xclouds.club,"[""PS-02_AIGR-S66270_NCIIPC_02_03_2026.xlsx""]"
cloudburstident.com,"[""PS-02_AIGR-S66270_NCIIPC_02_03_2026.xlsx""]"
ntb3.sa.com,"[""PS-02_AIGR-S66270_NCIIPC_02_03_2026.xlsx""]"
rbpi.info,"[""PS-02_AIGR-S66270_NCIIPC_02_03_2026.xlsx""]"
atmocloud.com,"[""PS-02_AIGR-S66270_NCIIPC_02_03_2026.xlsx""]"
panbe.site,"[""PS-02_AIGR-S66270_NCIIPC_02_03_2026.xlsx""]"
cloudcroftvillages.com,"[""PS-02_AIGR-S66270_NCIIPC_02_03_2026.xlsx""]"
cloudonchip.com,"[""PS-02_AIGR-S66270_NCIIPC_02_03_2026.xlsx""]"
airtoenergy.com,"[""PS-02_AIGR-S66270_NCIIPC_02_03_2026.xlsx""]"
https://ironclaw.ca,"[""PS-02_AIGR-S66270_NCIIPC_02_03_2026.xlsx""]"
onlineddc.com,"[""PS-02_AIGR-S66270_NCIIPC_02_03_2026.xlsx""]"
http://siacm.gs,"[""PS-02_AIGR-S66270_NCIIPC_02_03_2026.xlsx""]"
authenticiemalli.world,"[""PS-02_AIGR-S66270_NCIIPC_02_03_2026.xlsx""]"
airmaxexpresss.com,"[""PS-02_AIGR-S66270_NCIIPC_02_03_2026.xlsx""]"
paraaf.com,"[""PS-02_AIGR-S66270_NCIIPC_02_03_2026.xlsx""]"
cloudasteroid.xyz,"[""PS-02_AIGR-S66270_NCIIPC_02_03_2026.xlsx""]"
https://cloud-nex.com,"[""PS-02_AIGR-S66270_NCIIPC_02_03_2026.xlsx""]"
panbe.space,"[""PS-02_AIGR-S66270_NCIIPC_02_03_2026.xlsx""]"
clouddefenders.xyz,"[""PS-02_AIGR-S66270_NCIIPC_02_03_2026.xlsx""]"
https://homezoos.com,"[""PS-02_AIGR-S66270_NCIIPC_02_03_2026.xlsx""]"
https://industryredy.com,"[""PS-02_AIGR-S66270_NCIIPC_02_03_2026.xlsx""]"
http://arbit.net.pl,"[""PS-02_AIGR-S66270_NCIIPC_02_03_2026.xlsx""]"
myvisionof.com,"[""PS-02_AIGR-S66270_NCIIPC_02_03_2026.xlsx""]"
indianorganicshop.com,"[""PS-02_AIGR-S66270_NCIIPC_02_03_2026.xlsx""]"
http://icola.net,"[""PS-02_AIGR-S66270_NCIIPC_02_03_2026.xlsx""]"
https://homex-sa.com,"[""PS-02_AIGR-S66270_NCIIPC_02_03_2026.xlsx""]"
https://cloudpagetutorials.com,"[""PS-02_AIGR-S66270_NCIIPC_02_03_2026.xlsx""]"
cloudevergreen.com,"[""PS-02_AIGR-S66270_NCIIPC_02_03_2026.xlsx""]"
indiainternetworld.com,"[""PS-02_AIGR-S66270_NCIIPC_02_03_2026.xlsx""]"
online-kredite.com,"[""PS-02_AIGR-S66270_NCIIPC_02_03_2026.xlsx""]"
cloudvlog.xyz,"[""PS-02_AIGR-S66270_NCIIPC_02_03_2026.xlsx""]"
http://cloudin.asia,"[""PS-02_AIGR-S66270_NCIIPC_02_03_2026.xlsx""]"
rb0imt.beauty,"[""PS-02_AIGR-S66270_NCIIPC_02_03_2026.xlsx""]"
https://nezha8.xyz,"[""PS-02_AIGR-S66270_NCIIPC_02_03_2026.xlsx""]"
cloudrede.com,"[""PS-02_AIGR-S66270_NCIIPC_02_03_2026.xlsx""]"
https://sackids.us,"[""PS-02_AIGR-S66270_NCIIPC_02_03_2026.xlsx""]"
online-seminar.jp,"[""PS-02_AIGR-S66270_NCIIPC_02_03_2026.xlsx""]"
cloudsystems.cloud,"[""PS-02_AIGR-S66270_NCIIPC_02_03_2026.xlsx""]"
https://homeplatebrokers.com,"[""PS-02_AIGR-S66270_NCIIPC_02_03_2026.xlsx""]"
https://cloudtherapies.com,"[""PS-02_AIGR-S66270_NCIIPC_02_03_2026.xlsx""]"
onlineaxiom.xyz,"[""PS-02_AIGR-S66270_NCIIPC_02_03_2026.xlsx""]"
orbi.cool,"[""PS-02_AIGR-S66270_NCIIPC_02_03_2026.xlsx""]"
camshield.app,"[""PS-02_AIGR-S66270_NCIIPC_02_03_2026.xlsx""]"
http://cloudeus.org,"[""PS-02_AIGR-S66270_NCIIPC_02_03_2026.xlsx""]"
airturf307.com,"[""PS-02_AIGR-S66270_NCIIPC_02_03_2026.xlsx""]"
industri.us,"[""PS-02_AIGR-S66270_NCIIPC_02_03_2026.xlsx""]"
5acu3379.com,"[""PS-02_AIGR-S66270_NCIIPC_02_03_2026.xlsx""]"
feigege.ec.cc,"[""PS-02_AIGR-S66270_NCIIPC_02_03_2026.xlsx""]"
onlinedatings767.xyz,"[""PS-02_AIGR-S66270_NCIIPC_02_03_2026.xlsx""]"
axies.engineer,"[""PS-02_AIGR-S66270_NCIIPC_02_03_2026.xlsx""]"
airtravelspecialties.com,"[""PS-02_AIGR-S66270_NCIIPC_02_03_2026.xlsx""]"
https://nhtpay.com,"[""PS-02_AIGR-S66270_NCIIPC_02_03_2026.xlsx""]"
onlinegrowthbridge.org,"[""PS-02_AIGR-S66270_NCIIPC_02_03_2026.xlsx""]"
http://axiosbio.com,"[""PS-02_AIGR-S66270_NCIIPC_02_03_2026.xlsx""]"
para.land,"[""PS-02_AIGR-S66270_NCIIPC_02_03_2026.xlsx""]"
basestar.ovh,"[""PS-02_AIGR-S66270_NCIIPC_02_03_2026.xlsx""]"
indiansolder.cam,"[""PS-02_AIGR-S66270_NCIIPC_02_03_2026.xlsx""]"
cloudmuse.xyz,"[""PS-02_AIGR-S66270_NCIIPC_02_03_2026.xlsx""]"
myvedicvibe.com,"[""PS-02_AIGR-S66270_NCIIPC_02_03_2026.xlsx""]"
cloudecho.xyz,"[""PS-02_AIGR-S66270_NCIIPC_02_03_2026.xlsx""]"
cloudcooperative.xyz,"[""PS-02_AIGR-S66270_NCIIPC_02_03_2026.xlsx""]"
cloudart.yt,"[""PS-02_AIGR-S66270_NCIIPC_02_03_2026.xlsx""]"
online-gambling.biz,"[""PS-02_AIGR-S66270_NCIIPC_02_03_2026.xlsx""]"
homedepotn.com,"[""PS-02_AIGR-S66270_NCIIPC_02_03_2026.xlsx""]"
byindian.com,"[""PS-02_AIGR-S66270_NCIIPC_02_03_2026.xlsx""]"
https://cloudbridge.dev,"[""PS-02_AIGR-S66270_NCIIPC_02_03_2026.xlsx""]"
homesforsalesandysprings.com,"[""PS-02_AIGR-S66270_NCIIPC_02_03_2026.xlsx""]"
https://homeloansmichigan.com,"[""PS-02_AIGR-S66270_NCIIPC_02_03_2026.xlsx""]"
kiwanotech.com,"[""PS-02_AIGR-S66270_NCIIPC_02_03_2026.xlsx""]"
bankld.xyz,"[""PS-02_AIGR-S66270_NCIIPC_02_03_2026.xlsx""]"
cloudtomorrow.xyz,"[""PS-02_AIGR-S66270_NCIIPC_02_03_2026.xlsx""]"
cloudnet75.com,"[""PS-02_AIGR-S66270_NCIIPC_02_03_2026.xlsx""]"
online0x.xyz,"[""PS-02_AIGR-S66270_NCIIPC_02_03_2026.xlsx""]"
sboziy.com,"[""PS-02_AIGR-S66270_NCIIPC_02_03_2026.xlsx""]"
onlinesssk.com,"[""PS-02_AIGR-S66270_NCIIPC_02_03_2026.xlsx""]"
saicem.top,"[""PS-02_AIGR-S66270_NCIIPC_02_03_2026.xlsx""]"
incaion.online,"[""PS-02_AIGR-S66270_NCIIPC_02_03_2026.xlsx""]"
onlineseducer.com,"[""PS-02_AIGR-S66270_NCIIPC_02_03_2026.xlsx""]"
http://bankofhbar.com,"[""PS-02_AIGR-S66270_NCIIPC_02_03_2026.xlsx""]"
clouddl.xyz,"[""PS-02_AIGR-S66270_NCIIPC_02_03_2026.xlsx""]"
nchian.cc,"[""PS-02_AIGR-S66270_NCIIPC_02_03_2026.xlsx""]"
cloudcrd.com,"[""PS-02_AIGR-S66270_NCIIPC_02_03_2026.xlsx""]"
https://homelocalservices.biz,"[""PS-02_AIGR-S66270_NCIIPC_02_03_2026.xlsx""]"
https://aiinertia.com,"[""PS-02_AIGR-S66270_NCIIPC_02_03_2026.xlsx""]"
http://cloudchat.vip,"[""PS-02_AIGR-S66270_NCIIPC_02_03_2026.xlsx""]"
http://homesforsaleinchicoca.com,"[""PS-02_AIGR-S66270_NCIIPC_02_03_2026.xlsx""]"
https://myvirtualbuddy.chat,"[""PS-02_AIGR-S66270_NCIIPC_02_03_2026.xlsx""]"
inkedesignd.com,"[""PS-02_AIGR-S66270_NCIIPC_02_03_2026.xlsx""]"
http://insproit.com,"[""PS-02_AIGR-S66270_NCIIPC_02_03_2026.xlsx""]"
eechip.com,"[""PS-02_AIGR-S66270_NCIIPC_02_03_2026.xlsx""]"
desicard.com,"[""PS-02_AIGR-S66270_NCIIPC_02_03_2026.xlsx""]"
nezha5.com,"[""PS-02_AIGR-S66270_NCIIPC_02_03_2026.xlsx""]"
myvivatours.com,"[""PS-02_AIGR-S66270_NCIIPC_02_03_2026.xlsx""]"
https://search.forum,"[""PS-02_AIGR-S66270_NCIIPC_02_03_2026.xlsx""]"
ones.agency,"[""PS-02_AIGR-S66270_NCIIPC_02_03_2026.xlsx""]"
http://crogs.com,"[""PS-02_AIGR-S66270_NCIIPC_02_03_2026.xlsx""]"
fgtk.sa.com,"[""PS-02_AIGR-S66270_NCIIPC_02_03_2026.xlsx""]"
ichiback.com,"[""PS-02_AIGR-S66270_NCIIPC_02_03_2026.xlsx""]"
home2sold.com,"[""PS-02_AIGR-S66270_NCIIPC_02_03_2026.xlsx""]"
banksadda.com,"[""PS-02_AIGR-S66270_NCIIPC_02_03_2026.xlsx""]"
krbig.com,"[""PS-02_AIGR-S66270_NCIIPC_02_03_2026.xlsx""]"
cloudpoie.com,"[""PS-02_AIGR-S66270_NCIIPC_02_03_2026.xlsx""]"
moodcloud.xyz,"[""PS-02_AIGR-S66270_NCIIPC_02_03_2026.xlsx""]"
saucer.casa,"[""PS-02_AIGR-S66270_NCIIPC_02_03_2026.xlsx""]"
http://homeleads.biz,"[""PS-02_AIGR-S66270_NCIIPC_02_03_2026.xlsx""]"
http://cloudeus.pro,"[""PS-02_AIGR-S66270_NCIIPC_02_03_2026.xlsx""]"
onlinebuckss.co,"[""PS-02_AIGR-S66270_NCIIPC_02_03_2026.xlsx""]"
bnhaa.fit,"[""PS-02_AIGR-S66270_NCIIPC_02_03_2026.xlsx""]"
https://onlinedfs.com,"[""PS-02_AIGR-S66270_NCIIPC_02_03_2026.xlsx""]"
axis-of-worlds.com,"[""PS-02_AIGR-S66270_NCIIPC_02_03_2026.xlsx""]"
onlineordinal.xyz,"[""PS-02_AIGR-S66270_NCIIPC_02_03_2026.xlsx""]"
onlinewizard.xyz,"[""PS-02_AIGR-S66270_NCIIPC_02_03_2026.xlsx""]"
cloudwinds.xyz,"[""PS-02_AIGR-S66270_NCIIPC_02_03_2026.xlsx""]"
canabook.com,"[""PS-02_AIGR-S66270_NCIIPC_02_03_2026.xlsx""]"
cloudshikshak.com,"[""PS-02_AIGR-S66270_NCIIPC_02_03_2026.xlsx""]"
cloudmiral.com,"[""PS-02_AIGR-S66270_NCIIPC_02_03_2026.xlsx""]"
home60515.com,"[""PS-02_AIGR-S66270_NCIIPC_02_03_2026.xlsx""]"
iridan.com,"[""PS-02_AIGR-S66270_NCIIPC_02_03_2026.xlsx""]"
rahbiz.com,"[""PS-02_AIGR-S66270_NCIIPC_02_03_2026.xlsx""]"
sacback.com,"[""PS-02_AIGR-S66270_NCIIPC_02_03_2026.xlsx""]"
saifindia.com,"[""PS-02_AIGR-S66270_NCIIPC_02_03_2026.xlsx""]"
bsn111.com,"[""PS-02_AIGR-S66270_NCIIPC_02_03_2026.xlsx""]"
https://cloudsermon.com,"[""PS-02_AIGR-S66270_NCIIPC_02_03_2026.xlsx""]"
cloudfinancing.xyz,"[""PS-02_AIGR-S66270_NCIIPC_02_03_2026.xlsx""]"
https://onlinegrittech.com,"[""PS-02_AIGR-S66270_NCIIPC_02_03_2026.xlsx""]"
https://icicek.com,"[""PS-02_AIGR-S66270_NCIIPC_02_03_2026.xlsx""]"
https://cloudfullstack.com,"[""PS-02_AIGR-S66270_NCIIPC_02_03_2026.xlsx""]"
clouddatahelp.com,"[""PS-02_AIGR-S66270_NCIIPC_02_03_2026.xlsx""]"
https://krebsiti.com,"[""PS-02_AIGR-S66270_NCIIPC_02_03_2026.xlsx""]"
fintechtr.com,"[""PS-02_AIGR-S66270_NCIIPC_02_03_2026.xlsx""]"
onlinecasinosformobile.com,"[""PS-02_AIGR-S66270_NCIIPC_02_03_2026.xlsx""]"
http://cloudwitharyan.tech,"[""PS-02_AIGR-S66270_NCIIPC_02_03_2026.xlsx""]"
clouded-minds.com,"[""PS-02_AIGR-S66270_NCIIPC_02_03_2026.xlsx""]"
http://avacloud.online,"[""PS-02_AIGR-S66270_NCIIPC_02_03_2026.xlsx""]"
https://sackss.com,"[""PS-02_AIGR-S66270_NCIIPC_02_03_2026.xlsx""]"
https://deaffirst.co.uk,"[""PS-02_AIGR-S66270_NCIIPC_02_03_2026.xlsx""]"
https://airlst.com,"[""PS-02_AIGR-S66270_NCIIPC_02_03_2026.xlsx""]"
cloudonymous.com,"[""PS-02_AIGR-S66270_NCIIPC_02_03_2026.xlsx""]"
http://industrialsyndications.net,"[""PS-02_AIGR-S66270_NCIIPC_02_03_2026.xlsx""]"
http://homelotterynews.com,"[""PS-02_AIGR-S66270_NCIIPC_02_03_2026.xlsx""]"
indianolarecord.info,"[""PS-02_AIGR-S66270_NCIIPC_02_03_2026.xlsx""]"
http://cloudsteps-boutique.com,"[""PS-02_AIGR-S66270_NCIIPC_02_03_2026.xlsx""]"
cloudvaulted.xyz,"[""PS-02_AIGR-S66270_NCIIPC_02_03_2026.xlsx""]"
cloud6miner.cloud,"[""PS-02_AIGR-S66270_NCIIPC_02_03_2026.xlsx""]"
https://axisaicore.com,"[""PS-02_AIGR-S66270_NCIIPC_02_03_2026.xlsx""]"
canala-sa.com,"[""PS-02_AIGR-S66270_NCIIPC_02_03_2026.xlsx""]"
cometsonline.xyz,"[""PS-02_AIGR-S66270_NCIIPC_02_03_2026.xlsx""]"
http://maonline2.xyz,"[""PS-02_AIGR-S66270_NCIIPC_02_03_2026.xlsx""]"
https://airtechhub.site,"[""PS-02_AIGR-S66270_NCIIPC_02_03_2026.xlsx""]"
cursoonline.site,"[""PS-02_AIGR-S66270_NCIIPC_02_03_2026.xlsx""]"
https://resbet.top,"[""PS-02_AIGR-S66270_NCIIPC_02_03_2026.xlsx""]"
axisprints.com,"[""PS-02_AIGR-S66270_NCIIPC_02_03_2026.xlsx""]"
http://jesindia.com,"[""PS-02_AIGR-S66270_NCIIPC_02_03_2026.xlsx""]"
subib.com,"[""PS-02_AIGR-S66270_NCIIPC_02_03_2026.xlsx""]"
cloudbera.com,"[""PS-02_AIGR-S66270_NCIIPC_02_03_2026.xlsx""]"
axisitbd.com,"[""PS-02_AIGR-S66270_NCIIPC_02_03_2026.xlsx""]"
indiaeconomics.com,"[""PS-02_AIGR-S66270_NCIIPC_02_03_2026.xlsx""]"
onlinemusicfestival.com,"[""PS-02_AIGR-S66270_NCIIPC_02_03_2026.xlsx""]"
homeroofcleaner.com,"[""PS-02_AIGR-S66270_NCIIPC_02_03_2026.xlsx""]"
campaponline.com,"[""PS-02_AIGR-S66270_NCIIPC_02_03_2026.xlsx""]"
cloutdefined.biz,"[""PS-02_AIGR-S66270_NCIIPC_02_03_2026.xlsx""]"
cloudcrypt.xyz,"[""PS-02_AIGR-S66270_NCIIPC_02_03_2026.xlsx""]"
onlineus.art,"[""PS-02_AIGR-S66270_NCIIPC_02_03_2026.xlsx""]"
http://aidids.com,"[""PS-02_AIGR-S66270_NCIIPC_02_03_2026.xlsx""]"
cffund.com,"[""PS-02_AIGR-S66270_NCIIPC_02_03_2026.xlsx""]"
jxccloud.com,"[""PS-02_AIGR-S66270_NCIIPC_02_03_2026.xlsx""]"
axiusprime.com,"[""PS-02_AIGR-S66270_NCIIPC_02_03_2026.xlsx""]"
https://onlinez.com,"[""PS-02_AIGR-S66270_NCIIPC_02_03_2026.xlsx""]"
indianmobility.com,"[""PS-02_AIGR-S66270_NCIIPC_02_03_2026.xlsx""]"
clouddy.cloud,"[""PS-02_AIGR-S66270_NCIIPC_02_03_2026.xlsx""]"
homesforfalcons.com,"[""PS-02_AIGR-S66270_NCIIPC_02_03_2026.xlsx""]"
cloudencryption.xyz,"[""PS-02_AIGR-S66270_NCIIPC_02_03_2026.xlsx""]"
rebise.com,"[""PS-02_AIGR-S66270_NCIIPC_02_03_2026.xlsx""]"
bukeindia.com,"[""PS-02_AIGR-S66270_NCIIPC_02_03_2026.xlsx""]"
homeloantv.com,"[""PS-02_AIGR-S66270_NCIIPC_02_03_2026.xlsx""]"
https://aitherlab.org,"[""PS-02_AIGR-S66270_NCIIPC_02_03_2026.xlsx""]"
cloudroar.xyz,"[""PS-02_AIGR-S66270_NCIIPC_02_03_2026.xlsx""]"
canadianbread.com,"[""PS-02_AIGR-S66270_NCIIPC_02_03_2026.xlsx""]"
indiafinder.com,"[""PS-02_AIGR-S66270_NCIIPC_02_03_2026.xlsx""]"
onlineatms.com,"[""PS-02_AIGR-S66270_NCIIPC_02_03_2026.xlsx""]"
airindiaai.com,"[""PS-02_AIGR-S66270_NCIIPC_02_03_2026.xlsx""]"
onlinecasinoblogincanada.com,"[""PS-02_AIGR-S66270_NCIIPC_02_03_2026.xlsx""]"
axial-e.com,"[""PS-02_AIGR-S66270_NCIIPC_02_03_2026.xlsx""]"
amsouthonline.us,"[""PS-02_AIGR-S66270_NCIIPC_02_03_2026.xlsx""]"
myvivastyle.com,"[""PS-02_AIGR-S66270_NCIIPC_02_03_2026.xlsx""]"
homeshoplink.com,"[""PS-02_AIGR-S66270_NCIIPC_02_03_2026.xlsx""]"
onlifeshop.com,"[""PS-02_AIGR-S66270_NCIIPC_02_03_2026.xlsx""]"
cloudignite.xyz,"[""PS-02_AIGR-S66270_NCIIPC_02_03_2026.xlsx""]"
online152.com,"[""PS-02_AIGR-S66270_NCIIPC_02_03_2026.xlsx""]"
ebit.one,"[""PS-02_AIGR-S66270_NCIIPC_02_03_2026.xlsx""]"
axiomai.ltd,"[""PS-02_AIGR-S66270_NCIIPC_02_03_2026.xlsx""]"
industrie-dekor.com,"[""PS-02_AIGR-S66270_NCIIPC_02_03_2026.xlsx""]"
aiperindia.com,"[""PS-02_AIGR-S66270_NCIIPC_02_03_2026.xlsx""]"
albd.dev,"[""PS-02_AIGR-S66270_NCIIPC_02_03_2026.xlsx""]"
cloudsaur.com,"[""PS-02_AIGR-S66270_NCIIPC_02_03_2026.xlsx""]"
onlinecapital.xyz,"[""PS-02_AIGR-S66270_NCIIPC_02_03_2026.xlsx""]"
cloudsuperapp.net,"[""PS-02_AIGR-S66270_NCIIPC_02_03_2026.xlsx""]"
homeinsobha.com,"[""PS-02_AIGR-S66270_NCIIPC_02_03_2026.xlsx""]"
cloud-dns-inc.com,"[""PS-02_AIGR-S66270_NCIIPC_02_03_2026.xlsx""]"
cloudvory.store,"[""PS-02_AIGR-S66270_NCIIPC_02_03_2026.xlsx""]"
indianiks.com,"[""PS-02_AIGR-S66270_NCIIPC_02_03_2026.xlsx""]"
cloudsquid.xyz,"[""PS-02_AIGR-S66270_NCIIPC_02_03_2026.xlsx""]"
tariffrepayment.com,"[""PS-02_AIGR-S66270_NCIIPC_02_03_2026.xlsx""]"
cloudsustain.xyz,"[""PS-02_AIGR-S66270_NCIIPC_02_03_2026.xlsx""]"
indiclean.in,"[""PS-02_AIGR-S66270_NCIIPC_02_03_2026.xlsx""]"
vsindia.com,"[""PS-02_AIGR-S66270_NCIIPC_02_03_2026.xlsx""]"
homefiberglass.com,"[""PS-02_AIGR-S66270_NCIIPC_02_03_2026.xlsx""]"
nhsc.us,"[""PS-02_AIGR-S66270_NCIIPC_02_03_2026.xlsx""]"
onlinesoon.com,"[""PS-02_AIGR-S66270_NCIIPC_02_03_2026.xlsx""]"
homelogix.ai,"[""PS-02_AIGR-S66270_NCIIPC_02_03_2026.xlsx""]"
online-msg-esl.xyz,"[""PS-02_AIGR-S66270_NCIIPC_02_03_2026.xlsx""]"
cloudflare.cfd,"[""PS-02_AIGR-S66270_NCIIPC_02_03_2026.xlsx""]"
authease.xyz,"[""PS-02_AIGR-S66270_NCIIPC_02_03_2026.xlsx""]"
onlinetutorsbiz.com,"[""PS-02_AIGR-S66270_NCIIPC_02_03_2026.xlsx""]"
https://cloudjars.com,"[""PS-02_AIGR-S66270_NCIIPC_02_03_2026.xlsx""]"
53face.com,"[""PS-02_AIGR-S66270_NCIIPC_02_03_2026.xlsx""]"
bandotblackraban.xyz,"[""PS-02_AIGR-S66270_NCIIPC_02_03_2026.xlsx""]"
homemoses.com,"[""PS-02_AIGR-S66270_NCIIPC_02_03_2026.xlsx""]"
onlinecasinos77za.com,"[""PS-02_AIGR-S66270_NCIIPC_02_03_2026.xlsx""]"
paarivahan.com,"[""PS-02_AIGR-S66270_NCIIPC_02_03_2026.xlsx""]"
moneyvit.com,"[""PS-02_AIGR-S66270_NCIIPC_02_03_2026.xlsx""]"
cloudacquire.xyz,"[""PS-02_AIGR-S66270_NCIIPC_02_03_2026.xlsx""]"
http://rebalio.com,"[""PS-02_AIGR-S66270_NCIIPC_02_03_2026.xlsx""]"
arbi.business,"[""PS-02_AIGR-S66270_NCIIPC_02_03_2026.xlsx""]"
cloudix-digital.com,"[""PS-02_AIGR-S66270_NCIIPC_02_03_2026.xlsx""]"
http://scbiet.com,"[""PS-02_AIGR-S66270_NCIIPC_02_03_2026.xlsx""]"
homenet.org.pl,"[""PS-02_AIGR-S66270_NCIIPC_02_03_2026.xlsx""]"
https://remkit.com,"[""PS-02_AIGR-S66270_NCIIPC_02_03_2026.xlsx""]"
http://cloudifysmm.app,"[""PS-02_AIGR-S66270_NCIIPC_02_03_2026.xlsx""]"
http://pamsonline.com,"[""PS-02_AIGR-S66270_NCIIPC_02_03_2026.xlsx""]"
indianasod.com,"[""PS-02_AIGR-S66270_NCIIPC_02_03_2026.xlsx""]"
https://cloud-aion.com,"[""PS-02_AIGR-S66270_NCIIPC_02_03_2026.xlsx""]"
cloudtalentbrief.com,"[""PS-02_AIGR-S66270_NCIIPC_02_03_2026.xlsx""]"
tkz981.sa.com,"[""PS-02_AIGR-S66270_NCIIPC_02_03_2026.xlsx""]"
https://cloudlineofficial.com,"[""PS-02_AIGR-S66270_NCIIPC_02_03_2026.xlsx""]"
bankwawa.com,"[""PS-02_AIGR-S66270_NCIIPC_02_03_2026.xlsx""]"
https://cloudsecuritybox.com,"[""PS-02_AIGR-S66270_NCIIPC_02_03_2026.xlsx""]"
https://axisstar.com,"[""PS-02_AIGR-S66270_NCIIPC_02_03_2026.xlsx""]"
https://cloudninefamilysleep.com,"[""PS-02_AIGR-S66270_NCIIPC_02_03_2026.xlsx""]"
http://indianfood1a.com,"[""PS-02_AIGR-S66270_NCIIPC_02_03_2026.xlsx""]"
fintech.ac.id,"[""PS-02_AIGR-S66270_NCIIPC_02_03_2026.xlsx""]"
https://indiaepdcouncil.com,"[""PS-02_AIGR-S66270_NCIIPC_02_03_2026.xlsx""]"
https://ecidum.rest,"[""PS-02_AIGR-S66270_NCIIPC_02_03_2026.xlsx""]"
annabaran.com,"[""PS-02_AIGR-S66270_NCIIPC_02_03_2026.xlsx""]"
flow-arch.sa.com,"[""PS-02_AIGR-S66270_NCIIPC_02_03_2026.xlsx""]"
https://mavi.network,"[""PS-02_AIGR-S66270_NCIIPC_02_03_2026.xlsx""]"
rebail.com,"[""PS-02_AIGR-S66270_NCIIPC_02_03_2026.xlsx""]"
zhdftc.com,"[""PS-02_AIGR-S66270_NCIIPC_02_03_2026.xlsx""]"
parathamna.com,"[""PS-02_AIGR-S66270_NCIIPC_02_03_2026.xlsx""]"
ngsc.xyz,"[""PS-02_AIGR-S66270_NCIIPC_02_03_2026.xlsx""]"
https://cloudyland.hu,"[""PS-02_AIGR-S66270_NCIIPC_02_03_2026.xlsx""]"
cloudcentricpulse.click,"[""PS-02_AIGR-S66270_NCIIPC_02_03_2026.xlsx""]"
onlineminds.xyz,"[""PS-02_AIGR-S66270_NCIIPC_02_03_2026.xlsx""]"
https://canvasbrief.art,"[""PS-02_AIGR-S66270_NCIIPC_02_03_2026.xlsx""]"
incomesxb.shop,"[""PS-02_AIGR-S66270_NCIIPC_02_03_2026.xlsx""]"
cocktailindia.com,"[""PS-02_AIGR-S66270_NCIIPC_02_03_2026.xlsx""]"
https://fmsonline.us,"[""PS-02_AIGR-S66270_NCIIPC_02_03_2026.xlsx""]"
fintechre.com,"[""PS-02_AIGR-S66270_NCIIPC_02_03_2026.xlsx""]"
aionreal.com,"[""PS-02_AIGR-S66270_NCIIPC_02_03_2026.xlsx""]"
https://coachclinics.com,"[""PS-02_AIGR-S66270_NCIIPC_02_03_2026.xlsx""]"
fntec.com,"[""PS-02_AIGR-S66270_NCIIPC_02_03_2026.xlsx""]"
sezindian.com,"[""PS-02_AIGR-S66270_NCIIPC_02_03_2026.xlsx""]"
nezha4.com,"[""PS-02_AIGR-S66270_NCIIPC_02_03_2026.xlsx""]"
cloudandhug-quebec.com,"[""PS-02_AIGR-S66270_NCIIPC_02_03_2026.xlsx""]"
resist.email,"[""PS-02_AIGR-S66270_NCIIPC_02_03_2026.xlsx""]"
maonline1.xyz,"[""PS-02_AIGR-S66270_NCIIPC_02_03_2026.xlsx""]"
cloudcabinet.xyz,"[""PS-02_AIGR-S66270_NCIIPC_02_03_2026.xlsx""]"
cloudhighway.xyz,"[""PS-02_AIGR-S66270_NCIIPC_02_03_2026.xlsx""]"
cloudlane.biz,"[""PS-02_AIGR-S66270_NCIIPC_02_03_2026.xlsx""]"
onlinefddeposit.com,"[""PS-02_AIGR-S66270_NCIIPC_02_03_2026.xlsx""]"
jincoz.cloud,"[""PS-02_AIGR-S66270_NCIIPC_02_03_2026.xlsx""]"
myasvi.com,"[""PS-02_AIGR-S66270_NCIIPC_02_03_2026.xlsx""]"
myviptv.xyz,"[""PS-02_AIGR-S66270_NCIIPC_02_03_2026.xlsx""]"
https://nchian.vip,"[""PS-02_AIGR-S66270_NCIIPC_02_03_2026.xlsx""]"
homdeal.com,"[""PS-02_AIGR-S66270_NCIIPC_02_03_2026.xlsx""]"
myvibes.com,"[""PS-02_AIGR-S66270_NCIIPC_02_03_2026.xlsx""]"
https://ifirst.biz,"[""PS-02_AIGR-S66270_NCIIPC_02_03_2026.xlsx""]"
https://cafmonline.com,"[""PS-02_AIGR-S66270_NCIIPC_02_03_2026.xlsx""]"
ircbc.click,"[""PS-02_AIGR-S66270_NCIIPC_02_03_2026.xlsx""]"
rbsindia.com,"[""PS-02_AIGR-S66270_NCIIPC_02_03_2026.xlsx""]"
http://ecigtec.com,"[""PS-02_AIGR-S66270_NCIIPC_02_03_2026.xlsx""]"
https://stjacm.com,"[""PS-02_AIGR-S66270_NCIIPC_02_03_2026.xlsx""]"
cloudboyproductions.com,"[""PS-02_AIGR-S66270_NCIIPC_02_03_2026.xlsx""]"
88-xx.sa.com,"[""PS-02_AIGR-S66270_NCIIPC_02_03_2026.xlsx""]"
axisprojekt.com,"[""PS-02_AIGR-S66270_NCIIPC_02_03_2026.xlsx""]"
http://cloudl.help,"[""PS-02_AIGR-S66270_NCIIPC_02_03_2026.xlsx""]"
http://ccloudc.com,"[""PS-02_AIGR-S66270_NCIIPC_02_03_2026.xlsx""]"
indiamandir.com,"[""PS-02_AIGR-S66270_NCIIPC_02_03_2026.xlsx""]"
abdmfacts.com,"[""PS-02_AIGR-S66270_NCIIPC_02_03_2026.xlsx""]"
ihsgroup.africa,"[""PS-02_AIGR-S66270_NCIIPC_02_03_2026.xlsx""]"
http://jiotm.com,"[""PS-02_AIGR-S66270_NCIIPC_02_03_2026.xlsx""]"
piims.us,"[""PS-02_AIGR-S66270_NCIIPC_02_03_2026.xlsx""]"
http://hdlife.ai,"[""PS-02_AIGR-S66270_NCIIPC_02_03_2026.xlsx""]"
4-clouds.online,"[""PS-02_AIGR-S66270_NCIIPC_02_03_2026.xlsx""]"
clouddebater.xyz,"[""PS-02_AIGR-S66270_NCIIPC_02_03_2026.xlsx""]"
homebroken.com,"[""PS-02_AIGR-S66270_NCIIPC_02_03_2026.xlsx""]"
parikshamanch.com,"[""PS-02_AIGR-S66270_NCIIPC_02_03_2026.xlsx""]"
cloudaxis.xyz,"[""PS-02_AIGR-S66270_NCIIPC_02_03_2026.xlsx""]"
cloudvirtue.xyz,"[""PS-02_AIGR-S66270_NCIIPC_02_03_2026.xlsx""]"
cloudambassador.xyz,"[""PS-02_AIGR-S66270_NCIIPC_02_03_2026.xlsx""]"
oswalindia.com,"[""PS-02_AIGR-S66270_NCIIPC_02_03_2026.xlsx""]"
cloudwizard.xyz,"[""PS-02_AIGR-S66270_NCIIPC_02_03_2026.xlsx""]"
cloud2agi.xyz,"[""PS-02_AIGR-S66270_NCIIPC_02_03_2026.xlsx""]"
http://trellbit.com,"[""PS-02_AIGR-S66270_NCIIPC_02_03_2026.xlsx""]"
http://fintechta.ai,"[""PS-02_AIGR-S66270_NCIIPC_02_03_2026.xlsx""]"
homeoftreats.com,"[""PS-02_AIGR-S66270_NCIIPC_02_03_2026.xlsx""]"
airtv.io,"[""PS-02_AIGR-S66270_NCIIPC_02_03_2026.xlsx""]"
cloudcoinclub.xyz,"[""PS-02_AIGR-S66270_NCIIPC_02_03_2026.xlsx""]"
cloudcrafthq.com,"[""PS-02_AIGR-S66270_NCIIPC_02_03_2026.xlsx""]"
cloudvendors.xyz,"[""PS-02_AIGR-S66270_NCIIPC_02_03_2026.xlsx""]"
http://industrie2.ch,"[""PS-02_AIGR-S66270_NCIIPC_02_03_2026.xlsx""]"
nrstkc.beauty,"[""PS-02_AIGR-S66270_NCIIPC_02_03_2026.xlsx""]"
cloudfiction.xyz,"[""PS-02_AIGR-S66270_NCIIPC_02_03_2026.xlsx""]"
https://indianadog.com,"[""PS-02_AIGR-S66270_NCIIPC_02_03_2026.xlsx""]"
industrie-intouch.com,"[""PS-02_AIGR-S66270_NCIIPC_02_03_2026.xlsx""]"
cloudeus.cloud,"[""PS-02_AIGR-S66270_NCIIPC_02_03_2026.xlsx""]"
https://clouddatalayer.com,"[""PS-02_AIGR-S66270_NCIIPC_02_03_2026.xlsx""]"
cloudiqconsult.com,"[""PS-02_AIGR-S66270_NCIIPC_02_03_2026.xlsx""]"
cloudpasha.link,"[""PS-02_AIGR-S66270_NCIIPC_02_03_2026.xlsx""]"
norsch.com,"[""PS-02_AIGR-S66270_NCIIPC_02_03_2026.xlsx""]"
online-scalway.com,"[""PS-02_AIGR-S66270_NCIIPC_02_03_2026.xlsx""]"
hometownallday.com,"[""PS-02_AIGR-S66270_NCIIPC_02_03_2026.xlsx""]"
http://aireadiness.life,"[""PS-02_AIGR-S66270_NCIIPC_02_03_2026.xlsx""]"
https://erobit.com,"[""PS-02_AIGR-S66270_NCIIPC_02_03_2026.xlsx""]"
https://aiys.com,"[""PS-02_AIGR-S66270_NCIIPC_02_03_2026.xlsx""]"
raintel.dev,"[""PS-02_AIGR-S66270_NCIIPC_02_03_2026.xlsx""]"
bankofcadiz.com,"[""PS-02_AIGR-S66270_NCIIPC_02_03_2026.xlsx""]"
http://incomarkt.com,"[""PS-02_AIGR-S66270_NCIIPC_02_03_2026.xlsx""]"
o7nline.info,"[""PS-02_AIGR-S66270_NCIIPC_02_03_2026.xlsx""]"
axionistech.com,"[""PS-02_AIGR-S66270_NCIIPC_02_03_2026.xlsx""]"
cloudimmersive.com,"[""PS-02_AIGR-S66270_NCIIPC_02_03_2026.xlsx""]"
cloudtank.xyz,"[""PS-02_AIGR-S66270_NCIIPC_02_03_2026.xlsx""]"
isrodeal.com,"[""PS-02_AIGR-S66270_NCIIPC_02_03_2026.xlsx""]"
itcloudx.com,"[""PS-02_AIGR-S66270_NCIIPC_02_03_2026.xlsx""]"
cloudnative.click,"[""PS-02_AIGR-S66270_NCIIPC_02_03_2026.xlsx""]"
redseaairlines.net.ru,"[""PS-02_AIGR-S66270_NCIIPC_02_03_2026.xlsx""]"
ecadif.com,"[""PS-02_AIGR-S66270_NCIIPC_02_03_2026.xlsx""]"
indiskaspicenord.com,"[""PS-02_AIGR-S66270_NCIIPC_02_03_2026.xlsx""]"
cloudrosemage.com,"[""PS-02_AIGR-S66270_NCIIPC_02_03_2026.xlsx""]"
cloudranges.xyz,"[""PS-02_AIGR-S66270_NCIIPC_02_03_2026.xlsx""]"
onlineserver2.top,"[""PS-02_AIGR-S66270_NCIIPC_02_03_2026.xlsx""]"
cloudbooktech.com,"[""PS-02_AIGR-S66270_NCIIPC_02_03_2026.xlsx""]"
cloudsecurity.win,"[""PS-02_AIGR-S66270_NCIIPC_02_03_2026.xlsx""]"
satcip.com,"[""PS-02_AIGR-S66270_NCIIPC_02_03_2026.xlsx""]"
cloudretailhub.com,"[""PS-02_AIGR-S66270_NCIIPC_02_03_2026.xlsx""]"
airinitiative.xyz,"[""PS-02_AIGR-S66270_NCIIPC_02_03_2026.xlsx""]"
cloudart.tf,"[""PS-02_AIGR-S66270_NCIIPC_02_03_2026.xlsx""]"
house.sa.com,"[""PS-02_AIGR-S66270_NCIIPC_02_03_2026.xlsx""]"
r3eit.com,"[""PS-02_AIGR-S66270_NCIIPC_02_03_2026.xlsx""]"
indianideology.com,"[""PS-02_AIGR-S66270_NCIIPC_02_03_2026.xlsx""]"
school-student.sa.com,"[""PS-02_AIGR-S66270_NCIIPC_02_03_2026.xlsx""]"
https://hometowncellars.com,"[""PS-02_AIGR-S66270_NCIIPC_02_03_2026.xlsx""]"
https://diary-world.sa.com,"[""PS-02_AIGR-S66270_NCIIPC_02_03_2026.xlsx""]"
rebail.info,"[""PS-02_AIGR-S66270_NCIIPC_02_03_2026.xlsx""]"
https://bankforcannabis.com,"[""PS-02_AIGR-S66270_NCIIPC_02_03_2026.xlsx""]"
onlytrainers.com,"[""PS-02_AIGR-S66270_NCIIPC_02_03_2026.xlsx""]"
cloudstash.tech,"[""PS-02_AIGR-S66270_NCIIPC_02_03_2026.xlsx""]"
https://indialocalnews.com,"[""PS-02_AIGR-S66270_NCIIPC_02_03_2026.xlsx""]"
insround.com,"[""PS-02_AIGR-S66270_NCIIPC_02_03_2026.xlsx""]"
cloudterritory.xyz,"[""PS-02_AIGR-S66270_NCIIPC_02_03_2026.xlsx""]"
cloudformula.xyz,"[""PS-02_AIGR-S66270_NCIIPC_02_03_2026.xlsx""]"
home-liaison.store,"[""PS-02_AIGR-S66270_NCIIPC_02_03_2026.xlsx""]"
tdscomputer.com,"[""PS-02_AIGR-S66270_NCIIPC_02_03_2026.xlsx""]"
rebvis.com,"[""PS-02_AIGR-S66270_NCIIPC_02_03_2026.xlsx""]"
onlinecasinosvisa.com,"[""PS-02_AIGR-S66270_NCIIPC_02_03_2026.xlsx""]"
https://ecerio.com,"[""PS-02_AIGR-S66270_NCIIPC_02_03_2026.xlsx""]"
https://homeweston.com,"[""PS-02_AIGR-S66270_NCIIPC_02_03_2026.xlsx""]"
https://industrialduct.com,"[""PS-02_AIGR-S66270_NCIIPC_02_03_2026.xlsx""]"
homepersonalspace.ru,"[""PS-02_AIGR-S66270_NCIIPC_02_03_2026.xlsx""]"
spacex.wf,"[""PS-02_AIGR-S66270_NCIIPC_02_03_2026.xlsx""]"
https://spacam.com,"[""PS-02_AIGR-S66270_NCIIPC_02_03_2026.xlsx""]"
cloudrunner.ai,"[""PS-02_AIGR-S66270_NCIIPC_02_03_2026.xlsx""]"
http://cloudapipanel.com,"[""PS-02_AIGR-S66270_NCIIPC_02_03_2026.xlsx""]"
cloudguided.xyz,"[""PS-02_AIGR-S66270_NCIIPC_02_03_2026.xlsx""]"
voss.bayern,"[""PS-02_AIGR-S66270_NCIIPC_02_03_2026.xlsx""]"
https://cannabe.com,"[""PS-02_AIGR-S66270_NCIIPC_02_03_2026.xlsx""]"
nhath.me,"[""PS-02_AIGR-S66270_NCIIPC_02_03_2026.xlsx""]"
onlinecq9.com,"[""PS-02_AIGR-S66270_NCIIPC_02_03_2026.xlsx""]"
kainadytech.com,"[""PS-02_AIGR-S66270_NCIIPC_02_03_2026.xlsx""]"
cloudswifts.com,"[""PS-02_AIGR-S66270_NCIIPC_02_03_2026.xlsx""]"
cloud-wmdhosting.com,"[""PS-02_AIGR-S66270_NCIIPC_02_03_2026.xlsx""]"
axisvibrantia.com,"[""PS-02_AIGR-S66270_NCIIPC_02_03_2026.xlsx""]"
cloudassay.xyz,"[""PS-02_AIGR-S66270_NCIIPC_02_03_2026.xlsx""]"
enscloud.xyz,"[""PS-02_AIGR-S66270_NCIIPC_02_03_2026.xlsx""]"
cloudiaglobal.com,"[""PS-02_AIGR-S66270_NCIIPC_02_03_2026.xlsx""]"
https://industriasdenim.com,"[""PS-02_AIGR-S66270_NCIIPC_02_03_2026.xlsx""]"
ailina.chat,"[""PS-02_AIGR-S66270_NCIIPC_02_03_2026.xlsx""]"
onlineiq.xyz,"[""PS-02_AIGR-S66270_NCIIPC_02_03_2026.xlsx""]"
panbe.store,"[""PS-02_AIGR-S66270_NCIIPC_02_03_2026.xlsx""]"
onlinecasinos77india.com,"[""PS-02_AIGR-S66270_NCIIPC_02_03_2026.xlsx""]"
axiservicecard.com,"[""PS-02_AIGR-S66270_NCIIPC_02_03_2026.xlsx""]"
bsnda.gs,"[""PS-02_AIGR-S66270_NCIIPC_02_03_2026.xlsx""]"
airiseoul.com,"[""PS-02_AIGR-S66270_NCIIPC_02_03_2026.xlsx""]"
sac-dd.com,"[""PS-02_AIGR-S66270_NCIIPC_02_03_2026.xlsx""]"
cloudwasm.xyz,"[""PS-02_AIGR-S66270_NCIIPC_02_03_2026.xlsx""]"
homrella.com,"[""PS-02_AIGR-S66270_NCIIPC_02_03_2026.xlsx""]"
aiindex.one,"[""PS-02_AIGR-S66270_NCIIPC_02_03_2026.xlsx""]"
http://aireplacement.com,"[""PS-02_AIGR-S66270_NCIIPC_02_03_2026.xlsx""]"
https://campusone.xyz,"[""PS-02_AIGR-S66270_NCIIPC_02_03_2026.xlsx""]"
cloudsorchestration.com,"[""PS-02_AIGR-S66270_NCIIPC_02_03_2026.xlsx""]"
israelponte.xyz,"[""PS-02_AIGR-S66270_NCIIPC_02_03_2026.xlsx""]"
cloudmagnet.xyz,"[""PS-02_AIGR-S66270_NCIIPC_02_03_2026.xlsx""]"
cloudrobotic.xyz,"[""PS-02_AIGR-S66270_NCIIPC_02_03_2026.xlsx""]"
spybia.com,"[""PS-02_AIGR-S66270_NCIIPC_02_03_2026.xlsx""]"
http://onlineokinawa.com,"[""PS-02_AIGR-S66270_NCIIPC_02_03_2026.xlsx""]"
ecpics.com,"[""PS-02_AIGR-S66270_NCIIPC_02_03_2026.xlsx""]"
onlinespringboard.co,"[""PS-02_AIGR-S66270_NCIIPC_02_03_2026.xlsx""]"
onlinecinema.xyz,"[""PS-02_AIGR-S66270_NCIIPC_02_03_2026.xlsx""]"
aiairhotel.com,"[""PS-02_AIGR-S66270_NCIIPC_02_03_2026.xlsx""]"
onlinesona.com,"[""PS-02_AIGR-S66270_NCIIPC_02_03_2026.xlsx""]"
rbtxiq.com,"[""PS-02_AIGR-S66270_NCIIPC_02_03_2026.xlsx""]"
cloudmes.club,"[""PS-02_AIGR-S66270_NCIIPC_02_03_2026.xlsx""]"
airmarrel.com,"[""PS-02_AIGR-S66270_NCIIPC_02_03_2026.xlsx""]"
authstealth.xyz,"[""PS-02_AIGR-S66270_NCIIPC_02_03_2026.xlsx""]"
cloudhop.xyz,"[""PS-02_AIGR-S66270_NCIIPC_02_03_2026.xlsx""]"
homeloanrefund.com,"[""PS-02_AIGR-S66270_NCIIPC_02_03_2026.xlsx""]"
https://cloudgensolutions.com,"[""PS-02_AIGR-S66270_NCIIPC_02_03_2026.xlsx""]"
https://5ifirst.com,"[""PS-02_AIGR-S66270_NCIIPC_02_03_2026.xlsx""]"
cloudsystems.network,"[""PS-02_AIGR-S66270_NCIIPC_02_03_2026.xlsx""]"
https://jiodigid.biz,"[""PS-02_AIGR-S66270_NCIIPC_02_03_2026.xlsx""]"
clipud.xyz,"[""PS-02_AIGR-S66270_NCIIPC_02_03_2026.xlsx""]"
http://cloudbrain.dev,"[""PS-02_AIGR-S66270_NCIIPC_02_03_2026.xlsx""]"
onlineian.com,"[""PS-02_AIGR-S66270_NCIIPC_02_03_2026.xlsx""]"
https://axisfab3d.ch,"[""PS-02_AIGR-S66270_NCIIPC_02_03_2026.xlsx""]"
whdsfck.com,"[""PS-02_AIGR-S66270_NCIIPC_02_03_2026.xlsx""]"
https://selacs.com,"[""PS-02_AIGR-S66270_NCIIPC_02_03_2026.xlsx""]"
fastlionworldmoon.sa.com,"[""PS-02_AIGR-S66270_NCIIPC_02_03_2026.xlsx""]"
onlinecasinoreportspa.com,"[""PS-02_AIGR-S66270_NCIIPC_02_03_2026.xlsx""]"
onlineedgeai.xyz,"[""PS-02_AIGR-S66270_NCIIPC_02_03_2026.xlsx""]"
http://onlinetickets.info,"[""PS-02_AIGR-S66270_NCIIPC_02_03_2026.xlsx""]"
cloudcraft.dev,"[""PS-02_AIGR-S66270_NCIIPC_02_03_2026.xlsx""]"
http://myrvia.com,"[""PS-02_AIGR-S66270_NCIIPC_02_03_2026.xlsx""]"
artiquely.com,"[""PS-02_AIGR-S66270_NCIIPC_02_03_2026.xlsx""]"
indiaradios.com,"[""PS-02_AIGR-S66270_NCIIPC_02_03_2026.xlsx""]"
https://homesbyjolondarealestate.com,"[""PS-02_AIGR-S66270_NCIIPC_02_03_2026.xlsx""]"
cloudexclusive.xyz,"[""PS-02_AIGR-S66270_NCIIPC_02_03_2026.xlsx""]"
https://airtell.ai,"[""PS-02_AIGR-S66270_NCIIPC_02_03_2026.xlsx""]"
https://onlineenglish.cv,"[""PS-02_AIGR-S66270_NCIIPC_02_03_2026.xlsx""]"
https://cloudali.com,"[""PS-02_AIGR-S66270_NCIIPC_02_03_2026.xlsx""]"
adm2.com,"[""PS-02_AIGR-S66270_NCIIPC_02_03_2026.xlsx""]"
cloudbond.xyz,"[""PS-02_AIGR-S66270_NCIIPC_02_03_2026.xlsx""]"
cloudsnack.net,"[""PS-02_AIGR-S66270_NCIIPC_02_03_2026.xlsx""]"
indac.xyz,"[""PS-02_AIGR-S66270_NCIIPC_02_03_2026.xlsx""]"
cloudahead.xyz,"[""PS-02_AIGR-S66270_NCIIPC_02_03_2026.xlsx""]"
https://incomplte.com,"[""PS-02_AIGR-S66270_NCIIPC_02_03_2026.xlsx""]"
airniteai.xyz,"[""PS-02_AIGR-S66270_NCIIPC_02_03_2026.xlsx""]"
https://online-resume.me,"[""PS-02_AIGR-S66270_NCIIPC_02_03_2026.xlsx""]"
https://cloudilewis.co.uk,"[""PS-02_AIGR-S66270_NCIIPC_02_03_2026.xlsx""]"
onlinegram.xyz,"[""PS-02_AIGR-S66270_NCIIPC_02_03_2026.xlsx""]"
rbit.dev,"[""PS-02_AIGR-S66270_NCIIPC_02_03_2026.xlsx""]"
parivartan.fit,"[""PS-02_AIGR-S66270_NCIIPC_02_03_2026.xlsx""]"
incandia.com,"[""PS-02_AIGR-S66270_NCIIPC_02_03_2026.xlsx""]"
http://sacadera.com,"[""PS-02_AIGR-S66270_NCIIPC_02_03_2026.xlsx""]"
incaion.info,"[""PS-02_AIGR-S66270_NCIIPC_02_03_2026.xlsx""]"
http://bhnl.org,"[""PS-02_AIGR-S66270_NCIIPC_02_03_2026.xlsx""]"
http://ecncloud.com,"[""PS-02_AIGR-S66270_NCIIPC_02_03_2026.xlsx""]"
incomestreamstoday.com,"[""PS-02_AIGR-S66270_NCIIPC_02_03_2026.xlsx""]"
onlinesgpt.xyz,"[""PS-02_AIGR-S66270_NCIIPC_02_03_2026.xlsx""]"
https://noreloans.com,"[""PS-02_AIGR-S66270_NCIIPC_02_03_2026.xlsx""]"
cloudgoddess.xyz,"[""PS-02_AIGR-S66270_NCIIPC_02_03_2026.xlsx""]"
https://clouderio.com,"[""PS-02_AIGR-S66270_NCIIPC_02_03_2026.xlsx""]"
mpyv.com,"[""PS-02_AIGR-S66270_NCIIPC_02_03_2026.xlsx""]"
enhaq.online,"[""PS-02_AIGR-S66270_NCIIPC_02_03_2026.xlsx""]"
https://rexbet.com,"[""PS-02_AIGR-S66270_NCIIPC_02_03_2026.xlsx""]"
https://cloudalpanet.com,"[""PS-02_AIGR-S66270_NCIIPC_02_03_2026.xlsx""]"
online-spirits-medium.com,"[""PS-02_AIGR-S66270_NCIIPC_02_03_2026.xlsx""]"
cloudenterahora.site,"[""PS-02_AIGR-S66270_NCIIPC_02_03_2026.xlsx""]"
cloudoverparadise.com,"[""PS-02_AIGR-S66270_NCIIPC_02_03_2026.xlsx""]"
cloudmy.site,"[""PS-02_AIGR-S66270_NCIIPC_02_03_2026.xlsx""]"
cloudflarereserv.click,"[""PS-02_AIGR-S66270_NCIIPC_02_03_2026.xlsx""]"
https://indiaring.com,"[""PS-02_AIGR-S66270_NCIIPC_02_03_2026.xlsx""]"
sabct.world,"[""PS-02_AIGR-S66270_NCIIPC_02_03_2026.xlsx""]"
https://clouuds-sa.com,"[""PS-02_AIGR-S66270_NCIIPC_02_03_2026.xlsx""]"
https://cloudnow.dev,"[""PS-02_AIGR-S66270_NCIIPC_02_03_2026.xlsx""]"
bailifei.com,"[""PS-02_AIGR-S66270_NCIIPC_02_03_2026.xlsx""]"
http://canawave.com,"[""PS-02_AIGR-S66270_NCIIPC_02_03_2026.xlsx""]"
onlinegrowthbridge.info,"[""PS-02_AIGR-S66270_NCIIPC_02_03_2026.xlsx""]"
http://irt3.com,"[""PS-02_AIGR-S66270_NCIIPC_02_03_2026.xlsx""]"
axischange.com,"[""PS-02_AIGR-S66270_NCIIPC_02_03_2026.xlsx""]"
cloudattitude.xyz,"[""PS-02_AIGR-S66270_NCIIPC_02_03_2026.xlsx""]"
https://aireptile.com,"[""PS-02_AIGR-S66270_NCIIPC_02_03_2026.xlsx""]"
koadingtech.com,"[""PS-02_AIGR-S66270_NCIIPC_02_03_2026.xlsx""]"
http://aicloudy.com,"[""PS-02_AIGR-S66270_NCIIPC_02_03_2026.xlsx""]"
cloudcontrol-media.com,"[""PS-02_AIGR-S66270_NCIIPC_02_03_2026.xlsx""]"
onlineloanslouisiana.com,"[""PS-02_AIGR-S66270_NCIIPC_02_03_2026.xlsx""]"
https://indi-tango.com,"[""PS-02_AIGR-S66270_NCIIPC_02_03_2026.xlsx""]"
https://onlinejjp.com,"[""PS-02_AIGR-S66270_NCIIPC_02_03_2026.xlsx""]"
https://ai-ind.net,"[""PS-02_AIGR-S66270_NCIIPC_02_03_2026.xlsx""]"
homesales.help,"[""PS-02_AIGR-S66270_NCIIPC_02_03_2026.xlsx""]"
homeloanhobart.com,"[""PS-02_AIGR-S66270_NCIIPC_02_03_2026.xlsx""]"
axi2.com,"[""PS-02_AIGR-S66270_NCIIPC_02_03_2026.xlsx""]"
home-luca.com,"[""PS-02_AIGR-S66270_NCIIPC_02_03_2026.xlsx""]"
https://homegrownkits.com,"[""PS-02_AIGR-S66270_NCIIPC_02_03_2026.xlsx""]"
https://cloudandhug.com,"[""PS-02_AIGR-S66270_NCIIPC_02_03_2026.xlsx""]"
cloudinvestors.xyz,"[""PS-02_AIGR-S66270_NCIIPC_02_03_2026.xlsx""]"
https://imnota.vc,"[""PS-02_AIGR-S66270_NCIIPC_02_03_2026.xlsx""]"
https://parispa.com,"[""PS-02_AIGR-S66270_NCIIPC_02_03_2026.xlsx""]"
http://cloudexaai.com,"[""PS-02_AIGR-S66270_NCIIPC_02_03_2026.xlsx""]"
http://adcsdonline.com,"[""PS-02_AIGR-S66270_NCIIPC_02_03_2026.xlsx""]"
cloudinstruments.xyz,"[""PS-02_AIGR-S66270_NCIIPC_02_03_2026.xlsx""]"
https://bicii.com,"[""PS-02_AIGR-S66270_NCIIPC_02_03_2026.xlsx""]"
https://sbenin.com,"[""PS-02_AIGR-S66270_NCIIPC_02_03_2026.xlsx""]"
https://aioids.com,"[""PS-02_AIGR-S66270_NCIIPC_02_03_2026.xlsx""]"
5bbifb.shop,"[""PS-02_AIGR-S66270_NCIIPC_02_03_2026.xlsx""]"
myviasefurla.com,"[""PS-02_AIGR-S66270_NCIIPC_02_03_2026.xlsx""]"
aristelle.online,"[""PS-02_AIGR-S66270_NCIIPC_02_03_2026.xlsx""]"
axisbiodiscovery.com,"[""PS-02_AIGR-S66270_NCIIPC_02_03_2026.xlsx""]"
https://cloudbackupnow.com,"[""PS-02_AIGR-S66270_NCIIPC_02_03_2026.xlsx""]"
https://mponline.biz,"[""PS-02_AIGR-S66270_NCIIPC_02_03_2026.xlsx""]"
http://bankfraudbyron.com,"[""PS-02_AIGR-S66270_NCIIPC_02_03_2026.xlsx""]"
https://aius.in,"[""PS-02_AIGR-S66270_NCIIPC_02_03_2026.xlsx""]"
https://airtelmetaverse.com,"[""PS-02_AIGR-S66270_NCIIPC_02_03_2026.xlsx""]"
3coins.com,"[""PS-02_AIGR-S66270_NCIIPC_02_03_2026.xlsx""]"
indianoceanlu7.co.uk,"[""PS-02_AIGR-S66270_NCIIPC_02_03_2026.xlsx""]"
https://rubi.network,"[""PS-02_AIGR-S66270_NCIIPC_02_03_2026.xlsx""]"
cloudpig.co.uk,"[""PS-02_AIGR-S66270_NCIIPC_02_03_2026.xlsx""]"
http://israwow.com,"[""PS-02_AIGR-S66270_NCIIPC_02_03_2026.xlsx""]"
sac4kids.com,"[""PS-02_AIGR-S66270_NCIIPC_02_03_2026.xlsx""]"
bimssecurities.com,"[""PS-02_AIGR-S66270_NCIIPC_02_03_2026.xlsx""]"
syfcloud.com,"[""PS-02_AIGR-S66270_NCIIPC_02_03_2026.xlsx""]"
clouddynasty.xyz,"[""PS-02_AIGR-S66270_NCIIPC_02_03_2026.xlsx""]"
incount.xyz,"[""PS-02_AIGR-S66270_NCIIPC_02_03_2026.xlsx""]"
homeoptika.com,"[""PS-02_AIGR-S66270_NCIIPC_02_03_2026.xlsx""]"
myvisionritual.com,"[""PS-02_AIGR-S66270_NCIIPC_02_03_2026.xlsx""]"
cloudburst.fyi,"[""PS-02_AIGR-S66270_NCIIPC_02_03_2026.xlsx""]"
nchwaf.com,"[""PS-02_AIGR-S66270_NCIIPC_02_03_2026.xlsx""]"
nlohas.com,"[""PS-02_AIGR-S66270_NCIIPC_02_03_2026.xlsx""]"
cloudphotos.xyz,"[""PS-02_AIGR-S66270_NCIIPC_02_03_2026.xlsx""]"
https://onlinespindle.com,"[""PS-02_AIGR-S66270_NCIIPC_02_03_2026.xlsx""]"
https://fair-garage.sa.com,"[""PS-02_AIGR-S66270_NCIIPC_02_03_2026.xlsx""]"
virginexpress.info,"[""PS-02_AIGR-S66270_NCIIPC_02_03_2026.xlsx""]"
https://onlinejobnest.com,"[""PS-02_AIGR-S66270_NCIIPC_02_03_2026.xlsx""]"
aietra.com,"[""PS-02_AIGR-S66270_NCIIPC_02_03_2026.xlsx""]"
https://cloudopsbench.com,"[""PS-02_AIGR-S66270_NCIIPC_02_03_2026.xlsx""]"
sachwort.com,"[""PS-02_AIGR-S66270_NCIIPC_02_03_2026.xlsx""]"
iscgroup.co.ke,"[""PS-02_AIGR-S66270_NCIIPC_02_03_2026.xlsx""]"
myvistarahr.com,"[""PS-02_AIGR-S66270_NCIIPC_02_03_2026.xlsx""]"
rezibot.com,"[""PS-02_AIGR-S66270_NCIIPC_02_03_2026.xlsx""]"
igrs.info,"[""PS-02_AIGR-S66270_NCIIPC_02_03_2026.xlsx""]"
onlinelingo.xyz,"[""PS-02_AIGR-S66270_NCIIPC_02_03_2026.xlsx""]"
ecitah.com,"[""PS-02_AIGR-S66270_NCIIPC_02_03_2026.xlsx""]"
http://airt18.com,"[""PS-02_AIGR-S66270_NCIIPC_02_03_2026.xlsx""]"
axis4.site,"[""PS-02_AIGR-S66270_NCIIPC_02_03_2026.xlsx""]"
cloudlvr.ch,"[""PS-02_AIGR-S66270_NCIIPC_02_03_2026.xlsx""]"
onlineshop.fyi,"[""PS-02_AIGR-S66270_NCIIPC_02_03_2026.xlsx""]"
https://stacy.coach,"[""PS-02_AIGR-S66270_NCIIPC_02_03_2026.xlsx""]"
cloudbustechnologies.com,"[""PS-02_AIGR-S66270_NCIIPC_02_03_2026.xlsx""]"
cloudmonster.com,"[""PS-02_AIGR-S66270_NCIIPC_02_03_2026.xlsx""]"
cloudapollo.xyz,"[""PS-02_AIGR-S66270_NCIIPC_02_03_2026.xlsx""]"
cloudfleet.xyz,"[""PS-02_AIGR-S66270_NCIIPC_02_03_2026.xlsx""]"
https://onlineapps.space,"[""PS-02_AIGR-S66270_NCIIPC_02_03_2026.xlsx""]"
aristelle.ru,"[""PS-02_AIGR-S66270_NCIIPC_02_03_2026.xlsx""]"
onlineocessoo.fun,"[""PS-02_AIGR-S66270_NCIIPC_02_03_2026.xlsx""]"
aireadyminds.com,"[""PS-02_AIGR-S66270_NCIIPC_02_03_2026.xlsx""]"
myer-vip3.icu,"[""PS-02_AIGR-S66270_NCIIPC_02_03_2026.xlsx""]"
http://windcc.ec.cc,"[""PS-02_AIGR-S66270_NCIIPC_02_03_2026.xlsx""]"
homeroq.lt,"[""PS-02_AIGR-S66270_NCIIPC_02_03_2026.xlsx""]"
homemates.app,"[""PS-02_AIGR-S66270_NCIIPC_02_03_2026.xlsx""]"
http://onlineguides.shop,"[""PS-02_AIGR-S66270_NCIIPC_02_03_2026.xlsx""]"
https://cloudcounting.com,"[""PS-02_AIGR-S66270_NCIIPC_02_03_2026.xlsx""]"
https://isocalcx.ch,"[""PS-02_AIGR-S66270_NCIIPC_02_03_2026.xlsx""]"
https://onlinetoolbase.com,"[""PS-02_AIGR-S66270_NCIIPC_02_03_2026.xlsx""]"
emcloud.click,"[""PS-02_AIGR-S66270_NCIIPC_02_03_2026.xlsx""]"
campusonlinemarket.com,"[""PS-02_AIGR-S66270_NCIIPC_02_03_2026.xlsx""]"
http://homeplatesla.com,"[""PS-02_AIGR-S66270_NCIIPC_02_03_2026.xlsx""]"
http://bankofliaoyang.com,"[""PS-02_AIGR-S66270_NCIIPC_02_03_2026.xlsx""]"
cloudoffice.site,"[""PS-02_AIGR-S66270_NCIIPC_02_03_2026.xlsx""]"
cloudstrm.com,"[""PS-02_AIGR-S66270_NCIIPC_02_03_2026.xlsx""]"
http://cloudedgeai.com,"[""PS-02_AIGR-S66270_NCIIPC_02_03_2026.xlsx""]"
cloudtechksa.com,"[""PS-02_AIGR-S66270_NCIIPC_02_03_2026.xlsx""]"
onlinedashtrading.com,"[""PS-02_AIGR-S66270_NCIIPC_02_03_2026.xlsx""]"
https://online777slot.org,"[""PS-02_AIGR-S66270_NCIIPC_02_03_2026.xlsx""]"
jinmoa.com,"[""PS-02_AIGR-S66270_NCIIPC_02_03_2026.xlsx""]"
http://cloudeus.click,"[""PS-02_AIGR-S66270_NCIIPC_02_03_2026.xlsx""]"
https://cloudfinanceteam.com,"[""PS-02_AIGR-S66270_NCIIPC_02_03_2026.xlsx""]"
http://israel2020.com,"[""PS-02_AIGR-S66270_NCIIPC_02_03_2026.xlsx""]"
tibbs4life.com,"[""PS-02_AIGR-S66270_NCIIPC_02_03_2026.xlsx""]"
icloud-s.com,"[""PS-02_AIGR-S66270_NCIIPC_02_03_2026.xlsx""]"
b516.com,"[""PS-02_AIGR-S66270_NCIIPC_02_03_2026.xlsx""]"
onlineebookwriters.com,"[""PS-02_AIGR-S66270_NCIIPC_02_03_2026.xlsx""]"
rubiks.com,"[""PS-02_AIGR-S66270_NCIIPC_02_03_2026.xlsx""]"
onlinelifestyle.site,"[""PS-02_AIGR-S66270_NCIIPC_02_03_2026.xlsx""]"
https://homeholy.com,"[""PS-02_AIGR-S66270_NCIIPC_02_03_2026.xlsx""]"
cloudpay.city,"[""PS-02_AIGR-S66270_NCIIPC_02_03_2026.xlsx""]"
https://cloudserverspk.com,"[""PS-02_AIGR-S66270_NCIIPC_02_03_2026.xlsx""]"
saackh.org,"[""PS-02_AIGR-S66270_NCIIPC_02_03_2026.xlsx""]"
http://cloudsxiamen.com,"[""PS-02_AIGR-S66270_NCIIPC_02_03_2026.xlsx""]"
http://homeclaw.online,"[""PS-02_AIGR-S66270_NCIIPC_02_03_2026.xlsx""]"
https://cloudaball.com,"[""PS-02_AIGR-S66270_NCIIPC_02_03_2026.xlsx""]"
http://cloudlasers.com,"[""PS-02_AIGR-S66270_NCIIPC_02_03_2026.xlsx""]"
http://incomeinsidertv.com,"[""PS-02_AIGR-S66270_NCIIPC_02_03_2026.xlsx""]"
https://onlinebusinessatlas.com,"[""PS-02_AIGR-S66270_NCIIPC_02_03_2026.xlsx""]"
myviorashop.com,"[""PS-02_AIGR-S66270_NCIIPC_02_03_2026.xlsx""]"
cloudparabolicagency.info,"[""PS-02_AIGR-S66270_NCIIPC_02_03_2026.xlsx""]"
rebofitness.com,"[""PS-02_AIGR-S66270_NCIIPC_02_03_2026.xlsx""]"
6cloud.store,"[""PS-02_AIGR-S66270_NCIIPC_02_03_2026.xlsx""]"
cloud42.dev,"[""PS-02_AIGR-S66270_NCIIPC_02_03_2026.xlsx""]"
iconickicks.com,"[""PS-02_AIGR-S66270_NCIIPC_02_03_2026.xlsx""]"
http://cloudkujionai.com,"[""PS-02_AIGR-S66270_NCIIPC_02_03_2026.xlsx""]"
cloudtopia.com,"[""PS-02_AIGR-S66270_NCIIPC_02_03_2026.xlsx""]"
homeplus25.com,"[""PS-02_AIGR-S66270_NCIIPC_02_03_2026.xlsx""]"
homelivnest.com,"[""PS-02_AIGR-S66270_NCIIPC_02_03_2026.xlsx""]"
cloudlivechat.xyz,"[""PS-02_AIGR-S66270_NCIIPC_02_03_2026.xlsx""]"
rembyt.info,"[""PS-02_AIGR-S66270_NCIIPC_02_03_2026.xlsx""]"
sharcc.dev,"[""PS-02_AIGR-S66270_NCIIPC_02_03_2026.xlsx""]"
https://saucy.bot,"[""PS-02_AIGR-S66270_NCIIPC_02_03_2026.xlsx""]"
cloudkitchenhealth.xyz,"[""PS-02_AIGR-S66270_NCIIPC_02_03_2026.xlsx""]"
https://onlinecashmachine.com,"[""PS-02_AIGR-S66270_NCIIPC_02_03_2026.xlsx""]"
camshel.com,"[""PS-02_AIGR-S66270_NCIIPC_02_03_2026.xlsx""]"
homekindusa.com,"[""PS-02_AIGR-S66270_NCIIPC_02_03_2026.xlsx""]"
cloudarax.com,"[""PS-02_AIGR-S66270_NCIIPC_02_03_2026.xlsx""]"
35clouds.com,"[""PS-02_AIGR-S66270_NCIIPC_02_03_2026.xlsx""]"
cloudprix.xyz,"[""PS-02_AIGR-S66270_NCIIPC_02_03_2026.xlsx""]"
onlineberatung.plus,"[""PS-02_AIGR-S66270_NCIIPC_02_03_2026.xlsx""]"
onlineainote.xyz,"[""PS-02_AIGR-S66270_NCIIPC_02_03_2026.xlsx""]"
ajbdmtke.xyz,"[""PS-02_AIGR-S66270_NCIIPC_02_03_2026.xlsx""]"
https://onlinesleuth.com,"[""PS-02_AIGR-S66270_NCIIPC_02_03_2026.xlsx""]"
cloud9relay.com,"[""PS-02_AIGR-S66270_NCIIPC_02_03_2026.xlsx""]"
ricindia.com,"[""PS-02_AIGR-S66270_NCIIPC_02_03_2026.xlsx""]"
myvitaltag.com,"[""PS-02_AIGR-S66270_NCIIPC_02_03_2026.xlsx""]"
ewaybanner.sa.com,"[""PS-02_AIGR-S66270_NCIIPC_02_03_2026.xlsx""]"
http://iecci.click,"[""PS-02_AIGR-S66270_NCIIPC_02_03_2026.xlsx""]"
onlineslotsempire.com,"[""PS-02_AIGR-S66270_NCIIPC_02_03_2026.xlsx""]"
cloudaion.site,"[""PS-02_AIGR-S66270_NCIIPC_02_03_2026.xlsx""]"
darkwireunderground.net.ru,"[""PS-02_AIGR-S66270_NCIIPC_02_03_2026.xlsx""]"
onlinecasinovelemenyek.net,"[""PS-02_AIGR-S66270_NCIIPC_02_03_2026.xlsx""]"
onlinecashflow.xyz,"[""PS-02_AIGR-S66270_NCIIPC_02_03_2026.xlsx""]"
homefilmcompany.online,"[""PS-02_AIGR-S66270_NCIIPC_02_03_2026.xlsx""]"
recia.app,"[""PS-02_AIGR-S66270_NCIIPC_02_03_2026.xlsx""]"
https://onlinesociologytutor.com,"[""PS-02_AIGR-S66270_NCIIPC_02_03_2026.xlsx""]"
https://lorud.com,"[""PS-02_AIGR-S66270_NCIIPC_02_03_2026.xlsx""]"
https://homedecorhacks.com,"[""PS-02_AIGR-S66270_NCIIPC_02_03_2026.xlsx""]"
homehaven.blog,"[""PS-02_AIGR-S66270_NCIIPC_02_03_2026.xlsx""]"
https://home18.org,"[""PS-02_AIGR-S66270_NCIIPC_02_03_2026.xlsx""]"
onlinedemosites.com,"[""PS-02_AIGR-S66270_NCIIPC_02_03_2026.xlsx""]"
cloudgrants.xyz,"[""PS-02_AIGR-S66270_NCIIPC_02_03_2026.xlsx""]"
https://sabiiservices.com,"[""PS-02_AIGR-S66270_NCIIPC_02_03_2026.xlsx""]"
mvydi.gs,"[""PS-02_AIGR-S66270_NCIIPC_02_03_2026.xlsx""]"
https://canadagaming.online,"[""PS-02_AIGR-S66270_NCIIPC_02_03_2026.xlsx""]"
https://aireal.agency,"[""PS-02_AIGR-S66270_NCIIPC_02_03_2026.xlsx""]"
mvincometax.com,"[""PS-02_AIGR-S66270_NCIIPC_02_03_2026.xlsx""]"
robin.by,"[""PS-02_AIGR-S66270_NCIIPC_02_03_2026.xlsx""]"
http://directci.info,"[""PS-02_AIGR-S66270_NCIIPC_02_03_2026.xlsx""]"
https://onlineampi.xyz,"[""PS-02_AIGR-S66270_NCIIPC_02_03_2026.xlsx""]"
aionreal.online,"[""PS-02_AIGR-S66270_NCIIPC_02_03_2026.xlsx""]"
homelandsecuritynet.com,"[""PS-02_AIGR-S66270_NCIIPC_02_03_2026.xlsx""]"
https://icicilambard.com,"[""PS-02_AIGR-S66270_NCIIPC_02_03_2026.xlsx""]"
http://inxtech.com,"[""PS-02_AIGR-S66270_NCIIPC_02_03_2026.xlsx""]"
http://cloudeus.vip,"[""PS-02_AIGR-S66270_NCIIPC_02_03_2026.xlsx""]"
kfina.com,"[""PS-02_AIGR-S66270_NCIIPC_02_03_2026.xlsx""]"
http://authbandit.com,"[""PS-02_AIGR-S66270_NCIIPC_02_03_2026.xlsx""]"
cloudkoisecurity.com,"[""PS-02_AIGR-S66270_NCIIPC_02_03_2026.xlsx""]"
indiafolder.com,"[""PS-02_AIGR-S66270_NCIIPC_02_03_2026.xlsx""]"
jiwon.zone,"[""PS-02_AIGR-S66270_NCIIPC_02_03_2026.xlsx""]"
http://axiscout.com,"[""PS-02_AIGR-S66270_NCIIPC_02_03_2026.xlsx""]"
myvito.com,"[""PS-02_AIGR-S66270_NCIIPC_02_03_2026.xlsx""]"
https://indira.chat,"[""PS-02_AIGR-S66270_NCIIPC_02_03_2026.xlsx""]"
insuroq.com,"[""PS-02_AIGR-S66270_NCIIPC_02_03_2026.xlsx""]"
axisandoak.com,"[""PS-02_AIGR-S66270_NCIIPC_02_03_2026.xlsx""]"
canaldiez.com,"[""PS-02_AIGR-S66270_NCIIPC_02_03_2026.xlsx""]"
onlineqazn.us,"[""PS-02_AIGR-S66270_NCIIPC_02_03_2026.xlsx""]"
shacow.com,"[""PS-02_AIGR-S66270_NCIIPC_02_03_2026.xlsx""]"
canadaifrs.com,"[""PS-02_AIGR-S66270_NCIIPC_02_03_2026.xlsx""]"
https://uyiai.com,"[""PS-02_AIGR-S66270_NCIIPC_02_03_2026.xlsx""]"
mnham.com,"[""PS-02_AIGR-S66270_NCIIPC_02_03_2026.xlsx""]"
onlinevillapro.com,"[""PS-02_AIGR-S66270_NCIIPC_02_03_2026.xlsx""]"
cloudbidder.xyz,"[""PS-02_AIGR-S66270_NCIIPC_02_03_2026.xlsx""]"
http://sacperu.com,"[""PS-02_AIGR-S66270_NCIIPC_02_03_2026.xlsx""]"
onlinesummitacademy.com,"[""PS-02_AIGR-S66270_NCIIPC_02_03_2026.xlsx""]"
http://bnl.one,"[""PS-02_AIGR-S66270_NCIIPC_02_03_2026.xlsx""]"
onlineeinstein.xyz,"[""PS-02_AIGR-S66270_NCIIPC_02_03_2026.xlsx""]"
authub.online,"[""PS-02_AIGR-S66270_NCIIPC_02_03_2026.xlsx""]"
lou.moscow,"[""PS-02_AIGR-S66270_NCIIPC_02_03_2026.xlsx""]"
rabisa.site,"[""PS-02_AIGR-S66270_NCIIPC_02_03_2026.xlsx""]"
indiatronics.com,"[""PS-02_AIGR-S66270_NCIIPC_02_03_2026.xlsx""]"
camsilk.com,"[""PS-02_AIGR-S66270_NCIIPC_02_03_2026.xlsx""]"
canandakisa.com.br,"[""PS-02_AIGR-S66270_NCIIPC_02_03_2026.xlsx""]"
foamindia.com,"[""PS-02_AIGR-S66270_NCIIPC_02_03_2026.xlsx""]"
axiomlife.xyz,"[""PS-02_AIGR-S66270_NCIIPC_02_03_2026.xlsx""]"
ircindia.com,"[""PS-02_AIGR-S66270_NCIIPC_02_03_2026.xlsx""]"
homebodyhappiness.com,"[""PS-02_AIGR-S66270_NCIIPC_02_03_2026.xlsx""]"
cloudcapsule.cloud,"[""PS-02_AIGR-S66270_NCIIPC_02_03_2026.xlsx""]"
cloudprofessor.xyz,"[""PS-02_AIGR-S66270_NCIIPC_02_03_2026.xlsx""]"
homeaaa.com,"[""PS-02_AIGR-S66270_NCIIPC_02_03_2026.xlsx""]"
aiirish.com,"[""PS-02_AIGR-S66270_NCIIPC_02_03_2026.xlsx""]"
paripakva.com,"[""PS-02_AIGR-S66270_NCIIPC_02_03_2026.xlsx""]"
indiamondcleaningma.com,"[""PS-02_AIGR-S66270_NCIIPC_02_03_2026.xlsx""]"
canapacard.com,"[""PS-02_AIGR-S66270_NCIIPC_02_03_2026.xlsx""]"
onlinestoreai.link,"[""PS-02_AIGR-S66270_NCIIPC_02_03_2026.xlsx""]"
ezcidr.com,"[""PS-02_AIGR-S66270_NCIIPC_02_03_2026.xlsx""]"
industriemodels.com,"[""PS-02_AIGR-S66270_NCIIPC_02_03_2026.xlsx""]"
cloudguideline.xyz,"[""PS-02_AIGR-S66270_NCIIPC_02_03_2026.xlsx""]"
indusiris.pk,"[""PS-02_AIGR-S66270_NCIIPC_02_03_2026.xlsx""]"
online-msg-esl.sbs,"[""PS-02_AIGR-S66270_NCIIPC_02_03_2026.xlsx""]"
indiangas.info,"[""PS-02_AIGR-S66270_NCIIPC_02_03_2026.xlsx""]"
incode.one,"[""PS-02_AIGR-S66270_NCIIPC_02_03_2026.xlsx""]"
bankfs.com,"[""PS-02_AIGR-S66270_NCIIPC_02_03_2026.xlsx""]"
cloaude.com,"[""PS-02_AIGR-S66270_NCIIPC_02_03_2026.xlsx""]"
aionis.site,"[""PS-02_AIGR-S66270_NCIIPC_02_03_2026.xlsx""]"
indianapolisadhd.com,"[""PS-02_AIGR-S66270_NCIIPC_02_03_2026.xlsx""]"
https://homepool.com,"[""PS-02_AIGR-S66270_NCIIPC_02_03_2026.xlsx""]"
abdulmateen.com,"[""PS-02_AIGR-S66270_NCIIPC_02_03_2026.xlsx""]"
https://indianautolab.com,"[""PS-02_AIGR-S66270_NCIIPC_02_03_2026.xlsx""]"
https://esacp.com,"[""PS-02_AIGR-S66270_NCIIPC_02_03_2026.xlsx""]"
cloudbearer.xyz,"[""PS-02_AIGR-S66270_NCIIPC_02_03_2026.xlsx""]"
online-cuisine.dev,"[""PS-02_AIGR-S66270_NCIIPC_02_03_2026.xlsx""]"
7sacn.com,"[""PS-02_AIGR-S66270_NCIIPC_02_03_2026.xlsx""]"
cloud9salon-spa.com,"[""PS-02_AIGR-S66270_NCIIPC_02_03_2026.xlsx""]"
homegrownxelclasico.com,"[""PS-02_AIGR-S66270_NCIIPC_02_03_2026.xlsx""]"
jio365.store,"[""PS-02_AIGR-S66270_NCIIPC_02_03_2026.xlsx""]"
adma.com,"[""PS-02_AIGR-S66270_NCIIPC_02_03_2026.xlsx""]"
jioepay.biz,"[""PS-02_AIGR-S66270_NCIIPC_02_03_2026.xlsx""]"
homecomings.store,"[""PS-02_AIGR-S66270_NCIIPC_02_03_2026.xlsx""]"
aximo.cfd,"[""PS-02_AIGR-S66270_NCIIPC_02_03_2026.xlsx""]"
ipcci.click,"[""PS-02_AIGR-S66270_NCIIPC_02_03_2026.xlsx""]"
cloud-aegis-staging.com,"[""PS-02_AIGR-S66270_NCIIPC_02_03_2026.xlsx""]"
axiomsfx.xyz,"[""PS-02_AIGR-S66270_NCIIPC_02_03_2026.xlsx""]"
indiagpt.app,"[""PS-02_AIGR-S66270_NCIIPC_02_03_2026.xlsx""]"
crustoria.com,"[""PS-02_AIGR-S66270_NCIIPC_02_03_2026.xlsx""]"
cloudgiving.com,"[""PS-02_AIGR-S66270_NCIIPC_02_03_2026.xlsx""]"
nmphan.com,"[""PS-02_AIGR-S66270_NCIIPC_02_03_2026.xlsx""]"
nhain3d.com,"[""PS-02_AIGR-S66270_NCIIPC_02_03_2026.xlsx""]"
incaion.com,"[""PS-02_AIGR-S66270_NCIIPC_02_03_2026.xlsx""]"
parmaviagens.com.br,"[""PS-02_AIGR-S66270_NCIIPC_02_03_2026.xlsx""]"
homeschoolmeals.com,"[""PS-02_AIGR-S66270_NCIIPC_02_03_2026.xlsx""]"
cloud-develop.cn,"[""PS-02_AIGR-S66270_NCIIPC_02_03_2026.xlsx""]"
cloudaltar.xyz,"[""PS-02_AIGR-S66270_NCIIPC_02_03_2026.xlsx""]"
clouddiamond.xyz,"[""PS-02_AIGR-S66270_NCIIPC_02_03_2026.xlsx""]"
kunjtech.xyz,"[""PS-02_AIGR-S66270_NCIIPC_02_03_2026.xlsx""]"
cloudmap.dev,"[""PS-02_AIGR-S66270_NCIIPC_02_03_2026.xlsx""]"
cloudofficekeo.store,"[""PS-02_AIGR-S66270_NCIIPC_02_03_2026.xlsx""]"
https://cloud9cafeberks.com,"[""PS-02_AIGR-S66270_NCIIPC_02_03_2026.xlsx""]"
icloudbug.com,"[""PS-02_AIGR-S66270_NCIIPC_02_03_2026.xlsx""]"
https://cafesonline.com,"[""PS-02_AIGR-S66270_NCIIPC_02_03_2026.xlsx""]"
parevacchair.com,"[""PS-02_AIGR-S66270_NCIIPC_02_03_2026.xlsx""]"
cloudsyncs.com,"[""PS-02_AIGR-S66270_NCIIPC_02_03_2026.xlsx""]"
camisnew.com,"[""PS-02_AIGR-S66270_NCIIPC_02_03_2026.xlsx""]"
aovcloud.com,"[""PS-02_AIGR-S66270_NCIIPC_02_03_2026.xlsx""]"
cloudnestsystems.tech,"[""PS-02_AIGR-S66270_NCIIPC_02_03_2026.xlsx""]"
https://craindia.org,"[""PS-02_AIGR-S66270_NCIIPC_02_03_2026.xlsx""]"
axcs.club,"[""PS-02_AIGR-S66270_NCIIPC_02_03_2026.xlsx""]"
casimoney.bet,"[""PS-02_AIGR-S66270_NCIIPC_02_03_2026.xlsx""]"
cloudftw.com,"[""PS-02_AIGR-S66270_NCIIPC_02_03_2026.xlsx""]"
http://homeloansbydani.com,"[""PS-02_AIGR-S66270_NCIIPC_02_03_2026.xlsx""]"
indianoceanportsguide.com,"[""PS-02_AIGR-S66270_NCIIPC_02_03_2026.xlsx""]"
axispacks.com,"[""PS-02_AIGR-S66270_NCIIPC_02_03_2026.xlsx""]"
akfireindia.com,"[""PS-02_AIGR-S66270_NCIIPC_02_03_2026.xlsx""]"
cloudaxisglobal.com,"[""PS-02_AIGR-S66270_NCIIPC_02_03_2026.xlsx""]"
cloudblossom.xyz,"[""PS-02_AIGR-S66270_NCIIPC_02_03_2026.xlsx""]"
homepages.cloud,"[""PS-02_AIGR-S66270_NCIIPC_02_03_2026.xlsx""]"
cloudaion.online,"[""PS-02_AIGR-S66270_NCIIPC_02_03_2026.xlsx""]"
aimids.com,"[""PS-02_AIGR-S66270_NCIIPC_02_03_2026.xlsx""]"
jwaion.com,"[""PS-02_AIGR-S66270_NCIIPC_02_03_2026.xlsx""]"
indiandb.com,"[""PS-02_AIGR-S66270_NCIIPC_02_03_2026.xlsx""]"
https://cloud-database.com,"[""PS-02_AIGR-S66270_NCIIPC_02_03_2026.xlsx""]"
https://jionx.com,"[""PS-02_AIGR-S66270_NCIIPC_02_03_2026.xlsx""]"
https://ecofin.co.mz,"[""PS-02_AIGR-S66270_NCIIPC_02_03_2026.xlsx""]"
https://homeofthehabs.com,"[""PS-02_AIGR-S66270_NCIIPC_02_03_2026.xlsx""]"
https://cloudvolunteer.com,"[""PS-02_AIGR-S66270_NCIIPC_02_03_2026.xlsx""]"
https://airtaxirelief.com,"[""PS-02_AIGR-S66270_NCIIPC_02_03_2026.xlsx""]"
https://onlinehg.com,"[""PS-02_AIGR-S66270_NCIIPC_02_03_2026.xlsx""]"
homeorchards.com,"[""PS-02_AIGR-S66270_NCIIPC_02_03_2026.xlsx""]"
calorinda.com,"[""PS-02_AIGR-S66270_NCIIPC_02_03_2026.xlsx""]"
cloudvtech.net,"[""PS-02_AIGR-S66270_NCIIPC_02_03_2026.xlsx""]"
cloudbroker.fyi,"[""PS-02_AIGR-S66270_NCIIPC_02_03_2026.xlsx""]"
sexinlife.com,"[""PS-02_AIGR-S66270_NCIIPC_02_03_2026.xlsx""]"
https://indiapia.com,"[""PS-02_AIGR-S66270_NCIIPC_02_03_2026.xlsx""]"
airtoolparts.com,"[""PS-02_AIGR-S66270_NCIIPC_02_03_2026.xlsx""]"
bankofcuracao.com,"[""PS-02_AIGR-S66270_NCIIPC_02_03_2026.xlsx""]"
https://rubil.org,"[""PS-02_AIGR-S66270_NCIIPC_02_03_2026.xlsx""]"
cloud04.xyz,"[""PS-02_AIGR-S66270_NCIIPC_02_03_2026.xlsx""]"
sxbig.com,"[""PS-02_AIGR-S66270_NCIIPC_02_03_2026.xlsx""]"
hola.tax,"[""PS-02_AIGR-S66270_NCIIPC_02_03_2026.xlsx""]"
nhadat.fun,"[""PS-02_AIGR-S66270_NCIIPC_02_03_2026.xlsx""]"
indianapoliselectronicrecycling.com,"[""PS-02_AIGR-S66270_NCIIPC_02_03_2026.xlsx""]"
homesingles.com,"[""PS-02_AIGR-S66270_NCIIPC_02_03_2026.xlsx""]"
onlirise.com,"[""PS-02_AIGR-S66270_NCIIPC_02_03_2026.xlsx""]"
cloudxits.com,"[""PS-02_AIGR-S66270_NCIIPC_02_03_2026.xlsx""]"
myvisionshopping.com,"[""PS-02_AIGR-S66270_NCIIPC_02_03_2026.xlsx""]"
israelpost.xyz,"[""PS-02_AIGR-S66270_NCIIPC_02_03_2026.xlsx""]"
onlinehosting.website,"[""PS-02_AIGR-S66270_NCIIPC_02_03_2026.xlsx""]"
aihotels.agency,"[""PS-02_AIGR-S66270_NCIIPC_02_03_2026.xlsx""]"
canasuc.com,"[""PS-02_AIGR-S66270_NCIIPC_02_03_2026.xlsx""]"
anfitech.dev,"[""PS-02_AIGR-S66270_NCIIPC_02_03_2026.xlsx""]"
onlinellm.xyz,"[""PS-02_AIGR-S66270_NCIIPC_02_03_2026.xlsx""]"
onlinedadu.live,"[""PS-02_AIGR-S66270_NCIIPC_02_03_2026.xlsx""]"
iies.com,"[""PS-02_AIGR-S66270_NCIIPC_02_03_2026.xlsx""]"
aireflexe.com,"[""PS-02_AIGR-S66270_NCIIPC_02_03_2026.xlsx""]"
plybooindia.com,"[""PS-02_AIGR-S66270_NCIIPC_02_03_2026.xlsx""]"
cloudstacked.com,"[""PS-02_AIGR-S66270_NCIIPC_02_03_2026.xlsx""]"
indianecofuels.com,"[""PS-02_AIGR-S66270_NCIIPC_02_03_2026.xlsx""]"
satcom.my.id,"[""PS-02_AIGR-S66270_NCIIPC_02_03_2026.xlsx""]"
cloudcampuscases.com,"[""PS-02_AIGR-S66270_NCIIPC_02_03_2026.xlsx""]"
onlinemedialaw.com,"[""PS-02_AIGR-S66270_NCIIPC_02_03_2026.xlsx""]"
industrie-decor.com,"[""PS-02_AIGR-S66270_NCIIPC_02_03_2026.xlsx""]"
cloudfirstsolutions.com,"[""PS-02_AIGR-S66270_NCIIPC_02_03_2026.xlsx""]"
pnbde.vip,"[""PS-02_AIGR-S66270_NCIIPC_02_03_2026.xlsx""]"
shaclt.com,"[""PS-02_AIGR-S66270_NCIIPC_02_03_2026.xlsx""]"
vs85.com,"[""PS-02_AIGR-S66270_NCIIPC_02_03_2026.xlsx""]"
airlne.com,"[""PS-02_AIGR-S66270_NCIIPC_02_03_2026.xlsx""]"
indiangenie.com,"[""PS-02_AIGR-S66270_NCIIPC_02_03_2026.xlsx""]"
bobrod.com,"[""PS-02_AIGR-S66270_NCIIPC_02_03_2026.xlsx""]"
cloudtraceai.com,"[""PS-02_AIGR-S66270_NCIIPC_02_03_2026.xlsx""]"
cloudsystems.gmbh,"[""PS-02_AIGR-S66270_NCIIPC_02_03_2026.xlsx""]"
cloudforhealthcare.com,"[""PS-02_AIGR-S66270_NCIIPC_02_03_2026.xlsx""]"
nbsc.app,"[""PS-02_AIGR-S66270_NCIIPC_02_03_2026.xlsx""]"
cloud9massageandmore.com,"[""PS-02_AIGR-S66270_NCIIPC_02_03_2026.xlsx""]"
cloud-worknows.click,"[""PS-02_AIGR-S66270_NCIIPC_02_03_2026.xlsx""]"
cloudflap.xyz,"[""PS-02_AIGR-S66270_NCIIPC_02_03_2026.xlsx""]"
ishr-o365.com,"[""PS-02_AIGR-S66270_NCIIPC_02_03_2026.xlsx""]"
onlinewale.com,"[""PS-02_AIGR-S66270_NCIIPC_02_03_2026.xlsx""]"
homeon.com,"[""PS-02_AIGR-S66270_NCIIPC_02_03_2026.xlsx""]"
reorbit.nl,"[""PS-02_AIGR-S66270_NCIIPC_02_03_2026.xlsx""]"
axisglobalone.com,"[""PS-02_AIGR-S66270_NCIIPC_02_03_2026.xlsx""]"
homemdvalor.com.br,"[""PS-02_AIGR-S66270_NCIIPC_02_03_2026.xlsx""]"
runbix.com,"[""PS-02_AIGR-S66270_NCIIPC_02_03_2026.xlsx""]"
homelogapp.com,"[""PS-02_AIGR-S66270_NCIIPC_02_03_2026.xlsx""]"
axislicense.com,"[""PS-02_AIGR-S66270_NCIIPC_02_03_2026.xlsx""]"
cloudculturestudio.com,"[""PS-02_AIGR-S66270_NCIIPC_02_03_2026.xlsx""]"
masonine.live,"[""PS-02_AIGR-S66270_NCIIPC_02_03_2026.xlsx""]"
cloudsynvicktrade.com,"[""PS-02_AIGR-S66270_NCIIPC_02_03_2026.xlsx""]"
onlinecasinohunter.app,"[""PS-02_AIGR-S66270_NCIIPC_02_03_2026.xlsx""]"
https://cloudberryboutique.com,"[""PS-02_AIGR-S66270_NCIIPC_02_03_2026.xlsx""]"
s5acgm.beauty,"[""PS-02_AIGR-S66270_NCIIPC_02_03_2026.xlsx""]"
4-clouds.tech,"[""PS-02_AIGR-S66270_NCIIPC_02_03_2026.xlsx""]"
aifortelecom.com,"[""PS-02_AIGR-S66270_NCIIPC_02_03_2026.xlsx""]"
http://cloudneighbourhood.com,"[""PS-02_AIGR-S66270_NCIIPC_02_03_2026.xlsx""]"
cloudwebdata.com,"[""PS-02_AIGR-S66270_NCIIPC_02_03_2026.xlsx""]"
homeset10.com,"[""PS-02_AIGR-S66270_NCIIPC_02_03_2026.xlsx""]"
camscannerdl.com,"[""PS-02_AIGR-S66270_NCIIPC_02_03_2026.xlsx""]"
smackn.com,"[""PS-02_AIGR-S66270_NCIIPC_02_03_2026.xlsx""]"
onlinecasino.win,"[""PS-02_AIGR-S66270_NCIIPC_02_03_2026.xlsx""]"
onlineviper.xyz,"[""PS-02_AIGR-S66270_NCIIPC_02_03_2026.xlsx""]"
homelabpro.mx,"[""PS-02_AIGR-S66270_NCIIPC_02_03_2026.xlsx""]"
axiids.com,"[""PS-02_AIGR-S66270_NCIIPC_02_03_2026.xlsx""]"
cloudcrack.info,"[""PS-02_AIGR-S66270_NCIIPC_02_03_2026.xlsx""]"
http://cloudnineonthesquare.com,"[""PS-02_AIGR-S66270_NCIIPC_02_03_2026.xlsx""]"
online-casino-magyar.ink,"[""PS-02_AIGR-S66270_NCIIPC_02_03_2026.xlsx""]"
https://industrialcabinets.com,"[""PS-02_AIGR-S66270_NCIIPC_02_03_2026.xlsx""]"
onlinemusicinstitute.com,"[""PS-02_AIGR-S66270_NCIIPC_02_03_2026.xlsx""]"
onlinewebaccounting.com,"[""PS-02_AIGR-S66270_NCIIPC_02_03_2026.xlsx""]"
cloudficient.com,"[""PS-02_AIGR-S66270_NCIIPC_02_03_2026.xlsx""]"
camions117.ca,"[""PS-02_AIGR-S66270_NCIIPC_02_03_2026.xlsx""]"
cloudconnects.xyz,"[""PS-02_AIGR-S66270_NCIIPC_02_03_2026.xlsx""]"
onlineipo.xyz,"[""PS-02_AIGR-S66270_NCIIPC_02_03_2026.xlsx""]"
cloudanceai.xyz,"[""PS-02_AIGR-S66270_NCIIPC_02_03_2026.xlsx""]"
cloudaccts.biz,"[""PS-02_AIGR-S66270_NCIIPC_02_03_2026.xlsx""]"
homestylenagavci.com,"[""PS-02_AIGR-S66270_NCIIPC_02_03_2026.xlsx""]"
https://abdulmanan.cv,"[""PS-02_AIGR-S66270_NCIIPC_02_03_2026.xlsx""]"
biocelo.com,"[""PS-02_AIGR-S66270_NCIIPC_02_03_2026.xlsx""]"
aionreal.site,"[""PS-02_AIGR-S66270_NCIIPC_02_03_2026.xlsx""]"
shacko.com,"[""PS-02_AIGR-S66270_NCIIPC_02_03_2026.xlsx""]"
homeofhighfantasy.com,"[""PS-02_AIGR-S66270_NCIIPC_02_03_2026.xlsx""]"
axistrading.xyz,"[""PS-02_AIGR-S66270_NCIIPC_02_03_2026.xlsx""]"
cloudcollectivekids.com,"[""PS-02_AIGR-S66270_NCIIPC_02_03_2026.xlsx""]"
indusbox.com,"[""PS-02_AIGR-S66270_NCIIPC_02_03_2026.xlsx""]"
airtalo.com,"[""PS-02_AIGR-S66270_NCIIPC_02_03_2026.xlsx""]"
cloudcroft-motel.com,"[""PS-02_AIGR-S66270_NCIIPC_02_03_2026.xlsx""]"
cloudexecutive.xyz,"[""PS-02_AIGR-S66270_NCIIPC_02_03_2026.xlsx""]"
axchan.sa.com,"[""PS-02_AIGR-S66270_NCIIPC_02_03_2026.xlsx""]"
http://homeplustab.com,"[""PS-02_AIGR-S66270_NCIIPC_02_03_2026.xlsx""]"
cloudiacity.com,"[""PS-02_AIGR-S66270_NCIIPC_02_03_2026.xlsx""]"
home55.org,"[""PS-02_AIGR-S66270_NCIIPC_02_03_2026.xlsx""]"
bankhead.com,"[""PS-02_AIGR-S66270_NCIIPC_02_03_2026.xlsx""]"
uikami.com,"[""PS-02_AIGR-S66270_NCIIPC_02_03_2026.xlsx""]"
stubsecurities.com,"[""PS-02_AIGR-S66270_NCIIPC_02_03_2026.xlsx""]"
expense.sa.com,"[""PS-02_AIGR-S66270_NCIIPC_02_03_2026.xlsx""]"
cloudgull.com,"[""PS-02_AIGR-S66270_NCIIPC_02_03_2026.xlsx""]"
indiria.com,"[""PS-02_AIGR-S66270_NCIIPC_02_03_2026.xlsx""]"
cloudvector.xyz,"[""PS-02_AIGR-S66270_NCIIPC_02_03_2026.xlsx""]"
cacloudls.com,"[""PS-02_AIGR-S66270_NCIIPC_02_03_2026.xlsx""]"
ccbcloud.com,"[""PS-02_AIGR-S66270_NCIIPC_02_03_2026.xlsx""]"
sbnitm.com,"[""PS-02_AIGR-S66270_NCIIPC_02_03_2026.xlsx""]"
industrieosm.com,"[""PS-02_AIGR-S66270_NCIIPC_02_03_2026.xlsx""]"
jkliop.com,"[""PS-02_AIGR-S66270_NCIIPC_02_03_2026.xlsx""]"
axislawnsprocare.com,"[""PS-02_AIGR-S66270_NCIIPC_02_03_2026.xlsx""]"
nchomeloan.com,"[""PS-02_AIGR-S66270_NCIIPC_02_03_2026.xlsx""]"
axis-health.co.uk,"[""PS-02_AIGR-S66270_NCIIPC_02_03_2026.xlsx""]"
homegames.dev,"[""PS-02_AIGR-S66270_NCIIPC_02_03_2026.xlsx""]"
aitecsrl.info,"[""PS-02_AIGR-S66270_NCIIPC_02_03_2026.xlsx""]"
indusigns.com,"[""PS-02_AIGR-S66270_NCIIPC_02_03_2026.xlsx""]"
axioslab.com.br,"[""PS-02_AIGR-S66270_NCIIPC_02_03_2026.xlsx""]"
cloudcoins.xyz,"[""PS-02_AIGR-S66270_NCIIPC_02_03_2026.xlsx""]"
abed.blog,"[""PS-02_AIGR-S66270_NCIIPC_02_03_2026.xlsx""]"
ktech.systems,"[""PS-02_AIGR-S66270_NCIIPC_02_03_2026.xlsx""]"
clod67.xyz,"[""PS-02_AIGR-S66270_NCIIPC_02_03_2026.xlsx""]"
clouddreamer.xyz,"[""PS-02_AIGR-S66270_NCIIPC_02_03_2026.xlsx""]"
http://isoe.net.in,"[""PS-02_AIGR-S66270_NCIIPC_02_03_2026.xlsx""]"
labsonline.xyz,"[""PS-02_AIGR-S66270_NCIIPC_02_03_2026.xlsx""]"
snackb.dev,"[""PS-02_AIGR-S66270_NCIIPC_02_03_2026.xlsx""]"
itcloud.sbs,"[""PS-02_AIGR-S66270_NCIIPC_02_03_2026.xlsx""]"
http://irccd.click,"[""PS-02_AIGR-S66270_NCIIPC_02_03_2026.xlsx""]"
https://homely.sl,"[""PS-02_AIGR-S66270_NCIIPC_02_03_2026.xlsx""]"
cloudcompiler.xyz,"[""PS-02_AIGR-S66270_NCIIPC_02_03_2026.xlsx""]"
homedogtreats.com,"[""PS-02_AIGR-S66270_NCIIPC_02_03_2026.xlsx""]"
clouddecentral.com,"[""PS-02_AIGR-S66270_NCIIPC_02_03_2026.xlsx""]"
cloudvionsystems.com,"[""PS-02_AIGR-S66270_NCIIPC_02_03_2026.xlsx""]"
cloudingtech.com,"[""PS-02_AIGR-S66270_NCIIPC_02_03_2026.xlsx""]"
airbanter.xyz,"[""PS-02_AIGR-S66270_NCIIPC_02_03_2026.xlsx""]"
onlinepsychics.online,"[""PS-02_AIGR-S66270_NCIIPC_02_03_2026.xlsx""]"
airtasket.com,"[""PS-02_AIGR-S66270_NCIIPC_02_03_2026.xlsx""]"
subvip.com,"[""PS-02_AIGR-S66270_NCIIPC_02_03_2026.xlsx""]"
cloudpip.com,"[""PS-02_AIGR-S66270_NCIIPC_02_03_2026.xlsx""]"
catxonline.com,"[""PS-02_AIGR-S66270_NCIIPC_02_03_2026.xlsx""]"
homensdaluta.com,"[""PS-02_AIGR-S66270_NCIIPC_02_03_2026.xlsx""]"
cloudstorm.info,"[""PS-02_AIGR-S66270_NCIIPC_02_03_2026.xlsx""]"
onlinemarriage.pk,"[""PS-02_AIGR-S66270_NCIIPC_02_03_2026.xlsx""]"
vpss.dev,"[""PS-02_AIGR-S66270_NCIIPC_02_03_2026.xlsx""]"
cloudtwin.xyz,"[""PS-02_AIGR-S66270_NCIIPC_02_03_2026.xlsx""]"
trendbite.com,"[""PS-02_AIGR-S66270_NCIIPC_02_03_2026.xlsx""]"
cloud-storage-ca.click,"[""PS-02_AIGR-S66270_NCIIPC_02_03_2026.xlsx""]"
cloudartists.xyz,"[""PS-02_AIGR-S66270_NCIIPC_02_03_2026.xlsx""]"
homelove.com,"[""PS-02_AIGR-S66270_NCIIPC_02_03_2026.xlsx""]"
bankoflamerica.com,"[""PS-02_AIGR-S66270_NCIIPC_02_03_2026.xlsx""]"
onlinecoinstore.com,"[""PS-02_AIGR-S66270_NCIIPC_02_03_2026.xlsx""]"
aiearthly.com,"[""PS-02_AIGR-S66270_NCIIPC_02_03_2026.xlsx""]"
clopdi.info,"[""PS-02_AIGR-S66270_NCIIPC_02_03_2026.xlsx""]"
onlineanvil.com,"[""PS-02_AIGR-S66270_NCIIPC_02_03_2026.xlsx""]"
aioncli.info,"[""PS-02_AIGR-S66270_NCIIPC_02_03_2026.xlsx""]"
cloud-events.click,"[""PS-02_AIGR-S66270_NCIIPC_02_03_2026.xlsx""]"
partaban.com,"[""PS-02_AIGR-S66270_NCIIPC_02_03_2026.xlsx""]"
https://axiomstore.com,"[""PS-02_AIGR-S66270_NCIIPC_02_03_2026.xlsx""]"
aitell.com,"[""PS-02_AIGR-S66270_NCIIPC_02_03_2026.xlsx""]"
axiom.foundation,"[""PS-02_AIGR-S66270_NCIIPC_02_03_2026.xlsx""]"
homestarone.com,"[""PS-02_AIGR-S66270_NCIIPC_02_03_2026.xlsx""]"
sbacap.com,"[""PS-02_AIGR-S66270_NCIIPC_02_03_2026.xlsx""]"
4-clouds.ru,"[""PS-02_AIGR-S66270_NCIIPC_02_03_2026.xlsx""]"
incomecalctools.com,"[""PS-02_AIGR-S66270_NCIIPC_02_03_2026.xlsx""]"
ixdai.com,"[""PS-02_AIGR-S66270_NCIIPC_02_03_2026.xlsx""]"
onlineconsultation.app,"[""PS-02_AIGR-S66270_NCIIPC_02_03_2026.xlsx""]"
cloudmailerhub.us,"[""PS-02_AIGR-S66270_NCIIPC_02_03_2026.xlsx""]"
airtaxi911.com,"[""PS-02_AIGR-S66270_NCIIPC_02_03_2026.xlsx""]"
grncloud.cloud,"[""PS-02_AIGR-S66270_NCIIPC_02_03_2026.xlsx""]"
cloudfraction.link,"[""PS-02_AIGR-S66270_NCIIPC_02_03_2026.xlsx""]"
cloudbackbone.xyz,"[""PS-02_AIGR-S66270_NCIIPC_02_03_2026.xlsx""]"
cloudulp.com,"[""PS-02_AIGR-S66270_NCIIPC_02_03_2026.xlsx""]"
onlinegamblingcom.com,"[""PS-02_AIGR-S66270_NCIIPC_02_03_2026.xlsx""]"
cloudteksolutions.com,"[""PS-02_AIGR-S66270_NCIIPC_02_03_2026.xlsx""]"
tsc.co.mz,"[""PS-02_AIGR-S66270_NCIIPC_02_03_2026.xlsx""]"
aisc.website,"[""PS-02_AIGR-S66270_NCIIPC_02_03_2026.xlsx""]"
indianaduihelp.com,"[""PS-02_AIGR-S66270_NCIIPC_02_03_2026.xlsx""]"
cloudhealthchecks.co.uk,"[""PS-02_AIGR-S66270_NCIIPC_02_03_2026.xlsx""]"
visiindirect.com,"[""PS-02_AIGR-S66270_NCIIPC_02_03_2026.xlsx""]"
industrialironoak.com,"[""PS-02_AIGR-S66270_NCIIPC_02_03_2026.xlsx""]"
opnb.com,"[""PS-02_AIGR-S66270_NCIIPC_02_03_2026.xlsx""]"
homecoming.health,"[""PS-02_AIGR-S66270_NCIIPC_02_03_2026.xlsx""]"
cloudsystems.mobi,"[""PS-02_AIGR-S66270_NCIIPC_02_03_2026.xlsx""]"
sbiff.com,"[""PS-02_AIGR-S66270_NCIIPC_02_03_2026.xlsx""]"
indialcs.com,"[""PS-02_AIGR-S66270_NCIIPC_02_03_2026.xlsx""]"
onlinesavingstoyou.com,"[""PS-02_AIGR-S66270_NCIIPC_02_03_2026.xlsx""]"
stracu.com,"[""PS-02_AIGR-S66270_NCIIPC_02_03_2026.xlsx""]"
cloudadopt.xyz,"[""PS-02_AIGR-S66270_NCIIPC_02_03_2026.xlsx""]"
cloud-capital.xyz,"[""PS-02_AIGR-S66270_NCIIPC_02_03_2026.xlsx""]"
harianexpress.net,"[""PS-02_AIGR-S66270_NCIIPC_02_03_2026.xlsx""]"
nhanthuc.com,"[""PS-02_AIGR-S66270_NCIIPC_02_03_2026.xlsx""]"
cloudhazy.com,"[""PS-02_AIGR-S66270_NCIIPC_02_03_2026.xlsx""]"
crmcloud.info,"[""PS-02_AIGR-S66270_NCIIPC_02_03_2026.xlsx""]"
axirashop.com,"[""PS-02_AIGR-S66270_NCIIPC_02_03_2026.xlsx""]"
bfsn.com,"[""PS-02_AIGR-S66270_NCIIPC_02_03_2026.xlsx""]"
onlinetexasltc.online,"[""PS-02_AIGR-S66270_NCIIPC_02_03_2026.xlsx""]"
cloudninedating.com,"[""PS-02_AIGR-S66270_NCIIPC_02_03_2026.xlsx""]"
canaryseason.com,"[""PS-02_AIGR-S66270_NCIIPC_02_03_2026.xlsx""]"
homeschoolahoy.com,"[""PS-02_AIGR-S66270_NCIIPC_02_03_2026.xlsx""]"
feibeo4.sa.com,"[""PS-02_AIGR-S66270_NCIIPC_02_03_2026.xlsx""]"
orbi2.com,"[""PS-02_AIGR-S66270_NCIIPC_02_03_2026.xlsx""]"
onlinesupervise.com,"[""PS-02_AIGR-S66270_NCIIPC_02_03_2026.xlsx""]"
ec2win.com,"[""PS-02_AIGR-S66270_NCIIPC_02_03_2026.xlsx""]"
biondia.com,"[""PS-02_AIGR-S66270_NCIIPC_02_03_2026.xlsx""]"
cloudaiarchives.xyz,"[""PS-02_AIGR-S66270_NCIIPC_02_03_2026.xlsx""]"
cloudbreakthrough.xyz,"[""PS-02_AIGR-S66270_NCIIPC_02_03_2026.xlsx""]"
onlinecasinolabs.com,"[""PS-02_AIGR-S66270_NCIIPC_02_03_2026.xlsx""]"
netpoint.id,"[""PS-02_AIGR-S66270_NCIIPC_02_03_2026.xlsx""]"
cloud-man.com,"[""PS-02_AIGR-S66270_NCIIPC_02_03_2026.xlsx""]"
homiqons.com,"[""PS-02_AIGR-S66270_NCIIPC_02_03_2026.xlsx""]"
rewrit.co,"[""PS-02_AIGR-S66270_NCIIPC_02_03_2026.xlsx""]"
jiovani.com,"[""PS-02_AIGR-S66270_NCIIPC_02_03_2026.xlsx""]"
onlinegan.xyz,"[""PS-02_AIGR-S66270_NCIIPC_02_03_2026.xlsx""]"
esc5i4.makeup,"[""PS-02_AIGR-S66270_NCIIPC_02_03_2026.xlsx""]"
cloudeus.pics,"[""PS-02_AIGR-S66270_NCIIPC_02_03_2026.xlsx""]"
cloudsforless.com,"[""PS-02_AIGR-S66270_NCIIPC_02_03_2026.xlsx""]"
homesolarac.com,"[""PS-02_AIGR-S66270_NCIIPC_02_03_2026.xlsx""]"
hficloud.com,"[""PS-02_AIGR-S66270_NCIIPC_02_03_2026.xlsx""]"
cloudboxxvapes.com,"[""PS-02_AIGR-S66270_NCIIPC_02_03_2026.xlsx""]"
erbits.com,"[""PS-02_AIGR-S66270_NCIIPC_02_03_2026.xlsx""]"
wcloud.nz,"[""PS-02_AIGR-S66270_NCIIPC_02_03_2026.xlsx""]"
homeperson.net,"[""PS-02_AIGR-S66270_NCIIPC_02_03_2026.xlsx""]"
indiamondcleaning.com,"[""PS-02_AIGR-S66270_NCIIPC_02_03_2026.xlsx""]"
cloudnordicsolutions.com,"[""PS-02_AIGR-S66270_NCIIPC_02_03_2026.xlsx""]"
cafesonline.info,"[""PS-02_AIGR-S66270_NCIIPC_02_03_2026.xlsx""]"
momicloud.com,"[""PS-02_AIGR-S66270_NCIIPC_02_03_2026.xlsx""]"
onlinegambling.one,"[""PS-02_AIGR-S66270_NCIIPC_02_03_2026.xlsx""]"
cloudazz.com,"[""PS-02_AIGR-S66270_NCIIPC_02_03_2026.xlsx""]"
cloudnetsoft.net,"[""PS-02_AIGR-S66270_NCIIPC_02_03_2026.xlsx""]"
cloudcostdoctor.com,"[""PS-02_AIGR-S66270_NCIIPC_02_03_2026.xlsx""]"
arisanlife.com,"[""PS-02_AIGR-S66270_NCIIPC_02_03_2026.xlsx""]"
homeclaw.dev,"[""PS-02_AIGR-S66270_NCIIPC_02_03_2026.xlsx""]"
pmhfintech.com,"[""PS-02_AIGR-S66270_NCIIPC_02_03_2026.xlsx""]"
on1ne.com,"[""PS-02_AIGR-S66270_NCIIPC_02_03_2026.xlsx""]"
cloudaion.info,"[""PS-02_AIGR-S66270_NCIIPC_02_03_2026.xlsx""]"
indusafricaconnect.com,"[""PS-02_AIGR-S66270_NCIIPC_02_03_2026.xlsx""]"
cloudscapeproperties.com,"[""PS-02_AIGR-S66270_NCIIPC_02_03_2026.xlsx""]"
http://beritx.lat,"[""PS-02_AIGR-S66270_NCIIPC_02_03_2026.xlsx""]"
https://pariaza.com,"[""PS-02_AIGR-S66270_NCIIPC_02_03_2026.xlsx""]"
bigcloud.dev,"[""PS-02_AIGR-S66270_NCIIPC_02_03_2026.xlsx""]"
cloudlsolutions.com,"[""PS-02_AIGR-S66270_NCIIPC_02_03_2026.xlsx""]"
http://cloudeus.info,"[""PS-02_AIGR-S66270_NCIIPC_02_03_2026.xlsx""]"
http://scanline.club,"[""PS-02_AIGR-S66270_NCIIPC_02_03_2026.xlsx""]"
cloudaggregator.xyz,"[""PS-02_AIGR-S66270_NCIIPC_02_03_2026.xlsx""]"
smsonline.pl,"[""PS-02_AIGR-S66270_NCIIPC_02_03_2026.xlsx""]"
iccmhi.com,"[""PS-02_AIGR-S66270_NCIIPC_02_03_2026.xlsx""]"
cloudbloc.xyz,"[""PS-02_AIGR-S66270_NCIIPC_02_03_2026.xlsx""]"
cloudenthusiasts.xyz,"[""PS-02_AIGR-S66270_NCIIPC_02_03_2026.xlsx""]"
rbizone.com,"[""PS-02_AIGR-S66270_NCIIPC_02_03_2026.xlsx""]"
cloudfish.sbs,"[""PS-02_AIGR-S66270_NCIIPC_02_03_2026.xlsx""]"
fairysinda.com,"[""PS-02_AIGR-S66270_NCIIPC_02_03_2026.xlsx""]"
air-industriel.fr,"[""PS-02_AIGR-S66270_NCIIPC_02_03_2026.xlsx""]"
cloudale.xyz,"[""PS-02_AIGR-S66270_NCIIPC_02_03_2026.xlsx""]"
http://industriedekor.com,"[""PS-02_AIGR-S66270_NCIIPC_02_03_2026.xlsx""]"
onlineutopia.xyz,"[""PS-02_AIGR-S66270_NCIIPC_02_03_2026.xlsx""]"
cloud7-hookah.com,"[""PS-02_AIGR-S66270_NCIIPC_02_03_2026.xlsx""]"
rbtxio.com,"[""PS-02_AIGR-S66270_NCIIPC_02_03_2026.xlsx""]"
onlinespeaking.com,"[""PS-02_AIGR-S66270_NCIIPC_02_03_2026.xlsx""]"
http://axistogelkita.com,"[""PS-02_AIGR-S66270_NCIIPC_02_03_2026.xlsx""]"
http://sacntum.online,"[""PS-02_AIGR-S66270_NCIIPC_02_03_2026.xlsx""]"
cloudgarrison.xyz,"[""PS-02_AIGR-S66270_NCIIPC_02_03_2026.xlsx""]"
cloudioxk.com,"[""PS-02_AIGR-S66270_NCIIPC_02_03_2026.xlsx""]"
homezelo.link,"[""PS-02_AIGR-S66270_NCIIPC_02_03_2026.xlsx""]"
pngbuy.com,"[""PS-02_AIGR-S66270_NCIIPC_02_03_2026.xlsx""]"
http://calinira.com,"[""PS-02_AIGR-S66270_NCIIPC_02_03_2026.xlsx""]"
indiageo.com,"[""PS-02_AIGR-S66270_NCIIPC_02_03_2026.xlsx""]"
incomeroadmaps.com,"[""PS-02_AIGR-S66270_NCIIPC_02_03_2026.xlsx""]"
kinevtech.com,"[""PS-02_AIGR-S66270_NCIIPC_02_03_2026.xlsx""]"
cloudfractal.xyz,"[""PS-02_AIGR-S66270_NCIIPC_02_03_2026.xlsx""]"
cloudaxion.com,"[""PS-02_AIGR-S66270_NCIIPC_02_03_2026.xlsx""]"
axsi.xyz,"[""PS-02_AIGR-S66270_NCIIPC_02_03_2026.xlsx""]"
relint.xyz,"[""PS-02_AIGR-S66270_NCIIPC_02_03_2026.xlsx""]"
canadaincorporated.com,"[""PS-02_AIGR-S66270_NCIIPC_02_03_2026.xlsx""]"
rebirthwellnessgroup.com,"[""PS-02_AIGR-S66270_NCIIPC_02_03_2026.xlsx""]"
casoniq.com,"[""PS-02_AIGR-S66270_NCIIPC_02_03_2026.xlsx""]"
http://cloudworldinc.com,"[""PS-02_AIGR-S66270_NCIIPC_02_03_2026.xlsx""]"
http://online-hoa.com,"[""PS-02_AIGR-S66270_NCIIPC_02_03_2026.xlsx""]"
http://bankofserbia.com,"[""PS-02_AIGR-S66270_NCIIPC_02_03_2026.xlsx""]"
homedesigna.com,"[""PS-02_AIGR-S66270_NCIIPC_02_03_2026.xlsx""]"
nrsh.xyz,"[""PS-02_AIGR-S66270_NCIIPC_02_03_2026.xlsx""]"
http://homeloanservice.com,"[""PS-02_AIGR-S66270_NCIIPC_02_03_2026.xlsx""]"
parval.info,"[""PS-02_AIGR-S66270_NCIIPC_02_03_2026.xlsx""]"
parisandwatches.biz,"[""PS-02_AIGR-S66270_NCIIPC_02_03_2026.xlsx""]"
airtempo.xyz,"[""PS-02_AIGR-S66270_NCIIPC_02_03_2026.xlsx""]"
http://aios.bot,"[""PS-02_AIGR-S66270_NCIIPC_02_03_2026.xlsx""]"
onlinebo2fa-authid.help,"[""PS-02_AIGR-S66270_NCIIPC_02_03_2026.xlsx""]"
https://cloud04.click,"[""PS-02_AIGR-S66270_NCIIPC_02_03_2026.xlsx""]"
onlinecoaching.click,"[""PS-02_AIGR-S66270_NCIIPC_02_03_2026.xlsx""]"
https://homeloanstitle.com,"[""PS-02_AIGR-S66270_NCIIPC_02_03_2026.xlsx""]"
aitripideas.com,"[""PS-02_AIGR-S66270_NCIIPC_02_03_2026.xlsx""]"
cloudplayarena.link,"[""PS-02_AIGR-S66270_NCIIPC_02_03_2026.xlsx""]"
bsnehls.com,"[""PS-02_AIGR-S66270_NCIIPC_02_03_2026.xlsx""]"
fi-intech.com,"[""PS-02_AIGR-S66270_NCIIPC_02_03_2026.xlsx""]"
aeronomad.net.ru,"[""PS-02_AIGR-S66270_NCIIPC_02_03_2026.xlsx""]"
cloudframes.xyz,"[""PS-02_AIGR-S66270_NCIIPC_02_03_2026.xlsx""]"
candia.info,"[""PS-02_AIGR-S66270_NCIIPC_02_03_2026.xlsx""]"
cloudorigin.xyz,"[""PS-02_AIGR-S66270_NCIIPC_02_03_2026.xlsx""]"
mybviajes.com,"[""PS-02_AIGR-S66270_NCIIPC_02_03_2026.xlsx""]"
dsimlife.com,"[""PS-02_AIGR-S66270_NCIIPC_02_03_2026.xlsx""]"
homesinowasso.com,"[""PS-02_AIGR-S66270_NCIIPC_02_03_2026.xlsx""]"
myvitajourneys.com,"[""PS-02_AIGR-S66270_NCIIPC_02_03_2026.xlsx""]"
https://rerabi.click,"[""PS-02_AIGR-S66270_NCIIPC_02_03_2026.xlsx""]"
indacoin.exchange,"[""PS-02_AIGR-S66270_NCIIPC_02_03_2026.xlsx""]"
decis.app,"[""PS-02_AIGR-S66270_NCIIPC_02_03_2026.xlsx""]"
bankofajerica.com,"[""PS-02_AIGR-S66270_NCIIPC_02_03_2026.xlsx""]"
http://bs4l.online,"[""PS-02_AIGR-S66270_NCIIPC_02_03_2026.xlsx""]"
cloudtreasure.xyz,"[""PS-02_AIGR-S66270_NCIIPC_02_03_2026.xlsx""]"
https://homefloodguards.us,"[""PS-02_AIGR-S66270_NCIIPC_02_03_2026.xlsx""]"
axisadvisorypr.com,"[""PS-02_AIGR-S66270_NCIIPC_02_03_2026.xlsx""]"
sackliem.ru,"[""PS-02_AIGR-S66270_NCIIPC_02_03_2026.xlsx""]"
cloudcreation.xyz,"[""PS-02_AIGR-S66270_NCIIPC_02_03_2026.xlsx""]"
iriso.shop,"[""PS-02_AIGR-S66270_NCIIPC_02_03_2026.xlsx""]"
rbmin.com,"[""PS-02_AIGR-S66270_NCIIPC_02_03_2026.xlsx""]"
https://airets.com,"[""PS-02_AIGR-S66270_NCIIPC_02_03_2026.xlsx""]"
homeofshalom.com,"[""PS-02_AIGR-S66270_NCIIPC_02_03_2026.xlsx""]"
cloudimpulse.xyz,"[""PS-02_AIGR-S66270_NCIIPC_02_03_2026.xlsx""]"
rmbiru.com,"[""PS-02_AIGR-S66270_NCIIPC_02_03_2026.xlsx""]"
homeloan19.com,"[""PS-02_AIGR-S66270_NCIIPC_02_03_2026.xlsx""]"
onlinecasinos77poland.com,"[""PS-02_AIGR-S66270_NCIIPC_02_03_2026.xlsx""]"
myvoip.link,"[""PS-02_AIGR-S66270_NCIIPC_02_03_2026.xlsx""]"
ai-ios.com,"[""PS-02_AIGR-S66270_NCIIPC_02_03_2026.xlsx""]"
jioushin.com,"[""PS-02_AIGR-S66270_NCIIPC_02_03_2026.xlsx""]"
aicartel.site,"[""PS-02_AIGR-S66270_NCIIPC_02_03_2026.xlsx""]"
canadasite.com,"[""PS-02_AIGR-S66270_NCIIPC_02_03_2026.xlsx""]"
fistroi.com,"[""PS-02_AIGR-S66270_NCIIPC_02_03_2026.xlsx""]"
cloudaiforrookies.online,"[""PS-02_AIGR-S66270_NCIIPC_02_03_2026.xlsx""]"
onlinegoat.xyz,"[""PS-02_AIGR-S66270_NCIIPC_02_03_2026.xlsx""]"
exscir.com,"[""PS-02_AIGR-S66270_NCIIPC_02_03_2026.xlsx""]"
aris.dev,"[""PS-02_AIGR-S66270_NCIIPC_02_03_2026.xlsx""]"
myvapecity.com,"[""PS-02_AIGR-S66270_NCIIPC_02_03_2026.xlsx""]"
cloudcharacter.xyz,"[""PS-02_AIGR-S66270_NCIIPC_02_03_2026.xlsx""]"
homeloraestates.com,"[""PS-02_AIGR-S66270_NCIIPC_02_03_2026.xlsx""]"
parkia.xyz,"[""PS-02_AIGR-S66270_NCIIPC_02_03_2026.xlsx""]"
israel2025.com,"[""PS-02_AIGR-S66270_NCIIPC_02_03_2026.xlsx""]"
space.sarl,"[""PS-02_AIGR-S66270_NCIIPC_02_03_2026.xlsx""]"
onlineskillbuilder.com,"[""PS-02_AIGR-S66270_NCIIPC_02_03_2026.xlsx""]"
homelink.us,"[""PS-02_AIGR-S66270_NCIIPC_02_03_2026.xlsx""]"
aynlcht.sa.com,"[""PS-02_AIGR-S66270_NCIIPC_02_03_2026.xlsx""]"
bsnider.dev,"[""PS-02_AIGR-S66270_NCIIPC_02_03_2026.xlsx""]"
rebirth-faro.com,"[""PS-02_AIGR-S66270_NCIIPC_02_03_2026.xlsx""]"
spellindia.com,"[""PS-02_AIGR-S66270_NCIIPC_02_03_2026.xlsx""]"
https://rbi-g.com,"[""PS-02_AIGR-S66270_NCIIPC_02_03_2026.xlsx""]"
https://incomeethereum.xyz,"[""PS-02_AIGR-S66270_NCIIPC_02_03_2026.xlsx""]"
on7line.info,"[""PS-02_AIGR-S66270_NCIIPC_02_03_2026.xlsx""]"
kubicard.com,"[""PS-02_AIGR-S66270_NCIIPC_02_03_2026.xlsx""]"
cloudpainter.xyz,"[""PS-02_AIGR-S66270_NCIIPC_02_03_2026.xlsx""]"
fulida-ic.com,"[""PS-02_AIGR-S66270_NCIIPC_02_03_2026.xlsx""]"
cloudpredator.xyz,"[""PS-02_AIGR-S66270_NCIIPC_02_03_2026.xlsx""]"
ecomix.pl,"[""PS-02_AIGR-S66270_NCIIPC_02_03_2026.xlsx""]"
individualcoach.com,"[""PS-02_AIGR-S66270_NCIIPC_02_03_2026.xlsx""]"
https://canarias.events,"[""PS-02_AIGR-S66270_NCIIPC_02_03_2026.xlsx""]"
http://onlinecasinomagic.net,"[""PS-02_AIGR-S66270_NCIIPC_02_03_2026.xlsx""]"
cloudevolution.xyz,"[""PS-02_AIGR-S66270_NCIIPC_02_03_2026.xlsx""]"
industrialdealflow.site,"[""PS-02_AIGR-S66270_NCIIPC_02_03_2026.xlsx""]"
http://jiong100.com,"[""PS-02_AIGR-S66270_NCIIPC_02_03_2026.xlsx""]"
iciiess.com,"[""PS-02_AIGR-S66270_NCIIPC_02_03_2026.xlsx""]"
https://aiseras.com,"[""PS-02_AIGR-S66270_NCIIPC_02_03_2026.xlsx""]"
http://inmeca.com,"[""PS-02_AIGR-S66270_NCIIPC_02_03_2026.xlsx""]"
aivitamuse.com,"[""PS-02_AIGR-S66270_NCIIPC_02_03_2026.xlsx""]"
http://impractico.com,"[""PS-02_AIGR-S66270_NCIIPC_02_03_2026.xlsx""]"
https://authbrandly.com,"[""PS-02_AIGR-S66270_NCIIPC_02_03_2026.xlsx""]"
kcloude.ru,"[""PS-02_AIGR-S66270_NCIIPC_02_03_2026.xlsx""]"
https://cloudambient.com,"[""PS-02_AIGR-S66270_NCIIPC_02_03_2026.xlsx""]"
https://onlinetalking.com,"[""PS-02_AIGR-S66270_NCIIPC_02_03_2026.xlsx""]"
https://saecva.com,"[""PS-02_AIGR-S66270_NCIIPC_02_03_2026.xlsx""]"
https://sacosai.com,"[""PS-02_AIGR-S66270_NCIIPC_02_03_2026.xlsx""]"
http://mcgold.in,"[""PS-02_AIGR-S66270_NCIIPC_02_03_2026.xlsx""]"
http://industrialdash.com,"[""PS-02_AIGR-S66270_NCIIPC_02_03_2026.xlsx""]"
onlinestager.com,"[""PS-02_AIGR-S66270_NCIIPC_02_03_2026.xlsx""]"
https://airjetfuel.com,"[""PS-02_AIGR-S66270_NCIIPC_02_03_2026.xlsx""]"
http://jkdhomeloan.com,"[""PS-02_AIGR-S66270_NCIIPC_02_03_2026.xlsx""]"
http://myclouddy.com,"[""PS-02_AIGR-S66270_NCIIPC_02_03_2026.xlsx""]"
cloudwiz.cloud,"[""PS-02_AIGR-S66270_NCIIPC_02_03_2026.xlsx""]"
http://jamioy.com,"[""PS-02_AIGR-S66270_NCIIPC_02_03_2026.xlsx""]"
https://industrialhumanoid.com,"[""PS-02_AIGR-S66270_NCIIPC_02_03_2026.xlsx""]"
http://5af3c3.shop,"[""PS-02_AIGR-S66270_NCIIPC_02_03_2026.xlsx""]"
pnb-care.online,"[""PS-02_AIGR-S66270_NCIIPC_02_03_2026.xlsx""]"
icloudvay.com,"[""PS-02_AIGR-S66270_NCIIPC_02_03_2026.xlsx""]"
cloudpaws.store,"[""PS-02_AIGR-S66270_NCIIPC_02_03_2026.xlsx""]"
sstar.uno,"[""PS-02_AIGR-S66270_NCIIPC_02_03_2026.xlsx""]"
http://cloudheed.cloud,"[""PS-02_AIGR-S66270_NCIIPC_02_03_2026.xlsx""]"
myclouddb.com,"[""PS-02_AIGR-S66270_NCIIPC_02_03_2026.xlsx""]"
https://calnia.com,"[""PS-02_AIGR-S66270_NCIIPC_02_03_2026.xlsx""]"
cloudcamp-poc.cloud,"[""PS-02_AIGR-S66270_NCIIPC_02_03_2026.xlsx""]"
http://5krace.com,"[""PS-02_AIGR-S66270_NCIIPC_02_03_2026.xlsx""]"
http://clouds.bot,"[""PS-02_AIGR-S66270_NCIIPC_02_03_2026.xlsx""]"
buildafig.com,"[""PS-02_AIGR-S66270_NCIIPC_02_03_2026.xlsx""]"
cloudspire-work.com,"[""PS-02_AIGR-S66270_NCIIPC_02_03_2026.xlsx""]"
cloudcatchermusic.com,"[""PS-02_AIGR-S66270_NCIIPC_02_03_2026.xlsx""]"
http://homesbylangstonturner.com,"[""PS-02_AIGR-S66270_NCIIPC_02_03_2026.xlsx""]"
homenestor.com,"[""PS-02_AIGR-S66270_NCIIPC_02_03_2026.xlsx""]"
http://axisvibrantia.ch,"[""PS-02_AIGR-S66270_NCIIPC_02_03_2026.xlsx""]"
onlinelinkscan.com,"[""PS-02_AIGR-S66270_NCIIPC_02_03_2026.xlsx""]"
https://home-850.com,"[""PS-02_AIGR-S66270_NCIIPC_02_03_2026.xlsx""]"
https://axisframing.co.uk,"[""PS-02_AIGR-S66270_NCIIPC_02_03_2026.xlsx""]"
homelesscoinbsc.xyz,"[""PS-02_AIGR-S66270_NCIIPC_02_03_2026.xlsx""]"
onlineaeh.com,"[""PS-02_AIGR-S66270_NCIIPC_02_03_2026.xlsx""]"
online-betting-uk.com,"[""PS-02_AIGR-S66270_NCIIPC_02_03_2026.xlsx""]"
cloudbuffer.xyz,"[""PS-02_AIGR-S66270_NCIIPC_02_03_2026.xlsx""]"
cloudvidyashram.com,"[""PS-02_AIGR-S66270_NCIIPC_02_03_2026.xlsx""]"
cloudtrillion.xyz,"[""PS-02_AIGR-S66270_NCIIPC_02_03_2026.xlsx""]"
coalrietenbach.com,"[""PS-02_AIGR-S66270_NCIIPC_02_03_2026.xlsx""]"
blueoindia.in,"[""PS-02_AIGR-S66270_NCIIPC_02_03_2026.xlsx""]"
icispcs.com,"[""PS-02_AIGR-S66270_NCIIPC_02_03_2026.xlsx""]"
aionreal.info,"[""PS-02_AIGR-S66270_NCIIPC_02_03_2026.xlsx""]"
coalindia.energy,"[""PS-02_AIGR-S66270_NCIIPC_02_03_2026.xlsx""]"
onlinesalessite.com,"[""PS-02_AIGR-S66270_NCIIPC_02_03_2026.xlsx""]"
cloudlayer1.xyz,"[""PS-02_AIGR-S66270_NCIIPC_02_03_2026.xlsx""]"
onlinekursyazilimi.com,"[""PS-02_AIGR-S66270_NCIIPC_02_03_2026.xlsx""]"
cloudstreamsoftware.cloud,"[""PS-02_AIGR-S66270_NCIIPC_02_03_2026.xlsx""]"
bossicardi.com,"[""PS-02_AIGR-S66270_NCIIPC_02_03_2026.xlsx""]"
gsfintech.com,"[""PS-02_AIGR-S66270_NCIIPC_02_03_2026.xlsx""]"
ecfir.com,"[""PS-02_AIGR-S66270_NCIIPC_02_03_2026.xlsx""]"
home-agent.ai,"[""PS-02_AIGR-S66270_NCIIPC_02_03_2026.xlsx""]"
indusai.chat,"[""PS-02_AIGR-S66270_NCIIPC_02_03_2026.xlsx""]"
http://parashine.com,"[""PS-02_AIGR-S66270_NCIIPC_02_03_2026.xlsx""]"
rebecaizoton.com,"[""PS-02_AIGR-S66270_NCIIPC_02_03_2026.xlsx""]"
amitis.style,"[""PS-02_AIGR-S66270_NCIIPC_02_03_2026.xlsx""]"
cloudrender.nl,"[""PS-02_AIGR-S66270_NCIIPC_02_03_2026.xlsx""]"
https://homeownerstips.com,"[""PS-02_AIGR-S66270_NCIIPC_02_03_2026.xlsx""]"
sbbig.co,"[""PS-02_AIGR-S66270_NCIIPC_02_03_2026.xlsx""]"
https://cloudwebspace.com,"[""PS-02_AIGR-S66270_NCIIPC_02_03_2026.xlsx""]"
cloudcoinai.xyz,"[""PS-02_AIGR-S66270_NCIIPC_02_03_2026.xlsx""]"
http://rebikini.com,"[""PS-02_AIGR-S66270_NCIIPC_02_03_2026.xlsx""]"
clustd.com,"[""PS-02_AIGR-S66270_NCIIPC_02_03_2026.xlsx""]"
artello.web.tr,"[""PS-02_AIGR-S66270_NCIIPC_02_03_2026.xlsx""]"
stakeindia.biz,"[""PS-02_AIGR-S66270_NCIIPC_02_03_2026.xlsx""]"
homeloansbybeatrice.com,"[""PS-02_AIGR-S66270_NCIIPC_02_03_2026.xlsx""]"
cloudeo.xyz,"[""PS-02_AIGR-S66270_NCIIPC_02_03_2026.xlsx""]"
canadianmarketindex.com,"[""PS-02_AIGR-S66270_NCIIPC_02_03_2026.xlsx""]"
homefamilypoint.com,"[""PS-02_AIGR-S66270_NCIIPC_02_03_2026.xlsx""]"
cloudigh.com,"[""PS-02_AIGR-S66270_NCIIPC_02_03_2026.xlsx""]"
onlinecocktail.com,"[""PS-02_AIGR-S66270_NCIIPC_02_03_2026.xlsx""]"
cloudchimp.xyz,"[""PS-02_AIGR-S66270_NCIIPC_02_03_2026.xlsx""]"
cloudfunds.xyz,"[""PS-02_AIGR-S66270_NCIIPC_02_03_2026.xlsx""]"
cloud-dg.com,"[""PS-02_AIGR-S66270_NCIIPC_02_03_2026.xlsx""]"
my1i.com,"[""PS-02_AIGR-S66270_NCIIPC_02_03_2026.xlsx""]"
bankbread.com,"[""PS-02_AIGR-S66270_NCIIPC_02_03_2026.xlsx""]"
ifirst.link,"[""PS-02_AIGR-S66270_NCIIPC_02_03_2026.xlsx""]"
cloudrescue24.com,"[""PS-02_AIGR-S66270_NCIIPC_02_03_2026.xlsx""]"
cashmirindia.com,"[""PS-02_AIGR-S66270_NCIIPC_02_03_2026.xlsx""]"
cloudpaintings.xyz,"[""PS-02_AIGR-S66270_NCIIPC_02_03_2026.xlsx""]"
homeroo.cz,"[""PS-02_AIGR-S66270_NCIIPC_02_03_2026.xlsx""]"
http://bankofandorra.com,"[""PS-02_AIGR-S66270_NCIIPC_02_03_2026.xlsx""]"
onlinepsychicfaire.com,"[""PS-02_AIGR-S66270_NCIIPC_02_03_2026.xlsx""]"
cloud-rectification.xyz,"[""PS-02_AIGR-S66270_NCIIPC_02_03_2026.xlsx""]"
cloud1agi.xyz,"[""PS-02_AIGR-S66270_NCIIPC_02_03_2026.xlsx""]"
onlinekickst.art,"[""PS-02_AIGR-S66270_NCIIPC_02_03_2026.xlsx""]"
https://regint.io,"[""PS-02_AIGR-S66270_NCIIPC_02_03_2026.xlsx""]"
cloudaccountshq.biz,"[""PS-02_AIGR-S66270_NCIIPC_02_03_2026.xlsx""]"
cloudlavender.com,"[""PS-02_AIGR-S66270_NCIIPC_02_03_2026.xlsx""]"
http://cloudmerchants.com,"[""PS-02_AIGR-S66270_NCIIPC_02_03_2026.xlsx""]"
iacci.click,"[""PS-02_AIGR-S66270_NCIIPC_02_03_2026.xlsx""]"
https://sbacards.com,"[""PS-02_AIGR-S66270_NCIIPC_02_03_2026.xlsx""]"
aifish.in,"[""PS-02_AIGR-S66270_NCIIPC_02_03_2026.xlsx""]"
https://cloudgrass.com,"[""PS-02_AIGR-S66270_NCIIPC_02_03_2026.xlsx""]"
http://jioxx.gs,"[""PS-02_AIGR-S66270_NCIIPC_02_03_2026.xlsx""]"
kaicloud.xyz,"[""PS-02_AIGR-S66270_NCIIPC_02_03_2026.xlsx""]"
industrialcleaningdirect.info,"[""PS-02_AIGR-S66270_NCIIPC_02_03_2026.xlsx""]"
https://animalfixer.com,"[""PS-02_AIGR-S66270_NCIIPC_02_03_2026.xlsx""]"
https://onlinecasinos77belgium.com,"[""PS-02_AIGR-S66270_NCIIPC_02_03_2026.xlsx""]"
onlinebillpaychecks.com,"[""PS-02_AIGR-S66270_NCIIPC_02_03_2026.xlsx""]"
iusr.dev,"[""PS-02_AIGR-S66270_NCIIPC_02_03_2026.xlsx""]"
ftech.xyz,"[""PS-02_AIGR-S66270_NCIIPC_02_03_2026.xlsx""]"
homeloansbyconnor.com,"[""PS-02_AIGR-S66270_NCIIPC_02_03_2026.xlsx""]"
cloudrelay.sbs,"[""PS-02_AIGR-S66270_NCIIPC_02_03_2026.xlsx""]"
cloudcleaning.xyz,"[""PS-02_AIGR-S66270_NCIIPC_02_03_2026.xlsx""]"
http://itsrooh.com,"[""PS-02_AIGR-S66270_NCIIPC_02_03_2026.xlsx""]"
sheindlina.com,"[""PS-02_AIGR-S66270_NCIIPC_02_03_2026.xlsx""]"
sumocloud.xyz,"[""PS-02_AIGR-S66270_NCIIPC_02_03_2026.xlsx""]"
cloudridge-digital.uk,"[""PS-02_AIGR-S66270_NCIIPC_02_03_2026.xlsx""]"
https://rjboii.com,"[""PS-02_AIGR-S66270_NCIIPC_02_03_2026.xlsx""]"
cloudkarma.xyz,"[""PS-02_AIGR-S66270_NCIIPC_02_03_2026.xlsx""]"
rebirthing-piano.com,"[""PS-02_AIGR-S66270_NCIIPC_02_03_2026.xlsx""]"
airkid.com,"[""PS-02_AIGR-S66270_NCIIPC_02_03_2026.xlsx""]"
indianorganicglow.com,"[""PS-02_AIGR-S66270_NCIIPC_02_03_2026.xlsx""]"
https://homeblaze.com,"[""PS-02_AIGR-S66270_NCIIPC_02_03_2026.xlsx""]"
online-finance.com,"[""PS-02_AIGR-S66270_NCIIPC_02_03_2026.xlsx""]"
aijte.com,"[""PS-02_AIGR-S66270_NCIIPC_02_03_2026.xlsx""]"
jioworkz.com,"[""PS-02_AIGR-S66270_NCIIPC_02_03_2026.xlsx""]"
https://ecomin.app,"[""PS-02_AIGR-S66270_NCIIPC_02_03_2026.xlsx""]"
cloudhabitats.xyz,"[""PS-02_AIGR-S66270_NCIIPC_02_03_2026.xlsx""]"
cloudhood.xyz,"[""PS-02_AIGR-S66270_NCIIPC_02_03_2026.xlsx""]"
uditrai.com,"[""PS-02_AIGR-S66270_NCIIPC_02_03_2026.xlsx""]"
firstchoice-cu.sa.com,"[""PS-02_AIGR-S66270_NCIIPC_02_03_2026.xlsx""]"
irise.one,"[""PS-02_AIGR-S66270_NCIIPC_02_03_2026.xlsx""]"
urbio.co,"[""PS-02_AIGR-S66270_NCIIPC_02_03_2026.xlsx""]"
homelabworkshop.net,"[""PS-02_AIGR-S66270_NCIIPC_02_03_2026.xlsx""]"
cloudmain.eu,"[""PS-02_AIGR-S66270_NCIIPC_02_03_2026.xlsx""]"
cloudlab.biz,"[""PS-02_AIGR-S66270_NCIIPC_02_03_2026.xlsx""]"
indipa.com,"[""PS-02_AIGR-S66270_NCIIPC_02_03_2026.xlsx""]"
aivoraindia.com,"[""PS-02_AIGR-S66270_NCIIPC_02_03_2026.xlsx""]"
cloudwahs.com,"[""PS-02_AIGR-S66270_NCIIPC_02_03_2026.xlsx""]"
cloudskillgames.com,"[""PS-02_AIGR-S66270_NCIIPC_02_03_2026.xlsx""]"
incaion.site,"[""PS-02_AIGR-S66270_NCIIPC_02_03_2026.xlsx""]"
cloudbulwark.xyz,"[""PS-02_AIGR-S66270_NCIIPC_02_03_2026.xlsx""]"
cloudsystems.consulting,"[""PS-02_AIGR-S66270_NCIIPC_02_03_2026.xlsx""]"
https://cloud-sokuho.com,"[""PS-02_AIGR-S66270_NCIIPC_02_03_2026.xlsx""]"
cloudphilippines.com,"[""PS-02_AIGR-S66270_NCIIPC_02_03_2026.xlsx""]"
ntb1.sa.com,"[""PS-02_AIGR-S66270_NCIIPC_02_03_2026.xlsx""]"
inaction-media.com,"[""PS-02_AIGR-S66270_NCIIPC_02_03_2026.xlsx""]"
ictnc.com,"[""PS-02_AIGR-S66270_NCIIPC_02_03_2026.xlsx""]"
indianxxx2021.com,"[""PS-02_AIGR-S66270_NCIIPC_02_03_2026.xlsx""]"
cloud1000x.xyz,"[""PS-02_AIGR-S66270_NCIIPC_02_03_2026.xlsx""]"
hormonesaf.com,"[""PS-02_AIGR-S66270_NCIIPC_02_03_2026.xlsx""]"
imcci.click,"[""PS-02_AIGR-S66270_NCIIPC_02_03_2026.xlsx""]"
panbe.cyou,"[""PS-02_AIGR-S66270_NCIIPC_02_03_2026.xlsx""]"
online-shop-tr.com,"[""PS-02_AIGR-S66270_NCIIPC_02_03_2026.xlsx""]"
homerecordings.us,"[""PS-02_AIGR-S66270_NCIIPC_02_03_2026.xlsx""]"
cloudnovaus.com,"[""PS-02_AIGR-S66270_NCIIPC_02_03_2026.xlsx""]"
authedgeai.xyz,"[""PS-02_AIGR-S66270_NCIIPC_02_03_2026.xlsx""]"
cloudziips.com,"[""PS-02_AIGR-S66270_NCIIPC_02_03_2026.xlsx""]"
cloud-containers.com,"[""PS-02_AIGR-S66270_NCIIPC_02_03_2026.xlsx""]"
cloudwaste.io,"[""PS-02_AIGR-S66270_NCIIPC_02_03_2026.xlsx""]"
axisscheduling.co.bw,"[""PS-02_AIGR-S66270_NCIIPC_02_03_2026.xlsx""]"
onlinebettinggames.com,"[""PS-02_AIGR-S66270_NCIIPC_02_03_2026.xlsx""]"
onlineserver3.top,"[""PS-02_AIGR-S66270_NCIIPC_02_03_2026.xlsx""]"
online-idea.com,"[""PS-02_AIGR-S66270_NCIIPC_02_03_2026.xlsx""]"
cloudsoar.xyz,"[""PS-02_AIGR-S66270_NCIIPC_02_03_2026.xlsx""]"
myvillagelovesme.com,"[""PS-02_AIGR-S66270_NCIIPC_02_03_2026.xlsx""]"
artdiesel.com,"[""PS-02_AIGR-S66270_NCIIPC_02_03_2026.xlsx""]"
indicio.click,"[""PS-02_AIGR-S66270_NCIIPC_02_03_2026.xlsx""]"
https://bankofenglandtroy.com,"[""PS-02_AIGR-S66270_NCIIPC_02_03_2026.xlsx""]"
https://airjet.xyz,"[""PS-02_AIGR-S66270_NCIIPC_02_03_2026.xlsx""]"
https://homeprops.com,"[""PS-02_AIGR-S66270_NCIIPC_02_03_2026.xlsx""]"
cloudpublish.xyz,"[""PS-02_AIGR-S66270_NCIIPC_02_03_2026.xlsx""]"
edition-daily.sa.com,"[""PS-02_AIGR-S66270_NCIIPC_02_03_2026.xlsx""]"
cloudconfidence.xyz,"[""PS-02_AIGR-S66270_NCIIPC_02_03_2026.xlsx""]"
https://onlinetrials.com,"[""PS-02_AIGR-S66270_NCIIPC_02_03_2026.xlsx""]"
onlinereality.xyz,"[""PS-02_AIGR-S66270_NCIIPC_02_03_2026.xlsx""]"
https://onlinewaittime.com,"[""PS-02_AIGR-S66270_NCIIPC_02_03_2026.xlsx""]"
aimv5g.com,"[""PS-02_AIGR-S66270_NCIIPC_02_03_2026.xlsx""]"
https://sbmcloud.dev,"[""PS-02_AIGR-S66270_NCIIPC_02_03_2026.xlsx""]"
cloudcasts.xyz,"[""PS-02_AIGR-S66270_NCIIPC_02_03_2026.xlsx""]"
https://inconx.org,"[""PS-02_AIGR-S66270_NCIIPC_02_03_2026.xlsx""]"
bbsindia.com,"[""PS-02_AIGR-S66270_NCIIPC_02_03_2026.xlsx""]"
seatcn.com,"[""PS-02_AIGR-S66270_NCIIPC_02_03_2026.xlsx""]"
psfcloud.com,"[""PS-02_AIGR-S66270_NCIIPC_02_03_2026.xlsx""]"
camilo.bio,"[""PS-02_AIGR-S66270_NCIIPC_02_03_2026.xlsx""]"
hclindia.com,"[""PS-02_AIGR-S66270_NCIIPC_02_03_2026.xlsx""]"
cloudemy.app,"[""PS-02_AIGR-S66270_NCIIPC_02_03_2026.xlsx""]"
onlinefantasyliveplay.info,"[""PS-02_AIGR-S66270_NCIIPC_02_03_2026.xlsx""]"
snacqo.com,"[""PS-02_AIGR-S66270_NCIIPC_02_03_2026.xlsx""]"
lou.beauty,"[""PS-02_AIGR-S66270_NCIIPC_02_03_2026.xlsx""]"
axishealthsupply.com,"[""PS-02_AIGR-S66270_NCIIPC_02_03_2026.xlsx""]"
airtele.xyz,"[""PS-02_AIGR-S66270_NCIIPC_02_03_2026.xlsx""]"
alexis66.com,"[""PS-02_AIGR-S66270_NCIIPC_02_03_2026.xlsx""]"
http://nhantd.com,"[""PS-02_AIGR-S66270_NCIIPC_02_03_2026.xlsx""]"
authiemobilhome.com,"[""PS-02_AIGR-S66270_NCIIPC_02_03_2026.xlsx""]"
https://cloudpay.cloud,"[""PS-02_AIGR-S66270_NCIIPC_02_03_2026.xlsx""]"
myvitalearthist.com,"[""PS-02_AIGR-S66270_NCIIPC_02_03_2026.xlsx""]"
sac-gpt.com,"[""PS-02_AIGR-S66270_NCIIPC_02_03_2026.xlsx""]"
cloudcertguru.com,"[""PS-02_AIGR-S66270_NCIIPC_02_03_2026.xlsx""]"
indiaexi.com,"[""PS-02_AIGR-S66270_NCIIPC_02_03_2026.xlsx""]"
airwestindies.com,"[""PS-02_AIGR-S66270_NCIIPC_02_03_2026.xlsx""]"
iotcloud.icu,"[""PS-02_AIGR-S66270_NCIIPC_02_03_2026.xlsx""]"
homebox.direct,"[""PS-02_AIGR-S66270_NCIIPC_02_03_2026.xlsx""]"
aiindianow.com,"[""PS-02_AIGR-S66270_NCIIPC_02_03_2026.xlsx""]"
onlinemusicblog.com,"[""PS-02_AIGR-S66270_NCIIPC_02_03_2026.xlsx""]"
irccj.click,"[""PS-02_AIGR-S66270_NCIIPC_02_03_2026.xlsx""]"
onlinebotic.com,"[""PS-02_AIGR-S66270_NCIIPC_02_03_2026.xlsx""]"
cloudaicoding.xyz,"[""PS-02_AIGR-S66270_NCIIPC_02_03_2026.xlsx""]"
cloverfunding.xyz,"[""PS-02_AIGR-S66270_NCIIPC_02_03_2026.xlsx""]"
onlinetop.org,"[""PS-02_AIGR-S66270_NCIIPC_02_03_2026.xlsx""]"
https://science-digital.sa.com,"[""PS-02_AIGR-S66270_NCIIPC_02_03_2026.xlsx""]"
irini.design,"[""PS-02_AIGR-S66270_NCIIPC_02_03_2026.xlsx""]"
bisngolf.ca,"[""PS-02_AIGR-S66270_NCIIPC_02_03_2026.xlsx""]"
cloudpivot.xyz,"[""PS-02_AIGR-S66270_NCIIPC_02_03_2026.xlsx""]"
onlinepatim.com,"[""PS-02_AIGR-S66270_NCIIPC_02_03_2026.xlsx""]"
https://canastranews.com,"[""PS-02_AIGR-S66270_NCIIPC_02_03_2026.xlsx""]"
https://aiimpact.world,"[""PS-02_AIGR-S66270_NCIIPC_02_03_2026.xlsx""]"
sascms.com,"[""PS-02_AIGR-S66270_NCIIPC_02_03_2026.xlsx""]"
castleinn.info,"[""PS-02_AIGR-S66270_NCIIPC_02_03_2026.xlsx""]"
bankofuae.com,"[""PS-02_AIGR-S66270_NCIIPC_02_03_2026.xlsx""]"
mispro.asia,"[""PS-02_AIGR-S66270_NCIIPC_02_03_2026.xlsx""]"
homeosud.com,"[""PS-02_AIGR-S66270_NCIIPC_02_03_2026.xlsx""]"
cloudinfinity.xyz,"[""PS-02_AIGR-S66270_NCIIPC_02_03_2026.xlsx""]"
http://jairos.fr,"[""PS-02_AIGR-S66270_NCIIPC_02_03_2026.xlsx""]"
cloud2shop.xyz,"[""PS-02_AIGR-S66270_NCIIPC_02_03_2026.xlsx""]"
axistimepieces.com,"[""PS-02_AIGR-S66270_NCIIPC_02_03_2026.xlsx""]"
cloudcube.vip,"[""PS-02_AIGR-S66270_NCIIPC_02_03_2026.xlsx""]"
onlinenodes.xyz,"[""PS-02_AIGR-S66270_NCIIPC_02_03_2026.xlsx""]"
aivids.health,"[""PS-02_AIGR-S66270_NCIIPC_02_03_2026.xlsx""]"
iams.info,"[""PS-02_AIGR-S66270_NCIIPC_02_03_2026.xlsx""]"
online-astro.com,"[""PS-02_AIGR-S66270_NCIIPC_02_03_2026.xlsx""]"
homeplate.dev,"[""PS-02_AIGR-S66270_NCIIPC_02_03_2026.xlsx""]"
aliisme.com,"[""PS-02_AIGR-S66270_NCIIPC_02_03_2026.xlsx""]"
pcnbm.bond,"[""PS-02_AIGR-S66270_NCIIPC_02_03_2026.xlsx""]"
https://aiseros.com,"[""PS-02_AIGR-S66270_NCIIPC_02_03_2026.xlsx""]"
http://cloudgolfer.com,"[""PS-02_AIGR-S66270_NCIIPC_02_03_2026.xlsx""]"
clouddominator.xyz,"[""PS-02_AIGR-S66270_NCIIPC_02_03_2026.xlsx""]"
cloudaroq.com,"[""PS-02_AIGR-S66270_NCIIPC_02_03_2026.xlsx""]"
saucer.me,"[""PS-02_AIGR-S66270_NCIIPC_02_03_2026.xlsx""]"
http://rubix.xyz,"[""PS-02_AIGR-S66270_NCIIPC_02_03_2026.xlsx""]"
bend.fit,"[""PS-02_AIGR-S66270_NCIIPC_02_03_2026.xlsx""]"
airelator.com,"[""PS-02_AIGR-S66270_NCIIPC_02_03_2026.xlsx""]"
biciclick.com,"[""PS-02_AIGR-S66270_NCIIPC_02_03_2026.xlsx""]"
cloudlakellc.com,"[""PS-02_AIGR-S66270_NCIIPC_02_03_2026.xlsx""]"
bankofamdrica.com,"[""PS-02_AIGR-S66270_NCIIPC_02_03_2026.xlsx""]"
cloud-lkkmedia.com,"[""PS-02_AIGR-S66270_NCIIPC_02_03_2026.xlsx""]"
qsicloud.com,"[""PS-02_AIGR-S66270_NCIIPC_02_03_2026.xlsx""]"
axisinvestment.xyz,"[""PS-02_AIGR-S66270_NCIIPC_02_03_2026.xlsx""]"
indianbooking.com,"[""PS-02_AIGR-S66270_NCIIPC_02_03_2026.xlsx""]"
cloudfactor.xyz,"[""PS-02_AIGR-S66270_NCIIPC_02_03_2026.xlsx""]"
onlinesentry.xyz,"[""PS-02_AIGR-S66270_NCIIPC_02_03_2026.xlsx""]"
cloudzep.com,"[""PS-02_AIGR-S66270_NCIIPC_02_03_2026.xlsx""]"
ejcinc.com,"[""PS-02_AIGR-S66270_NCIIPC_02_03_2026.xlsx""]"
indiogn.com,"[""PS-02_AIGR-S66270_NCIIPC_02_03_2026.xlsx""]"
onlinecursos.digital,"[""PS-02_AIGR-S66270_NCIIPC_02_03_2026.xlsx""]"
incorvaia.com,"[""PS-02_AIGR-S66270_NCIIPC_02_03_2026.xlsx""]"
cloudsart.com,"[""PS-02_AIGR-S66270_NCIIPC_02_03_2026.xlsx""]"
airtaskee.com,"[""PS-02_AIGR-S66270_NCIIPC_02_03_2026.xlsx""]"
inkmeta.com,"[""PS-02_AIGR-S66270_NCIIPC_02_03_2026.xlsx""]"
homeloansbytyler.com,"[""PS-02_AIGR-S66270_NCIIPC_02_03_2026.xlsx""]"
homeeasezone.click,"[""PS-02_AIGR-S66270_NCIIPC_02_03_2026.xlsx""]"
https://cloudaxon.com,"[""PS-02_AIGR-S66270_NCIIPC_02_03_2026.xlsx""]"
homeloanplans.com,"[""PS-02_AIGR-S66270_NCIIPC_02_03_2026.xlsx""]"
homelandgolf.com,"[""PS-02_AIGR-S66270_NCIIPC_02_03_2026.xlsx""]"
https://indicationlab.com,"[""PS-02_AIGR-S66270_NCIIPC_02_03_2026.xlsx""]"
homepwrsolutions.com,"[""PS-02_AIGR-S66270_NCIIPC_02_03_2026.xlsx""]"
bestfarm.cfd,"[""PS-02_AIGR-S66270_NCIIPC_02_03_2026.xlsx""]"
insurid.com,"[""PS-02_AIGR-S66270_NCIIPC_02_03_2026.xlsx""]"
https://onlinecasinoproject.com,"[""PS-02_AIGR-S66270_NCIIPC_02_03_2026.xlsx""]"
cloudynergy.xyz,"[""PS-02_AIGR-S66270_NCIIPC_02_03_2026.xlsx""]"
indiabanko.com,"[""PS-02_AIGR-S66270_NCIIPC_02_03_2026.xlsx""]"
rebida.com,"[""PS-02_AIGR-S66270_NCIIPC_02_03_2026.xlsx""]"
homefrontbooks.com,"[""PS-02_AIGR-S66270_NCIIPC_02_03_2026.xlsx""]"
diary-learn.sa.com,"[""PS-02_AIGR-S66270_NCIIPC_02_03_2026.xlsx""]"
homeplatecms.com,"[""PS-02_AIGR-S66270_NCIIPC_02_03_2026.xlsx""]"
sbionics.com,"[""PS-02_AIGR-S66270_NCIIPC_02_03_2026.xlsx""]"
indianwellsca.com,"[""PS-02_AIGR-S66270_NCIIPC_02_03_2026.xlsx""]"
hindfusion.com,"[""PS-02_AIGR-S66270_NCIIPC_02_03_2026.xlsx""]"
cloudiosolutions.tech,"[""PS-02_AIGR-S66270_NCIIPC_02_03_2026.xlsx""]"
5life.xyz,"[""PS-02_AIGR-S66270_NCIIPC_02_03_2026.xlsx""]"
hdf-scope.fr,"[""PS-02_AIGR-S66270_NCIIPC_02_03_2026.xlsx""]"
indianmemorial.com,"[""PS-02_AIGR-S66270_NCIIPC_02_03_2026.xlsx""]"
guildair.xyz,"[""PS-02_AIGR-S66270_NCIIPC_02_03_2026.xlsx""]"
flyingtech.xyz,"[""PS-02_AIGR-S66270_NCIIPC_02_03_2026.xlsx""]"
indicindia.com,"[""PS-02_AIGR-S66270_NCIIPC_02_03_2026.xlsx""]"
rebainfratech.com,"[""PS-02_AIGR-S66270_NCIIPC_02_03_2026.xlsx""]"
rehability.hu,"[""PS-02_AIGR-S66270_NCIIPC_02_03_2026.xlsx""]"
income0807.com,"[""PS-02_AIGR-S66270_NCIIPC_02_03_2026.xlsx""]"
cloudpilottech.com,"[""PS-02_AIGR-S66270_NCIIPC_02_03_2026.xlsx""]"
https://axischiroclinic.com,"[""PS-02_AIGR-S66270_NCIIPC_02_03_2026.xlsx""]"
https://indianadating.com,"[""PS-02_AIGR-S66270_NCIIPC_02_03_2026.xlsx""]"
cloudchill.xyz,"[""PS-02_AIGR-S66270_NCIIPC_02_03_2026.xlsx""]"
https://parashiva.com,"[""PS-02_AIGR-S66270_NCIIPC_02_03_2026.xlsx""]"
myvisionservices.com,"[""PS-02_AIGR-S66270_NCIIPC_02_03_2026.xlsx""]"
siliye.asia,"[""PS-02_AIGR-S66270_NCIIPC_02_03_2026.xlsx""]"
ahxins.com,"[""PS-02_AIGR-S66270_NCIIPC_02_03_2026.xlsx""]"
http://crumbsonline.com,"[""PS-02_AIGR-S66270_NCIIPC_02_03_2026.xlsx""]"
swebid.com,"[""PS-02_AIGR-S66270_NCIIPC_02_03_2026.xlsx""]"
https://airek.store,"[""PS-02_AIGR-S66270_NCIIPC_02_03_2026.xlsx""]"
http://isdo.xyz,"[""PS-02_AIGR-S66270_NCIIPC_02_03_2026.xlsx""]"
