run_id,emitted_at,label,stage_name,worker_id,metric_kind,counters_json,gauges_json,latency_json,resource_snapshot_json,details_json
run_20260410T134544Z,2026-04-10T13:46:02+00:00,shortlist,shortlist,,snapshot,{},{},{},"{""available_cpu"": 11.0, ""available_memory_gb"": 0.27, ""available_object_store_gb"": 0.14, ""cluster_cpu"": 12.0, ""cluster_memory_gb"": 0.27, ""cluster_object_store_gb"": 0.14, ""used_cpu"": 1.0}","{""hash"": {""aux_queue_depth"": 0, ""backlog"": 0, ""browser_actors"": 0, ""finalize_queue_depth"": 0, ""pending"": 0, ""render_queue_depth"": 0, ""render_trace_rows"": 0}, ""matches"": 0, ""stage0"": {""hits"": 0, ""misses"": 0, ""remaining"": 172, ""skipped"": 0}, ""stage1"": {""backlog"": 0, ""enrich_actors"": 0, ""fetch_actors"": 0, ""pending"": 0, ""progress"": {""escalated"": 0, ""failed"": 0, ""fallback_dns"": 0, ""fetched"": 0, ""head_only"": 0, ""timeout"": 0}}}"
run_20260410T134544Z,2026-04-10T13:46:07+00:00,shortlist,shortlist,,snapshot,{},{},{},"{""available_cpu"": 11.0, ""available_memory_gb"": 0.27, ""available_object_store_gb"": 0.14, ""cluster_cpu"": 12.0, ""cluster_memory_gb"": 0.27, ""cluster_object_store_gb"": 0.14, ""used_cpu"": 1.0}","{""hash"": {""aux_queue_depth"": 0, ""backlog"": 0, ""browser_actors"": 0, ""finalize_queue_depth"": 0, ""pending"": 0, ""render_queue_depth"": 0, ""render_trace_rows"": 0}, ""matches"": 0, ""stage0"": {""hits"": 0, ""misses"": 0, ""remaining"": 172, ""skipped"": 0}, ""stage1"": {""backlog"": 0, ""enrich_actors"": 0, ""fetch_actors"": 0, ""pending"": 0, ""progress"": {""escalated"": 0, ""failed"": 0, ""fallback_dns"": 0, ""fetched"": 0, ""head_only"": 0, ""timeout"": 0}}}"
run_20260410T134544Z,2026-04-10T13:46:12+00:00,shortlist,shortlist,,snapshot,{},{},{},"{""available_cpu"": 11.25, ""available_memory_gb"": 0.27, ""available_object_store_gb"": 0.14, ""cluster_cpu"": 12.0, ""cluster_memory_gb"": 0.27, ""cluster_object_store_gb"": 0.14, ""used_cpu"": 0.75}","{""hash"": {""aux_queue_depth"": 0, ""backlog"": 9, ""browser_actors"": 1, ""finalize_queue_depth"": 0, ""pending"": 3, ""render_queue_depth"": 12, ""render_trace_rows"": 0}, ""matches"": 0, ""stage0"": {""hits"": 12, ""misses"": 52, ""remaining"": 172, ""skipped"": 0}, ""stage1"": {""backlog"": 46, ""enrich_actors"": 0, ""fetch_actors"": 1, ""pending"": 6, ""progress"": {""escalated"": 0, ""failed"": 0, ""fallback_dns"": 0, ""fetched"": 0, ""head_only"": 0, ""timeout"": 0}}}"
run_20260410T134544Z,2026-04-10T13:46:17+00:00,shortlist,shortlist,,snapshot,{},{},{},"{""available_cpu"": 11.25, ""available_memory_gb"": 0.27, ""available_object_store_gb"": 0.14, ""cluster_cpu"": 12.0, ""cluster_memory_gb"": 0.27, ""cluster_object_store_gb"": 0.14, ""used_cpu"": 0.75}","{""hash"": {""aux_queue_depth"": 0, ""backlog"": 9, ""browser_actors"": 1, ""finalize_queue_depth"": 0, ""pending"": 3, ""render_queue_depth"": 12, ""render_trace_rows"": 0}, ""matches"": 0, ""stage0"": {""hits"": 12, ""misses"": 52, ""remaining"": 172, ""skipped"": 0}, ""stage1"": {""backlog"": 46, ""enrich_actors"": 0, ""fetch_actors"": 1, ""pending"": 6, ""progress"": {""escalated"": 0, ""failed"": 0, ""fallback_dns"": 0, ""fetched"": 0, ""head_only"": 0, ""timeout"": 0}}}"
run_20260410T134544Z,2026-04-10T13:46:22+00:00,shortlist,shortlist,,snapshot,{},{},{},"{""available_cpu"": 11.25, ""available_memory_gb"": 0.27, ""available_object_store_gb"": 0.14, ""cluster_cpu"": 12.0, ""cluster_memory_gb"": 0.27, ""cluster_object_store_gb"": 0.14, ""used_cpu"": 0.75}","{""hash"": {""aux_queue_depth"": 0, ""backlog"": 9, ""browser_actors"": 1, ""finalize_queue_depth"": 0, ""pending"": 3, ""render_queue_depth"": 12, ""render_trace_rows"": 0}, ""matches"": 0, ""stage0"": {""hits"": 12, ""misses"": 52, ""remaining"": 172, ""skipped"": 0}, ""stage1"": {""backlog"": 45, ""enrich_actors"": 0, ""fetch_actors"": 1, ""pending"": 6, ""progress"": {""escalated"": 0, ""failed"": 0, ""fallback_dns"": 0, ""fetched"": 0, ""head_only"": 0, ""timeout"": 0}}}"
run_20260410T134544Z,2026-04-10T13:46:27+00:00,shortlist,shortlist,,snapshot,{},{},{},"{""available_cpu"": 11.25, ""available_memory_gb"": 0.27, ""available_object_store_gb"": 0.14, ""cluster_cpu"": 12.0, ""cluster_memory_gb"": 0.27, ""cluster_object_store_gb"": 0.14, ""used_cpu"": 0.75}","{""hash"": {""aux_queue_depth"": 0, ""backlog"": 6, ""browser_actors"": 1, ""finalize_queue_depth"": 0, ""pending"": 2, ""render_queue_depth"": 9, ""render_trace_rows"": 0}, ""matches"": 3, ""stage0"": {""hits"": 12, ""misses"": 52, ""remaining"": 172, ""skipped"": 0}, ""stage1"": {""backlog"": 44, ""enrich_actors"": 0, ""fetch_actors"": 1, ""pending"": 6, ""progress"": {""escalated"": 0, ""failed"": 0, ""fallback_dns"": 0, ""fetched"": 0, ""head_only"": 0, ""timeout"": 0}}}"
run_20260410T134544Z,2026-04-10T13:46:32+00:00,shortlist,shortlist,,snapshot,{},{},{},"{""available_cpu"": 11.25, ""available_memory_gb"": 0.27, ""available_object_store_gb"": 0.14, ""cluster_cpu"": 12.0, ""cluster_memory_gb"": 0.27, ""cluster_object_store_gb"": 0.14, ""used_cpu"": 0.75}","{""hash"": {""aux_queue_depth"": 0, ""backlog"": 6, ""browser_actors"": 1, ""finalize_queue_depth"": 0, ""pending"": 2, ""render_queue_depth"": 9, ""render_trace_rows"": 0}, ""matches"": 3, ""stage0"": {""hits"": 12, ""misses"": 52, ""remaining"": 172, ""skipped"": 0}, ""stage1"": {""backlog"": 44, ""enrich_actors"": 0, ""fetch_actors"": 1, ""pending"": 6, ""progress"": {""escalated"": 0, ""failed"": 0, ""fallback_dns"": 0, ""fetched"": 0, ""head_only"": 0, ""timeout"": 0}}}"
run_20260410T134544Z,2026-04-10T13:46:37+00:00,shortlist,shortlist,,snapshot,{},{},{},"{""available_cpu"": 9.75, ""available_memory_gb"": 0.27, ""available_object_store_gb"": 0.14, ""cluster_cpu"": 12.0, ""cluster_memory_gb"": 0.27, ""cluster_object_store_gb"": 0.14, ""used_cpu"": 2.25}","{""hash"": {""aux_queue_depth"": 0, ""backlog"": 5, ""browser_actors"": 1, ""finalize_queue_depth"": 0, ""pending"": 3, ""render_queue_depth"": 8, ""render_trace_rows"": 0}, ""matches"": 4, ""stage0"": {""hits"": 12, ""misses"": 52, ""remaining"": 172, ""skipped"": 0}, ""stage1"": {""backlog"": 41, ""enrich_actors"": 0, ""fetch_actors"": 1, ""pending"": 6, ""progress"": {""escalated"": 0, ""failed"": 0, ""fallback_dns"": 0, ""fetched"": 0, ""head_only"": 0, ""timeout"": 0}}}"
run_20260410T134544Z,2026-04-10T13:46:42+00:00,shortlist,shortlist,,snapshot,{},{},{},"{""available_cpu"": 9.75, ""available_memory_gb"": 0.27, ""available_object_store_gb"": 0.14, ""cluster_cpu"": 12.0, ""cluster_memory_gb"": 0.27, ""cluster_object_store_gb"": 0.14, ""used_cpu"": 2.25}","{""hash"": {""aux_queue_depth"": 0, ""backlog"": 5, ""browser_actors"": 1, ""finalize_queue_depth"": 0, ""pending"": 3, ""render_queue_depth"": 8, ""render_trace_rows"": 0}, ""matches"": 4, ""stage0"": {""hits"": 12, ""misses"": 52, ""remaining"": 172, ""skipped"": 0}, ""stage1"": {""backlog"": 40, ""enrich_actors"": 0, ""fetch_actors"": 1, ""pending"": 6, ""progress"": {""escalated"": 0, ""failed"": 0, ""fallback_dns"": 0, ""fetched"": 0, ""head_only"": 0, ""timeout"": 0}}}"
run_20260410T134544Z,2026-04-10T13:46:47+00:00,shortlist,shortlist,,snapshot,{},{},{},"{""available_cpu"": 11.25, ""available_memory_gb"": 0.27, ""available_object_store_gb"": 0.14, ""cluster_cpu"": 12.0, ""cluster_memory_gb"": 0.27, ""cluster_object_store_gb"": 0.14, ""used_cpu"": 0.75}","{""hash"": {""aux_queue_depth"": 0, ""backlog"": 4, ""browser_actors"": 1, ""finalize_queue_depth"": 0, ""pending"": 3, ""render_queue_depth"": 7, ""render_trace_rows"": 0}, ""matches"": 5, ""stage0"": {""hits"": 12, ""misses"": 52, ""remaining"": 172, ""skipped"": 0}, ""stage1"": {""backlog"": 37, ""enrich_actors"": 0, ""fetch_actors"": 1, ""pending"": 6, ""progress"": {""escalated"": 0, ""failed"": 0, ""fallback_dns"": 0, ""fetched"": 0, ""head_only"": 0, ""timeout"": 0}}}"
run_20260410T134544Z,2026-04-10T13:46:52+00:00,shortlist,shortlist,,snapshot,{},{},{},"{""available_cpu"": 10.25, ""available_memory_gb"": 0.27, ""available_object_store_gb"": 0.14, ""cluster_cpu"": 12.0, ""cluster_memory_gb"": 0.27, ""cluster_object_store_gb"": 0.14, ""used_cpu"": 1.75}","{""hash"": {""aux_queue_depth"": 0, ""backlog"": 1, ""browser_actors"": 1, ""finalize_queue_depth"": 0, ""pending"": 4, ""render_queue_depth"": 4, ""render_trace_rows"": 0}, ""matches"": 7, ""stage0"": {""hits"": 12, ""misses"": 52, ""remaining"": 172, ""skipped"": 0}, ""stage1"": {""backlog"": 35, ""enrich_actors"": 0, ""fetch_actors"": 1, ""pending"": 6, ""progress"": {""escalated"": 0, ""failed"": 0, ""fallback_dns"": 0, ""fetched"": 0, ""head_only"": 0, ""timeout"": 0}}}"
run_20260410T134544Z,2026-04-10T13:46:57+00:00,shortlist,shortlist,,snapshot,{},{},{},"{""available_cpu"": 11.25, ""available_memory_gb"": 0.27, ""available_object_store_gb"": 0.14, ""cluster_cpu"": 12.0, ""cluster_memory_gb"": 0.27, ""cluster_object_store_gb"": 0.14, ""used_cpu"": 0.75}","{""hash"": {""aux_queue_depth"": 0, ""backlog"": 1, ""browser_actors"": 1, ""finalize_queue_depth"": 0, ""pending"": 3, ""render_queue_depth"": 4, ""render_trace_rows"": 0}, ""matches"": 7, ""stage0"": {""hits"": 12, ""misses"": 52, ""remaining"": 172, ""skipped"": 0}, ""stage1"": {""backlog"": 35, ""enrich_actors"": 0, ""fetch_actors"": 1, ""pending"": 6, ""progress"": {""escalated"": 0, ""failed"": 0, ""fallback_dns"": 0, ""fetched"": 0, ""head_only"": 0, ""timeout"": 0}}}"
run_20260410T134544Z,2026-04-10T13:47:02+00:00,shortlist,shortlist,,snapshot,{},{},{},"{""available_cpu"": 11.25, ""available_memory_gb"": 0.27, ""available_object_store_gb"": 0.14, ""cluster_cpu"": 12.0, ""cluster_memory_gb"": 0.27, ""cluster_object_store_gb"": 0.14, ""used_cpu"": 0.75}","{""hash"": {""aux_queue_depth"": 0, ""backlog"": 1, ""browser_actors"": 1, ""finalize_queue_depth"": 0, ""pending"": 3, ""render_queue_depth"": 4, ""render_trace_rows"": 0}, ""matches"": 7, ""stage0"": {""hits"": 12, ""misses"": 52, ""remaining"": 172, ""skipped"": 0}, ""stage1"": {""backlog"": 35, ""enrich_actors"": 0, ""fetch_actors"": 1, ""pending"": 6, ""progress"": {""escalated"": 0, ""failed"": 0, ""fallback_dns"": 0, ""fetched"": 0, ""head_only"": 0, ""timeout"": 0}}}"
run_20260410T134544Z,2026-04-10T14:35:00+00:00,shortlist,shortlist,,snapshot,{},{},{},"{""available_cpu"": 12.0, ""available_memory_gb"": 0.25, ""available_object_store_gb"": 0.13, ""cluster_cpu"": 12.0, ""cluster_memory_gb"": 0.25, ""cluster_object_store_gb"": 0.13, ""used_cpu"": 0.0}","{""controller"": {""action"": ""init"", ""available_cpu"": 0.0, ""checkpoint_pending_rows"": 0, ""completed"": 11, ""cpu_headroom_cores"": 6, ""cpu_utilization"": 0.0, ""enabled"": true, ""event_loop_lag_ms"": 0.0, ""hash_active_pages_cap"": 1, ""hash_live_active_pages"": 1, ""hash_pressure_ratio"": 0.0, ""healthy_streak"": 0, ""reason"": ""startup"", ""stage0_inflight_cap"": 1, ""stage0_live_inflight"": 1, ""stage1_fetch_limit_cap"": 1, ""stage1_live_fetch_limit"": 1, ""stage1_pressure_ratio"": 0.0, ""target_cpu_utilization"": 0.82, ""timeout_ratio"": 0.0}, ""hash"": {""aux_queue_depth"": 0, ""backlog"": 0, ""browser_actors"": 0, ""finalize_queue_depth"": 0, ""pending"": 0, ""render_queue_depth"": 0, ""render_trace_rows"": 0}, ""matches"": 0, ""stage0"": {""hits"": 0, ""misses"": 0, ""remaining"": 161, ""skipped"": 11}, ""stage1"": {""backlog"": 0, ""enrich_actors"": 0, ""fetch_actors"": 0, ""pending"": 0, ""progress"": {""escalated"": 0, ""failed"": 0, ""fallback_dns"": 0, ""fetched"": 0, ""head_only"": 0, ""timeout"": 0}}}"
run_20260410T134544Z,2026-04-10T14:35:05+00:00,shortlist,shortlist,,snapshot,{},{},{},"{""available_cpu"": 11.0, ""available_memory_gb"": 0.25, ""available_object_store_gb"": 0.13, ""cluster_cpu"": 12.0, ""cluster_memory_gb"": 0.25, ""cluster_object_store_gb"": 0.13, ""used_cpu"": 1.0}","{""controller"": {""action"": ""hold"", ""available_cpu"": 11.0, ""checkpoint_pending_rows"": 3, ""completed"": 11, ""cpu_headroom_cores"": 6, ""cpu_utilization"": 0.083, ""enabled"": true, ""event_loop_lag_ms"": 8.891, ""hash_active_pages_cap"": 1, ""hash_live_active_pages"": 1, ""hash_pressure_ratio"": 0.0, ""healthy_streak"": 0, ""reason"": ""healthy_window"", ""stage0_inflight_cap"": 1, ""stage0_live_inflight"": 1, ""stage1_fetch_limit_cap"": 1, ""stage1_live_fetch_limit"": 1, ""stage1_pressure_ratio"": 0.0, ""target_cpu_utilization"": 0.82, ""timeout_ratio"": 0.0}, ""hash"": {""aux_queue_depth"": 0, ""backlog"": 0, ""browser_actors"": 0, ""finalize_queue_depth"": 0, ""pending"": 0, ""render_queue_depth"": 0, ""render_trace_rows"": 0}, ""matches"": 0, ""stage0"": {""hits"": 0, ""misses"": 0, ""remaining"": 161, ""skipped"": 11}, ""stage1"": {""backlog"": 0, ""enrich_actors"": 0, ""fetch_actors"": 0, ""pending"": 0, ""progress"": {""escalated"": 0, ""failed"": 0, ""fallback_dns"": 0, ""fetched"": 0, ""head_only"": 0, ""timeout"": 0}}}"
run_20260410T134544Z,2026-04-10T14:35:10+00:00,shortlist,shortlist,,snapshot,{},{},{},"{""available_cpu"": 11.25, ""available_memory_gb"": 0.25, ""available_object_store_gb"": 0.13, ""cluster_cpu"": 12.0, ""cluster_memory_gb"": 0.25, ""cluster_object_store_gb"": 0.13, ""used_cpu"": 0.75}","{""controller"": {""action"": ""hold"", ""available_cpu"": 11.25, ""checkpoint_pending_rows"": 203, ""completed"": 11, ""cpu_headroom_cores"": 6, ""cpu_utilization"": 0.062, ""enabled"": true, ""event_loop_lag_ms"": 13.3, ""hash_active_pages_cap"": 1, ""hash_live_active_pages"": 1, ""hash_pressure_ratio"": 3.667, ""healthy_streak"": 0, ""reason"": ""stage1_pressure"", ""stage0_inflight_cap"": 1, ""stage0_live_inflight"": 1, ""stage1_fetch_limit_cap"": 1, ""stage1_live_fetch_limit"": 1, ""stage1_pressure_ratio"": 8.5, ""target_cpu_utilization"": 0.82, ""timeout_ratio"": 0.0}, ""hash"": {""aux_queue_depth"": 0, ""backlog"": 11, ""browser_actors"": 1, ""finalize_queue_depth"": 0, ""pending"": 1, ""render_queue_depth"": 12, ""render_trace_rows"": 0}, ""matches"": 0, ""stage0"": {""hits"": 12, ""misses"": 52, ""remaining"": 161, ""skipped"": 11}, ""stage1"": {""backlog"": 51, ""enrich_actors"": 0, ""fetch_actors"": 1, ""pending"": 1, ""progress"": {""escalated"": 0, ""failed"": 0, ""fallback_dns"": 0, ""fetched"": 0, ""head_only"": 0, ""timeout"": 0}}}"
run_20260410T134544Z,2026-04-10T14:35:15+00:00,shortlist,shortlist,,snapshot,{},{},{},"{""available_cpu"": 11.25, ""available_memory_gb"": 0.25, ""available_object_store_gb"": 0.13, ""cluster_cpu"": 12.0, ""cluster_memory_gb"": 0.25, ""cluster_object_store_gb"": 0.13, ""used_cpu"": 0.75}","{""controller"": {""action"": ""hold"", ""available_cpu"": 11.25, ""checkpoint_pending_rows"": 0, ""completed"": 11, ""cpu_headroom_cores"": 6, ""cpu_utilization"": 0.062, ""enabled"": true, ""event_loop_lag_ms"": 17.173, ""hash_active_pages_cap"": 1, ""hash_live_active_pages"": 1, ""hash_pressure_ratio"": 3.667, ""healthy_streak"": 0, ""reason"": ""stage1_pressure"", ""stage0_inflight_cap"": 1, ""stage0_live_inflight"": 1, ""stage1_fetch_limit_cap"": 1, ""stage1_live_fetch_limit"": 1, ""stage1_pressure_ratio"": 8.5, ""target_cpu_utilization"": 0.82, ""timeout_ratio"": 0.0}, ""hash"": {""aux_queue_depth"": 0, ""backlog"": 11, ""browser_actors"": 1, ""finalize_queue_depth"": 0, ""pending"": 1, ""render_queue_depth"": 12, ""render_trace_rows"": 0}, ""matches"": 0, ""stage0"": {""hits"": 12, ""misses"": 52, ""remaining"": 161, ""skipped"": 11}, ""stage1"": {""backlog"": 51, ""enrich_actors"": 0, ""fetch_actors"": 1, ""pending"": 1, ""progress"": {""escalated"": 0, ""failed"": 0, ""fallback_dns"": 0, ""fetched"": 0, ""head_only"": 0, ""timeout"": 0}}}"
run_20260410T134544Z,2026-04-10T14:35:20+00:00,shortlist,shortlist,,snapshot,{},{},{},"{""available_cpu"": 11.25, ""available_memory_gb"": 0.25, ""available_object_store_gb"": 0.13, ""cluster_cpu"": 12.0, ""cluster_memory_gb"": 0.25, ""cluster_object_store_gb"": 0.13, ""used_cpu"": 0.75}","{""controller"": {""action"": ""hold"", ""available_cpu"": 11.25, ""checkpoint_pending_rows"": 8, ""completed"": 12, ""cpu_headroom_cores"": 6, ""cpu_utilization"": 0.062, ""enabled"": true, ""event_loop_lag_ms"": 25.753, ""hash_active_pages_cap"": 1, ""hash_live_active_pages"": 1, ""hash_pressure_ratio"": 3.333, ""healthy_streak"": 0, ""reason"": ""stage1_pressure"", ""stage0_inflight_cap"": 1, ""stage0_live_inflight"": 1, ""stage1_fetch_limit_cap"": 1, ""stage1_live_fetch_limit"": 1, ""stage1_pressure_ratio"": 8.5, ""target_cpu_utilization"": 0.82, ""timeout_ratio"": 0.0}, ""hash"": {""aux_queue_depth"": 0, ""backlog"": 10, ""browser_actors"": 1, ""finalize_queue_depth"": 0, ""pending"": 1, ""render_queue_depth"": 11, ""render_trace_rows"": 0}, ""matches"": 1, ""stage0"": {""hits"": 12, ""misses"": 52, ""remaining"": 161, ""skipped"": 11}, ""stage1"": {""backlog"": 51, ""enrich_actors"": 0, ""fetch_actors"": 1, ""pending"": 1, ""progress"": {""escalated"": 0, ""failed"": 0, ""fallback_dns"": 0, ""fetched"": 0, ""head_only"": 0, ""timeout"": 0}}}"
run_20260410T134544Z,2026-04-10T14:35:25+00:00,shortlist,shortlist,,snapshot,{},{},{},"{""available_cpu"": 11.25, ""available_memory_gb"": 0.25, ""available_object_store_gb"": 0.13, ""cluster_cpu"": 12.0, ""cluster_memory_gb"": 0.25, ""cluster_object_store_gb"": 0.13, ""used_cpu"": 0.75}","{""controller"": {""action"": ""hold"", ""available_cpu"": 10.75, ""checkpoint_pending_rows"": 9, ""completed"": 14, ""cpu_headroom_cores"": 6, ""cpu_utilization"": 0.104, ""enabled"": true, ""event_loop_lag_ms"": 10.721, ""hash_active_pages_cap"": 1, ""hash_live_active_pages"": 1, ""hash_pressure_ratio"": 2.667, ""healthy_streak"": 0, ""reason"": ""stage1_pressure"", ""stage0_inflight_cap"": 1, ""stage0_live_inflight"": 1, ""stage1_fetch_limit_cap"": 1, ""stage1_live_fetch_limit"": 1, ""stage1_pressure_ratio"": 8.333, ""target_cpu_utilization"": 0.82, ""timeout_ratio"": 0.0}, ""hash"": {""aux_queue_depth"": 0, ""backlog"": 8, ""browser_actors"": 1, ""finalize_queue_depth"": 0, ""pending"": 0, ""render_queue_depth"": 9, ""render_trace_rows"": 0}, ""matches"": 3, ""stage0"": {""hits"": 12, ""misses"": 52, ""remaining"": 161, ""skipped"": 11}, ""stage1"": {""backlog"": 50, ""enrich_actors"": 0, ""fetch_actors"": 1, ""pending"": 2, ""progress"": {""escalated"": 0, ""failed"": 0, ""fallback_dns"": 0, ""fetched"": 0, ""head_only"": 0, ""timeout"": 0}}}"
run_20260410T134544Z,2026-04-10T14:35:30+00:00,shortlist,shortlist,,snapshot,{},{},{},"{""available_cpu"": 11.25, ""available_memory_gb"": 0.25, ""available_object_store_gb"": 0.13, ""cluster_cpu"": 12.0, ""cluster_memory_gb"": 0.25, ""cluster_object_store_gb"": 0.13, ""used_cpu"": 0.75}","{""controller"": {""action"": ""hold"", ""available_cpu"": 11.25, ""checkpoint_pending_rows"": 19, ""completed"": 17, ""cpu_headroom_cores"": 6, ""cpu_utilization"": 0.062, ""enabled"": true, ""event_loop_lag_ms"": 0.0, ""hash_active_pages_cap"": 1, ""hash_live_active_pages"": 1, ""hash_pressure_ratio"": 2.333, ""healthy_streak"": 0, ""reason"": ""stage1_pressure"", ""stage0_inflight_cap"": 1, ""stage0_live_inflight"": 1, ""stage1_fetch_limit_cap"": 1, ""stage1_live_fetch_limit"": 1, ""stage1_pressure_ratio"": 8.333, ""target_cpu_utilization"": 0.82, ""timeout_ratio"": 0.0}, ""hash"": {""aux_queue_depth"": 0, ""backlog"": 7, ""browser_actors"": 1, ""finalize_queue_depth"": 0, ""pending"": 1, ""render_queue_depth"": 8, ""render_trace_rows"": 0}, ""matches"": 4, ""stage0"": {""hits"": 12, ""misses"": 52, ""remaining"": 161, ""skipped"": 11}, ""stage1"": {""backlog"": 49, ""enrich_actors"": 0, ""fetch_actors"": 1, ""pending"": 1, ""progress"": {""escalated"": 0, ""failed"": 0, ""fallback_dns"": 0, ""fetched"": 0, ""head_only"": 0, ""timeout"": 0}}}"
run_20260410T134544Z,2026-04-10T14:35:35+00:00,shortlist,shortlist,,snapshot,{},{},{},"{""available_cpu"": 11.25, ""available_memory_gb"": 0.25, ""available_object_store_gb"": 0.13, ""cluster_cpu"": 12.0, ""cluster_memory_gb"": 0.25, ""cluster_object_store_gb"": 0.13, ""used_cpu"": 0.75}","{""controller"": {""action"": ""hold"", ""available_cpu"": 11.25, ""checkpoint_pending_rows"": 9, ""completed"": 19, ""cpu_headroom_cores"": 6, ""cpu_utilization"": 0.062, ""enabled"": true, ""event_loop_lag_ms"": 25.756, ""hash_active_pages_cap"": 1, ""hash_live_active_pages"": 1, ""hash_pressure_ratio"": 2.333, ""healthy_streak"": 0, ""reason"": ""stage1_pressure"", ""stage0_inflight_cap"": 1, ""stage0_live_inflight"": 1, ""stage1_fetch_limit_cap"": 1, ""stage1_live_fetch_limit"": 1, ""stage1_pressure_ratio"": 7.833, ""target_cpu_utilization"": 0.82, ""timeout_ratio"": 0.0}, ""hash"": {""aux_queue_depth"": 0, ""backlog"": 7, ""browser_actors"": 1, ""finalize_queue_depth"": 0, ""pending"": 1, ""render_queue_depth"": 8, ""render_trace_rows"": 0}, ""matches"": 4, ""stage0"": {""hits"": 12, ""misses"": 52, ""remaining"": 161, ""skipped"": 11}, ""stage1"": {""backlog"": 46, ""enrich_actors"": 0, ""fetch_actors"": 1, ""pending"": 2, ""progress"": {""escalated"": 0, ""failed"": 0, ""fallback_dns"": 0, ""fetched"": 0, ""head_only"": 0, ""timeout"": 0}}}"
run_20260410T134544Z,2026-04-10T14:35:40+00:00,shortlist,shortlist,,snapshot,{},{},{},"{""available_cpu"": 11.25, ""available_memory_gb"": 0.25, ""available_object_store_gb"": 0.13, ""cluster_cpu"": 12.0, ""cluster_memory_gb"": 0.25, ""cluster_object_store_gb"": 0.13, ""used_cpu"": 0.75}","{""controller"": {""action"": ""hold"", ""available_cpu"": 11.25, ""checkpoint_pending_rows"": 15, ""completed"": 20, ""cpu_headroom_cores"": 6, ""cpu_utilization"": 0.062, ""enabled"": true, ""event_loop_lag_ms"": 13.2, ""hash_active_pages_cap"": 1, ""hash_live_active_pages"": 1, ""hash_pressure_ratio"": 2.333, ""healthy_streak"": 0, ""reason"": ""stage1_pressure"", ""stage0_inflight_cap"": 1, ""stage0_live_inflight"": 1, ""stage1_fetch_limit_cap"": 1, ""stage1_live_fetch_limit"": 1, ""stage1_pressure_ratio"": 7.667, ""target_cpu_utilization"": 0.82, ""timeout_ratio"": 0.0}, ""hash"": {""aux_queue_depth"": 0, ""backlog"": 7, ""browser_actors"": 1, ""finalize_queue_depth"": 0, ""pending"": 1, ""render_queue_depth"": 8, ""render_trace_rows"": 0}, ""matches"": 4, ""stage0"": {""hits"": 12, ""misses"": 52, ""remaining"": 161, ""skipped"": 11}, ""stage1"": {""backlog"": 46, ""enrich_actors"": 0, ""fetch_actors"": 1, ""pending"": 1, ""progress"": {""escalated"": 0, ""failed"": 0, ""fallback_dns"": 0, ""fetched"": 0, ""head_only"": 0, ""timeout"": 0}}}"
run_20260410T134544Z,2026-04-10T14:35:45+00:00,shortlist,shortlist,,snapshot,{},{},{},"{""available_cpu"": 11.25, ""available_memory_gb"": 0.25, ""available_object_store_gb"": 0.13, ""cluster_cpu"": 12.0, ""cluster_memory_gb"": 0.25, ""cluster_object_store_gb"": 0.13, ""used_cpu"": 0.75}","{""controller"": {""action"": ""hold"", ""available_cpu"": 11.25, ""checkpoint_pending_rows"": 4, ""completed"": 21, ""cpu_headroom_cores"": 6, ""cpu_utilization"": 0.062, ""enabled"": true, ""event_loop_lag_ms"": 22.025, ""hash_active_pages_cap"": 1, ""hash_live_active_pages"": 1, ""hash_pressure_ratio"": 2.333, ""healthy_streak"": 0, ""reason"": ""stage1_pressure"", ""stage0_inflight_cap"": 1, ""stage0_live_inflight"": 1, ""stage1_fetch_limit_cap"": 1, ""stage1_live_fetch_limit"": 1, ""stage1_pressure_ratio"": 7.5, ""target_cpu_utilization"": 0.82, ""timeout_ratio"": 0.0}, ""hash"": {""aux_queue_depth"": 0, ""backlog"": 7, ""browser_actors"": 1, ""finalize_queue_depth"": 0, ""pending"": 1, ""render_queue_depth"": 8, ""render_trace_rows"": 0}, ""matches"": 4, ""stage0"": {""hits"": 12, ""misses"": 52, ""remaining"": 161, ""skipped"": 11}, ""stage1"": {""backlog"": 45, ""enrich_actors"": 0, ""fetch_actors"": 1, ""pending"": 1, ""progress"": {""escalated"": 0, ""failed"": 0, ""fallback_dns"": 0, ""fetched"": 0, ""head_only"": 0, ""timeout"": 0}}}"
run_20260410T134544Z,2026-04-10T14:35:50+00:00,shortlist,shortlist,,snapshot,{},{},{},"{""available_cpu"": 11.25, ""available_memory_gb"": 0.25, ""available_object_store_gb"": 0.13, ""cluster_cpu"": 12.0, ""cluster_memory_gb"": 0.25, ""cluster_object_store_gb"": 0.13, ""used_cpu"": 0.75}","{""controller"": {""action"": ""hold"", ""available_cpu"": 11.25, ""checkpoint_pending_rows"": 5, ""completed"": 23, ""cpu_headroom_cores"": 6, ""cpu_utilization"": 0.062, ""enabled"": true, ""event_loop_lag_ms"": 15.489, ""hash_active_pages_cap"": 1, ""hash_live_active_pages"": 1, ""hash_pressure_ratio"": 2.333, ""healthy_streak"": 0, ""reason"": ""stage1_pressure"", ""stage0_inflight_cap"": 1, ""stage0_live_inflight"": 1, ""stage1_fetch_limit_cap"": 1, ""stage1_live_fetch_limit"": 1, ""stage1_pressure_ratio"": 7.5, ""target_cpu_utilization"": 0.82, ""timeout_ratio"": 0.0}, ""hash"": {""aux_queue_depth"": 0, ""backlog"": 6, ""browser_actors"": 1, ""finalize_queue_depth"": 0, ""pending"": 1, ""render_queue_depth"": 7, ""render_trace_rows"": 0}, ""matches"": 5, ""stage0"": {""hits"": 12, ""misses"": 52, ""remaining"": 161, ""skipped"": 11}, ""stage1"": {""backlog"": 44, ""enrich_actors"": 0, ""fetch_actors"": 1, ""pending"": 1, ""progress"": {""escalated"": 0, ""failed"": 0, ""fallback_dns"": 0, ""fetched"": 0, ""head_only"": 0, ""timeout"": 0}}}"
run_20260410T134544Z,2026-04-10T14:35:55+00:00,shortlist,shortlist,,snapshot,{},{},{},"{""available_cpu"": 11.25, ""available_memory_gb"": 0.25, ""available_object_store_gb"": 0.13, ""cluster_cpu"": 12.0, ""cluster_memory_gb"": 0.25, ""cluster_object_store_gb"": 0.13, ""used_cpu"": 0.75}","{""controller"": {""action"": ""hold"", ""available_cpu"": 11.25, ""checkpoint_pending_rows"": 4, ""completed"": 26, ""cpu_headroom_cores"": 6, ""cpu_utilization"": 0.062, ""enabled"": true, ""event_loop_lag_ms"": 4.731, ""hash_active_pages_cap"": 1, ""hash_live_active_pages"": 1, ""hash_pressure_ratio"": 1.667, ""healthy_streak"": 0, ""reason"": ""stage1_pressure"", ""stage0_inflight_cap"": 1, ""stage0_live_inflight"": 1, ""stage1_fetch_limit_cap"": 1, ""stage1_live_fetch_limit"": 1, ""stage1_pressure_ratio"": 7.333, ""target_cpu_utilization"": 0.82, ""timeout_ratio"": 0.0}, ""hash"": {""aux_queue_depth"": 0, ""backlog"": 3, ""browser_actors"": 1, ""finalize_queue_depth"": 0, ""pending"": 1, ""render_queue_depth"": 4, ""render_trace_rows"": 0}, ""matches"": 8, ""stage0"": {""hits"": 12, ""misses"": 52, ""remaining"": 161, ""skipped"": 11}, ""stage1"": {""backlog"": 43, ""enrich_actors"": 0, ""fetch_actors"": 1, ""pending"": 2, ""progress"": {""escalated"": 0, ""failed"": 0, ""fallback_dns"": 0, ""fetched"": 0, ""head_only"": 0, ""timeout"": 0}}}"
run_20260410T134544Z,2026-04-10T14:36:00+00:00,shortlist,shortlist,,snapshot,{},{},{},"{""available_cpu"": 10.25, ""available_memory_gb"": 0.25, ""available_object_store_gb"": 0.13, ""cluster_cpu"": 12.0, ""cluster_memory_gb"": 0.25, ""cluster_object_store_gb"": 0.13, ""used_cpu"": 1.75}","{""controller"": {""action"": ""hold"", ""available_cpu"": 10.75, ""checkpoint_pending_rows"": 29, ""completed"": 28, ""cpu_headroom_cores"": 6, ""cpu_utilization"": 0.104, ""enabled"": true, ""event_loop_lag_ms"": 13.367, ""hash_active_pages_cap"": 1, ""hash_live_active_pages"": 1, ""hash_pressure_ratio"": 0.667, ""healthy_streak"": 0, ""reason"": ""stage1_pressure"", ""stage0_inflight_cap"": 1, ""stage0_live_inflight"": 1, ""stage1_fetch_limit_cap"": 1, ""stage1_live_fetch_limit"": 1, ""stage1_pressure_ratio"": 7.0, ""target_cpu_utilization"": 0.82, ""timeout_ratio"": 0.0}, ""hash"": {""aux_queue_depth"": 0, ""backlog"": 2, ""browser_actors"": 1, ""finalize_queue_depth"": 0, ""pending"": 2, ""render_queue_depth"": 3, ""render_trace_rows"": 0}, ""matches"": 8, ""stage0"": {""hits"": 12, ""misses"": 52, ""remaining"": 161, ""skipped"": 11}, ""stage1"": {""backlog"": 41, ""enrich_actors"": 0, ""fetch_actors"": 1, ""pending"": 2, ""progress"": {""escalated"": 0, ""failed"": 0, ""fallback_dns"": 0, ""fetched"": 0, ""head_only"": 0, ""timeout"": 0}}}"
run_20260410T134544Z,2026-04-10T14:36:06+00:00,shortlist,shortlist,,snapshot,{},{},{},"{""available_cpu"": 10.25, ""available_memory_gb"": 0.25, ""available_object_store_gb"": 0.13, ""cluster_cpu"": 12.0, ""cluster_memory_gb"": 0.25, ""cluster_object_store_gb"": 0.13, ""used_cpu"": 1.75}","{""controller"": {""action"": ""hold"", ""available_cpu"": 10.25, ""checkpoint_pending_rows"": 5, ""completed"": 30, ""cpu_headroom_cores"": 6, ""cpu_utilization"": 0.146, ""enabled"": true, ""event_loop_lag_ms"": 18.808, ""hash_active_pages_cap"": 1, ""hash_live_active_pages"": 1, ""hash_pressure_ratio"": 0.667, ""healthy_streak"": 0, ""reason"": ""stage1_pressure"", ""stage0_inflight_cap"": 1, ""stage0_live_inflight"": 1, ""stage1_fetch_limit_cap"": 1, ""stage1_live_fetch_limit"": 1, ""stage1_pressure_ratio"": 6.667, ""target_cpu_utilization"": 0.82, ""timeout_ratio"": 0.0}, ""hash"": {""aux_queue_depth"": 0, ""backlog"": 2, ""browser_actors"": 1, ""finalize_queue_depth"": 0, ""pending"": 2, ""render_queue_depth"": 3, ""render_trace_rows"": 0}, ""matches"": 8, ""stage0"": {""hits"": 12, ""misses"": 52, ""remaining"": 161, ""skipped"": 11}, ""stage1"": {""backlog"": 40, ""enrich_actors"": 0, ""fetch_actors"": 1, ""pending"": 1, ""progress"": {""escalated"": 0, ""failed"": 0, ""fallback_dns"": 0, ""fetched"": 0, ""head_only"": 0, ""timeout"": 0}}}"
run_20260410T134544Z,2026-04-10T14:36:11+00:00,shortlist,shortlist,,snapshot,{},{},{},"{""available_cpu"": 11.25, ""available_memory_gb"": 0.25, ""available_object_store_gb"": 0.13, ""cluster_cpu"": 12.0, ""cluster_memory_gb"": 0.25, ""cluster_object_store_gb"": 0.13, ""used_cpu"": 0.75}","{""controller"": {""action"": ""hold"", ""available_cpu"": 11.25, ""checkpoint_pending_rows"": 12, ""completed"": 32, ""cpu_headroom_cores"": 6, ""cpu_utilization"": 0.062, ""enabled"": true, ""event_loop_lag_ms"": 4.303, ""hash_active_pages_cap"": 1, ""hash_live_active_pages"": 1, ""hash_pressure_ratio"": 0.667, ""healthy_streak"": 0, ""reason"": ""stage1_pressure"", ""stage0_inflight_cap"": 1, ""stage0_live_inflight"": 1, ""stage1_fetch_limit_cap"": 1, ""stage1_live_fetch_limit"": 1, ""stage1_pressure_ratio"": 6.5, ""target_cpu_utilization"": 0.82, ""timeout_ratio"": 0.0}, ""hash"": {""aux_queue_depth"": 0, ""backlog"": 2, ""browser_actors"": 1, ""finalize_queue_depth"": 0, ""pending"": 1, ""render_queue_depth"": 3, ""render_trace_rows"": 0}, ""matches"": 9, ""stage0"": {""hits"": 12, ""misses"": 52, ""remaining"": 161, ""skipped"": 11}, ""stage1"": {""backlog"": 39, ""enrich_actors"": 0, ""fetch_actors"": 1, ""pending"": 1, ""progress"": {""escalated"": 0, ""failed"": 0, ""fallback_dns"": 0, ""fetched"": 0, ""head_only"": 0, ""timeout"": 0}}}"
run_20260410T134544Z,2026-04-10T14:36:16+00:00,shortlist,shortlist,,snapshot,{},{},{},"{""available_cpu"": 11.25, ""available_memory_gb"": 0.25, ""available_object_store_gb"": 0.13, ""cluster_cpu"": 12.0, ""cluster_memory_gb"": 0.25, ""cluster_object_store_gb"": 0.13, ""used_cpu"": 0.75}","{""controller"": {""action"": ""hold"", ""available_cpu"": 10.75, ""checkpoint_pending_rows"": 14, ""completed"": 34, ""cpu_headroom_cores"": 6, ""cpu_utilization"": 0.104, ""enabled"": true, ""event_loop_lag_ms"": 92.129, ""hash_active_pages_cap"": 1, ""hash_live_active_pages"": 1, ""hash_pressure_ratio"": 0.667, ""healthy_streak"": 0, ""reason"": ""stage1_pressure"", ""stage0_inflight_cap"": 1, ""stage0_live_inflight"": 1, ""stage1_fetch_limit_cap"": 1, ""stage1_live_fetch_limit"": 1, ""stage1_pressure_ratio"": 6.167, ""target_cpu_utilization"": 0.82, ""timeout_ratio"": 0.0}, ""hash"": {""aux_queue_depth"": 1, ""backlog"": 0, ""browser_actors"": 1, ""finalize_queue_depth"": 0, ""pending"": 2, ""render_queue_depth"": 1, ""render_trace_rows"": 0}, ""matches"": 10, ""stage0"": {""hits"": 12, ""misses"": 52, ""remaining"": 161, ""skipped"": 11}, ""stage1"": {""backlog"": 37, ""enrich_actors"": 0, ""fetch_actors"": 1, ""pending"": 2, ""progress"": {""escalated"": 0, ""failed"": 0, ""fallback_dns"": 0, ""fetched"": 0, ""head_only"": 0, ""timeout"": 0}}}"
run_20260410T134544Z,2026-04-10T14:36:21+00:00,shortlist,shortlist,,snapshot,{},{},{},"{""available_cpu"": 10.75, ""available_memory_gb"": 0.25, ""available_object_store_gb"": 0.13, ""cluster_cpu"": 12.0, ""cluster_memory_gb"": 0.25, ""cluster_object_store_gb"": 0.13, ""used_cpu"": 1.25}","{""controller"": {""action"": ""hold"", ""available_cpu"": 11.25, ""checkpoint_pending_rows"": 23, ""completed"": 38, ""cpu_headroom_cores"": 6, ""cpu_utilization"": 0.062, ""enabled"": true, ""event_loop_lag_ms"": 5.788, ""hash_active_pages_cap"": 1, ""hash_live_active_pages"": 1, ""hash_pressure_ratio"": 0.0, ""healthy_streak"": 0, ""reason"": ""stage1_pressure"", ""stage0_inflight_cap"": 1, ""stage0_live_inflight"": 1, ""stage1_fetch_limit_cap"": 1, ""stage1_live_fetch_limit"": 1, ""stage1_pressure_ratio"": 6.0, ""target_cpu_utilization"": 0.82, ""timeout_ratio"": 0.0}, ""hash"": {""aux_queue_depth"": 1, ""backlog"": 0, ""browser_actors"": 1, ""finalize_queue_depth"": 0, ""pending"": 1, ""render_queue_depth"": 0, ""render_trace_rows"": 0}, ""matches"": 11, ""stage0"": {""hits"": 12, ""misses"": 52, ""remaining"": 161, ""skipped"": 11}, ""stage1"": {""backlog"": 35, ""enrich_actors"": 0, ""fetch_actors"": 1, ""pending"": 1, ""progress"": {""escalated"": 0, ""failed"": 0, ""fallback_dns"": 0, ""fetched"": 0, ""head_only"": 0, ""timeout"": 0}}}"
run_20260410T134544Z,2026-04-10T14:36:26+00:00,shortlist,shortlist,,snapshot,{},{},{},"{""available_cpu"": 11.25, ""available_memory_gb"": 0.25, ""available_object_store_gb"": 0.13, ""cluster_cpu"": 12.0, ""cluster_memory_gb"": 0.25, ""cluster_object_store_gb"": 0.13, ""used_cpu"": 0.75}","{""controller"": {""action"": ""hold"", ""available_cpu"": 11.25, ""checkpoint_pending_rows"": 11, ""completed"": 41, ""cpu_headroom_cores"": 6, ""cpu_utilization"": 0.062, ""enabled"": true, ""event_loop_lag_ms"": 9.159, ""hash_active_pages_cap"": 1, ""hash_live_active_pages"": 1, ""hash_pressure_ratio"": 0.333, ""healthy_streak"": 0, ""reason"": ""stage1_pressure"", ""stage0_inflight_cap"": 1, ""stage0_live_inflight"": 1, ""stage1_fetch_limit_cap"": 1, ""stage1_live_fetch_limit"": 1, ""stage1_pressure_ratio"": 5.5, ""target_cpu_utilization"": 0.82, ""timeout_ratio"": 0.0}, ""hash"": {""aux_queue_depth"": 0, ""backlog"": 0, ""browser_actors"": 1, ""finalize_queue_depth"": 0, ""pending"": 0, ""render_queue_depth"": 0, ""render_trace_rows"": 0}, ""matches"": 12, ""stage0"": {""hits"": 12, ""misses"": 52, ""remaining"": 161, ""skipped"": 11}, ""stage1"": {""backlog"": 33, ""enrich_actors"": 0, ""fetch_actors"": 1, ""pending"": 1, ""progress"": {""escalated"": 0, ""failed"": 0, ""fallback_dns"": 0, ""fetched"": 0, ""head_only"": 0, ""timeout"": 0}}}"
run_20260410T134544Z,2026-04-10T14:36:31+00:00,shortlist,shortlist,,snapshot,{},{},{},"{""available_cpu"": 11.25, ""available_memory_gb"": 0.25, ""available_object_store_gb"": 0.13, ""cluster_cpu"": 12.0, ""cluster_memory_gb"": 0.25, ""cluster_object_store_gb"": 0.13, ""used_cpu"": 0.75}","{""controller"": {""action"": ""hold"", ""available_cpu"": 11.25, ""checkpoint_pending_rows"": 13, ""completed"": 41, ""cpu_headroom_cores"": 6, ""cpu_utilization"": 0.062, ""enabled"": true, ""event_loop_lag_ms"": 11.935, ""hash_active_pages_cap"": 1, ""hash_live_active_pages"": 1, ""hash_pressure_ratio"": 0.0, ""healthy_streak"": 0, ""reason"": ""stage1_pressure"", ""stage0_inflight_cap"": 1, ""stage0_live_inflight"": 1, ""stage1_fetch_limit_cap"": 1, ""stage1_live_fetch_limit"": 1, ""stage1_pressure_ratio"": 5.5, ""target_cpu_utilization"": 0.82, ""timeout_ratio"": 0.0}, ""hash"": {""aux_queue_depth"": 0, ""backlog"": 0, ""browser_actors"": 1, ""finalize_queue_depth"": 0, ""pending"": 0, ""render_queue_depth"": 0, ""render_trace_rows"": 0}, ""matches"": 12, ""stage0"": {""hits"": 12, ""misses"": 52, ""remaining"": 161, ""skipped"": 11}, ""stage1"": {""backlog"": 33, ""enrich_actors"": 0, ""fetch_actors"": 1, ""pending"": 1, ""progress"": {""escalated"": 0, ""failed"": 0, ""fallback_dns"": 0, ""fetched"": 0, ""head_only"": 0, ""timeout"": 0}}}"
run_20260410T134544Z,2026-04-10T14:36:36+00:00,shortlist,shortlist,,snapshot,{},{},{},"{""available_cpu"": 11.25, ""available_memory_gb"": 0.25, ""available_object_store_gb"": 0.13, ""cluster_cpu"": 12.0, ""cluster_memory_gb"": 0.25, ""cluster_object_store_gb"": 0.13, ""used_cpu"": 0.75}","{""controller"": {""action"": ""hold"", ""available_cpu"": 11.25, ""checkpoint_pending_rows"": 0, ""completed"": 41, ""cpu_headroom_cores"": 6, ""cpu_utilization"": 0.062, ""enabled"": true, ""event_loop_lag_ms"": 17.881, ""hash_active_pages_cap"": 1, ""hash_live_active_pages"": 1, ""hash_pressure_ratio"": 0.0, ""healthy_streak"": 0, ""reason"": ""stage1_pressure"", ""stage0_inflight_cap"": 1, ""stage0_live_inflight"": 1, ""stage1_fetch_limit_cap"": 1, ""stage1_live_fetch_limit"": 1, ""stage1_pressure_ratio"": 5.5, ""target_cpu_utilization"": 0.82, ""timeout_ratio"": 0.0}, ""hash"": {""aux_queue_depth"": 0, ""backlog"": 0, ""browser_actors"": 1, ""finalize_queue_depth"": 0, ""pending"": 0, ""render_queue_depth"": 0, ""render_trace_rows"": 0}, ""matches"": 12, ""stage0"": {""hits"": 12, ""misses"": 52, ""remaining"": 161, ""skipped"": 11}, ""stage1"": {""backlog"": 33, ""enrich_actors"": 0, ""fetch_actors"": 1, ""pending"": 1, ""progress"": {""escalated"": 0, ""failed"": 0, ""fallback_dns"": 0, ""fetched"": 0, ""head_only"": 0, ""timeout"": 0}}}"
run_20260410T134544Z,2026-04-10T14:36:41+00:00,shortlist,shortlist,,snapshot,{},{},{},"{""available_cpu"": 11.25, ""available_memory_gb"": 0.25, ""available_object_store_gb"": 0.13, ""cluster_cpu"": 12.0, ""cluster_memory_gb"": 0.25, ""cluster_object_store_gb"": 0.13, ""used_cpu"": 0.75}","{""controller"": {""action"": ""hold"", ""available_cpu"": 11.25, ""checkpoint_pending_rows"": 11, ""completed"": 44, ""cpu_headroom_cores"": 6, ""cpu_utilization"": 0.062, ""enabled"": true, ""event_loop_lag_ms"": 5.35, ""hash_active_pages_cap"": 1, ""hash_live_active_pages"": 1, ""hash_pressure_ratio"": 0.0, ""healthy_streak"": 0, ""reason"": ""stage1_pressure"", ""stage0_inflight_cap"": 1, ""stage0_live_inflight"": 1, ""stage1_fetch_limit_cap"": 1, ""stage1_live_fetch_limit"": 1, ""stage1_pressure_ratio"": 5.167, ""target_cpu_utilization"": 0.82, ""timeout_ratio"": 0.0}, ""hash"": {""aux_queue_depth"": 0, ""backlog"": 0, ""browser_actors"": 1, ""finalize_queue_depth"": 0, ""pending"": 0, ""render_queue_depth"": 0, ""render_trace_rows"": 0}, ""matches"": 12, ""stage0"": {""hits"": 12, ""misses"": 52, ""remaining"": 161, ""skipped"": 11}, ""stage1"": {""backlog"": 30, ""enrich_actors"": 0, ""fetch_actors"": 1, ""pending"": 1, ""progress"": {""escalated"": 0, ""failed"": 0, ""fallback_dns"": 0, ""fetched"": 0, ""head_only"": 0, ""timeout"": 0}}}"
run_20260410T134544Z,2026-04-10T14:36:46+00:00,shortlist,shortlist,,snapshot,{},{},{},"{""available_cpu"": 11.25, ""available_memory_gb"": 0.25, ""available_object_store_gb"": 0.13, ""cluster_cpu"": 12.0, ""cluster_memory_gb"": 0.25, ""cluster_object_store_gb"": 0.13, ""used_cpu"": 0.75}","{""controller"": {""action"": ""hold"", ""available_cpu"": 11.25, ""checkpoint_pending_rows"": 5, ""completed"": 45, ""cpu_headroom_cores"": 6, ""cpu_utilization"": 0.062, ""enabled"": true, ""event_loop_lag_ms"": 5.015, ""hash_active_pages_cap"": 1, ""hash_live_active_pages"": 1, ""hash_pressure_ratio"": 0.0, ""healthy_streak"": 0, ""reason"": ""stage1_pressure"", ""stage0_inflight_cap"": 1, ""stage0_live_inflight"": 1, ""stage1_fetch_limit_cap"": 1, ""stage1_live_fetch_limit"": 1, ""stage1_pressure_ratio"": 4.833, ""target_cpu_utilization"": 0.82, ""timeout_ratio"": 0.0}, ""hash"": {""aux_queue_depth"": 0, ""backlog"": 0, ""browser_actors"": 1, ""finalize_queue_depth"": 0, ""pending"": 0, ""render_queue_depth"": 0, ""render_trace_rows"": 0}, ""matches"": 12, ""stage0"": {""hits"": 12, ""misses"": 52, ""remaining"": 161, ""skipped"": 11}, ""stage1"": {""backlog"": 29, ""enrich_actors"": 0, ""fetch_actors"": 1, ""pending"": 1, ""progress"": {""escalated"": 0, ""failed"": 0, ""fallback_dns"": 0, ""fetched"": 0, ""head_only"": 0, ""timeout"": 0}}}"
run_20260410T134544Z,2026-04-10T14:36:51+00:00,shortlist,shortlist,,snapshot,{},{},{},"{""available_cpu"": 11.25, ""available_memory_gb"": 0.25, ""available_object_store_gb"": 0.13, ""cluster_cpu"": 12.0, ""cluster_memory_gb"": 0.25, ""cluster_object_store_gb"": 0.13, ""used_cpu"": 0.75}","{""controller"": {""action"": ""hold"", ""available_cpu"": 11.25, ""checkpoint_pending_rows"": 17, ""completed"": 48, ""cpu_headroom_cores"": 6, ""cpu_utilization"": 0.062, ""enabled"": true, ""event_loop_lag_ms"": 15.949, ""hash_active_pages_cap"": 1, ""hash_live_active_pages"": 1, ""hash_pressure_ratio"": 0.0, ""healthy_streak"": 0, ""reason"": ""stage1_pressure"", ""stage0_inflight_cap"": 1, ""stage0_live_inflight"": 1, ""stage1_fetch_limit_cap"": 1, ""stage1_live_fetch_limit"": 1, ""stage1_pressure_ratio"": 4.333, ""target_cpu_utilization"": 0.82, ""timeout_ratio"": 0.0}, ""hash"": {""aux_queue_depth"": 0, ""backlog"": 0, ""browser_actors"": 1, ""finalize_queue_depth"": 0, ""pending"": 0, ""render_queue_depth"": 0, ""render_trace_rows"": 0}, ""matches"": 12, ""stage0"": {""hits"": 12, ""misses"": 52, ""remaining"": 161, ""skipped"": 11}, ""stage1"": {""backlog"": 26, ""enrich_actors"": 0, ""fetch_actors"": 1, ""pending"": 1, ""progress"": {""escalated"": 0, ""failed"": 0, ""fallback_dns"": 0, ""fetched"": 0, ""head_only"": 0, ""timeout"": 0}}}"
run_20260410T134544Z,2026-04-10T14:36:56+00:00,shortlist,shortlist,,snapshot,{},{},{},"{""available_cpu"": 11.25, ""available_memory_gb"": 0.25, ""available_object_store_gb"": 0.13, ""cluster_cpu"": 12.0, ""cluster_memory_gb"": 0.25, ""cluster_object_store_gb"": 0.13, ""used_cpu"": 0.75}","{""controller"": {""action"": ""hold"", ""available_cpu"": 11.25, ""checkpoint_pending_rows"": 10, ""completed"": 50, ""cpu_headroom_cores"": 6, ""cpu_utilization"": 0.062, ""enabled"": true, ""event_loop_lag_ms"": 8.2, ""hash_active_pages_cap"": 1, ""hash_live_active_pages"": 1, ""hash_pressure_ratio"": 0.0, ""healthy_streak"": 0, ""reason"": ""stage1_pressure"", ""stage0_inflight_cap"": 1, ""stage0_live_inflight"": 1, ""stage1_fetch_limit_cap"": 1, ""stage1_live_fetch_limit"": 1, ""stage1_pressure_ratio"": 4.0, ""target_cpu_utilization"": 0.82, ""timeout_ratio"": 0.0}, ""hash"": {""aux_queue_depth"": 0, ""backlog"": 0, ""browser_actors"": 1, ""finalize_queue_depth"": 0, ""pending"": 0, ""render_queue_depth"": 0, ""render_trace_rows"": 0}, ""matches"": 12, ""stage0"": {""hits"": 12, ""misses"": 52, ""remaining"": 161, ""skipped"": 11}, ""stage1"": {""backlog"": 24, ""enrich_actors"": 0, ""fetch_actors"": 1, ""pending"": 1, ""progress"": {""escalated"": 0, ""failed"": 0, ""fallback_dns"": 0, ""fetched"": 0, ""head_only"": 0, ""timeout"": 0}}}"
run_20260410T134544Z,2026-04-10T14:37:01+00:00,shortlist,shortlist,,snapshot,{},{},{},"{""available_cpu"": 11.25, ""available_memory_gb"": 0.25, ""available_object_store_gb"": 0.13, ""cluster_cpu"": 12.0, ""cluster_memory_gb"": 0.25, ""cluster_object_store_gb"": 0.13, ""used_cpu"": 0.75}","{""controller"": {""action"": ""hold"", ""available_cpu"": 11.25, ""checkpoint_pending_rows"": 31, ""completed"": 55, ""cpu_headroom_cores"": 6, ""cpu_utilization"": 0.062, ""enabled"": true, ""event_loop_lag_ms"": 24.301, ""hash_active_pages_cap"": 1, ""hash_live_active_pages"": 1, ""hash_pressure_ratio"": 0.0, ""healthy_streak"": 0, ""reason"": ""stage1_pressure"", ""stage0_inflight_cap"": 1, ""stage0_live_inflight"": 1, ""stage1_fetch_limit_cap"": 1, ""stage1_live_fetch_limit"": 1, ""stage1_pressure_ratio"": 3.333, ""target_cpu_utilization"": 0.82, ""timeout_ratio"": 0.0}, ""hash"": {""aux_queue_depth"": 0, ""backlog"": 0, ""browser_actors"": 1, ""finalize_queue_depth"": 0, ""pending"": 0, ""render_queue_depth"": 0, ""render_trace_rows"": 0}, ""matches"": 12, ""stage0"": {""hits"": 12, ""misses"": 52, ""remaining"": 161, ""skipped"": 11}, ""stage1"": {""backlog"": 18, ""enrich_actors"": 0, ""fetch_actors"": 1, ""pending"": 2, ""progress"": {""escalated"": 0, ""failed"": 0, ""fallback_dns"": 0, ""fetched"": 0, ""head_only"": 0, ""timeout"": 0}}}"
run_20260410T134544Z,2026-04-10T14:37:06+00:00,shortlist,shortlist,,snapshot,{},{},{},"{""available_cpu"": 11.25, ""available_memory_gb"": 0.25, ""available_object_store_gb"": 0.13, ""cluster_cpu"": 12.0, ""cluster_memory_gb"": 0.25, ""cluster_object_store_gb"": 0.13, ""used_cpu"": 0.75}","{""controller"": {""action"": ""hold"", ""available_cpu"": 11.25, ""checkpoint_pending_rows"": 0, ""completed"": 56, ""cpu_headroom_cores"": 6, ""cpu_utilization"": 0.062, ""enabled"": true, ""event_loop_lag_ms"": 6.334, ""hash_active_pages_cap"": 1, ""hash_live_active_pages"": 1, ""hash_pressure_ratio"": 0.0, ""healthy_streak"": 0, ""reason"": ""stage1_pressure"", ""stage0_inflight_cap"": 1, ""stage0_live_inflight"": 1, ""stage1_fetch_limit_cap"": 1, ""stage1_live_fetch_limit"": 1, ""stage1_pressure_ratio"": 3.0, ""target_cpu_utilization"": 0.82, ""timeout_ratio"": 0.0}, ""hash"": {""aux_queue_depth"": 0, ""backlog"": 0, ""browser_actors"": 1, ""finalize_queue_depth"": 0, ""pending"": 0, ""render_queue_depth"": 0, ""render_trace_rows"": 0}, ""matches"": 12, ""stage0"": {""hits"": 12, ""misses"": 52, ""remaining"": 161, ""skipped"": 11}, ""stage1"": {""backlog"": 18, ""enrich_actors"": 0, ""fetch_actors"": 1, ""pending"": 1, ""progress"": {""escalated"": 0, ""failed"": 0, ""fallback_dns"": 0, ""fetched"": 0, ""head_only"": 0, ""timeout"": 0}}}"
run_20260410T134544Z,2026-04-10T14:37:11+00:00,shortlist,shortlist,,snapshot,{},{},{},"{""available_cpu"": 11.25, ""available_memory_gb"": 0.25, ""available_object_store_gb"": 0.13, ""cluster_cpu"": 12.0, ""cluster_memory_gb"": 0.25, ""cluster_object_store_gb"": 0.13, ""used_cpu"": 0.75}","{""controller"": {""action"": ""hold"", ""available_cpu"": 11.25, ""checkpoint_pending_rows"": 6, ""completed"": 57, ""cpu_headroom_cores"": 6, ""cpu_utilization"": 0.062, ""enabled"": true, ""event_loop_lag_ms"": 10.321, ""hash_active_pages_cap"": 1, ""hash_live_active_pages"": 1, ""hash_pressure_ratio"": 0.0, ""healthy_streak"": 0, ""reason"": ""stage1_pressure"", ""stage0_inflight_cap"": 1, ""stage0_live_inflight"": 1, ""stage1_fetch_limit_cap"": 1, ""stage1_live_fetch_limit"": 1, ""stage1_pressure_ratio"": 2.833, ""target_cpu_utilization"": 0.82, ""timeout_ratio"": 0.0}, ""hash"": {""aux_queue_depth"": 0, ""backlog"": 0, ""browser_actors"": 1, ""finalize_queue_depth"": 0, ""pending"": 0, ""render_queue_depth"": 0, ""render_trace_rows"": 0}, ""matches"": 12, ""stage0"": {""hits"": 12, ""misses"": 52, ""remaining"": 161, ""skipped"": 11}, ""stage1"": {""backlog"": 17, ""enrich_actors"": 0, ""fetch_actors"": 1, ""pending"": 1, ""progress"": {""escalated"": 0, ""failed"": 0, ""fallback_dns"": 0, ""fetched"": 0, ""head_only"": 0, ""timeout"": 0}}}"
run_20260410T134544Z,2026-04-10T14:37:16+00:00,shortlist,shortlist,,snapshot,{},{},{},"{""available_cpu"": 11.25, ""available_memory_gb"": 0.25, ""available_object_store_gb"": 0.13, ""cluster_cpu"": 12.0, ""cluster_memory_gb"": 0.25, ""cluster_object_store_gb"": 0.13, ""used_cpu"": 0.75}","{""controller"": {""action"": ""hold"", ""available_cpu"": 11.25, ""checkpoint_pending_rows"": 5, ""completed"": 58, ""cpu_headroom_cores"": 6, ""cpu_utilization"": 0.062, ""enabled"": true, ""event_loop_lag_ms"": 3.446, ""hash_active_pages_cap"": 1, ""hash_live_active_pages"": 1, ""hash_pressure_ratio"": 0.0, ""healthy_streak"": 0, ""reason"": ""stage1_pressure"", ""stage0_inflight_cap"": 1, ""stage0_live_inflight"": 1, ""stage1_fetch_limit_cap"": 1, ""stage1_live_fetch_limit"": 1, ""stage1_pressure_ratio"": 2.667, ""target_cpu_utilization"": 0.82, ""timeout_ratio"": 0.0}, ""hash"": {""aux_queue_depth"": 0, ""backlog"": 0, ""browser_actors"": 1, ""finalize_queue_depth"": 0, ""pending"": 0, ""render_queue_depth"": 0, ""render_trace_rows"": 0}, ""matches"": 12, ""stage0"": {""hits"": 12, ""misses"": 52, ""remaining"": 161, ""skipped"": 11}, ""stage1"": {""backlog"": 16, ""enrich_actors"": 0, ""fetch_actors"": 1, ""pending"": 1, ""progress"": {""escalated"": 0, ""failed"": 0, ""fallback_dns"": 0, ""fetched"": 0, ""head_only"": 0, ""timeout"": 0}}}"
run_20260410T134544Z,2026-04-10T14:37:21+00:00,shortlist,shortlist,,snapshot,{},{},{},"{""available_cpu"": 11.25, ""available_memory_gb"": 0.25, ""available_object_store_gb"": 0.13, ""cluster_cpu"": 12.0, ""cluster_memory_gb"": 0.25, ""cluster_object_store_gb"": 0.13, ""used_cpu"": 0.75}","{""controller"": {""action"": ""hold"", ""available_cpu"": 11.25, ""checkpoint_pending_rows"": 16, ""completed"": 60, ""cpu_headroom_cores"": 6, ""cpu_utilization"": 0.062, ""enabled"": true, ""event_loop_lag_ms"": 55.262, ""hash_active_pages_cap"": 1, ""hash_live_active_pages"": 1, ""hash_pressure_ratio"": 0.0, ""healthy_streak"": 0, ""reason"": ""stage1_pressure"", ""stage0_inflight_cap"": 1, ""stage0_live_inflight"": 1, ""stage1_fetch_limit_cap"": 1, ""stage1_live_fetch_limit"": 1, ""stage1_pressure_ratio"": 2.333, ""target_cpu_utilization"": 0.82, ""timeout_ratio"": 0.0}, ""hash"": {""aux_queue_depth"": 0, ""backlog"": 0, ""browser_actors"": 1, ""finalize_queue_depth"": 0, ""pending"": 0, ""render_queue_depth"": 0, ""render_trace_rows"": 0}, ""matches"": 12, ""stage0"": {""hits"": 12, ""misses"": 52, ""remaining"": 161, ""skipped"": 11}, ""stage1"": {""backlog"": 13, ""enrich_actors"": 0, ""fetch_actors"": 1, ""pending"": 2, ""progress"": {""escalated"": 0, ""failed"": 0, ""fallback_dns"": 0, ""fetched"": 0, ""head_only"": 0, ""timeout"": 0}}}"
run_20260410T134544Z,2026-04-10T14:37:26+00:00,shortlist,shortlist,,snapshot,{},{},{},"{""available_cpu"": 11.25, ""available_memory_gb"": 0.25, ""available_object_store_gb"": 0.13, ""cluster_cpu"": 12.0, ""cluster_memory_gb"": 0.25, ""cluster_object_store_gb"": 0.13, ""used_cpu"": 0.75}","{""controller"": {""action"": ""hold"", ""available_cpu"": 11.25, ""checkpoint_pending_rows"": 10, ""completed"": 64, ""cpu_headroom_cores"": 6, ""cpu_utilization"": 0.062, ""enabled"": true, ""event_loop_lag_ms"": 22.363, ""hash_active_pages_cap"": 1, ""hash_live_active_pages"": 1, ""hash_pressure_ratio"": 0.0, ""healthy_streak"": 0, ""reason"": ""stage1_pressure"", ""stage0_inflight_cap"": 1, ""stage0_live_inflight"": 1, ""stage1_fetch_limit_cap"": 1, ""stage1_live_fetch_limit"": 1, ""stage1_pressure_ratio"": 1.667, ""target_cpu_utilization"": 0.82, ""timeout_ratio"": 0.0}, ""hash"": {""aux_queue_depth"": 0, ""backlog"": 0, ""browser_actors"": 1, ""finalize_queue_depth"": 0, ""pending"": 0, ""render_queue_depth"": 0, ""render_trace_rows"": 0}, ""matches"": 12, ""stage0"": {""hits"": 12, ""misses"": 52, ""remaining"": 161, ""skipped"": 11}, ""stage1"": {""backlog"": 10, ""enrich_actors"": 0, ""fetch_actors"": 1, ""pending"": 1, ""progress"": {""escalated"": 0, ""failed"": 0, ""fallback_dns"": 0, ""fetched"": 0, ""head_only"": 0, ""timeout"": 0}}}"
run_20260410T134544Z,2026-04-10T14:37:31+00:00,shortlist,shortlist,,snapshot,{},{},{},"{""available_cpu"": 11.25, ""available_memory_gb"": 0.25, ""available_object_store_gb"": 0.13, ""cluster_cpu"": 12.0, ""cluster_memory_gb"": 0.25, ""cluster_object_store_gb"": 0.13, ""used_cpu"": 0.75}","{""controller"": {""action"": ""hold"", ""available_cpu"": 11.25, ""checkpoint_pending_rows"": 11, ""completed"": 65, ""cpu_headroom_cores"": 6, ""cpu_utilization"": 0.062, ""enabled"": true, ""event_loop_lag_ms"": 22.262, ""hash_active_pages_cap"": 1, ""hash_live_active_pages"": 1, ""hash_pressure_ratio"": 0.0, ""healthy_streak"": 0, ""reason"": ""stage1_pressure"", ""stage0_inflight_cap"": 1, ""stage0_live_inflight"": 1, ""stage1_fetch_limit_cap"": 1, ""stage1_live_fetch_limit"": 1, ""stage1_pressure_ratio"": 1.667, ""target_cpu_utilization"": 0.82, ""timeout_ratio"": 0.0}, ""hash"": {""aux_queue_depth"": 0, ""backlog"": 0, ""browser_actors"": 1, ""finalize_queue_depth"": 0, ""pending"": 0, ""render_queue_depth"": 0, ""render_trace_rows"": 0}, ""matches"": 12, ""stage0"": {""hits"": 12, ""misses"": 52, ""remaining"": 161, ""skipped"": 11}, ""stage1"": {""backlog"": 8, ""enrich_actors"": 0, ""fetch_actors"": 1, ""pending"": 2, ""progress"": {""escalated"": 0, ""failed"": 0, ""fallback_dns"": 0, ""fetched"": 0, ""head_only"": 0, ""timeout"": 0}}}"
run_20260410T134544Z,2026-04-10T14:37:36+00:00,shortlist,shortlist,,snapshot,{},{},{},"{""available_cpu"": 11.25, ""available_memory_gb"": 0.25, ""available_object_store_gb"": 0.13, ""cluster_cpu"": 12.0, ""cluster_memory_gb"": 0.25, ""cluster_object_store_gb"": 0.13, ""used_cpu"": 0.75}","{""controller"": {""action"": ""hold"", ""available_cpu"": 11.25, ""checkpoint_pending_rows"": 10, ""completed"": 68, ""cpu_headroom_cores"": 6, ""cpu_utilization"": 0.062, ""enabled"": true, ""event_loop_lag_ms"": 17.247, ""hash_active_pages_cap"": 1, ""hash_live_active_pages"": 1, ""hash_pressure_ratio"": 0.0, ""healthy_streak"": 0, ""reason"": ""stage1_pressure"", ""stage0_inflight_cap"": 1, ""stage0_live_inflight"": 1, ""stage1_fetch_limit_cap"": 1, ""stage1_live_fetch_limit"": 1, ""stage1_pressure_ratio"": 1.0, ""target_cpu_utilization"": 0.82, ""timeout_ratio"": 0.0}, ""hash"": {""aux_queue_depth"": 0, ""backlog"": 0, ""browser_actors"": 1, ""finalize_queue_depth"": 0, ""pending"": 0, ""render_queue_depth"": 0, ""render_trace_rows"": 0}, ""matches"": 12, ""stage0"": {""hits"": 12, ""misses"": 52, ""remaining"": 161, ""skipped"": 11}, ""stage1"": {""backlog"": 6, ""enrich_actors"": 0, ""fetch_actors"": 1, ""pending"": 1, ""progress"": {""escalated"": 0, ""failed"": 0, ""fallback_dns"": 0, ""fetched"": 0, ""head_only"": 0, ""timeout"": 0}}}"
run_20260410T134544Z,2026-04-10T14:37:41+00:00,shortlist,shortlist,,snapshot,{},{},{},"{""available_cpu"": 11.25, ""available_memory_gb"": 0.25, ""available_object_store_gb"": 0.13, ""cluster_cpu"": 12.0, ""cluster_memory_gb"": 0.25, ""cluster_object_store_gb"": 0.13, ""used_cpu"": 0.75}","{""controller"": {""action"": ""hold"", ""available_cpu"": 11.25, ""checkpoint_pending_rows"": 11, ""completed"": 68, ""cpu_headroom_cores"": 6, ""cpu_utilization"": 0.062, ""enabled"": true, ""event_loop_lag_ms"": 9.298, ""hash_active_pages_cap"": 1, ""hash_live_active_pages"": 1, ""hash_pressure_ratio"": 0.0, ""healthy_streak"": 0, ""reason"": ""stage1_pressure"", ""stage0_inflight_cap"": 1, ""stage0_live_inflight"": 1, ""stage1_fetch_limit_cap"": 1, ""stage1_live_fetch_limit"": 1, ""stage1_pressure_ratio"": 1.0, ""target_cpu_utilization"": 0.82, ""timeout_ratio"": 0.0}, ""hash"": {""aux_queue_depth"": 0, ""backlog"": 0, ""browser_actors"": 1, ""finalize_queue_depth"": 0, ""pending"": 0, ""render_queue_depth"": 0, ""render_trace_rows"": 0}, ""matches"": 12, ""stage0"": {""hits"": 12, ""misses"": 52, ""remaining"": 161, ""skipped"": 11}, ""stage1"": {""backlog"": 5, ""enrich_actors"": 0, ""fetch_actors"": 1, ""pending"": 2, ""progress"": {""escalated"": 0, ""failed"": 0, ""fallback_dns"": 0, ""fetched"": 0, ""head_only"": 0, ""timeout"": 0}}}"
run_20260410T134544Z,2026-04-10T14:37:46+00:00,shortlist,shortlist,,snapshot,{},{},{},"{""available_cpu"": 11.25, ""available_memory_gb"": 0.25, ""available_object_store_gb"": 0.13, ""cluster_cpu"": 12.0, ""cluster_memory_gb"": 0.25, ""cluster_object_store_gb"": 0.13, ""used_cpu"": 0.75}","{""controller"": {""action"": ""hold"", ""available_cpu"": 11.25, ""checkpoint_pending_rows"": 6, ""completed"": 70, ""cpu_headroom_cores"": 6, ""cpu_utilization"": 0.062, ""enabled"": true, ""event_loop_lag_ms"": 26.791, ""hash_active_pages_cap"": 1, ""hash_live_active_pages"": 1, ""hash_pressure_ratio"": 0.0, ""healthy_streak"": 0, ""reason"": ""steady"", ""stage0_inflight_cap"": 1, ""stage0_live_inflight"": 1, ""stage1_fetch_limit_cap"": 1, ""stage1_live_fetch_limit"": 1, ""stage1_pressure_ratio"": 0.5, ""target_cpu_utilization"": 0.82, ""timeout_ratio"": 0.0}, ""hash"": {""aux_queue_depth"": 0, ""backlog"": 0, ""browser_actors"": 1, ""finalize_queue_depth"": 0, ""pending"": 0, ""render_queue_depth"": 0, ""render_trace_rows"": 0}, ""matches"": 12, ""stage0"": {""hits"": 12, ""misses"": 52, ""remaining"": 161, ""skipped"": 11}, ""stage1"": {""backlog"": 3, ""enrich_actors"": 0, ""fetch_actors"": 1, ""pending"": 2, ""progress"": {""escalated"": 0, ""failed"": 0, ""fallback_dns"": 0, ""fetched"": 0, ""head_only"": 0, ""timeout"": 0}}}"
run_20260410T134544Z,2026-04-10T14:37:51+00:00,shortlist,shortlist,,snapshot,{},{},{},"{""available_cpu"": 11.25, ""available_memory_gb"": 0.25, ""available_object_store_gb"": 0.13, ""cluster_cpu"": 12.0, ""cluster_memory_gb"": 0.25, ""cluster_object_store_gb"": 0.13, ""used_cpu"": 0.75}","{""controller"": {""action"": ""hold"", ""available_cpu"": 11.25, ""checkpoint_pending_rows"": 17, ""completed"": 73, ""cpu_headroom_cores"": 6, ""cpu_utilization"": 0.062, ""enabled"": true, ""event_loop_lag_ms"": 0.0, ""hash_active_pages_cap"": 1, ""hash_live_active_pages"": 1, ""hash_pressure_ratio"": 0.0, ""healthy_streak"": 1, ""reason"": ""healthy_window_pending"", ""stage0_inflight_cap"": 1, ""stage0_live_inflight"": 1, ""stage1_fetch_limit_cap"": 1, ""stage1_live_fetch_limit"": 1, ""stage1_pressure_ratio"": 0.333, ""target_cpu_utilization"": 0.82, ""timeout_ratio"": 0.0}, ""hash"": {""aux_queue_depth"": 0, ""backlog"": 0, ""browser_actors"": 1, ""finalize_queue_depth"": 0, ""pending"": 0, ""render_queue_depth"": 0, ""render_trace_rows"": 0}, ""matches"": 12, ""stage0"": {""hits"": 12, ""misses"": 52, ""remaining"": 161, ""skipped"": 11}, ""stage1"": {""backlog"": 0, ""enrich_actors"": 0, ""fetch_actors"": 1, ""pending"": 2, ""progress"": {""escalated"": 0, ""failed"": 0, ""fallback_dns"": 0, ""fetched"": 0, ""head_only"": 0, ""timeout"": 0}}}"
run_20260410T134544Z,2026-04-10T14:37:56+00:00,shortlist,shortlist,,snapshot,{},{},{},"{""available_cpu"": 11.25, ""available_memory_gb"": 0.25, ""available_object_store_gb"": 0.13, ""cluster_cpu"": 12.0, ""cluster_memory_gb"": 0.25, ""cluster_object_store_gb"": 0.13, ""used_cpu"": 0.75}","{""controller"": {""action"": ""hold"", ""available_cpu"": 11.25, ""checkpoint_pending_rows"": 0, ""completed"": 74, ""cpu_headroom_cores"": 6, ""cpu_utilization"": 0.062, ""enabled"": true, ""event_loop_lag_ms"": 8.622, ""hash_active_pages_cap"": 1, ""hash_live_active_pages"": 1, ""hash_pressure_ratio"": 0.0, ""healthy_streak"": 0, ""reason"": ""healthy_window"", ""stage0_inflight_cap"": 1, ""stage0_live_inflight"": 1, ""stage1_fetch_limit_cap"": 1, ""stage1_live_fetch_limit"": 1, ""stage1_pressure_ratio"": 0.167, ""target_cpu_utilization"": 0.82, ""timeout_ratio"": 0.0}, ""hash"": {""aux_queue_depth"": 0, ""backlog"": 0, ""browser_actors"": 1, ""finalize_queue_depth"": 0, ""pending"": 0, ""render_queue_depth"": 0, ""render_trace_rows"": 0}, ""matches"": 12, ""stage0"": {""hits"": 12, ""misses"": 52, ""remaining"": 161, ""skipped"": 11}, ""stage1"": {""backlog"": 0, ""enrich_actors"": 0, ""fetch_actors"": 1, ""pending"": 1, ""progress"": {""escalated"": 0, ""failed"": 0, ""fallback_dns"": 0, ""fetched"": 0, ""head_only"": 0, ""timeout"": 0}}}"
run_20260410T134544Z,2026-04-10T14:38:01+00:00,shortlist,shortlist,,snapshot,{},{},{},"{""available_cpu"": 11.25, ""available_memory_gb"": 0.25, ""available_object_store_gb"": 0.13, ""cluster_cpu"": 12.0, ""cluster_memory_gb"": 0.25, ""cluster_object_store_gb"": 0.13, ""used_cpu"": 0.75}","{""controller"": {""action"": ""hold"", ""available_cpu"": 11.25, ""checkpoint_pending_rows"": 206, ""completed"": 77, ""cpu_headroom_cores"": 6, ""cpu_utilization"": 0.062, ""enabled"": true, ""event_loop_lag_ms"": 6.232, ""hash_active_pages_cap"": 1, ""hash_live_active_pages"": 1, ""hash_pressure_ratio"": 3.667, ""healthy_streak"": 0, ""reason"": ""stage1_pressure"", ""stage0_inflight_cap"": 1, ""stage0_live_inflight"": 1, ""stage1_fetch_limit_cap"": 1, ""stage1_live_fetch_limit"": 1, ""stage1_pressure_ratio"": 8.333, ""target_cpu_utilization"": 0.82, ""timeout_ratio"": 0.0}, ""hash"": {""aux_queue_depth"": 0, ""backlog"": 10, ""browser_actors"": 1, ""finalize_queue_depth"": 0, ""pending"": 1, ""render_queue_depth"": 11, ""render_trace_rows"": 0}, ""matches"": 14, ""stage0"": {""hits"": 25, ""misses"": 103, ""remaining"": 97, ""skipped"": 11}, ""stage1"": {""backlog"": 50, ""enrich_actors"": 0, ""fetch_actors"": 1, ""pending"": 1, ""progress"": {""escalated"": 0, ""failed"": 0, ""fallback_dns"": 0, ""fetched"": 0, ""head_only"": 0, ""timeout"": 0}}}"
run_20260410T134544Z,2026-04-10T14:38:06+00:00,shortlist,shortlist,,snapshot,{},{},{},"{""available_cpu"": 11.25, ""available_memory_gb"": 0.25, ""available_object_store_gb"": 0.13, ""cluster_cpu"": 12.0, ""cluster_memory_gb"": 0.25, ""cluster_object_store_gb"": 0.13, ""used_cpu"": 0.75}","{""controller"": {""action"": ""hold"", ""available_cpu"": 11.25, ""checkpoint_pending_rows"": 5, ""completed"": 79, ""cpu_headroom_cores"": 6, ""cpu_utilization"": 0.062, ""enabled"": true, ""event_loop_lag_ms"": 3.155, ""hash_active_pages_cap"": 1, ""hash_live_active_pages"": 1, ""hash_pressure_ratio"": 3.0, ""healthy_streak"": 0, ""reason"": ""stage1_pressure"", ""stage0_inflight_cap"": 1, ""stage0_live_inflight"": 1, ""stage1_fetch_limit_cap"": 1, ""stage1_live_fetch_limit"": 1, ""stage1_pressure_ratio"": 8.167, ""target_cpu_utilization"": 0.82, ""timeout_ratio"": 0.0}, ""hash"": {""aux_queue_depth"": 0, ""backlog"": 9, ""browser_actors"": 1, ""finalize_queue_depth"": 0, ""pending"": 1, ""render_queue_depth"": 10, ""render_trace_rows"": 0}, ""matches"": 15, ""stage0"": {""hits"": 25, ""misses"": 103, ""remaining"": 97, ""skipped"": 11}, ""stage1"": {""backlog"": 49, ""enrich_actors"": 0, ""fetch_actors"": 1, ""pending"": 1, ""progress"": {""escalated"": 0, ""failed"": 0, ""fallback_dns"": 0, ""fetched"": 0, ""head_only"": 0, ""timeout"": 0}}}"
run_20260410T134544Z,2026-04-10T14:38:11+00:00,shortlist,shortlist,,snapshot,{},{},{},"{""available_cpu"": 10.75, ""available_memory_gb"": 0.25, ""available_object_store_gb"": 0.13, ""cluster_cpu"": 12.0, ""cluster_memory_gb"": 0.25, ""cluster_object_store_gb"": 0.13, ""used_cpu"": 1.25}","{""controller"": {""action"": ""hold"", ""available_cpu"": 10.75, ""checkpoint_pending_rows"": 15, ""completed"": 81, ""cpu_headroom_cores"": 6, ""cpu_utilization"": 0.104, ""enabled"": true, ""event_loop_lag_ms"": 6.25, ""hash_active_pages_cap"": 1, ""hash_live_active_pages"": 1, ""hash_pressure_ratio"": 2.667, ""healthy_streak"": 0, ""reason"": ""stage1_pressure"", ""stage0_inflight_cap"": 1, ""stage0_live_inflight"": 1, ""stage1_fetch_limit_cap"": 1, ""stage1_live_fetch_limit"": 1, ""stage1_pressure_ratio"": 8.0, ""target_cpu_utilization"": 0.82, ""timeout_ratio"": 0.0}, ""hash"": {""aux_queue_depth"": 1, ""backlog"": 7, ""browser_actors"": 1, ""finalize_queue_depth"": 0, ""pending"": 2, ""render_queue_depth"": 8, ""render_trace_rows"": 0}, ""matches"": 16, ""stage0"": {""hits"": 25, ""misses"": 103, ""remaining"": 97, ""skipped"": 11}, ""stage1"": {""backlog"": 47, ""enrich_actors"": 0, ""fetch_actors"": 1, ""pending"": 2, ""progress"": {""escalated"": 0, ""failed"": 0, ""fallback_dns"": 0, ""fetched"": 0, ""head_only"": 0, ""timeout"": 0}}}"
run_20260410T134544Z,2026-04-10T14:38:16+00:00,shortlist,shortlist,,snapshot,{},{},{},"{""available_cpu"": 11.25, ""available_memory_gb"": 0.25, ""available_object_store_gb"": 0.13, ""cluster_cpu"": 12.0, ""cluster_memory_gb"": 0.25, ""cluster_object_store_gb"": 0.13, ""used_cpu"": 0.75}","{""controller"": {""action"": ""hold"", ""available_cpu"": 11.25, ""checkpoint_pending_rows"": 5, ""completed"": 85, ""cpu_headroom_cores"": 6, ""cpu_utilization"": 0.062, ""enabled"": true, ""event_loop_lag_ms"": 7.919, ""hash_active_pages_cap"": 1, ""hash_live_active_pages"": 1, ""hash_pressure_ratio"": 2.0, ""healthy_streak"": 0, ""reason"": ""stage1_pressure"", ""stage0_inflight_cap"": 1, ""stage0_live_inflight"": 1, ""stage1_fetch_limit_cap"": 1, ""stage1_live_fetch_limit"": 1, ""stage1_pressure_ratio"": 7.667, ""target_cpu_utilization"": 0.82, ""timeout_ratio"": 0.0}, ""hash"": {""aux_queue_depth"": 0, ""backlog"": 6, ""browser_actors"": 1, ""finalize_queue_depth"": 0, ""pending"": 1, ""render_queue_depth"": 7, ""render_trace_rows"": 0}, ""matches"": 18, ""stage0"": {""hits"": 25, ""misses"": 103, ""remaining"": 97, ""skipped"": 11}, ""stage1"": {""backlog"": 46, ""enrich_actors"": 0, ""fetch_actors"": 1, ""pending"": 1, ""progress"": {""escalated"": 0, ""failed"": 0, ""fallback_dns"": 0, ""fetched"": 0, ""head_only"": 0, ""timeout"": 0}}}"
run_20260410T134544Z,2026-04-10T14:38:21+00:00,shortlist,shortlist,,snapshot,{},{},{},"{""available_cpu"": 11.25, ""available_memory_gb"": 0.25, ""available_object_store_gb"": 0.13, ""cluster_cpu"": 12.0, ""cluster_memory_gb"": 0.25, ""cluster_object_store_gb"": 0.13, ""used_cpu"": 0.75}","{""controller"": {""action"": ""hold"", ""available_cpu"": 11.25, ""checkpoint_pending_rows"": 11, ""completed"": 86, ""cpu_headroom_cores"": 6, ""cpu_utilization"": 0.062, ""enabled"": true, ""event_loop_lag_ms"": 21.986, ""hash_active_pages_cap"": 1, ""hash_live_active_pages"": 1, ""hash_pressure_ratio"": 2.0, ""healthy_streak"": 0, ""reason"": ""stage1_pressure"", ""stage0_inflight_cap"": 1, ""stage0_live_inflight"": 1, ""stage1_fetch_limit_cap"": 1, ""stage1_live_fetch_limit"": 1, ""stage1_pressure_ratio"": 7.5, ""target_cpu_utilization"": 0.82, ""timeout_ratio"": 0.0}, ""hash"": {""aux_queue_depth"": 0, ""backlog"": 6, ""browser_actors"": 1, ""finalize_queue_depth"": 0, ""pending"": 1, ""render_queue_depth"": 7, ""render_trace_rows"": 0}, ""matches"": 18, ""stage0"": {""hits"": 25, ""misses"": 103, ""remaining"": 97, ""skipped"": 11}, ""stage1"": {""backlog"": 45, ""enrich_actors"": 0, ""fetch_actors"": 1, ""pending"": 1, ""progress"": {""escalated"": 0, ""failed"": 0, ""fallback_dns"": 0, ""fetched"": 0, ""head_only"": 0, ""timeout"": 0}}}"
run_20260410T134544Z,2026-04-10T14:38:26+00:00,shortlist,shortlist,,snapshot,{},{},{},"{""available_cpu"": 11.25, ""available_memory_gb"": 0.25, ""available_object_store_gb"": 0.13, ""cluster_cpu"": 12.0, ""cluster_memory_gb"": 0.25, ""cluster_object_store_gb"": 0.13, ""used_cpu"": 0.75}","{""controller"": {""action"": ""hold"", ""available_cpu"": 11.25, ""checkpoint_pending_rows"": 6, ""completed"": 87, ""cpu_headroom_cores"": 6, ""cpu_utilization"": 0.062, ""enabled"": true, ""event_loop_lag_ms"": 16.763, ""hash_active_pages_cap"": 1, ""hash_live_active_pages"": 1, ""hash_pressure_ratio"": 2.0, ""healthy_streak"": 0, ""reason"": ""stage1_pressure"", ""stage0_inflight_cap"": 1, ""stage0_live_inflight"": 1, ""stage1_fetch_limit_cap"": 1, ""stage1_live_fetch_limit"": 1, ""stage1_pressure_ratio"": 7.167, ""target_cpu_utilization"": 0.82, ""timeout_ratio"": 0.0}, ""hash"": {""aux_queue_depth"": 0, ""backlog"": 6, ""browser_actors"": 1, ""finalize_queue_depth"": 0, ""pending"": 1, ""render_queue_depth"": 7, ""render_trace_rows"": 0}, ""matches"": 18, ""stage0"": {""hits"": 25, ""misses"": 103, ""remaining"": 97, ""skipped"": 11}, ""stage1"": {""backlog"": 43, ""enrich_actors"": 0, ""fetch_actors"": 1, ""pending"": 2, ""progress"": {""escalated"": 0, ""failed"": 0, ""fallback_dns"": 0, ""fetched"": 0, ""head_only"": 0, ""timeout"": 0}}}"
run_20260410T134544Z,2026-04-10T14:38:31+00:00,shortlist,shortlist,,snapshot,{},{},{},"{""available_cpu"": 11.25, ""available_memory_gb"": 0.25, ""available_object_store_gb"": 0.13, ""cluster_cpu"": 12.0, ""cluster_memory_gb"": 0.25, ""cluster_object_store_gb"": 0.13, ""used_cpu"": 0.75}","{""controller"": {""action"": ""hold"", ""available_cpu"": 11.25, ""checkpoint_pending_rows"": 21, ""completed"": 90, ""cpu_headroom_cores"": 6, ""cpu_utilization"": 0.062, ""enabled"": true, ""event_loop_lag_ms"": 20.852, ""hash_active_pages_cap"": 1, ""hash_live_active_pages"": 1, ""hash_pressure_ratio"": 2.0, ""healthy_streak"": 0, ""reason"": ""stage1_pressure"", ""stage0_inflight_cap"": 1, ""stage0_live_inflight"": 1, ""stage1_fetch_limit_cap"": 1, ""stage1_live_fetch_limit"": 1, ""stage1_pressure_ratio"": 6.833, ""target_cpu_utilization"": 0.82, ""timeout_ratio"": 0.0}, ""hash"": {""aux_queue_depth"": 0, ""backlog"": 6, ""browser_actors"": 1, ""finalize_queue_depth"": 0, ""pending"": 1, ""render_queue_depth"": 7, ""render_trace_rows"": 0}, ""matches"": 18, ""stage0"": {""hits"": 25, ""misses"": 103, ""remaining"": 97, ""skipped"": 11}, ""stage1"": {""backlog"": 40, ""enrich_actors"": 0, ""fetch_actors"": 1, ""pending"": 2, ""progress"": {""escalated"": 0, ""failed"": 0, ""fallback_dns"": 0, ""fetched"": 0, ""head_only"": 0, ""timeout"": 0}}}"
run_20260410T134544Z,2026-04-10T14:38:36+00:00,shortlist,shortlist,,snapshot,{},{},{},"{""available_cpu"": 11.25, ""available_memory_gb"": 0.25, ""available_object_store_gb"": 0.13, ""cluster_cpu"": 12.0, ""cluster_memory_gb"": 0.25, ""cluster_object_store_gb"": 0.13, ""used_cpu"": 0.75}","{""controller"": {""action"": ""hold"", ""available_cpu"": 11.25, ""checkpoint_pending_rows"": 26, ""completed"": 97, ""cpu_headroom_cores"": 6, ""cpu_utilization"": 0.062, ""enabled"": true, ""event_loop_lag_ms"": 8.96, ""hash_active_pages_cap"": 1, ""hash_live_active_pages"": 1, ""hash_pressure_ratio"": 1.0, ""healthy_streak"": 0, ""reason"": ""stage1_pressure"", ""stage0_inflight_cap"": 1, ""stage0_live_inflight"": 1, ""stage1_fetch_limit_cap"": 1, ""stage1_live_fetch_limit"": 1, ""stage1_pressure_ratio"": 6.167, ""target_cpu_utilization"": 0.82, ""timeout_ratio"": 0.0}, ""hash"": {""aux_queue_depth"": 0, ""backlog"": 3, ""browser_actors"": 1, ""finalize_queue_depth"": 0, ""pending"": 1, ""render_queue_depth"": 4, ""render_trace_rows"": 0}, ""matches"": 21, ""stage0"": {""hits"": 25, ""misses"": 103, ""remaining"": 97, ""skipped"": 11}, ""stage1"": {""backlog"": 37, ""enrich_actors"": 0, ""fetch_actors"": 1, ""pending"": 1, ""progress"": {""escalated"": 0, ""failed"": 0, ""fallback_dns"": 0, ""fetched"": 0, ""head_only"": 0, ""timeout"": 0}}}"
run_20260410T134544Z,2026-04-10T14:38:41+00:00,shortlist,shortlist,,snapshot,{},{},{},"{""available_cpu"": 11.25, ""available_memory_gb"": 0.25, ""available_object_store_gb"": 0.13, ""cluster_cpu"": 12.0, ""cluster_memory_gb"": 0.25, ""cluster_object_store_gb"": 0.13, ""used_cpu"": 0.75}","{""controller"": {""action"": ""hold"", ""available_cpu"": 11.25, ""checkpoint_pending_rows"": 41, ""completed"": 102, ""cpu_headroom_cores"": 6, ""cpu_utilization"": 0.062, ""enabled"": true, ""event_loop_lag_ms"": 16.841, ""hash_active_pages_cap"": 1, ""hash_live_active_pages"": 1, ""hash_pressure_ratio"": 0.0, ""healthy_streak"": 0, ""reason"": ""stage1_pressure"", ""stage0_inflight_cap"": 1, ""stage0_live_inflight"": 1, ""stage1_fetch_limit_cap"": 1, ""stage1_live_fetch_limit"": 1, ""stage1_pressure_ratio"": 6.0, ""target_cpu_utilization"": 0.82, ""timeout_ratio"": 0.0}, ""hash"": {""aux_queue_depth"": 0, ""backlog"": 0, ""browser_actors"": 1, ""finalize_queue_depth"": 0, ""pending"": 0, ""render_queue_depth"": 0, ""render_trace_rows"": 0}, ""matches"": 25, ""stage0"": {""hits"": 25, ""misses"": 103, ""remaining"": 97, ""skipped"": 11}, ""stage1"": {""backlog"": 36, ""enrich_actors"": 0, ""fetch_actors"": 1, ""pending"": 1, ""progress"": {""escalated"": 0, ""failed"": 0, ""fallback_dns"": 0, ""fetched"": 0, ""head_only"": 0, ""timeout"": 0}}}"
run_20260410T134544Z,2026-04-10T14:38:46+00:00,shortlist,shortlist,,snapshot,{},{},{},"{""available_cpu"": 11.25, ""available_memory_gb"": 0.25, ""available_object_store_gb"": 0.13, ""cluster_cpu"": 12.0, ""cluster_memory_gb"": 0.25, ""cluster_object_store_gb"": 0.13, ""used_cpu"": 0.75}","{""controller"": {""action"": ""hold"", ""available_cpu"": 11.25, ""checkpoint_pending_rows"": 4, ""completed"": 103, ""cpu_headroom_cores"": 6, ""cpu_utilization"": 0.062, ""enabled"": true, ""event_loop_lag_ms"": 7.847, ""hash_active_pages_cap"": 1, ""hash_live_active_pages"": 1, ""hash_pressure_ratio"": 0.0, ""healthy_streak"": 0, ""reason"": ""stage1_pressure"", ""stage0_inflight_cap"": 1, ""stage0_live_inflight"": 1, ""stage1_fetch_limit_cap"": 1, ""stage1_live_fetch_limit"": 1, ""stage1_pressure_ratio"": 5.833, ""target_cpu_utilization"": 0.82, ""timeout_ratio"": 0.0}, ""hash"": {""aux_queue_depth"": 0, ""backlog"": 0, ""browser_actors"": 1, ""finalize_queue_depth"": 0, ""pending"": 0, ""render_queue_depth"": 0, ""render_trace_rows"": 0}, ""matches"": 25, ""stage0"": {""hits"": 25, ""misses"": 103, ""remaining"": 97, ""skipped"": 11}, ""stage1"": {""backlog"": 35, ""enrich_actors"": 0, ""fetch_actors"": 1, ""pending"": 1, ""progress"": {""escalated"": 0, ""failed"": 0, ""fallback_dns"": 0, ""fetched"": 0, ""head_only"": 0, ""timeout"": 0}}}"
run_20260410T134544Z,2026-04-10T14:38:51+00:00,shortlist,shortlist,,snapshot,{},{},{},"{""available_cpu"": 11.25, ""available_memory_gb"": 0.25, ""available_object_store_gb"": 0.13, ""cluster_cpu"": 12.0, ""cluster_memory_gb"": 0.25, ""cluster_object_store_gb"": 0.13, ""used_cpu"": 0.75}","{""controller"": {""action"": ""hold"", ""available_cpu"": 11.25, ""checkpoint_pending_rows"": 10, ""completed"": 104, ""cpu_headroom_cores"": 6, ""cpu_utilization"": 0.062, ""enabled"": true, ""event_loop_lag_ms"": 24.726, ""hash_active_pages_cap"": 1, ""hash_live_active_pages"": 1, ""hash_pressure_ratio"": 0.0, ""healthy_streak"": 0, ""reason"": ""stage1_pressure"", ""stage0_inflight_cap"": 1, ""stage0_live_inflight"": 1, ""stage1_fetch_limit_cap"": 1, ""stage1_live_fetch_limit"": 1, ""stage1_pressure_ratio"": 5.667, ""target_cpu_utilization"": 0.82, ""timeout_ratio"": 0.0}, ""hash"": {""aux_queue_depth"": 0, ""backlog"": 0, ""browser_actors"": 1, ""finalize_queue_depth"": 0, ""pending"": 0, ""render_queue_depth"": 0, ""render_trace_rows"": 0}, ""matches"": 25, ""stage0"": {""hits"": 25, ""misses"": 103, ""remaining"": 97, ""skipped"": 11}, ""stage1"": {""backlog"": 34, ""enrich_actors"": 0, ""fetch_actors"": 1, ""pending"": 1, ""progress"": {""escalated"": 0, ""failed"": 0, ""fallback_dns"": 0, ""fetched"": 0, ""head_only"": 0, ""timeout"": 0}}}"
run_20260410T134544Z,2026-04-10T14:38:56+00:00,shortlist,shortlist,,snapshot,{},{},{},"{""available_cpu"": 11.25, ""available_memory_gb"": 0.25, ""available_object_store_gb"": 0.13, ""cluster_cpu"": 12.0, ""cluster_memory_gb"": 0.25, ""cluster_object_store_gb"": 0.13, ""used_cpu"": 0.75}","{""controller"": {""action"": ""hold"", ""available_cpu"": 11.25, ""checkpoint_pending_rows"": 0, ""completed"": 105, ""cpu_headroom_cores"": 6, ""cpu_utilization"": 0.062, ""enabled"": true, ""event_loop_lag_ms"": 13.335, ""hash_active_pages_cap"": 1, ""hash_live_active_pages"": 1, ""hash_pressure_ratio"": 0.0, ""healthy_streak"": 0, ""reason"": ""stage1_pressure"", ""stage0_inflight_cap"": 1, ""stage0_live_inflight"": 1, ""stage1_fetch_limit_cap"": 1, ""stage1_live_fetch_limit"": 1, ""stage1_pressure_ratio"": 5.667, ""target_cpu_utilization"": 0.82, ""timeout_ratio"": 0.0}, ""hash"": {""aux_queue_depth"": 0, ""backlog"": 0, ""browser_actors"": 1, ""finalize_queue_depth"": 0, ""pending"": 0, ""render_queue_depth"": 0, ""render_trace_rows"": 0}, ""matches"": 25, ""stage0"": {""hits"": 25, ""misses"": 103, ""remaining"": 97, ""skipped"": 11}, ""stage1"": {""backlog"": 33, ""enrich_actors"": 0, ""fetch_actors"": 1, ""pending"": 1, ""progress"": {""escalated"": 0, ""failed"": 0, ""fallback_dns"": 0, ""fetched"": 0, ""head_only"": 0, ""timeout"": 0}}}"
run_20260410T134544Z,2026-04-10T14:39:01+00:00,shortlist,shortlist,,snapshot,{},{},{},"{""available_cpu"": 11.25, ""available_memory_gb"": 0.25, ""available_object_store_gb"": 0.13, ""cluster_cpu"": 12.0, ""cluster_memory_gb"": 0.25, ""cluster_object_store_gb"": 0.13, ""used_cpu"": 0.75}","{""controller"": {""action"": ""hold"", ""available_cpu"": 11.25, ""checkpoint_pending_rows"": 22, ""completed"": 109, ""cpu_headroom_cores"": 6, ""cpu_utilization"": 0.062, ""enabled"": true, ""event_loop_lag_ms"": 13.181, ""hash_active_pages_cap"": 1, ""hash_live_active_pages"": 1, ""hash_pressure_ratio"": 0.0, ""healthy_streak"": 0, ""reason"": ""stage1_pressure"", ""stage0_inflight_cap"": 1, ""stage0_live_inflight"": 1, ""stage1_fetch_limit_cap"": 1, ""stage1_live_fetch_limit"": 1, ""stage1_pressure_ratio"": 4.833, ""target_cpu_utilization"": 0.82, ""timeout_ratio"": 0.0}, ""hash"": {""aux_queue_depth"": 0, ""backlog"": 0, ""browser_actors"": 1, ""finalize_queue_depth"": 0, ""pending"": 0, ""render_queue_depth"": 0, ""render_trace_rows"": 0}, ""matches"": 25, ""stage0"": {""hits"": 25, ""misses"": 103, ""remaining"": 97, ""skipped"": 11}, ""stage1"": {""backlog"": 28, ""enrich_actors"": 0, ""fetch_actors"": 1, ""pending"": 2, ""progress"": {""escalated"": 0, ""failed"": 0, ""fallback_dns"": 0, ""fetched"": 0, ""head_only"": 0, ""timeout"": 0}}}"
run_20260410T134544Z,2026-04-10T14:39:06+00:00,shortlist,shortlist,,snapshot,{},{},{},"{""available_cpu"": 11.25, ""available_memory_gb"": 0.25, ""available_object_store_gb"": 0.13, ""cluster_cpu"": 12.0, ""cluster_memory_gb"": 0.25, ""cluster_object_store_gb"": 0.13, ""used_cpu"": 0.75}","{""controller"": {""action"": ""hold"", ""available_cpu"": 11.25, ""checkpoint_pending_rows"": 4, ""completed"": 111, ""cpu_headroom_cores"": 6, ""cpu_utilization"": 0.062, ""enabled"": true, ""event_loop_lag_ms"": 16.881, ""hash_active_pages_cap"": 1, ""hash_live_active_pages"": 1, ""hash_pressure_ratio"": 0.0, ""healthy_streak"": 0, ""reason"": ""stage1_pressure"", ""stage0_inflight_cap"": 1, ""stage0_live_inflight"": 1, ""stage1_fetch_limit_cap"": 1, ""stage1_live_fetch_limit"": 1, ""stage1_pressure_ratio"": 4.5, ""target_cpu_utilization"": 0.82, ""timeout_ratio"": 0.0}, ""hash"": {""aux_queue_depth"": 0, ""backlog"": 0, ""browser_actors"": 1, ""finalize_queue_depth"": 0, ""pending"": 0, ""render_queue_depth"": 0, ""render_trace_rows"": 0}, ""matches"": 25, ""stage0"": {""hits"": 25, ""misses"": 103, ""remaining"": 97, ""skipped"": 11}, ""stage1"": {""backlog"": 27, ""enrich_actors"": 0, ""fetch_actors"": 1, ""pending"": 1, ""progress"": {""escalated"": 0, ""failed"": 0, ""fallback_dns"": 0, ""fetched"": 0, ""head_only"": 0, ""timeout"": 0}}}"
run_20260410T134544Z,2026-04-10T14:39:11+00:00,shortlist,shortlist,,snapshot,{},{},{},"{""available_cpu"": 11.25, ""available_memory_gb"": 0.25, ""available_object_store_gb"": 0.13, ""cluster_cpu"": 12.0, ""cluster_memory_gb"": 0.25, ""cluster_object_store_gb"": 0.13, ""used_cpu"": 0.75}","{""controller"": {""action"": ""hold"", ""available_cpu"": 11.25, ""checkpoint_pending_rows"": 6, ""completed"": 112, ""cpu_headroom_cores"": 6, ""cpu_utilization"": 0.062, ""enabled"": true, ""event_loop_lag_ms"": 10.59, ""hash_active_pages_cap"": 1, ""hash_live_active_pages"": 1, ""hash_pressure_ratio"": 0.0, ""healthy_streak"": 0, ""reason"": ""stage1_pressure"", ""stage0_inflight_cap"": 1, ""stage0_live_inflight"": 1, ""stage1_fetch_limit_cap"": 1, ""stage1_live_fetch_limit"": 1, ""stage1_pressure_ratio"": 4.333, ""target_cpu_utilization"": 0.82, ""timeout_ratio"": 0.0}, ""hash"": {""aux_queue_depth"": 0, ""backlog"": 0, ""browser_actors"": 1, ""finalize_queue_depth"": 0, ""pending"": 0, ""render_queue_depth"": 0, ""render_trace_rows"": 0}, ""matches"": 25, ""stage0"": {""hits"": 25, ""misses"": 103, ""remaining"": 97, ""skipped"": 11}, ""stage1"": {""backlog"": 26, ""enrich_actors"": 0, ""fetch_actors"": 1, ""pending"": 1, ""progress"": {""escalated"": 0, ""failed"": 0, ""fallback_dns"": 0, ""fetched"": 0, ""head_only"": 0, ""timeout"": 0}}}"
run_20260410T134544Z,2026-04-10T14:39:16+00:00,shortlist,shortlist,,snapshot,{},{},{},"{""available_cpu"": 11.25, ""available_memory_gb"": 0.25, ""available_object_store_gb"": 0.13, ""cluster_cpu"": 12.0, ""cluster_memory_gb"": 0.25, ""cluster_object_store_gb"": 0.13, ""used_cpu"": 0.75}","{""controller"": {""action"": ""hold"", ""available_cpu"": 11.25, ""checkpoint_pending_rows"": 0, ""completed"": 112, ""cpu_headroom_cores"": 6, ""cpu_utilization"": 0.062, ""enabled"": true, ""event_loop_lag_ms"": 2.761, ""hash_active_pages_cap"": 1, ""hash_live_active_pages"": 1, ""hash_pressure_ratio"": 0.0, ""healthy_streak"": 0, ""reason"": ""stage1_pressure"", ""stage0_inflight_cap"": 1, ""stage0_live_inflight"": 1, ""stage1_fetch_limit_cap"": 1, ""stage1_live_fetch_limit"": 1, ""stage1_pressure_ratio"": 4.333, ""target_cpu_utilization"": 0.82, ""timeout_ratio"": 0.0}, ""hash"": {""aux_queue_depth"": 0, ""backlog"": 0, ""browser_actors"": 1, ""finalize_queue_depth"": 0, ""pending"": 0, ""render_queue_depth"": 0, ""render_trace_rows"": 0}, ""matches"": 25, ""stage0"": {""hits"": 25, ""misses"": 103, ""remaining"": 97, ""skipped"": 11}, ""stage1"": {""backlog"": 25, ""enrich_actors"": 0, ""fetch_actors"": 1, ""pending"": 2, ""progress"": {""escalated"": 0, ""failed"": 0, ""fallback_dns"": 0, ""fetched"": 0, ""head_only"": 0, ""timeout"": 0}}}"
run_20260410T134544Z,2026-04-10T14:39:21+00:00,shortlist,shortlist,,snapshot,{},{},{},"{""available_cpu"": 11.25, ""available_memory_gb"": 0.25, ""available_object_store_gb"": 0.13, ""cluster_cpu"": 12.0, ""cluster_memory_gb"": 0.25, ""cluster_object_store_gb"": 0.13, ""used_cpu"": 0.75}","{""controller"": {""action"": ""hold"", ""available_cpu"": 11.25, ""checkpoint_pending_rows"": 6, ""completed"": 113, ""cpu_headroom_cores"": 6, ""cpu_utilization"": 0.062, ""enabled"": true, ""event_loop_lag_ms"": 6.465, ""hash_active_pages_cap"": 1, ""hash_live_active_pages"": 1, ""hash_pressure_ratio"": 0.0, ""healthy_streak"": 0, ""reason"": ""stage1_pressure"", ""stage0_inflight_cap"": 1, ""stage0_live_inflight"": 1, ""stage1_fetch_limit_cap"": 1, ""stage1_live_fetch_limit"": 1, ""stage1_pressure_ratio"": 4.167, ""target_cpu_utilization"": 0.82, ""timeout_ratio"": 0.0}, ""hash"": {""aux_queue_depth"": 0, ""backlog"": 0, ""browser_actors"": 1, ""finalize_queue_depth"": 0, ""pending"": 0, ""render_queue_depth"": 0, ""render_trace_rows"": 0}, ""matches"": 25, ""stage0"": {""hits"": 25, ""misses"": 103, ""remaining"": 97, ""skipped"": 11}, ""stage1"": {""backlog"": 25, ""enrich_actors"": 0, ""fetch_actors"": 1, ""pending"": 1, ""progress"": {""escalated"": 0, ""failed"": 0, ""fallback_dns"": 0, ""fetched"": 0, ""head_only"": 0, ""timeout"": 0}}}"
run_20260410T134544Z,2026-04-10T14:39:26+00:00,shortlist,shortlist,,snapshot,{},{},{},"{""available_cpu"": 11.25, ""available_memory_gb"": 0.25, ""available_object_store_gb"": 0.13, ""cluster_cpu"": 12.0, ""cluster_memory_gb"": 0.25, ""cluster_object_store_gb"": 0.13, ""used_cpu"": 0.75}","{""controller"": {""action"": ""hold"", ""available_cpu"": 11.25, ""checkpoint_pending_rows"": 0, ""completed"": 114, ""cpu_headroom_cores"": 6, ""cpu_utilization"": 0.062, ""enabled"": true, ""event_loop_lag_ms"": 13.733, ""hash_active_pages_cap"": 1, ""hash_live_active_pages"": 1, ""hash_pressure_ratio"": 0.0, ""healthy_streak"": 0, ""reason"": ""stage1_pressure"", ""stage0_inflight_cap"": 1, ""stage0_live_inflight"": 1, ""stage1_fetch_limit_cap"": 1, ""stage1_live_fetch_limit"": 1, ""stage1_pressure_ratio"": 4.167, ""target_cpu_utilization"": 0.82, ""timeout_ratio"": 0.0}, ""hash"": {""aux_queue_depth"": 0, ""backlog"": 0, ""browser_actors"": 1, ""finalize_queue_depth"": 0, ""pending"": 0, ""render_queue_depth"": 0, ""render_trace_rows"": 0}, ""matches"": 25, ""stage0"": {""hits"": 25, ""misses"": 103, ""remaining"": 97, ""skipped"": 11}, ""stage1"": {""backlog"": 23, ""enrich_actors"": 0, ""fetch_actors"": 1, ""pending"": 2, ""progress"": {""escalated"": 0, ""failed"": 0, ""fallback_dns"": 0, ""fetched"": 0, ""head_only"": 0, ""timeout"": 0}}}"
run_20260410T134544Z,2026-04-10T14:39:31+00:00,shortlist,shortlist,,snapshot,{},{},{},"{""available_cpu"": 11.25, ""available_memory_gb"": 0.25, ""available_object_store_gb"": 0.13, ""cluster_cpu"": 12.0, ""cluster_memory_gb"": 0.25, ""cluster_object_store_gb"": 0.13, ""used_cpu"": 0.75}","{""controller"": {""action"": ""hold"", ""available_cpu"": 11.25, ""checkpoint_pending_rows"": 21, ""completed"": 117, ""cpu_headroom_cores"": 6, ""cpu_utilization"": 0.062, ""enabled"": true, ""event_loop_lag_ms"": 9.966, ""hash_active_pages_cap"": 1, ""hash_live_active_pages"": 1, ""hash_pressure_ratio"": 0.0, ""healthy_streak"": 0, ""reason"": ""stage1_pressure"", ""stage0_inflight_cap"": 1, ""stage0_live_inflight"": 1, ""stage1_fetch_limit_cap"": 1, ""stage1_live_fetch_limit"": 1, ""stage1_pressure_ratio"": 3.5, ""target_cpu_utilization"": 0.82, ""timeout_ratio"": 0.0}, ""hash"": {""aux_queue_depth"": 0, ""backlog"": 0, ""browser_actors"": 1, ""finalize_queue_depth"": 0, ""pending"": 0, ""render_queue_depth"": 0, ""render_trace_rows"": 0}, ""matches"": 25, ""stage0"": {""hits"": 25, ""misses"": 103, ""remaining"": 97, ""skipped"": 11}, ""stage1"": {""backlog"": 21, ""enrich_actors"": 0, ""fetch_actors"": 1, ""pending"": 1, ""progress"": {""escalated"": 0, ""failed"": 0, ""fallback_dns"": 0, ""fetched"": 0, ""head_only"": 0, ""timeout"": 0}}}"
run_20260410T134544Z,2026-04-10T14:39:36+00:00,shortlist,shortlist,,snapshot,{},{},{},"{""available_cpu"": 11.25, ""available_memory_gb"": 0.25, ""available_object_store_gb"": 0.13, ""cluster_cpu"": 12.0, ""cluster_memory_gb"": 0.25, ""cluster_object_store_gb"": 0.13, ""used_cpu"": 0.75}","{""controller"": {""action"": ""hold"", ""available_cpu"": 11.25, ""checkpoint_pending_rows"": 0, ""completed"": 117, ""cpu_headroom_cores"": 6, ""cpu_utilization"": 0.062, ""enabled"": true, ""event_loop_lag_ms"": 18.81, ""hash_active_pages_cap"": 1, ""hash_live_active_pages"": 1, ""hash_pressure_ratio"": 0.0, ""healthy_streak"": 0, ""reason"": ""stage1_pressure"", ""stage0_inflight_cap"": 1, ""stage0_live_inflight"": 1, ""stage1_fetch_limit_cap"": 1, ""stage1_live_fetch_limit"": 1, ""stage1_pressure_ratio"": 3.5, ""target_cpu_utilization"": 0.82, ""timeout_ratio"": 0.0}, ""hash"": {""aux_queue_depth"": 0, ""backlog"": 0, ""browser_actors"": 1, ""finalize_queue_depth"": 0, ""pending"": 0, ""render_queue_depth"": 0, ""render_trace_rows"": 0}, ""matches"": 25, ""stage0"": {""hits"": 25, ""misses"": 103, ""remaining"": 97, ""skipped"": 11}, ""stage1"": {""backlog"": 21, ""enrich_actors"": 0, ""fetch_actors"": 1, ""pending"": 1, ""progress"": {""escalated"": 0, ""failed"": 0, ""fallback_dns"": 0, ""fetched"": 0, ""head_only"": 0, ""timeout"": 0}}}"
run_20260410T134544Z,2026-04-10T14:39:41+00:00,shortlist,shortlist,,snapshot,{},{},{},"{""available_cpu"": 11.25, ""available_memory_gb"": 0.25, ""available_object_store_gb"": 0.13, ""cluster_cpu"": 12.0, ""cluster_memory_gb"": 0.25, ""cluster_object_store_gb"": 0.13, ""used_cpu"": 0.75}","{""controller"": {""action"": ""hold"", ""available_cpu"": 11.25, ""checkpoint_pending_rows"": 1, ""completed"": 117, ""cpu_headroom_cores"": 6, ""cpu_utilization"": 0.062, ""enabled"": true, ""event_loop_lag_ms"": 3.502, ""hash_active_pages_cap"": 1, ""hash_live_active_pages"": 1, ""hash_pressure_ratio"": 0.0, ""healthy_streak"": 0, ""reason"": ""stage1_pressure"", ""stage0_inflight_cap"": 1, ""stage0_live_inflight"": 1, ""stage1_fetch_limit_cap"": 1, ""stage1_live_fetch_limit"": 1, ""stage1_pressure_ratio"": 3.5, ""target_cpu_utilization"": 0.82, ""timeout_ratio"": 0.0}, ""hash"": {""aux_queue_depth"": 0, ""backlog"": 0, ""browser_actors"": 1, ""finalize_queue_depth"": 0, ""pending"": 0, ""render_queue_depth"": 0, ""render_trace_rows"": 0}, ""matches"": 25, ""stage0"": {""hits"": 25, ""misses"": 103, ""remaining"": 97, ""skipped"": 11}, ""stage1"": {""backlog"": 21, ""enrich_actors"": 0, ""fetch_actors"": 1, ""pending"": 1, ""progress"": {""escalated"": 0, ""failed"": 0, ""fallback_dns"": 0, ""fetched"": 0, ""head_only"": 0, ""timeout"": 0}}}"
run_20260410T134544Z,2026-04-10T14:39:46+00:00,shortlist,shortlist,,snapshot,{},{},{},"{""available_cpu"": 11.25, ""available_memory_gb"": 0.25, ""available_object_store_gb"": 0.13, ""cluster_cpu"": 12.0, ""cluster_memory_gb"": 0.25, ""cluster_object_store_gb"": 0.13, ""used_cpu"": 0.75}","{""controller"": {""action"": ""hold"", ""available_cpu"": 11.25, ""checkpoint_pending_rows"": 1, ""completed"": 119, ""cpu_headroom_cores"": 6, ""cpu_utilization"": 0.062, ""enabled"": true, ""event_loop_lag_ms"": 21.778, ""hash_active_pages_cap"": 1, ""hash_live_active_pages"": 1, ""hash_pressure_ratio"": 0.0, ""healthy_streak"": 0, ""reason"": ""stage1_pressure"", ""stage0_inflight_cap"": 1, ""stage0_live_inflight"": 1, ""stage1_fetch_limit_cap"": 1, ""stage1_live_fetch_limit"": 1, ""stage1_pressure_ratio"": 3.333, ""target_cpu_utilization"": 0.82, ""timeout_ratio"": 0.0}, ""hash"": {""aux_queue_depth"": 0, ""backlog"": 0, ""browser_actors"": 1, ""finalize_queue_depth"": 0, ""pending"": 0, ""render_queue_depth"": 0, ""render_trace_rows"": 0}, ""matches"": 25, ""stage0"": {""hits"": 25, ""misses"": 103, ""remaining"": 97, ""skipped"": 11}, ""stage1"": {""backlog"": 19, ""enrich_actors"": 0, ""fetch_actors"": 1, ""pending"": 1, ""progress"": {""escalated"": 0, ""failed"": 0, ""fallback_dns"": 0, ""fetched"": 0, ""head_only"": 0, ""timeout"": 0}}}"
run_20260410T134544Z,2026-04-10T14:39:51+00:00,shortlist,shortlist,,snapshot,{},{},{},"{""available_cpu"": 11.25, ""available_memory_gb"": 0.25, ""available_object_store_gb"": 0.13, ""cluster_cpu"": 12.0, ""cluster_memory_gb"": 0.25, ""cluster_object_store_gb"": 0.13, ""used_cpu"": 0.75}","{""controller"": {""action"": ""hold"", ""available_cpu"": 11.25, ""checkpoint_pending_rows"": 16, ""completed"": 120, ""cpu_headroom_cores"": 6, ""cpu_utilization"": 0.062, ""enabled"": true, ""event_loop_lag_ms"": 0.781, ""hash_active_pages_cap"": 1, ""hash_live_active_pages"": 1, ""hash_pressure_ratio"": 0.0, ""healthy_streak"": 0, ""reason"": ""stage1_pressure"", ""stage0_inflight_cap"": 1, ""stage0_live_inflight"": 1, ""stage1_fetch_limit_cap"": 1, ""stage1_live_fetch_limit"": 1, ""stage1_pressure_ratio"": 3.0, ""target_cpu_utilization"": 0.82, ""timeout_ratio"": 0.0}, ""hash"": {""aux_queue_depth"": 0, ""backlog"": 0, ""browser_actors"": 1, ""finalize_queue_depth"": 0, ""pending"": 0, ""render_queue_depth"": 0, ""render_trace_rows"": 0}, ""matches"": 25, ""stage0"": {""hits"": 25, ""misses"": 103, ""remaining"": 97, ""skipped"": 11}, ""stage1"": {""backlog"": 17, ""enrich_actors"": 0, ""fetch_actors"": 1, ""pending"": 2, ""progress"": {""escalated"": 0, ""failed"": 0, ""fallback_dns"": 0, ""fetched"": 0, ""head_only"": 0, ""timeout"": 0}}}"
run_20260410T134544Z,2026-04-10T14:39:56+00:00,shortlist,shortlist,,snapshot,{},{},{},"{""available_cpu"": 11.25, ""available_memory_gb"": 0.25, ""available_object_store_gb"": 0.13, ""cluster_cpu"": 12.0, ""cluster_memory_gb"": 0.25, ""cluster_object_store_gb"": 0.13, ""used_cpu"": 0.75}","{""controller"": {""action"": ""hold"", ""available_cpu"": 11.25, ""checkpoint_pending_rows"": 5, ""completed"": 122, ""cpu_headroom_cores"": 6, ""cpu_utilization"": 0.062, ""enabled"": true, ""event_loop_lag_ms"": 2.038, ""hash_active_pages_cap"": 1, ""hash_live_active_pages"": 1, ""hash_pressure_ratio"": 0.0, ""healthy_streak"": 0, ""reason"": ""stage1_pressure"", ""stage0_inflight_cap"": 1, ""stage0_live_inflight"": 1, ""stage1_fetch_limit_cap"": 1, ""stage1_live_fetch_limit"": 1, ""stage1_pressure_ratio"": 2.667, ""target_cpu_utilization"": 0.82, ""timeout_ratio"": 0.0}, ""hash"": {""aux_queue_depth"": 0, ""backlog"": 0, ""browser_actors"": 1, ""finalize_queue_depth"": 0, ""pending"": 0, ""render_queue_depth"": 0, ""render_trace_rows"": 0}, ""matches"": 25, ""stage0"": {""hits"": 25, ""misses"": 103, ""remaining"": 97, ""skipped"": 11}, ""stage1"": {""backlog"": 16, ""enrich_actors"": 0, ""fetch_actors"": 1, ""pending"": 1, ""progress"": {""escalated"": 0, ""failed"": 0, ""fallback_dns"": 0, ""fetched"": 0, ""head_only"": 0, ""timeout"": 0}}}"
run_20260410T134544Z,2026-04-10T14:40:01+00:00,shortlist,shortlist,,snapshot,{},{},{},"{""available_cpu"": 11.25, ""available_memory_gb"": 0.25, ""available_object_store_gb"": 0.13, ""cluster_cpu"": 12.0, ""cluster_memory_gb"": 0.25, ""cluster_object_store_gb"": 0.13, ""used_cpu"": 0.75}","{""controller"": {""action"": ""hold"", ""available_cpu"": 11.25, ""checkpoint_pending_rows"": 27, ""completed"": 126, ""cpu_headroom_cores"": 6, ""cpu_utilization"": 0.062, ""enabled"": true, ""event_loop_lag_ms"": 20.003, ""hash_active_pages_cap"": 1, ""hash_live_active_pages"": 1, ""hash_pressure_ratio"": 0.0, ""healthy_streak"": 0, ""reason"": ""stage1_pressure"", ""stage0_inflight_cap"": 1, ""stage0_live_inflight"": 1, ""stage1_fetch_limit_cap"": 1, ""stage1_live_fetch_limit"": 1, ""stage1_pressure_ratio"": 1.833, ""target_cpu_utilization"": 0.82, ""timeout_ratio"": 0.0}, ""hash"": {""aux_queue_depth"": 0, ""backlog"": 0, ""browser_actors"": 1, ""finalize_queue_depth"": 0, ""pending"": 0, ""render_queue_depth"": 0, ""render_trace_rows"": 0}, ""matches"": 25, ""stage0"": {""hits"": 25, ""misses"": 103, ""remaining"": 97, ""skipped"": 11}, ""stage1"": {""backlog"": 11, ""enrich_actors"": 0, ""fetch_actors"": 1, ""pending"": 2, ""progress"": {""escalated"": 0, ""failed"": 0, ""fallback_dns"": 0, ""fetched"": 0, ""head_only"": 0, ""timeout"": 0}}}"
run_20260410T134544Z,2026-04-10T14:40:06+00:00,shortlist,shortlist,,snapshot,{},{},{},"{""available_cpu"": 11.25, ""available_memory_gb"": 0.25, ""available_object_store_gb"": 0.13, ""cluster_cpu"": 12.0, ""cluster_memory_gb"": 0.25, ""cluster_object_store_gb"": 0.13, ""used_cpu"": 0.75}","{""controller"": {""action"": ""hold"", ""available_cpu"": 11.25, ""checkpoint_pending_rows"": 5, ""completed"": 131, ""cpu_headroom_cores"": 6, ""cpu_utilization"": 0.062, ""enabled"": true, ""event_loop_lag_ms"": 5.147, ""hash_active_pages_cap"": 1, ""hash_live_active_pages"": 1, ""hash_pressure_ratio"": 0.0, ""healthy_streak"": 0, ""reason"": ""stage1_pressure"", ""stage0_inflight_cap"": 1, ""stage0_live_inflight"": 1, ""stage1_fetch_limit_cap"": 1, ""stage1_live_fetch_limit"": 1, ""stage1_pressure_ratio"": 1.333, ""target_cpu_utilization"": 0.82, ""timeout_ratio"": 0.0}, ""hash"": {""aux_queue_depth"": 0, ""backlog"": 0, ""browser_actors"": 1, ""finalize_queue_depth"": 0, ""pending"": 0, ""render_queue_depth"": 0, ""render_trace_rows"": 0}, ""matches"": 25, ""stage0"": {""hits"": 25, ""misses"": 103, ""remaining"": 97, ""skipped"": 11}, ""stage1"": {""backlog"": 6, ""enrich_actors"": 0, ""fetch_actors"": 1, ""pending"": 2, ""progress"": {""escalated"": 0, ""failed"": 0, ""fallback_dns"": 0, ""fetched"": 0, ""head_only"": 0, ""timeout"": 0}}}"
run_20260410T134544Z,2026-04-10T14:40:11+00:00,shortlist,shortlist,,snapshot,{},{},{},"{""available_cpu"": 11.25, ""available_memory_gb"": 0.25, ""available_object_store_gb"": 0.13, ""cluster_cpu"": 12.0, ""cluster_memory_gb"": 0.25, ""cluster_object_store_gb"": 0.13, ""used_cpu"": 0.75}","{""controller"": {""action"": ""hold"", ""available_cpu"": 11.25, ""checkpoint_pending_rows"": 45, ""completed"": 139, ""cpu_headroom_cores"": 6, ""cpu_utilization"": 0.062, ""enabled"": true, ""event_loop_lag_ms"": 3.688, ""hash_active_pages_cap"": 1, ""hash_live_active_pages"": 1, ""hash_pressure_ratio"": 0.0, ""healthy_streak"": 0, ""reason"": ""healthy_window"", ""stage0_inflight_cap"": 1, ""stage0_live_inflight"": 1, ""stage1_fetch_limit_cap"": 1, ""stage1_live_fetch_limit"": 1, ""stage1_pressure_ratio"": 0.167, ""target_cpu_utilization"": 0.82, ""timeout_ratio"": 0.0}, ""hash"": {""aux_queue_depth"": 0, ""backlog"": 0, ""browser_actors"": 1, ""finalize_queue_depth"": 0, ""pending"": 0, ""render_queue_depth"": 0, ""render_trace_rows"": 0}, ""matches"": 25, ""stage0"": {""hits"": 25, ""misses"": 167, ""remaining"": 33, ""skipped"": 11}, ""stage1"": {""backlog"": 63, ""enrich_actors"": 0, ""fetch_actors"": 1, ""pending"": 1, ""progress"": {""escalated"": 0, ""failed"": 0, ""fallback_dns"": 0, ""fetched"": 0, ""head_only"": 0, ""timeout"": 0}}}"
run_20260410T134544Z,2026-04-10T14:40:16+00:00,shortlist,shortlist,,snapshot,{},{},{},"{""available_cpu"": 11.25, ""available_memory_gb"": 0.25, ""available_object_store_gb"": 0.13, ""cluster_cpu"": 12.0, ""cluster_memory_gb"": 0.25, ""cluster_object_store_gb"": 0.13, ""used_cpu"": 0.75}","{""controller"": {""action"": ""hold"", ""available_cpu"": 11.25, ""checkpoint_pending_rows"": 0, ""completed"": 140, ""cpu_headroom_cores"": 6, ""cpu_utilization"": 0.062, ""enabled"": true, ""event_loop_lag_ms"": 15.795, ""hash_active_pages_cap"": 1, ""hash_live_active_pages"": 1, ""hash_pressure_ratio"": 0.0, ""healthy_streak"": 0, ""reason"": ""stage1_pressure"", ""stage0_inflight_cap"": 1, ""stage0_live_inflight"": 1, ""stage1_fetch_limit_cap"": 1, ""stage1_live_fetch_limit"": 1, ""stage1_pressure_ratio"": 10.5, ""target_cpu_utilization"": 0.82, ""timeout_ratio"": 0.0}, ""hash"": {""aux_queue_depth"": 0, ""backlog"": 0, ""browser_actors"": 1, ""finalize_queue_depth"": 0, ""pending"": 0, ""render_queue_depth"": 0, ""render_trace_rows"": 0}, ""matches"": 25, ""stage0"": {""hits"": 25, ""misses"": 167, ""remaining"": 33, ""skipped"": 11}, ""stage1"": {""backlog"": 62, ""enrich_actors"": 0, ""fetch_actors"": 1, ""pending"": 1, ""progress"": {""escalated"": 0, ""failed"": 0, ""fallback_dns"": 0, ""fetched"": 0, ""head_only"": 0, ""timeout"": 0}}}"
run_20260410T134544Z,2026-04-10T14:40:21+00:00,shortlist,shortlist,,snapshot,{},{},{},"{""available_cpu"": 11.25, ""available_memory_gb"": 0.25, ""available_object_store_gb"": 0.13, ""cluster_cpu"": 12.0, ""cluster_memory_gb"": 0.25, ""cluster_object_store_gb"": 0.13, ""used_cpu"": 0.75}","{""controller"": {""action"": ""hold"", ""available_cpu"": 11.25, ""checkpoint_pending_rows"": 11, ""completed"": 141, ""cpu_headroom_cores"": 6, ""cpu_utilization"": 0.062, ""enabled"": true, ""event_loop_lag_ms"": 25.667, ""hash_active_pages_cap"": 1, ""hash_live_active_pages"": 1, ""hash_pressure_ratio"": 0.0, ""healthy_streak"": 0, ""reason"": ""stage1_pressure"", ""stage0_inflight_cap"": 1, ""stage0_live_inflight"": 1, ""stage1_fetch_limit_cap"": 1, ""stage1_live_fetch_limit"": 1, ""stage1_pressure_ratio"": 10.167, ""target_cpu_utilization"": 0.82, ""timeout_ratio"": 0.0}, ""hash"": {""aux_queue_depth"": 0, ""backlog"": 0, ""browser_actors"": 1, ""finalize_queue_depth"": 0, ""pending"": 0, ""render_queue_depth"": 0, ""render_trace_rows"": 0}, ""matches"": 25, ""stage0"": {""hits"": 25, ""misses"": 167, ""remaining"": 33, ""skipped"": 11}, ""stage1"": {""backlog"": 61, ""enrich_actors"": 0, ""fetch_actors"": 1, ""pending"": 1, ""progress"": {""escalated"": 0, ""failed"": 0, ""fallback_dns"": 0, ""fetched"": 0, ""head_only"": 0, ""timeout"": 0}}}"
run_20260410T134544Z,2026-04-10T14:40:26+00:00,shortlist,shortlist,,snapshot,{},{},{},"{""available_cpu"": 11.25, ""available_memory_gb"": 0.25, ""available_object_store_gb"": 0.13, ""cluster_cpu"": 12.0, ""cluster_memory_gb"": 0.25, ""cluster_object_store_gb"": 0.13, ""used_cpu"": 0.75}","{""controller"": {""action"": ""hold"", ""available_cpu"": 11.25, ""checkpoint_pending_rows"": 2, ""completed"": 143, ""cpu_headroom_cores"": 6, ""cpu_utilization"": 0.062, ""enabled"": true, ""event_loop_lag_ms"": 28.479, ""hash_active_pages_cap"": 1, ""hash_live_active_pages"": 1, ""hash_pressure_ratio"": 0.0, ""healthy_streak"": 0, ""reason"": ""stage1_pressure"", ""stage0_inflight_cap"": 1, ""stage0_live_inflight"": 1, ""stage1_fetch_limit_cap"": 1, ""stage1_live_fetch_limit"": 1, ""stage1_pressure_ratio"": 9.833, ""target_cpu_utilization"": 0.82, ""timeout_ratio"": 0.0}, ""hash"": {""aux_queue_depth"": 0, ""backlog"": 0, ""browser_actors"": 1, ""finalize_queue_depth"": 0, ""pending"": 0, ""render_queue_depth"": 0, ""render_trace_rows"": 0}, ""matches"": 25, ""stage0"": {""hits"": 25, ""misses"": 167, ""remaining"": 33, ""skipped"": 11}, ""stage1"": {""backlog"": 59, ""enrich_actors"": 0, ""fetch_actors"": 1, ""pending"": 1, ""progress"": {""escalated"": 0, ""failed"": 0, ""fallback_dns"": 0, ""fetched"": 0, ""head_only"": 0, ""timeout"": 0}}}"
run_20260410T134544Z,2026-04-10T14:40:31+00:00,shortlist,shortlist,,snapshot,{},{},{},"{""available_cpu"": 11.25, ""available_memory_gb"": 0.25, ""available_object_store_gb"": 0.13, ""cluster_cpu"": 12.0, ""cluster_memory_gb"": 0.25, ""cluster_object_store_gb"": 0.13, ""used_cpu"": 0.75}","{""controller"": {""action"": ""hold"", ""available_cpu"": 11.25, ""checkpoint_pending_rows"": 22, ""completed"": 146, ""cpu_headroom_cores"": 6, ""cpu_utilization"": 0.062, ""enabled"": true, ""event_loop_lag_ms"": 0.0, ""hash_active_pages_cap"": 1, ""hash_live_active_pages"": 1, ""hash_pressure_ratio"": 0.0, ""healthy_streak"": 0, ""reason"": ""stage1_pressure"", ""stage0_inflight_cap"": 1, ""stage0_live_inflight"": 1, ""stage1_fetch_limit_cap"": 1, ""stage1_live_fetch_limit"": 1, ""stage1_pressure_ratio"": 9.333, ""target_cpu_utilization"": 0.82, ""timeout_ratio"": 0.0}, ""hash"": {""aux_queue_depth"": 0, ""backlog"": 0, ""browser_actors"": 1, ""finalize_queue_depth"": 0, ""pending"": 0, ""render_queue_depth"": 0, ""render_trace_rows"": 0}, ""matches"": 25, ""stage0"": {""hits"": 25, ""misses"": 167, ""remaining"": 33, ""skipped"": 11}, ""stage1"": {""backlog"": 56, ""enrich_actors"": 0, ""fetch_actors"": 1, ""pending"": 1, ""progress"": {""escalated"": 0, ""failed"": 0, ""fallback_dns"": 0, ""fetched"": 0, ""head_only"": 0, ""timeout"": 0}}}"
run_20260410T134544Z,2026-04-10T14:40:36+00:00,shortlist,shortlist,,snapshot,{},{},{},"{""available_cpu"": 11.25, ""available_memory_gb"": 0.25, ""available_object_store_gb"": 0.13, ""cluster_cpu"": 12.0, ""cluster_memory_gb"": 0.25, ""cluster_object_store_gb"": 0.13, ""used_cpu"": 0.75}","{""controller"": {""action"": ""hold"", ""available_cpu"": 11.25, ""checkpoint_pending_rows"": 1, ""completed"": 147, ""cpu_headroom_cores"": 6, ""cpu_utilization"": 0.062, ""enabled"": true, ""event_loop_lag_ms"": 11.229, ""hash_active_pages_cap"": 1, ""hash_live_active_pages"": 1, ""hash_pressure_ratio"": 0.0, ""healthy_streak"": 0, ""reason"": ""stage1_pressure"", ""stage0_inflight_cap"": 1, ""stage0_live_inflight"": 1, ""stage1_fetch_limit_cap"": 1, ""stage1_live_fetch_limit"": 1, ""stage1_pressure_ratio"": 9.167, ""target_cpu_utilization"": 0.82, ""timeout_ratio"": 0.0}, ""hash"": {""aux_queue_depth"": 0, ""backlog"": 0, ""browser_actors"": 1, ""finalize_queue_depth"": 0, ""pending"": 0, ""render_queue_depth"": 0, ""render_trace_rows"": 0}, ""matches"": 25, ""stage0"": {""hits"": 25, ""misses"": 167, ""remaining"": 33, ""skipped"": 11}, ""stage1"": {""backlog"": 55, ""enrich_actors"": 0, ""fetch_actors"": 1, ""pending"": 1, ""progress"": {""escalated"": 0, ""failed"": 0, ""fallback_dns"": 0, ""fetched"": 0, ""head_only"": 0, ""timeout"": 0}}}"
run_20260410T134544Z,2026-04-10T14:40:41+00:00,shortlist,shortlist,,snapshot,{},{},{},"{""available_cpu"": 11.25, ""available_memory_gb"": 0.25, ""available_object_store_gb"": 0.13, ""cluster_cpu"": 12.0, ""cluster_memory_gb"": 0.25, ""cluster_object_store_gb"": 0.13, ""used_cpu"": 0.75}","{""controller"": {""action"": ""hold"", ""available_cpu"": 11.25, ""checkpoint_pending_rows"": 8, ""completed"": 147, ""cpu_headroom_cores"": 6, ""cpu_utilization"": 0.062, ""enabled"": true, ""event_loop_lag_ms"": 19.818, ""hash_active_pages_cap"": 1, ""hash_live_active_pages"": 1, ""hash_pressure_ratio"": 0.0, ""healthy_streak"": 0, ""reason"": ""stage1_pressure"", ""stage0_inflight_cap"": 1, ""stage0_live_inflight"": 1, ""stage1_fetch_limit_cap"": 1, ""stage1_live_fetch_limit"": 1, ""stage1_pressure_ratio"": 9.167, ""target_cpu_utilization"": 0.82, ""timeout_ratio"": 0.0}, ""hash"": {""aux_queue_depth"": 0, ""backlog"": 0, ""browser_actors"": 1, ""finalize_queue_depth"": 0, ""pending"": 0, ""render_queue_depth"": 0, ""render_trace_rows"": 0}, ""matches"": 25, ""stage0"": {""hits"": 25, ""misses"": 167, ""remaining"": 33, ""skipped"": 11}, ""stage1"": {""backlog"": 55, ""enrich_actors"": 0, ""fetch_actors"": 1, ""pending"": 1, ""progress"": {""escalated"": 0, ""failed"": 0, ""fallback_dns"": 0, ""fetched"": 0, ""head_only"": 0, ""timeout"": 0}}}"
run_20260410T134544Z,2026-04-10T14:40:46+00:00,shortlist,shortlist,,snapshot,{},{},{},"{""available_cpu"": 11.25, ""available_memory_gb"": 0.25, ""available_object_store_gb"": 0.13, ""cluster_cpu"": 12.0, ""cluster_memory_gb"": 0.25, ""cluster_object_store_gb"": 0.13, ""used_cpu"": 0.75}","{""controller"": {""action"": ""hold"", ""available_cpu"": 11.25, ""checkpoint_pending_rows"": 9, ""completed"": 149, ""cpu_headroom_cores"": 6, ""cpu_utilization"": 0.062, ""enabled"": true, ""event_loop_lag_ms"": 16.863, ""hash_active_pages_cap"": 1, ""hash_live_active_pages"": 1, ""hash_pressure_ratio"": 0.0, ""healthy_streak"": 0, ""reason"": ""stage1_pressure"", ""stage0_inflight_cap"": 1, ""stage0_live_inflight"": 1, ""stage1_fetch_limit_cap"": 1, ""stage1_live_fetch_limit"": 1, ""stage1_pressure_ratio"": 8.833, ""target_cpu_utilization"": 0.82, ""timeout_ratio"": 0.0}, ""hash"": {""aux_queue_depth"": 0, ""backlog"": 0, ""browser_actors"": 1, ""finalize_queue_depth"": 0, ""pending"": 0, ""render_queue_depth"": 0, ""render_trace_rows"": 0}, ""matches"": 25, ""stage0"": {""hits"": 25, ""misses"": 167, ""remaining"": 33, ""skipped"": 11}, ""stage1"": {""backlog"": 52, ""enrich_actors"": 0, ""fetch_actors"": 1, ""pending"": 2, ""progress"": {""escalated"": 0, ""failed"": 0, ""fallback_dns"": 0, ""fetched"": 0, ""head_only"": 0, ""timeout"": 0}}}"
run_20260410T134544Z,2026-04-10T14:40:51+00:00,shortlist,shortlist,,snapshot,{},{},{},"{""available_cpu"": 11.25, ""available_memory_gb"": 0.25, ""available_object_store_gb"": 0.13, ""cluster_cpu"": 12.0, ""cluster_memory_gb"": 0.25, ""cluster_object_store_gb"": 0.13, ""used_cpu"": 0.75}","{""controller"": {""action"": ""hold"", ""available_cpu"": 11.25, ""checkpoint_pending_rows"": 27, ""completed"": 152, ""cpu_headroom_cores"": 6, ""cpu_utilization"": 0.062, ""enabled"": true, ""event_loop_lag_ms"": 13.416, ""hash_active_pages_cap"": 1, ""hash_live_active_pages"": 1, ""hash_pressure_ratio"": 0.0, ""healthy_streak"": 0, ""reason"": ""stage1_pressure"", ""stage0_inflight_cap"": 1, ""stage0_live_inflight"": 1, ""stage1_fetch_limit_cap"": 1, ""stage1_live_fetch_limit"": 1, ""stage1_pressure_ratio"": 8.333, ""target_cpu_utilization"": 0.82, ""timeout_ratio"": 0.0}, ""hash"": {""aux_queue_depth"": 0, ""backlog"": 0, ""browser_actors"": 1, ""finalize_queue_depth"": 0, ""pending"": 0, ""render_queue_depth"": 0, ""render_trace_rows"": 0}, ""matches"": 25, ""stage0"": {""hits"": 25, ""misses"": 167, ""remaining"": 33, ""skipped"": 11}, ""stage1"": {""backlog"": 50, ""enrich_actors"": 0, ""fetch_actors"": 1, ""pending"": 1, ""progress"": {""escalated"": 0, ""failed"": 0, ""fallback_dns"": 0, ""fetched"": 0, ""head_only"": 0, ""timeout"": 0}}}"
run_20260410T134544Z,2026-04-10T14:40:56+00:00,shortlist,shortlist,,snapshot,{},{},{},"{""available_cpu"": 11.25, ""available_memory_gb"": 0.25, ""available_object_store_gb"": 0.13, ""cluster_cpu"": 12.0, ""cluster_memory_gb"": 0.25, ""cluster_object_store_gb"": 0.13, ""used_cpu"": 0.75}","{""controller"": {""action"": ""hold"", ""available_cpu"": 11.25, ""checkpoint_pending_rows"": 10, ""completed"": 157, ""cpu_headroom_cores"": 6, ""cpu_utilization"": 0.062, ""enabled"": true, ""event_loop_lag_ms"": 16.011, ""hash_active_pages_cap"": 1, ""hash_live_active_pages"": 1, ""hash_pressure_ratio"": 0.0, ""healthy_streak"": 0, ""reason"": ""stage1_pressure"", ""stage0_inflight_cap"": 1, ""stage0_live_inflight"": 1, ""stage1_fetch_limit_cap"": 1, ""stage1_live_fetch_limit"": 1, ""stage1_pressure_ratio"": 7.667, ""target_cpu_utilization"": 0.82, ""timeout_ratio"": 0.0}, ""hash"": {""aux_queue_depth"": 0, ""backlog"": 0, ""browser_actors"": 1, ""finalize_queue_depth"": 0, ""pending"": 0, ""render_queue_depth"": 0, ""render_trace_rows"": 0}, ""matches"": 25, ""stage0"": {""hits"": 25, ""misses"": 167, ""remaining"": 33, ""skipped"": 11}, ""stage1"": {""backlog"": 45, ""enrich_actors"": 0, ""fetch_actors"": 1, ""pending"": 1, ""progress"": {""escalated"": 0, ""failed"": 0, ""fallback_dns"": 0, ""fetched"": 0, ""head_only"": 0, ""timeout"": 0}}}"
run_20260410T134544Z,2026-04-10T14:41:01+00:00,shortlist,shortlist,,snapshot,{},{},{},"{""available_cpu"": 11.25, ""available_memory_gb"": 0.25, ""available_object_store_gb"": 0.13, ""cluster_cpu"": 12.0, ""cluster_memory_gb"": 0.25, ""cluster_object_store_gb"": 0.13, ""used_cpu"": 0.75}","{""controller"": {""action"": ""hold"", ""available_cpu"": 11.25, ""checkpoint_pending_rows"": 32, ""completed"": 159, ""cpu_headroom_cores"": 6, ""cpu_utilization"": 0.062, ""enabled"": true, ""event_loop_lag_ms"": 9.889, ""hash_active_pages_cap"": 1, ""hash_live_active_pages"": 1, ""hash_pressure_ratio"": 0.0, ""healthy_streak"": 0, ""reason"": ""stage1_pressure"", ""stage0_inflight_cap"": 1, ""stage0_live_inflight"": 1, ""stage1_fetch_limit_cap"": 1, ""stage1_live_fetch_limit"": 1, ""stage1_pressure_ratio"": 7.167, ""target_cpu_utilization"": 0.82, ""timeout_ratio"": 0.0}, ""hash"": {""aux_queue_depth"": 0, ""backlog"": 0, ""browser_actors"": 1, ""finalize_queue_depth"": 0, ""pending"": 0, ""render_queue_depth"": 0, ""render_trace_rows"": 0}, ""matches"": 25, ""stage0"": {""hits"": 25, ""misses"": 167, ""remaining"": 33, ""skipped"": 11}, ""stage1"": {""backlog"": 42, ""enrich_actors"": 0, ""fetch_actors"": 1, ""pending"": 2, ""progress"": {""escalated"": 0, ""failed"": 0, ""fallback_dns"": 0, ""fetched"": 0, ""head_only"": 0, ""timeout"": 0}}}"
run_20260410T134544Z,2026-04-10T14:41:06+00:00,shortlist,shortlist,,snapshot,{},{},{},"{""available_cpu"": 11.25, ""available_memory_gb"": 0.25, ""available_object_store_gb"": 0.13, ""cluster_cpu"": 12.0, ""cluster_memory_gb"": 0.25, ""cluster_object_store_gb"": 0.13, ""used_cpu"": 0.75}","{""controller"": {""action"": ""hold"", ""available_cpu"": 11.25, ""checkpoint_pending_rows"": 0, ""completed"": 161, ""cpu_headroom_cores"": 6, ""cpu_utilization"": 0.062, ""enabled"": true, ""event_loop_lag_ms"": 3.064, ""hash_active_pages_cap"": 1, ""hash_live_active_pages"": 1, ""hash_pressure_ratio"": 0.0, ""healthy_streak"": 0, ""reason"": ""stage1_pressure"", ""stage0_inflight_cap"": 1, ""stage0_live_inflight"": 1, ""stage1_fetch_limit_cap"": 1, ""stage1_live_fetch_limit"": 1, ""stage1_pressure_ratio"": 6.833, ""target_cpu_utilization"": 0.82, ""timeout_ratio"": 0.0}, ""hash"": {""aux_queue_depth"": 0, ""backlog"": 0, ""browser_actors"": 1, ""finalize_queue_depth"": 0, ""pending"": 0, ""render_queue_depth"": 0, ""render_trace_rows"": 0}, ""matches"": 25, ""stage0"": {""hits"": 25, ""misses"": 167, ""remaining"": 33, ""skipped"": 11}, ""stage1"": {""backlog"": 41, ""enrich_actors"": 0, ""fetch_actors"": 1, ""pending"": 1, ""progress"": {""escalated"": 0, ""failed"": 0, ""fallback_dns"": 0, ""fetched"": 0, ""head_only"": 0, ""timeout"": 0}}}"
run_20260410T134544Z,2026-04-10T14:41:11+00:00,shortlist,shortlist,,snapshot,{},{},{},"{""available_cpu"": 11.25, ""available_memory_gb"": 0.25, ""available_object_store_gb"": 0.13, ""cluster_cpu"": 12.0, ""cluster_memory_gb"": 0.25, ""cluster_object_store_gb"": 0.13, ""used_cpu"": 0.75}","{""controller"": {""action"": ""hold"", ""available_cpu"": 11.25, ""checkpoint_pending_rows"": 15, ""completed"": 163, ""cpu_headroom_cores"": 6, ""cpu_utilization"": 0.062, ""enabled"": true, ""event_loop_lag_ms"": 2.606, ""hash_active_pages_cap"": 1, ""hash_live_active_pages"": 1, ""hash_pressure_ratio"": 0.0, ""healthy_streak"": 0, ""reason"": ""stage1_pressure"", ""stage0_inflight_cap"": 1, ""stage0_live_inflight"": 1, ""stage1_fetch_limit_cap"": 1, ""stage1_live_fetch_limit"": 1, ""stage1_pressure_ratio"": 6.333, ""target_cpu_utilization"": 0.82, ""timeout_ratio"": 0.0}, ""hash"": {""aux_queue_depth"": 0, ""backlog"": 0, ""browser_actors"": 1, ""finalize_queue_depth"": 0, ""pending"": 0, ""render_queue_depth"": 0, ""render_trace_rows"": 0}, ""matches"": 25, ""stage0"": {""hits"": 25, ""misses"": 167, ""remaining"": 33, ""skipped"": 11}, ""stage1"": {""backlog"": 38, ""enrich_actors"": 0, ""fetch_actors"": 1, ""pending"": 2, ""progress"": {""escalated"": 0, ""failed"": 0, ""fallback_dns"": 0, ""fetched"": 0, ""head_only"": 0, ""timeout"": 0}}}"
run_20260410T134544Z,2026-04-10T14:41:16+00:00,shortlist,shortlist,,snapshot,{},{},{},"{""available_cpu"": 11.25, ""available_memory_gb"": 0.25, ""available_object_store_gb"": 0.13, ""cluster_cpu"": 12.0, ""cluster_memory_gb"": 0.25, ""cluster_object_store_gb"": 0.13, ""used_cpu"": 0.75}","{""controller"": {""action"": ""hold"", ""available_cpu"": 11.25, ""checkpoint_pending_rows"": 5, ""completed"": 166, ""cpu_headroom_cores"": 6, ""cpu_utilization"": 0.062, ""enabled"": true, ""event_loop_lag_ms"": 2.288, ""hash_active_pages_cap"": 1, ""hash_live_active_pages"": 1, ""hash_pressure_ratio"": 0.0, ""healthy_streak"": 0, ""reason"": ""stage1_pressure"", ""stage0_inflight_cap"": 1, ""stage0_live_inflight"": 1, ""stage1_fetch_limit_cap"": 1, ""stage1_live_fetch_limit"": 1, ""stage1_pressure_ratio"": 6.0, ""target_cpu_utilization"": 0.82, ""timeout_ratio"": 0.0}, ""hash"": {""aux_queue_depth"": 0, ""backlog"": 0, ""browser_actors"": 1, ""finalize_queue_depth"": 0, ""pending"": 0, ""render_queue_depth"": 0, ""render_trace_rows"": 0}, ""matches"": 25, ""stage0"": {""hits"": 25, ""misses"": 167, ""remaining"": 33, ""skipped"": 11}, ""stage1"": {""backlog"": 35, ""enrich_actors"": 0, ""fetch_actors"": 1, ""pending"": 2, ""progress"": {""escalated"": 0, ""failed"": 0, ""fallback_dns"": 0, ""fetched"": 0, ""head_only"": 0, ""timeout"": 0}}}"
run_20260410T134544Z,2026-04-10T14:41:21+00:00,shortlist,shortlist,,snapshot,{},{},{},"{""available_cpu"": 11.25, ""available_memory_gb"": 0.25, ""available_object_store_gb"": 0.13, ""cluster_cpu"": 12.0, ""cluster_memory_gb"": 0.25, ""cluster_object_store_gb"": 0.13, ""used_cpu"": 0.75}","{""controller"": {""action"": ""hold"", ""available_cpu"": 11.25, ""checkpoint_pending_rows"": 28, ""completed"": 169, ""cpu_headroom_cores"": 6, ""cpu_utilization"": 0.062, ""enabled"": true, ""event_loop_lag_ms"": 7.447, ""hash_active_pages_cap"": 1, ""hash_live_active_pages"": 1, ""hash_pressure_ratio"": 0.0, ""healthy_streak"": 0, ""reason"": ""stage1_pressure"", ""stage0_inflight_cap"": 1, ""stage0_live_inflight"": 1, ""stage1_fetch_limit_cap"": 1, ""stage1_live_fetch_limit"": 1, ""stage1_pressure_ratio"": 5.5, ""target_cpu_utilization"": 0.82, ""timeout_ratio"": 0.0}, ""hash"": {""aux_queue_depth"": 0, ""backlog"": 0, ""browser_actors"": 1, ""finalize_queue_depth"": 0, ""pending"": 0, ""render_queue_depth"": 0, ""render_trace_rows"": 0}, ""matches"": 25, ""stage0"": {""hits"": 25, ""misses"": 167, ""remaining"": 33, ""skipped"": 11}, ""stage1"": {""backlog"": 33, ""enrich_actors"": 0, ""fetch_actors"": 1, ""pending"": 1, ""progress"": {""escalated"": 0, ""failed"": 0, ""fallback_dns"": 0, ""fetched"": 0, ""head_only"": 0, ""timeout"": 0}}}"
run_20260410T134544Z,2026-04-10T14:41:26+00:00,shortlist,shortlist,,snapshot,{},{},{},"{""available_cpu"": 11.25, ""available_memory_gb"": 0.25, ""available_object_store_gb"": 0.13, ""cluster_cpu"": 12.0, ""cluster_memory_gb"": 0.25, ""cluster_object_store_gb"": 0.13, ""used_cpu"": 0.75}","{""controller"": {""action"": ""hold"", ""available_cpu"": 11.25, ""checkpoint_pending_rows"": 5, ""completed"": 170, ""cpu_headroom_cores"": 6, ""cpu_utilization"": 0.062, ""enabled"": true, ""event_loop_lag_ms"": 11.474, ""hash_active_pages_cap"": 1, ""hash_live_active_pages"": 1, ""hash_pressure_ratio"": 0.0, ""healthy_streak"": 0, ""reason"": ""stage1_pressure"", ""stage0_inflight_cap"": 1, ""stage0_live_inflight"": 1, ""stage1_fetch_limit_cap"": 1, ""stage1_live_fetch_limit"": 1, ""stage1_pressure_ratio"": 5.333, ""target_cpu_utilization"": 0.82, ""timeout_ratio"": 0.0}, ""hash"": {""aux_queue_depth"": 0, ""backlog"": 0, ""browser_actors"": 1, ""finalize_queue_depth"": 0, ""pending"": 0, ""render_queue_depth"": 0, ""render_trace_rows"": 0}, ""matches"": 25, ""stage0"": {""hits"": 25, ""misses"": 167, ""remaining"": 33, ""skipped"": 11}, ""stage1"": {""backlog"": 31, ""enrich_actors"": 0, ""fetch_actors"": 1, ""pending"": 2, ""progress"": {""escalated"": 0, ""failed"": 0, ""fallback_dns"": 0, ""fetched"": 0, ""head_only"": 0, ""timeout"": 0}}}"
run_20260410T134544Z,2026-04-10T14:41:31+00:00,shortlist,shortlist,,snapshot,{},{},{},"{""available_cpu"": 11.25, ""available_memory_gb"": 0.25, ""available_object_store_gb"": 0.13, ""cluster_cpu"": 12.0, ""cluster_memory_gb"": 0.25, ""cluster_object_store_gb"": 0.13, ""used_cpu"": 0.75}","{""controller"": {""action"": ""hold"", ""available_cpu"": 11.25, ""checkpoint_pending_rows"": 18, ""completed"": 172, ""cpu_headroom_cores"": 6, ""cpu_utilization"": 0.062, ""enabled"": true, ""event_loop_lag_ms"": 1.679, ""hash_active_pages_cap"": 1, ""hash_live_active_pages"": 1, ""hash_pressure_ratio"": 0.0, ""healthy_streak"": 0, ""reason"": ""stage1_pressure"", ""stage0_inflight_cap"": 1, ""stage0_live_inflight"": 1, ""stage1_fetch_limit_cap"": 1, ""stage1_live_fetch_limit"": 1, ""stage1_pressure_ratio"": 5.0, ""target_cpu_utilization"": 0.82, ""timeout_ratio"": 0.0}, ""hash"": {""aux_queue_depth"": 0, ""backlog"": 0, ""browser_actors"": 1, ""finalize_queue_depth"": 0, ""pending"": 0, ""render_queue_depth"": 0, ""render_trace_rows"": 0}, ""matches"": 25, ""stage0"": {""hits"": 25, ""misses"": 167, ""remaining"": 33, ""skipped"": 11}, ""stage1"": {""backlog"": 30, ""enrich_actors"": 0, ""fetch_actors"": 1, ""pending"": 1, ""progress"": {""escalated"": 0, ""failed"": 0, ""fallback_dns"": 0, ""fetched"": 0, ""head_only"": 0, ""timeout"": 0}}}"
run_20260410T134544Z,2026-04-10T14:41:36+00:00,shortlist,shortlist,,snapshot,{},{},{},"{""available_cpu"": 11.25, ""available_memory_gb"": 0.25, ""available_object_store_gb"": 0.13, ""cluster_cpu"": 12.0, ""cluster_memory_gb"": 0.25, ""cluster_object_store_gb"": 0.13, ""used_cpu"": 0.75}","{""controller"": {""action"": ""hold"", ""available_cpu"": 11.25, ""checkpoint_pending_rows"": 6, ""completed"": 174, ""cpu_headroom_cores"": 6, ""cpu_utilization"": 0.062, ""enabled"": true, ""event_loop_lag_ms"": 10.055, ""hash_active_pages_cap"": 1, ""hash_live_active_pages"": 1, ""hash_pressure_ratio"": 0.0, ""healthy_streak"": 0, ""reason"": ""stage1_pressure"", ""stage0_inflight_cap"": 1, ""stage0_live_inflight"": 1, ""stage1_fetch_limit_cap"": 1, ""stage1_live_fetch_limit"": 1, ""stage1_pressure_ratio"": 4.667, ""target_cpu_utilization"": 0.82, ""timeout_ratio"": 0.0}, ""hash"": {""aux_queue_depth"": 0, ""backlog"": 0, ""browser_actors"": 1, ""finalize_queue_depth"": 0, ""pending"": 0, ""render_queue_depth"": 0, ""render_trace_rows"": 0}, ""matches"": 25, ""stage0"": {""hits"": 25, ""misses"": 167, ""remaining"": 33, ""skipped"": 11}, ""stage1"": {""backlog"": 27, ""enrich_actors"": 0, ""fetch_actors"": 1, ""pending"": 2, ""progress"": {""escalated"": 0, ""failed"": 0, ""fallback_dns"": 0, ""fetched"": 0, ""head_only"": 0, ""timeout"": 0}}}"
run_20260410T134544Z,2026-04-10T14:41:41+00:00,shortlist,shortlist,,snapshot,{},{},{},"{""available_cpu"": 11.25, ""available_memory_gb"": 0.25, ""available_object_store_gb"": 0.13, ""cluster_cpu"": 12.0, ""cluster_memory_gb"": 0.25, ""cluster_object_store_gb"": 0.13, ""used_cpu"": 0.75}","{""controller"": {""action"": ""hold"", ""available_cpu"": 11.25, ""checkpoint_pending_rows"": 20, ""completed"": 176, ""cpu_headroom_cores"": 6, ""cpu_utilization"": 0.062, ""enabled"": true, ""event_loop_lag_ms"": 0.0, ""hash_active_pages_cap"": 1, ""hash_live_active_pages"": 1, ""hash_pressure_ratio"": 0.0, ""healthy_streak"": 0, ""reason"": ""stage1_pressure"", ""stage0_inflight_cap"": 1, ""stage0_live_inflight"": 1, ""stage1_fetch_limit_cap"": 1, ""stage1_live_fetch_limit"": 1, ""stage1_pressure_ratio"": 4.333, ""target_cpu_utilization"": 0.82, ""timeout_ratio"": 0.0}, ""hash"": {""aux_queue_depth"": 0, ""backlog"": 0, ""browser_actors"": 1, ""finalize_queue_depth"": 0, ""pending"": 0, ""render_queue_depth"": 0, ""render_trace_rows"": 0}, ""matches"": 25, ""stage0"": {""hits"": 25, ""misses"": 167, ""remaining"": 33, ""skipped"": 11}, ""stage1"": {""backlog"": 26, ""enrich_actors"": 0, ""fetch_actors"": 1, ""pending"": 1, ""progress"": {""escalated"": 0, ""failed"": 0, ""fallback_dns"": 0, ""fetched"": 0, ""head_only"": 0, ""timeout"": 0}}}"
run_20260410T134544Z,2026-04-10T14:41:46+00:00,shortlist,shortlist,,snapshot,{},{},{},"{""available_cpu"": 11.25, ""available_memory_gb"": 0.25, ""available_object_store_gb"": 0.13, ""cluster_cpu"": 12.0, ""cluster_memory_gb"": 0.25, ""cluster_object_store_gb"": 0.13, ""used_cpu"": 0.75}","{""controller"": {""action"": ""hold"", ""available_cpu"": 11.25, ""checkpoint_pending_rows"": 0, ""completed"": 177, ""cpu_headroom_cores"": 6, ""cpu_utilization"": 0.062, ""enabled"": true, ""event_loop_lag_ms"": 6.949, ""hash_active_pages_cap"": 1, ""hash_live_active_pages"": 1, ""hash_pressure_ratio"": 0.0, ""healthy_streak"": 0, ""reason"": ""stage1_pressure"", ""stage0_inflight_cap"": 1, ""stage0_live_inflight"": 1, ""stage1_fetch_limit_cap"": 1, ""stage1_live_fetch_limit"": 1, ""stage1_pressure_ratio"": 4.167, ""target_cpu_utilization"": 0.82, ""timeout_ratio"": 0.0}, ""hash"": {""aux_queue_depth"": 0, ""backlog"": 0, ""browser_actors"": 1, ""finalize_queue_depth"": 0, ""pending"": 0, ""render_queue_depth"": 0, ""render_trace_rows"": 0}, ""matches"": 25, ""stage0"": {""hits"": 25, ""misses"": 167, ""remaining"": 33, ""skipped"": 11}, ""stage1"": {""backlog"": 25, ""enrich_actors"": 0, ""fetch_actors"": 1, ""pending"": 1, ""progress"": {""escalated"": 0, ""failed"": 0, ""fallback_dns"": 0, ""fetched"": 0, ""head_only"": 0, ""timeout"": 0}}}"
run_20260410T134544Z,2026-04-10T14:41:51+00:00,shortlist,shortlist,,snapshot,{},{},{},"{""available_cpu"": 11.25, ""available_memory_gb"": 0.25, ""available_object_store_gb"": 0.13, ""cluster_cpu"": 12.0, ""cluster_memory_gb"": 0.25, ""cluster_object_store_gb"": 0.13, ""used_cpu"": 0.75}","{""controller"": {""action"": ""hold"", ""available_cpu"": 11.25, ""checkpoint_pending_rows"": 16, ""completed"": 180, ""cpu_headroom_cores"": 6, ""cpu_utilization"": 0.062, ""enabled"": true, ""event_loop_lag_ms"": 16.281, ""hash_active_pages_cap"": 1, ""hash_live_active_pages"": 1, ""hash_pressure_ratio"": 0.0, ""healthy_streak"": 0, ""reason"": ""stage1_pressure"", ""stage0_inflight_cap"": 1, ""stage0_live_inflight"": 1, ""stage1_fetch_limit_cap"": 1, ""stage1_live_fetch_limit"": 1, ""stage1_pressure_ratio"": 3.667, ""target_cpu_utilization"": 0.82, ""timeout_ratio"": 0.0}, ""hash"": {""aux_queue_depth"": 0, ""backlog"": 0, ""browser_actors"": 1, ""finalize_queue_depth"": 0, ""pending"": 0, ""render_queue_depth"": 0, ""render_trace_rows"": 0}, ""matches"": 25, ""stage0"": {""hits"": 25, ""misses"": 167, ""remaining"": 33, ""skipped"": 11}, ""stage1"": {""backlog"": 21, ""enrich_actors"": 0, ""fetch_actors"": 1, ""pending"": 2, ""progress"": {""escalated"": 0, ""failed"": 0, ""fallback_dns"": 0, ""fetched"": 0, ""head_only"": 0, ""timeout"": 0}}}"
run_20260410T134544Z,2026-04-10T14:41:56+00:00,shortlist,shortlist,,snapshot,{},{},{},"{""available_cpu"": 11.25, ""available_memory_gb"": 0.25, ""available_object_store_gb"": 0.13, ""cluster_cpu"": 12.0, ""cluster_memory_gb"": 0.25, ""cluster_object_store_gb"": 0.13, ""used_cpu"": 0.75}","{""controller"": {""action"": ""hold"", ""available_cpu"": 11.25, ""checkpoint_pending_rows"": 1, ""completed"": 182, ""cpu_headroom_cores"": 6, ""cpu_utilization"": 0.062, ""enabled"": true, ""event_loop_lag_ms"": 20.615, ""hash_active_pages_cap"": 1, ""hash_live_active_pages"": 1, ""hash_pressure_ratio"": 0.0, ""healthy_streak"": 0, ""reason"": ""stage1_pressure"", ""stage0_inflight_cap"": 1, ""stage0_live_inflight"": 1, ""stage1_fetch_limit_cap"": 1, ""stage1_live_fetch_limit"": 1, ""stage1_pressure_ratio"": 3.333, ""target_cpu_utilization"": 0.82, ""timeout_ratio"": 0.0}, ""hash"": {""aux_queue_depth"": 0, ""backlog"": 0, ""browser_actors"": 1, ""finalize_queue_depth"": 0, ""pending"": 0, ""render_queue_depth"": 0, ""render_trace_rows"": 0}, ""matches"": 25, ""stage0"": {""hits"": 25, ""misses"": 167, ""remaining"": 33, ""skipped"": 11}, ""stage1"": {""backlog"": 20, ""enrich_actors"": 0, ""fetch_actors"": 1, ""pending"": 1, ""progress"": {""escalated"": 0, ""failed"": 0, ""fallback_dns"": 0, ""fetched"": 0, ""head_only"": 0, ""timeout"": 0}}}"
run_20260410T134544Z,2026-04-10T14:42:01+00:00,shortlist,shortlist,,snapshot,{},{},{},"{""available_cpu"": 11.25, ""available_memory_gb"": 0.25, ""available_object_store_gb"": 0.13, ""cluster_cpu"": 12.0, ""cluster_memory_gb"": 0.25, ""cluster_object_store_gb"": 0.13, ""used_cpu"": 0.75}","{""controller"": {""action"": ""hold"", ""available_cpu"": 11.25, ""checkpoint_pending_rows"": 5, ""completed"": 182, ""cpu_headroom_cores"": 6, ""cpu_utilization"": 0.062, ""enabled"": true, ""event_loop_lag_ms"": 16.26, ""hash_active_pages_cap"": 1, ""hash_live_active_pages"": 1, ""hash_pressure_ratio"": 0.0, ""healthy_streak"": 0, ""reason"": ""stage1_pressure"", ""stage0_inflight_cap"": 1, ""stage0_live_inflight"": 1, ""stage1_fetch_limit_cap"": 1, ""stage1_live_fetch_limit"": 1, ""stage1_pressure_ratio"": 3.333, ""target_cpu_utilization"": 0.82, ""timeout_ratio"": 0.0}, ""hash"": {""aux_queue_depth"": 0, ""backlog"": 0, ""browser_actors"": 1, ""finalize_queue_depth"": 0, ""pending"": 0, ""render_queue_depth"": 0, ""render_trace_rows"": 0}, ""matches"": 25, ""stage0"": {""hits"": 25, ""misses"": 167, ""remaining"": 33, ""skipped"": 11}, ""stage1"": {""backlog"": 20, ""enrich_actors"": 0, ""fetch_actors"": 1, ""pending"": 1, ""progress"": {""escalated"": 0, ""failed"": 0, ""fallback_dns"": 0, ""fetched"": 0, ""head_only"": 0, ""timeout"": 0}}}"
run_20260410T134544Z,2026-04-10T14:42:06+00:00,shortlist,shortlist,,snapshot,{},{},{},"{""available_cpu"": 11.25, ""available_memory_gb"": 0.25, ""available_object_store_gb"": 0.13, ""cluster_cpu"": 12.0, ""cluster_memory_gb"": 0.25, ""cluster_object_store_gb"": 0.13, ""used_cpu"": 0.75}","{""controller"": {""action"": ""hold"", ""available_cpu"": 11.25, ""checkpoint_pending_rows"": 1, ""completed"": 183, ""cpu_headroom_cores"": 6, ""cpu_utilization"": 0.062, ""enabled"": true, ""event_loop_lag_ms"": 7.202, ""hash_active_pages_cap"": 1, ""hash_live_active_pages"": 1, ""hash_pressure_ratio"": 0.0, ""healthy_streak"": 0, ""reason"": ""stage1_pressure"", ""stage0_inflight_cap"": 1, ""stage0_live_inflight"": 1, ""stage1_fetch_limit_cap"": 1, ""stage1_live_fetch_limit"": 1, ""stage1_pressure_ratio"": 3.167, ""target_cpu_utilization"": 0.82, ""timeout_ratio"": 0.0}, ""hash"": {""aux_queue_depth"": 0, ""backlog"": 0, ""browser_actors"": 1, ""finalize_queue_depth"": 0, ""pending"": 0, ""render_queue_depth"": 0, ""render_trace_rows"": 0}, ""matches"": 25, ""stage0"": {""hits"": 25, ""misses"": 167, ""remaining"": 33, ""skipped"": 11}, ""stage1"": {""backlog"": 19, ""enrich_actors"": 0, ""fetch_actors"": 1, ""pending"": 1, ""progress"": {""escalated"": 0, ""failed"": 0, ""fallback_dns"": 0, ""fetched"": 0, ""head_only"": 0, ""timeout"": 0}}}"
run_20260410T134544Z,2026-04-10T14:42:11+00:00,shortlist,shortlist,,snapshot,{},{},{},"{""available_cpu"": 11.25, ""available_memory_gb"": 0.25, ""available_object_store_gb"": 0.13, ""cluster_cpu"": 12.0, ""cluster_memory_gb"": 0.25, ""cluster_object_store_gb"": 0.13, ""used_cpu"": 0.75}","{""controller"": {""action"": ""hold"", ""available_cpu"": 11.25, ""checkpoint_pending_rows"": 13, ""completed"": 184, ""cpu_headroom_cores"": 6, ""cpu_utilization"": 0.062, ""enabled"": true, ""event_loop_lag_ms"": 3.75, ""hash_active_pages_cap"": 1, ""hash_live_active_pages"": 1, ""hash_pressure_ratio"": 0.0, ""healthy_streak"": 0, ""reason"": ""stage1_pressure"", ""stage0_inflight_cap"": 1, ""stage0_live_inflight"": 1, ""stage1_fetch_limit_cap"": 1, ""stage1_live_fetch_limit"": 1, ""stage1_pressure_ratio"": 3.0, ""target_cpu_utilization"": 0.82, ""timeout_ratio"": 0.0}, ""hash"": {""aux_queue_depth"": 0, ""backlog"": 0, ""browser_actors"": 1, ""finalize_queue_depth"": 0, ""pending"": 0, ""render_queue_depth"": 0, ""render_trace_rows"": 0}, ""matches"": 25, ""stage0"": {""hits"": 25, ""misses"": 167, ""remaining"": 33, ""skipped"": 11}, ""stage1"": {""backlog"": 18, ""enrich_actors"": 0, ""fetch_actors"": 1, ""pending"": 1, ""progress"": {""escalated"": 0, ""failed"": 0, ""fallback_dns"": 0, ""fetched"": 0, ""head_only"": 0, ""timeout"": 0}}}"
run_20260410T134544Z,2026-04-10T14:42:16+00:00,shortlist,shortlist,,snapshot,{},{},{},"{""available_cpu"": 11.25, ""available_memory_gb"": 0.25, ""available_object_store_gb"": 0.13, ""cluster_cpu"": 12.0, ""cluster_memory_gb"": 0.25, ""cluster_object_store_gb"": 0.13, ""used_cpu"": 0.75}","{""controller"": {""action"": ""hold"", ""available_cpu"": 11.25, ""checkpoint_pending_rows"": 11, ""completed"": 188, ""cpu_headroom_cores"": 6, ""cpu_utilization"": 0.062, ""enabled"": true, ""event_loop_lag_ms"": 1.119, ""hash_active_pages_cap"": 1, ""hash_live_active_pages"": 1, ""hash_pressure_ratio"": 0.0, ""healthy_streak"": 0, ""reason"": ""stage1_pressure"", ""stage0_inflight_cap"": 1, ""stage0_live_inflight"": 1, ""stage1_fetch_limit_cap"": 1, ""stage1_live_fetch_limit"": 1, ""stage1_pressure_ratio"": 2.333, ""target_cpu_utilization"": 0.82, ""timeout_ratio"": 0.0}, ""hash"": {""aux_queue_depth"": 0, ""backlog"": 0, ""browser_actors"": 1, ""finalize_queue_depth"": 0, ""pending"": 0, ""render_queue_depth"": 0, ""render_trace_rows"": 0}, ""matches"": 25, ""stage0"": {""hits"": 25, ""misses"": 167, ""remaining"": 33, ""skipped"": 11}, ""stage1"": {""backlog"": 14, ""enrich_actors"": 0, ""fetch_actors"": 1, ""pending"": 1, ""progress"": {""escalated"": 0, ""failed"": 0, ""fallback_dns"": 0, ""fetched"": 0, ""head_only"": 0, ""timeout"": 0}}}"
run_20260410T134544Z,2026-04-10T14:42:21+00:00,shortlist,shortlist,,snapshot,{},{},{},"{""available_cpu"": 11.25, ""available_memory_gb"": 0.25, ""available_object_store_gb"": 0.13, ""cluster_cpu"": 12.0, ""cluster_memory_gb"": 0.25, ""cluster_object_store_gb"": 0.13, ""used_cpu"": 0.75}","{""controller"": {""action"": ""hold"", ""available_cpu"": 11.25, ""checkpoint_pending_rows"": 20, ""completed"": 189, ""cpu_headroom_cores"": 6, ""cpu_utilization"": 0.062, ""enabled"": true, ""event_loop_lag_ms"": 31.352, ""hash_active_pages_cap"": 1, ""hash_live_active_pages"": 1, ""hash_pressure_ratio"": 0.0, ""healthy_streak"": 0, ""reason"": ""stage1_pressure"", ""stage0_inflight_cap"": 1, ""stage0_live_inflight"": 1, ""stage1_fetch_limit_cap"": 1, ""stage1_live_fetch_limit"": 1, ""stage1_pressure_ratio"": 2.0, ""target_cpu_utilization"": 0.82, ""timeout_ratio"": 0.0}, ""hash"": {""aux_queue_depth"": 0, ""backlog"": 0, ""browser_actors"": 1, ""finalize_queue_depth"": 0, ""pending"": 0, ""render_queue_depth"": 0, ""render_trace_rows"": 0}, ""matches"": 25, ""stage0"": {""hits"": 25, ""misses"": 167, ""remaining"": 33, ""skipped"": 11}, ""stage1"": {""backlog"": 12, ""enrich_actors"": 0, ""fetch_actors"": 1, ""pending"": 2, ""progress"": {""escalated"": 0, ""failed"": 0, ""fallback_dns"": 0, ""fetched"": 0, ""head_only"": 0, ""timeout"": 0}}}"
run_20260410T134544Z,2026-04-10T14:42:26+00:00,shortlist,shortlist,,snapshot,{},{},{},"{""available_cpu"": 11.25, ""available_memory_gb"": 0.25, ""available_object_store_gb"": 0.13, ""cluster_cpu"": 12.0, ""cluster_memory_gb"": 0.25, ""cluster_object_store_gb"": 0.13, ""used_cpu"": 0.75}","{""controller"": {""action"": ""hold"", ""available_cpu"": 11.25, ""checkpoint_pending_rows"": 9, ""completed"": 192, ""cpu_headroom_cores"": 6, ""cpu_utilization"": 0.062, ""enabled"": true, ""event_loop_lag_ms"": 22.16, ""hash_active_pages_cap"": 1, ""hash_live_active_pages"": 1, ""hash_pressure_ratio"": 0.0, ""healthy_streak"": 0, ""reason"": ""stage1_pressure"", ""stage0_inflight_cap"": 1, ""stage0_live_inflight"": 1, ""stage1_fetch_limit_cap"": 1, ""stage1_live_fetch_limit"": 1, ""stage1_pressure_ratio"": 1.667, ""target_cpu_utilization"": 0.82, ""timeout_ratio"": 0.0}, ""hash"": {""aux_queue_depth"": 0, ""backlog"": 0, ""browser_actors"": 1, ""finalize_queue_depth"": 0, ""pending"": 0, ""render_queue_depth"": 0, ""render_trace_rows"": 0}, ""matches"": 25, ""stage0"": {""hits"": 25, ""misses"": 167, ""remaining"": 33, ""skipped"": 11}, ""stage1"": {""backlog"": 10, ""enrich_actors"": 0, ""fetch_actors"": 1, ""pending"": 1, ""progress"": {""escalated"": 0, ""failed"": 0, ""fallback_dns"": 0, ""fetched"": 0, ""head_only"": 0, ""timeout"": 0}}}"
run_20260410T134544Z,2026-04-10T14:42:31+00:00,shortlist,shortlist,,snapshot,{},{},{},"{""available_cpu"": 11.25, ""available_memory_gb"": 0.25, ""available_object_store_gb"": 0.13, ""cluster_cpu"": 12.0, ""cluster_memory_gb"": 0.25, ""cluster_object_store_gb"": 0.13, ""used_cpu"": 0.75}","{""controller"": {""action"": ""hold"", ""available_cpu"": 11.25, ""checkpoint_pending_rows"": 39, ""completed"": 197, ""cpu_headroom_cores"": 6, ""cpu_utilization"": 0.062, ""enabled"": true, ""event_loop_lag_ms"": 19.581, ""hash_active_pages_cap"": 1, ""hash_live_active_pages"": 1, ""hash_pressure_ratio"": 0.0, ""healthy_streak"": 0, ""reason"": ""steady"", ""stage0_inflight_cap"": 1, ""stage0_live_inflight"": 1, ""stage1_fetch_limit_cap"": 1, ""stage1_live_fetch_limit"": 1, ""stage1_pressure_ratio"": 0.667, ""target_cpu_utilization"": 0.82, ""timeout_ratio"": 0.0}, ""hash"": {""aux_queue_depth"": 0, ""backlog"": 0, ""browser_actors"": 1, ""finalize_queue_depth"": 0, ""pending"": 0, ""render_queue_depth"": 0, ""render_trace_rows"": 0}, ""matches"": 25, ""stage0"": {""hits"": 25, ""misses"": 167, ""remaining"": 33, ""skipped"": 11}, ""stage1"": {""backlog"": 4, ""enrich_actors"": 0, ""fetch_actors"": 1, ""pending"": 2, ""progress"": {""escalated"": 0, ""failed"": 0, ""fallback_dns"": 0, ""fetched"": 0, ""head_only"": 0, ""timeout"": 0}}}"
run_20260410T134544Z,2026-04-10T14:42:36+00:00,shortlist,shortlist,,snapshot,{},{},{},"{""available_cpu"": 11.25, ""available_memory_gb"": 0.25, ""available_object_store_gb"": 0.13, ""cluster_cpu"": 12.0, ""cluster_memory_gb"": 0.25, ""cluster_object_store_gb"": 0.13, ""used_cpu"": 0.75}","{""controller"": {""action"": ""hold"", ""available_cpu"": 11.25, ""checkpoint_pending_rows"": 9, ""completed"": 201, ""cpu_headroom_cores"": 6, ""cpu_utilization"": 0.062, ""enabled"": true, ""event_loop_lag_ms"": 11.273, ""hash_active_pages_cap"": 1, ""hash_live_active_pages"": 1, ""hash_pressure_ratio"": 0.0, ""healthy_streak"": 0, ""reason"": ""healthy_window"", ""stage0_inflight_cap"": 1, ""stage0_live_inflight"": 1, ""stage1_fetch_limit_cap"": 1, ""stage1_live_fetch_limit"": 1, ""stage1_pressure_ratio"": 0.167, ""target_cpu_utilization"": 0.82, ""timeout_ratio"": 0.0}, ""hash"": {""aux_queue_depth"": 0, ""backlog"": 0, ""browser_actors"": 1, ""finalize_queue_depth"": 0, ""pending"": 0, ""render_queue_depth"": 0, ""render_trace_rows"": 0}, ""matches"": 25, ""stage0"": {""hits"": 25, ""misses"": 167, ""remaining"": 33, ""skipped"": 11}, ""stage1"": {""backlog"": 1, ""enrich_actors"": 0, ""fetch_actors"": 1, ""pending"": 1, ""progress"": {""escalated"": 0, ""failed"": 0, ""fallback_dns"": 0, ""fetched"": 0, ""head_only"": 0, ""timeout"": 0}}}"
run_20260410T134544Z,2026-04-10T14:42:41+00:00,shortlist,shortlist,,snapshot,{},{},{},"{""available_cpu"": 11.25, ""available_memory_gb"": 0.25, ""available_object_store_gb"": 0.13, ""cluster_cpu"": 12.0, ""cluster_memory_gb"": 0.25, ""cluster_object_store_gb"": 0.13, ""used_cpu"": 0.75}","{""controller"": {""action"": ""hold"", ""available_cpu"": 11.25, ""checkpoint_pending_rows"": 120, ""completed"": 203, ""cpu_headroom_cores"": 6, ""cpu_utilization"": 0.062, ""enabled"": true, ""event_loop_lag_ms"": 17.857, ""hash_active_pages_cap"": 1, ""hash_live_active_pages"": 1, ""hash_pressure_ratio"": 0.0, ""healthy_streak"": 0, ""reason"": ""stage1_pressure"", ""stage0_inflight_cap"": 1, ""stage0_live_inflight"": 1, ""stage1_fetch_limit_cap"": 1, ""stage1_live_fetch_limit"": 1, ""stage1_pressure_ratio"": 5.333, ""target_cpu_utilization"": 0.82, ""timeout_ratio"": 0.0}, ""hash"": {""aux_queue_depth"": 0, ""backlog"": 0, ""browser_actors"": 1, ""finalize_queue_depth"": 0, ""pending"": 0, ""render_queue_depth"": 0, ""render_trace_rows"": 0}, ""matches"": 25, ""stage0"": {""hits"": 25, ""misses"": 200, ""remaining"": 0, ""skipped"": 11}, ""stage1"": {""backlog"": 32, ""enrich_actors"": 0, ""fetch_actors"": 1, ""pending"": 1, ""progress"": {""escalated"": 0, ""failed"": 0, ""fallback_dns"": 0, ""fetched"": 0, ""head_only"": 0, ""timeout"": 0}}}"
run_20260410T134544Z,2026-04-10T14:42:46+00:00,shortlist,shortlist,,snapshot,{},{},{},"{""available_cpu"": 11.25, ""available_memory_gb"": 0.25, ""available_object_store_gb"": 0.13, ""cluster_cpu"": 12.0, ""cluster_memory_gb"": 0.25, ""cluster_object_store_gb"": 0.13, ""used_cpu"": 0.75}","{""controller"": {""action"": ""hold"", ""available_cpu"": 11.25, ""checkpoint_pending_rows"": 0, ""completed"": 203, ""cpu_headroom_cores"": 6, ""cpu_utilization"": 0.062, ""enabled"": true, ""event_loop_lag_ms"": 15.68, ""hash_active_pages_cap"": 1, ""hash_live_active_pages"": 1, ""hash_pressure_ratio"": 0.0, ""healthy_streak"": 0, ""reason"": ""stage1_pressure"", ""stage0_inflight_cap"": 1, ""stage0_live_inflight"": 1, ""stage1_fetch_limit_cap"": 1, ""stage1_live_fetch_limit"": 1, ""stage1_pressure_ratio"": 5.333, ""target_cpu_utilization"": 0.82, ""timeout_ratio"": 0.0}, ""hash"": {""aux_queue_depth"": 0, ""backlog"": 0, ""browser_actors"": 1, ""finalize_queue_depth"": 0, ""pending"": 0, ""render_queue_depth"": 0, ""render_trace_rows"": 0}, ""matches"": 25, ""stage0"": {""hits"": 25, ""misses"": 200, ""remaining"": 0, ""skipped"": 11}, ""stage1"": {""backlog"": 31, ""enrich_actors"": 0, ""fetch_actors"": 1, ""pending"": 2, ""progress"": {""escalated"": 0, ""failed"": 0, ""fallback_dns"": 0, ""fetched"": 0, ""head_only"": 0, ""timeout"": 0}}}"
run_20260410T134544Z,2026-04-10T14:42:51+00:00,shortlist,shortlist,,snapshot,{},{},{},"{""available_cpu"": 11.25, ""available_memory_gb"": 0.25, ""available_object_store_gb"": 0.13, ""cluster_cpu"": 12.0, ""cluster_memory_gb"": 0.25, ""cluster_object_store_gb"": 0.13, ""used_cpu"": 0.75}","{""controller"": {""action"": ""hold"", ""available_cpu"": 11.25, ""checkpoint_pending_rows"": 13, ""completed"": 205, ""cpu_headroom_cores"": 6, ""cpu_utilization"": 0.062, ""enabled"": true, ""event_loop_lag_ms"": 15.798, ""hash_active_pages_cap"": 1, ""hash_live_active_pages"": 1, ""hash_pressure_ratio"": 0.0, ""healthy_streak"": 0, ""reason"": ""stage1_pressure"", ""stage0_inflight_cap"": 1, ""stage0_live_inflight"": 1, ""stage1_fetch_limit_cap"": 1, ""stage1_live_fetch_limit"": 1, ""stage1_pressure_ratio"": 5.0, ""target_cpu_utilization"": 0.82, ""timeout_ratio"": 0.0}, ""hash"": {""aux_queue_depth"": 0, ""backlog"": 0, ""browser_actors"": 1, ""finalize_queue_depth"": 0, ""pending"": 0, ""render_queue_depth"": 0, ""render_trace_rows"": 0}, ""matches"": 25, ""stage0"": {""hits"": 25, ""misses"": 200, ""remaining"": 0, ""skipped"": 11}, ""stage1"": {""backlog"": 30, ""enrich_actors"": 0, ""fetch_actors"": 1, ""pending"": 1, ""progress"": {""escalated"": 0, ""failed"": 0, ""fallback_dns"": 0, ""fetched"": 0, ""head_only"": 0, ""timeout"": 0}}}"
run_20260410T134544Z,2026-04-10T14:42:56+00:00,shortlist,shortlist,,snapshot,{},{},{},"{""available_cpu"": 11.25, ""available_memory_gb"": 0.25, ""available_object_store_gb"": 0.13, ""cluster_cpu"": 12.0, ""cluster_memory_gb"": 0.25, ""cluster_object_store_gb"": 0.13, ""used_cpu"": 0.75}","{""controller"": {""action"": ""hold"", ""available_cpu"": 11.25, ""checkpoint_pending_rows"": 4, ""completed"": 206, ""cpu_headroom_cores"": 6, ""cpu_utilization"": 0.062, ""enabled"": true, ""event_loop_lag_ms"": 0.0, ""hash_active_pages_cap"": 1, ""hash_live_active_pages"": 1, ""hash_pressure_ratio"": 0.0, ""healthy_streak"": 0, ""reason"": ""stage1_pressure"", ""stage0_inflight_cap"": 1, ""stage0_live_inflight"": 1, ""stage1_fetch_limit_cap"": 1, ""stage1_live_fetch_limit"": 1, ""stage1_pressure_ratio"": 4.833, ""target_cpu_utilization"": 0.82, ""timeout_ratio"": 0.0}, ""hash"": {""aux_queue_depth"": 0, ""backlog"": 0, ""browser_actors"": 1, ""finalize_queue_depth"": 0, ""pending"": 0, ""render_queue_depth"": 0, ""render_trace_rows"": 0}, ""matches"": 25, ""stage0"": {""hits"": 25, ""misses"": 200, ""remaining"": 0, ""skipped"": 11}, ""stage1"": {""backlog"": 29, ""enrich_actors"": 0, ""fetch_actors"": 1, ""pending"": 1, ""progress"": {""escalated"": 0, ""failed"": 0, ""fallback_dns"": 0, ""fetched"": 0, ""head_only"": 0, ""timeout"": 0}}}"
run_20260410T134544Z,2026-04-10T14:43:01+00:00,shortlist,shortlist,,snapshot,{},{},{},"{""available_cpu"": 11.25, ""available_memory_gb"": 0.25, ""available_object_store_gb"": 0.13, ""cluster_cpu"": 12.0, ""cluster_memory_gb"": 0.25, ""cluster_object_store_gb"": 0.13, ""used_cpu"": 0.75}","{""controller"": {""action"": ""hold"", ""available_cpu"": 11.25, ""checkpoint_pending_rows"": 5, ""completed"": 207, ""cpu_headroom_cores"": 6, ""cpu_utilization"": 0.062, ""enabled"": true, ""event_loop_lag_ms"": 27.798, ""hash_active_pages_cap"": 1, ""hash_live_active_pages"": 1, ""hash_pressure_ratio"": 0.0, ""healthy_streak"": 0, ""reason"": ""stage1_pressure"", ""stage0_inflight_cap"": 1, ""stage0_live_inflight"": 1, ""stage1_fetch_limit_cap"": 1, ""stage1_live_fetch_limit"": 1, ""stage1_pressure_ratio"": 4.833, ""target_cpu_utilization"": 0.82, ""timeout_ratio"": 0.0}, ""hash"": {""aux_queue_depth"": 0, ""backlog"": 0, ""browser_actors"": 1, ""finalize_queue_depth"": 0, ""pending"": 0, ""render_queue_depth"": 0, ""render_trace_rows"": 0}, ""matches"": 25, ""stage0"": {""hits"": 25, ""misses"": 200, ""remaining"": 0, ""skipped"": 11}, ""stage1"": {""backlog"": 27, ""enrich_actors"": 0, ""fetch_actors"": 1, ""pending"": 2, ""progress"": {""escalated"": 0, ""failed"": 0, ""fallback_dns"": 0, ""fetched"": 0, ""head_only"": 0, ""timeout"": 0}}}"
run_20260410T134544Z,2026-04-10T14:43:06+00:00,shortlist,shortlist,,snapshot,{},{},{},"{""available_cpu"": 11.25, ""available_memory_gb"": 0.25, ""available_object_store_gb"": 0.13, ""cluster_cpu"": 12.0, ""cluster_memory_gb"": 0.25, ""cluster_object_store_gb"": 0.13, ""used_cpu"": 0.75}","{""controller"": {""action"": ""hold"", ""available_cpu"": 11.25, ""checkpoint_pending_rows"": 6, ""completed"": 210, ""cpu_headroom_cores"": 6, ""cpu_utilization"": 0.062, ""enabled"": true, ""event_loop_lag_ms"": 8.396, ""hash_active_pages_cap"": 1, ""hash_live_active_pages"": 1, ""hash_pressure_ratio"": 0.0, ""healthy_streak"": 0, ""reason"": ""stage1_pressure"", ""stage0_inflight_cap"": 1, ""stage0_live_inflight"": 1, ""stage1_fetch_limit_cap"": 1, ""stage1_live_fetch_limit"": 1, ""stage1_pressure_ratio"": 4.167, ""target_cpu_utilization"": 0.82, ""timeout_ratio"": 0.0}, ""hash"": {""aux_queue_depth"": 0, ""backlog"": 0, ""browser_actors"": 1, ""finalize_queue_depth"": 0, ""pending"": 0, ""render_queue_depth"": 0, ""render_trace_rows"": 0}, ""matches"": 25, ""stage0"": {""hits"": 25, ""misses"": 200, ""remaining"": 0, ""skipped"": 11}, ""stage1"": {""backlog"": 25, ""enrich_actors"": 0, ""fetch_actors"": 1, ""pending"": 1, ""progress"": {""escalated"": 0, ""failed"": 0, ""fallback_dns"": 0, ""fetched"": 0, ""head_only"": 0, ""timeout"": 0}}}"
run_20260410T134544Z,2026-04-10T14:43:11+00:00,shortlist,shortlist,,snapshot,{},{},{},"{""available_cpu"": 11.25, ""available_memory_gb"": 0.25, ""available_object_store_gb"": 0.13, ""cluster_cpu"": 12.0, ""cluster_memory_gb"": 0.25, ""cluster_object_store_gb"": 0.13, ""used_cpu"": 0.75}","{""controller"": {""action"": ""hold"", ""available_cpu"": 11.25, ""checkpoint_pending_rows"": 22, ""completed"": 213, ""cpu_headroom_cores"": 6, ""cpu_utilization"": 0.062, ""enabled"": true, ""event_loop_lag_ms"": 6.875, ""hash_active_pages_cap"": 1, ""hash_live_active_pages"": 1, ""hash_pressure_ratio"": 0.0, ""healthy_streak"": 0, ""reason"": ""stage1_pressure"", ""stage0_inflight_cap"": 1, ""stage0_live_inflight"": 1, ""stage1_fetch_limit_cap"": 1, ""stage1_live_fetch_limit"": 1, ""stage1_pressure_ratio"": 3.667, ""target_cpu_utilization"": 0.82, ""timeout_ratio"": 0.0}, ""hash"": {""aux_queue_depth"": 0, ""backlog"": 0, ""browser_actors"": 1, ""finalize_queue_depth"": 0, ""pending"": 0, ""render_queue_depth"": 0, ""render_trace_rows"": 0}, ""matches"": 25, ""stage0"": {""hits"": 25, ""misses"": 200, ""remaining"": 0, ""skipped"": 11}, ""stage1"": {""backlog"": 22, ""enrich_actors"": 0, ""fetch_actors"": 1, ""pending"": 1, ""progress"": {""escalated"": 0, ""failed"": 0, ""fallback_dns"": 0, ""fetched"": 0, ""head_only"": 0, ""timeout"": 0}}}"
run_20260410T134544Z,2026-04-10T14:43:16+00:00,shortlist,shortlist,,snapshot,{},{},{},"{""available_cpu"": 11.25, ""available_memory_gb"": 0.25, ""available_object_store_gb"": 0.13, ""cluster_cpu"": 12.0, ""cluster_memory_gb"": 0.25, ""cluster_object_store_gb"": 0.13, ""used_cpu"": 0.75}","{""controller"": {""action"": ""hold"", ""available_cpu"": 11.25, ""checkpoint_pending_rows"": 15, ""completed"": 218, ""cpu_headroom_cores"": 6, ""cpu_utilization"": 0.062, ""enabled"": true, ""event_loop_lag_ms"": 6.582, ""hash_active_pages_cap"": 1, ""hash_live_active_pages"": 1, ""hash_pressure_ratio"": 0.0, ""healthy_streak"": 0, ""reason"": ""stage1_pressure"", ""stage0_inflight_cap"": 1, ""stage0_live_inflight"": 1, ""stage1_fetch_limit_cap"": 1, ""stage1_live_fetch_limit"": 1, ""stage1_pressure_ratio"": 2.833, ""target_cpu_utilization"": 0.82, ""timeout_ratio"": 0.0}, ""hash"": {""aux_queue_depth"": 0, ""backlog"": 0, ""browser_actors"": 1, ""finalize_queue_depth"": 0, ""pending"": 0, ""render_queue_depth"": 0, ""render_trace_rows"": 0}, ""matches"": 25, ""stage0"": {""hits"": 25, ""misses"": 200, ""remaining"": 0, ""skipped"": 11}, ""stage1"": {""backlog"": 17, ""enrich_actors"": 0, ""fetch_actors"": 1, ""pending"": 1, ""progress"": {""escalated"": 0, ""failed"": 0, ""fallback_dns"": 0, ""fetched"": 0, ""head_only"": 0, ""timeout"": 0}}}"
run_20260410T134544Z,2026-04-10T14:43:21+00:00,shortlist,shortlist,,snapshot,{},{},{},"{""available_cpu"": 11.25, ""available_memory_gb"": 0.25, ""available_object_store_gb"": 0.13, ""cluster_cpu"": 12.0, ""cluster_memory_gb"": 0.25, ""cluster_object_store_gb"": 0.13, ""used_cpu"": 0.75}","{""controller"": {""action"": ""hold"", ""available_cpu"": 11.25, ""checkpoint_pending_rows"": 20, ""completed"": 219, ""cpu_headroom_cores"": 6, ""cpu_utilization"": 0.062, ""enabled"": true, ""event_loop_lag_ms"": 2.636, ""hash_active_pages_cap"": 1, ""hash_live_active_pages"": 1, ""hash_pressure_ratio"": 0.0, ""healthy_streak"": 0, ""reason"": ""stage1_pressure"", ""stage0_inflight_cap"": 1, ""stage0_live_inflight"": 1, ""stage1_fetch_limit_cap"": 1, ""stage1_live_fetch_limit"": 1, ""stage1_pressure_ratio"": 2.833, ""target_cpu_utilization"": 0.82, ""timeout_ratio"": 0.0}, ""hash"": {""aux_queue_depth"": 0, ""backlog"": 0, ""browser_actors"": 1, ""finalize_queue_depth"": 0, ""pending"": 0, ""render_queue_depth"": 0, ""render_trace_rows"": 0}, ""matches"": 25, ""stage0"": {""hits"": 25, ""misses"": 200, ""remaining"": 0, ""skipped"": 11}, ""stage1"": {""backlog"": 16, ""enrich_actors"": 0, ""fetch_actors"": 1, ""pending"": 1, ""progress"": {""escalated"": 0, ""failed"": 0, ""fallback_dns"": 0, ""fetched"": 0, ""head_only"": 0, ""timeout"": 0}}}"
run_20260410T134544Z,2026-04-10T14:43:26+00:00,shortlist,shortlist,,snapshot,{},{},{},"{""available_cpu"": 11.25, ""available_memory_gb"": 0.25, ""available_object_store_gb"": 0.13, ""cluster_cpu"": 12.0, ""cluster_memory_gb"": 0.25, ""cluster_object_store_gb"": 0.13, ""used_cpu"": 0.75}","{""controller"": {""action"": ""hold"", ""available_cpu"": 11.25, ""checkpoint_pending_rows"": 0, ""completed"": 219, ""cpu_headroom_cores"": 6, ""cpu_utilization"": 0.062, ""enabled"": true, ""event_loop_lag_ms"": 28.604, ""hash_active_pages_cap"": 1, ""hash_live_active_pages"": 1, ""hash_pressure_ratio"": 0.0, ""healthy_streak"": 0, ""reason"": ""stage1_pressure"", ""stage0_inflight_cap"": 1, ""stage0_live_inflight"": 1, ""stage1_fetch_limit_cap"": 1, ""stage1_live_fetch_limit"": 1, ""stage1_pressure_ratio"": 2.667, ""target_cpu_utilization"": 0.82, ""timeout_ratio"": 0.0}, ""hash"": {""aux_queue_depth"": 0, ""backlog"": 0, ""browser_actors"": 1, ""finalize_queue_depth"": 0, ""pending"": 0, ""render_queue_depth"": 0, ""render_trace_rows"": 0}, ""matches"": 25, ""stage0"": {""hits"": 25, ""misses"": 200, ""remaining"": 0, ""skipped"": 11}, ""stage1"": {""backlog"": 15, ""enrich_actors"": 0, ""fetch_actors"": 1, ""pending"": 2, ""progress"": {""escalated"": 0, ""failed"": 0, ""fallback_dns"": 0, ""fetched"": 0, ""head_only"": 0, ""timeout"": 0}}}"
run_20260410T134544Z,2026-04-10T14:43:31+00:00,shortlist,shortlist,,snapshot,{},{},{},"{""available_cpu"": 11.25, ""available_memory_gb"": 0.25, ""available_object_store_gb"": 0.13, ""cluster_cpu"": 12.0, ""cluster_memory_gb"": 0.25, ""cluster_object_store_gb"": 0.13, ""used_cpu"": 0.75}","{""controller"": {""action"": ""hold"", ""available_cpu"": 11.25, ""checkpoint_pending_rows"": 6, ""completed"": 220, ""cpu_headroom_cores"": 6, ""cpu_utilization"": 0.062, ""enabled"": true, ""event_loop_lag_ms"": 5.99, ""hash_active_pages_cap"": 1, ""hash_live_active_pages"": 1, ""hash_pressure_ratio"": 0.0, ""healthy_streak"": 0, ""reason"": ""stage1_pressure"", ""stage0_inflight_cap"": 1, ""stage0_live_inflight"": 1, ""stage1_fetch_limit_cap"": 1, ""stage1_live_fetch_limit"": 1, ""stage1_pressure_ratio"": 2.5, ""target_cpu_utilization"": 0.82, ""timeout_ratio"": 0.0}, ""hash"": {""aux_queue_depth"": 0, ""backlog"": 0, ""browser_actors"": 1, ""finalize_queue_depth"": 0, ""pending"": 0, ""render_queue_depth"": 0, ""render_trace_rows"": 0}, ""matches"": 25, ""stage0"": {""hits"": 25, ""misses"": 200, ""remaining"": 0, ""skipped"": 11}, ""stage1"": {""backlog"": 15, ""enrich_actors"": 0, ""fetch_actors"": 1, ""pending"": 1, ""progress"": {""escalated"": 0, ""failed"": 0, ""fallback_dns"": 0, ""fetched"": 0, ""head_only"": 0, ""timeout"": 0}}}"
run_20260410T134544Z,2026-04-10T14:43:36+00:00,shortlist,shortlist,,snapshot,{},{},{},"{""available_cpu"": 11.25, ""available_memory_gb"": 0.25, ""available_object_store_gb"": 0.13, ""cluster_cpu"": 12.0, ""cluster_memory_gb"": 0.25, ""cluster_object_store_gb"": 0.13, ""used_cpu"": 0.75}","{""controller"": {""action"": ""hold"", ""available_cpu"": 11.25, ""checkpoint_pending_rows"": 0, ""completed"": 221, ""cpu_headroom_cores"": 6, ""cpu_utilization"": 0.062, ""enabled"": true, ""event_loop_lag_ms"": 3.465, ""hash_active_pages_cap"": 1, ""hash_live_active_pages"": 1, ""hash_pressure_ratio"": 0.0, ""healthy_streak"": 0, ""reason"": ""stage1_pressure"", ""stage0_inflight_cap"": 1, ""stage0_live_inflight"": 1, ""stage1_fetch_limit_cap"": 1, ""stage1_live_fetch_limit"": 1, ""stage1_pressure_ratio"": 2.333, ""target_cpu_utilization"": 0.82, ""timeout_ratio"": 0.0}, ""hash"": {""aux_queue_depth"": 0, ""backlog"": 0, ""browser_actors"": 1, ""finalize_queue_depth"": 0, ""pending"": 0, ""render_queue_depth"": 0, ""render_trace_rows"": 0}, ""matches"": 25, ""stage0"": {""hits"": 25, ""misses"": 200, ""remaining"": 0, ""skipped"": 11}, ""stage1"": {""backlog"": 13, ""enrich_actors"": 0, ""fetch_actors"": 1, ""pending"": 2, ""progress"": {""escalated"": 0, ""failed"": 0, ""fallback_dns"": 0, ""fetched"": 0, ""head_only"": 0, ""timeout"": 0}}}"
run_20260410T134544Z,2026-04-10T14:43:41+00:00,shortlist,shortlist,,snapshot,{},{},{},"{""available_cpu"": 11.25, ""available_memory_gb"": 0.25, ""available_object_store_gb"": 0.13, ""cluster_cpu"": 12.0, ""cluster_memory_gb"": 0.25, ""cluster_object_store_gb"": 0.13, ""used_cpu"": 0.75}","{""controller"": {""action"": ""hold"", ""available_cpu"": 11.25, ""checkpoint_pending_rows"": 12, ""completed"": 224, ""cpu_headroom_cores"": 6, ""cpu_utilization"": 0.062, ""enabled"": true, ""event_loop_lag_ms"": 6.835, ""hash_active_pages_cap"": 1, ""hash_live_active_pages"": 1, ""hash_pressure_ratio"": 0.0, ""healthy_streak"": 0, ""reason"": ""stage1_pressure"", ""stage0_inflight_cap"": 1, ""stage0_live_inflight"": 1, ""stage1_fetch_limit_cap"": 1, ""stage1_live_fetch_limit"": 1, ""stage1_pressure_ratio"": 1.833, ""target_cpu_utilization"": 0.82, ""timeout_ratio"": 0.0}, ""hash"": {""aux_queue_depth"": 0, ""backlog"": 0, ""browser_actors"": 1, ""finalize_queue_depth"": 0, ""pending"": 0, ""render_queue_depth"": 0, ""render_trace_rows"": 0}, ""matches"": 25, ""stage0"": {""hits"": 25, ""misses"": 200, ""remaining"": 0, ""skipped"": 11}, ""stage1"": {""backlog"": 10, ""enrich_actors"": 0, ""fetch_actors"": 1, ""pending"": 2, ""progress"": {""escalated"": 0, ""failed"": 0, ""fallback_dns"": 0, ""fetched"": 0, ""head_only"": 0, ""timeout"": 0}}}"
run_20260410T134544Z,2026-04-10T14:43:46+00:00,shortlist,shortlist,,snapshot,{},{},{},"{""available_cpu"": 11.25, ""available_memory_gb"": 0.25, ""available_object_store_gb"": 0.13, ""cluster_cpu"": 12.0, ""cluster_memory_gb"": 0.25, ""cluster_object_store_gb"": 0.13, ""used_cpu"": 0.75}","{""controller"": {""action"": ""hold"", ""available_cpu"": 11.25, ""checkpoint_pending_rows"": 0, ""completed"": 226, ""cpu_headroom_cores"": 6, ""cpu_utilization"": 0.062, ""enabled"": true, ""event_loop_lag_ms"": 2.491, ""hash_active_pages_cap"": 1, ""hash_live_active_pages"": 1, ""hash_pressure_ratio"": 0.0, ""healthy_streak"": 0, ""reason"": ""stage1_pressure"", ""stage0_inflight_cap"": 1, ""stage0_live_inflight"": 1, ""stage1_fetch_limit_cap"": 1, ""stage1_live_fetch_limit"": 1, ""stage1_pressure_ratio"": 1.5, ""target_cpu_utilization"": 0.82, ""timeout_ratio"": 0.0}, ""hash"": {""aux_queue_depth"": 0, ""backlog"": 0, ""browser_actors"": 1, ""finalize_queue_depth"": 0, ""pending"": 0, ""render_queue_depth"": 0, ""render_trace_rows"": 0}, ""matches"": 25, ""stage0"": {""hits"": 25, ""misses"": 200, ""remaining"": 0, ""skipped"": 11}, ""stage1"": {""backlog"": 9, ""enrich_actors"": 0, ""fetch_actors"": 1, ""pending"": 1, ""progress"": {""escalated"": 0, ""failed"": 0, ""fallback_dns"": 0, ""fetched"": 0, ""head_only"": 0, ""timeout"": 0}}}"
run_20260410T134544Z,2026-04-10T14:43:51+00:00,shortlist,shortlist,,snapshot,{},{},{},"{""available_cpu"": 11.25, ""available_memory_gb"": 0.25, ""available_object_store_gb"": 0.13, ""cluster_cpu"": 12.0, ""cluster_memory_gb"": 0.25, ""cluster_object_store_gb"": 0.13, ""used_cpu"": 0.75}","{""controller"": {""action"": ""hold"", ""available_cpu"": 11.25, ""checkpoint_pending_rows"": 16, ""completed"": 230, ""cpu_headroom_cores"": 6, ""cpu_utilization"": 0.062, ""enabled"": true, ""event_loop_lag_ms"": 21.947, ""hash_active_pages_cap"": 1, ""hash_live_active_pages"": 1, ""hash_pressure_ratio"": 0.0, ""healthy_streak"": 0, ""reason"": ""stage1_pressure"", ""stage0_inflight_cap"": 1, ""stage0_live_inflight"": 1, ""stage1_fetch_limit_cap"": 1, ""stage1_live_fetch_limit"": 1, ""stage1_pressure_ratio"": 1.0, ""target_cpu_utilization"": 0.82, ""timeout_ratio"": 0.0}, ""hash"": {""aux_queue_depth"": 0, ""backlog"": 0, ""browser_actors"": 1, ""finalize_queue_depth"": 0, ""pending"": 0, ""render_queue_depth"": 0, ""render_trace_rows"": 0}, ""matches"": 25, ""stage0"": {""hits"": 25, ""misses"": 200, ""remaining"": 0, ""skipped"": 11}, ""stage1"": {""backlog"": 5, ""enrich_actors"": 0, ""fetch_actors"": 1, ""pending"": 1, ""progress"": {""escalated"": 0, ""failed"": 0, ""fallback_dns"": 0, ""fetched"": 0, ""head_only"": 0, ""timeout"": 0}}}"
run_20260410T134544Z,2026-04-10T14:43:57+00:00,shortlist,shortlist,,snapshot,{},{},{},"{""available_cpu"": 11.25, ""available_memory_gb"": 0.25, ""available_object_store_gb"": 0.13, ""cluster_cpu"": 12.0, ""cluster_memory_gb"": 0.25, ""cluster_object_store_gb"": 0.13, ""used_cpu"": 0.75}","{""controller"": {""action"": ""hold"", ""available_cpu"": 11.25, ""checkpoint_pending_rows"": 0, ""completed"": 231, ""cpu_headroom_cores"": 6, ""cpu_utilization"": 0.062, ""enabled"": true, ""event_loop_lag_ms"": 15.976, ""hash_active_pages_cap"": 1, ""hash_live_active_pages"": 1, ""hash_pressure_ratio"": 0.0, ""healthy_streak"": 0, ""reason"": ""steady"", ""stage0_inflight_cap"": 1, ""stage0_live_inflight"": 1, ""stage1_fetch_limit_cap"": 1, ""stage1_live_fetch_limit"": 1, ""stage1_pressure_ratio"": 0.667, ""target_cpu_utilization"": 0.82, ""timeout_ratio"": 0.0}, ""hash"": {""aux_queue_depth"": 0, ""backlog"": 0, ""browser_actors"": 1, ""finalize_queue_depth"": 0, ""pending"": 0, ""render_queue_depth"": 0, ""render_trace_rows"": 0}, ""matches"": 25, ""stage0"": {""hits"": 25, ""misses"": 200, ""remaining"": 0, ""skipped"": 11}, ""stage1"": {""backlog"": 4, ""enrich_actors"": 0, ""fetch_actors"": 1, ""pending"": 1, ""progress"": {""escalated"": 0, ""failed"": 0, ""fallback_dns"": 0, ""fetched"": 0, ""head_only"": 0, ""timeout"": 0}}}"
run_20260410T134544Z,2026-04-10T14:44:02+00:00,shortlist,shortlist,,snapshot,{},{},{},"{""available_cpu"": 11.25, ""available_memory_gb"": 0.25, ""available_object_store_gb"": 0.13, ""cluster_cpu"": 12.0, ""cluster_memory_gb"": 0.25, ""cluster_object_store_gb"": 0.13, ""used_cpu"": 0.75}","{""controller"": {""action"": ""hold"", ""available_cpu"": 11.25, ""checkpoint_pending_rows"": 7, ""completed"": 234, ""cpu_headroom_cores"": 6, ""cpu_utilization"": 0.062, ""enabled"": true, ""event_loop_lag_ms"": 8.44, ""hash_active_pages_cap"": 1, ""hash_live_active_pages"": 1, ""hash_pressure_ratio"": 0.0, ""healthy_streak"": 1, ""reason"": ""healthy_window_pending"", ""stage0_inflight_cap"": 1, ""stage0_live_inflight"": 1, ""stage1_fetch_limit_cap"": 1, ""stage1_live_fetch_limit"": 1, ""stage1_pressure_ratio"": 0.333, ""target_cpu_utilization"": 0.82, ""timeout_ratio"": 0.0}, ""hash"": {""aux_queue_depth"": 0, ""backlog"": 0, ""browser_actors"": 1, ""finalize_queue_depth"": 0, ""pending"": 0, ""render_queue_depth"": 0, ""render_trace_rows"": 0}, ""matches"": 25, ""stage0"": {""hits"": 25, ""misses"": 200, ""remaining"": 0, ""skipped"": 11}, ""stage1"": {""backlog"": 1, ""enrich_actors"": 0, ""fetch_actors"": 1, ""pending"": 1, ""progress"": {""escalated"": 0, ""failed"": 0, ""fallback_dns"": 0, ""fetched"": 0, ""head_only"": 0, ""timeout"": 0}}}"
run_20260410T134544Z,2026-04-10T14:44:07+00:00,shortlist,shortlist,,snapshot,{},{},{},"{""available_cpu"": 11.25, ""available_memory_gb"": 0.25, ""available_object_store_gb"": 0.13, ""cluster_cpu"": 12.0, ""cluster_memory_gb"": 0.25, ""cluster_object_store_gb"": 0.13, ""used_cpu"": 0.75}","{""controller"": {""action"": ""hold"", ""available_cpu"": 11.25, ""checkpoint_pending_rows"": 2, ""completed"": 235, ""cpu_headroom_cores"": 6, ""cpu_utilization"": 0.062, ""enabled"": true, ""event_loop_lag_ms"": 0.733, ""hash_active_pages_cap"": 1, ""hash_live_active_pages"": 1, ""hash_pressure_ratio"": 0.0, ""healthy_streak"": 0, ""reason"": ""healthy_window"", ""stage0_inflight_cap"": 1, ""stage0_live_inflight"": 1, ""stage1_fetch_limit_cap"": 1, ""stage1_live_fetch_limit"": 1, ""stage1_pressure_ratio"": 0.167, ""target_cpu_utilization"": 0.82, ""timeout_ratio"": 0.0}, ""hash"": {""aux_queue_depth"": 0, ""backlog"": 0, ""browser_actors"": 1, ""finalize_queue_depth"": 0, ""pending"": 0, ""render_queue_depth"": 0, ""render_trace_rows"": 0}, ""matches"": 25, ""stage0"": {""hits"": 25, ""misses"": 200, ""remaining"": 0, ""skipped"": 11}, ""stage1"": {""backlog"": 0, ""enrich_actors"": 0, ""fetch_actors"": 1, ""pending"": 1, ""progress"": {""escalated"": 0, ""failed"": 0, ""fallback_dns"": 0, ""fetched"": 0, ""head_only"": 0, ""timeout"": 0}}}"
run_20260410T134544Z,2026-04-10T14:44:12+00:00,classify,classify,,snapshot,{},{},{},"{""available_cpu"": 10.0, ""available_memory_gb"": 0.25, ""available_object_store_gb"": 0.13, ""cluster_cpu"": 12.0, ""cluster_memory_gb"": 0.25, ""cluster_object_store_gb"": 0.13, ""used_cpu"": 2.0}","{""classify_actors"": 1, ""controller"": {""action"": ""init"", ""available_cpu"": 0.0, ""checkpoint_pending_rows"": 0, ""classify_inflight_cap"": 1, ""classify_inflight_floor"": 1, ""classify_live_inflight"": 1, ""cpu_headroom_cores"": 6, ""cpu_utilization"": 0.0, ""enabled"": true, ""event_loop_lag_ms"": 0.0, ""healthy_streak"": 0, ""progress_completed"": 0, ""reason"": ""startup"", ""target_cpu_utilization"": 0.82}, ""failed"": 0, ""flagged"": 0, ""inflight"": 0, ""ocr"": {}, ""review"": 0}"
run_20260410T134544Z,2026-04-10T14:44:17+00:00,classify,classify,,snapshot,{},{},{},"{""available_cpu"": 10.0, ""available_memory_gb"": 0.25, ""available_object_store_gb"": 0.13, ""cluster_cpu"": 12.0, ""cluster_memory_gb"": 0.25, ""cluster_object_store_gb"": 0.13, ""used_cpu"": 2.0}","{""classify_actors"": 1, ""controller"": {""action"": ""hold"", ""available_cpu"": 10.0, ""checkpoint_pending_rows"": 3, ""classify_inflight_cap"": 1, ""classify_inflight_floor"": 1, ""classify_live_inflight"": 1, ""cpu_headroom_cores"": 6, ""cpu_utilization"": 0.167, ""enabled"": true, ""event_loop_lag_ms"": 10.146, ""healthy_streak"": 0, ""progress_completed"": 0, ""reason"": ""steady"", ""target_cpu_utilization"": 0.82}, ""failed"": 0, ""flagged"": 0, ""inflight"": 1, ""ocr"": {""batch_delay_ms"": 25, ""batches_processed"": 0, ""items_processed"": 0, ""last_batch_size"": 0, ""max_batch_size"": 32, ""queue_depth"": 0, ""ready"": false}, ""review"": 0}"
run_20260410T134544Z,2026-04-10T14:44:22+00:00,classify,classify,,snapshot,{},{},{},"{""available_cpu"": 10.0, ""available_memory_gb"": 0.25, ""available_object_store_gb"": 0.13, ""cluster_cpu"": 12.0, ""cluster_memory_gb"": 0.25, ""cluster_object_store_gb"": 0.13, ""used_cpu"": 2.0}","{""classify_actors"": 1, ""controller"": {""action"": ""hold"", ""available_cpu"": 10.0, ""checkpoint_pending_rows"": 4, ""classify_inflight_cap"": 1, ""classify_inflight_floor"": 1, ""classify_live_inflight"": 1, ""cpu_headroom_cores"": 6, ""cpu_utilization"": 0.167, ""enabled"": true, ""event_loop_lag_ms"": 19.041, ""healthy_streak"": 0, ""progress_completed"": 0, ""reason"": ""steady"", ""target_cpu_utilization"": 0.82}, ""failed"": 0, ""flagged"": 0, ""inflight"": 1, ""ocr"": {""batch_delay_ms"": 25, ""batches_processed"": 0, ""items_processed"": 0, ""last_batch_size"": 0, ""max_batch_size"": 32, ""queue_depth"": 0, ""ready"": false}, ""review"": 0}"
run_20260410T134544Z,2026-04-10T14:44:27+00:00,classify,classify,,snapshot,{},{},{},"{""available_cpu"": 10.0, ""available_memory_gb"": 0.25, ""available_object_store_gb"": 0.13, ""cluster_cpu"": 12.0, ""cluster_memory_gb"": 0.25, ""cluster_object_store_gb"": 0.13, ""used_cpu"": 2.0}","{""classify_actors"": 1, ""controller"": {""action"": ""hold"", ""available_cpu"": 10.0, ""checkpoint_pending_rows"": 0, ""classify_inflight_cap"": 1, ""classify_inflight_floor"": 1, ""classify_live_inflight"": 1, ""cpu_headroom_cores"": 6, ""cpu_utilization"": 0.167, ""enabled"": true, ""event_loop_lag_ms"": 16.842, ""healthy_streak"": 0, ""progress_completed"": 0, ""reason"": ""steady"", ""target_cpu_utilization"": 0.82}, ""failed"": 0, ""flagged"": 0, ""inflight"": 1, ""ocr"": {""batch_delay_ms"": 25, ""batches_processed"": 0, ""items_processed"": 0, ""last_batch_size"": 0, ""max_batch_size"": 32, ""queue_depth"": 0, ""ready"": false}, ""review"": 0}"
run_20260410T134544Z,2026-04-10T14:44:32+00:00,classify,classify,,snapshot,{},{},{},"{""available_cpu"": 10.0, ""available_memory_gb"": 0.25, ""available_object_store_gb"": 0.13, ""cluster_cpu"": 12.0, ""cluster_memory_gb"": 0.25, ""cluster_object_store_gb"": 0.13, ""used_cpu"": 2.0}","{""classify_actors"": 1, ""controller"": {""action"": ""hold"", ""available_cpu"": 10.0, ""checkpoint_pending_rows"": 1, ""classify_inflight_cap"": 1, ""classify_inflight_floor"": 1, ""classify_live_inflight"": 1, ""cpu_headroom_cores"": 6, ""cpu_utilization"": 0.167, ""enabled"": true, ""event_loop_lag_ms"": 11.409, ""healthy_streak"": 0, ""progress_completed"": 0, ""reason"": ""steady"", ""target_cpu_utilization"": 0.82}, ""failed"": 0, ""flagged"": 0, ""inflight"": 1, ""ocr"": {""batch_delay_ms"": 25, ""batches_processed"": 0, ""items_processed"": 0, ""last_batch_size"": 0, ""max_batch_size"": 32, ""queue_depth"": 0, ""ready"": false}, ""review"": 0}"
run_20260410T134544Z,2026-04-10T14:44:37+00:00,classify,classify,,snapshot,{},{},{},"{""available_cpu"": 10.0, ""available_memory_gb"": 0.25, ""available_object_store_gb"": 0.13, ""cluster_cpu"": 12.0, ""cluster_memory_gb"": 0.25, ""cluster_object_store_gb"": 0.13, ""used_cpu"": 2.0}","{""classify_actors"": 1, ""controller"": {""action"": ""hold"", ""available_cpu"": 10.0, ""checkpoint_pending_rows"": 0, ""classify_inflight_cap"": 1, ""classify_inflight_floor"": 1, ""classify_live_inflight"": 1, ""cpu_headroom_cores"": 6, ""cpu_utilization"": 0.167, ""enabled"": true, ""event_loop_lag_ms"": 4.049, ""healthy_streak"": 0, ""progress_completed"": 0, ""reason"": ""steady"", ""target_cpu_utilization"": 0.82}, ""failed"": 0, ""flagged"": 0, ""inflight"": 1, ""ocr"": {""batch_delay_ms"": 25, ""batches_processed"": 1, ""items_processed"": 1, ""last_batch_size"": 1, ""max_batch_size"": 32, ""queue_depth"": 0, ""ready"": true}, ""review"": 0}"
run_20260410T134544Z,2026-04-10T14:44:42+00:00,classify,classify,,snapshot,"{""classify.completed"": 1.0}",{},{},"{""available_cpu"": 10.0, ""available_memory_gb"": 0.25, ""available_object_store_gb"": 0.13, ""cluster_cpu"": 12.0, ""cluster_memory_gb"": 0.25, ""cluster_object_store_gb"": 0.13, ""used_cpu"": 2.0}","{""classify_actors"": 1, ""controller"": {""action"": ""hold"", ""available_cpu"": 10.0, ""checkpoint_pending_rows"": 1, ""classify_inflight_cap"": 1, ""classify_inflight_floor"": 1, ""classify_live_inflight"": 1, ""cpu_headroom_cores"": 6, ""cpu_utilization"": 0.167, ""enabled"": true, ""event_loop_lag_ms"": 2.539, ""healthy_streak"": 0, ""progress_completed"": 0, ""reason"": ""steady"", ""target_cpu_utilization"": 0.82}, ""failed"": 0, ""flagged"": 1, ""inflight"": 1, ""ocr"": {""batch_delay_ms"": 25, ""batches_processed"": 2, ""items_processed"": 2, ""last_batch_size"": 1, ""max_batch_size"": 32, ""queue_depth"": 0, ""ready"": true}, ""review"": 0}"
run_20260410T134544Z,2026-04-10T14:44:47+00:00,classify,classify,,snapshot,"{""classify.completed"": 3.0}",{},{},"{""available_cpu"": 10.0, ""available_memory_gb"": 0.25, ""available_object_store_gb"": 0.13, ""cluster_cpu"": 12.0, ""cluster_memory_gb"": 0.25, ""cluster_object_store_gb"": 0.13, ""used_cpu"": 2.0}","{""classify_actors"": 1, ""controller"": {""action"": ""hold"", ""available_cpu"": 10.0, ""checkpoint_pending_rows"": 8, ""classify_inflight_cap"": 1, ""classify_inflight_floor"": 1, ""classify_live_inflight"": 1, ""cpu_headroom_cores"": 6, ""cpu_utilization"": 0.167, ""enabled"": true, ""event_loop_lag_ms"": 11.549, ""healthy_streak"": 1, ""progress_completed"": 3, ""reason"": ""healthy_window_pending"", ""target_cpu_utilization"": 0.82}, ""failed"": 0, ""flagged"": 3, ""inflight"": 1, ""ocr"": {""batch_delay_ms"": 25, ""batches_processed"": 4, ""items_processed"": 4, ""last_batch_size"": 1, ""max_batch_size"": 32, ""queue_depth"": 0, ""ready"": true}, ""review"": 0}"
run_20260410T134544Z,2026-04-10T14:44:52+00:00,classify,classify,,snapshot,"{""classify.completed"": 4.0}",{},{},"{""available_cpu"": 10.0, ""available_memory_gb"": 0.25, ""available_object_store_gb"": 0.13, ""cluster_cpu"": 12.0, ""cluster_memory_gb"": 0.25, ""cluster_object_store_gb"": 0.13, ""used_cpu"": 2.0}","{""classify_actors"": 1, ""controller"": {""action"": ""hold"", ""available_cpu"": 10.0, ""checkpoint_pending_rows"": 13, ""classify_inflight_cap"": 1, ""classify_inflight_floor"": 1, ""classify_live_inflight"": 1, ""cpu_headroom_cores"": 6, ""cpu_utilization"": 0.167, ""enabled"": true, ""event_loop_lag_ms"": 17.113, ""healthy_streak"": 1, ""progress_completed"": 4, ""reason"": ""healthy_window_pending"", ""target_cpu_utilization"": 0.82}, ""failed"": 0, ""flagged"": 4, ""inflight"": 1, ""ocr"": {""batch_delay_ms"": 25, ""batches_processed"": 5, ""items_processed"": 5, ""last_batch_size"": 1, ""max_batch_size"": 32, ""queue_depth"": 0, ""ready"": true}, ""review"": 0}"
run_20260410T134544Z,2026-04-10T14:44:57+00:00,classify,classify,,snapshot,"{""classify.completed"": 4.0}",{},{},"{""available_cpu"": 10.0, ""available_memory_gb"": 0.25, ""available_object_store_gb"": 0.13, ""cluster_cpu"": 12.0, ""cluster_memory_gb"": 0.25, ""cluster_object_store_gb"": 0.13, ""used_cpu"": 2.0}","{""classify_actors"": 1, ""controller"": {""action"": ""hold"", ""available_cpu"": 10.0, ""checkpoint_pending_rows"": 0, ""classify_inflight_cap"": 1, ""classify_inflight_floor"": 1, ""classify_live_inflight"": 1, ""cpu_headroom_cores"": 6, ""cpu_utilization"": 0.167, ""enabled"": true, ""event_loop_lag_ms"": 3.23, ""healthy_streak"": 0, ""progress_completed"": 4, ""reason"": ""steady"", ""target_cpu_utilization"": 0.82}, ""failed"": 0, ""flagged"": 4, ""inflight"": 1, ""ocr"": {""batch_delay_ms"": 25, ""batches_processed"": 5, ""items_processed"": 5, ""last_batch_size"": 1, ""max_batch_size"": 32, ""queue_depth"": 0, ""ready"": true}, ""review"": 0}"
run_20260410T134544Z,2026-04-10T14:45:02+00:00,classify,classify,,snapshot,"{""classify.completed"": 5.0}",{},{},"{""available_cpu"": 10.0, ""available_memory_gb"": 0.25, ""available_object_store_gb"": 0.13, ""cluster_cpu"": 12.0, ""cluster_memory_gb"": 0.25, ""cluster_object_store_gb"": 0.13, ""used_cpu"": 2.0}","{""classify_actors"": 1, ""controller"": {""action"": ""hold"", ""available_cpu"": 10.0, ""checkpoint_pending_rows"": 5, ""classify_inflight_cap"": 1, ""classify_inflight_floor"": 1, ""classify_live_inflight"": 1, ""cpu_headroom_cores"": 6, ""cpu_utilization"": 0.167, ""enabled"": true, ""event_loop_lag_ms"": 6.151, ""healthy_streak"": 0, ""progress_completed"": 5, ""reason"": ""steady"", ""target_cpu_utilization"": 0.82}, ""failed"": 0, ""flagged"": 5, ""inflight"": 1, ""ocr"": {""batch_delay_ms"": 25, ""batches_processed"": 6, ""items_processed"": 6, ""last_batch_size"": 1, ""max_batch_size"": 32, ""queue_depth"": 0, ""ready"": true}, ""review"": 0}"
run_20260410T134544Z,2026-04-10T14:45:07+00:00,classify,classify,,snapshot,"{""classify.completed"": 5.0}",{},{},"{""available_cpu"": 10.0, ""available_memory_gb"": 0.25, ""available_object_store_gb"": 0.13, ""cluster_cpu"": 12.0, ""cluster_memory_gb"": 0.25, ""cluster_object_store_gb"": 0.13, ""used_cpu"": 2.0}","{""classify_actors"": 1, ""controller"": {""action"": ""hold"", ""available_cpu"": 10.0, ""checkpoint_pending_rows"": 0, ""classify_inflight_cap"": 1, ""classify_inflight_floor"": 1, ""classify_live_inflight"": 1, ""cpu_headroom_cores"": 6, ""cpu_utilization"": 0.167, ""enabled"": true, ""event_loop_lag_ms"": 0.0, ""healthy_streak"": 0, ""progress_completed"": 5, ""reason"": ""steady"", ""target_cpu_utilization"": 0.82}, ""failed"": 0, ""flagged"": 5, ""inflight"": 1, ""ocr"": {""batch_delay_ms"": 25, ""batches_processed"": 6, ""items_processed"": 6, ""last_batch_size"": 1, ""max_batch_size"": 32, ""queue_depth"": 0, ""ready"": true}, ""review"": 0}"
