Cooresponding CSE,Legitimate Domains,Identified Phishing/Suspected Domain Name,hash_score,confidence_band,score_margin,evidence_tier,lexical_score,jw_primary,token_set_primary,skeleton_similarity,lexical_rule_hit,brand_token_hit,candidate_generation_reason,dominant_signal_family,old_fuzzy_hit,old_fuzzy_cse,hybrid_lexical_hit,strict_lexical_hit,lexical_score_pass,fallback_rank_only,admission_reason,admission_path,fetch_status,best_score,domain_component,clip_component,hash_component,typo_similarity,typo_min_score_used,typo_decision_reason,clip_similarity,typo_anchor,hash_anchor,clip_anchor,signal_hit_screenshot,signal_hit_typo,signal_hit_domain,signal_hit_favicon,signal_hit_ssl_hash,signal_hit_html_hash,signal_hit_domain_hash,signal_hit_keywords,screenshot_path,html_title_text,visible_text_excerpt,review_reason
National Informatics Centre (NIC),kavach.mail.gov.in,https://mailreviveleads.website,0.0,Low,0.0,weak_evidence,0.8533,0.8533,0.4211,0.4211,True,False,jw_primary,lexical,True,National Informatics Centre (NIC),True,True,True,False,strict_lexical_hit,strict_lexical_hit,timeout,0.0,25.6,0.0,0.0,0.4211,0.45,below_min_score,0.0,False,False,False,False,False,False,False,False,False,False,False,,,,fetch_failed_lexical_hit
National Informatics Centre (NIC),cloud.gov.in,https://hw-ai-cloud.top,0.0,Low,0.0,weak_evidence,0.6742,0.6742,0.4,0.4,True,True,brand_token_match,lexical,False,,True,True,False,False,strict_lexical_hit,strict_lexical_hit,timeout,0.0,20.2273,0.0,0.0,0.4,0.45,below_min_score,0.0,False,False,False,False,False,False,False,False,False,False,False,,,,fetch_failed_lexical_hit
State Bank of India (SBI),homeloans.sbi,https://homefpl.com,0.0,Low,0.0,weak_evidence,0.854,0.854,0.625,0.625,True,False,jw_primary,lexical,True,State Bank of India (SBI),True,True,True,False,strict_lexical_hit,strict_lexical_hit,timeout,0.0,25.619,0.0,0.0,0.625,0.45,anchor_typo,0.0,True,False,False,False,True,False,False,False,False,False,False,,,,fetch_failed_lexical_hit
National Informatics Centre (NIC),cloud.gov.in,https://cloudincltd.com,0.0,Low,0.0,weak_evidence,0.8909,0.8909,0.625,0.625,True,False,jw_primary,lexical,True,National Informatics Centre (NIC),True,True,True,False,strict_lexical_hit,strict_lexical_hit,timeout,0.0,26.7273,0.0,0.0,0.625,0.45,anchor_typo,0.0,True,False,False,False,True,False,False,False,False,False,False,,,,fetch_failed_lexical_hit
National Informatics Centre (NIC),cloud.gov.in,https://cloudology.us,0.0,Low,0.0,weak_evidence,0.9,0.9,0.6667,0.6667,True,False,jw_primary,lexical,True,National Informatics Centre (NIC),True,True,True,False,strict_lexical_hit,strict_lexical_hit,timeout,0.0,27.0,0.0,0.0,0.6667,0.45,anchor_typo,0.0,True,False,False,False,True,False,False,False,False,False,False,,,,fetch_failed_lexical_hit
National Informatics Centre (NIC),kavach.mail.gov.in,https://modrails.org,0.0,Low,0.0,weak_evidence,0.85,0.85,0.6667,0.6667,True,False,jw_primary,lexical,True,National Informatics Centre (NIC),True,True,True,False,strict_lexical_hit,strict_lexical_hit,timeout,0.0,25.5,0.0,0.0,0.6667,0.45,anchor_typo,0.0,True,False,False,False,True,False,False,False,False,False,False,,,,fetch_failed_lexical_hit
Kfintech,kfintech.com,https://fintechers.com,0.0,Low,0.0,weak_evidence,0.8583,0.8583,0.7778,0.8078,True,False,jw_primary,lexical,True,Kfintech,True,True,True,False,strict_lexical_hit,strict_lexical_hit,timeout,0.0,25.75,0.0,0.0,0.8078,0.45,anchor_typo,0.0,True,False,False,False,True,False,False,False,False,False,False,,,,fetch_failed_lexical_hit
National Informatics Centre (NIC),cloud.gov.in,https://cloud-adsprint.click,0.0,Low,0.0,weak_evidence,0.8714,0.8714,0.5263,0.5263,True,True,brand_token_match|jw_primary,lexical,True,National Informatics Centre (NIC),True,True,True,False,strict_lexical_hit,strict_lexical_hit,timeout,0.0,26.1429,0.0,0.0,0.5263,0.45,anchor_typo,0.0,True,False,False,False,True,False,False,False,False,False,False,,,,fetch_failed_lexical_hit
Computer Age Management Services Ltd. (CAMS),camsonline.com,https://camsclearing.com,0.0,Low,0.0,weak_evidence,0.8683,0.8683,0.6364,0.6664,True,False,jw_primary,lexical,True,Computer Age Management Services Ltd. (CAMS),True,True,True,False,strict_lexical_hit,strict_lexical_hit,timeout,0.0,26.05,0.0,0.0,0.6664,0.45,anchor_typo,0.0,True,False,False,False,True,False,False,False,False,False,False,,,,fetch_failed_lexical_hit
Computer Age Management Services Ltd. (CAMS),camsonline.com,https://cadoonlinevn.org,0.0,Low,0.0,weak_evidence,0.8578,0.8578,0.7273,0.7273,True,False,jw_primary,lexical,True,Computer Age Management Services Ltd. (CAMS),True,True,True,False,strict_lexical_hit,strict_lexical_hit,timeout,0.0,25.7333,0.0,0.0,0.7273,0.45,anchor_typo,0.0,True,False,False,False,True,False,False,False,False,False,False,,,,fetch_failed_lexical_hit
National Informatics Centre (NIC),kavach.mail.gov.in,https://mailtelephone.ru,0.0,Low,0.0,weak_evidence,0.8615,0.8615,0.4706,0.4706,True,False,jw_primary,lexical,True,National Informatics Centre (NIC),True,True,True,False,strict_lexical_hit,strict_lexical_hit,timeout,0.0,25.8462,0.0,0.0,0.4706,0.45,anchor_typo,0.0,True,False,False,False,True,False,False,False,False,False,False,,,,fetch_failed_lexical_hit
National Informatics Centre (NIC),kavach.mail.gov.in,https://mailreviveleads.site,0.0,Low,0.0,weak_evidence,0.8533,0.8533,0.4211,0.4211,True,False,jw_primary,lexical,True,National Informatics Centre (NIC),True,True,True,False,strict_lexical_hit,strict_lexical_hit,timeout,0.0,25.6,0.0,0.0,0.4211,0.45,below_min_score,0.0,False,False,False,False,False,False,False,False,False,False,False,,,,fetch_failed_lexical_hit
National Informatics Centre (NIC),cloud.gov.in,https://cloudhack.cloud,0.0,Low,0.0,weak_evidence,0.9111,0.9111,0.7143,0.7143,True,False,jw_primary,lexical,True,National Informatics Centre (NIC),True,True,True,False,strict_lexical_hit,strict_lexical_hit,timeout,0.0,27.3333,0.0,0.0,0.7143,0.45,anchor_typo,0.0,True,False,False,False,True,False,False,False,False,False,False,,,,fetch_failed_lexical_hit
Airtel,airtel.in,https://airtravelinindia.com,0.0,Low,0.0,weak_evidence,0.875,0.875,0.5455,0.5455,True,False,jw_primary,lexical,True,Airtel,True,True,True,False,strict_lexical_hit,strict_lexical_hit,timeout,0.0,26.25,0.0,0.0,0.5455,0.45,anchor_typo,0.0,True,False,False,False,True,False,False,False,False,False,False,,,,fetch_failed_lexical_hit
National Informatics Centre (NIC),cloud.gov.in,https://cloud.house,0.0,Low,0.0,weak_evidence,1.0,1.0,1.0,1.0,True,True,brand_token_match|jw_primary|token_set_primary|skeleton_similarity|host_similarity,lexical,True,National Informatics Centre (NIC),True,True,True,False,strict_lexical_hit,strict_lexical_hit,timeout,0.0,30.0,0.0,0.0,1.0,0.45,anchor_typo,0.0,True,False,False,False,True,False,False,False,False,False,False,,,,fetch_failed_lexical_hit
National Informatics Centre (NIC),kavach.mail.gov.in,https://mail-mkt.cloud,0.0,Low,0.0,weak_evidence,0.9,0.9,0.6667,0.6667,True,True,brand_token_match|jw_primary,lexical,True,National Informatics Centre (NIC),True,True,True,False,strict_lexical_hit,strict_lexical_hit,timeout,0.0,27.0,0.0,0.0,0.6667,0.45,anchor_typo,0.0,True,False,False,False,True,False,False,False,False,False,False,,,,fetch_failed_lexical_hit
Kfintech,kfintech.com,https://kfinsaat.com.tr,0.0,Low,0.0,weak_evidence,0.85,0.85,0.625,0.625,True,False,jw_primary,lexical,True,Kfintech,True,True,True,False,strict_lexical_hit,strict_lexical_hit,timeout,0.0,25.5,0.0,0.0,0.625,0.45,anchor_typo,0.0,True,False,False,False,True,False,False,False,False,False,False,,,,fetch_failed_lexical_hit
Indian Space Research Organisation (ISRO),vssc.gov.in,https://vsgs.org,0.0,Low,0.0,weak_evidence,0.8667,0.8667,0.75,0.75,True,False,jw_primary,lexical,True,Indian Space Research Organisation (ISRO),True,True,True,False,strict_lexical_hit,strict_lexical_hit,timeout,0.0,26.0,0.0,0.0,0.75,0.45,anchor_typo,0.0,True,False,False,False,True,False,False,False,False,False,False,,,,fetch_failed_lexical_hit
National Informatics Centre (NIC),kavach.mail.gov.in,https://mailoasis2.com,0.0,Low,0.0,weak_evidence,0.88,0.88,0.5714,0.5714,True,False,jw_primary,lexical,True,National Informatics Centre (NIC),True,True,True,False,strict_lexical_hit,strict_lexical_hit,timeout,0.0,26.4,0.0,0.0,0.5714,0.45,anchor_typo,0.0,True,False,False,False,True,False,False,False,False,False,False,,,,fetch_failed_lexical_hit
National Informatics Centre (NIC),cloud.gov.in,https://cloudability.link,0.0,Low,0.0,weak_evidence,0.8833,0.8833,0.5882,0.5882,True,False,jw_primary,lexical,True,National Informatics Centre (NIC),True,True,True,False,strict_lexical_hit,strict_lexical_hit,timeout,0.0,26.5,0.0,0.0,0.5882,0.45,anchor_typo,0.0,True,False,False,False,True,False,False,False,False,False,False,,,,fetch_failed_lexical_hit
National Informatics Centre (NIC),kavach.mail.gov.in,https://main-zlks.com,0.0,Low,0.0,weak_evidence,0.8704,0.8704,0.6154,0.6154,True,False,jw_primary,lexical,True,National Informatics Centre (NIC),True,True,True,False,strict_lexical_hit,strict_lexical_hit,timeout,0.0,26.1111,0.0,0.0,0.6154,0.45,anchor_typo,0.0,True,False,False,False,True,False,False,False,False,False,False,,,,fetch_failed_lexical_hit
National Informatics Centre (NIC),cloud.gov.in,https://cloudpride.com,0.0,Low,0.0,weak_evidence,0.9,0.9,0.6667,0.6667,True,False,jw_primary,lexical,True,National Informatics Centre (NIC),True,True,True,False,strict_lexical_hit,strict_lexical_hit,timeout,0.0,27.0,0.0,0.0,0.6667,0.45,anchor_typo,0.0,True,False,False,False,True,False,False,False,False,False,False,,,,fetch_failed_lexical_hit
Axis Bank,axismf.com,https://axisemberhq.com,0.0,Low,0.0,weak_evidence,0.8727,0.8727,0.5333,0.5333,True,False,jw_primary,lexical,True,Axis Bank,True,True,True,False,strict_lexical_hit,strict_lexical_hit,timeout,0.0,26.1818,0.0,0.0,0.5333,0.45,anchor_typo,0.0,True,False,False,False,True,False,False,False,False,False,False,,,,fetch_failed_lexical_hit
Kfintech,kfintech.com,https://kint.eus,0.0,Low,0.0,weak_evidence,0.85,0.85,0.6667,0.6667,True,False,jw_primary,lexical,True,Kfintech,True,True,True,False,strict_lexical_hit,strict_lexical_hit,timeout,0.0,25.5,0.0,0.0,0.6667,0.45,anchor_typo,0.0,True,False,False,False,True,False,False,False,False,False,False,,,,fetch_failed_lexical_hit
National Informatics Centre (NIC),cloud.gov.in,https://agate-cloud.com,0.0,Low,0.0,weak_evidence,0.7374,0.7374,0.6,0.6,True,True,brand_token_match,lexical,False,,True,True,False,False,strict_lexical_hit,strict_lexical_hit,timeout,0.0,22.1212,0.0,0.0,0.6,0.45,anchor_typo,0.0,True,False,False,False,True,False,False,False,False,False,False,,,,fetch_failed_lexical_hit
Bank of Baroda,bankofbaroda.bank.in,https://bankofdigitaldollar.com,0.0,Low,0.0,weak_evidence,0.8519,0.8519,0.5806,0.5806,True,False,jw_primary,lexical,True,Bank of Baroda,True,True,True,False,strict_lexical_hit,strict_lexical_hit,timeout,0.0,25.5579,0.0,0.0,0.5806,0.45,anchor_typo,0.0,True,False,False,False,True,False,False,False,False,False,False,,,,fetch_failed_lexical_hit
National Health Authority (NHA),abdm.gov.in,https://abdelmunaim.com,0.0,Low,0.0,weak_evidence,0.8515,0.8515,0.5333,0.5333,True,False,jw_primary,lexical,True,National Health Authority (NHA),True,True,True,False,strict_lexical_hit,strict_lexical_hit,timeout,0.0,25.5455,0.0,0.0,0.5333,0.45,anchor_typo,0.0,True,False,False,False,True,False,False,False,False,False,False,,,,fetch_failed_lexical_hit
National Informatics Centre (NIC),cloud.gov.in,https://cloudplusplus-pro.com,0.0,Low,0.0,weak_evidence,0.8588,0.8588,0.4545,0.4545,True,False,jw_primary,lexical,True,National Informatics Centre (NIC),True,True,True,False,strict_lexical_hit,strict_lexical_hit,timeout,0.0,25.7647,0.0,0.0,0.4545,0.45,anchor_typo,0.0,True,False,False,False,True,False,False,False,False,False,False,,,,fetch_failed_lexical_hit
National Informatics Centre (NIC),kavach.mail.gov.in,https://uparrow-mail.info,0.0,Low,0.0,weak_evidence,0.5,0.4444,0.5,0.5,True,True,brand_token_match,lexical,False,,True,True,False,False,strict_lexical_hit,strict_lexical_hit,timeout,0.0,15.0,0.0,0.0,0.5,0.45,anchor_typo,0.0,True,False,False,False,True,False,False,False,False,False,False,,,,fetch_failed_lexical_hit
National Informatics Centre (NIC),kavach.mail.gov.in,https://mailfry.com,0.0,Low,0.0,weak_evidence,0.9143,0.9143,0.7273,0.7273,True,False,jw_primary,lexical,True,National Informatics Centre (NIC),True,True,True,False,strict_lexical_hit,strict_lexical_hit,timeout,0.0,27.4286,0.0,0.0,0.7273,0.45,anchor_typo,0.0,True,False,False,False,True,False,False,False,False,False,False,,,,fetch_failed_lexical_hit
National Informatics Centre (NIC),kavach.mail.gov.in,https://maninalto.com,0.0,Low,0.0,weak_evidence,0.8519,0.8519,0.6154,0.6154,True,False,jw_primary,lexical,True,National Informatics Centre (NIC),True,True,True,False,strict_lexical_hit,strict_lexical_hit,timeout,0.0,25.5556,0.0,0.0,0.6154,0.45,anchor_typo,0.0,True,False,False,False,True,False,False,False,False,False,False,,,,fetch_failed_lexical_hit
National Informatics Centre (NIC),kavach.mail.gov.in,https://mailnex.app,0.0,Low,0.0,weak_evidence,0.9143,0.9143,0.7273,0.7273,True,False,jw_primary,lexical,True,National Informatics Centre (NIC),True,True,True,False,strict_lexical_hit,strict_lexical_hit,timeout,0.0,27.4286,0.0,0.0,0.7273,0.45,anchor_typo,0.0,True,False,False,False,True,False,False,False,False,False,False,,,,fetch_failed_lexical_hit
Axis Bank,axismaxlife.com,https://axismediaindia.com,0.0,Low,0.0,weak_evidence,0.8571,0.8571,0.4444,0.4444,True,False,jw_primary,lexical,True,Axis Bank,True,True,True,False,strict_lexical_hit,strict_lexical_hit,timeout,0.0,25.7143,0.0,0.0,0.4444,0.45,below_min_score,0.0,False,False,False,False,False,False,False,False,False,False,False,,,,fetch_failed_lexical_hit
Kfintech,kfintech.com,https://ampfintech.com,0.0,Low,0.0,weak_evidence,0.8583,0.8583,0.7778,0.8078,True,False,jw_primary,lexical,True,Kfintech,True,True,True,False,strict_lexical_hit,strict_lexical_hit,timeout,0.0,25.75,0.0,0.0,0.8078,0.45,anchor_typo,0.0,True,False,False,False,True,False,False,False,False,False,False,,,,fetch_failed_lexical_hit
National Informatics Centre (NIC),kavach.mail.gov.in,https://maisdollar.site,0.0,Low,0.0,weak_evidence,0.86,0.86,0.5714,0.5714,True,False,jw_primary,lexical,True,National Informatics Centre (NIC),True,True,True,False,strict_lexical_hit,strict_lexical_hit,timeout,0.0,25.8,0.0,0.0,0.5714,0.45,anchor_typo,0.0,True,False,False,False,True,False,False,False,False,False,False,,,,fetch_failed_lexical_hit
BSE Ltd.,bseindia.com,https://sewindian.com,0.0,Low,0.0,weak_evidence,0.8843,0.8843,0.8235,0.8535,True,False,jw_primary,lexical,True,BSE Ltd.,True,True,True,False,strict_lexical_hit,strict_lexical_hit,timeout,0.0,26.5278,0.0,0.0,0.8535,0.45,anchor_typo,0.0,True,False,False,False,True,False,False,False,False,False,False,,,,fetch_failed_lexical_hit
Reserve Bank of India (RBI),rbi.org.in,https://rbillman.com,0.0,Low,0.0,weak_evidence,0.8542,0.8542,0.5455,0.5455,True,False,jw_primary,lexical,True,Reserve Bank of India (RBI),True,True,True,False,strict_lexical_hit,strict_lexical_hit,timeout,0.0,25.625,0.0,0.0,0.5455,0.45,anchor_typo,0.0,True,False,False,False,True,False,False,False,False,False,False,,,,fetch_failed_lexical_hit
National Informatics Centre (NIC),cloud.gov.in,https://cloudmigration.org,0.0,Low,0.0,weak_evidence,0.8714,0.8714,0.5263,0.5263,True,False,jw_primary,lexical,True,National Informatics Centre (NIC),True,True,True,False,strict_lexical_hit,strict_lexical_hit,timeout,0.0,26.1429,0.0,0.0,0.5263,0.45,anchor_typo,0.0,True,False,False,False,True,False,False,False,False,False,False,,,,fetch_failed_lexical_hit
Punjab National Bank (PNB),pnb.bank.in,https://kpn88.icu,0.0,Low,0.0,weak_evidence,0.8667,0.8667,0.75,0.75,True,False,jw_primary,lexical,False,,True,True,True,False,strict_lexical_hit,strict_lexical_hit,timeout,0.0,26.0,0.0,0.0,0.75,0.45,anchor_typo,0.0,True,False,False,False,True,False,False,False,False,False,False,,,,fetch_failed_lexical_hit
Computer Age Management Services Ltd. (CAMS),camsonline.com,https://mpsconline.com,0.0,Low,0.0,weak_evidence,0.8963,0.8963,0.8,0.83,True,False,jw_primary,lexical,True,Computer Age Management Services Ltd. (CAMS),True,True,True,False,strict_lexical_hit,strict_lexical_hit,timeout,0.0,26.8889,0.0,0.0,0.83,0.45,anchor_typo,0.0,True,False,False,False,True,False,False,False,False,False,False,,,,fetch_failed_lexical_hit
Vodafone Idea (VI),myvi.in,https://myvirtual.institute,0.0,Low,0.0,weak_evidence,0.8889,0.8889,0.6154,0.6154,True,False,jw_primary,lexical,True,Vodafone Idea (VI),True,True,True,False,strict_lexical_hit,strict_lexical_hit,timeout,0.0,26.6667,0.0,0.0,0.6154,0.45,anchor_typo,0.0,True,False,False,False,True,False,False,False,False,False,False,,,,fetch_failed_lexical_hit
"Unique Identification Authority of India (UIDAI)
",uidai.gov.in,https://guideair.site,0.0,Low,0.0,weak_evidence,0.875,0.875,0.7692,0.7692,True,False,jw_primary,lexical,True,"Unique Identification Authority of India (UIDAI)
",True,True,True,False,strict_lexical_hit,strict_lexical_hit,timeout,0.0,26.25,0.0,0.0,0.7692,0.45,anchor_typo,0.0,True,False,False,False,True,False,False,False,False,False,False,,,,fetch_failed_lexical_hit
Airtel,airtel.in,https://airmodel.site,0.0,Low,0.0,weak_evidence,0.8736,0.8736,0.7143,0.7143,True,False,jw_primary,lexical,True,Airtel,True,True,True,False,strict_lexical_hit,strict_lexical_hit,timeout,0.0,26.2083,0.0,0.0,0.7143,0.45,anchor_typo,0.0,True,False,False,False,True,False,False,False,False,False,False,,,,fetch_failed_lexical_hit
State Bank of India (SBI),sbisecurities.in,https://experience-retail.online,0.0,Low,0.0,weak_evidence,0.5072,0.5072,0.4,0.4,True,True,brand_token_match,lexical,False,,True,True,False,False,strict_lexical_hit,strict_lexical_hit,timeout,0.0,15.2165,0.0,0.0,0.4,0.45,below_min_score,0.0,False,False,False,False,False,False,False,False,False,False,False,,,,fetch_failed_lexical_hit
Kfintech,kfintech.com,https://kitchen.stream,0.0,Low,0.0,weak_evidence,0.8768,0.8768,0.6667,0.6667,True,False,jw_primary,lexical,True,Kfintech,True,True,True,False,strict_lexical_hit,strict_lexical_hit,timeout,0.0,26.3036,0.0,0.0,0.6667,0.45,anchor_typo,0.0,True,False,False,False,True,False,False,False,False,False,False,,,,fetch_failed_lexical_hit
Axis Bank,axis.bank.in,https://axisupi.com,0.0,Low,0.0,weak_evidence,0.9143,0.9143,0.7273,0.7273,True,False,jw_primary,lexical,True,Axis Bank,True,True,True,False,strict_lexical_hit,strict_lexical_hit,timeout,0.0,27.4286,0.0,0.0,0.7273,0.45,anchor_typo,0.0,True,False,False,False,True,False,False,False,False,False,False,,,,fetch_failed_lexical_hit
State Bank of India (SBI),sbilife.co.in,https://desilife.travel,0.0,Low,0.0,weak_evidence,0.869,0.869,0.8,0.8,True,False,jw_primary,lexical,True,State Bank of India (SBI),True,True,True,False,strict_lexical_hit,strict_lexical_hit,timeout,0.0,26.0714,0.0,0.0,0.8,0.45,anchor_typo,0.0,True,False,False,False,True,False,False,False,False,False,False,,,,fetch_failed_lexical_hit
Bharat Sanchar Nigam Limited (BSNL),bsnl.co.in,https://bnl.one,0.0,Low,0.0,weak_evidence,0.925,0.925,0.8571,0.8571,True,False,jw_primary,lexical,True,Bharat Sanchar Nigam Limited (BSNL),True,True,True,False,strict_lexical_hit,strict_lexical_hit,timeout,0.0,27.75,0.0,0.0,0.8571,0.45,anchor_typo,0.0,True,False,False,False,True,False,False,False,False,False,False,,,,fetch_failed_lexical_hit
State Bank of India (SBI),homeloans.sbi,https://homeloanscore.com,0.0,Low,0.0,weak_evidence,0.9385,0.9385,0.8182,0.8182,True,False,jw_primary,lexical,True,State Bank of India (SBI),True,True,True,False,strict_lexical_hit,strict_lexical_hit,timeout,0.0,28.1538,0.0,0.0,0.8182,0.45,anchor_typo,0.0,True,False,False,False,True,False,False,False,False,False,False,,,,fetch_failed_lexical_hit
Reserve Bank of India (RBI),rbi.org.in,https://arbie.com,0.0,Low,0.0,weak_evidence,0.8667,0.8667,0.75,0.75,True,False,jw_primary,lexical,True,Reserve Bank of India (RBI),True,True,True,False,strict_lexical_hit,strict_lexical_hit,timeout,0.0,26.0,0.0,0.0,0.75,0.45,anchor_typo,0.0,True,False,False,False,True,False,False,False,False,False,False,,,,fetch_failed_lexical_hit
National Informatics Centre (NIC),cloud.gov.in,https://cloudsoltechnologies.skin,0.0,Low,0.0,weak_evidence,0.85,0.85,0.4,0.4,True,False,jw_primary,lexical,True,National Informatics Centre (NIC),True,True,True,False,strict_lexical_hit,strict_lexical_hit,timeout,0.0,25.5,0.0,0.0,0.4,0.45,below_min_score,0.0,False,False,False,False,False,False,False,False,False,False,False,,,,fetch_failed_lexical_hit
National Informatics Centre (NIC),cloud.gov.in,https://ccecloud.com,0.0,Low,0.0,weak_evidence,0.8875,0.8875,0.7692,0.7692,True,False,jw_primary,lexical,True,National Informatics Centre (NIC),True,True,True,False,strict_lexical_hit,strict_lexical_hit,timeout,0.0,26.625,0.0,0.0,0.7692,0.45,anchor_typo,0.0,True,False,False,False,True,False,False,False,False,False,False,,,,fetch_failed_lexical_hit
National Informatics Centre (NIC),kavach.mail.gov.in,https://mecafile.online,0.0,Low,0.0,weak_evidence,0.85,0.85,0.6667,0.6667,True,False,jw_primary,lexical,True,National Informatics Centre (NIC),True,True,True,False,strict_lexical_hit,strict_lexical_hit,timeout,0.0,25.5,0.0,0.0,0.6667,0.45,anchor_typo,0.0,True,False,False,False,True,False,False,False,False,False,False,,,,fetch_failed_lexical_hit
National Informatics Centre (NIC),kavach.mail.gov.in,https://demail.sbs,0.0,Low,0.0,weak_evidence,0.8889,0.8889,0.8,0.8,True,False,jw_primary,lexical,True,National Informatics Centre (NIC),True,True,True,False,strict_lexical_hit,strict_lexical_hit,timeout,0.0,26.6667,0.0,0.0,0.8,0.45,anchor_typo,0.0,True,False,False,False,True,False,False,False,False,False,False,,,,fetch_failed_lexical_hit
Kfintech,kfintech.com,https://kaiztech.net,0.0,Low,0.0,weak_evidence,0.85,0.85,0.75,0.75,True,False,jw_primary,lexical,True,Kfintech,True,True,True,False,strict_lexical_hit,strict_lexical_hit,timeout,0.0,25.5,0.0,0.0,0.75,0.45,anchor_typo,0.0,True,False,False,False,True,False,False,False,False,False,False,,,,fetch_failed_lexical_hit
BSE Ltd.,bseindia.com,https://fbindia.com,0.0,Low,0.0,weak_evidence,0.869,0.869,0.8,0.83,True,False,jw_primary,lexical,True,BSE Ltd.,True,True,True,False,strict_lexical_hit,strict_lexical_hit,timeout,0.0,26.0714,0.0,0.0,0.83,0.45,anchor_typo,0.0,True,False,False,False,True,False,False,False,False,False,False,,,,fetch_failed_lexical_hit
Computer Age Management Services Ltd. (CAMS),camsonline.com,https://tcmonline.in,0.0,Low,0.0,weak_evidence,0.8963,0.8963,0.8421,0.8421,True,False,jw_primary,lexical,True,Computer Age Management Services Ltd. (CAMS),True,True,True,False,strict_lexical_hit,strict_lexical_hit,timeout,0.0,26.8889,0.0,0.0,0.8421,0.45,anchor_typo,0.0,True,False,False,False,True,False,False,False,False,False,False,,,,fetch_failed_lexical_hit
State Bank of India (SBI),sbi.co.in,https://sebi.exchange,0.0,Low,0.0,weak_evidence,0.925,0.925,0.8571,0.8571,True,False,jw_primary,lexical,True,State Bank of India (SBI),True,True,True,False,strict_lexical_hit,strict_lexical_hit,timeout,0.0,27.75,0.0,0.0,0.8571,0.45,anchor_typo,0.0,True,False,False,False,True,False,False,False,False,False,False,,,,fetch_failed_lexical_hit
National Informatics Centre (NIC),cloud.gov.in,https://cloudburt.com,0.0,Low,0.0,weak_evidence,0.9111,0.9111,0.7143,0.7143,True,False,jw_primary,lexical,True,National Informatics Centre (NIC),True,True,True,False,strict_lexical_hit,strict_lexical_hit,timeout,0.0,27.3333,0.0,0.0,0.7143,0.45,anchor_typo,0.0,True,False,False,False,True,False,False,False,False,False,False,,,,fetch_failed_lexical_hit
Kfintech,kfintech.com,https://finsintech.com,0.0,Low,0.0,weak_evidence,0.8583,0.8583,0.7778,0.8078,True,False,jw_primary,lexical,True,Kfintech,True,True,True,False,strict_lexical_hit,strict_lexical_hit,timeout,0.0,25.75,0.0,0.0,0.8078,0.45,anchor_typo,0.0,True,False,False,False,True,False,False,False,False,False,False,,,,fetch_failed_lexical_hit
Axis Bank,axis.bank.in,https://apis.bot,0.0,Low,0.0,weak_evidence,0.85,0.85,0.75,0.75,True,False,jw_primary,lexical,True,Axis Bank,True,True,True,False,strict_lexical_hit,strict_lexical_hit,timeout,0.0,25.5,0.0,0.0,0.75,0.45,anchor_typo,0.0,True,False,False,False,True,False,False,False,False,False,False,,,,fetch_failed_lexical_hit
National Informatics Centre (NIC),kavach.mail.gov.in,https://marianlt.com,0.0,Low,0.0,weak_evidence,0.8667,0.8667,0.6667,0.6667,True,False,jw_primary,lexical,True,National Informatics Centre (NIC),True,True,True,False,strict_lexical_hit,strict_lexical_hit,timeout,0.0,26.0,0.0,0.0,0.6667,0.45,anchor_typo,0.0,True,False,False,False,True,False,False,False,False,False,False,,,,fetch_failed_lexical_hit
State Bank of India (SBI),sbi.co.in,https://spabid.com,0.0,Low,0.0,weak_evidence,0.85,0.85,0.6667,0.6667,True,False,jw_primary,lexical,True,State Bank of India (SBI),True,True,True,False,strict_lexical_hit,strict_lexical_hit,timeout,0.0,25.5,0.0,0.0,0.6667,0.45,anchor_typo,0.0,True,False,False,False,True,False,False,False,False,False,False,,,,fetch_failed_lexical_hit
IndusInd Bank,indusind.bank.in,https://indiandaz.com,0.0,Low,0.0,weak_evidence,0.8639,0.8639,0.7059,0.7059,True,False,jw_primary,lexical,True,IndusInd Bank,True,True,True,False,strict_lexical_hit,strict_lexical_hit,timeout,0.0,25.9167,0.0,0.0,0.7059,0.45,anchor_typo,0.0,True,False,False,False,True,False,False,False,False,False,False,,,,fetch_failed_lexical_hit
Indian Oil Corporation Limited (IOCL),iocl.com,https://ieo1.com,0.0,Low,0.0,weak_evidence,0.85,0.85,0.75,0.78,True,False,jw_primary,lexical,True,Indian Oil Corporation Limited (IOCL),True,True,True,False,strict_lexical_hit,strict_lexical_hit,timeout,0.0,25.5,0.0,0.0,0.78,0.45,anchor_typo,0.0,True,False,False,False,True,False,False,False,False,False,False,,,,fetch_failed_lexical_hit
State Bank of India (SBI),homeloans.sbi,https://homenews.blog,0.0,Low,0.0,weak_evidence,0.8833,0.8833,0.7059,0.7059,True,False,jw_primary,lexical,True,State Bank of India (SBI),True,True,True,False,strict_lexical_hit,strict_lexical_hit,timeout,0.0,26.5,0.0,0.0,0.7059,0.45,anchor_typo,0.0,True,False,False,False,True,False,False,False,False,False,False,,,,fetch_failed_lexical_hit
National Informatics Centre (NIC),cloud.gov.in,https://cloud-9-crew.online,0.0,Low,0.0,weak_evidence,0.8833,0.8833,0.5882,0.5882,True,True,brand_token_match|jw_primary,lexical,True,National Informatics Centre (NIC),True,True,True,False,strict_lexical_hit,strict_lexical_hit,timeout,0.0,26.5,0.0,0.0,0.5882,0.45,anchor_typo,0.0,True,False,False,False,True,False,False,False,False,False,False,,,,fetch_failed_lexical_hit
National Informatics Centre (NIC),nic.gov.in,https://nicongom.blog,0.0,Low,0.0,weak_evidence,0.8542,0.8542,0.5455,0.5455,True,False,jw_primary,lexical,True,National Informatics Centre (NIC),True,True,True,False,strict_lexical_hit,strict_lexical_hit,timeout,0.0,25.625,0.0,0.0,0.5455,0.45,anchor_typo,0.0,True,False,False,False,True,False,False,False,False,False,False,,,,fetch_failed_lexical_hit
National Informatics Centre (NIC),kavach.mail.gov.in,https://makielse.cc,0.0,Low,0.0,weak_evidence,0.8667,0.8667,0.6667,0.6667,True,False,jw_primary,lexical,True,National Informatics Centre (NIC),True,True,True,False,strict_lexical_hit,strict_lexical_hit,timeout,0.0,26.0,0.0,0.0,0.6667,0.45,anchor_typo,0.0,True,False,False,False,True,False,False,False,False,False,False,,,,fetch_failed_lexical_hit
National Informatics Centre (NIC),kavach.mail.gov.in,https://maxbilbow.com,0.0,Low,0.0,weak_evidence,0.8519,0.8519,0.6154,0.6154,True,False,jw_primary,lexical,True,National Informatics Centre (NIC),True,True,True,False,strict_lexical_hit,strict_lexical_hit,timeout,0.0,25.5556,0.0,0.0,0.6154,0.45,anchor_typo,0.0,True,False,False,False,True,False,False,False,False,False,False,,,,fetch_failed_lexical_hit
State Bank of India (SBI),sbilife.co.in,https://sili.space,0.0,Low,0.0,weak_evidence,0.8714,0.8714,0.7273,0.7273,True,False,jw_primary,lexical,True,State Bank of India (SBI),True,True,True,False,strict_lexical_hit,strict_lexical_hit,timeout,0.0,26.1429,0.0,0.0,0.7273,0.45,anchor_typo,0.0,True,False,False,False,True,False,False,False,False,False,False,,,,fetch_failed_lexical_hit
National Informatics Centre (NIC),kavach.mail.gov.in,https://mailingbuds.com,0.0,Low,0.0,weak_evidence,0.8727,0.8727,0.5333,0.5333,True,False,jw_primary,lexical,True,National Informatics Centre (NIC),True,True,True,False,strict_lexical_hit,strict_lexical_hit,timeout,0.0,26.1818,0.0,0.0,0.5333,0.45,anchor_typo,0.0,True,False,False,False,True,False,False,False,False,False,False,,,,fetch_failed_lexical_hit
National Informatics Centre (NIC),cloud.gov.in,https://cloudsmart1t.com,0.0,Low,0.0,weak_evidence,0.8833,0.8833,0.5882,0.5882,True,False,jw_primary,lexical,True,National Informatics Centre (NIC),True,True,True,False,strict_lexical_hit,strict_lexical_hit,timeout,0.0,26.5,0.0,0.0,0.5882,0.45,anchor_typo,0.0,True,False,False,False,True,False,False,False,False,False,False,,,,fetch_failed_lexical_hit
Axis Bank,axis.bank.in,https://axishkg.com,0.0,Low,0.0,weak_evidence,0.9143,0.9143,0.7273,0.7273,True,False,jw_primary,lexical,True,Axis Bank,True,True,True,False,strict_lexical_hit,strict_lexical_hit,timeout,0.0,27.4286,0.0,0.0,0.7273,0.45,anchor_typo,0.0,True,False,False,False,True,False,False,False,False,False,False,,,,fetch_failed_lexical_hit
National Informatics Centre (NIC),cloud.gov.in,https://cloudy96th.com,0.0,Low,0.0,weak_evidence,0.9,0.9,0.6667,0.6667,True,False,jw_primary,lexical,True,National Informatics Centre (NIC),True,True,True,False,strict_lexical_hit,strict_lexical_hit,timeout,0.0,27.0,0.0,0.0,0.6667,0.45,anchor_typo,0.0,True,False,False,False,True,False,False,False,False,False,False,,,,fetch_failed_lexical_hit
National Informatics Centre (NIC),cloud.gov.in,https://cloudaether.com,0.0,Low,0.0,weak_evidence,0.8909,0.8909,0.625,0.625,True,False,jw_primary,lexical,True,National Informatics Centre (NIC),True,True,True,False,strict_lexical_hit,strict_lexical_hit,timeout,0.0,26.7273,0.0,0.0,0.625,0.45,anchor_typo,0.0,True,False,False,False,True,False,False,False,False,False,False,,,,fetch_failed_lexical_hit
Vodafone Idea (VI),myvi.in,https://myvirtualmoh.com,0.0,Low,0.0,weak_evidence,0.8667,0.8667,0.5,0.5,True,False,jw_primary,lexical,True,Vodafone Idea (VI),True,True,True,False,strict_lexical_hit,strict_lexical_hit,timeout,0.0,26.0,0.0,0.0,0.5,0.45,anchor_typo,0.0,True,False,False,False,True,False,False,False,False,False,False,,,,fetch_failed_lexical_hit
National Informatics Centre (NIC),cloud.gov.in,https://macnica-cloud.net,0.0,Low,0.0,weak_evidence,0.7385,0.7385,0.5455,0.5455,True,True,brand_token_match,lexical,False,,True,True,False,False,strict_lexical_hit,strict_lexical_hit,timeout,0.0,22.1538,0.0,0.0,0.5455,0.45,anchor_typo,0.0,True,False,False,False,True,False,False,False,False,False,False,,,,fetch_failed_lexical_hit
National Informatics Centre (NIC),kavach.mail.gov.in,https://verizon-voice-mail.com,0.0,Low,0.0,weak_evidence,0.4352,0.4352,0.3636,0.4138,True,True,brand_token_match,lexical,False,,True,True,False,False,strict_lexical_hit,strict_lexical_hit,timeout,0.0,13.0556,0.0,0.0,0.4138,0.45,below_min_score,0.0,False,False,False,False,False,False,False,False,False,False,False,,,,fetch_failed_lexical_hit
National Informatics Centre (NIC),cloud.gov.in,https://cloudcarevoip.com,0.0,Low,0.0,weak_evidence,0.8769,0.8769,0.5556,0.5556,True,False,jw_primary,lexical,True,National Informatics Centre (NIC),True,True,True,False,strict_lexical_hit,strict_lexical_hit,timeout,0.0,26.3077,0.0,0.0,0.5556,0.45,anchor_typo,0.0,True,False,False,False,True,False,False,False,False,False,False,,,,fetch_failed_lexical_hit
parivahan sewa,parivahan.gov.in,https://parixitsanghani.com,0.0,Low,0.0,weak_evidence,0.8594,0.8594,0.6667,0.6667,True,False,jw_primary,lexical,True,parivahan sewa,True,True,True,False,strict_lexical_hit,strict_lexical_hit,timeout,0.0,25.7833,0.0,0.0,0.6667,0.45,anchor_typo,0.0,True,False,False,False,True,False,False,False,False,False,False,,,,fetch_failed_lexical_hit
Airtel,airtel.in,https://airtell.ai,0.0,Low,0.0,weak_evidence,0.9714,0.9714,0.9231,0.9231,True,False,jw_primary|token_set_primary|skeleton_similarity|host_similarity,lexical,True,Airtel,True,True,True,False,strict_lexical_hit,strict_lexical_hit,timeout,0.0,29.1429,0.0,0.0,0.9231,0.45,anchor_typo,0.0,True,False,False,False,True,False,False,False,False,False,False,,,,fetch_failed_lexical_hit
All India Institute of Medical Sciences (AIIMS),aiims.edu,https://aiime4up.site,0.0,Low,0.0,weak_evidence,0.86,0.86,0.6154,0.6154,True,False,jw_primary,lexical,True,All India Institute of Medical Sciences (AIIMS),True,True,True,False,strict_lexical_hit,strict_lexical_hit,timeout,0.0,25.8,0.0,0.0,0.6154,0.45,anchor_typo,0.0,True,False,False,False,True,False,False,False,False,False,False,,,,fetch_failed_lexical_hit
National Informatics Centre (NIC),kavach.mail.gov.in,https://mailai.live,0.0,Low,0.0,weak_evidence,0.9333,0.9333,0.8,0.8,True,False,jw_primary,lexical,True,National Informatics Centre (NIC),True,True,True,False,strict_lexical_hit,strict_lexical_hit,timeout,0.0,28.0,0.0,0.0,0.8,0.45,anchor_typo,0.0,True,False,False,False,True,False,False,False,False,False,False,,,,fetch_failed_lexical_hit
State Bank of India (SBI),homeloans.sbi,https://homebuildersofnc.com,0.0,Low,0.0,weak_evidence,0.8528,0.8528,0.56,0.56,True,False,jw_primary,lexical,True,State Bank of India (SBI),True,True,True,False,strict_lexical_hit,strict_lexical_hit,timeout,0.0,25.5833,0.0,0.0,0.56,0.45,anchor_typo,0.0,True,False,False,False,True,False,False,False,False,False,False,,,,fetch_failed_lexical_hit
National Informatics Centre (NIC),kavach.mail.gov.in,https://maik.ing,0.0,Low,0.0,weak_evidence,0.8833,0.8833,0.75,0.75,True,False,jw_primary,lexical,True,National Informatics Centre (NIC),True,True,True,False,strict_lexical_hit,strict_lexical_hit,timeout,0.0,26.5,0.0,0.0,0.75,0.45,anchor_typo,0.0,True,False,False,False,True,False,False,False,False,False,False,,,,fetch_failed_lexical_hit
National Informatics Centre (NIC),cloud.gov.in,https://clouduniversal.com,0.0,Low,0.0,weak_evidence,0.8714,0.8714,0.5263,0.5263,True,False,jw_primary,lexical,True,National Informatics Centre (NIC),True,True,True,False,strict_lexical_hit,strict_lexical_hit,timeout,0.0,26.1429,0.0,0.0,0.5263,0.45,anchor_typo,0.0,True,False,False,False,True,False,False,False,False,False,False,,,,fetch_failed_lexical_hit
Vodafone Idea (VI),myvi.in,https://mydavid.cloud,0.0,Low,0.0,weak_evidence,0.8857,0.8857,0.7273,0.7273,True,False,jw_primary,lexical,True,Vodafone Idea (VI),True,True,True,False,strict_lexical_hit,strict_lexical_hit,timeout,0.0,26.5714,0.0,0.0,0.7273,0.45,anchor_typo,0.0,True,False,False,False,True,False,False,False,False,False,False,,,,fetch_failed_lexical_hit
IndusInd Bank,indusind.bank.in,https://indusnov.com,0.0,Low,0.0,weak_evidence,0.9,0.9,0.75,0.75,True,False,jw_primary,lexical,True,IndusInd Bank,True,True,True,False,strict_lexical_hit,strict_lexical_hit,timeout,0.0,27.0,0.0,0.0,0.75,0.45,anchor_typo,0.0,True,False,False,False,True,False,False,False,False,False,False,,,,fetch_failed_lexical_hit
ICICI Bank,icici.bank.in,https://icii.in,0.0,Low,0.0,weak_evidence,0.9533,0.9533,0.8889,0.8889,True,False,jw_primary|skeleton_similarity,lexical,True,ICICI Bank,True,True,True,False,strict_lexical_hit,strict_lexical_hit,timeout,0.0,28.6,0.0,0.0,0.8889,0.45,anchor_typo,0.0,True,False,False,False,True,False,False,False,False,False,False,,,,fetch_failed_lexical_hit
Vodafone Idea (VI),myvi.in,https://mycarvin.com,0.0,Low,0.0,weak_evidence,0.8667,0.8667,0.6667,0.6667,True,False,jw_primary,lexical,True,Vodafone Idea (VI),True,True,True,False,strict_lexical_hit,strict_lexical_hit,timeout,0.0,26.0,0.0,0.0,0.6667,0.45,anchor_typo,0.0,True,False,False,False,True,False,False,False,False,False,False,,,,fetch_failed_lexical_hit
National Informatics Centre (NIC),cloud.gov.in,https://cloudmta.pl,0.0,Low,0.0,weak_evidence,0.925,0.925,0.7692,0.7692,True,False,jw_primary,lexical,True,National Informatics Centre (NIC),True,True,True,False,strict_lexical_hit,strict_lexical_hit,timeout,0.0,27.75,0.0,0.0,0.7692,0.45,anchor_typo,0.0,True,False,False,False,True,False,False,False,False,False,False,,,,fetch_failed_lexical_hit
National Informatics Centre (NIC),kavach.mail.gov.in,https://mabi.link,0.0,Low,0.0,weak_evidence,0.8667,0.8667,0.75,0.75,True,False,jw_primary,lexical,True,National Informatics Centre (NIC),True,True,True,False,strict_lexical_hit,strict_lexical_hit,timeout,0.0,26.0,0.0,0.0,0.75,0.45,anchor_typo,0.0,True,False,False,False,True,False,False,False,False,False,False,,,,fetch_failed_lexical_hit
National Informatics Centre (NIC),cloud.gov.in,https://cloudsoftit.com,0.0,Low,0.0,weak_evidence,0.8909,0.8909,0.625,0.625,True,False,jw_primary,lexical,True,National Informatics Centre (NIC),True,True,True,False,strict_lexical_hit,strict_lexical_hit,timeout,0.0,26.7273,0.0,0.0,0.625,0.45,anchor_typo,0.0,True,False,False,False,True,False,False,False,False,False,False,,,,fetch_failed_lexical_hit
"Unique Identification Authority of India (UIDAI)
",uidai.gov.in,https://suidefai.fun,0.0,Low,0.0,weak_evidence,0.875,0.875,0.7692,0.7692,True,False,jw_primary,lexical,True,"Unique Identification Authority of India (UIDAI)
",True,True,True,False,strict_lexical_hit,strict_lexical_hit,timeout,0.0,26.25,0.0,0.0,0.7692,0.45,anchor_typo,0.0,True,False,False,False,True,False,False,False,False,False,False,,,,fetch_failed_lexical_hit
Vodafone Idea (VI),myvi.in,https://myvisionlaunch.com,0.0,Low,0.0,weak_evidence,0.8571,0.8571,0.4444,0.4444,True,False,jw_primary,lexical,True,Vodafone Idea (VI),True,True,True,False,strict_lexical_hit,strict_lexical_hit,timeout,0.0,25.7143,0.0,0.0,0.4444,0.45,below_min_score,0.0,False,False,False,False,False,False,False,False,False,False,False,,,,fetch_failed_lexical_hit
Canara Bank,canarahsbclife.com,https://charliscafe.store,0.0,Low,0.0,weak_evidence,0.8539,0.8539,0.56,0.56,True,False,jw_primary,lexical,True,Canara Bank,True,True,True,False,strict_lexical_hit,strict_lexical_hit,timeout,0.0,25.6169,0.0,0.0,0.56,0.45,anchor_typo,0.0,True,False,False,False,True,False,False,False,False,False,False,,,,fetch_failed_lexical_hit
Punjab National Bank (PNB),netpnb.com,https://net.weber,0.0,Low,0.0,weak_evidence,0.8833,0.8833,0.6667,0.6667,True,False,jw_primary,lexical,True,Punjab National Bank (PNB),True,True,True,False,strict_lexical_hit,strict_lexical_hit,timeout,0.0,26.5,0.0,0.0,0.6667,0.45,anchor_typo,0.0,True,False,False,False,True,False,False,False,False,False,False,,,,fetch_failed_lexical_hit
State Bank of India (SBI),homeloans.sbi,https://homovalens.org,0.0,Low,0.0,weak_evidence,0.9248,0.9248,0.7368,0.7368,True,False,jw_primary,lexical,True,State Bank of India (SBI),True,True,True,False,strict_lexical_hit,strict_lexical_hit,timeout,0.0,27.7444,0.0,0.0,0.7368,0.45,anchor_typo,0.0,True,False,False,False,True,False,False,False,False,False,False,,,,fetch_failed_lexical_hit
National Informatics Centre (NIC),kavach.mail.gov.in,https://magicola.xyz,0.0,Low,0.0,weak_evidence,0.8667,0.8667,0.6667,0.6667,True,False,jw_primary,lexical,True,National Informatics Centre (NIC),True,True,True,False,strict_lexical_hit,strict_lexical_hit,timeout,0.0,26.0,0.0,0.0,0.6667,0.45,anchor_typo,0.0,True,False,False,False,True,False,False,False,False,False,False,,,,fetch_failed_lexical_hit
All India Institute of Medical Sciences (AIIMS),aiims.edu,https://ai-isms.online,0.0,Low,0.0,weak_evidence,0.8705,0.8705,0.8333,0.8333,True,False,jw_primary,lexical,True,All India Institute of Medical Sciences (AIIMS),True,True,True,False,strict_lexical_hit,strict_lexical_hit,timeout,0.0,26.1143,0.0,0.0,0.8333,0.45,anchor_typo,0.0,True,False,False,False,True,False,False,False,False,False,False,,,,fetch_failed_lexical_hit
Airtel,airtel.in,https://ratel.world,0.0,Low,0.0,weak_evidence,0.8778,0.8778,0.7273,0.7273,True,False,jw_primary,lexical,True,Airtel,True,True,True,False,strict_lexical_hit,strict_lexical_hit,timeout,0.0,26.3333,0.0,0.0,0.7273,0.45,anchor_typo,0.0,True,False,False,False,True,False,False,False,False,False,False,,,,fetch_failed_lexical_hit
Vodafone Idea (VI),myvi.in,https://myve.ai,0.0,Low,0.0,weak_evidence,0.8833,0.8833,0.75,0.75,True,False,jw_primary,lexical,True,Vodafone Idea (VI),True,True,True,False,strict_lexical_hit,strict_lexical_hit,timeout,0.0,26.5,0.0,0.0,0.75,0.45,anchor_typo,0.0,True,False,False,False,True,False,False,False,False,False,False,,,,fetch_failed_lexical_hit
Jio,jio.com,https://jioskec.com,0.0,Low,0.0,weak_evidence,0.8667,0.8667,0.6,0.63,True,False,jw_primary,lexical,True,Jio,True,True,True,False,strict_lexical_hit,strict_lexical_hit,timeout,0.0,26.0,0.0,0.0,0.63,0.45,anchor_typo,0.0,True,False,False,False,True,False,False,False,False,False,False,,,,fetch_failed_lexical_hit
All India Institute of Medical Sciences (AIIMS),aiims.edu,https://aimcps.com,0.0,Low,0.0,weak_evidence,0.8578,0.8578,0.7273,0.7273,True,False,jw_primary,lexical,True,All India Institute of Medical Sciences (AIIMS),True,True,True,False,strict_lexical_hit,strict_lexical_hit,timeout,0.0,25.7333,0.0,0.0,0.7273,0.45,anchor_typo,0.0,True,False,False,False,True,False,False,False,False,False,False,,,,fetch_failed_lexical_hit
National Informatics Centre (NIC),cloud.gov.in,https://cloudbenchmark.ai,0.0,Low,0.0,weak_evidence,0.8714,0.8714,0.5263,0.5263,True,False,jw_primary,lexical,True,National Informatics Centre (NIC),True,True,True,False,strict_lexical_hit,strict_lexical_hit,timeout,0.0,26.1429,0.0,0.0,0.5263,0.45,anchor_typo,0.0,True,False,False,False,True,False,False,False,False,False,False,,,,fetch_failed_lexical_hit
National Informatics Centre (NIC),nic.gov.in,https://nicas.org,0.0,Low,0.0,weak_evidence,0.9067,0.9067,0.75,0.75,True,False,jw_primary,lexical,True,National Informatics Centre (NIC),True,True,True,False,strict_lexical_hit,strict_lexical_hit,timeout,0.0,27.2,0.0,0.0,0.75,0.45,anchor_typo,0.0,True,False,False,False,True,False,False,False,False,False,False,,,,fetch_failed_lexical_hit
National Informatics Centre (NIC),cloud.gov.in,https://cloudspore.org,0.0,Low,0.0,weak_evidence,0.9,0.9,0.6667,0.6667,True,False,jw_primary,lexical,True,National Informatics Centre (NIC),True,True,True,False,strict_lexical_hit,strict_lexical_hit,timeout,0.0,27.0,0.0,0.0,0.6667,0.45,anchor_typo,0.0,True,False,False,False,True,False,False,False,False,False,False,,,,fetch_failed_lexical_hit
Computer Age Management Services Ltd. (CAMS),camsonline.com,https://casibomonline.casino,0.0,Low,0.0,weak_evidence,0.8851,0.8851,0.7826,0.7826,True,False,jw_primary,lexical,True,Computer Age Management Services Ltd. (CAMS),True,True,True,False,strict_lexical_hit,strict_lexical_hit,timeout,0.0,26.5538,0.0,0.0,0.7826,0.45,anchor_typo,0.0,True,False,False,False,True,False,False,False,False,False,False,,,,fetch_failed_lexical_hit
National Informatics Centre (NIC),cloud.gov.in,https://cloudislandboy.com,0.0,Low,0.0,weak_evidence,0.8714,0.8714,0.5263,0.5263,True,False,jw_primary,lexical,True,National Informatics Centre (NIC),True,True,True,False,strict_lexical_hit,strict_lexical_hit,timeout,0.0,26.1429,0.0,0.0,0.5263,0.45,anchor_typo,0.0,True,False,False,False,True,False,False,False,False,False,False,,,,fetch_failed_lexical_hit
Canara Bank,canarabank.bank.in,https://canariasbarato.com,0.0,Low,0.0,weak_evidence,0.8743,0.8743,0.6667,0.6667,True,False,jw_primary,lexical,True,Canara Bank,True,True,True,False,strict_lexical_hit,strict_lexical_hit,timeout,0.0,26.2286,0.0,0.0,0.6667,0.45,anchor_typo,0.0,True,False,False,False,True,False,False,False,False,False,False,,,,fetch_failed_lexical_hit
State Bank of India (SBI),homeloans.sbi,https://homemortgages.us,0.0,Low,0.0,weak_evidence,0.8632,0.8632,0.6364,0.6364,True,False,jw_primary,lexical,True,State Bank of India (SBI),True,True,True,False,strict_lexical_hit,strict_lexical_hit,timeout,0.0,25.8974,0.0,0.0,0.6364,0.45,anchor_typo,0.0,True,False,False,False,True,False,False,False,False,False,False,,,,fetch_failed_lexical_hit
Reserve Bank of India (RBI),rbi.org.in,https://r82inl.vip,0.0,Low,0.0,weak_evidence,0.8667,0.8667,0.6667,0.6667,True,False,jw_primary,lexical,False,,True,True,True,False,strict_lexical_hit,strict_lexical_hit,timeout,0.0,26.0,0.0,0.0,0.6667,0.45,anchor_typo,0.0,True,False,False,False,True,False,False,False,False,False,False,,,,fetch_failed_lexical_hit
Indian Space Research Organisation (ISRO),vssc.gov.in,https://vsc.money,0.0,Low,0.0,weak_evidence,0.9333,0.9333,0.8571,0.8571,True,False,jw_primary,lexical,True,Indian Space Research Organisation (ISRO),True,True,True,False,strict_lexical_hit,strict_lexical_hit,timeout,0.0,28.0,0.0,0.0,0.8571,0.45,anchor_typo,0.0,True,False,False,False,True,False,False,False,False,False,False,,,,fetch_failed_lexical_hit
Axis Bank,axismf.com,https://axisofenglish.com,0.0,Low,0.0,weak_evidence,0.8615,0.8615,0.4706,0.4706,True,False,jw_primary,lexical,True,Axis Bank,True,True,True,False,strict_lexical_hit,strict_lexical_hit,timeout,0.0,25.8462,0.0,0.0,0.4706,0.45,anchor_typo,0.0,True,False,False,False,True,False,False,False,False,False,False,,,,fetch_failed_lexical_hit
National Informatics Centre (NIC),cloud.gov.in,https://cloud-db.net,0.0,Low,0.0,weak_evidence,0.925,0.925,0.7692,0.7692,True,True,brand_token_match|jw_primary,lexical,True,National Informatics Centre (NIC),True,True,True,False,strict_lexical_hit,strict_lexical_hit,timeout,0.0,27.75,0.0,0.0,0.7692,0.45,anchor_typo,0.0,True,False,False,False,True,False,False,False,False,False,False,,,,fetch_failed_lexical_hit
National Informatics Centre (NIC),nic.gov.in,https://nizci.com,0.0,Low,0.0,weak_evidence,0.8933,0.8933,0.75,0.75,True,False,jw_primary,lexical,True,National Informatics Centre (NIC),True,True,True,False,strict_lexical_hit,strict_lexical_hit,timeout,0.0,26.8,0.0,0.0,0.75,0.45,anchor_typo,0.0,True,False,False,False,True,False,False,False,False,False,False,,,,fetch_failed_lexical_hit
Income Tax Department,incometaxindia.gov.in,https://incomelingo.com,0.0,Low,0.0,weak_evidence,0.8597,0.8597,0.64,0.64,True,False,jw_primary,lexical,True,Income Tax Department,True,True,True,False,strict_lexical_hit,strict_lexical_hit,timeout,0.0,25.7922,0.0,0.0,0.64,0.45,anchor_typo,0.0,True,False,False,False,True,False,False,False,False,False,False,,,,fetch_failed_lexical_hit
National Informatics Centre (NIC),accounts.mgovcloud.in,https://vmware-cloud-607484415.click,0.0,Low,0.0,weak_evidence,0.7424,0.7424,0.3704,0.3704,True,True,brand_token_match,lexical,False,,True,True,False,False,strict_lexical_hit,strict_lexical_hit,timeout,0.0,22.2727,0.0,0.0,0.3704,0.45,below_min_score,0.0,False,False,False,False,False,False,False,False,False,False,False,,,,fetch_failed_lexical_hit
State Bank of India (SBI),homeloans.sbi,https://houmalens.org,0.0,Low,0.0,weak_evidence,0.9074,0.9074,0.6667,0.6667,True,False,jw_primary,lexical,True,State Bank of India (SBI),True,True,True,False,strict_lexical_hit,strict_lexical_hit,timeout,0.0,27.2222,0.0,0.0,0.6667,0.45,anchor_typo,0.0,True,False,False,False,True,False,False,False,False,False,False,,,,fetch_failed_lexical_hit
National Informatics Centre (NIC),kavach.mail.gov.in,https://mailsurparse.com,0.0,Low,0.0,weak_evidence,0.8667,0.8667,0.5,0.5,True,False,jw_primary,lexical,True,National Informatics Centre (NIC),True,True,True,False,strict_lexical_hit,strict_lexical_hit,timeout,0.0,26.0,0.0,0.0,0.5,0.45,anchor_typo,0.0,True,False,False,False,True,False,False,False,False,False,False,,,,fetch_failed_lexical_hit
National Informatics Centre (NIC),kavach.mail.gov.in,https://mailetta.store,0.0,Low,0.0,weak_evidence,0.9,0.9,0.6667,0.6667,True,False,jw_primary,lexical,True,National Informatics Centre (NIC),True,True,True,False,strict_lexical_hit,strict_lexical_hit,timeout,0.0,27.0,0.0,0.0,0.6667,0.45,anchor_typo,0.0,True,False,False,False,True,False,False,False,False,False,False,,,,fetch_failed_lexical_hit
State Bank of India (SBI),sbi.co.in,https://sbibi.net,0.0,Low,0.0,weak_evidence,0.9067,0.9067,0.75,0.75,True,False,jw_primary,lexical,True,State Bank of India (SBI),True,True,True,False,strict_lexical_hit,strict_lexical_hit,timeout,0.0,27.2,0.0,0.0,0.75,0.45,anchor_typo,0.0,True,False,False,False,True,False,False,False,False,False,False,,,,fetch_failed_lexical_hit
National Informatics Centre (NIC),kavach.mail.gov.in,https://mailbreach.com,0.0,Low,0.0,weak_evidence,0.88,0.88,0.5714,0.5714,True,False,jw_primary,lexical,True,National Informatics Centre (NIC),True,True,True,False,strict_lexical_hit,strict_lexical_hit,timeout,0.0,26.4,0.0,0.0,0.5714,0.45,anchor_typo,0.0,True,False,False,False,True,False,False,False,False,False,False,,,,fetch_failed_lexical_hit
National Informatics Centre (NIC),cloud.gov.in,https://cloudplanet.cat,0.0,Low,0.0,weak_evidence,0.8909,0.8909,0.625,0.625,True,False,jw_primary,lexical,True,National Informatics Centre (NIC),True,True,True,False,strict_lexical_hit,strict_lexical_hit,timeout,0.0,26.7273,0.0,0.0,0.625,0.45,anchor_typo,0.0,True,False,False,False,True,False,False,False,False,False,False,,,,fetch_failed_lexical_hit
Axis Bank,axismf.com,https://axsms.com,0.0,Low,0.0,weak_evidence,0.8578,0.8578,0.7273,0.7573,True,False,jw_primary,lexical,True,Axis Bank,True,True,True,False,strict_lexical_hit,strict_lexical_hit,timeout,0.0,25.7333,0.0,0.0,0.7573,0.45,anchor_typo,0.0,True,False,False,False,True,False,False,False,False,False,False,,,,fetch_failed_lexical_hit
National Informatics Centre (NIC),cloud.gov.in,https://cloud-adtrackhub.click,0.0,Low,0.0,weak_evidence,0.8625,0.8625,0.4762,0.4762,True,True,brand_token_match|jw_primary,lexical,True,National Informatics Centre (NIC),True,True,True,False,strict_lexical_hit,strict_lexical_hit,timeout,0.0,25.875,0.0,0.0,0.4762,0.45,anchor_typo,0.0,True,False,False,False,True,False,False,False,False,False,False,,,,fetch_failed_lexical_hit
National Informatics Centre (NIC),cloud.gov.in,https://cloudnineglow.com,0.0,Low,0.0,weak_evidence,0.8769,0.8769,0.5556,0.5556,True,False,jw_primary,lexical,True,National Informatics Centre (NIC),True,True,True,False,strict_lexical_hit,strict_lexical_hit,timeout,0.0,26.3077,0.0,0.0,0.5556,0.45,anchor_typo,0.0,True,False,False,False,True,False,False,False,False,False,False,,,,fetch_failed_lexical_hit
National Health Authority (NHA),nha.gov.in,https://nhomag.com,0.0,Low,0.0,weak_evidence,0.8667,0.8667,0.6667,0.6667,True,False,jw_primary,lexical,True,National Health Authority (NHA),True,True,True,False,strict_lexical_hit,strict_lexical_hit,timeout,0.0,26.0,0.0,0.0,0.6667,0.45,anchor_typo,0.0,True,False,False,False,True,False,False,False,False,False,False,,,,fetch_failed_lexical_hit
Bharat Sanchar Nigam Limited (BSNL),bsnl.co.in,https://portal-inter-room.com,0.0,Low,0.0,weak_evidence,0.5,0.3725,0.0952,0.5,True,True,brand_token_match,lexical,False,,True,True,False,False,strict_lexical_hit,strict_lexical_hit,timeout,0.0,15.0,0.0,0.0,0.5,0.45,anchor_typo,0.0,True,False,False,False,True,False,False,False,False,False,False,,,,fetch_failed_lexical_hit
National Informatics Centre (NIC),cloud.gov.in,https://clamoutdoor.net,0.0,Low,0.0,weak_evidence,0.8545,0.8545,0.625,0.625,True,False,jw_primary,lexical,True,National Informatics Centre (NIC),True,True,True,False,strict_lexical_hit,strict_lexical_hit,timeout,0.0,25.6364,0.0,0.0,0.625,0.45,anchor_typo,0.0,True,False,False,False,True,False,False,False,False,False,False,,,,fetch_failed_lexical_hit
State Bank of India (SBI),homeloans.sbi,https://homein.love,0.0,Low,0.0,weak_evidence,0.8778,0.8778,0.6667,0.6667,True,False,jw_primary,lexical,True,State Bank of India (SBI),True,True,True,False,strict_lexical_hit,strict_lexical_hit,timeout,0.0,26.3333,0.0,0.0,0.6667,0.45,anchor_typo,0.0,True,False,False,False,True,False,False,False,False,False,False,,,,fetch_failed_lexical_hit
IndusInd Bank,indusind.bank.in,https://indesd.com,0.0,Low,0.0,weak_evidence,0.8736,0.8736,0.7143,0.7143,True,False,jw_primary,lexical,True,IndusInd Bank,True,True,True,False,strict_lexical_hit,strict_lexical_hit,timeout,0.0,26.2083,0.0,0.0,0.7143,0.45,anchor_typo,0.0,True,False,False,False,True,False,False,False,False,False,False,,,,fetch_failed_lexical_hit
"Unique Identification Authority of India (UIDAI)
",uidai.gov.in,https://uidaiaadhardownload.com,0.0,Low,0.0,weak_evidence,0.8526,0.8526,0.4167,0.4167,True,False,jw_primary,lexical,True,"Unique Identification Authority of India (UIDAI)
",True,True,True,False,strict_lexical_hit,strict_lexical_hit,timeout,0.0,25.5789,0.0,0.0,0.4167,0.45,below_min_score,0.0,False,False,False,False,False,False,False,False,False,False,False,,,,fetch_failed_lexical_hit
Reserve Bank of India (RBI),rbi.org.in,https://rbdmis.com,0.0,Low,0.0,weak_evidence,0.8667,0.8667,0.6667,0.6667,True,False,jw_primary,lexical,True,Reserve Bank of India (RBI),True,True,True,False,strict_lexical_hit,strict_lexical_hit,timeout,0.0,26.0,0.0,0.0,0.6667,0.45,anchor_typo,0.0,True,False,False,False,True,False,False,False,False,False,False,,,,fetch_failed_lexical_hit
Airtel,airtelpayments.bank.in,https://airtel-merchants.club,0.0,Low,0.0,weak_evidence,0.9048,0.9048,0.7333,0.7333,True,True,brand_token_match|jw_primary,lexical,True,Airtel,True,True,True,False,strict_lexical_hit,strict_lexical_hit,timeout,0.0,27.1429,0.0,0.0,0.7333,0.45,anchor_typo,0.0,True,False,False,False,True,False,False,False,False,False,False,,,,fetch_failed_lexical_hit
Axis Bank,axis.bank.in,https://radiaite-axis.biz,0.0,Low,0.0,weak_evidence,0.6134,0.6134,0.4167,0.4167,True,True,brand_token_match,lexical,False,,True,True,False,False,strict_lexical_hit,strict_lexical_hit,timeout,0.0,18.4033,0.0,0.0,0.4167,0.45,below_min_score,0.0,False,False,False,False,False,False,False,False,False,False,False,,,,fetch_failed_lexical_hit
"Civil Registration System, MHA (RGCCI)",crsorgi.gov.in,https://corgi.dev,0.0,Low,0.0,weak_evidence,0.8543,0.8543,0.8333,0.8333,True,False,jw_primary,lexical,True,"Civil Registration System, MHA (RGCCI)",True,True,True,False,strict_lexical_hit,strict_lexical_hit,timeout,0.0,25.6286,0.0,0.0,0.8333,0.45,anchor_typo,0.0,True,False,False,False,True,False,False,False,False,False,False,,,,fetch_failed_lexical_hit
Axis Bank,axismaxlife.com,https://axiscalibration.com,0.0,Low,0.0,weak_evidence,0.8533,0.8533,0.4211,0.4211,True,False,jw_primary,lexical,True,Axis Bank,True,True,True,False,strict_lexical_hit,strict_lexical_hit,timeout,0.0,25.6,0.0,0.0,0.4211,0.45,below_min_score,0.0,False,False,False,False,False,False,False,False,False,False,False,,,,fetch_failed_lexical_hit
National Informatics Centre (NIC),cloud.gov.in,https://cnscloud.net,0.0,Low,0.0,weak_evidence,0.8875,0.8875,0.7692,0.7692,True,False,jw_primary,lexical,True,National Informatics Centre (NIC),True,True,True,False,strict_lexical_hit,strict_lexical_hit,timeout,0.0,26.625,0.0,0.0,0.7692,0.45,anchor_typo,0.0,True,False,False,False,True,False,False,False,False,False,False,,,,fetch_failed_lexical_hit
ICICI Bank,icici.bank.in,https://icicibank.net/login,0.0,Low,0.0,weak_evidence,0.9111,0.9111,0.7143,0.7143,True,False,jw_primary,lexical,True,ICICI Bank,True,True,True,False,strict_lexical_hit,strict_lexical_hit,failed,0.0,27.3333,0.0,0.0,0.7143,0.45,anchor_typo,0.0,True,False,False,False,True,False,False,False,False,False,False,,,,fetch_failed_lexical_hit
Reserve Bank of India (RBI),rbi.org.in,https://vrbit.org,0.0,Low,0.0,weak_evidence,0.8667,0.8667,0.75,0.75,True,False,jw_primary,lexical,True,Reserve Bank of India (RBI),True,True,True,False,strict_lexical_hit,strict_lexical_hit,failed,0.0,26.0,0.0,0.0,0.75,0.45,anchor_typo,0.0,True,False,False,False,True,False,False,False,False,False,False,,,,fetch_failed_lexical_hit
National Informatics Centre (NIC),kavach.mail.gov.in,https://mailsynk.com,0.0,Low,0.0,weak_evidence,0.9,0.9,0.6667,0.6667,True,False,jw_primary,lexical,True,National Informatics Centre (NIC),True,True,True,False,strict_lexical_hit,strict_lexical_hit,failed,0.0,27.0,0.0,0.0,0.6667,0.45,anchor_typo,0.0,True,False,False,False,True,False,False,False,False,False,False,,,,fetch_failed_lexical_hit
National Informatics Centre (NIC),cloud.gov.in,https://cloudwappier.com,0.0,Low,0.0,weak_evidence,0.8833,0.8833,0.5882,0.5882,True,False,jw_primary,lexical,True,National Informatics Centre (NIC),True,True,True,False,strict_lexical_hit,strict_lexical_hit,failed,0.0,26.5,0.0,0.0,0.5882,0.45,anchor_typo,0.0,True,False,False,False,True,False,False,False,False,False,False,,,,fetch_failed_lexical_hit
Axis Bank,axis.bank.in,https://baxi559.com,0.0,Low,0.0,weak_evidence,0.8571,0.8571,0.7273,0.7273,True,False,jw_primary,lexical,True,Axis Bank,True,True,True,False,strict_lexical_hit,strict_lexical_hit,failed,0.0,25.7143,0.0,0.0,0.7273,0.45,anchor_typo,0.0,True,False,False,False,True,False,False,False,False,False,False,,,,fetch_failed_lexical_hit
National Informatics Centre (NIC),nic.gov.in,https://nic-co.com,0.0,Low,0.0,weak_evidence,0.8833,0.8833,0.6667,0.6667,True,True,brand_token_match|jw_primary,lexical,True,National Informatics Centre (NIC),True,True,True,False,strict_lexical_hit,strict_lexical_hit,failed,0.0,26.5,0.0,0.0,0.6667,0.45,anchor_typo,0.0,True,False,False,False,True,False,False,False,False,False,False,,,,fetch_failed_lexical_hit
National Informatics Centre (NIC),kavach.mail.gov.in,https://manilast.com,0.0,Low,0.0,weak_evidence,0.8667,0.8667,0.6667,0.6667,True,False,jw_primary,lexical,True,National Informatics Centre (NIC),True,True,True,False,strict_lexical_hit,strict_lexical_hit,failed,0.0,26.0,0.0,0.0,0.6667,0.45,anchor_typo,0.0,True,False,False,False,True,False,False,False,False,False,False,,,,fetch_failed_lexical_hit
National Informatics Centre (NIC),cloud.gov.in,https://chia-cloud.com,0.0,Low,0.0,weak_evidence,0.6852,0.6852,0.5263,0.5263,True,True,brand_token_match,lexical,False,,True,True,False,False,strict_lexical_hit,strict_lexical_hit,failed,0.0,20.5556,0.0,0.0,0.5263,0.45,anchor_typo,0.0,True,False,False,False,True,False,False,False,False,False,False,,,,fetch_failed_lexical_hit
BSE Ltd.,bseindia.com,https://seplindia.com,0.0,Low,0.0,weak_evidence,0.8843,0.8843,0.8235,0.8535,True,False,jw_primary,lexical,True,BSE Ltd.,True,True,True,False,strict_lexical_hit,strict_lexical_hit,failed,0.0,26.5278,0.0,0.0,0.8535,0.45,anchor_typo,0.0,True,False,False,False,True,False,False,False,False,False,False,,,,fetch_failed_lexical_hit
National Informatics Centre (NIC),cloud.gov.in,https://clouduniq.com,0.0,Low,0.0,weak_evidence,0.9111,0.9111,0.7143,0.7143,True,False,jw_primary,lexical,True,National Informatics Centre (NIC),True,True,True,False,strict_lexical_hit,strict_lexical_hit,failed,0.0,27.3333,0.0,0.0,0.7143,0.45,anchor_typo,0.0,True,False,False,False,True,False,False,False,False,False,False,,,,fetch_failed_lexical_hit
National Informatics Centre (NIC),cloud.gov.in,https://nda-cloud.ru,0.0,Low,0.0,weak_evidence,0.7143,0.437,0.7143,0.7143,True,True,brand_token_match,lexical,False,,True,True,False,False,strict_lexical_hit,strict_lexical_hit,failed,0.0,21.4286,0.0,0.0,0.7143,0.45,anchor_typo,0.0,True,False,False,False,True,False,False,False,False,False,False,,,,fetch_failed_lexical_hit
National Informatics Centre (NIC),kavach.mail.gov.in,https://mailboxmeds.com,0.0,Low,0.0,weak_evidence,0.8727,0.8727,0.5333,0.5333,True,False,jw_primary,lexical,True,National Informatics Centre (NIC),True,True,True,False,strict_lexical_hit,strict_lexical_hit,failed,0.0,26.1818,0.0,0.0,0.5333,0.45,anchor_typo,0.0,True,False,False,False,True,False,False,False,False,False,False,,,,fetch_failed_lexical_hit
parivahan sewa,parivahan.gov.in,https://parkana.com,0.0,Low,0.0,weak_evidence,0.85,0.85,0.625,0.625,True,False,jw_primary,lexical,True,parivahan sewa,True,True,True,False,strict_lexical_hit,strict_lexical_hit,failed,0.0,25.5,0.0,0.0,0.625,0.45,anchor_typo,0.0,True,False,False,False,True,False,False,False,False,False,False,,,,fetch_failed_lexical_hit
National Informatics Centre (NIC),cloud.gov.in,https://icloudemy.org,0.0,Low,0.0,weak_evidence,0.8519,0.8519,0.7143,0.7143,True,False,jw_primary,lexical,True,National Informatics Centre (NIC),True,True,True,False,strict_lexical_hit,strict_lexical_hit,failed,0.0,25.5556,0.0,0.0,0.7143,0.45,anchor_typo,0.0,True,False,False,False,True,False,False,False,False,False,False,,,,fetch_failed_lexical_hit
National Informatics Centre (NIC),cloud.gov.in,https://cloudpayai.com,0.0,Low,0.0,weak_evidence,0.9,0.9,0.6667,0.6667,True,False,jw_primary,lexical,True,National Informatics Centre (NIC),True,True,True,False,strict_lexical_hit,strict_lexical_hit,failed,0.0,27.0,0.0,0.0,0.6667,0.45,anchor_typo,0.0,True,False,False,False,True,False,False,False,False,False,False,,,,fetch_failed_lexical_hit
Airtel,airtel.in,https://air38.org,0.0,Low,0.0,weak_evidence,0.8756,0.8756,0.7273,0.7273,True,False,jw_primary,lexical,True,Airtel,True,True,True,False,strict_lexical_hit,strict_lexical_hit,failed,0.0,26.2667,0.0,0.0,0.7273,0.45,anchor_typo,0.0,True,False,False,False,True,False,False,False,False,False,False,,,,fetch_failed_lexical_hit
National Informatics Centre (NIC),nic.gov.in,https://nickshaw.net,0.0,Low,0.0,weak_evidence,0.8542,0.8542,0.5455,0.5455,True,False,jw_primary,lexical,True,National Informatics Centre (NIC),True,True,True,False,strict_lexical_hit,strict_lexical_hit,failed,0.0,25.625,0.0,0.0,0.5455,0.45,anchor_typo,0.0,True,False,False,False,True,False,False,False,False,False,False,,,,fetch_failed_lexical_hit
IndusInd Bank,indusind.bank.in,https://indusweb.com,0.0,Low,0.0,weak_evidence,0.85,0.85,0.625,0.625,True,False,jw_primary,lexical,True,IndusInd Bank,True,True,True,False,strict_lexical_hit,strict_lexical_hit,failed,0.0,25.5,0.0,0.0,0.625,0.45,anchor_typo,0.0,True,False,False,False,True,False,False,False,False,False,False,,,,fetch_failed_lexical_hit
National Informatics Centre (NIC),cloud.gov.in,https://c1osyu.vip,0.0,Low,0.0,weak_evidence,0.8756,0.8756,0.7273,0.7273,True,False,jw_primary,lexical,True,National Informatics Centre (NIC),True,True,True,False,strict_lexical_hit,strict_lexical_hit,failed,0.0,26.2667,0.0,0.0,0.7273,0.45,anchor_typo,0.0,True,False,False,False,True,False,False,False,False,False,False,,,,fetch_failed_lexical_hit
Bharat Sanchar Nigam Limited (BSNL),bsnl.co.in,https://portal-mei.shop,0.0,Low,0.0,weak_evidence,0.5714,0.45,0.1429,0.5714,True,True,brand_token_match,lexical,False,,True,True,False,False,strict_lexical_hit,strict_lexical_hit,failed,0.0,17.1429,0.0,0.0,0.5714,0.45,anchor_typo,0.0,True,False,False,False,True,False,False,False,False,False,False,,,,fetch_failed_lexical_hit
Vodafone Idea (VI),myvi.in,https://mylotview.com,0.0,Low,0.0,weak_evidence,0.8519,0.8519,0.6154,0.6154,True,False,jw_primary,lexical,True,Vodafone Idea (VI),True,True,True,False,strict_lexical_hit,strict_lexical_hit,failed,0.0,25.5556,0.0,0.0,0.6154,0.45,anchor_typo,0.0,True,False,False,False,True,False,False,False,False,False,False,,,,fetch_failed_lexical_hit
Bank of Baroda,bankofbaroda.bank.in,https://banotaa.com,0.0,Low,0.0,weak_evidence,0.85,0.85,0.6316,0.6316,True,False,jw_primary,lexical,True,Bank of Baroda,True,True,True,False,strict_lexical_hit,strict_lexical_hit,failed,0.0,25.5,0.0,0.0,0.6316,0.45,anchor_typo,0.0,True,False,False,False,True,False,False,False,False,False,False,,,,fetch_failed_lexical_hit
National Informatics Centre (NIC),kavach.mail.gov.in,https://tmain13.com,0.0,Low,0.0,weak_evidence,0.8571,0.8571,0.7273,0.7273,True,False,jw_primary,lexical,True,National Informatics Centre (NIC),True,True,True,False,strict_lexical_hit,strict_lexical_hit,failed,0.0,25.7143,0.0,0.0,0.7273,0.45,anchor_typo,0.0,True,False,False,False,True,False,False,False,False,False,False,,,,fetch_failed_lexical_hit
Axis Bank,axis.bank.in,https://aisa.ing,0.0,Low,0.0,weak_evidence,0.85,0.85,0.75,0.75,True,False,jw_primary,lexical,True,Axis Bank,True,True,True,False,strict_lexical_hit,strict_lexical_hit,failed,0.0,25.5,0.0,0.0,0.75,0.45,anchor_typo,0.0,True,False,False,False,True,False,False,False,False,False,False,,,,fetch_failed_lexical_hit
National Informatics Centre (NIC),cloud.gov.in,https://cloudify.my.id,0.0,Low,0.0,weak_evidence,0.925,0.925,0.7692,0.7692,True,False,jw_primary,lexical,True,National Informatics Centre (NIC),True,True,True,False,strict_lexical_hit,strict_lexical_hit,failed,0.0,27.75,0.0,0.0,0.7692,0.45,anchor_typo,0.0,True,False,False,False,True,False,False,False,False,False,False,,,,fetch_failed_lexical_hit
Axis Bank,axismaxlife.com,https://axisholdingpr.com,0.0,Low,0.0,weak_evidence,0.8615,0.8615,0.4706,0.4706,True,False,jw_primary,lexical,True,Axis Bank,True,True,True,False,strict_lexical_hit,strict_lexical_hit,failed,0.0,25.8462,0.0,0.0,0.4706,0.45,anchor_typo,0.0,True,False,False,False,True,False,False,False,False,False,False,,,,fetch_failed_lexical_hit
Axis Bank,axis.bank.in,https://axisgroup.com.tr,0.0,Low,0.0,weak_evidence,0.8889,0.8889,0.6154,0.6154,True,False,jw_primary,lexical,True,Axis Bank,True,True,True,False,strict_lexical_hit,strict_lexical_hit,failed,0.0,26.6667,0.0,0.0,0.6154,0.45,anchor_typo,0.0,True,False,False,False,True,False,False,False,False,False,False,,,,fetch_failed_lexical_hit
National Health Authority (NHA),abdm.gov.in,https://amdm.info,0.0,Low,0.0,weak_evidence,0.85,0.85,0.75,0.75,True,False,jw_primary,lexical,True,National Health Authority (NHA),True,True,True,False,strict_lexical_hit,strict_lexical_hit,failed,0.0,25.5,0.0,0.0,0.75,0.45,anchor_typo,0.0,True,False,False,False,True,False,False,False,False,False,False,,,,fetch_failed_lexical_hit
State Bank of India (SBI),sbisecurities.in,https://experience-retail.org,0.0,Low,0.0,weak_evidence,0.5072,0.5072,0.4,0.4,True,True,brand_token_match,lexical,False,,True,True,False,False,strict_lexical_hit,strict_lexical_hit,failed,0.0,15.2165,0.0,0.0,0.4,0.45,below_min_score,0.0,False,False,False,False,False,False,False,False,False,False,False,,,,fetch_failed_lexical_hit
National Informatics Centre (NIC),cloud.gov.in,https://cloudvshop.com,0.0,Low,0.0,weak_evidence,0.9,0.9,0.6667,0.6667,True,False,jw_primary,lexical,True,National Informatics Centre (NIC),True,True,True,False,strict_lexical_hit,strict_lexical_hit,failed,0.0,27.0,0.0,0.0,0.6667,0.45,anchor_typo,0.0,True,False,False,False,True,False,False,False,False,False,False,,,,fetch_failed_lexical_hit
National Informatics Centre (NIC),cloud.gov.in,https://fire-cloud.top,0.0,Low,0.0,weak_evidence,0.6852,0.6852,0.5263,0.5263,True,True,brand_token_match,lexical,False,,True,True,False,False,strict_lexical_hit,strict_lexical_hit,failed,0.0,20.5556,0.0,0.0,0.5263,0.45,anchor_typo,0.0,True,False,False,False,True,False,False,False,False,False,False,,,,fetch_failed_lexical_hit
National Informatics Centre (NIC),cloud.gov.in,https://cloudlandpools.com,0.0,Low,0.0,weak_evidence,0.8714,0.8714,0.5263,0.5263,True,False,jw_primary,lexical,True,National Informatics Centre (NIC),True,True,True,False,strict_lexical_hit,strict_lexical_hit,failed,0.0,26.1429,0.0,0.0,0.5263,0.45,anchor_typo,0.0,True,False,False,False,True,False,False,False,False,False,False,,,,fetch_failed_lexical_hit
Axis Bank,axismaxlife.com,https://axis-mechanical.com,0.0,Low,0.0,weak_evidence,0.8533,0.8533,0.4211,0.4211,True,True,brand_token_match|jw_primary,lexical,True,Axis Bank,True,True,True,False,strict_lexical_hit,strict_lexical_hit,failed,0.0,25.6,0.0,0.0,0.4211,0.45,below_min_score,0.0,False,False,False,False,False,False,False,False,False,False,False,,,,fetch_failed_lexical_hit
State Bank of India (SBI),sbicard.com,https://homesincoralridge.com,0.0,Low,0.0,weak_evidence,0.8614,0.8614,0.4615,0.4615,True,False,jw_primary,lexical,True,State Bank of India (SBI),True,True,True,False,strict_lexical_hit,strict_lexical_hit,failed,0.0,25.8431,0.0,0.0,0.4615,0.45,anchor_typo,0.0,True,False,False,False,True,False,False,False,False,False,False,,,,fetch_failed_lexical_hit
All India Institute of Medical Sciences (AIIMS),aiims.edu,https://aibism.com,0.0,Low,0.0,weak_evidence,0.9022,0.9022,0.7273,0.7273,True,False,jw_primary,lexical,True,All India Institute of Medical Sciences (AIIMS),True,True,True,False,strict_lexical_hit,strict_lexical_hit,failed,0.0,27.0667,0.0,0.0,0.7273,0.45,anchor_typo,0.0,True,False,False,False,True,False,False,False,False,False,False,,,,fetch_failed_lexical_hit
National Informatics Centre (NIC),cloud.gov.in,https://cloud4n6ctfacademy.com,0.0,Low,0.0,weak_evidence,0.8556,0.8556,0.4348,0.4348,True,False,jw_primary,lexical,True,National Informatics Centre (NIC),True,True,True,False,strict_lexical_hit,strict_lexical_hit,failed,0.0,25.6667,0.0,0.0,0.4348,0.45,below_min_score,0.0,False,False,False,False,False,False,False,False,False,False,False,,,,fetch_failed_lexical_hit
National Informatics Centre (NIC),cloud.gov.in,https://cloud-connect.cloud,0.0,Low,0.0,weak_evidence,0.8769,0.8769,0.5556,0.5556,True,True,brand_token_match|jw_primary,lexical,True,National Informatics Centre (NIC),True,True,True,False,strict_lexical_hit,strict_lexical_hit,failed,0.0,26.3077,0.0,0.0,0.5556,0.45,anchor_typo,0.0,True,False,False,False,True,False,False,False,False,False,False,,,,fetch_failed_lexical_hit
Airtel,airtel.in,https://aristogel.com,0.0,Low,0.0,weak_evidence,0.85,0.85,0.6667,0.6667,True,False,jw_primary,lexical,True,Airtel,True,True,True,False,strict_lexical_hit,strict_lexical_hit,failed,0.0,25.5,0.0,0.0,0.6667,0.45,anchor_typo,0.0,True,False,False,False,True,False,False,False,False,False,False,,,,fetch_failed_lexical_hit
Computer Age Management Services Ltd. (CAMS),camsonline.com,https://casaromaonline.com,0.0,Low,0.0,weak_evidence,0.8971,0.8971,0.75,0.78,True,False,jw_primary,lexical,True,Computer Age Management Services Ltd. (CAMS),True,True,True,False,strict_lexical_hit,strict_lexical_hit,failed,0.0,26.9143,0.0,0.0,0.78,0.45,anchor_typo,0.0,True,False,False,False,True,False,False,False,False,False,False,,,,fetch_failed_lexical_hit
National Informatics Centre (NIC),cloud.gov.in,https://cloudcorrector.com,0.0,Low,0.0,weak_evidence,0.8714,0.8714,0.5263,0.5263,True,False,jw_primary,lexical,True,National Informatics Centre (NIC),True,True,True,False,strict_lexical_hit,strict_lexical_hit,failed,0.0,26.1429,0.0,0.0,0.5263,0.45,anchor_typo,0.0,True,False,False,False,True,False,False,False,False,False,False,,,,fetch_failed_lexical_hit
National Informatics Centre (NIC),nic.gov.in,https://niceol.net,0.0,Low,0.0,weak_evidence,0.8833,0.8833,0.6667,0.6667,True,False,jw_primary,lexical,True,National Informatics Centre (NIC),True,True,True,False,strict_lexical_hit,strict_lexical_hit,failed,0.0,26.5,0.0,0.0,0.6667,0.45,anchor_typo,0.0,True,False,False,False,True,False,False,False,False,False,False,,,,fetch_failed_lexical_hit
National Informatics Centre (NIC),kavach.mail.gov.in,https://mainelylv.com,0.0,Low,0.0,weak_evidence,0.8704,0.8704,0.6154,0.6154,True,False,jw_primary,lexical,True,National Informatics Centre (NIC),True,True,True,False,strict_lexical_hit,strict_lexical_hit,failed,0.0,26.1111,0.0,0.0,0.6154,0.45,anchor_typo,0.0,True,False,False,False,True,False,False,False,False,False,False,,,,fetch_failed_lexical_hit
IndusInd Bank,indusind.bank.in,https://industrialdoorco.org,0.0,Low,0.0,weak_evidence,0.8625,0.8625,0.5833,0.5833,True,False,jw_primary,lexical,True,IndusInd Bank,True,True,True,False,strict_lexical_hit,strict_lexical_hit,failed,0.0,25.875,0.0,0.0,0.5833,0.45,anchor_typo,0.0,True,False,False,False,True,False,False,False,False,False,False,,,,fetch_failed_lexical_hit
State Bank of India (SBI),homeloans.sbi,https://homemah.com,0.0,Low,0.0,weak_evidence,0.854,0.854,0.625,0.625,True,False,jw_primary,lexical,True,State Bank of India (SBI),True,True,True,False,strict_lexical_hit,strict_lexical_hit,failed,0.0,25.619,0.0,0.0,0.625,0.45,anchor_typo,0.0,True,False,False,False,True,False,False,False,False,False,False,,,,fetch_failed_lexical_hit
Airtel,airtel.in,https://kartel.support,0.0,Low,0.0,weak_evidence,0.8889,0.8889,0.8333,0.8333,True,False,jw_primary,lexical,True,Airtel,True,True,True,False,strict_lexical_hit,strict_lexical_hit,failed,0.0,26.6667,0.0,0.0,0.8333,0.45,anchor_typo,0.0,True,False,False,False,True,False,False,False,False,False,False,,,,fetch_failed_lexical_hit
National Informatics Centre (NIC),cloud.gov.in,https://devcloud.space,0.0,Low,0.0,weak_evidence,0.875,0.875,0.7692,0.7692,True,False,jw_primary,lexical,True,National Informatics Centre (NIC),True,True,True,False,strict_lexical_hit,strict_lexical_hit,failed,0.0,26.25,0.0,0.0,0.7692,0.45,anchor_typo,0.0,True,False,False,False,True,False,False,False,False,False,False,,,,fetch_failed_lexical_hit
parivahan sewa,parivahan.gov.in,https://parihar.dev,0.0,Low,0.0,weak_evidence,0.8714,0.8714,0.75,0.75,True,False,jw_primary,lexical,True,parivahan sewa,True,True,True,False,strict_lexical_hit,strict_lexical_hit,failed,0.0,26.1429,0.0,0.0,0.75,0.45,anchor_typo,0.0,True,False,False,False,True,False,False,False,False,False,False,,,,fetch_failed_lexical_hit
National Informatics Centre (NIC),cloud.gov.in,https://cloudsmanship.com,0.0,Low,0.0,weak_evidence,0.8769,0.8769,0.5556,0.5556,True,False,jw_primary,lexical,True,National Informatics Centre (NIC),True,True,True,False,strict_lexical_hit,strict_lexical_hit,failed,0.0,26.3077,0.0,0.0,0.5556,0.45,anchor_typo,0.0,True,False,False,False,True,False,False,False,False,False,False,,,,fetch_failed_lexical_hit
National Informatics Centre (NIC),cloud.gov.in,https://xcloudit.com,0.0,Low,0.0,weak_evidence,0.875,0.875,0.7692,0.7692,True,False,jw_primary,lexical,True,National Informatics Centre (NIC),True,True,True,False,strict_lexical_hit,strict_lexical_hit,failed,0.0,26.25,0.0,0.0,0.7692,0.45,anchor_typo,0.0,True,False,False,False,True,False,False,False,False,False,False,,,,fetch_failed_lexical_hit
National Informatics Centre (NIC),kavach.mail.gov.in,https://mainzlks.com,0.0,Low,0.0,weak_evidence,0.8833,0.8833,0.6667,0.6667,True,False,jw_primary,lexical,True,National Informatics Centre (NIC),True,True,True,False,strict_lexical_hit,strict_lexical_hit,failed,0.0,26.5,0.0,0.0,0.6667,0.45,anchor_typo,0.0,True,False,False,False,True,False,False,False,False,False,False,,,,fetch_failed_lexical_hit
National Informatics Centre (NIC),cloud.gov.in,https://ki-cloud.net,0.0,Low,0.0,weak_evidence,0.875,0.875,0.7692,0.7692,True,True,brand_token_match|jw_primary,lexical,True,National Informatics Centre (NIC),True,True,True,False,strict_lexical_hit,strict_lexical_hit,failed,0.0,26.25,0.0,0.0,0.7692,0.45,anchor_typo,0.0,True,False,False,False,True,False,False,False,False,False,False,,,,fetch_failed_lexical_hit
State Bank of India (SBI),homeloans.sbi,https://homeovista.lat,0.0,Low,0.0,weak_evidence,0.867,0.867,0.6316,0.6316,True,False,jw_primary,lexical,True,State Bank of India (SBI),True,True,True,False,strict_lexical_hit,strict_lexical_hit,failed,0.0,26.0095,0.0,0.0,0.6316,0.45,anchor_typo,0.0,True,False,False,False,True,False,False,False,False,False,False,,,,fetch_failed_lexical_hit
National Informatics Centre (NIC),accounts.mgovcloud.in,https://gov-icloud.com,0.0,Low,0.0,weak_evidence,0.8963,0.8963,0.8421,0.8421,True,False,jw_primary,lexical,True,National Informatics Centre (NIC),True,True,True,False,strict_lexical_hit,strict_lexical_hit,failed,0.0,26.8889,0.0,0.0,0.8421,0.45,anchor_typo,0.0,True,False,False,False,True,False,False,False,False,False,False,,,,fetch_failed_lexical_hit
National Informatics Centre (NIC),kavach.mail.gov.in,https://maidello.com,0.0,Low,0.0,weak_evidence,0.8833,0.8833,0.6667,0.6667,True,False,jw_primary,lexical,True,National Informatics Centre (NIC),True,True,True,False,strict_lexical_hit,strict_lexical_hit,failed,0.0,26.5,0.0,0.0,0.6667,0.45,anchor_typo,0.0,True,False,False,False,True,False,False,False,False,False,False,,,,fetch_failed_lexical_hit
National Informatics Centre (NIC),accounts.mgovcloud.in,https://grogcloud.com,0.0,Low,0.0,weak_evidence,0.8519,0.8519,0.7778,0.7778,True,False,jw_primary,lexical,True,National Informatics Centre (NIC),True,True,True,False,strict_lexical_hit,strict_lexical_hit,failed,0.0,25.5556,0.0,0.0,0.7778,0.45,anchor_typo,0.0,True,False,False,False,True,False,False,False,False,False,False,,,,fetch_failed_lexical_hit
National Informatics Centre (NIC),nic.gov.in,https://nickt.shop,0.0,Low,0.0,weak_evidence,0.9067,0.9067,0.75,0.75,True,False,jw_primary,lexical,True,National Informatics Centre (NIC),True,True,True,False,strict_lexical_hit,strict_lexical_hit,failed,0.0,27.2,0.0,0.0,0.75,0.45,anchor_typo,0.0,True,False,False,False,True,False,False,False,False,False,False,,,,fetch_failed_lexical_hit
State Bank of India (SBI),sbilife.co.in,https://sbilstore.shop,0.0,Low,0.0,weak_evidence,0.854,0.854,0.625,0.625,True,False,jw_primary,lexical,True,State Bank of India (SBI),True,True,True,False,strict_lexical_hit,strict_lexical_hit,failed,0.0,25.619,0.0,0.0,0.625,0.45,anchor_typo,0.0,True,False,False,False,True,False,False,False,False,False,False,,,,fetch_failed_lexical_hit
National Informatics Centre (NIC),cloud.gov.in,https://nifcloud.dev,0.0,Low,0.0,weak_evidence,0.875,0.875,0.7692,0.7692,True,False,jw_primary,lexical,True,National Informatics Centre (NIC),True,True,True,False,strict_lexical_hit,strict_lexical_hit,failed,0.0,26.25,0.0,0.0,0.7692,0.45,anchor_typo,0.0,True,False,False,False,True,False,False,False,False,False,False,,,,fetch_failed_lexical_hit
National Informatics Centre (NIC),cloud.gov.in,https://cloudbot.services,0.0,Low,0.0,weak_evidence,0.925,0.925,0.7692,0.7692,True,False,jw_primary,lexical,True,National Informatics Centre (NIC),True,True,True,False,strict_lexical_hit,strict_lexical_hit,failed,0.0,27.75,0.0,0.0,0.7692,0.45,anchor_typo,0.0,True,False,False,False,True,False,False,False,False,False,False,,,,fetch_failed_lexical_hit
IndusInd Bank,indusind.bank.in,https://industriallm.com,0.0,Low,0.0,weak_evidence,0.85,0.85,0.6,0.6,True,False,jw_primary,lexical,True,IndusInd Bank,True,True,True,False,strict_lexical_hit,strict_lexical_hit,failed,0.0,25.5,0.0,0.0,0.6,0.45,anchor_typo,0.0,True,False,False,False,True,False,False,False,False,False,False,,,,fetch_failed_lexical_hit
Reserve Bank of India (RBI),rbi.org.in,https://rubric.so,0.0,Low,0.0,weak_evidence,0.85,0.85,0.6667,0.6667,True,False,jw_primary,lexical,True,Reserve Bank of India (RBI),True,True,True,False,strict_lexical_hit,strict_lexical_hit,failed,0.0,25.5,0.0,0.0,0.6667,0.45,anchor_typo,0.0,True,False,False,False,True,False,False,False,False,False,False,,,,fetch_failed_lexical_hit
Air India,airindiaexpress.com,https://airexpresslk.online,0.0,Low,0.0,weak_evidence,0.8833,0.8833,0.7407,0.7407,True,False,jw_primary,lexical,True,Air India,True,True,True,False,strict_lexical_hit,strict_lexical_hit,failed,0.0,26.5,0.0,0.0,0.7407,0.45,anchor_typo,0.0,True,False,False,False,True,False,False,False,False,False,False,,,,fetch_failed_lexical_hit
State Bank of India (SBI),homeloans.sbi,https://homelabdotdns.xyz,0.0,Low,0.0,weak_evidence,0.9162,0.9162,0.7273,0.7273,True,False,jw_primary,lexical,True,State Bank of India (SBI),True,True,True,False,strict_lexical_hit,strict_lexical_hit,failed,0.0,27.4872,0.0,0.0,0.7273,0.45,anchor_typo,0.0,True,False,False,False,True,False,False,False,False,False,False,,,,fetch_failed_lexical_hit
National Informatics Centre (NIC),cloud.gov.in,https://cloudwebselect.com,0.0,Low,0.0,weak_evidence,0.8714,0.8714,0.5263,0.5263,True,False,jw_primary,lexical,True,National Informatics Centre (NIC),True,True,True,False,strict_lexical_hit,strict_lexical_hit,failed,0.0,26.1429,0.0,0.0,0.5263,0.45,anchor_typo,0.0,True,False,False,False,True,False,False,False,False,False,False,,,,fetch_failed_lexical_hit
Canara Bank,canararobeco.com,https://canalplus-caraibes.com,0.0,Low,0.0,weak_evidence,0.8548,0.8548,0.5,0.53,True,False,jw_primary,lexical,True,Canara Bank,True,True,True,False,strict_lexical_hit,strict_lexical_hit,failed,0.0,25.6429,0.0,0.0,0.53,0.45,anchor_typo,0.0,True,False,False,False,True,False,False,False,False,False,False,,,,fetch_failed_lexical_hit
Air India,airindiaexpress.com,https://airdxp.com,0.0,Low,0.0,weak_evidence,0.86,0.86,0.5714,0.6014,True,False,jw_primary,lexical,True,Air India,True,True,True,False,strict_lexical_hit,strict_lexical_hit,failed,0.0,25.8,0.0,0.0,0.6014,0.45,anchor_typo,0.0,True,False,False,False,True,False,False,False,False,False,False,,,,fetch_failed_lexical_hit
BSE Ltd.,bseindia.com,https://sdindia.com,0.0,Low,0.0,weak_evidence,0.869,0.869,0.8,0.83,True,False,jw_primary,lexical,True,BSE Ltd.,True,True,True,False,strict_lexical_hit,strict_lexical_hit,failed,0.0,26.0714,0.0,0.0,0.83,0.45,anchor_typo,0.0,True,False,False,False,True,False,False,False,False,False,False,,,,fetch_failed_lexical_hit
National Informatics Centre (NIC),cloud.gov.in,https://cloudlect.com,0.0,Low,0.0,weak_evidence,0.9111,0.9111,0.7143,0.7143,True,False,jw_primary,lexical,True,National Informatics Centre (NIC),True,True,True,False,strict_lexical_hit,strict_lexical_hit,failed,0.0,27.3333,0.0,0.0,0.7143,0.45,anchor_typo,0.0,True,False,False,False,True,False,False,False,False,False,False,,,,fetch_failed_lexical_hit
State Bank of India (SBI),homeloans.sbi,https://homeweston.com,0.0,Low,0.0,weak_evidence,0.867,0.867,0.6316,0.6316,True,False,jw_primary,lexical,True,State Bank of India (SBI),True,True,True,False,strict_lexical_hit,strict_lexical_hit,failed,0.0,26.0095,0.0,0.0,0.6316,0.45,anchor_typo,0.0,True,False,False,False,True,False,False,False,False,False,False,,,,fetch_failed_lexical_hit
Punjab National Bank (PNB),pnb.bank.in,https://pnbalguy.com,0.0,Low,0.0,weak_evidence,0.8542,0.8542,0.5455,0.5455,True,False,jw_primary,lexical,True,Punjab National Bank (PNB),True,True,True,False,strict_lexical_hit,strict_lexical_hit,failed,0.0,25.625,0.0,0.0,0.5455,0.45,anchor_typo,0.0,True,False,False,False,True,False,False,False,False,False,False,,,,fetch_failed_lexical_hit
Kfintech,kfintech.com,https://ohfintech.com,0.0,Low,0.0,weak_evidence,0.8843,0.8843,0.8235,0.8535,True,False,jw_primary,lexical,True,Kfintech,True,True,True,False,strict_lexical_hit,strict_lexical_hit,failed,0.0,26.5278,0.0,0.0,0.8535,0.45,anchor_typo,0.0,True,False,False,False,True,False,False,False,False,False,False,,,,fetch_failed_lexical_hit
National Informatics Centre (NIC),cloud.gov.in,https://rcloud.site,0.0,Low,0.0,weak_evidence,0.9444,0.9444,0.9091,0.9091,True,False,jw_primary|token_set_primary|skeleton_similarity|host_similarity,lexical,True,National Informatics Centre (NIC),True,True,True,False,strict_lexical_hit,strict_lexical_hit,failed,0.0,28.3333,0.0,0.0,0.9091,0.45,anchor_typo,0.0,True,False,False,False,True,False,False,False,False,False,False,,,,fetch_failed_lexical_hit
National Informatics Centre (NIC),kavach.mail.gov.in,https://crmail.org,0.0,Low,0.0,weak_evidence,0.8889,0.8889,0.8,0.8,True,False,jw_primary,lexical,True,National Informatics Centre (NIC),True,True,True,False,strict_lexical_hit,strict_lexical_hit,failed,0.0,26.6667,0.0,0.0,0.8,0.45,anchor_typo,0.0,True,False,False,False,True,False,False,False,False,False,False,,,,fetch_failed_lexical_hit
National Informatics Centre (NIC),kavach.mail.gov.in,https://mailingstation.com,0.0,Low,0.0,weak_evidence,0.8571,0.8571,0.4444,0.4444,True,False,jw_primary,lexical,True,National Informatics Centre (NIC),True,True,True,False,strict_lexical_hit,strict_lexical_hit,failed,0.0,25.7143,0.0,0.0,0.4444,0.45,below_min_score,0.0,False,False,False,False,False,False,False,False,False,False,False,,,,fetch_failed_lexical_hit
State Bank of India (SBI),sbilife.co.in,https://silf.re,0.0,Low,0.0,weak_evidence,0.8714,0.8714,0.7273,0.7273,True,False,jw_primary,lexical,True,State Bank of India (SBI),True,True,True,False,strict_lexical_hit,strict_lexical_hit,failed,0.0,26.1429,0.0,0.0,0.7273,0.45,anchor_typo,0.0,True,False,False,False,True,False,False,False,False,False,False,,,,fetch_failed_lexical_hit
National Informatics Centre (NIC),cloud.gov.in,https://cloudpayrollai.com,0.0,Low,0.0,weak_evidence,0.8714,0.8714,0.5263,0.5263,True,False,jw_primary,lexical,True,National Informatics Centre (NIC),True,True,True,False,strict_lexical_hit,strict_lexical_hit,failed,0.0,26.1429,0.0,0.0,0.5263,0.45,anchor_typo,0.0,True,False,False,False,True,False,False,False,False,False,False,,,,fetch_failed_lexical_hit
National Informatics Centre (NIC),kavach.mail.gov.in,https://wsmailt.site,0.0,Low,0.0,weak_evidence,0.8571,0.8571,0.7273,0.7273,True,False,jw_primary,lexical,True,National Informatics Centre (NIC),True,True,True,False,strict_lexical_hit,strict_lexical_hit,failed,0.0,25.7143,0.0,0.0,0.7273,0.45,anchor_typo,0.0,True,False,False,False,True,False,False,False,False,False,False,,,,fetch_failed_lexical_hit
National Informatics Centre (NIC),cloud.gov.in,https://cloud-solutions.koeln,0.0,Low,0.0,weak_evidence,0.8667,0.8667,0.5,0.5,True,True,brand_token_match|jw_primary,lexical,True,National Informatics Centre (NIC),True,True,True,False,strict_lexical_hit,strict_lexical_hit,failed,0.0,26.0,0.0,0.0,0.5,0.45,anchor_typo,0.0,True,False,False,False,True,False,False,False,False,False,False,,,,fetch_failed_lexical_hit
Canara Bank,canarabank.bank.in,https://canarychannel.com,0.0,Low,0.0,weak_evidence,0.8567,0.8567,0.5185,0.5485,True,False,jw_primary,lexical,True,Canara Bank,True,True,True,False,strict_lexical_hit,strict_lexical_hit,failed,0.0,25.7011,0.0,0.0,0.5485,0.45,anchor_typo,0.0,True,False,False,False,True,False,False,False,False,False,False,,,,fetch_failed_lexical_hit
Reserve Bank of India (RBI),rbi.org.in,https://rbide.com,0.0,Low,0.0,weak_evidence,0.9067,0.9067,0.75,0.75,True,False,jw_primary,lexical,True,Reserve Bank of India (RBI),True,True,True,False,strict_lexical_hit,strict_lexical_hit,failed,0.0,27.2,0.0,0.0,0.75,0.45,anchor_typo,0.0,True,False,False,False,True,False,False,False,False,False,False,,,,fetch_failed_lexical_hit
State Bank of India (SBI),homeloans.sbi,https://homeleasrrr.com,0.0,Low,0.0,weak_evidence,0.8828,0.8828,0.7,0.7,True,False,jw_primary,lexical,True,State Bank of India (SBI),True,True,True,False,strict_lexical_hit,strict_lexical_hit,failed,0.0,26.4848,0.0,0.0,0.7,0.45,anchor_typo,0.0,True,False,False,False,True,False,False,False,False,False,False,,,,fetch_failed_lexical_hit
State Bank of India (SBI),homeloans.sbi,https://homeoval.com,0.0,Low,0.0,weak_evidence,0.902,0.902,0.7059,0.7059,True,False,jw_primary,lexical,True,State Bank of India (SBI),True,True,True,False,strict_lexical_hit,strict_lexical_hit,failed,0.0,27.0595,0.0,0.0,0.7059,0.45,anchor_typo,0.0,True,False,False,False,True,False,False,False,False,False,False,,,,fetch_failed_lexical_hit
Jio,jio.com,https://jucior.com,0.0,Low,0.0,weak_evidence,0.85,0.85,0.6667,0.6967,True,False,jw_primary,lexical,True,Jio,True,True,True,False,strict_lexical_hit,strict_lexical_hit,failed,0.0,25.5,0.0,0.0,0.6967,0.45,anchor_typo,0.0,True,False,False,False,True,False,False,False,False,False,False,,,,fetch_failed_lexical_hit
National Informatics Centre (NIC),kavach.mail.gov.in,https://macizle9.site,0.0,Low,0.0,weak_evidence,0.8667,0.8667,0.6667,0.6667,True,False,jw_primary,lexical,True,National Informatics Centre (NIC),True,True,True,False,strict_lexical_hit,strict_lexical_hit,failed,0.0,26.0,0.0,0.0,0.6667,0.45,anchor_typo,0.0,True,False,False,False,True,False,False,False,False,False,False,,,,fetch_failed_lexical_hit
National Informatics Centre (NIC),kavach.mail.gov.in,https://maillotcycling.com,0.0,Low,0.0,weak_evidence,0.8571,0.8571,0.4444,0.4444,True,False,jw_primary,lexical,True,National Informatics Centre (NIC),True,True,True,False,strict_lexical_hit,strict_lexical_hit,failed,0.0,25.7143,0.0,0.0,0.4444,0.45,below_min_score,0.0,False,False,False,False,False,False,False,False,False,False,False,,,,fetch_failed_lexical_hit
Vodafone Idea (VI),myvi.in,https://myvisitpass.com,0.0,Low,0.0,weak_evidence,0.8727,0.8727,0.5333,0.5333,True,False,jw_primary,lexical,True,Vodafone Idea (VI),True,True,True,False,strict_lexical_hit,strict_lexical_hit,failed,0.0,26.1818,0.0,0.0,0.5333,0.45,anchor_typo,0.0,True,False,False,False,True,False,False,False,False,False,False,,,,fetch_failed_lexical_hit
National Informatics Centre (NIC),cloud.gov.in,https://catalyst-cloud.com,0.0,Low,0.0,weak_evidence,0.6376,0.6376,0.4348,0.5,True,True,brand_token_match,lexical,False,,True,True,False,False,strict_lexical_hit,strict_lexical_hit,failed,0.0,19.127,0.0,0.0,0.5,0.45,anchor_typo,0.0,True,False,False,False,True,False,False,False,False,False,False,,,,fetch_failed_lexical_hit
Bharat Sanchar Nigam Limited (BSNL),bsnl.co.in,https://portal-zunlong.com,0.0,Low,0.0,weak_evidence,0.64,0.4405,0.2222,0.64,True,True,brand_token_match,lexical,False,,True,True,False,False,strict_lexical_hit,strict_lexical_hit,failed,0.0,19.2,0.0,0.0,0.64,0.45,anchor_typo,0.0,True,False,False,False,True,False,False,False,False,False,False,,,,fetch_failed_lexical_hit
Vodafone Idea (VI),myvi.in,https://myvivylo.store,0.0,Low,0.0,weak_evidence,0.9,0.9,0.6667,0.6667,True,False,jw_primary,lexical,True,Vodafone Idea (VI),True,True,True,False,strict_lexical_hit,strict_lexical_hit,failed,0.0,27.0,0.0,0.0,0.6667,0.45,anchor_typo,0.0,True,False,False,False,True,False,False,False,False,False,False,,,,fetch_failed_lexical_hit
IndusInd Bank,indusind.bank.in,https://indospin4d.org,0.0,Low,0.0,weak_evidence,0.9008,0.9008,0.7778,0.7778,True,False,jw_primary,lexical,True,IndusInd Bank,True,True,True,False,strict_lexical_hit,strict_lexical_hit,failed,0.0,27.025,0.0,0.0,0.7778,0.45,anchor_typo,0.0,True,False,False,False,True,False,False,False,False,False,False,,,,fetch_failed_lexical_hit
Airtel,airtel.in,https://airton.ai,0.0,Low,0.0,weak_evidence,0.8667,0.8667,0.6667,0.6667,True,False,jw_primary,lexical,True,Airtel,True,True,True,False,strict_lexical_hit,strict_lexical_hit,failed,0.0,26.0,0.0,0.0,0.6667,0.45,anchor_typo,0.0,True,False,False,False,True,False,False,False,False,False,False,,,,fetch_failed_lexical_hit
National Informatics Centre (NIC),cloud.gov.in,https://cloudpique.com,0.0,Low,0.0,weak_evidence,0.9,0.9,0.6667,0.6667,True,False,jw_primary,lexical,True,National Informatics Centre (NIC),True,True,True,False,strict_lexical_hit,strict_lexical_hit,failed,0.0,27.0,0.0,0.0,0.6667,0.45,anchor_typo,0.0,True,False,False,False,True,False,False,False,False,False,False,,,,fetch_failed_lexical_hit
State Bank of India (SBI),sbisecurities.in,https://bitcoin-retail.com,0.0,Low,0.0,weak_evidence,0.6873,0.6873,0.4444,0.4444,True,True,brand_token_match,lexical,False,,True,True,False,False,strict_lexical_hit,strict_lexical_hit,failed,0.0,20.6181,0.0,0.0,0.4444,0.45,below_min_score,0.0,False,False,False,False,False,False,False,False,False,False,False,,,,fetch_failed_lexical_hit
State Bank of India (SBI),homeloans.sbi,https://homesforsaleminnesota.com,0.0,Low,0.0,weak_evidence,0.8635,0.8635,0.5333,0.5333,True,False,jw_primary,lexical,True,State Bank of India (SBI),True,True,True,False,strict_lexical_hit,strict_lexical_hit,failed,0.0,25.9048,0.0,0.0,0.5333,0.45,anchor_typo,0.0,True,False,False,False,True,False,False,False,False,False,False,,,,fetch_failed_lexical_hit
National Informatics Centre (NIC),cloud.gov.in,https://cloudandchords.ai,0.0,Low,0.0,weak_evidence,0.8714,0.8714,0.5263,0.5263,True,False,jw_primary,lexical,True,National Informatics Centre (NIC),True,True,True,False,strict_lexical_hit,strict_lexical_hit,failed,0.0,26.1429,0.0,0.0,0.5263,0.45,anchor_typo,0.0,True,False,False,False,True,False,False,False,False,False,False,,,,fetch_failed_lexical_hit
National Informatics Centre (NIC),kavach.mail.gov.in,https://kit-mail.com,0.0,Low,0.0,weak_evidence,0.6667,0.4583,0.6667,0.6667,True,True,brand_token_match,lexical,False,,True,True,False,False,strict_lexical_hit,strict_lexical_hit,failed,0.0,20.0,0.0,0.0,0.6667,0.45,anchor_typo,0.0,True,False,False,False,True,False,False,False,False,False,False,,,,fetch_failed_lexical_hit
National Informatics Centre (NIC),cloud.gov.in,https://cloudisland.store,0.0,Low,0.0,weak_evidence,0.8909,0.8909,0.625,0.625,True,False,jw_primary,lexical,True,National Informatics Centre (NIC),True,True,True,False,strict_lexical_hit,strict_lexical_hit,failed,0.0,26.7273,0.0,0.0,0.625,0.45,anchor_typo,0.0,True,False,False,False,True,False,False,False,False,False,False,,,,fetch_failed_lexical_hit
Bharat Sanchar Nigam Limited (BSNL),bsnl.co.in,https://fatca-portal.com,0.0,Low,0.0,weak_evidence,0.5217,0.0,0.125,0.5217,True,True,brand_token_match,lexical,False,,True,True,False,False,strict_lexical_hit,strict_lexical_hit,failed,0.0,15.6522,0.0,0.0,0.5217,0.45,anchor_typo,0.0,True,False,False,False,True,False,False,False,False,False,False,,,,fetch_failed_lexical_hit
Computer Age Management Services Ltd. (CAMS),camsonline.com,https://calvionne.com,0.0,Low,0.0,weak_evidence,0.8504,0.8504,0.6316,0.6616,True,False,jw_primary,lexical,True,Computer Age Management Services Ltd. (CAMS),True,True,True,False,strict_lexical_hit,strict_lexical_hit,failed,0.0,25.5111,0.0,0.0,0.6616,0.45,anchor_typo,0.0,True,False,False,False,True,False,False,False,False,False,False,,,,fetch_failed_lexical_hit
State Bank of India (SBI),sbilife.co.in,https://spyailife.com,0.0,Low,0.0,weak_evidence,0.8571,0.8571,0.75,0.75,True,False,jw_primary,lexical,True,State Bank of India (SBI),True,True,True,False,strict_lexical_hit,strict_lexical_hit,failed,0.0,25.7143,0.0,0.0,0.75,0.45,anchor_typo,0.0,True,False,False,False,True,False,False,False,False,False,False,,,,fetch_failed_lexical_hit
National Informatics Centre (NIC),kavach.mail.gov.in,https://vertraiq-mail.com,0.0,Low,0.0,weak_evidence,0.5513,0.5513,0.4706,0.5,True,True,brand_token_match,lexical,False,,True,True,False,False,strict_lexical_hit,strict_lexical_hit,failed,0.0,16.5385,0.0,0.0,0.5,0.45,anchor_typo,0.0,True,False,False,False,True,False,False,False,False,False,False,,,,fetch_failed_lexical_hit
National Informatics Centre (NIC),kavach.mail.gov.in,https://mail1999.com,0.0,Low,0.0,weak_evidence,0.9,0.9,0.6667,0.6667,True,False,jw_primary,lexical,True,National Informatics Centre (NIC),True,True,True,False,strict_lexical_hit,strict_lexical_hit,failed,0.0,27.0,0.0,0.0,0.6667,0.45,anchor_typo,0.0,True,False,False,False,True,False,False,False,False,False,False,,,,fetch_failed_lexical_hit
National Informatics Centre (NIC),kavach.mail.gov.in,https://mailschmail.com,0.0,Low,0.0,weak_evidence,0.8727,0.8727,0.5333,0.6364,True,False,jw_primary,lexical,True,National Informatics Centre (NIC),True,True,True,False,strict_lexical_hit,strict_lexical_hit,failed,0.0,26.1818,0.0,0.0,0.6364,0.45,anchor_typo,0.0,True,False,False,False,True,False,False,False,False,False,False,,,,fetch_failed_lexical_hit
National Informatics Centre (NIC),kavach.mail.gov.in,https://magiclamp.bot,0.0,Low,0.0,weak_evidence,0.8519,0.8519,0.6154,0.6154,True,False,jw_primary,lexical,True,National Informatics Centre (NIC),True,True,True,False,strict_lexical_hit,strict_lexical_hit,failed,0.0,25.5556,0.0,0.0,0.6154,0.45,anchor_typo,0.0,True,False,False,False,True,False,False,False,False,False,False,,,,fetch_failed_lexical_hit
Reserve Bank of India (RBI),rbi.org.in,https://r8iu3x.vip,0.0,Low,0.0,weak_evidence,0.8833,0.8833,0.6667,0.6667,True,False,jw_primary,lexical,False,,True,True,True,False,strict_lexical_hit,strict_lexical_hit,failed,0.0,26.5,0.0,0.0,0.6667,0.45,anchor_typo,0.0,True,False,False,False,True,False,False,False,False,False,False,,,,fetch_failed_lexical_hit
Jio,jio.com,https://jifork.com,0.0,Low,0.0,weak_evidence,0.8667,0.8667,0.6667,0.6967,True,False,jw_primary,lexical,True,Jio,True,True,True,False,strict_lexical_hit,strict_lexical_hit,failed,0.0,26.0,0.0,0.0,0.6967,0.45,anchor_typo,0.0,True,False,False,False,True,False,False,False,False,False,False,,,,fetch_failed_lexical_hit
State Bank of India (SBI),homeloans.sbi,https://homegoods.paris,0.0,Low,0.0,weak_evidence,0.8667,0.8667,0.6667,0.6667,True,False,jw_primary,lexical,True,State Bank of India (SBI),True,True,True,False,strict_lexical_hit,strict_lexical_hit,failed,0.0,26.0,0.0,0.0,0.6667,0.45,anchor_typo,0.0,True,False,False,False,True,False,False,False,False,False,False,,,,fetch_failed_lexical_hit
National Informatics Centre (NIC),cloud.gov.in,https://cloudbiteam.com,0.0,Low,0.0,weak_evidence,0.8909,0.8909,0.625,0.625,True,False,jw_primary,lexical,True,National Informatics Centre (NIC),True,True,True,False,strict_lexical_hit,strict_lexical_hit,failed,0.0,26.7273,0.0,0.0,0.625,0.45,anchor_typo,0.0,True,False,False,False,True,False,False,False,False,False,False,,,,fetch_failed_lexical_hit
Axis Bank,axis.bank.in,https://axiquestore.com,0.0,Low,0.0,weak_evidence,0.8515,0.8515,0.5333,0.5333,True,False,jw_primary,lexical,True,Axis Bank,True,True,True,False,strict_lexical_hit,strict_lexical_hit,failed,0.0,25.5455,0.0,0.0,0.5333,0.45,anchor_typo,0.0,True,False,False,False,True,False,False,False,False,False,False,,,,fetch_failed_lexical_hit
Vodafone Idea (VI),myvi.in,https://myvintagerealty.com,0.0,Low,0.0,weak_evidence,0.8533,0.8533,0.4211,0.4211,True,False,jw_primary,lexical,True,Vodafone Idea (VI),True,True,True,False,strict_lexical_hit,strict_lexical_hit,failed,0.0,25.6,0.0,0.0,0.4211,0.45,below_min_score,0.0,False,False,False,False,False,False,False,False,False,False,False,,,,fetch_failed_lexical_hit
State Bank of India (SBI),homeloans.sbi,https://homepalas.com,0.0,Low,0.0,weak_evidence,0.8825,0.8825,0.7778,0.7778,True,False,jw_primary,lexical,True,State Bank of India (SBI),True,True,True,False,strict_lexical_hit,strict_lexical_hit,failed,0.0,26.4762,0.0,0.0,0.7778,0.45,anchor_typo,0.0,True,False,False,False,True,False,False,False,False,False,False,,,,fetch_failed_lexical_hit
HDFC Bank,hdfclife.com,https://hardlife.fun,0.0,Low,0.0,weak_evidence,0.85,0.85,0.75,0.75,True,False,jw_primary,lexical,True,HDFC Bank,True,True,True,False,strict_lexical_hit,strict_lexical_hit,failed,0.0,25.5,0.0,0.0,0.75,0.45,anchor_typo,0.0,True,False,False,False,True,False,False,False,False,False,False,,,,fetch_failed_lexical_hit
National Informatics Centre (NIC),cloud.gov.in,https://mccloudy.com,0.0,Low,0.0,weak_evidence,0.875,0.875,0.7692,0.7692,True,False,jw_primary,lexical,True,National Informatics Centre (NIC),True,True,True,False,strict_lexical_hit,strict_lexical_hit,failed,0.0,26.25,0.0,0.0,0.7692,0.45,anchor_typo,0.0,True,False,False,False,True,False,False,False,False,False,False,,,,fetch_failed_lexical_hit
Vodafone Idea (VI),myvi.in,https://myvirtualsalon.com,0.0,Low,0.0,weak_evidence,0.8571,0.8571,0.4444,0.4444,True,False,jw_primary,lexical,True,Vodafone Idea (VI),True,True,True,False,strict_lexical_hit,strict_lexical_hit,failed,0.0,25.7143,0.0,0.0,0.4444,0.45,below_min_score,0.0,False,False,False,False,False,False,False,False,False,False,False,,,,fetch_failed_lexical_hit
"Unique Identification Authority of India (UIDAI)
",uidai.gov.in,https://zehuidai.com,0.0,Low,0.0,weak_evidence,0.875,0.875,0.7692,0.7692,True,False,jw_primary,lexical,True,"Unique Identification Authority of India (UIDAI)
",True,True,True,False,strict_lexical_hit,strict_lexical_hit,failed,0.0,26.25,0.0,0.0,0.7692,0.45,anchor_typo,0.0,True,False,False,False,True,False,False,False,False,False,False,,,,fetch_failed_lexical_hit
Airtel,airtel.in,https://airtraveltoeurope.com,0.0,Low,0.0,weak_evidence,0.8706,0.8706,0.5217,0.5217,True,False,jw_primary,lexical,True,Airtel,True,True,True,False,strict_lexical_hit,strict_lexical_hit,failed,0.0,26.1176,0.0,0.0,0.5217,0.45,anchor_typo,0.0,True,False,False,False,True,False,False,False,False,False,False,,,,fetch_failed_lexical_hit
National Informatics Centre (NIC),kavach.mail.gov.in,https://mail993.com,0.0,Low,0.0,weak_evidence,0.9143,0.9143,0.7273,0.7273,True,False,jw_primary,lexical,True,National Informatics Centre (NIC),True,True,True,False,strict_lexical_hit,strict_lexical_hit,failed,0.0,27.4286,0.0,0.0,0.7273,0.45,anchor_typo,0.0,True,False,False,False,True,False,False,False,False,False,False,,,,fetch_failed_lexical_hit
National Informatics Centre (NIC),kavach.mail.gov.in,https://mail-iogin.com,0.0,Low,0.0,weak_evidence,0.88,0.88,0.5714,0.5714,True,True,brand_token_match|jw_primary,lexical,True,National Informatics Centre (NIC),True,True,True,False,strict_lexical_hit,strict_lexical_hit,failed,0.0,26.4,0.0,0.0,0.5714,0.45,anchor_typo,0.0,True,False,False,False,True,False,False,False,False,False,False,,,,fetch_failed_lexical_hit
Vodafone Idea (VI),myvi.in,https://myvettime.com,0.0,Low,0.0,weak_evidence,0.8704,0.8704,0.6154,0.6154,True,False,jw_primary,lexical,True,Vodafone Idea (VI),True,True,True,False,strict_lexical_hit,strict_lexical_hit,failed,0.0,26.1111,0.0,0.0,0.6154,0.45,anchor_typo,0.0,True,False,False,False,True,False,False,False,False,False,False,,,,fetch_failed_lexical_hit
National Informatics Centre (NIC),kavach.mail.gov.in,https://mail-leads.asia,0.0,Low,0.0,weak_evidence,0.88,0.88,0.5714,0.5714,True,True,brand_token_match|jw_primary,lexical,True,National Informatics Centre (NIC),True,True,True,False,strict_lexical_hit,strict_lexical_hit,failed,0.0,26.4,0.0,0.0,0.5714,0.45,anchor_typo,0.0,True,False,False,False,True,False,False,False,False,False,False,,,,fetch_failed_lexical_hit
National Informatics Centre (NIC),kavach.mail.gov.in,https://mail1499.com,0.0,Low,0.0,weak_evidence,0.9,0.9,0.6667,0.6667,True,False,jw_primary,lexical,True,National Informatics Centre (NIC),True,True,True,False,strict_lexical_hit,strict_lexical_hit,failed,0.0,27.0,0.0,0.0,0.6667,0.45,anchor_typo,0.0,True,False,False,False,True,False,False,False,False,False,False,,,,fetch_failed_lexical_hit
Axis Bank,axis.bank.in,https://axis.moe,0.0,Low,0.0,weak_evidence,1.0,1.0,1.0,1.0,True,True,brand_token_match|jw_primary|token_set_primary|skeleton_similarity|host_similarity,lexical,True,Axis Bank,True,True,True,False,strict_lexical_hit,strict_lexical_hit,failed,0.0,30.0,0.0,0.0,1.0,0.45,anchor_typo,0.0,True,False,False,False,True,False,False,False,False,False,False,,,,fetch_failed_lexical_hit
Kfintech,kfintech.com,https://kayinfotech.com,0.0,Low,0.0,weak_evidence,0.8807,0.8807,0.7368,0.7668,True,False,jw_primary,lexical,True,Kfintech,True,True,True,False,strict_lexical_hit,strict_lexical_hit,failed,0.0,26.4205,0.0,0.0,0.7668,0.45,anchor_typo,0.0,True,False,False,False,True,False,False,False,False,False,False,,,,fetch_failed_lexical_hit
National Informatics Centre (NIC),cloud.gov.in,https://cloudflaren.com,0.0,Low,0.0,weak_evidence,0.8909,0.8909,0.625,0.625,True,False,jw_primary,lexical,True,National Informatics Centre (NIC),True,True,True,False,strict_lexical_hit,strict_lexical_hit,failed,0.0,26.7273,0.0,0.0,0.625,0.45,anchor_typo,0.0,True,False,False,False,True,False,False,False,False,False,False,,,,fetch_failed_lexical_hit
Bharat Sanchar Nigam Limited (BSNL),bsnl.co.in,https://fundacion-portal-aaron.com,0.0,Low,0.0,weak_evidence,0.4318,0.4318,0.1538,0.1538,True,True,brand_token_match,lexical,False,,True,True,False,False,strict_lexical_hit,strict_lexical_hit,failed,0.0,12.9545,0.0,0.0,0.1538,0.45,below_min_score,0.0,False,False,False,False,False,False,False,False,False,False,False,,,,fetch_failed_lexical_hit
National Informatics Centre (NIC),nic.gov.in,https://niclas.dev,0.0,Low,0.0,weak_evidence,0.8833,0.8833,0.6667,0.6667,True,False,jw_primary,lexical,True,National Informatics Centre (NIC),True,True,True,False,strict_lexical_hit,strict_lexical_hit,failed,0.0,26.5,0.0,0.0,0.6667,0.45,anchor_typo,0.0,True,False,False,False,True,False,False,False,False,False,False,,,,fetch_failed_lexical_hit
National Informatics Centre (NIC),nic.gov.in,https://nicktai.cloud,0.0,Low,0.0,weak_evidence,0.8667,0.8667,0.6,0.6,True,False,jw_primary,lexical,True,National Informatics Centre (NIC),True,True,True,False,strict_lexical_hit,strict_lexical_hit,failed,0.0,26.0,0.0,0.0,0.6,0.45,anchor_typo,0.0,True,False,False,False,True,False,False,False,False,False,False,,,,fetch_failed_lexical_hit
National Informatics Centre (NIC),kavach.mail.gov.in,https://hpl-mail.com,0.0,Low,0.0,weak_evidence,0.6667,0.4583,0.6667,0.6667,True,True,brand_token_match,lexical,False,,True,True,False,False,strict_lexical_hit,strict_lexical_hit,failed,0.0,20.0,0.0,0.0,0.6667,0.45,anchor_typo,0.0,True,False,False,False,True,False,False,False,False,False,False,,,,fetch_failed_lexical_hit
National Informatics Centre (NIC),cloud.gov.in,https://cloudmast.dev,0.0,Low,0.0,weak_evidence,0.9111,0.9111,0.7143,0.7143,True,False,jw_primary,lexical,True,National Informatics Centre (NIC),True,True,True,False,strict_lexical_hit,strict_lexical_hit,failed,0.0,27.3333,0.0,0.0,0.7143,0.45,anchor_typo,0.0,True,False,False,False,True,False,False,False,False,False,False,,,,fetch_failed_lexical_hit
National Informatics Centre (NIC),cloud.gov.in,https://cloud109.com,0.0,Low,0.0,weak_evidence,0.925,0.925,0.7692,0.7692,True,False,jw_primary,lexical,True,National Informatics Centre (NIC),True,True,True,False,strict_lexical_hit,strict_lexical_hit,failed,0.0,27.75,0.0,0.0,0.7692,0.45,anchor_typo,0.0,True,False,False,False,True,False,False,False,False,False,False,,,,fetch_failed_lexical_hit
