run_id,record_key,source_workbook,normalized_url,stage_name,attempt_index,worker_id,started_at,finished_at,duration_ms,status,error_type,error_message,retry_count,timeout_flag,fallback_taken
run_20260406T185251Z,5b87bcef2573d5f8b4290aa5bebdb230306f68ee,PS-02_AIGR-S66270_NCIIPC_24_02_2026.xlsx,https://aiindia.info,dns,1,dns-6,2026-04-06T18:53:08+00:00,2026-04-06T18:53:09+00:00,616,resolved,,,0,0,
run_20260406T185251Z,7d01fa3eb7ba03783d5295901cb3f717581801da,PS-02_AIGR-S66270_NCIIPC_24_02_2026.xlsx,https://homenestai.live,dns,1,dns-19,2026-04-06T18:53:08+00:00,2026-04-06T18:53:09+00:00,616,resolved,,,0,0,
run_20260406T185251Z,c80cb80194ced6598d5a5e251339565011795f63,PS-02_AIGR-S66270_NCIIPC_24_02_2026.xlsx,https://ptntbq.makeup,dns,1,dns-10,2026-04-06T18:53:08+00:00,2026-04-06T18:53:09+00:00,656,dns_error,dns_error,dns_error,0,0,
run_20260406T185251Z,eedae8727fd988e36c16ac2e86d4d16ca1ef74d7,PS-02_AIGR-S66270_NCIIPC_24_02_2026.xlsx,https://mrbim.ca,dns,1,dns-1,2026-04-06T18:53:08+00:00,2026-04-06T18:53:09+00:00,656,resolved,,,0,0,
run_20260406T185251Z,c349d132068409f5eba42267aa09576ff4a1daa2,PS-02_AIGR-S66270_NCIIPC_24_02_2026.xlsx,https://isharora.space,dns,1,dns-8,2026-04-06T18:53:08+00:00,2026-04-06T18:53:09+00:00,656,resolved,,,0,0,
run_20260406T185251Z,0ff128221ec90de593f54055c926a7e227b52d5c,PS-02_AIGR-S66270_NCIIPC_24_02_2026.xlsx,https://nrsu.pro,dns,1,dns-33,2026-04-06T18:53:08+00:00,2026-04-06T18:53:09+00:00,655,resolved,,,0,0,
run_20260406T185251Z,64419ce606541e3d4e6fbadf48a3b0a43cb1d874,PS-02_AIGR-S66270_NCIIPC_24_02_2026.xlsx,https://sacmap.art,dns,1,dns-2,2026-04-06T18:53:08+00:00,2026-04-06T18:53:09+00:00,657,resolved,,,0,0,
run_20260406T185251Z,4556cc50b1bd33f26ad5bf88606412ae2f52928b,PS-02_AIGR-S66270_NCIIPC_24_02_2026.xlsx,https://cloudphotos.online,dns,1,dns-25,2026-04-06T18:53:08+00:00,2026-04-06T18:53:09+00:00,656,resolved,,,0,0,
run_20260406T185251Z,cb07774247c20a1ae23ee66414ca59a700dd58dc,PS-02_AIGR-S66270_NCIIPC_24_02_2026.xlsx,https://isos.shop,dns,1,dns-7,2026-04-06T18:53:08+00:00,2026-04-06T18:53:09+00:00,657,resolved,,,0,0,
run_20260406T185251Z,d918cb68359f28eace1c1981b046f3a4aeff02de,PS-02_AIGR-S66270_NCIIPC_24_02_2026.xlsx,https://ciic.uno,dns,1,dns-17,2026-04-06T18:53:08+00:00,2026-04-06T18:53:09+00:00,656,resolved,,,0,0,
run_20260406T185251Z,fd9cdb4ff86dcc886cb4e2df78f4e08f6530f10f,PS-02_AIGR-S66270_NCIIPC_24_02_2026.xlsx,https://cloudcost.store,dns,1,dns-30,2026-04-06T18:53:08+00:00,2026-04-06T18:53:09+00:00,656,resolved,,,0,0,
run_20260406T185251Z,7ea904bdd9e67a0e1c2a10c06bbe327334341a5b,PS-02_AIGR-S66270_NCIIPC_24_02_2026.xlsx,https://cloudvpna.ink,dns,1,dns-40,2026-04-06T18:53:08+00:00,2026-04-06T18:53:09+00:00,656,resolved,,,0,0,
run_20260406T185251Z,2209e32fe5a6bd6b6caa93ecb900365d33112029,PS-02_AIGR-S66270_NCIIPC_24_02_2026.xlsx,https://saac.one,dns,1,dns-26,2026-04-06T18:53:08+00:00,2026-04-06T18:53:09+00:00,656,resolved,,,0,0,
run_20260406T185251Z,a94817150e6eafe63e9808b3f54d2af895d23ea0,PS-02_AIGR-S66270_NCIIPC_24_02_2026.xlsx,http://nrs.guru,dns,1,dns-53,2026-04-06T18:53:08+00:00,2026-04-06T18:53:09+00:00,655,resolved,,,0,0,
run_20260406T185251Z,b98779220315709a1e54846dccfbb7b038383b12,PS-02_AIGR-S66270_NCIIPC_24_02_2026.xlsx,http://cloud-aion.us,dns,1,dns-52,2026-04-06T18:53:08+00:00,2026-04-06T18:53:09+00:00,655,resolved,,,0,0,
run_20260406T185251Z,f29f5e1f8a1c0c6a1ce6ba1f17144a8e5b05c19a,PS-02_AIGR-S66270_NCIIPC_24_02_2026.xlsx,https://industrialink.store,dns,1,dns-45,2026-04-06T18:53:08+00:00,2026-04-06T18:53:09+00:00,655,no_records,no_records,no_records,0,0,
run_20260406T185251Z,8305445899dc525c326b275ee9ff52b7118447d6,PS-02_AIGR-S66270_NCIIPC_24_02_2026.xlsx,https://indusinspection360.co.uk,dns,1,dns-39,2026-04-06T18:53:08+00:00,2026-04-06T18:53:09+00:00,656,resolved,,,0,0,
run_20260406T185251Z,bd264ce8c9244bc99b47614190305e9372833dac,PS-02_AIGR-S66270_NCIIPC_24_02_2026.xlsx,http://cloudmigrate.store,dns,1,dns-50,2026-04-06T18:53:08+00:00,2026-04-06T18:53:09+00:00,655,resolved,,,0,0,
run_20260406T185251Z,b06f36253e65592e04adf45814f21b8d31a32c79,PS-02_AIGR-S66270_NCIIPC_24_02_2026.xlsx,https://duedates.sa.com,dns,1,dns-16,2026-04-06T18:53:08+00:00,2026-04-06T18:53:09+00:00,657,resolved,,,0,0,
run_20260406T185251Z,d5cd4fc6d09bc8c81cb6d7f76fcc80ae09622d9b,PS-02_AIGR-S66270_NCIIPC_24_02_2026.xlsx,https://ednuxxck.sa.com,dns,1,dns-12,2026-04-06T18:53:08+00:00,2026-04-06T18:53:09+00:00,657,resolved,,,0,0,
run_20260406T185251Z,55b52c5d0f91f98ffd0398afe6297ed5e4292a46,PS-02_AIGR-S66270_NCIIPC_24_02_2026.xlsx,https://cloudbridge.systems,dns,1,dns-44,2026-04-06T18:53:08+00:00,2026-04-06T18:53:09+00:00,656,resolved,,,0,0,
run_20260406T185251Z,b6d96c5a93bdc2e8d0623238fe8c4fb8641bb63e,PS-02_AIGR-S66270_NCIIPC_24_02_2026.xlsx,https://onlinestore.click,dns,1,dns-5,2026-04-06T18:53:08+00:00,2026-04-06T18:53:09+00:00,658,no_records,no_records,no_records,0,0,
run_20260406T185251Z,398003a085eb0f2ff958964a239cce8a6f52edaf,PS-02_AIGR-S66270_NCIIPC_24_02_2026.xlsx,https://cloundxi.click,dns,1,dns-64,2026-04-06T18:53:08+00:00,2026-04-06T18:53:09+00:00,655,resolved,,,0,0,
run_20260406T185251Z,64cb9befba02291e3a61ad9bd57e43084b946725,PS-02_AIGR-S66270_NCIIPC_24_02_2026.xlsx,https://incomeinsider.tv,dns,1,dns-27,2026-04-06T18:53:08+00:00,2026-04-06T18:53:09+00:00,657,resolved,,,0,0,
run_20260406T185251Z,0f1aacba0692e5b3cc3105e23017fcbac114a45e,PS-02_AIGR-S66270_NCIIPC_24_02_2026.xlsx,https://colinha.ai,dns,1,dns-80,2026-04-06T18:53:08+00:00,2026-04-06T18:53:09+00:00,655,resolved,,,0,0,
run_20260406T185251Z,2c0791c7f070d5c5bd3ca1867efe25c3ae9fccd7,PS-02_AIGR-S66270_NCIIPC_24_02_2026.xlsx,https://cloudhillresort.online,dns,1,dns-72,2026-04-06T18:53:08+00:00,2026-04-06T18:53:09+00:00,655,dns_error,dns_error,dns_error,0,0,
run_20260406T185251Z,c7d474f712728d5d8e3e2aff5a3fe71848917ac0,PS-02_AIGR-S66270_NCIIPC_24_02_2026.xlsx,https://axistrade.nl,dns,1,dns-66,2026-04-06T18:53:08+00:00,2026-04-06T18:53:09+00:00,656,resolved,,,0,0,
run_20260406T185251Z,5cbcd19000e37f5ca085cdd00a46cafe1de248bc,PS-02_AIGR-S66270_NCIIPC_24_02_2026.xlsx,https://homelandhome.org,dns,1,dns-78,2026-04-06T18:53:08+00:00,2026-04-06T18:53:09+00:00,655,no_records,no_records,no_records,0,0,
run_20260406T185251Z,fa544b5dbfa788c08c91fbb75896ccab49c5aa38,PS-02_AIGR-S66270_NCIIPC_24_02_2026.xlsx,https://shack.deals,dns,1,dns-62,2026-04-06T18:53:08+00:00,2026-04-06T18:53:09+00:00,656,resolved,,,0,0,
run_20260406T185251Z,fb2d9cf8fd97899b0ad02c0879ae56424b09a01f,PS-02_AIGR-S66270_NCIIPC_24_02_2026.xlsx,https://online-melbet.cyou,dns,1,dns-49,2026-04-06T18:53:08+00:00,2026-04-06T18:53:09+00:00,656,resolved,,,0,0,
run_20260406T185251Z,fded317bd9ef75b8ddb1408946e1f2f689e7f06c,PS-02_AIGR-S66270_NCIIPC_24_02_2026.xlsx,https://getclouds.co,dns,1,dns-117,2026-04-06T18:53:08+00:00,2026-04-06T18:53:09+00:00,654,resolved,,,0,0,
run_20260406T185251Z,9e1b58b3065be9513153a227e8960caccff0ef47,PS-02_AIGR-S66270_NCIIPC_24_02_2026.xlsx,https://ecqis.co,dns,1,dns-56,2026-04-06T18:53:08+00:00,2026-04-06T18:53:09+00:00,670,resolved,,,0,0,
run_20260406T185251Z,08a37c03858ecc3c5dadd3e56036338b6db943a4,PS-02_AIGR-S66270_NCIIPC_24_02_2026.xlsx,https://sabid.dev,dns,1,dns-142,2026-04-06T18:53:08+00:00,2026-04-06T18:53:09+00:00,693,resolved,,,0,0,
run_20260406T185251Z,dfabd9cf10364ef361b34cc1053d2f47f1da662f,PS-02_AIGR-S66270_NCIIPC_24_02_2026.xlsx,https://pnkab8.shop,dns,1,dns-94,2026-04-06T18:53:08+00:00,2026-04-06T18:53:09+00:00,694,resolved,,,0,0,
run_20260406T185251Z,ceb5d55f21ac6ebff202563ad6d76e00a88ea6d5,PS-02_AIGR-S66270_NCIIPC_24_02_2026.xlsx,https://cloudsonoai.com,dns,1,dns-36,2026-04-06T18:53:08+00:00,2026-04-06T18:53:09+00:00,697,resolved,,,0,0,
run_20260406T185251Z,a7f29ff3745cb38187b1d0fd8f19aa7b171a29a6,PS-02_AIGR-S66270_NCIIPC_24_02_2026.xlsx,https://b5y1.vip,dns,1,dns-127,2026-04-06T18:53:08+00:00,2026-04-06T18:53:09+00:00,694,resolved,,,0,0,
run_20260406T185251Z,16bf36fbc445266cd552d13c96ec8024ce45d22d,PS-02_AIGR-S66270_NCIIPC_24_02_2026.xlsx,https://cloudars.com,dns,1,dns-3,2026-04-06T18:53:08+00:00,2026-04-06T18:53:09+00:00,699,resolved,,,0,0,
run_20260406T185251Z,ba575b8bc1224c8561b6fbffe0ec5abf7c92acd4,PS-02_AIGR-S66270_NCIIPC_24_02_2026.xlsx,https://finfetch.cloud,dns,1,dns-160,2026-04-06T18:53:08+00:00,2026-04-06T18:53:09+00:00,700,resolved,,,0,0,
run_20260406T185251Z,50d817cae9592c1d16805f0a9e8a27bd935fe696,PS-02_AIGR-S66270_NCIIPC_24_02_2026.xlsx,https://jiulou.xyz,dns,1,dns-71,2026-04-06T18:53:08+00:00,2026-04-06T18:53:09+00:00,703,no_records,no_records,no_records,0,0,
run_20260406T185251Z,19402b763d9ecf4a8ed417b92ebba9e83756a673,PS-02_AIGR-S66270_NCIIPC_24_02_2026.xlsx,https://cloudbridgeapi.xyz,dns,1,dns-148,2026-04-06T18:53:08+00:00,2026-04-06T18:53:09+00:00,701,no_records,no_records,no_records,0,0,
run_20260406T185251Z,86658dee7a3ce2ebaa799c89e8842f4612353415,PS-02_AIGR-S66270_NCIIPC_24_02_2026.xlsx,https://guide-ai.ru,dns,1,dns-20,2026-04-06T18:53:08+00:00,2026-04-06T18:53:09+00:00,705,resolved,,,0,0,
run_20260406T185251Z,3f65770fc049e30646186dbea769c9d68e2d732d,PS-02_AIGR-S66270_NCIIPC_24_02_2026.xlsx,https://autharis.xyz,dns,1,dns-150,2026-04-06T18:53:08+00:00,2026-04-06T18:53:09+00:00,701,resolved,,,0,0,
run_20260406T185251Z,35269254da1b54d174bf8ff24bdfa9ec5d9fffd7,PS-02_AIGR-S66270_NCIIPC_24_02_2026.xlsx,https://rehbi4.makeup,dns,1,dns-81,2026-04-06T18:53:08+00:00,2026-04-06T18:53:09+00:00,703,no_records,no_records,no_records,0,0,
run_20260406T185251Z,c324c131a0d615d3ea80ecd56f04ef2407bb8ec2,PS-02_AIGR-S66270_NCIIPC_24_02_2026.xlsx,https://uwu.sa.com,dns,1,dns-152,2026-04-06T18:53:08+00:00,2026-04-06T18:53:09+00:00,713,no_records,no_records,no_records,0,0,
run_20260406T185251Z,b4575fc1811a472b32f124db8dc1209b154f22e2,PS-02_AIGR-S66270_NCIIPC_24_02_2026.xlsx,http://parimatch.store,dns,1,dns-161,2026-04-06T18:53:08+00:00,2026-04-06T18:53:09+00:00,713,resolved,,,0,0,
run_20260406T185251Z,c3a661668787b6cc24e708fef6c4491203c87ff6,PS-02_AIGR-S66270_NCIIPC_24_02_2026.xlsx,https://parthan.in,dns,1,dns-171,2026-04-06T18:53:08+00:00,2026-04-06T18:53:09+00:00,713,resolved,,,0,0,
run_20260406T185251Z,9602935afec07611801559aea171f73fdcf2b327,PS-02_AIGR-S66270_NCIIPC_24_02_2026.xlsx,https://5g.net.ru,dns,1,dns-41,2026-04-06T18:53:08+00:00,2026-04-06T18:53:09+00:00,722,resolved,,,0,0,
run_20260406T185251Z,00bf926ce5f8964329bf17f08aa1e8eff9002956,PS-02_AIGR-S66270_NCIIPC_24_02_2026.xlsx,http://particularhands.com,dns,1,dns-9,2026-04-06T18:53:08+00:00,2026-04-06T18:53:09+00:00,1057,resolved,,,0,0,
run_20260406T185251Z,dd9fe3e813c9b522389209f0384cd9611c57e87e,PS-02_AIGR-S66270_NCIIPC_24_02_2026.xlsx,https://onlineschool.kg,dns,1,dns-118,2026-04-06T18:53:08+00:00,2026-04-06T18:53:09+00:00,1062,resolved,,,0,0,
run_20260406T185251Z,36dec1a60d3274d3910f81eb2deaea64be08a1cc,PS-02_AIGR-S66270_NCIIPC_24_02_2026.xlsx,https://cloudwithoyindamola.dev,dns,1,dns-157,2026-04-06T18:53:08+00:00,2026-04-06T18:53:09+00:00,1062,resolved,,,0,0,
run_20260406T185251Z,a91845ad943a97dd1c04cacdd46222a731acbcb6,PS-02_AIGR-S66270_NCIIPC_24_02_2026.xlsx,https://aircc.app,dns,1,dns-168,2026-04-06T18:53:08+00:00,2026-04-06T18:53:09+00:00,1061,resolved,,,0,0,
run_20260406T185251Z,91840efc785e1d676b5e250d1c77dcc334472f18,PS-02_AIGR-S66270_NCIIPC_24_02_2026.xlsx,http://cloudmusic.pl,dns,1,dns-124,2026-04-06T18:53:08+00:00,2026-04-06T18:53:09+00:00,1063,resolved,,,0,0,
run_20260406T185251Z,ed5cb885c95e69723f39bf8759d7607bb94f2fba,PS-02_AIGR-S66270_NCIIPC_24_02_2026.xlsx,https://csmonline.pics,dns,1,dns-164,2026-04-06T18:53:08+00:00,2026-04-06T18:53:09+00:00,1062,resolved,,,0,0,
run_20260406T185251Z,c234a4b2e57cbebb0979970bc6e4b01547faed4a,PS-02_AIGR-S66270_NCIIPC_24_02_2026.xlsx,https://industrialincidentanalysis.com,dns,1,dns-69,2026-04-06T18:53:08+00:00,2026-04-06T18:53:09+00:00,1064,resolved,,,0,0,
run_20260406T185251Z,b902551df7930d69bb10f2c75525030c4eed5b34,PS-02_AIGR-S66270_NCIIPC_24_02_2026.xlsx,https://cloudainexus.com,dns,1,dns-125,2026-04-06T18:53:08+00:00,2026-04-06T18:53:09+00:00,1063,resolved,,,0,0,
run_20260406T185251Z,c876c304203d1a089e8236dddcb13745c363fa68,PS-02_AIGR-S66270_NCIIPC_24_02_2026.xlsx,https://kevitech.in,dns,1,dns-176,2026-04-06T18:53:08+00:00,2026-04-06T18:53:09+00:00,1062,resolved,,,0,0,
run_20260406T185251Z,b99309f632471681a7aca35af632f108c522d180,PS-02_AIGR-S66270_NCIIPC_24_02_2026.xlsx,https://carshlife.ru,dns,1,dns-57,2026-04-06T18:53:08+00:00,2026-04-06T18:53:09+00:00,1068,resolved,,,0,0,
run_20260406T185251Z,75e1e00be8d670bd3146f2a2489414ee3e5ccec8,PS-02_AIGR-S66270_NCIIPC_24_02_2026.xlsx,https://5biytm.makeup,dns,1,dns-105,2026-04-06T18:53:08+00:00,2026-04-06T18:53:09+00:00,1067,no_records,no_records,no_records,0,0,
run_20260406T185251Z,ec13706db9b8b2ba4c68c6497040878af084d6d8,PS-02_AIGR-S66270_NCIIPC_24_02_2026.xlsx,https://snaack.co,dns,1,dns-159,2026-04-06T18:53:08+00:00,2026-04-06T18:53:09+00:00,1066,resolved,,,0,0,
run_20260406T185251Z,890950311cc34354ff8e08d5eb6fd36cca69573c,PS-02_AIGR-S66270_NCIIPC_24_02_2026.xlsx,https://pome.sa.com,dns,1,dns-177,2026-04-06T18:53:08+00:00,2026-04-06T18:53:09+00:00,1066,resolved,,,0,0,
run_20260406T185251Z,2279090e17a71830030dbd6bd5c6c4a52f8a8a29,PS-02_AIGR-S66270_NCIIPC_24_02_2026.xlsx,https://indianaduiprogram.com,dns,1,dns-79,2026-04-06T18:53:08+00:00,2026-04-06T18:53:09+00:00,1069,resolved,,,0,0,
run_20260406T185251Z,65d0f08dc35d7e8eb80859ca1af4bde87b6a124b,PS-02_AIGR-S66270_NCIIPC_24_02_2026.xlsx,https://cloudgarage.ru,dns,1,dns-61,2026-04-06T18:53:08+00:00,2026-04-06T18:53:09+00:00,1069,resolved,,,0,0,
run_20260406T185251Z,09a4d4ec505332eeded9db957c9dce1da5e448a9,PS-02_AIGR-S66270_NCIIPC_24_02_2026.xlsx,https://homeworkagents.com,dns,1,dns-87,2026-04-06T18:53:08+00:00,2026-04-06T18:53:09+00:00,1069,resolved,,,0,0,
run_20260406T185251Z,b414c475bf20cf622eb568915b0beb878c358d4f,PS-02_AIGR-S66270_NCIIPC_24_02_2026.xlsx,https://ms-cloud.info,dns,1,dns-97,2026-04-06T18:53:08+00:00,2026-04-06T18:53:09+00:00,1069,resolved,,,0,0,
run_20260406T185251Z,c939e0355cf7116d7c1b55b27110d765ac16c67e,PS-02_AIGR-S66270_NCIIPC_24_02_2026.xlsx,https://rbiiilv.com,dns,1,dns-85,2026-04-06T18:53:08+00:00,2026-04-06T18:53:09+00:00,1069,resolved,,,0,0,
run_20260406T185251Z,177fb5b9b66770c85d56c891232be0d6f2d90629,PS-02_AIGR-S66270_NCIIPC_24_02_2026.xlsx,https://indiavoiceguard.com,dns,1,dns-88,2026-04-06T18:53:08+00:00,2026-04-06T18:53:09+00:00,1069,resolved,,,0,0,
run_20260406T185251Z,ef96da8e24cf2028c57914f6196a7893140326a5,PS-02_AIGR-S66270_NCIIPC_24_02_2026.xlsx,https://pardia.io,dns,1,dns-163,2026-04-06T18:53:08+00:00,2026-04-06T18:53:09+00:00,1067,resolved,,,0,0,
run_20260406T185251Z,109ab4b217948c30be8283f566c39ef49d129d59,PS-02_AIGR-S66270_NCIIPC_24_02_2026.xlsx,https://s3cloud.cc,dns,1,dns-106,2026-04-06T18:53:08+00:00,2026-04-06T18:53:09+00:00,1069,resolved,,,0,0,
run_20260406T185251Z,1150db45bd2b54bd2520f4b73b8ecdefc089c61c,PS-02_AIGR-S66270_NCIIPC_24_02_2026.xlsx,https://online-casino-7sultans.com,dns,1,dns-115,2026-04-06T18:53:08+00:00,2026-04-06T18:53:09+00:00,1069,resolved,,,0,0,
run_20260406T185251Z,f4121340af946c8bb2cb36e640e77658a107764c,PS-02_AIGR-S66270_NCIIPC_24_02_2026.xlsx,https://onlinefinancer.com,dns,1,dns-149,2026-04-06T18:53:08+00:00,2026-04-06T18:53:09+00:00,1068,no_records,no_records,no_records,0,0,
run_20260406T185251Z,4a45d0e60d883a3bf629fde6a5c7d4917de6d28a,PS-02_AIGR-S66270_NCIIPC_24_02_2026.xlsx,https://vairel.com,dns,1,dns-120,2026-04-06T18:53:08+00:00,2026-04-06T18:53:09+00:00,1069,resolved,,,0,0,
run_20260406T185251Z,b11bdbe77f6d00cac19234cfc5eb01c57b2f08a4,PS-02_AIGR-S66270_NCIIPC_24_02_2026.xlsx,http://homeschoolmakers.com,dns,1,dns-99,2026-04-06T18:53:08+00:00,2026-04-06T18:53:09+00:00,1070,resolved,,,0,0,
run_20260406T185251Z,a125ec03203cfeb0fbe55fdc1c554bc972533584,PS-02_AIGR-S66270_NCIIPC_24_02_2026.xlsx,https://sbic.online,dns,1,dns-35,2026-04-06T18:53:08+00:00,2026-04-06T18:53:09+00:00,1073,resolved,,,0,0,
run_20260406T185251Z,dfbeb8739f58f0061699089bfd11ac03668cf555,PS-02_AIGR-S66270_NCIIPC_24_02_2026.xlsx,https://keacloud.tech,dns,1,dns-108,2026-04-06T18:53:08+00:00,2026-04-06T18:53:09+00:00,1071,resolved,,,0,0,
run_20260406T185251Z,49dbf365f491db5a01d3e19a0c3771ef5d7ad4ac,PS-02_AIGR-S66270_NCIIPC_24_02_2026.xlsx,https://axisvtu.com,dns,1,dns-112,2026-04-06T18:53:08+00:00,2026-04-06T18:53:09+00:00,1071,resolved,,,0,0,
run_20260406T185251Z,7c462a505e21b4bf5f4680610026c3c47fb9cf7c,PS-02_AIGR-S66270_NCIIPC_24_02_2026.xlsx,https://fiech.org,dns,1,dns-154,2026-04-06T18:53:08+00:00,2026-04-06T18:53:09+00:00,1071,resolved,,,0,0,
run_20260406T185251Z,45be37b598e0ab651b9bde4e61b5c25bd584a3a7,PS-02_AIGR-S66270_NCIIPC_24_02_2026.xlsx,https://indianvoiceguard.com,dns,1,dns-126,2026-04-06T18:53:08+00:00,2026-04-06T18:53:09+00:00,1072,resolved,,,0,0,
run_20260406T185251Z,5f3f384e9bd40c69d1def47d57fb03eb0cf8c149,PS-02_AIGR-S66270_NCIIPC_24_02_2026.xlsx,https://pnsnb0.makeup,dns,1,dns-140,2026-04-06T18:53:08+00:00,2026-04-06T18:53:09+00:00,1071,no_records,no_records,no_records,0,0,
run_20260406T185251Z,45993d79a59dd0a983c40c18fd5173c0e6b1f34b,PS-02_AIGR-S66270_NCIIPC_24_02_2026.xlsx,https://senda.exchange,dns,1,dns-147,2026-04-06T18:53:08+00:00,2026-04-06T18:53:09+00:00,1094,resolved,,,0,0,
run_20260406T185251Z,deaf2c338f74f2861fbff4a32decefe7238ca220,PS-02_AIGR-S66270_NCIIPC_24_02_2026.xlsx,https://onlineshop24h.com,dns,1,dns-128,2026-04-06T18:53:08+00:00,2026-04-06T18:53:09+00:00,1113,resolved,,,0,0,
run_20260406T185251Z,42c1be78aa331e5c98725377db8a531bcd995879,PS-02_AIGR-S66270_NCIIPC_24_02_2026.xlsx,https://incaion.us,dns,1,dns-53,2026-04-06T18:53:09+00:00,2026-04-06T18:53:09+00:00,462,resolved,,,0,0,
run_20260406T185251Z,c57e3fe129c1be87e9d4839087287bc6941f33e1,PS-02_AIGR-S66270_NCIIPC_24_02_2026.xlsx,https://aidi5.makeup,dns,1,dns-52,2026-04-06T18:53:09+00:00,2026-04-06T18:53:10+00:00,841,dns_error,dns_error,dns_error,0,0,
run_20260406T185251Z,057dab214e589f928f77c8001ce78210be21cad5,PS-02_AIGR-S66270_NCIIPC_24_02_2026.xlsx,https://panbe.shop,dns,1,dns-8,2026-04-06T18:53:09+00:00,2026-04-06T18:53:10+00:00,842,no_records,no_records,no_records,0,0,
run_20260406T185251Z,51004ca2056e00b06abc38e2cd3d3fec02c18e73,PS-02_AIGR-S66270_NCIIPC_24_02_2026.xlsx,https://cloud-service.win,dns,1,dns-17,2026-04-06T18:53:09+00:00,2026-04-06T18:53:10+00:00,842,no_records,no_records,no_records,0,0,
run_20260406T185251Z,c4f46f6f3afbe76126394464618743988f5f194d,PS-02_AIGR-S66270_NCIIPC_24_02_2026.xlsx,https://cloudwaf.tr,dns,1,dns-39,2026-04-06T18:53:09+00:00,2026-04-06T18:53:10+00:00,841,resolved,,,0,0,
run_20260406T185251Z,43c92e90266a9702c7b4e0014be9a5950db97085,PS-02_AIGR-S66270_NCIIPC_24_02_2026.xlsx,https://netprobio.com,dns,1,dns-166,2026-04-06T18:53:08+00:00,2026-04-06T18:53:10+00:00,1494,resolved,,,0,0,
run_20260406T185251Z,b443488fc6726752bec510ac540ea10645d5e39c,PS-02_AIGR-S66270_NCIIPC_24_02_2026.xlsx,https://inocul.us,dns,1,dns-36,2026-04-06T18:53:09+00:00,2026-04-06T18:53:10+00:00,808,resolved,,,0,0,
run_20260406T185251Z,4a47613f0c759ca0e2cc0c880c4408d900a1699d,PS-02_AIGR-S66270_NCIIPC_24_02_2026.xlsx,https://induvibe.org,dns,1,dns-64,2026-04-06T18:53:09+00:00,2026-04-06T18:53:10+00:00,849,resolved,,,0,0,
run_20260406T185251Z,80a8dc62f23815f3fe771369dd4040087d0921e4,PS-02_AIGR-S66270_NCIIPC_24_02_2026.xlsx,https://ai5c.makeup,dns,1,dns-3,2026-04-06T18:53:09+00:00,2026-04-06T18:53:10+00:00,809,dns_error,dns_error,dns_error,0,0,
run_20260406T185251Z,992de91ff1dc4e2bc9f08ffc4fa1fe8b29b49085,PS-02_AIGR-S66270_NCIIPC_24_02_2026.xlsx,https://axisrenovations.ca,dns,1,dns-26,2026-04-06T18:53:09+00:00,2026-04-06T18:53:10+00:00,850,resolved,,,0,0,
run_20260406T185251Z,4e57c8bd3af0898fb75c2be9203cfd562ffe24de,PS-02_AIGR-S66270_NCIIPC_24_02_2026.xlsx,https://trycloud.com.ar,dns,1,dns-160,2026-04-06T18:53:09+00:00,2026-04-06T18:53:10+00:00,802,resolved,,,0,0,
run_20260406T185251Z,5f19e8fe971c743d33c7ba596b07017c006dca48,PS-02_AIGR-S66270_NCIIPC_24_02_2026.xlsx,https://aimdos.com,dns,1,dns-173,2026-04-06T18:53:08+00:00,2026-04-06T18:53:10+00:00,1502,resolved,,,0,0,
run_20260406T185251Z,9a72777a4f5ae0af487a513a5347085fbc41fad8,PS-02_AIGR-S66270_NCIIPC_24_02_2026.xlsx,https://clode.app,dns,1,dns-16,2026-04-06T18:53:09+00:00,2026-04-06T18:53:10+00:00,850,resolved,,,0,0,
run_20260406T185251Z,286e22474d7646f5ca24e2fa9bbbb7ff7c96f509,PS-02_AIGR-S66270_NCIIPC_24_02_2026.xlsx,https://homeschoolandu.org,dns,1,dns-150,2026-04-06T18:53:09+00:00,2026-04-06T18:53:10+00:00,809,resolved,,,0,0,
run_20260406T185251Z,e62b50b50868f72d8b203e3da1e206a24a93a737,PS-02_AIGR-S66270_NCIIPC_24_02_2026.xlsx,https://industrali.ai,dns,1,dns-148,2026-04-06T18:53:09+00:00,2026-04-06T18:53:10+00:00,810,resolved,,,0,0,
run_20260406T185251Z,d798305dba65e81a5c48d2ec32c69fa610b35574,PS-02_AIGR-S66270_NCIIPC_24_02_2026.xlsx,https://lis-skinz.net.ru,dns,1,dns-27,2026-04-06T18:53:09+00:00,2026-04-06T18:53:10+00:00,858,dns_error,dns_error,dns_error,0,0,
run_20260406T185251Z,dd699d6655eda72739a6a4bf9e69715e5c2516b1,PS-02_AIGR-S66270_NCIIPC_24_02_2026.xlsx,https://cloudreforms.store,dns,1,dns-72,2026-04-06T18:53:09+00:00,2026-04-06T18:53:10+00:00,858,resolved,,,0,0,
run_20260406T185251Z,ed80cd4fcb884ad917be6c0ad83b19c632b95a34,PS-02_AIGR-S66270_NCIIPC_24_02_2026.xlsx,https://cloudedthoughts.blog,dns,1,dns-56,2026-04-06T18:53:09+00:00,2026-04-06T18:53:10+00:00,844,resolved,,,0,0,
run_20260406T185251Z,e9a10acd02b6c4c1b54facfc4a31cece42ff4767,PS-02_AIGR-S66270_NCIIPC_24_02_2026.xlsx,https://guicoun.sa.com,dns,1,dns-117,2026-04-06T18:53:09+00:00,2026-04-06T18:53:10+00:00,857,resolved,,,0,0,
run_20260406T185251Z,5fd85b15a14e0a64b676b9a01d3700275e2d46ae,PS-02_AIGR-S66270_NCIIPC_24_02_2026.xlsx,https://aiwise.app,dns,1,dns-80,2026-04-06T18:53:09+00:00,2026-04-06T18:53:10+00:00,858,resolved,,,0,0,
run_20260406T185251Z,f467beb8cdfb1726f3b82a64427d6f583ee1ed4e,PS-02_AIGR-S66270_NCIIPC_24_02_2026.xlsx,https://onlinesaatern.store,dns,1,dns-45,2026-04-06T18:53:09+00:00,2026-04-06T18:53:10+00:00,859,resolved,,,0,0,
run_20260406T185251Z,83291ccf7815247b4f90852c703e0d4ab65a93ca,PS-02_AIGR-S66270_NCIIPC_24_02_2026.xlsx,https://djs.sa.com,dns,1,dns-19,2026-04-06T18:53:09+00:00,2026-04-06T18:53:10+00:00,900,resolved,,,0,0,
run_20260406T185251Z,64b9643032c5e4c453cce46e401ec11996044c93,PS-02_AIGR-S66270_NCIIPC_24_02_2026.xlsx,https://godafone.sa.com,dns,1,dns-44,2026-04-06T18:53:09+00:00,2026-04-06T18:53:10+00:00,863,resolved,,,0,0,
run_20260406T185251Z,fab597953af4702fa384d87f47ee1aea8e656a9e,PS-02_AIGR-S66270_NCIIPC_24_02_2026.xlsx,https://netxpand.app,dns,1,dns-41,2026-04-06T18:53:09+00:00,2026-04-06T18:53:10+00:00,798,no_records,no_records,no_records,0,0,
run_20260406T185251Z,385d99aeca6ddd207b7bcdd60553c876cf1fc501,PS-02_AIGR-S66270_NCIIPC_24_02_2026.xlsx,https://iskrator.com,dns,1,dns-40,2026-04-06T18:53:09+00:00,2026-04-06T18:53:10+00:00,864,no_records,no_records,no_records,0,0,
run_20260406T185251Z,53374bd29fe4d38cd8457cd4560e0836756ee4d4,PS-02_AIGR-S66270_NCIIPC_24_02_2026.xlsx,https://cloudaiplus.pro,dns,1,dns-66,2026-04-06T18:53:09+00:00,2026-04-06T18:53:10+00:00,863,resolved,,,0,0,
run_20260406T185251Z,f2b44219d234b086c1156c116841d8329f4f3c6f,PS-02_AIGR-S66270_NCIIPC_24_02_2026.xlsx,https://incomehubthai.com,dns,1,dns-20,2026-04-06T18:53:09+00:00,2026-04-06T18:53:10+00:00,816,resolved,,,0,0,
run_20260406T185251Z,33204e617c2fcecba1e85466f8a74108a825d27c,PS-02_AIGR-S66270_NCIIPC_24_02_2026.xlsx,https://nhaven.store,dns,1,dns-2,2026-04-06T18:53:09+00:00,2026-04-06T18:53:10+00:00,865,resolved,,,0,0,
run_20260406T185251Z,a0d9bff3da028bef2f334de1890f44b0d8933e62,PS-02_AIGR-S66270_NCIIPC_24_02_2026.xlsx,https://coalidar.com,dns,1,dns-1,2026-04-06T18:53:09+00:00,2026-04-06T18:53:10+00:00,866,resolved,,,0,0,
run_20260406T185251Z,2cd138432a4ad16410c2154e3407a4bc0fe37d36,PS-02_AIGR-S66270_NCIIPC_24_02_2026.xlsx,https://ecithi.com,dns,1,dns-127,2026-04-06T18:53:09+00:00,2026-04-06T18:53:10+00:00,845,resolved,,,0,0,
run_20260406T185251Z,ce7d24ce4fa28a549f00a00d493e2f61d65180c5,PS-02_AIGR-S66270_NCIIPC_24_02_2026.xlsx,https://axisupi.com,dns,1,dns-71,2026-04-06T18:53:09+00:00,2026-04-06T18:53:10+00:00,838,resolved,,,0,0,
run_20260406T185251Z,66e7008fecd077a9027d78952d476eb6f061e885,PS-02_AIGR-S66270_NCIIPC_24_02_2026.xlsx,https://cloudpatrol.net,dns,1,dns-50,2026-04-06T18:53:09+00:00,2026-04-06T18:53:10+00:00,891,resolved,,,0,0,
run_20260406T185251Z,cf7a07129821a8c7cc12cc94e75ccaec898aaf2d,PS-02_AIGR-S66270_NCIIPC_24_02_2026.xlsx,https://sanch.life,dns,1,dns-9,2026-04-06T18:53:09+00:00,2026-04-06T18:53:10+00:00,491,resolved,,,0,0,
run_20260406T185251Z,f1841f7d78f75b5844a1089aa483234e03c9efc4,PS-02_AIGR-S66270_NCIIPC_24_02_2026.xlsx,https://arabexpress.info,dns,1,dns-159,2026-04-06T18:53:09+00:00,2026-04-06T18:53:10+00:00,478,dns_error,dns_error,dns_error,0,0,
run_20260406T185251Z,894475c7f7a404ef734443ee85da37929def0771,PS-02_AIGR-S66270_NCIIPC_24_02_2026.xlsx,https://vsmc.am,dns,1,dns-157,2026-04-06T18:53:09+00:00,2026-04-06T18:53:10+00:00,492,resolved,,,0,0,
run_20260406T185251Z,05b1fe191dc3a197919582841a98bbdc0ed8a63c,PS-02_AIGR-S66270_NCIIPC_24_02_2026.xlsx,https://ir.finance,dns,1,dns-85,2026-04-06T18:53:09+00:00,2026-04-06T18:53:10+00:00,487,no_records,no_records,no_records,0,0,
run_20260406T185251Z,2bd5ddc616032504817d1588e673b414b2d23b25,PS-02_AIGR-S66270_NCIIPC_24_02_2026.xlsx,https://homeboard.pro,dns,1,dns-57,2026-04-06T18:53:09+00:00,2026-04-06T18:53:10+00:00,494,resolved,,,0,0,
run_20260406T185251Z,8fb423c815e80e0cc8678f34224257619f09b3ae,PS-02_AIGR-S66270_NCIIPC_24_02_2026.xlsx,https://airc1.makeup,dns,1,dns-176,2026-04-06T18:53:09+00:00,2026-04-06T18:53:10+00:00,498,dns_error,dns_error,dns_error,0,0,
run_20260406T185251Z,1a7943810e16150de622898f79f7a82e1c792583,PS-02_AIGR-S66270_NCIIPC_24_02_2026.xlsx,https://online-sofi.icu,dns,1,dns-97,2026-04-06T18:53:09+00:00,2026-04-06T18:53:10+00:00,860,dns_error,dns_error,dns_error,0,0,
run_20260406T185251Z,0cc5edc5cc503f6e787366bf25ed8813604d41a9,PS-02_AIGR-S66270_NCIIPC_24_02_2026.xlsx,https://ait.works,dns,1,dns-106,2026-04-06T18:53:09+00:00,2026-04-06T18:53:10+00:00,859,resolved,,,0,0,
run_20260406T185251Z,1a8b796bb27c240c76f5a254c1f05a75c2f4cfd3,PS-02_AIGR-S66270_NCIIPC_24_02_2026.xlsx,https://myvitarenew.shop,dns,1,dns-105,2026-04-06T18:53:09+00:00,2026-04-06T18:53:10+00:00,864,resolved,,,0,0,
run_20260406T185251Z,357c3270940464762014b6c63cee08b69cf4fd52,PS-02_AIGR-S66270_NCIIPC_24_02_2026.xlsx,https://isoe.co.in,dns,1,dns-164,2026-04-06T18:53:09+00:00,2026-04-06T18:53:10+00:00,868,resolved,,,0,0,
run_20260406T185251Z,74478d2ce37f245ea5aa95517878772ba9672afc,PS-02_AIGR-S66270_NCIIPC_24_02_2026.xlsx,https://samct.ren,dns,1,dns-81,2026-04-06T18:53:09+00:00,2026-04-06T18:53:10+00:00,1229,resolved,,,0,0,
run_20260406T185251Z,91866b4c45ec071744b4047c327238ba043b6ca7,PS-02_AIGR-S66270_NCIIPC_24_02_2026.xlsx,https://pnbpunx.ch,dns,1,dns-115,2026-04-06T18:53:09+00:00,2026-04-06T18:53:10+00:00,862,resolved,,,0,0,
run_20260406T185251Z,de914f09fbf43c96042b7fdf2b268cac0b60b3e9,PS-02_AIGR-S66270_NCIIPC_24_02_2026.xlsx,https://homebelavista.com,dns,1,dns-142,2026-04-06T18:53:09+00:00,2026-04-06T18:53:10+00:00,1238,resolved,,,0,0,
run_20260406T185251Z,b1e69996a9c0e0280dce6212ed45ea235c842935,PS-02_AIGR-S66270_NCIIPC_24_02_2026.xlsx,https://half-dream.sa.com,dns,1,dns-88,2026-04-06T18:53:09+00:00,2026-04-06T18:53:10+00:00,863,resolved,,,0,0,
run_20260406T185251Z,69ccd9f5a41931ae0d63bd31be0b53eedf8e196d,PS-02_AIGR-S66270_NCIIPC_24_02_2026.xlsx,https://clouedoc.dev,dns,1,dns-108,2026-04-06T18:53:09+00:00,2026-04-06T18:53:10+00:00,860,resolved,,,0,0,
run_20260406T185251Z,fcd9bcb47f059177c290c47b3f404760050893fa,PS-02_AIGR-S66270_NCIIPC_24_02_2026.xlsx,https://aitalent.tech,dns,1,dns-35,2026-04-06T18:53:09+00:00,2026-04-06T18:53:10+00:00,867,resolved,,,0,0,
run_20260406T185251Z,54aa4f17f9b485846485df733cebf8c1dcb35e66,PS-02_AIGR-S66270_NCIIPC_24_02_2026.xlsx,https://canalprices.co.uk,dns,1,dns-7,2026-04-06T18:53:09+00:00,2026-04-06T18:53:10+00:00,1293,resolved,,,0,0,
run_20260406T185251Z,a7706080c1b068f80ba6b65b7bc6521ba6a11385,PS-02_AIGR-S66270_NCIIPC_24_02_2026.xlsx,https://aies.makeup,dns,1,dns-161,2026-04-06T18:53:09+00:00,2026-04-06T18:53:10+00:00,1231,resolved,,,0,0,
run_20260406T185251Z,240fb3b98aef4104c71770465d23e55ab9e0d3f7,PS-02_AIGR-S66270_NCIIPC_24_02_2026.xlsx,https://cloudoranet.xyz,dns,1,dns-168,2026-04-06T18:53:09+00:00,2026-04-06T18:53:10+00:00,882,resolved,,,0,0,
run_20260406T185251Z,4546d4988efd6ba753d81e7680ba3889510f323a,PS-02_AIGR-S66270_NCIIPC_24_02_2026.xlsx,https://remint.app,dns,1,dns-147,2026-04-06T18:53:09+00:00,2026-04-06T18:53:10+00:00,851,resolved,,,0,0,
run_20260406T185251Z,1f7ecb6f06f3a1f18c37bbc298aa521868fa689c,PS-02_AIGR-S66270_NCIIPC_24_02_2026.xlsx,https://meowcloud.co,dns,1,dns-87,2026-04-06T18:53:09+00:00,2026-04-06T18:53:10+00:00,878,resolved,,,0,0,
run_20260406T185251Z,378d04813fd9781e0ba95054ffa21ec23a267cb1,PS-02_AIGR-S66270_NCIIPC_24_02_2026.xlsx,https://homlinks.com,dns,1,dns-124,2026-04-06T18:53:09+00:00,2026-04-06T18:53:10+00:00,883,dns_error,dns_error,dns_error,0,0,
run_20260406T185251Z,83bc5b2bbb7f418db78ad2d98a5871964cd90ed5,PS-02_AIGR-S66270_NCIIPC_24_02_2026.xlsx,https://online-melbet.click,dns,1,dns-128,2026-04-06T18:53:09+00:00,2026-04-06T18:53:10+00:00,833,resolved,,,0,0,
run_20260406T185251Z,f5070d3e3bd7136b73ed190075a1e71b93bc5844,PS-02_AIGR-S66270_NCIIPC_24_02_2026.xlsx,http://indicorigins.org,dns,1,dns-140,2026-04-06T18:53:09+00:00,2026-04-06T18:53:10+00:00,874,resolved,,,0,0,
run_20260406T185251Z,7d1cb994a0b5527db68fb181e95a080218788554,PS-02_AIGR-S66270_NCIIPC_24_02_2026.xlsx,https://hairintel.co,dns,1,dns-120,2026-04-06T18:53:09+00:00,2026-04-06T18:53:10+00:00,876,resolved,,,0,0,
run_20260406T185251Z,a5b3680f2f0dfb2a20ab4794567d909deb90e105,PS-02_AIGR-S66270_NCIIPC_24_02_2026.xlsx,https://clouduclab.store,dns,1,dns-125,2026-04-06T18:53:09+00:00,2026-04-06T18:53:10+00:00,883,resolved,,,0,0,
run_20260406T185251Z,eca7e4b69f4be6c6cba8f2dbc2b717745e8b8600,PS-02_AIGR-S66270_NCIIPC_24_02_2026.xlsx,https://rabii.in,dns,1,dns-126,2026-04-06T18:53:09+00:00,2026-04-06T18:53:10+00:00,874,no_records,no_records,no_records,0,0,
run_20260406T185251Z,d747b63d101431b7c6041d508fc6077c1f784de9,PS-02_AIGR-S66270_NCIIPC_24_02_2026.xlsx,https://homeclaw.net,dns,1,dns-118,2026-04-06T18:53:09+00:00,2026-04-06T18:53:10+00:00,884,no_records,no_records,no_records,0,0,
run_20260406T185251Z,308d0877b830fcc87a9bf2deafd855398bdb3a5e,PS-02_AIGR-S66270_NCIIPC_24_02_2026.xlsx,https://nihaix.makeup,dns,1,dns-53,2026-04-06T18:53:09+00:00,2026-04-06T18:53:10+00:00,831,no_records,no_records,no_records,0,0,
run_20260406T185251Z,2373eea93ed8ceb053f7287eb1259cee78572967,PS-02_AIGR-S66270_NCIIPC_24_02_2026.xlsx,https://sancta.nexus,dns,1,dns-112,2026-04-06T18:53:09+00:00,2026-04-06T18:53:10+00:00,875,no_records,no_records,no_records,0,0,
run_20260406T185251Z,a1adc1c6d168cc6e03bd5d175b7448d3a16c358a,PS-02_AIGR-S66270_NCIIPC_24_02_2026.xlsx,https://coalitionassist.com,dns,1,dns-99,2026-04-06T18:53:09+00:00,2026-04-06T18:53:10+00:00,877,resolved,,,0,0,
run_20260406T185251Z,e341e71e9561a4af8c408869adaa6a97718e37b8,PS-02_AIGR-S66270_NCIIPC_24_02_2026.xlsx,https://cloudr27.cfd,dns,1,dns-177,2026-04-06T18:53:09+00:00,2026-04-06T18:53:10+00:00,898,no_records,no_records,no_records,0,0,
run_20260406T185251Z,7d9d33ae585af12ecdd3f863a2f37b1d876093ad,PS-02_AIGR-S66270_NCIIPC_24_02_2026.xlsx,https://homelabserver.dev.br,dns,1,dns-12,2026-04-06T18:53:09+00:00,2026-04-06T18:53:10+00:00,1312,no_records,no_records,no_records,0,0,
run_20260406T185251Z,da5aefce92155b501583c0dc70033278b0d230c4,PS-02_AIGR-S66270_NCIIPC_24_02_2026.xlsx,https://tscloud.tools,dns,1,dns-8,2026-04-06T18:53:10+00:00,2026-04-06T18:53:10+00:00,483,no_records,no_records,no_records,0,0,
run_20260406T185251Z,6e4bd77475f595bbade69d84a2c31e2688ea9a30,PS-02_AIGR-S66270_NCIIPC_24_02_2026.xlsx,https://silifu.com,dns,1,dns-79,2026-04-06T18:53:09+00:00,2026-04-06T18:53:10+00:00,910,no_records,no_records,no_records,0,0,
run_20260406T185251Z,c07d219324c624c483599d8ad2047be3ca7d81fb,PS-02_AIGR-S66270_NCIIPC_24_02_2026.xlsx,https://online-vinetat.digital,dns,1,dns-52,2026-04-06T18:53:10+00:00,2026-04-06T18:53:10+00:00,483,resolved,,,0,0,
run_20260406T185251Z,4c171a2f09e9f85cc6cc414d0fddf79999f6365a,PS-02_AIGR-S66270_NCIIPC_24_02_2026.xlsx,https://rvhcloud.nl,dns,1,dns-3,2026-04-06T18:53:10+00:00,2026-04-06T18:53:10+00:00,475,no_records,no_records,no_records,0,0,
run_20260406T185251Z,47bb195c040284a5ae49fd1d14dca8829435eb13,PS-02_AIGR-S66270_NCIIPC_24_02_2026.xlsx,https://ai0img.makeup,dns,1,dns-39,2026-04-06T18:53:10+00:00,2026-04-06T18:53:10+00:00,486,dns_error,dns_error,dns_error,0,0,
run_20260406T185251Z,152eacaefdef47769d4c7b8eca88660f075ce48c,PS-02_AIGR-S66270_NCIIPC_24_02_2026.xlsx,http://my-vibe.events,dns,1,dns-27,2026-04-06T18:53:10+00:00,2026-04-06T18:53:10+00:00,470,resolved,,,0,0,
run_20260406T185251Z,a1097acacb9b3877574285d0efcee46d6a3627dc,PS-02_AIGR-S66270_NCIIPC_24_02_2026.xlsx,http://fintechpal.com,dns,1,dns-149,2026-04-06T18:53:09+00:00,2026-04-06T18:53:11+00:00,1322,resolved,,,0,0,
run_20260406T185251Z,2fb00fe845887bf14c0e413045d42e4886338897,PS-02_AIGR-S66270_NCIIPC_24_02_2026.xlsx,https://buildaion.us,dns,1,dns-20,2026-04-06T18:53:10+00:00,2026-04-06T18:53:11+00:00,874,resolved,,,0,0,
run_20260406T185251Z,850f6e5be684866e981b229ad7473238a5e9eb47,PS-02_AIGR-S66270_NCIIPC_24_02_2026.xlsx,https://cloud4nc.ru,dns,1,dns-78,2026-04-06T18:53:09+00:00,2026-04-06T18:53:11+00:00,1737,resolved,,,0,0,
run_20260406T185251Z,54595387b8d9892d4a9f76c0da5a8e05c8456b00,PS-02_AIGR-S66270_NCIIPC_24_02_2026.xlsx,https://cloudaion.us,dns,1,dns-40,2026-04-06T18:53:10+00:00,2026-04-06T18:53:11+00:00,874,resolved,,,0,0,
run_20260406T185251Z,a4c7057049b4b358f3f2b679f92a6b36f9ee1404,PS-02_AIGR-S66270_NCIIPC_24_02_2026.xlsx,https://homehealing.in,dns,1,dns-16,2026-04-06T18:53:10+00:00,2026-04-06T18:53:11+00:00,888,resolved,,,0,0,
run_20260406T185251Z,9c20dd91420f51ee7de9b986916b3cc55c5b9dfd,PS-02_AIGR-S66270_NCIIPC_24_02_2026.xlsx,https://cloudfic.app,dns,1,dns-64,2026-04-06T18:53:10+00:00,2026-04-06T18:53:11+00:00,889,no_records,no_records,no_records,0,0,
run_20260406T185251Z,f6f1323cd1f8dc719699ee434e29d74fab4b53cf,PS-02_AIGR-S66270_NCIIPC_24_02_2026.xlsx,https://india100.org,dns,1,dns-117,2026-04-06T18:53:10+00:00,2026-04-06T18:53:11+00:00,880,resolved,,,0,0,
run_20260406T185251Z,2bd4e8373ec717a6bb2d8d4cef684b42cc550f76,PS-02_AIGR-S66270_NCIIPC_24_02_2026.xlsx,https://breakinto.sa.com,dns,1,dns-36,2026-04-06T18:53:10+00:00,2026-04-06T18:53:11+00:00,891,resolved,,,0,0,
run_20260406T185251Z,945f16cf61ed3e1e1467a7dd6a08649805b24878,PS-02_AIGR-S66270_NCIIPC_24_02_2026.xlsx,https://cloud-x.pro,dns,1,dns-108,2026-04-06T18:53:10+00:00,2026-04-06T18:53:11+00:00,462,resolved,,,0,0,
run_20260406T185251Z,165920961d9676bfe24bb5fa88e630ccbc04bdb6,PS-02_AIGR-S66270_NCIIPC_24_02_2026.xlsx,https://pariah.chat,dns,1,dns-26,2026-04-06T18:53:10+00:00,2026-04-06T18:53:11+00:00,891,resolved,,,0,0,
run_20260406T185251Z,bdc45e38eed38cbfb7811ba508af922eaef58351,PS-02_AIGR-S66270_NCIIPC_24_02_2026.xlsx,https://bksindia.org,dns,1,dns-106,2026-04-06T18:53:10+00:00,2026-04-06T18:53:11+00:00,466,resolved,,,0,0,
run_20260406T185251Z,f008458115f2c57cecb4a01cb019c74afbb4cf98,PS-02_AIGR-S66270_NCIIPC_24_02_2026.xlsx,https://starco.fit,dns,1,dns-9,2026-04-06T18:53:10+00:00,2026-04-06T18:53:11+00:00,849,resolved,,,0,0,
run_20260406T185251Z,4a7af668cc69940f0e7815a5ef4f8e1287649126,PS-02_AIGR-S66270_NCIIPC_24_02_2026.xlsx,https://cglud.cn,dns,1,dns-49,2026-04-06T18:53:09+00:00,2026-04-06T18:53:11+00:00,1740,resolved,,,0,0,
run_20260406T185251Z,c04b22d8a9b3e603235c517b6386e6533e3990f3,PS-02_AIGR-S66270_NCIIPC_24_02_2026.xlsx,https://ibuf.sa.com,dns,1,dns-105,2026-04-06T18:53:10+00:00,2026-04-06T18:53:11+00:00,463,resolved,,,0,0,
run_20260406T185251Z,6b68dd3160ad9391ee964f30abcb8c0b969397ff,PS-02_AIGR-S66270_NCIIPC_24_02_2026.xlsx,https://axiumsystem.com,dns,1,dns-69,2026-04-06T18:53:09+00:00,2026-04-06T18:53:11+00:00,1355,no_records,no_records,no_records,0,0,
run_20260406T185251Z,95c630a314cd726d2a0dd0574791b03cbaafd8a7,PS-02_AIGR-S66270_NCIIPC_24_02_2026.xlsx,https://digiibank.com,dns,1,dns-154,2026-04-06T18:53:09+00:00,2026-04-06T18:53:11+00:00,1346,resolved,,,0,0,
run_20260406T185251Z,e8451f7475124782e450300eb758e961f6c6bb3d,PS-02_AIGR-S66270_NCIIPC_24_02_2026.xlsx,https://axioms.win,dns,1,dns-50,2026-04-06T18:53:10+00:00,2026-04-06T18:53:11+00:00,873,resolved,,,0,0,
run_20260406T185251Z,44078a30dbde5e251d7feed08bc496cdbea1a178,PS-02_AIGR-S66270_NCIIPC_24_02_2026.xlsx,https://jiqo.jp,dns,1,dns-1,2026-04-06T18:53:10+00:00,2026-04-06T18:53:11+00:00,900,resolved,,,0,0,
run_20260406T185251Z,d50aa36104e11f86623ec3820362519cbd169674,PS-02_AIGR-S66270_NCIIPC_24_02_2026.xlsx,https://homeat.cyou,dns,1,dns-159,2026-04-06T18:53:10+00:00,2026-04-06T18:53:11+00:00,873,resolved,,,0,0,
run_20260406T185251Z,5b739cdbe5c97abde02c9b63c706278cb9f97217,PS-02_AIGR-S66270_NCIIPC_24_02_2026.xlsx,https://cloudsnap.events,dns,1,dns-160,2026-04-06T18:53:10+00:00,2026-04-06T18:53:11+00:00,915,resolved,,,0,0,
run_20260406T185251Z,47a922902191ad2a7dc4e31577100b25f580a547,PS-02_AIGR-S66270_NCIIPC_24_02_2026.xlsx,https://wonxqn.sa.com,dns,1,dns-176,2026-04-06T18:53:10+00:00,2026-04-06T18:53:11+00:00,857,resolved,,,0,0,
run_20260406T185251Z,eddba3bc2dcc9f25f7885ac32cdb1e06169af28e,PS-02_AIGR-S66270_NCIIPC_24_02_2026.xlsx,https://disdogalsi.sa.com,dns,1,dns-81,2026-04-06T18:53:10+00:00,2026-04-06T18:53:11+00:00,487,resolved,,,0,0,
run_20260406T185251Z,76bf0da068d34ada78e733da8afdb68c5946417d,PS-02_AIGR-S66270_NCIIPC_24_02_2026.xlsx,https://cloudrealm.life,dns,1,dns-44,2026-04-06T18:53:10+00:00,2026-04-06T18:53:11+00:00,902,resolved,,,0,0,
run_20260406T185251Z,4709c5c894bb2f6360aa3171c7d9e9a62c6a702f,PS-02_AIGR-S66270_NCIIPC_24_02_2026.xlsx,https://cloudinform.store,dns,1,dns-57,2026-04-06T18:53:10+00:00,2026-04-06T18:53:11+00:00,858,resolved,,,0,0,
run_20260406T185251Z,51ea85c0e9771dd52886452db262682183d37fff,PS-02_AIGR-S66270_NCIIPC_24_02_2026.xlsx,https://aiart.loan,dns,1,dns-166,2026-04-06T18:53:10+00:00,2026-04-06T18:53:11+00:00,924,resolved,,,0,0,
run_20260406T185251Z,cba52e621476c6f2e3d04c489a1a8f23e9f3fcf0,PS-02_AIGR-S66270_NCIIPC_24_02_2026.xlsx,https://resobi.com,dns,1,dns-61,2026-04-06T18:53:09+00:00,2026-04-06T18:53:11+00:00,1352,resolved,,,0,0,
run_20260406T185251Z,a83af268f24f70faa9fbff8b15afa144edc1332a,PS-02_AIGR-S66270_NCIIPC_24_02_2026.xlsx,https://tdnsp.org,dns,1,dns-142,2026-04-06T18:53:10+00:00,2026-04-06T18:53:11+00:00,488,resolved,,,0,0,
run_20260406T185251Z,0a6bd6fc33c2002f76bdfc751e3404191b13dda5,PS-02_AIGR-S66270_NCIIPC_24_02_2026.xlsx,https://s5a6cz.makeup,dns,1,dns-127,2026-04-06T18:53:10+00:00,2026-04-06T18:53:11+00:00,880,no_records,no_records,no_records,0,0,
run_20260406T185251Z,d85a7992aa3ec9b84e4149123f22e2ab54e53602,PS-02_AIGR-S66270_NCIIPC_24_02_2026.xlsx,https://aifyindia.com,dns,1,dns-17,2026-04-06T18:53:10+00:00,2026-04-06T18:53:11+00:00,925,resolved,,,0,0,
run_20260406T185251Z,eb2e14568c2f57eda42dc3f3eda75337c1996155,PS-02_AIGR-S66270_NCIIPC_24_02_2026.xlsx,https://coindiya.com,dns,1,dns-88,2026-04-06T18:53:10+00:00,2026-04-06T18:53:11+00:00,488,resolved,,,0,0,
run_20260406T185251Z,66717206ec85e53ac0f916ac7cf8783ebab11e7e,PS-02_AIGR-S66270_NCIIPC_24_02_2026.xlsx,https://onlineubi.com,dns,1,dns-115,2026-04-06T18:53:10+00:00,2026-04-06T18:53:11+00:00,505,resolved,,,0,0,
run_20260406T185251Z,99ecb7201c25da9438f62736e9ddcb2a4551b049,PS-02_AIGR-S66270_NCIIPC_24_02_2026.xlsx,https://myzenvio.com,dns,1,dns-157,2026-04-06T18:53:10+00:00,2026-04-06T18:53:11+00:00,888,resolved,,,0,0,
run_20260406T185251Z,6beb3492e940acd92af11a3e6b74c7578947eab3,PS-02_AIGR-S66270_NCIIPC_24_02_2026.xlsx,https://pnlbot.com.br,dns,1,dns-71,2026-04-06T18:53:10+00:00,2026-04-06T18:53:11+00:00,1202,resolved,,,0,0,
run_20260406T185251Z,67b2baa529b7200951d4acf3fb77efaec4ddbaf0,PS-02_AIGR-S66270_NCIIPC_24_02_2026.xlsx,https://airsoftreload.ca,dns,1,dns-177,2026-04-06T18:53:10+00:00,2026-04-06T18:53:11+00:00,796,resolved,,,0,0,
run_20260406T185251Z,9f3d8212e31ae5eeb546dcd514b320e66f4f5252,PS-02_AIGR-S66270_NCIIPC_24_02_2026.xlsx,https://coingoldai.store,dns,1,dns-52,2026-04-06T18:53:10+00:00,2026-04-06T18:53:11+00:00,783,resolved,,,0,0,
run_20260406T185251Z,6eff4b1bf1d93eafb2b91819f6d6f4f9b9413eb2,PS-02_AIGR-S66270_NCIIPC_24_02_2026.xlsx,http://eclindias.com,dns,1,dns-2,2026-04-06T18:53:10+00:00,2026-04-06T18:53:11+00:00,1244,resolved,,,0,0,
run_20260406T185251Z,2188c77d36349fbf07d158415899acac998f0ad5,PS-02_AIGR-S66270_NCIIPC_24_02_2026.xlsx,https://cloudyface.co.uk,dns,1,dns-163,2026-04-06T18:53:09+00:00,2026-04-06T18:53:11+00:00,1693,resolver_error,resolver_error,resolver_error,0,0,
run_20260406T185251Z,5bd4b6873a2807be127b6283873c71560095ea10,PS-02_AIGR-S66270_NCIIPC_24_02_2026.xlsx,https://myvitaminstrips.com,dns,1,dns-56,2026-04-06T18:53:10+00:00,2026-04-06T18:53:11+00:00,1250,resolved,,,0,0,
run_20260406T185251Z,312d9378ef2596140e7d1240806d2683e3bf19bd,PS-02_AIGR-S66270_NCIIPC_24_02_2026.xlsx,https://iiol.info,dns,1,dns-128,2026-04-06T18:53:10+00:00,2026-04-06T18:53:11+00:00,816,resolved,,,0,0,
run_20260406T185251Z,1206fc4c81d52f09324f953a58ff47ff59c25733,PS-02_AIGR-S66270_NCIIPC_24_02_2026.xlsx,https://homelyapp.ai,dns,1,dns-120,2026-04-06T18:53:10+00:00,2026-04-06T18:53:11+00:00,816,resolved,,,0,0,
run_20260406T185251Z,1145bbbd7a092174f213de3ed94ffb6290a66022,PS-02_AIGR-S66270_NCIIPC_24_02_2026.xlsx,https://irao.in,dns,1,dns-7,2026-04-06T18:53:10+00:00,2026-04-06T18:53:11+00:00,833,resolved,,,0,0,
run_20260406T185251Z,e09082dbc2eeb2dff39f38ea119eef41bc7ba169,PS-02_AIGR-S66270_NCIIPC_24_02_2026.xlsx,https://cloudfiare.bond,dns,1,dns-35,2026-04-06T18:53:10+00:00,2026-04-06T18:53:11+00:00,841,resolved,,,0,0,
run_20260406T185251Z,3a97e81c2af09cfd6d0fe8a70d25c52c934200f9,PS-02_AIGR-S66270_NCIIPC_24_02_2026.xlsx,https://gmtcloud5.best,dns,1,dns-87,2026-04-06T18:53:10+00:00,2026-04-06T18:53:11+00:00,832,resolved,,,0,0,
run_20260406T185251Z,a7b3031b3ba240c3dae4e6b206261de141a49375,PS-02_AIGR-S66270_NCIIPC_24_02_2026.xlsx,https://enfejbaz2024z.sa.com,dns,1,dns-8,2026-04-06T18:53:10+00:00,2026-04-06T18:53:11+00:00,801,resolved,,,0,0,
run_20260406T185251Z,85eb607498f5b08890cb6153ef85b0bbd042b926,PS-02_AIGR-S66270_NCIIPC_24_02_2026.xlsx,https://audm.me,dns,1,dns-124,2026-04-06T18:53:10+00:00,2026-04-06T18:53:11+00:00,832,resolved,,,0,0,
run_20260406T185251Z,56714331e553c1c8a1ba1dce21c4506181844ddd,PS-02_AIGR-S66270_NCIIPC_24_02_2026.xlsx,https://airtv.app,dns,1,dns-126,2026-04-06T18:53:10+00:00,2026-04-06T18:53:11+00:00,832,resolved,,,0,0,
run_20260406T185251Z,4cbb8f7c5fd62e8b595376a023ed0752ccd6283d,PS-02_AIGR-S66270_NCIIPC_24_02_2026.xlsx,https://axisedge.tech,dns,1,dns-27,2026-04-06T18:53:10+00:00,2026-04-06T18:53:11+00:00,796,resolved,,,0,0,
run_20260406T185251Z,8f1a00eef9f9ab4ba47a5f75412d7e26a227206f,PS-02_AIGR-S66270_NCIIPC_24_02_2026.xlsx,https://sbrdit.com,dns,1,dns-173,2026-04-06T18:53:10+00:00,2026-04-06T18:53:11+00:00,1275,resolved,,,0,0,
run_20260406T185251Z,24c2ed115796d38c046b7273a96d6f67951b5ffe,PS-02_AIGR-S66270_NCIIPC_24_02_2026.xlsx,https://airtoolspro.com,dns,1,dns-85,2026-04-06T18:53:10+00:00,2026-04-06T18:53:11+00:00,1223,resolved,,,0,0,
run_20260406T185251Z,5b26d5c30ee2bafd4fb8ed945726f3496adddadd,PS-02_AIGR-S66270_NCIIPC_24_02_2026.xlsx,https://onlinecrusader.com,dns,1,dns-148,2026-04-06T18:53:10+00:00,2026-04-06T18:53:11+00:00,1267,resolved,,,0,0,
run_20260406T185251Z,02321f69a8944052062fb0755efeb9e1aa4f1309,PS-02_AIGR-S66270_NCIIPC_24_02_2026.xlsx,https://cloudagentbuilder.com,dns,1,dns-3,2026-04-06T18:53:10+00:00,2026-04-06T18:53:11+00:00,800,resolved,,,0,0,
run_20260406T185251Z,70c9ac0de420795c9879599057d5f7ef1ba81a4d,PS-02_AIGR-S66270_NCIIPC_24_02_2026.xlsx,http://cloudgarage.online,dns,1,dns-125,2026-04-06T18:53:10+00:00,2026-04-06T18:53:11+00:00,833,resolved,,,0,0,
run_20260406T185251Z,8d7ba67a01309d03ec833d90492a1996a99305df,PS-02_AIGR-S66270_NCIIPC_24_02_2026.xlsx,https://canaries.onl,dns,1,dns-161,2026-04-06T18:53:10+00:00,2026-04-06T18:53:11+00:00,834,resolved,,,0,0,
run_20260406T185251Z,0f46a41bfe0e25132ec05e4fddd5df232208e15c,PS-02_AIGR-S66270_NCIIPC_24_02_2026.xlsx,https://auth.cafe,dns,1,dns-53,2026-04-06T18:53:10+00:00,2026-04-06T18:53:11+00:00,833,resolved,,,0,0,
run_20260406T185251Z,cc5be98a882c593ac6b658ccecf760b236515c5b,PS-02_AIGR-S66270_NCIIPC_24_02_2026.xlsx,http://cloudagencyos.com,dns,1,dns-147,2026-04-06T18:53:10+00:00,2026-04-06T18:53:11+00:00,834,resolved,,,0,0,
run_20260406T185251Z,e0ca705abdc58a1562fcec4f1e5b5b30ad663f99,PS-02_AIGR-S66270_NCIIPC_24_02_2026.xlsx,https://ironclaw.cloud,dns,1,dns-112,2026-04-06T18:53:10+00:00,2026-04-06T18:53:11+00:00,833,resolved,,,0,0,
run_20260406T185251Z,064a369fab34408c65be9c515b0ebe555a61e1cd,PS-02_AIGR-S66270_NCIIPC_24_02_2026.xlsx,https://myvooxia.com,dns,1,dns-12,2026-04-06T18:53:10+00:00,2026-04-06T18:53:11+00:00,814,resolved,,,0,0,
run_20260406T185251Z,1e6e16fbc22168676b9fdc455a5567204b07e462,PS-02_AIGR-S66270_NCIIPC_24_02_2026.xlsx,https://5bfi66.makeup,dns,1,dns-99,2026-04-06T18:53:10+00:00,2026-04-06T18:53:11+00:00,833,no_records,no_records,no_records,0,0,
run_20260406T185251Z,ecfc28599e0372772fa149cf9c42781b5ac93897,PS-02_AIGR-S66270_NCIIPC_24_02_2026.xlsx,https://onlinecrfshipmrkt.cfd,dns,1,dns-140,2026-04-06T18:53:10+00:00,2026-04-06T18:53:11+00:00,834,resolved,,,0,0,
run_20260406T185251Z,99ef0203fb88dd7e9e8397a01cf56087839cccb4,PS-02_AIGR-S66270_NCIIPC_24_02_2026.xlsx,https://casinonye.com,dns,1,dns-39,2026-04-06T18:53:10+00:00,2026-04-06T18:53:11+00:00,799,resolved,,,0,0,
run_20260406T185251Z,5451585e46ac407004836eb2058708da1b5c0706,PS-02_AIGR-S66270_NCIIPC_24_02_2026.xlsx,https://cloudflick.ru,dns,1,dns-168,2026-04-06T18:53:10+00:00,2026-04-06T18:53:11+00:00,852,resolved,,,0,0,
run_20260406T185251Z,0bf4d2e33b227cf3918f7131e7e3f7e2307f40b1,PS-02_AIGR-S66270_NCIIPC_24_02_2026.xlsx,https://kcf-tech.com,dns,1,dns-118,2026-04-06T18:53:10+00:00,2026-04-06T18:53:11+00:00,851,resolved,,,0,0,
run_20260406T185251Z,f24836811761ee4d943090b8e15a906cc5999e9d,PS-02_AIGR-S66270_NCIIPC_24_02_2026.xlsx,https://onlinegabru.com,dns,1,dns-79,2026-04-06T18:53:10+00:00,2026-04-06T18:53:11+00:00,820,resolved,,,0,0,
run_20260406T185251Z,e2721445d67124fc80054feb412f2e663ea00fbf,PS-02_AIGR-S66270_NCIIPC_24_02_2026.xlsx,https://onlineblogs.info,dns,1,dns-19,2026-04-06T18:53:10+00:00,2026-04-06T18:53:11+00:00,1298,resolved,,,0,0,
run_20260406T185251Z,e221358a259055566ebaf4fca3182b255846c01f,PS-02_AIGR-S66270_NCIIPC_24_02_2026.xlsx,https://closeup.cloud,dns,1,dns-64,2026-04-06T18:53:11+00:00,2026-04-06T18:53:11+00:00,428,resolved,,,0,0,
run_20260406T185251Z,5ac25081738bbddc3b84b60387eb75b10078fc4f,PS-02_AIGR-S66270_NCIIPC_24_02_2026.xlsx,https://airia.studio,dns,1,dns-26,2026-04-06T18:53:11+00:00,2026-04-06T18:53:11+00:00,430,resolved,,,0,0,
run_20260406T185251Z,29e2904b59037fd8937dadb5d67bd2c7a8843ea6,PS-02_AIGR-S66270_NCIIPC_24_02_2026.xlsx,https://cloudflarezageno.shop,dns,1,dns-160,2026-04-06T18:53:11+00:00,2026-04-06T18:53:11+00:00,406,resolved,,,0,0,
run_20260406T185251Z,83ea9d9129287f60e485524231adf22b147f76e3,PS-02_AIGR-S66270_NCIIPC_24_02_2026.xlsx,https://robica.ai,dns,1,dns-49,2026-04-06T18:53:11+00:00,2026-04-06T18:53:11+00:00,445,resolved,,,0,0,
run_20260406T185251Z,4aa21e95885cd4964a400fc4a1fbf263fc6e974f,PS-02_AIGR-S66270_NCIIPC_24_02_2026.xlsx,https://bancada.app,dns,1,dns-149,2026-04-06T18:53:11+00:00,2026-04-06T18:53:11+00:00,448,resolved,,,0,0,
run_20260406T185251Z,1a1d4b50fc5f71d676adea30932680ef95935710,PS-02_AIGR-S66270_NCIIPC_24_02_2026.xlsx,https://aimex.ltd,dns,1,dns-154,2026-04-06T18:53:11+00:00,2026-04-06T18:53:11+00:00,423,resolved,,,0,0,
run_20260406T185251Z,bc6f8a1c1ae229461a7421782761ec123d058dac,PS-02_AIGR-S66270_NCIIPC_24_02_2026.xlsx,http://absindikat.fit,dns,1,dns-71,2026-04-06T18:53:11+00:00,2026-04-06T18:53:11+00:00,106,resolved,,,0,0,
run_20260406T185251Z,b9063d3f5d1d0b346fa659641fb87f06426ff4cd,PS-02_AIGR-S66270_NCIIPC_24_02_2026.xlsx,https://cloud-vision.com.ar,dns,1,dns-52,2026-04-06T18:53:11+00:00,2026-04-06T18:53:11+00:00,87,resolved,,,0,0,
run_20260406T185251Z,6746cd8032ced62f26897a9c37d522c6000e371a,PS-02_AIGR-S66270_NCIIPC_24_02_2026.xlsx,https://aisp.moe,dns,1,dns-17,2026-04-06T18:53:11+00:00,2026-04-06T18:53:11+00:00,429,resolved,,,0,0,
run_20260406T185251Z,547890e601d6a1d592a610165dd2cbdd3a0daed5,PS-02_AIGR-S66270_NCIIPC_24_02_2026.xlsx,https://i2ol.info,dns,1,dns-81,2026-04-06T18:53:11+00:00,2026-04-06T18:53:11+00:00,431,resolved,,,0,0,
run_20260406T185251Z,094c5ed4a88fc6a7703be32b591d594b8611851d,PS-02_AIGR-S66270_NCIIPC_24_02_2026.xlsx,https://axiasolar.ai,dns,1,dns-127,2026-04-06T18:53:11+00:00,2026-04-06T18:53:11+00:00,438,resolved,,,0,0,
run_20260406T185251Z,d8a0826d8e5fe017ebc3b52f6ea320b2c2a3837d,PS-02_AIGR-S66270_NCIIPC_24_02_2026.xlsx,https://cloud2.buzz,dns,1,dns-128,2026-04-06T18:53:11+00:00,2026-04-06T18:53:11+00:00,97,no_records,no_records,no_records,0,0,
run_20260406T185251Z,bec7890bc34e914ad23513507cadf2595b891a77,PS-02_AIGR-S66270_NCIIPC_24_02_2026.xlsx,https://aisert.org,dns,1,dns-7,2026-04-06T18:53:11+00:00,2026-04-06T18:53:11+00:00,83,no_records,no_records,no_records,0,0,
run_20260406T185251Z,7b98fbe1b5397d03baa31b192336ff8cbfa22465,PS-02_AIGR-S66270_NCIIPC_24_02_2026.xlsx,https://moon.sa.com,dns,1,dns-78,2026-04-06T18:53:11+00:00,2026-04-06T18:53:11+00:00,469,resolved,,,0,0,
run_20260406T185251Z,c8c72bf743cd7f69c494d1cb8311734e93bc898f,PS-02_AIGR-S66270_NCIIPC_24_02_2026.xlsx,https://engagement.sa.com,dns,1,dns-36,2026-04-06T18:53:11+00:00,2026-04-06T18:53:11+00:00,472,resolved,,,0,0,
run_20260406T185251Z,95bf477c42e9d17b24d9b820f15356f9a7aa9b24,PS-02_AIGR-S66270_NCIIPC_24_02_2026.xlsx,https://reb.llc,dns,1,dns-163,2026-04-06T18:53:11+00:00,2026-04-06T18:53:11+00:00,108,resolved,,,0,0,
run_20260406T185251Z,3cd40c21dd5188926e3b35880162dfaf1a616ec9,PS-02_AIGR-S66270_NCIIPC_24_02_2026.xlsx,https://canarysafeport.vu,dns,1,dns-87,2026-04-06T18:53:11+00:00,2026-04-06T18:53:11+00:00,95,resolved,,,0,0,
run_20260406T185251Z,81e9e5d8774a8d47f28185798e6eb01cd93ee642,PS-02_AIGR-S66270_NCIIPC_24_02_2026.xlsx,https://pninc.ca,dns,1,dns-61,2026-04-06T18:53:11+00:00,2026-04-06T18:53:11+00:00,456,resolved,,,0,0,
run_20260406T185251Z,5241d911a2f999693b6eb7122f09e3fc01d79768,PS-02_AIGR-S66270_NCIIPC_24_02_2026.xlsx,https://cloud-ridge.cv,dns,1,dns-3,2026-04-06T18:53:11+00:00,2026-04-06T18:53:11+00:00,104,no_records,no_records,no_records,0,0,
run_20260406T185251Z,f430c2f8582f210308ffb30560a1af0ec4cf43dc,PS-02_AIGR-S66270_NCIIPC_24_02_2026.xlsx,https://aionreal.us,dns,1,dns-64,2026-04-06T18:53:11+00:00,2026-04-06T18:53:11+00:00,69,resolved,,,0,0,
run_20260406T185251Z,a015cbcf1d257c071d6faa5c23bb67afeaee64c6,PS-02_AIGR-S66270_NCIIPC_24_02_2026.xlsx,https://itcl.website,dns,1,dns-161,2026-04-06T18:53:11+00:00,2026-04-06T18:53:11+00:00,114,resolved,,,0,0,
run_20260406T185251Z,1c28929b2a4aa0a0e2f6473a05ac850d21b96fa5,PS-02_AIGR-S66270_NCIIPC_24_02_2026.xlsx,https://givingyour.sa.com,dns,1,dns-177,2026-04-06T18:53:11+00:00,2026-04-06T18:53:11+00:00,135,resolved,,,0,0,
run_20260406T185251Z,5f2195c4e140a54cb2709c56fcb7655783c743b4,PS-02_AIGR-S66270_NCIIPC_24_02_2026.xlsx,https://jmrl.sa.com,dns,1,dns-120,2026-04-06T18:53:11+00:00,2026-04-06T18:53:11+00:00,136,resolved,,,0,0,
run_20260406T185251Z,92a75a3d178606ca0a43284bdf622cdf5de9db85,PS-02_AIGR-S66270_NCIIPC_24_02_2026.xlsx,https://ispro.app,dns,1,dns-88,2026-04-06T18:53:11+00:00,2026-04-06T18:53:11+00:00,480,resolved,,,0,0,
run_20260406T185251Z,1dda060c57eb1e5610a881b5ee45cb98505419c3,PS-02_AIGR-S66270_NCIIPC_24_02_2026.xlsx,https://cloudfrei.tech,dns,1,dns-128,2026-04-06T18:53:11+00:00,2026-04-06T18:53:11+00:00,53,resolved,,,0,0,
run_20260406T185251Z,1ca7935dae8d6fa2a3cbfd16f119ce6a254e6d87,PS-02_AIGR-S66270_NCIIPC_24_02_2026.xlsx,https://onlineresell.in,dns,1,dns-27,2026-04-06T18:53:11+00:00,2026-04-06T18:53:11+00:00,137,resolved,,,0,0,
run_20260406T185251Z,5e9fb9beaaf71d8149a94b00cf25da75d5d6c214,PS-02_AIGR-S66270_NCIIPC_24_02_2026.xlsx,https://mbacloude.engineer,dns,1,dns-69,2026-04-06T18:53:11+00:00,2026-04-06T18:53:11+00:00,506,resolved,,,0,0,
run_20260406T185251Z,bb233be58dc71e6c37a082352757d74cb8165bd2,PS-02_AIGR-S66270_NCIIPC_24_02_2026.xlsx,https://pfcloud.gmbh,dns,1,dns-79,2026-04-06T18:53:11+00:00,2026-04-06T18:53:11+00:00,126,resolved,,,0,0,
run_20260406T185251Z,aefc651ebea9836c503dc70ae6a52549e38db450,PS-02_AIGR-S66270_NCIIPC_24_02_2026.xlsx,https://netvpn.online,dns,1,dns-78,2026-04-06T18:53:11+00:00,2026-04-06T18:53:11+00:00,69,no_records,no_records,no_records,0,0,
run_20260406T185251Z,8c8910f5510795e90658fa022a5ee407191812d9,PS-02_AIGR-S66270_NCIIPC_24_02_2026.xlsx,https://onlinedaniel.blog,dns,1,dns-168,2026-04-06T18:53:11+00:00,2026-04-06T18:53:11+00:00,133,resolved,,,0,0,
run_20260406T185251Z,495a2a57659c8cc0616e4d195418fd775fb8dcea,PS-02_AIGR-S66270_NCIIPC_24_02_2026.xlsx,https://axisagency.info,dns,1,dns-160,2026-04-06T18:53:11+00:00,2026-04-06T18:53:11+00:00,109,resolved,,,0,0,
run_20260406T185251Z,8c297bbb39648d7441ec40b93b83bfe1f817bc6d,PS-02_AIGR-S66270_NCIIPC_24_02_2026.xlsx,https://jilo.digital,dns,1,dns-149,2026-04-06T18:53:11+00:00,2026-04-06T18:53:11+00:00,105,resolved,,,0,0,
run_20260406T185251Z,74e9c1ed3e8fb77d070af4450b8b48c37aebda07,PS-02_AIGR-S66270_NCIIPC_24_02_2026.xlsx,https://nuyhad.sbs,dns,1,dns-126,2026-04-06T18:53:11+00:00,2026-04-06T18:53:11+00:00,181,resolved,,,0,0,
run_20260406T185251Z,ec6a4a7e505bc162a3c6713b4d430f169b934b81,PS-02_AIGR-S66270_NCIIPC_24_02_2026.xlsx,https://ececloud.com.mx,dns,1,dns-17,2026-04-06T18:53:11+00:00,2026-04-06T18:53:11+00:00,117,resolved,,,0,0,
run_20260406T185251Z,8401e22976709381dd4ab1699643cb2f6a00f926,PS-02_AIGR-S66270_NCIIPC_24_02_2026.xlsx,https://idgs.sa.com,dns,1,dns-49,2026-04-06T18:53:11+00:00,2026-04-06T18:53:11+00:00,126,resolved,,,0,0,
run_20260406T185251Z,1c4077f0bdaac6b55397418092b7a25167c8e319,PS-02_AIGR-S66270_NCIIPC_24_02_2026.xlsx,https://rembat.info,dns,1,dns-87,2026-04-06T18:53:11+00:00,2026-04-06T18:53:11+00:00,102,resolved,,,0,0,
run_20260406T185251Z,3ded7e476dd9102769e323b99ca224a05611b0be,PS-02_AIGR-S66270_NCIIPC_24_02_2026.xlsx,https://online-melbet.cfd,dns,1,dns-157,2026-04-06T18:53:11+00:00,2026-04-06T18:53:11+00:00,550,resolved,,,0,0,
run_20260406T185251Z,dee6fafac64857f904ecb6ba3af363a702408027,PS-02_AIGR-S66270_NCIIPC_24_02_2026.xlsx,https://online-sponsor-bilgi-tr.com,dns,1,dns-148,2026-04-06T18:53:11+00:00,2026-04-06T18:53:11+00:00,216,dns_error,dns_error,dns_error,0,0,
run_20260406T185251Z,38b6c76faaa0f4640b79fe50bff8fb860bd8a616,PS-02_AIGR-S66270_NCIIPC_24_02_2026.xlsx,https://cloudcouch.online,dns,1,dns-105,2026-04-06T18:53:11+00:00,2026-04-06T18:53:11+00:00,605,resolved,,,0,0,
run_20260406T185251Z,0094b5d2e44e61fe364b7cf1ea89eedcc25959ca,PS-02_AIGR-S66270_NCIIPC_24_02_2026.xlsx,https://aii.live,dns,1,dns-71,2026-04-06T18:53:11+00:00,2026-04-06T18:53:11+00:00,172,resolved,,,0,0,
run_20260406T185251Z,d1650ef59919ea54b12b0f5539a6f28d63773069,PS-02_AIGR-S66270_NCIIPC_24_02_2026.xlsx,https://kidai.tech,dns,1,dns-106,2026-04-06T18:53:11+00:00,2026-04-06T18:53:11+00:00,654,resolved,,,0,0,
run_20260406T185251Z,a16f8e3abddbddbe1a75801354d72c817c4d1a2b,PS-02_AIGR-S66270_NCIIPC_24_02_2026.xlsx,https://iopenclaw.app,dns,1,dns-79,2026-04-06T18:53:11+00:00,2026-04-06T18:53:11+00:00,124,resolved,,,0,0,
run_20260406T185251Z,4b554cefc504612ede9ee305d3a97789136d1bc5,PS-02_AIGR-S66270_NCIIPC_24_02_2026.xlsx,https://izstr0.makeup,dns,1,dns-24,2026-04-06T18:53:08+00:00,2026-04-06T18:53:11+00:00,3065,timeout,timeout,timeout,0,1,
run_20260406T185251Z,314f99e028a25f4dcf69f7ab75ab8109b9dd8697,PS-02_AIGR-S66270_NCIIPC_24_02_2026.xlsx,https://netxpend.net,dns,1,dns-23,2026-04-06T18:53:08+00:00,2026-04-06T18:53:11+00:00,3066,timeout,timeout,timeout,0,1,
run_20260406T185251Z,bc0c83a87d06f0f150e1aa810341803e80ab2820,PS-02_AIGR-S66270_NCIIPC_24_02_2026.xlsx,https://abjadman.com,dns,1,dns-29,2026-04-06T18:53:08+00:00,2026-04-06T18:53:11+00:00,3066,dns_error,dns_error,dns_error,0,0,
run_20260406T185251Z,7471b7c965e0707bcb9e822c55d0401902cceaa4,PS-02_AIGR-S66270_NCIIPC_24_02_2026.xlsx,https://abdlzldmer.cc,dns,1,dns-38,2026-04-06T18:53:08+00:00,2026-04-06T18:53:11+00:00,3065,timeout,timeout,timeout,0,1,
run_20260406T185251Z,80618fa1afd6c196d5dd566c3362ca59a8cb179d,PS-02_AIGR-S66270_NCIIPC_24_02_2026.xlsx,https://cloudfxe.com,dns,1,dns-34,2026-04-06T18:53:08+00:00,2026-04-06T18:53:11+00:00,3066,timeout,timeout,timeout,0,1,
run_20260406T185251Z,11e467172a2fc1d93ee36693f8d5cc82594c5c28,PS-02_AIGR-S66270_NCIIPC_24_02_2026.xlsx,https://goum.sa.com,dns,1,dns-32,2026-04-06T18:53:08+00:00,2026-04-06T18:53:11+00:00,3066,timeout,timeout,timeout,0,1,
run_20260406T185251Z,f8916f99e0c4cd8b3a639020fed0afe0ec2313dc,PS-02_AIGR-S66270_NCIIPC_24_02_2026.xlsx,https://cloudavaiation.in,dns,1,dns-43,2026-04-06T18:53:08+00:00,2026-04-06T18:53:11+00:00,3065,resolved,,,0,0,
run_20260406T185251Z,bd478d562b5405b98e8886fc0467e26024c7e278,PS-02_AIGR-S66270_NCIIPC_24_02_2026.xlsx,https://air38.net,dns,1,dns-42,2026-04-06T18:53:08+00:00,2026-04-06T18:53:11+00:00,3065,timeout,timeout,timeout,0,1,
run_20260406T185251Z,70a184e8020ae395dd643d02a942b4c12a3792b6,PS-02_AIGR-S66270_NCIIPC_24_02_2026.xlsx,https://ec1yiu.makeup,dns,1,dns-28,2026-04-06T18:53:08+00:00,2026-04-06T18:53:11+00:00,3066,timeout,timeout,timeout,0,1,
run_20260406T185251Z,e09cdcde605fe93c2c0f364d557d3874ca99c25d,PS-02_AIGR-S66270_NCIIPC_24_02_2026.xlsx,https://cloudc22.cfd,dns,1,dns-31,2026-04-06T18:53:08+00:00,2026-04-06T18:53:11+00:00,3066,timeout,timeout,timeout,0,1,
run_20260406T185251Z,96a172cd8a12efcdd396836ce081bccd745d7956,PS-02_AIGR-S66270_NCIIPC_24_02_2026.xlsx,https://airparcel.xyz,dns,1,dns-37,2026-04-06T18:53:08+00:00,2026-04-06T18:53:11+00:00,3066,timeout,timeout,timeout,0,1,
run_20260406T185251Z,3820d5c08acfd198473c58ed6afabf3f2161a958,PS-02_AIGR-S66270_NCIIPC_24_02_2026.xlsx,https://parkia.app,dns,1,dns-47,2026-04-06T18:53:08+00:00,2026-04-06T18:53:11+00:00,3065,timeout,timeout,timeout,0,1,
run_20260406T185251Z,c7f916de1a3ccda0f92655a070f6a293b3dd7021,PS-02_AIGR-S66270_NCIIPC_24_02_2026.xlsx,https://cloudexa.sbs,dns,1,dns-46,2026-04-06T18:53:08+00:00,2026-04-06T18:53:11+00:00,3065,timeout,timeout,timeout,0,1,
run_20260406T185251Z,4e96ea81d3e65678de57d1c985fa8ac7cd215e15,PS-02_AIGR-S66270_NCIIPC_24_02_2026.xlsx,https://seinmedia.com,dns,1,dns-48,2026-04-06T18:53:08+00:00,2026-04-06T18:53:11+00:00,3065,resolved,,,0,0,
run_20260406T185251Z,b6ac133f329441003af42b6da478c6c9c3dc1aa5,PS-02_AIGR-S66270_NCIIPC_24_02_2026.xlsx,https://clousten.com,dns,1,dns-51,2026-04-06T18:53:08+00:00,2026-04-06T18:53:11+00:00,3065,resolved,,,0,0,
run_20260406T185251Z,18a1044c6954c21a33abfa9e277a534f94bb0471,PS-02_AIGR-S66270_NCIIPC_24_02_2026.xlsx,https://handy-berry.sa.com,dns,1,dns-128,2026-04-06T18:53:11+00:00,2026-04-06T18:53:11+00:00,171,resolved,,,0,0,
run_20260406T185251Z,70ee79836259444c84b23a208f6961f40168e043,PS-02_AIGR-S66270_NCIIPC_24_02_2026.xlsx,https://gmtcloud6.best,dns,1,dns-69,2026-04-06T18:53:11+00:00,2026-04-06T18:53:11+00:00,160,resolved,,,0,0,
run_20260406T185251Z,b5f9cce093a644c25d3f6406672f5c30c5c5d7df,PS-02_AIGR-S66270_NCIIPC_24_02_2026.xlsx,https://airtrade.site,dns,1,dns-140,2026-04-06T18:53:11+00:00,2026-04-06T18:53:11+00:00,312,resolved,,,0,0,
run_20260406T185251Z,badbb496d5a31b79421596875b97317990e604e1,PS-02_AIGR-S66270_NCIIPC_24_02_2026.xlsx,https://onlinenewspaperbd24.com,dns,1,dns-12,2026-04-06T18:53:11+00:00,2026-04-06T18:53:11+00:00,312,dns_error,dns_error,dns_error,0,0,
run_20260406T185251Z,e56e8cb81c6e860131dfd0cfc42764b17384941f,PS-02_AIGR-S66270_NCIIPC_24_02_2026.xlsx,https://robi.bot,dns,1,dns-20,2026-04-06T18:53:11+00:00,2026-04-06T18:53:11+00:00,701,resolved,,,0,0,
run_20260406T185251Z,fd641efd2814cd17803e5f29b36b4b4e794945c3,PS-02_AIGR-S66270_NCIIPC_24_02_2026.xlsx,https://nhanlike.pro,dns,1,dns-148,2026-04-06T18:53:11+00:00,2026-04-06T18:53:11+00:00,97,resolved,,,0,0,
run_20260406T185251Z,4dae66b3e99f82df6f684de134f56d9066a1d0f8,PS-02_AIGR-S66270_NCIIPC_24_02_2026.xlsx,https://homelandpeptides.com,dns,1,dns-54,2026-04-06T18:53:08+00:00,2026-04-06T18:53:11+00:00,3105,timeout,timeout,timeout,0,1,
run_20260406T185251Z,f8fb87142ad16fd776c15c26480f717a0139f8ea,PS-02_AIGR-S66270_NCIIPC_24_02_2026.xlsx,https://hoploans.com,dns,1,dns-55,2026-04-06T18:53:08+00:00,2026-04-06T18:53:11+00:00,3106,timeout,timeout,timeout,0,1,
run_20260406T185251Z,40f4045e825d615e290c74f64c66ebc01fa5d14c,PS-02_AIGR-S66270_NCIIPC_24_02_2026.xlsx,https://vasc.info,dns,1,dns-59,2026-04-06T18:53:08+00:00,2026-04-06T18:53:11+00:00,3106,timeout,timeout,timeout,0,1,
run_20260406T185251Z,ab3323466e2ef158e888be6572478ab5be723f03,PS-02_AIGR-S66270_NCIIPC_24_02_2026.xlsx,https://acloudai.icu,dns,1,dns-58,2026-04-06T18:53:08+00:00,2026-04-06T18:53:11+00:00,3106,timeout,timeout,timeout,0,1,
run_20260406T185251Z,a30b8ffa07569ad7a53c4ecdc9f1ded959089f80,PS-02_AIGR-S66270_NCIIPC_24_02_2026.xlsx,https://j2ti0d.makeup,dns,1,dns-60,2026-04-06T18:53:08+00:00,2026-04-06T18:53:11+00:00,3106,timeout,timeout,timeout,0,1,
run_20260406T185251Z,30622173a5f430559dd61997252a4ed8df2284c3,PS-02_AIGR-S66270_NCIIPC_24_02_2026.xlsx,https://rbet.live,dns,1,dns-65,2026-04-06T18:53:08+00:00,2026-04-06T18:53:11+00:00,3106,timeout,timeout,timeout,0,1,
run_20260406T185251Z,9cb7a05d511487888e1cf7ee314b2b8d6dad7b3a,PS-02_AIGR-S66270_NCIIPC_24_02_2026.xlsx,https://incomeclaw.com,dns,1,dns-63,2026-04-06T18:53:08+00:00,2026-04-06T18:53:11+00:00,3106,resolved,,,0,0,
run_20260406T185251Z,e04b8b16983fa3d21c4be6733e21ebbe727a196e,PS-02_AIGR-S66270_NCIIPC_24_02_2026.xlsx,https://tinyvip5a.sa.com,dns,1,dns-67,2026-04-06T18:53:08+00:00,2026-04-06T18:53:11+00:00,3106,timeout,timeout,timeout,0,1,
run_20260406T185251Z,39f3fef5391f1d6b45add3f3d0c9b2102188040c,PS-02_AIGR-S66270_NCIIPC_24_02_2026.xlsx,https://icirusa.org,dns,1,dns-68,2026-04-06T18:53:08+00:00,2026-04-06T18:53:11+00:00,3107,timeout,timeout,timeout,0,1,
run_20260406T185251Z,9ff0885e2922d197fc9e0078563adb3529395143,PS-02_AIGR-S66270_NCIIPC_24_02_2026.xlsx,https://carshlife.store,dns,1,dns-70,2026-04-06T18:53:08+00:00,2026-04-06T18:53:11+00:00,3107,timeout,timeout,timeout,0,1,
run_20260406T185251Z,d88928bc851dbeb544dec44f22b704346195e3ca,PS-02_AIGR-S66270_NCIIPC_24_02_2026.xlsx,https://erecia.net,dns,1,dns-73,2026-04-06T18:53:08+00:00,2026-04-06T18:53:11+00:00,3107,resolved,,,0,0,
run_20260406T185251Z,c73a77bfd211b9145abc8e3e46905eb9c7a61d95,PS-02_AIGR-S66270_NCIIPC_24_02_2026.xlsx,https://arte.auction,dns,1,dns-75,2026-04-06T18:53:08+00:00,2026-04-06T18:53:11+00:00,3107,timeout,timeout,timeout,0,1,
run_20260406T185251Z,991acf7ad140498ad2e3c54df03af5ca0fb6f9db,PS-02_AIGR-S66270_NCIIPC_24_02_2026.xlsx,https://onlineshop.group,dns,1,dns-74,2026-04-06T18:53:08+00:00,2026-04-06T18:53:11+00:00,3107,timeout,timeout,timeout,0,1,
run_20260406T185251Z,4c70adc8444aa02af77a415d95e1e6f5b4942240,PS-02_AIGR-S66270_NCIIPC_24_02_2026.xlsx,https://indianapayrollguide.com,dns,1,dns-76,2026-04-06T18:53:08+00:00,2026-04-06T18:53:11+00:00,3108,resolved,,,0,0,
run_20260406T185251Z,7bd17c85952368638e9c7c14202d1daed5c48bb5,PS-02_AIGR-S66270_NCIIPC_24_02_2026.xlsx,https://abm.enterprises,dns,1,dns-77,2026-04-06T18:53:08+00:00,2026-04-06T18:53:11+00:00,3108,timeout,timeout,timeout,0,1,
run_20260406T185251Z,5d2609021a1fd0e5a2ae584fc99b295f3131f07d,PS-02_AIGR-S66270_NCIIPC_24_02_2026.xlsx,https://cloudybot.ai,dns,1,dns-83,2026-04-06T18:53:08+00:00,2026-04-06T18:53:11+00:00,3108,timeout,timeout,timeout,0,1,
run_20260406T185251Z,3007599c532091e0bf0e2e329eb2b7fe8d6acb50,PS-02_AIGR-S66270_NCIIPC_24_02_2026.xlsx,https://arte.run,dns,1,dns-111,2026-04-06T18:53:08+00:00,2026-04-06T18:53:11+00:00,3107,timeout,timeout,timeout,0,1,
run_20260406T185251Z,8a2e1538d2b2978c0e75d342bb2a1540a5a0b742,PS-02_AIGR-S66270_NCIIPC_24_02_2026.xlsx,http://marconiteindia.co,dns,1,dns-110,2026-04-06T18:53:08+00:00,2026-04-06T18:53:11+00:00,3108,timeout,timeout,timeout,0,1,
run_20260406T185251Z,d131991d438c28dff52e4d8153ebeb3bc1b9517d,PS-02_AIGR-S66270_NCIIPC_24_02_2026.xlsx,https://man.sa.com,dns,1,dns-86,2026-04-06T18:53:08+00:00,2026-04-06T18:53:11+00:00,3108,timeout,timeout,timeout,0,1,
run_20260406T185251Z,f1b486d3c37c6910133c604925bbe7749ee0c007,PS-02_AIGR-S66270_NCIIPC_24_02_2026.xlsx,https://nrstack.com,dns,1,dns-84,2026-04-06T18:53:08+00:00,2026-04-06T18:53:11+00:00,3109,timeout,timeout,timeout,0,1,
run_20260406T185251Z,28932e640bf31a8747ae783e22a110983e87075b,PS-02_AIGR-S66270_NCIIPC_24_02_2026.xlsx,https://spycloud.tech,dns,1,dns-82,2026-04-06T18:53:08+00:00,2026-04-06T18:53:11+00:00,3109,timeout,timeout,timeout,0,1,
run_20260406T185251Z,a18db10e393a717ea7fae7fcc8673388c98a67e2,PS-02_AIGR-S66270_NCIIPC_24_02_2026.xlsx,http://clouddigitizing.com,dns,1,dns-109,2026-04-06T18:53:08+00:00,2026-04-06T18:53:11+00:00,3108,timeout,timeout,timeout,0,1,
run_20260406T185251Z,bce5fd82dbe1a02450c1980063a906ec94b07686,PS-02_AIGR-S66270_NCIIPC_24_02_2026.xlsx,https://iconicinspo.online,dns,1,dns-107,2026-04-06T18:53:08+00:00,2026-04-06T18:53:11+00:00,3108,timeout,timeout,timeout,0,1,
run_20260406T185251Z,c9213140405a3610bccb00ac867a2071d33b778a,PS-02_AIGR-S66270_NCIIPC_24_02_2026.xlsx,https://home-npo.org,dns,1,dns-90,2026-04-06T18:53:08+00:00,2026-04-06T18:53:11+00:00,3109,timeout,timeout,timeout,0,1,
run_20260406T185251Z,ca88075f95a05c3e22e7304800dea44bb9913f50,PS-02_AIGR-S66270_NCIIPC_24_02_2026.xlsx,https://homeschoolandyou.org,dns,1,dns-91,2026-04-06T18:53:08+00:00,2026-04-06T18:53:11+00:00,3109,timeout,timeout,timeout,0,1,
run_20260406T185251Z,31d6d16d444265491eb8ff09feec31e7b76ab041,PS-02_AIGR-S66270_NCIIPC_24_02_2026.xlsx,https://ichiban.investments,dns,1,dns-89,2026-04-06T18:53:08+00:00,2026-04-06T18:53:11+00:00,3109,timeout,timeout,timeout,0,1,
run_20260406T185251Z,cf7f3375f0243e97b26bd5d60a1b03d98219dd35,PS-02_AIGR-S66270_NCIIPC_24_02_2026.xlsx,https://ivcl.co.in,dns,1,dns-92,2026-04-06T18:53:08+00:00,2026-04-06T18:53:11+00:00,3109,timeout,timeout,timeout,0,1,
run_20260406T185251Z,6d8eb3387e5e716faee5db4544128101190ba14b,PS-02_AIGR-S66270_NCIIPC_24_02_2026.xlsx,https://cloudcitycollective.org,dns,1,dns-142,2026-04-06T18:53:11+00:00,2026-04-06T18:53:11+00:00,688,resolved,,,0,0,
run_20260406T185251Z,f848d48e85ac450686b5598aa656f1e624769dc2,PS-02_AIGR-S66270_NCIIPC_24_02_2026.xlsx,https://cloudultra.store,dns,1,dns-44,2026-04-06T18:53:11+00:00,2026-04-06T18:53:11+00:00,708,resolved,,,0,0,
run_20260406T185251Z,45a9916568f6355368980c43e6a5637659a86511,PS-02_AIGR-S66270_NCIIPC_24_02_2026.xlsx,https://incomeopedia.com,dns,1,dns-102,2026-04-06T18:53:08+00:00,2026-04-06T18:53:11+00:00,3149,timeout,timeout,timeout,0,1,
run_20260406T185251Z,f82f59ac21936db65fae7cf4db3d0fff46d38a37,PS-02_AIGR-S66270_NCIIPC_24_02_2026.xlsx,https://hqke.sa.com,dns,1,dns-104,2026-04-06T18:53:08+00:00,2026-04-06T18:53:11+00:00,3150,timeout,timeout,timeout,0,1,
run_20260406T185251Z,d8b5a14ce1ca9d42e344404462839d3e2670933d,PS-02_AIGR-S66270_NCIIPC_24_02_2026.xlsx,https://axisroav.com,dns,1,dns-103,2026-04-06T18:53:08+00:00,2026-04-06T18:53:11+00:00,3150,timeout,timeout,timeout,0,1,
run_20260406T185251Z,79c8d50bb16817f65f06dd7dba1912ba5e4f9594,PS-02_AIGR-S66270_NCIIPC_24_02_2026.xlsx,https://airspell.app,dns,1,dns-93,2026-04-06T18:53:08+00:00,2026-04-06T18:53:11+00:00,3150,timeout,timeout,timeout,0,1,
run_20260406T185251Z,e8207a16107b960cd1b0d8ae0af36e7c68cc7eff,PS-02_AIGR-S66270_NCIIPC_24_02_2026.xlsx,https://onlineserverr3.top,dns,1,dns-96,2026-04-06T18:53:08+00:00,2026-04-06T18:53:11+00:00,3150,timeout,timeout,timeout,0,1,
run_20260406T185251Z,6f2b554a7b1f142ea1db2ea8a03bc868790bac19,PS-02_AIGR-S66270_NCIIPC_24_02_2026.xlsx,https://33cloud.top,dns,1,dns-95,2026-04-06T18:53:08+00:00,2026-04-06T18:53:11+00:00,3150,timeout,timeout,timeout,0,1,
run_20260406T185251Z,ecabd987af527d423b9bcd5d9d8516327cf12af2,PS-02_AIGR-S66270_NCIIPC_24_02_2026.xlsx,https://nhacai88.online,dns,1,dns-98,2026-04-06T18:53:08+00:00,2026-04-06T18:53:11+00:00,3150,timeout,timeout,timeout,0,1,
run_20260406T185251Z,c7c85ec716cd14f0005c0c22465a9105967897c3,PS-02_AIGR-S66270_NCIIPC_24_02_2026.xlsx,https://nbjcloud.com,dns,1,dns-100,2026-04-06T18:53:08+00:00,2026-04-06T18:53:11+00:00,3150,timeout,timeout,timeout,0,1,
run_20260406T185251Z,256a9b605759f3006214a09f9c738eb519fb8c7e,PS-02_AIGR-S66270_NCIIPC_24_02_2026.xlsx,https://iowqqkmgj.sa.com,dns,1,dns-101,2026-04-06T18:53:08+00:00,2026-04-06T18:53:11+00:00,3150,timeout,timeout,timeout,0,1,
run_20260406T185251Z,eab363bd055cfbc64af2a76d6ba2c7f86ccd87cb,PS-02_AIGR-S66270_NCIIPC_24_02_2026.xlsx,https://hdfchire.online,dns,1,dns-114,2026-04-06T18:53:08+00:00,2026-04-06T18:53:11+00:00,3150,timeout,timeout,timeout,0,1,
run_20260406T185251Z,92920809009b2ec0b0ba42f52654322c00b4c117,PS-02_AIGR-S66270_NCIIPC_24_02_2026.xlsx,https://ai5.tech,dns,1,dns-113,2026-04-06T18:53:08+00:00,2026-04-06T18:53:11+00:00,3150,timeout,timeout,timeout,0,1,
run_20260406T185251Z,971ec519ea3bc899c1b78cffbdd479e87f57597f,PS-02_AIGR-S66270_NCIIPC_24_02_2026.xlsx,https://cloudypool.com,dns,1,dns-122,2026-04-06T18:53:08+00:00,2026-04-06T18:53:11+00:00,3150,timeout,timeout,timeout,0,1,
run_20260406T185251Z,4f3b8dd0545e12d72a912fe3d64d36cc11514f3b,PS-02_AIGR-S66270_NCIIPC_24_02_2026.xlsx,https://online-pin-up.site,dns,1,dns-121,2026-04-06T18:53:08+00:00,2026-04-06T18:53:11+00:00,3150,timeout,timeout,timeout,0,1,
run_20260406T185251Z,afe17f0f98d86e0d1dc627685fb792bbb0af3a7c,PS-02_AIGR-S66270_NCIIPC_24_02_2026.xlsx,https://homesali.com,dns,1,dns-119,2026-04-06T18:53:08+00:00,2026-04-06T18:53:11+00:00,3150,timeout,timeout,timeout,0,1,
run_20260406T185251Z,a9301f36110fd96f288dfd38e6ff4b8c4b4caea9,PS-02_AIGR-S66270_NCIIPC_24_02_2026.xlsx,https://cloud-monitor.online,dns,1,dns-116,2026-04-06T18:53:08+00:00,2026-04-06T18:53:11+00:00,3150,timeout,timeout,timeout,0,1,
run_20260406T185251Z,c8d500c4f5fd308af9b93cfb0f3928e40bfbca64,PS-02_AIGR-S66270_NCIIPC_24_02_2026.xlsx,https://onlinesahabet-casino.top,dns,1,dns-123,2026-04-06T18:53:08+00:00,2026-04-06T18:53:11+00:00,3150,timeout,timeout,timeout,0,1,
run_20260406T185251Z,27467e12ffb24143dcc2ffece34c5286e22da15e,PS-02_AIGR-S66270_NCIIPC_24_02_2026.xlsx,https://camino.how,dns,1,dns-130,2026-04-06T18:53:08+00:00,2026-04-06T18:53:11+00:00,3150,timeout,timeout,timeout,0,1,
run_20260406T185251Z,bfd325be74b97d2a01b30157e8a8499c7fb3479b,PS-02_AIGR-S66270_NCIIPC_24_02_2026.xlsx,https://cloudai.net.in,dns,1,dns-129,2026-04-06T18:53:08+00:00,2026-04-06T18:53:11+00:00,3150,timeout,timeout,timeout,0,1,
run_20260406T185251Z,a540e1ae8e6dc9346feb997934fc2103a2605d28,PS-02_AIGR-S66270_NCIIPC_24_02_2026.xlsx,https://pnrnt.com,dns,1,dns-134,2026-04-06T18:53:08+00:00,2026-04-06T18:53:11+00:00,3150,dns_error,dns_error,dns_error,0,0,
run_20260406T185251Z,c532dbe222132461797318bc481ba69a2a6fa9b5,PS-02_AIGR-S66270_NCIIPC_24_02_2026.xlsx,https://jiasoo.club,dns,1,dns-136,2026-04-06T18:53:08+00:00,2026-04-06T18:53:11+00:00,3150,timeout,timeout,timeout,0,1,
run_20260406T185251Z,1cc3b2473fd7beadadb6cbed0f9884c6dc01d12c,PS-02_AIGR-S66270_NCIIPC_24_02_2026.xlsx,http://grncloud.ai,dns,1,dns-135,2026-04-06T18:53:08+00:00,2026-04-06T18:53:11+00:00,3150,timeout,timeout,timeout,0,1,
run_20260406T185251Z,45a55eef5e7315d47f8aaaef53fa5f958eb6a0d7,PS-02_AIGR-S66270_NCIIPC_24_02_2026.xlsx,https://isur.org,dns,1,dns-139,2026-04-06T18:53:08+00:00,2026-04-06T18:53:11+00:00,3150,resolved,,,0,0,
run_20260406T185251Z,f40c986794a9406cd7b3cdbf42da8e36aa3dc9f4,PS-02_AIGR-S66270_NCIIPC_24_02_2026.xlsx,https://synact.games,dns,1,dns-141,2026-04-06T18:53:08+00:00,2026-04-06T18:53:11+00:00,3150,timeout,timeout,timeout,0,1,
run_20260406T185251Z,eb7cc937f59612ed8de9e1a57125bea32e22fb5d,PS-02_AIGR-S66270_NCIIPC_24_02_2026.xlsx,https://cloudnext.my.id,dns,1,dns-138,2026-04-06T18:53:08+00:00,2026-04-06T18:53:11+00:00,3151,timeout,timeout,timeout,0,1,
run_20260406T185251Z,954fc604f52e46c47a65e4f335bfb8fd42b497bc,PS-02_AIGR-S66270_NCIIPC_24_02_2026.xlsx,https://homebasket.online,dns,1,dns-133,2026-04-06T18:53:08+00:00,2026-04-06T18:53:11+00:00,3151,timeout,timeout,timeout,0,1,
run_20260406T185251Z,c31e9d4044abfc5c6f060bba60aa3d2fea8f9a68,PS-02_AIGR-S66270_NCIIPC_24_02_2026.xlsx,https://airtsh.asia,dns,1,dns-132,2026-04-06T18:53:08+00:00,2026-04-06T18:53:11+00:00,3151,timeout,timeout,timeout,0,1,
run_20260406T185251Z,71ab60cf33d180178fdbc80071d01c97392897a4,PS-02_AIGR-S66270_NCIIPC_24_02_2026.xlsx,https://aris.builders,dns,1,dns-131,2026-04-06T18:53:08+00:00,2026-04-06T18:53:11+00:00,3151,timeout,timeout,timeout,0,1,
run_20260406T185251Z,b4bdc3dc9772da3477b15d06e4614b7c15dadf3e,PS-02_AIGR-S66270_NCIIPC_24_02_2026.xlsx,https://sexobilie.ru,dns,1,dns-143,2026-04-06T18:53:08+00:00,2026-04-06T18:53:11+00:00,3151,timeout,timeout,timeout,0,1,
run_20260406T185251Z,30b63746ead6a36344bbb5e623e86a57bf7faaf3,PS-02_AIGR-S66270_NCIIPC_24_02_2026.xlsx,https://homelab4125.org,dns,1,dns-137,2026-04-06T18:53:08+00:00,2026-04-06T18:53:11+00:00,3151,timeout,timeout,timeout,0,1,
run_20260406T185251Z,e8f4a923a943b84ff1b4e40e40e3186860db6f1b,PS-02_AIGR-S66270_NCIIPC_24_02_2026.xlsx,https://cloudfrei.ch,dns,1,dns-144,2026-04-06T18:53:08+00:00,2026-04-06T18:53:11+00:00,3151,timeout,timeout,timeout,0,1,
run_20260406T185251Z,5fc17b645a53fd2b76f06030df99c8d8393fb9ea,PS-02_AIGR-S66270_NCIIPC_24_02_2026.xlsx,https://h0mea8.makeup,dns,1,dns-145,2026-04-06T18:53:08+00:00,2026-04-06T18:53:11+00:00,3151,timeout,timeout,timeout,0,1,
run_20260406T185251Z,e0e4738a358612aa47ae2ead65097f3713f2c6ea,PS-02_AIGR-S66270_NCIIPC_24_02_2026.xlsx,https://airtoeu2.website,dns,1,dns-146,2026-04-06T18:53:08+00:00,2026-04-06T18:53:11+00:00,3151,timeout,timeout,timeout,0,1,
run_20260406T185251Z,1e086214d8823049256e85aede4d9c1ce7fd231c,PS-02_AIGR-S66270_NCIIPC_24_02_2026.xlsx,https://homeysoleco.com,dns,1,dns-176,2026-04-06T18:53:11+00:00,2026-04-06T18:53:11+00:00,743,resolved,,,0,0,
run_20260406T185251Z,83168e8e5129ac59b55484838cec8f5bf53b5590,PS-02_AIGR-S66270_NCIIPC_24_02_2026.xlsx,https://incomegap.org,dns,1,dns-105,2026-04-06T18:53:11+00:00,2026-04-06T18:53:11+00:00,161,resolved,,,0,0,
run_20260406T185251Z,f39261800831fd70d26419863a9bc809fd5b8055,PS-02_AIGR-S66270_NCIIPC_24_02_2026.xlsx,https://iroris.jp,dns,1,dns-168,2026-04-06T18:53:11+00:00,2026-04-06T18:53:11+00:00,231,resolved,,,0,0,
run_20260406T185251Z,6f00b90c5ae55ec2e47d973d3e2c546968ca4ffe,PS-02_AIGR-S66270_NCIIPC_24_02_2026.xlsx,https://myverivino.com,dns,1,dns-155,2026-04-06T18:53:08+00:00,2026-04-06T18:53:11+00:00,3198,timeout,timeout,timeout,0,1,
run_20260406T185251Z,fb0867ce7815a7ffd4d303c55b2fff63a61dcf9f,PS-02_AIGR-S66270_NCIIPC_24_02_2026.xlsx,https://stacia.me,dns,1,dns-151,2026-04-06T18:53:08+00:00,2026-04-06T18:53:11+00:00,3198,timeout,timeout,timeout,0,1,
run_20260406T185251Z,690a9482d1817406b4884aa680e08cb3a04ec3e9,PS-02_AIGR-S66270_NCIIPC_24_02_2026.xlsx,https://boaindia.org,dns,1,dns-153,2026-04-06T18:53:08+00:00,2026-04-06T18:53:11+00:00,3198,timeout,timeout,timeout,0,1,
run_20260406T185251Z,d61f1ecc259fc0c72a0533287b8af58ce77acc08,PS-02_AIGR-S66270_NCIIPC_24_02_2026.xlsx,https://abonline.shop,dns,1,dns-156,2026-04-06T18:53:08+00:00,2026-04-06T18:53:11+00:00,3198,timeout,timeout,timeout,0,1,
run_20260406T185251Z,cadd63b63f7fa7bfe14cc4bbe2da30f97bc9575b,PS-02_AIGR-S66270_NCIIPC_24_02_2026.xlsx,https://canadaradonss.com,dns,1,dns-158,2026-04-06T18:53:08+00:00,2026-04-06T18:53:11+00:00,3198,resolved,,,0,0,
run_20260406T185251Z,931ace021bb228ac4b7fd71b72606614b286eb2e,PS-02_AIGR-S66270_NCIIPC_24_02_2026.xlsx,https://incompat.com,dns,1,dns-162,2026-04-06T18:53:08+00:00,2026-04-06T18:53:11+00:00,3198,resolved,,,0,0,
run_20260406T185251Z,36199c46a1d7b14f3aa402975db25db151116367,PS-02_AIGR-S66270_NCIIPC_24_02_2026.xlsx,https://krd.net.ru,dns,1,dns-167,2026-04-06T18:53:08+00:00,2026-04-06T18:53:11+00:00,3198,resolved,,,0,0,
run_20260406T185251Z,a677d8911b1fc4fe38c768bec7975b63bbaed83e,PS-02_AIGR-S66270_NCIIPC_24_02_2026.xlsx,https://incomewithalyson.com,dns,1,dns-181,2026-04-06T18:53:08+00:00,2026-04-06T18:53:11+00:00,3198,timeout,timeout,timeout,0,1,
run_20260406T185251Z,f8aeb9127585716c43bfb9f971c0fef8b1bd7277,PS-02_AIGR-S66270_NCIIPC_24_02_2026.xlsx,https://homelan.fun,dns,1,dns-172,2026-04-06T18:53:08+00:00,2026-04-06T18:53:11+00:00,3198,timeout,timeout,timeout,0,1,
run_20260406T185251Z,a75e77c72c1119da3d9007b874670be5ebe2d894,PS-02_AIGR-S66270_NCIIPC_24_02_2026.xlsx,https://onlinebiztonsag.online,dns,1,dns-175,2026-04-06T18:53:08+00:00,2026-04-06T18:53:11+00:00,3198,timeout,timeout,timeout,0,1,
run_20260406T185251Z,f9b11ea08b228ae6684653c3895a407e8c690fda,PS-02_AIGR-S66270_NCIIPC_24_02_2026.xlsx,https://incometurbo.com,dns,1,dns-174,2026-04-06T18:53:08+00:00,2026-04-06T18:53:11+00:00,3198,timeout,timeout,timeout,0,1,
run_20260406T185251Z,bb7974289fb23029c9327ecb8b122d7f9643ee57,PS-02_AIGR-S66270_NCIIPC_24_02_2026.xlsx,https://homeholdingsgib.com,dns,1,dns-165,2026-04-06T18:53:08+00:00,2026-04-06T18:53:11+00:00,3198,timeout,timeout,timeout,0,1,
run_20260406T185251Z,938aae9d680a336e80e005acbf5ad122db2720dd,PS-02_AIGR-S66270_NCIIPC_24_02_2026.xlsx,https://priyaindia.site,dns,1,dns-169,2026-04-06T18:53:08+00:00,2026-04-06T18:53:11+00:00,3198,timeout,timeout,timeout,0,1,
run_20260406T185251Z,e055e7aefa9989e86759766de701b63ca3f40059,PS-02_AIGR-S66270_NCIIPC_24_02_2026.xlsx,https://cloudh06.cfd,dns,1,dns-170,2026-04-06T18:53:08+00:00,2026-04-06T18:53:11+00:00,3198,timeout,timeout,timeout,0,1,
run_20260406T185251Z,9e05d7d7087a76fdc6c3930444ca073c11497f42,PS-02_AIGR-S66270_NCIIPC_24_02_2026.xlsx,https://jiofm.biz,dns,1,dns-179,2026-04-06T18:53:08+00:00,2026-04-06T18:53:11+00:00,3198,timeout,timeout,timeout,0,1,
run_20260406T185251Z,f6a6e6eda69de72984c5d18df7c8b6d7e436a704,PS-02_AIGR-S66270_NCIIPC_24_02_2026.xlsx,https://eclify.com,dns,1,dns-178,2026-04-06T18:53:08+00:00,2026-04-06T18:53:11+00:00,3198,timeout,timeout,timeout,0,1,
run_20260406T185251Z,7a56d910432df36767f86baba80003a5be8c81ea,PS-02_AIGR-S66270_NCIIPC_24_02_2026.xlsx,https://icirusa.com,dns,1,dns-180,2026-04-06T18:53:08+00:00,2026-04-06T18:53:11+00:00,3198,timeout,timeout,timeout,0,1,
run_20260406T185251Z,f80853ebffe91b587632ddb481d05779b2cc3f53,PS-02_AIGR-S66270_NCIIPC_24_02_2026.xlsx,https://airikatrading.com,dns,1,dns-184,2026-04-06T18:53:08+00:00,2026-04-06T18:53:11+00:00,3198,timeout,timeout,timeout,0,1,
run_20260406T185251Z,e8f65db967bfe775b97a918ba0b36fa3ecbd2679,PS-02_AIGR-S66270_NCIIPC_24_02_2026.xlsx,https://online-fizetes.com,dns,1,dns-186,2026-04-06T18:53:08+00:00,2026-04-06T18:53:11+00:00,3198,timeout,timeout,timeout,0,1,
run_20260406T185251Z,f22f5bde60c3d904e1f3b8593f5947dde9071ad5,PS-02_AIGR-S66270_NCIIPC_24_02_2026.xlsx,https://clouddock.online,dns,1,dns-185,2026-04-06T18:53:08+00:00,2026-04-06T18:53:11+00:00,3198,timeout,timeout,timeout,0,1,
run_20260406T185251Z,87e7861005b2e1ec6e9e8c9098cc7b41cf367208,PS-02_AIGR-S66270_NCIIPC_24_02_2026.xlsx,https://j4iro8.makeup,dns,1,dns-40,2026-04-06T18:53:11+00:00,2026-04-06T18:53:11+00:00,816,no_records,no_records,no_records,0,0,
run_20260406T185251Z,1e00da16f38d711bb652489d0a7010e3dbd04494,PS-02_AIGR-S66270_NCIIPC_24_02_2026.xlsx,https://canada4ai.ca,dns,1,dns-87,2026-04-06T18:53:11+00:00,2026-04-06T18:53:11+00:00,232,resolved,,,0,0,
run_20260406T185251Z,edf1dec049797023bc9ae3489275f7a86a8fad37,PS-02_AIGR-S66270_NCIIPC_24_02_2026.xlsx,https://jiso88.org,dns,1,dns-16,2026-04-06T18:53:11+00:00,2026-04-06T18:53:11+00:00,816,resolved,,,0,0,
run_20260406T185251Z,81c7ff322cb6799004870febdb462b085d578e0c,PS-02_AIGR-S66270_NCIIPC_24_02_2026.xlsx,https://cloudforgesystems.com,dns,1,dns-4,2026-04-06T18:53:08+00:00,2026-04-06T18:53:11+00:00,3213,timeout,timeout,timeout,0,1,
run_20260406T185251Z,b26a2e1cc94366bd612b1ac60ac3139b65a39bb2,PS-02_AIGR-S66270_NCIIPC_24_02_2026.xlsx,https://j1icoy.makeup,dns,1,dns-0,2026-04-06T18:53:08+00:00,2026-04-06T18:53:11+00:00,3216,timeout,timeout,timeout,0,1,
run_20260406T185251Z,22aaa174ce971ac0cd5b17b49bfe52bfe8ce1711,PS-02_AIGR-S66270_NCIIPC_24_02_2026.xlsx,https://cloudverify.ru,dns,1,dns-182,2026-04-06T18:53:08+00:00,2026-04-06T18:53:11+00:00,3232,timeout,timeout,timeout,0,1,
run_20260406T185251Z,c665e8d015da028d1d4c78c1c940e5e34a104c98,PS-02_AIGR-S66270_NCIIPC_24_02_2026.xlsx,https://urbis.digital,dns,1,dns-183,2026-04-06T18:53:08+00:00,2026-04-06T18:53:11+00:00,3232,timeout,timeout,timeout,0,1,
run_20260406T185251Z,504030b7627d30b08d129a99d32269d8b290c524,PS-02_AIGR-S66270_NCIIPC_24_02_2026.xlsx,https://ecirb.com,dns,1,dns-188,2026-04-06T18:53:08+00:00,2026-04-06T18:53:11+00:00,3232,timeout,timeout,timeout,0,1,
run_20260406T185251Z,bf4478d383bba735d02f882f1dbf0c69c5eefb34,PS-02_AIGR-S66270_NCIIPC_24_02_2026.xlsx,https://onlinecrusader.link,dns,1,dns-187,2026-04-06T18:53:08+00:00,2026-04-06T18:53:11+00:00,3233,timeout,timeout,timeout,0,1,
run_20260406T185251Z,76f247510db3a98199a1b2515b362b8e28bd8e3d,PS-02_AIGR-S66270_NCIIPC_24_02_2026.xlsx,http://cloudservicern.store,dns,1,dns-191,2026-04-06T18:53:08+00:00,2026-04-06T18:53:11+00:00,3233,timeout,timeout,timeout,0,1,
run_20260406T185251Z,7e64d8b9f08b1338f3bc9ec30b67004fdcf9d3a3,PS-02_AIGR-S66270_NCIIPC_24_02_2026.xlsx,https://sbai09.makeup,dns,1,dns-190,2026-04-06T18:53:08+00:00,2026-04-06T18:53:11+00:00,3233,timeout,timeout,timeout,0,1,
run_20260406T185251Z,71f4f9cd0158526672b54131794c594e1bef01c9,PS-02_AIGR-S66270_NCIIPC_24_02_2026.xlsx,https://hotelos.dev,dns,1,dns-189,2026-04-06T18:53:08+00:00,2026-04-06T18:53:11+00:00,3233,timeout,timeout,timeout,0,1,
run_20260406T185251Z,58c4b82746c8dc3d37dd3f6438a134b30e1333ef,PS-02_AIGR-S66270_NCIIPC_24_02_2026.xlsx,https://rebuydigital.com,dns,1,dns-11,2026-04-06T18:53:08+00:00,2026-04-06T18:53:11+00:00,3239,timeout,timeout,timeout,0,1,
run_20260406T185251Z,0c3d2e82bb3737bca3652d6359952b263018cff0,PS-02_AIGR-S66270_NCIIPC_24_02_2026.xlsx,https://onlineserverr4.top,dns,1,dns-8,2026-04-06T18:53:11+00:00,2026-04-06T18:53:11+00:00,469,no_records,no_records,no_records,0,0,
run_20260406T185251Z,1508369a96092588923157e3f059fd38f225de4d,PS-02_AIGR-S66270_NCIIPC_24_02_2026.xlsx,https://cloudl60.cfd,dns,1,dns-57,2026-04-06T18:53:11+00:00,2026-04-06T18:53:11+00:00,828,no_records,no_records,no_records,0,0,
run_20260406T185251Z,42f1f5cc4728dec7b66f3a0cb749ee6beb149c40,PS-02_AIGR-S66270_NCIIPC_24_02_2026.xlsx,https://ji98ou.makeup,dns,1,dns-50,2026-04-06T18:53:11+00:00,2026-04-06T18:53:11+00:00,829,no_records,no_records,no_records,0,0,
run_20260406T185251Z,659e78408a723c5ee5d0ea470970020c70f86782,PS-02_AIGR-S66270_NCIIPC_24_02_2026.xlsx,https://onlnecrfship.cfd,dns,1,dns-2,2026-04-06T18:53:11+00:00,2026-04-06T18:53:11+00:00,486,resolved,,,0,0,
run_20260406T185251Z,9d2a355a84f92bb74446048ee99b1ddd9d73e714,PS-02_AIGR-S66270_NCIIPC_24_02_2026.xlsx,https://qcloudxyz.top,dns,1,dns-22,2026-04-06T18:53:08+00:00,2026-04-06T18:53:11+00:00,3252,timeout,timeout,timeout,0,1,
run_20260406T185251Z,70ed4acf46fada07be1d9d8613ef11b83f516c90,PS-02_AIGR-S66270_NCIIPC_24_02_2026.xlsx,https://brissylife.com,dns,1,dns-15,2026-04-06T18:53:08+00:00,2026-04-06T18:53:11+00:00,3253,timeout,timeout,timeout,0,1,
run_20260406T185251Z,7198cd008a4da9fea3fc8eab5a450a5fadd4500b,PS-02_AIGR-S66270_NCIIPC_24_02_2026.xlsx,https://cloudtolink.com,dns,1,dns-18,2026-04-06T18:53:08+00:00,2026-04-06T18:53:11+00:00,3253,resolved,,,0,0,
run_20260406T185251Z,e4489b2170d502d51c0fb7e81a69b2a7cec9f7a8,PS-02_AIGR-S66270_NCIIPC_24_02_2026.xlsx,https://vccpcareers.com,dns,1,dns-13,2026-04-06T18:53:08+00:00,2026-04-06T18:53:11+00:00,3254,timeout,timeout,timeout,0,1,
run_20260406T185251Z,9891d16a33901f7bc6855da67fa88b9fc30a5184,PS-02_AIGR-S66270_NCIIPC_24_02_2026.xlsx,https://idol.pink,dns,1,dns-14,2026-04-06T18:53:08+00:00,2026-04-06T18:53:11+00:00,3254,timeout,timeout,timeout,0,1,
run_20260406T185251Z,5d8b875c3e9430eacb89fa8e0836170c13279346,PS-02_AIGR-S66270_NCIIPC_24_02_2026.xlsx,https://aidmini.com,dns,1,dns-21,2026-04-06T18:53:08+00:00,2026-04-06T18:53:11+00:00,3253,timeout,timeout,timeout,0,1,
run_20260406T185251Z,a34925d8dfdb365593a9a1e12ac0b81b1ec8ec76,PS-02_AIGR-S66270_NCIIPC_24_02_2026.xlsx,https://misrmo.makeup,dns,1,dns-166,2026-04-06T18:53:11+00:00,2026-04-06T18:53:12+00:00,847,no_records,no_records,no_records,0,0,
run_20260406T185251Z,e1b9e4ab8077c0907979856f3fe0a0feea6b2afa,PS-02_AIGR-S66270_NCIIPC_24_02_2026.xlsx,https://penbm4.makeup,dns,1,dns-1,2026-04-06T18:53:11+00:00,2026-04-06T18:53:12+00:00,848,no_records,no_records,no_records,0,0,
run_20260406T185251Z,56394c74dc1bab2ef72f38c339dfcd5e451cf80d,PS-02_AIGR-S66270_NCIIPC_24_02_2026.xlsx,https://ai-te.app,dns,1,dns-78,2026-04-06T18:53:11+00:00,2026-04-06T18:53:12+00:00,336,resolved,,,0,0,
run_20260406T185251Z,2759c59214d8320ba99060ba6cfd1f4183d28a7d,PS-02_AIGR-S66270_NCIIPC_24_02_2026.xlsx,https://isoceles.ai,dns,1,dns-23,2026-04-06T18:53:11+00:00,2026-04-06T18:53:12+00:00,481,no_records,no_records,no_records,0,0,
run_20260406T185251Z,309e8cf512ebd72b9715eb47ecbc2ff5210a254e,PS-02_AIGR-S66270_NCIIPC_24_02_2026.xlsx,https://axeris.io,dns,1,dns-49,2026-04-06T18:53:11+00:00,2026-04-06T18:53:12+00:00,576,resolved,,,0,0,
run_20260406T185251Z,4ee5a3a61c76ba51c83600b0a2673a31fb59b9a9,PS-02_AIGR-S66270_NCIIPC_24_02_2026.xlsx,https://homesalonservice.com,dns,1,dns-163,2026-04-06T18:53:11+00:00,2026-04-06T18:53:12+00:00,691,resolved,,,0,0,
run_20260406T185251Z,bafa3fac510d358ad1f23dc8ec186a04f129c727,PS-02_AIGR-S66270_NCIIPC_24_02_2026.xlsx,https://airiaco.uk,dns,1,dns-36,2026-04-06T18:53:11+00:00,2026-04-06T18:53:12+00:00,695,resolved,,,0,0,
run_20260406T185251Z,99788f992622605f04315f6624ed84e2f3dc2a50,PS-02_AIGR-S66270_NCIIPC_24_02_2026.xlsx,https://canary.work,dns,1,dns-43,2026-04-06T18:53:11+00:00,2026-04-06T18:53:12+00:00,516,resolved,,,0,0,
run_20260406T185251Z,c594767f4bcdfbd9263933d67435c75c0f502a73,PS-02_AIGR-S66270_NCIIPC_24_02_2026.xlsx,https://cloudandfireapparel.com,dns,1,dns-3,2026-04-06T18:53:11+00:00,2026-04-06T18:53:12+00:00,694,resolved,,,0,0,
run_20260406T185251Z,3661827c857725f8a4eb1f31ad27026d15b2e9c9,PS-02_AIGR-S66270_NCIIPC_24_02_2026.xlsx,https://idol.baby,dns,1,dns-125,2026-04-06T18:53:11+00:00,2026-04-06T18:53:12+00:00,798,no_records,no_records,no_records,0,0,
run_20260406T185251Z,a3cd1f2a796d04821ceaa1a76ab023123bf5d0cd,PS-02_AIGR-S66270_NCIIPC_24_02_2026.xlsx,https://3c8izd.makeup,dns,1,dns-19,2026-04-06T18:53:11+00:00,2026-04-06T18:53:12+00:00,767,no_records,no_records,no_records,0,0,
run_20260406T185251Z,e54fabec4b6d5194af4543da6c59648c33c58e09,PS-02_AIGR-S66270_NCIIPC_24_02_2026.xlsx,https://onlinecasino0011.com,dns,1,dns-56,2026-04-06T18:53:11+00:00,2026-04-06T18:53:12+00:00,816,resolved,,,0,0,
run_20260406T185251Z,4a65e918547b9af45805da979045707669bbf995,PS-02_AIGR-S66270_NCIIPC_24_02_2026.xlsx,https://idol.band,dns,1,dns-26,2026-04-06T18:53:11+00:00,2026-04-06T18:53:12+00:00,753,no_records,no_records,no_records,0,0,
run_20260406T185251Z,a3eeccda6ff57d71fdd89e1dc2304d14a57fd5bb,PS-02_AIGR-S66270_NCIIPC_24_02_2026.xlsx,https://cloudninemacarons.com,dns,1,dns-117,2026-04-06T18:53:11+00:00,2026-04-06T18:53:12+00:00,1186,resolved,,,0,0,
run_20260406T185251Z,50a3d33a51694770d8dc686f389e3796bd235d5c,PS-02_AIGR-S66270_NCIIPC_24_02_2026.xlsx,https://clouddefi.net,dns,1,dns-159,2026-04-06T18:53:11+00:00,2026-04-06T18:53:12+00:00,1160,resolved,,,0,0,
run_20260406T185251Z,146be1989a318db41a6e5b29230466c4781a292e,PS-02_AIGR-S66270_NCIIPC_24_02_2026.xlsx,https://cloudberrywhip.com,dns,1,dns-115,2026-04-06T18:53:11+00:00,2026-04-06T18:53:12+00:00,1154,resolved,,,0,0,
run_20260406T185251Z,64615eb8918d675d0b56633e81b3b8c3f26bed6a,PS-02_AIGR-S66270_NCIIPC_24_02_2026.xlsx,https://atis.best,dns,1,dns-24,2026-04-06T18:53:11+00:00,2026-04-06T18:53:12+00:00,529,resolved,,,0,0,
run_20260406T185251Z,c65e81958d01475d116fafba8555bfbabac4131c,PS-02_AIGR-S66270_NCIIPC_24_02_2026.xlsx,https://maxxis.fit,dns,1,dns-63,2026-04-06T18:53:11+00:00,2026-04-06T18:53:12+00:00,487,dns_error,dns_error,dns_error,0,0,
run_20260406T185251Z,afc34b28dc8cb02ebd2691684fa28ab45f5ac276,PS-02_AIGR-S66270_NCIIPC_24_02_2026.xlsx,https://mg-cloud.online,dns,1,dns-9,2026-04-06T18:53:11+00:00,2026-04-06T18:53:12+00:00,1196,resolved,,,0,0,
run_20260406T185251Z,ae83249ab353297256dc2aa4fe0f90dd95e51bdd,PS-02_AIGR-S66270_NCIIPC_24_02_2026.xlsx,https://tsc.studio,dns,1,dns-12,2026-04-06T18:53:11+00:00,2026-04-06T18:53:12+00:00,499,resolved,,,0,0,
run_20260406T185251Z,0eba1aa593242838c3e2f6130c4622583bc48525,PS-02_AIGR-S66270_NCIIPC_24_02_2026.xlsx,https://cloudflows.org,dns,1,dns-20,2026-04-06T18:53:11+00:00,2026-04-06T18:53:12+00:00,499,no_records,no_records,no_records,0,0,
run_20260406T185251Z,8158177e35014b013677732a05fa1f25ba542c50,PS-02_AIGR-S66270_NCIIPC_24_02_2026.xlsx,https://axismaxlife.org,dns,1,dns-68,2026-04-06T18:53:11+00:00,2026-04-06T18:53:12+00:00,487,dns_error,dns_error,dns_error,0,0,
run_20260406T185251Z,05353ac743fa60aee7b30dc7fb6ed464c160ac43,PS-02_AIGR-S66270_NCIIPC_24_02_2026.xlsx,https://axispalletmodify.shop,dns,1,dns-32,2026-04-06T18:53:11+00:00,2026-04-06T18:53:12+00:00,530,resolved,,,0,0,
run_20260406T185251Z,423a403382cd7f2325e8bcefd46a6d29384799a3,PS-02_AIGR-S66270_NCIIPC_24_02_2026.xlsx,https://axioscope.com,dns,1,dns-173,2026-04-06T18:53:11+00:00,2026-04-06T18:53:12+00:00,883,resolved,,,0,0,
run_20260406T185251Z,22082d09ed771791fbb70e4eb934451e57bf2e81,PS-02_AIGR-S66270_NCIIPC_24_02_2026.xlsx,https://almsonline.in,dns,1,dns-28,2026-04-06T18:53:11+00:00,2026-04-06T18:53:12+00:00,599,resolved,,,0,0,
run_20260406T185251Z,9404967e6284f97b6362f2b7c75d8b4bed8d7491,PS-02_AIGR-S66270_NCIIPC_24_02_2026.xlsx,https://hiocl.biz,dns,1,dns-147,2026-04-06T18:53:11+00:00,2026-04-06T18:53:12+00:00,882,resolved,,,0,0,
run_20260406T185251Z,3499222484dcb6d0c04bf8f4f8aa59c652421fae,PS-02_AIGR-S66270_NCIIPC_24_02_2026.xlsx,http://coalitionservice.com,dns,1,dns-112,2026-04-06T18:53:11+00:00,2026-04-06T18:53:12+00:00,882,resolved,,,0,0,
run_20260406T185251Z,ef323a9ad43245fa0d93e1c84fe61925e5524beb,PS-02_AIGR-S66270_NCIIPC_24_02_2026.xlsx,https://dependence.sa.com,dns,1,dns-42,2026-04-06T18:53:11+00:00,2026-04-06T18:53:12+00:00,600,no_records,no_records,no_records,0,0,
run_20260406T185251Z,e2ac7fe5cbde4b1d0492d34a4d17d7d311c19ec8,PS-02_AIGR-S66270_NCIIPC_24_02_2026.xlsx,https://cloud-kernel.net,dns,1,dns-52,2026-04-06T18:53:11+00:00,2026-04-06T18:53:12+00:00,813,no_records,no_records,no_records,0,0,
run_20260406T185251Z,801229dce216a8e514c335aea213cdfd0afac5b7,PS-02_AIGR-S66270_NCIIPC_24_02_2026.xlsx,https://cloud4k.cc,dns,1,dns-39,2026-04-06T18:53:11+00:00,2026-04-06T18:53:12+00:00,903,resolved,,,0,0,
run_20260406T185251Z,7192e8bf141aba4db6e97706b16f4fe5753e83a7,PS-02_AIGR-S66270_NCIIPC_24_02_2026.xlsx,https://rebios.net,dns,1,dns-118,2026-04-06T18:53:11+00:00,2026-04-06T18:53:12+00:00,885,resolved,,,0,0,
run_20260406T185251Z,37c47ea5c13c4d85ee978151baac6d87c22bcef5,PS-02_AIGR-S66270_NCIIPC_24_02_2026.xlsx,https://homeairconsolutions.com,dns,1,dns-99,2026-04-06T18:53:11+00:00,2026-04-06T18:53:12+00:00,903,resolved,,,0,0,
run_20260406T185251Z,5298a1e06d18ccc0128db697dc4d7446d81a7cb6,PS-02_AIGR-S66270_NCIIPC_24_02_2026.xlsx,https://arifjahan.com,dns,1,dns-81,2026-04-06T18:53:11+00:00,2026-04-06T18:53:12+00:00,855,resolved,,,0,0,
run_20260406T185251Z,4fb8e580afc40df86012d173c876eecf5c3fd40d,PS-02_AIGR-S66270_NCIIPC_24_02_2026.xlsx,https://bankboard.ai,dns,1,dns-142,2026-04-06T18:53:11+00:00,2026-04-06T18:53:12+00:00,598,no_records,no_records,no_records,0,0,
run_20260406T185251Z,b88c5c3e724f264e5ca48a673cdc91ab653fae98,PS-02_AIGR-S66270_NCIIPC_24_02_2026.xlsx,https://indiapublicholidays.com,dns,1,dns-88,2026-04-06T18:53:11+00:00,2026-04-06T18:53:12+00:00,806,resolved,,,0,0,
run_20260406T185251Z,045f67945e495442b38759bcda663e5a071ff4ec,PS-02_AIGR-S66270_NCIIPC_24_02_2026.xlsx,https://meowcloud.ai,dns,1,dns-60,2026-04-06T18:53:11+00:00,2026-04-06T18:53:12+00:00,603,resolved,,,0,0,
run_20260406T185251Z,fd38e90894fa103214ce339c3a312da97674ced5,PS-02_AIGR-S66270_NCIIPC_24_02_2026.xlsx,http://i2ol.xyz,dns,1,dns-34,2026-04-06T18:53:11+00:00,2026-04-06T18:53:12+00:00,645,resolved,,,0,0,
run_20260406T185251Z,f15a193f9fe2be813e8bf5f12ba9de02cbd0ff2d,PS-02_AIGR-S66270_NCIIPC_24_02_2026.xlsx,https://sobiup.asia,dns,1,dns-85,2026-04-06T18:53:11+00:00,2026-04-06T18:53:12+00:00,928,resolved,,,0,0,
run_20260406T185251Z,0bb449756b1d3f659811153c0c87efe5e0f950b3,PS-02_AIGR-S66270_NCIIPC_24_02_2026.xlsx,https://cloud9.com.ng,dns,1,dns-70,2026-04-06T18:53:11+00:00,2026-04-06T18:53:12+00:00,624,resolved,,,0,0,
run_20260406T185251Z,e92896c6e977e8431d2fd050d6378f9520d2222f,PS-02_AIGR-S66270_NCIIPC_24_02_2026.xlsx,https://onlineresale.in,dns,1,dns-54,2026-04-06T18:53:11+00:00,2026-04-06T18:53:12+00:00,627,resolved,,,0,0,
run_20260406T185251Z,9dab78012d8daf5c5d0f15c869e793dcf16abc66,PS-02_AIGR-S66270_NCIIPC_24_02_2026.xlsx,https://cloudtoground.live,dns,1,dns-93,2026-04-06T18:53:11+00:00,2026-04-06T18:53:12+00:00,580,resolved,,,0,0,
run_20260406T185251Z,f13bbcf540da935c8ba16d98c8af26a70b586df7,PS-02_AIGR-S66270_NCIIPC_24_02_2026.xlsx,https://hometools.fun,dns,1,dns-124,2026-04-06T18:53:11+00:00,2026-04-06T18:53:12+00:00,951,resolved,,,0,0,
run_20260406T185251Z,024b9e95ae84c64b1339525b8eaa8ec7a3d9c44e,PS-02_AIGR-S66270_NCIIPC_24_02_2026.xlsx,https://clouduclab.ru,dns,1,dns-154,2026-04-06T18:53:11+00:00,2026-04-06T18:53:12+00:00,888,no_records,no_records,no_records,0,0,
run_20260406T185251Z,ba2d696e692b97ef2dcdd659fdcd678e003414ef,PS-02_AIGR-S66270_NCIIPC_24_02_2026.xlsx,https://ecibogut.link,dns,1,dns-103,2026-04-06T18:53:11+00:00,2026-04-06T18:53:12+00:00,581,resolved,,,0,0,
run_20260406T185251Z,dcbe6703c8ffb2f250bdf14224790090cf95eca6,PS-02_AIGR-S66270_NCIIPC_24_02_2026.xlsx,https://aivirtuel.com,dns,1,dns-71,2026-04-06T18:53:11+00:00,2026-04-06T18:53:12+00:00,709,resolved,,,0,0,
run_20260406T185251Z,8b109e2e6009d905a234892c6231a52903666499,PS-02_AIGR-S66270_NCIIPC_24_02_2026.xlsx,https://aiemse.com,dns,1,dns-102,2026-04-06T18:53:11+00:00,2026-04-06T18:53:12+00:00,581,dns_error,dns_error,dns_error,0,0,
run_20260406T185251Z,fdadc4b07cc84e97be58aabb0442e05afca6fd12,PS-02_AIGR-S66270_NCIIPC_24_02_2026.xlsx,https://samct.uno,dns,1,dns-96,2026-04-06T18:53:11+00:00,2026-04-06T18:53:12+00:00,581,dns_error,dns_error,dns_error,0,0,
run_20260406T185251Z,963ff811bb4ea0e4614128b62917f150bf6de49d,PS-02_AIGR-S66270_NCIIPC_24_02_2026.xlsx,https://nswc.fit,dns,1,dns-104,2026-04-06T18:53:11+00:00,2026-04-06T18:53:12+00:00,581,resolved,,,0,0,
run_20260406T185251Z,ca1165a83fba86dda2c846fbc4b53a1434e322ef,PS-02_AIGR-S66270_NCIIPC_24_02_2026.xlsx,https://department.sa.com,dns,1,dns-76,2026-04-06T18:53:11+00:00,2026-04-06T18:53:12+00:00,623,resolved,,,0,0,
run_20260406T185251Z,83b0ed55d199cca2e074c5af695661539a5cc5a1,PS-02_AIGR-S66270_NCIIPC_24_02_2026.xlsx,https://aictindia.com,dns,1,dns-64,2026-04-06T18:53:11+00:00,2026-04-06T18:53:12+00:00,840,resolved,,,0,0,
run_20260406T185251Z,a2015bf478735e90f34f455b9348753b83f9073e,PS-02_AIGR-S66270_NCIIPC_24_02_2026.xlsx,https://aimaas.ch,dns,1,dns-82,2026-04-06T18:53:11+00:00,2026-04-06T18:53:12+00:00,623,resolved,,,0,0,
run_20260406T185251Z,5c3e5aae066475f3b69b43ae1e5a47c5846ceca5,PS-02_AIGR-S66270_NCIIPC_24_02_2026.xlsx,https://onlinehisab.com,dns,1,dns-7,2026-04-06T18:53:11+00:00,2026-04-06T18:53:12+00:00,869,resolved,,,0,0,
run_20260406T185251Z,49a8da8099c5741078bcc7f62de7fb7e025781c4,PS-02_AIGR-S66270_NCIIPC_24_02_2026.xlsx,https://wecloud.shop,dns,1,dns-111,2026-04-06T18:53:11+00:00,2026-04-06T18:53:12+00:00,623,resolved,,,0,0,
run_20260406T185251Z,d81637a356409d229cc3aabade92de712c85892d,PS-02_AIGR-S66270_NCIIPC_24_02_2026.xlsx,https://canaryfun.art,dns,1,dns-69,2026-04-06T18:53:11+00:00,2026-04-06T18:53:12+00:00,645,resolved,,,0,0,
run_20260406T185251Z,d385338b0659443f8911c9da3047fb0107a41e66,PS-02_AIGR-S66270_NCIIPC_24_02_2026.xlsx,https://cloudalternative.page,dns,1,dns-83,2026-04-06T18:53:11+00:00,2026-04-06T18:53:12+00:00,624,resolved,,,0,0,
run_20260406T185251Z,f140fb04a2a00293ddcaeb9b408d034dc59698e2,PS-02_AIGR-S66270_NCIIPC_24_02_2026.xlsx,https://axisrx.io,dns,1,dns-37,2026-04-06T18:53:11+00:00,2026-04-06T18:53:12+00:00,669,resolved,,,0,0,
run_20260406T185251Z,8b96e6a05bb57361a0287db17e3975174f6caf3a,PS-02_AIGR-S66270_NCIIPC_24_02_2026.xlsx,https://jiorenew.co.in,dns,1,dns-90,2026-04-06T18:53:11+00:00,2026-04-06T18:53:12+00:00,623,resolved,,,0,0,
run_20260406T185251Z,f77f84ce0677ef764ebd9cee3a8ed93ab522794d,PS-02_AIGR-S66270_NCIIPC_24_02_2026.xlsx,https://cloud-chron.com,dns,1,dns-160,2026-04-06T18:53:11+00:00,2026-04-06T18:53:12+00:00,796,resolved,,,0,0,
run_20260406T185251Z,907eca3d7127acd2a563c6de68e5a00bc3908372,PS-02_AIGR-S66270_NCIIPC_24_02_2026.xlsx,https://caoni.horse,dns,1,dns-157,2026-04-06T18:53:11+00:00,2026-04-06T18:53:12+00:00,737,resolved,,,0,0,
run_20260406T185251Z,5984ba1c5d330e7b41927078c22201f0c05b870f,PS-02_AIGR-S66270_NCIIPC_24_02_2026.xlsx,https://starco.ink,dns,1,dns-116,2026-04-06T18:53:11+00:00,2026-04-06T18:53:12+00:00,581,no_records,no_records,no_records,0,0,
run_20260406T185251Z,26bce67fcdd102c969bdef508effa84fcbfc77fd,PS-02_AIGR-S66270_NCIIPC_24_02_2026.xlsx,https://incomeoutcome.net,dns,1,dns-161,2026-04-06T18:53:11+00:00,2026-04-06T18:53:12+00:00,837,resolved,,,0,0,
run_20260406T185251Z,d34d7dec7c1b840ad075a4d1bab23954985233a9,PS-02_AIGR-S66270_NCIIPC_24_02_2026.xlsx,https://employer.sa.com,dns,1,dns-38,2026-04-06T18:53:11+00:00,2026-04-06T18:53:12+00:00,670,no_records,no_records,no_records,0,0,
run_20260406T185251Z,0905d17139e000aee65fd7f6045696db0f69c786,PS-02_AIGR-S66270_NCIIPC_24_02_2026.xlsx,https://aisy.makeup,dns,1,dns-127,2026-04-06T18:53:11+00:00,2026-04-06T18:53:12+00:00,874,resolved,,,0,0,
run_20260406T185251Z,5ffa2d981d5bd1eda07063553c67f463cc513a80,PS-02_AIGR-S66270_NCIIPC_24_02_2026.xlsx,https://onlinecasinosuk.io,dns,1,dns-140,2026-04-06T18:53:11+00:00,2026-04-06T18:53:12+00:00,640,resolved,,,0,0,
run_20260406T185251Z,7127d4c925e86151e96487f27b772db59b8c1507,PS-02_AIGR-S66270_NCIIPC_24_02_2026.xlsx,https://woad.sa.com,dns,1,dns-47,2026-04-06T18:53:11+00:00,2026-04-06T18:53:12+00:00,670,resolved,,,0,0,
run_20260406T185251Z,824177c5e185028d19315c64499e98d86124d541,PS-02_AIGR-S66270_NCIIPC_24_02_2026.xlsx,https://axisvest.com.br,dns,1,dns-61,2026-04-06T18:53:11+00:00,2026-04-06T18:53:12+00:00,857,resolved,,,0,0,
run_20260406T185251Z,59b68d3835fb13e05b45bf6c3d9d6f77c5cf2489,PS-02_AIGR-S66270_NCIIPC_24_02_2026.xlsx,https://cloud-claw.io,dns,1,dns-110,2026-04-06T18:53:11+00:00,2026-04-06T18:53:12+00:00,625,resolved,,,0,0,
run_20260406T185251Z,18bff8bd09af46f15e3df4c13721db5c4b695d01,PS-02_AIGR-S66270_NCIIPC_24_02_2026.xlsx,https://cloudewise.com,dns,1,dns-126,2026-04-06T18:53:11+00:00,2026-04-06T18:53:12+00:00,772,no_records,no_records,no_records,0,0,
run_20260406T185251Z,6061296a1708573da909b6d8c005942e5994d843,PS-02_AIGR-S66270_NCIIPC_24_02_2026.xlsx,https://holdenmahomes.com,dns,1,dns-149,2026-04-06T18:53:11+00:00,2026-04-06T18:53:12+00:00,788,resolved,,,0,0,
run_20260406T185251Z,c0bc3160bf0a524b481036362f66fe88a51f7b09,PS-02_AIGR-S66270_NCIIPC_24_02_2026.xlsx,https://jwaion.us,dns,1,dns-156,2026-04-06T18:53:11+00:00,2026-04-06T18:53:12+00:00,534,resolved,,,0,0,
run_20260406T185251Z,aaf74c669d8f5003a7e3625148e4ea579208bd31,PS-02_AIGR-S66270_NCIIPC_24_02_2026.xlsx,https://onlineslots777.online,dns,1,dns-58,2026-04-06T18:53:11+00:00,2026-04-06T18:53:12+00:00,629,resolved,,,0,0,
run_20260406T185251Z,4331785a28a399d5d182c71982c78b86a8922748,PS-02_AIGR-S66270_NCIIPC_24_02_2026.xlsx,https://compraonline.shop,dns,1,dns-133,2026-04-06T18:53:11+00:00,2026-04-06T18:53:12+00:00,582,resolved,,,0,0,
run_20260406T185251Z,b96b9ec8e08b78e9dc52c2d2192130edc3a679b2,PS-02_AIGR-S66270_NCIIPC_24_02_2026.xlsx,https://cloudbaseo2.com,dns,1,dns-31,2026-04-06T18:53:11+00:00,2026-04-06T18:53:12+00:00,671,resolved,,,0,0,
run_20260406T185251Z,560f0d7b4e665ba313421d3cb6cba40911177377,PS-02_AIGR-S66270_NCIIPC_24_02_2026.xlsx,https://cloud-fal.store,dns,1,dns-167,2026-04-06T18:53:11+00:00,2026-04-06T18:53:12+00:00,535,resolved,,,0,0,
run_20260406T185251Z,5450dbb97f2da65ca34046c0d431c30688d08cb1,PS-02_AIGR-S66270_NCIIPC_24_02_2026.xlsx,https://idol.college,dns,1,dns-53,2026-04-06T18:53:11+00:00,2026-04-06T18:53:12+00:00,954,no_records,no_records,no_records,0,0,
run_20260406T185251Z,9e6747afd779879d4a187657925463b37df122c4,PS-02_AIGR-S66270_NCIIPC_24_02_2026.xlsx,https://indiacloudinfra.com,dns,1,dns-120,2026-04-06T18:53:11+00:00,2026-04-06T18:53:12+00:00,836,resolved,,,0,0,
run_20260406T185251Z,15d65999ba5445509f2fedb54c0b06c07e1362eb,PS-02_AIGR-S66270_NCIIPC_24_02_2026.xlsx,https://homeplusra.shop,dns,1,dns-145,2026-04-06T18:53:11+00:00,2026-04-06T18:53:12+00:00,583,resolved,,,0,0,
run_20260406T185251Z,9cdf3dc4a314c63bc140bb2aa93bf3d91fb28f3a,PS-02_AIGR-S66270_NCIIPC_24_02_2026.xlsx,https://srbija.casino,dns,1,dns-174,2026-04-06T18:53:11+00:00,2026-04-06T18:53:12+00:00,535,resolved,,,0,0,
run_20260406T185251Z,255bbd2d04c4550f4789d1783f7becaeda630ff5,PS-02_AIGR-S66270_NCIIPC_24_02_2026.xlsx,https://aiart.news,dns,1,dns-29,2026-04-06T18:53:11+00:00,2026-04-06T18:53:12+00:00,673,resolved,,,0,0,
run_20260406T185251Z,392427c7a963ce6972dc03c9d3432e1e55aa145f,PS-02_AIGR-S66270_NCIIPC_24_02_2026.xlsx,http://airtowater.asia,dns,1,dns-176,2026-04-06T18:53:11+00:00,2026-04-06T18:53:12+00:00,574,resolved,,,0,0,
run_20260406T185251Z,1ccdb614f73621e9402ecab8a1d3b7337e6738d4,PS-02_AIGR-S66270_NCIIPC_24_02_2026.xlsx,https://cloudvpn1.online,dns,1,dns-184,2026-04-06T18:53:11+00:00,2026-04-06T18:53:12+00:00,536,resolved,,,0,0,
run_20260406T185251Z,cbb03cb0e261f5cf82a74f889d410da6a060fa28,PS-02_AIGR-S66270_NCIIPC_24_02_2026.xlsx,https://cloudportal.dev,dns,1,dns-139,2026-04-06T18:53:11+00:00,2026-04-06T18:53:12+00:00,586,resolved,,,0,0,
run_20260406T185251Z,0b3a17434bb74aa0dd1ff62b4a5e4974a1517baa,PS-02_AIGR-S66270_NCIIPC_24_02_2026.xlsx,https://parash.org,dns,1,dns-87,2026-04-06T18:53:11+00:00,2026-04-06T18:53:12+00:00,528,dns_error,dns_error,dns_error,0,0,
run_20260406T185251Z,9d431f7e5d4bf70604269e6db36b27ef1214949f,PS-02_AIGR-S66270_NCIIPC_24_02_2026.xlsx,https://sbm.life,dns,1,dns-123,2026-04-06T18:53:11+00:00,2026-04-06T18:53:12+00:00,586,no_records,no_records,no_records,0,0,
run_20260406T185251Z,7ccb1023595867922be9f8a2918c583d21e1c382,PS-02_AIGR-S66270_NCIIPC_24_02_2026.xlsx,https://onlinecurling.com,dns,1,dns-48,2026-04-06T18:53:11+00:00,2026-04-06T18:53:12+00:00,674,resolved,,,0,0,
run_20260406T185251Z,718875595096c9d20e78c41d7c62b4c34d3808e9,PS-02_AIGR-S66270_NCIIPC_24_02_2026.xlsx,https://royalindia.org,dns,1,dns-158,2026-04-06T18:53:11+00:00,2026-04-06T18:53:12+00:00,538,resolved,,,0,0,
run_20260406T185251Z,c8ffb96902ed96ad761fca723cb80313d9c6d982,PS-02_AIGR-S66270_NCIIPC_24_02_2026.xlsx,https://onlinediskret.org,dns,1,dns-129,2026-04-06T18:53:11+00:00,2026-04-06T18:53:12+00:00,586,resolved,,,0,0,
run_20260406T185251Z,bdbb690b510795706d5e1f8deba68ef107d91022,PS-02_AIGR-S66270_NCIIPC_24_02_2026.xlsx,http://onlineastrotv.live,dns,1,dns-175,2026-04-06T18:53:11+00:00,2026-04-06T18:53:12+00:00,538,resolved,,,0,0,
run_20260406T185251Z,05d710defa7df5d0fe812e592a8c23b1e916aec0,PS-02_AIGR-S66270_NCIIPC_24_02_2026.xlsx,https://keacloud.org,dns,1,dns-79,2026-04-06T18:53:11+00:00,2026-04-06T18:53:12+00:00,688,resolved,,,0,0,
run_20260406T185251Z,037055856e086230578d9edefb34a0a7c1024ca0,PS-02_AIGR-S66270_NCIIPC_24_02_2026.xlsx,https://myvinover.com,dns,1,dns-177,2026-04-06T18:53:11+00:00,2026-04-06T18:53:12+00:00,840,no_records,no_records,no_records,0,0,
run_20260406T185251Z,cf8bc4c5da957d3896174ff40f410dd1b762dc66,PS-02_AIGR-S66270_NCIIPC_24_02_2026.xlsx,https://cloudbeds.reviews,dns,1,dns-137,2026-04-06T18:53:11+00:00,2026-04-06T18:53:12+00:00,586,no_records,no_records,no_records,0,0,
run_20260406T185251Z,6cbca17328f8d5f902721a163728faf1caabf888,PS-02_AIGR-S66270_NCIIPC_24_02_2026.xlsx,http://xsscloud.com,dns,1,dns-35,2026-04-06T18:53:11+00:00,2026-04-06T18:53:12+00:00,959,resolved,,,0,0,
run_20260406T185251Z,447c1bdb4bf13611cc6cbd5aa5b38c3bde1fa50f,PS-02_AIGR-S66270_NCIIPC_24_02_2026.xlsx,https://sbireward.com,dns,1,dns-122,2026-04-06T18:53:11+00:00,2026-04-06T18:53:12+00:00,587,dns_error,dns_error,dns_error,0,0,
run_20260406T185251Z,7119cc6b587fa99852b81185957a4bc3c3d2ab87,PS-02_AIGR-S66270_NCIIPC_24_02_2026.xlsx,https://apis.network,dns,1,dns-74,2026-04-06T18:53:11+00:00,2026-04-06T18:53:12+00:00,632,resolved,,,0,0,
run_20260406T185251Z,680fda2f1205d3e04ae8facb827aa415c570a0fd,PS-02_AIGR-S66270_NCIIPC_24_02_2026.xlsx,https://cloudservicern.info,dns,1,dns-55,2026-04-06T18:53:11+00:00,2026-04-06T18:53:12+00:00,634,resolved,,,0,0,
run_20260406T185251Z,5695a1a0ea31b966fb54917b6c8a190efa2cdb97,PS-02_AIGR-S66270_NCIIPC_24_02_2026.xlsx,https://iocareers.org,dns,1,dns-165,2026-04-06T18:53:11+00:00,2026-04-06T18:53:12+00:00,538,resolved,,,0,0,
run_20260406T185251Z,674b5db5f85f18251f63ac319abdaefd90a392c8,PS-02_AIGR-S66270_NCIIPC_24_02_2026.xlsx,https://innoteam.ai,dns,1,dns-16,2026-04-06T18:53:11+00:00,2026-04-06T18:53:12+00:00,529,resolved,,,0,0,
run_20260406T185251Z,8654067d76cf9e8757ded95623c49c1dbb48cc8d,PS-02_AIGR-S66270_NCIIPC_24_02_2026.xlsx,https://four-sponge.sa.com,dns,1,dns-170,2026-04-06T18:53:11+00:00,2026-04-06T18:53:12+00:00,538,resolved,,,0,0,
run_20260406T185251Z,9a7250b77d1c9986add2cd189583e6753bb50034,PS-02_AIGR-S66270_NCIIPC_24_02_2026.xlsx,https://sharcc.app,dns,1,dns-185,2026-04-06T18:53:11+00:00,2026-04-06T18:53:12+00:00,538,no_records,no_records,no_records,0,0,
run_20260406T185251Z,827e989f14fecea6cbfcf9da06a1584d7c63e33f,PS-02_AIGR-S66270_NCIIPC_24_02_2026.xlsx,https://home1exteriors.com,dns,1,dns-84,2026-04-06T18:53:11+00:00,2026-04-06T18:53:12+00:00,630,resolved,,,0,0,
run_20260406T185251Z,526dab72ea183f27612e895d03f313499dbe25d5,PS-02_AIGR-S66270_NCIIPC_24_02_2026.xlsx,https://teci.nl,dns,1,dns-108,2026-04-06T18:53:11+00:00,2026-04-06T18:53:12+00:00,1343,resolved,,,0,0,
run_20260406T185251Z,92a6921f39a27f89fb795d45e198eec071e98dfd,PS-02_AIGR-S66270_NCIIPC_24_02_2026.xlsx,https://vix0c1.makeup,dns,1,dns-65,2026-04-06T18:53:11+00:00,2026-04-06T18:53:12+00:00,634,no_records,no_records,no_records,0,0,
run_20260406T185251Z,73986a3e0dc6a089c9ecabc1cab99abfa0332c4b,PS-02_AIGR-S66270_NCIIPC_24_02_2026.xlsx,https://v7s5.vip,dns,1,dns-153,2026-04-06T18:53:11+00:00,2026-04-06T18:53:12+00:00,539,resolved,,,0,0,
run_20260406T185251Z,3bfe203fa451cf704f4a89c15eff771eda199858,PS-02_AIGR-S66270_NCIIPC_24_02_2026.xlsx,https://nsha.info,dns,1,dns-44,2026-04-06T18:53:11+00:00,2026-04-06T18:53:12+00:00,610,no_records,no_records,no_records,0,0,
run_20260406T185251Z,fd3234370b2f64929f26b5267e4817740eb65503,PS-02_AIGR-S66270_NCIIPC_24_02_2026.xlsx,https://canerobot.com,dns,1,dns-91,2026-04-06T18:53:11+00:00,2026-04-06T18:53:12+00:00,630,resolved,,,0,0,
run_20260406T185251Z,943058e49371dcba0a8e256c771d89ce75e2dcdd,PS-02_AIGR-S66270_NCIIPC_24_02_2026.xlsx,https://uidaiaadhardownload.com,dns,1,dns-128,2026-04-06T18:53:11+00:00,2026-04-06T18:53:12+00:00,653,resolved,,,0,0,
run_20260406T185251Z,361052b1913c0bb262c6af32d251cceccfa7aa7e,PS-02_AIGR-S66270_NCIIPC_24_02_2026.xlsx,https://homesbyhaleymn.com,dns,1,dns-46,2026-04-06T18:53:11+00:00,2026-04-06T18:53:12+00:00,675,resolved,,,0,0,
run_20260406T185251Z,183c8bfcfee73c913633d607d970f7336a7946ba,PS-02_AIGR-S66270_NCIIPC_24_02_2026.xlsx,https://aipidia.com,dns,1,dns-119,2026-04-06T18:53:11+00:00,2026-04-06T18:53:12+00:00,588,resolved,,,0,0,
run_20260406T185251Z,51e5a9b1184aff84f8e5bf2c6e28ccaee0fd16a8,PS-02_AIGR-S66270_NCIIPC_24_02_2026.xlsx,http://clouddigitys.com,dns,1,dns-27,2026-04-06T18:53:11+00:00,2026-04-06T18:53:12+00:00,821,resolved,,,0,0,
run_20260406T185251Z,ffa56ed2b4131932a131feefdec935d3fea3dafe,PS-02_AIGR-S66270_NCIIPC_24_02_2026.xlsx,https://rxmcloud.xyz,dns,1,dns-169,2026-04-06T18:53:11+00:00,2026-04-06T18:53:12+00:00,539,no_records,no_records,no_records,0,0,
run_20260406T185251Z,ed059251b691fd8b2a6b6627983d010d2f5de36d,PS-02_AIGR-S66270_NCIIPC_24_02_2026.xlsx,http://vsts-ca.online,dns,1,dns-51,2026-04-06T18:53:11+00:00,2026-04-06T18:53:12+00:00,675,resolved,,,0,0,
run_20260406T185251Z,4bc426a99341c911cff2975d93f99726da67d4a4,PS-02_AIGR-S66270_NCIIPC_24_02_2026.xlsx,https://cloudkaka.com,dns,1,dns-75,2026-04-06T18:53:11+00:00,2026-04-06T18:53:12+00:00,654,resolved,,,0,0,
run_20260406T185251Z,5afdd9112d90e0c5d1d4f72350a123845404ecf8,PS-02_AIGR-S66270_NCIIPC_24_02_2026.xlsx,https://aiart.markets,dns,1,dns-130,2026-04-06T18:53:11+00:00,2026-04-06T18:53:12+00:00,609,resolved,,,0,0,
run_20260406T185251Z,0da1367c4a606009f6ca923b9f97d0278fe3ed0e,PS-02_AIGR-S66270_NCIIPC_24_02_2026.xlsx,https://jinqor.com,dns,1,dns-77,2026-04-06T18:53:11+00:00,2026-04-06T18:53:12+00:00,700,resolved,,,0,0,
run_20260406T185251Z,807d39e1aae5daf9db496fc2a4a9e69659dee02c,PS-02_AIGR-S66270_NCIIPC_24_02_2026.xlsx,https://rabie2.makeup,dns,1,dns-114,2026-04-06T18:53:11+00:00,2026-04-06T18:53:12+00:00,658,no_records,no_records,no_records,0,0,
run_20260406T185251Z,78544afe6edc128eda73f64c5a9522044e96afc6,PS-02_AIGR-S66270_NCIIPC_24_02_2026.xlsx,https://homesteadlaundry.com,dns,1,dns-146,2026-04-06T18:53:11+00:00,2026-04-06T18:53:12+00:00,666,resolved,,,0,0,
run_20260406T185251Z,82bf2e9f34644df71fb4d445aa39201b7a0a9815,PS-02_AIGR-S66270_NCIIPC_24_02_2026.xlsx,https://bankia.finance,dns,1,dns-182,2026-04-06T18:53:11+00:00,2026-04-06T18:53:12+00:00,584,resolved,,,0,0,
run_20260406T185251Z,4fb65e8477949878f0b362ba2831016de8c1c57d,PS-02_AIGR-S66270_NCIIPC_24_02_2026.xlsx,https://cloudypools.com,dns,1,dns-105,2026-04-06T18:53:11+00:00,2026-04-06T18:53:12+00:00,655,resolved,,,0,0,
run_20260406T185251Z,97dbda8c90335c6f17e55d866ad72a94b554b681,PS-02_AIGR-S66270_NCIIPC_24_02_2026.xlsx,http://cloudmaganement.website,dns,1,dns-187,2026-04-06T18:53:11+00:00,2026-04-06T18:53:12+00:00,583,resolved,,,0,0,
run_20260406T185251Z,6d532ea6e873272845ba66705a4f7b2c79ca7538,PS-02_AIGR-S66270_NCIIPC_24_02_2026.xlsx,https://aire.black,dns,1,dns-191,2026-04-06T18:53:11+00:00,2026-04-06T18:53:12+00:00,583,resolved,,,0,0,
run_20260406T185251Z,c8c75a72ed1555a46dc07aca33c6e370958fee4c,PS-02_AIGR-S66270_NCIIPC_24_02_2026.xlsx,https://homesbalance.store,dns,1,dns-151,2026-04-06T18:53:11+00:00,2026-04-06T18:53:12+00:00,619,resolved,,,0,0,
run_20260406T185251Z,262ebedfb1eca96c21988b081d17abe8363eedcd,PS-02_AIGR-S66270_NCIIPC_24_02_2026.xlsx,https://aipins.ru,dns,1,dns-67,2026-04-06T18:53:11+00:00,2026-04-06T18:53:12+00:00,713,resolved,,,0,0,
run_20260406T185251Z,612c018edbac842999856bc32629be8bd11859e3,PS-02_AIGR-S66270_NCIIPC_24_02_2026.xlsx,https://panbb.top,dns,1,dns-148,2026-04-06T18:53:11+00:00,2026-04-06T18:53:12+00:00,725,resolved,,,0,0,
run_20260406T185251Z,61b9fd0ffdc09a8897ec44830253ef1904a16a8d,PS-02_AIGR-S66270_NCIIPC_24_02_2026.xlsx,https://campersonline.online,dns,1,dns-59,2026-04-06T18:53:11+00:00,2026-04-06T18:53:12+00:00,714,no_records,no_records,no_records,0,0,
run_20260406T185251Z,cd4371db5665254e5e96a4bee171f55ad383a0bc,PS-02_AIGR-S66270_NCIIPC_24_02_2026.xlsx,https://5baiin.makeup,dns,1,dns-143,2026-04-06T18:53:11+00:00,2026-04-06T18:53:12+00:00,667,no_records,no_records,no_records,0,0,
run_20260406T185251Z,f484463c988bb59f9d7f41e99d4a1d16a7547de9,PS-02_AIGR-S66270_NCIIPC_24_02_2026.xlsx,https://cloudzensystems.com,dns,1,dns-95,2026-04-06T18:53:11+00:00,2026-04-06T18:53:12+00:00,669,resolved,,,0,0,
run_20260406T185251Z,a7153a75a46a04aebc3bf19d73e7fd203ecd2bb8,PS-02_AIGR-S66270_NCIIPC_24_02_2026.xlsx,https://cloud-portal.net,dns,1,dns-107,2026-04-06T18:53:11+00:00,2026-04-06T18:53:12+00:00,710,resolved,,,0,0,
run_20260406T185251Z,243f58da4a54caa8d040af0b4bc3c4f540574458,PS-02_AIGR-S66270_NCIIPC_24_02_2026.xlsx,https://raclebit.com,dns,1,dns-180,2026-04-06T18:53:11+00:00,2026-04-06T18:53:12+00:00,619,resolved,,,0,0,
run_20260406T185251Z,823e1c163459ef05bed69700241fa098f11fa996,PS-02_AIGR-S66270_NCIIPC_24_02_2026.xlsx,https://jdgi00.com,dns,1,dns-113,2026-04-06T18:53:11+00:00,2026-04-06T18:53:12+00:00,669,resolved,,,0,0,
run_20260406T185251Z,0e5b5520db52750a58511fc3abb25853d68b0a29,PS-02_AIGR-S66270_NCIIPC_24_02_2026.xlsx,https://jiso99.com,dns,1,dns-106,2026-04-06T18:53:11+00:00,2026-04-06T18:53:12+00:00,769,resolved,,,0,0,
run_20260406T185251Z,5a3b214433b4197ad01ad4c24e52b44ee657f055,PS-02_AIGR-S66270_NCIIPC_24_02_2026.xlsx,https://hometownscoops.com,dns,1,dns-6,2026-04-06T18:53:09+00:00,2026-04-06T18:53:12+00:00,3231,timeout,timeout,timeout,0,1,
run_20260406T185251Z,ae7d2879fbbfe85b719a0a9a90385089f78022e1,PS-02_AIGR-S66270_NCIIPC_24_02_2026.xlsx,https://homoreason.com,dns,1,dns-10,2026-04-06T18:53:09+00:00,2026-04-06T18:53:12+00:00,3191,timeout,timeout,timeout,0,1,
run_20260406T185251Z,1048aba5a1d2317549ac6e779369e3d8c5437a3b,PS-02_AIGR-S66270_NCIIPC_24_02_2026.xlsx,https://cloudsupermart.com,dns,1,dns-40,2026-04-06T18:53:11+00:00,2026-04-06T18:53:12+00:00,635,resolved,,,0,0,
run_20260406T185251Z,b7d2197ea47d47dca451ee13c9bb94a1e2ad8780,PS-02_AIGR-S66270_NCIIPC_24_02_2026.xlsx,https://onlinecasinoph.net,dns,1,dns-134,2026-04-06T18:53:11+00:00,2026-04-06T18:53:12+00:00,693,resolved,,,0,0,
run_20260406T185251Z,4dc0c25c9693477387bd21a5bbd181bd7590ff3f,PS-02_AIGR-S66270_NCIIPC_24_02_2026.xlsx,https://clouddevicehub.shop,dns,1,dns-21,2026-04-06T18:53:11+00:00,2026-04-06T18:53:12+00:00,594,resolved,,,0,0,
run_20260406T185251Z,a4953b0c3f1fa56004b156995bc754bb02f59bc7,PS-02_AIGR-S66270_NCIIPC_24_02_2026.xlsx,https://netpad.app,dns,1,dns-172,2026-04-06T18:53:11+00:00,2026-04-06T18:53:12+00:00,644,resolved,,,0,0,
run_20260406T185251Z,17bf7c2c1ca2a8f9231c1e6962c32461efd1acef,PS-02_AIGR-S66270_NCIIPC_24_02_2026.xlsx,https://cloudedleopard.fun,dns,1,dns-13,2026-04-06T18:53:11+00:00,2026-04-06T18:53:12+00:00,594,resolved,,,0,0,
run_20260406T185251Z,82834cfe638f8631681887c77dbac2c188e5ca57,PS-02_AIGR-S66270_NCIIPC_24_02_2026.xlsx,http://cloud-beds.group,dns,1,dns-1,2026-04-06T18:53:12+00:00,2026-04-06T18:53:12+00:00,576,resolved,,,0,0,
run_20260406T185251Z,c3c103d46c706777cda80fa261ead5fb826637c0,PS-02_AIGR-S66270_NCIIPC_24_02_2026.xlsx,https://homeclaw.xyz,dns,1,dns-188,2026-04-06T18:53:11+00:00,2026-04-06T18:53:12+00:00,610,no_records,no_records,no_records,0,0,
run_20260406T185251Z,cd7b688c9c935051fdfecb9fd826bcf7947cdcb4,PS-02_AIGR-S66270_NCIIPC_24_02_2026.xlsx,https://meshtastic.net.ru,dns,1,dns-33,2026-04-06T18:53:09+00:00,2026-04-06T18:53:12+00:00,3200,resolved,,,0,0,
run_20260406T185251Z,dacfcadcc61cf21cf493a313cc40ea3e039ca050,PS-02_AIGR-S66270_NCIIPC_24_02_2026.xlsx,https://icibvi.makeup,dns,1,dns-25,2026-04-06T18:53:09+00:00,2026-04-06T18:53:12+00:00,3200,timeout,timeout,timeout,0,1,
run_20260406T185251Z,22b45118b1b4b9acdb831aad90f35977335e933e,PS-02_AIGR-S66270_NCIIPC_24_02_2026.xlsx,https://canonmail.com,dns,1,dns-30,2026-04-06T18:53:09+00:00,2026-04-06T18:53:12+00:00,3200,timeout,timeout,timeout,0,1,
run_20260406T185251Z,b6167f7c111b62a3501c6e928086e672bf3c4cc2,PS-02_AIGR-S66270_NCIIPC_24_02_2026.xlsx,https://emciay.makeup,dns,1,dns-5,2026-04-06T18:53:09+00:00,2026-04-06T18:53:12+00:00,3199,timeout,timeout,timeout,0,1,
run_20260406T185251Z,630c1c77f7556772749aad431db418ba966b8db1,PS-02_AIGR-S66270_NCIIPC_24_02_2026.xlsx,https://subvip.io,dns,1,dns-62,2026-04-06T18:53:09+00:00,2026-04-06T18:53:12+00:00,3198,timeout,timeout,timeout,0,1,
run_20260406T185251Z,26898ccdb829d7543b45e2e62865c7b07863a2c8,PS-02_AIGR-S66270_NCIIPC_24_02_2026.xlsx,https://up68cw.sa.com,dns,1,dns-190,2026-04-06T18:53:11+00:00,2026-04-06T18:53:12+00:00,618,resolved,,,0,0,
run_20260406T185251Z,4ee195ebf97f75f54f8c2939d48cd58ef8b1d7e1,PS-02_AIGR-S66270_NCIIPC_24_02_2026.xlsx,https://rupamsonline.com,dns,1,dns-138,2026-04-06T18:53:11+00:00,2026-04-06T18:53:12+00:00,701,resolved,,,0,0,
run_20260406T185251Z,008fa44356b5c08ae6fdd4eff4a0a37bb76bc513,PS-02_AIGR-S66270_NCIIPC_24_02_2026.xlsx,https://sbidr.com,dns,1,dns-141,2026-04-06T18:53:11+00:00,2026-04-06T18:53:12+00:00,702,resolved,,,0,0,
run_20260406T185251Z,5bf67886f8a8183db1d9a452dd13ae0f7de8052a,PS-02_AIGR-S66270_NCIIPC_24_02_2026.xlsx,https://abcdmens.com,dns,1,dns-136,2026-04-06T18:53:11+00:00,2026-04-06T18:53:12+00:00,702,resolved,,,0,0,
run_20260406T185251Z,ea3b8346c2646aecbaa69d3ec293697eb484a09a,PS-02_AIGR-S66270_NCIIPC_24_02_2026.xlsx,http://airplanequest.com,dns,1,dns-73,2026-04-06T18:53:11+00:00,2026-04-06T18:53:12+00:00,748,resolved,,,0,0,
run_20260406T185251Z,2e0a1f8e5f3d344963a3ddea0609caaf64afc236,PS-02_AIGR-S66270_NCIIPC_24_02_2026.xlsx,https://icrstec.com,dns,1,dns-135,2026-04-06T18:53:11+00:00,2026-04-06T18:53:12+00:00,702,resolved,,,0,0,
run_20260406T185251Z,820936f66d74152aab7744eac8d7da411e693c9d,PS-02_AIGR-S66270_NCIIPC_24_02_2026.xlsx,https://bigclouds.club,dns,1,dns-94,2026-04-06T18:53:09+00:00,2026-04-06T18:53:12+00:00,3171,timeout,timeout,timeout,0,1,
run_20260406T185251Z,35fbfa87c61326813a6829538b44edcd70874a38,PS-02_AIGR-S66270_NCIIPC_24_02_2026.xlsx,https://appsonline.my.id,dns,1,dns-4,2026-04-06T18:53:11+00:00,2026-04-06T18:53:12+00:00,657,resolved,,,0,0,
run_20260406T185251Z,223c950a45c36a9bc0b20052c9f718c8f545ea55,PS-02_AIGR-S66270_NCIIPC_24_02_2026.xlsx,https://icicle.lol,dns,1,dns-101,2026-04-06T18:53:11+00:00,2026-04-06T18:53:12+00:00,716,resolved,,,0,0,
run_20260406T185251Z,65f9a3699a3ee20339faf9fd1607fe4223295d73,PS-02_AIGR-S66270_NCIIPC_24_02_2026.xlsx,https://epcxi7.makeup,dns,1,dns-171,2026-04-06T18:53:09+00:00,2026-04-06T18:53:12+00:00,3159,timeout,timeout,timeout,0,1,
run_20260406T185251Z,519ae1a3f9b0aacb8fb96fc8e839baf2247be5a3,PS-02_AIGR-S66270_NCIIPC_24_02_2026.xlsx,https://aiart.bar,dns,1,dns-152,2026-04-06T18:53:09+00:00,2026-04-06T18:53:12+00:00,3159,timeout,timeout,timeout,0,1,
run_20260406T185251Z,6326696a43470684c633b9df4201910aa574157c,PS-02_AIGR-S66270_NCIIPC_24_02_2026.xlsx,https://onlinestore.ink,dns,1,dns-189,2026-04-06T18:53:11+00:00,2026-04-06T18:53:12+00:00,639,no_records,no_records,no_records,0,0,
run_20260406T185251Z,5bbec69ccf2c7e9da7f9a782df1f8b79aac1b903,PS-02_AIGR-S66270_NCIIPC_24_02_2026.xlsx,https://canadaskies.com,dns,1,dns-121,2026-04-06T18:53:11+00:00,2026-04-06T18:53:12+00:00,723,resolved,,,0,0,
run_20260406T185251Z,3198cd59180102db3c3a1808c6237e31466d8c03,PS-02_AIGR-S66270_NCIIPC_24_02_2026.xlsx,https://cloud-computing.online,dns,1,dns-183,2026-04-06T18:53:11+00:00,2026-04-06T18:53:12+00:00,639,resolved,,,0,0,
run_20260406T185251Z,995c12f104dd154245ce873e078699c304d1e69d,PS-02_AIGR-S66270_NCIIPC_24_02_2026.xlsx,https://axisin.com.br,dns,1,dns-100,2026-04-06T18:53:11+00:00,2026-04-06T18:53:12+00:00,724,resolved,,,0,0,
run_20260406T185251Z,8b2b00c8e7cbb9f61c65a5aa1a0b55736c7421c5,PS-02_AIGR-S66270_NCIIPC_24_02_2026.xlsx,https://onlineapks.pk,dns,1,dns-168,2026-04-06T18:53:11+00:00,2026-04-06T18:53:12+00:00,717,resolved,,,0,0,
run_20260406T185251Z,e51a03fe1a60357dc948e26c24798739bffceb87,PS-02_AIGR-S66270_NCIIPC_24_02_2026.xlsx,https://aibre.ai,dns,1,dns-166,2026-04-06T18:53:12+00:00,2026-04-06T18:53:12+00:00,613,resolved,,,0,0,
run_20260406T185251Z,ee018674885dbd76e59592c49f1f638605fc66ab,PS-02_AIGR-S66270_NCIIPC_24_02_2026.xlsx,https://aipins.online,dns,1,dns-131,2026-04-06T18:53:11+00:00,2026-04-06T18:53:12+00:00,729,resolved,,,0,0,
run_20260406T185251Z,d7b5ae3f5e114d3cb11f9839cfe8a8b0cc0dea96,PS-02_AIGR-S66270_NCIIPC_24_02_2026.xlsx,https://stacza.com,dns,1,dns-181,2026-04-06T18:53:11+00:00,2026-04-06T18:53:12+00:00,681,resolved,,,0,0,
run_20260406T185251Z,d4f4d5ae997c9bb72bc432a2433221b52a06ef20,PS-02_AIGR-S66270_NCIIPC_24_02_2026.xlsx,https://axissystems.io,dns,1,dns-18,2026-04-06T18:53:11+00:00,2026-04-06T18:53:12+00:00,631,resolved,,,0,0,
run_20260406T185251Z,ebcb553434d00312cb997cf1122646f733158b54,PS-02_AIGR-S66270_NCIIPC_24_02_2026.xlsx,https://revits.jp,dns,1,dns-11,2026-04-06T18:53:11+00:00,2026-04-06T18:53:12+00:00,654,resolved,,,0,0,
run_20260406T185251Z,6065a45b7ac0f9ece48c3eb9bf1e2ed18f0e8929,PS-02_AIGR-S66270_NCIIPC_24_02_2026.xlsx,https://netpayinc.com,dns,1,dns-179,2026-04-06T18:53:11+00:00,2026-04-06T18:53:12+00:00,689,resolved,,,0,0,
run_20260406T185251Z,e60c90a269569f74f8c29530b2907fe68cf30b39,PS-02_AIGR-S66270_NCIIPC_24_02_2026.xlsx,https://indiancatered.com,dns,1,dns-178,2026-04-06T18:53:11+00:00,2026-04-06T18:53:12+00:00,689,resolved,,,0,0,
run_20260406T185251Z,bebc69700ba0e4ce8bdd87262fb8f37ef07387d2,PS-02_AIGR-S66270_NCIIPC_24_02_2026.xlsx,https://indigo.international,dns,1,dns-50,2026-04-06T18:53:11+00:00,2026-04-06T18:53:12+00:00,641,no_records,no_records,no_records,0,0,
run_20260406T185251Z,0a6ad4751fd64ddf4ee20650b0fa020bc6e728dd,PS-02_AIGR-S66270_NCIIPC_24_02_2026.xlsx,https://saceroni.com,dns,1,dns-86,2026-04-06T18:53:11+00:00,2026-04-06T18:53:12+00:00,782,resolved,,,0,0,
run_20260406T185251Z,bd7cb19a73f15ce293eb025e99b2aa20de84dccb,PS-02_AIGR-S66270_NCIIPC_24_02_2026.xlsx,https://onlineserverr2.top,dns,1,dns-14,2026-04-06T18:53:11+00:00,2026-04-06T18:53:12+00:00,640,no_records,no_records,no_records,0,0,
run_20260406T185251Z,00ff986496bbfc2e4de1220f2508101feafbb3ff,PS-02_AIGR-S66270_NCIIPC_24_02_2026.xlsx,https://hometoollab.shop,dns,1,dns-115,2026-04-06T18:53:12+00:00,2026-04-06T18:53:12+00:00,298,resolved,,,0,0,
run_20260406T185251Z,081399524d1aac09fe4c32b5a67f52e2e5aec3ce,PS-02_AIGR-S66270_NCIIPC_24_02_2026.xlsx,https://qxsgmq.sa.com,dns,1,dns-22,2026-04-06T18:53:11+00:00,2026-04-06T18:53:12+00:00,641,resolved,,,0,0,
run_20260406T185251Z,fefe990c6d5f1ceb27385261b5dcbd12848f270f,PS-02_AIGR-S66270_NCIIPC_24_02_2026.xlsx,https://aioncli.us,dns,1,dns-42,2026-04-06T18:53:12+00:00,2026-04-06T18:53:12+00:00,227,resolved,,,0,0,
run_20260406T185251Z,ab34f87a202315b7b3a1995777c48daeffabd55f,PS-02_AIGR-S66270_NCIIPC_24_02_2026.xlsx,https://earthquake.sa.com,dns,1,dns-78,2026-04-06T18:53:12+00:00,2026-04-06T18:53:12+00:00,622,no_records,no_records,no_records,0,0,
run_20260406T185251Z,af6d9d6161e993ac53a48765e0dc89a325788adc,PS-02_AIGR-S66270_NCIIPC_24_02_2026.xlsx,https://cloudtrail.site,dns,1,dns-52,2026-04-06T18:53:12+00:00,2026-04-06T18:53:12+00:00,230,dns_error,dns_error,dns_error,0,0,
run_20260406T185251Z,00e5b3f641aa6ee8feabdb1eba523b8fe04261ac,PS-02_AIGR-S66270_NCIIPC_24_02_2026.xlsx,https://i2ol.world,dns,1,dns-9,2026-04-06T18:53:12+00:00,2026-04-06T18:53:12+00:00,301,resolved,,,0,0,
run_20260406T185251Z,21f575227fe31dd786f6766b40e2ab6a5f3682ae,PS-02_AIGR-S66270_NCIIPC_24_02_2026.xlsx,https://sacar.my.id,dns,1,dns-147,2026-04-06T18:53:12+00:00,2026-04-06T18:53:12+00:00,230,resolved,,,0,0,
run_20260406T185251Z,fcf9a741f92d0161661ebfd1646375b82064f7b9,PS-02_AIGR-S66270_NCIIPC_24_02_2026.xlsx,https://tdrjfdfjdyjt.sa.com,dns,1,dns-26,2026-04-06T18:53:12+00:00,2026-04-06T18:53:12+00:00,314,no_records,no_records,no_records,0,0,
run_20260406T185251Z,ba9c5f0bfecd242aa32c197bf494e42e35fefea7,PS-02_AIGR-S66270_NCIIPC_24_02_2026.xlsx,https://onlinestore.solar,dns,1,dns-49,2026-04-06T18:53:12+00:00,2026-04-06T18:53:12+00:00,353,resolved,,,0,0,
run_20260406T185251Z,245e5c84e18c8780dd4a96c336369dc5c3869edc,PS-02_AIGR-S66270_NCIIPC_24_02_2026.xlsx,https://sacha.casa,dns,1,dns-32,2026-04-06T18:53:12+00:00,2026-04-06T18:53:12+00:00,311,resolved,,,0,0,
run_20260406T185251Z,6cf4e309b0a877040525534e6ad83803825adbbc,PS-02_AIGR-S66270_NCIIPC_24_02_2026.xlsx,https://mgsonline.org,dns,1,dns-20,2026-04-06T18:53:12+00:00,2026-04-06T18:53:12+00:00,311,resolved,,,0,0,
run_20260406T185251Z,f00bbb2ce4c473753e2991969aa1d264dd0a5ce0,PS-02_AIGR-S66270_NCIIPC_24_02_2026.xlsx,https://online-melbet.xyz,dns,1,dns-173,2026-04-06T18:53:12+00:00,2026-04-06T18:53:12+00:00,241,resolved,,,0,0,
run_20260406T185251Z,296416b667ed4b30d61e8f854e6c093f43aa6946,PS-02_AIGR-S66270_NCIIPC_24_02_2026.xlsx,https://homesolar.pl,dns,1,dns-8,2026-04-06T18:53:11+00:00,2026-04-06T18:53:12+00:00,656,no_records,no_records,no_records,0,0,
run_20260406T185251Z,3e2d6a11366283f6b890b524e66ea4ab38284601,PS-02_AIGR-S66270_NCIIPC_24_02_2026.xlsx,https://nasc.app,dns,1,dns-155,2026-04-06T18:53:11+00:00,2026-04-06T18:53:12+00:00,705,resolved,,,0,0,
run_20260406T185251Z,cc719907b0b61ef0a87a1f67ef50d0bbab385226,PS-02_AIGR-S66270_NCIIPC_24_02_2026.xlsx,https://cloudmoon.bar,dns,1,dns-3,2026-04-06T18:53:12+00:00,2026-04-06T18:53:12+00:00,330,no_records,no_records,no_records,0,0,
run_20260406T185251Z,e7fe69f45f62a0d4ac4276eee0940dd4e95656f6,PS-02_AIGR-S66270_NCIIPC_24_02_2026.xlsx,https://indigenousaimodel.com,dns,1,dns-98,2026-04-06T18:53:11+00:00,2026-04-06T18:53:12+00:00,762,resolved,,,0,0,
run_20260406T185251Z,78b291797f50858ce5d28c280b8e193c6ef1d445,PS-02_AIGR-S66270_NCIIPC_24_02_2026.xlsx,https://coffee.sa.com,dns,1,dns-118,2026-04-06T18:53:12+00:00,2026-04-06T18:53:12+00:00,227,resolved,,,0,0,
run_20260406T185251Z,8cad921147c6c957d5b616e923f5e24fe2acc7cf,PS-02_AIGR-S66270_NCIIPC_24_02_2026.xlsx,https://myvirtualtours.org,dns,1,dns-85,2026-04-06T18:53:12+00:00,2026-04-06T18:53:12+00:00,204,no_records,no_records,no_records,0,0,
run_20260406T185251Z,4ba937f5394248e365796f521a2ecb3fa3586006,PS-02_AIGR-S66270_NCIIPC_24_02_2026.xlsx,https://stackd.media,dns,1,dns-154,2026-04-06T18:53:12+00:00,2026-04-06T18:53:12+00:00,186,resolved,,,0,0,
run_20260406T185251Z,3187c10bce807b219a2dab5065eb0ec0aec18d18,PS-02_AIGR-S66270_NCIIPC_24_02_2026.xlsx,https://tether-base.ec.cc,dns,1,dns-17,2026-04-06T18:53:11+00:00,2026-04-06T18:53:12+00:00,953,resolved,,,0,0,
run_20260406T185251Z,028d284287acbb27d3c85f6367864b7f4b4ecae4,PS-02_AIGR-S66270_NCIIPC_24_02_2026.xlsx,https://nrc.lol,dns,1,dns-15,2026-04-06T18:53:11+00:00,2026-04-06T18:53:12+00:00,670,resolved,,,0,0,
run_20260406T185251Z,8107a5da3bb75e5ccbce8d758e06b82542075538,PS-02_AIGR-S66270_NCIIPC_24_02_2026.xlsx,https://canary.onl,dns,1,dns-23,2026-04-06T18:53:12+00:00,2026-04-06T18:53:12+00:00,380,resolved,,,0,0,
run_20260406T185251Z,65a328c5b82473e50abc186c9080d67d7d73ac4b,PS-02_AIGR-S66270_NCIIPC_24_02_2026.xlsx,https://cloudbeet.com,dns,1,dns-132,2026-04-06T18:53:11+00:00,2026-04-06T18:53:12+00:00,773,resolved,,,0,0,
run_20260406T185251Z,fbf99c619522d10f394ff5152e0914db11752a19,PS-02_AIGR-S66270_NCIIPC_24_02_2026.xlsx,https://sttack.xyz,dns,1,dns-2,2026-04-06T18:53:11+00:00,2026-04-06T18:53:12+00:00,679,resolved,,,0,0,
run_20260406T185251Z,ff23c1e6aa01dda679554cac049020152d65f748,PS-02_AIGR-S66270_NCIIPC_24_02_2026.xlsx,http://gradebite.app,dns,1,dns-186,2026-04-06T18:53:11+00:00,2026-04-06T18:53:12+00:00,728,resolved,,,0,0,
run_20260406T185251Z,23d06afaa574fc6eff10f8768b3d99c3a2694c66,PS-02_AIGR-S66270_NCIIPC_24_02_2026.xlsx,https://banksa.mobile,dns,1,dns-102,2026-04-06T18:53:12+00:00,2026-04-06T18:53:12+00:00,197,no_records,no_records,no_records,0,0,
run_20260406T185251Z,2bacd1b9e25841f7c9fccd3b90802615165c021b,PS-02_AIGR-S66270_NCIIPC_24_02_2026.xlsx,https://cloudmagic.software,dns,1,dns-58,2026-04-06T18:53:12+00:00,2026-04-06T18:53:12+00:00,201,resolved,,,0,0,
run_20260406T185251Z,fe4453454e0435a4b6554fc9d9c907acc8c37dbd,PS-02_AIGR-S66270_NCIIPC_24_02_2026.xlsx,https://homeplate.law,dns,1,dns-88,2026-04-06T18:53:12+00:00,2026-04-06T18:53:12+00:00,228,resolved,,,0,0,
run_20260406T185251Z,7404c40fbd7b029bcbd6a9010d2fe3983b62941c,PS-02_AIGR-S66270_NCIIPC_24_02_2026.xlsx,https://aireen.my.id,dns,1,dns-31,2026-04-06T18:53:12+00:00,2026-04-06T18:53:12+00:00,201,no_records,no_records,no_records,0,0,
run_20260406T185251Z,6565741810996d26ca15b9d7ad40d07b6807744f,PS-02_AIGR-S66270_NCIIPC_24_02_2026.xlsx,https://homerow.email,dns,1,dns-29,2026-04-06T18:53:12+00:00,2026-04-06T18:53:12+00:00,210,resolved,,,0,0,
run_20260406T185251Z,db9ea568d910cdbbedf8ea89083d4d6e15ef1b32,PS-02_AIGR-S66270_NCIIPC_24_02_2026.xlsx,https://canadacables.com,dns,1,dns-162,2026-04-06T18:53:11+00:00,2026-04-06T18:53:12+00:00,759,resolved,,,0,0,
run_20260406T185251Z,6321dc63980e6f735426daa69e4f3e51918b6359,PS-02_AIGR-S66270_NCIIPC_24_02_2026.xlsx,https://vsscopny.com,dns,1,dns-159,2026-04-06T18:53:12+00:00,2026-04-06T18:53:12+00:00,380,resolved,,,0,0,
run_20260406T185251Z,9e5dc8baf5705456865318aa52f8d29f4666d58a,PS-02_AIGR-S66270_NCIIPC_24_02_2026.xlsx,https://mochilandia.online,dns,1,dns-161,2026-04-06T18:53:12+00:00,2026-04-06T18:53:12+00:00,241,resolved,,,0,0,
run_20260406T185251Z,eed702d4cfe7d5c83e3dd27f243022248d5c63e8,PS-02_AIGR-S66270_NCIIPC_24_02_2026.xlsx,https://jkms.sa.com,dns,1,dns-116,2026-04-06T18:53:12+00:00,2026-04-06T18:53:12+00:00,251,resolved,,,0,0,
run_20260406T185251Z,d7481edb16fab6b69408d126a05a78200626c575,PS-02_AIGR-S66270_NCIIPC_24_02_2026.xlsx,http://camon.store,dns,1,dns-176,2026-04-06T18:53:12+00:00,2026-04-06T18:53:12+00:00,252,resolved,,,0,0,
run_20260406T185251Z,e0e50f726b4c438ed546942eda143a5bf2b4712f,PS-02_AIGR-S66270_NCIIPC_24_02_2026.xlsx,https://effectiveness.sa.com,dns,1,dns-126,2026-04-06T18:53:12+00:00,2026-04-06T18:53:12+00:00,263,no_records,no_records,no_records,0,0,
run_20260406T185251Z,6794486ded648600e8fd54e5f371aa30b4ed094b,PS-02_AIGR-S66270_NCIIPC_24_02_2026.xlsx,https://cloudfare.tech,dns,1,dns-53,2026-04-06T18:53:12+00:00,2026-04-06T18:53:12+00:00,265,resolved,,,0,0,
run_20260406T185251Z,a28ae9ee8567d057831175c93d93e34bbce022cc,PS-02_AIGR-S66270_NCIIPC_24_02_2026.xlsx,https://ilikrest.life,dns,1,dns-89,2026-04-06T18:53:11+00:00,2026-04-06T18:53:12+00:00,892,resolver_error,resolver_error,resolver_error,0,0,
run_20260406T185251Z,b6682731c8c11041fdeabf02eb19e93c777afef6,PS-02_AIGR-S66270_NCIIPC_24_02_2026.xlsx,https://ji0a690.asia,dns,1,dns-167,2026-04-06T18:53:12+00:00,2026-04-06T18:53:12+00:00,273,resolved,,,0,0,
run_20260406T185251Z,25fd17b4b879d15e0da0102688337c4f75455a9f,PS-02_AIGR-S66270_NCIIPC_24_02_2026.xlsx,https://vssmedicare.com,dns,1,dns-28,2026-04-06T18:53:12+00:00,2026-04-06T18:53:12+00:00,347,resolved,,,0,0,
run_20260406T185251Z,fafc91899273ae51354617216d2997cda9632172,PS-02_AIGR-S66270_NCIIPC_24_02_2026.xlsx,https://sttack.org,dns,1,dns-19,2026-04-06T18:53:12+00:00,2026-04-06T18:53:12+00:00,433,resolved,,,0,0,
run_20260406T185251Z,6dff9a3c6afa83cd423c9f3c7210be14b4e5607c,PS-02_AIGR-S66270_NCIIPC_24_02_2026.xlsx,https://snacls.com,dns,1,dns-0,2026-04-06T18:53:11+00:00,2026-04-06T18:53:12+00:00,815,no_records,no_records,no_records,0,0,
run_20260406T185251Z,5b23e16b9ca91625ace1571eae9630eef252e5c5,PS-02_AIGR-S66270_NCIIPC_24_02_2026.xlsx,https://netpi.ru,dns,1,dns-34,2026-04-06T18:53:12+00:00,2026-04-06T18:53:12+00:00,318,no_records,no_records,no_records,0,0,
run_20260406T185251Z,45b8ad99e7efc7244dddbece5306aee564da1e32,PS-02_AIGR-S66270_NCIIPC_24_02_2026.xlsx,https://onlinecsalas.online,dns,1,dns-57,2026-04-06T18:53:11+00:00,2026-04-06T18:53:12+00:00,789,resolved,,,0,0,
run_20260406T185251Z,2c738fde622df5806a793280aae3977d16050a9d,PS-02_AIGR-S66270_NCIIPC_24_02_2026.xlsx,https://cloudsprovider.co,dns,1,dns-104,2026-04-06T18:53:12+00:00,2026-04-06T18:53:12+00:00,336,resolved,,,0,0,
run_20260406T185251Z,c3c40b2e0d0827cc4f1ae8334cf3fe01f53e65a7,PS-02_AIGR-S66270_NCIIPC_24_02_2026.xlsx,https://onlinecrfship.cfd,dns,1,dns-63,2026-04-06T18:53:12+00:00,2026-04-06T18:53:12+00:00,482,resolved,,,0,0,
run_20260406T185251Z,c9f217ec41523f0987f59e0998c048e347a07d22,PS-02_AIGR-S66270_NCIIPC_24_02_2026.xlsx,https://payfintech.com.br,dns,1,dns-71,2026-04-06T18:53:12+00:00,2026-04-06T18:53:12+00:00,346,dns_error,dns_error,dns_error,0,0,
run_20260406T185251Z,8195d9ed29184a8dbd2b696e4d15ddde58cdba00,PS-02_AIGR-S66270_NCIIPC_24_02_2026.xlsx,https://umbilife.xyz,dns,1,dns-24,2026-04-06T18:53:12+00:00,2026-04-06T18:53:12+00:00,490,resolved,,,0,0,
run_20260406T185251Z,6888bf8eb6d30f1e3578c7f5a8f34ba8fff95e76,PS-02_AIGR-S66270_NCIIPC_24_02_2026.xlsx,https://parvareshyar.com,dns,1,dns-92,2026-04-06T18:53:11+00:00,2026-04-06T18:53:12+00:00,977,resolved,,,0,0,
run_20260406T185251Z,9ccb9e2b8104bb1218ddbe73498da4684475f5c6,PS-02_AIGR-S66270_NCIIPC_24_02_2026.xlsx,https://homenfc.com,dns,1,dns-43,2026-04-06T18:53:12+00:00,2026-04-06T18:53:12+00:00,529,resolved,,,0,0,
run_20260406T185251Z,0b13d0152965993061a06a4359c6de63823f2c08,PS-02_AIGR-S66270_NCIIPC_24_02_2026.xlsx,https://nrstack.online,dns,1,dns-7,2026-04-06T18:53:12+00:00,2026-04-06T18:53:12+00:00,384,resolved,,,0,0,
run_20260406T185251Z,522d5b0c074f67baf748cf9fa91de4357e1fd267,PS-02_AIGR-S66270_NCIIPC_24_02_2026.xlsx,https://online-melbet.sbs,dns,1,dns-139,2026-04-06T18:53:12+00:00,2026-04-06T18:53:12+00:00,384,resolved,,,0,0,
run_20260406T185251Z,bc215c50bae7fbfe91e3ec5bcc44b0ab0a45a06f,PS-02_AIGR-S66270_NCIIPC_24_02_2026.xlsx,https://incoexni.com,dns,1,dns-110,2026-04-06T18:53:12+00:00,2026-04-06T18:53:12+00:00,413,resolved,,,0,0,
run_20260406T185251Z,44df1ef07c578b48fc7817a3ca2f30e81a2894d9,PS-02_AIGR-S66270_NCIIPC_24_02_2026.xlsx,https://myvilla.info,dns,1,dns-12,2026-04-06T18:53:12+00:00,2026-04-06T18:53:12+00:00,562,resolved,,,0,0,
run_20260406T185251Z,0a7ec2dee707369fb041b58c221e1663d4590318,PS-02_AIGR-S66270_NCIIPC_24_02_2026.xlsx,https://bimft.com,dns,1,dns-157,2026-04-06T18:53:12+00:00,2026-04-06T18:53:12+00:00,423,resolved,,,0,0,
run_20260406T185251Z,1f8893119576eef7a70153e719367311dd6d7fe1,PS-02_AIGR-S66270_NCIIPC_24_02_2026.xlsx,https://cloudreforms.com,dns,1,dns-117,2026-04-06T18:53:12+00:00,2026-04-06T18:53:12+00:00,577,resolved,,,0,0,
run_20260406T185251Z,853b9664bd7239967b81cbd15e6c742f3de5851c,PS-02_AIGR-S66270_NCIIPC_24_02_2026.xlsx,https://5a5cy2.makeup,dns,1,dns-60,2026-04-06T18:53:12+00:00,2026-04-06T18:53:12+00:00,449,no_records,no_records,no_records,0,0,
run_20260406T185251Z,1c80bc3bf72946fd5a734a392b701c107fa77555,PS-02_AIGR-S66270_NCIIPC_24_02_2026.xlsx,https://mg-cloud.ru,dns,1,dns-68,2026-04-06T18:53:12+00:00,2026-04-06T18:53:12+00:00,566,resolved,,,0,0,
run_20260406T185251Z,9ea0501ba0ca9963f6a197ad4040077ca87ae529,PS-02_AIGR-S66270_NCIIPC_24_02_2026.xlsx,https://i2ol.com,dns,1,dns-61,2026-04-06T18:53:12+00:00,2026-04-06T18:53:12+00:00,428,resolved,,,0,0,
run_20260406T185251Z,7393cddeb5bfb71babc82c5c528c9eac89cc5ec1,PS-02_AIGR-S66270_NCIIPC_24_02_2026.xlsx,https://rubiq.space,dns,1,dns-156,2026-04-06T18:53:12+00:00,2026-04-06T18:53:12+00:00,438,resolved,,,0,0,
run_20260406T185251Z,a576da7f86cfd47a32a23f8a9931c58879dd0f00,PS-02_AIGR-S66270_NCIIPC_24_02_2026.xlsx,https://axispointestates.com,dns,1,dns-99,2026-04-06T18:53:12+00:00,2026-04-06T18:53:12+00:00,500,resolved,,,0,0,
run_20260406T185251Z,c2473627f5cfa8755c9f5da1d5a196e2a524134a,PS-02_AIGR-S66270_NCIIPC_24_02_2026.xlsx,http://cloudspendagency.info,dns,1,dns-158,2026-04-06T18:53:12+00:00,2026-04-06T18:53:12+00:00,479,resolved,,,0,0,
run_20260406T185251Z,02f64db28a4573d90f6563d440b60d728a3eaf6f,PS-02_AIGR-S66270_NCIIPC_24_02_2026.xlsx,https://sabrc5.makeup,dns,1,dns-69,2026-04-06T18:53:12+00:00,2026-04-06T18:53:12+00:00,485,no_records,no_records,no_records,0,0,
run_20260406T185251Z,fb800cde895dbdd20161542c116a84f7b407ce42,PS-02_AIGR-S66270_NCIIPC_24_02_2026.xlsx,https://cloudtissimo.com,dns,1,dns-109,2026-04-06T18:53:11+00:00,2026-04-06T18:53:12+00:00,1116,resolved,,,0,0,
run_20260406T185251Z,255f572d0b4433d83d81859bef613825892a42e0,PS-02_AIGR-S66270_NCIIPC_24_02_2026.xlsx,https://ains.makeup,dns,1,dns-125,2026-04-06T18:53:12+00:00,2026-04-06T18:53:12+00:00,650,resolved,,,0,0,
run_20260406T185251Z,3ca86c2625e4cf28dfdfd08354645304c6a75e1f,PS-02_AIGR-S66270_NCIIPC_24_02_2026.xlsx,https://axiomreset.com,dns,1,dns-81,2026-04-06T18:53:12+00:00,2026-04-06T18:53:12+00:00,523,resolved,,,0,0,
run_20260406T185251Z,ddedd6662c68ebd6abb6674ecb26697b7a198604,PS-02_AIGR-S66270_NCIIPC_24_02_2026.xlsx,https://onlinestreamtv.com,dns,1,dns-142,2026-04-06T18:53:12+00:00,2026-04-06T18:53:12+00:00,524,resolved,,,0,0,
run_20260406T185251Z,9bc93722583f927166a51011cc0d63b12687b098,PS-02_AIGR-S66270_NCIIPC_24_02_2026.xlsx,https://homeagentlabs.com,dns,1,dns-76,2026-04-06T18:53:12+00:00,2026-04-06T18:53:12+00:00,502,no_records,no_records,no_records,0,0,
run_20260406T185251Z,ca00a7050f3cd2bbe0555aeb076f8c4e7ba2eef7,PS-02_AIGR-S66270_NCIIPC_24_02_2026.xlsx,https://cloudf39.cfd,dns,1,dns-145,2026-04-06T18:53:12+00:00,2026-04-06T18:53:12+00:00,504,no_records,no_records,no_records,0,0,
run_20260406T185251Z,d4fc114324b7e1287287f640473586b8fd089b3d,PS-02_AIGR-S66270_NCIIPC_24_02_2026.xlsx,https://nehhar.com,dns,1,dns-38,2026-04-06T18:53:12+00:00,2026-04-06T18:53:13+00:00,528,resolved,,,0,0,
run_20260406T185251Z,af800cf2b2f2a55a164dd36f7d4b7b2e6c49b35a,PS-02_AIGR-S66270_NCIIPC_24_02_2026.xlsx,https://cloudhubeducation.com,dns,1,dns-56,2026-04-06T18:53:12+00:00,2026-04-06T18:53:13+00:00,683,resolved,,,0,0,
run_20260406T185251Z,ce8d6b4f281e46b0ca6eccd864926c0c79e0ad03,PS-02_AIGR-S66270_NCIIPC_24_02_2026.xlsx,https://efcoin.live,dns,1,dns-79,2026-04-06T18:53:12+00:00,2026-04-06T18:53:13+00:00,527,resolved,,,0,0,
run_20260406T185251Z,a86b972817a00fb42609c29a972f049d9b6a017c,PS-02_AIGR-S66270_NCIIPC_24_02_2026.xlsx,https://homegrown.live,dns,1,dns-163,2026-04-06T18:53:12+00:00,2026-04-06T18:53:13+00:00,702,resolved,,,0,0,
run_20260406T185251Z,cd1268883099c433f69928f57f1ed9fa64ca0b9e,PS-02_AIGR-S66270_NCIIPC_24_02_2026.xlsx,https://indwin1.com,dns,1,dns-103,2026-04-06T18:53:12+00:00,2026-04-06T18:53:13+00:00,537,resolved,,,0,0,
run_20260406T185251Z,879ff480890068a42471f5f0dc2710d2fb1d2c2a,PS-02_AIGR-S66270_NCIIPC_24_02_2026.xlsx,https://artuvel.com,dns,1,dns-82,2026-04-06T18:53:12+00:00,2026-04-06T18:53:13+00:00,541,resolved,,,0,0,
run_20260406T185251Z,8166567129d1cf4a386c028029b7947f686246a4,PS-02_AIGR-S66270_NCIIPC_24_02_2026.xlsx,https://ecimai.com,dns,1,dns-70,2026-04-06T18:53:12+00:00,2026-04-06T18:53:13+00:00,546,resolved,,,0,0,
run_20260406T185251Z,3c2f60b06d0dd008ba6b5583f81e9259233098a9,PS-02_AIGR-S66270_NCIIPC_24_02_2026.xlsx,https://bksindia.com,dns,1,dns-93,2026-04-06T18:53:12+00:00,2026-04-06T18:53:13+00:00,547,resolved,,,0,0,
run_20260406T185251Z,11fa02e395688b6cae95339042242df5137bfaf3,PS-02_AIGR-S66270_NCIIPC_24_02_2026.xlsx,https://cloudflareinsigh.com,dns,1,dns-133,2026-04-06T18:53:12+00:00,2026-04-06T18:53:13+00:00,545,resolved,,,0,0,
run_20260406T185251Z,590fbb01de79b44389f548fab43165b4f96abc90,PS-02_AIGR-S66270_NCIIPC_24_02_2026.xlsx,https://myvinera.com,dns,1,dns-54,2026-04-06T18:53:12+00:00,2026-04-06T18:53:13+00:00,550,resolved,,,0,0,
run_20260406T185251Z,802309500e934c745d470c15e1ae328545dd5ccf,PS-02_AIGR-S66270_NCIIPC_24_02_2026.xlsx,https://mkfintechlabs.com,dns,1,dns-83,2026-04-06T18:53:12+00:00,2026-04-06T18:53:13+00:00,555,resolved,,,0,0,
run_20260406T185251Z,44eee49a24cee15cd98f71a15e5b49407770ea82,PS-02_AIGR-S66270_NCIIPC_24_02_2026.xlsx,https://homedesklab.com,dns,1,dns-174,2026-04-06T18:53:12+00:00,2026-04-06T18:53:13+00:00,551,resolved,,,0,0,
run_20260406T185251Z,2e821e69332b21d0fdcac52d4a5062e91061881a,PS-02_AIGR-S66270_NCIIPC_24_02_2026.xlsx,https://homeoasisjax.com,dns,1,dns-111,2026-04-06T18:53:12+00:00,2026-04-06T18:53:13+00:00,557,resolved,,,0,0,
run_20260406T185251Z,ef6db6abf3ac49862f6af7bdd343ea3903bd8836,PS-02_AIGR-S66270_NCIIPC_24_02_2026.xlsx,https://kuhni.net.ru,dns,1,dns-90,2026-04-06T18:53:12+00:00,2026-04-06T18:53:13+00:00,569,resolved,,,0,0,
run_20260406T185251Z,8a48a8ef4824aba833330405e2ca8f3870113fb8,PS-02_AIGR-S66270_NCIIPC_24_02_2026.xlsx,https://umbilife.com,dns,1,dns-47,2026-04-06T18:53:12+00:00,2026-04-06T18:53:13+00:00,568,resolved,,,0,0,
run_20260406T185251Z,e78e92392ad3cac8fd02fbe780d0a89625b1186f,PS-02_AIGR-S66270_NCIIPC_24_02_2026.xlsx,http://canalsc.com,dns,1,dns-184,2026-04-06T18:53:12+00:00,2026-04-06T18:53:13+00:00,596,resolved,,,0,0,
run_20260406T185251Z,abb39bf859b1a2d3a25631905d95c17bda7ca989,PS-02_AIGR-S66270_NCIIPC_24_02_2026.xlsx,http://bank.construction,dns,1,dns-123,2026-04-06T18:53:12+00:00,2026-04-06T18:53:13+00:00,599,resolved,,,0,0,
run_20260406T185251Z,9b41f05d6062e0998f7908fb66cef8c9b9ea6dd9,PS-02_AIGR-S66270_NCIIPC_24_02_2026.xlsx,https://mycashonline.com,dns,1,dns-87,2026-04-06T18:53:12+00:00,2026-04-06T18:53:13+00:00,617,resolved,,,0,0,
run_20260406T185251Z,c425f8d1fa58b0e73e0977eba0572b49c563a3bc,PS-02_AIGR-S66270_NCIIPC_24_02_2026.xlsx,https://homelensais.com,dns,1,dns-39,2026-04-06T18:53:12+00:00,2026-04-06T18:53:13+00:00,683,resolved,,,0,0,
run_20260406T185251Z,689093e50461bcc79c14178f11434c953edb0793,PS-02_AIGR-S66270_NCIIPC_24_02_2026.xlsx,https://axisbuildersinc.com,dns,1,dns-112,2026-04-06T18:53:12+00:00,2026-04-06T18:53:13+00:00,707,resolved,,,0,0,
run_20260406T185251Z,ea7704f9aaf499655745414fea27ac135d9e1fd2,PS-02_AIGR-S66270_NCIIPC_24_02_2026.xlsx,https://aibd.makeup,dns,1,dns-64,2026-04-06T18:53:12+00:00,2026-04-06T18:53:13+00:00,644,resolved,,,0,0,
run_20260406T185251Z,51a83be096863d864b4f0d88ede4169a0c2ee00f,PS-02_AIGR-S66270_NCIIPC_24_02_2026.xlsx,https://aims.makeup,dns,1,dns-127,2026-04-06T18:53:12+00:00,2026-04-06T18:53:13+00:00,680,resolved,,,0,0,
run_20260406T185251Z,0196f72365ff6d18f4f3e4472fb4d43ad9322d61,PS-02_AIGR-S66270_NCIIPC_24_02_2026.xlsx,http://hlfbank.com,dns,1,dns-175,2026-04-06T18:53:12+00:00,2026-04-06T18:53:13+00:00,697,resolved,,,0,0,
run_20260406T185251Z,17da31b4d5ab08ccfcf59bc00750e9c9c805829e,PS-02_AIGR-S66270_NCIIPC_24_02_2026.xlsx,https://ai-jim.com,dns,1,dns-37,2026-04-06T18:53:12+00:00,2026-04-06T18:53:13+00:00,716,resolved,,,0,0,
run_20260406T185251Z,6df1d9f02b780292a3d9c8cbd360b60dc41019ee,PS-02_AIGR-S66270_NCIIPC_24_02_2026.xlsx,http://cloudservicern.com,dns,1,dns-48,2026-04-06T18:53:12+00:00,2026-04-06T18:53:13+00:00,714,resolved,,,0,0,
run_20260406T185251Z,24900302643f1c7f2f6eafff63f394688908b5cc,PS-02_AIGR-S66270_NCIIPC_24_02_2026.xlsx,https://snacl.com,dns,1,dns-140,2026-04-06T18:53:12+00:00,2026-04-06T18:53:13+00:00,775,no_records,no_records,no_records,0,0,
run_20260406T185251Z,b8433dd20fffcd117ad9a12579f6dac6575fdab7,PS-02_AIGR-S66270_NCIIPC_24_02_2026.xlsx,https://holyindia.net,dns,1,dns-72,2026-04-06T18:53:10+00:00,2026-04-06T18:53:13+00:00,3032,resolved,,,0,0,
run_20260406T185251Z,a06cc8bda7f7e4fb6cd97d7a297e28ad27e5397a,PS-02_AIGR-S66270_NCIIPC_24_02_2026.xlsx,https://puunbx.asia,dns,1,dns-150,2026-04-06T18:53:10+00:00,2026-04-06T18:53:13+00:00,3033,resolved,,,0,0,
run_20260406T185251Z,67b5008341a7d934098b5f644bacdf1ddfc34e66,PS-02_AIGR-S66270_NCIIPC_24_02_2026.xlsx,https://cloudnovabo.com,dns,1,dns-80,2026-04-06T18:53:10+00:00,2026-04-06T18:53:13+00:00,3032,resolved,,,0,0,
run_20260406T185251Z,4334bffaccedaeabb5ea9b1627cec12e407d010b,PS-02_AIGR-S66270_NCIIPC_24_02_2026.xlsx,https://pardisanwash.com,dns,1,dns-45,2026-04-06T18:53:10+00:00,2026-04-06T18:53:13+00:00,3032,timeout,timeout,timeout,0,1,
run_20260406T185251Z,2b980df6e4b9cfd0bcaddaf32405b9ea914b86b0,PS-02_AIGR-S66270_NCIIPC_24_02_2026.xlsx,https://cloud-tn.com,dns,1,dns-66,2026-04-06T18:53:10+00:00,2026-04-06T18:53:13+00:00,3027,resolved,,,0,0,
run_20260406T185251Z,9954a80b07c10f4645466577b10f0fcf9be2f384,PS-02_AIGR-S66270_NCIIPC_24_02_2026.xlsx,https://idol.shopping,dns,1,dns-41,2026-04-06T18:53:10+00:00,2026-04-06T18:53:13+00:00,3028,timeout,timeout,timeout,0,1,
run_20260406T185251Z,e6c2b4698411481550017d6450b0bbd326055f45,PS-02_AIGR-S66270_NCIIPC_24_02_2026.xlsx,https://cloudflare-challenge.com,dns,1,dns-149,2026-04-06T18:53:12+00:00,2026-04-06T18:53:13+00:00,892,resolver_error,resolver_error,resolver_error,0,0,
run_20260406T185251Z,01183f51b71a4baae8e7bdead7ab4f51a3d2c590,PS-02_AIGR-S66270_NCIIPC_24_02_2026.xlsx,https://ceycloud.com,dns,1,dns-160,2026-04-06T18:53:12+00:00,2026-04-06T18:53:13+00:00,926,resolved,,,0,0,
run_20260406T185251Z,42c0b7427b5b4bcd99282e72f18c37d72e9ca387,PS-02_AIGR-S66270_NCIIPC_24_02_2026.xlsx,https://cloudnew.ru,dns,1,dns-124,2026-04-06T18:53:12+00:00,2026-04-06T18:53:13+00:00,1080,resolved,,,0,0,
run_20260406T185251Z,076bc2b60fd17a8fed1fda882d1b2efb17d3aff0,PS-02_AIGR-S66270_NCIIPC_24_02_2026.xlsx,https://cloudfy-workflow.com,dns,1,dns-96,2026-04-06T18:53:12+00:00,2026-04-06T18:53:13+00:00,1095,resolver_error,resolver_error,resolver_error,0,0,
run_20260406T185251Z,ea60ba17a2ceef71a87023e2f3713d51c414d1e8,PS-02_AIGR-S66270_NCIIPC_24_02_2026.xlsx,http://iskrova.by,dns,1,dns-129,2026-04-06T18:53:12+00:00,2026-04-06T18:53:13+00:00,1093,resolved,,,0,0,
run_20260406T185251Z,db09de4363893898d5571f857e044fadd5eb5560,PS-02_AIGR-S66270_NCIIPC_24_02_2026.xlsx,https://homeschoolandu.com,dns,1,dns-97,2026-04-06T18:53:10+00:00,2026-04-06T18:53:13+00:00,3010,timeout,timeout,timeout,0,1,
run_20260406T185251Z,5b5cafb8c8917816797dcbee8f757c5a852f1045,PS-02_AIGR-S66270_NCIIPC_24_02_2026.xlsx,https://cloudpricingtool.com,dns,1,dns-164,2026-04-06T18:53:10+00:00,2026-04-06T18:53:13+00:00,3115,timeout,timeout,timeout,0,1,
run_20260406T185251Z,5f8f32f8cf9b58139a9a1d72608f75b44596bf09,PS-02_AIGR-S66270_NCIIPC_24_02_2026.xlsx,https://kuidavida.com,dns,1,dns-144,2026-04-06T18:53:11+00:00,2026-04-06T18:53:13+00:00,2048,no_records,no_records,no_records,0,0,
run_20260406T185251Z,ccd99dcb438cd66b67f0e3bf4029a015f7b58a8a,PS-02_AIGR-S66270_NCIIPC_24_02_2026.xlsx,https://onlinelove.net,dns,1,dns-36,2026-04-06T18:53:12+00:00,2026-04-06T18:53:15+00:00,2838,resolved,,,0,0,
run_20260406T185251Z,aaf0a1484ac20b0b5450238ce7662d9850a8fd82,PS-02_AIGR-S66270_NCIIPC_24_02_2026.xlsx,https://parianlabel.com,dns,1,dns-120,2026-04-06T18:53:12+00:00,2026-04-06T18:53:15+00:00,3072,timeout,timeout,timeout,0,1,
run_20260406T185251Z,4556cc50b1bd33f26ad5bf88606412ae2f52928b,PS-02_AIGR-S66270_NCIIPC_24_02_2026.xlsx,https://cloudphotos.online,stage1,1,stage1-7,2026-04-06T18:53:18+00:00,2026-04-06T18:53:18+00:00,278,fetched,,,0,0,
run_20260406T185251Z,9cb7a05d511487888e1cf7ee314b2b8d6dad7b3a,PS-02_AIGR-S66270_NCIIPC_24_02_2026.xlsx,https://incomeclaw.com,stage1,1,stage1-21,2026-04-06T18:53:18+00:00,2026-04-06T18:53:19+00:00,767,fetched,,,0,0,
run_20260406T185251Z,2279090e17a71830030dbd6bd5c6c4a52f8a8a29,PS-02_AIGR-S66270_NCIIPC_24_02_2026.xlsx,https://indianaduiprogram.com,stage1,1,stage1-24,2026-04-06T18:53:18+00:00,2026-04-06T18:53:19+00:00,767,fetched,,,0,0,
run_20260406T185251Z,55b52c5d0f91f98ffd0398afe6297ed5e4292a46,PS-02_AIGR-S66270_NCIIPC_24_02_2026.xlsx,https://cloudbridge.systems,stage1,1,stage1-14,2026-04-06T18:53:18+00:00,2026-04-06T18:53:19+00:00,816,fetched,,,0,0,
run_20260406T185251Z,3f65770fc049e30646186dbea769c9d68e2d732d,PS-02_AIGR-S66270_NCIIPC_24_02_2026.xlsx,https://autharis.xyz,stage1,1,stage1-35,2026-04-06T18:53:18+00:00,2026-04-06T18:53:19+00:00,816,fetched,,,0,0,
run_20260406T185251Z,91840efc785e1d676b5e250d1c77dcc334472f18,PS-02_AIGR-S66270_NCIIPC_24_02_2026.xlsx,http://cloudmusic.pl,stage1,1,stage1-31,2026-04-06T18:53:18+00:00,2026-04-06T18:53:19+00:00,1180,fetched,,,0,0,
run_20260406T185251Z,a3eeccda6ff57d71fdd89e1dc2304d14a57fd5bb,PS-02_AIGR-S66270_NCIIPC_24_02_2026.xlsx,https://cloudninemacarons.com,stage1,1,stage1-94,2026-04-06T18:53:18+00:00,2026-04-06T18:53:20+00:00,1510,fetched,,,0,0,
run_20260406T185251Z,7ea904bdd9e67a0e1c2a10c06bbe327334341a5b,PS-02_AIGR-S66270_NCIIPC_24_02_2026.xlsx,https://cloudvpna.ink,stage1,1,stage1-12,2026-04-06T18:53:18+00:00,2026-04-06T18:53:20+00:00,1641,fetched,,,0,0,
run_20260406T185251Z,02321f69a8944052062fb0755efeb9e1aa4f1309,PS-02_AIGR-S66270_NCIIPC_24_02_2026.xlsx,https://cloudagentbuilder.com,stage1,1,stage1-91,2026-04-06T18:53:18+00:00,2026-04-06T18:53:20+00:00,1891,fetched,,,0,0,
run_20260406T185251Z,cb07774247c20a1ae23ee66414ca59a700dd58dc,PS-02_AIGR-S66270_NCIIPC_24_02_2026.xlsx,https://isos.shop,stage1,1,stage1-2,2026-04-06T18:53:18+00:00,2026-04-06T18:53:20+00:00,2052,fetched,,,0,0,
run_20260406T185251Z,c349d132068409f5eba42267aa09576ff4a1daa2,PS-02_AIGR-S66270_NCIIPC_24_02_2026.xlsx,https://isharora.space,stage1,1,stage1-3,2026-04-06T18:53:18+00:00,2026-04-06T18:53:20+00:00,2057,fetched,,,0,0,
run_20260406T185251Z,5b739cdbe5c97abde02c9b63c706278cb9f97217,PS-02_AIGR-S66270_NCIIPC_24_02_2026.xlsx,https://cloudsnap.events,stage1,1,stage1-67,2026-04-06T18:53:18+00:00,2026-04-06T18:53:20+00:00,2156,fetched,,,0,0,
run_20260406T185251Z,4709c5c894bb2f6360aa3171c7d9e9a62c6a702f,PS-02_AIGR-S66270_NCIIPC_24_02_2026.xlsx,https://cloudinform.store,stage1,1,stage1-76,2026-04-06T18:53:18+00:00,2026-04-06T18:53:20+00:00,2249,fetched,,,0,0,
run_20260406T185251Z,c4f46f6f3afbe76126394464618743988f5f194d,PS-02_AIGR-S66270_NCIIPC_24_02_2026.xlsx,https://cloudwaf.tr,stage1,1,stage1-42,2026-04-06T18:53:18+00:00,2026-04-06T18:53:20+00:00,2329,fetched,,,0,0,
run_20260406T185251Z,fa544b5dbfa788c08c91fbb75896ccab49c5aa38,PS-02_AIGR-S66270_NCIIPC_24_02_2026.xlsx,https://shack.deals,stage1,1,stage1-20,2026-04-06T18:53:18+00:00,2026-04-06T18:53:20+00:00,2330,fetched,,,0,0,
run_20260406T185251Z,cf7a07129821a8c7cc12cc94e75ccaec898aaf2d,PS-02_AIGR-S66270_NCIIPC_24_02_2026.xlsx,https://sanch.life,stage1,1,stage1-54,2026-04-06T18:53:18+00:00,2026-04-06T18:53:20+00:00,2330,fetched,,,0,0,
run_20260406T185251Z,9f3d8212e31ae5eeb546dcd514b320e66f4f5252,PS-02_AIGR-S66270_NCIIPC_24_02_2026.xlsx,https://coingoldai.store,stage1,1,stage1-90,2026-04-06T18:53:18+00:00,2026-04-06T18:53:20+00:00,2335,fetched,,,0,0,
run_20260406T185251Z,45be37b598e0ab651b9bde4e61b5c25bd584a3a7,PS-02_AIGR-S66270_NCIIPC_24_02_2026.xlsx,https://indianvoiceguard.com,stage1,1,stage1-33,2026-04-06T18:53:18+00:00,2026-04-06T18:53:21+00:00,2508,fetched,,,0,0,
run_20260406T185251Z,ec13706db9b8b2ba4c68c6497040878af084d6d8,PS-02_AIGR-S66270_NCIIPC_24_02_2026.xlsx,https://snaack.co,stage1,1,stage1-37,2026-04-06T18:53:18+00:00,2026-04-06T18:53:21+00:00,2524,fetched,,,0,0,
run_20260406T185251Z,65d0f08dc35d7e8eb80859ca1af4bde87b6a124b,PS-02_AIGR-S66270_NCIIPC_24_02_2026.xlsx,https://cloudgarage.ru,stage1,1,stage1-19,2026-04-06T18:53:18+00:00,2026-04-06T18:53:21+00:00,2559,fetched,,,0,0,
run_20260406T185251Z,70c9ac0de420795c9879599057d5f7ef1ba81a4d,PS-02_AIGR-S66270_NCIIPC_24_02_2026.xlsx,http://cloudgarage.online,stage1,1,stage1-87,2026-04-06T18:53:18+00:00,2026-04-06T18:53:21+00:00,2665,fetched,,,0,0,
run_20260406T185251Z,67b5008341a7d934098b5f644bacdf1ddfc34e66,PS-02_AIGR-S66270_NCIIPC_24_02_2026.xlsx,https://cloudnovabo.com,stage1,1,stage1-70,2026-04-06T18:53:18+00:00,2026-04-06T18:53:21+00:00,2697,fetched,,,0,0,
run_20260406T185251Z,47a922902191ad2a7dc4e31577100b25f580a547,PS-02_AIGR-S66270_NCIIPC_24_02_2026.xlsx,https://wonxqn.sa.com,stage1,1,stage1-77,2026-04-06T18:53:18+00:00,2026-04-06T18:53:21+00:00,2724,escalated,ConnectError,[Errno 11001] getaddrinfo failed,0,0,route_to_dns_after_stage1_failure
run_20260406T185251Z,b414c475bf20cf622eb568915b0beb878c358d4f,PS-02_AIGR-S66270_NCIIPC_24_02_2026.xlsx,https://ms-cloud.info,stage1,1,stage1-27,2026-04-06T18:53:18+00:00,2026-04-06T18:53:21+00:00,2793,escalated,ConnectError,[SSL: TLSV1_ALERT_INTERNAL_ERROR] tlsv1 alert internal error (_ssl.c:1007),0,0,route_to_dns_after_stage1_failure
run_20260406T185251Z,177fb5b9b66770c85d56c891232be0d6f2d90629,PS-02_AIGR-S66270_NCIIPC_24_02_2026.xlsx,https://indiavoiceguard.com,stage1,1,stage1-26,2026-04-06T18:53:18+00:00,2026-04-06T18:53:21+00:00,2984,fetched,,,0,0,
run_20260406T185251Z,f5070d3e3bd7136b73ed190075a1e71b93bc5844,PS-02_AIGR-S66270_NCIIPC_24_02_2026.xlsx,http://indicorigins.org,stage1,1,stage1-63,2026-04-06T18:53:18+00:00,2026-04-06T18:53:21+00:00,2986,fetched,,,0,0,
run_20260406T185251Z,bd264ce8c9244bc99b47614190305e9372833dac,PS-02_AIGR-S66270_NCIIPC_24_02_2026.xlsx,http://cloudmigrate.store,stage1,1,stage1-15,2026-04-06T18:53:18+00:00,2026-04-06T18:53:21+00:00,3063,fetched,,,0,0,
run_20260406T185251Z,66e7008fecd077a9027d78952d476eb6f061e885,PS-02_AIGR-S66270_NCIIPC_24_02_2026.xlsx,https://cloudpatrol.net,stage1,1,stage1-43,2026-04-06T18:53:18+00:00,2026-04-06T18:53:21+00:00,3092,fetched,,,0,0,
run_20260406T185251Z,dfbeb8739f58f0061699089bfd11ac03668cf555,PS-02_AIGR-S66270_NCIIPC_24_02_2026.xlsx,https://keacloud.tech,stage1,1,stage1-29,2026-04-06T18:53:18+00:00,2026-04-06T18:53:21+00:00,3123,escalated,ConnectError,[SSL: TLSV1_ALERT_INTERNAL_ERROR] tlsv1 alert internal error (_ssl.c:1007),0,0,route_to_dns_after_stage1_failure
run_20260406T185251Z,4e57c8bd3af0898fb75c2be9203cfd562ffe24de,PS-02_AIGR-S66270_NCIIPC_24_02_2026.xlsx,https://trycloud.com.ar,stage1,1,stage1-52,2026-04-06T18:53:18+00:00,2026-04-06T18:53:21+00:00,3261,fetched,,,0,0,
run_20260406T185251Z,81e9e5d8774a8d47f28185798e6eb01cd93ee642,PS-02_AIGR-S66270_NCIIPC_24_02_2026.xlsx,https://pninc.ca,stage1,1,stage1-94,2026-04-06T18:53:20+00:00,2026-04-06T18:53:21+00:00,1750,fetched,,,0,0,
run_20260406T185251Z,92a75a3d178606ca0a43284bdf622cdf5de9db85,PS-02_AIGR-S66270_NCIIPC_24_02_2026.xlsx,https://ispro.app,stage1,1,stage1-91,2026-04-06T18:53:20+00:00,2026-04-06T18:53:21+00:00,1524,fetched,,,0,0,
run_20260406T185251Z,64b9643032c5e4c453cce46e401ec11996044c93,PS-02_AIGR-S66270_NCIIPC_24_02_2026.xlsx,https://godafone.sa.com,stage1,1,stage1-45,2026-04-06T18:53:18+00:00,2026-04-06T18:53:22+00:00,3499,fetched,,,0,0,
run_20260406T185251Z,e9a10acd02b6c4c1b54facfc4a31cece42ff4767,PS-02_AIGR-S66270_NCIIPC_24_02_2026.xlsx,https://guicoun.sa.com,stage1,1,stage1-50,2026-04-06T18:53:18+00:00,2026-04-06T18:53:22+00:00,3604,fetched,,,0,0,
run_20260406T185251Z,95bf477c42e9d17b24d9b820f15356f9a7aa9b24,PS-02_AIGR-S66270_NCIIPC_24_02_2026.xlsx,https://reb.llc,stage1,1,stage1-76,2026-04-06T18:53:20+00:00,2026-04-06T18:53:22+00:00,1354,fetched,,,0,0,
run_20260406T185251Z,931ace021bb228ac4b7fd71b72606614b286eb2e,PS-02_AIGR-S66270_NCIIPC_24_02_2026.xlsx,https://incompat.com,stage1,1,stage1-38,2026-04-06T18:53:18+00:00,2026-04-06T18:53:22+00:00,3722,fetched,,,0,0,
run_20260406T185251Z,240fb3b98aef4104c71770465d23e55ab9e0d3f7,PS-02_AIGR-S66270_NCIIPC_24_02_2026.xlsx,https://cloudoranet.xyz,stage1,1,stage1-55,2026-04-06T18:53:18+00:00,2026-04-06T18:53:22+00:00,3722,fetched,,,0,0,
run_20260406T185251Z,53374bd29fe4d38cd8457cd4560e0836756ee4d4,PS-02_AIGR-S66270_NCIIPC_24_02_2026.xlsx,https://cloudaiplus.pro,stage1,1,stage1-47,2026-04-06T18:53:18+00:00,2026-04-06T18:53:22+00:00,3961,fetched,,,0,0,
run_20260406T185251Z,801229dce216a8e514c335aea213cdfd0afac5b7,PS-02_AIGR-S66270_NCIIPC_24_02_2026.xlsx,https://cloud4k.cc,stage1,1,stage1-54,2026-04-06T18:53:20+00:00,2026-04-06T18:53:22+00:00,1630,fetched,,,0,0,
run_20260406T185251Z,26bce67fcdd102c969bdef508effa84fcbfc77fd,PS-02_AIGR-S66270_NCIIPC_24_02_2026.xlsx,https://incomeoutcome.net,stage1,1,stage1-26,2026-04-06T18:53:21+00:00,2026-04-06T18:53:22+00:00,1146,fetched,,,0,0,
run_20260406T185251Z,83b0ed55d199cca2e074c5af695661539a5cc5a1,PS-02_AIGR-S66270_NCIIPC_24_02_2026.xlsx,https://aictindia.com,stage1,1,stage1-27,2026-04-06T18:53:21+00:00,2026-04-06T18:53:22+00:00,1338,fetched,,,0,0,
run_20260406T185251Z,4c70adc8444aa02af77a415d95e1e6f5b4942240,PS-02_AIGR-S66270_NCIIPC_24_02_2026.xlsx,https://indianapayrollguide.com,stage1,1,stage1-23,2026-04-06T18:53:18+00:00,2026-04-06T18:53:22+00:00,4174,fetched,,,0,0,
run_20260406T185251Z,357c3270940464762014b6c63cee08b69cf4fd52,PS-02_AIGR-S66270_NCIIPC_24_02_2026.xlsx,https://isoe.co.in,stage1,1,stage1-56,2026-04-06T18:53:18+00:00,2026-04-06T18:53:22+00:00,4173,fetched,,,0,0,
run_20260406T185251Z,b8433dd20fffcd117ad9a12579f6dac6575fdab7,PS-02_AIGR-S66270_NCIIPC_24_02_2026.xlsx,https://holyindia.net,stage1,1,stage1-68,2026-04-06T18:53:18+00:00,2026-04-06T18:53:22+00:00,4290,fetched,,,0,0,
run_20260406T185251Z,c594767f4bcdfbd9263933d67435c75c0f502a73,PS-02_AIGR-S66270_NCIIPC_24_02_2026.xlsx,https://cloudandfireapparel.com,stage1,1,stage1-77,2026-04-06T18:53:21+00:00,2026-04-06T18:53:22+00:00,1565,fetched,,,0,0,
run_20260406T185251Z,51e5a9b1184aff84f8e5bf2c6e28ccaee0fd16a8,PS-02_AIGR-S66270_NCIIPC_24_02_2026.xlsx,http://clouddigitys.com,stage1,1,stage1-29,2026-04-06T18:53:21+00:00,2026-04-06T18:53:22+00:00,1192,fetched,,,0,0,
run_20260406T185251Z,4546d4988efd6ba753d81e7680ba3889510f323a,PS-02_AIGR-S66270_NCIIPC_24_02_2026.xlsx,https://remint.app,stage1,1,stage1-64,2026-04-06T18:53:18+00:00,2026-04-06T18:53:23+00:00,4476,fetched,,,0,0,
run_20260406T185251Z,a1adc1c6d168cc6e03bd5d175b7448d3a16c358a,PS-02_AIGR-S66270_NCIIPC_24_02_2026.xlsx,https://coalitionassist.com,stage1,1,stage1-60,2026-04-06T18:53:18+00:00,2026-04-06T18:53:23+00:00,4560,fetched,,,0,0,
run_20260406T185251Z,b9063d3f5d1d0b346fa659641fb87f06426ff4cd,PS-02_AIGR-S66270_NCIIPC_24_02_2026.xlsx,https://cloud-vision.com.ar,stage1,1,stage1-67,2026-04-06T18:53:20+00:00,2026-04-06T18:53:23+00:00,2472,fetched,,,0,0,
run_20260406T185251Z,ed80cd4fcb884ad917be6c0ad83b19c632b95a34,PS-02_AIGR-S66270_NCIIPC_24_02_2026.xlsx,https://cloudedthoughts.blog,stage1,1,stage1-51,2026-04-06T18:53:18+00:00,2026-04-06T18:53:23+00:00,4665,fetched,,,0,0,
run_20260406T185251Z,1dda060c57eb1e5610a881b5ee45cb98505419c3,PS-02_AIGR-S66270_NCIIPC_24_02_2026.xlsx,https://cloudfrei.tech,stage1,1,stage1-19,2026-04-06T18:53:21+00:00,2026-04-06T18:53:23+00:00,2145,fetched,,,0,0,
run_20260406T185251Z,2209e32fe5a6bd6b6caa93ecb900365d33112029,PS-02_AIGR-S66270_NCIIPC_24_02_2026.xlsx,https://saac.one,stage1,1,stage1-8,2026-04-06T18:53:18+00:00,2026-04-06T18:53:23+00:00,4753,fetched,,,0,0,
run_20260406T185251Z,1145bbbd7a092174f213de3ed94ffb6290a66022,PS-02_AIGR-S66270_NCIIPC_24_02_2026.xlsx,https://irao.in,stage1,1,stage1-83,2026-04-06T18:53:18+00:00,2026-04-06T18:53:23+00:00,4823,fetched,,,0,0,
run_20260406T185251Z,945f16cf61ed3e1e1467a7dd6a08649805b24878,PS-02_AIGR-S66270_NCIIPC_24_02_2026.xlsx,https://cloud-x.pro,stage1,1,stage1-81,2026-04-06T18:53:18+00:00,2026-04-06T18:53:23+00:00,4877,fetched,,,0,0,
run_20260406T185251Z,a94817150e6eafe63e9808b3f54d2af895d23ea0,PS-02_AIGR-S66270_NCIIPC_24_02_2026.xlsx,http://nrs.guru,stage1,1,stage1-18,2026-04-06T18:53:18+00:00,2026-04-06T18:53:23+00:00,5024,fetched,,,0,0,
run_20260406T185251Z,e221358a259055566ebaf4fca3182b255846c01f,PS-02_AIGR-S66270_NCIIPC_24_02_2026.xlsx,https://closeup.cloud,stage1,1,stage1-93,2026-04-06T18:53:18+00:00,2026-04-06T18:53:23+00:00,5090,fetched,,,0,0,
run_20260406T185251Z,64419ce606541e3d4e6fbadf48a3b0a43cb1d874,PS-02_AIGR-S66270_NCIIPC_24_02_2026.xlsx,https://sacmap.art,stage1,1,stage1-0,2026-04-06T18:53:18+00:00,2026-04-06T18:53:23+00:00,5169,fetched,,,0,0,
run_20260406T185251Z,e09082dbc2eeb2dff39f38ea119eef41bc7ba169,PS-02_AIGR-S66270_NCIIPC_24_02_2026.xlsx,https://cloudfiare.bond,stage1,1,stage1-82,2026-04-06T18:53:18+00:00,2026-04-06T18:53:23+00:00,5247,fetched,,,0,0,
run_20260406T185251Z,183c8bfcfee73c913633d607d970f7336a7946ba,PS-02_AIGR-S66270_NCIIPC_24_02_2026.xlsx,https://aipidia.com,stage1,1,stage1-60,2026-04-06T18:53:23+00:00,2026-04-06T18:53:23+00:00,736,fetched,,,0,0,
run_20260406T185251Z,0f1aacba0692e5b3cc3105e23017fcbac114a45e,PS-02_AIGR-S66270_NCIIPC_24_02_2026.xlsx,https://colinha.ai,stage1,1,stage1-25,2026-04-06T18:53:18+00:00,2026-04-06T18:53:23+00:00,5335,fetched,,,0,0,
run_20260406T185251Z,b6ac133f329441003af42b6da478c6c9c3dc1aa5,PS-02_AIGR-S66270_NCIIPC_24_02_2026.xlsx,https://clousten.com,stage1,1,stage1-16,2026-04-06T18:53:18+00:00,2026-04-06T18:53:24+00:00,5468,fetched,,,0,0,
run_20260406T185251Z,2e0a1f8e5f3d344963a3ddea0609caaf64afc236,PS-02_AIGR-S66270_NCIIPC_24_02_2026.xlsx,https://icrstec.com,stage1,1,stage1-67,2026-04-06T18:53:23+00:00,2026-04-06T18:53:24+00:00,894,fetched,,,0,0,
run_20260406T185251Z,146be1989a318db41a6e5b29230466c4781a292e,PS-02_AIGR-S66270_NCIIPC_24_02_2026.xlsx,https://cloudberrywhip.com,stage1,1,stage1-2,2026-04-06T18:53:20+00:00,2026-04-06T18:53:24+00:00,3500,fetched,,,0,0,
run_20260406T185251Z,680fda2f1205d3e04ae8facb827aa415c570a0fd,PS-02_AIGR-S66270_NCIIPC_24_02_2026.xlsx,https://cloudservicern.info,stage1,1,stage1-76,2026-04-06T18:53:22+00:00,2026-04-06T18:53:24+00:00,1948,escalated,ConnectError,[SSL: TLSV1_ALERT_INTERNAL_ERROR] tlsv1 alert internal error (_ssl.c:1007),0,0,route_to_dns_after_stage1_failure
run_20260406T185251Z,83291ccf7815247b4f90852c703e0d4ab65a93ca,PS-02_AIGR-S66270_NCIIPC_24_02_2026.xlsx,https://djs.sa.com,stage1,1,stage1-41,2026-04-06T18:53:18+00:00,2026-04-06T18:53:24+00:00,5579,fetched,,,0,0,
run_20260406T185251Z,2b980df6e4b9cfd0bcaddaf32405b9ea914b86b0,PS-02_AIGR-S66270_NCIIPC_24_02_2026.xlsx,https://cloud-tn.com,stage1,1,stage1-73,2026-04-06T18:53:18+00:00,2026-04-06T18:53:24+00:00,5741,fetched,,,0,0,
run_20260406T185251Z,05d710defa7df5d0fe812e592a8c23b1e916aec0,PS-02_AIGR-S66270_NCIIPC_24_02_2026.xlsx,https://keacloud.org,stage1,1,stage1-91,2026-04-06T18:53:21+00:00,2026-04-06T18:53:24+00:00,2328,escalated,ConnectError,[SSL: TLSV1_ALERT_INTERNAL_ERROR] tlsv1 alert internal error (_ssl.c:1007),0,0,route_to_dns_after_stage1_failure
run_20260406T185251Z,74478d2ce37f245ea5aa95517878772ba9672afc,PS-02_AIGR-S66270_NCIIPC_24_02_2026.xlsx,https://samct.ren,stage1,1,stage1-53,2026-04-06T18:53:18+00:00,2026-04-06T18:53:24+00:00,5824,fetched,,,0,0,
run_20260406T185251Z,c04b22d8a9b3e603235c517b6386e6533e3990f3,PS-02_AIGR-S66270_NCIIPC_24_02_2026.xlsx,https://ibuf.sa.com,stage1,1,stage1-78,2026-04-06T18:53:18+00:00,2026-04-06T18:53:24+00:00,5860,fetched,,,0,0,
run_20260406T185251Z,afc34b28dc8cb02ebd2691684fa28ab45f5ac276,PS-02_AIGR-S66270_NCIIPC_24_02_2026.xlsx,https://mg-cloud.online,stage1,1,stage1-7,2026-04-06T18:53:18+00:00,2026-04-06T18:53:24+00:00,5665,fetched,,,0,0,
run_20260406T185251Z,d7b5ae3f5e114d3cb11f9839cfe8a8b0cc0dea96,PS-02_AIGR-S66270_NCIIPC_24_02_2026.xlsx,https://stacza.com,stage1,1,stage1-93,2026-04-06T18:53:23+00:00,2026-04-06T18:53:24+00:00,851,fetched,,,0,0,
run_20260406T185251Z,4a7af668cc69940f0e7815a5ef4f8e1287649126,PS-02_AIGR-S66270_NCIIPC_24_02_2026.xlsx,https://cglud.cn,stage1,1,stage1-49,2026-04-06T18:53:18+00:00,2026-04-06T18:53:24+00:00,6030,fetched,,,0,0,
run_20260406T185251Z,69ccd9f5a41931ae0d63bd31be0b53eedf8e196d,PS-02_AIGR-S66270_NCIIPC_24_02_2026.xlsx,https://clouedoc.dev,stage1,1,stage1-61,2026-04-06T18:53:18+00:00,2026-04-06T18:53:24+00:00,6137,fetched,,,0,0,
run_20260406T185251Z,50a3d33a51694770d8dc686f389e3796bd235d5c,PS-02_AIGR-S66270_NCIIPC_24_02_2026.xlsx,https://clouddefi.net,stage1,1,stage1-14,2026-04-06T18:53:19+00:00,2026-04-06T18:53:24+00:00,5357,fetched,,,0,0,
run_20260406T185251Z,5e9fb9beaaf71d8149a94b00cf25da75d5d6c214,PS-02_AIGR-S66270_NCIIPC_24_02_2026.xlsx,https://mbacloude.engineer,stage1,1,stage1-24,2026-04-06T18:53:19+00:00,2026-04-06T18:53:24+00:00,5428,fetched,,,0,0,
run_20260406T185251Z,cba52e621476c6f2e3d04c489a1a8f23e9f3fcf0,PS-02_AIGR-S66270_NCIIPC_24_02_2026.xlsx,https://resobi.com,stage1,1,stage1-58,2026-04-06T18:53:18+00:00,2026-04-06T18:53:24+00:00,6269,fetched,,,0,0,
run_20260406T185251Z,674b5db5f85f18251f63ac319abdaefd90a392c8,PS-02_AIGR-S66270_NCIIPC_24_02_2026.xlsx,https://innoteam.ai,stage1,1,stage1-76,2026-04-06T18:53:24+00:00,2026-04-06T18:53:24+00:00,727,fetched,,,0,0,
run_20260406T185251Z,0ff128221ec90de593f54055c926a7e227b52d5c,PS-02_AIGR-S66270_NCIIPC_24_02_2026.xlsx,https://nrsu.pro,stage1,1,stage1-10,2026-04-06T18:53:18+00:00,2026-04-06T18:53:24+00:00,6309,escalated,ConnectError,All connection attempts failed,0,0,route_to_dns_after_stage1_failure
run_20260406T185251Z,7198cd008a4da9fea3fc8eab5a450a5fadd4500b,PS-02_AIGR-S66270_NCIIPC_24_02_2026.xlsx,https://cloudtolink.com,stage1,1,stage1-6,2026-04-06T18:53:18+00:00,2026-04-06T18:53:24+00:00,6418,fetched,,,0,0,
run_20260406T185251Z,b902551df7930d69bb10f2c75525030c4eed5b34,PS-02_AIGR-S66270_NCIIPC_24_02_2026.xlsx,https://cloudainexus.com,stage1,1,stage1-32,2026-04-06T18:53:18+00:00,2026-04-06T18:53:25+00:00,6444,fetched,,,0,0,
run_20260406T185251Z,29e2904b59037fd8937dadb5d67bd2c7a8843ea6,PS-02_AIGR-S66270_NCIIPC_24_02_2026.xlsx,https://cloudflarezageno.shop,stage1,1,stage1-35,2026-04-06T18:53:19+00:00,2026-04-06T18:53:25+00:00,5640,fetched,,,0,0,
run_20260406T185251Z,b1e69996a9c0e0280dce6212ed45ea235c842935,PS-02_AIGR-S66270_NCIIPC_24_02_2026.xlsx,https://half-dream.sa.com,stage1,1,stage1-59,2026-04-06T18:53:18+00:00,2026-04-06T18:53:25+00:00,6488,fetched,,,0,0,
run_20260406T185251Z,398003a085eb0f2ff958964a239cce8a6f52edaf,PS-02_AIGR-S66270_NCIIPC_24_02_2026.xlsx,https://cloundxi.click,stage1,1,stage1-22,2026-04-06T18:53:18+00:00,2026-04-06T18:53:25+00:00,6735,escalated,ConnectTimeout,ConnectTimeout,0,1,route_to_dns_after_stage1_failure
run_20260406T185251Z,45a55eef5e7315d47f8aaaef53fa5f958eb6a0d7,PS-02_AIGR-S66270_NCIIPC_24_02_2026.xlsx,https://isur.org,stage1,1,stage1-34,2026-04-06T18:53:18+00:00,2026-04-06T18:53:25+00:00,6735,escalated,ConnectTimeout,ConnectTimeout,0,1,route_to_dns_after_stage1_failure
run_20260406T185251Z,eb2e14568c2f57eda42dc3f3eda75337c1996155,PS-02_AIGR-S66270_NCIIPC_24_02_2026.xlsx,https://coindiya.com,stage1,1,stage1-80,2026-04-06T18:53:18+00:00,2026-04-06T18:53:25+00:00,6733,escalated,ConnectTimeout,ConnectTimeout,0,1,route_to_dns_after_stage1_failure
run_20260406T185251Z,d85a7992aa3ec9b84e4149123f22e2ab54e53602,PS-02_AIGR-S66270_NCIIPC_24_02_2026.xlsx,https://aifyindia.com,stage1,1,stage1-65,2026-04-06T18:53:18+00:00,2026-04-06T18:53:25+00:00,6734,escalated,ConnectTimeout,ConnectTimeout,0,1,route_to_dns_after_stage1_failure
run_20260406T185251Z,f008458115f2c57cecb4a01cb019c74afbb4cf98,PS-02_AIGR-S66270_NCIIPC_24_02_2026.xlsx,https://starco.fit,stage1,1,stage1-75,2026-04-06T18:53:18+00:00,2026-04-06T18:53:25+00:00,6734,escalated,ConnectTimeout,ConnectTimeout,0,1,route_to_dns_after_stage1_failure
run_20260406T185251Z,95c630a314cd726d2a0dd0574791b03cbaafd8a7,PS-02_AIGR-S66270_NCIIPC_24_02_2026.xlsx,https://digiibank.com,stage1,1,stage1-62,2026-04-06T18:53:18+00:00,2026-04-06T18:53:25+00:00,6734,escalated,ConnectTimeout,ConnectTimeout,0,1,route_to_dns_after_stage1_failure
run_20260406T185251Z,76bf0da068d34ada78e733da8afdb68c5946417d,PS-02_AIGR-S66270_NCIIPC_24_02_2026.xlsx,https://cloudrealm.life,stage1,1,stage1-71,2026-04-06T18:53:18+00:00,2026-04-06T18:53:25+00:00,6734,escalated,ConnectTimeout,ConnectTimeout,0,1,route_to_dns_after_stage1_failure
run_20260406T185251Z,fd9cdb4ff86dcc886cb4e2df78f4e08f6530f10f,PS-02_AIGR-S66270_NCIIPC_24_02_2026.xlsx,https://cloudcost.store,stage1,1,stage1-9,2026-04-06T18:53:18+00:00,2026-04-06T18:53:25+00:00,6736,escalated,ConnectTimeout,ConnectTimeout,0,1,route_to_dns_after_stage1_failure
run_20260406T185251Z,5451585e46ac407004836eb2058708da1b5c0706,PS-02_AIGR-S66270_NCIIPC_24_02_2026.xlsx,https://cloudflick.ru,stage1,1,stage1-84,2026-04-06T18:53:18+00:00,2026-04-06T18:53:25+00:00,6734,escalated,ConnectTimeout,ConnectTimeout,0,1,route_to_dns_after_stage1_failure
run_20260406T185251Z,a5b3680f2f0dfb2a20ab4794567d909deb90e105,PS-02_AIGR-S66270_NCIIPC_24_02_2026.xlsx,https://clouduclab.store,stage1,1,stage1-57,2026-04-06T18:53:18+00:00,2026-04-06T18:53:25+00:00,6735,escalated,ConnectTimeout,ConnectTimeout,0,1,route_to_dns_after_stage1_failure
run_20260406T185251Z,9a72777a4f5ae0af487a513a5347085fbc41fad8,PS-02_AIGR-S66270_NCIIPC_24_02_2026.xlsx,https://clode.app,stage1,1,stage1-44,2026-04-06T18:53:18+00:00,2026-04-06T18:53:25+00:00,6751,escalated,ConnectTimeout,ConnectTimeout,0,1,route_to_dns_after_stage1_failure
run_20260406T185251Z,1ccdb614f73621e9402ecab8a1d3b7337e6738d4,PS-02_AIGR-S66270_NCIIPC_24_02_2026.xlsx,https://cloudvpn1.online,stage1,1,stage1-16,2026-04-06T18:53:24+00:00,2026-04-06T18:53:25+00:00,1330,fetched,,,0,0,
run_20260406T185251Z,109ab4b217948c30be8283f566c39ef49d129d59,PS-02_AIGR-S66270_NCIIPC_24_02_2026.xlsx,https://s3cloud.cc,stage1,1,stage1-28,2026-04-06T18:53:18+00:00,2026-04-06T18:53:25+00:00,6857,fetched,,,0,0,
run_20260406T185251Z,97dbda8c90335c6f17e55d866ad72a94b554b681,PS-02_AIGR-S66270_NCIIPC_24_02_2026.xlsx,http://cloudmaganement.website,stage1,1,stage1-73,2026-04-06T18:53:24+00:00,2026-04-06T18:53:25+00:00,1114,fetched,,,0,0,
run_20260406T185251Z,1048aba5a1d2317549ac6e779369e3d8c5437a3b,PS-02_AIGR-S66270_NCIIPC_24_02_2026.xlsx,https://cloudsupermart.com,stage1,1,stage1-2,2026-04-06T18:53:24+00:00,2026-04-06T18:53:25+00:00,1344,fetched,,,0,0,
run_20260406T185251Z,f484463c988bb59f9d7f41e99d4a1d16a7547de9,PS-02_AIGR-S66270_NCIIPC_24_02_2026.xlsx,https://cloudzensystems.com,stage1,1,stage1-29,2026-04-06T18:53:22+00:00,2026-04-06T18:53:25+00:00,2584,fetched,,,0,0,
run_20260406T185251Z,16bf36fbc445266cd552d13c96ec8024ce45d22d,PS-02_AIGR-S66270_NCIIPC_24_02_2026.xlsx,https://cloudars.com,stage1,1,stage1-1,2026-04-06T18:53:18+00:00,2026-04-06T18:53:25+00:00,6978,fetched,,,0,0,
run_20260406T185251Z,0f46a41bfe0e25132ec05e4fddd5df232208e15c,PS-02_AIGR-S66270_NCIIPC_24_02_2026.xlsx,https://auth.cafe,stage1,1,stage1-88,2026-04-06T18:53:18+00:00,2026-04-06T18:53:25+00:00,7032,fetched,,,0,0,
run_20260406T185251Z,3198cd59180102db3c3a1808c6237e31466d8c03,PS-02_AIGR-S66270_NCIIPC_24_02_2026.xlsx,https://cloud-computing.online,stage1,1,stage1-41,2026-04-06T18:53:24+00:00,2026-04-06T18:53:25+00:00,1463,fetched,,,0,0,
run_20260406T185251Z,b98779220315709a1e54846dccfbb7b038383b12,PS-02_AIGR-S66270_NCIIPC_24_02_2026.xlsx,http://cloud-aion.us,stage1,1,stage1-17,2026-04-06T18:53:18+00:00,2026-04-06T18:53:25+00:00,7086,fetched,,,0,0,
run_20260406T185251Z,36dec1a60d3274d3910f81eb2deaea64be08a1cc,PS-02_AIGR-S66270_NCIIPC_24_02_2026.xlsx,https://cloudwithoyindamola.dev,stage1,1,stage1-36,2026-04-06T18:53:18+00:00,2026-04-06T18:53:25+00:00,7104,fetched,,,0,0,
run_20260406T185251Z,d5cd4fc6d09bc8c81cb6d7f76fcc80ae09622d9b,PS-02_AIGR-S66270_NCIIPC_24_02_2026.xlsx,https://ednuxxck.sa.com,stage1,1,stage1-4,2026-04-06T18:53:18+00:00,2026-04-06T18:53:25+00:00,7112,fetched,,,0,0,
run_20260406T185251Z,af800cf2b2f2a55a164dd36f7d4b7b2e6c49b35a,PS-02_AIGR-S66270_NCIIPC_24_02_2026.xlsx,https://cloudhubeducation.com,stage1,1,stage1-58,2026-04-06T18:53:24+00:00,2026-04-06T18:53:25+00:00,972,fetched,,,0,0,
run_20260406T185251Z,850f6e5be684866e981b229ad7473238a5e9eb47,PS-02_AIGR-S66270_NCIIPC_24_02_2026.xlsx,https://cloud4nc.ru,stage1,1,stage1-48,2026-04-06T18:53:18+00:00,2026-04-06T18:53:25+00:00,7277,fetched,,,0,0,
run_20260406T185251Z,82834cfe638f8631681887c77dbac2c188e5ca57,PS-02_AIGR-S66270_NCIIPC_24_02_2026.xlsx,http://cloud-beds.group,stage1,1,stage1-14,2026-04-06T18:53:24+00:00,2026-04-06T18:53:25+00:00,1113,fetched,,,0,0,
run_20260406T185251Z,ebcb553434d00312cb997cf1122646f733158b54,PS-02_AIGR-S66270_NCIIPC_24_02_2026.xlsx,https://revits.jp,stage1,1,stage1-53,2026-04-06T18:53:24+00:00,2026-04-06T18:53:25+00:00,1513,fetched,,,0,0,
run_20260406T185251Z,f848d48e85ac450686b5598aa656f1e624769dc2,PS-02_AIGR-S66270_NCIIPC_24_02_2026.xlsx,https://cloudultra.store,stage1,1,stage1-31,2026-04-06T18:53:19+00:00,2026-04-06T18:53:25+00:00,6204,fetched,,,0,0,
run_20260406T185251Z,ceb5d55f21ac6ebff202563ad6d76e00a88ea6d5,PS-02_AIGR-S66270_NCIIPC_24_02_2026.xlsx,https://cloudsonoai.com,stage1,1,stage1-11,2026-04-06T18:53:18+00:00,2026-04-06T18:53:25+00:00,7386,fetched,,,0,0,
run_20260406T185251Z,b96b9ec8e08b78e9dc52c2d2192130edc3a679b2,PS-02_AIGR-S66270_NCIIPC_24_02_2026.xlsx,https://cloudbaseo2.com,stage1,1,stage1-45,2026-04-06T18:53:22+00:00,2026-04-06T18:53:25+00:00,3925,fetched,,,0,0,
run_20260406T185251Z,38b6c76faaa0f4640b79fe50bff8fb860bd8a616,PS-02_AIGR-S66270_NCIIPC_24_02_2026.xlsx,https://cloudcouch.online,stage1,1,stage1-21,2026-04-06T18:53:19+00:00,2026-04-06T18:53:25+00:00,6672,fetched,,,0,0,
run_20260406T185251Z,890950311cc34354ff8e08d5eb6fd36cca69573c,PS-02_AIGR-S66270_NCIIPC_24_02_2026.xlsx,https://pome.sa.com,stage1,1,stage1-40,2026-04-06T18:53:18+00:00,2026-04-06T18:53:26+00:00,7466,fetched,,,0,0,
run_20260406T185251Z,54595387b8d9892d4a9f76c0da5a8e05c8456b00,PS-02_AIGR-S66270_NCIIPC_24_02_2026.xlsx,https://cloudaion.us,stage1,1,stage1-72,2026-04-06T18:53:18+00:00,2026-04-06T18:53:26+00:00,7469,fetched,,,0,0,
run_20260406T185251Z,cd1268883099c433f69928f57f1ed9fa64ca0b9e,PS-02_AIGR-S66270_NCIIPC_24_02_2026.xlsx,https://indwin1.com,stage1,1,stage1-34,2026-04-06T18:53:25+00:00,2026-04-06T18:53:26+00:00,837,fetched,,,0,0,
run_20260406T185251Z,fded317bd9ef75b8ddb1408946e1f2f689e7f06c,PS-02_AIGR-S66270_NCIIPC_24_02_2026.xlsx,https://getclouds.co,stage1,1,stage1-30,2026-04-06T18:53:18+00:00,2026-04-06T18:53:26+00:00,7638,fetched,,,0,0,
run_20260406T185251Z,3a97e81c2af09cfd6d0fe8a70d25c52c934200f9,PS-02_AIGR-S66270_NCIIPC_24_02_2026.xlsx,https://gmtcloud5.best,stage1,1,stage1-86,2026-04-06T18:53:18+00:00,2026-04-06T18:53:26+00:00,7706,fetched,,,0,0,
run_20260406T185251Z,a7b3031b3ba240c3dae4e6b206261de141a49375,PS-02_AIGR-S66270_NCIIPC_24_02_2026.xlsx,https://enfejbaz2024z.sa.com,stage1,1,stage1-89,2026-04-06T18:53:18+00:00,2026-04-06T18:53:26+00:00,7706,fetched,,,0,0,
run_20260406T185251Z,42c0b7427b5b4bcd99282e72f18c37d72e9ca387,PS-02_AIGR-S66270_NCIIPC_24_02_2026.xlsx,https://cloudnew.ru,stage1,1,stage1-59,2026-04-06T18:53:25+00:00,2026-04-06T18:53:26+00:00,1287,fetched,,,0,0,
run_20260406T185251Z,f8916f99e0c4cd8b3a639020fed0afe0ec2313dc,PS-02_AIGR-S66270_NCIIPC_24_02_2026.xlsx,https://cloudavaiation.in,stage1,1,stage1-13,2026-04-06T18:53:18+00:00,2026-04-06T18:53:26+00:00,7799,fetched,,,0,0,
run_20260406T185251Z,c8c72bf743cd7f69c494d1cb8311734e93bc898f,PS-02_AIGR-S66270_NCIIPC_24_02_2026.xlsx,https://engagement.sa.com,stage1,1,stage1-95,2026-04-06T18:53:18+00:00,2026-04-06T18:53:26+00:00,7835,fetched,,,0,0,
run_20260406T185251Z,f6f1323cd1f8dc719699ee434e29d74fab4b53cf,PS-02_AIGR-S66270_NCIIPC_24_02_2026.xlsx,https://india100.org,stage1,1,stage1-69,2026-04-06T18:53:18+00:00,2026-04-06T18:53:26+00:00,7943,fetched,,,0,0,
run_20260406T185251Z,6eff4b1bf1d93eafb2b91819f6d6f4f9b9413eb2,PS-02_AIGR-S66270_NCIIPC_24_02_2026.xlsx,http://eclindias.com,stage1,1,stage1-74,2026-04-06T18:53:18+00:00,2026-04-06T18:53:26+00:00,8017,fetched,,,0,0,
run_20260406T185251Z,9e5dc8baf5705456865318aa52f8d29f4666d58a,PS-02_AIGR-S66270_NCIIPC_24_02_2026.xlsx,https://mochilandia.online,stage1,1,stage1-71,2026-04-06T18:53:25+00:00,2026-04-06T18:53:26+00:00,1296,fetched,,,0,0,
run_20260406T185251Z,6d8eb3387e5e716faee5db4544128101190ba14b,PS-02_AIGR-S66270_NCIIPC_24_02_2026.xlsx,https://cloudcitycollective.org,stage1,1,stage1-12,2026-04-06T18:53:20+00:00,2026-04-06T18:53:26+00:00,6392,escalated,ConnectTimeout,ConnectTimeout,0,1,route_to_dns_after_stage1_failure
run_20260406T185251Z,5f2195c4e140a54cb2709c56fcb7655783c743b4,PS-02_AIGR-S66270_NCIIPC_24_02_2026.xlsx,https://jmrl.sa.com,stage1,1,stage1-42,2026-04-06T18:53:20+00:00,2026-04-06T18:53:26+00:00,5755,fetched,,,0,0,
run_20260406T185251Z,cc5be98a882c593ac6b658ccecf760b236515c5b,PS-02_AIGR-S66270_NCIIPC_24_02_2026.xlsx,http://cloudagencyos.com,stage1,1,stage1-85,2026-04-06T18:53:18+00:00,2026-04-06T18:53:26+00:00,8111,fetched,,,0,0,
run_20260406T185251Z,17bf7c2c1ca2a8f9231c1e6962c32461efd1acef,PS-02_AIGR-S66270_NCIIPC_24_02_2026.xlsx,https://cloudedleopard.fun,stage1,1,stage1-49,2026-04-06T18:53:24+00:00,2026-04-06T18:53:26+00:00,2096,fetched,,,0,0,
run_20260406T185251Z,8401e22976709381dd4ab1699643cb2f6a00f926,PS-02_AIGR-S66270_NCIIPC_24_02_2026.xlsx,https://idgs.sa.com,stage1,1,stage1-33,2026-04-06T18:53:21+00:00,2026-04-06T18:53:26+00:00,5626,fetched,,,0,0,
run_20260406T185251Z,7b98fbe1b5397d03baa31b192336ff8cbfa22465,PS-02_AIGR-S66270_NCIIPC_24_02_2026.xlsx,https://moon.sa.com,stage1,1,stage1-92,2026-04-06T18:53:18+00:00,2026-04-06T18:53:26+00:00,8149,fetched,,,0,0,
run_20260406T185251Z,18a1044c6954c21a33abfa9e277a534f94bb0471,PS-02_AIGR-S66270_NCIIPC_24_02_2026.xlsx,https://handy-berry.sa.com,stage1,1,stage1-43,2026-04-06T18:53:21+00:00,2026-04-06T18:53:26+00:00,5076,fetched,,,0,0,
run_20260406T185251Z,4ba937f5394248e365796f521a2ecb3fa3586006,PS-02_AIGR-S66270_NCIIPC_24_02_2026.xlsx,https://stackd.media,stage1,1,stage1-22,2026-04-06T18:53:25+00:00,2026-04-06T18:53:26+00:00,1456,fetched,,,0,0,
run_20260406T185251Z,bafa3fac510d358ad1f23dc8ec186a04f129c727,PS-02_AIGR-S66270_NCIIPC_24_02_2026.xlsx,https://airiaco.uk,stage1,1,stage1-87,2026-04-06T18:53:21+00:00,2026-04-06T18:53:26+00:00,5525,fetched,,,0,0,
run_20260406T185251Z,f77f84ce0677ef764ebd9cee3a8ed93ab522794d,PS-02_AIGR-S66270_NCIIPC_24_02_2026.xlsx,https://cloud-chron.com,stage1,1,stage1-94,2026-04-06T18:53:21+00:00,2026-04-06T18:53:26+00:00,4949,fetched,,,0,0,
run_20260406T185251Z,ec6a4a7e505bc162a3c6713b4d430f169b934b81,PS-02_AIGR-S66270_NCIIPC_24_02_2026.xlsx,https://ececloud.com.mx,stage1,1,stage1-37,2026-04-06T18:53:21+00:00,2026-04-06T18:53:26+00:00,5701,fetched,,,0,0,
run_20260406T185251Z,b88c5c3e724f264e5ca48a673cdc91ab653fae98,PS-02_AIGR-S66270_NCIIPC_24_02_2026.xlsx,https://indiapublicholidays.com,stage1,1,stage1-15,2026-04-06T18:53:21+00:00,2026-04-06T18:53:26+00:00,5185,fetched,,,0,0,
run_20260406T185251Z,9e6747afd779879d4a187657925463b37df122c4,PS-02_AIGR-S66270_NCIIPC_24_02_2026.xlsx,https://indiacloudinfra.com,stage1,1,stage1-63,2026-04-06T18:53:21+00:00,2026-04-06T18:53:26+00:00,5284,fetched,,,0,0,
run_20260406T185251Z,4bc426a99341c911cff2975d93f99726da67d4a4,PS-02_AIGR-S66270_NCIIPC_24_02_2026.xlsx,https://cloudkaka.com,stage1,1,stage1-38,2026-04-06T18:53:22+00:00,2026-04-06T18:53:26+00:00,4550,fetched,,,0,0,
run_20260406T185251Z,49a8da8099c5741078bcc7f62de7fb7e025781c4,PS-02_AIGR-S66270_NCIIPC_24_02_2026.xlsx,https://wecloud.shop,stage1,1,stage1-54,2026-04-06T18:53:22+00:00,2026-04-06T18:53:26+00:00,4338,fetched,,,0,0,
run_20260406T185251Z,6cbca17328f8d5f902721a163728faf1caabf888,PS-02_AIGR-S66270_NCIIPC_24_02_2026.xlsx,http://xsscloud.com,stage1,1,stage1-20,2026-04-06T18:53:20+00:00,2026-04-06T18:53:26+00:00,5971,fetched,,,0,0,
run_20260406T185251Z,bb233be58dc71e6c37a082352757d74cb8165bd2,PS-02_AIGR-S66270_NCIIPC_24_02_2026.xlsx,https://pfcloud.gmbh,stage1,1,stage1-90,2026-04-06T18:53:20+00:00,2026-04-06T18:53:26+00:00,5989,fetched,,,0,0,
run_20260406T185251Z,a91845ad943a97dd1c04cacdd46222a731acbcb6,PS-02_AIGR-S66270_NCIIPC_24_02_2026.xlsx,https://aircc.app,stage1,1,stage1-39,2026-04-06T18:53:18+00:00,2026-04-06T18:53:26+00:00,8351,fetched,,,0,0,
run_20260406T185251Z,eddba3bc2dcc9f25f7885ac32cdb1e06169af28e,PS-02_AIGR-S66270_NCIIPC_24_02_2026.xlsx,https://disdogalsi.sa.com,stage1,1,stage1-79,2026-04-06T18:53:18+00:00,2026-04-06T18:53:26+00:00,8355,fetched,,,0,0,
run_20260406T185251Z,7127d4c925e86151e96487f27b772db59b8c1507,PS-02_AIGR-S66270_NCIIPC_24_02_2026.xlsx,https://woad.sa.com,stage1,1,stage1-50,2026-04-06T18:53:22+00:00,2026-04-06T18:53:26+00:00,4768,fetched,,,0,0,
run_20260406T185251Z,4fb65e8477949878f0b362ba2831016de8c1c57d,PS-02_AIGR-S66270_NCIIPC_24_02_2026.xlsx,https://cloudypools.com,stage1,1,stage1-8,2026-04-06T18:53:23+00:00,2026-04-06T18:53:26+00:00,3662,fetched,,,0,0,
run_20260406T185251Z,963ff811bb4ea0e4614128b62917f150bf6de49d,PS-02_AIGR-S66270_NCIIPC_24_02_2026.xlsx,https://nswc.fit,stage1,1,stage1-68,2026-04-06T18:53:22+00:00,2026-04-06T18:53:26+00:00,4147,fetched,,,0,0,
run_20260406T185251Z,9dab78012d8daf5c5d0f15c869e793dcf16abc66,PS-02_AIGR-S66270_NCIIPC_24_02_2026.xlsx,https://cloudtoground.live,stage1,1,stage1-77,2026-04-06T18:53:22+00:00,2026-04-06T18:53:27+00:00,4168,fetched,,,0,0,
run_20260406T185251Z,70ee79836259444c84b23a208f6961f40168e043,PS-02_AIGR-S66270_NCIIPC_24_02_2026.xlsx,https://gmtcloud6.best,stage1,1,stage1-52,2026-04-06T18:53:21+00:00,2026-04-06T18:53:27+00:00,5203,fetched,,,0,0,
run_20260406T185251Z,59b68d3835fb13e05b45bf6c3d9d6f77c5cf2489,PS-02_AIGR-S66270_NCIIPC_24_02_2026.xlsx,https://cloud-claw.io,stage1,1,stage1-26,2026-04-06T18:53:22+00:00,2026-04-06T18:53:27+00:00,4364,fetched,,,0,0,
run_20260406T185251Z,ca1165a83fba86dda2c846fbc4b53a1434e322ef,PS-02_AIGR-S66270_NCIIPC_24_02_2026.xlsx,https://department.sa.com,stage1,1,stage1-55,2026-04-06T18:53:22+00:00,2026-04-06T18:53:27+00:00,4787,fetched,,,0,0,
run_20260406T185251Z,0a6ad4751fd64ddf4ee20650b0fa020bc6e728dd,PS-02_AIGR-S66270_NCIIPC_24_02_2026.xlsx,https://saceroni.com,stage1,1,stage1-27,2026-04-06T18:53:22+00:00,2026-04-06T18:53:27+00:00,4394,fetched,,,0,0,
run_20260406T185251Z,718875595096c9d20e78c41d7c62b4c34d3808e9,PS-02_AIGR-S66270_NCIIPC_24_02_2026.xlsx,https://royalindia.org,stage1,1,stage1-81,2026-04-06T18:53:23+00:00,2026-04-06T18:53:27+00:00,3661,fetched,,,0,0,
run_20260406T185251Z,8654067d76cf9e8757ded95623c49c1dbb48cc8d,PS-02_AIGR-S66270_NCIIPC_24_02_2026.xlsx,https://four-sponge.sa.com,stage1,1,stage1-82,2026-04-06T18:53:23+00:00,2026-04-06T18:53:27+00:00,3307,fetched,,,0,0,
run_20260406T185251Z,3e2d6a11366283f6b890b524e66ea4ab38284601,PS-02_AIGR-S66270_NCIIPC_24_02_2026.xlsx,https://nasc.app,stage1,1,stage1-83,2026-04-06T18:53:23+00:00,2026-04-06T18:53:27+00:00,3743,fetched,,,0,0,
run_20260406T185251Z,dd699d6655eda72739a6a4bf9e69715e5c2516b1,PS-02_AIGR-S66270_NCIIPC_24_02_2026.xlsx,https://cloudreforms.store,stage1,1,stage1-46,2026-04-06T18:53:18+00:00,2026-04-06T18:53:27+00:00,8618,fetched,,,0,0,
run_20260406T185251Z,560f0d7b4e665ba313421d3cb6cba40911177377,PS-02_AIGR-S66270_NCIIPC_24_02_2026.xlsx,https://cloud-fal.store,stage1,1,stage1-18,2026-04-06T18:53:23+00:00,2026-04-06T18:53:27+00:00,3600,fetched,,,0,0,
run_20260406T185251Z,ff23c1e6aa01dda679554cac049020152d65f748,PS-02_AIGR-S66270_NCIIPC_24_02_2026.xlsx,http://gradebite.app,stage1,1,stage1-67,2026-04-06T18:53:24+00:00,2026-04-06T18:53:27+00:00,3208,fetched,,,0,0,
run_20260406T185251Z,e60c90a269569f74f8c29530b2907fe68cf30b39,PS-02_AIGR-S66270_NCIIPC_24_02_2026.xlsx,https://indiancatered.com,stage1,1,stage1-60,2026-04-06T18:53:23+00:00,2026-04-06T18:53:27+00:00,3435,fetched,,,0,0,
run_20260406T185251Z,e7fe69f45f62a0d4ac4276eee0940dd4e95656f6,PS-02_AIGR-S66270_NCIIPC_24_02_2026.xlsx,https://indigenousaimodel.com,stage1,1,stage1-64,2026-04-06T18:53:23+00:00,2026-04-06T18:53:27+00:00,4604,fetched,,,0,0,
run_20260406T185251Z,245e5c84e18c8780dd4a96c336369dc5c3869edc,PS-02_AIGR-S66270_NCIIPC_24_02_2026.xlsx,https://sacha.casa,stage1,1,stage1-6,2026-04-06T18:53:24+00:00,2026-04-06T18:53:27+00:00,2726,fetched,,,0,0,
run_20260406T185251Z,01183f51b71a4baae8e7bdead7ab4f51a3d2c590,PS-02_AIGR-S66270_NCIIPC_24_02_2026.xlsx,https://ceycloud.com,stage1,1,stage1-75,2026-04-06T18:53:25+00:00,2026-04-06T18:53:27+00:00,2507,fetched,,,0,0,
run_20260406T185251Z,b06f36253e65592e04adf45814f21b8d31a32c79,PS-02_AIGR-S66270_NCIIPC_24_02_2026.xlsx,https://duedates.sa.com,stage1,1,stage1-5,2026-04-06T18:53:18+00:00,2026-04-06T18:53:27+00:00,9246,escalated,ReadTimeout,ReadTimeout,0,1,route_to_dns_after_stage1_failure
run_20260406T185251Z,d385338b0659443f8911c9da3047fb0107a41e66,PS-02_AIGR-S66270_NCIIPC_24_02_2026.xlsx,https://cloudalternative.page,stage1,1,stage1-47,2026-04-06T18:53:22+00:00,2026-04-06T18:53:27+00:00,5300,fetched,,,0,0,
run_20260406T185251Z,6794486ded648600e8fd54e5f371aa30b4ed094b,PS-02_AIGR-S66270_NCIIPC_24_02_2026.xlsx,https://cloudfare.tech,stage1,1,stage1-57,2026-04-06T18:53:25+00:00,2026-04-06T18:53:27+00:00,2540,fetched,,,0,0,
run_20260406T185251Z,fbf99c619522d10f394ff5152e0914db11752a19,PS-02_AIGR-S66270_NCIIPC_24_02_2026.xlsx,https://sttack.xyz,stage1,1,stage1-78,2026-04-06T18:53:24+00:00,2026-04-06T18:53:27+00:00,3429,fetched,,,0,0,
run_20260406T185251Z,26898ccdb829d7543b45e2e62865c7b07863a2c8,PS-02_AIGR-S66270_NCIIPC_24_02_2026.xlsx,https://up68cw.sa.com,stage1,1,stage1-91,2026-04-06T18:53:24+00:00,2026-04-06T18:53:27+00:00,3581,fetched,,,0,0,
run_20260406T185251Z,ea60ba17a2ceef71a87023e2f3713d51c414d1e8,PS-02_AIGR-S66270_NCIIPC_24_02_2026.xlsx,http://iskrova.by,stage1,1,stage1-28,2026-04-06T18:53:25+00:00,2026-04-06T18:53:27+00:00,2469,fetched,,,0,0,
run_20260406T185251Z,1c80bc3bf72946fd5a734a392b701c107fa77555,PS-02_AIGR-S66270_NCIIPC_24_02_2026.xlsx,https://mg-cloud.ru,stage1,1,stage1-10,2026-04-06T18:53:24+00:00,2026-04-06T18:53:27+00:00,3073,fetched,,,0,0,
run_20260406T185251Z,fafc91899273ae51354617216d2997cda9632172,PS-02_AIGR-S66270_NCIIPC_24_02_2026.xlsx,https://sttack.org,stage1,1,stage1-24,2026-04-06T18:53:24+00:00,2026-04-06T18:53:27+00:00,3189,fetched,,,0,0,
run_20260406T185251Z,2bacd1b9e25841f7c9fccd3b90802615165c021b,PS-02_AIGR-S66270_NCIIPC_24_02_2026.xlsx,https://cloudmagic.software,stage1,1,stage1-9,2026-04-06T18:53:25+00:00,2026-04-06T18:53:27+00:00,2671,fetched,,,0,0,
run_20260406T185251Z,eed702d4cfe7d5c83e3dd27f243022248d5c63e8,PS-02_AIGR-S66270_NCIIPC_24_02_2026.xlsx,https://jkms.sa.com,stage1,1,stage1-62,2026-04-06T18:53:25+00:00,2026-04-06T18:53:28+00:00,2788,fetched,,,0,0,
run_20260406T185251Z,11fa02e395688b6cae95339042242df5137bfaf3,PS-02_AIGR-S66270_NCIIPC_24_02_2026.xlsx,https://cloudflareinsigh.com,stage1,1,stage1-84,2026-04-06T18:53:25+00:00,2026-04-06T18:53:28+00:00,2810,fetched,,,0,0,
run_20260406T185251Z,5695a1a0ea31b966fb54917b6c8a190efa2cdb97,PS-02_AIGR-S66270_NCIIPC_24_02_2026.xlsx,https://iocareers.org,stage1,1,stage1-0,2026-04-06T18:53:23+00:00,2026-04-06T18:53:28+00:00,4379,fetched,,,0,0,
run_20260406T185251Z,21f575227fe31dd786f6766b40e2ab6a5f3682ae,PS-02_AIGR-S66270_NCIIPC_24_02_2026.xlsx,https://sacar.my.id,stage1,1,stage1-32,2026-04-06T18:53:25+00:00,2026-04-06T18:53:28+00:00,3121,fetched,,,0,0,
run_20260406T185251Z,c2473627f5cfa8755c9f5da1d5a196e2a524134a,PS-02_AIGR-S66270_NCIIPC_24_02_2026.xlsx,http://cloudspendagency.info,stage1,1,stage1-16,2026-04-06T18:53:25+00:00,2026-04-06T18:53:28+00:00,2792,fetched,,,0,0,
run_20260406T185251Z,081399524d1aac09fe4c32b5a67f52e2e5aec3ce,PS-02_AIGR-S66270_NCIIPC_24_02_2026.xlsx,https://qxsgmq.sa.com,stage1,1,stage1-7,2026-04-06T18:53:24+00:00,2026-04-06T18:53:28+00:00,3658,fetched,,,0,0,
run_20260406T185251Z,2c738fde622df5806a793280aae3977d16050a9d,PS-02_AIGR-S66270_NCIIPC_24_02_2026.xlsx,https://cloudsprovider.co,stage1,1,stage1-80,2026-04-06T18:53:25+00:00,2026-04-06T18:53:28+00:00,2867,fetched,,,0,0,
run_20260406T185251Z,028d284287acbb27d3c85f6367864b7f4b4ecae4,PS-02_AIGR-S66270_NCIIPC_24_02_2026.xlsx,https://nrc.lol,stage1,1,stage1-93,2026-04-06T18:53:24+00:00,2026-04-06T18:53:28+00:00,3679,fetched,,,0,0,
run_20260406T185251Z,243f58da4a54caa8d040af0b4bc3c4f540574458,PS-02_AIGR-S66270_NCIIPC_24_02_2026.xlsx,https://raclebit.com,stage1,1,stage1-25,2026-04-06T18:53:23+00:00,2026-04-06T18:53:28+00:00,4288,fetched,,,0,0,
run_20260406T185251Z,78b291797f50858ce5d28c280b8e193c6ef1d445,PS-02_AIGR-S66270_NCIIPC_24_02_2026.xlsx,https://coffee.sa.com,stage1,1,stage1-35,2026-04-06T18:53:25+00:00,2026-04-06T18:53:28+00:00,3178,fetched,,,0,0,
run_20260406T185251Z,2bd4e8373ec717a6bb2d8d4cef684b42cc550f76,PS-02_AIGR-S66270_NCIIPC_24_02_2026.xlsx,https://breakinto.sa.com,stage1,1,stage1-66,2026-04-06T18:53:18+00:00,2026-04-06T18:53:28+00:00,9860,escalated,ReadTimeout,ReadTimeout,0,1,route_to_dns_after_stage1_failure
run_20260406T185251Z,6df1d9f02b780292a3d9c8cbd360b60dc41019ee,PS-02_AIGR-S66270_NCIIPC_24_02_2026.xlsx,http://cloudservicern.com,stage1,1,stage1-44,2026-04-06T18:53:25+00:00,2026-04-06T18:53:28+00:00,3207,fetched,,,0,0,
run_20260406T185251Z,1c4077f0bdaac6b55397418092b7a25167c8e319,PS-02_AIGR-S66270_NCIIPC_24_02_2026.xlsx,https://rembat.info,stage1,1,stage1-70,2026-04-06T18:53:21+00:00,2026-04-06T18:53:28+00:00,7597,escalated,ConnectTimeout,ConnectTimeout,0,1,route_to_dns_after_stage1_failure
run_20260406T185251Z,fb800cde895dbdd20161542c116a84f7b407ce42,PS-02_AIGR-S66270_NCIIPC_24_02_2026.xlsx,https://cloudtissimo.com,stage1,1,stage1-23,2026-04-06T18:53:22+00:00,2026-04-06T18:53:28+00:00,6215,escalated,ConnectTimeout,ConnectTimeout,0,1,route_to_dns_after_stage1_failure
run_20260406T185251Z,a7153a75a46a04aebc3bf19d73e7fd203ecd2bb8,PS-02_AIGR-S66270_NCIIPC_24_02_2026.xlsx,https://cloud-portal.net,stage1,1,stage1-56,2026-04-06T18:53:22+00:00,2026-04-06T18:53:28+00:00,6215,escalated,ConnectTimeout,ConnectTimeout,0,1,route_to_dns_after_stage1_failure
run_20260406T185251Z,4dc0c25c9693477387bd21a5bbd181bd7590ff3f,PS-02_AIGR-S66270_NCIIPC_24_02_2026.xlsx,https://clouddevicehub.shop,stage1,1,stage1-61,2026-04-06T18:53:24+00:00,2026-04-06T18:53:29+00:00,4593,fetched,,,0,0,
run_20260406T185251Z,cbb03cb0e261f5cf82a74f889d410da6a060fa28,PS-02_AIGR-S66270_NCIIPC_24_02_2026.xlsx,https://cloudportal.dev,stage1,1,stage1-51,2026-04-06T18:53:23+00:00,2026-04-06T18:53:29+00:00,6156,escalated,ConnectTimeout,ConnectTimeout,0,1,route_to_dns_after_stage1_failure
run_20260406T185251Z,65a328c5b82473e50abc186c9080d67d7d73ac4b,PS-02_AIGR-S66270_NCIIPC_24_02_2026.xlsx,https://cloudbeet.com,stage1,1,stage1-19,2026-04-06T18:53:23+00:00,2026-04-06T18:53:29+00:00,6224,escalated,ConnectTimeout,ConnectTimeout,0,1,route_to_dns_after_stage1_failure
run_20260406T185251Z,1c28929b2a4aa0a0e2f6473a05ac850d21b96fa5,PS-02_AIGR-S66270_NCIIPC_24_02_2026.xlsx,https://givingyour.sa.com,stage1,1,stage1-3,2026-04-06T18:53:20+00:00,2026-04-06T18:53:30+00:00,9452,escalated,ReadTimeout,ReadTimeout,0,1,route_to_dns_after_stage1_failure
run_20260406T185251Z,0b13d0152965993061a06a4359c6de63823f2c08,PS-02_AIGR-S66270_NCIIPC_24_02_2026.xlsx,https://nrstack.online,stage1,1,stage1-65,2026-04-06T18:53:25+00:00,2026-04-06T18:53:31+00:00,6139,escalated,ConnectTimeout,ConnectTimeout,0,1,route_to_dns_after_stage1_failure
run_20260406T185251Z,1f8893119576eef7a70153e719367311dd6d7fe1,PS-02_AIGR-S66270_NCIIPC_24_02_2026.xlsx,https://cloudreforms.com,stage1,1,stage1-76,2026-04-06T18:53:24+00:00,2026-04-06T18:53:35+00:00,10276,escalated,ReadTimeout,ReadTimeout,0,1,route_to_dns_after_stage1_failure
run_20260406T185251Z,9e1b58b3065be9513153a227e8960caccff0ef47,PS-02_AIGR-S66270_NCIIPC_24_02_2026.xlsx,https://ecqis.co,classify,1,classify-1,2026-04-06T18:55:27+00:00,2026-04-06T18:55:32+00:00,5474,not_registered_domain,,,0,0,
run_20260406T185251Z,00bf926ce5f8964329bf17f08aa1e8eff9002956,PS-02_AIGR-S66270_NCIIPC_24_02_2026.xlsx,http://particularhands.com,classify,1,classify-2,2026-04-06T18:55:27+00:00,2026-04-06T18:55:34+00:00,7894,lexical_without_direct_evidence,,,0,0,
run_20260406T185251Z,8305445899dc525c326b275ee9ff52b7118447d6,PS-02_AIGR-S66270_NCIIPC_24_02_2026.xlsx,https://indusinspection360.co.uk,classify,1,classify-0,2026-04-06T18:55:27+00:00,2026-04-06T18:55:35+00:00,8488,lexical_without_direct_evidence,,,0,0,
run_20260406T185251Z,86658dee7a3ce2ebaa799c89e8842f4612353415,PS-02_AIGR-S66270_NCIIPC_24_02_2026.xlsx,https://guide-ai.ru,classify,1,classify-3,2026-04-06T18:55:27+00:00,2026-04-06T18:55:36+00:00,9312,not_registered_domain,,,0,0,
run_20260406T185251Z,2cd138432a4ad16410c2154e3407a4bc0fe37d36,PS-02_AIGR-S66270_NCIIPC_24_02_2026.xlsx,https://ecithi.com,classify,1,classify-6,2026-04-06T18:55:27+00:00,2026-04-06T18:55:37+00:00,10803,lexical_without_direct_evidence,,,0,0,
run_20260406T185251Z,dfabd9cf10364ef361b34cc1053d2f47f1da662f,PS-02_AIGR-S66270_NCIIPC_24_02_2026.xlsx,https://pnkab8.shop,classify,1,classify-4,2026-04-06T18:55:27+00:00,2026-04-06T18:55:38+00:00,11050,not_registered_domain,,,0,0,
run_20260406T185251Z,43c92e90266a9702c7b4e0014be9a5950db97085,PS-02_AIGR-S66270_NCIIPC_24_02_2026.xlsx,https://netprobio.com,classify,1,classify-5,2026-04-06T18:55:27+00:00,2026-04-06T18:55:38+00:00,11277,lexical_without_direct_evidence,,,0,0,
run_20260406T185251Z,44078a30dbde5e251d7feed08bc496cdbea1a178,PS-02_AIGR-S66270_NCIIPC_24_02_2026.xlsx,https://jiqo.jp,classify,1,classify-8,2026-04-06T18:55:27+00:00,2026-04-06T18:55:38+00:00,11480,not_registered_domain,,,0,0,
run_20260406T185251Z,2fb00fe845887bf14c0e413045d42e4886338897,PS-02_AIGR-S66270_NCIIPC_24_02_2026.xlsx,https://buildaion.us,classify,1,classify-9,2026-04-06T18:55:27+00:00,2026-04-06T18:55:39+00:00,12636,not_registered_domain,,,0,0,
run_20260406T185251Z,5bd4b6873a2807be127b6283873c71560095ea10,PS-02_AIGR-S66270_NCIIPC_24_02_2026.xlsx,https://myvitaminstrips.com,classify,1,classify-7,2026-04-06T18:55:27+00:00,2026-04-06T18:55:40+00:00,13398,lexical_without_direct_evidence,,,0,0,
run_20260406T185251Z,f39261800831fd70d26419863a9bc809fd5b8055,PS-02_AIGR-S66270_NCIIPC_24_02_2026.xlsx,https://iroris.jp,classify,1,classify-13,2026-04-06T18:55:27+00:00,2026-04-06T18:55:41+00:00,14765,not_registered_domain,,,0,0,
run_20260406T185251Z,99ef0203fb88dd7e9e8397a01cf56087839cccb4,PS-02_AIGR-S66270_NCIIPC_24_02_2026.xlsx,https://casinonye.com,classify,1,classify-10,2026-04-06T18:55:27+00:00,2026-04-06T18:55:42+00:00,15618,lexical_without_direct_evidence,,,0,0,
run_20260406T185251Z,943058e49371dcba0a8e256c771d89ce75e2dcdd,PS-02_AIGR-S66270_NCIIPC_24_02_2026.xlsx,https://uidaiaadhardownload.com,classify,1,classify-15,2026-04-06T18:55:27+00:00,2026-04-06T18:55:44+00:00,17728,strict_lexical_plus_direct_evidence,,,0,0,
run_20260406T185251Z,0e5b5520db52750a58511fc3abb25853d68b0a29,PS-02_AIGR-S66270_NCIIPC_24_02_2026.xlsx,https://jiso99.com,classify,1,classify-14,2026-04-06T18:55:27+00:00,2026-04-06T18:55:45+00:00,18195,lexical_without_direct_evidence,,,0,0,
run_20260406T185251Z,526dab72ea183f27612e895d03f313499dbe25d5,PS-02_AIGR-S66270_NCIIPC_24_02_2026.xlsx,https://teci.nl,classify,1,classify-12,2026-04-06T18:55:27+00:00,2026-04-06T18:55:45+00:00,18199,lexical_without_direct_evidence,,,0,0,
run_20260406T185251Z,edf1dec049797023bc9ae3489275f7a86a8fad37,PS-02_AIGR-S66270_NCIIPC_24_02_2026.xlsx,https://jiso88.org,classify,1,classify-11,2026-04-06T18:55:27+00:00,2026-04-06T18:55:45+00:00,18217,lexical_without_direct_evidence,,,0,0,
run_20260406T185251Z,dcbe6703c8ffb2f250bdf14224790090cf95eca6,PS-02_AIGR-S66270_NCIIPC_24_02_2026.xlsx,https://aivirtuel.com,classify,1,classify-16,2026-04-06T18:55:27+00:00,2026-04-06T18:55:45+00:00,18408,lexical_without_direct_evidence,,,0,0,
run_20260406T185251Z,4ee195ebf97f75f54f8c2939d48cd58ef8b1d7e1,PS-02_AIGR-S66270_NCIIPC_24_02_2026.xlsx,https://rupamsonline.com,classify,1,classify-19,2026-04-06T18:55:27+00:00,2026-04-06T18:55:46+00:00,18981,lexical_without_direct_evidence,,,0,0,
run_20260406T185251Z,ba2d696e692b97ef2dcdd659fdcd678e003414ef,PS-02_AIGR-S66270_NCIIPC_24_02_2026.xlsx,https://ecibogut.link,classify,1,classify-18,2026-04-06T18:55:27+00:00,2026-04-06T18:55:46+00:00,19566,lexical_without_direct_evidence,,,0,0,
run_20260406T185251Z,907eca3d7127acd2a563c6de68e5a00bc3908372,PS-02_AIGR-S66270_NCIIPC_24_02_2026.xlsx,https://caoni.horse,classify,1,classify-17,2026-04-06T18:55:27+00:00,2026-04-06T18:55:47+00:00,20025,lexical_without_direct_evidence,,,0,0,
run_20260406T185251Z,35fbfa87c61326813a6829538b44edcd70874a38,PS-02_AIGR-S66270_NCIIPC_24_02_2026.xlsx,https://appsonline.my.id,classify,1,classify-20,2026-04-06T18:55:27+00:00,2026-04-06T18:55:50+00:00,23108,lexical_without_direct_evidence,,,0,0,
run_20260406T185251Z,6cf4e309b0a877040525534e6ad83803825adbbc,PS-02_AIGR-S66270_NCIIPC_24_02_2026.xlsx,https://mgsonline.org,classify,1,classify-21,2026-04-06T18:55:27+00:00,2026-04-06T18:55:52+00:00,25235,lexical_without_direct_evidence,,,0,0,
run_20260406T185251Z,8166567129d1cf4a386c028029b7947f686246a4,PS-02_AIGR-S66270_NCIIPC_24_02_2026.xlsx,https://ecimai.com,classify,1,classify-22,2026-04-06T18:55:27+00:00,2026-04-06T18:55:53+00:00,26128,strict_lexical_plus_direct_evidence,,,0,0,
