run_id,record_key,source_workbook,raw_url,normalized_url,current_stage,stage_status,stage_error_type,stage_error_message,retry_count,timeout_hit,skipped_due_to_previous_failure,fallback_taken,worker_id,stage_started_at,stage_finished_at,duration_ms,stage0_status,stage1_status,dns_stage_status,hash_stage_status,classify_stage_status,final_pipeline_status,final_decision,failure_reason,processing_time_ms,submission_record_json,last_updated_at
run_20260406T163140Z,5fefc8e401e7cc84e384ed123ede1d001a588e4f,AIGR-S66270_Ground_Truth.xlsx|urls.xlsx,airtel-merchants.club,https://airtel-merchants.club,stage0,lexical_hit,,,0,0,0,,,,,0,lexical_hit,pending,pending,pending,pending,pending,,,0,,2026-04-06T16:31:56+00:00
run_20260406T163140Z,a256100ab219a3256042d66da2fcfa466974fac9,AIGR-S66270_Ground_Truth.xlsx,ai-phishing-detection.s3.ap-south-1.amazonaws.com/sbi_1.html,https://ai-phishing-detection.s3.ap-south-1.amazonaws.com/sbi_1.html,stage0,filtered_lexical_miss,,,0,0,0,,,,,0,filtered_lexical_miss,pending,pending,pending,pending,pending,,,0,,2026-04-06T16:31:56+00:00
run_20260406T163140Z,b17282ca5e850532d3f3df22e5a881c7efaee632,AIGR-S66270_Ground_Truth.xlsx,ai-phishing-detection.s3.ap-south-1.amazonaws.com/sbi_bank.html,https://ai-phishing-detection.s3.ap-south-1.amazonaws.com/sbi_bank.html,stage0,filtered_lexical_miss,,,0,0,0,,,,,0,filtered_lexical_miss,pending,pending,pending,pending,pending,,,0,,2026-04-06T16:31:56+00:00
run_20260406T163140Z,90c00ebf0ad673528b4abfbd4b066c0f1b6ec75b,AIGR-S66270_Ground_Truth.xlsx|urls.xlsx,airtele.xyz,https://airtele.xyz,stage0,lexical_hit,,,0,0,0,,,,,0,lexical_hit,pending,pending,pending,pending,pending,,,0,,2026-04-06T16:31:56+00:00
run_20260406T163140Z,a642c97f087ef10d2d22670989b252ae44307019,AIGR-S66270_Ground_Truth.xlsx|urls.xlsx,paarivahan.com,https://paarivahan.com,stage0,lexical_hit,,,0,0,0,,,,,0,lexical_hit,pending,pending,pending,pending,pending,,,0,,2026-04-06T16:31:56+00:00
run_20260406T163140Z,27c57ac418dfb0ff20cbc4cd6d1259778a2b600e,AIGR-S66270_Ground_Truth.xlsx|urls.xlsx,airtell.ai,https://airtell.ai,stage0,lexical_hit,,,0,0,0,,,,,0,lexical_hit,pending,pending,pending,pending,pending,,,0,,2026-04-06T16:31:56+00:00
run_20260406T163140Z,d67de08129ff68f925b7341a73a7374119f032bc,AIGR-S66270_Ground_Truth.xlsx|urls.xlsx,axisupi.com,https://axisupi.com,stage0,lexical_hit,,,0,0,0,,,,,0,lexical_hit,pending,pending,pending,pending,pending,,,0,,2026-04-06T16:31:56+00:00
run_20260406T163140Z,35ab03e4a29aa2bf57eed59188b9179f466f286e,AIGR-S66270_Ground_Truth.xlsx|urls.xlsx,uidaiaadhardownload.com,https://uidaiaadhardownload.com,stage0,lexical_hit,,,0,0,0,,,,,0,lexical_hit,pending,pending,pending,pending,pending,,,0,,2026-04-06T16:31:56+00:00
run_20260406T163140Z,562fa8f34f655dbb4f11d2a00db3edb0882a0e0b,AIGR-S66270_Ground_Truth.xlsx|urls.xlsx,sbireward.com,https://sbireward.com,stage0,lexical_hit,,,0,0,0,,,,,0,lexical_hit,pending,pending,pending,pending,pending,,,0,,2026-04-06T16:31:56+00:00
run_20260406T163140Z,732d652fa5fb4fbac7106839f4ef7556c8aa6e27,AIGR-S66270_Ground_Truth.xlsx,satwik.com,https://satwik.com,stage0,filtered_lexical_miss,,,0,0,0,,,,,0,filtered_lexical_miss,pending,pending,pending,pending,pending,,,0,,2026-04-06T16:31:56+00:00
run_20260406T163140Z,098cf2b0da908a4c1210f487b360ab784e1f5260,AIGR-S66270_Ground_Truth.xlsx,torana.com,https://torana.com,stage0,filtered_lexical_miss,,,0,0,0,,,,,0,filtered_lexical_miss,pending,pending,pending,pending,pending,,,0,,2026-04-06T16:31:56+00:00
run_20260406T163140Z,db014f6f02509d5d1ce4f64444496c924cbccc63,AIGR-S66270_Ground_Truth.xlsx,dghjdgf.com/paypal.co.uk/cycgi-bin/webscrcmd=_home-customer&nav=1/loading.php,https://dghjdgf.com/paypal.co.uk/cycgi-bin/webscrcmd=_home-customer&nav=1/loading.php,stage0,filtered_lexical_miss,,,0,0,0,,,,,0,filtered_lexical_miss,pending,pending,pending,pending,pending,,,0,,2026-04-06T16:31:56+00:00
run_20260406T163140Z,4a28bdb72ab8d8d7be8937a33f981cbdfe5f4583,AIGR-S66270_Ground_Truth.xlsx,smilesvoegol.servebbs.org/voegol.php,https://smilesvoegol.servebbs.org/voegol.php,stage0,filtered_lexical_miss,,,0,0,0,,,,,0,filtered_lexical_miss,pending,pending,pending,pending,pending,,,0,,2026-04-06T16:31:56+00:00
run_20260406T163140Z,6a93d259d4417884a2b51ef9453b6faa65c28bf1,AIGR-S66270_Ground_Truth.xlsx,super1000.info/docssmilesvoegol.servebbs.org/voegol.php,https://super1000.info/docssmilesvoegol.servebbs.org/voegol.php,stage0,filtered_lexical_miss,,,0,0,0,,,,,0,filtered_lexical_miss,pending,pending,pending,pending,pending,,,0,,2026-04-06T16:31:56+00:00
run_20260406T163140Z,213dd0644c855cb255359c3dd127b95c8af88084,AIGR-S66270_Ground_Truth.xlsx,dutchweb.gtphost.com/zimbra/exch/owa/uleth/index.html,https://dutchweb.gtphost.com/zimbra/exch/owa/uleth/index.html,stage0,filtered_lexical_miss,,,0,0,0,,,,,0,filtered_lexical_miss,pending,pending,pending,pending,pending,,,0,,2026-04-06T16:31:56+00:00
run_20260406T163140Z,680419efa7960d5e42c34c5c86500ba08c788776,urls.xlsx,domain,https://domain,stage0,filtered_lexical_miss,,,0,0,0,,,,,0,filtered_lexical_miss,pending,pending,pending,pending,pending,,,0,,2026-04-06T16:31:56+00:00
run_20260406T163140Z,17621bd0f89adc488ceae038a0c3251aebed22e1,urls.xlsx,jardines10.com,https://jardines10.com,stage0,filtered_lexical_miss,,,0,0,0,,,,,0,filtered_lexical_miss,pending,pending,pending,pending,pending,,,0,,2026-04-06T16:31:56+00:00
run_20260406T163140Z,a2c53beb9dc0059a604bf1306527e62e255b0ac5,urls.xlsx,connectionsarchive.net,https://connectionsarchive.net,stage0,filtered_lexical_miss,,,0,0,0,,,,,0,filtered_lexical_miss,pending,pending,pending,pending,pending,,,0,,2026-04-06T16:31:56+00:00
run_20260406T163140Z,a750f111b9c6b60e2052c01db5d608434279aa50,urls.xlsx,web365daftar.com,https://web365daftar.com,stage0,filtered_lexical_miss,,,0,0,0,,,,,0,filtered_lexical_miss,pending,pending,pending,pending,pending,,,0,,2026-04-06T16:31:56+00:00
run_20260406T163140Z,c93f5b9153de8b13a476c630b9911e1f6173fb57,urls.xlsx,conciergerie-niort.fr,https://conciergerie-niort.fr,stage0,filtered_lexical_miss,,,0,0,0,,,,,0,filtered_lexical_miss,pending,pending,pending,pending,pending,,,0,,2026-04-06T16:31:56+00:00
run_20260406T163140Z,3f95423fa4ca09a762217c3da37fd35941cbdc49,urls.xlsx,nmjiaojinginc.shop,https://nmjiaojinginc.shop,stage0,filtered_lexical_miss,,,0,0,0,,,,,0,filtered_lexical_miss,pending,pending,pending,pending,pending,,,0,,2026-04-06T16:31:56+00:00
run_20260406T163140Z,3526c0a5a5b352cf70b52912c6a10c0379187e61,urls.xlsx,ventajp.com,https://ventajp.com,stage0,filtered_lexical_miss,,,0,0,0,,,,,0,filtered_lexical_miss,pending,pending,pending,pending,pending,,,0,,2026-04-06T16:31:56+00:00
run_20260406T163140Z,09ee744ac8fade3faa60c48c033df3a93ec8d0a8,urls.xlsx,snackduel.com,https://snackduel.com,stage0,filtered_lexical_miss,,,0,0,0,,,,,0,filtered_lexical_miss,pending,pending,pending,pending,pending,,,0,,2026-04-06T16:31:56+00:00
run_20260406T163140Z,d6f73a3882f6003ba9389da65bf39a5b3cff1241,urls.xlsx,calmplatewindow.club,https://calmplatewindow.club,stage0,filtered_lexical_miss,,,0,0,0,,,,,0,filtered_lexical_miss,pending,pending,pending,pending,pending,,,0,,2026-04-06T16:31:56+00:00
run_20260406T163140Z,7a8f6bc623ad7c4b318ce46d57f5173132422b9b,urls.xlsx,tuterrenoenchile.cl,https://tuterrenoenchile.cl,stage0,filtered_lexical_miss,,,0,0,0,,,,,0,filtered_lexical_miss,pending,pending,pending,pending,pending,,,0,,2026-04-06T16:31:56+00:00
run_20260406T163140Z,0d972cbf356278633992eb8999c8e394516f8146,urls.xlsx,pumirpkin.live,https://pumirpkin.live,stage0,filtered_lexical_miss,,,0,0,0,,,,,0,filtered_lexical_miss,pending,pending,pending,pending,pending,,,0,,2026-04-06T16:31:56+00:00
run_20260406T163140Z,e4c44441834731802961a9b4eed45fceddf1d58e,urls.xlsx,exerciseok.com,https://exerciseok.com,stage0,filtered_lexical_miss,,,0,0,0,,,,,0,filtered_lexical_miss,pending,pending,pending,pending,pending,,,0,,2026-04-06T16:31:56+00:00
run_20260406T163140Z,a8c7ba5853cdb05c8d3bf0571947a6e7f07372fe,urls.xlsx,parquebatweania.com,https://parquebatweania.com,stage0,filtered_lexical_miss,,,0,0,0,,,,,0,filtered_lexical_miss,pending,pending,pending,pending,pending,,,0,,2026-04-06T16:31:56+00:00
run_20260406T163140Z,317d8098f06b65169b431c618a7da74275725256,urls.xlsx,tutu-and-tiaras.com,https://tutu-and-tiaras.com,stage0,filtered_lexical_miss,,,0,0,0,,,,,0,filtered_lexical_miss,pending,pending,pending,pending,pending,,,0,,2026-04-06T16:31:56+00:00
run_20260406T163140Z,f0b671cb0ddbaa437d4695cf54879f87be6a35b0,urls.xlsx,prototanya.org,https://prototanya.org,stage0,filtered_lexical_miss,,,0,0,0,,,,,0,filtered_lexical_miss,pending,pending,pending,pending,pending,,,0,,2026-04-06T16:31:56+00:00
run_20260406T163140Z,a8713794e0b7ea3c8dff075f1cb527bd49778518,urls.xlsx,beton888bonuuz30rb.cyou,https://beton888bonuuz30rb.cyou,stage0,filtered_lexical_miss,,,0,0,0,,,,,0,filtered_lexical_miss,pending,pending,pending,pending,pending,,,0,,2026-04-06T16:31:56+00:00
run_20260406T163140Z,1f733e834c3c5ee9cd9596d19f14a55d11ccb72f,urls.xlsx,creationorder.net,https://creationorder.net,stage0,filtered_lexical_miss,,,0,0,0,,,,,0,filtered_lexical_miss,pending,pending,pending,pending,pending,,,0,,2026-04-06T16:31:56+00:00
run_20260406T163140Z,772759367e515c328f62dfcb1f38d9dc87faaca7,urls.xlsx,bazarcentofiori.com,https://bazarcentofiori.com,stage0,filtered_lexical_miss,,,0,0,0,,,,,0,filtered_lexical_miss,pending,pending,pending,pending,pending,,,0,,2026-04-06T16:31:56+00:00
run_20260406T163140Z,c7057373b3a48210f10919eec135113ba66495ed,urls.xlsx,hgi5z6n1d.vip,https://hgi5z6n1d.vip,stage0,filtered_lexical_miss,,,0,0,0,,,,,0,filtered_lexical_miss,pending,pending,pending,pending,pending,,,0,,2026-04-06T16:31:56+00:00
run_20260406T163140Z,fb8d94ba8d4618d77d7627eb7d85a674a474487d,urls.xlsx,socioone.com,https://socioone.com,stage0,filtered_lexical_miss,,,0,0,0,,,,,0,filtered_lexical_miss,pending,pending,pending,pending,pending,,,0,,2026-04-06T16:31:56+00:00
run_20260406T163140Z,69c3d5f3a9cb29ba7129bf5e997f8aeed3c411ff,urls.xlsx,greenbeangirltrainingtutoring.com,https://greenbeangirltrainingtutoring.com,stage0,filtered_lexical_miss,,,0,0,0,,,,,0,filtered_lexical_miss,pending,pending,pending,pending,pending,,,0,,2026-04-06T16:31:56+00:00
run_20260406T163140Z,e93abb09e9120fb5d3f3154b2b93886feb832fdf,urls.xlsx,crplasticos.com.br,https://crplasticos.com.br,stage0,filtered_lexical_miss,,,0,0,0,,,,,0,filtered_lexical_miss,pending,pending,pending,pending,pending,,,0,,2026-04-06T16:31:56+00:00
run_20260406T163140Z,d3d8be1f01057eed89ef8797124cd4b46d5fd6e2,urls.xlsx,tnkproject.com,https://tnkproject.com,stage0,filtered_lexical_miss,,,0,0,0,,,,,0,filtered_lexical_miss,pending,pending,pending,pending,pending,,,0,,2026-04-06T16:31:56+00:00
run_20260406T163140Z,75684a61c15e9904812596c3e6381166041e72a4,urls.xlsx,landscapebyvera.com,https://landscapebyvera.com,stage0,filtered_lexical_miss,,,0,0,0,,,,,0,filtered_lexical_miss,pending,pending,pending,pending,pending,,,0,,2026-04-06T16:31:56+00:00
run_20260406T163140Z,12fb07a1238b2543c32af96dc3d0bd968e739722,urls.xlsx,fresna.online,https://fresna.online,stage0,filtered_lexical_miss,,,0,0,0,,,,,0,filtered_lexical_miss,pending,pending,pending,pending,pending,,,0,,2026-04-06T16:31:56+00:00
run_20260406T163140Z,1c5e32f6fd567fe29145eef699710a4e17909bec,urls.xlsx,zh-ptgaming.com,https://zh-ptgaming.com,stage0,filtered_lexical_miss,,,0,0,0,,,,,0,filtered_lexical_miss,pending,pending,pending,pending,pending,,,0,,2026-04-06T16:31:56+00:00
run_20260406T163140Z,f5996cf039e7b1effb401fad74ea55a32c770c82,urls.xlsx,emon793hoky.online,https://emon793hoky.online,stage0,filtered_lexical_miss,,,0,0,0,,,,,0,filtered_lexical_miss,pending,pending,pending,pending,pending,,,0,,2026-04-06T16:31:56+00:00
run_20260406T163140Z,c44853c804f21ccb35b1a248b8d62c01e2ceed13,urls.xlsx,udbijaayurveda.com,https://udbijaayurveda.com,stage0,filtered_lexical_miss,,,0,0,0,,,,,0,filtered_lexical_miss,pending,pending,pending,pending,pending,,,0,,2026-04-06T16:31:56+00:00
run_20260406T163140Z,814502796cf0fffb252c28dab720943ed33d1d51,urls.xlsx,pornmega18.xyz,https://pornmega18.xyz,stage0,filtered_lexical_miss,,,0,0,0,,,,,0,filtered_lexical_miss,pending,pending,pending,pending,pending,,,0,,2026-04-06T16:31:56+00:00
run_20260406T163140Z,3f696476fadbe87dcdb2e0c4e252958cd8e8713d,urls.xlsx,easy-sponso.com,https://easy-sponso.com,stage0,filtered_lexical_miss,,,0,0,0,,,,,0,filtered_lexical_miss,pending,pending,pending,pending,pending,,,0,,2026-04-06T16:31:56+00:00
run_20260406T163140Z,e253376d4a67d2d4ad96b910145a3a94c6f30aa4,urls.xlsx,roblox303.store,https://roblox303.store,stage0,filtered_lexical_miss,,,0,0,0,,,,,0,filtered_lexical_miss,pending,pending,pending,pending,pending,,,0,,2026-04-06T16:31:56+00:00
run_20260406T163140Z,a08ed0d636a075b6ac73f42b29679a1f3706e782,urls.xlsx,kirin77.site,https://kirin77.site,stage0,filtered_lexical_miss,,,0,0,0,,,,,0,filtered_lexical_miss,pending,pending,pending,pending,pending,,,0,,2026-04-06T16:31:56+00:00
run_20260406T163140Z,b93b19637b991031d78bfb9b5a47e70ef3842d3c,urls.xlsx,moisesdevweb.com,https://moisesdevweb.com,stage0,filtered_lexical_miss,,,0,0,0,,,,,0,filtered_lexical_miss,pending,pending,pending,pending,pending,,,0,,2026-04-06T16:31:56+00:00
run_20260406T163140Z,690ef6674bec2e90454dafae04750c9e7815520e,urls.xlsx,barbara-michelle.com,https://barbara-michelle.com,stage0,filtered_lexical_miss,,,0,0,0,,,,,0,filtered_lexical_miss,pending,pending,pending,pending,pending,,,0,,2026-04-06T16:31:56+00:00
run_20260406T163140Z,e1b321e1895f84fc72736846f35596e519345688,urls.xlsx,pornxmodel.click,https://pornxmodel.click,stage0,filtered_lexical_miss,,,0,0,0,,,,,0,filtered_lexical_miss,pending,pending,pending,pending,pending,,,0,,2026-04-06T16:31:56+00:00
run_20260406T163140Z,f5c6d181b8da23b716f2dea6bb566792053debb6,urls.xlsx,hraihpsa.ca,https://hraihpsa.ca,stage0,filtered_lexical_miss,,,0,0,0,,,,,0,filtered_lexical_miss,pending,pending,pending,pending,pending,,,0,,2026-04-06T16:31:56+00:00
run_20260406T163140Z,ea18fff4fd79b109ce58dcd71a50dbc729d30162,urls.xlsx,saudenervocuremax.shop,https://saudenervocuremax.shop,stage0,filtered_lexical_miss,,,0,0,0,,,,,0,filtered_lexical_miss,pending,pending,pending,pending,pending,,,0,,2026-04-06T16:31:56+00:00
run_20260406T163140Z,10bc15be92bc3fc8157007bf95ef7d0e707ce4e2,urls.xlsx,rjpnbv.com,https://rjpnbv.com,stage0,filtered_lexical_miss,,,0,0,0,,,,,0,filtered_lexical_miss,pending,pending,pending,pending,pending,,,0,,2026-04-06T16:31:56+00:00
run_20260406T163140Z,a2e3349247feb8ca1bfd19e7af72502f943881b2,urls.xlsx,yktdeo.com,https://yktdeo.com,stage0,filtered_lexical_miss,,,0,0,0,,,,,0,filtered_lexical_miss,pending,pending,pending,pending,pending,,,0,,2026-04-06T16:31:56+00:00
run_20260406T163140Z,cefec113a950ffef706f00e6b3b8bef98855683d,urls.xlsx,jlchuhai.com,https://jlchuhai.com,stage0,filtered_lexical_miss,,,0,0,0,,,,,0,filtered_lexical_miss,pending,pending,pending,pending,pending,,,0,,2026-04-06T16:31:56+00:00
run_20260406T163140Z,40f5a00fad670160103c2b96c98200a079bb42ec,urls.xlsx,bogitekniikka.fi,https://bogitekniikka.fi,stage0,filtered_lexical_miss,,,0,0,0,,,,,0,filtered_lexical_miss,pending,pending,pending,pending,pending,,,0,,2026-04-06T16:31:56+00:00
run_20260406T163140Z,20cad94df1bdb62c2ce7a406960462139969f22a,urls.xlsx,lucilalehmann.com,https://lucilalehmann.com,stage0,filtered_lexical_miss,,,0,0,0,,,,,0,filtered_lexical_miss,pending,pending,pending,pending,pending,,,0,,2026-04-06T16:31:56+00:00
run_20260406T163140Z,91ac004f7e52747c19f78c5d547dc6ef51314dbb,urls.xlsx,yataganharem5.click,https://yataganharem5.click,stage0,filtered_lexical_miss,,,0,0,0,,,,,0,filtered_lexical_miss,pending,pending,pending,pending,pending,,,0,,2026-04-06T16:31:56+00:00
run_20260406T163140Z,f9db5a03f6f4ad95c90165b1df46cfb177d20642,urls.xlsx,jicm0yo.vip,https://jicm0yo.vip,stage0,filtered_lexical_miss,,,0,0,0,,,,,0,filtered_lexical_miss,pending,pending,pending,pending,pending,,,0,,2026-04-06T16:31:56+00:00
run_20260406T163140Z,8f92b72725fbd0779cda20aab4056607e5968a43,urls.xlsx,wintergroupsecurity.com,https://wintergroupsecurity.com,stage0,filtered_lexical_miss,,,0,0,0,,,,,0,filtered_lexical_miss,pending,pending,pending,pending,pending,,,0,,2026-04-06T16:31:56+00:00
run_20260406T163140Z,a1e2b7436084b77377a69d9f8ca4bbb081935acc,urls.xlsx,mikogpt.ru,https://mikogpt.ru,stage0,filtered_lexical_miss,,,0,0,0,,,,,0,filtered_lexical_miss,pending,pending,pending,pending,pending,,,0,,2026-04-06T16:31:56+00:00
run_20260406T163140Z,5affcbd0d4d77ab0a78b171e00aab478be5f41de,urls.xlsx,exodusbrk.com,https://exodusbrk.com,stage0,filtered_lexical_miss,,,0,0,0,,,,,0,filtered_lexical_miss,pending,pending,pending,pending,pending,,,0,,2026-04-06T16:31:56+00:00
run_20260406T163140Z,d8f637f6cd46536c61c263f693a6a7bb144cbf99,urls.xlsx,alyxara.com,https://alyxara.com,stage0,filtered_lexical_miss,,,0,0,0,,,,,0,filtered_lexical_miss,pending,pending,pending,pending,pending,,,0,,2026-04-06T16:31:56+00:00
run_20260406T163140Z,d3347ff8caa2aebe8a5b74d39cef5946aca3f375,urls.xlsx,djgekcf.icu,https://djgekcf.icu,stage0,filtered_lexical_miss,,,0,0,0,,,,,0,filtered_lexical_miss,pending,pending,pending,pending,pending,,,0,,2026-04-06T16:31:56+00:00
run_20260406T163140Z,84126fb0d51b0e70cf1c00e3eb30357a7add63f0,urls.xlsx,dikagegrid.click,https://dikagegrid.click,stage0,filtered_lexical_miss,,,0,0,0,,,,,0,filtered_lexical_miss,pending,pending,pending,pending,pending,,,0,,2026-04-06T16:31:56+00:00
run_20260406T163140Z,d19e851ee8f7d4ec4bbeac957181ec29eff62ce2,urls.xlsx,anxunh.top,https://anxunh.top,stage0,filtered_lexical_miss,,,0,0,0,,,,,0,filtered_lexical_miss,pending,pending,pending,pending,pending,,,0,,2026-04-06T16:31:56+00:00
run_20260406T163140Z,3f7a5023045a5e6fc5affed82136b84ec2fca563,urls.xlsx,eatalymarket.shop,https://eatalymarket.shop,stage0,filtered_lexical_miss,,,0,0,0,,,,,0,filtered_lexical_miss,pending,pending,pending,pending,pending,,,0,,2026-04-06T16:31:56+00:00
run_20260406T163140Z,3ff4c41bccc499ebf56593a450ae827caa0111cb,urls.xlsx,americanexpress-reward00175.ink,https://americanexpress-reward00175.ink,stage0,filtered_lexical_miss,,,0,0,0,,,,,0,filtered_lexical_miss,pending,pending,pending,pending,pending,,,0,,2026-04-06T16:31:56+00:00
run_20260406T163140Z,787b49d57117f17daf49d8f2e66a1b9638923bc9,urls.xlsx,pack101.org,https://pack101.org,stage0,filtered_lexical_miss,,,0,0,0,,,,,0,filtered_lexical_miss,pending,pending,pending,pending,pending,,,0,,2026-04-06T16:31:56+00:00
run_20260406T163140Z,81e8fcf21ca5f56f446d90ffe0f17119c915f1e7,urls.xlsx,discretion.shop,https://discretion.shop,stage0,filtered_lexical_miss,,,0,0,0,,,,,0,filtered_lexical_miss,pending,pending,pending,pending,pending,,,0,,2026-04-06T16:31:56+00:00
run_20260406T163140Z,cca571d816bf0dc8d159824100ee2aea20b0156e,urls.xlsx,thirdshelterpress.com,https://thirdshelterpress.com,stage0,filtered_lexical_miss,,,0,0,0,,,,,0,filtered_lexical_miss,pending,pending,pending,pending,pending,,,0,,2026-04-06T16:31:56+00:00
run_20260406T163140Z,60045ed25a305f700079c440dd34449915914ebb,urls.xlsx,ank2014.biz,https://ank2014.biz,stage0,filtered_lexical_miss,,,0,0,0,,,,,0,filtered_lexical_miss,pending,pending,pending,pending,pending,,,0,,2026-04-06T16:31:56+00:00
run_20260406T163140Z,b6c9d1805d951abf9810d062d7ae017ef5003470,urls.xlsx,hollandgroupandassociates.com,https://hollandgroupandassociates.com,stage0,filtered_lexical_miss,,,0,0,0,,,,,0,filtered_lexical_miss,pending,pending,pending,pending,pending,,,0,,2026-04-06T16:31:56+00:00
run_20260406T163140Z,cbe61f33ec1ec4da7b0b2c8cb44e242592f4008f,urls.xlsx,thinkproguard.com,https://thinkproguard.com,stage0,filtered_lexical_miss,,,0,0,0,,,,,0,filtered_lexical_miss,pending,pending,pending,pending,pending,,,0,,2026-04-06T16:31:56+00:00
run_20260406T163140Z,3077dbb9d57684f96225bd63c73cdf9acf561404,urls.xlsx,hysefo.com,https://hysefo.com,stage0,filtered_lexical_miss,,,0,0,0,,,,,0,filtered_lexical_miss,pending,pending,pending,pending,pending,,,0,,2026-04-06T16:31:56+00:00
run_20260406T163140Z,d1c98aa1d3cb6a7efe6547c55bb8d2aa961b8414,urls.xlsx,8740i4ji8ki.shop,https://8740i4ji8ki.shop,stage0,filtered_lexical_miss,,,0,0,0,,,,,0,filtered_lexical_miss,pending,pending,pending,pending,pending,,,0,,2026-04-06T16:31:56+00:00
run_20260406T163140Z,a78729fcd35b4592ac8a4416031717e13805875e,urls.xlsx,netsafe.ovh,https://netsafe.ovh,stage0,filtered_lexical_miss,,,0,0,0,,,,,0,filtered_lexical_miss,pending,pending,pending,pending,pending,,,0,,2026-04-06T16:31:56+00:00
run_20260406T163140Z,478f89fb8c682c079631ad555a027f38160f0fd0,urls.xlsx,optimacapitalvc.com,https://optimacapitalvc.com,stage0,filtered_lexical_miss,,,0,0,0,,,,,0,filtered_lexical_miss,pending,pending,pending,pending,pending,,,0,,2026-04-06T16:31:56+00:00
run_20260406T163140Z,47f056b5bbdcd3fd0806076517eba816d0412814,urls.xlsx,zrsanalyst.com,https://zrsanalyst.com,stage0,filtered_lexical_miss,,,0,0,0,,,,,0,filtered_lexical_miss,pending,pending,pending,pending,pending,,,0,,2026-04-06T16:31:56+00:00
run_20260406T163140Z,e3d4b8736a15a379fa9709886b547bf7bc99a361,urls.xlsx,root-ro.info,https://root-ro.info,stage0,filtered_lexical_miss,,,0,0,0,,,,,0,filtered_lexical_miss,pending,pending,pending,pending,pending,,,0,,2026-04-06T16:31:56+00:00
run_20260406T163140Z,e5e0722ca070ace8f153e67a34af2e41c56c8098,urls.xlsx,syxtherocrex.world,https://syxtherocrex.world,stage0,filtered_lexical_miss,,,0,0,0,,,,,0,filtered_lexical_miss,pending,pending,pending,pending,pending,,,0,,2026-04-06T16:31:56+00:00
run_20260406T163140Z,2e49724c0dd54554e25b51d8b753a5f83b201c5a,urls.xlsx,snowtime.shop,https://snowtime.shop,stage0,filtered_lexical_miss,,,0,0,0,,,,,0,filtered_lexical_miss,pending,pending,pending,pending,pending,,,0,,2026-04-06T16:31:56+00:00
run_20260406T163140Z,dfea10692eafedbef28cace76c5b14747e1a5a11,urls.xlsx,allnaturalherbalmedicines.com,https://allnaturalherbalmedicines.com,stage0,filtered_lexical_miss,,,0,0,0,,,,,0,filtered_lexical_miss,pending,pending,pending,pending,pending,,,0,,2026-04-06T16:31:56+00:00
run_20260406T163140Z,f435f5054df174adcbe6b5557f5ecba2a3ab6f34,urls.xlsx,e7v7c6y.com,https://e7v7c6y.com,stage0,filtered_lexical_miss,,,0,0,0,,,,,0,filtered_lexical_miss,pending,pending,pending,pending,pending,,,0,,2026-04-06T16:31:56+00:00
run_20260406T163140Z,9ca708e5b96863dde5af1caec0a4f196137d7dbe,urls.xlsx,beatyourbuddies.online,https://beatyourbuddies.online,stage0,filtered_lexical_miss,,,0,0,0,,,,,0,filtered_lexical_miss,pending,pending,pending,pending,pending,,,0,,2026-04-06T16:31:56+00:00
run_20260406T163140Z,04e61b6fcb0cb1c016f5b42c125bc8ae51f83078,urls.xlsx,ub-futas.hu,https://ub-futas.hu,stage0,filtered_lexical_miss,,,0,0,0,,,,,0,filtered_lexical_miss,pending,pending,pending,pending,pending,,,0,,2026-04-06T16:31:56+00:00
run_20260406T163140Z,1455825b705b6ff82685e68c8b6c668026272a0c,urls.xlsx,aithink.world,https://aithink.world,stage0,filtered_lexical_miss,,,0,0,0,,,,,0,filtered_lexical_miss,pending,pending,pending,pending,pending,,,0,,2026-04-06T16:31:56+00:00
run_20260406T163140Z,0742daf4b4d79ff8ec245d54ddcbe910e84796a7,urls.xlsx,swiftdrops.store,https://swiftdrops.store,stage0,filtered_lexical_miss,,,0,0,0,,,,,0,filtered_lexical_miss,pending,pending,pending,pending,pending,,,0,,2026-04-06T16:31:56+00:00
run_20260406T163140Z,ee531da72922ac13510ad639af9debd412b0c129,urls.xlsx,charmenowho.shop,https://charmenowho.shop,stage0,filtered_lexical_miss,,,0,0,0,,,,,0,filtered_lexical_miss,pending,pending,pending,pending,pending,,,0,,2026-04-06T16:31:56+00:00
run_20260406T163140Z,44a1fd4ac7d6cf761fa727d0594ee57d5f25bf94,urls.xlsx,tonerrefillstoreho.shop,https://tonerrefillstoreho.shop,stage0,filtered_lexical_miss,,,0,0,0,,,,,0,filtered_lexical_miss,pending,pending,pending,pending,pending,,,0,,2026-04-06T16:31:56+00:00
run_20260406T163140Z,59fd50a0aa98c37d3d9f00ff2361bade1d1ef5ff,urls.xlsx,bexarcasino.space,https://bexarcasino.space,stage0,filtered_lexical_miss,,,0,0,0,,,,,0,filtered_lexical_miss,pending,pending,pending,pending,pending,,,0,,2026-04-06T16:31:56+00:00
run_20260406T163140Z,5648e2245aca5a9cb2efba14d72fae1a5b0540e3,urls.xlsx,piezosistem.com,https://piezosistem.com,stage0,filtered_lexical_miss,,,0,0,0,,,,,0,filtered_lexical_miss,pending,pending,pending,pending,pending,,,0,,2026-04-06T16:31:56+00:00
run_20260406T163140Z,0a4836ee294e4b42a49ce18d8274badbf6d34ef3,urls.xlsx,scarpe-it.ru,https://scarpe-it.ru,stage0,filtered_lexical_miss,,,0,0,0,,,,,0,filtered_lexical_miss,pending,pending,pending,pending,pending,,,0,,2026-04-06T16:31:56+00:00
run_20260406T163140Z,c65097f77733730f8cad8e144315170d151015d1,urls.xlsx,eeeey.cc,https://eeeey.cc,stage0,filtered_lexical_miss,,,0,0,0,,,,,0,filtered_lexical_miss,pending,pending,pending,pending,pending,,,0,,2026-04-06T16:31:56+00:00
run_20260406T163140Z,f58b7a2618cf815b3c1febb7708d978983ba5a57,urls.xlsx,learningonly.store,https://learningonly.store,stage0,filtered_lexical_miss,,,0,0,0,,,,,0,filtered_lexical_miss,pending,pending,pending,pending,pending,,,0,,2026-04-06T16:31:56+00:00
run_20260406T163140Z,06c1380903794a1be8d18cd0bcee6f316f2448db,urls.xlsx,tutera.ru,https://tutera.ru,stage0,filtered_lexical_miss,,,0,0,0,,,,,0,filtered_lexical_miss,pending,pending,pending,pending,pending,,,0,,2026-04-06T16:31:56+00:00
run_20260406T163140Z,008ec246f2581f3ddcd0cdde530adeed55084042,urls.xlsx,shelbyserves.com,https://shelbyserves.com,stage0,filtered_lexical_miss,,,0,0,0,,,,,0,filtered_lexical_miss,pending,pending,pending,pending,pending,,,0,,2026-04-06T16:31:56+00:00
run_20260406T163140Z,e021441d2ea16f27bbebc7ae42b7621749445a79,urls.xlsx,gothamfinn.co,https://gothamfinn.co,stage0,filtered_lexical_miss,,,0,0,0,,,,,0,filtered_lexical_miss,pending,pending,pending,pending,pending,,,0,,2026-04-06T16:31:56+00:00
run_20260406T163140Z,d09645a9e1f0064b4af26f53026189320436e2ef,urls.xlsx,penn-hpp.com,https://penn-hpp.com,stage0,filtered_lexical_miss,,,0,0,0,,,,,0,filtered_lexical_miss,pending,pending,pending,pending,pending,,,0,,2026-04-06T16:31:56+00:00
run_20260406T163140Z,70bc83d87cead2fea173e6650e5c47f7797e8197,urls.xlsx,uk-travel.ru,https://uk-travel.ru,stage0,filtered_lexical_miss,,,0,0,0,,,,,0,filtered_lexical_miss,pending,pending,pending,pending,pending,,,0,,2026-04-06T16:31:56+00:00
run_20260406T163140Z,5465803940fe838324128a8c981ecc0ba9042a3b,urls.xlsx,slexironphdrexox.world,https://slexironphdrexox.world,stage0,filtered_lexical_miss,,,0,0,0,,,,,0,filtered_lexical_miss,pending,pending,pending,pending,pending,,,0,,2026-04-06T16:31:56+00:00
run_20260406T163140Z,e593f3cccd53c5d0416b09170ccef4778b4c64a8,urls.xlsx,ivqojlz1513.top,https://ivqojlz1513.top,stage0,filtered_lexical_miss,,,0,0,0,,,,,0,filtered_lexical_miss,pending,pending,pending,pending,pending,,,0,,2026-04-06T16:31:56+00:00
run_20260406T163140Z,aa504b4fd06cc9bb304206dd9a1cc852963a53f2,urls.xlsx,vertexapexgroupoptimalprocess.blog,https://vertexapexgroupoptimalprocess.blog,stage0,filtered_lexical_miss,,,0,0,0,,,,,0,filtered_lexical_miss,pending,pending,pending,pending,pending,,,0,,2026-04-06T16:31:56+00:00
run_20260406T163140Z,04c588f214dfdcaeedd6dc4e8a045951bb16f414,urls.xlsx,navaitour.online,https://navaitour.online,stage0,filtered_lexical_miss,,,0,0,0,,,,,0,filtered_lexical_miss,pending,pending,pending,pending,pending,,,0,,2026-04-06T16:31:56+00:00
run_20260406T163140Z,6849e971a38afdc3f4e5673894ad810d4da22ae3,urls.xlsx,doggiemax.com,https://doggiemax.com,stage0,filtered_lexical_miss,,,0,0,0,,,,,0,filtered_lexical_miss,pending,pending,pending,pending,pending,,,0,,2026-04-06T16:31:56+00:00
run_20260406T163140Z,28d1d24f6d1ea3d5fd87011f85baad37bb227dcf,urls.xlsx,intelectusai.com,https://intelectusai.com,stage0,filtered_lexical_miss,,,0,0,0,,,,,0,filtered_lexical_miss,pending,pending,pending,pending,pending,,,0,,2026-04-06T16:31:56+00:00
run_20260406T163140Z,01924cebdcc00553bcd8155f4946083bf987faaa,urls.xlsx,perchproject.org,https://perchproject.org,stage0,filtered_lexical_miss,,,0,0,0,,,,,0,filtered_lexical_miss,pending,pending,pending,pending,pending,,,0,,2026-04-06T16:31:56+00:00
run_20260406T163140Z,9322b91f83265e2f72bbf6999ce6e47bb63e9427,urls.xlsx,5ggnp.buzz,https://5ggnp.buzz,stage0,filtered_lexical_miss,,,0,0,0,,,,,0,filtered_lexical_miss,pending,pending,pending,pending,pending,,,0,,2026-04-06T16:31:56+00:00
run_20260406T163140Z,74d9646fd86f00c19216b7f07cb35cb691afc950,urls.xlsx,777gvipclub.com,https://777gvipclub.com,stage0,filtered_lexical_miss,,,0,0,0,,,,,0,filtered_lexical_miss,pending,pending,pending,pending,pending,,,0,,2026-04-06T16:31:56+00:00
run_20260406T163140Z,e24191f096257b76fb99eb66a327a9a54353a100,urls.xlsx,thepatoolkit.com,https://thepatoolkit.com,stage0,filtered_lexical_miss,,,0,0,0,,,,,0,filtered_lexical_miss,pending,pending,pending,pending,pending,,,0,,2026-04-06T16:31:56+00:00
run_20260406T163140Z,442bbf1db7361addbe9f19638dd4260e6f592738,urls.xlsx,zentozavoveltopentolaxinilo.click,https://zentozavoveltopentolaxinilo.click,stage0,filtered_lexical_miss,,,0,0,0,,,,,0,filtered_lexical_miss,pending,pending,pending,pending,pending,,,0,,2026-04-06T16:31:56+00:00
run_20260406T163140Z,447b22a4e21d88fda440d0cd4a36c0a2ec1b2931,urls.xlsx,hixemuzydo.pro,https://hixemuzydo.pro,stage0,filtered_lexical_miss,,,0,0,0,,,,,0,filtered_lexical_miss,pending,pending,pending,pending,pending,,,0,,2026-04-06T16:31:56+00:00
run_20260406T163140Z,16f7f915fca03f7fa901915bf5c76c756c59ec8a,urls.xlsx,logrenuunics.com,https://logrenuunics.com,stage0,filtered_lexical_miss,,,0,0,0,,,,,0,filtered_lexical_miss,pending,pending,pending,pending,pending,,,0,,2026-04-06T16:31:56+00:00
run_20260406T163140Z,e85c3df1805b4d72b7a45c6975f8bcb8f6d06ab4,urls.xlsx,aifinance.global,https://aifinance.global,stage0,filtered_lexical_miss,,,0,0,0,,,,,0,filtered_lexical_miss,pending,pending,pending,pending,pending,,,0,,2026-04-06T16:31:56+00:00
run_20260406T163140Z,7462ea2bc7e793f46463285a10a95f270eb6369b,urls.xlsx,jskbalaghat.org,https://jskbalaghat.org,stage0,filtered_lexical_miss,,,0,0,0,,,,,0,filtered_lexical_miss,pending,pending,pending,pending,pending,,,0,,2026-04-06T16:31:56+00:00
run_20260406T163140Z,a29c9cec6cc964d52d30464ec1c21681e6790df6,urls.xlsx,sbi.com-kyc.net/login,https://sbi.com-kyc.net/login,stage0,lexical_hit,,,0,0,0,,,,,0,lexical_hit,pending,pending,pending,pending,pending,,,0,,2026-04-06T16:31:56+00:00
run_20260406T163140Z,97c4767fc09c5151c38ec223099aec6d2916f561,urls.xlsx,onl1nesbi.sbi/login,https://onl1nesbi.sbi/login,stage0,lexical_hit,,,0,0,0,,,,,0,lexical_hit,pending,pending,pending,pending,pending,,,0,,2026-04-06T16:31:56+00:00
run_20260406T163140Z,cb8a10f67400a975df2a701ad35f5df22f3dc4dd,urls.xlsx,onlinesbi.sbi.update-rewards.xyz,https://onlinesbi.sbi.update-rewards.xyz,stage0,lexical_hit,,,0,0,0,,,,,0,lexical_hit,pending,pending,pending,pending,pending,,,0,,2026-04-06T16:31:56+00:00
run_20260406T163140Z,10d748819f7ed9d5928cf68c8db52caa8fcdda39,urls.xlsx,sbi-secure-login.com,https://sbi-secure-login.com,stage0,lexical_hit,,,0,0,0,,,,,0,lexical_hit,pending,pending,pending,pending,pending,,,0,,2026-04-06T16:31:56+00:00
run_20260406T163140Z,4c6746f0dda2b5bc91526d93f43c767d1f8e1e49,urls.xlsx,192.168.1,https://192.168.1,stage0,filtered_lexical_miss,,,0,0,0,,,,,0,filtered_lexical_miss,pending,pending,pending,pending,pending,,,0,,2026-04-06T16:31:56+00:00
run_20260406T163140Z,e94826518b46a8d03f3e3c2a5527b697563a434f,urls.xlsx,reward-expiry.com,https://reward-expiry.com,stage0,filtered_lexical_miss,,,0,0,0,,,,,0,filtered_lexical_miss,pending,pending,pending,pending,pending,,,0,,2026-04-06T16:31:56+00:00
run_20260406T163140Z,d5320e5a759d68594e549fbf93f3ad544f1e91f5,urls.xlsx,sbi.co.in.login.banking-services.net/234/redirect,https://sbi.co.in.login.banking-services.net/234/redirect,stage0,lexical_hit,,,0,0,0,,,,,0,lexical_hit,pending,pending,pending,pending,pending,,,0,,2026-04-06T16:31:56+00:00
run_20260406T163140Z,d0e2c06f03d199665e436819703888e3079e997e,urls.xlsx,verify-kyc.com,https://verify-kyc.com,stage0,filtered_lexical_miss,,,0,0,0,,,,,0,filtered_lexical_miss,pending,pending,pending,pending,pending,,,0,,2026-04-06T16:31:56+00:00
run_20260406T163140Z,5c5ecebb344c8c5435599d2d5b26ed6103c06d64,urls.xlsx,icic-bank.com,https://icic-bank.com,stage0,filtered_lexical_miss,,,0,0,0,,,,,0,filtered_lexical_miss,pending,pending,pending,pending,pending,,,0,,2026-04-06T16:31:56+00:00
run_20260406T163140Z,1fc2dc362ea47d37d44fe2d0f40d20068a02f3c5,urls.xlsx,icicibank.net/login,https://icicibank.net/login,stage0,lexical_hit,,,0,0,0,,,,,0,lexical_hit,pending,pending,pending,pending,pending,,,0,,2026-04-06T16:31:56+00:00
run_20260406T163140Z,a08674b65b3a5d1628755e5c7b50f0f158f56724,urls.xlsx,secure-login.com,https://secure-login.com,stage0,filtered_lexical_miss,,,0,0,0,,,,,0,filtered_lexical_miss,pending,pending,pending,pending,pending,,,0,,2026-04-06T16:31:56+00:00
run_20260406T163140Z,2c1c166249201c77525bd0accc90df3fd6540020,urls.xlsx,bit.ly,https://bit.ly,stage0,filtered_lexical_miss,,,0,0,0,,,,,0,filtered_lexical_miss,pending,pending,pending,pending,pending,,,0,,2026-04-06T16:31:56+00:00
run_20260406T163140Z,5db3403e50e7bb938e62f06f7958e5937bd63e29,urls.xlsx,accountauthenticate.com,https://accountauthenticate.com,stage0,filtered_lexical_miss,,,0,0,0,,,,,0,filtered_lexical_miss,pending,pending,pending,pending,pending,,,0,,2026-04-06T16:31:56+00:00
run_20260406T163140Z,c80a8f6ea4288af07d582a391daa77baad6fb97b,urls.xlsx,icici-bank-support.in,https://icici-bank-support.in,stage0,lexical_hit,,,0,0,0,,,,,0,lexical_hit,pending,pending,pending,pending,pending,,,0,,2026-04-06T16:31:56+00:00
run_20260406T163140Z,7d0142ceb76f1fc5ce357059486c09984e20beb6,urls.xlsx,cppcccare.com,https://cppcccare.com,stage0,filtered_lexical_miss,,,0,0,0,,,,,0,filtered_lexical_miss,pending,pending,pending,pending,pending,,,0,,2026-04-06T16:31:56+00:00
run_20260406T163140Z,1aab514267c94e4e2e110086224e092838d2d95b,urls.xlsx,pnb-india.in,https://pnb-india.in,stage0,lexical_hit,,,0,0,0,,,,,0,lexical_hit,pending,pending,pending,pending,pending,,,0,,2026-04-06T16:31:56+00:00
run_20260406T163140Z,6d850ade9734c237cbb6502aa91b2d61de3a0bb8,urls.xlsx,pnblndia.in,https://pnblndia.in,stage0,lexical_hit,,,0,0,0,,,,,0,lexical_hit,pending,pending,pending,pending,pending,,,0,,2026-04-06T16:31:56+00:00
run_20260406T163140Z,deb6618a746445746b8c9f3785dc274202e96197,urls.xlsx,pnbindia-kyd.com,https://pnbindia-kyd.com,stage0,lexical_hit,,,0,0,0,,,,,0,lexical_hit,pending,pending,pending,pending,pending,,,0,,2026-04-06T16:31:56+00:00
run_20260406T163140Z,32c550caeaea96f744a3a85ba02c3ac1b74541e6,urls.xlsx,pnblndia-app.in,https://pnblndia-app.in,stage0,filtered_lexical_miss,,,0,0,0,,,,,0,filtered_lexical_miss,pending,pending,pending,pending,pending,,,0,,2026-04-06T16:31:56+00:00
run_20260406T163140Z,c726c79109666d2c579c0853e1b5f7742af3ea4b,urls.xlsx,pnb-netbanking.net,https://pnb-netbanking.net,stage0,lexical_hit,,,0,0,0,,,,,0,lexical_hit,pending,pending,pending,pending,pending,,,0,,2026-04-06T16:31:56+00:00
run_20260406T163140Z,4a283ba227cc0e8147a84188b9f01862aa98d7ab,urls.xlsx,pnblndia.bank.in,https://pnblndia.bank.in,stage0,lexical_hit,,,0,0,0,,,,,0,lexical_hit,pending,pending,pending,pending,pending,,,0,,2026-04-06T16:31:56+00:00
run_20260406T163140Z,f747643bb4462e7b979bdac4247d3a8316bc438e,urls.xlsx,secure-kyc.com,https://secure-kyc.com,stage0,filtered_lexical_miss,,,0,0,0,,,,,0,filtered_lexical_miss,pending,pending,pending,pending,pending,,,0,,2026-04-06T16:31:56+00:00
run_20260406T163140Z,4816df89c63b54eced900f452e6eb85e44ee9791,urls.xlsx,update-account.online,https://update-account.online,stage0,filtered_lexical_miss,,,0,0,0,,,,,0,filtered_lexical_miss,pending,pending,pending,pending,pending,,,0,,2026-04-06T16:31:56+00:00
run_20260406T163140Z,adfc02d0fb25aba8f8aa0362e562c71d5539fd05,urls.xlsx,pnbindia-services.com,https://pnbindia-services.com,stage0,lexical_hit,,,0,0,0,,,,,0,lexical_hit,pending,pending,pending,pending,pending,,,0,,2026-04-06T16:31:56+00:00
run_20260406T163140Z,6f62abe6cc693e4d3a917381418b9189dd74660e,urls.xlsx,verify-account.net,https://verify-account.net,stage0,filtered_lexical_miss,,,0,0,0,,,,,0,filtered_lexical_miss,pending,pending,pending,pending,pending,,,0,,2026-04-06T16:31:56+00:00
run_20260406T163140Z,89cc3b111b44eb0b9b33e0cb45725338f738bc72,urls.xlsx,dq67r.top,https://dq67r.top,stage0,filtered_lexical_miss,,,0,0,0,,,,,0,filtered_lexical_miss,pending,pending,pending,pending,pending,,,0,,2026-04-06T16:31:56+00:00
run_20260406T163140Z,dcd508e3a4fba7b5543f014e6e80ce2b73d9a128,urls.xlsx,annarbormarket.com,https://annarbormarket.com,stage0,filtered_lexical_miss,,,0,0,0,,,,,0,filtered_lexical_miss,pending,pending,pending,pending,pending,,,0,,2026-04-06T16:31:56+00:00
run_20260406T163140Z,cf9d98ca8a76b8525c279c35deb4fbc671e48af3,urls.xlsx,manto90.store,https://manto90.store,stage0,filtered_lexical_miss,,,0,0,0,,,,,0,filtered_lexical_miss,pending,pending,pending,pending,pending,,,0,,2026-04-06T16:31:56+00:00
run_20260406T163140Z,752cf9f1d3e60bd70daa3c4f86bd2c17c6e61fba,urls.xlsx,chargemoment.com,https://chargemoment.com,stage0,filtered_lexical_miss,,,0,0,0,,,,,0,filtered_lexical_miss,pending,pending,pending,pending,pending,,,0,,2026-04-06T16:31:56+00:00
run_20260406T163140Z,aab251f4e036a328760fe44dd9a4203291bff532,urls.xlsx,allsetfacilitygroup.com,https://allsetfacilitygroup.com,stage0,filtered_lexical_miss,,,0,0,0,,,,,0,filtered_lexical_miss,pending,pending,pending,pending,pending,,,0,,2026-04-06T16:31:56+00:00
run_20260406T163140Z,1f1d5aeef21d802b087c39bbbeaaddd9a74d4262,urls.xlsx,fjudoeuskadi.eus,https://fjudoeuskadi.eus,stage0,filtered_lexical_miss,,,0,0,0,,,,,0,filtered_lexical_miss,pending,pending,pending,pending,pending,,,0,,2026-04-06T16:31:56+00:00
run_20260406T163140Z,777cc5e6c95dca0616789b79b4a7a71ebaa612e5,urls.xlsx,786786786786.com,https://786786786786.com,stage0,filtered_lexical_miss,,,0,0,0,,,,,0,filtered_lexical_miss,pending,pending,pending,pending,pending,,,0,,2026-04-06T16:31:56+00:00
run_20260406T163140Z,7509ba68edf4682a02e5d818657cd32fbaa36d25,urls.xlsx,nevermindmedia.ch,https://nevermindmedia.ch,stage0,filtered_lexical_miss,,,0,0,0,,,,,0,filtered_lexical_miss,pending,pending,pending,pending,pending,,,0,,2026-04-06T16:31:56+00:00
run_20260406T163140Z,d9c1e788511bd4cb53f3fdc6cd3c70da14444ec1,urls.xlsx,519zx.top,https://519zx.top,stage0,filtered_lexical_miss,,,0,0,0,,,,,0,filtered_lexical_miss,pending,pending,pending,pending,pending,,,0,,2026-04-06T16:31:56+00:00
run_20260406T163140Z,708b11b6d24e596f0c978bdeaf2c740d93fcb0e0,urls.xlsx,71042.vip,https://71042.vip,stage0,filtered_lexical_miss,,,0,0,0,,,,,0,filtered_lexical_miss,pending,pending,pending,pending,pending,,,0,,2026-04-06T16:31:56+00:00
run_20260406T163140Z,42d21b110404726fcd6b8acf248e7cd5364923a9,urls.xlsx,n6k6jqg8.top,https://n6k6jqg8.top,stage0,filtered_lexical_miss,,,0,0,0,,,,,0,filtered_lexical_miss,pending,pending,pending,pending,pending,,,0,,2026-04-06T16:31:56+00:00
run_20260406T163140Z,9da363dab2faa3b73a1aa817d2e3aac50301ad74,urls.xlsx,essentialcleaningservicesusa.com,https://essentialcleaningservicesusa.com,stage0,filtered_lexical_miss,,,0,0,0,,,,,0,filtered_lexical_miss,pending,pending,pending,pending,pending,,,0,,2026-04-06T16:31:56+00:00
run_20260406T163140Z,75cba92757c0529424595e70800b681704096eaa,urls.xlsx,soyprotagonistafinanciero.com,https://soyprotagonistafinanciero.com,stage0,filtered_lexical_miss,,,0,0,0,,,,,0,filtered_lexical_miss,pending,pending,pending,pending,pending,,,0,,2026-04-06T16:31:56+00:00
run_20260406T163140Z,7708443d6e0db067db814ce831dff5b0fca9f90c,urls.xlsx,rush-bodyplan.homes,https://rush-bodyplan.homes,stage0,filtered_lexical_miss,,,0,0,0,,,,,0,filtered_lexical_miss,pending,pending,pending,pending,pending,,,0,,2026-04-06T16:31:56+00:00
run_20260406T163140Z,b986f3124698ab7f59d029d9fc0b9e589a1f7bde,urls.xlsx,fxsnowcool.com,https://fxsnowcool.com,stage0,filtered_lexical_miss,,,0,0,0,,,,,0,filtered_lexical_miss,pending,pending,pending,pending,pending,,,0,,2026-04-06T16:31:56+00:00
run_20260406T163140Z,32236d27ce2adcbecb1e34fafaf7c5027db81eb1,urls.xlsx,94498.qpon,https://94498.qpon,stage0,filtered_lexical_miss,,,0,0,0,,,,,0,filtered_lexical_miss,pending,pending,pending,pending,pending,,,0,,2026-04-06T16:31:56+00:00
run_20260406T163140Z,0f58cb7bd740d99a05e893167b61310962c0d0c9,urls.xlsx,enerzyph.com,https://enerzyph.com,stage0,filtered_lexical_miss,,,0,0,0,,,,,0,filtered_lexical_miss,pending,pending,pending,pending,pending,,,0,,2026-04-06T16:31:56+00:00
run_20260406T163140Z,7675cbac6bc5f734b8d48fd1befc4c90435f88e1,urls.xlsx,joel-angelina-wedding.com,https://joel-angelina-wedding.com,stage0,filtered_lexical_miss,,,0,0,0,,,,,0,filtered_lexical_miss,pending,pending,pending,pending,pending,,,0,,2026-04-06T16:31:56+00:00
run_20260406T163140Z,a4e1564788a538f25a486724187981737c1a1099,urls.xlsx,ofertaa643842315.sbs,https://ofertaa643842315.sbs,stage0,filtered_lexical_miss,,,0,0,0,,,,,0,filtered_lexical_miss,pending,pending,pending,pending,pending,,,0,,2026-04-06T16:31:56+00:00
run_20260406T163140Z,4b78d3c957d6b9d924030163143be445a837f7db,urls.xlsx,inesceramica.pt,https://inesceramica.pt,stage0,filtered_lexical_miss,,,0,0,0,,,,,0,filtered_lexical_miss,pending,pending,pending,pending,pending,,,0,,2026-04-06T16:31:56+00:00
run_20260406T163140Z,4d483717c6e90f1bfc24b2a7d4a807a8d9ef22dc,urls.xlsx,tayceculture.com,https://tayceculture.com,stage0,filtered_lexical_miss,,,0,0,0,,,,,0,filtered_lexical_miss,pending,pending,pending,pending,pending,,,0,,2026-04-06T16:31:56+00:00
run_20260406T163140Z,962ae65a083559188021c55a3d41eb474102b6d3,urls.xlsx,ybiscom.fr,https://ybiscom.fr,stage0,filtered_lexical_miss,,,0,0,0,,,,,0,filtered_lexical_miss,pending,pending,pending,pending,pending,,,0,,2026-04-06T16:31:56+00:00
run_20260406T163140Z,3a54d799ee306f147fb3296136fe75cbdf2dbcee,urls.xlsx,digifant.network,https://digifant.network,stage0,filtered_lexical_miss,,,0,0,0,,,,,0,filtered_lexical_miss,pending,pending,pending,pending,pending,,,0,,2026-04-06T16:31:56+00:00
run_20260406T163140Z,e553805ed8776bae468997ad3f3cd7c0f41b5790,urls.xlsx,brandmappr.com,https://brandmappr.com,stage0,filtered_lexical_miss,,,0,0,0,,,,,0,filtered_lexical_miss,pending,pending,pending,pending,pending,,,0,,2026-04-06T16:31:56+00:00
run_20260406T163140Z,4227399b20da2c796986e22729fd5d14709a8393,urls.xlsx,tredmind.com,https://tredmind.com,stage0,filtered_lexical_miss,,,0,0,0,,,,,0,filtered_lexical_miss,pending,pending,pending,pending,pending,,,0,,2026-04-06T16:31:56+00:00
run_20260406T163140Z,c24f80e1cad7154f4fefcc00e9aa88b8d09bdd77,urls.xlsx,carelessvibe.com,https://carelessvibe.com,stage0,filtered_lexical_miss,,,0,0,0,,,,,0,filtered_lexical_miss,pending,pending,pending,pending,pending,,,0,,2026-04-06T16:31:56+00:00
run_20260406T163140Z,cccbf97700f9dd9e3acd0b8436fb2a8185d6c7de,urls.xlsx,vipslot.casino,https://vipslot.casino,stage0,filtered_lexical_miss,,,0,0,0,,,,,0,filtered_lexical_miss,pending,pending,pending,pending,pending,,,0,,2026-04-06T16:31:56+00:00
run_20260406T163140Z,089e89e7e3c4f29ed55569ba34338d308f457d3a,urls.xlsx,itplayegypt.win,https://itplayegypt.win,stage0,filtered_lexical_miss,,,0,0,0,,,,,0,filtered_lexical_miss,pending,pending,pending,pending,pending,,,0,,2026-04-06T16:31:56+00:00
run_20260406T163140Z,77a467c0991387e2e73cf17069ece4fe9983bcd5,urls.xlsx,mediavision.store,https://mediavision.store,stage0,filtered_lexical_miss,,,0,0,0,,,,,0,filtered_lexical_miss,pending,pending,pending,pending,pending,,,0,,2026-04-06T16:31:56+00:00
run_20260406T163140Z,521731e3c13b3491b2476b2afe62d25d102aa1f3,urls.xlsx,8eight.com.tw,https://8eight.com.tw,stage0,filtered_lexical_miss,,,0,0,0,,,,,0,filtered_lexical_miss,pending,pending,pending,pending,pending,,,0,,2026-04-06T16:31:56+00:00
run_20260406T163140Z,aef9909287f524378719bf3b0ac5bd7f176bb943,urls.xlsx,permabrows.us,https://permabrows.us,stage0,filtered_lexical_miss,,,0,0,0,,,,,0,filtered_lexical_miss,pending,pending,pending,pending,pending,,,0,,2026-04-06T16:31:56+00:00
run_20260406T163140Z,f8c9ff4d1767bc63ef006b0ba829b8654d4745f5,urls.xlsx,ibramep.com,https://ibramep.com,stage0,filtered_lexical_miss,,,0,0,0,,,,,0,filtered_lexical_miss,pending,pending,pending,pending,pending,,,0,,2026-04-06T16:31:56+00:00
run_20260406T163140Z,ba92f2732eb3abec2bf7925673abf88ee3c4130b,urls.xlsx,laoshuanliagou.bond,https://laoshuanliagou.bond,stage0,filtered_lexical_miss,,,0,0,0,,,,,0,filtered_lexical_miss,pending,pending,pending,pending,pending,,,0,,2026-04-06T16:31:56+00:00
run_20260406T163140Z,c307913bf7abbb95adfe7d65f53f247bbe8f546c,urls.xlsx,traverseskier.com,https://traverseskier.com,stage0,filtered_lexical_miss,,,0,0,0,,,,,0,filtered_lexical_miss,pending,pending,pending,pending,pending,,,0,,2026-04-06T16:31:56+00:00
run_20260406T163140Z,f0d357a7b62fa1a28c4651bd9de0f75fe12146c6,urls.xlsx,twentysixer.ru,https://twentysixer.ru,stage0,filtered_lexical_miss,,,0,0,0,,,,,0,filtered_lexical_miss,pending,pending,pending,pending,pending,,,0,,2026-04-06T16:31:56+00:00
run_20260406T163140Z,a4a0f6ee325a7358d22b51dc5559ec4879ecf2f9,urls.xlsx,dynamicdigitalmastery.com,https://dynamicdigitalmastery.com,stage0,filtered_lexical_miss,,,0,0,0,,,,,0,filtered_lexical_miss,pending,pending,pending,pending,pending,,,0,,2026-04-06T16:31:56+00:00
run_20260406T163140Z,67bb8e7fb7f7c8a859a1449ba9563f84be70e63e,urls.xlsx,quadbottles.store,https://quadbottles.store,stage0,filtered_lexical_miss,,,0,0,0,,,,,0,filtered_lexical_miss,pending,pending,pending,pending,pending,,,0,,2026-04-06T16:31:56+00:00
run_20260406T163140Z,ece5e81bad1672b157e3c5720d6c6388bc503684,urls.xlsx,lfsidou.com,https://lfsidou.com,stage0,filtered_lexical_miss,,,0,0,0,,,,,0,filtered_lexical_miss,pending,pending,pending,pending,pending,,,0,,2026-04-06T16:31:56+00:00
run_20260406T163140Z,3dd2e1c3d99bf337715db31da448b3fcb3d5f967,urls.xlsx,5500betsk.com,https://5500betsk.com,stage0,filtered_lexical_miss,,,0,0,0,,,,,0,filtered_lexical_miss,pending,pending,pending,pending,pending,,,0,,2026-04-06T16:31:56+00:00
run_20260406T163140Z,d1e1c228d85a42f7c8d97a24ba327a1186cccefd,urls.xlsx,roisgloballogam.com,https://roisgloballogam.com,stage0,filtered_lexical_miss,,,0,0,0,,,,,0,filtered_lexical_miss,pending,pending,pending,pending,pending,,,0,,2026-04-06T16:31:56+00:00
run_20260406T163140Z,9854a21403ffa73de996f95955a8b02acb5bdc08,urls.xlsx,cifibiu.pro,https://cifibiu.pro,stage0,filtered_lexical_miss,,,0,0,0,,,,,0,filtered_lexical_miss,pending,pending,pending,pending,pending,,,0,,2026-04-06T16:31:56+00:00
run_20260406T163140Z,4afd478a121cf380022cfd10aca01e32b8147f5e,urls.xlsx,abfquoelx.com,https://abfquoelx.com,stage0,filtered_lexical_miss,,,0,0,0,,,,,0,filtered_lexical_miss,pending,pending,pending,pending,pending,,,0,,2026-04-06T16:31:56+00:00
run_20260406T163140Z,139b9d6e7ccb36b139fd5e615ee0132d7c195bbc,urls.xlsx,wfbmus.org,https://wfbmus.org,stage0,filtered_lexical_miss,,,0,0,0,,,,,0,filtered_lexical_miss,pending,pending,pending,pending,pending,,,0,,2026-04-06T16:31:56+00:00
run_20260406T163140Z,5899cb098a7c17e8c2052f45315075b3bbd2baec,urls.xlsx,edugig.xyz,https://edugig.xyz,stage0,filtered_lexical_miss,,,0,0,0,,,,,0,filtered_lexical_miss,pending,pending,pending,pending,pending,,,0,,2026-04-06T16:31:56+00:00
run_20260406T163140Z,d71ea53435bb9da6f1961083dd8e76c4aa5aa670,urls.xlsx,app-mkwangzhi.com,https://app-mkwangzhi.com,stage0,filtered_lexical_miss,,,0,0,0,,,,,0,filtered_lexical_miss,pending,pending,pending,pending,pending,,,0,,2026-04-06T16:31:56+00:00
run_20260406T163140Z,f19bb1291e0120a2f12334f165ea0abf14ed1156,urls.xlsx,wantianzf.com,https://wantianzf.com,stage0,filtered_lexical_miss,,,0,0,0,,,,,0,filtered_lexical_miss,pending,pending,pending,pending,pending,,,0,,2026-04-06T16:31:56+00:00
run_20260406T163140Z,e1de14b6bf17f067b3b896a26e4b452021058414,urls.xlsx,shaart.com,https://shaart.com,stage0,filtered_lexical_miss,,,0,0,0,,,,,0,filtered_lexical_miss,pending,pending,pending,pending,pending,,,0,,2026-04-06T16:31:56+00:00
run_20260406T163140Z,05270ade9c8674de4bb4f16936cd7f49be588bae,urls.xlsx,unqvrhr60.shop,https://unqvrhr60.shop,stage0,filtered_lexical_miss,,,0,0,0,,,,,0,filtered_lexical_miss,pending,pending,pending,pending,pending,,,0,,2026-04-06T16:31:56+00:00
run_20260406T163140Z,9f8adcde970658b9455cee88e277ac8b0e0c5109,urls.xlsx,lesfermesdespoir.fr,https://lesfermesdespoir.fr,stage0,filtered_lexical_miss,,,0,0,0,,,,,0,filtered_lexical_miss,pending,pending,pending,pending,pending,,,0,,2026-04-06T16:31:56+00:00
run_20260406T163140Z,f9c909862be42c88c666300cddbb8530944b508d,urls.xlsx,preprod-ucimtbworldseries.com,https://preprod-ucimtbworldseries.com,stage0,filtered_lexical_miss,,,0,0,0,,,,,0,filtered_lexical_miss,pending,pending,pending,pending,pending,,,0,,2026-04-06T16:31:56+00:00
run_20260406T163140Z,60da9d56ba66987bdbc7b30f5a5defe5ed1d1b07,urls.xlsx,inwestonauci.pl,https://inwestonauci.pl,stage0,filtered_lexical_miss,,,0,0,0,,,,,0,filtered_lexical_miss,pending,pending,pending,pending,pending,,,0,,2026-04-06T16:31:56+00:00
run_20260406T163140Z,8c15f521b3fd51c36dafe49ff91ee5607fc95a11,urls.xlsx,anptght-jp.com,https://anptght-jp.com,stage0,filtered_lexical_miss,,,0,0,0,,,,,0,filtered_lexical_miss,pending,pending,pending,pending,pending,,,0,,2026-04-06T16:31:56+00:00
run_20260406T163140Z,f6e01424562a24b77c6120dc0ffcc877cce7b792,urls.xlsx,hometownsewickley.com,https://hometownsewickley.com,stage0,filtered_lexical_miss,,,0,0,0,,,,,0,filtered_lexical_miss,pending,pending,pending,pending,pending,,,0,,2026-04-06T16:31:56+00:00
run_20260406T163140Z,ad19328b16904e8d7b9795b9e09b4f944db4cfe0,urls.xlsx,clayhole.click,https://clayhole.click,stage0,filtered_lexical_miss,,,0,0,0,,,,,0,filtered_lexical_miss,pending,pending,pending,pending,pending,,,0,,2026-04-06T16:31:56+00:00
run_20260406T163140Z,d436644692ff886f99e9ce6732451681637cd360,urls.xlsx,f1blue.com,https://f1blue.com,stage0,filtered_lexical_miss,,,0,0,0,,,,,0,filtered_lexical_miss,pending,pending,pending,pending,pending,,,0,,2026-04-06T16:31:56+00:00
run_20260406T163140Z,ff36719b871606fac6112ac458c4f17f9fa4e641,urls.xlsx,suesholidayhub.com,https://suesholidayhub.com,stage0,filtered_lexical_miss,,,0,0,0,,,,,0,filtered_lexical_miss,pending,pending,pending,pending,pending,,,0,,2026-04-06T16:31:56+00:00
run_20260406T163140Z,36f4e684538fd09130a2089f989db8f616df4254,urls.xlsx,jiaotongzd.com,https://jiaotongzd.com,stage0,filtered_lexical_miss,,,0,0,0,,,,,0,filtered_lexical_miss,pending,pending,pending,pending,pending,,,0,,2026-04-06T16:31:56+00:00
run_20260406T163140Z,929cc6e229ef2a0766443561e5a741812cef52f2,urls.xlsx,soilandturfconsulting.com,https://soilandturfconsulting.com,stage0,filtered_lexical_miss,,,0,0,0,,,,,0,filtered_lexical_miss,pending,pending,pending,pending,pending,,,0,,2026-04-06T16:31:56+00:00
run_20260406T163140Z,f91149e733563c7531ac1790c229b0f2606bcdc6,urls.xlsx,my-auth23948.com,https://my-auth23948.com,stage0,filtered_lexical_miss,,,0,0,0,,,,,0,filtered_lexical_miss,pending,pending,pending,pending,pending,,,0,,2026-04-06T16:31:56+00:00
run_20260406T163140Z,f204a646bcbcf6548f326fd59291e250ddc10078,urls.xlsx,metaads.pro,https://metaads.pro,stage0,filtered_lexical_miss,,,0,0,0,,,,,0,filtered_lexical_miss,pending,pending,pending,pending,pending,,,0,,2026-04-06T16:31:56+00:00
run_20260406T163140Z,36a0c8454be29f967bfc8745366aa0ac76c7a094,urls.xlsx,globalbookpublication.com,https://globalbookpublication.com,stage0,filtered_lexical_miss,,,0,0,0,,,,,0,filtered_lexical_miss,pending,pending,pending,pending,pending,,,0,,2026-04-06T16:31:56+00:00
run_20260406T163140Z,a8aee70594a82ec259236744ff6df064c3bdd93d,urls.xlsx,creditrepair-help.com,https://creditrepair-help.com,stage0,filtered_lexical_miss,,,0,0,0,,,,,0,filtered_lexical_miss,pending,pending,pending,pending,pending,,,0,,2026-04-06T16:31:56+00:00
run_20260406T163140Z,0ab3cc7a3e3b238926a542fc1add218dd70b3f9f,urls.xlsx,ampmskincare.com,https://ampmskincare.com,stage0,filtered_lexical_miss,,,0,0,0,,,,,0,filtered_lexical_miss,pending,pending,pending,pending,pending,,,0,,2026-04-06T16:31:56+00:00
run_20260406T163140Z,b1325beefe06f6c4c898f5f2fc474f73df7670f0,urls.xlsx,s-s-a.us,https://s-s-a.us,stage0,filtered_lexical_miss,,,0,0,0,,,,,0,filtered_lexical_miss,pending,pending,pending,pending,pending,,,0,,2026-04-06T16:31:56+00:00
run_20260406T163140Z,2885b489ab584780fd9a684ff6d4f298365e6a50,urls.xlsx,sportrade.blog,https://sportrade.blog,stage0,filtered_lexical_miss,,,0,0,0,,,,,0,filtered_lexical_miss,pending,pending,pending,pending,pending,,,0,,2026-04-06T16:31:56+00:00
run_20260406T163140Z,cf070e8b601262cd447fd29e7d5719396621e445,urls.xlsx,brierleysovereigngroup.info,https://brierleysovereigngroup.info,stage0,filtered_lexical_miss,,,0,0,0,,,,,0,filtered_lexical_miss,pending,pending,pending,pending,pending,,,0,,2026-04-06T16:31:56+00:00
run_20260406T163140Z,d6db9acfcea2661365df315e141093acfdcf4d9d,urls.xlsx,surpriseoflifellc.com,https://surpriseoflifellc.com,stage0,filtered_lexical_miss,,,0,0,0,,,,,0,filtered_lexical_miss,pending,pending,pending,pending,pending,,,0,,2026-04-06T16:31:56+00:00
run_20260406T163140Z,46ef8a1bf00fd27ec62896482e530572af709165,urls.xlsx,aetyk.cc,https://aetyk.cc,stage0,filtered_lexical_miss,,,0,0,0,,,,,0,filtered_lexical_miss,pending,pending,pending,pending,pending,,,0,,2026-04-06T16:31:56+00:00
run_20260406T163140Z,0d3e759adea23d58fb1637cce4ee278c9abe07c5,urls.xlsx,outlandscodex.ai,https://outlandscodex.ai,stage0,filtered_lexical_miss,,,0,0,0,,,,,0,filtered_lexical_miss,pending,pending,pending,pending,pending,,,0,,2026-04-06T16:31:56+00:00
run_20260406T163140Z,c241e2cf2508318b3eea129ce06f51039e467619,urls.xlsx,kycedeoni.autos,https://kycedeoni.autos,stage0,filtered_lexical_miss,,,0,0,0,,,,,0,filtered_lexical_miss,pending,pending,pending,pending,pending,,,0,,2026-04-06T16:31:56+00:00
run_20260406T163140Z,c6db060dd7c335f67e5523f13dbdb364f6db47a0,urls.xlsx,o3zxth.top,https://o3zxth.top,stage0,filtered_lexical_miss,,,0,0,0,,,,,0,filtered_lexical_miss,pending,pending,pending,pending,pending,,,0,,2026-04-06T16:31:56+00:00
run_20260406T163140Z,5b55f657ad5219525e48db8ff638ca6d61c1fd23,urls.xlsx,suaconsulta2026.online,https://suaconsulta2026.online,stage0,filtered_lexical_miss,,,0,0,0,,,,,0,filtered_lexical_miss,pending,pending,pending,pending,pending,,,0,,2026-04-06T16:31:56+00:00
run_20260406T163140Z,2b17ac12ca351bb41b88137e721f0ffb5de88eff,urls.xlsx,commerium.co.uk,https://commerium.co.uk,stage0,filtered_lexical_miss,,,0,0,0,,,,,0,filtered_lexical_miss,pending,pending,pending,pending,pending,,,0,,2026-04-06T16:31:56+00:00
run_20260406T163140Z,8cf5f22fda16c3de1cef5652f69a9646708fcc69,urls.xlsx,outergood.ru,https://outergood.ru,stage0,filtered_lexical_miss,,,0,0,0,,,,,0,filtered_lexical_miss,pending,pending,pending,pending,pending,,,0,,2026-04-06T16:31:56+00:00
run_20260406T163140Z,0ff8d0fd87202e1b4fbd791205c1ea2acfbda93c,urls.xlsx,graniteindustriesinc.com,https://graniteindustriesinc.com,stage0,filtered_lexical_miss,,,0,0,0,,,,,0,filtered_lexical_miss,pending,pending,pending,pending,pending,,,0,,2026-04-06T16:31:56+00:00
run_20260406T163140Z,c0124a0fd71cb467a2a3cebbf4e03d575823cbf9,urls.xlsx,thelocksmithcrew.com,https://thelocksmithcrew.com,stage0,filtered_lexical_miss,,,0,0,0,,,,,0,filtered_lexical_miss,pending,pending,pending,pending,pending,,,0,,2026-04-06T16:31:56+00:00
run_20260406T163140Z,eaf11f584e6cbf2fa14809d9c0b7e7c41e46c17f,urls.xlsx,avbyfpho.shop,https://avbyfpho.shop,stage0,filtered_lexical_miss,,,0,0,0,,,,,0,filtered_lexical_miss,pending,pending,pending,pending,pending,,,0,,2026-04-06T16:31:56+00:00
run_20260406T163140Z,39075f97d72e1774b5224204333107118cb5bdcd,urls.xlsx,elit-stomatolog.ru,https://elit-stomatolog.ru,stage0,filtered_lexical_miss,,,0,0,0,,,,,0,filtered_lexical_miss,pending,pending,pending,pending,pending,,,0,,2026-04-06T16:31:56+00:00
run_20260406T163140Z,1e342ed60c20508b9a86fb64233072998bc64ad3,urls.xlsx,chillcollege.com,https://chillcollege.com,stage0,filtered_lexical_miss,,,0,0,0,,,,,0,filtered_lexical_miss,pending,pending,pending,pending,pending,,,0,,2026-04-06T16:31:56+00:00
run_20260406T163140Z,ebac27106e377debcab905316d23574827233b14,urls.xlsx,bluewaterpoolsusa.com,https://bluewaterpoolsusa.com,stage0,filtered_lexical_miss,,,0,0,0,,,,,0,filtered_lexical_miss,pending,pending,pending,pending,pending,,,0,,2026-04-06T16:31:56+00:00
run_20260406T163140Z,6c64bf0e74ec79ba4213dff09a86ea9159596d73,urls.xlsx,abx5n1n7.cc,https://abx5n1n7.cc,stage0,filtered_lexical_miss,,,0,0,0,,,,,0,filtered_lexical_miss,pending,pending,pending,pending,pending,,,0,,2026-04-06T16:31:56+00:00
run_20260406T163140Z,d9a723afe807223f9a03044343def8aca3d7800d,urls.xlsx,lml2vipaff05.cc,https://lml2vipaff05.cc,stage0,filtered_lexical_miss,,,0,0,0,,,,,0,filtered_lexical_miss,pending,pending,pending,pending,pending,,,0,,2026-04-06T16:31:56+00:00
run_20260406T163140Z,55355fa5b5b64ec4000449db5565ad91fab21e48,urls.xlsx,bramclaw.my.id,https://bramclaw.my.id,stage0,filtered_lexical_miss,,,0,0,0,,,,,0,filtered_lexical_miss,pending,pending,pending,pending,pending,,,0,,2026-04-06T16:31:56+00:00
run_20260406T163140Z,fc6b14335fbd455dc827e40d070df94601ed3be5,urls.xlsx,wildlayers.com,https://wildlayers.com,stage0,filtered_lexical_miss,,,0,0,0,,,,,0,filtered_lexical_miss,pending,pending,pending,pending,pending,,,0,,2026-04-06T16:31:56+00:00
run_20260406T163140Z,63c37f07bf42ed4b4a37d81d9ad131194699cfba,urls.xlsx,rosastoneeg.com,https://rosastoneeg.com,stage0,filtered_lexical_miss,,,0,0,0,,,,,0,filtered_lexical_miss,pending,pending,pending,pending,pending,,,0,,2026-04-06T16:31:56+00:00
run_20260406T163140Z,0f035ab58c0b8a62ea679b1b69f13b9563fe526a,urls.xlsx,ezbrd.co,https://ezbrd.co,stage0,filtered_lexical_miss,,,0,0,0,,,,,0,filtered_lexical_miss,pending,pending,pending,pending,pending,,,0,,2026-04-06T16:31:56+00:00
run_20260406T163140Z,c7ffb3cff85dda9390c3997c53dca352f7364f76,urls.xlsx,connect2people360x.info,https://connect2people360x.info,stage0,filtered_lexical_miss,,,0,0,0,,,,,0,filtered_lexical_miss,pending,pending,pending,pending,pending,,,0,,2026-04-06T16:31:56+00:00
run_20260406T163140Z,96cad61b798ad0f80a6f30080643d29d94ca6eb6,urls.xlsx,mis4624.cc,https://mis4624.cc,stage0,filtered_lexical_miss,,,0,0,0,,,,,0,filtered_lexical_miss,pending,pending,pending,pending,pending,,,0,,2026-04-06T16:31:56+00:00
run_20260406T163140Z,94c9df84cade357983a235cd548aaed57a753912,urls.xlsx,ncbackyardbouncers.com,https://ncbackyardbouncers.com,stage0,filtered_lexical_miss,,,0,0,0,,,,,0,filtered_lexical_miss,pending,pending,pending,pending,pending,,,0,,2026-04-06T16:31:56+00:00
run_20260406T163140Z,1e5187bf928f28fda96a2374aaad048971794ce9,urls.xlsx,daisyfrost.com,https://daisyfrost.com,stage0,filtered_lexical_miss,,,0,0,0,,,,,0,filtered_lexical_miss,pending,pending,pending,pending,pending,,,0,,2026-04-06T16:31:56+00:00
run_20260406T163140Z,7fc6c06bf68ead65188a44ee306d8f0b6159ad46,urls.xlsx,freedomroadfinancialdealerhub.com,https://freedomroadfinancialdealerhub.com,stage0,filtered_lexical_miss,,,0,0,0,,,,,0,filtered_lexical_miss,pending,pending,pending,pending,pending,,,0,,2026-04-06T16:31:56+00:00
run_20260406T163140Z,46a0a2699179810eb7a8e4e6a74193bd1d58c6e5,urls.xlsx,di9rke.top,https://di9rke.top,stage0,filtered_lexical_miss,,,0,0,0,,,,,0,filtered_lexical_miss,pending,pending,pending,pending,pending,,,0,,2026-04-06T16:31:56+00:00
run_20260406T163140Z,c16422650e5027d97c969d1da902a43acf0895dc,urls.xlsx,flydownloads.space,https://flydownloads.space,stage0,filtered_lexical_miss,,,0,0,0,,,,,0,filtered_lexical_miss,pending,pending,pending,pending,pending,,,0,,2026-04-06T16:31:56+00:00
run_20260406T163140Z,3004af5d0604aa1b9b51abf7db0a4b97de5a7c9b,urls.xlsx,sweetcookii.com,https://sweetcookii.com,stage0,filtered_lexical_miss,,,0,0,0,,,,,0,filtered_lexical_miss,pending,pending,pending,pending,pending,,,0,,2026-04-06T16:31:56+00:00
run_20260406T163140Z,896de402d716cd99ac24e9c84cc55397e43241de,urls.xlsx,phoenixwanderlust.in,https://phoenixwanderlust.in,stage0,filtered_lexical_miss,,,0,0,0,,,,,0,filtered_lexical_miss,pending,pending,pending,pending,pending,,,0,,2026-04-06T16:31:56+00:00
run_20260406T163140Z,1e27745e6ccabce3f8adb5826be2d0a4c1cefea5,urls.xlsx,coastalcounselingcenter.org,https://coastalcounselingcenter.org,stage0,filtered_lexical_miss,,,0,0,0,,,,,0,filtered_lexical_miss,pending,pending,pending,pending,pending,,,0,,2026-04-06T16:31:56+00:00
run_20260406T163140Z,c57efdae2350a8093692b447d34b824b5617395e,urls.xlsx,pulsefck.store,https://pulsefck.store,stage0,filtered_lexical_miss,,,0,0,0,,,,,0,filtered_lexical_miss,pending,pending,pending,pending,pending,,,0,,2026-04-06T16:31:56+00:00
run_20260406T163140Z,448bccd6e0de11c4a956e6708f6b123f37922e5a,urls.xlsx,oliveandjunes.store,https://oliveandjunes.store,stage0,filtered_lexical_miss,,,0,0,0,,,,,0,filtered_lexical_miss,pending,pending,pending,pending,pending,,,0,,2026-04-06T16:31:56+00:00
run_20260406T163140Z,213dd0644c855cb255359c3dd127b95c8af88084,AIGR-S66270_Ground_Truth.xlsx,dutchweb.gtphost.com/zimbra/exch/owa/uleth/index.html,https://dutchweb.gtphost.com/zimbra/exch/owa/uleth/index.html,stage1,escalated,ConnectTimeout,ConnectTimeout,0,0,0,route_to_dns_after_stage1_failure,stage1-7,,,0,pending,escalated,pending,pending,pending,pending,,stage1_fetch_failed,0,,2026-04-06T16:32:00+00:00
run_20260406T163140Z,6a93d259d4417884a2b51ef9453b6faa65c28bf1,AIGR-S66270_Ground_Truth.xlsx,super1000.info/docssmilesvoegol.servebbs.org/voegol.php,https://super1000.info/docssmilesvoegol.servebbs.org/voegol.php,stage1,escalated,ConnectTimeout,ConnectTimeout,0,0,0,route_to_dns_after_stage1_failure,stage1-6,,,0,pending,escalated,pending,pending,pending,pending,,stage1_fetch_failed,0,,2026-04-06T16:32:00+00:00
run_20260406T163140Z,4a28bdb72ab8d8d7be8937a33f981cbdfe5f4583,AIGR-S66270_Ground_Truth.xlsx,smilesvoegol.servebbs.org/voegol.php,https://smilesvoegol.servebbs.org/voegol.php,stage1,escalated,ConnectError,[Errno 11001] getaddrinfo failed,0,0,0,route_to_dns_after_stage1_failure,stage1-5,,,0,pending,escalated,pending,pending,pending,pending,,stage1_fetch_failed,0,,2026-04-06T16:32:00+00:00
run_20260406T163140Z,db014f6f02509d5d1ce4f64444496c924cbccc63,AIGR-S66270_Ground_Truth.xlsx,dghjdgf.com/paypal.co.uk/cycgi-bin/webscrcmd=_home-customer&nav=1/loading.php,https://dghjdgf.com/paypal.co.uk/cycgi-bin/webscrcmd=_home-customer&nav=1/loading.php,stage1,escalated,ConnectError,[Errno 11001] getaddrinfo failed,0,0,0,route_to_dns_after_stage1_failure,stage1-4,,,0,pending,escalated,pending,pending,pending,pending,,stage1_fetch_failed,0,,2026-04-06T16:32:00+00:00
run_20260406T163140Z,09ee744ac8fade3faa60c48c033df3a93ec8d0a8,urls.xlsx,snackduel.com,https://snackduel.com,stage1,escalated,ConnectError,[Errno 11001] getaddrinfo failed,0,0,0,route_to_dns_after_stage1_failure,stage1-15,,,0,pending,escalated,pending,pending,pending,pending,,stage1_fetch_failed,0,,2026-04-06T16:32:00+00:00
run_20260406T163140Z,098cf2b0da908a4c1210f487b360ab784e1f5260,AIGR-S66270_Ground_Truth.xlsx,torana.com,https://torana.com,stage1,escalated,ConnectError,[Errno 11001] getaddrinfo failed,0,0,0,route_to_dns_after_stage1_failure,stage1-3,,,0,pending,escalated,pending,pending,pending,pending,,stage1_fetch_failed,0,,2026-04-06T16:32:00+00:00
run_20260406T163140Z,814502796cf0fffb252c28dab720943ed33d1d51,urls.xlsx,pornmega18.xyz,https://pornmega18.xyz,stage1,escalated,ConnectError,[Errno 11002] getaddrinfo failed,0,0,0,route_to_dns_after_stage1_failure,stage1-36,,,0,pending,escalated,pending,pending,pending,pending,,stage1_fetch_failed,0,,2026-04-06T16:32:00+00:00
run_20260406T163140Z,e1b321e1895f84fc72736846f35596e519345688,urls.xlsx,pornxmodel.click,https://pornxmodel.click,stage1,escalated,ConnectError,[Errno 11002] getaddrinfo failed,0,0,0,route_to_dns_after_stage1_failure,stage1-42,,,0,pending,escalated,pending,pending,pending,pending,,stage1_fetch_failed,0,,2026-04-06T16:32:00+00:00
run_20260406T163140Z,10bc15be92bc3fc8157007bf95ef7d0e707ce4e2,urls.xlsx,rjpnbv.com,https://rjpnbv.com,stage1,escalated,ConnectError,[Errno 11001] getaddrinfo failed,0,0,0,route_to_dns_after_stage1_failure,stage1-45,,,0,pending,escalated,pending,pending,pending,pending,,stage1_fetch_failed,0,,2026-04-06T16:32:00+00:00
run_20260406T163140Z,f9db5a03f6f4ad95c90165b1df46cfb177d20642,urls.xlsx,jicm0yo.vip,https://jicm0yo.vip,stage1,escalated,ConnectError,[Errno 11001] getaddrinfo failed,0,0,0,route_to_dns_after_stage1_failure,stage1-51,,,0,pending,escalated,pending,pending,pending,pending,,stage1_fetch_failed,0,,2026-04-06T16:32:00+00:00
run_20260406T163140Z,cefec113a950ffef706f00e6b3b8bef98855683d,urls.xlsx,jlchuhai.com,https://jlchuhai.com,stage1,escalated,ConnectError,[Errno 11001] getaddrinfo failed,0,0,0,route_to_dns_after_stage1_failure,stage1-47,,,0,pending,escalated,pending,pending,pending,pending,,stage1_fetch_failed,0,,2026-04-06T16:32:00+00:00
run_20260406T163140Z,20cad94df1bdb62c2ce7a406960462139969f22a,urls.xlsx,lucilalehmann.com,https://lucilalehmann.com,stage1,escalated,ConnectError,[Errno 11001] getaddrinfo failed,0,0,0,route_to_dns_after_stage1_failure,stage1-49,,,0,pending,escalated,pending,pending,pending,pending,,stage1_fetch_failed,0,,2026-04-06T16:32:00+00:00
run_20260406T163140Z,787b49d57117f17daf49d8f2e66a1b9638923bc9,urls.xlsx,pack101.org,https://pack101.org,stage1,escalated,ConnectError,[Errno 11001] getaddrinfo failed,0,0,0,route_to_dns_after_stage1_failure,stage1-61,,,0,pending,escalated,pending,pending,pending,pending,,stage1_fetch_failed,0,,2026-04-06T16:32:00+00:00
run_20260406T163140Z,d19e851ee8f7d4ec4bbeac957181ec29eff62ce2,urls.xlsx,anxunh.top,https://anxunh.top,stage1,escalated,ConnectError,[Errno 11001] getaddrinfo failed,0,0,0,route_to_dns_after_stage1_failure,stage1-58,,,0,pending,escalated,pending,pending,pending,pending,,stage1_fetch_failed,0,,2026-04-06T16:32:00+00:00
run_20260406T163140Z,d1c98aa1d3cb6a7efe6547c55bb8d2aa961b8414,urls.xlsx,8740i4ji8ki.shop,https://8740i4ji8ki.shop,stage1,escalated,ConnectError,[Errno 11001] getaddrinfo failed,0,0,0,route_to_dns_after_stage1_failure,stage1-68,,,0,pending,escalated,pending,pending,pending,pending,,stage1_fetch_failed,0,,2026-04-06T16:32:00+00:00
run_20260406T163140Z,1455825b705b6ff82685e68c8b6c668026272a0c,urls.xlsx,aithink.world,https://aithink.world,stage1,escalated,ConnectError,[Errno 11001] getaddrinfo failed,0,0,0,route_to_dns_after_stage1_failure,stage1-79,,,0,pending,escalated,pending,pending,pending,pending,,stage1_fetch_failed,0,,2026-04-06T16:32:01+00:00
run_20260406T163140Z,4c6746f0dda2b5bc91526d93f43c767d1f8e1e49,urls.xlsx,192.168.1,https://192.168.1,stage1,escalated,ConnectError,[Errno 11001] getaddrinfo failed,0,0,0,route_to_dns_after_stage1_failure,stage1-61,,,0,pending,escalated,pending,pending,pending,pending,,stage1_fetch_failed,0,,2026-04-06T16:32:02+00:00
run_20260406T163140Z,e94826518b46a8d03f3e3c2a5527b697563a434f,urls.xlsx,reward-expiry.com,https://reward-expiry.com,stage1,escalated,ConnectError,[Errno 11001] getaddrinfo failed,0,0,0,route_to_dns_after_stage1_failure,stage1-58,,,0,pending,escalated,pending,pending,pending,pending,,stage1_fetch_failed,0,,2026-04-06T16:32:02+00:00
run_20260406T163140Z,28d1d24f6d1ea3d5fd87011f85baad37bb227dcf,urls.xlsx,intelectusai.com,https://intelectusai.com,stage1,escalated,ConnectError,[Errno 11001] getaddrinfo failed,0,0,0,route_to_dns_after_stage1_failure,stage1-5,,,0,pending,escalated,pending,pending,pending,pending,,stage1_fetch_failed,0,,2026-04-06T16:32:02+00:00
run_20260406T163140Z,17621bd0f89adc488ceae038a0c3251aebed22e1,urls.xlsx,jardines10.com,https://jardines10.com,stage1,fetched,,,0,0,0,,stage1-9,,,0,pending,fetched,pending,pending,pending,filtered_lexical_miss,,js_redirect,0,,2026-04-06T16:32:02+00:00
run_20260406T163140Z,b17282ca5e850532d3f3df22e5a881c7efaee632,AIGR-S66270_Ground_Truth.xlsx,ai-phishing-detection.s3.ap-south-1.amazonaws.com/sbi_bank.html,https://ai-phishing-detection.s3.ap-south-1.amazonaws.com/sbi_bank.html,stage1,fetched,,,0,0,0,,stage1-1,,,0,pending,fetched,pending,pending,pending,filtered_lexical_miss,,title_brand_match|body_brand_match|redirect_brand_match|auth_wording,0,,2026-04-06T16:32:02+00:00
run_20260406T163140Z,a256100ab219a3256042d66da2fcfa466974fac9,AIGR-S66270_Ground_Truth.xlsx,ai-phishing-detection.s3.ap-south-1.amazonaws.com/sbi_1.html,https://ai-phishing-detection.s3.ap-south-1.amazonaws.com/sbi_1.html,stage1,fetched,,,0,0,0,,stage1-0,,,0,pending,fetched,pending,pending,pending,filtered_lexical_miss,,title_brand_match|body_brand_match|redirect_brand_match|auth_wording,0,,2026-04-06T16:32:02+00:00
run_20260406T163140Z,732d652fa5fb4fbac7106839f4ef7556c8aa6e27,AIGR-S66270_Ground_Truth.xlsx,satwik.com,https://satwik.com,stage1,fetched,,,0,0,0,,stage1-2,,,0,pending,fetched,pending,pending,pending,filtered_lexical_miss,,suspicious_hosting_provider,0,,2026-04-06T16:32:02+00:00
run_20260406T163140Z,5c5ecebb344c8c5435599d2d5b26ed6103c06d64,urls.xlsx,icic-bank.com,https://icic-bank.com,stage1,escalated,ConnectError,[Errno 11001] getaddrinfo failed,0,0,0,route_to_dns_after_stage1_failure,stage1-79,,,0,pending,escalated,pending,pending,pending,pending,,stage1_fetch_failed,0,,2026-04-06T16:32:02+00:00
run_20260406T163140Z,32c550caeaea96f744a3a85ba02c3ac1b74541e6,urls.xlsx,pnblndia-app.in,https://pnblndia-app.in,stage1,escalated,ConnectError,[Errno 11001] getaddrinfo failed,0,0,0,route_to_dns_after_stage1_failure,stage1-1,,,0,pending,escalated,pending,pending,pending,pending,,stage1_fetch_failed,0,,2026-04-06T16:32:02+00:00
run_20260406T163140Z,5db3403e50e7bb938e62f06f7958e5937bd63e29,urls.xlsx,accountauthenticate.com,https://accountauthenticate.com,stage1,escalated,ConnectError,[Errno 11001] getaddrinfo failed,0,0,0,route_to_dns_after_stage1_failure,stage1-5,,,0,pending,escalated,pending,pending,pending,pending,,stage1_fetch_failed,0,,2026-04-06T16:32:02+00:00
run_20260406T163140Z,4816df89c63b54eced900f452e6eb85e44ee9791,urls.xlsx,update-account.online,https://update-account.online,stage1,escalated,ConnectError,[Errno 11001] getaddrinfo failed,0,0,0,route_to_dns_after_stage1_failure,stage1-2,,,0,pending,escalated,pending,pending,pending,pending,,stage1_fetch_failed,0,,2026-04-06T16:32:02+00:00
run_20260406T163140Z,fb8d94ba8d4618d77d7627eb7d85a674a474487d,urls.xlsx,socioone.com,https://socioone.com,stage1,fetched,,,0,0,0,,stage1-27,,,0,pending,fetched,pending,pending,pending,filtered_lexical_miss,,,0,,2026-04-06T16:32:02+00:00
run_20260406T163140Z,7d0142ceb76f1fc5ce357059486c09984e20beb6,urls.xlsx,cppcccare.com,https://cppcccare.com,stage1,escalated,ConnectError,[Errno 11001] getaddrinfo failed,0,0,0,route_to_dns_after_stage1_failure,stage1-9,,,0,pending,escalated,pending,pending,pending,pending,,stage1_fetch_failed,0,,2026-04-06T16:32:02+00:00
run_20260406T163140Z,3526c0a5a5b352cf70b52912c6a10c0379187e61,urls.xlsx,ventajp.com,https://ventajp.com,stage1,fetched,,,0,0,0,,stage1-14,,,0,pending,fetched,pending,pending,pending,filtered_lexical_miss,,js_redirect,0,,2026-04-06T16:32:02+00:00
run_20260406T163140Z,317d8098f06b65169b431c618a7da74275725256,urls.xlsx,tutu-and-tiaras.com,https://tutu-and-tiaras.com,stage1,fetched,,,0,0,0,,stage1-21,,,0,pending,fetched,pending,pending,pending,filtered_lexical_miss,,js_redirect,0,,2026-04-06T16:32:02+00:00
run_20260406T163140Z,680419efa7960d5e42c34c5c86500ba08c788776,urls.xlsx,domain,https://domain,stage1,escalated,ConnectTimeout,ConnectTimeout,0,0,0,route_to_dns_after_stage1_failure,stage1-8,,,0,pending,escalated,pending,pending,pending,pending,,stage1_fetch_failed,0,,2026-04-06T16:32:02+00:00
run_20260406T163140Z,6f62abe6cc693e4d3a917381418b9189dd74660e,urls.xlsx,verify-account.net,https://verify-account.net,stage1,escalated,ConnectError,[Errno 11001] getaddrinfo failed,0,0,0,route_to_dns_after_stage1_failure,stage1-79,,,0,pending,escalated,pending,pending,pending,pending,,stage1_fetch_failed,0,,2026-04-06T16:32:02+00:00
run_20260406T163140Z,772759367e515c328f62dfcb1f38d9dc87faaca7,urls.xlsx,bazarcentofiori.com,https://bazarcentofiori.com,stage1,fetched,,,0,0,0,,stage1-25,,,0,pending,fetched,pending,pending,pending,filtered_lexical_miss,,js_redirect,0,,2026-04-06T16:32:03+00:00
run_20260406T163140Z,a08674b65b3a5d1628755e5c7b50f0f158f56724,urls.xlsx,secure-login.com,https://secure-login.com,stage1,escalated,ConnectError,[Errno 11001] getaddrinfo failed,0,0,0,route_to_dns_after_stage1_failure,stage1-61,,,0,pending,escalated,pending,pending,pending,pending,,stage1_fetch_failed,0,,2026-04-06T16:32:03+00:00
run_20260406T163140Z,60045ed25a305f700079c440dd34449915914ebb,urls.xlsx,ank2014.biz,https://ank2014.biz,stage1,escalated,ConnectTimeout,ConnectTimeout,0,0,0,route_to_dns_after_stage1_failure,stage1-64,,,0,pending,escalated,pending,pending,pending,pending,,stage1_fetch_failed,0,,2026-04-06T16:32:03+00:00
run_20260406T163140Z,aa504b4fd06cc9bb304206dd9a1cc852963a53f2,urls.xlsx,vertexapexgroupoptimalprocess.blog,https://vertexapexgroupoptimalprocess.blog,stage1,escalated,ConnectTimeout,ConnectTimeout,0,0,0,route_to_dns_after_stage1_failure,stage1-95,,,0,pending,escalated,pending,pending,pending,pending,,stage1_fetch_failed,0,,2026-04-06T16:32:03+00:00
run_20260406T163140Z,690ef6674bec2e90454dafae04750c9e7815520e,urls.xlsx,barbara-michelle.com,https://barbara-michelle.com,stage1,escalated,ConnectTimeout,ConnectTimeout,0,0,0,route_to_dns_after_stage1_failure,stage1-41,,,0,pending,escalated,pending,pending,pending,pending,,stage1_fetch_failed,0,,2026-04-06T16:32:03+00:00
run_20260406T163140Z,dfea10692eafedbef28cace76c5b14747e1a5a11,urls.xlsx,allnaturalherbalmedicines.com,https://allnaturalherbalmedicines.com,stage1,escalated,ConnectTimeout,ConnectTimeout,0,0,0,route_to_dns_after_stage1_failure,stage1-75,,,0,pending,escalated,pending,pending,pending,pending,,stage1_fetch_failed,0,,2026-04-06T16:32:03+00:00
run_20260406T163140Z,3ff4c41bccc499ebf56593a450ae827caa0111cb,urls.xlsx,americanexpress-reward00175.ink,https://americanexpress-reward00175.ink,stage1,escalated,ConnectTimeout,ConnectTimeout,0,0,0,route_to_dns_after_stage1_failure,stage1-60,,,0,pending,escalated,pending,pending,pending,pending,,stage1_fetch_failed,0,,2026-04-06T16:32:03+00:00
run_20260406T163140Z,8f92b72725fbd0779cda20aab4056607e5968a43,urls.xlsx,wintergroupsecurity.com,https://wintergroupsecurity.com,stage1,escalated,ConnectTimeout,ConnectTimeout,0,0,0,route_to_dns_after_stage1_failure,stage1-52,,,0,pending,escalated,pending,pending,pending,pending,,stage1_fetch_failed,0,,2026-04-06T16:32:03+00:00
run_20260406T163140Z,75684a61c15e9904812596c3e6381166041e72a4,urls.xlsx,landscapebyvera.com,https://landscapebyvera.com,stage1,escalated,ConnectTimeout,ConnectTimeout,0,0,0,route_to_dns_after_stage1_failure,stage1-31,,,0,pending,escalated,pending,pending,pending,pending,,stage1_fetch_failed,0,,2026-04-06T16:32:03+00:00
run_20260406T163140Z,1f733e834c3c5ee9cd9596d19f14a55d11ccb72f,urls.xlsx,creationorder.net,https://creationorder.net,stage1,escalated,ConnectTimeout,ConnectTimeout,0,0,0,route_to_dns_after_stage1_failure,stage1-24,,,0,pending,escalated,pending,pending,pending,pending,,stage1_fetch_failed,0,,2026-04-06T16:32:03+00:00
run_20260406T163140Z,c44853c804f21ccb35b1a248b8d62c01e2ceed13,urls.xlsx,udbijaayurveda.com,https://udbijaayurveda.com,stage1,fetched,,,0,0,0,,stage1-35,,,0,pending,fetched,pending,pending,pending,filtered_lexical_miss,,body_brand_match|suspicious_hosting_provider,0,,2026-04-06T16:32:03+00:00
run_20260406T163140Z,a2c53beb9dc0059a604bf1306527e62e255b0ac5,urls.xlsx,connectionsarchive.net,https://connectionsarchive.net,stage1,fetched,,,0,0,0,,stage1-10,,,0,pending,fetched,pending,pending,pending,filtered_lexical_miss,,auth_wording,0,,2026-04-06T16:32:03+00:00
run_20260406T163140Z,777cc5e6c95dca0616789b79b4a7a71ebaa612e5,urls.xlsx,786786786786.com,https://786786786786.com,stage1,escalated,ConnectError,[Errno 11001] getaddrinfo failed,0,0,0,route_to_dns_after_stage1_failure,stage1-21,,,0,pending,escalated,pending,pending,pending,pending,,stage1_fetch_failed,0,,2026-04-06T16:32:03+00:00
run_20260406T163140Z,f5c6d181b8da23b716f2dea6bb566792053debb6,urls.xlsx,hraihpsa.ca,https://hraihpsa.ca,stage1,fetched,,,0,0,0,,stage1-43,,,0,pending,fetched,pending,pending,pending,filtered_lexical_miss,,favicon_brand_match|redirect_brand_match|final_domain_brand_match|auth_wording,0,,2026-04-06T16:32:03+00:00
run_20260406T163140Z,d6f73a3882f6003ba9389da65bf39a5b3cff1241,urls.xlsx,calmplatewindow.club,https://calmplatewindow.club,stage1,fetched,,,0,0,0,,stage1-16,,,0,pending,fetched,pending,pending,pending,filtered_lexical_miss,,body_brand_match|auth_wording,0,,2026-04-06T16:32:03+00:00
run_20260406T163140Z,81e8fcf21ca5f56f446d90ffe0f17119c915f1e7,urls.xlsx,discretion.shop,https://discretion.shop,stage1,fetched,,,0,0,0,,stage1-62,,,0,pending,fetched,pending,pending,pending,filtered_lexical_miss,,js_redirect,0,,2026-04-06T16:32:03+00:00
run_20260406T163140Z,a08ed0d636a075b6ac73f42b29679a1f3706e782,urls.xlsx,kirin77.site,https://kirin77.site,stage1,fetched,,,0,0,0,,stage1-39,,,0,pending,fetched,pending,pending,pending,filtered_lexical_miss,,,0,,2026-04-06T16:32:03+00:00
run_20260406T163140Z,32236d27ce2adcbecb1e34fafaf7c5027db81eb1,urls.xlsx,94498.qpon,https://94498.qpon,stage1,escalated,ConnectError,[Errno 11001] getaddrinfo failed,0,0,0,route_to_dns_after_stage1_failure,stage1-60,,,0,pending,escalated,pending,pending,pending,pending,,stage1_fetch_failed,0,,2026-04-06T16:32:03+00:00
run_20260406T163140Z,0d972cbf356278633992eb8999c8e394516f8146,urls.xlsx,pumirpkin.live,https://pumirpkin.live,stage1,head_only,ConnectTimeout,ConnectTimeout,0,0,0,,stage1-18,,,0,pending,head_only,pending,pending,pending,filtered_lexical_miss,,,0,,2026-04-06T16:32:03+00:00
run_20260406T163140Z,42d21b110404726fcd6b8acf248e7cd5364923a9,urls.xlsx,n6k6jqg8.top,https://n6k6jqg8.top,stage1,escalated,ConnectError,[Errno 11001] getaddrinfo failed,0,0,0,route_to_dns_after_stage1_failure,stage1-61,,,0,pending,escalated,pending,pending,pending,pending,,stage1_fetch_failed,0,,2026-04-06T16:32:03+00:00
run_20260406T163140Z,f5996cf039e7b1effb401fad74ea55a32c770c82,urls.xlsx,emon793hoky.online,https://emon793hoky.online,stage1,fetched,,,0,0,0,,stage1-34,,,0,pending,fetched,pending,pending,pending,filtered_lexical_miss,,,0,,2026-04-06T16:32:03+00:00
run_20260406T163140Z,0f58cb7bd740d99a05e893167b61310962c0d0c9,urls.xlsx,enerzyph.com,https://enerzyph.com,stage1,escalated,ConnectError,[Errno 11001] getaddrinfo failed,0,0,0,route_to_dns_after_stage1_failure,stage1-52,,,0,pending,escalated,pending,pending,pending,pending,,stage1_fetch_failed,0,,2026-04-06T16:32:04+00:00
run_20260406T163140Z,a750f111b9c6b60e2052c01db5d608434279aa50,urls.xlsx,web365daftar.com,https://web365daftar.com,stage1,fetched,,,0,0,0,,stage1-11,,,0,pending,fetched,pending,pending,pending,filtered_lexical_miss,,meta_brand_match,0,,2026-04-06T16:32:04+00:00
run_20260406T163140Z,89cc3b111b44eb0b9b33e0cb45725338f738bc72,urls.xlsx,dq67r.top,https://dq67r.top,stage1,escalated,ConnectError,[SSL: TLSV1_ALERT_INTERNAL_ERROR] tlsv1 alert internal error (_ssl.c:1007),0,0,0,route_to_dns_after_stage1_failure,stage1-1,,,0,pending,escalated,pending,pending,pending,pending,,stage1_fetch_failed,0,,2026-04-06T16:32:04+00:00
run_20260406T163140Z,3a54d799ee306f147fb3296136fe75cbdf2dbcee,urls.xlsx,digifant.network,https://digifant.network,stage1,escalated,ConnectError,[Errno 11001] getaddrinfo failed,0,0,0,route_to_dns_after_stage1_failure,stage1-43,,,0,pending,escalated,pending,pending,pending,pending,,stage1_fetch_failed,0,,2026-04-06T16:32:04+00:00
run_20260406T163140Z,f0b671cb0ddbaa437d4695cf54879f87be6a35b0,urls.xlsx,prototanya.org,https://prototanya.org,stage1,fetched,,,0,0,0,,stage1-22,,,0,pending,fetched,pending,pending,pending,filtered_lexical_miss,,,0,,2026-04-06T16:32:04+00:00
run_20260406T163140Z,a4e1564788a538f25a486724187981737c1a1099,urls.xlsx,ofertaa643842315.sbs,https://ofertaa643842315.sbs,stage1,escalated,ConnectError,[Errno 11002] getaddrinfo failed,0,0,0,route_to_dns_after_stage1_failure,stage1-24,,,0,pending,escalated,pending,pending,pending,pending,,stage1_fetch_failed,0,,2026-04-06T16:32:04+00:00
run_20260406T163140Z,c93f5b9153de8b13a476c630b9911e1f6173fb57,urls.xlsx,conciergerie-niort.fr,https://conciergerie-niort.fr,stage1,fetched,,,0,0,0,,stage1-12,,,0,pending,fetched,pending,pending,pending,filtered_lexical_miss,,auth_wording|suspicious_hosting_provider|js_redirect,0,,2026-04-06T16:32:04+00:00
run_20260406T163140Z,a8713794e0b7ea3c8dff075f1cb527bd49778518,urls.xlsx,beton888bonuuz30rb.cyou,https://beton888bonuuz30rb.cyou,stage1,fetched,,,0,0,0,,stage1-23,,,0,pending,fetched,pending,pending,pending,filtered_lexical_miss,,,0,,2026-04-06T16:32:04+00:00
run_20260406T163140Z,cca571d816bf0dc8d159824100ee2aea20b0156e,urls.xlsx,thirdshelterpress.com,https://thirdshelterpress.com,stage1,fetched,,,0,0,0,,stage1-63,,,0,pending,fetched,pending,pending,pending,filtered_lexical_miss,,js_redirect,0,,2026-04-06T16:32:04+00:00
run_20260406T163140Z,b6c9d1805d951abf9810d062d7ae017ef5003470,urls.xlsx,hollandgroupandassociates.com,https://hollandgroupandassociates.com,stage1,fetched,,,0,0,0,,stage1-65,,,0,pending,fetched,pending,pending,pending,filtered_lexical_miss,,,0,,2026-04-06T16:32:04+00:00
run_20260406T163140Z,91ac004f7e52747c19f78c5d547dc6ef51314dbb,urls.xlsx,yataganharem5.click,https://yataganharem5.click,stage1,fetched,,,0,0,0,,stage1-50,,,0,pending,fetched,pending,pending,pending,filtered_lexical_miss,,title_brand_match|body_brand_match|redirect_brand_match|final_domain_brand_match,0,,2026-04-06T16:32:04+00:00
run_20260406T163140Z,478f89fb8c682c079631ad555a027f38160f0fd0,urls.xlsx,optimacapitalvc.com,https://optimacapitalvc.com,stage1,escalated,ConnectTimeout,ConnectTimeout,0,0,0,route_to_dns_after_stage1_failure,stage1-70,,,0,pending,escalated,pending,pending,pending,pending,,stage1_fetch_failed,0,,2026-04-06T16:32:04+00:00
run_20260406T163140Z,e253376d4a67d2d4ad96b910145a3a94c6f30aa4,urls.xlsx,roblox303.store,https://roblox303.store,stage1,fetched,,,0,0,0,,stage1-38,,,0,pending,fetched,pending,pending,pending,filtered_lexical_miss,,meta_refresh,0,,2026-04-06T16:32:04+00:00
run_20260406T163140Z,e93abb09e9120fb5d3f3154b2b93886feb832fdf,urls.xlsx,crplasticos.com.br,https://crplasticos.com.br,stage1,fetched,,,0,0,0,,stage1-29,,,0,pending,fetched,pending,pending,pending,filtered_lexical_miss,,title_brand_match|body_brand_match,0,,2026-04-06T16:32:04+00:00
run_20260406T163140Z,2e49724c0dd54554e25b51d8b753a5f83b201c5a,urls.xlsx,snowtime.shop,https://snowtime.shop,stage1,fetched,,,0,0,0,,stage1-74,,,0,pending,fetched,pending,pending,pending,filtered_lexical_miss,,,0,,2026-04-06T16:32:04+00:00
run_20260406T163140Z,d3347ff8caa2aebe8a5b74d39cef5946aca3f375,urls.xlsx,djgekcf.icu,https://djgekcf.icu,stage1,fetched,,,0,0,0,,stage1-56,,,0,pending,fetched,pending,pending,pending,filtered_lexical_miss,,suspicious_certificate,0,,2026-04-06T16:32:04+00:00
run_20260406T163140Z,a2e3349247feb8ca1bfd19e7af72502f943881b2,urls.xlsx,yktdeo.com,https://yktdeo.com,stage1,fetched,,,0,0,0,,stage1-46,,,0,pending,fetched,pending,pending,pending,filtered_lexical_miss,,,0,,2026-04-06T16:32:04+00:00
run_20260406T163140Z,12fb07a1238b2543c32af96dc3d0bd968e739722,urls.xlsx,fresna.online,https://fresna.online,stage1,fetched,,,0,0,0,,stage1-32,,,0,pending,fetched,pending,pending,pending,filtered_lexical_miss,,auth_wording|suspicious_hosting_provider,0,,2026-04-06T16:32:04+00:00
run_20260406T163140Z,1c5e32f6fd567fe29145eef699710a4e17909bec,urls.xlsx,zh-ptgaming.com,https://zh-ptgaming.com,stage1,fetched,,,0,0,0,,stage1-33,,,0,pending,fetched,pending,pending,pending,filtered_lexical_miss,,iframe_present,0,,2026-04-06T16:32:05+00:00
run_20260406T163140Z,84126fb0d51b0e70cf1c00e3eb30357a7add63f0,urls.xlsx,dikagegrid.click,https://dikagegrid.click,stage1,fetched,,,0,0,0,,stage1-57,,,0,pending,fetched,pending,pending,pending,filtered_lexical_miss,,,0,,2026-04-06T16:32:05+00:00
run_20260406T163140Z,0742daf4b4d79ff8ec245d54ddcbe910e84796a7,urls.xlsx,swiftdrops.store,https://swiftdrops.store,stage1,fetched,ConnectTimeout,ConnectTimeout,0,0,0,,stage1-80,,,0,pending,fetched,pending,pending,pending,filtered_lexical_miss,,title_brand_match|body_brand_match,0,,2026-04-06T16:32:05+00:00
run_20260406T163140Z,ee531da72922ac13510ad639af9debd412b0c129,urls.xlsx,charmenowho.shop,https://charmenowho.shop,stage1,fetched,ConnectTimeout,ConnectTimeout,0,0,0,,stage1-81,,,0,pending,fetched,pending,pending,pending,filtered_lexical_miss,,,0,,2026-04-06T16:32:05+00:00
run_20260406T163140Z,44a1fd4ac7d6cf761fa727d0594ee57d5f25bf94,urls.xlsx,tonerrefillstoreho.shop,https://tonerrefillstoreho.shop,stage1,fetched,ConnectTimeout,ConnectTimeout,0,0,0,,stage1-82,,,0,pending,fetched,pending,pending,pending,filtered_lexical_miss,,,0,,2026-04-06T16:32:05+00:00
run_20260406T163140Z,d8f637f6cd46536c61c263f693a6a7bb144cbf99,urls.xlsx,alyxara.com,https://alyxara.com,stage1,fetched,,,0,0,0,,stage1-55,,,0,pending,fetched,pending,pending,pending,filtered_lexical_miss,,auth_wording|suspicious_hosting_provider,0,,2026-04-06T16:32:05+00:00
run_20260406T163140Z,05270ade9c8674de4bb4f16936cd7f49be588bae,urls.xlsx,unqvrhr60.shop,https://unqvrhr60.shop,stage1,escalated,ConnectError,[Errno 11001] getaddrinfo failed,0,0,0,route_to_dns_after_stage1_failure,stage1-32,,,0,pending,escalated,pending,pending,pending,pending,,stage1_fetch_failed,0,,2026-04-06T16:32:05+00:00
run_20260406T163140Z,69c3d5f3a9cb29ba7129bf5e997f8aeed3c411ff,urls.xlsx,greenbeangirltrainingtutoring.com,https://greenbeangirltrainingtutoring.com,stage1,fetched,,,0,0,0,,stage1-28,,,0,pending,fetched,pending,pending,pending,filtered_lexical_miss,,,0,,2026-04-06T16:32:05+00:00
run_20260406T163140Z,4afd478a121cf380022cfd10aca01e32b8147f5e,urls.xlsx,abfquoelx.com,https://abfquoelx.com,stage1,escalated,ConnectError,[Errno 11002] getaddrinfo failed,0,0,0,route_to_dns_after_stage1_failure,stage1-70,,,0,pending,escalated,pending,pending,pending,pending,,stage1_fetch_failed,0,,2026-04-06T16:32:05+00:00
run_20260406T163140Z,6849e971a38afdc3f4e5673894ad810d4da22ae3,urls.xlsx,doggiemax.com,https://doggiemax.com,stage1,fetched,,,0,0,0,,stage1-6,,,0,pending,fetched,pending,pending,pending,filtered_lexical_miss,,js_redirect,0,,2026-04-06T16:32:05+00:00
run_20260406T163140Z,e24191f096257b76fb99eb66a327a9a54353a100,urls.xlsx,thepatoolkit.com,https://thepatoolkit.com,stage1,fetched,,,0,0,0,,stage1-36,,,0,pending,fetched,pending,pending,pending,filtered_lexical_miss,,js_redirect,0,,2026-04-06T16:32:05+00:00
run_20260406T163140Z,a78729fcd35b4592ac8a4416031717e13805875e,urls.xlsx,netsafe.ovh,https://netsafe.ovh,stage1,fetched,ConnectTimeout,ConnectTimeout,0,0,0,,stage1-69,,,0,pending,fetched,pending,pending,pending,filtered_lexical_miss,,suspicious_hosting_provider,0,,2026-04-06T16:32:05+00:00
run_20260406T163140Z,e021441d2ea16f27bbebc7ae42b7621749445a79,urls.xlsx,gothamfinn.co,https://gothamfinn.co,stage1,fetched,ConnectTimeout,ConnectTimeout,0,0,0,,stage1-90,,,0,pending,fetched,pending,pending,pending,filtered_lexical_miss,,,0,,2026-04-06T16:32:05+00:00
run_20260406T163140Z,f9c909862be42c88c666300cddbb8530944b508d,urls.xlsx,preprod-ucimtbworldseries.com,https://preprod-ucimtbworldseries.com,stage1,escalated,ConnectError,[Errno 11001] getaddrinfo failed,0,0,0,route_to_dns_after_stage1_failure,stage1-57,,,0,pending,escalated,pending,pending,pending,pending,,stage1_fetch_failed,0,,2026-04-06T16:32:05+00:00
run_20260406T163140Z,a1e2b7436084b77377a69d9f8ca4bbb081935acc,urls.xlsx,mikogpt.ru,https://mikogpt.ru,stage1,fetched,ConnectTimeout,ConnectTimeout,0,0,0,,stage1-53,,,0,pending,fetched,pending,pending,pending,filtered_lexical_miss,,suspicious_hosting_provider,0,,2026-04-06T16:32:05+00:00
run_20260406T163140Z,ea18fff4fd79b109ce58dcd71a50dbc729d30162,urls.xlsx,saudenervocuremax.shop,https://saudenervocuremax.shop,stage1,fetched,,,0,0,0,,stage1-44,,,0,pending,fetched,pending,pending,pending,filtered_lexical_miss,,suspicious_hosting_provider,0,,2026-04-06T16:32:05+00:00
run_20260406T163140Z,b93b19637b991031d78bfb9b5a47e70ef3842d3c,urls.xlsx,moisesdevweb.com,https://moisesdevweb.com,stage1,fetched,,,0,0,0,,stage1-40,,,0,pending,fetched,pending,pending,pending,filtered_lexical_miss,,meta_brand_match|body_brand_match,0,,2026-04-06T16:32:05+00:00
run_20260406T163140Z,40f5a00fad670160103c2b96c98200a079bb42ec,urls.xlsx,bogitekniikka.fi,https://bogitekniikka.fi,stage1,fetched,ConnectTimeout,ConnectTimeout,0,0,0,,stage1-48,,,0,pending,fetched,pending,pending,pending,filtered_lexical_miss,,,0,,2026-04-06T16:32:05+00:00
run_20260406T163140Z,d09645a9e1f0064b4af26f53026189320436e2ef,urls.xlsx,penn-hpp.com,https://penn-hpp.com,stage1,fetched,ConnectTimeout,ConnectTimeout,0,0,0,,stage1-91,,,0,pending,fetched,pending,pending,pending,filtered_lexical_miss,,,0,,2026-04-06T16:32:06+00:00
run_20260406T163140Z,d3d8be1f01057eed89ef8797124cd4b46d5fd6e2,urls.xlsx,tnkproject.com,https://tnkproject.com,stage1,fetched,ConnectTimeout,ConnectTimeout,0,0,0,,stage1-30,,,0,pending,fetched,pending,pending,pending,filtered_lexical_miss,,body_brand_match|iframe_present,0,,2026-04-06T16:32:06+00:00
run_20260406T163140Z,962ae65a083559188021c55a3d41eb474102b6d3,urls.xlsx,ybiscom.fr,https://ybiscom.fr,stage1,escalated,ConnectError,[SSL: TLSV1_ALERT_INTERNAL_ERROR] tlsv1 alert internal error (_ssl.c:1007),0,0,0,route_to_dns_after_stage1_failure,stage1-21,,,0,pending,escalated,pending,pending,pending,pending,,stage1_fetch_failed,0,,2026-04-06T16:32:06+00:00
run_20260406T163140Z,a8c7ba5853cdb05c8d3bf0571947a6e7f07372fe,urls.xlsx,parquebatweania.com,https://parquebatweania.com,stage1,fetched,,,0,0,0,,stage1-20,,,0,pending,fetched,pending,pending,pending,filtered_lexical_miss,,body_brand_match,0,,2026-04-06T16:32:06+00:00
run_20260406T163140Z,04e61b6fcb0cb1c016f5b42c125bc8ae51f83078,urls.xlsx,ub-futas.hu,https://ub-futas.hu,stage1,fetched,ConnectTimeout,ConnectTimeout,0,0,0,,stage1-78,,,0,pending,fetched,pending,pending,pending,filtered_lexical_miss,,,0,,2026-04-06T16:32:06+00:00
run_20260406T163140Z,e5e0722ca070ace8f153e67a34af2e41c56c8098,urls.xlsx,syxtherocrex.world,https://syxtherocrex.world,stage1,fetched,ConnectTimeout,ConnectTimeout,0,0,0,,stage1-73,,,0,pending,fetched,pending,pending,pending,filtered_lexical_miss,,body_brand_match|auth_wording,0,,2026-04-06T16:32:06+00:00
run_20260406T163140Z,008ec246f2581f3ddcd0cdde530adeed55084042,urls.xlsx,shelbyserves.com,https://shelbyserves.com,stage1,fetched,ConnectTimeout,ConnectTimeout,0,0,0,,stage1-89,,,0,pending,fetched,pending,pending,pending,filtered_lexical_miss,,final_domain_changed,0,,2026-04-06T16:32:06+00:00
run_20260406T163140Z,b986f3124698ab7f59d029d9fc0b9e589a1f7bde,urls.xlsx,fxsnowcool.com,https://fxsnowcool.com,stage1,escalated,ConnectError,ConnectError,0,0,0,route_to_dns_after_stage1_failure,stage1-75,,,0,pending,escalated,pending,pending,pending,pending,,stage1_fetch_failed,0,,2026-04-06T16:32:06+00:00
run_20260406T163140Z,74d9646fd86f00c19216b7f07cb35cb691afc950,urls.xlsx,777gvipclub.com,https://777gvipclub.com,stage1,fetched,,,0,0,0,,stage1-3,,,0,pending,fetched,pending,pending,pending,filtered_lexical_miss,,,0,,2026-04-06T16:32:06+00:00
run_20260406T163140Z,5b55f657ad5219525e48db8ff638ca6d61c1fd23,urls.xlsx,suaconsulta2026.online,https://suaconsulta2026.online,stage1,escalated,ConnectError,[Errno 11001] getaddrinfo failed,0,0,0,route_to_dns_after_stage1_failure,stage1-73,,,0,pending,escalated,pending,pending,pending,pending,,stage1_fetch_failed,0,,2026-04-06T16:32:06+00:00
run_20260406T163140Z,0a4836ee294e4b42a49ce18d8274badbf6d34ef3,urls.xlsx,scarpe-it.ru,https://scarpe-it.ru,stage1,fetched,ConnectTimeout,ConnectTimeout,0,0,0,,stage1-85,,,0,pending,fetched,pending,pending,pending,filtered_lexical_miss,,favicon_brand_match,0,,2026-04-06T16:32:07+00:00
run_20260406T163140Z,5465803940fe838324128a8c981ecc0ba9042a3b,urls.xlsx,slexironphdrexox.world,https://slexironphdrexox.world,stage1,fetched,ConnectTimeout,ConnectTimeout,0,0,0,,stage1-93,,,0,pending,fetched,pending,pending,pending,filtered_lexical_miss,,meta_brand_match|multi_input_form,0,,2026-04-06T16:32:07+00:00
run_20260406T163140Z,59fd50a0aa98c37d3d9f00ff2361bade1d1ef5ff,urls.xlsx,bexarcasino.space,https://bexarcasino.space,stage1,fetched,ConnectTimeout,ConnectTimeout,0,0,0,,stage1-83,,,0,pending,fetched,pending,pending,pending,filtered_lexical_miss,,js_redirect,0,,2026-04-06T16:32:07+00:00
run_20260406T163140Z,e593f3cccd53c5d0416b09170ccef4778b4c64a8,urls.xlsx,ivqojlz1513.top,https://ivqojlz1513.top,stage1,fetched,ConnectTimeout,ConnectTimeout,0,0,0,,stage1-94,,,0,pending,fetched,pending,pending,pending,filtered_lexical_miss,,,0,,2026-04-06T16:32:07+00:00
run_20260406T163140Z,9ca708e5b96863dde5af1caec0a4f196137d7dbe,urls.xlsx,beatyourbuddies.online,https://beatyourbuddies.online,stage1,fetched,ConnectTimeout,ConnectTimeout,0,0,0,,stage1-77,,,0,pending,fetched,pending,pending,pending,filtered_lexical_miss,,favicon_brand_match,0,,2026-04-06T16:32:07+00:00
run_20260406T163140Z,06c1380903794a1be8d18cd0bcee6f316f2448db,urls.xlsx,tutera.ru,https://tutera.ru,stage1,fetched,ConnectTimeout,ConnectTimeout,0,0,0,,stage1-88,,,0,pending,fetched,pending,pending,pending,filtered_lexical_miss,,,0,,2026-04-06T16:32:07+00:00
run_20260406T163140Z,e85c3df1805b4d72b7a45c6975f8bcb8f6d06ab4,urls.xlsx,aifinance.global,https://aifinance.global,stage1,fetched,,,0,0,0,,stage1-47,,,0,pending,fetched,pending,pending,pending,filtered_lexical_miss,,body_brand_match|auth_wording,0,,2026-04-06T16:32:07+00:00
run_20260406T163140Z,70bc83d87cead2fea173e6650e5c47f7797e8197,urls.xlsx,uk-travel.ru,https://uk-travel.ru,stage1,fetched,ConnectTimeout,ConnectTimeout,0,0,0,,stage1-92,,,0,pending,fetched,pending,pending,pending,filtered_lexical_miss,,,0,,2026-04-06T16:32:07+00:00
run_20260406T163140Z,3f696476fadbe87dcdb2e0c4e252958cd8e8713d,urls.xlsx,easy-sponso.com,https://easy-sponso.com,stage1,fetched,,,0,0,0,,stage1-37,,,0,pending,fetched,pending,pending,pending,filtered_lexical_miss,,,0,,2026-04-06T16:32:07+00:00
run_20260406T163140Z,01924cebdcc00553bcd8155f4946083bf987faaa,urls.xlsx,perchproject.org,https://perchproject.org,stage1,fetched,,,0,0,0,,stage1-4,,,0,pending,fetched,pending,pending,pending,filtered_lexical_miss,,body_brand_match|suspicious_hosting_provider,0,,2026-04-06T16:32:07+00:00
run_20260406T163140Z,c65097f77733730f8cad8e144315170d151015d1,urls.xlsx,eeeey.cc,https://eeeey.cc,stage1,fetched,ConnectTimeout,ConnectTimeout,0,0,0,,stage1-86,,,0,pending,fetched,pending,pending,pending,filtered_lexical_miss,,,0,,2026-04-06T16:32:07+00:00
run_20260406T163140Z,f58b7a2618cf815b3c1febb7708d978983ba5a57,urls.xlsx,learningonly.store,https://learningonly.store,stage1,fetched,ConnectTimeout,ConnectTimeout,0,0,0,,stage1-87,,,0,pending,fetched,pending,pending,pending,filtered_lexical_miss,,meta_refresh|final_domain_changed,0,,2026-04-06T16:32:07+00:00
run_20260406T163140Z,3f95423fa4ca09a762217c3da37fd35941cbdc49,urls.xlsx,nmjiaojinginc.shop,https://nmjiaojinginc.shop,stage1,fetched,ConnectTimeout,ConnectTimeout,0,0,0,,stage1-13,,,0,pending,fetched,pending,pending,pending,filtered_lexical_miss,,,0,,2026-04-06T16:32:07+00:00
run_20260406T163140Z,f747643bb4462e7b979bdac4247d3a8316bc438e,urls.xlsx,secure-kyc.com,https://secure-kyc.com,stage1,fetched,,,0,0,0,,stage1-0,,,0,pending,fetched,pending,pending,pending,filtered_lexical_miss,,title_brand_match|body_brand_match|suspicious_hosting_provider,0,,2026-04-06T16:32:07+00:00
run_20260406T163140Z,c6db060dd7c335f67e5523f13dbdb364f6db47a0,urls.xlsx,o3zxth.top,https://o3zxth.top,stage1,escalated,ConnectError,[SSL] unknown error (_ssl.c:1007),0,0,0,route_to_dns_after_stage1_failure,stage1-78,,,0,pending,escalated,pending,pending,pending,pending,,stage1_fetch_failed,0,,2026-04-06T16:32:07+00:00
run_20260406T163140Z,3f7a5023045a5e6fc5affed82136b84ec2fca563,urls.xlsx,eatalymarket.shop,https://eatalymarket.shop,stage1,fetched,,,0,0,0,,stage1-59,,,0,pending,fetched,pending,pending,pending,filtered_lexical_miss,,body_brand_match|login_form|auth_wording|multi_input_form,0,,2026-04-06T16:32:07+00:00
run_20260406T163140Z,dcd508e3a4fba7b5543f014e6e80ce2b73d9a128,urls.xlsx,annarbormarket.com,https://annarbormarket.com,stage1,fetched,,,0,0,0,,stage1-5,,,0,pending,fetched,pending,pending,pending,filtered_lexical_miss,,,0,,2026-04-06T16:32:07+00:00
run_20260406T163140Z,5affcbd0d4d77ab0a78b171e00aab478be5f41de,urls.xlsx,exodusbrk.com,https://exodusbrk.com,stage1,fetched,ConnectTimeout,ConnectTimeout,0,0,0,,stage1-54,,,0,pending,fetched,pending,pending,pending,filtered_lexical_miss,,auth_wording,0,,2026-04-06T16:32:08+00:00
run_20260406T163140Z,d0e2c06f03d199665e436819703888e3079e997e,urls.xlsx,verify-kyc.com,https://verify-kyc.com,stage1,fetched,,,0,0,0,,stage1-68,,,0,pending,fetched,pending,pending,pending,filtered_lexical_miss,,,0,,2026-04-06T16:32:08+00:00
run_20260406T163140Z,7509ba68edf4682a02e5d818657cd32fbaa36d25,urls.xlsx,nevermindmedia.ch,https://nevermindmedia.ch,stage1,fetched,,,0,0,0,,stage1-8,,,0,pending,fetched,pending,pending,pending,filtered_lexical_miss,,auth_wording|suspicious_hosting_provider,0,,2026-04-06T16:32:08+00:00
run_20260406T163140Z,47f056b5bbdcd3fd0806076517eba816d0412814,urls.xlsx,zrsanalyst.com,https://zrsanalyst.com,stage1,fetched,,,0,0,0,,stage1-71,,,0,pending,fetched,pending,pending,pending,filtered_lexical_miss,,,0,,2026-04-06T16:32:08+00:00
run_20260406T163140Z,96cad61b798ad0f80a6f30080643d29d94ca6eb6,urls.xlsx,mis4624.cc,https://mis4624.cc,stage1,escalated,ConnectError,[Errno 11001] getaddrinfo failed,0,0,0,route_to_dns_after_stage1_failure,stage1-87,,,0,pending,escalated,pending,pending,pending,pending,,stage1_fetch_failed,0,,2026-04-06T16:32:08+00:00
run_20260406T163140Z,442bbf1db7361addbe9f19638dd4260e6f592738,urls.xlsx,zentozavoveltopentolaxinilo.click,https://zentozavoveltopentolaxinilo.click,stage1,fetched,,,0,0,0,,stage1-42,,,0,pending,fetched,pending,pending,pending,filtered_lexical_miss,,body_brand_match,0,,2026-04-06T16:32:08+00:00
run_20260406T163140Z,d9c1e788511bd4cb53f3fdc6cd3c70da14444ec1,urls.xlsx,519zx.top,https://519zx.top,stage1,fetched,,,0,0,0,,stage1-79,,,0,pending,fetched,pending,pending,pending,filtered_lexical_miss,,title_brand_match|body_brand_match,0,,2026-04-06T16:32:08+00:00
run_20260406T163140Z,5648e2245aca5a9cb2efba14d72fae1a5b0540e3,urls.xlsx,piezosistem.com,https://piezosistem.com,stage1,fetched,ConnectTimeout,ConnectTimeout,0,0,0,,stage1-84,,,0,pending,fetched,pending,pending,pending,filtered_lexical_miss,,final_domain_changed,0,,2026-04-06T16:32:08+00:00
run_20260406T163140Z,1e27745e6ccabce3f8adb5826be2d0a4c1cefea5,urls.xlsx,coastalcounselingcenter.org,https://coastalcounselingcenter.org,stage1,escalated,ConnectError,[Errno 11001] getaddrinfo failed,0,0,0,route_to_dns_after_stage1_failure,stage1-8,,,0,pending,escalated,pending,pending,pending,pending,,stage1_fetch_failed,0,,2026-04-06T16:32:08+00:00
run_20260406T163140Z,16f7f915fca03f7fa901915bf5c76c756c59ec8a,urls.xlsx,logrenuunics.com,https://logrenuunics.com,stage1,fetched,,,0,0,0,,stage1-51,,,0,pending,fetched,pending,pending,pending,filtered_lexical_miss,,title_brand_match|body_brand_match|redirect_brand_match|final_domain_brand_match|js_redirect|iframe_present,0,,2026-04-06T16:32:08+00:00
run_20260406T163140Z,7462ea2bc7e793f46463285a10a95f270eb6369b,urls.xlsx,jskbalaghat.org,https://jskbalaghat.org,stage1,fetched,,,0,0,0,,stage1-49,,,0,pending,fetched,pending,pending,pending,filtered_lexical_miss,,,0,,2026-04-06T16:32:08+00:00
run_20260406T163140Z,c7057373b3a48210f10919eec135113ba66495ed,urls.xlsx,hgi5z6n1d.vip,https://hgi5z6n1d.vip,stage1,fetched,,,0,0,0,,stage1-26,,,0,pending,fetched,pending,pending,pending,filtered_lexical_miss,,js_redirect|final_domain_changed,0,,2026-04-06T16:32:08+00:00
run_20260406T163140Z,7675cbac6bc5f734b8d48fd1befc4c90435f88e1,urls.xlsx,joel-angelina-wedding.com,https://joel-angelina-wedding.com,stage1,fetched,,,0,0,0,,stage1-31,,,0,pending,fetched,pending,pending,pending,filtered_lexical_miss,,meta_brand_match,0,,2026-04-06T16:32:08+00:00
run_20260406T163140Z,cbe61f33ec1ec4da7b0b2c8cb44e242592f4008f,urls.xlsx,thinkproguard.com,https://thinkproguard.com,stage1,fetched,ConnectTimeout,ConnectTimeout,0,0,0,,stage1-66,,,0,pending,fetched,pending,pending,pending,filtered_lexical_miss,,suspicious_hosting_provider|final_domain_changed,0,,2026-04-06T16:32:08+00:00
run_20260406T163140Z,447b22a4e21d88fda440d0cd4a36c0a2ec1b2931,urls.xlsx,hixemuzydo.pro,https://hixemuzydo.pro,stage1,fetched,,,0,0,0,,stage1-45,,,0,pending,fetched,pending,pending,pending,filtered_lexical_miss,,meta_brand_match|body_brand_match,0,,2026-04-06T16:32:08+00:00
run_20260406T163140Z,752cf9f1d3e60bd70daa3c4f86bd2c17c6e61fba,urls.xlsx,chargemoment.com,https://chargemoment.com,stage1,fetched,,,0,0,0,,stage1-27,,,0,pending,fetched,pending,pending,pending,filtered_lexical_miss,,form_action_mismatch,0,,2026-04-06T16:32:08+00:00
run_20260406T163140Z,77a467c0991387e2e73cf17069ece4fe9983bcd5,urls.xlsx,mediavision.store,https://mediavision.store,stage1,fetched,,,0,0,0,,stage1-61,,,0,pending,fetched,pending,pending,pending,filtered_lexical_miss,,js_redirect,0,,2026-04-06T16:32:08+00:00
run_20260406T163140Z,cf070e8b601262cd447fd29e7d5719396621e445,urls.xlsx,brierleysovereigngroup.info,https://brierleysovereigngroup.info,stage1,escalated,ConnectError,[SSL: TLSV1_ALERT_INTERNAL_ERROR] tlsv1 alert internal error (_ssl.c:1007),0,0,0,route_to_dns_after_stage1_failure,stage1-48,,,0,pending,escalated,pending,pending,pending,pending,,stage1_fetch_failed,0,,2026-04-06T16:32:08+00:00
run_20260406T163140Z,c24f80e1cad7154f4fefcc00e9aa88b8d09bdd77,urls.xlsx,carelessvibe.com,https://carelessvibe.com,stage1,fetched,,,0,0,0,,stage1-39,,,0,pending,fetched,pending,pending,pending,filtered_lexical_miss,,js_redirect,0,,2026-04-06T16:32:08+00:00
run_20260406T163140Z,521731e3c13b3491b2476b2afe62d25d102aa1f3,urls.xlsx,8eight.com.tw,https://8eight.com.tw,stage1,fetched,,,0,0,0,,stage1-34,,,0,pending,fetched,pending,pending,pending,filtered_lexical_miss,,js_redirect,0,,2026-04-06T16:32:08+00:00
run_20260406T163140Z,f435f5054df174adcbe6b5557f5ecba2a3ab6f34,urls.xlsx,e7v7c6y.com,https://e7v7c6y.com,stage1,fetched,ConnectTimeout,ConnectTimeout,0,0,0,,stage1-76,,,0,pending,fetched,pending,pending,pending,filtered_lexical_miss,,body_brand_match|auth_wording|final_domain_changed,0,,2026-04-06T16:32:08+00:00
run_20260406T163140Z,aef9909287f524378719bf3b0ac5bd7f176bb943,urls.xlsx,permabrows.us,https://permabrows.us,stage1,fetched,,,0,0,0,,stage1-52,,,0,pending,fetched,pending,pending,pending,filtered_lexical_miss,,,0,,2026-04-06T16:32:08+00:00
run_20260406T163140Z,4b78d3c957d6b9d924030163143be445a837f7db,urls.xlsx,inesceramica.pt,https://inesceramica.pt,stage1,fetched,,,0,0,0,,stage1-35,,,0,pending,fetched,pending,pending,pending,filtered_lexical_miss,,favicon_brand_match|image_heavy_low_text,0,,2026-04-06T16:32:08+00:00
run_20260406T163140Z,2c1c166249201c77525bd0accc90df3fd6540020,urls.xlsx,bit.ly,https://bit.ly,stage1,fetched,,,0,0,0,,stage1-58,,,0,pending,fetched,pending,pending,pending,filtered_lexical_miss,,favicon_brand_match|final_domain_changed,0,,2026-04-06T16:32:08+00:00
run_20260406T163140Z,67bb8e7fb7f7c8a859a1449ba9563f84be70e63e,urls.xlsx,quadbottles.store,https://quadbottles.store,stage1,fetched,,,0,0,0,,stage1-12,,,0,pending,fetched,pending,pending,pending,filtered_lexical_miss,,js_redirect,0,,2026-04-06T16:32:08+00:00
run_20260406T163140Z,cf9d98ca8a76b8525c279c35deb4fbc671e48af3,urls.xlsx,manto90.store,https://manto90.store,stage1,fetched,,,0,0,0,,stage1-2,,,0,pending,fetched,pending,pending,pending,filtered_lexical_miss,,,0,,2026-04-06T16:32:09+00:00
run_20260406T163140Z,aab251f4e036a328760fe44dd9a4203291bff532,urls.xlsx,allsetfacilitygroup.com,https://allsetfacilitygroup.com,stage1,fetched,,,0,0,0,,stage1-9,,,0,pending,fetched,pending,pending,pending,filtered_lexical_miss,,favicon_brand_match,0,,2026-04-06T16:32:09+00:00
run_20260406T163140Z,cccbf97700f9dd9e3acd0b8436fb2a8185d6c7de,urls.xlsx,vipslot.casino,https://vipslot.casino,stage1,fetched,,,0,0,0,,stage1-60,,,0,pending,fetched,pending,pending,pending,filtered_lexical_miss,,body_brand_match,0,,2026-04-06T16:32:09+00:00
run_20260406T163140Z,139b9d6e7ccb36b139fd5e615ee0132d7c195bbc,urls.xlsx,wfbmus.org,https://wfbmus.org,stage1,fetched,,,0,0,0,,stage1-38,,,0,pending,fetched,pending,pending,pending,filtered_lexical_miss,,,0,,2026-04-06T16:32:09+00:00
run_20260406T163140Z,d436644692ff886f99e9ce6732451681637cd360,urls.xlsx,f1blue.com,https://f1blue.com,stage1,escalated,ConnectError,[Errno 11002] getaddrinfo failed,0,0,0,route_to_dns_after_stage1_failure,stage1-32,,,0,pending,escalated,pending,pending,pending,pending,,stage1_fetch_failed,0,,2026-04-06T16:32:09+00:00
run_20260406T163140Z,708b11b6d24e596f0c978bdeaf2c740d93fcb0e0,urls.xlsx,71042.vip,https://71042.vip,stage1,fetched,,,0,0,0,,stage1-25,,,0,pending,fetched,pending,pending,pending,filtered_lexical_miss,,,0,,2026-04-06T16:32:09+00:00
run_20260406T163140Z,a4a0f6ee325a7358d22b51dc5559ec4879ecf2f9,urls.xlsx,dynamicdigitalmastery.com,https://dynamicdigitalmastery.com,stage1,fetched,,,0,0,0,,stage1-24,,,0,pending,fetched,pending,pending,pending,filtered_lexical_miss,,,0,,2026-04-06T16:32:09+00:00
run_20260406T163140Z,9da363dab2faa3b73a1aa817d2e3aac50301ad74,urls.xlsx,essentialcleaningservicesusa.com,https://essentialcleaningservicesusa.com,stage1,fetched,,,0,0,0,,stage1-64,,,0,pending,fetched,pending,pending,pending,filtered_lexical_miss,,favicon_brand_match|redirect_brand_match|final_domain_brand_match|suspicious_hosting_provider,0,,2026-04-06T16:32:09+00:00
run_20260406T163140Z,7708443d6e0db067db814ce831dff5b0fca9f90c,urls.xlsx,rush-bodyplan.homes,https://rush-bodyplan.homes,stage1,fetched,,,0,0,0,,stage1-41,,,0,pending,fetched,pending,pending,pending,filtered_lexical_miss,,body_brand_match,0,,2026-04-06T16:32:09+00:00
run_20260406T163140Z,089e89e7e3c4f29ed55569ba34338d308f457d3a,urls.xlsx,itplayegypt.win,https://itplayegypt.win,stage1,fetched,,,0,0,0,,stage1-18,,,0,pending,fetched,pending,pending,pending,filtered_lexical_miss,,body_brand_match,0,,2026-04-06T16:32:09+00:00
run_20260406T163140Z,3077dbb9d57684f96225bd63c73cdf9acf561404,urls.xlsx,hysefo.com,https://hysefo.com,stage1,fetched,ConnectTimeout,ConnectTimeout,0,0,0,,stage1-67,,,0,pending,fetched,pending,pending,pending,filtered_lexical_miss,,body_brand_match|auth_wording|final_domain_changed,0,,2026-04-06T16:32:09+00:00
run_20260406T163140Z,75cba92757c0529424595e70800b681704096eaa,urls.xlsx,soyprotagonistafinanciero.com,https://soyprotagonistafinanciero.com,stage1,fetched,,,0,0,0,,stage1-95,,,0,pending,fetched,pending,pending,pending,filtered_lexical_miss,,,0,,2026-04-06T16:32:09+00:00
run_20260406T163140Z,4227399b20da2c796986e22729fd5d14709a8393,urls.xlsx,tredmind.com,https://tredmind.com,stage1,fetched,,,0,0,0,,stage1-62,,,0,pending,fetched,pending,pending,pending,filtered_lexical_miss,,,0,,2026-04-06T16:32:09+00:00
run_20260406T163140Z,5899cb098a7c17e8c2052f45315075b3bbd2baec,urls.xlsx,edugig.xyz,https://edugig.xyz,stage1,fetched,,,0,0,0,,stage1-29,,,0,pending,fetched,pending,pending,pending,filtered_lexical_miss,,meta_brand_match|body_brand_match|auth_wording,0,,2026-04-06T16:32:09+00:00
run_20260406T163140Z,c307913bf7abbb95adfe7d65f53f247bbe8f546c,urls.xlsx,traverseskier.com,https://traverseskier.com,stage1,fetched,,,0,0,0,,stage1-43,,,0,pending,fetched,pending,pending,pending,filtered_lexical_miss,,form_action_mismatch,0,,2026-04-06T16:32:09+00:00
run_20260406T163140Z,9854a21403ffa73de996f95955a8b02acb5bdc08,urls.xlsx,cifibiu.pro,https://cifibiu.pro,stage1,fetched,,,0,0,0,,stage1-50,,,0,pending,fetched,pending,pending,pending,filtered_lexical_miss,,body_brand_match|favicon_brand_match|login_form|auth_wording|multi_input_form,0,,2026-04-06T16:32:09+00:00
run_20260406T163140Z,ba92f2732eb3abec2bf7925673abf88ee3c4130b,urls.xlsx,laoshuanliagou.bond,https://laoshuanliagou.bond,stage1,fetched,,,0,0,0,,stage1-1,,,0,pending,fetched,pending,pending,pending,filtered_lexical_miss,,,0,,2026-04-06T16:32:09+00:00
run_20260406T163140Z,e3d4b8736a15a379fa9709886b547bf7bc99a361,urls.xlsx,root-ro.info,https://root-ro.info,stage1,fetched,ConnectTimeout,ConnectTimeout,0,0,0,,stage1-72,,,0,pending,fetched,pending,pending,pending,filtered_lexical_miss,,body_brand_match|auth_wording|final_domain_changed,0,,2026-04-06T16:32:09+00:00
run_20260406T163140Z,ece5e81bad1672b157e3c5720d6c6388bc503684,urls.xlsx,lfsidou.com,https://lfsidou.com,stage1,fetched,,,0,0,0,,stage1-23,,,0,pending,fetched,pending,pending,pending,filtered_lexical_miss,,form_action_mismatch,0,,2026-04-06T16:32:09+00:00
run_20260406T163140Z,d71ea53435bb9da6f1961083dd8e76c4aa5aa670,urls.xlsx,app-mkwangzhi.com,https://app-mkwangzhi.com,stage1,fetched,,,0,0,0,,stage1-74,,,0,pending,fetched,pending,pending,pending,filtered_lexical_miss,,favicon_brand_match|suspicious_certificate,0,,2026-04-06T16:32:09+00:00
run_20260406T163140Z,929cc6e229ef2a0766443561e5a741812cef52f2,urls.xlsx,soilandturfconsulting.com,https://soilandturfconsulting.com,stage1,fetched,,,0,0,0,,stage1-6,,,0,pending,fetched,pending,pending,pending,filtered_lexical_miss,,,0,,2026-04-06T16:32:09+00:00
run_20260406T163140Z,3dd2e1c3d99bf337715db31da448b3fcb3d5f967,urls.xlsx,5500betsk.com,https://5500betsk.com,stage1,escalated,,,0,0,0,,stage1-63,,,0,pending,escalated,pending,pending,pending,pending,,meta_brand_match|body_brand_match|favicon_brand_match|login_form|auth_wording|hard_trigger,0,,2026-04-06T16:32:09+00:00
run_20260406T163140Z,e553805ed8776bae468997ad3f3cd7c0f41b5790,urls.xlsx,brandmappr.com,https://brandmappr.com,stage1,escalated,ConnectTimeout,ConnectTimeout,0,0,0,route_to_dns_after_stage1_failure,stage1-16,,,0,pending,escalated,pending,pending,pending,pending,,stage1_fetch_failed,0,,2026-04-06T16:32:09+00:00
run_20260406T163140Z,46a0a2699179810eb7a8e4e6a74193bd1d58c6e5,urls.xlsx,di9rke.top,https://di9rke.top,stage1,escalated,ConnectError,[SSL] unknown error (_ssl.c:1007),0,0,0,route_to_dns_after_stage1_failure,stage1-59,,,0,pending,escalated,pending,pending,pending,pending,,stage1_fetch_failed,0,,2026-04-06T16:32:09+00:00
run_20260406T163140Z,36f4e684538fd09130a2089f989db8f616df4254,urls.xlsx,jiaotongzd.com,https://jiaotongzd.com,stage1,fetched,,,0,0,0,,stage1-70,,,0,pending,fetched,pending,pending,pending,filtered_lexical_miss,,,0,,2026-04-06T16:32:09+00:00
run_20260406T163140Z,a8aee70594a82ec259236744ff6df064c3bdd93d,urls.xlsx,creditrepair-help.com,https://creditrepair-help.com,stage1,fetched,,,0,0,0,,stage1-57,,,0,pending,fetched,pending,pending,pending,filtered_lexical_miss,,js_redirect,0,,2026-04-06T16:32:09+00:00
run_20260406T163140Z,9322b91f83265e2f72bbf6999ce6e47bb63e9427,urls.xlsx,5ggnp.buzz,https://5ggnp.buzz,stage1,fetched,,,0,0,0,,stage1-15,,,0,pending,fetched,pending,pending,pending,filtered_lexical_miss,,multi_redirect_chain|js_redirect|final_domain_changed,0,,2026-04-06T16:32:09+00:00
run_20260406T163140Z,4d483717c6e90f1bfc24b2a7d4a807a8d9ef22dc,urls.xlsx,tayceculture.com,https://tayceculture.com,stage1,fetched,,,0,0,0,,stage1-10,,,0,pending,fetched,pending,pending,pending,filtered_lexical_miss,,,0,,2026-04-06T16:32:09+00:00
run_20260406T163140Z,0ab3cc7a3e3b238926a542fc1add218dd70b3f9f,urls.xlsx,ampmskincare.com,https://ampmskincare.com,stage1,fetched,,,0,0,0,,stage1-53,,,0,pending,fetched,pending,pending,pending,filtered_lexical_miss,,js_redirect,0,,2026-04-06T16:32:09+00:00
run_20260406T163140Z,ff36719b871606fac6112ac458c4f17f9fa4e641,urls.xlsx,suesholidayhub.com,https://suesholidayhub.com,stage1,fetched,,,0,0,0,,stage1-28,,,0,pending,fetched,pending,pending,pending,filtered_lexical_miss,,auth_wording|suspicious_hosting_provider,0,,2026-04-06T16:32:10+00:00
run_20260406T163140Z,f204a646bcbcf6548f326fd59291e250ddc10078,urls.xlsx,metaads.pro,https://metaads.pro,stage1,fetched,,,0,0,0,,stage1-69,,,0,pending,fetched,pending,pending,pending,filtered_lexical_miss,,auth_wording|suspicious_hosting_provider,0,,2026-04-06T16:32:10+00:00
run_20260406T163140Z,e1de14b6bf17f067b3b896a26e4b452021058414,urls.xlsx,shaart.com,https://shaart.com,stage1,fetched,,,0,0,0,,stage1-46,,,0,pending,fetched,pending,pending,pending,filtered_lexical_miss,,js_redirect,0,,2026-04-06T16:32:10+00:00
run_20260406T163140Z,60da9d56ba66987bdbc7b30f5a5defe5ed1d1b07,urls.xlsx,inwestonauci.pl,https://inwestonauci.pl,stage1,fetched,,,0,0,0,,stage1-80,,,0,pending,fetched,pending,pending,pending,filtered_lexical_miss,,,0,,2026-04-06T16:32:10+00:00
run_20260406T163140Z,d6db9acfcea2661365df315e141093acfdcf4d9d,urls.xlsx,surpriseoflifellc.com,https://surpriseoflifellc.com,stage1,fetched,,,0,0,0,,stage1-91,,,0,pending,fetched,pending,pending,pending,filtered_lexical_miss,,,0,,2026-04-06T16:32:10+00:00
run_20260406T163140Z,f91149e733563c7531ac1790c229b0f2606bcdc6,urls.xlsx,my-auth23948.com,https://my-auth23948.com,stage1,fetched,,,0,0,0,,stage1-36,,,0,pending,fetched,pending,pending,pending,filtered_lexical_miss,,title_brand_match|meta_brand_match|body_brand_match|favicon_brand_match|multi_input_form,0,,2026-04-06T16:32:10+00:00
run_20260406T163140Z,2885b489ab584780fd9a684ff6d4f298365e6a50,urls.xlsx,sportrade.blog,https://sportrade.blog,stage1,fetched,,,0,0,0,,stage1-40,,,0,pending,fetched,pending,pending,pending,filtered_lexical_miss,,js_redirect,0,,2026-04-06T16:32:10+00:00
run_20260406T163140Z,7a8f6bc623ad7c4b318ce46d57f5173132422b9b,urls.xlsx,tuterrenoenchile.cl,https://tuterrenoenchile.cl,stage1,fetched,ConnectTimeout,ConnectTimeout,0,0,0,,stage1-17,,,0,pending,fetched,pending,pending,pending,filtered_lexical_miss,,,0,,2026-04-06T16:32:10+00:00
run_20260406T163140Z,9f8adcde970658b9455cee88e277ac8b0e0c5109,urls.xlsx,lesfermesdespoir.fr,https://lesfermesdespoir.fr,stage1,fetched,,,0,0,0,,stage1-33,,,0,pending,fetched,pending,pending,pending,filtered_lexical_miss,,body_brand_match,0,,2026-04-06T16:32:10+00:00
run_20260406T163140Z,63c37f07bf42ed4b4a37d81d9ad131194699cfba,urls.xlsx,rosastoneeg.com,https://rosastoneeg.com,stage1,escalated,ConnectError,[SSL: TLSV1_ALERT_INTERNAL_ERROR] tlsv1 alert internal error (_ssl.c:1007),0,0,0,route_to_dns_after_stage1_failure,stage1-37,,,0,pending,escalated,pending,pending,pending,pending,,stage1_fetch_failed,0,,2026-04-06T16:32:10+00:00
run_20260406T163140Z,f8c9ff4d1767bc63ef006b0ba829b8654d4745f5,urls.xlsx,ibramep.com,https://ibramep.com,stage1,escalated,ConnectTimeout,ConnectTimeout,0,0,0,route_to_dns_after_stage1_failure,stage1-11,,,0,pending,escalated,pending,pending,pending,pending,,stage1_fetch_failed,0,,2026-04-06T16:32:10+00:00
run_20260406T163140Z,eaf11f584e6cbf2fa14809d9c0b7e7c41e46c17f,urls.xlsx,avbyfpho.shop,https://avbyfpho.shop,stage1,fetched,,,0,0,0,,stage1-85,,,0,pending,fetched,pending,pending,pending,filtered_lexical_miss,,,0,,2026-04-06T16:32:10+00:00
run_20260406T163140Z,36a0c8454be29f967bfc8745366aa0ac76c7a094,urls.xlsx,globalbookpublication.com,https://globalbookpublication.com,stage1,fetched,,,0,0,0,,stage1-90,,,0,pending,fetched,pending,pending,pending,filtered_lexical_miss,,suspicious_hosting_provider,0,,2026-04-06T16:32:10+00:00
run_20260406T163140Z,39075f97d72e1774b5224204333107118cb5bdcd,urls.xlsx,elit-stomatolog.ru,https://elit-stomatolog.ru,stage1,fetched,,,0,0,0,,stage1-93,,,0,pending,fetched,pending,pending,pending,filtered_lexical_miss,,,0,,2026-04-06T16:32:10+00:00
run_20260406T163140Z,c241e2cf2508318b3eea129ce06f51039e467619,urls.xlsx,kycedeoni.autos,https://kycedeoni.autos,stage1,fetched,,,0,0,0,,stage1-20,,,0,pending,fetched,pending,pending,pending,filtered_lexical_miss,,title_brand_match|body_brand_match,0,,2026-04-06T16:32:10+00:00
run_20260406T163140Z,1e342ed60c20508b9a86fb64233072998bc64ad3,urls.xlsx,chillcollege.com,https://chillcollege.com,stage1,fetched,,,0,0,0,,stage1-83,,,0,pending,fetched,pending,pending,pending,filtered_lexical_miss,,js_redirect,0,,2026-04-06T16:32:10+00:00
run_20260406T163140Z,ad19328b16904e8d7b9795b9e09b4f944db4cfe0,urls.xlsx,clayhole.click,https://clayhole.click,stage1,fetched,,,0,0,0,,stage1-55,,,0,pending,fetched,pending,pending,pending,filtered_lexical_miss,,,0,,2026-04-06T16:32:10+00:00
run_20260406T163140Z,0ff8d0fd87202e1b4fbd791205c1ea2acfbda93c,urls.xlsx,graniteindustriesinc.com,https://graniteindustriesinc.com,stage1,fetched,,,0,0,0,,stage1-3,,,0,pending,fetched,pending,pending,pending,filtered_lexical_miss,,,0,,2026-04-06T16:32:10+00:00
run_20260406T163140Z,ebac27106e377debcab905316d23574827233b14,urls.xlsx,bluewaterpoolsusa.com,https://bluewaterpoolsusa.com,stage1,fetched,,,0,0,0,,stage1-94,,,0,pending,fetched,pending,pending,pending,filtered_lexical_miss,,redirect_brand_match|final_domain_brand_match|js_redirect,0,,2026-04-06T16:32:10+00:00
run_20260406T163140Z,f0d357a7b62fa1a28c4651bd9de0f75fe12146c6,urls.xlsx,twentysixer.ru,https://twentysixer.ru,stage1,escalated,ConnectTimeout,ConnectTimeout,0,0,0,route_to_dns_after_stage1_failure,stage1-22,,,0,pending,escalated,pending,pending,pending,pending,,stage1_fetch_failed,0,,2026-04-06T16:32:10+00:00
run_20260406T163140Z,8c15f521b3fd51c36dafe49ff91ee5607fc95a11,urls.xlsx,anptght-jp.com,https://anptght-jp.com,stage1,fetched,,,0,0,0,,stage1-81,,,0,pending,fetched,pending,pending,pending,filtered_lexical_miss,,image_heavy_low_text,0,,2026-04-06T16:32:10+00:00
run_20260406T163140Z,f19bb1291e0120a2f12334f165ea0abf14ed1156,urls.xlsx,wantianzf.com,https://wantianzf.com,stage1,fetched,,,0,0,0,,stage1-56,,,0,pending,fetched,pending,pending,pending,filtered_lexical_miss,,,0,,2026-04-06T16:32:10+00:00
run_20260406T163140Z,0d3e759adea23d58fb1637cce4ee278c9abe07c5,urls.xlsx,outlandscodex.ai,https://outlandscodex.ai,stage1,fetched,,,0,0,0,,stage1-21,,,0,pending,fetched,pending,pending,pending,filtered_lexical_miss,,meta_brand_match,0,,2026-04-06T16:32:10+00:00
run_20260406T163140Z,e4c44441834731802961a9b4eed45fceddf1d58e,urls.xlsx,exerciseok.com,https://exerciseok.com,stage1,fetched,ConnectTimeout,ConnectTimeout,0,0,0,,stage1-19,,,0,pending,fetched,pending,pending,pending,filtered_lexical_miss,,body_brand_match|auth_wording|final_domain_changed,0,,2026-04-06T16:32:10+00:00
run_20260406T163140Z,1e5187bf928f28fda96a2374aaad048971794ce9,urls.xlsx,daisyfrost.com,https://daisyfrost.com,stage1,fetched,,,0,0,0,,stage1-0,,,0,pending,fetched,pending,pending,pending,filtered_lexical_miss,,,0,,2026-04-06T16:32:10+00:00
run_20260406T163140Z,896de402d716cd99ac24e9c84cc55397e43241de,urls.xlsx,phoenixwanderlust.in,https://phoenixwanderlust.in,stage1,fetched,,,0,0,0,,stage1-68,,,0,pending,fetched,pending,pending,pending,filtered_lexical_miss,,auth_wording|suspicious_hosting_provider,0,,2026-04-06T16:32:10+00:00
run_20260406T163140Z,c57efdae2350a8093692b447d34b824b5617395e,urls.xlsx,pulsefck.store,https://pulsefck.store,stage1,escalated,ConnectError,[SSL: TLSV1_ALERT_INTERNAL_ERROR] tlsv1 alert internal error (_ssl.c:1007),0,0,0,route_to_dns_after_stage1_failure,stage1-71,,,0,pending,escalated,pending,pending,pending,pending,,stage1_fetch_failed,0,,2026-04-06T16:32:10+00:00
run_20260406T163140Z,8cf5f22fda16c3de1cef5652f69a9646708fcc69,urls.xlsx,outergood.ru,https://outergood.ru,stage1,fetched,,,0,0,0,,stage1-75,,,0,pending,fetched,pending,pending,pending,filtered_lexical_miss,,,0,,2026-04-06T16:32:10+00:00
run_20260406T163140Z,f6e01424562a24b77c6120dc0ffcc877cce7b792,urls.xlsx,hometownsewickley.com,https://hometownsewickley.com,stage1,fetched,,,0,0,0,,stage1-82,,,0,pending,fetched,pending,pending,pending,filtered_lexical_miss,,,0,,2026-04-06T16:32:10+00:00
run_20260406T163140Z,2b17ac12ca351bb41b88137e721f0ffb5de88eff,urls.xlsx,commerium.co.uk,https://commerium.co.uk,stage1,fetched,,,0,0,0,,stage1-89,,,0,pending,fetched,pending,pending,pending,filtered_lexical_miss,,,0,,2026-04-06T16:32:10+00:00
run_20260406T163140Z,c16422650e5027d97c969d1da902a43acf0895dc,urls.xlsx,flydownloads.space,https://flydownloads.space,stage1,fetched,,,0,0,0,,stage1-5,,,0,pending,fetched,pending,pending,pending,filtered_lexical_miss,,meta_brand_match|body_brand_match,0,,2026-04-06T16:32:10+00:00
run_20260406T163140Z,d9a723afe807223f9a03044343def8aca3d7800d,urls.xlsx,lml2vipaff05.cc,https://lml2vipaff05.cc,stage1,fetched,,,0,0,0,,stage1-88,,,0,pending,fetched,pending,pending,pending,filtered_lexical_miss,,password_field|login_form|auth_wording|multi_input_form|js_redirect,0,,2026-04-06T16:32:10+00:00
run_20260406T163140Z,04c588f214dfdcaeedd6dc4e8a045951bb16f414,urls.xlsx,navaitour.online,https://navaitour.online,stage1,head_only,ReadTimeout,ReadTimeout,0,0,0,,stage1-7,,,0,pending,head_only,pending,pending,pending,filtered_lexical_miss,,suspicious_hosting_provider,0,,2026-04-06T16:32:10+00:00
run_20260406T163140Z,1f1d5aeef21d802b087c39bbbeaaddd9a74d4262,urls.xlsx,fjudoeuskadi.eus,https://fjudoeuskadi.eus,stage1,fetched,,,0,0,0,,stage1-14,,,0,pending,fetched,pending,pending,pending,filtered_lexical_miss,,,0,,2026-04-06T16:32:10+00:00
run_20260406T163140Z,6c64bf0e74ec79ba4213dff09a86ea9159596d73,urls.xlsx,abx5n1n7.cc,https://abx5n1n7.cc,stage1,fetched,,,0,0,0,,stage1-77,,,0,pending,fetched,pending,pending,pending,filtered_lexical_miss,,image_heavy_low_text,0,,2026-04-06T16:32:10+00:00
run_20260406T163140Z,c7ffb3cff85dda9390c3997c53dca352f7364f76,urls.xlsx,connect2people360x.info,https://connect2people360x.info,stage1,fetched,,,0,0,0,,stage1-86,,,0,pending,fetched,pending,pending,pending,filtered_lexical_miss,,,0,,2026-04-06T16:32:10+00:00
run_20260406T163140Z,d1e1c228d85a42f7c8d97a24ba327a1186cccefd,urls.xlsx,roisgloballogam.com,https://roisgloballogam.com,stage1,fetched,,,0,0,0,,stage1-65,,,0,pending,fetched,pending,pending,pending,filtered_lexical_miss,,,0,,2026-04-06T16:32:10+00:00
run_20260406T163140Z,3004af5d0604aa1b9b51abf7db0a4b97de5a7c9b,urls.xlsx,sweetcookii.com,https://sweetcookii.com,stage1,fetched,,,0,0,0,,stage1-54,,,0,pending,fetched,pending,pending,pending,filtered_lexical_miss,,,0,,2026-04-06T16:32:10+00:00
run_20260406T163140Z,fc6b14335fbd455dc827e40d070df94601ed3be5,urls.xlsx,wildlayers.com,https://wildlayers.com,stage1,fetched,,,0,0,0,,stage1-92,,,0,pending,fetched,pending,pending,pending,filtered_lexical_miss,,auth_wording,0,,2026-04-06T16:32:10+00:00
run_20260406T163140Z,c0124a0fd71cb467a2a3cebbf4e03d575823cbf9,urls.xlsx,thelocksmithcrew.com,https://thelocksmithcrew.com,stage1,fetched,,,0,0,0,,stage1-73,,,0,pending,fetched,pending,pending,pending,filtered_lexical_miss,,favicon_brand_match,0,,2026-04-06T16:32:11+00:00
run_20260406T163140Z,94c9df84cade357983a235cd548aaed57a753912,urls.xlsx,ncbackyardbouncers.com,https://ncbackyardbouncers.com,stage1,fetched,,,0,0,0,,stage1-13,,,0,pending,fetched,pending,pending,pending,filtered_lexical_miss,,,0,,2026-04-06T16:32:11+00:00
run_20260406T163140Z,b1325beefe06f6c4c898f5f2fc474f73df7670f0,urls.xlsx,s-s-a.us,https://s-s-a.us,stage1,escalated,ConnectTimeout,ConnectTimeout,0,0,0,route_to_dns_after_stage1_failure,stage1-44,,,0,pending,escalated,pending,pending,pending,pending,,stage1_fetch_failed,0,,2026-04-06T16:32:11+00:00
run_20260406T163140Z,7fc6c06bf68ead65188a44ee306d8f0b6159ad46,urls.xlsx,freedomroadfinancialdealerhub.com,https://freedomroadfinancialdealerhub.com,stage1,fetched,,,0,0,0,,stage1-78,,,0,pending,fetched,pending,pending,pending,filtered_lexical_miss,,body_brand_match|js_redirect,0,,2026-04-06T16:32:12+00:00
run_20260406T163140Z,0f035ab58c0b8a62ea679b1b69f13b9563fe526a,urls.xlsx,ezbrd.co,https://ezbrd.co,stage1,fetched,ConnectTimeout,ConnectTimeout,0,0,0,,stage1-4,,,0,pending,fetched,pending,pending,pending,filtered_lexical_miss,,body_brand_match|suspicious_certificate,0,,2026-04-06T16:32:12+00:00
run_20260406T163140Z,46ef8a1bf00fd27ec62896482e530572af709165,urls.xlsx,aetyk.cc,https://aetyk.cc,stage1,fetched,,,0,0,0,,stage1-30,,,0,pending,fetched,pending,pending,pending,filtered_lexical_miss,,multi_redirect_chain|js_redirect|final_domain_changed,0,,2026-04-06T16:32:13+00:00
run_20260406T163140Z,55355fa5b5b64ec4000449db5565ad91fab21e48,urls.xlsx,bramclaw.my.id,https://bramclaw.my.id,stage1,escalated,ConnectTimeout,ConnectTimeout,0,0,0,route_to_dns_after_stage1_failure,stage1-47,,,0,pending,escalated,pending,pending,pending,pending,,stage1_fetch_failed,0,,2026-04-06T16:32:13+00:00
run_20260406T163140Z,448bccd6e0de11c4a956e6708f6b123f37922e5a,urls.xlsx,oliveandjunes.store,https://oliveandjunes.store,stage1,fetched,,,0,0,0,,stage1-87,,,0,pending,fetched,pending,pending,pending,filtered_lexical_miss,,multi_input_form|final_domain_changed,0,,2026-04-06T16:32:13+00:00
run_20260406T163140Z,098cf2b0da908a4c1210f487b360ab784e1f5260,AIGR-S66270_Ground_Truth.xlsx,torana.com,https://torana.com,dns,no_records,,,0,0,0,,dns-20,,,0,pending,pending,no_records,pending,pending,dns_rejected,,no_records,0,,2026-04-06T16:32:13+00:00
run_20260406T163140Z,680419efa7960d5e42c34c5c86500ba08c788776,urls.xlsx,domain,https://domain,dns,dns_error,,,0,0,0,,dns-25,,,0,pending,pending,dns_error,pending,pending,dns_rejected,,dns_error,0,,2026-04-06T16:32:13+00:00
run_20260406T163140Z,97c4767fc09c5151c38ec223099aec6d2916f561,urls.xlsx,onl1nesbi.sbi/login,https://onl1nesbi.sbi/login,dns,dns_error,,,0,0,0,,dns-8,,,0,pending,pending,dns_error,pending,pending,dns_rejected,,dns_error,0,,2026-04-06T16:32:13+00:00
run_20260406T163140Z,75684a61c15e9904812596c3e6381166041e72a4,urls.xlsx,landscapebyvera.com,https://landscapebyvera.com,dns,resolved,,,0,0,0,,dns-28,,,0,pending,pending,resolved,pending,pending,dns_accepted,,,0,,2026-04-06T16:32:13+00:00
run_20260406T163140Z,c80a8f6ea4288af07d582a391daa77baad6fb97b,urls.xlsx,icici-bank-support.in,https://icici-bank-support.in,dns,dns_error,,,0,0,0,,dns-13,,,0,pending,pending,dns_error,pending,pending,dns_rejected,,dns_error,0,,2026-04-06T16:32:13+00:00
run_20260406T163140Z,6d850ade9734c237cbb6502aa91b2d61de3a0bb8,urls.xlsx,pnblndia.in,https://pnblndia.in,dns,dns_error,,,0,0,0,,dns-15,,,0,pending,pending,dns_error,pending,pending,dns_rejected,,dns_error,0,,2026-04-06T16:32:13+00:00
run_20260406T163140Z,4a283ba227cc0e8147a84188b9f01862aa98d7ab,urls.xlsx,pnblndia.bank.in,https://pnblndia.bank.in,dns,dns_error,,,0,0,0,,dns-18,,,0,pending,pending,dns_error,pending,pending,dns_rejected,,dns_error,0,,2026-04-06T16:32:13+00:00
run_20260406T163140Z,787b49d57117f17daf49d8f2e66a1b9638923bc9,urls.xlsx,pack101.org,https://pack101.org,dns,no_records,,,0,0,0,,dns-39,,,0,pending,pending,no_records,pending,pending,dns_rejected,,no_records,0,,2026-04-06T16:32:13+00:00
run_20260406T163140Z,6a93d259d4417884a2b51ef9453b6faa65c28bf1,AIGR-S66270_Ground_Truth.xlsx,super1000.info/docssmilesvoegol.servebbs.org/voegol.php,https://super1000.info/docssmilesvoegol.servebbs.org/voegol.php,dns,dns_error,,,0,0,0,,dns-23,,,0,pending,pending,dns_error,pending,pending,dns_rejected,,dns_error,0,,2026-04-06T16:32:13+00:00
run_20260406T163140Z,4c6746f0dda2b5bc91526d93f43c767d1f8e1e49,urls.xlsx,192.168.1,https://192.168.1,dns,dns_error,,,0,0,0,,dns-47,,,0,pending,pending,dns_error,pending,pending,dns_rejected,,dns_error,0,,2026-04-06T16:32:13+00:00
run_20260406T163140Z,5fefc8e401e7cc84e384ed123ede1d001a588e4f,AIGR-S66270_Ground_Truth.xlsx|urls.xlsx,airtel-merchants.club,https://airtel-merchants.club,dns,no_records,,,0,0,0,,dns-0,,,0,pending,pending,no_records,pending,pending,dns_rejected,,no_records,0,,2026-04-06T16:32:13+00:00
run_20260406T163140Z,5db3403e50e7bb938e62f06f7958e5937bd63e29,urls.xlsx,accountauthenticate.com,https://accountauthenticate.com,dns,dns_error,,,0,0,0,,dns-51,,,0,pending,pending,dns_error,pending,pending,dns_rejected,,dns_error,0,,2026-04-06T16:32:13+00:00
run_20260406T163140Z,90c00ebf0ad673528b4abfbd4b066c0f1b6ec75b,AIGR-S66270_Ground_Truth.xlsx|urls.xlsx,airtele.xyz,https://airtele.xyz,dns,dns_error,,,0,0,0,,dns-1,,,0,pending,pending,dns_error,pending,pending,dns_rejected,,dns_error,0,,2026-04-06T16:32:13+00:00
run_20260406T163140Z,cb8a10f67400a975df2a701ad35f5df22f3dc4dd,urls.xlsx,onlinesbi.sbi.update-rewards.xyz,https://onlinesbi.sbi.update-rewards.xyz,dns,dns_error,,,0,0,0,,dns-9,,,0,pending,pending,dns_error,pending,pending,dns_rejected,,dns_error,0,,2026-04-06T16:32:13+00:00
run_20260406T163140Z,42d21b110404726fcd6b8acf248e7cd5364923a9,urls.xlsx,n6k6jqg8.top,https://n6k6jqg8.top,dns,no_records,,,0,0,0,,dns-58,,,0,pending,pending,no_records,pending,pending,dns_rejected,,no_records,0,,2026-04-06T16:32:13+00:00
run_20260406T163140Z,0f58cb7bd740d99a05e893167b61310962c0d0c9,urls.xlsx,enerzyph.com,https://enerzyph.com,dns,no_records,,,0,0,0,,dns-61,,,0,pending,pending,no_records,pending,pending,dns_rejected,,no_records,0,,2026-04-06T16:32:13+00:00
run_20260406T163140Z,962ae65a083559188021c55a3d41eb474102b6d3,urls.xlsx,ybiscom.fr,https://ybiscom.fr,dns,resolved,,,0,0,0,,dns-63,,,0,pending,pending,resolved,pending,pending,dns_accepted,,,0,,2026-04-06T16:32:13+00:00
run_20260406T163140Z,3a54d799ee306f147fb3296136fe75cbdf2dbcee,urls.xlsx,digifant.network,https://digifant.network,dns,no_records,,,0,0,0,,dns-64,,,0,pending,pending,no_records,pending,pending,dns_rejected,,no_records,0,,2026-04-06T16:32:13+00:00
run_20260406T163140Z,e553805ed8776bae468997ad3f3cd7c0f41b5790,urls.xlsx,brandmappr.com,https://brandmappr.com,dns,resolved,,,0,0,0,,dns-65,,,0,pending,pending,resolved,pending,pending,dns_accepted,,,0,,2026-04-06T16:32:13+00:00
run_20260406T163140Z,f8c9ff4d1767bc63ef006b0ba829b8654d4745f5,urls.xlsx,ibramep.com,https://ibramep.com,dns,resolved,,,0,0,0,,dns-66,,,0,pending,pending,resolved,pending,pending,dns_accepted,,,0,,2026-04-06T16:32:13+00:00
run_20260406T163140Z,32c550caeaea96f744a3a85ba02c3ac1b74541e6,urls.xlsx,pnblndia-app.in,https://pnblndia-app.in,dns,dns_error,,,0,0,0,,dns-53,,,0,pending,pending,dns_error,pending,pending,dns_rejected,,dns_error,0,,2026-04-06T16:32:13+00:00
run_20260406T163140Z,f9c909862be42c88c666300cddbb8530944b508d,urls.xlsx,preprod-ucimtbworldseries.com,https://preprod-ucimtbworldseries.com,dns,no_records,,,0,0,0,,dns-71,,,0,pending,pending,no_records,pending,pending,dns_rejected,,no_records,0,,2026-04-06T16:32:13+00:00
run_20260406T163140Z,b1325beefe06f6c4c898f5f2fc474f73df7670f0,urls.xlsx,s-s-a.us,https://s-s-a.us,dns,resolved,,,0,0,0,,dns-73,,,0,pending,pending,resolved,pending,pending,dns_accepted,,,0,,2026-04-06T16:32:13+00:00
run_20260406T163140Z,cf070e8b601262cd447fd29e7d5719396621e445,urls.xlsx,brierleysovereigngroup.info,https://brierleysovereigngroup.info,dns,resolved,,,0,0,0,,dns-74,,,0,pending,pending,resolved,pending,pending,dns_accepted,,,0,,2026-04-06T16:32:13+00:00
run_20260406T163140Z,aa504b4fd06cc9bb304206dd9a1cc852963a53f2,urls.xlsx,vertexapexgroupoptimalprocess.blog,https://vertexapexgroupoptimalprocess.blog,dns,resolved,,,0,0,0,,dns-45,,,0,pending,pending,resolved,pending,pending,dns_accepted,,,0,,2026-04-06T16:32:13+00:00
run_20260406T163140Z,5b55f657ad5219525e48db8ff638ca6d61c1fd23,urls.xlsx,suaconsulta2026.online,https://suaconsulta2026.online,dns,dns_error,,,0,0,0,,dns-76,,,0,pending,pending,dns_error,pending,pending,dns_rejected,,dns_error,0,,2026-04-06T16:32:13+00:00
run_20260406T163140Z,55355fa5b5b64ec4000449db5565ad91fab21e48,urls.xlsx,bramclaw.my.id,https://bramclaw.my.id,dns,resolved,,,0,0,0,,dns-77,,,0,pending,pending,resolved,pending,pending,dns_accepted,,,0,,2026-04-06T16:32:13+00:00
run_20260406T163140Z,4a28bdb72ab8d8d7be8937a33f981cbdfe5f4583,AIGR-S66270_Ground_Truth.xlsx,smilesvoegol.servebbs.org/voegol.php,https://smilesvoegol.servebbs.org/voegol.php,dns,dns_error,,,0,0,0,,dns-22,,,0,pending,pending,dns_error,pending,pending,dns_rejected,,dns_error,0,,2026-04-06T16:32:13+00:00
run_20260406T163140Z,96cad61b798ad0f80a6f30080643d29d94ca6eb6,urls.xlsx,mis4624.cc,https://mis4624.cc,dns,no_records,,,0,0,0,,dns-79,,,0,pending,pending,no_records,pending,pending,dns_rejected,,no_records,0,,2026-04-06T16:32:13+00:00
run_20260406T163140Z,46a0a2699179810eb7a8e4e6a74193bd1d58c6e5,urls.xlsx,di9rke.top,https://di9rke.top,dns,resolved,,,0,0,0,,dns-80,,,0,pending,pending,resolved,pending,pending,dns_accepted,,,0,,2026-04-06T16:32:13+00:00
run_20260406T163140Z,478f89fb8c682c079631ad555a027f38160f0fd0,urls.xlsx,optimacapitalvc.com,https://optimacapitalvc.com,dns,resolved,,,0,0,0,,dns-42,,,0,pending,pending,resolved,pending,pending,dns_accepted,,,0,,2026-04-06T16:32:13+00:00
run_20260406T163140Z,c57efdae2350a8093692b447d34b824b5617395e,urls.xlsx,pulsefck.store,https://pulsefck.store,dns,resolved,,,0,0,0,,dns-82,,,0,pending,pending,resolved,pending,pending,dns_accepted,,,0,,2026-04-06T16:32:13+00:00
run_20260406T163140Z,5c5ecebb344c8c5435599d2d5b26ed6103c06d64,urls.xlsx,icic-bank.com,https://icic-bank.com,dns,dns_error,,,0,0,0,,dns-49,,,0,pending,pending,dns_error,pending,pending,dns_rejected,,dns_error,0,,2026-04-06T16:32:13+00:00
run_20260406T163140Z,f9db5a03f6f4ad95c90165b1df46cfb177d20642,urls.xlsx,jicm0yo.vip,https://jicm0yo.vip,dns,no_records,,,0,0,0,,dns-35,,,0,pending,pending,no_records,pending,pending,dns_rejected,,no_records,0,,2026-04-06T16:32:13+00:00
run_20260406T163140Z,4816df89c63b54eced900f452e6eb85e44ee9791,urls.xlsx,update-account.online,https://update-account.online,dns,dns_error,,,0,0,0,,dns-54,,,0,pending,pending,dns_error,pending,pending,dns_rejected,,dns_error,0,,2026-04-06T16:32:14+00:00
run_20260406T163140Z,6f62abe6cc693e4d3a917381418b9189dd74660e,urls.xlsx,verify-account.net,https://verify-account.net,dns,dns_error,,,0,0,0,,dns-55,,,0,pending,pending,dns_error,pending,pending,dns_rejected,,dns_error,0,,2026-04-06T16:32:14+00:00
run_20260406T163140Z,27c57ac418dfb0ff20cbc4cd6d1259778a2b600e,AIGR-S66270_Ground_Truth.xlsx|urls.xlsx,airtell.ai,https://airtell.ai,dns,resolved,,,0,0,0,,dns-3,,,0,pending,pending,resolved,pending,pending,dns_accepted,,,0,,2026-04-06T16:32:14+00:00
run_20260406T163140Z,1e27745e6ccabce3f8adb5826be2d0a4c1cefea5,urls.xlsx,coastalcounselingcenter.org,https://coastalcounselingcenter.org,dns,dns_error,,,0,0,0,,dns-81,,,0,pending,pending,dns_error,pending,pending,dns_rejected,,dns_error,0,,2026-04-06T16:32:14+00:00
run_20260406T163140Z,32236d27ce2adcbecb1e34fafaf7c5027db81eb1,urls.xlsx,94498.qpon,https://94498.qpon,dns,no_records,,,0,0,0,,dns-60,,,0,pending,pending,no_records,pending,pending,dns_rejected,,no_records,0,,2026-04-06T16:32:14+00:00
run_20260406T163140Z,a642c97f087ef10d2d22670989b252ae44307019,AIGR-S66270_Ground_Truth.xlsx|urls.xlsx,paarivahan.com,https://paarivahan.com,dns,dns_error,,,0,0,0,,dns-2,,,0,pending,pending,dns_error,pending,pending,dns_rejected,,dns_error,0,,2026-04-06T16:32:14+00:00
run_20260406T163140Z,10d748819f7ed9d5928cf68c8db52caa8fcdda39,urls.xlsx,sbi-secure-login.com,https://sbi-secure-login.com,dns,dns_error,,,0,0,0,,dns-10,,,0,pending,pending,dns_error,pending,pending,dns_rejected,,dns_error,0,,2026-04-06T16:32:14+00:00
run_20260406T163140Z,05270ade9c8674de4bb4f16936cd7f49be588bae,urls.xlsx,unqvrhr60.shop,https://unqvrhr60.shop,dns,no_records,,,0,0,0,,dns-70,,,0,pending,pending,no_records,pending,pending,dns_rejected,,no_records,0,,2026-04-06T16:32:14+00:00
run_20260406T163140Z,a29c9cec6cc964d52d30464ec1c21681e6790df6,urls.xlsx,sbi.com-kyc.net/login,https://sbi.com-kyc.net/login,dns,dns_error,,,0,0,0,,dns-7,,,0,pending,pending,dns_error,pending,pending,dns_rejected,,dns_error,0,,2026-04-06T16:32:14+00:00
run_20260406T163140Z,562fa8f34f655dbb4f11d2a00db3edb0882a0e0b,AIGR-S66270_Ground_Truth.xlsx|urls.xlsx,sbireward.com,https://sbireward.com,dns,dns_error,,,0,0,0,,dns-6,,,0,pending,pending,dns_error,pending,pending,dns_rejected,,dns_error,0,,2026-04-06T16:32:14+00:00
run_20260406T163140Z,c726c79109666d2c579c0853e1b5f7742af3ea4b,urls.xlsx,pnb-netbanking.net,https://pnb-netbanking.net,dns,dns_error,,,0,0,0,,dns-17,,,0,pending,pending,dns_error,pending,pending,dns_rejected,,dns_error,0,,2026-04-06T16:32:14+00:00
run_20260406T163140Z,deb6618a746445746b8c9f3785dc274202e96197,urls.xlsx,pnbindia-kyd.com,https://pnbindia-kyd.com,dns,dns_error,,,0,0,0,,dns-16,,,0,pending,pending,dns_error,pending,pending,dns_rejected,,dns_error,0,,2026-04-06T16:32:14+00:00
run_20260406T163140Z,adfc02d0fb25aba8f8aa0362e562c71d5539fd05,urls.xlsx,pnbindia-services.com,https://pnbindia-services.com,dns,dns_error,,,0,0,0,,dns-19,,,0,pending,pending,dns_error,pending,pending,dns_rejected,,dns_error,0,,2026-04-06T16:32:14+00:00
run_20260406T163140Z,db014f6f02509d5d1ce4f64444496c924cbccc63,AIGR-S66270_Ground_Truth.xlsx,dghjdgf.com/paypal.co.uk/cycgi-bin/webscrcmd=_home-customer&nav=1/loading.php,https://dghjdgf.com/paypal.co.uk/cycgi-bin/webscrcmd=_home-customer&nav=1/loading.php,dns,dns_error,,,0,0,0,,dns-21,,,0,pending,pending,dns_error,pending,pending,dns_rejected,,dns_error,0,,2026-04-06T16:32:14+00:00
run_20260406T163140Z,213dd0644c855cb255359c3dd127b95c8af88084,AIGR-S66270_Ground_Truth.xlsx,dutchweb.gtphost.com/zimbra/exch/owa/uleth/index.html,https://dutchweb.gtphost.com/zimbra/exch/owa/uleth/index.html,dns,dns_error,,,0,0,0,,dns-24,,,0,pending,pending,dns_error,pending,pending,dns_rejected,,dns_error,0,,2026-04-06T16:32:14+00:00
run_20260406T163140Z,e94826518b46a8d03f3e3c2a5527b697563a434f,urls.xlsx,reward-expiry.com,https://reward-expiry.com,dns,dns_error,,,0,0,0,,dns-48,,,0,pending,pending,dns_error,pending,pending,dns_rejected,,dns_error,0,,2026-04-06T16:32:14+00:00
run_20260406T163140Z,e1b321e1895f84fc72736846f35596e519345688,urls.xlsx,pornxmodel.click,https://pornxmodel.click,dns,resolver_error,,,0,0,0,,dns-31,,,0,pending,pending,resolver_error,pending,pending,pending,,resolver_error,0,,2026-04-06T16:32:14+00:00
run_20260406T163140Z,7d0142ceb76f1fc5ce357059486c09984e20beb6,urls.xlsx,cppcccare.com,https://cppcccare.com,dns,dns_error,,,0,0,0,,dns-52,,,0,pending,pending,dns_error,pending,pending,dns_rejected,,dns_error,0,,2026-04-06T16:32:14+00:00
run_20260406T163140Z,8f92b72725fbd0779cda20aab4056607e5968a43,urls.xlsx,wintergroupsecurity.com,https://wintergroupsecurity.com,dns,resolved,,,0,0,0,,dns-36,,,0,pending,pending,resolved,pending,pending,dns_accepted,,,0,,2026-04-06T16:32:14+00:00
run_20260406T163140Z,1455825b705b6ff82685e68c8b6c668026272a0c,urls.xlsx,aithink.world,https://aithink.world,dns,no_records,,,0,0,0,,dns-44,,,0,pending,pending,no_records,pending,pending,dns_rejected,,no_records,0,,2026-04-06T16:32:14+00:00
run_20260406T163140Z,3ff4c41bccc499ebf56593a450ae827caa0111cb,urls.xlsx,americanexpress-reward00175.ink,https://americanexpress-reward00175.ink,dns,resolved,,,0,0,0,,dns-38,,,0,pending,pending,resolved,pending,pending,dns_accepted,,,0,,2026-04-06T16:32:14+00:00
run_20260406T163140Z,60045ed25a305f700079c440dd34449915914ebb,urls.xlsx,ank2014.biz,https://ank2014.biz,dns,resolved,,,0,0,0,,dns-40,,,0,pending,pending,resolved,pending,pending,dns_accepted,,,0,,2026-04-06T16:32:14+00:00
run_20260406T163140Z,777cc5e6c95dca0616789b79b4a7a71ebaa612e5,urls.xlsx,786786786786.com,https://786786786786.com,dns,no_records,,,0,0,0,,dns-57,,,0,pending,pending,no_records,pending,pending,dns_rejected,,no_records,0,,2026-04-06T16:32:14+00:00
run_20260406T163140Z,1aab514267c94e4e2e110086224e092838d2d95b,urls.xlsx,pnb-india.in,https://pnb-india.in,dns,resolver_error,,,0,0,0,,dns-14,,,0,pending,pending,resolver_error,pending,pending,pending,,resolver_error,0,,2026-04-06T16:32:14+00:00
run_20260406T163140Z,d67de08129ff68f925b7341a73a7374119f032bc,AIGR-S66270_Ground_Truth.xlsx|urls.xlsx,axisupi.com,https://axisupi.com,dns,resolved,,,0,0,0,,dns-4,,,0,pending,pending,resolved,pending,pending,dns_accepted,,,0,,2026-04-06T16:32:14+00:00
run_20260406T163140Z,35ab03e4a29aa2bf57eed59188b9179f466f286e,AIGR-S66270_Ground_Truth.xlsx|urls.xlsx,uidaiaadhardownload.com,https://uidaiaadhardownload.com,dns,resolved,,,0,0,0,,dns-5,,,0,pending,pending,resolved,pending,pending,dns_accepted,,,0,,2026-04-06T16:32:14+00:00
run_20260406T163140Z,1fc2dc362ea47d37d44fe2d0f40d20068a02f3c5,urls.xlsx,icicibank.net/login,https://icicibank.net/login,dns,resolved,,,0,0,0,,dns-12,,,0,pending,pending,resolved,pending,pending,dns_accepted,,,0,,2026-04-06T16:32:14+00:00
run_20260406T163140Z,d1c98aa1d3cb6a7efe6547c55bb8d2aa961b8414,urls.xlsx,8740i4ji8ki.shop,https://8740i4ji8ki.shop,dns,no_records,,,0,0,0,,dns-41,,,0,pending,pending,no_records,pending,pending,dns_rejected,,no_records,0,,2026-04-06T16:32:14+00:00
run_20260406T163140Z,20cad94df1bdb62c2ce7a406960462139969f22a,urls.xlsx,lucilalehmann.com,https://lucilalehmann.com,dns,no_records,,,0,0,0,,dns-34,,,0,pending,pending,no_records,pending,pending,dns_rejected,,no_records,0,,2026-04-06T16:32:14+00:00
run_20260406T163140Z,09ee744ac8fade3faa60c48c033df3a93ec8d0a8,urls.xlsx,snackduel.com,https://snackduel.com,dns,no_records,,,0,0,0,,dns-26,,,0,pending,pending,no_records,pending,pending,dns_rejected,,no_records,0,,2026-04-06T16:32:14+00:00
run_20260406T163140Z,cefec113a950ffef706f00e6b3b8bef98855683d,urls.xlsx,jlchuhai.com,https://jlchuhai.com,dns,no_records,,,0,0,0,,dns-33,,,0,pending,pending,no_records,pending,pending,dns_rejected,,no_records,0,,2026-04-06T16:32:14+00:00
run_20260406T163140Z,d5320e5a759d68594e549fbf93f3ad544f1e91f5,urls.xlsx,sbi.co.in.login.banking-services.net/234/redirect,https://sbi.co.in.login.banking-services.net/234/redirect,dns,dns_error,,,0,0,0,,dns-11,,,0,pending,pending,dns_error,pending,pending,dns_rejected,,dns_error,0,,2026-04-06T16:32:14+00:00
run_20260406T163140Z,3dd2e1c3d99bf337715db31da448b3fcb3d5f967,urls.xlsx,5500betsk.com,https://5500betsk.com,dns,resolved,,,0,0,0,,dns-68,,,0,pending,pending,resolved,pending,pending,dns_accepted,,,0,,2026-04-06T16:32:14+00:00
run_20260406T163140Z,1f733e834c3c5ee9cd9596d19f14a55d11ccb72f,urls.xlsx,creationorder.net,https://creationorder.net,dns,resolved,,,0,0,0,,dns-27,,,0,pending,pending,resolved,pending,pending,dns_accepted,,,0,,2026-04-06T16:32:14+00:00
run_20260406T163140Z,814502796cf0fffb252c28dab720943ed33d1d51,urls.xlsx,pornmega18.xyz,https://pornmega18.xyz,dns,resolver_error,,,0,0,0,,dns-29,,,0,pending,pending,resolver_error,pending,pending,pending,,resolver_error,0,,2026-04-06T16:32:14+00:00
run_20260406T163140Z,f0d357a7b62fa1a28c4651bd9de0f75fe12146c6,urls.xlsx,twentysixer.ru,https://twentysixer.ru,dns,resolved,,,0,0,0,,dns-67,,,0,pending,pending,resolved,pending,pending,dns_accepted,,,0,,2026-04-06T16:32:14+00:00
run_20260406T163140Z,28d1d24f6d1ea3d5fd87011f85baad37bb227dcf,urls.xlsx,intelectusai.com,https://intelectusai.com,dns,no_records,,,0,0,0,,dns-46,,,0,pending,pending,no_records,pending,pending,dns_rejected,,no_records,0,,2026-04-06T16:32:14+00:00
run_20260406T163140Z,c6db060dd7c335f67e5523f13dbdb364f6db47a0,urls.xlsx,o3zxth.top,https://o3zxth.top,dns,resolved,,,0,0,0,,dns-75,,,0,pending,pending,resolved,pending,pending,dns_accepted,,,0,,2026-04-06T16:32:14+00:00
run_20260406T163140Z,a4e1564788a538f25a486724187981737c1a1099,urls.xlsx,ofertaa643842315.sbs,https://ofertaa643842315.sbs,dns,resolver_error,,,0,0,0,,dns-62,,,0,pending,pending,resolver_error,pending,pending,pending,,resolver_error,0,,2026-04-06T16:32:14+00:00
run_20260406T163140Z,10bc15be92bc3fc8157007bf95ef7d0e707ce4e2,urls.xlsx,rjpnbv.com,https://rjpnbv.com,dns,no_records,,,0,0,0,,dns-32,,,0,pending,pending,no_records,pending,pending,dns_rejected,,no_records,0,,2026-04-06T16:32:14+00:00
run_20260406T163140Z,4afd478a121cf380022cfd10aca01e32b8147f5e,urls.xlsx,abfquoelx.com,https://abfquoelx.com,dns,resolver_error,,,0,0,0,,dns-69,,,0,pending,pending,resolver_error,pending,pending,pending,,resolver_error,0,,2026-04-06T16:32:14+00:00
run_20260406T163140Z,d19e851ee8f7d4ec4bbeac957181ec29eff62ce2,urls.xlsx,anxunh.top,https://anxunh.top,dns,no_records,,,0,0,0,,dns-37,,,0,pending,pending,no_records,pending,pending,dns_rejected,,no_records,0,,2026-04-06T16:32:14+00:00
run_20260406T163140Z,a08674b65b3a5d1628755e5c7b50f0f158f56724,urls.xlsx,secure-login.com,https://secure-login.com,dns,no_records,,,0,0,0,,dns-50,,,0,pending,pending,no_records,pending,pending,dns_rejected,,no_records,0,,2026-04-06T16:32:14+00:00
run_20260406T163140Z,63c37f07bf42ed4b4a37d81d9ad131194699cfba,urls.xlsx,rosastoneeg.com,https://rosastoneeg.com,dns,resolved,,,0,0,0,,dns-78,,,0,pending,pending,resolved,pending,pending,dns_accepted,,,0,,2026-04-06T16:32:14+00:00
run_20260406T163140Z,b986f3124698ab7f59d029d9fc0b9e589a1f7bde,urls.xlsx,fxsnowcool.com,https://fxsnowcool.com,dns,resolved,,,0,0,0,,dns-59,,,0,pending,pending,resolved,pending,pending,dns_accepted,,,0,,2026-04-06T16:32:14+00:00
run_20260406T163140Z,89cc3b111b44eb0b9b33e0cb45725338f738bc72,urls.xlsx,dq67r.top,https://dq67r.top,dns,resolved,,,0,0,0,,dns-56,,,0,pending,pending,resolved,pending,pending,dns_accepted,,,0,,2026-04-06T16:32:15+00:00
run_20260406T163140Z,690ef6674bec2e90454dafae04750c9e7815520e,urls.xlsx,barbara-michelle.com,https://barbara-michelle.com,dns,resolved,,,0,0,0,,dns-30,,,0,pending,pending,resolved,pending,pending,dns_accepted,,,0,,2026-04-06T16:32:16+00:00
run_20260406T163140Z,dfea10692eafedbef28cace76c5b14747e1a5a11,urls.xlsx,allnaturalherbalmedicines.com,https://allnaturalherbalmedicines.com,dns,resolved,,,0,0,0,,dns-43,,,0,pending,pending,resolved,pending,pending,dns_accepted,,,0,,2026-04-06T16:32:16+00:00
run_20260406T163140Z,d436644692ff886f99e9ce6732451681637cd360,urls.xlsx,f1blue.com,https://f1blue.com,dns,timeout,,,0,1,0,,dns-72,,,0,pending,pending,timeout,pending,pending,pending,,timeout,0,,2026-04-06T16:32:16+00:00
run_20260406T163140Z,5fefc8e401e7cc84e384ed123ede1d001a588e4f,AIGR-S66270_Ground_Truth.xlsx|urls.xlsx,airtel-merchants.club,https://airtel-merchants.club,hash,dns_rejected,,,0,0,0,,,,,0,pending,pending,pending,dns_rejected,pending,dns_rejected,,dns_rejected,0,,2026-04-06T16:32:43+00:00
run_20260406T163140Z,a256100ab219a3256042d66da2fcfa466974fac9,AIGR-S66270_Ground_Truth.xlsx,ai-phishing-detection.s3.ap-south-1.amazonaws.com/sbi_1.html,https://ai-phishing-detection.s3.ap-south-1.amazonaws.com/sbi_1.html,hash,filtered,,,0,0,0,,,,,0,pending,pending,pending,filtered,pending,filtered_lexical_miss,,stage1_suspected_non_escalated,0,,2026-04-06T16:32:44+00:00
run_20260406T163140Z,b17282ca5e850532d3f3df22e5a881c7efaee632,AIGR-S66270_Ground_Truth.xlsx,ai-phishing-detection.s3.ap-south-1.amazonaws.com/sbi_bank.html,https://ai-phishing-detection.s3.ap-south-1.amazonaws.com/sbi_bank.html,hash,filtered,,,0,0,0,,,,,0,pending,pending,pending,filtered,pending,filtered_lexical_miss,,stage1_suspected_non_escalated,0,,2026-04-06T16:32:44+00:00
run_20260406T163140Z,90c00ebf0ad673528b4abfbd4b066c0f1b6ec75b,AIGR-S66270_Ground_Truth.xlsx|urls.xlsx,airtele.xyz,https://airtele.xyz,hash,dns_rejected,,,0,0,0,,,,,0,pending,pending,pending,dns_rejected,pending,dns_rejected,,dns_rejected,0,,2026-04-06T16:32:44+00:00
run_20260406T163140Z,a642c97f087ef10d2d22670989b252ae44307019,AIGR-S66270_Ground_Truth.xlsx|urls.xlsx,paarivahan.com,https://paarivahan.com,hash,dns_rejected,,,0,0,0,,,,,0,pending,pending,pending,dns_rejected,pending,dns_rejected,,dns_rejected,0,,2026-04-06T16:32:44+00:00
run_20260406T163140Z,27c57ac418dfb0ff20cbc4cd6d1259778a2b600e,AIGR-S66270_Ground_Truth.xlsx|urls.xlsx,airtell.ai,https://airtell.ai,hash,fetch_failed,,,0,0,0,,,,,0,pending,pending,pending,fetch_failed,pending,hash_failed,,fetch_timeout_or_fetch_failed,0,,2026-04-06T16:32:44+00:00
run_20260406T163140Z,d67de08129ff68f925b7341a73a7374119f032bc,AIGR-S66270_Ground_Truth.xlsx|urls.xlsx,axisupi.com,https://axisupi.com,hash,fetch_failed,,,0,0,0,,,,,0,pending,pending,pending,fetch_failed,pending,hash_failed,,fetch_timeout_or_fetch_failed,0,,2026-04-06T16:32:44+00:00
run_20260406T163140Z,35ab03e4a29aa2bf57eed59188b9179f466f286e,AIGR-S66270_Ground_Truth.xlsx|urls.xlsx,uidaiaadhardownload.com,https://uidaiaadhardownload.com,hash,admitted,,,0,0,0,,,,,0,pending,pending,pending,admitted,pending,holdout_ready,,,0,,2026-04-06T16:32:44+00:00
run_20260406T163140Z,562fa8f34f655dbb4f11d2a00db3edb0882a0e0b,AIGR-S66270_Ground_Truth.xlsx|urls.xlsx,sbireward.com,https://sbireward.com,hash,dns_rejected,,,0,0,0,,,,,0,pending,pending,pending,dns_rejected,pending,dns_rejected,,dns_rejected,0,,2026-04-06T16:32:44+00:00
run_20260406T163140Z,732d652fa5fb4fbac7106839f4ef7556c8aa6e27,AIGR-S66270_Ground_Truth.xlsx,satwik.com,https://satwik.com,hash,filtered,,,0,0,0,,,,,0,pending,pending,pending,filtered,pending,filtered_lexical_miss,,stage1_low_suspicion,0,,2026-04-06T16:32:44+00:00
run_20260406T163140Z,098cf2b0da908a4c1210f487b360ab784e1f5260,AIGR-S66270_Ground_Truth.xlsx,torana.com,https://torana.com,hash,dns_rejected,,,0,0,0,,,,,0,pending,pending,pending,dns_rejected,pending,dns_rejected,,dns_rejected,0,,2026-04-06T16:32:44+00:00
run_20260406T163140Z,db014f6f02509d5d1ce4f64444496c924cbccc63,AIGR-S66270_Ground_Truth.xlsx,dghjdgf.com/paypal.co.uk/cycgi-bin/webscrcmd=_home-customer&nav=1/loading.php,https://dghjdgf.com/paypal.co.uk/cycgi-bin/webscrcmd=_home-customer&nav=1/loading.php,hash,dns_rejected,,,0,0,0,,,,,0,pending,pending,pending,dns_rejected,pending,dns_rejected,,dns_rejected,0,,2026-04-06T16:32:44+00:00
run_20260406T163140Z,4a28bdb72ab8d8d7be8937a33f981cbdfe5f4583,AIGR-S66270_Ground_Truth.xlsx,smilesvoegol.servebbs.org/voegol.php,https://smilesvoegol.servebbs.org/voegol.php,hash,dns_rejected,,,0,0,0,,,,,0,pending,pending,pending,dns_rejected,pending,dns_rejected,,dns_rejected,0,,2026-04-06T16:32:44+00:00
run_20260406T163140Z,6a93d259d4417884a2b51ef9453b6faa65c28bf1,AIGR-S66270_Ground_Truth.xlsx,super1000.info/docssmilesvoegol.servebbs.org/voegol.php,https://super1000.info/docssmilesvoegol.servebbs.org/voegol.php,hash,dns_rejected,,,0,0,0,,,,,0,pending,pending,pending,dns_rejected,pending,dns_rejected,,dns_rejected,0,,2026-04-06T16:32:44+00:00
run_20260406T163140Z,213dd0644c855cb255359c3dd127b95c8af88084,AIGR-S66270_Ground_Truth.xlsx,dutchweb.gtphost.com/zimbra/exch/owa/uleth/index.html,https://dutchweb.gtphost.com/zimbra/exch/owa/uleth/index.html,hash,dns_rejected,,,0,0,0,,,,,0,pending,pending,pending,dns_rejected,pending,dns_rejected,,dns_rejected,0,,2026-04-06T16:32:44+00:00
run_20260406T163140Z,680419efa7960d5e42c34c5c86500ba08c788776,urls.xlsx,domain,https://domain,hash,dns_rejected,,,0,0,0,,,,,0,pending,pending,pending,dns_rejected,pending,dns_rejected,,dns_rejected,0,,2026-04-06T16:32:44+00:00
run_20260406T163140Z,17621bd0f89adc488ceae038a0c3251aebed22e1,urls.xlsx,jardines10.com,https://jardines10.com,hash,filtered,,,0,0,0,,,,,0,pending,pending,pending,filtered,pending,filtered_lexical_miss,,stage1_low_suspicion,0,,2026-04-06T16:32:44+00:00
run_20260406T163140Z,a2c53beb9dc0059a604bf1306527e62e255b0ac5,urls.xlsx,connectionsarchive.net,https://connectionsarchive.net,hash,filtered,,,0,0,0,,,,,0,pending,pending,pending,filtered,pending,filtered_lexical_miss,,stage1_low_suspicion,0,,2026-04-06T16:32:44+00:00
run_20260406T163140Z,a750f111b9c6b60e2052c01db5d608434279aa50,urls.xlsx,web365daftar.com,https://web365daftar.com,hash,filtered,,,0,0,0,,,,,0,pending,pending,pending,filtered,pending,filtered_lexical_miss,,stage1_low_suspicion,0,,2026-04-06T16:32:44+00:00
run_20260406T163140Z,c93f5b9153de8b13a476c630b9911e1f6173fb57,urls.xlsx,conciergerie-niort.fr,https://conciergerie-niort.fr,hash,filtered,,,0,0,0,,,,,0,pending,pending,pending,filtered,pending,filtered_lexical_miss,,stage1_low_suspicion,0,,2026-04-06T16:32:44+00:00
run_20260406T163140Z,3f95423fa4ca09a762217c3da37fd35941cbdc49,urls.xlsx,nmjiaojinginc.shop,https://nmjiaojinginc.shop,hash,filtered,,,0,0,0,,,,,0,pending,pending,pending,filtered,pending,filtered_lexical_miss,,stage1_low_suspicion,0,,2026-04-06T16:32:44+00:00
run_20260406T163140Z,3526c0a5a5b352cf70b52912c6a10c0379187e61,urls.xlsx,ventajp.com,https://ventajp.com,hash,filtered,,,0,0,0,,,,,0,pending,pending,pending,filtered,pending,filtered_lexical_miss,,stage1_low_suspicion,0,,2026-04-06T16:32:44+00:00
run_20260406T163140Z,09ee744ac8fade3faa60c48c033df3a93ec8d0a8,urls.xlsx,snackduel.com,https://snackduel.com,hash,dns_rejected,,,0,0,0,,,,,0,pending,pending,pending,dns_rejected,pending,dns_rejected,,dns_rejected,0,,2026-04-06T16:32:44+00:00
run_20260406T163140Z,d6f73a3882f6003ba9389da65bf39a5b3cff1241,urls.xlsx,calmplatewindow.club,https://calmplatewindow.club,hash,filtered,,,0,0,0,,,,,0,pending,pending,pending,filtered,pending,filtered_lexical_miss,,stage1_low_suspicion,0,,2026-04-06T16:32:44+00:00
run_20260406T163140Z,7a8f6bc623ad7c4b318ce46d57f5173132422b9b,urls.xlsx,tuterrenoenchile.cl,https://tuterrenoenchile.cl,hash,filtered,,,0,0,0,,,,,0,pending,pending,pending,filtered,pending,filtered_lexical_miss,,stage1_low_suspicion,0,,2026-04-06T16:32:44+00:00
run_20260406T163140Z,0d972cbf356278633992eb8999c8e394516f8146,urls.xlsx,pumirpkin.live,https://pumirpkin.live,hash,filtered,,,0,0,0,,,,,0,pending,pending,pending,filtered,pending,filtered_lexical_miss,,stage1_low_suspicion,0,,2026-04-06T16:32:44+00:00
run_20260406T163140Z,e4c44441834731802961a9b4eed45fceddf1d58e,urls.xlsx,exerciseok.com,https://exerciseok.com,hash,filtered,,,0,0,0,,,,,0,pending,pending,pending,filtered,pending,filtered_lexical_miss,,stage1_low_suspicion,0,,2026-04-06T16:32:44+00:00
run_20260406T163140Z,a8c7ba5853cdb05c8d3bf0571947a6e7f07372fe,urls.xlsx,parquebatweania.com,https://parquebatweania.com,hash,filtered,,,0,0,0,,,,,0,pending,pending,pending,filtered,pending,filtered_lexical_miss,,stage1_low_suspicion,0,,2026-04-06T16:32:44+00:00
run_20260406T163140Z,317d8098f06b65169b431c618a7da74275725256,urls.xlsx,tutu-and-tiaras.com,https://tutu-and-tiaras.com,hash,filtered,,,0,0,0,,,,,0,pending,pending,pending,filtered,pending,filtered_lexical_miss,,stage1_low_suspicion,0,,2026-04-06T16:32:44+00:00
run_20260406T163140Z,f0b671cb0ddbaa437d4695cf54879f87be6a35b0,urls.xlsx,prototanya.org,https://prototanya.org,hash,filtered,,,0,0,0,,,,,0,pending,pending,pending,filtered,pending,filtered_lexical_miss,,stage1_low_suspicion,0,,2026-04-06T16:32:44+00:00
run_20260406T163140Z,a8713794e0b7ea3c8dff075f1cb527bd49778518,urls.xlsx,beton888bonuuz30rb.cyou,https://beton888bonuuz30rb.cyou,hash,filtered,,,0,0,0,,,,,0,pending,pending,pending,filtered,pending,filtered_lexical_miss,,stage1_low_suspicion,0,,2026-04-06T16:32:44+00:00
run_20260406T163140Z,1f733e834c3c5ee9cd9596d19f14a55d11ccb72f,urls.xlsx,creationorder.net,https://creationorder.net,hash,fetch_failed,,,0,0,0,,,,,0,pending,pending,pending,fetch_failed,pending,hash_failed,,fetch_timeout_or_fetch_failed,0,,2026-04-06T16:32:44+00:00
run_20260406T163140Z,772759367e515c328f62dfcb1f38d9dc87faaca7,urls.xlsx,bazarcentofiori.com,https://bazarcentofiori.com,hash,filtered,,,0,0,0,,,,,0,pending,pending,pending,filtered,pending,filtered_lexical_miss,,stage1_low_suspicion,0,,2026-04-06T16:32:44+00:00
run_20260406T163140Z,c7057373b3a48210f10919eec135113ba66495ed,urls.xlsx,hgi5z6n1d.vip,https://hgi5z6n1d.vip,hash,filtered,,,0,0,0,,,,,0,pending,pending,pending,filtered,pending,filtered_lexical_miss,,stage1_low_suspicion,0,,2026-04-06T16:32:44+00:00
run_20260406T163140Z,fb8d94ba8d4618d77d7627eb7d85a674a474487d,urls.xlsx,socioone.com,https://socioone.com,hash,filtered,,,0,0,0,,,,,0,pending,pending,pending,filtered,pending,filtered_lexical_miss,,stage1_low_suspicion,0,,2026-04-06T16:32:44+00:00
run_20260406T163140Z,69c3d5f3a9cb29ba7129bf5e997f8aeed3c411ff,urls.xlsx,greenbeangirltrainingtutoring.com,https://greenbeangirltrainingtutoring.com,hash,filtered,,,0,0,0,,,,,0,pending,pending,pending,filtered,pending,filtered_lexical_miss,,stage1_low_suspicion,0,,2026-04-06T16:32:44+00:00
run_20260406T163140Z,e93abb09e9120fb5d3f3154b2b93886feb832fdf,urls.xlsx,crplasticos.com.br,https://crplasticos.com.br,hash,filtered,,,0,0,0,,,,,0,pending,pending,pending,filtered,pending,filtered_lexical_miss,,stage1_suspected_non_escalated,0,,2026-04-06T16:32:44+00:00
run_20260406T163140Z,d3d8be1f01057eed89ef8797124cd4b46d5fd6e2,urls.xlsx,tnkproject.com,https://tnkproject.com,hash,filtered,,,0,0,0,,,,,0,pending,pending,pending,filtered,pending,filtered_lexical_miss,,stage1_low_suspicion,0,,2026-04-06T16:32:44+00:00
run_20260406T163140Z,75684a61c15e9904812596c3e6381166041e72a4,urls.xlsx,landscapebyvera.com,https://landscapebyvera.com,hash,fetch_failed,,,0,0,0,,,,,0,pending,pending,pending,fetch_failed,pending,hash_failed,,fetch_timeout_or_fetch_failed,0,,2026-04-06T16:32:44+00:00
run_20260406T163140Z,12fb07a1238b2543c32af96dc3d0bd968e739722,urls.xlsx,fresna.online,https://fresna.online,hash,filtered,,,0,0,0,,,,,0,pending,pending,pending,filtered,pending,filtered_lexical_miss,,stage1_low_suspicion,0,,2026-04-06T16:32:44+00:00
run_20260406T163140Z,1c5e32f6fd567fe29145eef699710a4e17909bec,urls.xlsx,zh-ptgaming.com,https://zh-ptgaming.com,hash,filtered,,,0,0,0,,,,,0,pending,pending,pending,filtered,pending,filtered_lexical_miss,,stage1_low_suspicion,0,,2026-04-06T16:32:44+00:00
run_20260406T163140Z,f5996cf039e7b1effb401fad74ea55a32c770c82,urls.xlsx,emon793hoky.online,https://emon793hoky.online,hash,filtered,,,0,0,0,,,,,0,pending,pending,pending,filtered,pending,filtered_lexical_miss,,stage1_low_suspicion,0,,2026-04-06T16:32:44+00:00
run_20260406T163140Z,c44853c804f21ccb35b1a248b8d62c01e2ceed13,urls.xlsx,udbijaayurveda.com,https://udbijaayurveda.com,hash,filtered,,,0,0,0,,,,,0,pending,pending,pending,filtered,pending,filtered_lexical_miss,,stage1_low_suspicion,0,,2026-04-06T16:32:44+00:00
run_20260406T163140Z,814502796cf0fffb252c28dab720943ed33d1d51,urls.xlsx,pornmega18.xyz,https://pornmega18.xyz,hash,dns_rejected,,,0,0,0,,,,,0,pending,pending,pending,dns_rejected,pending,dns_rejected,,dns_rejected,0,,2026-04-06T16:32:44+00:00
run_20260406T163140Z,3f696476fadbe87dcdb2e0c4e252958cd8e8713d,urls.xlsx,easy-sponso.com,https://easy-sponso.com,hash,filtered,,,0,0,0,,,,,0,pending,pending,pending,filtered,pending,filtered_lexical_miss,,stage1_low_suspicion,0,,2026-04-06T16:32:44+00:00
run_20260406T163140Z,e253376d4a67d2d4ad96b910145a3a94c6f30aa4,urls.xlsx,roblox303.store,https://roblox303.store,hash,filtered,,,0,0,0,,,,,0,pending,pending,pending,filtered,pending,filtered_lexical_miss,,stage1_low_suspicion,0,,2026-04-06T16:32:44+00:00
run_20260406T163140Z,a08ed0d636a075b6ac73f42b29679a1f3706e782,urls.xlsx,kirin77.site,https://kirin77.site,hash,filtered,,,0,0,0,,,,,0,pending,pending,pending,filtered,pending,filtered_lexical_miss,,stage1_low_suspicion,0,,2026-04-06T16:32:44+00:00
run_20260406T163140Z,b93b19637b991031d78bfb9b5a47e70ef3842d3c,urls.xlsx,moisesdevweb.com,https://moisesdevweb.com,hash,filtered,,,0,0,0,,,,,0,pending,pending,pending,filtered,pending,filtered_lexical_miss,,stage1_low_suspicion,0,,2026-04-06T16:32:44+00:00
run_20260406T163140Z,690ef6674bec2e90454dafae04750c9e7815520e,urls.xlsx,barbara-michelle.com,https://barbara-michelle.com,hash,fetch_failed,,,0,0,0,,,,,0,pending,pending,pending,fetch_failed,pending,hash_failed,,fetch_timeout_or_fetch_failed,0,,2026-04-06T16:32:44+00:00
run_20260406T163140Z,e1b321e1895f84fc72736846f35596e519345688,urls.xlsx,pornxmodel.click,https://pornxmodel.click,hash,dns_rejected,,,0,0,0,,,,,0,pending,pending,pending,dns_rejected,pending,dns_rejected,,dns_rejected,0,,2026-04-06T16:32:44+00:00
run_20260406T163140Z,f5c6d181b8da23b716f2dea6bb566792053debb6,urls.xlsx,hraihpsa.ca,https://hraihpsa.ca,hash,filtered,,,0,0,0,,,,,0,pending,pending,pending,filtered,pending,filtered_lexical_miss,,stage1_low_suspicion,0,,2026-04-06T16:32:44+00:00
run_20260406T163140Z,ea18fff4fd79b109ce58dcd71a50dbc729d30162,urls.xlsx,saudenervocuremax.shop,https://saudenervocuremax.shop,hash,filtered,,,0,0,0,,,,,0,pending,pending,pending,filtered,pending,filtered_lexical_miss,,stage1_low_suspicion,0,,2026-04-06T16:32:44+00:00
run_20260406T163140Z,10bc15be92bc3fc8157007bf95ef7d0e707ce4e2,urls.xlsx,rjpnbv.com,https://rjpnbv.com,hash,dns_rejected,,,0,0,0,,,,,0,pending,pending,pending,dns_rejected,pending,dns_rejected,,dns_rejected,0,,2026-04-06T16:32:44+00:00
run_20260406T163140Z,a2e3349247feb8ca1bfd19e7af72502f943881b2,urls.xlsx,yktdeo.com,https://yktdeo.com,hash,filtered,,,0,0,0,,,,,0,pending,pending,pending,filtered,pending,filtered_lexical_miss,,stage1_low_suspicion,0,,2026-04-06T16:32:44+00:00
run_20260406T163140Z,cefec113a950ffef706f00e6b3b8bef98855683d,urls.xlsx,jlchuhai.com,https://jlchuhai.com,hash,dns_rejected,,,0,0,0,,,,,0,pending,pending,pending,dns_rejected,pending,dns_rejected,,dns_rejected,0,,2026-04-06T16:32:44+00:00
run_20260406T163140Z,40f5a00fad670160103c2b96c98200a079bb42ec,urls.xlsx,bogitekniikka.fi,https://bogitekniikka.fi,hash,filtered,,,0,0,0,,,,,0,pending,pending,pending,filtered,pending,filtered_lexical_miss,,stage1_low_suspicion,0,,2026-04-06T16:32:44+00:00
run_20260406T163140Z,20cad94df1bdb62c2ce7a406960462139969f22a,urls.xlsx,lucilalehmann.com,https://lucilalehmann.com,hash,dns_rejected,,,0,0,0,,,,,0,pending,pending,pending,dns_rejected,pending,dns_rejected,,dns_rejected,0,,2026-04-06T16:32:44+00:00
run_20260406T163140Z,91ac004f7e52747c19f78c5d547dc6ef51314dbb,urls.xlsx,yataganharem5.click,https://yataganharem5.click,hash,filtered,,,0,0,0,,,,,0,pending,pending,pending,filtered,pending,filtered_lexical_miss,,stage1_suspected_non_escalated,0,,2026-04-06T16:32:44+00:00
run_20260406T163140Z,f9db5a03f6f4ad95c90165b1df46cfb177d20642,urls.xlsx,jicm0yo.vip,https://jicm0yo.vip,hash,dns_rejected,,,0,0,0,,,,,0,pending,pending,pending,dns_rejected,pending,dns_rejected,,dns_rejected,0,,2026-04-06T16:32:44+00:00
run_20260406T163140Z,8f92b72725fbd0779cda20aab4056607e5968a43,urls.xlsx,wintergroupsecurity.com,https://wintergroupsecurity.com,hash,fetch_failed,,,0,0,0,,,,,0,pending,pending,pending,fetch_failed,pending,hash_failed,,fetch_timeout_or_fetch_failed,0,,2026-04-06T16:32:44+00:00
run_20260406T163140Z,a1e2b7436084b77377a69d9f8ca4bbb081935acc,urls.xlsx,mikogpt.ru,https://mikogpt.ru,hash,filtered,,,0,0,0,,,,,0,pending,pending,pending,filtered,pending,filtered_lexical_miss,,stage1_low_suspicion,0,,2026-04-06T16:32:44+00:00
run_20260406T163140Z,5affcbd0d4d77ab0a78b171e00aab478be5f41de,urls.xlsx,exodusbrk.com,https://exodusbrk.com,hash,filtered,,,0,0,0,,,,,0,pending,pending,pending,filtered,pending,filtered_lexical_miss,,stage1_low_suspicion,0,,2026-04-06T16:32:44+00:00
run_20260406T163140Z,d8f637f6cd46536c61c263f693a6a7bb144cbf99,urls.xlsx,alyxara.com,https://alyxara.com,hash,filtered,,,0,0,0,,,,,0,pending,pending,pending,filtered,pending,filtered_lexical_miss,,stage1_low_suspicion,0,,2026-04-06T16:32:44+00:00
run_20260406T163140Z,d3347ff8caa2aebe8a5b74d39cef5946aca3f375,urls.xlsx,djgekcf.icu,https://djgekcf.icu,hash,filtered,,,0,0,0,,,,,0,pending,pending,pending,filtered,pending,filtered_lexical_miss,,stage1_low_suspicion,0,,2026-04-06T16:32:44+00:00
run_20260406T163140Z,84126fb0d51b0e70cf1c00e3eb30357a7add63f0,urls.xlsx,dikagegrid.click,https://dikagegrid.click,hash,filtered,,,0,0,0,,,,,0,pending,pending,pending,filtered,pending,filtered_lexical_miss,,stage1_low_suspicion,0,,2026-04-06T16:32:44+00:00
run_20260406T163140Z,d19e851ee8f7d4ec4bbeac957181ec29eff62ce2,urls.xlsx,anxunh.top,https://anxunh.top,hash,dns_rejected,,,0,0,0,,,,,0,pending,pending,pending,dns_rejected,pending,dns_rejected,,dns_rejected,0,,2026-04-06T16:32:44+00:00
run_20260406T163140Z,3f7a5023045a5e6fc5affed82136b84ec2fca563,urls.xlsx,eatalymarket.shop,https://eatalymarket.shop,hash,filtered,,,0,0,0,,,,,0,pending,pending,pending,filtered,pending,filtered_lexical_miss,,stage1_low_suspicion,0,,2026-04-06T16:32:44+00:00
run_20260406T163140Z,3ff4c41bccc499ebf56593a450ae827caa0111cb,urls.xlsx,americanexpress-reward00175.ink,https://americanexpress-reward00175.ink,hash,fetch_failed,,,0,0,0,,,,,0,pending,pending,pending,fetch_failed,pending,hash_failed,,fetch_timeout_or_fetch_failed,0,,2026-04-06T16:32:44+00:00
run_20260406T163140Z,787b49d57117f17daf49d8f2e66a1b9638923bc9,urls.xlsx,pack101.org,https://pack101.org,hash,dns_rejected,,,0,0,0,,,,,0,pending,pending,pending,dns_rejected,pending,dns_rejected,,dns_rejected,0,,2026-04-06T16:32:44+00:00
run_20260406T163140Z,81e8fcf21ca5f56f446d90ffe0f17119c915f1e7,urls.xlsx,discretion.shop,https://discretion.shop,hash,filtered,,,0,0,0,,,,,0,pending,pending,pending,filtered,pending,filtered_lexical_miss,,stage1_low_suspicion,0,,2026-04-06T16:32:44+00:00
run_20260406T163140Z,cca571d816bf0dc8d159824100ee2aea20b0156e,urls.xlsx,thirdshelterpress.com,https://thirdshelterpress.com,hash,filtered,,,0,0,0,,,,,0,pending,pending,pending,filtered,pending,filtered_lexical_miss,,stage1_low_suspicion,0,,2026-04-06T16:32:44+00:00
run_20260406T163140Z,60045ed25a305f700079c440dd34449915914ebb,urls.xlsx,ank2014.biz,https://ank2014.biz,hash,fetch_failed,,,0,0,0,,,,,0,pending,pending,pending,fetch_failed,pending,hash_failed,,fetch_timeout_or_fetch_failed,0,,2026-04-06T16:32:44+00:00
run_20260406T163140Z,b6c9d1805d951abf9810d062d7ae017ef5003470,urls.xlsx,hollandgroupandassociates.com,https://hollandgroupandassociates.com,hash,filtered,,,0,0,0,,,,,0,pending,pending,pending,filtered,pending,filtered_lexical_miss,,stage1_low_suspicion,0,,2026-04-06T16:32:44+00:00
run_20260406T163140Z,cbe61f33ec1ec4da7b0b2c8cb44e242592f4008f,urls.xlsx,thinkproguard.com,https://thinkproguard.com,hash,filtered,,,0,0,0,,,,,0,pending,pending,pending,filtered,pending,filtered_lexical_miss,,stage1_low_suspicion,0,,2026-04-06T16:32:44+00:00
run_20260406T163140Z,3077dbb9d57684f96225bd63c73cdf9acf561404,urls.xlsx,hysefo.com,https://hysefo.com,hash,filtered,,,0,0,0,,,,,0,pending,pending,pending,filtered,pending,filtered_lexical_miss,,stage1_low_suspicion,0,,2026-04-06T16:32:44+00:00
run_20260406T163140Z,d1c98aa1d3cb6a7efe6547c55bb8d2aa961b8414,urls.xlsx,8740i4ji8ki.shop,https://8740i4ji8ki.shop,hash,dns_rejected,,,0,0,0,,,,,0,pending,pending,pending,dns_rejected,pending,dns_rejected,,dns_rejected,0,,2026-04-06T16:32:44+00:00
run_20260406T163140Z,a78729fcd35b4592ac8a4416031717e13805875e,urls.xlsx,netsafe.ovh,https://netsafe.ovh,hash,filtered,,,0,0,0,,,,,0,pending,pending,pending,filtered,pending,filtered_lexical_miss,,stage1_low_suspicion,0,,2026-04-06T16:32:44+00:00
run_20260406T163140Z,478f89fb8c682c079631ad555a027f38160f0fd0,urls.xlsx,optimacapitalvc.com,https://optimacapitalvc.com,hash,pending,,,0,0,0,,,,,0,pending,pending,pending,pending,pending,pending,,,0,,2026-04-06T16:32:44+00:00
run_20260406T163140Z,47f056b5bbdcd3fd0806076517eba816d0412814,urls.xlsx,zrsanalyst.com,https://zrsanalyst.com,hash,filtered,,,0,0,0,,,,,0,pending,pending,pending,filtered,pending,filtered_lexical_miss,,stage1_low_suspicion,0,,2026-04-06T16:32:44+00:00
run_20260406T163140Z,e3d4b8736a15a379fa9709886b547bf7bc99a361,urls.xlsx,root-ro.info,https://root-ro.info,hash,filtered,,,0,0,0,,,,,0,pending,pending,pending,filtered,pending,filtered_lexical_miss,,stage1_low_suspicion,0,,2026-04-06T16:32:44+00:00
run_20260406T163140Z,e5e0722ca070ace8f153e67a34af2e41c56c8098,urls.xlsx,syxtherocrex.world,https://syxtherocrex.world,hash,filtered,,,0,0,0,,,,,0,pending,pending,pending,filtered,pending,filtered_lexical_miss,,stage1_low_suspicion,0,,2026-04-06T16:32:44+00:00
run_20260406T163140Z,2e49724c0dd54554e25b51d8b753a5f83b201c5a,urls.xlsx,snowtime.shop,https://snowtime.shop,hash,filtered,,,0,0,0,,,,,0,pending,pending,pending,filtered,pending,filtered_lexical_miss,,stage1_low_suspicion,0,,2026-04-06T16:32:44+00:00
run_20260406T163140Z,dfea10692eafedbef28cace76c5b14747e1a5a11,urls.xlsx,allnaturalherbalmedicines.com,https://allnaturalherbalmedicines.com,hash,fetch_failed,,,0,0,0,,,,,0,pending,pending,pending,fetch_failed,pending,hash_failed,,fetch_timeout_or_fetch_failed,0,,2026-04-06T16:32:44+00:00
run_20260406T163140Z,f435f5054df174adcbe6b5557f5ecba2a3ab6f34,urls.xlsx,e7v7c6y.com,https://e7v7c6y.com,hash,filtered,,,0,0,0,,,,,0,pending,pending,pending,filtered,pending,filtered_lexical_miss,,stage1_low_suspicion,0,,2026-04-06T16:32:44+00:00
run_20260406T163140Z,9ca708e5b96863dde5af1caec0a4f196137d7dbe,urls.xlsx,beatyourbuddies.online,https://beatyourbuddies.online,hash,filtered,,,0,0,0,,,,,0,pending,pending,pending,filtered,pending,filtered_lexical_miss,,stage1_low_suspicion,0,,2026-04-06T16:32:44+00:00
run_20260406T163140Z,04e61b6fcb0cb1c016f5b42c125bc8ae51f83078,urls.xlsx,ub-futas.hu,https://ub-futas.hu,hash,filtered,,,0,0,0,,,,,0,pending,pending,pending,filtered,pending,filtered_lexical_miss,,stage1_low_suspicion,0,,2026-04-06T16:32:44+00:00
run_20260406T163140Z,1455825b705b6ff82685e68c8b6c668026272a0c,urls.xlsx,aithink.world,https://aithink.world,hash,dns_rejected,,,0,0,0,,,,,0,pending,pending,pending,dns_rejected,pending,dns_rejected,,dns_rejected,0,,2026-04-06T16:32:44+00:00
run_20260406T163140Z,0742daf4b4d79ff8ec245d54ddcbe910e84796a7,urls.xlsx,swiftdrops.store,https://swiftdrops.store,hash,filtered,,,0,0,0,,,,,0,pending,pending,pending,filtered,pending,filtered_lexical_miss,,stage1_suspected_non_escalated,0,,2026-04-06T16:32:44+00:00
run_20260406T163140Z,ee531da72922ac13510ad639af9debd412b0c129,urls.xlsx,charmenowho.shop,https://charmenowho.shop,hash,filtered,,,0,0,0,,,,,0,pending,pending,pending,filtered,pending,filtered_lexical_miss,,stage1_low_suspicion,0,,2026-04-06T16:32:44+00:00
run_20260406T163140Z,44a1fd4ac7d6cf761fa727d0594ee57d5f25bf94,urls.xlsx,tonerrefillstoreho.shop,https://tonerrefillstoreho.shop,hash,filtered,,,0,0,0,,,,,0,pending,pending,pending,filtered,pending,filtered_lexical_miss,,stage1_low_suspicion,0,,2026-04-06T16:32:44+00:00
run_20260406T163140Z,59fd50a0aa98c37d3d9f00ff2361bade1d1ef5ff,urls.xlsx,bexarcasino.space,https://bexarcasino.space,hash,filtered,,,0,0,0,,,,,0,pending,pending,pending,filtered,pending,filtered_lexical_miss,,stage1_low_suspicion,0,,2026-04-06T16:32:44+00:00
run_20260406T163140Z,5648e2245aca5a9cb2efba14d72fae1a5b0540e3,urls.xlsx,piezosistem.com,https://piezosistem.com,hash,filtered,,,0,0,0,,,,,0,pending,pending,pending,filtered,pending,filtered_lexical_miss,,stage1_low_suspicion,0,,2026-04-06T16:32:44+00:00
run_20260406T163140Z,0a4836ee294e4b42a49ce18d8274badbf6d34ef3,urls.xlsx,scarpe-it.ru,https://scarpe-it.ru,hash,filtered,,,0,0,0,,,,,0,pending,pending,pending,filtered,pending,filtered_lexical_miss,,stage1_low_suspicion,0,,2026-04-06T16:32:44+00:00
run_20260406T163140Z,c65097f77733730f8cad8e144315170d151015d1,urls.xlsx,eeeey.cc,https://eeeey.cc,hash,filtered,,,0,0,0,,,,,0,pending,pending,pending,filtered,pending,filtered_lexical_miss,,stage1_low_suspicion,0,,2026-04-06T16:32:44+00:00
run_20260406T163140Z,f58b7a2618cf815b3c1febb7708d978983ba5a57,urls.xlsx,learningonly.store,https://learningonly.store,hash,filtered,,,0,0,0,,,,,0,pending,pending,pending,filtered,pending,filtered_lexical_miss,,stage1_low_suspicion,0,,2026-04-06T16:32:44+00:00
run_20260406T163140Z,06c1380903794a1be8d18cd0bcee6f316f2448db,urls.xlsx,tutera.ru,https://tutera.ru,hash,filtered,,,0,0,0,,,,,0,pending,pending,pending,filtered,pending,filtered_lexical_miss,,stage1_low_suspicion,0,,2026-04-06T16:32:44+00:00
run_20260406T163140Z,008ec246f2581f3ddcd0cdde530adeed55084042,urls.xlsx,shelbyserves.com,https://shelbyserves.com,hash,filtered,,,0,0,0,,,,,0,pending,pending,pending,filtered,pending,filtered_lexical_miss,,stage1_low_suspicion,0,,2026-04-06T16:32:44+00:00
run_20260406T163140Z,e021441d2ea16f27bbebc7ae42b7621749445a79,urls.xlsx,gothamfinn.co,https://gothamfinn.co,hash,filtered,,,0,0,0,,,,,0,pending,pending,pending,filtered,pending,filtered_lexical_miss,,stage1_low_suspicion,0,,2026-04-06T16:32:44+00:00
run_20260406T163140Z,d09645a9e1f0064b4af26f53026189320436e2ef,urls.xlsx,penn-hpp.com,https://penn-hpp.com,hash,filtered,,,0,0,0,,,,,0,pending,pending,pending,filtered,pending,filtered_lexical_miss,,stage1_low_suspicion,0,,2026-04-06T16:32:44+00:00
run_20260406T163140Z,70bc83d87cead2fea173e6650e5c47f7797e8197,urls.xlsx,uk-travel.ru,https://uk-travel.ru,hash,filtered,,,0,0,0,,,,,0,pending,pending,pending,filtered,pending,filtered_lexical_miss,,stage1_low_suspicion,0,,2026-04-06T16:32:44+00:00
run_20260406T163140Z,5465803940fe838324128a8c981ecc0ba9042a3b,urls.xlsx,slexironphdrexox.world,https://slexironphdrexox.world,hash,filtered,,,0,0,0,,,,,0,pending,pending,pending,filtered,pending,filtered_lexical_miss,,stage1_low_suspicion,0,,2026-04-06T16:32:44+00:00
run_20260406T163140Z,e593f3cccd53c5d0416b09170ccef4778b4c64a8,urls.xlsx,ivqojlz1513.top,https://ivqojlz1513.top,hash,filtered,,,0,0,0,,,,,0,pending,pending,pending,filtered,pending,filtered_lexical_miss,,stage1_low_suspicion,0,,2026-04-06T16:32:44+00:00
run_20260406T163140Z,aa504b4fd06cc9bb304206dd9a1cc852963a53f2,urls.xlsx,vertexapexgroupoptimalprocess.blog,https://vertexapexgroupoptimalprocess.blog,hash,fetch_failed,,,0,0,0,,,,,0,pending,pending,pending,fetch_failed,pending,hash_failed,,fetch_timeout_or_fetch_failed,0,,2026-04-06T16:32:44+00:00
run_20260406T163140Z,04c588f214dfdcaeedd6dc4e8a045951bb16f414,urls.xlsx,navaitour.online,https://navaitour.online,hash,filtered,,,0,0,0,,,,,0,pending,pending,pending,filtered,pending,filtered_lexical_miss,,stage1_low_suspicion,0,,2026-04-06T16:32:44+00:00
run_20260406T163140Z,6849e971a38afdc3f4e5673894ad810d4da22ae3,urls.xlsx,doggiemax.com,https://doggiemax.com,hash,filtered,,,0,0,0,,,,,0,pending,pending,pending,filtered,pending,filtered_lexical_miss,,stage1_low_suspicion,0,,2026-04-06T16:32:44+00:00
run_20260406T163140Z,28d1d24f6d1ea3d5fd87011f85baad37bb227dcf,urls.xlsx,intelectusai.com,https://intelectusai.com,hash,dns_rejected,,,0,0,0,,,,,0,pending,pending,pending,dns_rejected,pending,dns_rejected,,dns_rejected,0,,2026-04-06T16:32:44+00:00
run_20260406T163140Z,01924cebdcc00553bcd8155f4946083bf987faaa,urls.xlsx,perchproject.org,https://perchproject.org,hash,filtered,,,0,0,0,,,,,0,pending,pending,pending,filtered,pending,filtered_lexical_miss,,stage1_low_suspicion,0,,2026-04-06T16:32:44+00:00
run_20260406T163140Z,9322b91f83265e2f72bbf6999ce6e47bb63e9427,urls.xlsx,5ggnp.buzz,https://5ggnp.buzz,hash,filtered,,,0,0,0,,,,,0,pending,pending,pending,filtered,pending,filtered_lexical_miss,,stage1_low_suspicion,0,,2026-04-06T16:32:44+00:00
run_20260406T163140Z,74d9646fd86f00c19216b7f07cb35cb691afc950,urls.xlsx,777gvipclub.com,https://777gvipclub.com,hash,filtered,,,0,0,0,,,,,0,pending,pending,pending,filtered,pending,filtered_lexical_miss,,stage1_low_suspicion,0,,2026-04-06T16:32:44+00:00
run_20260406T163140Z,e24191f096257b76fb99eb66a327a9a54353a100,urls.xlsx,thepatoolkit.com,https://thepatoolkit.com,hash,filtered,,,0,0,0,,,,,0,pending,pending,pending,filtered,pending,filtered_lexical_miss,,stage1_low_suspicion,0,,2026-04-06T16:32:44+00:00
run_20260406T163140Z,442bbf1db7361addbe9f19638dd4260e6f592738,urls.xlsx,zentozavoveltopentolaxinilo.click,https://zentozavoveltopentolaxinilo.click,hash,filtered,,,0,0,0,,,,,0,pending,pending,pending,filtered,pending,filtered_lexical_miss,,stage1_low_suspicion,0,,2026-04-06T16:32:44+00:00
run_20260406T163140Z,447b22a4e21d88fda440d0cd4a36c0a2ec1b2931,urls.xlsx,hixemuzydo.pro,https://hixemuzydo.pro,hash,filtered,,,0,0,0,,,,,0,pending,pending,pending,filtered,pending,filtered_lexical_miss,,stage1_low_suspicion,0,,2026-04-06T16:32:44+00:00
run_20260406T163140Z,16f7f915fca03f7fa901915bf5c76c756c59ec8a,urls.xlsx,logrenuunics.com,https://logrenuunics.com,hash,filtered,,,0,0,0,,,,,0,pending,pending,pending,filtered,pending,filtered_lexical_miss,,stage1_suspected_non_escalated,0,,2026-04-06T16:32:44+00:00
run_20260406T163140Z,e85c3df1805b4d72b7a45c6975f8bcb8f6d06ab4,urls.xlsx,aifinance.global,https://aifinance.global,hash,filtered,,,0,0,0,,,,,0,pending,pending,pending,filtered,pending,filtered_lexical_miss,,stage1_low_suspicion,0,,2026-04-06T16:32:44+00:00
run_20260406T163140Z,7462ea2bc7e793f46463285a10a95f270eb6369b,urls.xlsx,jskbalaghat.org,https://jskbalaghat.org,hash,filtered,,,0,0,0,,,,,0,pending,pending,pending,filtered,pending,filtered_lexical_miss,,stage1_low_suspicion,0,,2026-04-06T16:32:44+00:00
run_20260406T163140Z,a29c9cec6cc964d52d30464ec1c21681e6790df6,urls.xlsx,sbi.com-kyc.net/login,https://sbi.com-kyc.net/login,hash,dns_rejected,,,0,0,0,,,,,0,pending,pending,pending,dns_rejected,pending,dns_rejected,,dns_rejected,0,,2026-04-06T16:32:44+00:00
run_20260406T163140Z,97c4767fc09c5151c38ec223099aec6d2916f561,urls.xlsx,onl1nesbi.sbi/login,https://onl1nesbi.sbi/login,hash,dns_rejected,,,0,0,0,,,,,0,pending,pending,pending,dns_rejected,pending,dns_rejected,,dns_rejected,0,,2026-04-06T16:32:44+00:00
run_20260406T163140Z,cb8a10f67400a975df2a701ad35f5df22f3dc4dd,urls.xlsx,onlinesbi.sbi.update-rewards.xyz,https://onlinesbi.sbi.update-rewards.xyz,hash,dns_rejected,,,0,0,0,,,,,0,pending,pending,pending,dns_rejected,pending,dns_rejected,,dns_rejected,0,,2026-04-06T16:32:44+00:00
run_20260406T163140Z,10d748819f7ed9d5928cf68c8db52caa8fcdda39,urls.xlsx,sbi-secure-login.com,https://sbi-secure-login.com,hash,dns_rejected,,,0,0,0,,,,,0,pending,pending,pending,dns_rejected,pending,dns_rejected,,dns_rejected,0,,2026-04-06T16:32:44+00:00
run_20260406T163140Z,4c6746f0dda2b5bc91526d93f43c767d1f8e1e49,urls.xlsx,192.168.1,https://192.168.1,hash,dns_rejected,,,0,0,0,,,,,0,pending,pending,pending,dns_rejected,pending,dns_rejected,,dns_rejected,0,,2026-04-06T16:32:44+00:00
run_20260406T163140Z,e94826518b46a8d03f3e3c2a5527b697563a434f,urls.xlsx,reward-expiry.com,https://reward-expiry.com,hash,dns_rejected,,,0,0,0,,,,,0,pending,pending,pending,dns_rejected,pending,dns_rejected,,dns_rejected,0,,2026-04-06T16:32:44+00:00
run_20260406T163140Z,d5320e5a759d68594e549fbf93f3ad544f1e91f5,urls.xlsx,sbi.co.in.login.banking-services.net/234/redirect,https://sbi.co.in.login.banking-services.net/234/redirect,hash,dns_rejected,,,0,0,0,,,,,0,pending,pending,pending,dns_rejected,pending,dns_rejected,,dns_rejected,0,,2026-04-06T16:32:44+00:00
run_20260406T163140Z,d0e2c06f03d199665e436819703888e3079e997e,urls.xlsx,verify-kyc.com,https://verify-kyc.com,hash,filtered,,,0,0,0,,,,,0,pending,pending,pending,filtered,pending,filtered_lexical_miss,,stage1_low_suspicion,0,,2026-04-06T16:32:44+00:00
run_20260406T163140Z,5c5ecebb344c8c5435599d2d5b26ed6103c06d64,urls.xlsx,icic-bank.com,https://icic-bank.com,hash,dns_rejected,,,0,0,0,,,,,0,pending,pending,pending,dns_rejected,pending,dns_rejected,,dns_rejected,0,,2026-04-06T16:32:44+00:00
run_20260406T163140Z,1fc2dc362ea47d37d44fe2d0f40d20068a02f3c5,urls.xlsx,icicibank.net/login,https://icicibank.net/login,hash,fetch_failed,,,0,0,0,,,,,0,pending,pending,pending,fetch_failed,pending,hash_failed,,fetch_timeout_or_fetch_failed,0,,2026-04-06T16:32:44+00:00
run_20260406T163140Z,a08674b65b3a5d1628755e5c7b50f0f158f56724,urls.xlsx,secure-login.com,https://secure-login.com,hash,dns_rejected,,,0,0,0,,,,,0,pending,pending,pending,dns_rejected,pending,dns_rejected,,dns_rejected,0,,2026-04-06T16:32:44+00:00
run_20260406T163140Z,2c1c166249201c77525bd0accc90df3fd6540020,urls.xlsx,bit.ly,https://bit.ly,hash,filtered,,,0,0,0,,,,,0,pending,pending,pending,filtered,pending,filtered_lexical_miss,,stage1_low_suspicion,0,,2026-04-06T16:32:44+00:00
run_20260406T163140Z,5db3403e50e7bb938e62f06f7958e5937bd63e29,urls.xlsx,accountauthenticate.com,https://accountauthenticate.com,hash,dns_rejected,,,0,0,0,,,,,0,pending,pending,pending,dns_rejected,pending,dns_rejected,,dns_rejected,0,,2026-04-06T16:32:44+00:00
run_20260406T163140Z,c80a8f6ea4288af07d582a391daa77baad6fb97b,urls.xlsx,icici-bank-support.in,https://icici-bank-support.in,hash,dns_rejected,,,0,0,0,,,,,0,pending,pending,pending,dns_rejected,pending,dns_rejected,,dns_rejected,0,,2026-04-06T16:32:44+00:00
run_20260406T163140Z,7d0142ceb76f1fc5ce357059486c09984e20beb6,urls.xlsx,cppcccare.com,https://cppcccare.com,hash,dns_rejected,,,0,0,0,,,,,0,pending,pending,pending,dns_rejected,pending,dns_rejected,,dns_rejected,0,,2026-04-06T16:32:44+00:00
run_20260406T163140Z,1aab514267c94e4e2e110086224e092838d2d95b,urls.xlsx,pnb-india.in,https://pnb-india.in,hash,dns_rejected,,,0,0,0,,,,,0,pending,pending,pending,dns_rejected,pending,dns_rejected,,dns_rejected,0,,2026-04-06T16:32:44+00:00
run_20260406T163140Z,6d850ade9734c237cbb6502aa91b2d61de3a0bb8,urls.xlsx,pnblndia.in,https://pnblndia.in,hash,dns_rejected,,,0,0,0,,,,,0,pending,pending,pending,dns_rejected,pending,dns_rejected,,dns_rejected,0,,2026-04-06T16:32:44+00:00
run_20260406T163140Z,deb6618a746445746b8c9f3785dc274202e96197,urls.xlsx,pnbindia-kyd.com,https://pnbindia-kyd.com,hash,dns_rejected,,,0,0,0,,,,,0,pending,pending,pending,dns_rejected,pending,dns_rejected,,dns_rejected,0,,2026-04-06T16:32:44+00:00
run_20260406T163140Z,32c550caeaea96f744a3a85ba02c3ac1b74541e6,urls.xlsx,pnblndia-app.in,https://pnblndia-app.in,hash,dns_rejected,,,0,0,0,,,,,0,pending,pending,pending,dns_rejected,pending,dns_rejected,,dns_rejected,0,,2026-04-06T16:32:44+00:00
run_20260406T163140Z,c726c79109666d2c579c0853e1b5f7742af3ea4b,urls.xlsx,pnb-netbanking.net,https://pnb-netbanking.net,hash,dns_rejected,,,0,0,0,,,,,0,pending,pending,pending,dns_rejected,pending,dns_rejected,,dns_rejected,0,,2026-04-06T16:32:44+00:00
run_20260406T163140Z,4a283ba227cc0e8147a84188b9f01862aa98d7ab,urls.xlsx,pnblndia.bank.in,https://pnblndia.bank.in,hash,dns_rejected,,,0,0,0,,,,,0,pending,pending,pending,dns_rejected,pending,dns_rejected,,dns_rejected,0,,2026-04-06T16:32:44+00:00
run_20260406T163140Z,f747643bb4462e7b979bdac4247d3a8316bc438e,urls.xlsx,secure-kyc.com,https://secure-kyc.com,hash,filtered,,,0,0,0,,,,,0,pending,pending,pending,filtered,pending,filtered_lexical_miss,,stage1_suspected_non_escalated,0,,2026-04-06T16:32:44+00:00
run_20260406T163140Z,4816df89c63b54eced900f452e6eb85e44ee9791,urls.xlsx,update-account.online,https://update-account.online,hash,dns_rejected,,,0,0,0,,,,,0,pending,pending,pending,dns_rejected,pending,dns_rejected,,dns_rejected,0,,2026-04-06T16:32:44+00:00
run_20260406T163140Z,adfc02d0fb25aba8f8aa0362e562c71d5539fd05,urls.xlsx,pnbindia-services.com,https://pnbindia-services.com,hash,dns_rejected,,,0,0,0,,,,,0,pending,pending,pending,dns_rejected,pending,dns_rejected,,dns_rejected,0,,2026-04-06T16:32:44+00:00
run_20260406T163140Z,6f62abe6cc693e4d3a917381418b9189dd74660e,urls.xlsx,verify-account.net,https://verify-account.net,hash,dns_rejected,,,0,0,0,,,,,0,pending,pending,pending,dns_rejected,pending,dns_rejected,,dns_rejected,0,,2026-04-06T16:32:44+00:00
run_20260406T163140Z,89cc3b111b44eb0b9b33e0cb45725338f738bc72,urls.xlsx,dq67r.top,https://dq67r.top,hash,fetch_failed,,,0,0,0,,,,,0,pending,pending,pending,fetch_failed,pending,hash_failed,,fetch_timeout_or_fetch_failed,0,,2026-04-06T16:32:44+00:00
run_20260406T163140Z,dcd508e3a4fba7b5543f014e6e80ce2b73d9a128,urls.xlsx,annarbormarket.com,https://annarbormarket.com,hash,filtered,,,0,0,0,,,,,0,pending,pending,pending,filtered,pending,filtered_lexical_miss,,stage1_low_suspicion,0,,2026-04-06T16:32:44+00:00
run_20260406T163140Z,cf9d98ca8a76b8525c279c35deb4fbc671e48af3,urls.xlsx,manto90.store,https://manto90.store,hash,filtered,,,0,0,0,,,,,0,pending,pending,pending,filtered,pending,filtered_lexical_miss,,stage1_low_suspicion,0,,2026-04-06T16:32:44+00:00
run_20260406T163140Z,752cf9f1d3e60bd70daa3c4f86bd2c17c6e61fba,urls.xlsx,chargemoment.com,https://chargemoment.com,hash,filtered,,,0,0,0,,,,,0,pending,pending,pending,filtered,pending,filtered_lexical_miss,,stage1_low_suspicion,0,,2026-04-06T16:32:44+00:00
run_20260406T163140Z,aab251f4e036a328760fe44dd9a4203291bff532,urls.xlsx,allsetfacilitygroup.com,https://allsetfacilitygroup.com,hash,filtered,,,0,0,0,,,,,0,pending,pending,pending,filtered,pending,filtered_lexical_miss,,stage1_low_suspicion,0,,2026-04-06T16:32:44+00:00
run_20260406T163140Z,1f1d5aeef21d802b087c39bbbeaaddd9a74d4262,urls.xlsx,fjudoeuskadi.eus,https://fjudoeuskadi.eus,hash,filtered,,,0,0,0,,,,,0,pending,pending,pending,filtered,pending,filtered_lexical_miss,,stage1_low_suspicion,0,,2026-04-06T16:32:44+00:00
run_20260406T163140Z,777cc5e6c95dca0616789b79b4a7a71ebaa612e5,urls.xlsx,786786786786.com,https://786786786786.com,hash,dns_rejected,,,0,0,0,,,,,0,pending,pending,pending,dns_rejected,pending,dns_rejected,,dns_rejected,0,,2026-04-06T16:32:44+00:00
run_20260406T163140Z,7509ba68edf4682a02e5d818657cd32fbaa36d25,urls.xlsx,nevermindmedia.ch,https://nevermindmedia.ch,hash,filtered,,,0,0,0,,,,,0,pending,pending,pending,filtered,pending,filtered_lexical_miss,,stage1_low_suspicion,0,,2026-04-06T16:32:44+00:00
run_20260406T163140Z,d9c1e788511bd4cb53f3fdc6cd3c70da14444ec1,urls.xlsx,519zx.top,https://519zx.top,hash,filtered,,,0,0,0,,,,,0,pending,pending,pending,filtered,pending,filtered_lexical_miss,,stage1_suspected_non_escalated,0,,2026-04-06T16:32:44+00:00
run_20260406T163140Z,708b11b6d24e596f0c978bdeaf2c740d93fcb0e0,urls.xlsx,71042.vip,https://71042.vip,hash,filtered,,,0,0,0,,,,,0,pending,pending,pending,filtered,pending,filtered_lexical_miss,,stage1_low_suspicion,0,,2026-04-06T16:32:44+00:00
run_20260406T163140Z,42d21b110404726fcd6b8acf248e7cd5364923a9,urls.xlsx,n6k6jqg8.top,https://n6k6jqg8.top,hash,dns_rejected,,,0,0,0,,,,,0,pending,pending,pending,dns_rejected,pending,dns_rejected,,dns_rejected,0,,2026-04-06T16:32:44+00:00
run_20260406T163140Z,9da363dab2faa3b73a1aa817d2e3aac50301ad74,urls.xlsx,essentialcleaningservicesusa.com,https://essentialcleaningservicesusa.com,hash,filtered,,,0,0,0,,,,,0,pending,pending,pending,filtered,pending,filtered_lexical_miss,,stage1_low_suspicion,0,,2026-04-06T16:32:44+00:00
run_20260406T163140Z,75cba92757c0529424595e70800b681704096eaa,urls.xlsx,soyprotagonistafinanciero.com,https://soyprotagonistafinanciero.com,hash,filtered,,,0,0,0,,,,,0,pending,pending,pending,filtered,pending,filtered_lexical_miss,,stage1_low_suspicion,0,,2026-04-06T16:32:44+00:00
run_20260406T163140Z,7708443d6e0db067db814ce831dff5b0fca9f90c,urls.xlsx,rush-bodyplan.homes,https://rush-bodyplan.homes,hash,filtered,,,0,0,0,,,,,0,pending,pending,pending,filtered,pending,filtered_lexical_miss,,stage1_low_suspicion,0,,2026-04-06T16:32:44+00:00
run_20260406T163140Z,b986f3124698ab7f59d029d9fc0b9e589a1f7bde,urls.xlsx,fxsnowcool.com,https://fxsnowcool.com,hash,fetch_failed,,,0,0,0,,,,,0,pending,pending,pending,fetch_failed,pending,hash_failed,,fetch_timeout_or_fetch_failed,0,,2026-04-06T16:32:44+00:00
run_20260406T163140Z,32236d27ce2adcbecb1e34fafaf7c5027db81eb1,urls.xlsx,94498.qpon,https://94498.qpon,hash,dns_rejected,,,0,0,0,,,,,0,pending,pending,pending,dns_rejected,pending,dns_rejected,,dns_rejected,0,,2026-04-06T16:32:44+00:00
run_20260406T163140Z,0f58cb7bd740d99a05e893167b61310962c0d0c9,urls.xlsx,enerzyph.com,https://enerzyph.com,hash,dns_rejected,,,0,0,0,,,,,0,pending,pending,pending,dns_rejected,pending,dns_rejected,,dns_rejected,0,,2026-04-06T16:32:44+00:00
run_20260406T163140Z,7675cbac6bc5f734b8d48fd1befc4c90435f88e1,urls.xlsx,joel-angelina-wedding.com,https://joel-angelina-wedding.com,hash,filtered,,,0,0,0,,,,,0,pending,pending,pending,filtered,pending,filtered_lexical_miss,,stage1_low_suspicion,0,,2026-04-06T16:32:44+00:00
run_20260406T163140Z,a4e1564788a538f25a486724187981737c1a1099,urls.xlsx,ofertaa643842315.sbs,https://ofertaa643842315.sbs,hash,dns_rejected,,,0,0,0,,,,,0,pending,pending,pending,dns_rejected,pending,dns_rejected,,dns_rejected,0,,2026-04-06T16:32:44+00:00
run_20260406T163140Z,4b78d3c957d6b9d924030163143be445a837f7db,urls.xlsx,inesceramica.pt,https://inesceramica.pt,hash,filtered,,,0,0,0,,,,,0,pending,pending,pending,filtered,pending,filtered_lexical_miss,,stage1_low_suspicion,0,,2026-04-06T16:32:44+00:00
run_20260406T163140Z,4d483717c6e90f1bfc24b2a7d4a807a8d9ef22dc,urls.xlsx,tayceculture.com,https://tayceculture.com,hash,filtered,,,0,0,0,,,,,0,pending,pending,pending,filtered,pending,filtered_lexical_miss,,stage1_low_suspicion,0,,2026-04-06T16:32:44+00:00
run_20260406T163140Z,962ae65a083559188021c55a3d41eb474102b6d3,urls.xlsx,ybiscom.fr,https://ybiscom.fr,hash,fetch_failed,,,0,0,0,,,,,0,pending,pending,pending,fetch_failed,pending,hash_failed,,fetch_timeout_or_fetch_failed,0,,2026-04-06T16:32:44+00:00
run_20260406T163140Z,3a54d799ee306f147fb3296136fe75cbdf2dbcee,urls.xlsx,digifant.network,https://digifant.network,hash,dns_rejected,,,0,0,0,,,,,0,pending,pending,pending,dns_rejected,pending,dns_rejected,,dns_rejected,0,,2026-04-06T16:32:44+00:00
run_20260406T163140Z,e553805ed8776bae468997ad3f3cd7c0f41b5790,urls.xlsx,brandmappr.com,https://brandmappr.com,hash,fetch_failed,,,0,0,0,,,,,0,pending,pending,pending,fetch_failed,pending,hash_failed,,fetch_timeout_or_fetch_failed,0,,2026-04-06T16:32:44+00:00
run_20260406T163140Z,4227399b20da2c796986e22729fd5d14709a8393,urls.xlsx,tredmind.com,https://tredmind.com,hash,filtered,,,0,0,0,,,,,0,pending,pending,pending,filtered,pending,filtered_lexical_miss,,stage1_low_suspicion,0,,2026-04-06T16:32:44+00:00
run_20260406T163140Z,c24f80e1cad7154f4fefcc00e9aa88b8d09bdd77,urls.xlsx,carelessvibe.com,https://carelessvibe.com,hash,filtered,,,0,0,0,,,,,0,pending,pending,pending,filtered,pending,filtered_lexical_miss,,stage1_low_suspicion,0,,2026-04-06T16:32:44+00:00
run_20260406T163140Z,cccbf97700f9dd9e3acd0b8436fb2a8185d6c7de,urls.xlsx,vipslot.casino,https://vipslot.casino,hash,filtered,,,0,0,0,,,,,0,pending,pending,pending,filtered,pending,filtered_lexical_miss,,stage1_low_suspicion,0,,2026-04-06T16:32:44+00:00
run_20260406T163140Z,089e89e7e3c4f29ed55569ba34338d308f457d3a,urls.xlsx,itplayegypt.win,https://itplayegypt.win,hash,filtered,,,0,0,0,,,,,0,pending,pending,pending,filtered,pending,filtered_lexical_miss,,stage1_low_suspicion,0,,2026-04-06T16:32:44+00:00
run_20260406T163140Z,77a467c0991387e2e73cf17069ece4fe9983bcd5,urls.xlsx,mediavision.store,https://mediavision.store,hash,filtered,,,0,0,0,,,,,0,pending,pending,pending,filtered,pending,filtered_lexical_miss,,stage1_low_suspicion,0,,2026-04-06T16:32:44+00:00
run_20260406T163140Z,521731e3c13b3491b2476b2afe62d25d102aa1f3,urls.xlsx,8eight.com.tw,https://8eight.com.tw,hash,filtered,,,0,0,0,,,,,0,pending,pending,pending,filtered,pending,filtered_lexical_miss,,stage1_low_suspicion,0,,2026-04-06T16:32:44+00:00
run_20260406T163140Z,aef9909287f524378719bf3b0ac5bd7f176bb943,urls.xlsx,permabrows.us,https://permabrows.us,hash,filtered,,,0,0,0,,,,,0,pending,pending,pending,filtered,pending,filtered_lexical_miss,,stage1_low_suspicion,0,,2026-04-06T16:32:44+00:00
run_20260406T163140Z,f8c9ff4d1767bc63ef006b0ba829b8654d4745f5,urls.xlsx,ibramep.com,https://ibramep.com,hash,fetch_failed,,,0,0,0,,,,,0,pending,pending,pending,fetch_failed,pending,hash_failed,,fetch_timeout_or_fetch_failed,0,,2026-04-06T16:32:44+00:00
run_20260406T163140Z,ba92f2732eb3abec2bf7925673abf88ee3c4130b,urls.xlsx,laoshuanliagou.bond,https://laoshuanliagou.bond,hash,filtered,,,0,0,0,,,,,0,pending,pending,pending,filtered,pending,filtered_lexical_miss,,stage1_low_suspicion,0,,2026-04-06T16:32:44+00:00
run_20260406T163140Z,c307913bf7abbb95adfe7d65f53f247bbe8f546c,urls.xlsx,traverseskier.com,https://traverseskier.com,hash,filtered,,,0,0,0,,,,,0,pending,pending,pending,filtered,pending,filtered_lexical_miss,,stage1_low_suspicion,0,,2026-04-06T16:32:44+00:00
run_20260406T163140Z,f0d357a7b62fa1a28c4651bd9de0f75fe12146c6,urls.xlsx,twentysixer.ru,https://twentysixer.ru,hash,fetch_failed,,,0,0,0,,,,,0,pending,pending,pending,fetch_failed,pending,hash_failed,,fetch_timeout_or_fetch_failed,0,,2026-04-06T16:32:44+00:00
run_20260406T163140Z,a4a0f6ee325a7358d22b51dc5559ec4879ecf2f9,urls.xlsx,dynamicdigitalmastery.com,https://dynamicdigitalmastery.com,hash,filtered,,,0,0,0,,,,,0,pending,pending,pending,filtered,pending,filtered_lexical_miss,,stage1_low_suspicion,0,,2026-04-06T16:32:44+00:00
run_20260406T163140Z,67bb8e7fb7f7c8a859a1449ba9563f84be70e63e,urls.xlsx,quadbottles.store,https://quadbottles.store,hash,filtered,,,0,0,0,,,,,0,pending,pending,pending,filtered,pending,filtered_lexical_miss,,stage1_low_suspicion,0,,2026-04-06T16:32:44+00:00
run_20260406T163140Z,ece5e81bad1672b157e3c5720d6c6388bc503684,urls.xlsx,lfsidou.com,https://lfsidou.com,hash,filtered,,,0,0,0,,,,,0,pending,pending,pending,filtered,pending,filtered_lexical_miss,,stage1_low_suspicion,0,,2026-04-06T16:32:44+00:00
run_20260406T163140Z,3dd2e1c3d99bf337715db31da448b3fcb3d5f967,urls.xlsx,5500betsk.com,https://5500betsk.com,hash,pending,,,0,0,0,,,,,0,pending,pending,pending,pending,pending,pending,,,0,,2026-04-06T16:32:44+00:00
run_20260406T163140Z,d1e1c228d85a42f7c8d97a24ba327a1186cccefd,urls.xlsx,roisgloballogam.com,https://roisgloballogam.com,hash,filtered,,,0,0,0,,,,,0,pending,pending,pending,filtered,pending,filtered_lexical_miss,,stage1_low_suspicion,0,,2026-04-06T16:32:44+00:00
run_20260406T163140Z,9854a21403ffa73de996f95955a8b02acb5bdc08,urls.xlsx,cifibiu.pro,https://cifibiu.pro,hash,filtered,,,0,0,0,,,,,0,pending,pending,pending,filtered,pending,filtered_lexical_miss,,stage1_suspected_non_escalated,0,,2026-04-06T16:32:44+00:00
run_20260406T163140Z,4afd478a121cf380022cfd10aca01e32b8147f5e,urls.xlsx,abfquoelx.com,https://abfquoelx.com,hash,dns_rejected,,,0,0,0,,,,,0,pending,pending,pending,dns_rejected,pending,dns_rejected,,dns_rejected,0,,2026-04-06T16:32:44+00:00
run_20260406T163140Z,139b9d6e7ccb36b139fd5e615ee0132d7c195bbc,urls.xlsx,wfbmus.org,https://wfbmus.org,hash,filtered,,,0,0,0,,,,,0,pending,pending,pending,filtered,pending,filtered_lexical_miss,,stage1_low_suspicion,0,,2026-04-06T16:32:44+00:00
run_20260406T163140Z,5899cb098a7c17e8c2052f45315075b3bbd2baec,urls.xlsx,edugig.xyz,https://edugig.xyz,hash,filtered,,,0,0,0,,,,,0,pending,pending,pending,filtered,pending,filtered_lexical_miss,,stage1_low_suspicion,0,,2026-04-06T16:32:44+00:00
run_20260406T163140Z,d71ea53435bb9da6f1961083dd8e76c4aa5aa670,urls.xlsx,app-mkwangzhi.com,https://app-mkwangzhi.com,hash,filtered,,,0,0,0,,,,,0,pending,pending,pending,filtered,pending,filtered_lexical_miss,,stage1_low_suspicion,0,,2026-04-06T16:32:44+00:00
run_20260406T163140Z,f19bb1291e0120a2f12334f165ea0abf14ed1156,urls.xlsx,wantianzf.com,https://wantianzf.com,hash,filtered,,,0,0,0,,,,,0,pending,pending,pending,filtered,pending,filtered_lexical_miss,,stage1_low_suspicion,0,,2026-04-06T16:32:44+00:00
run_20260406T163140Z,e1de14b6bf17f067b3b896a26e4b452021058414,urls.xlsx,shaart.com,https://shaart.com,hash,filtered,,,0,0,0,,,,,0,pending,pending,pending,filtered,pending,filtered_lexical_miss,,stage1_low_suspicion,0,,2026-04-06T16:32:44+00:00
run_20260406T163140Z,05270ade9c8674de4bb4f16936cd7f49be588bae,urls.xlsx,unqvrhr60.shop,https://unqvrhr60.shop,hash,dns_rejected,,,0,0,0,,,,,0,pending,pending,pending,dns_rejected,pending,dns_rejected,,dns_rejected,0,,2026-04-06T16:32:44+00:00
run_20260406T163140Z,9f8adcde970658b9455cee88e277ac8b0e0c5109,urls.xlsx,lesfermesdespoir.fr,https://lesfermesdespoir.fr,hash,filtered,,,0,0,0,,,,,0,pending,pending,pending,filtered,pending,filtered_lexical_miss,,stage1_low_suspicion,0,,2026-04-06T16:32:44+00:00
run_20260406T163140Z,f9c909862be42c88c666300cddbb8530944b508d,urls.xlsx,preprod-ucimtbworldseries.com,https://preprod-ucimtbworldseries.com,hash,dns_rejected,,,0,0,0,,,,,0,pending,pending,pending,dns_rejected,pending,dns_rejected,,dns_rejected,0,,2026-04-06T16:32:44+00:00
run_20260406T163140Z,60da9d56ba66987bdbc7b30f5a5defe5ed1d1b07,urls.xlsx,inwestonauci.pl,https://inwestonauci.pl,hash,filtered,,,0,0,0,,,,,0,pending,pending,pending,filtered,pending,filtered_lexical_miss,,stage1_low_suspicion,0,,2026-04-06T16:32:44+00:00
run_20260406T163140Z,8c15f521b3fd51c36dafe49ff91ee5607fc95a11,urls.xlsx,anptght-jp.com,https://anptght-jp.com,hash,filtered,,,0,0,0,,,,,0,pending,pending,pending,filtered,pending,filtered_lexical_miss,,stage1_low_suspicion,0,,2026-04-06T16:32:44+00:00
run_20260406T163140Z,f6e01424562a24b77c6120dc0ffcc877cce7b792,urls.xlsx,hometownsewickley.com,https://hometownsewickley.com,hash,filtered,,,0,0,0,,,,,0,pending,pending,pending,filtered,pending,filtered_lexical_miss,,stage1_low_suspicion,0,,2026-04-06T16:32:44+00:00
run_20260406T163140Z,ad19328b16904e8d7b9795b9e09b4f944db4cfe0,urls.xlsx,clayhole.click,https://clayhole.click,hash,filtered,,,0,0,0,,,,,0,pending,pending,pending,filtered,pending,filtered_lexical_miss,,stage1_low_suspicion,0,,2026-04-06T16:32:44+00:00
run_20260406T163140Z,d436644692ff886f99e9ce6732451681637cd360,urls.xlsx,f1blue.com,https://f1blue.com,hash,dns_rejected,,,0,0,0,,,,,0,pending,pending,pending,dns_rejected,pending,dns_rejected,,dns_rejected,0,,2026-04-06T16:32:44+00:00
run_20260406T163140Z,ff36719b871606fac6112ac458c4f17f9fa4e641,urls.xlsx,suesholidayhub.com,https://suesholidayhub.com,hash,filtered,,,0,0,0,,,,,0,pending,pending,pending,filtered,pending,filtered_lexical_miss,,stage1_low_suspicion,0,,2026-04-06T16:32:44+00:00
run_20260406T163140Z,36f4e684538fd09130a2089f989db8f616df4254,urls.xlsx,jiaotongzd.com,https://jiaotongzd.com,hash,filtered,,,0,0,0,,,,,0,pending,pending,pending,filtered,pending,filtered_lexical_miss,,stage1_low_suspicion,0,,2026-04-06T16:32:44+00:00
run_20260406T163140Z,929cc6e229ef2a0766443561e5a741812cef52f2,urls.xlsx,soilandturfconsulting.com,https://soilandturfconsulting.com,hash,filtered,,,0,0,0,,,,,0,pending,pending,pending,filtered,pending,filtered_lexical_miss,,stage1_low_suspicion,0,,2026-04-06T16:32:44+00:00
run_20260406T163140Z,f91149e733563c7531ac1790c229b0f2606bcdc6,urls.xlsx,my-auth23948.com,https://my-auth23948.com,hash,filtered,,,0,0,0,,,,,0,pending,pending,pending,filtered,pending,filtered_lexical_miss,,stage1_suspected_non_escalated,0,,2026-04-06T16:32:44+00:00
run_20260406T163140Z,f204a646bcbcf6548f326fd59291e250ddc10078,urls.xlsx,metaads.pro,https://metaads.pro,hash,filtered,,,0,0,0,,,,,0,pending,pending,pending,filtered,pending,filtered_lexical_miss,,stage1_low_suspicion,0,,2026-04-06T16:32:44+00:00
run_20260406T163140Z,36a0c8454be29f967bfc8745366aa0ac76c7a094,urls.xlsx,globalbookpublication.com,https://globalbookpublication.com,hash,filtered,,,0,0,0,,,,,0,pending,pending,pending,filtered,pending,filtered_lexical_miss,,stage1_low_suspicion,0,,2026-04-06T16:32:44+00:00
run_20260406T163140Z,a8aee70594a82ec259236744ff6df064c3bdd93d,urls.xlsx,creditrepair-help.com,https://creditrepair-help.com,hash,filtered,,,0,0,0,,,,,0,pending,pending,pending,filtered,pending,filtered_lexical_miss,,stage1_low_suspicion,0,,2026-04-06T16:32:44+00:00
run_20260406T163140Z,0ab3cc7a3e3b238926a542fc1add218dd70b3f9f,urls.xlsx,ampmskincare.com,https://ampmskincare.com,hash,filtered,,,0,0,0,,,,,0,pending,pending,pending,filtered,pending,filtered_lexical_miss,,stage1_low_suspicion,0,,2026-04-06T16:32:44+00:00
run_20260406T163140Z,b1325beefe06f6c4c898f5f2fc474f73df7670f0,urls.xlsx,s-s-a.us,https://s-s-a.us,hash,fetch_failed,,,0,0,0,,,,,0,pending,pending,pending,fetch_failed,pending,hash_failed,,fetch_timeout_or_fetch_failed,0,,2026-04-06T16:32:44+00:00
run_20260406T163140Z,2885b489ab584780fd9a684ff6d4f298365e6a50,urls.xlsx,sportrade.blog,https://sportrade.blog,hash,filtered,,,0,0,0,,,,,0,pending,pending,pending,filtered,pending,filtered_lexical_miss,,stage1_low_suspicion,0,,2026-04-06T16:32:44+00:00
run_20260406T163140Z,cf070e8b601262cd447fd29e7d5719396621e445,urls.xlsx,brierleysovereigngroup.info,https://brierleysovereigngroup.info,hash,fetch_failed,,,0,0,0,,,,,0,pending,pending,pending,fetch_failed,pending,hash_failed,,fetch_timeout_or_fetch_failed,0,,2026-04-06T16:32:44+00:00
run_20260406T163140Z,d6db9acfcea2661365df315e141093acfdcf4d9d,urls.xlsx,surpriseoflifellc.com,https://surpriseoflifellc.com,hash,filtered,,,0,0,0,,,,,0,pending,pending,pending,filtered,pending,filtered_lexical_miss,,stage1_low_suspicion,0,,2026-04-06T16:32:44+00:00
run_20260406T163140Z,46ef8a1bf00fd27ec62896482e530572af709165,urls.xlsx,aetyk.cc,https://aetyk.cc,hash,filtered,,,0,0,0,,,,,0,pending,pending,pending,filtered,pending,filtered_lexical_miss,,stage1_low_suspicion,0,,2026-04-06T16:32:44+00:00
run_20260406T163140Z,0d3e759adea23d58fb1637cce4ee278c9abe07c5,urls.xlsx,outlandscodex.ai,https://outlandscodex.ai,hash,filtered,,,0,0,0,,,,,0,pending,pending,pending,filtered,pending,filtered_lexical_miss,,stage1_low_suspicion,0,,2026-04-06T16:32:44+00:00
run_20260406T163140Z,c241e2cf2508318b3eea129ce06f51039e467619,urls.xlsx,kycedeoni.autos,https://kycedeoni.autos,hash,filtered,,,0,0,0,,,,,0,pending,pending,pending,filtered,pending,filtered_lexical_miss,,stage1_suspected_non_escalated,0,,2026-04-06T16:32:44+00:00
run_20260406T163140Z,c6db060dd7c335f67e5523f13dbdb364f6db47a0,urls.xlsx,o3zxth.top,https://o3zxth.top,hash,fetch_failed,,,0,0,0,,,,,0,pending,pending,pending,fetch_failed,pending,hash_failed,,fetch_timeout_or_fetch_failed,0,,2026-04-06T16:32:44+00:00
run_20260406T163140Z,5b55f657ad5219525e48db8ff638ca6d61c1fd23,urls.xlsx,suaconsulta2026.online,https://suaconsulta2026.online,hash,dns_rejected,,,0,0,0,,,,,0,pending,pending,pending,dns_rejected,pending,dns_rejected,,dns_rejected,0,,2026-04-06T16:32:44+00:00
run_20260406T163140Z,2b17ac12ca351bb41b88137e721f0ffb5de88eff,urls.xlsx,commerium.co.uk,https://commerium.co.uk,hash,filtered,,,0,0,0,,,,,0,pending,pending,pending,filtered,pending,filtered_lexical_miss,,stage1_low_suspicion,0,,2026-04-06T16:32:44+00:00
run_20260406T163140Z,8cf5f22fda16c3de1cef5652f69a9646708fcc69,urls.xlsx,outergood.ru,https://outergood.ru,hash,filtered,,,0,0,0,,,,,0,pending,pending,pending,filtered,pending,filtered_lexical_miss,,stage1_low_suspicion,0,,2026-04-06T16:32:44+00:00
run_20260406T163140Z,0ff8d0fd87202e1b4fbd791205c1ea2acfbda93c,urls.xlsx,graniteindustriesinc.com,https://graniteindustriesinc.com,hash,filtered,,,0,0,0,,,,,0,pending,pending,pending,filtered,pending,filtered_lexical_miss,,stage1_low_suspicion,0,,2026-04-06T16:32:44+00:00
run_20260406T163140Z,c0124a0fd71cb467a2a3cebbf4e03d575823cbf9,urls.xlsx,thelocksmithcrew.com,https://thelocksmithcrew.com,hash,filtered,,,0,0,0,,,,,0,pending,pending,pending,filtered,pending,filtered_lexical_miss,,stage1_low_suspicion,0,,2026-04-06T16:32:44+00:00
run_20260406T163140Z,eaf11f584e6cbf2fa14809d9c0b7e7c41e46c17f,urls.xlsx,avbyfpho.shop,https://avbyfpho.shop,hash,filtered,,,0,0,0,,,,,0,pending,pending,pending,filtered,pending,filtered_lexical_miss,,stage1_low_suspicion,0,,2026-04-06T16:32:44+00:00
run_20260406T163140Z,39075f97d72e1774b5224204333107118cb5bdcd,urls.xlsx,elit-stomatolog.ru,https://elit-stomatolog.ru,hash,filtered,,,0,0,0,,,,,0,pending,pending,pending,filtered,pending,filtered_lexical_miss,,stage1_low_suspicion,0,,2026-04-06T16:32:44+00:00
run_20260406T163140Z,1e342ed60c20508b9a86fb64233072998bc64ad3,urls.xlsx,chillcollege.com,https://chillcollege.com,hash,filtered,,,0,0,0,,,,,0,pending,pending,pending,filtered,pending,filtered_lexical_miss,,stage1_low_suspicion,0,,2026-04-06T16:32:44+00:00
run_20260406T163140Z,ebac27106e377debcab905316d23574827233b14,urls.xlsx,bluewaterpoolsusa.com,https://bluewaterpoolsusa.com,hash,filtered,,,0,0,0,,,,,0,pending,pending,pending,filtered,pending,filtered_lexical_miss,,stage1_low_suspicion,0,,2026-04-06T16:32:44+00:00
run_20260406T163140Z,6c64bf0e74ec79ba4213dff09a86ea9159596d73,urls.xlsx,abx5n1n7.cc,https://abx5n1n7.cc,hash,filtered,,,0,0,0,,,,,0,pending,pending,pending,filtered,pending,filtered_lexical_miss,,stage1_low_suspicion,0,,2026-04-06T16:32:44+00:00
run_20260406T163140Z,d9a723afe807223f9a03044343def8aca3d7800d,urls.xlsx,lml2vipaff05.cc,https://lml2vipaff05.cc,hash,filtered,,,0,0,0,,,,,0,pending,pending,pending,filtered,pending,filtered_lexical_miss,,stage1_suspected_non_escalated,0,,2026-04-06T16:32:44+00:00
run_20260406T163140Z,55355fa5b5b64ec4000449db5565ad91fab21e48,urls.xlsx,bramclaw.my.id,https://bramclaw.my.id,hash,fetch_failed,,,0,0,0,,,,,0,pending,pending,pending,fetch_failed,pending,hash_failed,,fetch_timeout_or_fetch_failed,0,,2026-04-06T16:32:44+00:00
run_20260406T163140Z,fc6b14335fbd455dc827e40d070df94601ed3be5,urls.xlsx,wildlayers.com,https://wildlayers.com,hash,filtered,,,0,0,0,,,,,0,pending,pending,pending,filtered,pending,filtered_lexical_miss,,stage1_low_suspicion,0,,2026-04-06T16:32:44+00:00
run_20260406T163140Z,63c37f07bf42ed4b4a37d81d9ad131194699cfba,urls.xlsx,rosastoneeg.com,https://rosastoneeg.com,hash,fetch_failed,,,0,0,0,,,,,0,pending,pending,pending,fetch_failed,pending,hash_failed,,fetch_timeout_or_fetch_failed,0,,2026-04-06T16:32:44+00:00
run_20260406T163140Z,0f035ab58c0b8a62ea679b1b69f13b9563fe526a,urls.xlsx,ezbrd.co,https://ezbrd.co,hash,filtered,,,0,0,0,,,,,0,pending,pending,pending,filtered,pending,filtered_lexical_miss,,stage1_low_suspicion,0,,2026-04-06T16:32:44+00:00
run_20260406T163140Z,c7ffb3cff85dda9390c3997c53dca352f7364f76,urls.xlsx,connect2people360x.info,https://connect2people360x.info,hash,filtered,,,0,0,0,,,,,0,pending,pending,pending,filtered,pending,filtered_lexical_miss,,stage1_low_suspicion,0,,2026-04-06T16:32:44+00:00
run_20260406T163140Z,96cad61b798ad0f80a6f30080643d29d94ca6eb6,urls.xlsx,mis4624.cc,https://mis4624.cc,hash,dns_rejected,,,0,0,0,,,,,0,pending,pending,pending,dns_rejected,pending,dns_rejected,,dns_rejected,0,,2026-04-06T16:32:44+00:00
run_20260406T163140Z,94c9df84cade357983a235cd548aaed57a753912,urls.xlsx,ncbackyardbouncers.com,https://ncbackyardbouncers.com,hash,filtered,,,0,0,0,,,,,0,pending,pending,pending,filtered,pending,filtered_lexical_miss,,stage1_low_suspicion,0,,2026-04-06T16:32:44+00:00
run_20260406T163140Z,1e5187bf928f28fda96a2374aaad048971794ce9,urls.xlsx,daisyfrost.com,https://daisyfrost.com,hash,filtered,,,0,0,0,,,,,0,pending,pending,pending,filtered,pending,filtered_lexical_miss,,stage1_low_suspicion,0,,2026-04-06T16:32:44+00:00
run_20260406T163140Z,7fc6c06bf68ead65188a44ee306d8f0b6159ad46,urls.xlsx,freedomroadfinancialdealerhub.com,https://freedomroadfinancialdealerhub.com,hash,filtered,,,0,0,0,,,,,0,pending,pending,pending,filtered,pending,filtered_lexical_miss,,stage1_low_suspicion,0,,2026-04-06T16:32:44+00:00
run_20260406T163140Z,46a0a2699179810eb7a8e4e6a74193bd1d58c6e5,urls.xlsx,di9rke.top,https://di9rke.top,hash,fetch_failed,,,0,0,0,,,,,0,pending,pending,pending,fetch_failed,pending,hash_failed,,fetch_timeout_or_fetch_failed,0,,2026-04-06T16:32:44+00:00
run_20260406T163140Z,c16422650e5027d97c969d1da902a43acf0895dc,urls.xlsx,flydownloads.space,https://flydownloads.space,hash,filtered,,,0,0,0,,,,,0,pending,pending,pending,filtered,pending,filtered_lexical_miss,,stage1_low_suspicion,0,,2026-04-06T16:32:44+00:00
run_20260406T163140Z,3004af5d0604aa1b9b51abf7db0a4b97de5a7c9b,urls.xlsx,sweetcookii.com,https://sweetcookii.com,hash,filtered,,,0,0,0,,,,,0,pending,pending,pending,filtered,pending,filtered_lexical_miss,,stage1_low_suspicion,0,,2026-04-06T16:32:44+00:00
run_20260406T163140Z,896de402d716cd99ac24e9c84cc55397e43241de,urls.xlsx,phoenixwanderlust.in,https://phoenixwanderlust.in,hash,filtered,,,0,0,0,,,,,0,pending,pending,pending,filtered,pending,filtered_lexical_miss,,stage1_low_suspicion,0,,2026-04-06T16:32:44+00:00
run_20260406T163140Z,1e27745e6ccabce3f8adb5826be2d0a4c1cefea5,urls.xlsx,coastalcounselingcenter.org,https://coastalcounselingcenter.org,hash,dns_rejected,,,0,0,0,,,,,0,pending,pending,pending,dns_rejected,pending,dns_rejected,,dns_rejected,0,,2026-04-06T16:32:44+00:00
run_20260406T163140Z,c57efdae2350a8093692b447d34b824b5617395e,urls.xlsx,pulsefck.store,https://pulsefck.store,hash,fetch_failed,,,0,0,0,,,,,0,pending,pending,pending,fetch_failed,pending,hash_failed,,fetch_timeout_or_fetch_failed,0,,2026-04-06T16:32:44+00:00
run_20260406T163140Z,448bccd6e0de11c4a956e6708f6b123f37922e5a,urls.xlsx,oliveandjunes.store,https://oliveandjunes.store,hash,filtered,,,0,0,0,,,,,0,pending,pending,pending,filtered,pending,filtered_lexical_miss,,stage1_low_suspicion,0,,2026-04-06T16:32:44+00:00
run_20260406T163140Z,35ab03e4a29aa2bf57eed59188b9179f466f286e,AIGR-S66270_Ground_Truth.xlsx|urls.xlsx,https://uidaiaadhardownload.com,https://uidaiaadhardownload.com,classify,strict_lexical_plus_direct_evidence,,,0,0,0,,classify-0,,,0,pending,pending,pending,pending,strict_lexical_plus_direct_evidence,completed,Phishing,strict_lexical_plus_direct_evidence,0,"{""Application_ID"": ""ISS_NLP"", ""Corresponding CSE Domain Name"": ""uidai.gov.in"", ""Critical Sector Entity Name"": ""Unique Identification Authority of India (UIDAI)\n"", ""DNS Records (if any)"": ""A:147.79.69.217;A:91.108.106.106;NS:ns1.dns-parking.com.;NS:ns2.dns-parking.com."", ""Date of Post (If detection is from Source: social media)"": ""NA"", ""Date of detection (DD-MM-YYYY)"": ""06-04-2026"", ""Domain Registration Date"": ""2026-02-22T14:32:02Z"", ""Evidence file name"": ""PS-02_ISS_NLP_Evidences\\UIDAI_uidaiaadhardownload.com_1.pdf"", ""Hosting Country"": ""FR"", ""Hosting IP"": ""147.79.69.217"", ""Hosting ISP"": ""Hostinger International Limited"", ""Identified Phishing/Suspected Domain Name"": ""https://uidaiaadhardownload.com"", ""Name Servers"": ""NS1.DNS-PARKING.COM;NS2.DNS-PARKING.COM"", ""Phishing/Suspected Domains (i.e. Class Label)"": ""Phishing"", ""Registrant Country"": ""NA"", ""Registrant Name or Registrant Organisation"": ""NA"", ""Registrar Name"": ""HOSTINGER operations, UAB"", ""Remarks"": ""weak_or_single_signal_match; NA values are due to privacy issues."", ""Source of detection"": ""Government"", ""Time of detection (HH-MM-SS)"": ""22:02:50""}",2026-04-06T16:32:50+00:00
