run_id,record_key,source_workbook,normalized_url,stage_name,attempt_index,worker_id,started_at,finished_at,duration_ms,status,error_type,error_message,retry_count,timeout_flag,fallback_taken
run_20260414T100254Z,680419efa7960d5e42c34c5c86500ba08c788776,urls.xlsx,https://domain,stage0,1,ray-stage0,2026-04-14T10:03:33+00:00,2026-04-14T10:03:33+00:00,2,filtered_lexical_miss,,,0,0,
run_20260414T100254Z,17621bd0f89adc488ceae038a0c3251aebed22e1,urls.xlsx,https://jardines10.com,stage0,1,ray-stage0,2026-04-14T10:03:33+00:00,2026-04-14T10:03:33+00:00,0,filtered_lexical_miss,,,0,0,
run_20260414T100254Z,a2c53beb9dc0059a604bf1306527e62e255b0ac5,urls.xlsx,https://connectionsarchive.net,stage0,1,ray-stage0,2026-04-14T10:03:33+00:00,2026-04-14T10:03:33+00:00,0,filtered_lexical_miss,,,0,0,
run_20260414T100254Z,a750f111b9c6b60e2052c01db5d608434279aa50,urls.xlsx,https://web365daftar.com,stage0,1,ray-stage0,2026-04-14T10:03:33+00:00,2026-04-14T10:03:33+00:00,0,filtered_lexical_miss,,,0,0,
run_20260414T100254Z,c93f5b9153de8b13a476c630b9911e1f6173fb57,urls.xlsx,https://conciergerie-niort.fr,stage0,1,ray-stage0,2026-04-14T10:03:33+00:00,2026-04-14T10:03:33+00:00,0,filtered_lexical_miss,,,0,0,
run_20260414T100254Z,3f95423fa4ca09a762217c3da37fd35941cbdc49,urls.xlsx,https://nmjiaojinginc.shop,stage0,1,ray-stage0,2026-04-14T10:03:33+00:00,2026-04-14T10:03:33+00:00,0,filtered_lexical_miss,,,0,0,
run_20260414T100254Z,3526c0a5a5b352cf70b52912c6a10c0379187e61,urls.xlsx,https://ventajp.com,stage0,1,ray-stage0,2026-04-14T10:03:33+00:00,2026-04-14T10:03:33+00:00,0,filtered_lexical_miss,,,0,0,
run_20260414T100254Z,09ee744ac8fade3faa60c48c033df3a93ec8d0a8,urls.xlsx,https://snackduel.com,stage0,1,ray-stage0,2026-04-14T10:03:33+00:00,2026-04-14T10:03:33+00:00,0,filtered_lexical_miss,,,0,0,
run_20260414T100254Z,d6f73a3882f6003ba9389da65bf39a5b3cff1241,urls.xlsx,https://calmplatewindow.club,stage0,1,ray-stage0,2026-04-14T10:03:33+00:00,2026-04-14T10:03:33+00:00,0,filtered_lexical_miss,,,0,0,
run_20260414T100254Z,7a8f6bc623ad7c4b318ce46d57f5173132422b9b,urls.xlsx,https://tuterrenoenchile.cl,stage0,1,ray-stage0,2026-04-14T10:03:33+00:00,2026-04-14T10:03:33+00:00,0,filtered_lexical_miss,,,0,0,
run_20260414T100254Z,e4c44441834731802961a9b4eed45fceddf1d58e,urls.xlsx,https://exerciseok.com,stage0,1,ray-stage0,2026-04-14T10:03:33+00:00,2026-04-14T10:03:33+00:00,0,filtered_lexical_miss,,,0,0,
run_20260414T100254Z,0d972cbf356278633992eb8999c8e394516f8146,urls.xlsx,https://pumirpkin.live,stage0,1,ray-stage0,2026-04-14T10:03:33+00:00,2026-04-14T10:03:33+00:00,0,filtered_lexical_miss,,,0,0,
run_20260414T100254Z,a8c7ba5853cdb05c8d3bf0571947a6e7f07372fe,urls.xlsx,https://parquebatweania.com,stage0,1,ray-stage0,2026-04-14T10:03:33+00:00,2026-04-14T10:03:33+00:00,0,filtered_lexical_miss,,,0,0,
run_20260414T100254Z,317d8098f06b65169b431c618a7da74275725256,urls.xlsx,https://tutu-and-tiaras.com,stage0,1,ray-stage0,2026-04-14T10:03:33+00:00,2026-04-14T10:03:33+00:00,0,filtered_lexical_miss,,,0,0,
run_20260414T100254Z,f0b671cb0ddbaa437d4695cf54879f87be6a35b0,urls.xlsx,https://prototanya.org,stage0,1,ray-stage0,2026-04-14T10:03:33+00:00,2026-04-14T10:03:33+00:00,0,filtered_lexical_miss,,,0,0,
run_20260414T100254Z,1f733e834c3c5ee9cd9596d19f14a55d11ccb72f,urls.xlsx,https://creationorder.net,stage0,1,ray-stage0,2026-04-14T10:03:33+00:00,2026-04-14T10:03:33+00:00,0,filtered_lexical_miss,,,0,0,
run_20260414T100254Z,772759367e515c328f62dfcb1f38d9dc87faaca7,urls.xlsx,https://bazarcentofiori.com,stage0,1,ray-stage0,2026-04-14T10:03:33+00:00,2026-04-14T10:03:33+00:00,0,filtered_lexical_miss,,,0,0,
run_20260414T100254Z,c7057373b3a48210f10919eec135113ba66495ed,urls.xlsx,https://hgi5z6n1d.vip,stage0,1,ray-stage0,2026-04-14T10:03:33+00:00,2026-04-14T10:03:33+00:00,0,filtered_lexical_miss,,,0,0,
run_20260414T100254Z,a8713794e0b7ea3c8dff075f1cb527bd49778518,urls.xlsx,https://beton888bonuuz30rb.cyou,stage0,1,ray-stage0,2026-04-14T10:03:33+00:00,2026-04-14T10:03:33+00:00,0,filtered_lexical_miss,,,0,0,
run_20260414T100254Z,e93abb09e9120fb5d3f3154b2b93886feb832fdf,urls.xlsx,https://crplasticos.com.br,stage0,1,ray-stage0,2026-04-14T10:03:33+00:00,2026-04-14T10:03:33+00:00,0,filtered_lexical_miss,,,0,0,
run_20260414T100254Z,69c3d5f3a9cb29ba7129bf5e997f8aeed3c411ff,urls.xlsx,https://greenbeangirltrainingtutoring.com,stage0,1,ray-stage0,2026-04-14T10:03:33+00:00,2026-04-14T10:03:33+00:00,0,filtered_lexical_miss,,,0,0,
run_20260414T100254Z,fb8d94ba8d4618d77d7627eb7d85a674a474487d,urls.xlsx,https://socioone.com,stage0,1,ray-stage0,2026-04-14T10:03:33+00:00,2026-04-14T10:03:33+00:00,0,filtered_lexical_miss,,,0,0,
run_20260414T100254Z,d3d8be1f01057eed89ef8797124cd4b46d5fd6e2,urls.xlsx,https://tnkproject.com,stage0,1,ray-stage0,2026-04-14T10:03:33+00:00,2026-04-14T10:03:33+00:00,0,filtered_lexical_miss,,,0,0,
run_20260414T100254Z,75684a61c15e9904812596c3e6381166041e72a4,urls.xlsx,https://landscapebyvera.com,stage0,1,ray-stage0,2026-04-14T10:03:33+00:00,2026-04-14T10:03:33+00:00,0,filtered_lexical_miss,,,0,0,
run_20260414T100254Z,12fb07a1238b2543c32af96dc3d0bd968e739722,urls.xlsx,https://fresna.online,stage0,1,ray-stage0,2026-04-14T10:03:33+00:00,2026-04-14T10:03:33+00:00,0,filtered_lexical_miss,,,0,0,
run_20260414T100254Z,f5996cf039e7b1effb401fad74ea55a32c770c82,urls.xlsx,https://emon793hoky.online,stage0,1,ray-stage0,2026-04-14T10:03:33+00:00,2026-04-14T10:03:33+00:00,0,filtered_lexical_miss,,,0,0,
run_20260414T100254Z,c44853c804f21ccb35b1a248b8d62c01e2ceed13,urls.xlsx,https://udbijaayurveda.com,stage0,1,ray-stage0,2026-04-14T10:03:33+00:00,2026-04-14T10:03:33+00:00,0,filtered_lexical_miss,,,0,0,
run_20260414T100254Z,1c5e32f6fd567fe29145eef699710a4e17909bec,urls.xlsx,https://zh-ptgaming.com,stage0,1,ray-stage0,2026-04-14T10:03:33+00:00,2026-04-14T10:03:33+00:00,0,filtered_lexical_miss,,,0,0,
run_20260414T100254Z,814502796cf0fffb252c28dab720943ed33d1d51,urls.xlsx,https://pornmega18.xyz,stage0,1,ray-stage0,2026-04-14T10:03:33+00:00,2026-04-14T10:03:33+00:00,0,filtered_lexical_miss,,,0,0,
run_20260414T100254Z,3f696476fadbe87dcdb2e0c4e252958cd8e8713d,urls.xlsx,https://easy-sponso.com,stage0,1,ray-stage0,2026-04-14T10:03:33+00:00,2026-04-14T10:03:33+00:00,0,filtered_lexical_miss,,,0,0,
run_20260414T100254Z,e253376d4a67d2d4ad96b910145a3a94c6f30aa4,urls.xlsx,https://roblox303.store,stage0,1,ray-stage0,2026-04-14T10:03:33+00:00,2026-04-14T10:03:33+00:00,0,filtered_lexical_miss,,,0,0,
run_20260414T100254Z,a08ed0d636a075b6ac73f42b29679a1f3706e782,urls.xlsx,https://kirin77.site,stage0,1,ray-stage0,2026-04-14T10:03:33+00:00,2026-04-14T10:03:33+00:00,0,filtered_lexical_miss,,,0,0,
run_20260414T100254Z,b93b19637b991031d78bfb9b5a47e70ef3842d3c,urls.xlsx,https://moisesdevweb.com,stage0,1,ray-stage0,2026-04-14T10:03:33+00:00,2026-04-14T10:03:33+00:00,0,filtered_lexical_miss,,,0,0,
run_20260414T100254Z,690ef6674bec2e90454dafae04750c9e7815520e,urls.xlsx,https://barbara-michelle.com,stage0,1,ray-stage0,2026-04-14T10:03:33+00:00,2026-04-14T10:03:33+00:00,0,filtered_lexical_miss,,,0,0,
run_20260414T100254Z,f5c6d181b8da23b716f2dea6bb566792053debb6,urls.xlsx,https://hraihpsa.ca,stage0,1,ray-stage0,2026-04-14T10:03:33+00:00,2026-04-14T10:03:33+00:00,0,filtered_lexical_miss,,,0,0,
run_20260414T100254Z,ea18fff4fd79b109ce58dcd71a50dbc729d30162,urls.xlsx,https://saudenervocuremax.shop,stage0,1,ray-stage0,2026-04-14T10:03:33+00:00,2026-04-14T10:03:33+00:00,0,filtered_lexical_miss,,,0,0,
run_20260414T100254Z,e1b321e1895f84fc72736846f35596e519345688,urls.xlsx,https://pornxmodel.click,stage0,1,ray-stage0,2026-04-14T10:03:33+00:00,2026-04-14T10:03:33+00:00,0,filtered_lexical_miss,,,0,0,
run_20260414T100254Z,10bc15be92bc3fc8157007bf95ef7d0e707ce4e2,urls.xlsx,https://rjpnbv.com,stage0,1,ray-stage0,2026-04-14T10:03:33+00:00,2026-04-14T10:03:33+00:00,0,filtered_lexical_miss,,,0,0,
run_20260414T100254Z,a2e3349247feb8ca1bfd19e7af72502f943881b2,urls.xlsx,https://yktdeo.com,stage0,1,ray-stage0,2026-04-14T10:03:33+00:00,2026-04-14T10:03:33+00:00,0,filtered_lexical_miss,,,0,0,
run_20260414T100254Z,40f5a00fad670160103c2b96c98200a079bb42ec,urls.xlsx,https://bogitekniikka.fi,stage0,1,ray-stage0,2026-04-14T10:03:33+00:00,2026-04-14T10:03:33+00:00,0,filtered_lexical_miss,,,0,0,
run_20260414T100254Z,cefec113a950ffef706f00e6b3b8bef98855683d,urls.xlsx,https://jlchuhai.com,stage0,1,ray-stage0,2026-04-14T10:03:33+00:00,2026-04-14T10:03:33+00:00,0,filtered_lexical_miss,,,0,0,
run_20260414T100254Z,91ac004f7e52747c19f78c5d547dc6ef51314dbb,urls.xlsx,https://yataganharem5.click,stage0,1,ray-stage0,2026-04-14T10:03:33+00:00,2026-04-14T10:03:33+00:00,0,filtered_lexical_miss,,,0,0,
run_20260414T100254Z,20cad94df1bdb62c2ce7a406960462139969f22a,urls.xlsx,https://lucilalehmann.com,stage0,1,ray-stage0,2026-04-14T10:03:33+00:00,2026-04-14T10:03:33+00:00,0,filtered_lexical_miss,,,0,0,
run_20260414T100254Z,8f92b72725fbd0779cda20aab4056607e5968a43,urls.xlsx,https://wintergroupsecurity.com,stage0,1,ray-stage0,2026-04-14T10:03:33+00:00,2026-04-14T10:03:33+00:00,0,filtered_lexical_miss,,,0,0,
run_20260414T100254Z,a1e2b7436084b77377a69d9f8ca4bbb081935acc,urls.xlsx,https://mikogpt.ru,stage0,1,ray-stage0,2026-04-14T10:03:33+00:00,2026-04-14T10:03:33+00:00,0,filtered_lexical_miss,,,0,0,
run_20260414T100254Z,f9db5a03f6f4ad95c90165b1df46cfb177d20642,urls.xlsx,https://jicm0yo.vip,stage0,1,ray-stage0,2026-04-14T10:03:33+00:00,2026-04-14T10:03:33+00:00,0,filtered_lexical_miss,,,0,0,
run_20260414T100254Z,5affcbd0d4d77ab0a78b171e00aab478be5f41de,urls.xlsx,https://exodusbrk.com,stage0,1,ray-stage0,2026-04-14T10:03:33+00:00,2026-04-14T10:03:33+00:00,0,filtered_lexical_miss,,,0,0,
run_20260414T100254Z,d8f637f6cd46536c61c263f693a6a7bb144cbf99,urls.xlsx,https://alyxara.com,stage0,1,ray-stage0,2026-04-14T10:03:33+00:00,2026-04-14T10:03:33+00:00,0,filtered_lexical_miss,,,0,0,
run_20260414T100254Z,84126fb0d51b0e70cf1c00e3eb30357a7add63f0,urls.xlsx,https://dikagegrid.click,stage0,1,ray-stage0,2026-04-14T10:03:33+00:00,2026-04-14T10:03:33+00:00,0,filtered_lexical_miss,,,0,0,
run_20260414T100254Z,d19e851ee8f7d4ec4bbeac957181ec29eff62ce2,urls.xlsx,https://anxunh.top,stage0,1,ray-stage0,2026-04-14T10:03:33+00:00,2026-04-14T10:03:33+00:00,0,filtered_lexical_miss,,,0,0,
run_20260414T100254Z,d3347ff8caa2aebe8a5b74d39cef5946aca3f375,urls.xlsx,https://djgekcf.icu,stage0,1,ray-stage0,2026-04-14T10:03:33+00:00,2026-04-14T10:03:33+00:00,0,filtered_lexical_miss,,,0,0,
run_20260414T100254Z,3ff4c41bccc499ebf56593a450ae827caa0111cb,urls.xlsx,https://americanexpress-reward00175.ink,stage0,1,ray-stage0,2026-04-14T10:03:33+00:00,2026-04-14T10:03:33+00:00,0,filtered_lexical_miss,,,0,0,
run_20260414T100254Z,3f7a5023045a5e6fc5affed82136b84ec2fca563,urls.xlsx,https://eatalymarket.shop,stage0,1,ray-stage0,2026-04-14T10:03:33+00:00,2026-04-14T10:03:33+00:00,0,filtered_lexical_miss,,,0,0,
run_20260414T100254Z,81e8fcf21ca5f56f446d90ffe0f17119c915f1e7,urls.xlsx,https://discretion.shop,stage0,1,ray-stage0,2026-04-14T10:03:33+00:00,2026-04-14T10:03:33+00:00,1,filtered_lexical_miss,,,0,0,
run_20260414T100254Z,787b49d57117f17daf49d8f2e66a1b9638923bc9,urls.xlsx,https://pack101.org,stage0,1,ray-stage0,2026-04-14T10:03:33+00:00,2026-04-14T10:03:33+00:00,0,filtered_lexical_miss,,,0,0,
run_20260414T100254Z,cca571d816bf0dc8d159824100ee2aea20b0156e,urls.xlsx,https://thirdshelterpress.com,stage0,1,ray-stage0,2026-04-14T10:03:33+00:00,2026-04-14T10:03:33+00:00,0,filtered_lexical_miss,,,0,0,
run_20260414T100254Z,60045ed25a305f700079c440dd34449915914ebb,urls.xlsx,https://ank2014.biz,stage0,1,ray-stage0,2026-04-14T10:03:33+00:00,2026-04-14T10:03:33+00:00,0,filtered_lexical_miss,,,0,0,
run_20260414T100254Z,b6c9d1805d951abf9810d062d7ae017ef5003470,urls.xlsx,https://hollandgroupandassociates.com,stage0,1,ray-stage0,2026-04-14T10:03:33+00:00,2026-04-14T10:03:33+00:00,0,filtered_lexical_miss,,,0,0,
run_20260414T100254Z,cbe61f33ec1ec4da7b0b2c8cb44e242592f4008f,urls.xlsx,https://thinkproguard.com,stage0,1,ray-stage0,2026-04-14T10:03:33+00:00,2026-04-14T10:03:33+00:00,0,filtered_lexical_miss,,,0,0,
run_20260414T100254Z,d1c98aa1d3cb6a7efe6547c55bb8d2aa961b8414,urls.xlsx,https://8740i4ji8ki.shop,stage0,1,ray-stage0,2026-04-14T10:03:33+00:00,2026-04-14T10:03:33+00:00,0,filtered_lexical_miss,,,0,0,
run_20260414T100254Z,3077dbb9d57684f96225bd63c73cdf9acf561404,urls.xlsx,https://hysefo.com,stage0,1,ray-stage0,2026-04-14T10:03:33+00:00,2026-04-14T10:03:33+00:00,0,filtered_lexical_miss,,,0,0,
run_20260414T100254Z,a78729fcd35b4592ac8a4416031717e13805875e,urls.xlsx,https://netsafe.ovh,stage0,1,ray-stage0,2026-04-14T10:03:33+00:00,2026-04-14T10:03:33+00:00,0,filtered_lexical_miss,,,0,0,
run_20260414T100254Z,478f89fb8c682c079631ad555a027f38160f0fd0,urls.xlsx,https://optimacapitalvc.com,stage0,1,ray-stage0,2026-04-14T10:03:33+00:00,2026-04-14T10:03:33+00:00,0,filtered_lexical_miss,,,0,0,
run_20260414T100254Z,47f056b5bbdcd3fd0806076517eba816d0412814,urls.xlsx,https://zrsanalyst.com,stage0,1,ray-stage0,2026-04-14T10:03:33+00:00,2026-04-14T10:03:33+00:00,0,filtered_lexical_miss,,,0,0,
run_20260414T100254Z,17621bd0f89adc488ceae038a0c3251aebed22e1,urls.xlsx,https://jardines10.com,dns_gate,1,ray-dns-gate,2026-04-14T10:03:36+00:00,2026-04-14T10:03:36+00:00,0,accepted,,,0,0,
run_20260414T100254Z,a2c53beb9dc0059a604bf1306527e62e255b0ac5,urls.xlsx,https://connectionsarchive.net,dns_gate,1,ray-dns-gate,2026-04-14T10:03:36+00:00,2026-04-14T10:03:36+00:00,0,accepted,,,0,0,
run_20260414T100254Z,c93f5b9153de8b13a476c630b9911e1f6173fb57,urls.xlsx,https://conciergerie-niort.fr,dns_gate,1,ray-dns-gate,2026-04-14T10:03:36+00:00,2026-04-14T10:03:36+00:00,0,accepted,,,0,0,
run_20260414T100254Z,a750f111b9c6b60e2052c01db5d608434279aa50,urls.xlsx,https://web365daftar.com,dns_gate,1,ray-dns-gate,2026-04-14T10:03:36+00:00,2026-04-14T10:03:36+00:00,0,accepted,,,0,0,
run_20260414T100254Z,3526c0a5a5b352cf70b52912c6a10c0379187e61,urls.xlsx,https://ventajp.com,dns_gate,1,ray-dns-gate,2026-04-14T10:03:36+00:00,2026-04-14T10:03:36+00:00,0,accepted,,,0,0,
run_20260414T100254Z,3f95423fa4ca09a762217c3da37fd35941cbdc49,urls.xlsx,https://nmjiaojinginc.shop,dns_gate,1,ray-dns-gate,2026-04-14T10:03:36+00:00,2026-04-14T10:03:36+00:00,0,accepted,,,0,0,
run_20260414T100254Z,d6f73a3882f6003ba9389da65bf39a5b3cff1241,urls.xlsx,https://calmplatewindow.club,dns_gate,1,ray-dns-gate,2026-04-14T10:03:36+00:00,2026-04-14T10:03:36+00:00,0,accepted,,,0,0,
run_20260414T100254Z,7a8f6bc623ad7c4b318ce46d57f5173132422b9b,urls.xlsx,https://tuterrenoenchile.cl,dns_gate,1,ray-dns-gate,2026-04-14T10:03:36+00:00,2026-04-14T10:03:36+00:00,0,accepted,,,0,0,
run_20260414T100254Z,0d972cbf356278633992eb8999c8e394516f8146,urls.xlsx,https://pumirpkin.live,dns_gate,1,ray-dns-gate,2026-04-14T10:03:36+00:00,2026-04-14T10:03:36+00:00,0,accepted,,,0,0,
run_20260414T100254Z,317d8098f06b65169b431c618a7da74275725256,urls.xlsx,https://tutu-and-tiaras.com,dns_gate,1,ray-dns-gate,2026-04-14T10:03:36+00:00,2026-04-14T10:03:36+00:00,0,accepted,,,0,0,
run_20260414T100254Z,f0b671cb0ddbaa437d4695cf54879f87be6a35b0,urls.xlsx,https://prototanya.org,dns_gate,1,ray-dns-gate,2026-04-14T10:03:36+00:00,2026-04-14T10:03:36+00:00,0,accepted,,,0,0,
run_20260414T100254Z,e4c44441834731802961a9b4eed45fceddf1d58e,urls.xlsx,https://exerciseok.com,dns_gate,1,ray-dns-gate,2026-04-14T10:03:36+00:00,2026-04-14T10:03:36+00:00,0,accepted,,,0,0,
run_20260414T100254Z,a8713794e0b7ea3c8dff075f1cb527bd49778518,urls.xlsx,https://beton888bonuuz30rb.cyou,dns_gate,1,ray-dns-gate,2026-04-14T10:03:36+00:00,2026-04-14T10:03:36+00:00,0,accepted,,,0,0,
run_20260414T100254Z,a8c7ba5853cdb05c8d3bf0571947a6e7f07372fe,urls.xlsx,https://parquebatweania.com,dns_gate,1,ray-dns-gate,2026-04-14T10:03:36+00:00,2026-04-14T10:03:36+00:00,0,accepted,,,0,0,
run_20260414T100254Z,1f733e834c3c5ee9cd9596d19f14a55d11ccb72f,urls.xlsx,https://creationorder.net,dns_gate,1,ray-dns-gate,2026-04-14T10:03:36+00:00,2026-04-14T10:03:36+00:00,0,accepted,,,0,0,
run_20260414T100254Z,772759367e515c328f62dfcb1f38d9dc87faaca7,urls.xlsx,https://bazarcentofiori.com,dns_gate,1,ray-dns-gate,2026-04-14T10:03:36+00:00,2026-04-14T10:03:36+00:00,0,accepted,,,0,0,
run_20260414T100254Z,c7057373b3a48210f10919eec135113ba66495ed,urls.xlsx,https://hgi5z6n1d.vip,dns_gate,1,ray-dns-gate,2026-04-14T10:03:37+00:00,2026-04-14T10:03:37+00:00,0,accepted,,,0,0,
run_20260414T100254Z,69c3d5f3a9cb29ba7129bf5e997f8aeed3c411ff,urls.xlsx,https://greenbeangirltrainingtutoring.com,dns_gate,1,ray-dns-gate,2026-04-14T10:03:37+00:00,2026-04-14T10:03:37+00:00,0,accepted,,,0,0,
run_20260414T100254Z,fb8d94ba8d4618d77d7627eb7d85a674a474487d,urls.xlsx,https://socioone.com,dns_gate,1,ray-dns-gate,2026-04-14T10:03:37+00:00,2026-04-14T10:03:37+00:00,0,accepted,,,0,0,
run_20260414T100254Z,e93abb09e9120fb5d3f3154b2b93886feb832fdf,urls.xlsx,https://crplasticos.com.br,dns_gate,1,ray-dns-gate,2026-04-14T10:03:37+00:00,2026-04-14T10:03:37+00:00,0,accepted,,,0,0,
run_20260414T100254Z,d3d8be1f01057eed89ef8797124cd4b46d5fd6e2,urls.xlsx,https://tnkproject.com,dns_gate,1,ray-dns-gate,2026-04-14T10:03:37+00:00,2026-04-14T10:03:37+00:00,0,accepted,,,0,0,
run_20260414T100254Z,12fb07a1238b2543c32af96dc3d0bd968e739722,urls.xlsx,https://fresna.online,dns_gate,1,ray-dns-gate,2026-04-14T10:03:37+00:00,2026-04-14T10:03:37+00:00,0,accepted,,,0,0,
run_20260414T100254Z,75684a61c15e9904812596c3e6381166041e72a4,urls.xlsx,https://landscapebyvera.com,dns_gate,1,ray-dns-gate,2026-04-14T10:03:37+00:00,2026-04-14T10:03:37+00:00,0,accepted,,,0,0,
run_20260414T100254Z,1c5e32f6fd567fe29145eef699710a4e17909bec,urls.xlsx,https://zh-ptgaming.com,dns_gate,1,ray-dns-gate,2026-04-14T10:03:37+00:00,2026-04-14T10:03:37+00:00,0,accepted,,,0,0,
run_20260414T100254Z,f5996cf039e7b1effb401fad74ea55a32c770c82,urls.xlsx,https://emon793hoky.online,dns_gate,1,ray-dns-gate,2026-04-14T10:03:37+00:00,2026-04-14T10:03:37+00:00,0,accepted,,,0,0,
run_20260414T100254Z,3f696476fadbe87dcdb2e0c4e252958cd8e8713d,urls.xlsx,https://easy-sponso.com,dns_gate,1,ray-dns-gate,2026-04-14T10:03:37+00:00,2026-04-14T10:03:37+00:00,0,accepted,,,0,0,
run_20260414T100254Z,c44853c804f21ccb35b1a248b8d62c01e2ceed13,urls.xlsx,https://udbijaayurveda.com,dns_gate,1,ray-dns-gate,2026-04-14T10:03:37+00:00,2026-04-14T10:03:37+00:00,0,accepted,,,0,0,
run_20260414T100254Z,e253376d4a67d2d4ad96b910145a3a94c6f30aa4,urls.xlsx,https://roblox303.store,dns_gate,1,ray-dns-gate,2026-04-14T10:03:37+00:00,2026-04-14T10:03:37+00:00,0,accepted,,,0,0,
run_20260414T100254Z,a08ed0d636a075b6ac73f42b29679a1f3706e782,urls.xlsx,https://kirin77.site,dns_gate,1,ray-dns-gate,2026-04-14T10:03:37+00:00,2026-04-14T10:03:37+00:00,0,accepted,,,0,0,
run_20260414T100254Z,b93b19637b991031d78bfb9b5a47e70ef3842d3c,urls.xlsx,https://moisesdevweb.com,dns_gate,1,ray-dns-gate,2026-04-14T10:03:37+00:00,2026-04-14T10:03:37+00:00,0,accepted,,,0,0,
run_20260414T100254Z,f5c6d181b8da23b716f2dea6bb566792053debb6,urls.xlsx,https://hraihpsa.ca,dns_gate,1,ray-dns-gate,2026-04-14T10:03:37+00:00,2026-04-14T10:03:37+00:00,0,accepted,,,0,0,
run_20260414T100254Z,690ef6674bec2e90454dafae04750c9e7815520e,urls.xlsx,https://barbara-michelle.com,dns_gate,1,ray-dns-gate,2026-04-14T10:03:37+00:00,2026-04-14T10:03:37+00:00,0,accepted,,,0,0,
run_20260414T100254Z,ea18fff4fd79b109ce58dcd71a50dbc729d30162,urls.xlsx,https://saudenervocuremax.shop,dns_gate,1,ray-dns-gate,2026-04-14T10:03:37+00:00,2026-04-14T10:03:37+00:00,0,accepted,,,0,0,
run_20260414T100254Z,40f5a00fad670160103c2b96c98200a079bb42ec,urls.xlsx,https://bogitekniikka.fi,dns_gate,1,ray-dns-gate,2026-04-14T10:03:37+00:00,2026-04-14T10:03:37+00:00,0,accepted,,,0,0,
run_20260414T100254Z,a2e3349247feb8ca1bfd19e7af72502f943881b2,urls.xlsx,https://yktdeo.com,dns_gate,1,ray-dns-gate,2026-04-14T10:03:37+00:00,2026-04-14T10:03:37+00:00,0,accepted,,,0,0,
run_20260414T100254Z,91ac004f7e52747c19f78c5d547dc6ef51314dbb,urls.xlsx,https://yataganharem5.click,dns_gate,1,ray-dns-gate,2026-04-14T10:03:37+00:00,2026-04-14T10:03:37+00:00,0,accepted,,,0,0,
run_20260414T100254Z,8f92b72725fbd0779cda20aab4056607e5968a43,urls.xlsx,https://wintergroupsecurity.com,dns_gate,1,ray-dns-gate,2026-04-14T10:03:37+00:00,2026-04-14T10:03:37+00:00,0,accepted,,,0,0,
run_20260414T100254Z,a1e2b7436084b77377a69d9f8ca4bbb081935acc,urls.xlsx,https://mikogpt.ru,dns_gate,1,ray-dns-gate,2026-04-14T10:03:37+00:00,2026-04-14T10:03:37+00:00,0,accepted,,,0,0,
run_20260414T100254Z,d8f637f6cd46536c61c263f693a6a7bb144cbf99,urls.xlsx,https://alyxara.com,dns_gate,1,ray-dns-gate,2026-04-14T10:03:37+00:00,2026-04-14T10:03:37+00:00,0,accepted,,,0,0,
run_20260414T100254Z,d3347ff8caa2aebe8a5b74d39cef5946aca3f375,urls.xlsx,https://djgekcf.icu,dns_gate,1,ray-dns-gate,2026-04-14T10:03:37+00:00,2026-04-14T10:03:37+00:00,0,accepted,,,0,0,
run_20260414T100254Z,5affcbd0d4d77ab0a78b171e00aab478be5f41de,urls.xlsx,https://exodusbrk.com,dns_gate,1,ray-dns-gate,2026-04-14T10:03:37+00:00,2026-04-14T10:03:37+00:00,0,accepted,,,0,0,
run_20260414T100254Z,3f7a5023045a5e6fc5affed82136b84ec2fca563,urls.xlsx,https://eatalymarket.shop,dns_gate,1,ray-dns-gate,2026-04-14T10:03:37+00:00,2026-04-14T10:03:37+00:00,0,accepted,,,0,0,
run_20260414T100254Z,3ff4c41bccc499ebf56593a450ae827caa0111cb,urls.xlsx,https://americanexpress-reward00175.ink,dns_gate,1,ray-dns-gate,2026-04-14T10:03:37+00:00,2026-04-14T10:03:37+00:00,0,accepted,,,0,0,
run_20260414T100254Z,84126fb0d51b0e70cf1c00e3eb30357a7add63f0,urls.xlsx,https://dikagegrid.click,dns_gate,1,ray-dns-gate,2026-04-14T10:03:37+00:00,2026-04-14T10:03:37+00:00,0,accepted,,,0,0,
run_20260414T100254Z,81e8fcf21ca5f56f446d90ffe0f17119c915f1e7,urls.xlsx,https://discretion.shop,dns_gate,1,ray-dns-gate,2026-04-14T10:03:37+00:00,2026-04-14T10:03:37+00:00,0,accepted,,,0,0,
run_20260414T100254Z,60045ed25a305f700079c440dd34449915914ebb,urls.xlsx,https://ank2014.biz,dns_gate,1,ray-dns-gate,2026-04-14T10:03:37+00:00,2026-04-14T10:03:37+00:00,0,accepted,,,0,0,
run_20260414T100254Z,b6c9d1805d951abf9810d062d7ae017ef5003470,urls.xlsx,https://hollandgroupandassociates.com,dns_gate,1,ray-dns-gate,2026-04-14T10:03:37+00:00,2026-04-14T10:03:37+00:00,0,accepted,,,0,0,
run_20260414T100254Z,cca571d816bf0dc8d159824100ee2aea20b0156e,urls.xlsx,https://thirdshelterpress.com,dns_gate,1,ray-dns-gate,2026-04-14T10:03:37+00:00,2026-04-14T10:03:37+00:00,0,accepted,,,0,0,
run_20260414T100254Z,cbe61f33ec1ec4da7b0b2c8cb44e242592f4008f,urls.xlsx,https://thinkproguard.com,dns_gate,1,ray-dns-gate,2026-04-14T10:03:37+00:00,2026-04-14T10:03:37+00:00,0,accepted,,,0,0,
run_20260414T100254Z,3077dbb9d57684f96225bd63c73cdf9acf561404,urls.xlsx,https://hysefo.com,dns_gate,1,ray-dns-gate,2026-04-14T10:03:37+00:00,2026-04-14T10:03:37+00:00,0,accepted,,,0,0,
run_20260414T100254Z,478f89fb8c682c079631ad555a027f38160f0fd0,urls.xlsx,https://optimacapitalvc.com,dns_gate,1,ray-dns-gate,2026-04-14T10:03:37+00:00,2026-04-14T10:03:37+00:00,0,accepted,,,0,0,
run_20260414T100254Z,a78729fcd35b4592ac8a4416031717e13805875e,urls.xlsx,https://netsafe.ovh,dns_gate,1,ray-dns-gate,2026-04-14T10:03:37+00:00,2026-04-14T10:03:37+00:00,0,accepted,,,0,0,
run_20260414T100254Z,09ee744ac8fade3faa60c48c033df3a93ec8d0a8,urls.xlsx,https://snackduel.com,dns_gate,1,ray-dns-gate,2026-04-14T10:03:37+00:00,2026-04-14T10:03:37+00:00,0,filtered_dns_inactive,dns_gate_no_answer,no A/AAAA answers for snackduel.com,0,0,
run_20260414T100254Z,47f056b5bbdcd3fd0806076517eba816d0412814,urls.xlsx,https://zrsanalyst.com,dns_gate,1,ray-dns-gate,2026-04-14T10:03:37+00:00,2026-04-14T10:03:37+00:00,0,accepted,,,0,0,
run_20260414T100254Z,680419efa7960d5e42c34c5c86500ba08c788776,urls.xlsx,https://domain,dns_gate,1,ray-dns-gate,2026-04-14T10:03:37+00:00,2026-04-14T10:03:37+00:00,0,filtered_dns_inactive,dns_gate_no_answer,no A/AAAA answers for domain,0,0,
run_20260414T100254Z,814502796cf0fffb252c28dab720943ed33d1d51,urls.xlsx,https://pornmega18.xyz,dns_gate,1,ray-dns-gate,2026-04-14T10:03:37+00:00,2026-04-14T10:03:37+00:00,0,filtered_dns_inactive,dns_gate_no_answer,no A/AAAA answers for pornmega18.xyz,0,0,
run_20260414T100254Z,e1b321e1895f84fc72736846f35596e519345688,urls.xlsx,https://pornxmodel.click,dns_gate,1,ray-dns-gate,2026-04-14T10:03:37+00:00,2026-04-14T10:03:37+00:00,0,filtered_dns_inactive,dns_gate_no_answer,no A/AAAA answers for pornxmodel.click,0,0,
run_20260414T100254Z,10bc15be92bc3fc8157007bf95ef7d0e707ce4e2,urls.xlsx,https://rjpnbv.com,dns_gate,1,ray-dns-gate,2026-04-14T10:03:37+00:00,2026-04-14T10:03:37+00:00,0,filtered_dns_inactive,dns_gate_no_answer,no A/AAAA answers for rjpnbv.com,0,0,
run_20260414T100254Z,cefec113a950ffef706f00e6b3b8bef98855683d,urls.xlsx,https://jlchuhai.com,dns_gate,1,ray-dns-gate,2026-04-14T10:03:37+00:00,2026-04-14T10:03:37+00:00,0,filtered_dns_inactive,dns_gate_no_answer,no A/AAAA answers for jlchuhai.com,0,0,
run_20260414T100254Z,20cad94df1bdb62c2ce7a406960462139969f22a,urls.xlsx,https://lucilalehmann.com,dns_gate,1,ray-dns-gate,2026-04-14T10:03:37+00:00,2026-04-14T10:03:37+00:00,0,filtered_dns_inactive,dns_gate_no_answer,no A/AAAA answers for lucilalehmann.com,0,0,
run_20260414T100254Z,f9db5a03f6f4ad95c90165b1df46cfb177d20642,urls.xlsx,https://jicm0yo.vip,dns_gate,1,ray-dns-gate,2026-04-14T10:03:37+00:00,2026-04-14T10:03:37+00:00,0,filtered_dns_inactive,dns_gate_no_answer,no A/AAAA answers for jicm0yo.vip,0,0,
run_20260414T100254Z,d19e851ee8f7d4ec4bbeac957181ec29eff62ce2,urls.xlsx,https://anxunh.top,dns_gate,1,ray-dns-gate,2026-04-14T10:03:37+00:00,2026-04-14T10:03:37+00:00,0,filtered_dns_inactive,dns_gate_no_answer,no A/AAAA answers for anxunh.top,0,0,
run_20260414T100254Z,787b49d57117f17daf49d8f2e66a1b9638923bc9,urls.xlsx,https://pack101.org,dns_gate,1,ray-dns-gate,2026-04-14T10:03:37+00:00,2026-04-14T10:03:37+00:00,0,filtered_dns_inactive,dns_gate_no_answer,no A/AAAA answers for pack101.org,0,0,
run_20260414T100254Z,d1c98aa1d3cb6a7efe6547c55bb8d2aa961b8414,urls.xlsx,https://8740i4ji8ki.shop,dns_gate,1,ray-dns-gate,2026-04-14T10:03:37+00:00,2026-04-14T10:03:37+00:00,0,filtered_dns_inactive,dns_gate_no_answer,no A/AAAA answers for 8740i4ji8ki.shop,0,0,
run_20260414T100254Z,17621bd0f89adc488ceae038a0c3251aebed22e1,urls.xlsx,https://jardines10.com,stage1,1,ray-stage1,2026-04-14T10:03:33+00:00,2026-04-14T10:03:50+00:00,16470,failed,,,0,0,
run_20260414T100254Z,a2c53beb9dc0059a604bf1306527e62e255b0ac5,urls.xlsx,https://connectionsarchive.net,stage1,1,ray-stage1,2026-04-14T10:03:33+00:00,2026-04-14T10:03:51+00:00,17649,failed,,,0,0,
run_20260414T100254Z,a750f111b9c6b60e2052c01db5d608434279aa50,urls.xlsx,https://web365daftar.com,stage1,1,ray-stage1,2026-04-14T10:03:33+00:00,2026-04-14T10:03:51+00:00,17923,failed,,,0,0,
run_20260414T100254Z,c93f5b9153de8b13a476c630b9911e1f6173fb57,urls.xlsx,https://conciergerie-niort.fr,stage1,1,ray-stage1,2026-04-14T10:03:33+00:00,2026-04-14T10:03:52+00:00,18568,failed,,,0,0,
run_20260414T100254Z,3f95423fa4ca09a762217c3da37fd35941cbdc49,urls.xlsx,https://nmjiaojinginc.shop,stage1,1,ray-stage1,2026-04-14T10:03:33+00:00,2026-04-14T10:03:52+00:00,19004,failed,,,0,0,
run_20260414T100254Z,3526c0a5a5b352cf70b52912c6a10c0379187e61,urls.xlsx,https://ventajp.com,stage1,1,ray-stage1,2026-04-14T10:03:33+00:00,2026-04-14T10:03:53+00:00,19644,failed,,,0,0,
run_20260414T100254Z,d6f73a3882f6003ba9389da65bf39a5b3cff1241,urls.xlsx,https://calmplatewindow.club,stage1,1,ray-stage1,2026-04-14T10:03:33+00:00,2026-04-14T10:03:54+00:00,20653,failed,,,0,0,
run_20260414T100254Z,7a8f6bc623ad7c4b318ce46d57f5173132422b9b,urls.xlsx,https://tuterrenoenchile.cl,stage1,1,ray-stage1,2026-04-14T10:03:33+00:00,2026-04-14T10:03:59+00:00,25294,failed,,,0,0,
run_20260414T100254Z,0d972cbf356278633992eb8999c8e394516f8146,urls.xlsx,https://pumirpkin.live,stage1,1,ray-stage1,2026-04-14T10:03:33+00:00,2026-04-14T10:04:00+00:00,26312,failed,,,0,0,
run_20260414T100254Z,e4c44441834731802961a9b4eed45fceddf1d58e,urls.xlsx,https://exerciseok.com,stage1,1,ray-stage1,2026-04-14T10:03:33+00:00,2026-04-14T10:04:02+00:00,29004,failed,,,0,0,
run_20260414T100254Z,a8c7ba5853cdb05c8d3bf0571947a6e7f07372fe,urls.xlsx,https://parquebatweania.com,stage1,1,ray-stage1,2026-04-14T10:03:33+00:00,2026-04-14T10:04:03+00:00,29274,failed,,,0,0,
run_20260414T100254Z,317d8098f06b65169b431c618a7da74275725256,urls.xlsx,https://tutu-and-tiaras.com,stage1,1,ray-stage1,2026-04-14T10:03:33+00:00,2026-04-14T10:04:03+00:00,30105,failed,,,0,0,
run_20260414T100254Z,f0b671cb0ddbaa437d4695cf54879f87be6a35b0,urls.xlsx,https://prototanya.org,stage1,1,ray-stage1,2026-04-14T10:03:33+00:00,2026-04-14T10:04:04+00:00,31120,failed,,,0,0,
run_20260414T100254Z,a8713794e0b7ea3c8dff075f1cb527bd49778518,urls.xlsx,https://beton888bonuuz30rb.cyou,stage1,1,ray-stage1,2026-04-14T10:03:33+00:00,2026-04-14T10:04:05+00:00,32139,failed,,,0,0,
run_20260414T100254Z,1f733e834c3c5ee9cd9596d19f14a55d11ccb72f,urls.xlsx,https://creationorder.net,stage1,1,ray-stage1,2026-04-14T10:03:33+00:00,2026-04-14T10:04:11+00:00,37530,failed,,,0,0,
run_20260414T100254Z,772759367e515c328f62dfcb1f38d9dc87faaca7,urls.xlsx,https://bazarcentofiori.com,stage1,1,ray-stage1,2026-04-14T10:03:33+00:00,2026-04-14T10:04:12+00:00,38544,failed,,,0,0,
run_20260414T100254Z,c7057373b3a48210f10919eec135113ba66495ed,urls.xlsx,https://hgi5z6n1d.vip,stage1,1,ray-stage1,2026-04-14T10:03:33+00:00,2026-04-14T10:04:14+00:00,40914,failed,,,0,0,
run_20260414T100254Z,fb8d94ba8d4618d77d7627eb7d85a674a474487d,urls.xlsx,https://socioone.com,stage1,1,ray-stage1,2026-04-14T10:03:33+00:00,2026-04-14T10:04:15+00:00,41933,failed,,,0,0,
run_20260414T100254Z,69c3d5f3a9cb29ba7129bf5e997f8aeed3c411ff,urls.xlsx,https://greenbeangirltrainingtutoring.com,stage1,1,ray-stage1,2026-04-14T10:03:33+00:00,2026-04-14T10:04:16+00:00,43127,failed,,,0,0,
run_20260414T100254Z,e93abb09e9120fb5d3f3154b2b93886feb832fdf,urls.xlsx,https://crplasticos.com.br,stage1,1,ray-stage1,2026-04-14T10:03:33+00:00,2026-04-14T10:04:17+00:00,43846,failed,,,0,0,
run_20260414T100254Z,d3d8be1f01057eed89ef8797124cd4b46d5fd6e2,urls.xlsx,https://tnkproject.com,stage1,1,ray-stage1,2026-04-14T10:03:33+00:00,2026-04-14T10:04:18+00:00,44864,failed,,,0,0,
run_20260414T100254Z,75684a61c15e9904812596c3e6381166041e72a4,urls.xlsx,https://landscapebyvera.com,stage1,1,ray-stage1,2026-04-14T10:03:33+00:00,2026-04-14T10:04:23+00:00,50167,failed,,,0,0,
run_20260414T100254Z,12fb07a1238b2543c32af96dc3d0bd968e739722,urls.xlsx,https://fresna.online,stage1,1,ray-stage1,2026-04-14T10:03:33+00:00,2026-04-14T10:04:24+00:00,51185,failed,,,0,0,
run_20260414T100254Z,1c5e32f6fd567fe29145eef699710a4e17909bec,urls.xlsx,https://zh-ptgaming.com,stage1,1,ray-stage1,2026-04-14T10:03:33+00:00,2026-04-14T10:04:25+00:00,51744,failed,,,0,0,
run_20260414T100254Z,f5996cf039e7b1effb401fad74ea55a32c770c82,urls.xlsx,https://emon793hoky.online,stage1,1,ray-stage1,2026-04-14T10:03:33+00:00,2026-04-14T10:04:26+00:00,52476,failed,,,0,0,
run_20260414T100254Z,c44853c804f21ccb35b1a248b8d62c01e2ceed13,urls.xlsx,https://udbijaayurveda.com,stage1,1,ray-stage1,2026-04-14T10:03:33+00:00,2026-04-14T10:04:27+00:00,53485,failed,,,0,0,
run_20260414T100254Z,3f696476fadbe87dcdb2e0c4e252958cd8e8713d,urls.xlsx,https://easy-sponso.com,stage1,1,ray-stage1,2026-04-14T10:03:33+00:00,2026-04-14T10:04:27+00:00,53796,failed,,,0,0,
run_20260414T100254Z,e253376d4a67d2d4ad96b910145a3a94c6f30aa4,urls.xlsx,https://roblox303.store,stage1,1,ray-stage1,2026-04-14T10:03:33+00:00,2026-04-14T10:04:28+00:00,54806,failed,,,0,0,
run_20260414T100254Z,a08ed0d636a075b6ac73f42b29679a1f3706e782,urls.xlsx,https://kirin77.site,stage1,1,ray-stage1,2026-04-14T10:03:33+00:00,2026-04-14T10:04:30+00:00,56309,failed,,,0,0,
run_20260414T100254Z,b93b19637b991031d78bfb9b5a47e70ef3842d3c,urls.xlsx,https://moisesdevweb.com,stage1,1,ray-stage1,2026-04-14T10:03:33+00:00,2026-04-14T10:04:30+00:00,57200,failed,,,0,0,
run_20260414T100254Z,690ef6674bec2e90454dafae04750c9e7815520e,urls.xlsx,https://barbara-michelle.com,stage1,1,ray-stage1,2026-04-14T10:03:33+00:00,2026-04-14T10:04:31+00:00,57500,failed,,,0,0,
run_20260414T100254Z,f5c6d181b8da23b716f2dea6bb566792053debb6,urls.xlsx,https://hraihpsa.ca,stage1,1,ray-stage1,2026-04-14T10:03:33+00:00,2026-04-14T10:04:32+00:00,58513,failed,,,0,0,
run_20260414T100254Z,ea18fff4fd79b109ce58dcd71a50dbc729d30162,urls.xlsx,https://saudenervocuremax.shop,stage1,1,ray-stage1,2026-04-14T10:03:33+00:00,2026-04-14T10:04:34+00:00,60768,failed,,,0,0,
run_20260414T100254Z,a2e3349247feb8ca1bfd19e7af72502f943881b2,urls.xlsx,https://yktdeo.com,stage1,1,ray-stage1,2026-04-14T10:03:33+00:00,2026-04-14T10:04:35+00:00,61938,failed,,,0,0,
run_20260414T100254Z,40f5a00fad670160103c2b96c98200a079bb42ec,urls.xlsx,https://bogitekniikka.fi,stage1,1,ray-stage1,2026-04-14T10:03:33+00:00,2026-04-14T10:04:37+00:00,63829,failed,,,0,0,
run_20260414T100254Z,91ac004f7e52747c19f78c5d547dc6ef51314dbb,urls.xlsx,https://yataganharem5.click,stage1,1,ray-stage1,2026-04-14T10:03:33+00:00,2026-04-14T10:04:38+00:00,64844,failed,,,0,0,
run_20260414T100254Z,8f92b72725fbd0779cda20aab4056607e5968a43,urls.xlsx,https://wintergroupsecurity.com,stage1,1,ray-stage1,2026-04-14T10:03:33+00:00,2026-04-14T10:04:44+00:00,70967,failed,,,0,0,
run_20260414T100254Z,a1e2b7436084b77377a69d9f8ca4bbb081935acc,urls.xlsx,https://mikogpt.ru,stage1,1,ray-stage1,2026-04-14T10:03:33+00:00,2026-04-14T10:04:50+00:00,77222,failed,,,0,0,
run_20260414T100254Z,5affcbd0d4d77ab0a78b171e00aab478be5f41de,urls.xlsx,https://exodusbrk.com,stage1,1,ray-stage1,2026-04-14T10:03:33+00:00,2026-04-14T10:04:51+00:00,77417,failed,,,0,0,
run_20260414T100254Z,d8f637f6cd46536c61c263f693a6a7bb144cbf99,urls.xlsx,https://alyxara.com,stage1,1,ray-stage1,2026-04-14T10:03:33+00:00,2026-04-14T10:04:51+00:00,77922,failed,,,0,0,
run_20260414T100254Z,d3347ff8caa2aebe8a5b74d39cef5946aca3f375,urls.xlsx,https://djgekcf.icu,stage1,1,ray-stage1,2026-04-14T10:03:33+00:00,2026-04-14T10:04:52+00:00,78540,failed,,,0,0,
run_20260414T100254Z,84126fb0d51b0e70cf1c00e3eb30357a7add63f0,urls.xlsx,https://dikagegrid.click,stage1,1,ray-stage1,2026-04-14T10:03:33+00:00,2026-04-14T10:04:53+00:00,79558,failed,,,0,0,
run_20260414T100254Z,3f7a5023045a5e6fc5affed82136b84ec2fca563,urls.xlsx,https://eatalymarket.shop,stage1,1,ray-stage1,2026-04-14T10:03:33+00:00,2026-04-14T10:04:54+00:00,80894,failed,,,0,0,
run_20260414T100254Z,3ff4c41bccc499ebf56593a450ae827caa0111cb,urls.xlsx,https://americanexpress-reward00175.ink,stage1,1,ray-stage1,2026-04-14T10:03:33+00:00,2026-04-14T10:04:54+00:00,81138,failed,,,0,0,
run_20260414T100254Z,81e8fcf21ca5f56f446d90ffe0f17119c915f1e7,urls.xlsx,https://discretion.shop,stage1,1,ray-stage1,2026-04-14T10:03:33+00:00,2026-04-14T10:04:55+00:00,81418,failed,,,0,0,
run_20260414T100254Z,cca571d816bf0dc8d159824100ee2aea20b0156e,urls.xlsx,https://thirdshelterpress.com,stage1,1,ray-stage1,2026-04-14T10:03:33+00:00,2026-04-14T10:04:55+00:00,82198,failed,,,0,0,
run_20260414T100254Z,60045ed25a305f700079c440dd34449915914ebb,urls.xlsx,https://ank2014.biz,stage1,1,ray-stage1,2026-04-14T10:03:33+00:00,2026-04-14T10:04:56+00:00,82712,failed,,,0,0,
run_20260414T100254Z,b6c9d1805d951abf9810d062d7ae017ef5003470,urls.xlsx,https://hollandgroupandassociates.com,stage1,1,ray-stage1,2026-04-14T10:03:33+00:00,2026-04-14T10:04:57+00:00,83720,failed,,,0,0,
run_20260414T100254Z,cbe61f33ec1ec4da7b0b2c8cb44e242592f4008f,urls.xlsx,https://thinkproguard.com,stage1,1,ray-stage1,2026-04-14T10:03:33+00:00,2026-04-14T10:04:58+00:00,85106,failed,,,0,0,
run_20260414T100254Z,3077dbb9d57684f96225bd63c73cdf9acf561404,urls.xlsx,https://hysefo.com,stage1,1,ray-stage1,2026-04-14T10:03:33+00:00,2026-04-14T10:05:00+00:00,86658,failed,,,0,0,
run_20260414T100254Z,a78729fcd35b4592ac8a4416031717e13805875e,urls.xlsx,https://netsafe.ovh,stage1,1,ray-stage1,2026-04-14T10:03:33+00:00,2026-04-14T10:05:01+00:00,87703,failed,,,0,0,
run_20260414T100254Z,478f89fb8c682c079631ad555a027f38160f0fd0,urls.xlsx,https://optimacapitalvc.com,stage1,1,ray-stage1,2026-04-14T10:03:33+00:00,2026-04-14T10:05:02+00:00,88948,failed,,,0,0,
run_20260414T100254Z,47f056b5bbdcd3fd0806076517eba816d0412814,urls.xlsx,https://zrsanalyst.com,stage1,1,ray-stage1,2026-04-14T10:03:33+00:00,2026-04-14T10:05:04+00:00,90924,failed,,,0,0,
run_20260414T100254Z,e3d4b8736a15a379fa9709886b547bf7bc99a361,urls.xlsx,https://root-ro.info,stage0,1,ray-stage0,2026-04-14T10:05:14+00:00,2026-04-14T10:05:14+00:00,1,filtered_lexical_miss,,,0,0,
run_20260414T100254Z,e5e0722ca070ace8f153e67a34af2e41c56c8098,urls.xlsx,https://syxtherocrex.world,stage0,1,ray-stage0,2026-04-14T10:05:14+00:00,2026-04-14T10:05:14+00:00,0,filtered_lexical_miss,,,0,0,
run_20260414T100254Z,dfea10692eafedbef28cace76c5b14747e1a5a11,urls.xlsx,https://allnaturalherbalmedicines.com,stage0,1,ray-stage0,2026-04-14T10:05:14+00:00,2026-04-14T10:05:14+00:00,0,filtered_lexical_miss,,,0,0,
run_20260414T100254Z,2e49724c0dd54554e25b51d8b753a5f83b201c5a,urls.xlsx,https://snowtime.shop,stage0,1,ray-stage0,2026-04-14T10:05:14+00:00,2026-04-14T10:05:14+00:00,0,filtered_lexical_miss,,,0,0,
run_20260414T100254Z,f435f5054df174adcbe6b5557f5ecba2a3ab6f34,urls.xlsx,https://e7v7c6y.com,stage0,1,ray-stage0,2026-04-14T10:05:14+00:00,2026-04-14T10:05:14+00:00,0,filtered_lexical_miss,,,0,0,
run_20260414T100254Z,9ca708e5b96863dde5af1caec0a4f196137d7dbe,urls.xlsx,https://beatyourbuddies.online,stage0,1,ray-stage0,2026-04-14T10:05:14+00:00,2026-04-14T10:05:14+00:00,0,filtered_lexical_miss,,,0,0,
run_20260414T100254Z,04e61b6fcb0cb1c016f5b42c125bc8ae51f83078,urls.xlsx,https://ub-futas.hu,stage0,1,ray-stage0,2026-04-14T10:05:14+00:00,2026-04-14T10:05:14+00:00,0,filtered_lexical_miss,,,0,0,
run_20260414T100254Z,1455825b705b6ff82685e68c8b6c668026272a0c,urls.xlsx,https://aithink.world,stage0,1,ray-stage0,2026-04-14T10:05:14+00:00,2026-04-14T10:05:14+00:00,0,filtered_lexical_miss,,,0,0,
run_20260414T100254Z,0742daf4b4d79ff8ec245d54ddcbe910e84796a7,urls.xlsx,https://swiftdrops.store,stage0,1,ray-stage0,2026-04-14T10:05:14+00:00,2026-04-14T10:05:14+00:00,0,filtered_lexical_miss,,,0,0,
run_20260414T100254Z,44a1fd4ac7d6cf761fa727d0594ee57d5f25bf94,urls.xlsx,https://tonerrefillstoreho.shop,stage0,1,ray-stage0,2026-04-14T10:05:14+00:00,2026-04-14T10:05:14+00:00,0,filtered_lexical_miss,,,0,0,
run_20260414T100254Z,59fd50a0aa98c37d3d9f00ff2361bade1d1ef5ff,urls.xlsx,https://bexarcasino.space,stage0,1,ray-stage0,2026-04-14T10:05:14+00:00,2026-04-14T10:05:14+00:00,0,filtered_lexical_miss,,,0,0,
run_20260414T100254Z,ee531da72922ac13510ad639af9debd412b0c129,urls.xlsx,https://charmenowho.shop,stage0,1,ray-stage0,2026-04-14T10:05:14+00:00,2026-04-14T10:05:14+00:00,0,filtered_lexical_miss,,,0,0,
run_20260414T100254Z,5648e2245aca5a9cb2efba14d72fae1a5b0540e3,urls.xlsx,https://piezosistem.com,stage0,1,ray-stage0,2026-04-14T10:05:14+00:00,2026-04-14T10:05:14+00:00,0,filtered_lexical_miss,,,0,0,
run_20260414T100254Z,0a4836ee294e4b42a49ce18d8274badbf6d34ef3,urls.xlsx,https://scarpe-it.ru,stage0,1,ray-stage0,2026-04-14T10:05:14+00:00,2026-04-14T10:05:14+00:00,0,filtered_lexical_miss,,,0,0,
run_20260414T100254Z,f58b7a2618cf815b3c1febb7708d978983ba5a57,urls.xlsx,https://learningonly.store,stage0,1,ray-stage0,2026-04-14T10:05:14+00:00,2026-04-14T10:05:14+00:00,0,filtered_lexical_miss,,,0,0,
run_20260414T100254Z,c65097f77733730f8cad8e144315170d151015d1,urls.xlsx,https://eeeey.cc,stage0,1,ray-stage0,2026-04-14T10:05:14+00:00,2026-04-14T10:05:14+00:00,0,filtered_lexical_miss,,,0,0,
run_20260414T100254Z,06c1380903794a1be8d18cd0bcee6f316f2448db,urls.xlsx,https://tutera.ru,stage0,1,ray-stage0,2026-04-14T10:05:14+00:00,2026-04-14T10:05:14+00:00,0,filtered_lexical_miss,,,0,0,
run_20260414T100254Z,008ec246f2581f3ddcd0cdde530adeed55084042,urls.xlsx,https://shelbyserves.com,stage0,1,ray-stage0,2026-04-14T10:05:14+00:00,2026-04-14T10:05:14+00:00,0,filtered_lexical_miss,,,0,0,
run_20260414T100254Z,e021441d2ea16f27bbebc7ae42b7621749445a79,urls.xlsx,https://gothamfinn.co,stage0,1,ray-stage0,2026-04-14T10:05:14+00:00,2026-04-14T10:05:14+00:00,0,filtered_lexical_miss,,,0,0,
run_20260414T100254Z,70bc83d87cead2fea173e6650e5c47f7797e8197,urls.xlsx,https://uk-travel.ru,stage0,1,ray-stage0,2026-04-14T10:05:14+00:00,2026-04-14T10:05:14+00:00,0,filtered_lexical_miss,,,0,0,
run_20260414T100254Z,d09645a9e1f0064b4af26f53026189320436e2ef,urls.xlsx,https://penn-hpp.com,stage0,1,ray-stage0,2026-04-14T10:05:14+00:00,2026-04-14T10:05:14+00:00,0,filtered_lexical_miss,,,0,0,
run_20260414T100254Z,5465803940fe838324128a8c981ecc0ba9042a3b,urls.xlsx,https://slexironphdrexox.world,stage0,1,ray-stage0,2026-04-14T10:05:14+00:00,2026-04-14T10:05:14+00:00,0,filtered_lexical_miss,,,0,0,
run_20260414T100254Z,e593f3cccd53c5d0416b09170ccef4778b4c64a8,urls.xlsx,https://ivqojlz1513.top,stage0,1,ray-stage0,2026-04-14T10:05:14+00:00,2026-04-14T10:05:14+00:00,0,filtered_lexical_miss,,,0,0,
run_20260414T100254Z,aa504b4fd06cc9bb304206dd9a1cc852963a53f2,urls.xlsx,https://vertexapexgroupoptimalprocess.blog,stage0,1,ray-stage0,2026-04-14T10:05:14+00:00,2026-04-14T10:05:14+00:00,0,filtered_lexical_miss,,,0,0,
run_20260414T100254Z,6849e971a38afdc3f4e5673894ad810d4da22ae3,urls.xlsx,https://doggiemax.com,stage0,1,ray-stage0,2026-04-14T10:05:14+00:00,2026-04-14T10:05:14+00:00,0,filtered_lexical_miss,,,0,0,
run_20260414T100254Z,28d1d24f6d1ea3d5fd87011f85baad37bb227dcf,urls.xlsx,https://intelectusai.com,stage0,1,ray-stage0,2026-04-14T10:05:14+00:00,2026-04-14T10:05:14+00:00,0,filtered_lexical_miss,,,0,0,
run_20260414T100254Z,04c588f214dfdcaeedd6dc4e8a045951bb16f414,urls.xlsx,https://navaitour.online,stage0,1,ray-stage0,2026-04-14T10:05:14+00:00,2026-04-14T10:05:14+00:00,0,filtered_lexical_miss,,,0,0,
run_20260414T100254Z,9322b91f83265e2f72bbf6999ce6e47bb63e9427,urls.xlsx,https://5ggnp.buzz,stage0,1,ray-stage0,2026-04-14T10:05:14+00:00,2026-04-14T10:05:14+00:00,0,filtered_lexical_miss,,,0,0,
run_20260414T100254Z,01924cebdcc00553bcd8155f4946083bf987faaa,urls.xlsx,https://perchproject.org,stage0,1,ray-stage0,2026-04-14T10:05:14+00:00,2026-04-14T10:05:14+00:00,0,filtered_lexical_miss,,,0,0,
run_20260414T100254Z,74d9646fd86f00c19216b7f07cb35cb691afc950,urls.xlsx,https://777gvipclub.com,stage0,1,ray-stage0,2026-04-14T10:05:14+00:00,2026-04-14T10:05:14+00:00,0,filtered_lexical_miss,,,0,0,
run_20260414T100254Z,442bbf1db7361addbe9f19638dd4260e6f592738,urls.xlsx,https://zentozavoveltopentolaxinilo.click,stage0,1,ray-stage0,2026-04-14T10:05:14+00:00,2026-04-14T10:05:14+00:00,0,filtered_lexical_miss,,,0,0,
run_20260414T100254Z,e24191f096257b76fb99eb66a327a9a54353a100,urls.xlsx,https://thepatoolkit.com,stage0,1,ray-stage0,2026-04-14T10:05:14+00:00,2026-04-14T10:05:14+00:00,0,filtered_lexical_miss,,,0,0,
run_20260414T100254Z,447b22a4e21d88fda440d0cd4a36c0a2ec1b2931,urls.xlsx,https://hixemuzydo.pro,stage0,1,ray-stage0,2026-04-14T10:05:14+00:00,2026-04-14T10:05:14+00:00,0,filtered_lexical_miss,,,0,0,
run_20260414T100254Z,16f7f915fca03f7fa901915bf5c76c756c59ec8a,urls.xlsx,https://logrenuunics.com,stage0,1,ray-stage0,2026-04-14T10:05:14+00:00,2026-04-14T10:05:14+00:00,0,filtered_lexical_miss,,,0,0,
run_20260414T100254Z,7462ea2bc7e793f46463285a10a95f270eb6369b,urls.xlsx,https://jskbalaghat.org,stage0,1,ray-stage0,2026-04-14T10:05:14+00:00,2026-04-14T10:05:14+00:00,0,filtered_lexical_miss,,,0,0,
run_20260414T100254Z,a29c9cec6cc964d52d30464ec1c21681e6790df6,urls.xlsx,https://sbi.com-kyc.net/login,stage0,1,ray-stage0,2026-04-14T10:05:14+00:00,2026-04-14T10:05:14+00:00,0,lexical_hit,,,0,0,
run_20260414T100254Z,e85c3df1805b4d72b7a45c6975f8bcb8f6d06ab4,urls.xlsx,https://aifinance.global,stage0,1,ray-stage0,2026-04-14T10:05:14+00:00,2026-04-14T10:05:14+00:00,0,filtered_lexical_miss,,,0,0,
run_20260414T100254Z,cb8a10f67400a975df2a701ad35f5df22f3dc4dd,urls.xlsx,https://onlinesbi.sbi.update-rewards.xyz,stage0,1,ray-stage0,2026-04-14T10:05:14+00:00,2026-04-14T10:05:14+00:00,0,lexical_hit,,,0,0,
run_20260414T100254Z,97c4767fc09c5151c38ec223099aec6d2916f561,urls.xlsx,https://onl1nesbi.sbi/login,stage0,1,ray-stage0,2026-04-14T10:05:14+00:00,2026-04-14T10:05:14+00:00,0,lexical_hit,,,0,0,
run_20260414T100254Z,cc2424e202703f918d64b85a51255a4808d88448,urls.xlsx,https://airindiaair.com,stage0,1,ray-stage0,2026-04-14T10:05:14+00:00,2026-04-14T10:05:14+00:00,0,lexical_hit,,,0,0,
run_20260414T100254Z,10d748819f7ed9d5928cf68c8db52caa8fcdda39,urls.xlsx,https://sbi-secure-login.com,stage0,1,ray-stage0,2026-04-14T10:05:14+00:00,2026-04-14T10:05:14+00:00,0,lexical_hit,,,0,0,
run_20260414T100254Z,4c6746f0dda2b5bc91526d93f43c767d1f8e1e49,urls.xlsx,https://192.168.1,stage0,1,ray-stage0,2026-04-14T10:05:14+00:00,2026-04-14T10:05:14+00:00,0,filtered_lexical_miss,,,0,0,
run_20260414T100254Z,e94826518b46a8d03f3e3c2a5527b697563a434f,urls.xlsx,https://reward-expiry.com,stage0,1,ray-stage0,2026-04-14T10:05:14+00:00,2026-04-14T10:05:14+00:00,0,filtered_lexical_miss,,,0,0,
run_20260414T100254Z,d5320e5a759d68594e549fbf93f3ad544f1e91f5,urls.xlsx,https://sbi.co.in.login.banking-services.net/234/redirect,stage0,1,ray-stage0,2026-04-14T10:05:14+00:00,2026-04-14T10:05:14+00:00,0,lexical_hit,,,0,0,
run_20260414T100254Z,5c5ecebb344c8c5435599d2d5b26ed6103c06d64,urls.xlsx,https://icic-bank.com,stage0,1,ray-stage0,2026-04-14T10:05:14+00:00,2026-04-14T10:05:14+00:00,0,filtered_lexical_miss,,,0,0,
run_20260414T100254Z,d0e2c06f03d199665e436819703888e3079e997e,urls.xlsx,https://verify-kyc.com,stage0,1,ray-stage0,2026-04-14T10:05:14+00:00,2026-04-14T10:05:14+00:00,0,filtered_lexical_miss,,,0,0,
run_20260414T100254Z,1fc2dc362ea47d37d44fe2d0f40d20068a02f3c5,urls.xlsx,https://icicibank.net/login,stage0,1,ray-stage0,2026-04-14T10:05:14+00:00,2026-04-14T10:05:14+00:00,0,lexical_hit,,,0,0,
run_20260414T100254Z,2c1c166249201c77525bd0accc90df3fd6540020,urls.xlsx,https://bit.ly,stage0,1,ray-stage0,2026-04-14T10:05:14+00:00,2026-04-14T10:05:14+00:00,0,filtered_lexical_miss,,,0,0,
run_20260414T100254Z,a08674b65b3a5d1628755e5c7b50f0f158f56724,urls.xlsx,https://secure-login.com,stage0,1,ray-stage0,2026-04-14T10:05:14+00:00,2026-04-14T10:05:14+00:00,0,filtered_lexical_miss,,,0,0,
run_20260414T100254Z,5db3403e50e7bb938e62f06f7958e5937bd63e29,urls.xlsx,https://accountauthenticate.com,stage0,1,ray-stage0,2026-04-14T10:05:14+00:00,2026-04-14T10:05:14+00:00,0,filtered_lexical_miss,,,0,0,
run_20260414T100254Z,c80a8f6ea4288af07d582a391daa77baad6fb97b,urls.xlsx,https://icici-bank-support.in,stage0,1,ray-stage0,2026-04-14T10:05:14+00:00,2026-04-14T10:05:14+00:00,0,lexical_hit,,,0,0,
run_20260414T100254Z,1aab514267c94e4e2e110086224e092838d2d95b,urls.xlsx,https://pnb-india.in,stage0,1,ray-stage0,2026-04-14T10:05:14+00:00,2026-04-14T10:05:14+00:00,0,lexical_hit,,,0,0,
run_20260414T100254Z,7d0142ceb76f1fc5ce357059486c09984e20beb6,urls.xlsx,https://cppcccare.com,stage0,1,ray-stage0,2026-04-14T10:05:14+00:00,2026-04-14T10:05:14+00:00,0,filtered_lexical_miss,,,0,0,
run_20260414T100254Z,6d850ade9734c237cbb6502aa91b2d61de3a0bb8,urls.xlsx,https://pnblndia.in,stage0,1,ray-stage0,2026-04-14T10:05:14+00:00,2026-04-14T10:05:14+00:00,0,lexical_hit,,,0,0,
run_20260414T100254Z,deb6618a746445746b8c9f3785dc274202e96197,urls.xlsx,https://pnbindia-kyd.com,stage0,1,ray-stage0,2026-04-14T10:05:14+00:00,2026-04-14T10:05:14+00:00,0,lexical_hit,,,0,0,
run_20260414T100254Z,c726c79109666d2c579c0853e1b5f7742af3ea4b,urls.xlsx,https://pnb-netbanking.net,stage0,1,ray-stage0,2026-04-14T10:05:14+00:00,2026-04-14T10:05:14+00:00,0,lexical_hit,,,0,0,
run_20260414T100254Z,4a283ba227cc0e8147a84188b9f01862aa98d7ab,urls.xlsx,https://pnblndia.bank.in,stage0,1,ray-stage0,2026-04-14T10:05:14+00:00,2026-04-14T10:05:14+00:00,0,filtered_lexical_miss,,,0,0,
run_20260414T100254Z,f747643bb4462e7b979bdac4247d3a8316bc438e,urls.xlsx,https://secure-kyc.com,stage0,1,ray-stage0,2026-04-14T10:05:14+00:00,2026-04-14T10:05:14+00:00,0,filtered_lexical_miss,,,0,0,
run_20260414T100254Z,32c550caeaea96f744a3a85ba02c3ac1b74541e6,urls.xlsx,https://pnblndia-app.in,stage0,1,ray-stage0,2026-04-14T10:05:14+00:00,2026-04-14T10:05:14+00:00,0,filtered_lexical_miss,,,0,0,
run_20260414T100254Z,4816df89c63b54eced900f452e6eb85e44ee9791,urls.xlsx,https://update-account.online,stage0,1,ray-stage0,2026-04-14T10:05:14+00:00,2026-04-14T10:05:14+00:00,0,filtered_lexical_miss,,,0,0,
run_20260414T100254Z,6f62abe6cc693e4d3a917381418b9189dd74660e,urls.xlsx,https://verify-account.net,stage0,1,ray-stage0,2026-04-14T10:05:14+00:00,2026-04-14T10:05:14+00:00,1,filtered_lexical_miss,,,0,0,
run_20260414T100254Z,adfc02d0fb25aba8f8aa0362e562c71d5539fd05,urls.xlsx,https://pnbindia-services.com,stage0,1,ray-stage0,2026-04-14T10:05:14+00:00,2026-04-14T10:05:14+00:00,0,lexical_hit,,,0,0,
run_20260414T100254Z,89cc3b111b44eb0b9b33e0cb45725338f738bc72,urls.xlsx,https://dq67r.top,stage0,1,ray-stage0,2026-04-14T10:05:14+00:00,2026-04-14T10:05:14+00:00,0,filtered_lexical_miss,,,0,0,
run_20260414T100254Z,dcd508e3a4fba7b5543f014e6e80ce2b73d9a128,urls.xlsx,https://annarbormarket.com,stage0,1,ray-stage0,2026-04-14T10:05:14+00:00,2026-04-14T10:05:14+00:00,0,filtered_lexical_miss,,,0,0,
run_20260414T100254Z,cc2424e202703f918d64b85a51255a4808d88448,urls.xlsx,https://airindiaair.com,dns_gate,1,ray-dns-gate,2026-04-14T10:05:17+00:00,2026-04-14T10:05:17+00:00,0,accepted,,,0,0,
run_20260414T100254Z,1fc2dc362ea47d37d44fe2d0f40d20068a02f3c5,urls.xlsx,https://icicibank.net/login,dns_gate,1,ray-dns-gate,2026-04-14T10:05:17+00:00,2026-04-14T10:05:17+00:00,0,accepted,,,0,0,
run_20260414T100254Z,a29c9cec6cc964d52d30464ec1c21681e6790df6,urls.xlsx,https://sbi.com-kyc.net/login,dns_gate,1,ray-dns-gate,2026-04-14T10:05:17+00:00,2026-04-14T10:05:17+00:00,1,registration_passthrough,dns_gate_no_answer,no A/AAAA answers for sbi.com-kyc.net,0,0,
run_20260414T100254Z,cb8a10f67400a975df2a701ad35f5df22f3dc4dd,urls.xlsx,https://onlinesbi.sbi.update-rewards.xyz,dns_gate,1,ray-dns-gate,2026-04-14T10:05:17+00:00,2026-04-14T10:05:17+00:00,0,registration_passthrough,dns_gate_no_answer,no A/AAAA answers for onlinesbi.sbi.update-rewards.xyz,0,0,
run_20260414T100254Z,97c4767fc09c5151c38ec223099aec6d2916f561,urls.xlsx,https://onl1nesbi.sbi/login,dns_gate,1,ray-dns-gate,2026-04-14T10:05:17+00:00,2026-04-14T10:05:17+00:00,0,registration_passthrough,dns_gate_no_answer,no A/AAAA answers for onl1nesbi.sbi,0,0,
run_20260414T100254Z,c80a8f6ea4288af07d582a391daa77baad6fb97b,urls.xlsx,https://icici-bank-support.in,dns_gate,1,ray-dns-gate,2026-04-14T10:05:17+00:00,2026-04-14T10:05:17+00:00,0,registration_passthrough,dns_gate_no_answer,no A/AAAA answers for icici-bank-support.in,0,0,
run_20260414T100254Z,d5320e5a759d68594e549fbf93f3ad544f1e91f5,urls.xlsx,https://sbi.co.in.login.banking-services.net/234/redirect,dns_gate,1,ray-dns-gate,2026-04-14T10:05:17+00:00,2026-04-14T10:05:17+00:00,0,registration_passthrough,dns_gate_no_answer,no A/AAAA answers for sbi.co.in.login.banking-services.net,0,0,
run_20260414T100254Z,10d748819f7ed9d5928cf68c8db52caa8fcdda39,urls.xlsx,https://sbi-secure-login.com,dns_gate,1,ray-dns-gate,2026-04-14T10:05:17+00:00,2026-04-14T10:05:17+00:00,0,registration_passthrough,dns_gate_no_answer,no A/AAAA answers for sbi-secure-login.com,0,0,
run_20260414T100254Z,6d850ade9734c237cbb6502aa91b2d61de3a0bb8,urls.xlsx,https://pnblndia.in,dns_gate,1,ray-dns-gate,2026-04-14T10:05:17+00:00,2026-04-14T10:05:17+00:00,0,registration_passthrough,dns_gate_no_answer,no A/AAAA answers for pnblndia.in,0,0,
run_20260414T100254Z,1aab514267c94e4e2e110086224e092838d2d95b,urls.xlsx,https://pnb-india.in,dns_gate,1,ray-dns-gate,2026-04-14T10:05:17+00:00,2026-04-14T10:05:17+00:00,0,registration_passthrough,dns_gate_no_answer,no A/AAAA answers for pnb-india.in,0,0,
run_20260414T100254Z,deb6618a746445746b8c9f3785dc274202e96197,urls.xlsx,https://pnbindia-kyd.com,dns_gate,1,ray-dns-gate,2026-04-14T10:05:17+00:00,2026-04-14T10:05:17+00:00,0,registration_passthrough,dns_gate_no_answer,no A/AAAA answers for pnbindia-kyd.com,0,0,
run_20260414T100254Z,c726c79109666d2c579c0853e1b5f7742af3ea4b,urls.xlsx,https://pnb-netbanking.net,dns_gate,1,ray-dns-gate,2026-04-14T10:05:17+00:00,2026-04-14T10:05:17+00:00,0,registration_passthrough,dns_gate_no_answer,no A/AAAA answers for pnb-netbanking.net,0,0,
run_20260414T100254Z,adfc02d0fb25aba8f8aa0362e562c71d5539fd05,urls.xlsx,https://pnbindia-services.com,dns_gate,1,ray-dns-gate,2026-04-14T10:05:17+00:00,2026-04-14T10:05:17+00:00,0,registration_passthrough,dns_gate_no_answer,no A/AAAA answers for pnbindia-services.com,0,0,
run_20260414T100254Z,e3d4b8736a15a379fa9709886b547bf7bc99a361,urls.xlsx,https://root-ro.info,dns_gate,1,ray-dns-gate,2026-04-14T10:05:18+00:00,2026-04-14T10:05:18+00:00,0,accepted,,,0,0,
run_20260414T100254Z,e5e0722ca070ace8f153e67a34af2e41c56c8098,urls.xlsx,https://syxtherocrex.world,dns_gate,1,ray-dns-gate,2026-04-14T10:05:18+00:00,2026-04-14T10:05:18+00:00,0,accepted,,,0,0,
run_20260414T100254Z,2e49724c0dd54554e25b51d8b753a5f83b201c5a,urls.xlsx,https://snowtime.shop,dns_gate,1,ray-dns-gate,2026-04-14T10:05:18+00:00,2026-04-14T10:05:18+00:00,0,accepted,,,0,0,
run_20260414T100254Z,f435f5054df174adcbe6b5557f5ecba2a3ab6f34,urls.xlsx,https://e7v7c6y.com,dns_gate,1,ray-dns-gate,2026-04-14T10:05:18+00:00,2026-04-14T10:05:18+00:00,0,accepted,,,0,0,
run_20260414T100254Z,dfea10692eafedbef28cace76c5b14747e1a5a11,urls.xlsx,https://allnaturalherbalmedicines.com,dns_gate,1,ray-dns-gate,2026-04-14T10:05:18+00:00,2026-04-14T10:05:18+00:00,0,accepted,,,0,0,
run_20260414T100254Z,9ca708e5b96863dde5af1caec0a4f196137d7dbe,urls.xlsx,https://beatyourbuddies.online,dns_gate,1,ray-dns-gate,2026-04-14T10:05:18+00:00,2026-04-14T10:05:18+00:00,0,accepted,,,0,0,
run_20260414T100254Z,04e61b6fcb0cb1c016f5b42c125bc8ae51f83078,urls.xlsx,https://ub-futas.hu,dns_gate,1,ray-dns-gate,2026-04-14T10:05:18+00:00,2026-04-14T10:05:18+00:00,0,accepted,,,0,0,
run_20260414T100254Z,0742daf4b4d79ff8ec245d54ddcbe910e84796a7,urls.xlsx,https://swiftdrops.store,dns_gate,1,ray-dns-gate,2026-04-14T10:05:18+00:00,2026-04-14T10:05:18+00:00,0,accepted,,,0,0,
run_20260414T100254Z,ee531da72922ac13510ad639af9debd412b0c129,urls.xlsx,https://charmenowho.shop,dns_gate,1,ray-dns-gate,2026-04-14T10:05:18+00:00,2026-04-14T10:05:18+00:00,0,accepted,,,0,0,
run_20260414T100254Z,44a1fd4ac7d6cf761fa727d0594ee57d5f25bf94,urls.xlsx,https://tonerrefillstoreho.shop,dns_gate,1,ray-dns-gate,2026-04-14T10:05:18+00:00,2026-04-14T10:05:18+00:00,0,accepted,,,0,0,
run_20260414T100254Z,59fd50a0aa98c37d3d9f00ff2361bade1d1ef5ff,urls.xlsx,https://bexarcasino.space,dns_gate,1,ray-dns-gate,2026-04-14T10:05:18+00:00,2026-04-14T10:05:18+00:00,0,accepted,,,0,0,
run_20260414T100254Z,5648e2245aca5a9cb2efba14d72fae1a5b0540e3,urls.xlsx,https://piezosistem.com,dns_gate,1,ray-dns-gate,2026-04-14T10:05:18+00:00,2026-04-14T10:05:18+00:00,0,accepted,,,0,0,
run_20260414T100254Z,0a4836ee294e4b42a49ce18d8274badbf6d34ef3,urls.xlsx,https://scarpe-it.ru,dns_gate,1,ray-dns-gate,2026-04-14T10:05:18+00:00,2026-04-14T10:05:18+00:00,0,accepted,,,0,0,
run_20260414T100254Z,c65097f77733730f8cad8e144315170d151015d1,urls.xlsx,https://eeeey.cc,dns_gate,1,ray-dns-gate,2026-04-14T10:05:18+00:00,2026-04-14T10:05:18+00:00,0,accepted,,,0,0,
run_20260414T100254Z,f58b7a2618cf815b3c1febb7708d978983ba5a57,urls.xlsx,https://learningonly.store,dns_gate,1,ray-dns-gate,2026-04-14T10:05:18+00:00,2026-04-14T10:05:18+00:00,0,accepted,,,0,0,
run_20260414T100254Z,06c1380903794a1be8d18cd0bcee6f316f2448db,urls.xlsx,https://tutera.ru,dns_gate,1,ray-dns-gate,2026-04-14T10:05:18+00:00,2026-04-14T10:05:18+00:00,0,accepted,,,0,0,
run_20260414T100254Z,008ec246f2581f3ddcd0cdde530adeed55084042,urls.xlsx,https://shelbyserves.com,dns_gate,1,ray-dns-gate,2026-04-14T10:05:18+00:00,2026-04-14T10:05:18+00:00,0,accepted,,,0,0,
run_20260414T100254Z,e021441d2ea16f27bbebc7ae42b7621749445a79,urls.xlsx,https://gothamfinn.co,dns_gate,1,ray-dns-gate,2026-04-14T10:05:18+00:00,2026-04-14T10:05:18+00:00,0,accepted,,,0,0,
run_20260414T100254Z,d09645a9e1f0064b4af26f53026189320436e2ef,urls.xlsx,https://penn-hpp.com,dns_gate,1,ray-dns-gate,2026-04-14T10:05:18+00:00,2026-04-14T10:05:18+00:00,0,accepted,,,0,0,
run_20260414T100254Z,70bc83d87cead2fea173e6650e5c47f7797e8197,urls.xlsx,https://uk-travel.ru,dns_gate,1,ray-dns-gate,2026-04-14T10:05:18+00:00,2026-04-14T10:05:18+00:00,0,accepted,,,0,0,
run_20260414T100254Z,5465803940fe838324128a8c981ecc0ba9042a3b,urls.xlsx,https://slexironphdrexox.world,dns_gate,1,ray-dns-gate,2026-04-14T10:05:18+00:00,2026-04-14T10:05:18+00:00,0,accepted,,,0,0,
run_20260414T100254Z,e593f3cccd53c5d0416b09170ccef4778b4c64a8,urls.xlsx,https://ivqojlz1513.top,dns_gate,1,ray-dns-gate,2026-04-14T10:05:18+00:00,2026-04-14T10:05:18+00:00,0,accepted,,,0,0,
run_20260414T100254Z,aa504b4fd06cc9bb304206dd9a1cc852963a53f2,urls.xlsx,https://vertexapexgroupoptimalprocess.blog,dns_gate,1,ray-dns-gate,2026-04-14T10:05:18+00:00,2026-04-14T10:05:18+00:00,0,accepted,,,0,0,
run_20260414T100254Z,04c588f214dfdcaeedd6dc4e8a045951bb16f414,urls.xlsx,https://navaitour.online,dns_gate,1,ray-dns-gate,2026-04-14T10:05:18+00:00,2026-04-14T10:05:18+00:00,0,accepted,,,0,0,
run_20260414T100254Z,6849e971a38afdc3f4e5673894ad810d4da22ae3,urls.xlsx,https://doggiemax.com,dns_gate,1,ray-dns-gate,2026-04-14T10:05:18+00:00,2026-04-14T10:05:18+00:00,0,accepted,,,0,0,
run_20260414T100254Z,9322b91f83265e2f72bbf6999ce6e47bb63e9427,urls.xlsx,https://5ggnp.buzz,dns_gate,1,ray-dns-gate,2026-04-14T10:05:18+00:00,2026-04-14T10:05:18+00:00,0,accepted,,,0,0,
run_20260414T100254Z,01924cebdcc00553bcd8155f4946083bf987faaa,urls.xlsx,https://perchproject.org,dns_gate,1,ray-dns-gate,2026-04-14T10:05:18+00:00,2026-04-14T10:05:18+00:00,0,accepted,,,0,0,
run_20260414T100254Z,74d9646fd86f00c19216b7f07cb35cb691afc950,urls.xlsx,https://777gvipclub.com,dns_gate,1,ray-dns-gate,2026-04-14T10:05:18+00:00,2026-04-14T10:05:18+00:00,0,accepted,,,0,0,
run_20260414T100254Z,442bbf1db7361addbe9f19638dd4260e6f592738,urls.xlsx,https://zentozavoveltopentolaxinilo.click,dns_gate,1,ray-dns-gate,2026-04-14T10:05:18+00:00,2026-04-14T10:05:18+00:00,0,accepted,,,0,0,
run_20260414T100254Z,e24191f096257b76fb99eb66a327a9a54353a100,urls.xlsx,https://thepatoolkit.com,dns_gate,1,ray-dns-gate,2026-04-14T10:05:18+00:00,2026-04-14T10:05:18+00:00,0,accepted,,,0,0,
run_20260414T100254Z,447b22a4e21d88fda440d0cd4a36c0a2ec1b2931,urls.xlsx,https://hixemuzydo.pro,dns_gate,1,ray-dns-gate,2026-04-14T10:05:18+00:00,2026-04-14T10:05:18+00:00,0,accepted,,,0,0,
run_20260414T100254Z,16f7f915fca03f7fa901915bf5c76c756c59ec8a,urls.xlsx,https://logrenuunics.com,dns_gate,1,ray-dns-gate,2026-04-14T10:05:18+00:00,2026-04-14T10:05:18+00:00,0,accepted,,,0,0,
run_20260414T100254Z,e85c3df1805b4d72b7a45c6975f8bcb8f6d06ab4,urls.xlsx,https://aifinance.global,dns_gate,1,ray-dns-gate,2026-04-14T10:05:18+00:00,2026-04-14T10:05:18+00:00,0,accepted,,,0,0,
run_20260414T100254Z,7462ea2bc7e793f46463285a10a95f270eb6369b,urls.xlsx,https://jskbalaghat.org,dns_gate,1,ray-dns-gate,2026-04-14T10:05:18+00:00,2026-04-14T10:05:18+00:00,0,accepted,,,0,0,
run_20260414T100254Z,d0e2c06f03d199665e436819703888e3079e997e,urls.xlsx,https://verify-kyc.com,dns_gate,1,ray-dns-gate,2026-04-14T10:05:18+00:00,2026-04-14T10:05:18+00:00,0,accepted,,,0,0,
run_20260414T100254Z,2c1c166249201c77525bd0accc90df3fd6540020,urls.xlsx,https://bit.ly,dns_gate,1,ray-dns-gate,2026-04-14T10:05:18+00:00,2026-04-14T10:05:18+00:00,0,accepted,,,0,0,
run_20260414T100254Z,f747643bb4462e7b979bdac4247d3a8316bc438e,urls.xlsx,https://secure-kyc.com,dns_gate,1,ray-dns-gate,2026-04-14T10:05:18+00:00,2026-04-14T10:05:18+00:00,0,accepted,,,0,0,
run_20260414T100254Z,89cc3b111b44eb0b9b33e0cb45725338f738bc72,urls.xlsx,https://dq67r.top,dns_gate,1,ray-dns-gate,2026-04-14T10:05:18+00:00,2026-04-14T10:05:18+00:00,0,accepted,,,0,0,
run_20260414T100254Z,dcd508e3a4fba7b5543f014e6e80ce2b73d9a128,urls.xlsx,https://annarbormarket.com,dns_gate,1,ray-dns-gate,2026-04-14T10:05:18+00:00,2026-04-14T10:05:18+00:00,0,accepted,,,0,0,
run_20260414T100254Z,1455825b705b6ff82685e68c8b6c668026272a0c,urls.xlsx,https://aithink.world,dns_gate,1,ray-dns-gate,2026-04-14T10:05:18+00:00,2026-04-14T10:05:18+00:00,0,filtered_dns_inactive,dns_gate_no_answer,no A/AAAA answers for aithink.world,0,0,
run_20260414T100254Z,28d1d24f6d1ea3d5fd87011f85baad37bb227dcf,urls.xlsx,https://intelectusai.com,dns_gate,1,ray-dns-gate,2026-04-14T10:05:18+00:00,2026-04-14T10:05:18+00:00,0,filtered_dns_inactive,dns_gate_no_answer,no A/AAAA answers for intelectusai.com,0,0,
run_20260414T100254Z,4c6746f0dda2b5bc91526d93f43c767d1f8e1e49,urls.xlsx,https://192.168.1,dns_gate,1,ray-dns-gate,2026-04-14T10:05:18+00:00,2026-04-14T10:05:18+00:00,0,filtered_dns_inactive,dns_gate_no_answer,no A/AAAA answers for 192.168.1,0,0,
run_20260414T100254Z,e94826518b46a8d03f3e3c2a5527b697563a434f,urls.xlsx,https://reward-expiry.com,dns_gate,1,ray-dns-gate,2026-04-14T10:05:18+00:00,2026-04-14T10:05:18+00:00,0,filtered_dns_inactive,dns_gate_no_answer,no A/AAAA answers for reward-expiry.com,0,0,
run_20260414T100254Z,5c5ecebb344c8c5435599d2d5b26ed6103c06d64,urls.xlsx,https://icic-bank.com,dns_gate,1,ray-dns-gate,2026-04-14T10:05:18+00:00,2026-04-14T10:05:18+00:00,0,filtered_dns_inactive,dns_gate_no_answer,no A/AAAA answers for icic-bank.com,0,0,
run_20260414T100254Z,a08674b65b3a5d1628755e5c7b50f0f158f56724,urls.xlsx,https://secure-login.com,dns_gate,1,ray-dns-gate,2026-04-14T10:05:18+00:00,2026-04-14T10:05:18+00:00,0,filtered_dns_inactive,dns_gate_no_answer,no A/AAAA answers for secure-login.com,0,0,
run_20260414T100254Z,5db3403e50e7bb938e62f06f7958e5937bd63e29,urls.xlsx,https://accountauthenticate.com,dns_gate,1,ray-dns-gate,2026-04-14T10:05:18+00:00,2026-04-14T10:05:18+00:00,0,filtered_dns_inactive,dns_gate_no_answer,no A/AAAA answers for accountauthenticate.com,0,0,
run_20260414T100254Z,32c550caeaea96f744a3a85ba02c3ac1b74541e6,urls.xlsx,https://pnblndia-app.in,dns_gate,1,ray-dns-gate,2026-04-14T10:05:18+00:00,2026-04-14T10:05:18+00:00,0,filtered_dns_inactive,dns_gate_no_answer,no A/AAAA answers for pnblndia-app.in,0,0,
run_20260414T100254Z,7d0142ceb76f1fc5ce357059486c09984e20beb6,urls.xlsx,https://cppcccare.com,dns_gate,1,ray-dns-gate,2026-04-14T10:05:18+00:00,2026-04-14T10:05:18+00:00,0,filtered_dns_inactive,dns_gate_no_answer,no A/AAAA answers for cppcccare.com,0,0,
run_20260414T100254Z,4a283ba227cc0e8147a84188b9f01862aa98d7ab,urls.xlsx,https://pnblndia.bank.in,dns_gate,1,ray-dns-gate,2026-04-14T10:05:18+00:00,2026-04-14T10:05:18+00:00,0,filtered_dns_inactive,dns_gate_no_answer,no A/AAAA answers for pnblndia.bank.in,0,0,
run_20260414T100254Z,4816df89c63b54eced900f452e6eb85e44ee9791,urls.xlsx,https://update-account.online,dns_gate,1,ray-dns-gate,2026-04-14T10:05:18+00:00,2026-04-14T10:05:18+00:00,0,filtered_dns_inactive,dns_gate_no_answer,no A/AAAA answers for update-account.online,0,0,
run_20260414T100254Z,6f62abe6cc693e4d3a917381418b9189dd74660e,urls.xlsx,https://verify-account.net,dns_gate,1,ray-dns-gate,2026-04-14T10:05:18+00:00,2026-04-14T10:05:18+00:00,0,filtered_dns_inactive,dns_gate_no_answer,no A/AAAA answers for verify-account.net,0,0,
run_20260414T100254Z,cc2424e202703f918d64b85a51255a4808d88448,urls.xlsx,https://airindiaair.com,hash,1,ray-hash-admit,2026-04-14T10:05:19+00:00,2026-04-14T10:05:19+00:00,0,admitted,,,0,0,
run_20260414T100254Z,e3d4b8736a15a379fa9709886b547bf7bc99a361,urls.xlsx,https://root-ro.info,stage1,1,ray-stage1,2026-04-14T10:05:14+00:00,2026-04-14T10:05:23+00:00,8343,failed,,,0,0,
run_20260414T100254Z,e5e0722ca070ace8f153e67a34af2e41c56c8098,urls.xlsx,https://syxtherocrex.world,stage1,1,ray-stage1,2026-04-14T10:05:14+00:00,2026-04-14T10:05:23+00:00,8342,failed,,,0,0,
run_20260414T100254Z,2e49724c0dd54554e25b51d8b753a5f83b201c5a,urls.xlsx,https://snowtime.shop,stage1,1,ray-stage1,2026-04-14T10:05:14+00:00,2026-04-14T10:05:24+00:00,9369,failed,,,0,0,
run_20260414T100254Z,dfea10692eafedbef28cace76c5b14747e1a5a11,urls.xlsx,https://allnaturalherbalmedicines.com,stage1,1,ray-stage1,2026-04-14T10:05:14+00:00,2026-04-14T10:05:25+00:00,10391,failed,,,0,0,
run_20260414T100254Z,f435f5054df174adcbe6b5557f5ecba2a3ab6f34,urls.xlsx,https://e7v7c6y.com,stage1,1,ray-stage1,2026-04-14T10:05:14+00:00,2026-04-14T10:05:27+00:00,12415,failed,,,0,0,
run_20260414T100254Z,9ca708e5b96863dde5af1caec0a4f196137d7dbe,urls.xlsx,https://beatyourbuddies.online,stage1,1,ray-stage1,2026-04-14T10:05:14+00:00,2026-04-14T10:05:29+00:00,14433,failed,,,0,0,
run_20260414T100254Z,04e61b6fcb0cb1c016f5b42c125bc8ae51f83078,urls.xlsx,https://ub-futas.hu,stage1,1,ray-stage1,2026-04-14T10:05:14+00:00,2026-04-14T10:05:31+00:00,16447,failed,,,0,0,
run_20260414T100254Z,0742daf4b4d79ff8ec245d54ddcbe910e84796a7,urls.xlsx,https://swiftdrops.store,stage1,1,ray-stage1,2026-04-14T10:05:14+00:00,2026-04-14T10:05:32+00:00,17456,failed,,,0,0,
run_20260414T100254Z,ee531da72922ac13510ad639af9debd412b0c129,urls.xlsx,https://charmenowho.shop,stage1,1,ray-stage1,2026-04-14T10:05:14+00:00,2026-04-14T10:05:33+00:00,18465,failed,,,0,0,
run_20260414T100254Z,44a1fd4ac7d6cf761fa727d0594ee57d5f25bf94,urls.xlsx,https://tonerrefillstoreho.shop,stage1,1,ray-stage1,2026-04-14T10:05:14+00:00,2026-04-14T10:05:34+00:00,19488,failed,,,0,0,
run_20260414T100254Z,59fd50a0aa98c37d3d9f00ff2361bade1d1ef5ff,urls.xlsx,https://bexarcasino.space,stage1,1,ray-stage1,2026-04-14T10:05:14+00:00,2026-04-14T10:05:35+00:00,20510,failed,,,0,0,
run_20260414T100254Z,5648e2245aca5a9cb2efba14d72fae1a5b0540e3,urls.xlsx,https://piezosistem.com,stage1,1,ray-stage1,2026-04-14T10:05:14+00:00,2026-04-14T10:05:38+00:00,23551,failed,,,0,0,
run_20260414T100254Z,0a4836ee294e4b42a49ce18d8274badbf6d34ef3,urls.xlsx,https://scarpe-it.ru,stage1,1,ray-stage1,2026-04-14T10:05:14+00:00,2026-04-14T10:05:39+00:00,24562,failed,,,0,0,
run_20260414T100254Z,c65097f77733730f8cad8e144315170d151015d1,urls.xlsx,https://eeeey.cc,stage1,1,ray-stage1,2026-04-14T10:05:14+00:00,2026-04-14T10:05:41+00:00,26583,failed,,,0,0,
run_20260414T100254Z,f58b7a2618cf815b3c1febb7708d978983ba5a57,urls.xlsx,https://learningonly.store,stage1,1,ray-stage1,2026-04-14T10:05:14+00:00,2026-04-14T10:05:43+00:00,28602,failed,,,0,0,
run_20260414T100254Z,06c1380903794a1be8d18cd0bcee6f316f2448db,urls.xlsx,https://tutera.ru,stage1,1,ray-stage1,2026-04-14T10:05:14+00:00,2026-04-14T10:05:44+00:00,29615,failed,,,0,0,
run_20260414T100254Z,008ec246f2581f3ddcd0cdde530adeed55084042,urls.xlsx,https://shelbyserves.com,stage1,1,ray-stage1,2026-04-14T10:05:14+00:00,2026-04-14T10:05:45+00:00,30635,failed,,,0,0,
run_20260414T100254Z,e021441d2ea16f27bbebc7ae42b7621749445a79,urls.xlsx,https://gothamfinn.co,stage1,1,ray-stage1,2026-04-14T10:05:14+00:00,2026-04-14T10:05:46+00:00,31673,failed,,,0,0,
run_20260414T100254Z,d09645a9e1f0064b4af26f53026189320436e2ef,urls.xlsx,https://penn-hpp.com,stage1,1,ray-stage1,2026-04-14T10:05:14+00:00,2026-04-14T10:05:47+00:00,32684,failed,,,0,0,
run_20260414T100254Z,70bc83d87cead2fea173e6650e5c47f7797e8197,urls.xlsx,https://uk-travel.ru,stage1,1,ray-stage1,2026-04-14T10:05:14+00:00,2026-04-14T10:05:48+00:00,33697,failed,,,0,0,
run_20260414T100254Z,5465803940fe838324128a8c981ecc0ba9042a3b,urls.xlsx,https://slexironphdrexox.world,stage1,1,ray-stage1,2026-04-14T10:05:14+00:00,2026-04-14T10:05:49+00:00,34777,failed,,,0,0,
run_20260414T100254Z,1fc2dc362ea47d37d44fe2d0f40d20068a02f3c5,urls.xlsx,https://icicibank.net/login,hash,1,ray-hash-admit,2026-04-14T10:05:49+00:00,2026-04-14T10:05:49+00:00,0,admitted,,,0,0,
run_20260414T100254Z,e593f3cccd53c5d0416b09170ccef4778b4c64a8,urls.xlsx,https://ivqojlz1513.top,stage1,1,ray-stage1,2026-04-14T10:05:14+00:00,2026-04-14T10:05:51+00:00,36808,failed,,,0,0,
run_20260414T100254Z,aa504b4fd06cc9bb304206dd9a1cc852963a53f2,urls.xlsx,https://vertexapexgroupoptimalprocess.blog,stage1,1,ray-stage1,2026-04-14T10:05:14+00:00,2026-04-14T10:05:57+00:00,42998,failed,,,0,0,
run_20260414T100254Z,04c588f214dfdcaeedd6dc4e8a045951bb16f414,urls.xlsx,https://navaitour.online,stage1,1,ray-stage1,2026-04-14T10:05:14+00:00,2026-04-14T10:06:07+00:00,53082,failed,,,0,0,
run_20260414T100254Z,6849e971a38afdc3f4e5673894ad810d4da22ae3,urls.xlsx,https://doggiemax.com,stage1,1,ray-stage1,2026-04-14T10:05:14+00:00,2026-04-14T10:06:08+00:00,54089,failed,,,0,0,
run_20260414T100254Z,01924cebdcc00553bcd8155f4946083bf987faaa,urls.xlsx,https://perchproject.org,stage1,1,ray-stage1,2026-04-14T10:05:14+00:00,2026-04-14T10:06:09+00:00,55097,failed,,,0,0,
run_20260414T100254Z,9322b91f83265e2f72bbf6999ce6e47bb63e9427,urls.xlsx,https://5ggnp.buzz,stage1,1,ray-stage1,2026-04-14T10:05:14+00:00,2026-04-14T10:06:10+00:00,56126,failed,,,0,0,
run_20260414T100254Z,74d9646fd86f00c19216b7f07cb35cb691afc950,urls.xlsx,https://777gvipclub.com,stage1,1,ray-stage1,2026-04-14T10:05:14+00:00,2026-04-14T10:06:12+00:00,58153,failed,,,0,0,
run_20260414T100254Z,e24191f096257b76fb99eb66a327a9a54353a100,urls.xlsx,https://thepatoolkit.com,stage1,1,ray-stage1,2026-04-14T10:05:14+00:00,2026-04-14T10:06:13+00:00,59158,failed,,,0,0,
run_20260414T100254Z,442bbf1db7361addbe9f19638dd4260e6f592738,urls.xlsx,https://zentozavoveltopentolaxinilo.click,stage1,1,ray-stage1,2026-04-14T10:05:14+00:00,2026-04-14T10:06:14+00:00,60166,failed,,,0,0,
run_20260414T100254Z,447b22a4e21d88fda440d0cd4a36c0a2ec1b2931,urls.xlsx,https://hixemuzydo.pro,stage1,1,ray-stage1,2026-04-14T10:05:14+00:00,2026-04-14T10:06:16+00:00,62188,failed,,,0,0,
run_20260414T100254Z,16f7f915fca03f7fa901915bf5c76c756c59ec8a,urls.xlsx,https://logrenuunics.com,stage1,1,ray-stage1,2026-04-14T10:05:14+00:00,2026-04-14T10:06:18+00:00,64205,failed,,,0,0,
run_20260414T100254Z,e85c3df1805b4d72b7a45c6975f8bcb8f6d06ab4,urls.xlsx,https://aifinance.global,stage1,1,ray-stage1,2026-04-14T10:05:14+00:00,2026-04-14T10:06:19+00:00,65228,failed,,,0,0,
run_20260414T100254Z,7462ea2bc7e793f46463285a10a95f270eb6369b,urls.xlsx,https://jskbalaghat.org,stage1,1,ray-stage1,2026-04-14T10:05:14+00:00,2026-04-14T10:06:26+00:00,71873,failed,,,0,0,
run_20260414T100254Z,d0e2c06f03d199665e436819703888e3079e997e,urls.xlsx,https://verify-kyc.com,stage1,1,ray-stage1,2026-04-14T10:05:14+00:00,2026-04-14T10:06:27+00:00,72495,failed,,,0,0,
run_20260414T100254Z,2c1c166249201c77525bd0accc90df3fd6540020,urls.xlsx,https://bit.ly,stage1,1,ray-stage1,2026-04-14T10:05:14+00:00,2026-04-14T10:06:27+00:00,72841,failed,,,0,0,
run_20260414T100254Z,f747643bb4462e7b979bdac4247d3a8316bc438e,urls.xlsx,https://secure-kyc.com,stage1,1,ray-stage1,2026-04-14T10:05:14+00:00,2026-04-14T10:06:28+00:00,73781,failed,,,0,0,
run_20260414T100254Z,89cc3b111b44eb0b9b33e0cb45725338f738bc72,urls.xlsx,https://dq67r.top,stage1,1,ray-stage1,2026-04-14T10:05:14+00:00,2026-04-14T10:06:28+00:00,74045,failed,,,0,0,
run_20260414T100254Z,dcd508e3a4fba7b5543f014e6e80ce2b73d9a128,urls.xlsx,https://annarbormarket.com,stage1,1,ray-stage1,2026-04-14T10:05:14+00:00,2026-04-14T10:06:29+00:00,74314,failed,,,0,0,
run_20260414T100254Z,cf9d98ca8a76b8525c279c35deb4fbc671e48af3,urls.xlsx,https://manto90.store,stage0,1,ray-stage0,2026-04-14T10:06:29+00:00,2026-04-14T10:06:29+00:00,0,filtered_lexical_miss,,,0,0,
run_20260414T100254Z,752cf9f1d3e60bd70daa3c4f86bd2c17c6e61fba,urls.xlsx,https://chargemoment.com,stage0,1,ray-stage0,2026-04-14T10:06:29+00:00,2026-04-14T10:06:29+00:00,0,filtered_lexical_miss,,,0,0,
run_20260414T100254Z,aab251f4e036a328760fe44dd9a4203291bff532,urls.xlsx,https://allsetfacilitygroup.com,stage0,1,ray-stage0,2026-04-14T10:06:29+00:00,2026-04-14T10:06:29+00:00,0,filtered_lexical_miss,,,0,0,
run_20260414T100254Z,1f1d5aeef21d802b087c39bbbeaaddd9a74d4262,urls.xlsx,https://fjudoeuskadi.eus,stage0,1,ray-stage0,2026-04-14T10:06:29+00:00,2026-04-14T10:06:29+00:00,0,filtered_lexical_miss,,,0,0,
run_20260414T100254Z,777cc5e6c95dca0616789b79b4a7a71ebaa612e5,urls.xlsx,https://786786786786.com,stage0,1,ray-stage0,2026-04-14T10:06:29+00:00,2026-04-14T10:06:29+00:00,0,filtered_lexical_miss,,,0,0,
run_20260414T100254Z,7509ba68edf4682a02e5d818657cd32fbaa36d25,urls.xlsx,https://nevermindmedia.ch,stage0,1,ray-stage0,2026-04-14T10:06:29+00:00,2026-04-14T10:06:29+00:00,0,filtered_lexical_miss,,,0,0,
run_20260414T100254Z,d9c1e788511bd4cb53f3fdc6cd3c70da14444ec1,urls.xlsx,https://519zx.top,stage0,1,ray-stage0,2026-04-14T10:06:29+00:00,2026-04-14T10:06:29+00:00,0,filtered_lexical_miss,,,0,0,
run_20260414T100254Z,42d21b110404726fcd6b8acf248e7cd5364923a9,urls.xlsx,https://n6k6jqg8.top,stage0,1,ray-stage0,2026-04-14T10:06:29+00:00,2026-04-14T10:06:29+00:00,0,filtered_lexical_miss,,,0,0,
run_20260414T100254Z,9da363dab2faa3b73a1aa817d2e3aac50301ad74,urls.xlsx,https://essentialcleaningservicesusa.com,stage0,1,ray-stage0,2026-04-14T10:06:29+00:00,2026-04-14T10:06:29+00:00,0,filtered_lexical_miss,,,0,0,
run_20260414T100254Z,708b11b6d24e596f0c978bdeaf2c740d93fcb0e0,urls.xlsx,https://71042.vip,stage0,1,ray-stage0,2026-04-14T10:06:29+00:00,2026-04-14T10:06:29+00:00,0,filtered_lexical_miss,,,0,0,
run_20260414T100254Z,75cba92757c0529424595e70800b681704096eaa,urls.xlsx,https://soyprotagonistafinanciero.com,stage0,1,ray-stage0,2026-04-14T10:06:29+00:00,2026-04-14T10:06:29+00:00,0,filtered_lexical_miss,,,0,0,
run_20260414T100254Z,b986f3124698ab7f59d029d9fc0b9e589a1f7bde,urls.xlsx,https://fxsnowcool.com,stage0,1,ray-stage0,2026-04-14T10:06:29+00:00,2026-04-14T10:06:29+00:00,0,filtered_lexical_miss,,,0,0,
run_20260414T100254Z,7708443d6e0db067db814ce831dff5b0fca9f90c,urls.xlsx,https://rush-bodyplan.homes,stage0,1,ray-stage0,2026-04-14T10:06:29+00:00,2026-04-14T10:06:29+00:00,0,filtered_lexical_miss,,,0,0,
run_20260414T100254Z,32236d27ce2adcbecb1e34fafaf7c5027db81eb1,urls.xlsx,https://94498.qpon,stage0,1,ray-stage0,2026-04-14T10:06:29+00:00,2026-04-14T10:06:29+00:00,0,filtered_lexical_miss,,,0,0,
run_20260414T100254Z,0f58cb7bd740d99a05e893167b61310962c0d0c9,urls.xlsx,https://enerzyph.com,stage0,1,ray-stage0,2026-04-14T10:06:29+00:00,2026-04-14T10:06:29+00:00,0,filtered_lexical_miss,,,0,0,
run_20260414T100254Z,7675cbac6bc5f734b8d48fd1befc4c90435f88e1,urls.xlsx,https://joel-angelina-wedding.com,stage0,1,ray-stage0,2026-04-14T10:06:29+00:00,2026-04-14T10:06:29+00:00,0,filtered_lexical_miss,,,0,0,
run_20260414T100254Z,a4e1564788a538f25a486724187981737c1a1099,urls.xlsx,https://ofertaa643842315.sbs,stage0,1,ray-stage0,2026-04-14T10:06:29+00:00,2026-04-14T10:06:29+00:00,0,filtered_lexical_miss,,,0,0,
run_20260414T100254Z,4b78d3c957d6b9d924030163143be445a837f7db,urls.xlsx,https://inesceramica.pt,stage0,1,ray-stage0,2026-04-14T10:06:29+00:00,2026-04-14T10:06:29+00:00,0,filtered_lexical_miss,,,0,0,
run_20260414T100254Z,4d483717c6e90f1bfc24b2a7d4a807a8d9ef22dc,urls.xlsx,https://tayceculture.com,stage0,1,ray-stage0,2026-04-14T10:06:29+00:00,2026-04-14T10:06:29+00:00,0,filtered_lexical_miss,,,0,0,
run_20260414T100254Z,962ae65a083559188021c55a3d41eb474102b6d3,urls.xlsx,https://ybiscom.fr,stage0,1,ray-stage0,2026-04-14T10:06:29+00:00,2026-04-14T10:06:29+00:00,0,filtered_lexical_miss,,,0,0,
run_20260414T100254Z,3a54d799ee306f147fb3296136fe75cbdf2dbcee,urls.xlsx,https://digifant.network,stage0,1,ray-stage0,2026-04-14T10:06:29+00:00,2026-04-14T10:06:29+00:00,0,filtered_lexical_miss,,,0,0,
run_20260414T100254Z,c24f80e1cad7154f4fefcc00e9aa88b8d09bdd77,urls.xlsx,https://carelessvibe.com,stage0,1,ray-stage0,2026-04-14T10:06:29+00:00,2026-04-14T10:06:29+00:00,0,filtered_lexical_miss,,,0,0,
run_20260414T100254Z,4227399b20da2c796986e22729fd5d14709a8393,urls.xlsx,https://tredmind.com,stage0,1,ray-stage0,2026-04-14T10:06:29+00:00,2026-04-14T10:06:29+00:00,0,filtered_lexical_miss,,,0,0,
run_20260414T100254Z,089e89e7e3c4f29ed55569ba34338d308f457d3a,urls.xlsx,https://itplayegypt.win,stage0,1,ray-stage0,2026-04-14T10:06:29+00:00,2026-04-14T10:06:29+00:00,0,filtered_lexical_miss,,,0,0,
run_20260414T100254Z,e553805ed8776bae468997ad3f3cd7c0f41b5790,urls.xlsx,https://brandmappr.com,stage0,1,ray-stage0,2026-04-14T10:06:29+00:00,2026-04-14T10:06:29+00:00,0,filtered_lexical_miss,,,0,0,
run_20260414T100254Z,cccbf97700f9dd9e3acd0b8436fb2a8185d6c7de,urls.xlsx,https://vipslot.casino,stage0,1,ray-stage0,2026-04-14T10:06:29+00:00,2026-04-14T10:06:29+00:00,0,filtered_lexical_miss,,,0,0,
run_20260414T100254Z,521731e3c13b3491b2476b2afe62d25d102aa1f3,urls.xlsx,https://8eight.com.tw,stage0,1,ray-stage0,2026-04-14T10:06:29+00:00,2026-04-14T10:06:29+00:00,0,filtered_lexical_miss,,,0,0,
run_20260414T100254Z,77a467c0991387e2e73cf17069ece4fe9983bcd5,urls.xlsx,https://mediavision.store,stage0,1,ray-stage0,2026-04-14T10:06:29+00:00,2026-04-14T10:06:29+00:00,0,filtered_lexical_miss,,,0,0,
run_20260414T100254Z,aef9909287f524378719bf3b0ac5bd7f176bb943,urls.xlsx,https://permabrows.us,stage0,1,ray-stage0,2026-04-14T10:06:29+00:00,2026-04-14T10:06:29+00:00,0,filtered_lexical_miss,,,0,0,
run_20260414T100254Z,ba92f2732eb3abec2bf7925673abf88ee3c4130b,urls.xlsx,https://laoshuanliagou.bond,stage0,1,ray-stage0,2026-04-14T10:06:29+00:00,2026-04-14T10:06:29+00:00,0,filtered_lexical_miss,,,0,0,
run_20260414T100254Z,f8c9ff4d1767bc63ef006b0ba829b8654d4745f5,urls.xlsx,https://ibramep.com,stage0,1,ray-stage0,2026-04-14T10:06:29+00:00,2026-04-14T10:06:29+00:00,0,filtered_lexical_miss,,,0,0,
run_20260414T100254Z,f0d357a7b62fa1a28c4651bd9de0f75fe12146c6,urls.xlsx,https://twentysixer.ru,stage0,1,ray-stage0,2026-04-14T10:06:29+00:00,2026-04-14T10:06:29+00:00,0,filtered_lexical_miss,,,0,0,
run_20260414T100254Z,a4a0f6ee325a7358d22b51dc5559ec4879ecf2f9,urls.xlsx,https://dynamicdigitalmastery.com,stage0,1,ray-stage0,2026-04-14T10:06:29+00:00,2026-04-14T10:06:29+00:00,0,filtered_lexical_miss,,,0,0,
run_20260414T100254Z,c307913bf7abbb95adfe7d65f53f247bbe8f546c,urls.xlsx,https://traverseskier.com,stage0,1,ray-stage0,2026-04-14T10:06:29+00:00,2026-04-14T10:06:29+00:00,0,filtered_lexical_miss,,,0,0,
run_20260414T100254Z,ece5e81bad1672b157e3c5720d6c6388bc503684,urls.xlsx,https://lfsidou.com,stage0,1,ray-stage0,2026-04-14T10:06:29+00:00,2026-04-14T10:06:29+00:00,0,filtered_lexical_miss,,,0,0,
run_20260414T100254Z,67bb8e7fb7f7c8a859a1449ba9563f84be70e63e,urls.xlsx,https://quadbottles.store,stage0,1,ray-stage0,2026-04-14T10:06:29+00:00,2026-04-14T10:06:29+00:00,0,filtered_lexical_miss,,,0,0,
run_20260414T100254Z,d1e1c228d85a42f7c8d97a24ba327a1186cccefd,urls.xlsx,https://roisgloballogam.com,stage0,1,ray-stage0,2026-04-14T10:06:29+00:00,2026-04-14T10:06:29+00:00,0,filtered_lexical_miss,,,0,0,
run_20260414T100254Z,9854a21403ffa73de996f95955a8b02acb5bdc08,urls.xlsx,https://cifibiu.pro,stage0,1,ray-stage0,2026-04-14T10:06:29+00:00,2026-04-14T10:06:29+00:00,0,filtered_lexical_miss,,,0,0,
run_20260414T100254Z,3dd2e1c3d99bf337715db31da448b3fcb3d5f967,urls.xlsx,https://5500betsk.com,stage0,1,ray-stage0,2026-04-14T10:06:29+00:00,2026-04-14T10:06:29+00:00,0,filtered_lexical_miss,,,0,0,
run_20260414T100254Z,4afd478a121cf380022cfd10aca01e32b8147f5e,urls.xlsx,https://abfquoelx.com,stage0,1,ray-stage0,2026-04-14T10:06:29+00:00,2026-04-14T10:06:29+00:00,0,filtered_lexical_miss,,,0,0,
run_20260414T100254Z,139b9d6e7ccb36b139fd5e615ee0132d7c195bbc,urls.xlsx,https://wfbmus.org,stage0,1,ray-stage0,2026-04-14T10:06:29+00:00,2026-04-14T10:06:29+00:00,0,filtered_lexical_miss,,,0,0,
run_20260414T100254Z,d71ea53435bb9da6f1961083dd8e76c4aa5aa670,urls.xlsx,https://app-mkwangzhi.com,stage0,1,ray-stage0,2026-04-14T10:06:29+00:00,2026-04-14T10:06:29+00:00,0,filtered_lexical_miss,,,0,0,
run_20260414T100254Z,f19bb1291e0120a2f12334f165ea0abf14ed1156,urls.xlsx,https://wantianzf.com,stage0,1,ray-stage0,2026-04-14T10:06:29+00:00,2026-04-14T10:06:29+00:00,0,filtered_lexical_miss,,,0,0,
run_20260414T100254Z,5899cb098a7c17e8c2052f45315075b3bbd2baec,urls.xlsx,https://edugig.xyz,stage0,1,ray-stage0,2026-04-14T10:06:29+00:00,2026-04-14T10:06:29+00:00,0,filtered_lexical_miss,,,0,0,
run_20260414T100254Z,05270ade9c8674de4bb4f16936cd7f49be588bae,urls.xlsx,https://unqvrhr60.shop,stage0,1,ray-stage0,2026-04-14T10:06:29+00:00,2026-04-14T10:06:29+00:00,0,filtered_lexical_miss,,,0,0,
run_20260414T100254Z,e1de14b6bf17f067b3b896a26e4b452021058414,urls.xlsx,https://shaart.com,stage0,1,ray-stage0,2026-04-14T10:06:29+00:00,2026-04-14T10:06:29+00:00,0,filtered_lexical_miss,,,0,0,
run_20260414T100254Z,9f8adcde970658b9455cee88e277ac8b0e0c5109,urls.xlsx,https://lesfermesdespoir.fr,stage0,1,ray-stage0,2026-04-14T10:06:29+00:00,2026-04-14T10:06:29+00:00,0,filtered_lexical_miss,,,0,0,
run_20260414T100254Z,f9c909862be42c88c666300cddbb8530944b508d,urls.xlsx,https://preprod-ucimtbworldseries.com,stage0,1,ray-stage0,2026-04-14T10:06:29+00:00,2026-04-14T10:06:29+00:00,0,filtered_lexical_miss,,,0,0,
run_20260414T100254Z,60da9d56ba66987bdbc7b30f5a5defe5ed1d1b07,urls.xlsx,https://inwestonauci.pl,stage0,1,ray-stage0,2026-04-14T10:06:29+00:00,2026-04-14T10:06:29+00:00,0,filtered_lexical_miss,,,0,0,
run_20260414T100254Z,f6e01424562a24b77c6120dc0ffcc877cce7b792,urls.xlsx,https://hometownsewickley.com,stage0,1,ray-stage0,2026-04-14T10:06:29+00:00,2026-04-14T10:06:29+00:00,0,filtered_lexical_miss,,,0,0,
run_20260414T100254Z,8c15f521b3fd51c36dafe49ff91ee5607fc95a11,urls.xlsx,https://anptght-jp.com,stage0,1,ray-stage0,2026-04-14T10:06:29+00:00,2026-04-14T10:06:29+00:00,0,filtered_lexical_miss,,,0,0,
run_20260414T100254Z,ad19328b16904e8d7b9795b9e09b4f944db4cfe0,urls.xlsx,https://clayhole.click,stage0,1,ray-stage0,2026-04-14T10:06:29+00:00,2026-04-14T10:06:29+00:00,0,filtered_lexical_miss,,,0,0,
run_20260414T100254Z,d436644692ff886f99e9ce6732451681637cd360,urls.xlsx,https://f1blue.com,stage0,1,ray-stage0,2026-04-14T10:06:29+00:00,2026-04-14T10:06:29+00:00,0,filtered_lexical_miss,,,0,0,
run_20260414T100254Z,ff36719b871606fac6112ac458c4f17f9fa4e641,urls.xlsx,https://suesholidayhub.com,stage0,1,ray-stage0,2026-04-14T10:06:29+00:00,2026-04-14T10:06:29+00:00,0,filtered_lexical_miss,,,0,0,
run_20260414T100254Z,36f4e684538fd09130a2089f989db8f616df4254,urls.xlsx,https://jiaotongzd.com,stage0,1,ray-stage0,2026-04-14T10:06:29+00:00,2026-04-14T10:06:29+00:00,0,filtered_lexical_miss,,,0,0,
run_20260414T100254Z,929cc6e229ef2a0766443561e5a741812cef52f2,urls.xlsx,https://soilandturfconsulting.com,stage0,1,ray-stage0,2026-04-14T10:06:29+00:00,2026-04-14T10:06:29+00:00,0,filtered_lexical_miss,,,0,0,
run_20260414T100254Z,f91149e733563c7531ac1790c229b0f2606bcdc6,urls.xlsx,https://my-auth23948.com,stage0,1,ray-stage0,2026-04-14T10:06:29+00:00,2026-04-14T10:06:29+00:00,0,filtered_lexical_miss,,,0,0,
run_20260414T100254Z,a8aee70594a82ec259236744ff6df064c3bdd93d,urls.xlsx,https://creditrepair-help.com,stage0,1,ray-stage0,2026-04-14T10:06:29+00:00,2026-04-14T10:06:29+00:00,0,filtered_lexical_miss,,,0,0,
run_20260414T100254Z,36a0c8454be29f967bfc8745366aa0ac76c7a094,urls.xlsx,https://globalbookpublication.com,stage0,1,ray-stage0,2026-04-14T10:06:29+00:00,2026-04-14T10:06:29+00:00,0,filtered_lexical_miss,,,0,0,
run_20260414T100254Z,0ab3cc7a3e3b238926a542fc1add218dd70b3f9f,urls.xlsx,https://ampmskincare.com,stage0,1,ray-stage0,2026-04-14T10:06:29+00:00,2026-04-14T10:06:29+00:00,0,filtered_lexical_miss,,,0,0,
run_20260414T100254Z,f204a646bcbcf6548f326fd59291e250ddc10078,urls.xlsx,https://metaads.pro,stage0,1,ray-stage0,2026-04-14T10:06:29+00:00,2026-04-14T10:06:29+00:00,0,filtered_lexical_miss,,,0,0,
run_20260414T100254Z,b1325beefe06f6c4c898f5f2fc474f73df7670f0,urls.xlsx,https://s-s-a.us,stage0,1,ray-stage0,2026-04-14T10:06:29+00:00,2026-04-14T10:06:29+00:00,0,filtered_lexical_miss,,,0,0,
run_20260414T100254Z,2885b489ab584780fd9a684ff6d4f298365e6a50,urls.xlsx,https://sportrade.blog,stage0,1,ray-stage0,2026-04-14T10:06:29+00:00,2026-04-14T10:06:29+00:00,0,filtered_lexical_miss,,,0,0,
run_20260414T100254Z,cf070e8b601262cd447fd29e7d5719396621e445,urls.xlsx,https://brierleysovereigngroup.info,stage0,1,ray-stage0,2026-04-14T10:06:29+00:00,2026-04-14T10:06:29+00:00,0,filtered_lexical_miss,,,0,0,
run_20260414T100254Z,752cf9f1d3e60bd70daa3c4f86bd2c17c6e61fba,urls.xlsx,https://chargemoment.com,dns_gate,1,ray-dns-gate,2026-04-14T10:06:32+00:00,2026-04-14T10:06:32+00:00,0,accepted,,,0,0,
run_20260414T100254Z,cf9d98ca8a76b8525c279c35deb4fbc671e48af3,urls.xlsx,https://manto90.store,dns_gate,1,ray-dns-gate,2026-04-14T10:06:32+00:00,2026-04-14T10:06:32+00:00,0,accepted,,,0,0,
run_20260414T100254Z,aab251f4e036a328760fe44dd9a4203291bff532,urls.xlsx,https://allsetfacilitygroup.com,dns_gate,1,ray-dns-gate,2026-04-14T10:06:32+00:00,2026-04-14T10:06:32+00:00,0,accepted,,,0,0,
run_20260414T100254Z,d9c1e788511bd4cb53f3fdc6cd3c70da14444ec1,urls.xlsx,https://519zx.top,dns_gate,1,ray-dns-gate,2026-04-14T10:06:32+00:00,2026-04-14T10:06:32+00:00,0,accepted,,,0,0,
run_20260414T100254Z,1f1d5aeef21d802b087c39bbbeaaddd9a74d4262,urls.xlsx,https://fjudoeuskadi.eus,dns_gate,1,ray-dns-gate,2026-04-14T10:06:32+00:00,2026-04-14T10:06:32+00:00,0,accepted,,,0,0,
run_20260414T100254Z,9da363dab2faa3b73a1aa817d2e3aac50301ad74,urls.xlsx,https://essentialcleaningservicesusa.com,dns_gate,1,ray-dns-gate,2026-04-14T10:06:32+00:00,2026-04-14T10:06:32+00:00,0,accepted,,,0,0,
run_20260414T100254Z,708b11b6d24e596f0c978bdeaf2c740d93fcb0e0,urls.xlsx,https://71042.vip,dns_gate,1,ray-dns-gate,2026-04-14T10:06:32+00:00,2026-04-14T10:06:32+00:00,0,accepted,,,0,0,
run_20260414T100254Z,75cba92757c0529424595e70800b681704096eaa,urls.xlsx,https://soyprotagonistafinanciero.com,dns_gate,1,ray-dns-gate,2026-04-14T10:06:32+00:00,2026-04-14T10:06:32+00:00,0,accepted,,,0,0,
run_20260414T100254Z,7509ba68edf4682a02e5d818657cd32fbaa36d25,urls.xlsx,https://nevermindmedia.ch,dns_gate,1,ray-dns-gate,2026-04-14T10:06:32+00:00,2026-04-14T10:06:32+00:00,0,accepted,,,0,0,
run_20260414T100254Z,7708443d6e0db067db814ce831dff5b0fca9f90c,urls.xlsx,https://rush-bodyplan.homes,dns_gate,1,ray-dns-gate,2026-04-14T10:06:32+00:00,2026-04-14T10:06:32+00:00,0,accepted,,,0,0,
run_20260414T100254Z,7675cbac6bc5f734b8d48fd1befc4c90435f88e1,urls.xlsx,https://joel-angelina-wedding.com,dns_gate,1,ray-dns-gate,2026-04-14T10:06:32+00:00,2026-04-14T10:06:32+00:00,0,accepted,,,0,0,
run_20260414T100254Z,4b78d3c957d6b9d924030163143be445a837f7db,urls.xlsx,https://inesceramica.pt,dns_gate,1,ray-dns-gate,2026-04-14T10:06:32+00:00,2026-04-14T10:06:32+00:00,0,accepted,,,0,0,
run_20260414T100254Z,b986f3124698ab7f59d029d9fc0b9e589a1f7bde,urls.xlsx,https://fxsnowcool.com,dns_gate,1,ray-dns-gate,2026-04-14T10:06:32+00:00,2026-04-14T10:06:32+00:00,0,accepted,,,0,0,
run_20260414T100254Z,4d483717c6e90f1bfc24b2a7d4a807a8d9ef22dc,urls.xlsx,https://tayceculture.com,dns_gate,1,ray-dns-gate,2026-04-14T10:06:32+00:00,2026-04-14T10:06:32+00:00,0,accepted,,,0,0,
run_20260414T100254Z,962ae65a083559188021c55a3d41eb474102b6d3,urls.xlsx,https://ybiscom.fr,dns_gate,1,ray-dns-gate,2026-04-14T10:06:32+00:00,2026-04-14T10:06:32+00:00,0,accepted,,,0,0,
run_20260414T100254Z,e553805ed8776bae468997ad3f3cd7c0f41b5790,urls.xlsx,https://brandmappr.com,dns_gate,1,ray-dns-gate,2026-04-14T10:06:32+00:00,2026-04-14T10:06:32+00:00,0,accepted,,,0,0,
run_20260414T100254Z,4227399b20da2c796986e22729fd5d14709a8393,urls.xlsx,https://tredmind.com,dns_gate,1,ray-dns-gate,2026-04-14T10:06:32+00:00,2026-04-14T10:06:32+00:00,0,accepted,,,0,0,
run_20260414T100254Z,c24f80e1cad7154f4fefcc00e9aa88b8d09bdd77,urls.xlsx,https://carelessvibe.com,dns_gate,1,ray-dns-gate,2026-04-14T10:06:32+00:00,2026-04-14T10:06:32+00:00,0,accepted,,,0,0,
run_20260414T100254Z,089e89e7e3c4f29ed55569ba34338d308f457d3a,urls.xlsx,https://itplayegypt.win,dns_gate,1,ray-dns-gate,2026-04-14T10:06:32+00:00,2026-04-14T10:06:32+00:00,0,accepted,,,0,0,
run_20260414T100254Z,77a467c0991387e2e73cf17069ece4fe9983bcd5,urls.xlsx,https://mediavision.store,dns_gate,1,ray-dns-gate,2026-04-14T10:06:32+00:00,2026-04-14T10:06:32+00:00,0,accepted,,,0,0,
run_20260414T100254Z,cccbf97700f9dd9e3acd0b8436fb2a8185d6c7de,urls.xlsx,https://vipslot.casino,dns_gate,1,ray-dns-gate,2026-04-14T10:06:32+00:00,2026-04-14T10:06:32+00:00,0,accepted,,,0,0,
run_20260414T100254Z,521731e3c13b3491b2476b2afe62d25d102aa1f3,urls.xlsx,https://8eight.com.tw,dns_gate,1,ray-dns-gate,2026-04-14T10:06:32+00:00,2026-04-14T10:06:32+00:00,0,accepted,,,0,0,
run_20260414T100254Z,ba92f2732eb3abec2bf7925673abf88ee3c4130b,urls.xlsx,https://laoshuanliagou.bond,dns_gate,1,ray-dns-gate,2026-04-14T10:06:32+00:00,2026-04-14T10:06:32+00:00,0,accepted,,,0,0,
run_20260414T100254Z,c307913bf7abbb95adfe7d65f53f247bbe8f546c,urls.xlsx,https://traverseskier.com,dns_gate,1,ray-dns-gate,2026-04-14T10:06:32+00:00,2026-04-14T10:06:32+00:00,0,accepted,,,0,0,
run_20260414T100254Z,f0d357a7b62fa1a28c4651bd9de0f75fe12146c6,urls.xlsx,https://twentysixer.ru,dns_gate,1,ray-dns-gate,2026-04-14T10:06:32+00:00,2026-04-14T10:06:32+00:00,0,accepted,,,0,0,
run_20260414T100254Z,a4a0f6ee325a7358d22b51dc5559ec4879ecf2f9,urls.xlsx,https://dynamicdigitalmastery.com,dns_gate,1,ray-dns-gate,2026-04-14T10:06:32+00:00,2026-04-14T10:06:32+00:00,0,accepted,,,0,0,
run_20260414T100254Z,aef9909287f524378719bf3b0ac5bd7f176bb943,urls.xlsx,https://permabrows.us,dns_gate,1,ray-dns-gate,2026-04-14T10:06:32+00:00,2026-04-14T10:06:32+00:00,0,accepted,,,0,0,
run_20260414T100254Z,ece5e81bad1672b157e3c5720d6c6388bc503684,urls.xlsx,https://lfsidou.com,dns_gate,1,ray-dns-gate,2026-04-14T10:06:32+00:00,2026-04-14T10:06:32+00:00,0,accepted,,,0,0,
run_20260414T100254Z,67bb8e7fb7f7c8a859a1449ba9563f84be70e63e,urls.xlsx,https://quadbottles.store,dns_gate,1,ray-dns-gate,2026-04-14T10:06:32+00:00,2026-04-14T10:06:32+00:00,0,accepted,,,0,0,
run_20260414T100254Z,f8c9ff4d1767bc63ef006b0ba829b8654d4745f5,urls.xlsx,https://ibramep.com,dns_gate,1,ray-dns-gate,2026-04-14T10:06:32+00:00,2026-04-14T10:06:32+00:00,0,accepted,,,0,0,
run_20260414T100254Z,3dd2e1c3d99bf337715db31da448b3fcb3d5f967,urls.xlsx,https://5500betsk.com,dns_gate,1,ray-dns-gate,2026-04-14T10:06:32+00:00,2026-04-14T10:06:32+00:00,0,accepted,,,0,0,
run_20260414T100254Z,139b9d6e7ccb36b139fd5e615ee0132d7c195bbc,urls.xlsx,https://wfbmus.org,dns_gate,1,ray-dns-gate,2026-04-14T10:06:32+00:00,2026-04-14T10:06:32+00:00,0,accepted,,,0,0,
run_20260414T100254Z,5899cb098a7c17e8c2052f45315075b3bbd2baec,urls.xlsx,https://edugig.xyz,dns_gate,1,ray-dns-gate,2026-04-14T10:06:32+00:00,2026-04-14T10:06:32+00:00,0,accepted,,,0,0,
run_20260414T100254Z,d1e1c228d85a42f7c8d97a24ba327a1186cccefd,urls.xlsx,https://roisgloballogam.com,dns_gate,1,ray-dns-gate,2026-04-14T10:06:32+00:00,2026-04-14T10:06:32+00:00,0,accepted,,,0,0,
run_20260414T100254Z,9854a21403ffa73de996f95955a8b02acb5bdc08,urls.xlsx,https://cifibiu.pro,dns_gate,1,ray-dns-gate,2026-04-14T10:06:32+00:00,2026-04-14T10:06:32+00:00,0,accepted,,,0,0,
run_20260414T100254Z,d71ea53435bb9da6f1961083dd8e76c4aa5aa670,urls.xlsx,https://app-mkwangzhi.com,dns_gate,1,ray-dns-gate,2026-04-14T10:06:32+00:00,2026-04-14T10:06:32+00:00,0,accepted,,,0,0,
run_20260414T100254Z,f19bb1291e0120a2f12334f165ea0abf14ed1156,urls.xlsx,https://wantianzf.com,dns_gate,1,ray-dns-gate,2026-04-14T10:06:32+00:00,2026-04-14T10:06:32+00:00,0,accepted,,,0,0,
run_20260414T100254Z,e1de14b6bf17f067b3b896a26e4b452021058414,urls.xlsx,https://shaart.com,dns_gate,1,ray-dns-gate,2026-04-14T10:06:32+00:00,2026-04-14T10:06:32+00:00,0,accepted,,,0,0,
run_20260414T100254Z,8c15f521b3fd51c36dafe49ff91ee5607fc95a11,urls.xlsx,https://anptght-jp.com,dns_gate,1,ray-dns-gate,2026-04-14T10:06:32+00:00,2026-04-14T10:06:32+00:00,0,accepted,,,0,0,
run_20260414T100254Z,f6e01424562a24b77c6120dc0ffcc877cce7b792,urls.xlsx,https://hometownsewickley.com,dns_gate,1,ray-dns-gate,2026-04-14T10:06:32+00:00,2026-04-14T10:06:32+00:00,0,accepted,,,0,0,
run_20260414T100254Z,ad19328b16904e8d7b9795b9e09b4f944db4cfe0,urls.xlsx,https://clayhole.click,dns_gate,1,ray-dns-gate,2026-04-14T10:06:32+00:00,2026-04-14T10:06:32+00:00,0,accepted,,,0,0,
run_20260414T100254Z,9f8adcde970658b9455cee88e277ac8b0e0c5109,urls.xlsx,https://lesfermesdespoir.fr,dns_gate,1,ray-dns-gate,2026-04-14T10:06:32+00:00,2026-04-14T10:06:32+00:00,0,accepted,,,0,0,
run_20260414T100254Z,60da9d56ba66987bdbc7b30f5a5defe5ed1d1b07,urls.xlsx,https://inwestonauci.pl,dns_gate,1,ray-dns-gate,2026-04-14T10:06:32+00:00,2026-04-14T10:06:32+00:00,0,accepted,,,0,0,
run_20260414T100254Z,929cc6e229ef2a0766443561e5a741812cef52f2,urls.xlsx,https://soilandturfconsulting.com,dns_gate,1,ray-dns-gate,2026-04-14T10:06:32+00:00,2026-04-14T10:06:32+00:00,0,accepted,,,0,0,
run_20260414T100254Z,ff36719b871606fac6112ac458c4f17f9fa4e641,urls.xlsx,https://suesholidayhub.com,dns_gate,1,ray-dns-gate,2026-04-14T10:06:32+00:00,2026-04-14T10:06:32+00:00,0,accepted,,,0,0,
run_20260414T100254Z,36f4e684538fd09130a2089f989db8f616df4254,urls.xlsx,https://jiaotongzd.com,dns_gate,1,ray-dns-gate,2026-04-14T10:06:32+00:00,2026-04-14T10:06:32+00:00,0,accepted,,,0,0,
run_20260414T100254Z,f91149e733563c7531ac1790c229b0f2606bcdc6,urls.xlsx,https://my-auth23948.com,dns_gate,1,ray-dns-gate,2026-04-14T10:06:32+00:00,2026-04-14T10:06:32+00:00,0,accepted,,,0,0,
run_20260414T100254Z,f204a646bcbcf6548f326fd59291e250ddc10078,urls.xlsx,https://metaads.pro,dns_gate,1,ray-dns-gate,2026-04-14T10:06:32+00:00,2026-04-14T10:06:32+00:00,0,accepted,,,0,0,
run_20260414T100254Z,36a0c8454be29f967bfc8745366aa0ac76c7a094,urls.xlsx,https://globalbookpublication.com,dns_gate,1,ray-dns-gate,2026-04-14T10:06:32+00:00,2026-04-14T10:06:32+00:00,0,accepted,,,0,0,
run_20260414T100254Z,0ab3cc7a3e3b238926a542fc1add218dd70b3f9f,urls.xlsx,https://ampmskincare.com,dns_gate,1,ray-dns-gate,2026-04-14T10:06:32+00:00,2026-04-14T10:06:32+00:00,0,accepted,,,0,0,
run_20260414T100254Z,a8aee70594a82ec259236744ff6df064c3bdd93d,urls.xlsx,https://creditrepair-help.com,dns_gate,1,ray-dns-gate,2026-04-14T10:06:32+00:00,2026-04-14T10:06:32+00:00,0,accepted,,,0,0,
run_20260414T100254Z,b1325beefe06f6c4c898f5f2fc474f73df7670f0,urls.xlsx,https://s-s-a.us,dns_gate,1,ray-dns-gate,2026-04-14T10:06:32+00:00,2026-04-14T10:06:32+00:00,0,accepted,,,0,0,
run_20260414T100254Z,2885b489ab584780fd9a684ff6d4f298365e6a50,urls.xlsx,https://sportrade.blog,dns_gate,1,ray-dns-gate,2026-04-14T10:06:32+00:00,2026-04-14T10:06:32+00:00,0,accepted,,,0,0,
run_20260414T100254Z,cf070e8b601262cd447fd29e7d5719396621e445,urls.xlsx,https://brierleysovereigngroup.info,dns_gate,1,ray-dns-gate,2026-04-14T10:06:32+00:00,2026-04-14T10:06:32+00:00,0,accepted,,,0,0,
run_20260414T100254Z,777cc5e6c95dca0616789b79b4a7a71ebaa612e5,urls.xlsx,https://786786786786.com,dns_gate,1,ray-dns-gate,2026-04-14T10:06:32+00:00,2026-04-14T10:06:32+00:00,0,filtered_dns_inactive,dns_gate_no_answer,no A/AAAA answers for 786786786786.com,0,0,
run_20260414T100254Z,42d21b110404726fcd6b8acf248e7cd5364923a9,urls.xlsx,https://n6k6jqg8.top,dns_gate,1,ray-dns-gate,2026-04-14T10:06:32+00:00,2026-04-14T10:06:32+00:00,0,filtered_dns_inactive,dns_gate_no_answer,no A/AAAA answers for n6k6jqg8.top,0,0,
run_20260414T100254Z,32236d27ce2adcbecb1e34fafaf7c5027db81eb1,urls.xlsx,https://94498.qpon,dns_gate,1,ray-dns-gate,2026-04-14T10:06:32+00:00,2026-04-14T10:06:32+00:00,0,filtered_dns_inactive,dns_gate_no_answer,no A/AAAA answers for 94498.qpon,0,0,
run_20260414T100254Z,a4e1564788a538f25a486724187981737c1a1099,urls.xlsx,https://ofertaa643842315.sbs,dns_gate,1,ray-dns-gate,2026-04-14T10:06:32+00:00,2026-04-14T10:06:32+00:00,0,filtered_dns_inactive,dns_gate_no_answer,no A/AAAA answers for ofertaa643842315.sbs,0,0,
run_20260414T100254Z,4afd478a121cf380022cfd10aca01e32b8147f5e,urls.xlsx,https://abfquoelx.com,dns_gate,1,ray-dns-gate,2026-04-14T10:06:32+00:00,2026-04-14T10:06:32+00:00,0,filtered_dns_inactive,dns_gate_no_answer,no A/AAAA answers for abfquoelx.com,0,0,
run_20260414T100254Z,0f58cb7bd740d99a05e893167b61310962c0d0c9,urls.xlsx,https://enerzyph.com,dns_gate,1,ray-dns-gate,2026-04-14T10:06:32+00:00,2026-04-14T10:06:32+00:00,0,filtered_dns_inactive,dns_gate_no_answer,no A/AAAA answers for enerzyph.com,0,0,
run_20260414T100254Z,3a54d799ee306f147fb3296136fe75cbdf2dbcee,urls.xlsx,https://digifant.network,dns_gate,1,ray-dns-gate,2026-04-14T10:06:32+00:00,2026-04-14T10:06:32+00:00,0,filtered_dns_inactive,dns_gate_no_answer,no A/AAAA answers for digifant.network,0,0,
run_20260414T100254Z,05270ade9c8674de4bb4f16936cd7f49be588bae,urls.xlsx,https://unqvrhr60.shop,dns_gate,1,ray-dns-gate,2026-04-14T10:06:32+00:00,2026-04-14T10:06:32+00:00,0,filtered_dns_inactive,dns_gate_no_answer,no A/AAAA answers for unqvrhr60.shop,0,0,
run_20260414T100254Z,f9c909862be42c88c666300cddbb8530944b508d,urls.xlsx,https://preprod-ucimtbworldseries.com,dns_gate,1,ray-dns-gate,2026-04-14T10:06:32+00:00,2026-04-14T10:06:32+00:00,0,filtered_dns_inactive,dns_gate_no_answer,no A/AAAA answers for preprod-ucimtbworldseries.com,0,0,
run_20260414T100254Z,d436644692ff886f99e9ce6732451681637cd360,urls.xlsx,https://f1blue.com,dns_gate,1,ray-dns-gate,2026-04-14T10:06:32+00:00,2026-04-14T10:06:32+00:00,0,filtered_dns_inactive,dns_gate_no_answer,no A/AAAA answers for f1blue.com,0,0,
run_20260414T100254Z,cf9d98ca8a76b8525c279c35deb4fbc671e48af3,urls.xlsx,https://manto90.store,stage1,1,ray-stage1,2026-04-14T10:06:29+00:00,2026-04-14T10:06:36+00:00,7040,failed,,,0,0,
run_20260414T100254Z,752cf9f1d3e60bd70daa3c4f86bd2c17c6e61fba,urls.xlsx,https://chargemoment.com,stage1,1,ray-stage1,2026-04-14T10:06:29+00:00,2026-04-14T10:06:37+00:00,8254,failed,,,0,0,
run_20260414T100254Z,aab251f4e036a328760fe44dd9a4203291bff532,urls.xlsx,https://allsetfacilitygroup.com,stage1,1,ray-stage1,2026-04-14T10:06:29+00:00,2026-04-14T10:06:38+00:00,9273,failed,,,0,0,
run_20260414T100254Z,1f1d5aeef21d802b087c39bbbeaaddd9a74d4262,urls.xlsx,https://fjudoeuskadi.eus,stage1,1,ray-stage1,2026-04-14T10:06:29+00:00,2026-04-14T10:06:43+00:00,14187,failed,,,0,0,
run_20260414T100254Z,7509ba68edf4682a02e5d818657cd32fbaa36d25,urls.xlsx,https://nevermindmedia.ch,stage1,1,ray-stage1,2026-04-14T10:06:29+00:00,2026-04-14T10:06:45+00:00,16105,failed,,,0,0,
run_20260414T100254Z,d9c1e788511bd4cb53f3fdc6cd3c70da14444ec1,urls.xlsx,https://519zx.top,stage1,1,ray-stage1,2026-04-14T10:06:29+00:00,2026-04-14T10:06:46+00:00,17119,failed,,,0,0,
run_20260414T100254Z,708b11b6d24e596f0c978bdeaf2c740d93fcb0e0,urls.xlsx,https://71042.vip,stage1,1,ray-stage1,2026-04-14T10:06:29+00:00,2026-04-14T10:06:47+00:00,18839,failed,,,0,0,
run_20260414T100254Z,9da363dab2faa3b73a1aa817d2e3aac50301ad74,urls.xlsx,https://essentialcleaningservicesusa.com,stage1,1,ray-stage1,2026-04-14T10:06:29+00:00,2026-04-14T10:06:48+00:00,19763,failed,,,0,0,
run_20260414T100254Z,75cba92757c0529424595e70800b681704096eaa,urls.xlsx,https://soyprotagonistafinanciero.com,stage1,1,ray-stage1,2026-04-14T10:06:29+00:00,2026-04-14T10:06:49+00:00,20771,failed,,,0,0,
run_20260414T100254Z,7708443d6e0db067db814ce831dff5b0fca9f90c,urls.xlsx,https://rush-bodyplan.homes,stage1,1,ray-stage1,2026-04-14T10:06:29+00:00,2026-04-14T10:06:51+00:00,21983,failed,,,0,0,
run_20260414T100254Z,b986f3124698ab7f59d029d9fc0b9e589a1f7bde,urls.xlsx,https://fxsnowcool.com,stage1,1,ray-stage1,2026-04-14T10:06:29+00:00,2026-04-14T10:06:52+00:00,23809,failed,,,0,0,
run_20260414T100254Z,7675cbac6bc5f734b8d48fd1befc4c90435f88e1,urls.xlsx,https://joel-angelina-wedding.com,stage1,1,ray-stage1,2026-04-14T10:06:29+00:00,2026-04-14T10:06:53+00:00,24820,failed,,,0,0,
run_20260414T100254Z,4b78d3c957d6b9d924030163143be445a837f7db,urls.xlsx,https://inesceramica.pt,stage1,1,ray-stage1,2026-04-14T10:06:29+00:00,2026-04-14T10:06:55+00:00,26537,failed,,,0,0,
run_20260414T100254Z,4d483717c6e90f1bfc24b2a7d4a807a8d9ef22dc,urls.xlsx,https://tayceculture.com,stage1,1,ray-stage1,2026-04-14T10:06:29+00:00,2026-04-14T10:06:57+00:00,28006,failed,,,0,0,
run_20260414T100254Z,962ae65a083559188021c55a3d41eb474102b6d3,urls.xlsx,https://ybiscom.fr,stage1,1,ray-stage1,2026-04-14T10:06:29+00:00,2026-04-14T10:06:58+00:00,29456,failed,,,0,0,
run_20260414T100254Z,e553805ed8776bae468997ad3f3cd7c0f41b5790,urls.xlsx,https://brandmappr.com,stage1,1,ray-stage1,2026-04-14T10:06:29+00:00,2026-04-14T10:06:59+00:00,30385,failed,,,0,0,
run_20260414T100254Z,4227399b20da2c796986e22729fd5d14709a8393,urls.xlsx,https://tredmind.com,stage1,1,ray-stage1,2026-04-14T10:06:29+00:00,2026-04-14T10:06:59+00:00,30797,failed,,,0,0,
run_20260414T100254Z,c24f80e1cad7154f4fefcc00e9aa88b8d09bdd77,urls.xlsx,https://carelessvibe.com,stage1,1,ray-stage1,2026-04-14T10:06:29+00:00,2026-04-14T10:07:00+00:00,30965,failed,,,0,0,
run_20260414T100254Z,cccbf97700f9dd9e3acd0b8436fb2a8185d6c7de,urls.xlsx,https://vipslot.casino,stage1,1,ray-stage1,2026-04-14T10:06:29+00:00,2026-04-14T10:07:01+00:00,31920,failed,,,0,0,
run_20260414T100254Z,089e89e7e3c4f29ed55569ba34338d308f457d3a,urls.xlsx,https://itplayegypt.win,stage1,1,ray-stage1,2026-04-14T10:06:29+00:00,2026-04-14T10:07:01+00:00,32303,failed,,,0,0,
run_20260414T100254Z,77a467c0991387e2e73cf17069ece4fe9983bcd5,urls.xlsx,https://mediavision.store,stage1,1,ray-stage1,2026-04-14T10:06:29+00:00,2026-04-14T10:07:01+00:00,32606,failed,,,0,0,
run_20260414T100254Z,521731e3c13b3491b2476b2afe62d25d102aa1f3,urls.xlsx,https://8eight.com.tw,stage1,1,ray-stage1,2026-04-14T10:06:29+00:00,2026-04-14T10:07:02+00:00,32953,failed,,,0,0,
run_20260414T100254Z,aef9909287f524378719bf3b0ac5bd7f176bb943,urls.xlsx,https://permabrows.us,stage1,1,ray-stage1,2026-04-14T10:06:29+00:00,2026-04-14T10:07:03+00:00,33913,failed,,,0,0,
run_20260414T100254Z,f8c9ff4d1767bc63ef006b0ba829b8654d4745f5,urls.xlsx,https://ibramep.com,stage1,1,ray-stage1,2026-04-14T10:06:29+00:00,2026-04-14T10:07:03+00:00,34656,failed,,,0,0,
run_20260414T100254Z,ba92f2732eb3abec2bf7925673abf88ee3c4130b,urls.xlsx,https://laoshuanliagou.bond,stage1,1,ray-stage1,2026-04-14T10:06:29+00:00,2026-04-14T10:07:04+00:00,35670,failed,,,0,0,
run_20260414T100254Z,c307913bf7abbb95adfe7d65f53f247bbe8f546c,urls.xlsx,https://traverseskier.com,stage1,1,ray-stage1,2026-04-14T10:06:29+00:00,2026-04-14T10:07:05+00:00,36776,failed,,,0,0,
run_20260414T100254Z,f0d357a7b62fa1a28c4651bd9de0f75fe12146c6,urls.xlsx,https://twentysixer.ru,stage1,1,ray-stage1,2026-04-14T10:06:29+00:00,2026-04-14T10:07:12+00:00,42993,failed,,,0,0,
run_20260414T100254Z,a4a0f6ee325a7358d22b51dc5559ec4879ecf2f9,urls.xlsx,https://dynamicdigitalmastery.com,stage1,1,ray-stage1,2026-04-14T10:06:29+00:00,2026-04-14T10:07:12+00:00,43246,failed,,,0,0,
run_20260414T100254Z,67bb8e7fb7f7c8a859a1449ba9563f84be70e63e,urls.xlsx,https://quadbottles.store,stage1,1,ray-stage1,2026-04-14T10:06:29+00:00,2026-04-14T10:07:13+00:00,44251,failed,,,0,0,
run_20260414T100254Z,ece5e81bad1672b157e3c5720d6c6388bc503684,urls.xlsx,https://lfsidou.com,stage1,1,ray-stage1,2026-04-14T10:06:29+00:00,2026-04-14T10:07:14+00:00,45318,failed,,,0,0,
run_20260414T100254Z,3dd2e1c3d99bf337715db31da448b3fcb3d5f967,urls.xlsx,https://5500betsk.com,stage1,1,ray-stage1,2026-04-14T10:06:29+00:00,2026-04-14T10:07:15+00:00,46334,failed,,,0,0,
run_20260414T100254Z,d1e1c228d85a42f7c8d97a24ba327a1186cccefd,urls.xlsx,https://roisgloballogam.com,stage1,1,ray-stage1,2026-04-14T10:06:29+00:00,2026-04-14T10:07:18+00:00,49071,failed,,,0,0,
run_20260414T100254Z,9854a21403ffa73de996f95955a8b02acb5bdc08,urls.xlsx,https://cifibiu.pro,stage1,1,ray-stage1,2026-04-14T10:06:29+00:00,2026-04-14T10:07:18+00:00,49463,failed,,,0,0,
run_20260414T100254Z,139b9d6e7ccb36b139fd5e615ee0132d7c195bbc,urls.xlsx,https://wfbmus.org,stage1,1,ray-stage1,2026-04-14T10:06:29+00:00,2026-04-14T10:07:19+00:00,50481,failed,,,0,0,
run_20260414T100254Z,5899cb098a7c17e8c2052f45315075b3bbd2baec,urls.xlsx,https://edugig.xyz,stage1,1,ray-stage1,2026-04-14T10:06:29+00:00,2026-04-14T10:07:20+00:00,51665,failed,,,0,0,
run_20260414T100254Z,d71ea53435bb9da6f1961083dd8e76c4aa5aa670,urls.xlsx,https://app-mkwangzhi.com,stage1,1,ray-stage1,2026-04-14T10:06:29+00:00,2026-04-14T10:07:21+00:00,52680,failed,,,0,0,
run_20260414T100254Z,f19bb1291e0120a2f12334f165ea0abf14ed1156,urls.xlsx,https://wantianzf.com,stage1,1,ray-stage1,2026-04-14T10:06:29+00:00,2026-04-14T10:07:23+00:00,54152,failed,,,0,0,
run_20260414T100254Z,e1de14b6bf17f067b3b896a26e4b452021058414,urls.xlsx,https://shaart.com,stage1,1,ray-stage1,2026-04-14T10:06:29+00:00,2026-04-14T10:07:24+00:00,55133,failed,,,0,0,
run_20260414T100254Z,9f8adcde970658b9455cee88e277ac8b0e0c5109,urls.xlsx,https://lesfermesdespoir.fr,stage1,1,ray-stage1,2026-04-14T10:06:29+00:00,2026-04-14T10:07:24+00:00,55731,failed,,,0,0,
run_20260414T100254Z,60da9d56ba66987bdbc7b30f5a5defe5ed1d1b07,urls.xlsx,https://inwestonauci.pl,stage1,1,ray-stage1,2026-04-14T10:06:29+00:00,2026-04-14T10:07:25+00:00,56755,failed,,,0,0,
run_20260414T100254Z,8c15f521b3fd51c36dafe49ff91ee5607fc95a11,urls.xlsx,https://anptght-jp.com,stage1,1,ray-stage1,2026-04-14T10:06:29+00:00,2026-04-14T10:07:27+00:00,58627,failed,,,0,0,
run_20260414T100254Z,f6e01424562a24b77c6120dc0ffcc877cce7b792,urls.xlsx,https://hometownsewickley.com,stage1,1,ray-stage1,2026-04-14T10:06:29+00:00,2026-04-14T10:07:28+00:00,59838,failed,,,0,0,
run_20260414T100254Z,ad19328b16904e8d7b9795b9e09b4f944db4cfe0,urls.xlsx,https://clayhole.click,stage1,1,ray-stage1,2026-04-14T10:06:29+00:00,2026-04-14T10:07:29+00:00,60616,failed,,,0,0,
run_20260414T100254Z,ff36719b871606fac6112ac458c4f17f9fa4e641,urls.xlsx,https://suesholidayhub.com,stage1,1,ray-stage1,2026-04-14T10:06:29+00:00,2026-04-14T10:07:30+00:00,61079,failed,,,0,0,
run_20260414T100254Z,36f4e684538fd09130a2089f989db8f616df4254,urls.xlsx,https://jiaotongzd.com,stage1,1,ray-stage1,2026-04-14T10:06:29+00:00,2026-04-14T10:07:30+00:00,61568,failed,,,0,0,
run_20260414T100254Z,929cc6e229ef2a0766443561e5a741812cef52f2,urls.xlsx,https://soilandturfconsulting.com,stage1,1,ray-stage1,2026-04-14T10:06:29+00:00,2026-04-14T10:07:31+00:00,62089,failed,,,0,0,
run_20260414T100254Z,f91149e733563c7531ac1790c229b0f2606bcdc6,urls.xlsx,https://my-auth23948.com,stage1,1,ray-stage1,2026-04-14T10:06:29+00:00,2026-04-14T10:07:31+00:00,62397,failed,,,0,0,
run_20260414T100254Z,f204a646bcbcf6548f326fd59291e250ddc10078,urls.xlsx,https://metaads.pro,stage1,1,ray-stage1,2026-04-14T10:06:29+00:00,2026-04-14T10:07:32+00:00,63130,failed,,,0,0,
run_20260414T100254Z,36a0c8454be29f967bfc8745366aa0ac76c7a094,urls.xlsx,https://globalbookpublication.com,stage1,1,ray-stage1,2026-04-14T10:06:29+00:00,2026-04-14T10:07:32+00:00,63403,failed,,,0,0,
run_20260414T100254Z,a8aee70594a82ec259236744ff6df064c3bdd93d,urls.xlsx,https://creditrepair-help.com,stage1,1,ray-stage1,2026-04-14T10:06:29+00:00,2026-04-14T10:07:33+00:00,64412,failed,,,0,0,
run_20260414T100254Z,0ab3cc7a3e3b238926a542fc1add218dd70b3f9f,urls.xlsx,https://ampmskincare.com,stage1,1,ray-stage1,2026-04-14T10:06:29+00:00,2026-04-14T10:07:36+00:00,67656,failed,,,0,0,
run_20260414T100254Z,b1325beefe06f6c4c898f5f2fc474f73df7670f0,urls.xlsx,https://s-s-a.us,stage1,1,ray-stage1,2026-04-14T10:06:29+00:00,2026-04-14T10:07:42+00:00,73736,failed,,,0,0,
run_20260414T100254Z,2885b489ab584780fd9a684ff6d4f298365e6a50,urls.xlsx,https://sportrade.blog,stage1,1,ray-stage1,2026-04-14T10:06:29+00:00,2026-04-14T10:07:43+00:00,74765,failed,,,0,0,
run_20260414T100254Z,cf070e8b601262cd447fd29e7d5719396621e445,urls.xlsx,https://brierleysovereigngroup.info,stage1,1,ray-stage1,2026-04-14T10:06:29+00:00,2026-04-14T10:07:44+00:00,75329,failed,,,0,0,
run_20260414T100254Z,d6db9acfcea2661365df315e141093acfdcf4d9d,urls.xlsx,https://surpriseoflifellc.com,stage0,1,ray-stage0,2026-04-14T10:07:44+00:00,2026-04-14T10:07:44+00:00,0,filtered_lexical_miss,,,0,0,
run_20260414T100254Z,46ef8a1bf00fd27ec62896482e530572af709165,urls.xlsx,https://aetyk.cc,stage0,1,ray-stage0,2026-04-14T10:07:44+00:00,2026-04-14T10:07:44+00:00,0,filtered_lexical_miss,,,0,0,
run_20260414T100254Z,0d3e759adea23d58fb1637cce4ee278c9abe07c5,urls.xlsx,https://outlandscodex.ai,stage0,1,ray-stage0,2026-04-14T10:07:44+00:00,2026-04-14T10:07:44+00:00,0,filtered_lexical_miss,,,0,0,
run_20260414T100254Z,c241e2cf2508318b3eea129ce06f51039e467619,urls.xlsx,https://kycedeoni.autos,stage0,1,ray-stage0,2026-04-14T10:07:44+00:00,2026-04-14T10:07:44+00:00,0,filtered_lexical_miss,,,0,0,
run_20260414T100254Z,c6db060dd7c335f67e5523f13dbdb364f6db47a0,urls.xlsx,https://o3zxth.top,stage0,1,ray-stage0,2026-04-14T10:07:44+00:00,2026-04-14T10:07:44+00:00,0,filtered_lexical_miss,,,0,0,
run_20260414T100254Z,5b55f657ad5219525e48db8ff638ca6d61c1fd23,urls.xlsx,https://suaconsulta2026.online,stage0,1,ray-stage0,2026-04-14T10:07:44+00:00,2026-04-14T10:07:44+00:00,0,filtered_lexical_miss,,,0,0,
run_20260414T100254Z,2b17ac12ca351bb41b88137e721f0ffb5de88eff,urls.xlsx,https://commerium.co.uk,stage0,1,ray-stage0,2026-04-14T10:07:44+00:00,2026-04-14T10:07:44+00:00,0,filtered_lexical_miss,,,0,0,
run_20260414T100254Z,8cf5f22fda16c3de1cef5652f69a9646708fcc69,urls.xlsx,https://outergood.ru,stage0,1,ray-stage0,2026-04-14T10:07:44+00:00,2026-04-14T10:07:44+00:00,0,filtered_lexical_miss,,,0,0,
run_20260414T100254Z,0ff8d0fd87202e1b4fbd791205c1ea2acfbda93c,urls.xlsx,https://graniteindustriesinc.com,stage0,1,ray-stage0,2026-04-14T10:07:44+00:00,2026-04-14T10:07:44+00:00,0,filtered_lexical_miss,,,0,0,
run_20260414T100254Z,c0124a0fd71cb467a2a3cebbf4e03d575823cbf9,urls.xlsx,https://thelocksmithcrew.com,stage0,1,ray-stage0,2026-04-14T10:07:44+00:00,2026-04-14T10:07:44+00:00,0,filtered_lexical_miss,,,0,0,
run_20260414T100254Z,eaf11f584e6cbf2fa14809d9c0b7e7c41e46c17f,urls.xlsx,https://avbyfpho.shop,stage0,1,ray-stage0,2026-04-14T10:07:44+00:00,2026-04-14T10:07:44+00:00,0,filtered_lexical_miss,,,0,0,
run_20260414T100254Z,39075f97d72e1774b5224204333107118cb5bdcd,urls.xlsx,https://elit-stomatolog.ru,stage0,1,ray-stage0,2026-04-14T10:07:44+00:00,2026-04-14T10:07:44+00:00,0,filtered_lexical_miss,,,0,0,
run_20260414T100254Z,ebac27106e377debcab905316d23574827233b14,urls.xlsx,https://bluewaterpoolsusa.com,stage0,1,ray-stage0,2026-04-14T10:07:44+00:00,2026-04-14T10:07:44+00:00,0,filtered_lexical_miss,,,0,0,
run_20260414T100254Z,1e342ed60c20508b9a86fb64233072998bc64ad3,urls.xlsx,https://chillcollege.com,stage0,1,ray-stage0,2026-04-14T10:07:44+00:00,2026-04-14T10:07:44+00:00,0,filtered_lexical_miss,,,0,0,
run_20260414T100254Z,d9a723afe807223f9a03044343def8aca3d7800d,urls.xlsx,https://lml2vipaff05.cc,stage0,1,ray-stage0,2026-04-14T10:07:44+00:00,2026-04-14T10:07:44+00:00,0,filtered_lexical_miss,,,0,0,
run_20260414T100254Z,55355fa5b5b64ec4000449db5565ad91fab21e48,urls.xlsx,https://bramclaw.my.id,stage0,1,ray-stage0,2026-04-14T10:07:44+00:00,2026-04-14T10:07:44+00:00,0,filtered_lexical_miss,,,0,0,
run_20260414T100254Z,6c64bf0e74ec79ba4213dff09a86ea9159596d73,urls.xlsx,https://abx5n1n7.cc,stage0,1,ray-stage0,2026-04-14T10:07:44+00:00,2026-04-14T10:07:44+00:00,0,filtered_lexical_miss,,,0,0,
run_20260414T100254Z,63c37f07bf42ed4b4a37d81d9ad131194699cfba,urls.xlsx,https://rosastoneeg.com,stage0,1,ray-stage0,2026-04-14T10:07:44+00:00,2026-04-14T10:07:44+00:00,0,filtered_lexical_miss,,,0,0,
run_20260414T100254Z,fc6b14335fbd455dc827e40d070df94601ed3be5,urls.xlsx,https://wildlayers.com,stage0,1,ray-stage0,2026-04-14T10:07:44+00:00,2026-04-14T10:07:44+00:00,0,filtered_lexical_miss,,,0,0,
run_20260414T100254Z,c7ffb3cff85dda9390c3997c53dca352f7364f76,urls.xlsx,https://connect2people360x.info,stage0,1,ray-stage0,2026-04-14T10:07:44+00:00,2026-04-14T10:07:44+00:00,0,filtered_lexical_miss,,,0,0,
run_20260414T100254Z,0f035ab58c0b8a62ea679b1b69f13b9563fe526a,urls.xlsx,https://ezbrd.co,stage0,1,ray-stage0,2026-04-14T10:07:44+00:00,2026-04-14T10:07:44+00:00,0,filtered_lexical_miss,,,0,0,
run_20260414T100254Z,96cad61b798ad0f80a6f30080643d29d94ca6eb6,urls.xlsx,https://mis4624.cc,stage0,1,ray-stage0,2026-04-14T10:07:44+00:00,2026-04-14T10:07:44+00:00,0,filtered_lexical_miss,,,0,0,
run_20260414T100254Z,94c9df84cade357983a235cd548aaed57a753912,urls.xlsx,https://ncbackyardbouncers.com,stage0,1,ray-stage0,2026-04-14T10:07:44+00:00,2026-04-14T10:07:44+00:00,0,filtered_lexical_miss,,,0,0,
run_20260414T100254Z,7fc6c06bf68ead65188a44ee306d8f0b6159ad46,urls.xlsx,https://freedomroadfinancialdealerhub.com,stage0,1,ray-stage0,2026-04-14T10:07:44+00:00,2026-04-14T10:07:44+00:00,0,filtered_lexical_miss,,,0,0,
run_20260414T100254Z,1e5187bf928f28fda96a2374aaad048971794ce9,urls.xlsx,https://daisyfrost.com,stage0,1,ray-stage0,2026-04-14T10:07:44+00:00,2026-04-14T10:07:44+00:00,0,filtered_lexical_miss,,,0,0,
run_20260414T100254Z,46a0a2699179810eb7a8e4e6a74193bd1d58c6e5,urls.xlsx,https://di9rke.top,stage0,1,ray-stage0,2026-04-14T10:07:44+00:00,2026-04-14T10:07:44+00:00,0,filtered_lexical_miss,,,0,0,
run_20260414T100254Z,c16422650e5027d97c969d1da902a43acf0895dc,urls.xlsx,https://flydownloads.space,stage0,1,ray-stage0,2026-04-14T10:07:44+00:00,2026-04-14T10:07:44+00:00,0,filtered_lexical_miss,,,0,0,
run_20260414T100254Z,3004af5d0604aa1b9b51abf7db0a4b97de5a7c9b,urls.xlsx,https://sweetcookii.com,stage0,1,ray-stage0,2026-04-14T10:07:44+00:00,2026-04-14T10:07:44+00:00,0,filtered_lexical_miss,,,0,0,
run_20260414T100254Z,896de402d716cd99ac24e9c84cc55397e43241de,urls.xlsx,https://phoenixwanderlust.in,stage0,1,ray-stage0,2026-04-14T10:07:44+00:00,2026-04-14T10:07:44+00:00,0,filtered_lexical_miss,,,0,0,
run_20260414T100254Z,1e27745e6ccabce3f8adb5826be2d0a4c1cefea5,urls.xlsx,https://coastalcounselingcenter.org,stage0,1,ray-stage0,2026-04-14T10:07:44+00:00,2026-04-14T10:07:44+00:00,0,filtered_lexical_miss,,,0,0,
run_20260414T100254Z,448bccd6e0de11c4a956e6708f6b123f37922e5a,urls.xlsx,https://oliveandjunes.store,stage0,1,ray-stage0,2026-04-14T10:07:44+00:00,2026-04-14T10:07:44+00:00,0,filtered_lexical_miss,,,0,0,
run_20260414T100254Z,c57efdae2350a8093692b447d34b824b5617395e,urls.xlsx,https://pulsefck.store,stage0,1,ray-stage0,2026-04-14T10:07:44+00:00,2026-04-14T10:07:44+00:00,0,filtered_lexical_miss,,,0,0,
run_20260414T100254Z,92321bdab269926a0f5f7285fb47b318c64ee97d,urls.xlsx,https://airtele.xyz,stage0,1,ray-stage0,2026-04-14T10:07:44+00:00,2026-04-14T10:07:44+00:00,0,lexical_hit,,,0,0,
run_20260414T100254Z,0abb4431bf3997c13139082dee18f16c8aa44574,urls.xlsx,https://airtel-merchants.club,stage0,1,ray-stage0,2026-04-14T10:07:44+00:00,2026-04-14T10:07:44+00:00,0,lexical_hit,,,0,0,
run_20260414T100254Z,8acc96485144f1a227fe1b3f0e593c68066de6da,urls.xlsx,https://paarivahan.com,stage0,1,ray-stage0,2026-04-14T10:07:44+00:00,2026-04-14T10:07:44+00:00,0,lexical_hit,,,0,0,
run_20260414T100254Z,7c68222dad86f15d358e010b10ecf81ff668a245,urls.xlsx,https://airtell.ai,stage0,1,ray-stage0,2026-04-14T10:07:44+00:00,2026-04-14T10:07:44+00:00,0,lexical_hit,,,0,0,
run_20260414T100254Z,3a3bfb37686260b33c5d7bb507a35315ff4ce072,urls.xlsx,https://axisupi.com,stage0,1,ray-stage0,2026-04-14T10:07:44+00:00,2026-04-14T10:07:44+00:00,0,lexical_hit,,,0,0,
run_20260414T100254Z,4735bd798b9fb4ba8a108caa38438b02c782b362,urls.xlsx,https://uidaiaadhardownload.com,stage0,1,ray-stage0,2026-04-14T10:07:44+00:00,2026-04-14T10:07:44+00:00,0,lexical_hit,,,0,0,
run_20260414T100254Z,7fe56028092cd44ddb1e66b99dca57321d2d26e0,urls.xlsx,https://sbireward.com,stage0,1,ray-stage0,2026-04-14T10:07:44+00:00,2026-04-14T10:07:44+00:00,0,lexical_hit,,,0,0,
run_20260414T100254Z,7c68222dad86f15d358e010b10ecf81ff668a245,urls.xlsx,https://airtell.ai,dns_gate,1,ray-dns-gate,2026-04-14T10:07:45+00:00,2026-04-14T10:07:45+00:00,0,accepted,,,0,0,
run_20260414T100254Z,3a3bfb37686260b33c5d7bb507a35315ff4ce072,urls.xlsx,https://axisupi.com,dns_gate,1,ray-dns-gate,2026-04-14T10:07:45+00:00,2026-04-14T10:07:45+00:00,0,accepted,,,0,0,
run_20260414T100254Z,4735bd798b9fb4ba8a108caa38438b02c782b362,urls.xlsx,https://uidaiaadhardownload.com,dns_gate,1,ray-dns-gate,2026-04-14T10:07:45+00:00,2026-04-14T10:07:45+00:00,0,accepted,,,0,0,
run_20260414T100254Z,0abb4431bf3997c13139082dee18f16c8aa44574,urls.xlsx,https://airtel-merchants.club,dns_gate,1,ray-dns-gate,2026-04-14T10:07:45+00:00,2026-04-14T10:07:45+00:00,0,registration_passthrough,dns_gate_no_answer,no A/AAAA answers for airtel-merchants.club,0,0,
run_20260414T100254Z,92321bdab269926a0f5f7285fb47b318c64ee97d,urls.xlsx,https://airtele.xyz,dns_gate,1,ray-dns-gate,2026-04-14T10:07:45+00:00,2026-04-14T10:07:45+00:00,0,registration_passthrough,dns_gate_no_answer,no A/AAAA answers for airtele.xyz,0,0,
run_20260414T100254Z,8acc96485144f1a227fe1b3f0e593c68066de6da,urls.xlsx,https://paarivahan.com,dns_gate,1,ray-dns-gate,2026-04-14T10:07:45+00:00,2026-04-14T10:07:45+00:00,0,registration_passthrough,dns_gate_no_answer,no A/AAAA answers for paarivahan.com,0,0,
run_20260414T100254Z,7fe56028092cd44ddb1e66b99dca57321d2d26e0,urls.xlsx,https://sbireward.com,dns_gate,1,ray-dns-gate,2026-04-14T10:07:45+00:00,2026-04-14T10:07:45+00:00,0,registration_passthrough,dns_gate_no_answer,no A/AAAA answers for sbireward.com,0,0,
run_20260414T100254Z,d6db9acfcea2661365df315e141093acfdcf4d9d,urls.xlsx,https://surpriseoflifellc.com,dns_gate,1,ray-dns-gate,2026-04-14T10:07:46+00:00,2026-04-14T10:07:46+00:00,0,accepted,,,0,0,
run_20260414T100254Z,46ef8a1bf00fd27ec62896482e530572af709165,urls.xlsx,https://aetyk.cc,dns_gate,1,ray-dns-gate,2026-04-14T10:07:46+00:00,2026-04-14T10:07:46+00:00,0,accepted,,,0,0,
run_20260414T100254Z,0d3e759adea23d58fb1637cce4ee278c9abe07c5,urls.xlsx,https://outlandscodex.ai,dns_gate,1,ray-dns-gate,2026-04-14T10:07:46+00:00,2026-04-14T10:07:46+00:00,0,accepted,,,0,0,
run_20260414T100254Z,c241e2cf2508318b3eea129ce06f51039e467619,urls.xlsx,https://kycedeoni.autos,dns_gate,1,ray-dns-gate,2026-04-14T10:07:46+00:00,2026-04-14T10:07:46+00:00,0,accepted,,,0,0,
run_20260414T100254Z,c6db060dd7c335f67e5523f13dbdb364f6db47a0,urls.xlsx,https://o3zxth.top,dns_gate,1,ray-dns-gate,2026-04-14T10:07:46+00:00,2026-04-14T10:07:46+00:00,0,accepted,,,0,0,
run_20260414T100254Z,2b17ac12ca351bb41b88137e721f0ffb5de88eff,urls.xlsx,https://commerium.co.uk,dns_gate,1,ray-dns-gate,2026-04-14T10:07:46+00:00,2026-04-14T10:07:46+00:00,0,accepted,,,0,0,
run_20260414T100254Z,8cf5f22fda16c3de1cef5652f69a9646708fcc69,urls.xlsx,https://outergood.ru,dns_gate,1,ray-dns-gate,2026-04-14T10:07:46+00:00,2026-04-14T10:07:46+00:00,0,accepted,,,0,0,
run_20260414T100254Z,c0124a0fd71cb467a2a3cebbf4e03d575823cbf9,urls.xlsx,https://thelocksmithcrew.com,dns_gate,1,ray-dns-gate,2026-04-14T10:07:46+00:00,2026-04-14T10:07:46+00:00,0,accepted,,,0,0,
run_20260414T100254Z,39075f97d72e1774b5224204333107118cb5bdcd,urls.xlsx,https://elit-stomatolog.ru,dns_gate,1,ray-dns-gate,2026-04-14T10:07:46+00:00,2026-04-14T10:07:46+00:00,0,accepted,,,0,0,
run_20260414T100254Z,ebac27106e377debcab905316d23574827233b14,urls.xlsx,https://bluewaterpoolsusa.com,dns_gate,1,ray-dns-gate,2026-04-14T10:07:46+00:00,2026-04-14T10:07:46+00:00,0,accepted,,,0,0,
run_20260414T100254Z,1e342ed60c20508b9a86fb64233072998bc64ad3,urls.xlsx,https://chillcollege.com,dns_gate,1,ray-dns-gate,2026-04-14T10:07:46+00:00,2026-04-14T10:07:46+00:00,0,accepted,,,0,0,
run_20260414T100254Z,eaf11f584e6cbf2fa14809d9c0b7e7c41e46c17f,urls.xlsx,https://avbyfpho.shop,dns_gate,1,ray-dns-gate,2026-04-14T10:07:46+00:00,2026-04-14T10:07:46+00:00,0,accepted,,,0,0,
run_20260414T100254Z,6c64bf0e74ec79ba4213dff09a86ea9159596d73,urls.xlsx,https://abx5n1n7.cc,dns_gate,1,ray-dns-gate,2026-04-14T10:07:46+00:00,2026-04-14T10:07:46+00:00,0,accepted,,,0,0,
run_20260414T100254Z,d9a723afe807223f9a03044343def8aca3d7800d,urls.xlsx,https://lml2vipaff05.cc,dns_gate,1,ray-dns-gate,2026-04-14T10:07:46+00:00,2026-04-14T10:07:46+00:00,0,accepted,,,0,0,
run_20260414T100254Z,55355fa5b5b64ec4000449db5565ad91fab21e48,urls.xlsx,https://bramclaw.my.id,dns_gate,1,ray-dns-gate,2026-04-14T10:07:46+00:00,2026-04-14T10:07:46+00:00,0,accepted,,,0,0,
run_20260414T100254Z,fc6b14335fbd455dc827e40d070df94601ed3be5,urls.xlsx,https://wildlayers.com,dns_gate,1,ray-dns-gate,2026-04-14T10:07:46+00:00,2026-04-14T10:07:46+00:00,0,accepted,,,0,0,
run_20260414T100254Z,0f035ab58c0b8a62ea679b1b69f13b9563fe526a,urls.xlsx,https://ezbrd.co,dns_gate,1,ray-dns-gate,2026-04-14T10:07:46+00:00,2026-04-14T10:07:46+00:00,0,accepted,,,0,0,
run_20260414T100254Z,c7ffb3cff85dda9390c3997c53dca352f7364f76,urls.xlsx,https://connect2people360x.info,dns_gate,1,ray-dns-gate,2026-04-14T10:07:46+00:00,2026-04-14T10:07:46+00:00,0,accepted,,,0,0,
run_20260414T100254Z,1e5187bf928f28fda96a2374aaad048971794ce9,urls.xlsx,https://daisyfrost.com,dns_gate,1,ray-dns-gate,2026-04-14T10:07:46+00:00,2026-04-14T10:07:46+00:00,0,accepted,,,0,0,
run_20260414T100254Z,94c9df84cade357983a235cd548aaed57a753912,urls.xlsx,https://ncbackyardbouncers.com,dns_gate,1,ray-dns-gate,2026-04-14T10:07:46+00:00,2026-04-14T10:07:46+00:00,0,accepted,,,0,0,
run_20260414T100254Z,7fc6c06bf68ead65188a44ee306d8f0b6159ad46,urls.xlsx,https://freedomroadfinancialdealerhub.com,dns_gate,1,ray-dns-gate,2026-04-14T10:07:46+00:00,2026-04-14T10:07:46+00:00,0,accepted,,,0,0,
run_20260414T100254Z,46a0a2699179810eb7a8e4e6a74193bd1d58c6e5,urls.xlsx,https://di9rke.top,dns_gate,1,ray-dns-gate,2026-04-14T10:07:46+00:00,2026-04-14T10:07:46+00:00,0,accepted,,,0,0,
run_20260414T100254Z,3004af5d0604aa1b9b51abf7db0a4b97de5a7c9b,urls.xlsx,https://sweetcookii.com,dns_gate,1,ray-dns-gate,2026-04-14T10:07:46+00:00,2026-04-14T10:07:46+00:00,0,accepted,,,0,0,
run_20260414T100254Z,c16422650e5027d97c969d1da902a43acf0895dc,urls.xlsx,https://flydownloads.space,dns_gate,1,ray-dns-gate,2026-04-14T10:07:46+00:00,2026-04-14T10:07:46+00:00,0,accepted,,,0,0,
run_20260414T100254Z,896de402d716cd99ac24e9c84cc55397e43241de,urls.xlsx,https://phoenixwanderlust.in,dns_gate,1,ray-dns-gate,2026-04-14T10:07:46+00:00,2026-04-14T10:07:46+00:00,0,accepted,,,0,0,
run_20260414T100254Z,c57efdae2350a8093692b447d34b824b5617395e,urls.xlsx,https://pulsefck.store,dns_gate,1,ray-dns-gate,2026-04-14T10:07:46+00:00,2026-04-14T10:07:46+00:00,0,accepted,,,0,0,
run_20260414T100254Z,5b55f657ad5219525e48db8ff638ca6d61c1fd23,urls.xlsx,https://suaconsulta2026.online,dns_gate,1,ray-dns-gate,2026-04-14T10:07:46+00:00,2026-04-14T10:07:46+00:00,0,filtered_dns_inactive,dns_gate_no_answer,no A/AAAA answers for suaconsulta2026.online,0,0,
run_20260414T100254Z,448bccd6e0de11c4a956e6708f6b123f37922e5a,urls.xlsx,https://oliveandjunes.store,dns_gate,1,ray-dns-gate,2026-04-14T10:07:46+00:00,2026-04-14T10:07:46+00:00,0,accepted,,,0,0,
run_20260414T100254Z,0ff8d0fd87202e1b4fbd791205c1ea2acfbda93c,urls.xlsx,https://graniteindustriesinc.com,dns_gate,1,ray-dns-gate,2026-04-14T10:07:46+00:00,2026-04-14T10:07:46+00:00,0,filtered_dns_inactive,dns_gate_no_answer,no A/AAAA answers for graniteindustriesinc.com,0,0,
run_20260414T100254Z,96cad61b798ad0f80a6f30080643d29d94ca6eb6,urls.xlsx,https://mis4624.cc,dns_gate,1,ray-dns-gate,2026-04-14T10:07:46+00:00,2026-04-14T10:07:46+00:00,0,filtered_dns_inactive,dns_gate_no_answer,no A/AAAA answers for mis4624.cc,0,0,
run_20260414T100254Z,63c37f07bf42ed4b4a37d81d9ad131194699cfba,urls.xlsx,https://rosastoneeg.com,dns_gate,1,ray-dns-gate,2026-04-14T10:07:46+00:00,2026-04-14T10:07:46+00:00,0,filtered_dns_inactive,dns_gate_no_answer,no A/AAAA answers for rosastoneeg.com,0,0,
run_20260414T100254Z,1e27745e6ccabce3f8adb5826be2d0a4c1cefea5,urls.xlsx,https://coastalcounselingcenter.org,dns_gate,1,ray-dns-gate,2026-04-14T10:07:46+00:00,2026-04-14T10:07:46+00:00,0,filtered_dns_inactive,dns_gate_no_answer,no A/AAAA answers for coastalcounselingcenter.org,0,0,
run_20260414T100254Z,7c68222dad86f15d358e010b10ecf81ff668a245,urls.xlsx,https://airtell.ai,hash,1,ray-hash-admit,2026-04-14T10:07:46+00:00,2026-04-14T10:07:46+00:00,0,admitted,,,0,0,
run_20260414T100254Z,d6db9acfcea2661365df315e141093acfdcf4d9d,urls.xlsx,https://surpriseoflifellc.com,stage1,1,ray-stage1,2026-04-14T10:07:44+00:00,2026-04-14T10:07:48+00:00,3802,failed,,,0,0,
run_20260414T100254Z,3a3bfb37686260b33c5d7bb507a35315ff4ce072,urls.xlsx,https://axisupi.com,hash,1,ray-hash-admit,2026-04-14T10:07:49+00:00,2026-04-14T10:07:49+00:00,0,admitted,,,0,0,
run_20260414T100254Z,46ef8a1bf00fd27ec62896482e530572af709165,urls.xlsx,https://aetyk.cc,stage1,1,ray-stage1,2026-04-14T10:07:44+00:00,2026-04-14T10:07:51+00:00,7311,failed,,,0,0,
run_20260414T100254Z,0d3e759adea23d58fb1637cce4ee278c9abe07c5,urls.xlsx,https://outlandscodex.ai,stage1,1,ray-stage1,2026-04-14T10:07:44+00:00,2026-04-14T10:07:53+00:00,9339,failed,,,0,0,
run_20260414T100254Z,c241e2cf2508318b3eea129ce06f51039e467619,urls.xlsx,https://kycedeoni.autos,stage1,1,ray-stage1,2026-04-14T10:07:44+00:00,2026-04-14T10:07:54+00:00,10349,failed,,,0,0,
run_20260414T100254Z,c6db060dd7c335f67e5523f13dbdb364f6db47a0,urls.xlsx,https://o3zxth.top,stage1,1,ray-stage1,2026-04-14T10:07:44+00:00,2026-04-14T10:07:55+00:00,11357,failed,,,0,0,
run_20260414T100254Z,2b17ac12ca351bb41b88137e721f0ffb5de88eff,urls.xlsx,https://commerium.co.uk,stage1,1,ray-stage1,2026-04-14T10:07:44+00:00,2026-04-14T10:07:58+00:00,14381,failed,,,0,0,
run_20260414T100254Z,8cf5f22fda16c3de1cef5652f69a9646708fcc69,urls.xlsx,https://outergood.ru,stage1,1,ray-stage1,2026-04-14T10:07:44+00:00,2026-04-14T10:08:00+00:00,16404,failed,,,0,0,
run_20260414T100254Z,c0124a0fd71cb467a2a3cebbf4e03d575823cbf9,urls.xlsx,https://thelocksmithcrew.com,stage1,1,ray-stage1,2026-04-14T10:07:44+00:00,2026-04-14T10:08:04+00:00,20444,failed,,,0,0,
run_20260414T100254Z,eaf11f584e6cbf2fa14809d9c0b7e7c41e46c17f,urls.xlsx,https://avbyfpho.shop,stage1,1,ray-stage1,2026-04-14T10:07:44+00:00,2026-04-14T10:08:05+00:00,21458,failed,,,0,0,
run_20260414T100254Z,39075f97d72e1774b5224204333107118cb5bdcd,urls.xlsx,https://elit-stomatolog.ru,stage1,1,ray-stage1,2026-04-14T10:07:44+00:00,2026-04-14T10:08:07+00:00,22467,failed,,,0,0,
run_20260414T100254Z,1e342ed60c20508b9a86fb64233072998bc64ad3,urls.xlsx,https://chillcollege.com,stage1,1,ray-stage1,2026-04-14T10:07:44+00:00,2026-04-14T10:08:08+00:00,23477,failed,,,0,0,
run_20260414T100254Z,ebac27106e377debcab905316d23574827233b14,urls.xlsx,https://bluewaterpoolsusa.com,stage1,1,ray-stage1,2026-04-14T10:07:44+00:00,2026-04-14T10:08:09+00:00,24487,failed,,,0,0,
run_20260414T100254Z,6c64bf0e74ec79ba4213dff09a86ea9159596d73,urls.xlsx,https://abx5n1n7.cc,stage1,1,ray-stage1,2026-04-14T10:07:44+00:00,2026-04-14T10:08:11+00:00,26506,failed,,,0,0,
run_20260414T100254Z,d9a723afe807223f9a03044343def8aca3d7800d,urls.xlsx,https://lml2vipaff05.cc,stage1,1,ray-stage1,2026-04-14T10:07:44+00:00,2026-04-14T10:08:18+00:00,33567,failed,,,0,0,
run_20260414T100254Z,4735bd798b9fb4ba8a108caa38438b02c782b362,urls.xlsx,https://uidaiaadhardownload.com,hash,1,ray-hash-admit,2026-04-14T10:08:20+00:00,2026-04-14T10:08:20+00:00,0,admitted,,,0,0,
run_20260414T100254Z,55355fa5b5b64ec4000449db5565ad91fab21e48,urls.xlsx,https://bramclaw.my.id,stage1,1,ray-stage1,2026-04-14T10:07:44+00:00,2026-04-14T10:08:24+00:00,39706,failed,,,0,0,
run_20260414T100254Z,fc6b14335fbd455dc827e40d070df94601ed3be5,urls.xlsx,https://wildlayers.com,stage1,1,ray-stage1,2026-04-14T10:07:44+00:00,2026-04-14T10:08:28+00:00,44214,failed,,,0,0,
run_20260414T100254Z,0f035ab58c0b8a62ea679b1b69f13b9563fe526a,urls.xlsx,https://ezbrd.co,stage1,1,ray-stage1,2026-04-14T10:07:44+00:00,2026-04-14T10:08:30+00:00,45631,failed,,,0,0,
run_20260414T100254Z,c7ffb3cff85dda9390c3997c53dca352f7364f76,urls.xlsx,https://connect2people360x.info,stage1,1,ray-stage1,2026-04-14T10:07:44+00:00,2026-04-14T10:08:31+00:00,46653,failed,,,0,0,
run_20260414T100254Z,94c9df84cade357983a235cd548aaed57a753912,urls.xlsx,https://ncbackyardbouncers.com,stage1,1,ray-stage1,2026-04-14T10:07:44+00:00,2026-04-14T10:08:32+00:00,47786,failed,,,0,0,
run_20260414T100254Z,1e5187bf928f28fda96a2374aaad048971794ce9,urls.xlsx,https://daisyfrost.com,stage1,1,ray-stage1,2026-04-14T10:07:44+00:00,2026-04-14T10:08:33+00:00,48797,failed,,,0,0,
run_20260414T100254Z,7fc6c06bf68ead65188a44ee306d8f0b6159ad46,urls.xlsx,https://freedomroadfinancialdealerhub.com,stage1,1,ray-stage1,2026-04-14T10:07:44+00:00,2026-04-14T10:08:37+00:00,53117,failed,,,0,0,
run_20260414T100254Z,46a0a2699179810eb7a8e4e6a74193bd1d58c6e5,urls.xlsx,https://di9rke.top,stage1,1,ray-stage1,2026-04-14T10:07:44+00:00,2026-04-14T10:08:38+00:00,54048,failed,,,0,0,
run_20260414T100254Z,c16422650e5027d97c969d1da902a43acf0895dc,urls.xlsx,https://flydownloads.space,stage1,1,ray-stage1,2026-04-14T10:07:44+00:00,2026-04-14T10:08:39+00:00,55072,failed,,,0,0,
run_20260414T100254Z,3004af5d0604aa1b9b51abf7db0a4b97de5a7c9b,urls.xlsx,https://sweetcookii.com,stage1,1,ray-stage1,2026-04-14T10:07:44+00:00,2026-04-14T10:08:40+00:00,55942,failed,,,0,0,
run_20260414T100254Z,896de402d716cd99ac24e9c84cc55397e43241de,urls.xlsx,https://phoenixwanderlust.in,stage1,1,ray-stage1,2026-04-14T10:07:44+00:00,2026-04-14T10:08:41+00:00,56955,failed,,,0,0,
run_20260414T100254Z,c57efdae2350a8093692b447d34b824b5617395e,urls.xlsx,https://pulsefck.store,stage1,1,ray-stage1,2026-04-14T10:07:44+00:00,2026-04-14T10:08:42+00:00,58167,failed,,,0,0,
run_20260414T100254Z,448bccd6e0de11c4a956e6708f6b123f37922e5a,urls.xlsx,https://oliveandjunes.store,stage1,1,ray-stage1,2026-04-14T10:07:44+00:00,2026-04-14T10:08:43+00:00,58538,failed,,,0,0,
run_20260414T100254Z,cc2424e202703f918d64b85a51255a4808d88448,urls.xlsx,https://airindiaair.com,classify,1,ray-classify,2026-04-14T10:09:07+00:00,2026-04-14T10:09:28+00:00,21905,strict_lexical_plus_direct_evidence,,,0,0,
run_20260414T100254Z,7c68222dad86f15d358e010b10ecf81ff668a245,urls.xlsx,https://airtell.ai,classify,1,ray-classify,2026-04-14T10:09:29+00:00,2026-04-14T10:09:31+00:00,2466,lexical_gate_plus_weak_direct_evidence,,,0,0,
run_20260414T100254Z,4735bd798b9fb4ba8a108caa38438b02c782b362,urls.xlsx,https://uidaiaadhardownload.com,classify,1,ray-classify,2026-04-14T10:09:31+00:00,2026-04-14T10:09:34+00:00,2496,strict_lexical_plus_direct_evidence,,,0,0,
run_20260414T100254Z,1fc2dc362ea47d37d44fe2d0f40d20068a02f3c5,urls.xlsx,https://icicibank.net/login,classify,1,ray-classify,2026-04-14T10:09:34+00:00,2026-04-14T10:09:34+00:00,0,strict_lexical_fetch_evidence_unavailable_suspected,,,0,0,
run_20260414T100254Z,3a3bfb37686260b33c5d7bb507a35315ff4ce072,urls.xlsx,https://axisupi.com,classify,1,ray-classify,2026-04-14T10:09:34+00:00,2026-04-14T10:09:34+00:00,0,strict_lexical_fetch_evidence_unavailable_suspected,,,0,0,
run_20260414T100254Z,a29c9cec6cc964d52d30464ec1c21681e6790df6,urls.xlsx,https://sbi.com-kyc.net/login,classify,1,ray-classify,2026-04-14T10:09:34+00:00,2026-04-14T10:09:34+00:00,830,not_registered_domain,,,0,0,
run_20260414T100254Z,cb8a10f67400a975df2a701ad35f5df22f3dc4dd,urls.xlsx,https://onlinesbi.sbi.update-rewards.xyz,classify,1,ray-classify,2026-04-14T10:09:34+00:00,2026-04-14T10:09:36+00:00,1339,not_registered_domain,,,0,0,
run_20260414T100254Z,10d748819f7ed9d5928cf68c8db52caa8fcdda39,urls.xlsx,https://sbi-secure-login.com,classify,1,ray-classify,2026-04-14T10:09:36+00:00,2026-04-14T10:09:39+00:00,2946,not_registered_domain,,,0,0,
run_20260414T100254Z,d5320e5a759d68594e549fbf93f3ad544f1e91f5,urls.xlsx,https://sbi.co.in.login.banking-services.net/234/redirect,classify,1,ray-classify,2026-04-14T10:09:39+00:00,2026-04-14T10:09:39+00:00,630,not_registered_domain,,,0,0,
run_20260414T100254Z,c80a8f6ea4288af07d582a391daa77baad6fb97b,urls.xlsx,https://icici-bank-support.in,classify,1,ray-classify,2026-04-14T10:09:39+00:00,2026-04-14T10:09:40+00:00,1116,strict_lexical_fetch_evidence_unavailable_suspected,,,0,0,
run_20260414T100254Z,0abb4431bf3997c13139082dee18f16c8aa44574,urls.xlsx,https://airtel-merchants.club,classify,1,ray-classify,2026-04-14T10:09:40+00:00,2026-04-14T10:09:44+00:00,3139,strict_lexical_fetch_evidence_unavailable_suspected,,,0,0,
run_20260414T100254Z,92321bdab269926a0f5f7285fb47b318c64ee97d,urls.xlsx,https://airtele.xyz,classify,1,ray-classify,2026-04-14T10:09:44+00:00,2026-04-14T10:09:45+00:00,1327,strict_lexical_fetch_evidence_unavailable_suspected,,,0,0,
run_20260414T100254Z,8acc96485144f1a227fe1b3f0e593c68066de6da,urls.xlsx,https://paarivahan.com,classify,1,ray-classify,2026-04-14T10:09:45+00:00,2026-04-14T10:09:46+00:00,659,strict_lexical_fetch_evidence_unavailable_suspected,,,0,0,
run_20260414T100254Z,7fe56028092cd44ddb1e66b99dca57321d2d26e0,urls.xlsx,https://sbireward.com,classify,1,ray-classify,2026-04-14T10:09:46+00:00,2026-04-14T10:09:46+00:00,395,not_registered_domain,,,0,0,
